E,U,Frekans,Kaynak_IDler
Arapça,(https://tr.wikipedia.org/wiki/Arap%C3%A7a),6,"Türkçe#7: Almanca, Arapça gibi dillerin aksine gramatik cinsiyetin (erillik, dişilik, cinsiyet ayrımı) bulunmadığı Türkçede, sözcüklerin bir kısmı Arapça , Farsça ve Fransızca gibi yabancı dillerden geçmedir. | Türkçe#83: Devrinde Arapça ve Farsça eser vermek revaçta iken, Hacı Bayram Veli'nin halk ile ilişki kurabileceği Türkçeyi tercih etmesi belli bir olgunluğa işaret eder. Bu olgunluk Anadolu'da dil birliğinin sağlanması ve Türk kültürünün egemen olmasıdır. | Türkçe#87: Osmanlı Türkçesi, Osmanlı İmparatorluğu 'nda konuşulmuş, Eski Anadolu Türkçesinin ardılı olan bir dildir. Arapça ve Farsçadan etkilenmiş bu dönemin Türkçesinde söz varlığının %88'i bu iki dil kaynaklı olmaktadır. | Türkçe#123: Bu yazı sistemi, Osmanlıcanın Farsça ve Arapça dillerinden alınma söz varlığını yazmak için uygun olmak ile birlikte, dildeki Türkçe kökenli sözcükleri yazarken pek çok zorluk getirmekteydi. | Türkçe#148: Ağızlar arasında bulunan bazı farklılıkların nedeni, bölgeye göre Lazca , Azerice , Arapça , Kürtçe veya Yunancanın bölgede konuşulan Türkçeye olan etkileridir. | Türkçe#340: Ancak Arapça ve Farsçadan gelmiş sözcüklerin bir bölümü o denli Türkçeleşmiştir ki Arap veya Fars dilindeki durumundan oldukça farklıdır ve kimi sözcüklerin anlamı da farklılaşmıştır. [kaynak belirtilmeli]"
Türkiye,(https://tr.wikipedia.org/wiki/T%C3%BCrkiye),6,".tr#1: .tr , Türkiye 'nin ve Kuzey Kıbrıs Türk Cumhuriyeti 'nin internet ülke üst seviye alan adıdır . 17 Eylül 1990'de ortaya çıkmıştır. | Türkçe#2: Dil, başta Türkiye olmak üzere Balkanlar , Ege Adaları , Kıbrıs ve Orta Doğu 'yu kapsayan eski Osmanlı İmparatorluğu coğrafyasında konuşulur. | Türkçe#4: Türkçe, Türkiye , Kuzey Kıbrıs ve Kıbrıs Cumhuriyeti 'nde ulusal resmî dil statüsüne sahiptir. | Türkçe#26: Türkiye ve Kuzey Kıbrıs Türk Cumhuriyeti 'nde bu dil ülkenin resmî dilidir. Kıbrıs Cumhuriyeti 'nde (diğer adıyla Güney Kıbrıs Rum Yönetimi ) anayasal olarak Türkçe, Yunanca ile beraber resmî dil olarak geçer. 1982 T.C. Anayasasına göre Türkçe, Türkiye Devleti 'nin dilidir. | Türkçe#41: Türkçe, Türkiye'nin ve Türkiye Türklerinin kurumsal dilidir. Türkiye 'de Türk Dil Kurumu , Türk Dili Tetkik Cemiyeti adıyla 12 Temmuz 1932'de Atatürk 'ün talimatıyla kurulmuştur. | Türkçe#150: Anadolu ağız bölgesi , Türkiye 'nin Anadolu topraklarını içerir. | Türkçe#164: Doğu Rumeli ağız bölgesi ise Batı Rumeli'nin doğusunda kalan bütün alanı kapsar. Bulgaristan 'da Lom , Vraça , Sofya , Samokov ve Köstendil şehirlerinin doğusundan itibaren ülkenin tamamı, Yunanistan , Makedonya 'nın güney kesimleri ve Türkiye 'nin Trakya 'sı (Doğu Trakya) bu sahanın içindedir."
Türk dilleri,(https://tr.wikipedia.org/wiki/T%C3%BCrk_dilleri),5,"Türkçe#1: Türkçe ya da Türkiye Türkçesi , Güneydoğu Avrupa ve Batı Asya 'da konuşulan, Türk dilleri dil ailesine ait sondan eklemeli bir dildir . Türk dilleri ailesinin Oğuz dilleri grubundan bir Batı Oğuz dili olan Osmanlı Türkçesinin devamını oluşturur. | Türkçe#12: Türkçe, dil ailesi sınıflandırmasında Doğu Avrupa , Orta Asya ve Sibirya 'da konuşulan 30 kadar yaşayan dili kapsayan Türk dilleri ailesine mensuptur ve bu dil ailesinin Şaz Türkçesi koluna bağlı Oğuz dil grubunda yer alır. Oğuz grubu içinde ise Rumeli Türkçesi ve Gagavuzca ile birlikte grubun Batı kolunu oluşturur. | Türkçe#17: Önce Ural-Altay dil ailesine mensup olduğu ifade edilen ancak sonrasında Altay dillerinin bir üyesi olarak sınıflandırılan Türk dilleri , günümüzde diğer dil ailelerinden bağımsız bir dil ailesi olduğu kanısı, dilbilimciler arasında giderek daha çok taraftar toplayan bir görüştür. | Türkçe#55: Ön Türkçe, Ana Türkçe veya Proto-Türkçe; Türk dilleri ailesinin Şaz (Doğu) ve Oğur (Batı) branşlarına ayrılmadan önceki dönemlerine ait varsayımsal (hipotetik) bir ön dil veya proto-dildir ."
Osmanlı İmparatorluğu,(https://tr.wikipedia.org/wiki/Osmanl%C4%B1_%C4%B0mparatorlu%C4%9Fu),5,"Türkçe#2: Dil, başta Türkiye olmak üzere Balkanlar , Ege Adaları , Kıbrıs ve Orta Doğu 'yu kapsayan eski Osmanlı İmparatorluğu coğrafyasında konuşulur. | Türkçe#20: Eski Osmanlı İmparatorluğu coğrafyasının kapsadığı Kuzey Suriye ve Irak , bazı Ege Adaları ve Balkanların güneyi ve doğusunda yaşayan Türk azınlıklar da Türkçeyi ana dilleri olarak kullanır. | Türkçe#87: Osmanlı Türkçesi, Osmanlı İmparatorluğu 'nda konuşulmuş, Eski Anadolu Türkçesinin ardılı olan bir dildir. Arapça ve Farsçadan etkilenmiş bu dönemin Türkçesinde söz varlığının %88'i bu iki dil kaynaklı olmaktadır. | Türkçe#122: Arap harfli bir alfabe kullanmış olan Osmanlı İmparatorluğu 'nda alfabenin üzerinde birtakım düzenleme ve eklemeler yapılarak Osmanlı alfabesi denilen bir alfabe kullanılmıştır. | Türkçe#146: Buna rağmen günümüzde modern Türkiye Cumhuriyeti 'ni de kapsayan tarihî Osmanlı İmparatorluğu coğrafyasında hâlâ konuşulmaya devam eden Türkçe ağız ve lehçeleri bulunmakta ve bu ağızlar özellikleri bakımından çeşitli gruplara ayrılmaktadır."
Anadolu,(https://tr.wikipedia.org/wiki/Anadolu),4,"Türkçe#78: Yunus Emre'nin edebiyat tarihi bakımından önemli bir yanı da Anadolu 'da, Türkçe şiir dilinin öncüsü olması ve tasavvuf sorunlarını yalın ve kolay anlaşılır bir dille söyleyişi nedeniyledir. | Türkçe#147: Bu gruplara, kendi içlerinde de alt gruplara ayrılan Anadolu , Rumeli , Kıbrıs , Suriye ve Irak diyalekt bölgeleri dahildir. | Türkçe#150: Anadolu ağız bölgesi , Türkiye 'nin Anadolu topraklarını içerir. | Türkçe#153: Leylâ Karahan'ın Anadolu Ağızlarının Sınıflandırılması adlı çalışması Anadolu ağızları üzerine yapılmış en geniş akademik çalışmadır."
Azerice,(https://tr.wikipedia.org/wiki/Azerice),4,"Türkçe#8: Ayrıca Azerice , Gagavuzca ve Türkmence gibi diğer Oğuz dilleri ile Türkçe yüksek oranda karşılıklı anlaşılabilirlik gösterir. | Türkçe#14: Türkçe dışında Azerice , Başkurtça , Çuvaşça , Kazan Tatarcası , Kazakça , Kırgızca , Nogayca , Özbekçe , Türkmence ve Yakutça Türk dilleri ailesinin en çok konuşulan diğer üyeleridir. | Türkçe#51: Türkçe, Türkmence , Salarca ve Azerice 'nin, Ana Oğuzca denilen bir dilden evrilerek oluştuğu varsayılır. | Türkçe#148: Ağızlar arasında bulunan bazı farklılıkların nedeni, bölgeye göre Lazca , Azerice , Arapça , Kürtçe veya Yunancanın bölgede konuşulan Türkçeye olan etkileridir."
Farsça,(https://tr.wikipedia.org/wiki/Fars%C3%A7a),4,"Türkçe#7: Almanca, Arapça gibi dillerin aksine gramatik cinsiyetin (erillik, dişilik, cinsiyet ayrımı) bulunmadığı Türkçede, sözcüklerin bir kısmı Arapça , Farsça ve Fransızca gibi yabancı dillerden geçmedir. | Türkçe#83: Devrinde Arapça ve Farsça eser vermek revaçta iken, Hacı Bayram Veli'nin halk ile ilişki kurabileceği Türkçeyi tercih etmesi belli bir olgunluğa işaret eder. Bu olgunluk Anadolu'da dil birliğinin sağlanması ve Türk kültürünün egemen olmasıdır. | Türkçe#91: Alfabe olarak Arap alfabesinin Farsça ve Türkçe için uyarlanmış bir biçimi kullanılmıştır. | Türkçe#123: Bu yazı sistemi, Osmanlıcanın Farsça ve Arapça dillerinden alınma söz varlığını yazmak için uygun olmak ile birlikte, dildeki Türkçe kökenli sözcükleri yazarken pek çok zorluk getirmekteydi."
Orhun Yazıtları,(https://tr.wikipedia.org/wiki/Orhun_Yaz%C4%B1tlar%C4%B1),4,"Türkçe#50: Türkçe, Eski Türkçe yazılmış ve Türk dillerinin bilinen ilk yazılı kaynağı olan Orhun Yazıtları ele alındığında yaklaşık 1.300 yıllık bir tarihe sahiptir. Eski Türkçenin de üyesi olduğu Doğu grubu ile Ogur grubuna ait tüm Türk dillerinin ortak atası olan varsayımsal bir Ön Türkçenin var olduğu da düşünülmektedir. | Türkçe#65: Bilinen en eski Türkçe yazıt olan Orhun Yazıtları , Eski Türkçe ile yazılmıştır. | Türkçe#68: Çıgany bodunug bay kıltım, az bodunug üküş kıltım - (Yoksul halkı zengin yaptım, az halkı çok yaptım) - Orhun Yazıtları | Türkçe#114: Türkçenin bilinen ilk alfabesi, Orhun Yazıtları 'nda da kullanılan ve yaygın adıyla Göktürk alfabesi olarak bilinen Orhun alfabesidir. Avrasya'da çeşitli örnekleri bulunan Runik yazıya benzerliğinden ötürü bazen bu şekilde adlandırıldığı da olmuştur. 8. yüzyılın başlarına tarihlenen yazı sisteminin Çin veya Soğd yazı sistemlerinden etkilenerek oluşturulduğu düşünülmektedir."
Türkmence,(https://tr.wikipedia.org/wiki/T%C3%BCrkmence),4,"Türkçe#8: Ayrıca Azerice , Gagavuzca ve Türkmence gibi diğer Oğuz dilleri ile Türkçe yüksek oranda karşılıklı anlaşılabilirlik gösterir. | Türkçe#14: Türkçe dışında Azerice , Başkurtça , Çuvaşça , Kazan Tatarcası , Kazakça , Kırgızca , Nogayca , Özbekçe , Türkmence ve Yakutça Türk dilleri ailesinin en çok konuşulan diğer üyeleridir. | Türkçe#15: Azerice, Gagavuzca, Kaşkayca ve Türkmence gibi diğer Oğuz dilleri ile Türkçenin yüksek oranda karşılıklı anlaşılabilirlik gösterdiği bulunmuştur. | Türkçe#51: Türkçe, Türkmence , Salarca ve Azerice 'nin, Ana Oğuzca denilen bir dilden evrilerek oluştuğu varsayılır."
Orta Doğu,(https://tr.wikipedia.org/wiki/Orta_Do%C4%9Fu),4,"Türkçe#2: Dil, başta Türkiye olmak üzere Balkanlar , Ege Adaları , Kıbrıs ve Orta Doğu 'yu kapsayan eski Osmanlı İmparatorluğu coğrafyasında konuşulur. | Türkçe#11: İstanbul Türkçesi olarak da adlandırılan İstanbul ağzı; Türkçenin standart formudur ve Türkçe yazı dili , bu ağzı temel alır. Bununla birlikte Güneydoğu Avrupa ve Orta Doğu 'da çeşitli Türkçe şiveleri bulunur ve bu şiveler İstanbul Türkçesi ile çeşitli ses ve dilbilgisi farklılıklarına sahiptir. | Türkçe#18: Türkçe, Güneydoğu Avrupa ve Orta Doğu 'da yer alan çeşitli ülke ve bölgelerde ana dil veya ikinci dil olarak konuşulur. | Türkçe#71: Türkçe, onu kullanan göçebe ve yerleşik kavimlerin Orta Asya , Doğu Avrupa , Sibirya ve Orta Doğu 'ya doğru göçleriyle yayılmıştır."
Yunanistan,(https://tr.wikipedia.org/wiki/Yunanistan),3,".gr#1: .gr , Yunanistan için ülke kodu üst düzey alan adıdır (ccTLD) . | Türkçe#37: Nüfusunun %10 kadarının ana dili Türkçe olan Bulgaristan ile kuzeydoğusunda Türk azınlıkların yaşadığı Yunanistan bu bölgelere örnektir. | Türkçe#39: Bulgaristan devlet televizyonunun Türkçe programları vardır. Kırcaali Belediyesi ise iki dilde hizmet verir. Deliorman ve Doğu Rumeli 'de okullarda seçmeli ana dili dersi yer alır. Yunanistan 'ın İskeçe ve Gümülcine 'yi de kapsayan Batı Trakya bölgesinde yer alan 200'ü aşkın azınlık okulunda ise Yunanca ve Türkçe eğitim verilmektedir. | Türkçe#164: Doğu Rumeli ağız bölgesi ise Batı Rumeli'nin doğusunda kalan bütün alanı kapsar. Bulgaristan 'da Lom , Vraça , Sofya , Samokov ve Köstendil şehirlerinin doğusundan itibaren ülkenin tamamı, Yunanistan , Makedonya 'nın güney kesimleri ve Türkiye 'nin Trakya 'sı (Doğu Trakya) bu sahanın içindedir."
ses,(https://tr.wikipedia.org/wiki/Ses),3,"Türkçe#179: Dilbilgisi ya da gramer, bir dilin ses , biçim ve cümle yapısını inceleyip, kurallarını saptayan bir bilim dalıdır. | Türkçe#214: Türkçede iki adet ses ya da fonem grubu vardır. | Türkçe#221: Türkçede bulunan diğer bir ses grubu ise ünsüz seslerdir."
Eski Türkçe,(https://tr.wikipedia.org/wiki/Eski_T%C3%BCrk%C3%A7e),3,"Türkçe#50: Türkçe, Eski Türkçe yazılmış ve Türk dillerinin bilinen ilk yazılı kaynağı olan Orhun Yazıtları ele alındığında yaklaşık 1.300 yıllık bir tarihe sahiptir. Eski Türkçenin de üyesi olduğu Doğu grubu ile Ogur grubuna ait tüm Türk dillerinin ortak atası olan varsayımsal bir Ön Türkçenin var olduğu da düşünülmektedir. | Türkçe#57: Bilinen en eski Türk dili olan Eski Türkçe de bu gruba aittir. | Türkçe#65: Bilinen en eski Türkçe yazıt olan Orhun Yazıtları , Eski Türkçe ile yazılmıştır."
Gagavuzca,(https://tr.wikipedia.org/wiki/Gagavuzca),3,"Türkçe#8: Ayrıca Azerice , Gagavuzca ve Türkmence gibi diğer Oğuz dilleri ile Türkçe yüksek oranda karşılıklı anlaşılabilirlik gösterir. | Türkçe#12: Türkçe, dil ailesi sınıflandırmasında Doğu Avrupa , Orta Asya ve Sibirya 'da konuşulan 30 kadar yaşayan dili kapsayan Türk dilleri ailesine mensuptur ve bu dil ailesinin Şaz Türkçesi koluna bağlı Oğuz dil grubunda yer alır. Oğuz grubu içinde ise Rumeli Türkçesi ve Gagavuzca ile birlikte grubun Batı kolunu oluşturur. | Türkçe#159: Ayrıca bu ağız yörelere göre Gagavuzca ile benzer veya aynı özellikler taşımaktadır."
Oğuz dilleri,(https://tr.wikipedia.org/wiki/O%C4%9Fuz_dil_grubu),3,"Türkçe#1: Türkçe ya da Türkiye Türkçesi , Güneydoğu Avrupa ve Batı Asya 'da konuşulan, Türk dilleri dil ailesine ait sondan eklemeli bir dildir . Türk dilleri ailesinin Oğuz dilleri grubundan bir Batı Oğuz dili olan Osmanlı Türkçesinin devamını oluşturur. | Türkçe#8: Ayrıca Azerice , Gagavuzca ve Türkmence gibi diğer Oğuz dilleri ile Türkçe yüksek oranda karşılıklı anlaşılabilirlik gösterir. | Türkçe#111: Türkiye Türkçesinin de üyesi olduğu Oğuz dilleri konuşurları ise İslam ile temasları sonucunda Fars-Arap alfabesi temelli yazı sistemleri geliştirmiştir."
karşılıklı anlaşılabilirlik,(https://tr.wikipedia.org/wiki/Kar%C5%9F%C4%B1l%C4%B1kl%C4%B1_anla%C5%9F%C4%B1labilirlik),3,"İngilizce#30: Modern İngilizce, en yakın akrabası olduğu Friz dilleri de dahil olmak üzere hiçbir Anakara Cermen dili ile karşılıklı anlaşılabilirlik göstermemektedir. | Türkçe#8: Ayrıca Azerice , Gagavuzca ve Türkmence gibi diğer Oğuz dilleri ile Türkçe yüksek oranda karşılıklı anlaşılabilirlik gösterir. | Türkçe#15: Azerice, Gagavuzca, Kaşkayca ve Türkmence gibi diğer Oğuz dilleri ile Türkçenin yüksek oranda karşılıklı anlaşılabilirlik gösterdiği bulunmuştur. | Türkçe#93: Ancak modern Türkçenin temeli olan, daha az alıntı sözcüğe sahip ve daha az eğitimli, alt sınıf ve kırsal kesimde yaşayan halkın konuştuğu kaba Türkçe ile edebiyat ve devlet işlerinde kullanılmış Osmanlı Türkçesi, tıpkı Latince ve Halk Latincesinde olduğu gibi düşük bir karşılıklı anlaşılabilirlik göstermektedir."
Türk Dil Kurumu,(https://tr.wikipedia.org/wiki/T%C3%BCrk_Dil_Kurumu),3,"Türkçe#10: Standart Türkçedeki yazım kuralları, Türk Dil Kurumu tarafından denetlenir. | Türkçe#41: Türkçe, Türkiye'nin ve Türkiye Türklerinin kurumsal dilidir. Türkiye 'de Türk Dil Kurumu , Türk Dili Tetkik Cemiyeti adıyla 12 Temmuz 1932'de Atatürk 'ün talimatıyla kurulmuştur. | Türkçe#313: 20 Ekim 2008 tarihinde 6. Uluslararası Türk Dili Kurultayı'nın açılışında dönemin başbakanı Recep Tayyip Erdoğan tarafından 616.767 söz varlığı içeren Büyük Türkçe Sözlük çalışması Türk Dil Kurumu sitesi üzerinden sanal ortamda kullanıma açıldı."
Orta Asya,(https://tr.wikipedia.org/wiki/Orta_Asya),3,"Türkçe#12: Türkçe, dil ailesi sınıflandırmasında Doğu Avrupa , Orta Asya ve Sibirya 'da konuşulan 30 kadar yaşayan dili kapsayan Türk dilleri ailesine mensuptur ve bu dil ailesinin Şaz Türkçesi koluna bağlı Oğuz dil grubunda yer alır. Oğuz grubu içinde ise Rumeli Türkçesi ve Gagavuzca ile birlikte grubun Batı kolunu oluşturur. | Türkçe#71: Türkçe, onu kullanan göçebe ve yerleşik kavimlerin Orta Asya , Doğu Avrupa , Sibirya ve Orta Doğu 'ya doğru göçleriyle yayılmıştır. | Türkçe#116: Eski Uygur alfabesi ise Türk dillerinin bütün yazı çeşitleri içinde en uzun süre kullanılmış olan yazı sistemlerinden biridir. Soğd alfabesinin yakın akrabası olan ve Eski Uygurlar 'ın 840 yılında Turfan bölgesine göçmeleri sonucunda Eski Uygurcaya uyarlanmış alfabe, 16. yüzyılda Arap harfli bir alfabe ile değiştirilene kadar Orta Asya ve İran 'ın bazı kısımlarında yüzyıllarca kullanılmıştır."
Irak,(https://tr.wikipedia.org/wiki/Irak),3,"Türkçe#20: Eski Osmanlı İmparatorluğu coğrafyasının kapsadığı Kuzey Suriye ve Irak , bazı Ege Adaları ve Balkanların güneyi ve doğusunda yaşayan Türk azınlıklar da Türkçeyi ana dilleri olarak kullanır. | Türkçe#33: Türkçe aynı zamanda çeşitli ülkelerde resmî açıdan bölgesel veya azınlık dili statüsüne sahiptir. Irak 'ın Kerkük ilinde Türkçe, Kürtçe ve Arapça ile birlikte resmî dildir. Kuzey Makedonya 'nın batısında yer alan Gostivar , Merkez Jupa , Plasniça ve Mavrova ve Rostuşa Belediyesi sınırları içinde Türkçe, Makedonca ve Arnavutça ile beraber resmî kullanımdadır. Kosova 'da Prizren , Mamuşa , Gilan , Mitroviça , Priştine ve Vıçıtırın Belediyesi kapsamında Arnavutça, Sırpça ve Türkçe resmî dil statüsüne sahiptir. | Türkçe#147: Bu gruplara, kendi içlerinde de alt gruplara ayrılan Anadolu , Rumeli , Kıbrıs , Suriye ve Irak diyalekt bölgeleri dahildir."
Bulgaristan,(https://tr.wikipedia.org/wiki/Bulgaristan),3,".bg#1: .bg , Bulgaristan 'ın İnternet Ülke Alan Kodu ( CcTLD ) harfleri. Register.bg. tarafından işletilmektedir. | .bg#2: Bulgar şirketler ve kuruluşlar veya Bulgaristan şubeli şirketler tarafından kullanılmaktadır. | .eu#18: AB üyesi olan Bulgaristan için Kiril alfabesini kullandığı için bir Kiril alfabesi alan adına ihtiyaç duyuldu. | Türkçe#37: Nüfusunun %10 kadarının ana dili Türkçe olan Bulgaristan ile kuzeydoğusunda Türk azınlıkların yaşadığı Yunanistan bu bölgelere örnektir. | Türkçe#162: Batı Rumeli sahasının coğrafi sınırları Bulgaristan 'da Tuna 'nın hemen güneyindeki Lom 'dan doğuya doğru Vraça , Sofya , Samokov 'dan doğuya doğru ilerleyip Köstendil 'e uzanır. | Türkçe#164: Doğu Rumeli ağız bölgesi ise Batı Rumeli'nin doğusunda kalan bütün alanı kapsar. Bulgaristan 'da Lom , Vraça , Sofya , Samokov ve Köstendil şehirlerinin doğusundan itibaren ülkenin tamamı, Yunanistan , Makedonya 'nın güney kesimleri ve Türkiye 'nin Trakya 'sı (Doğu Trakya) bu sahanın içindedir."
Kaşgarlı Mahmud,(https://tr.wikipedia.org/wiki/K%C3%A2%C5%9Fgarl%C4%B1_Mahmud),3,"Türkçe#72: Dîvânu Lugâti't-Türk , Türk dilini anlatan ve bu dilin yetisini göstermek için yazılan ilk sözlük yapıtıdır ve Kaşgarlı Mahmud tarafından 25 Ocak 1072'de yazılmaya başlanmış ve 10 Şubat 1074'te bitirilmiştir. | Türkçe#118: Alfabe kullanılarak pek çok Budist ve Maniheist eser yazılmış, Eski Uygurcaya ilk İncil çevirileri gerçekleştirilmiştir. Dunhuang el yazmaları da bu alfabede yazılmış metinler içermektedir. Dîvânu Lugâti't-Türk 'te Kaşgarlı Mahmud , Eski Uygur alfabesini, “Türk alfabesi” adıyla anmaktadır. | Türkçe#195: Bir Türk dilinin dilbilgisi hakkında tarihteki ilk kaynağın Kaşgarlı Mahmud 'un 11. yüzyılda yazdığı düşünülen “ Kitâbu Cevâhirü’n-nahv ” adlı kitabı olduğu varsayılmaktadır; ancak günümüzde yapıt hâlâ bulunmamıştır."
Güneydoğu Avrupa,(https://tr.wikipedia.org/wiki/G%C3%BCneydo%C4%9Fu_Avrupa),2,"Türkçe#1: Türkçe ya da Türkiye Türkçesi , Güneydoğu Avrupa ve Batı Asya 'da konuşulan, Türk dilleri dil ailesine ait sondan eklemeli bir dildir . Türk dilleri ailesinin Oğuz dilleri grubundan bir Batı Oğuz dili olan Osmanlı Türkçesinin devamını oluşturur. | Türkçe#11: İstanbul Türkçesi olarak da adlandırılan İstanbul ağzı; Türkçenin standart formudur ve Türkçe yazı dili , bu ağzı temel alır. Bununla birlikte Güneydoğu Avrupa ve Orta Doğu 'da çeşitli Türkçe şiveleri bulunur ve bu şiveler İstanbul Türkçesi ile çeşitli ses ve dilbilgisi farklılıklarına sahiptir."
zaman,(https://tr.wikipedia.org/wiki/Zaman),2,Türkçe#240: Türk dillerinde zaman içinde değişen belli başlı sesler vardır. | Türkçe#275: Yalnızca bir zaman belirtmek zorunda olmazsınız.
Kürtçe,(https://tr.wikipedia.org/wiki/K%C3%BCrt%C3%A7e),2,"Türkçe#21: 2006 yılında yürütülen bir araştırmaya göre Türkçe, Türkiye'de yaşayan nüfusun %84'ünün ana dilidir. Geriye kalan nüfus ise , çoğunluğu Kürtçe olacak şekilde Türkiye'deki azınlık dillerinden birini ana dilleri olarak benimsemiştir ve Türkçeyi ikinci dilleri olarak kullanırlar. | Türkçe#148: Ağızlar arasında bulunan bazı farklılıkların nedeni, bölgeye göre Lazca , Azerice , Arapça , Kürtçe veya Yunancanın bölgede konuşulan Türkçeye olan etkileridir."
ek eylem,(https://tr.wikipedia.org/wiki/Ek_eylem),2,Türkçe#276: Türkçede bunun için ek eylem yapısı vardır. | Türkçe#277: Türkçede ek eylem dört ayrı çekimlidir.
ek,(https://tr.wikipedia.org/wiki/Ek),2,"Türkçe#278: Bunlardan biri ek olarak kullanılan ""'-dir'"", diğerleri ise ""'idi'"", ""'imiş'"", ""'ise'"" olmaktadır. | Türkçe#281: Türkçede ek eylem için ""olmak"" eylemi kullanılmaz."
Osmanlı Türkçesi,(https://tr.wikipedia.org/wiki/Osmanl%C4%B1ca),2,"Türkçe#16: Her ne kadar Kıpçak grubuna üye diller olsa da Kırım Tatarcası ve Urumca da tarih boyunca Osmanlı Türkçesi gibi Oğuz dilleri ile etkileşimlerinden ötürü Türkiye Türkçesi ile benzerlikler gösterir. | Türkçe#347: Diğer dillere geçmiş sözcüklerin hepsi Türki kökenli olmamakla birlikte Osmanlı'nın etkisiyle Osmanlı Türkçesi Balkan, Kafkas ve Orta Doğu coğrafyasında yaşamış Yunan, Ermeni, Slav ve Arnavut halklarının dilleri üzerinde önemli etkiler bırakmıştır."
Yunanca,(https://tr.wikipedia.org/wiki/Yunanca),2,"Türkçe#26: Türkiye ve Kuzey Kıbrıs Türk Cumhuriyeti 'nde bu dil ülkenin resmî dilidir. Kıbrıs Cumhuriyeti 'nde (diğer adıyla Güney Kıbrıs Rum Yönetimi ) anayasal olarak Türkçe, Yunanca ile beraber resmî dil olarak geçer. 1982 T.C. Anayasasına göre Türkçe, Türkiye Devleti 'nin dilidir. | Türkçe#39: Bulgaristan devlet televizyonunun Türkçe programları vardır. Kırcaali Belediyesi ise iki dilde hizmet verir. Deliorman ve Doğu Rumeli 'de okullarda seçmeli ana dili dersi yer alır. Yunanistan 'ın İskeçe ve Gümülcine 'yi de kapsayan Batı Trakya bölgesinde yer alan 200'ü aşkın azınlık okulunda ise Yunanca ve Türkçe eğitim verilmektedir."
y,(https://tr.wikipedia.org/wiki/Kapal%C4%B1_%C3%B6n_yuvarlak_%C3%BCnl%C3%BC),2,"Türkçe#217: Bunlar / ä /, / e /, / ɛ /, / i /, / ɯ /, / o /, / ø /, / u /, / y / sesleridir. | Türkçe#219: Bunlardan, / ɛ /, / e /, / i /, / ø / ve / y / sesleri, ince seslerdir."
Türkiye Cumhuriyeti,(https://tr.wikipedia.org/wiki/T%C3%BCrkiye),2,".tr#27: Bu sebeple Türkiye Cumhuriyeti 'nin üst seviye alan adı olan .tr uzantısı ile ikinci seviye alan adı oluşturulmuştur. | Türkçe#94: Türkiye Cumhuriyeti 'nin uluslaşma sürecini tamamlayan Türk Devrimi'nin ya da Atatürk devrimlerinin en önemli basamaklarından ilki, Cumhuriyet'in kuruluşundan 5 yıl sonra yapılan Harf Devrimi, ikincisi de Cumhuriyet'in kuruluşundan 9 yıl sonra yapılan Dil Devrimi'dir. | Türkçe#146: Buna rağmen günümüzde modern Türkiye Cumhuriyeti 'ni de kapsayan tarihî Osmanlı İmparatorluğu coğrafyasında hâlâ konuşulmaya devam eden Türkçe ağız ve lehçeleri bulunmakta ve bu ağızlar özellikleri bakımından çeşitli gruplara ayrılmaktadır."
Çuvaşça,(https://tr.wikipedia.org/wiki/%C3%87uva%C5%9F%C3%A7a),2,"Türkçe#14: Türkçe dışında Azerice , Başkurtça , Çuvaşça , Kazan Tatarcası , Kazakça , Kırgızca , Nogayca , Özbekçe , Türkmence ve Yakutça Türk dilleri ailesinin en çok konuşulan diğer üyeleridir. | Türkçe#58: Ancak bu gruba ait olmayan Hazarca , Bulgarca ve Çuvaşça gibi Ogur grubu dilleri de vardır."
Eski Anadolu Türkçesi,(https://tr.wikipedia.org/wiki/Eski_Anadolu_T%C3%BCrk%C3%A7esi),2,"Türkçe#52: Bu ön dilin Türkçeyi oluşturacak batı kolu, 11. ve 15. yüzyıllar arasında Anadolu Selçuklu Devleti ile Anadolu beylikleri etrafında gelişerek Eski Anadolu Türkçesi 'ne evrilmiştir. | Türkçe#312: Ötüken Neşriyat 'ın hazırladığı Ötüken Türkçe Sözlük'te Göktürkçe , Eski Uygurca , Hakaniye Türkçesi , Oğuzca , Eski Anadolu Türkçesi , Osmanlıca , Çağdaş Türkiye Türkçesi ile Anadolu, Rumeli , Kıbrıs ve Kerkük ağızlarından alınan toplam 316.000 sözcük bulunmaktadır."
Kosova,(https://tr.wikipedia.org/wiki/Kosova),2,".rs#2: Ayrıca Kosova için de kullanılır. ( CcTLD ) | Türkçe#33: Türkçe aynı zamanda çeşitli ülkelerde resmî açıdan bölgesel veya azınlık dili statüsüne sahiptir. Irak 'ın Kerkük ilinde Türkçe, Kürtçe ve Arapça ile birlikte resmî dildir. Kuzey Makedonya 'nın batısında yer alan Gostivar , Merkez Jupa , Plasniça ve Mavrova ve Rostuşa Belediyesi sınırları içinde Türkçe, Makedonca ve Arnavutça ile beraber resmî kullanımdadır. Kosova 'da Prizren , Mamuşa , Gilan , Mitroviça , Priştine ve Vıçıtırın Belediyesi kapsamında Arnavutça, Sırpça ve Türkçe resmî dil statüsüne sahiptir. | Türkçe#163: Ayrıca Makedonya , Arnavutluk , Bosna-Hersek ve Sırbistan 'da Adakale 'yi uç olarak kapsar. Kosova da Batı Rumeli Türkçesinin içinde yer alır."
Dîvânu Lugâti't-Türk,(https://tr.wikipedia.org/wiki/D%C3%AEv%C3%A2nu_Lug%C3%A2ti%27t-T%C3%BCrk),2,"Türkçe#72: Dîvânu Lugâti't-Türk , Türk dilini anlatan ve bu dilin yetisini göstermek için yazılan ilk sözlük yapıtıdır ve Kaşgarlı Mahmud tarafından 25 Ocak 1072'de yazılmaya başlanmış ve 10 Şubat 1074'te bitirilmiştir. | Türkçe#118: Alfabe kullanılarak pek çok Budist ve Maniheist eser yazılmış, Eski Uygurcaya ilk İncil çevirileri gerçekleştirilmiştir. Dunhuang el yazmaları da bu alfabede yazılmış metinler içermektedir. Dîvânu Lugâti't-Türk 'te Kaşgarlı Mahmud , Eski Uygur alfabesini, “Türk alfabesi” adıyla anmaktadır."
Ahmed Yesevi,(https://tr.wikipedia.org/wiki/Ahmed_Yesev%C3%AE),2,"Türkçe#76: Ahmed Yesevi 12. yüzyılda Türk dilinde yazdığı "" Hikmet "" adlı şiirleri bir araya getiren Türk tasavvuf edebiyatının bilinen en eski örneklerini içeren kitap ile Türkçenin kullanımını etkiledi. | Türkçe#82: Hacı Bayram Veli, Anadolu'da dil ve kültür birliğinin sağlanması için Türkçe eserler yazılmasında Leme’at ve Gülşen-i Raz gibi eserlerin Türkçeleştirilmesinde etkili olmuş, kendi de halkın anlayacağı dilden Ahmed Yesevi geleneğine uygun olarak şiirler yazmıştır."
Sofya,(https://tr.wikipedia.org/wiki/Sofya),2,"Türkçe#162: Batı Rumeli sahasının coğrafi sınırları Bulgaristan 'da Tuna 'nın hemen güneyindeki Lom 'dan doğuya doğru Vraça , Sofya , Samokov 'dan doğuya doğru ilerleyip Köstendil 'e uzanır. | Türkçe#164: Doğu Rumeli ağız bölgesi ise Batı Rumeli'nin doğusunda kalan bütün alanı kapsar. Bulgaristan 'da Lom , Vraça , Sofya , Samokov ve Köstendil şehirlerinin doğusundan itibaren ülkenin tamamı, Yunanistan , Makedonya 'nın güney kesimleri ve Türkiye 'nin Trakya 'sı (Doğu Trakya) bu sahanın içindedir."
Samokov,(https://tr.wikipedia.org/wiki/Samokov),2,"Türkçe#162: Batı Rumeli sahasının coğrafi sınırları Bulgaristan 'da Tuna 'nın hemen güneyindeki Lom 'dan doğuya doğru Vraça , Sofya , Samokov 'dan doğuya doğru ilerleyip Köstendil 'e uzanır. | Türkçe#164: Doğu Rumeli ağız bölgesi ise Batı Rumeli'nin doğusunda kalan bütün alanı kapsar. Bulgaristan 'da Lom , Vraça , Sofya , Samokov ve Köstendil şehirlerinin doğusundan itibaren ülkenin tamamı, Yunanistan , Makedonya 'nın güney kesimleri ve Türkiye 'nin Trakya 'sı (Doğu Trakya) bu sahanın içindedir."
Köstendil,(https://tr.wikipedia.org/wiki/K%C3%B6stendil),2,"Türkçe#162: Batı Rumeli sahasının coğrafi sınırları Bulgaristan 'da Tuna 'nın hemen güneyindeki Lom 'dan doğuya doğru Vraça , Sofya , Samokov 'dan doğuya doğru ilerleyip Köstendil 'e uzanır. | Türkçe#164: Doğu Rumeli ağız bölgesi ise Batı Rumeli'nin doğusunda kalan bütün alanı kapsar. Bulgaristan 'da Lom , Vraça , Sofya , Samokov ve Köstendil şehirlerinin doğusundan itibaren ülkenin tamamı, Yunanistan , Makedonya 'nın güney kesimleri ve Türkiye 'nin Trakya 'sı (Doğu Trakya) bu sahanın içindedir."
Makedonya,(https://tr.wikipedia.org/wiki/Kuzey_Makedonya),2,"Türkçe#163: Ayrıca Makedonya , Arnavutluk , Bosna-Hersek ve Sırbistan 'da Adakale 'yi uç olarak kapsar. Kosova da Batı Rumeli Türkçesinin içinde yer alır. | Türkçe#164: Doğu Rumeli ağız bölgesi ise Batı Rumeli'nin doğusunda kalan bütün alanı kapsar. Bulgaristan 'da Lom , Vraça , Sofya , Samokov ve Köstendil şehirlerinin doğusundan itibaren ülkenin tamamı, Yunanistan , Makedonya 'nın güney kesimleri ve Türkiye 'nin Trakya 'sı (Doğu Trakya) bu sahanın içindedir."
ø,(https://tr.wikipedia.org/w/index.php?title=Orta-kapal%C4%B1_ince_yuvarlak_%C3%BCnl%C3%BC&action=edit&redlink=1),2,"Türkçe#217: Bunlar / ä /, / e /, / ɛ /, / i /, / ɯ /, / o /, / ø /, / u /, / y / sesleridir. | Türkçe#219: Bunlardan, / ɛ /, / e /, / i /, / ø / ve / y / sesleri, ince seslerdir."
eylem,(https://tr.wikipedia.org/wiki/Fiil),2,"Türkçe#281: Türkçede ek eylem için ""olmak"" eylemi kullanılmaz. | Türkçe#282: Çünkü bu eylem , yardımcı eylem olarak kullanılır, bunun yerine ""er-"" eylemi ek eylem olarak kullanılır."
ɯ,(https://tr.wikipedia.org/w/index.php?title=Kapal%C4%B1_kal%C4%B1n_d%C3%BCz_%C3%BCnl%C3%BC&action=edit&redlink=1),2,"Türkçe#217: Bunlar / ä /, / e /, / ɛ /, / i /, / ɯ /, / o /, / ø /, / u /, / y / sesleridir. | Türkçe#220: Diğer / ä /, / ɯ /, / o / ve / u / sesleri ise kalın seslerdir."
Ege Adaları,(https://tr.wikipedia.org/wiki/Ege_Adalar%C4%B1),2,"Türkçe#2: Dil, başta Türkiye olmak üzere Balkanlar , Ege Adaları , Kıbrıs ve Orta Doğu 'yu kapsayan eski Osmanlı İmparatorluğu coğrafyasında konuşulur. | Türkçe#20: Eski Osmanlı İmparatorluğu coğrafyasının kapsadığı Kuzey Suriye ve Irak , bazı Ege Adaları ve Balkanların güneyi ve doğusunda yaşayan Türk azınlıklar da Türkçeyi ana dilleri olarak kullanır."
Kıbrıs,(https://tr.wikipedia.org/wiki/K%C4%B1br%C4%B1s),2,"Türkçe#2: Dil, başta Türkiye olmak üzere Balkanlar , Ege Adaları , Kıbrıs ve Orta Doğu 'yu kapsayan eski Osmanlı İmparatorluğu coğrafyasında konuşulur. | Türkçe#165: Kıbrıs ağızları , Kıbrıs 'ta, daha ziyade yerli Kıbrıs Türklerinin konuştuğu, Türkçe ağzıdır."
i,(https://tr.wikipedia.org/w/index.php?title=Kapal%C4%B1_ince_d%C3%BCz_%C3%BCnl%C3%BC&action=edit&redlink=1),2,"Türkçe#217: Bunlar / ä /, / e /, / ɛ /, / i /, / ɯ /, / o /, / ø /, / u /, / y / sesleridir. | Türkçe#219: Bunlardan, / ɛ /, / e /, / i /, / ø / ve / y / sesleri, ince seslerdir."
ɛ,(https://tr.wikipedia.org/w/index.php?title=Orta-a%C3%A7%C4%B1k_ince_d%C3%BCz_%C3%BCnl%C3%BC&action=edit&redlink=1),2,"Türkçe#217: Bunlar / ä /, / e /, / ɛ /, / i /, / ɯ /, / o /, / ø /, / u /, / y / sesleridir. | Türkçe#219: Bunlardan, / ɛ /, / e /, / i /, / ø / ve / y / sesleri, ince seslerdir."
Kıbrıs Cumhuriyeti,(https://tr.wikipedia.org/wiki/K%C4%B1br%C4%B1s_Cumhuriyeti),2,"Türkçe#4: Türkçe, Türkiye , Kuzey Kıbrıs ve Kıbrıs Cumhuriyeti 'nde ulusal resmî dil statüsüne sahiptir. | Türkçe#26: Türkiye ve Kuzey Kıbrıs Türk Cumhuriyeti 'nde bu dil ülkenin resmî dilidir. Kıbrıs Cumhuriyeti 'nde (diğer adıyla Güney Kıbrıs Rum Yönetimi ) anayasal olarak Türkçe, Yunanca ile beraber resmî dil olarak geçer. 1982 T.C. Anayasasına göre Türkçe, Türkiye Devleti 'nin dilidir."
e,(https://tr.wikipedia.org/w/index.php?title=Orta-kapal%C4%B1_ince_d%C3%BCz_%C3%BCnl%C3%BC&action=edit&redlink=1),2,"Türkçe#217: Bunlar / ä /, / e /, / ɛ /, / i /, / ɯ /, / o /, / ø /, / u /, / y / sesleridir. | Türkçe#219: Bunlardan, / ɛ /, / e /, / i /, / ø / ve / y / sesleri, ince seslerdir."
ä,(https://tr.wikipedia.org/w/index.php?title=Kapal%C4%B1_ince_yuvarlak_%C3%BCnl%C3%BC_(merkezlenmi%C5%9F)&action=edit&redlink=1),2,"Türkçe#217: Bunlar / ä /, / e /, / ɛ /, / i /, / ɯ /, / o /, / ø /, / u /, / y / sesleridir. | Türkçe#220: Diğer / ä /, / ɯ /, / o / ve / u / sesleri ise kalın seslerdir."
Farsçadan,(https://tr.wikipedia.org/wiki/Fars%C3%A7a),2,"Türkçe#87: Osmanlı Türkçesi, Osmanlı İmparatorluğu 'nda konuşulmuş, Eski Anadolu Türkçesinin ardılı olan bir dildir. Arapça ve Farsçadan etkilenmiş bu dönemin Türkçesinde söz varlığının %88'i bu iki dil kaynaklı olmaktadır. | Türkçe#340: Ancak Arapça ve Farsçadan gelmiş sözcüklerin bir bölümü o denli Türkçeleşmiştir ki Arap veya Fars dilindeki durumundan oldukça farklıdır ve kimi sözcüklerin anlamı da farklılaşmıştır. [kaynak belirtilmeli]"
u,(https://tr.wikipedia.org/w/index.php?title=Kapal%C4%B1_kal%C4%B1n_yuvarlak_%C3%BCnl%C3%BC&action=edit&redlink=1),2,"Türkçe#217: Bunlar / ä /, / e /, / ɛ /, / i /, / ɯ /, / o /, / ø /, / u /, / y / sesleridir. | Türkçe#220: Diğer / ä /, / ɯ /, / o / ve / u / sesleri ise kalın seslerdir."
o,(https://tr.wikipedia.org/w/index.php?title=Orta-kapal%C4%B1_kal%C4%B1n_yuvarlak_%C3%BCnl%C3%BC&action=edit&redlink=1),2,"Türkçe#217: Bunlar / ä /, / e /, / ɛ /, / i /, / ɯ /, / o /, / ø /, / u /, / y / sesleridir. | Türkçe#220: Diğer / ä /, / ɯ /, / o / ve / u / sesleri ise kalın seslerdir."
Osmanlıcanın,(https://tr.wikipedia.org/wiki/Osmanl%C4%B1ca),2,"Türkçe#123: Bu yazı sistemi, Osmanlıcanın Farsça ve Arapça dillerinden alınma söz varlığını yazmak için uygun olmak ile birlikte, dildeki Türkçe kökenli sözcükleri yazarken pek çok zorluk getirmekteydi. | Türkçe#197: Yapıtta örnekler Türkçedir, fakat dil kuralları Arapçanın kurallarına uydurulmuştur. Tanzimat döneminde başta Ahmet Cevdet (1851) ve Fuat Paşa'nın (1865) kitaplarında Osmanlıcanın yapısı göz önünde tutulmuştur. 1908'de ilan edilen Meşrutiyet'ten sonra, Hüseyin Cahit 'in “ Sarf ve Nahiv ” adlı eserinin dilbilgisi konusunda önemli bir yeri vardır."
Atatürk,(https://tr.wikipedia.org/wiki/Mustafa_Kemal_Atat%C3%BCrk),2,"Türkçe#9: Türkçe, 1928'de Atatürk önderliğinde gerçekleştirilmiş Harf Devrimi 'nden beri Latin alfabesini temel alan Türk alfabesi ile yazılır. | Türkçe#41: Türkçe, Türkiye'nin ve Türkiye Türklerinin kurumsal dilidir. Türkiye 'de Türk Dil Kurumu , Türk Dili Tetkik Cemiyeti adıyla 12 Temmuz 1932'de Atatürk 'ün talimatıyla kurulmuştur."
Harf Devrimi,(https://tr.wikipedia.org/wiki/Harf_Devrimi),2,"Türkçe#9: Türkçe, 1928'de Atatürk önderliğinde gerçekleştirilmiş Harf Devrimi 'nden beri Latin alfabesini temel alan Türk alfabesi ile yazılır. | Türkçe#136: 1 Kasım 1928 tarihinde, eski Arap harfli Türk alfabesinin yerine, Latin yazısından Türkçe için uyarlanan bu 29 harfli alfabe kabul edilmiştir. Harf Devrimi , Türkiye'de bu kanunun kabul edilmesi ve yeni alfabenin yerleştirilmesi sürecine genel olarak verilen isimdir."
Lom,(https://tr.wikipedia.org/wiki/Lom),2,"Türkçe#162: Batı Rumeli sahasının coğrafi sınırları Bulgaristan 'da Tuna 'nın hemen güneyindeki Lom 'dan doğuya doğru Vraça , Sofya , Samokov 'dan doğuya doğru ilerleyip Köstendil 'e uzanır. | Türkçe#164: Doğu Rumeli ağız bölgesi ise Batı Rumeli'nin doğusunda kalan bütün alanı kapsar. Bulgaristan 'da Lom , Vraça , Sofya , Samokov ve Köstendil şehirlerinin doğusundan itibaren ülkenin tamamı, Yunanistan , Makedonya 'nın güney kesimleri ve Türkiye 'nin Trakya 'sı (Doğu Trakya) bu sahanın içindedir."
Doğu Avrupa,(https://tr.wikipedia.org/wiki/Do%C4%9Fu_Avrupa),2,"Türkçe#12: Türkçe, dil ailesi sınıflandırmasında Doğu Avrupa , Orta Asya ve Sibirya 'da konuşulan 30 kadar yaşayan dili kapsayan Türk dilleri ailesine mensuptur ve bu dil ailesinin Şaz Türkçesi koluna bağlı Oğuz dil grubunda yer alır. Oğuz grubu içinde ise Rumeli Türkçesi ve Gagavuzca ile birlikte grubun Batı kolunu oluşturur. | Türkçe#71: Türkçe, onu kullanan göçebe ve yerleşik kavimlerin Orta Asya , Doğu Avrupa , Sibirya ve Orta Doğu 'ya doğru göçleriyle yayılmıştır."
Vraça,(https://tr.wikipedia.org/wiki/%C4%B0vraca),2,"Türkçe#162: Batı Rumeli sahasının coğrafi sınırları Bulgaristan 'da Tuna 'nın hemen güneyindeki Lom 'dan doğuya doğru Vraça , Sofya , Samokov 'dan doğuya doğru ilerleyip Köstendil 'e uzanır. | Türkçe#164: Doğu Rumeli ağız bölgesi ise Batı Rumeli'nin doğusunda kalan bütün alanı kapsar. Bulgaristan 'da Lom , Vraça , Sofya , Samokov ve Köstendil şehirlerinin doğusundan itibaren ülkenin tamamı, Yunanistan , Makedonya 'nın güney kesimleri ve Türkiye 'nin Trakya 'sı (Doğu Trakya) bu sahanın içindedir."
Sibirya,(https://tr.wikipedia.org/wiki/Sibirya),2,"Türkçe#12: Türkçe, dil ailesi sınıflandırmasında Doğu Avrupa , Orta Asya ve Sibirya 'da konuşulan 30 kadar yaşayan dili kapsayan Türk dilleri ailesine mensuptur ve bu dil ailesinin Şaz Türkçesi koluna bağlı Oğuz dil grubunda yer alır. Oğuz grubu içinde ise Rumeli Türkçesi ve Gagavuzca ile birlikte grubun Batı kolunu oluşturur. | Türkçe#71: Türkçe, onu kullanan göçebe ve yerleşik kavimlerin Orta Asya , Doğu Avrupa , Sibirya ve Orta Doğu 'ya doğru göçleriyle yayılmıştır."
Rumeli Türkçesi,(https://tr.wikipedia.org/wiki/Balkan_Gagavuzcas%C4%B1),1,"Türkçe#12: Türkçe, dil ailesi sınıflandırmasında Doğu Avrupa , Orta Asya ve Sibirya 'da konuşulan 30 kadar yaşayan dili kapsayan Türk dilleri ailesine mensuptur ve bu dil ailesinin Şaz Türkçesi koluna bağlı Oğuz dil grubunda yer alır. Oğuz grubu içinde ise Rumeli Türkçesi ve Gagavuzca ile birlikte grubun Batı kolunu oluşturur."
Batı kolunu,(https://tr.wikipedia.org/wiki/Bat%C4%B1_O%C4%9Fuz_dilleri),1,"Türkçe#12: Türkçe, dil ailesi sınıflandırmasında Doğu Avrupa , Orta Asya ve Sibirya 'da konuşulan 30 kadar yaşayan dili kapsayan Türk dilleri ailesine mensuptur ve bu dil ailesinin Şaz Türkçesi koluna bağlı Oğuz dil grubunda yer alır. Oğuz grubu içinde ise Rumeli Türkçesi ve Gagavuzca ile birlikte grubun Batı kolunu oluşturur."
Başkurtça,(https://tr.wikipedia.org/wiki/Ba%C5%9Fkurt%C3%A7a),1,"Türkçe#14: Türkçe dışında Azerice , Başkurtça , Çuvaşça , Kazan Tatarcası , Kazakça , Kırgızca , Nogayca , Özbekçe , Türkmence ve Yakutça Türk dilleri ailesinin en çok konuşulan diğer üyeleridir."
Kazan Tatarcası,(https://tr.wikipedia.org/wiki/Tatarca),1,"Türkçe#14: Türkçe dışında Azerice , Başkurtça , Çuvaşça , Kazan Tatarcası , Kazakça , Kırgızca , Nogayca , Özbekçe , Türkmence ve Yakutça Türk dilleri ailesinin en çok konuşulan diğer üyeleridir."
Kazakça,(https://tr.wikipedia.org/wiki/Kazak%C3%A7a),1,"Türkçe#14: Türkçe dışında Azerice , Başkurtça , Çuvaşça , Kazan Tatarcası , Kazakça , Kırgızca , Nogayca , Özbekçe , Türkmence ve Yakutça Türk dilleri ailesinin en çok konuşulan diğer üyeleridir."
Kırgızca,(https://tr.wikipedia.org/wiki/K%C4%B1rg%C4%B1zca),1,"Türkçe#14: Türkçe dışında Azerice , Başkurtça , Çuvaşça , Kazan Tatarcası , Kazakça , Kırgızca , Nogayca , Özbekçe , Türkmence ve Yakutça Türk dilleri ailesinin en çok konuşulan diğer üyeleridir."
Nogayca,(https://tr.wikipedia.org/wiki/Nogayca),1,"Türkçe#14: Türkçe dışında Azerice , Başkurtça , Çuvaşça , Kazan Tatarcası , Kazakça , Kırgızca , Nogayca , Özbekçe , Türkmence ve Yakutça Türk dilleri ailesinin en çok konuşulan diğer üyeleridir."
Özbekçe,(https://tr.wikipedia.org/wiki/%C3%96zbek%C3%A7e),1,"Türkçe#14: Türkçe dışında Azerice , Başkurtça , Çuvaşça , Kazan Tatarcası , Kazakça , Kırgızca , Nogayca , Özbekçe , Türkmence ve Yakutça Türk dilleri ailesinin en çok konuşulan diğer üyeleridir."
Yakutça,(https://tr.wikipedia.org/wiki/Yakut%C3%A7a),1,"Türkçe#14: Türkçe dışında Azerice , Başkurtça , Çuvaşça , Kazan Tatarcası , Kazakça , Kırgızca , Nogayca , Özbekçe , Türkmence ve Yakutça Türk dilleri ailesinin en çok konuşulan diğer üyeleridir."
Kaşkayca,(https://tr.wikipedia.org/wiki/Ka%C5%9Fkayca),1,"Türkçe#15: Azerice, Gagavuzca, Kaşkayca ve Türkmence gibi diğer Oğuz dilleri ile Türkçenin yüksek oranda karşılıklı anlaşılabilirlik gösterdiği bulunmuştur."
Kıpçak grubuna,(https://tr.wikipedia.org/wiki/K%C4%B1p%C3%A7ak_grubu),1,Türkçe#16: Her ne kadar Kıpçak grubuna üye diller olsa da Kırım Tatarcası ve Urumca da tarih boyunca Osmanlı Türkçesi gibi Oğuz dilleri ile etkileşimlerinden ötürü Türkiye Türkçesi ile benzerlikler gösterir.
Kırım Tatarcası,(https://tr.wikipedia.org/wiki/K%C4%B1r%C4%B1m_Tatarcas%C4%B1),1,Türkçe#16: Her ne kadar Kıpçak grubuna üye diller olsa da Kırım Tatarcası ve Urumca da tarih boyunca Osmanlı Türkçesi gibi Oğuz dilleri ile etkileşimlerinden ötürü Türkiye Türkçesi ile benzerlikler gösterir.
Urumca,(https://tr.wikipedia.org/wiki/Urumca),1,Türkçe#16: Her ne kadar Kıpçak grubuna üye diller olsa da Kırım Tatarcası ve Urumca da tarih boyunca Osmanlı Türkçesi gibi Oğuz dilleri ile etkileşimlerinden ötürü Türkiye Türkçesi ile benzerlikler gösterir.
Ural-Altay dil ailesine,(https://tr.wikipedia.org/wiki/Ural-Altay_dil_ailesi),1,"Türkçe#17: Önce Ural-Altay dil ailesine mensup olduğu ifade edilen ancak sonrasında Altay dillerinin bir üyesi olarak sınıflandırılan Türk dilleri , günümüzde diğer dil ailelerinden bağımsız bir dil ailesi olduğu kanısı, dilbilimciler arasında giderek daha çok taraftar toplayan bir görüştür."
Altay dillerinin,(https://tr.wikipedia.org/wiki/Altay_dilleri),1,"Türkçe#17: Önce Ural-Altay dil ailesine mensup olduğu ifade edilen ancak sonrasında Altay dillerinin bir üyesi olarak sınıflandırılan Türk dilleri , günümüzde diğer dil ailelerinden bağımsız bir dil ailesi olduğu kanısı, dilbilimciler arasında giderek daha çok taraftar toplayan bir görüştür."
Güneydoğu Avrupa,(https://tr.wikipedia.org/wiki/Balkanlar),1,"Türkçe#18: Türkçe, Güneydoğu Avrupa ve Orta Doğu 'da yer alan çeşitli ülke ve bölgelerde ana dil veya ikinci dil olarak konuşulur."
ana dil,(https://tr.wikipedia.org/wiki/Anadili),1,"Türkçe#18: Türkçe, Güneydoğu Avrupa ve Orta Doğu 'da yer alan çeşitli ülke ve bölgelerde ana dil veya ikinci dil olarak konuşulur."
ikinci dil,(https://tr.wikipedia.org/wiki/%C4%B0kinci_dil),1,"Türkçe#18: Türkçe, Güneydoğu Avrupa ve Orta Doğu 'da yer alan çeşitli ülke ve bölgelerde ana dil veya ikinci dil olarak konuşulur."
Anadolu'nun,(https://tr.wikipedia.org/wiki/Anadolu),1,"Türkçe#19: Dil, Anadolu'nun büyük çoğunluğunda, Doğu Trakya 'da ve Kıbrıs Adası 'nın kuzeyinde çoğunluk tarafından ana dil olarak konuşulmaktadır."
Doğu Trakya,(https://tr.wikipedia.org/wiki/Do%C4%9Fu_Trakya),1,"Türkçe#19: Dil, Anadolu'nun büyük çoğunluğunda, Doğu Trakya 'da ve Kıbrıs Adası 'nın kuzeyinde çoğunluk tarafından ana dil olarak konuşulmaktadır."
Kıbrıs Adası,(https://tr.wikipedia.org/wiki/K%C4%B1br%C4%B1s),1,"Türkçe#19: Dil, Anadolu'nun büyük çoğunluğunda, Doğu Trakya 'da ve Kıbrıs Adası 'nın kuzeyinde çoğunluk tarafından ana dil olarak konuşulmaktadır."
Kuzey Suriye,(https://tr.wikipedia.org/wiki/Suriye),1,"Türkçe#20: Eski Osmanlı İmparatorluğu coğrafyasının kapsadığı Kuzey Suriye ve Irak , bazı Ege Adaları ve Balkanların güneyi ve doğusunda yaşayan Türk azınlıklar da Türkçeyi ana dilleri olarak kullanır."
Balkanların,(https://tr.wikipedia.org/wiki/Balkanlar),1,"Türkçe#20: Eski Osmanlı İmparatorluğu coğrafyasının kapsadığı Kuzey Suriye ve Irak , bazı Ege Adaları ve Balkanların güneyi ve doğusunda yaşayan Türk azınlıklar da Türkçeyi ana dilleri olarak kullanır."
Türk azınlıklar,(https://tr.wikipedia.org/wiki/Osmanl%C4%B1_%C4%B0mparatorlu%C4%9Fu%27nun_eski_topraklar%C4%B1ndaki_T%C3%BCrk_topluluklar%C4%B1),1,"Türkçe#20: Eski Osmanlı İmparatorluğu coğrafyasının kapsadığı Kuzey Suriye ve Irak , bazı Ege Adaları ve Balkanların güneyi ve doğusunda yaşayan Türk azınlıklar da Türkçeyi ana dilleri olarak kullanır."
Geriye kalan nüfus ise,(https://tr.wikipedia.org/wiki/T%C3%BCrkiye%27deki_az%C4%B1nl%C4%B1klar),1,"Türkçe#21: 2006 yılında yürütülen bir araştırmaya göre Türkçe, Türkiye'de yaşayan nüfusun %84'ünün ana dilidir. Geriye kalan nüfus ise , çoğunluğu Kürtçe olacak şekilde Türkiye'deki azınlık dillerinden birini ana dilleri olarak benimsemiştir ve Türkçeyi ikinci dilleri olarak kullanırlar."
Türkiye'deki azınlık dillerinden,(https://tr.wikipedia.org/wiki/T%C3%BCrkiye%27de_konu%C5%9Fulan_diller),1,"Türkçe#21: 2006 yılında yürütülen bir araştırmaya göre Türkçe, Türkiye'de yaşayan nüfusun %84'ünün ana dilidir. Geriye kalan nüfus ise , çoğunluğu Kürtçe olacak şekilde Türkiye'deki azınlık dillerinden birini ana dilleri olarak benimsemiştir ve Türkçeyi ikinci dilleri olarak kullanırlar."
Türk diasporasının,(https://tr.wikipedia.org/wiki/T%C3%BCrk_diasporas%C4%B1),1,Türkçe#22: Bu yayılıma ek olarak Türk diasporasının göç etmiş olduğu bölgelerde de Türkçe konuşurları bulunur. 2 milyondan fazla Türkçe konuşura sahip olduğu tahmin edilen Almanya 'da nüfusun yaklaşık %3'ü Türkçe bilmektedir.
Türkçe konuşura,(https://tr.wikipedia.org/wiki/Almanya%27daki_T%C3%BCrkler),1,Türkçe#22: Bu yayılıma ek olarak Türk diasporasının göç etmiş olduğu bölgelerde de Türkçe konuşurları bulunur. 2 milyondan fazla Türkçe konuşura sahip olduğu tahmin edilen Almanya 'da nüfusun yaklaşık %3'ü Türkçe bilmektedir.
Almanya,(https://tr.wikipedia.org/wiki/Almanya),1,"İngilizce#61: Üç daire modelinde Polonya , Çin , Brezilya , Almanya , Japonya , Endonezya , Mısır gibi ülkeler ve İngilizcenin yabancı dil olarak öğretildiği diğer ülkeler ""genişleyen daire""yi oluşturmaktadır. | .kp#18: Ayrıca bu alan adındaki sitelerin birçoğu KCC Europe tarafından Almanya 'da barındırılmaktaydı. | .ag#2: Almanya 'da .ag kodunun ikinci bir anlamı da vardır. | İnternet ülke üst seviye alan adı#11: Örneğin, ABD ( us ), Japonya ( jp ), Kanada ( ca ), Fransa ( fr ) ve Almanya ( de ) alan adlarında olduğu gibi, bir yerel varlık gereksinimi (örneğin vatandaşlık) bulunabilir ya da kayıt herkese açık olabilir. | Türkçe#22: Bu yayılıma ek olarak Türk diasporasının göç etmiş olduğu bölgelerde de Türkçe konuşurları bulunur. 2 milyondan fazla Türkçe konuşura sahip olduğu tahmin edilen Almanya 'da nüfusun yaklaşık %3'ü Türkçe bilmektedir."
ABD,(https://tr.wikipedia.org/wiki/Amerika_Birle%C5%9Fik_Devletleri),1,".us#8: Ayrıca ABD topraklarının kendi ccTLDs vardır. .as Amerikan Samoası için, .gu Guam , Kuzey Mariana Adaları .mp , .pr Puerto Rico için ve .vi Virgin Adaları için kullanılmaktadır. | .mil#1: .mil ( mil itary = askeri) ABD askeri site bağlantısının olduğunu belirtir. | Vikipedi#9: Vikipedi'nin ana sunucuları ABD 'nin Florida Eyaleti'ndeki Tampa kentinde, diğer başlıca sunucuları ise Hollanda 'nın Amsterdam , Fransa 'nın Paris ve Güney Kore 'nin Seul kentinde bulunmaktadır. | Uzay#37: 1932'de Karl Guthe Jansky adındaki bir mühendisin rastlantı sonucu bulduğu uzaydan gelen radyo yayınları, daha sonraki yıllarda radyoteleskopların doğmasına ve uzayın derinliklerinin dinlenmesine, bu radyo yayınlarının kaynaklarının ve nedenlerinin bulunmasına yol açtı. [kaynak belirtilmeli] II. Dünya Savaşı sırasında Almanların geliştirdiği V-1 ve V-2 füzeleri daha sonraki yıllarda uzayın keşfi için yapılacak çalışmalarda büyük bir adım oldu. 1947-1956 yılları arasında özellikle ABD , uzay çalışmalarına büyük hız verdi. | Uzay#44: Özellikle, insanlı uzay aracı yapabilen ABD , Rusya ve Çin bu yarışın içindedir. Hindistan ise insan taşıyan mekik geliştirerek bu yarışa katılma aşamasındadır. | .cc#2: VeriSign adlı bir ABD şirketi tarafından, eNIC adlı bir yan kuruluş aracılığıyla yönetilir ve eNIC, bunu uluslararası tescil için ""bir sonraki .com"" olarak tanıtır. .cc alan adı ilk olarak Ekim 1997'de IANA tarafından eNIC'e atandı; eNIC, TLD'yi SamsDirect Internet ile birlikte yönetir. | İnternet ülke üst seviye alan adı#11: Örneğin, ABD ( us ), Japonya ( jp ), Kanada ( ca ), Fransa ( fr ) ve Almanya ( de ) alan adlarında olduğu gibi, bir yerel varlık gereksinimi (örneğin vatandaşlık) bulunabilir ya da kayıt herkese açık olabilir. | Türkçe#23: Almanya'nın yanı sıra ABD , Fransa , Hollanda , Avusturya , Belçika , İsviçre ve Birleşik Krallık da Türkçe konuşabilen nüfusun yaşadığı önemli bölgelerdir."
Fransa,(https://tr.wikipedia.org/wiki/Fransa),1,".bl#1: .bl , Saint Barthélemy için planlanan olan bir internet ülke üst seviye alan adı (ccTLD) idi. 21 Eylül 2007'de ülkeye atanması kararlaştırıldı fakat 15 Temmuz 2007'de ülkenin Fransa 'ya bağlı bir denizaşırı kolektivite statüsünü alması sonucu iptal edildi. | .bl#2: Günümüzde bölgede Guadeloupe 'nin alan adı olan .gp veya Fransa 'nın alan adı .fr kullanılmaktadır. | .mf#1: .mf , Saint Martin için planlanan olan bir internet ülke üst seviye alan adı (ccTLD) idi. 11 Ekim 2007'de delege edildi fakat ülkenin Fransa 'ya bağlı bir denizaşırı kolektivite statüsünü alması sebebiyle iptal edildi. | .mf#2: Günümüzde bölgede Guadeloupe 'nin alan adı olan .gp veya Fransa 'nın alan adı .fr kullanılmaktadır. | Vikipedi#9: Vikipedi'nin ana sunucuları ABD 'nin Florida Eyaleti'ndeki Tampa kentinde, diğer başlıca sunucuları ise Hollanda 'nın Amsterdam , Fransa 'nın Paris ve Güney Kore 'nin Seul kentinde bulunmaktadır. | .tf#2: Fransız Güney ve Antarktika Toprakları, duruma göre Fransız toprağı olarak tanınan veya Fransa tarafından hak iddia edilen ancak Antarktika Antlaşması kapsamında askıya alınan bölgelerdir ve alan adı, toprakların Fransızca ismi olan Terres australes et antarctiques françaises 'den gelmektedir. | .fr#1: .fr Fransa 'nın internet ülke üst seviye alan adıdır (ccTLD). AFNIC tarafından işletilmektedir. 1986 yılında ortaya çıkmıştır. | İnternet ülke üst seviye alan adı#11: Örneğin, ABD ( us ), Japonya ( jp ), Kanada ( ca ), Fransa ( fr ) ve Almanya ( de ) alan adlarında olduğu gibi, bir yerel varlık gereksinimi (örneğin vatandaşlık) bulunabilir ya da kayıt herkese açık olabilir. | Türkçe#23: Almanya'nın yanı sıra ABD , Fransa , Hollanda , Avusturya , Belçika , İsviçre ve Birleşik Krallık da Türkçe konuşabilen nüfusun yaşadığı önemli bölgelerdir."
Hollanda,(https://tr.wikipedia.org/wiki/Hollanda),1,"Vikipedi#9: Vikipedi'nin ana sunucuları ABD 'nin Florida Eyaleti'ndeki Tampa kentinde, diğer başlıca sunucuları ise Hollanda 'nın Amsterdam , Fransa 'nın Paris ve Güney Kore 'nin Seul kentinde bulunmaktadır. | .nu#2: Bu kod İsveç, Danimarka ve Hollanda dillerinde ""şimdi"" manasına geldiği için bu ülkelerde oldukça yaygınlaşmıştır. | Türkçe#23: Almanya'nın yanı sıra ABD , Fransa , Hollanda , Avusturya , Belçika , İsviçre ve Birleşik Krallık da Türkçe konuşabilen nüfusun yaşadığı önemli bölgelerdir."
Avusturya,(https://tr.wikipedia.org/wiki/Avusturya),1,"Türkçe#23: Almanya'nın yanı sıra ABD , Fransa , Hollanda , Avusturya , Belçika , İsviçre ve Birleşik Krallık da Türkçe konuşabilen nüfusun yaşadığı önemli bölgelerdir."
Belçika,(https://tr.wikipedia.org/wiki/Bel%C3%A7ika),1,".eu#3: Alan adı önceden Belçika , İsveç ve İtalya 'nın ulusal ccTLD sicil operatörlerinden oluşan bir konsorsiyum olan EURid tarafından yönetilmekteydi. | Türkçe#23: Almanya'nın yanı sıra ABD , Fransa , Hollanda , Avusturya , Belçika , İsviçre ve Birleşik Krallık da Türkçe konuşabilen nüfusun yaşadığı önemli bölgelerdir."
İsviçre,(https://tr.wikipedia.org/wiki/%C4%B0svi%C3%A7re),1,".fr#4: .fr alan adını kaydetmek isteyen kişi ve kuruluşların Avrupa Serbest Ticaret Birliği bölgesinde yani Avrupa Birliği , İsviçre , Lihtenştayn , Norveç veya İzlanda 'da bulunması gerekmektedir. | Türkçe#23: Almanya'nın yanı sıra ABD , Fransa , Hollanda , Avusturya , Belçika , İsviçre ve Birleşik Krallık da Türkçe konuşabilen nüfusun yaşadığı önemli bölgelerdir."
Birleşik Krallık,(https://tr.wikipedia.org/wiki/Birle%C5%9Fik_Krall%C4%B1k),1,".uk#1: .uk , Birleşik Krallık 'ın kullandığı internet ülke üst seviye alan adıdır . | .tf#1: .tf , Fransız Güney ve Antarktika Toprakları 'nın İnternet ülke kodu üst seviye alan adıdır ( ccTLD ). .fr , .pm , .re , .wf ve .yt ile birlikte AFNIC tarafından yönetilmektedir. 23 Ekim 2004'ten önce bu alan adı, Cambridge , Birleşik Krallık merkezli Adamsnames tarafından yönetiliyordu. | .fr#5: Brexit ( Birleşik Krallık 'ın AB'den ayrılması) sebebiyle BK vatandaşları yeni .fr uzantılı alan adları kaydedememektedir ancak eskiden kaydedilen alan adları varlığına devam edebilir. 31 Aralık 2020 öncesi kayıtlar hâlâ geçerliliğini korur. | Türkçe#23: Almanya'nın yanı sıra ABD , Fransa , Hollanda , Avusturya , Belçika , İsviçre ve Birleşik Krallık da Türkçe konuşabilen nüfusun yaşadığı önemli bölgelerdir."
kültürel asimilasyon,(https://tr.wikipedia.org/wiki/K%C3%BClt%C3%BCr),1,Türkçe#24: Göç edilen ülkelerde gerçekleşen kültürel asimilasyon sonucunda etnik Türk göçmenlerin yalnızca bir kısmı Türkçeyi akıcı ve ana dil seviyesinde konuşabilmektedir.
akıcı,(https://tr.wikipedia.org/wiki/Ak%C4%B1c%C4%B1l%C4%B1k),1,Türkçe#24: Göç edilen ülkelerde gerçekleşen kültürel asimilasyon sonucunda etnik Türk göçmenlerin yalnızca bir kısmı Türkçeyi akıcı ve ana dil seviyesinde konuşabilmektedir.
Kuzey Kıbrıs Türk Cumhuriyeti,(https://tr.wikipedia.org/wiki/Kuzey_K%C4%B1br%C4%B1s_T%C3%BCrk_Cumhuriyeti),1,".tr#1: .tr , Türkiye 'nin ve Kuzey Kıbrıs Türk Cumhuriyeti 'nin internet ülke üst seviye alan adıdır . 17 Eylül 1990'de ortaya çıkmıştır. | .tr#25: ct.tr , Kuzey Kıbrıs Türk Cumhuriyeti 'ne ait ikinci seviye alan adıdır. | .tr#26: Yönetimi Bilgi Teknolojileri ve İletişim Kurumu 'nun yetkisiyle TRABİS tarafından yapılmaktadır. Kuzey Kıbrıs Türk Cumhuriyeti devlet olarak tanınmadığı için kendisine ait bir üst seviye alan adı alamamaktadır. | .tr#28: Şimdilik sadece bazı Kuzey Kıbrıs Türk Cumhuriyeti devlet kurumlarının web sitelerini barındıran alan adının ileride yaygınlaşması için altyapı oluşturulmuştur. | .cc#3: Kuzey Kıbrıs Türk Cumhuriyeti de .nc.tr ile birlikte .cc alan adını kullanmaktadır. Google , .cc'yi genel bir üst düzey alan adı (gTLD) olarak ele almaktadır çünkü ""kullanıcılar ve web sitesi sahipleri (alan adını) sıklıkla ülkeye yönelik olmaktan çok daha genel olarak görmektedir."" | Türkçe#26: Türkiye ve Kuzey Kıbrıs Türk Cumhuriyeti 'nde bu dil ülkenin resmî dilidir. Kıbrıs Cumhuriyeti 'nde (diğer adıyla Güney Kıbrıs Rum Yönetimi ) anayasal olarak Türkçe, Yunanca ile beraber resmî dil olarak geçer. 1982 T.C. Anayasasına göre Türkçe, Türkiye Devleti 'nin dilidir."
T.C. Anayasasına,(https://tr.wikipedia.org/wiki/T%C3%BCrkiye_Cumhuriyeti_Anayasas%C4%B1),1,"Türkçe#26: Türkiye ve Kuzey Kıbrıs Türk Cumhuriyeti 'nde bu dil ülkenin resmî dilidir. Kıbrıs Cumhuriyeti 'nde (diğer adıyla Güney Kıbrıs Rum Yönetimi ) anayasal olarak Türkçe, Yunanca ile beraber resmî dil olarak geçer. 1982 T.C. Anayasasına göre Türkçe, Türkiye Devleti 'nin dilidir."
Türkiye Devleti,(https://tr.wikipedia.org/wiki/T%C3%BCrkiye),1,"Türkçe#26: Türkiye ve Kuzey Kıbrıs Türk Cumhuriyeti 'nde bu dil ülkenin resmî dilidir. Kıbrıs Cumhuriyeti 'nde (diğer adıyla Güney Kıbrıs Rum Yönetimi ) anayasal olarak Türkçe, Yunanca ile beraber resmî dil olarak geçer. 1982 T.C. Anayasasına göre Türkçe, Türkiye Devleti 'nin dilidir."
T.C. Anayasası,(https://tr.wikipedia.org/wiki/T%C3%BCrkiye_Cumhuriyeti_Anayasas%C4%B1),1,Türkçe#30: Dili Türkçedir. - T.C. Anayasası
Türk devletlerinin,(https://tr.wikipedia.org/wiki/T%C3%BCrk_devletleri_listesi),1,"Türkçe#31: Türkçe, diğer Türk devletlerinin de üyesi olduğu Türk Konseyi ve Uluslararası Türk Kültürü Teşkilatı gibi kuruluşlarda resmiyete sahiptir."
Türk Konseyi,(https://tr.wikipedia.org/wiki/T%C3%BCrk_Devletleri_Te%C5%9Fkilat%C4%B1),1,"Türkçe#31: Türkçe, diğer Türk devletlerinin de üyesi olduğu Türk Konseyi ve Uluslararası Türk Kültürü Teşkilatı gibi kuruluşlarda resmiyete sahiptir."
Uluslararası Türk Kültürü Teşkilatı,(https://tr.wikipedia.org/wiki/Uluslararas%C4%B1_T%C3%BCrk_K%C3%BClt%C3%BCr%C3%BC_Te%C5%9Fkilat%C4%B1),1,"Türkçe#31: Türkçe, diğer Türk devletlerinin de üyesi olduğu Türk Konseyi ve Uluslararası Türk Kültürü Teşkilatı gibi kuruluşlarda resmiyete sahiptir."
Avrupa Birliği,(https://tr.wikipedia.org/wiki/Avrupa_Birli%C4%9Fi),1,"İngilizce#99: Avrupa Serbest Ticaret Birliği , Güneydoğu Asya Uluslar Birliği (ASEAN), ve Asya-Pasifik Ekonomik İşbirliği (APEC) gibi birçok bölgesel uluslararası kuruluş, çoğu üye bir ülke olmasa da İngilizceyi kuruluşlarının tek çalışma dili olarak belirledi. Avrupa Birliği (AB), üye devletlerin ulusal dillerden herhangi birini birliğin resmî dili olarak belirlemesine izin verirken, pratikte İngilizce, AB kuruluşlarının ana çalışma dilidir. | .fr#4: .fr alan adını kaydetmek isteyen kişi ve kuruluşların Avrupa Serbest Ticaret Birliği bölgesinde yani Avrupa Birliği , İsviçre , Lihtenştayn , Norveç veya İzlanda 'da bulunması gerekmektedir. | .eu#1: .eu , Avrupa Birliği 'nin üst seviye alan adıdır . 7 Aralık 2005'te kullanıma açılan bu alan adı, Avrupa Birliği'nde bulunan herhangi bir kişi, kurum veya kuruluş tarafından kullanılabilir. | Türkçe#32: Kıbrıs Cumhuriyeti ise Avrupa Birliği 'nin Türkçeyi 25. resmî dili olarak kabul etmesi için başvuruda bulunmuştur."
resmî dili,(https://tr.wikipedia.org/wiki/Avrupa_Birli%C4%9Fi%27nin_dilleri),1,Türkçe#32: Kıbrıs Cumhuriyeti ise Avrupa Birliği 'nin Türkçeyi 25. resmî dili olarak kabul etmesi için başvuruda bulunmuştur.
azınlık dili,(https://tr.wikipedia.org/wiki/Az%C4%B1nl%C4%B1k_dili),1,"Türkçe#33: Türkçe aynı zamanda çeşitli ülkelerde resmî açıdan bölgesel veya azınlık dili statüsüne sahiptir. Irak 'ın Kerkük ilinde Türkçe, Kürtçe ve Arapça ile birlikte resmî dildir. Kuzey Makedonya 'nın batısında yer alan Gostivar , Merkez Jupa , Plasniça ve Mavrova ve Rostuşa Belediyesi sınırları içinde Türkçe, Makedonca ve Arnavutça ile beraber resmî kullanımdadır. Kosova 'da Prizren , Mamuşa , Gilan , Mitroviça , Priştine ve Vıçıtırın Belediyesi kapsamında Arnavutça, Sırpça ve Türkçe resmî dil statüsüne sahiptir."
Kerkük ilinde,(https://tr.wikipedia.org/wiki/Kerk%C3%BCk_(il)),1,"Türkçe#33: Türkçe aynı zamanda çeşitli ülkelerde resmî açıdan bölgesel veya azınlık dili statüsüne sahiptir. Irak 'ın Kerkük ilinde Türkçe, Kürtçe ve Arapça ile birlikte resmî dildir. Kuzey Makedonya 'nın batısında yer alan Gostivar , Merkez Jupa , Plasniça ve Mavrova ve Rostuşa Belediyesi sınırları içinde Türkçe, Makedonca ve Arnavutça ile beraber resmî kullanımdadır. Kosova 'da Prizren , Mamuşa , Gilan , Mitroviça , Priştine ve Vıçıtırın Belediyesi kapsamında Arnavutça, Sırpça ve Türkçe resmî dil statüsüne sahiptir."
Kuzey Makedonya,(https://tr.wikipedia.org/wiki/Kuzey_Makedonya),1,"Türkçe#33: Türkçe aynı zamanda çeşitli ülkelerde resmî açıdan bölgesel veya azınlık dili statüsüne sahiptir. Irak 'ın Kerkük ilinde Türkçe, Kürtçe ve Arapça ile birlikte resmî dildir. Kuzey Makedonya 'nın batısında yer alan Gostivar , Merkez Jupa , Plasniça ve Mavrova ve Rostuşa Belediyesi sınırları içinde Türkçe, Makedonca ve Arnavutça ile beraber resmî kullanımdadır. Kosova 'da Prizren , Mamuşa , Gilan , Mitroviça , Priştine ve Vıçıtırın Belediyesi kapsamında Arnavutça, Sırpça ve Türkçe resmî dil statüsüne sahiptir."
Gostivar,(https://tr.wikipedia.org/wiki/Gostivar_Belediyesi),1,"Türkçe#33: Türkçe aynı zamanda çeşitli ülkelerde resmî açıdan bölgesel veya azınlık dili statüsüne sahiptir. Irak 'ın Kerkük ilinde Türkçe, Kürtçe ve Arapça ile birlikte resmî dildir. Kuzey Makedonya 'nın batısında yer alan Gostivar , Merkez Jupa , Plasniça ve Mavrova ve Rostuşa Belediyesi sınırları içinde Türkçe, Makedonca ve Arnavutça ile beraber resmî kullanımdadır. Kosova 'da Prizren , Mamuşa , Gilan , Mitroviça , Priştine ve Vıçıtırın Belediyesi kapsamında Arnavutça, Sırpça ve Türkçe resmî dil statüsüne sahiptir."
Merkez Jupa,(https://tr.wikipedia.org/wiki/Merkez_Jupa_Belediyesi),1,"Türkçe#33: Türkçe aynı zamanda çeşitli ülkelerde resmî açıdan bölgesel veya azınlık dili statüsüne sahiptir. Irak 'ın Kerkük ilinde Türkçe, Kürtçe ve Arapça ile birlikte resmî dildir. Kuzey Makedonya 'nın batısında yer alan Gostivar , Merkez Jupa , Plasniça ve Mavrova ve Rostuşa Belediyesi sınırları içinde Türkçe, Makedonca ve Arnavutça ile beraber resmî kullanımdadır. Kosova 'da Prizren , Mamuşa , Gilan , Mitroviça , Priştine ve Vıçıtırın Belediyesi kapsamında Arnavutça, Sırpça ve Türkçe resmî dil statüsüne sahiptir."
Plasniça,(https://tr.wikipedia.org/wiki/Plasni%C3%A7a_Belediyesi),1,"Türkçe#33: Türkçe aynı zamanda çeşitli ülkelerde resmî açıdan bölgesel veya azınlık dili statüsüne sahiptir. Irak 'ın Kerkük ilinde Türkçe, Kürtçe ve Arapça ile birlikte resmî dildir. Kuzey Makedonya 'nın batısında yer alan Gostivar , Merkez Jupa , Plasniça ve Mavrova ve Rostuşa Belediyesi sınırları içinde Türkçe, Makedonca ve Arnavutça ile beraber resmî kullanımdadır. Kosova 'da Prizren , Mamuşa , Gilan , Mitroviça , Priştine ve Vıçıtırın Belediyesi kapsamında Arnavutça, Sırpça ve Türkçe resmî dil statüsüne sahiptir."
Mavrova ve Rostuşa Belediyesi,(https://tr.wikipedia.org/wiki/Mavrova_ve_Rostu%C5%9Fa_Belediyesi),1,"Türkçe#33: Türkçe aynı zamanda çeşitli ülkelerde resmî açıdan bölgesel veya azınlık dili statüsüne sahiptir. Irak 'ın Kerkük ilinde Türkçe, Kürtçe ve Arapça ile birlikte resmî dildir. Kuzey Makedonya 'nın batısında yer alan Gostivar , Merkez Jupa , Plasniça ve Mavrova ve Rostuşa Belediyesi sınırları içinde Türkçe, Makedonca ve Arnavutça ile beraber resmî kullanımdadır. Kosova 'da Prizren , Mamuşa , Gilan , Mitroviça , Priştine ve Vıçıtırın Belediyesi kapsamında Arnavutça, Sırpça ve Türkçe resmî dil statüsüne sahiptir."
Makedonca,(https://tr.wikipedia.org/wiki/Makedonca),1,"Türkçe#33: Türkçe aynı zamanda çeşitli ülkelerde resmî açıdan bölgesel veya azınlık dili statüsüne sahiptir. Irak 'ın Kerkük ilinde Türkçe, Kürtçe ve Arapça ile birlikte resmî dildir. Kuzey Makedonya 'nın batısında yer alan Gostivar , Merkez Jupa , Plasniça ve Mavrova ve Rostuşa Belediyesi sınırları içinde Türkçe, Makedonca ve Arnavutça ile beraber resmî kullanımdadır. Kosova 'da Prizren , Mamuşa , Gilan , Mitroviça , Priştine ve Vıçıtırın Belediyesi kapsamında Arnavutça, Sırpça ve Türkçe resmî dil statüsüne sahiptir."
Arnavutça,(https://tr.wikipedia.org/wiki/Arnavut%C3%A7a),1,"Türkçe#33: Türkçe aynı zamanda çeşitli ülkelerde resmî açıdan bölgesel veya azınlık dili statüsüne sahiptir. Irak 'ın Kerkük ilinde Türkçe, Kürtçe ve Arapça ile birlikte resmî dildir. Kuzey Makedonya 'nın batısında yer alan Gostivar , Merkez Jupa , Plasniça ve Mavrova ve Rostuşa Belediyesi sınırları içinde Türkçe, Makedonca ve Arnavutça ile beraber resmî kullanımdadır. Kosova 'da Prizren , Mamuşa , Gilan , Mitroviça , Priştine ve Vıçıtırın Belediyesi kapsamında Arnavutça, Sırpça ve Türkçe resmî dil statüsüne sahiptir."
Prizren,(https://tr.wikipedia.org/wiki/Prizren_Belediyesi),1,"Türkçe#33: Türkçe aynı zamanda çeşitli ülkelerde resmî açıdan bölgesel veya azınlık dili statüsüne sahiptir. Irak 'ın Kerkük ilinde Türkçe, Kürtçe ve Arapça ile birlikte resmî dildir. Kuzey Makedonya 'nın batısında yer alan Gostivar , Merkez Jupa , Plasniça ve Mavrova ve Rostuşa Belediyesi sınırları içinde Türkçe, Makedonca ve Arnavutça ile beraber resmî kullanımdadır. Kosova 'da Prizren , Mamuşa , Gilan , Mitroviça , Priştine ve Vıçıtırın Belediyesi kapsamında Arnavutça, Sırpça ve Türkçe resmî dil statüsüne sahiptir."
Mamuşa,(https://tr.wikipedia.org/wiki/Mamu%C5%9Fa_Belediyesi),1,"Türkçe#33: Türkçe aynı zamanda çeşitli ülkelerde resmî açıdan bölgesel veya azınlık dili statüsüne sahiptir. Irak 'ın Kerkük ilinde Türkçe, Kürtçe ve Arapça ile birlikte resmî dildir. Kuzey Makedonya 'nın batısında yer alan Gostivar , Merkez Jupa , Plasniça ve Mavrova ve Rostuşa Belediyesi sınırları içinde Türkçe, Makedonca ve Arnavutça ile beraber resmî kullanımdadır. Kosova 'da Prizren , Mamuşa , Gilan , Mitroviça , Priştine ve Vıçıtırın Belediyesi kapsamında Arnavutça, Sırpça ve Türkçe resmî dil statüsüne sahiptir."
Gilan,(https://tr.wikipedia.org/wiki/Gilan_Belediyesi),1,"Türkçe#33: Türkçe aynı zamanda çeşitli ülkelerde resmî açıdan bölgesel veya azınlık dili statüsüne sahiptir. Irak 'ın Kerkük ilinde Türkçe, Kürtçe ve Arapça ile birlikte resmî dildir. Kuzey Makedonya 'nın batısında yer alan Gostivar , Merkez Jupa , Plasniça ve Mavrova ve Rostuşa Belediyesi sınırları içinde Türkçe, Makedonca ve Arnavutça ile beraber resmî kullanımdadır. Kosova 'da Prizren , Mamuşa , Gilan , Mitroviça , Priştine ve Vıçıtırın Belediyesi kapsamında Arnavutça, Sırpça ve Türkçe resmî dil statüsüne sahiptir."
Mitroviça,(https://tr.wikipedia.org/wiki/Mitrovi%C3%A7a_Belediyesi),1,"Türkçe#33: Türkçe aynı zamanda çeşitli ülkelerde resmî açıdan bölgesel veya azınlık dili statüsüne sahiptir. Irak 'ın Kerkük ilinde Türkçe, Kürtçe ve Arapça ile birlikte resmî dildir. Kuzey Makedonya 'nın batısında yer alan Gostivar , Merkez Jupa , Plasniça ve Mavrova ve Rostuşa Belediyesi sınırları içinde Türkçe, Makedonca ve Arnavutça ile beraber resmî kullanımdadır. Kosova 'da Prizren , Mamuşa , Gilan , Mitroviça , Priştine ve Vıçıtırın Belediyesi kapsamında Arnavutça, Sırpça ve Türkçe resmî dil statüsüne sahiptir."
Priştine,(https://tr.wikipedia.org/wiki/Pri%C5%9Ftine_Belediyesi),1,"Türkçe#33: Türkçe aynı zamanda çeşitli ülkelerde resmî açıdan bölgesel veya azınlık dili statüsüne sahiptir. Irak 'ın Kerkük ilinde Türkçe, Kürtçe ve Arapça ile birlikte resmî dildir. Kuzey Makedonya 'nın batısında yer alan Gostivar , Merkez Jupa , Plasniça ve Mavrova ve Rostuşa Belediyesi sınırları içinde Türkçe, Makedonca ve Arnavutça ile beraber resmî kullanımdadır. Kosova 'da Prizren , Mamuşa , Gilan , Mitroviça , Priştine ve Vıçıtırın Belediyesi kapsamında Arnavutça, Sırpça ve Türkçe resmî dil statüsüne sahiptir."
Vıçıtırın Belediyesi,(https://tr.wikipedia.org/wiki/V%C4%B1%C3%A7%C4%B1t%C4%B1r%C4%B1n_Belediyesi),1,"Türkçe#33: Türkçe aynı zamanda çeşitli ülkelerde resmî açıdan bölgesel veya azınlık dili statüsüne sahiptir. Irak 'ın Kerkük ilinde Türkçe, Kürtçe ve Arapça ile birlikte resmî dildir. Kuzey Makedonya 'nın batısında yer alan Gostivar , Merkez Jupa , Plasniça ve Mavrova ve Rostuşa Belediyesi sınırları içinde Türkçe, Makedonca ve Arnavutça ile beraber resmî kullanımdadır. Kosova 'da Prizren , Mamuşa , Gilan , Mitroviça , Priştine ve Vıçıtırın Belediyesi kapsamında Arnavutça, Sırpça ve Türkçe resmî dil statüsüne sahiptir."
Romanya,(https://tr.wikipedia.org/wiki/Romanya),1,"Türkçe#34: Prizren Belediyesi sınırları içinde Türkçenin resmiyeti ise ayrıca herhangi bir ölçütün dışında, Kosova Cumhuriyeti “Dillerin Kullanımı İçin Yasa” kapsamında yasa koruması altındadır. Romanya 'da Türkçe, devletin ilgili bölge veya bölgeler için resmî olarak kabul ettiği 14 azınlık dilinden biridir."
Kırcaali Belediyesi,(https://tr.wikipedia.org/wiki/K%C4%B1rcaali),1,Türkçe#39: Bulgaristan devlet televizyonunun Türkçe programları vardır. Kırcaali Belediyesi ise iki dilde hizmet verir. Deliorman ve Doğu Rumeli 'de okullarda seçmeli ana dili dersi yer alır. Yunanistan 'ın İskeçe ve Gümülcine 'yi de kapsayan Batı Trakya bölgesinde yer alan 200'ü aşkın azınlık okulunda ise Yunanca ve Türkçe eğitim verilmektedir.
Deliorman,(https://tr.wikipedia.org/wiki/Deliorman),1,Türkçe#39: Bulgaristan devlet televizyonunun Türkçe programları vardır. Kırcaali Belediyesi ise iki dilde hizmet verir. Deliorman ve Doğu Rumeli 'de okullarda seçmeli ana dili dersi yer alır. Yunanistan 'ın İskeçe ve Gümülcine 'yi de kapsayan Batı Trakya bölgesinde yer alan 200'ü aşkın azınlık okulunda ise Yunanca ve Türkçe eğitim verilmektedir.
Doğu Rumeli,(https://tr.wikipedia.org/wiki/Do%C4%9Fu_Rumeli),1,Türkçe#39: Bulgaristan devlet televizyonunun Türkçe programları vardır. Kırcaali Belediyesi ise iki dilde hizmet verir. Deliorman ve Doğu Rumeli 'de okullarda seçmeli ana dili dersi yer alır. Yunanistan 'ın İskeçe ve Gümülcine 'yi de kapsayan Batı Trakya bölgesinde yer alan 200'ü aşkın azınlık okulunda ise Yunanca ve Türkçe eğitim verilmektedir.
İskeçe,(https://tr.wikipedia.org/wiki/%C4%B0ske%C3%A7e),1,Türkçe#39: Bulgaristan devlet televizyonunun Türkçe programları vardır. Kırcaali Belediyesi ise iki dilde hizmet verir. Deliorman ve Doğu Rumeli 'de okullarda seçmeli ana dili dersi yer alır. Yunanistan 'ın İskeçe ve Gümülcine 'yi de kapsayan Batı Trakya bölgesinde yer alan 200'ü aşkın azınlık okulunda ise Yunanca ve Türkçe eğitim verilmektedir.
Gümülcine,(https://tr.wikipedia.org/wiki/G%C3%BCm%C3%BClcine),1,Türkçe#39: Bulgaristan devlet televizyonunun Türkçe programları vardır. Kırcaali Belediyesi ise iki dilde hizmet verir. Deliorman ve Doğu Rumeli 'de okullarda seçmeli ana dili dersi yer alır. Yunanistan 'ın İskeçe ve Gümülcine 'yi de kapsayan Batı Trakya bölgesinde yer alan 200'ü aşkın azınlık okulunda ise Yunanca ve Türkçe eğitim verilmektedir.
Batı Trakya,(https://tr.wikipedia.org/wiki/Bat%C4%B1_Trakya),1,Türkçe#39: Bulgaristan devlet televizyonunun Türkçe programları vardır. Kırcaali Belediyesi ise iki dilde hizmet verir. Deliorman ve Doğu Rumeli 'de okullarda seçmeli ana dili dersi yer alır. Yunanistan 'ın İskeçe ve Gümülcine 'yi de kapsayan Batı Trakya bölgesinde yer alan 200'ü aşkın azınlık okulunda ise Yunanca ve Türkçe eğitim verilmektedir.
Müslüman halkın,(https://tr.wikipedia.org/wiki/M%C3%BCsl%C3%BCman_Rumlar),1,"Türkçe#40: Türkçe, bölgedeki Müslüman halkın dinî eğitiminde de kullanılmaktadır."
Türkiye Türklerinin,(https://tr.wikipedia.org/wiki/T%C3%BCrkler),1,"Türkçe#41: Türkçe, Türkiye'nin ve Türkiye Türklerinin kurumsal dilidir. Türkiye 'de Türk Dil Kurumu , Türk Dili Tetkik Cemiyeti adıyla 12 Temmuz 1932'de Atatürk 'ün talimatıyla kurulmuştur."
Sâmih Rifat,(https://tr.wikipedia.org/wiki/S%C3%A2mih_Rifat),1,"Türkçe#42: Cemiyetin kurucuları, hepsi de milletvekili ve dönemin tanınmış edebiyatçıları olan Sâmih Rifat , Ruşen Eşref , Celâl Sahir ve Yakup Kadri 'dir. Kurumun ilk başkanı Sâmih Rifat'tır. Türk Dili Tetkik Cemiyetinin amacı, ""Türk dilinin öz güzelliğini ve zenginliğini meydana çıkarmak, onu yeryüzü dilleri arasında değerine yaraşır yüksekliğe eriştirmek"" olarak tespit edilmiştir."
Ruşen Eşref,(https://tr.wikipedia.org/wiki/Ru%C5%9Fen_E%C5%9Fref_%C3%9Cnayd%C4%B1n),1,"Türkçe#42: Cemiyetin kurucuları, hepsi de milletvekili ve dönemin tanınmış edebiyatçıları olan Sâmih Rifat , Ruşen Eşref , Celâl Sahir ve Yakup Kadri 'dir. Kurumun ilk başkanı Sâmih Rifat'tır. Türk Dili Tetkik Cemiyetinin amacı, ""Türk dilinin öz güzelliğini ve zenginliğini meydana çıkarmak, onu yeryüzü dilleri arasında değerine yaraşır yüksekliğe eriştirmek"" olarak tespit edilmiştir."
Celâl Sahir,(https://tr.wikipedia.org/wiki/Cel%C3%A2l_Sahir_Erozan),1,"Türkçe#42: Cemiyetin kurucuları, hepsi de milletvekili ve dönemin tanınmış edebiyatçıları olan Sâmih Rifat , Ruşen Eşref , Celâl Sahir ve Yakup Kadri 'dir. Kurumun ilk başkanı Sâmih Rifat'tır. Türk Dili Tetkik Cemiyetinin amacı, ""Türk dilinin öz güzelliğini ve zenginliğini meydana çıkarmak, onu yeryüzü dilleri arasında değerine yaraşır yüksekliğe eriştirmek"" olarak tespit edilmiştir."
Yakup Kadri,(https://tr.wikipedia.org/wiki/Yakup_Kadri_Karaosmano%C4%9Flu),1,"Türkçe#42: Cemiyetin kurucuları, hepsi de milletvekili ve dönemin tanınmış edebiyatçıları olan Sâmih Rifat , Ruşen Eşref , Celâl Sahir ve Yakup Kadri 'dir. Kurumun ilk başkanı Sâmih Rifat'tır. Türk Dili Tetkik Cemiyetinin amacı, ""Türk dilinin öz güzelliğini ve zenginliğini meydana çıkarmak, onu yeryüzü dilleri arasında değerine yaraşır yüksekliğe eriştirmek"" olarak tespit edilmiştir."
Dolmabahçe Sarayı,(https://tr.wikipedia.org/wiki/Dolmabah%C3%A7e_Saray%C4%B1),1,"Türkçe#43: Atatürk'ün sağlığında, 1932, 1934 ve 1936 yıllarında yapılan üç kurultayda hem Kurumun yönetim organları seçilmiş, hem dil politikası belirlenmiş, hem de bilimsel bildiriler sunulup tartışılmıştır. 26 Eylül-5 Ekim 1932 tarihleri arasında Dolmabahçe Sarayı 'nda yapılan Birinci Türk Dili Kurultayı sonunda Kurumun ""Lügat-Istılah, Gramer-Sentaks, Derleme, Lengüistik-Filoloji, Etimoloji, Yayın"" adları ile altı kol hâlinde çalışmalarını sürdürmesi kabul edilmiştir."
Türkoloji,(https://tr.wikipedia.org/wiki/T%C3%BCrkoloji),1,"Türkçe#46: Günümüzde bu kurum, yalnızca Türkiye değil, dünya çapında Türkçe ve Türkoloji ile ilgili çeşitli çalışmalarda kurumsal yüzü veya akademik mensuplarıyla yer almaktadır."
Türk Tarih Kurumu,(https://tr.wikipedia.org/wiki/T%C3%BCrk_Tarih_Kurumu),1,"Türkçe#49: İkinci önemli yapı değişikliği 1982-1983 yıllarında gerçekleştirilmiştir. 1982'de kabul edilen ve şu anda da yürürlükte olan Anayasa ile Türk Dil Kurumu ve Türk Tarih Kurumu , bir Anayasa kuruluşu olan Atatürk Kültür, Dil ve Tarih Yüksek Kurumu çatısı altına alınmış; böylece devletle olan bağlar yeniden ve daha güçlü olarak kurulmuştur."
Türk dillerinin,(https://tr.wikipedia.org/wiki/T%C3%BCrk_dilleri),1,"Türkçe#50: Türkçe, Eski Türkçe yazılmış ve Türk dillerinin bilinen ilk yazılı kaynağı olan Orhun Yazıtları ele alındığında yaklaşık 1.300 yıllık bir tarihe sahiptir. Eski Türkçenin de üyesi olduğu Doğu grubu ile Ogur grubuna ait tüm Türk dillerinin ortak atası olan varsayımsal bir Ön Türkçenin var olduğu da düşünülmektedir."
Eski Türkçenin,(https://tr.wikipedia.org/wiki/Eski_T%C3%BCrk%C3%A7e),1,"Türkçe#50: Türkçe, Eski Türkçe yazılmış ve Türk dillerinin bilinen ilk yazılı kaynağı olan Orhun Yazıtları ele alındığında yaklaşık 1.300 yıllık bir tarihe sahiptir. Eski Türkçenin de üyesi olduğu Doğu grubu ile Ogur grubuna ait tüm Türk dillerinin ortak atası olan varsayımsal bir Ön Türkçenin var olduğu da düşünülmektedir."
Doğu grubu,(https://tr.wikipedia.org/wiki/%C5%9Eaz_T%C3%BCrk%C3%A7esi),1,"Türkçe#50: Türkçe, Eski Türkçe yazılmış ve Türk dillerinin bilinen ilk yazılı kaynağı olan Orhun Yazıtları ele alındığında yaklaşık 1.300 yıllık bir tarihe sahiptir. Eski Türkçenin de üyesi olduğu Doğu grubu ile Ogur grubuna ait tüm Türk dillerinin ortak atası olan varsayımsal bir Ön Türkçenin var olduğu da düşünülmektedir."
Ogur grubuna,(https://tr.wikipedia.org/wiki/Ogur_%C3%B6be%C4%9Fi),1,"Türkçe#50: Türkçe, Eski Türkçe yazılmış ve Türk dillerinin bilinen ilk yazılı kaynağı olan Orhun Yazıtları ele alındığında yaklaşık 1.300 yıllık bir tarihe sahiptir. Eski Türkçenin de üyesi olduğu Doğu grubu ile Ogur grubuna ait tüm Türk dillerinin ortak atası olan varsayımsal bir Ön Türkçenin var olduğu da düşünülmektedir."
Ön Türkçenin,(https://tr.wikipedia.org/wiki/%C3%96n_T%C3%BCrk%C3%A7e),1,"Türkçe#50: Türkçe, Eski Türkçe yazılmış ve Türk dillerinin bilinen ilk yazılı kaynağı olan Orhun Yazıtları ele alındığında yaklaşık 1.300 yıllık bir tarihe sahiptir. Eski Türkçenin de üyesi olduğu Doğu grubu ile Ogur grubuna ait tüm Türk dillerinin ortak atası olan varsayımsal bir Ön Türkçenin var olduğu da düşünülmektedir."
Salarca,(https://tr.wikipedia.org/wiki/Salarca),1,"Türkçe#51: Türkçe, Türkmence , Salarca ve Azerice 'nin, Ana Oğuzca denilen bir dilden evrilerek oluştuğu varsayılır."
Ana Oğuzca,(https://tr.wikipedia.org/wiki/Ana_O%C4%9Fuzca),1,"Türkçe#51: Türkçe, Türkmence , Salarca ve Azerice 'nin, Ana Oğuzca denilen bir dilden evrilerek oluştuğu varsayılır."
Anadolu Selçuklu Devleti,(https://tr.wikipedia.org/wiki/Anadolu_Sel%C3%A7uklu_Devleti),1,"Türkçe#52: Bu ön dilin Türkçeyi oluşturacak batı kolu, 11. ve 15. yüzyıllar arasında Anadolu Selçuklu Devleti ile Anadolu beylikleri etrafında gelişerek Eski Anadolu Türkçesi 'ne evrilmiştir."
Anadolu beylikleri,(https://tr.wikipedia.org/wiki/Anadolu_beylikleri),1,"Türkçe#52: Bu ön dilin Türkçeyi oluşturacak batı kolu, 11. ve 15. yüzyıllar arasında Anadolu Selçuklu Devleti ile Anadolu beylikleri etrafında gelişerek Eski Anadolu Türkçesi 'ne evrilmiştir."
Klasik Osmanlı Türkçesine,(https://tr.wikipedia.org/wiki/Osmanl%C4%B1ca),1,"Türkçe#53: Bu dil dönemi ise yerini, 15. yüzyıldan 19. yüzyıla değin devam edecek Klasik Osmanlı Türkçesine bırakır. Yeni Osmanlı Türkçesi , 19. ve 20. yüzyıllar arasında gelişir."
Yeni Osmanlı Türkçesi,(https://tr.wikipedia.org/wiki/Osmanl%C4%B1ca),1,"Türkçe#53: Bu dil dönemi ise yerini, 15. yüzyıldan 19. yüzyıla değin devam edecek Klasik Osmanlı Türkçesine bırakır. Yeni Osmanlı Türkçesi , 19. ve 20. yüzyıllar arasında gelişir."
Şaz,(https://tr.wikipedia.org/wiki/%C5%9Eaz_T%C3%BCrk%C3%A7esi),1,"Türkçe#55: Ön Türkçe, Ana Türkçe veya Proto-Türkçe; Türk dilleri ailesinin Şaz (Doğu) ve Oğur (Batı) branşlarına ayrılmadan önceki dönemlerine ait varsayımsal (hipotetik) bir ön dil veya proto-dildir ."
Oğur,(https://tr.wikipedia.org/wiki/Ogur_%C3%B6be%C4%9Fi),1,"Türkçe#55: Ön Türkçe, Ana Türkçe veya Proto-Türkçe; Türk dilleri ailesinin Şaz (Doğu) ve Oğur (Batı) branşlarına ayrılmadan önceki dönemlerine ait varsayımsal (hipotetik) bir ön dil veya proto-dildir ."
proto-dildir,(https://tr.wikipedia.org/wiki/Anadil),1,"Türkçe#55: Ön Türkçe, Ana Türkçe veya Proto-Türkçe; Türk dilleri ailesinin Şaz (Doğu) ve Oğur (Batı) branşlarına ayrılmadan önceki dönemlerine ait varsayımsal (hipotetik) bir ön dil veya proto-dildir ."
Karluk,(https://tr.wikipedia.org/wiki/Karluk_grubu),1,"Türkçe#56: Türk dillerinde yazılmış tarihi kaynakların büyük bir kısmı, bu ailenin Doğu koluna ait Karluk , Kıpçak ve Oğuz dilleri ile yazılmıştır."
Kıpçak,(https://tr.wikipedia.org/wiki/K%C4%B1p%C3%A7ak_grubu),1,"Türkçe#56: Türk dillerinde yazılmış tarihi kaynakların büyük bir kısmı, bu ailenin Doğu koluna ait Karluk , Kıpçak ve Oğuz dilleri ile yazılmıştır."
Oğuz,(https://tr.wikipedia.org/wiki/O%C4%9Fuz_dil_grubu),1,"Türkçe#56: Türk dillerinde yazılmış tarihi kaynakların büyük bir kısmı, bu ailenin Doğu koluna ait Karluk , Kıpçak ve Oğuz dilleri ile yazılmıştır."
Hazarca,(https://tr.wikipedia.org/wiki/Hazarca),1,"Türkçe#58: Ancak bu gruba ait olmayan Hazarca , Bulgarca ve Çuvaşça gibi Ogur grubu dilleri de vardır."
Bulgarca,(https://tr.wikipedia.org/wiki/%C4%B0dil_Bulgarcas%C4%B1),1,"Türkçe#58: Ancak bu gruba ait olmayan Hazarca , Bulgarca ve Çuvaşça gibi Ogur grubu dilleri de vardır."
varsayımsal,(https://tr.wikipedia.org/wiki/Hipotez),1,Türkçe#60: Bu dil dönemine ait yazılı kaynakların olmamasından ötürü Ana Türkçe varsayımsal bir 'yeniden oluşturulmuş' dildir ve diğer proto diller gibi belirli bir dönemdeki konuşma dili ile birebir aynı değildir.
Moğolistan,(https://tr.wikipedia.org/wiki/Mo%C4%9Folistan),1,"Türkçe#67: Bugünkü Moğolistan 'da Orhun (öz adında Orkun ) ırmağı yakınlarında bulunan Kül Tigin ve Bilge Kağan yazıtlarından başka, dönemin tanınmış veziri Tonyukuk 'un da kendi için diktirdiği Ulan Bator kenti yakınlarındaki iki taş, Orhun Yazıtları'nın başlıca örnekleridir."
Kül Tigin,(https://tr.wikipedia.org/wiki/K%C3%BCl_Tigin),1,"Türkçe#67: Bugünkü Moğolistan 'da Orhun (öz adında Orkun ) ırmağı yakınlarında bulunan Kül Tigin ve Bilge Kağan yazıtlarından başka, dönemin tanınmış veziri Tonyukuk 'un da kendi için diktirdiği Ulan Bator kenti yakınlarındaki iki taş, Orhun Yazıtları'nın başlıca örnekleridir."
Bilge Kağan,(https://tr.wikipedia.org/wiki/Bilge_Ka%C4%9Fan),1,"Türkçe#67: Bugünkü Moğolistan 'da Orhun (öz adında Orkun ) ırmağı yakınlarında bulunan Kül Tigin ve Bilge Kağan yazıtlarından başka, dönemin tanınmış veziri Tonyukuk 'un da kendi için diktirdiği Ulan Bator kenti yakınlarındaki iki taş, Orhun Yazıtları'nın başlıca örnekleridir."
Tonyukuk,(https://tr.wikipedia.org/wiki/Tonyukuk),1,"Türkçe#67: Bugünkü Moğolistan 'da Orhun (öz adında Orkun ) ırmağı yakınlarında bulunan Kül Tigin ve Bilge Kağan yazıtlarından başka, dönemin tanınmış veziri Tonyukuk 'un da kendi için diktirdiği Ulan Bator kenti yakınlarındaki iki taş, Orhun Yazıtları'nın başlıca örnekleridir."
Ulan Bator,(https://tr.wikipedia.org/wiki/Ulan_Batur),1,"Türkçe#67: Bugünkü Moğolistan 'da Orhun (öz adında Orkun ) ırmağı yakınlarında bulunan Kül Tigin ve Bilge Kağan yazıtlarından başka, dönemin tanınmış veziri Tonyukuk 'un da kendi için diktirdiği Ulan Bator kenti yakınlarındaki iki taş, Orhun Yazıtları'nın başlıca örnekleridir."
Yenisey Yazıtları,(https://tr.wikipedia.org/wiki/Yenisey_Yaz%C4%B1tlar%C4%B1),1,Türkçe#69: Eski Türkçe ile ilgili bilgilere Yenisey Yazıtları 'ndan da ulaşılabilir.
Irk Bitig,(https://tr.wikipedia.org/wiki/Irk_Bitig),1,Türkçe#70: Eski Türkçe hakkında en kapsamlı bilgiler 9. yüzyılda kağıda yazılmış Irk Bitig adlı eserin keşfi ile sağlanmıştır.
sözlük,(https://tr.wikipedia.org/wiki/S%C3%B6zl%C3%BCk),1,"Türkçe#72: Dîvânu Lugâti't-Türk , Türk dilini anlatan ve bu dilin yetisini göstermek için yazılan ilk sözlük yapıtıdır ve Kaşgarlı Mahmud tarafından 25 Ocak 1072'de yazılmaya başlanmış ve 10 Şubat 1074'te bitirilmiştir."
Karahanlı Devleti,(https://tr.wikipedia.org/wiki/Karahanl%C4%B1lar),1,"Türkçe#75: Türkçenin kullanım alanını genişleten bir başka kişi, Karahanlı Devleti 'nin üyesi, ikinci bir Türk ve Türkçe kültür abidesi olan Yusuf Has Hacib 'dir. Yusuf Has Hacib, Kutadgu Bilig adlı yapıtı ile Türk dil birliğinin diğer önemli yazılı temelini attı. 1069-1070 yıllarında bu Türkçe yapıtı tamamladı."
Yusuf Has Hacib,(https://tr.wikipedia.org/wiki/Yusuf_Has_Hacib),1,"Türkçe#75: Türkçenin kullanım alanını genişleten bir başka kişi, Karahanlı Devleti 'nin üyesi, ikinci bir Türk ve Türkçe kültür abidesi olan Yusuf Has Hacib 'dir. Yusuf Has Hacib, Kutadgu Bilig adlı yapıtı ile Türk dil birliğinin diğer önemli yazılı temelini attı. 1069-1070 yıllarında bu Türkçe yapıtı tamamladı."
Kutadgu Bilig,(https://tr.wikipedia.org/wiki/Kutadgu_Bilig),1,"Türkçe#75: Türkçenin kullanım alanını genişleten bir başka kişi, Karahanlı Devleti 'nin üyesi, ikinci bir Türk ve Türkçe kültür abidesi olan Yusuf Has Hacib 'dir. Yusuf Has Hacib, Kutadgu Bilig adlı yapıtı ile Türk dil birliğinin diğer önemli yazılı temelini attı. 1069-1070 yıllarında bu Türkçe yapıtı tamamladı."
Hikmet,(https://tr.wikipedia.org/wiki/Bilim),1,"Türkçe#76: Ahmed Yesevi 12. yüzyılda Türk dilinde yazdığı "" Hikmet "" adlı şiirleri bir araya getiren Türk tasavvuf edebiyatının bilinen en eski örneklerini içeren kitap ile Türkçenin kullanımını etkiledi."
Türk,(https://tr.wikipedia.org/wiki/T%C3%BCrkler),1,"Türkçe#76: Ahmed Yesevi 12. yüzyılda Türk dilinde yazdığı "" Hikmet "" adlı şiirleri bir araya getiren Türk tasavvuf edebiyatının bilinen en eski örneklerini içeren kitap ile Türkçenin kullanımını etkiledi."
tasavvuf,(https://tr.wikipedia.org/wiki/Tasavvuf),1,"Türkçe#76: Ahmed Yesevi 12. yüzyılda Türk dilinde yazdığı "" Hikmet "" adlı şiirleri bir araya getiren Türk tasavvuf edebiyatının bilinen en eski örneklerini içeren kitap ile Türkçenin kullanımını etkiledi."
Yunus Emre,(https://tr.wikipedia.org/wiki/Yunus_Emre),1,"Türkçe#77: 13. ve 14. yüzyılda yaşamını süren Yunus Emre Türkçenin, özellikle ""Türkçe şiir dilinin"" temel ustası ve abidesi olmuştur."
aruz,(https://tr.wikipedia.org/wiki/Aruz),1,"Türkçe#79: Şiirlerinin ölçüsü, Türkçenin ses yapısına uygun aruz olmakla birlikte söyleyişi akıcı, sürükleyici bir nitelik taşır."
Hacı Bayram Veli,(https://tr.wikipedia.org/wiki/Hac%C4%B1_Bayr%C3%A2m-%C4%B1_Vel%C3%AE),1,Türkçe#81: Hacı Bayram Veli 14-15. yüzyılda Anadolu'da yaşamış Türk mutasavvıf ve şair olarak eserlerini Türkçe olarak yazdı ve Türkçenin kullanımını Anadolu'da önemli biçimde etkiledi.
Yazıcıoğlu Muhammed,(https://tr.wikipedia.org/w/index.php?title=Yaz%C4%B1c%C4%B1o%C4%9Flu_Muhammed&action=edit&redlink=1),1,"Türkçe#85: Yazıcıoğlu Muhammed , Eşrefoğlu Rumi gibi öğrencilerinin Envârü'l-âşıkîn , Muhammediye , Müzekinnüfûs gibi eserleri Anadolu'da yıllarca kolaylıkla okunmuş, halkın elinden düşmemiştir."
Eşrefoğlu Rumi,(https://tr.wikipedia.org/wiki/E%C5%9Frefo%C4%9Flu_R%C3%BBm%C3%AE),1,"Türkçe#85: Yazıcıoğlu Muhammed , Eşrefoğlu Rumi gibi öğrencilerinin Envârü'l-âşıkîn , Muhammediye , Müzekinnüfûs gibi eserleri Anadolu'da yıllarca kolaylıkla okunmuş, halkın elinden düşmemiştir."
Akşemsettin,(https://tr.wikipedia.org/wiki/Ak%C5%9Femseddin),1,"Türkçe#86: Ayrıca Akşemsettin (1389/1390 - 1460), 15. yüzyılın en büyük sufilerinden biridir ve Türkçe ile, (örnek olarak Hayatın Maddesi ve Tıp adında) çeşitli eserler ortaya koymuştur."
Arap alfabesinin,(https://tr.wikipedia.org/wiki/Arap_harfleri),1,Türkçe#91: Alfabe olarak Arap alfabesinin Farsça ve Türkçe için uyarlanmış bir biçimi kullanılmıştır.
Tanzimat döneminde,(https://tr.wikipedia.org/wiki/Tanzimat),1,"Türkçe#92: Bu dile ""Osmanlıca"" denilmesi Tanzimat döneminde gerçekleşmiştir."
Latince,(https://tr.wikipedia.org/wiki/Latince),1,"İngilizce#33: Buna rağmen İngilizce konuşulan bölgeler çeşitli diğer halkların işgaline ve fethine uğradıkları için dil özellikle Norman Fransızcası ile Eski Norsça gibi dillerden büyük oranda etkilenmiştir. Latince ve Grekçe de İngilizce üzerinde söz varlığı açısından yoğun etkilere sahiptir. | İngilizce#35: Adını Angluslardan alan Anglosaksonlar ile Saksonların karışımı sonucu ortaya çıkan bu dil, konuşurları tarafından “ Anglik ” olarak da anıldı. Roma İmparatorluğu döneminde adalara gönderilen rahipler aracılığıyla İncil çeviri geleneği ve Latince yazı kültürü güç kazandı; 9.–10. yüzyıllarda ise İskandinav kökenli akınlar ve yerleşimler sonucunda Eski Norsça kaynaklı çok sayıda temel sözcük dile girdi ve çekim sisteminde sadeleşme görüldü. | İngilizce#36: 1066'daki Hastings Savaşı ve Fâtih William 'ın fethiyle yönetici sınıfın dili Norman Fransızcası oldu. Latince idari ve hukuki alanlarda egemenliğini sürdürürken halk gündelik yaşamda İngilizce konuşmaya devam etti. Bu iki dillilik süreci, saray, hukuk ve yönetim başta olmak üzere binlerce Fransızca–Latince kökenli alıntının İngilizceye yerleşmesini sağladı. | Türkçe#93: Ancak modern Türkçenin temeli olan, daha az alıntı sözcüğe sahip ve daha az eğitimli, alt sınıf ve kırsal kesimde yaşayan halkın konuştuğu kaba Türkçe ile edebiyat ve devlet işlerinde kullanılmış Osmanlı Türkçesi, tıpkı Latince ve Halk Latincesinde olduğu gibi düşük bir karşılıklı anlaşılabilirlik göstermektedir."
Halk Latincesinde,(https://tr.wikipedia.org/wiki/Halk_Latincesi),1,"Türkçe#93: Ancak modern Türkçenin temeli olan, daha az alıntı sözcüğe sahip ve daha az eğitimli, alt sınıf ve kırsal kesimde yaşayan halkın konuştuğu kaba Türkçe ile edebiyat ve devlet işlerinde kullanılmış Osmanlı Türkçesi, tıpkı Latince ve Halk Latincesinde olduğu gibi düşük bir karşılıklı anlaşılabilirlik göstermektedir."
Atatürk devrimlerinin,(https://tr.wikipedia.org/wiki/Atat%C3%BCrk_Devrimleri),1,"Türkçe#94: Türkiye Cumhuriyeti 'nin uluslaşma sürecini tamamlayan Türk Devrimi'nin ya da Atatürk devrimlerinin en önemli basamaklarından ilki, Cumhuriyet'in kuruluşundan 5 yıl sonra yapılan Harf Devrimi, ikincisi de Cumhuriyet'in kuruluşundan 9 yıl sonra yapılan Dil Devrimi'dir."
Tanzimat Fermanı,(https://tr.wikipedia.org/wiki/Tanzimat_Ferman%C4%B1),1,Türkçe#102: Türk Dil Devrimi'nin hazırlık evresi olarak nitelendirebileceğimiz ve Tanzimat Fermanı ile başlayan dönemdeki dili yalınlaştırma istemi toplumu kapsayamamıştır.
Osmanlı,(https://tr.wikipedia.org/wiki/Osmanl%C4%B1_%C4%B0mparatorlu%C4%9Fu),1,"Türkçe#106: Bunun nedeni de, Osmanlı 'nın, zamanında barındırdığı halkların olmasıdır."
yazı sistemi,(https://tr.wikipedia.org/wiki/Yaz%C4%B1_sistemi),1,"Türkçe#108: Türkçe, dili kullanan halkların dünyanın çeşitli bölgelerine yayılması ve buradaki kültürler ile etkileşimleri nedeniyle tarih boyunca pek çok yazı sistemi kullanılarak yazılmıştır."
Orhun alfabesi,(https://tr.wikipedia.org/wiki/Eski_T%C3%BCrk_yaz%C4%B1s%C4%B1),1,"Türkçe#109: Bilinen en eski Türk alfabesi olan ve 8. yüzyılın başlarına tarihlenen Orhun alfabesi , yerini bölgedeki yerel alfabelerden etkilenmiş Eski Uygur alfabesine 10. yüzyıl civarında bırakmıştır."
Eski Uygur alfabesine,(https://tr.wikipedia.org/wiki/Eski_Uygur_alfabesi),1,"Türkçe#109: Bilinen en eski Türk alfabesi olan ve 8. yüzyılın başlarına tarihlenen Orhun alfabesi , yerini bölgedeki yerel alfabelerden etkilenmiş Eski Uygur alfabesine 10. yüzyıl civarında bırakmıştır."
Kiril,(https://tr.wikipedia.org/wiki/Kiril_alfabesi),1,"Türkçe#110: Daha sonra farklı bölgelere yayılan Türk boyları Kiril , Yunan , İbrani ve Latin alfabesi|Latin alfabeleri gibi farklı yazı sistemleri benimsemiştir."
Yunan,(https://tr.wikipedia.org/wiki/Yunan_alfabesi),1,"Türkçe#110: Daha sonra farklı bölgelere yayılan Türk boyları Kiril , Yunan , İbrani ve Latin alfabesi|Latin alfabeleri gibi farklı yazı sistemleri benimsemiştir."
İbrani,(https://tr.wikipedia.org/wiki/%C4%B0brani_alfabesi),1,"Türkçe#110: Daha sonra farklı bölgelere yayılan Türk boyları Kiril , Yunan , İbrani ve Latin alfabesi|Latin alfabeleri gibi farklı yazı sistemleri benimsemiştir."
Latin alfabesi|Latin alfabeleri,(https://tr.wikipedia.org/wiki/Latin_harfleri),1,"Türkçe#110: Daha sonra farklı bölgelere yayılan Türk boyları Kiril , Yunan , İbrani ve Latin alfabesi|Latin alfabeleri gibi farklı yazı sistemleri benimsemiştir."
İslam ile temasları,(https://tr.wikipedia.org/wiki/T%C3%BCrklerin_%C4%B0slam%27a_ge%C3%A7i%C5%9Fi),1,Türkçe#111: Türkiye Türkçesinin de üyesi olduğu Oğuz dilleri konuşurları ise İslam ile temasları sonucunda Fars-Arap alfabesi temelli yazı sistemleri geliştirmiştir.
Latin esaslı yeni Türk alfabesine,(https://tr.wikipedia.org/wiki/T%C3%BCrk_alfabesi),1,"Türkçe#112: Bu alfabe, Türkiye Türkçesi için 1 Kasım 1928 tarihinde kabul edilen Latin esaslı yeni Türk alfabesine geçilinceye dek, dilin konuşurlarının temel yazı sistemi olmuştur."
Ermeni,(https://tr.wikipedia.org/wiki/Ermeni_alfabesi),1,"Türkçe#113: Buna ek olarak, Türkçe konuşulan devletlerde yaşayan, Ermeni , Rum , Süryani , Musevi ve Gürcüler gibi azınlıklar da kendi milletlerinin alfabelerini kullanarak Türkçe eserler üretmişlerdir."
Rum,(https://tr.wikipedia.org/wiki/Yunan_alfabesi),1,"Türkçe#113: Buna ek olarak, Türkçe konuşulan devletlerde yaşayan, Ermeni , Rum , Süryani , Musevi ve Gürcüler gibi azınlıklar da kendi milletlerinin alfabelerini kullanarak Türkçe eserler üretmişlerdir."
Süryani,(https://tr.wikipedia.org/wiki/S%C3%BCryani_alfabesi),1,"Türkçe#113: Buna ek olarak, Türkçe konuşulan devletlerde yaşayan, Ermeni , Rum , Süryani , Musevi ve Gürcüler gibi azınlıklar da kendi milletlerinin alfabelerini kullanarak Türkçe eserler üretmişlerdir."
Musevi,(https://tr.wikipedia.org/wiki/%C4%B0brani_alfabesi),1,"Türkçe#113: Buna ek olarak, Türkçe konuşulan devletlerde yaşayan, Ermeni , Rum , Süryani , Musevi ve Gürcüler gibi azınlıklar da kendi milletlerinin alfabelerini kullanarak Türkçe eserler üretmişlerdir."
Gürcüler,(https://tr.wikipedia.org/wiki/G%C3%BCrc%C3%BC_alfabesi),1,"Türkçe#113: Buna ek olarak, Türkçe konuşulan devletlerde yaşayan, Ermeni , Rum , Süryani , Musevi ve Gürcüler gibi azınlıklar da kendi milletlerinin alfabelerini kullanarak Türkçe eserler üretmişlerdir."
Göktürk alfabesi,(https://tr.wikipedia.org/wiki/Eski_T%C3%BCrk_yaz%C4%B1s%C4%B1),1,"Türkçe#114: Türkçenin bilinen ilk alfabesi, Orhun Yazıtları 'nda da kullanılan ve yaygın adıyla Göktürk alfabesi olarak bilinen Orhun alfabesidir. Avrasya'da çeşitli örnekleri bulunan Runik yazıya benzerliğinden ötürü bazen bu şekilde adlandırıldığı da olmuştur. 8. yüzyılın başlarına tarihlenen yazı sisteminin Çin veya Soğd yazı sistemlerinden etkilenerek oluşturulduğu düşünülmektedir."
Avrasya'da,(https://tr.wikipedia.org/wiki/Avrasya),1,"Türkçe#114: Türkçenin bilinen ilk alfabesi, Orhun Yazıtları 'nda da kullanılan ve yaygın adıyla Göktürk alfabesi olarak bilinen Orhun alfabesidir. Avrasya'da çeşitli örnekleri bulunan Runik yazıya benzerliğinden ötürü bazen bu şekilde adlandırıldığı da olmuştur. 8. yüzyılın başlarına tarihlenen yazı sisteminin Çin veya Soğd yazı sistemlerinden etkilenerek oluşturulduğu düşünülmektedir."
Runik yazıya,(https://tr.wikipedia.org/wiki/Runik_yaz%C4%B1),1,"Türkçe#114: Türkçenin bilinen ilk alfabesi, Orhun Yazıtları 'nda da kullanılan ve yaygın adıyla Göktürk alfabesi olarak bilinen Orhun alfabesidir. Avrasya'da çeşitli örnekleri bulunan Runik yazıya benzerliğinden ötürü bazen bu şekilde adlandırıldığı da olmuştur. 8. yüzyılın başlarına tarihlenen yazı sisteminin Çin veya Soğd yazı sistemlerinden etkilenerek oluşturulduğu düşünülmektedir."
Çin,(https://tr.wikipedia.org/wiki/%C3%87in_karakterleri),1,"Türkçe#114: Türkçenin bilinen ilk alfabesi, Orhun Yazıtları 'nda da kullanılan ve yaygın adıyla Göktürk alfabesi olarak bilinen Orhun alfabesidir. Avrasya'da çeşitli örnekleri bulunan Runik yazıya benzerliğinden ötürü bazen bu şekilde adlandırıldığı da olmuştur. 8. yüzyılın başlarına tarihlenen yazı sisteminin Çin veya Soğd yazı sistemlerinden etkilenerek oluşturulduğu düşünülmektedir."
Soğd,(https://tr.wikipedia.org/wiki/So%C4%9Fd_alfabesi),1,"Türkçe#114: Türkçenin bilinen ilk alfabesi, Orhun Yazıtları 'nda da kullanılan ve yaygın adıyla Göktürk alfabesi olarak bilinen Orhun alfabesidir. Avrasya'da çeşitli örnekleri bulunan Runik yazıya benzerliğinden ötürü bazen bu şekilde adlandırıldığı da olmuştur. 8. yüzyılın başlarına tarihlenen yazı sisteminin Çin veya Soğd yazı sistemlerinden etkilenerek oluşturulduğu düşünülmektedir."
Göktürk,(https://tr.wikipedia.org/wiki/G%C3%B6kt%C3%BCrk_Ka%C4%9Fanl%C4%B1%C4%9F%C4%B1),1,"Türkçe#115: Sağdan sola yazılmış alfabe, Göktürk ve Uygur Kağanlıkları tarafından kullanılmış, Karahoca Uygur Krallığı devrinde ise kullanımı ortadan kalkmıştır."
Uygur Kağanlıkları,(https://tr.wikipedia.org/wiki/Uygur_Ka%C4%9Fanl%C4%B1%C4%9F%C4%B1),1,"Türkçe#115: Sağdan sola yazılmış alfabe, Göktürk ve Uygur Kağanlıkları tarafından kullanılmış, Karahoca Uygur Krallığı devrinde ise kullanımı ortadan kalkmıştır."
Karahoca Uygur Krallığı,(https://tr.wikipedia.org/wiki/Karahoca_Uygur_Krall%C4%B1%C4%9F%C4%B1),1,"Türkçe#115: Sağdan sola yazılmış alfabe, Göktürk ve Uygur Kağanlıkları tarafından kullanılmış, Karahoca Uygur Krallığı devrinde ise kullanımı ortadan kalkmıştır."
Eski Uygur alfabesi,(https://tr.wikipedia.org/wiki/Eski_Uygur_alfabesi),1,"Türkçe#116: Eski Uygur alfabesi ise Türk dillerinin bütün yazı çeşitleri içinde en uzun süre kullanılmış olan yazı sistemlerinden biridir. Soğd alfabesinin yakın akrabası olan ve Eski Uygurlar 'ın 840 yılında Turfan bölgesine göçmeleri sonucunda Eski Uygurcaya uyarlanmış alfabe, 16. yüzyılda Arap harfli bir alfabe ile değiştirilene kadar Orta Asya ve İran 'ın bazı kısımlarında yüzyıllarca kullanılmıştır."
Soğd alfabesinin,(https://tr.wikipedia.org/wiki/So%C4%9Fd_alfabesi),1,"Türkçe#116: Eski Uygur alfabesi ise Türk dillerinin bütün yazı çeşitleri içinde en uzun süre kullanılmış olan yazı sistemlerinden biridir. Soğd alfabesinin yakın akrabası olan ve Eski Uygurlar 'ın 840 yılında Turfan bölgesine göçmeleri sonucunda Eski Uygurcaya uyarlanmış alfabe, 16. yüzyılda Arap harfli bir alfabe ile değiştirilene kadar Orta Asya ve İran 'ın bazı kısımlarında yüzyıllarca kullanılmıştır."
Eski Uygurlar,(https://tr.wikipedia.org/wiki/Uygur_Ka%C4%9Fanl%C4%B1%C4%9F%C4%B1),1,"Türkçe#116: Eski Uygur alfabesi ise Türk dillerinin bütün yazı çeşitleri içinde en uzun süre kullanılmış olan yazı sistemlerinden biridir. Soğd alfabesinin yakın akrabası olan ve Eski Uygurlar 'ın 840 yılında Turfan bölgesine göçmeleri sonucunda Eski Uygurcaya uyarlanmış alfabe, 16. yüzyılda Arap harfli bir alfabe ile değiştirilene kadar Orta Asya ve İran 'ın bazı kısımlarında yüzyıllarca kullanılmıştır."
Turfan,(https://tr.wikipedia.org/wiki/Turfan),1,"Türkçe#116: Eski Uygur alfabesi ise Türk dillerinin bütün yazı çeşitleri içinde en uzun süre kullanılmış olan yazı sistemlerinden biridir. Soğd alfabesinin yakın akrabası olan ve Eski Uygurlar 'ın 840 yılında Turfan bölgesine göçmeleri sonucunda Eski Uygurcaya uyarlanmış alfabe, 16. yüzyılda Arap harfli bir alfabe ile değiştirilene kadar Orta Asya ve İran 'ın bazı kısımlarında yüzyıllarca kullanılmıştır."
Eski Uygurcaya,(https://tr.wikipedia.org/wiki/Eski_Uygur_T%C3%BCrk%C3%A7esi),1,"Türkçe#116: Eski Uygur alfabesi ise Türk dillerinin bütün yazı çeşitleri içinde en uzun süre kullanılmış olan yazı sistemlerinden biridir. Soğd alfabesinin yakın akrabası olan ve Eski Uygurlar 'ın 840 yılında Turfan bölgesine göçmeleri sonucunda Eski Uygurcaya uyarlanmış alfabe, 16. yüzyılda Arap harfli bir alfabe ile değiştirilene kadar Orta Asya ve İran 'ın bazı kısımlarında yüzyıllarca kullanılmıştır."
İran,(https://tr.wikipedia.org/wiki/%C4%B0ran),1,"Türkçe#116: Eski Uygur alfabesi ise Türk dillerinin bütün yazı çeşitleri içinde en uzun süre kullanılmış olan yazı sistemlerinden biridir. Soğd alfabesinin yakın akrabası olan ve Eski Uygurlar 'ın 840 yılında Turfan bölgesine göçmeleri sonucunda Eski Uygurcaya uyarlanmış alfabe, 16. yüzyılda Arap harfli bir alfabe ile değiştirilene kadar Orta Asya ve İran 'ın bazı kısımlarında yüzyıllarca kullanılmıştır."
ebcedin,(https://tr.wikipedia.org/wiki/Ebced_hesab%C4%B1),1,Türkçe#117: Alfabe yukarıdan aşağıya doğru yazılmış ve bir ebcedin özelliklerini göstermiştir.
Budist,(https://tr.wikipedia.org/wiki/Budizm),1,"Türkçe#118: Alfabe kullanılarak pek çok Budist ve Maniheist eser yazılmış, Eski Uygurcaya ilk İncil çevirileri gerçekleştirilmiştir. Dunhuang el yazmaları da bu alfabede yazılmış metinler içermektedir. Dîvânu Lugâti't-Türk 'te Kaşgarlı Mahmud , Eski Uygur alfabesini, “Türk alfabesi” adıyla anmaktadır."
Maniheist,(https://tr.wikipedia.org/wiki/Maniheizm),1,"Türkçe#118: Alfabe kullanılarak pek çok Budist ve Maniheist eser yazılmış, Eski Uygurcaya ilk İncil çevirileri gerçekleştirilmiştir. Dunhuang el yazmaları da bu alfabede yazılmış metinler içermektedir. Dîvânu Lugâti't-Türk 'te Kaşgarlı Mahmud , Eski Uygur alfabesini, “Türk alfabesi” adıyla anmaktadır."
İncil,(https://tr.wikipedia.org/wiki/%C4%B0ncil),1,"İngilizce#35: Adını Angluslardan alan Anglosaksonlar ile Saksonların karışımı sonucu ortaya çıkan bu dil, konuşurları tarafından “ Anglik ” olarak da anıldı. Roma İmparatorluğu döneminde adalara gönderilen rahipler aracılığıyla İncil çeviri geleneği ve Latince yazı kültürü güç kazandı; 9.–10. yüzyıllarda ise İskandinav kökenli akınlar ve yerleşimler sonucunda Eski Norsça kaynaklı çok sayıda temel sözcük dile girdi ve çekim sisteminde sadeleşme görüldü. | Türkçe#118: Alfabe kullanılarak pek çok Budist ve Maniheist eser yazılmış, Eski Uygurcaya ilk İncil çevirileri gerçekleştirilmiştir. Dunhuang el yazmaları da bu alfabede yazılmış metinler içermektedir. Dîvânu Lugâti't-Türk 'te Kaşgarlı Mahmud , Eski Uygur alfabesini, “Türk alfabesi” adıyla anmaktadır."
Dunhuang el yazmaları,(https://tr.wikipedia.org/wiki/Dunhuang_el_yazmalar%C4%B1),1,"Türkçe#118: Alfabe kullanılarak pek çok Budist ve Maniheist eser yazılmış, Eski Uygurcaya ilk İncil çevirileri gerçekleştirilmiştir. Dunhuang el yazmaları da bu alfabede yazılmış metinler içermektedir. Dîvânu Lugâti't-Türk 'te Kaşgarlı Mahmud , Eski Uygur alfabesini, “Türk alfabesi” adıyla anmaktadır."
Arap harfli alfabeler,(https://tr.wikipedia.org/wiki/Arap_harfleri),1,"Türkçe#119: 9. yüzyıl civarlarından 20. yüzyılın başlarına dek, yaklaşık 1000 yıl boyunca Türkçe, Arap harfli alfabeler kullanılarak yazılmıştır."
Arap alfabesi,(https://tr.wikipedia.org/wiki/Arap_alfabesi),1,"Türkçe#121: Türkçeyi yazmak için kullanılmış bu yazı sistemi her ne kadar Arap alfabesi kökenli olsa da, Arapçada bulunmayan “j, ç, ŋ, p” gibi sesleri içermesinden ötürü Arap alfabesi ile aynı değildir. Uygurlar ve İran Azeriler gibi bazı Türki halklar hâlen Arap alfabesi kökenli yazı sistemleri kullanmaktadır."
Uygurlar,(https://tr.wikipedia.org/wiki/Uygur_Arap_yaz%C4%B1s%C4%B1),1,"Türkçe#121: Türkçeyi yazmak için kullanılmış bu yazı sistemi her ne kadar Arap alfabesi kökenli olsa da, Arapçada bulunmayan “j, ç, ŋ, p” gibi sesleri içermesinden ötürü Arap alfabesi ile aynı değildir. Uygurlar ve İran Azeriler gibi bazı Türki halklar hâlen Arap alfabesi kökenli yazı sistemleri kullanmaktadır."
İran Azeriler,(https://tr.wikipedia.org/wiki/%C4%B0ran_Azerileri),1,"Türkçe#121: Türkçeyi yazmak için kullanılmış bu yazı sistemi her ne kadar Arap alfabesi kökenli olsa da, Arapçada bulunmayan “j, ç, ŋ, p” gibi sesleri içermesinden ötürü Arap alfabesi ile aynı değildir. Uygurlar ve İran Azeriler gibi bazı Türki halklar hâlen Arap alfabesi kökenli yazı sistemleri kullanmaktadır."
Osmanlı alfabesi,(https://tr.wikipedia.org/wiki/Osmanl%C4%B1_alfabesi),1,Türkçe#122: Arap harfli bir alfabe kullanmış olan Osmanlı İmparatorluğu 'nda alfabenin üzerinde birtakım düzenleme ve eklemeler yapılarak Osmanlı alfabesi denilen bir alfabe kullanılmıştır.
Hint-Avrupa,(https://tr.wikipedia.org/wiki/Hint-Avrupa_dil_ailesi),1,Türkçe#358: Bunun yanı sıra Hint-Avrupa dil ailesinin içinde ayrı gruba ait olan Toharcadan da yazılar bulunmuştur.
fonemi,(https://tr.wikipedia.org/wiki/Fonem),1,Türkçe#125: Bunun sonucunda Arap harfli Türk alfabesi Türkçede yer alan pek çok fonemi (ses birimi) uygun bir şekilde temsil etmemektedir.
telgraf,(https://tr.wikipedia.org/wiki/Telgraf),1,Türkçe#127: Özellikle telgraf ve matbaanın 19. yüzyılda Osmanlı İmparatorluğu'nda yaygınlaşması ile Arap harfli Türk alfabesinin Türkçede yer alan sesleri temsil edememesi daha da büyük bir sorun hâline geldi.
matbaanın,(https://tr.wikipedia.org/wiki/Matbaac%C4%B1l%C4%B1k),1,Türkçe#127: Özellikle telgraf ve matbaanın 19. yüzyılda Osmanlı İmparatorluğu'nda yaygınlaşması ile Arap harfli Türk alfabesinin Türkçede yer alan sesleri temsil edememesi daha da büyük bir sorun hâline geldi.
Ermenilerin,(https://tr.wikipedia.org/wiki/Ermeniler),1,Türkçe#128: Osmanlı Devleti sınırları içinde yaşayan ve konuşma dili olarak Türkçeyi kullanan Ermenilerin bir kısmı günlük hayatlarında ve edebiyatta Ermeni harfli bir yazı sistemi kullanmıştır. Ermeni harfli Türkçe alfabesi Anadolu Ermenicesi de denilen Batı Ermenicesinin alfabesini baz alır; ancak Ermeni diline özgü olan Ծ Ձ Ց harfleri Türkçe yazarken kullanılmaz.
Ermeni harfli,(https://tr.wikipedia.org/wiki/Ermeni_alfabesi),1,Türkçe#128: Osmanlı Devleti sınırları içinde yaşayan ve konuşma dili olarak Türkçeyi kullanan Ermenilerin bir kısmı günlük hayatlarında ve edebiyatta Ermeni harfli bir yazı sistemi kullanmıştır. Ermeni harfli Türkçe alfabesi Anadolu Ermenicesi de denilen Batı Ermenicesinin alfabesini baz alır; ancak Ermeni diline özgü olan Ծ Ձ Ց harfleri Türkçe yazarken kullanılmaz.
Ermeni harfli Türkçe,(https://tr.wikipedia.org/wiki/Ermeni_harfli_T%C3%BCrk%C3%A7e),1,Türkçe#128: Osmanlı Devleti sınırları içinde yaşayan ve konuşma dili olarak Türkçeyi kullanan Ermenilerin bir kısmı günlük hayatlarında ve edebiyatta Ermeni harfli bir yazı sistemi kullanmıştır. Ermeni harfli Türkçe alfabesi Anadolu Ermenicesi de denilen Batı Ermenicesinin alfabesini baz alır; ancak Ermeni diline özgü olan Ծ Ձ Ց harfleri Türkçe yazarken kullanılmaz.
Batı Ermenicesinin,(https://tr.wikipedia.org/wiki/Bat%C4%B1_Ermenicesi),1,Türkçe#128: Osmanlı Devleti sınırları içinde yaşayan ve konuşma dili olarak Türkçeyi kullanan Ermenilerin bir kısmı günlük hayatlarında ve edebiyatta Ermeni harfli bir yazı sistemi kullanmıştır. Ermeni harfli Türkçe alfabesi Anadolu Ermenicesi de denilen Batı Ermenicesinin alfabesini baz alır; ancak Ermeni diline özgü olan Ծ Ձ Ց harfleri Türkçe yazarken kullanılmaz.
Tanzimat sonrası Osmanlı Devleti,(https://tr.wikipedia.org/wiki/Tanzimat_edebiyat%C4%B1),1,Türkçe#129: Bu şekilde yazılmış oldukça fazla eser bulunmaktadır ve alfabe Tanzimat sonrası Osmanlı Devleti 'nin en önemli azınlık yazı sistemi olarak nitelendirilmiştir.
Katolik,(https://tr.wikipedia.org/wiki/Ermeni_Katolik_Kilisesi),1,"Türkçe#130: Özellikle Katolik ve daha az bir şekilde Protestan Ermeniler tarafından kullanılmış bu alfabe, Vartan Paşa tarafından yazılmış ve ilk Türkçe roman olan Akabi Hikâyesi 'nin yazıldığı alfabe de olmuştur. 1841 yılında yazılmış Türkçe İncil de Ermeni harfli Türkçe eserlerden biridir."
Protestan Ermeniler,(https://tr.wikipedia.org/w/index.php?title=Ermeni_Protestan_Kilisesi&action=edit&redlink=1),1,"Türkçe#130: Özellikle Katolik ve daha az bir şekilde Protestan Ermeniler tarafından kullanılmış bu alfabe, Vartan Paşa tarafından yazılmış ve ilk Türkçe roman olan Akabi Hikâyesi 'nin yazıldığı alfabe de olmuştur. 1841 yılında yazılmış Türkçe İncil de Ermeni harfli Türkçe eserlerden biridir."
Vartan Paşa,(https://tr.wikipedia.org/wiki/Vartan_Pa%C5%9Fa),1,"Türkçe#130: Özellikle Katolik ve daha az bir şekilde Protestan Ermeniler tarafından kullanılmış bu alfabe, Vartan Paşa tarafından yazılmış ve ilk Türkçe roman olan Akabi Hikâyesi 'nin yazıldığı alfabe de olmuştur. 1841 yılında yazılmış Türkçe İncil de Ermeni harfli Türkçe eserlerden biridir."
Akabi Hikâyesi,(https://tr.wikipedia.org/wiki/Akabi_Hik%C3%A2yesi),1,"Türkçe#130: Özellikle Katolik ve daha az bir şekilde Protestan Ermeniler tarafından kullanılmış bu alfabe, Vartan Paşa tarafından yazılmış ve ilk Türkçe roman olan Akabi Hikâyesi 'nin yazıldığı alfabe de olmuştur. 1841 yılında yazılmış Türkçe İncil de Ermeni harfli Türkçe eserlerden biridir."
Paris,(https://tr.wikipedia.org/wiki/Paris),1,"Vikipedi#9: Vikipedi'nin ana sunucuları ABD 'nin Florida Eyaleti'ndeki Tampa kentinde, diğer başlıca sunucuları ise Hollanda 'nın Amsterdam , Fransa 'nın Paris ve Güney Kore 'nin Seul kentinde bulunmaktadır. | Türkçe#132: Bunun yanında Paris ve Venedik 'in yanında bulunan St. Lazar adasında da bu eserlere ait kütüphaneler bulunmaktadır."
Venedik,(https://tr.wikipedia.org/wiki/Venedik),1,Türkçe#132: Bunun yanında Paris ve Venedik 'in yanında bulunan St. Lazar adasında da bu eserlere ait kütüphaneler bulunmaktadır.
Karamanlıca,(https://tr.wikipedia.org/wiki/Karamanl%C4%B1ca),1,"Türkçe#133: Osmanlı döneminde Karamanlıca ismi verilen bir Anadolu Türkçesi benimsemiş; ancak dinen Rum Ortodoks Kilisesi 'ne bağlı bir halk olan Karamanlılar , Türkçeyi Yunan alfabesi kullanarak yazmışlardır."
Rum Ortodoks Kilisesi,(https://tr.wikipedia.org/wiki/Rum_Ortodoks_Kilisesi),1,"Türkçe#133: Osmanlı döneminde Karamanlıca ismi verilen bir Anadolu Türkçesi benimsemiş; ancak dinen Rum Ortodoks Kilisesi 'ne bağlı bir halk olan Karamanlılar , Türkçeyi Yunan alfabesi kullanarak yazmışlardır."
Karamanlılar,(https://tr.wikipedia.org/wiki/Karamanl%C4%B1lar),1,"Türkçe#133: Osmanlı döneminde Karamanlıca ismi verilen bir Anadolu Türkçesi benimsemiş; ancak dinen Rum Ortodoks Kilisesi 'ne bağlı bir halk olan Karamanlılar , Türkçeyi Yunan alfabesi kullanarak yazmışlardır."
Helen alfabesi,(https://tr.wikipedia.org/wiki/Yunan_alfabesi),1,"Türkçe#134: Halk, kullandıkları Helen alfabesi ile gazete, dinî metin ve edebî eserler gibi çeşitli Türkçe metinler ortaya koymuştur."
Gürcü alfabeleri,(https://tr.wikipedia.org/wiki/G%C3%BCrc%C3%BC_alfabesi),1,"Türkçe#135: Türkçe ve Azerice dillerinde yazılmış; ancak Gürcü alfabeleri kullanılmış 18. yüzyıla tarihlenen tıbbi ve dinî pek çok metin ile Türkçe-Gürcüce sözlükler de bulunmaktadır. İbranî alfabesi ile yazılmış Yahudi Türkçesinin ise ilk örnekleri 16. yüzyıla uzanmaktadır; ancak diğer azınlık alfabeleri ile yazılmış Türkçe metinlerin aksine bu yazıtların ana amacı, o dönemde Yahudi İspanyolcası konuşmuş Osmanlı Musevilerine Türkçe öğretmektir. Süryani alfabesi ile yazılmış Türkçe dua, şiir ve gazeteler de bulunmaktadır."
İbranî alfabesi,(https://tr.wikipedia.org/wiki/%C4%B0brani_alfabesi),1,"Türkçe#135: Türkçe ve Azerice dillerinde yazılmış; ancak Gürcü alfabeleri kullanılmış 18. yüzyıla tarihlenen tıbbi ve dinî pek çok metin ile Türkçe-Gürcüce sözlükler de bulunmaktadır. İbranî alfabesi ile yazılmış Yahudi Türkçesinin ise ilk örnekleri 16. yüzyıla uzanmaktadır; ancak diğer azınlık alfabeleri ile yazılmış Türkçe metinlerin aksine bu yazıtların ana amacı, o dönemde Yahudi İspanyolcası konuşmuş Osmanlı Musevilerine Türkçe öğretmektir. Süryani alfabesi ile yazılmış Türkçe dua, şiir ve gazeteler de bulunmaktadır."
Yahudi İspanyolcası,(https://tr.wikipedia.org/wiki/Yahudi_%C4%B0spanyolcas%C4%B1),1,"Türkçe#135: Türkçe ve Azerice dillerinde yazılmış; ancak Gürcü alfabeleri kullanılmış 18. yüzyıla tarihlenen tıbbi ve dinî pek çok metin ile Türkçe-Gürcüce sözlükler de bulunmaktadır. İbranî alfabesi ile yazılmış Yahudi Türkçesinin ise ilk örnekleri 16. yüzyıla uzanmaktadır; ancak diğer azınlık alfabeleri ile yazılmış Türkçe metinlerin aksine bu yazıtların ana amacı, o dönemde Yahudi İspanyolcası konuşmuş Osmanlı Musevilerine Türkçe öğretmektir. Süryani alfabesi ile yazılmış Türkçe dua, şiir ve gazeteler de bulunmaktadır."
Süryani alfabesi,(https://tr.wikipedia.org/wiki/S%C3%BCryani_alfabesi),1,"Türkçe#135: Türkçe ve Azerice dillerinde yazılmış; ancak Gürcü alfabeleri kullanılmış 18. yüzyıla tarihlenen tıbbi ve dinî pek çok metin ile Türkçe-Gürcüce sözlükler de bulunmaktadır. İbranî alfabesi ile yazılmış Yahudi Türkçesinin ise ilk örnekleri 16. yüzyıla uzanmaktadır; ancak diğer azınlık alfabeleri ile yazılmış Türkçe metinlerin aksine bu yazıtların ana amacı, o dönemde Yahudi İspanyolcası konuşmuş Osmanlı Musevilerine Türkçe öğretmektir. Süryani alfabesi ile yazılmış Türkçe dua, şiir ve gazeteler de bulunmaktadır."
Latin harflerini,(https://tr.wikipedia.org/wiki/Latin_harfleri),1,"Türkçe#138: Türk alfabesinin içeriği, Latin harflerini yazı sistemlerinde kullanan diğer ülkelerin alfabeleriyle birebir aynı olmayıp Türk dilinin seslerini karşılamaları amacıyla türetilmiş harfleri bulundurmaktadır ( Ç , Ş , Ğ , I , İ , Ö , Ü )."
Ç,(https://tr.wikipedia.org/wiki/%C3%87),1,"Türkçe#138: Türk alfabesinin içeriği, Latin harflerini yazı sistemlerinde kullanan diğer ülkelerin alfabeleriyle birebir aynı olmayıp Türk dilinin seslerini karşılamaları amacıyla türetilmiş harfleri bulundurmaktadır ( Ç , Ş , Ğ , I , İ , Ö , Ü )."
Ş,(https://tr.wikipedia.org/wiki/%C5%9E),1,"Türkçe#138: Türk alfabesinin içeriği, Latin harflerini yazı sistemlerinde kullanan diğer ülkelerin alfabeleriyle birebir aynı olmayıp Türk dilinin seslerini karşılamaları amacıyla türetilmiş harfleri bulundurmaktadır ( Ç , Ş , Ğ , I , İ , Ö , Ü )."
Ğ,(https://tr.wikipedia.org/wiki/%C4%9E),1,"Türkçe#138: Türk alfabesinin içeriği, Latin harflerini yazı sistemlerinde kullanan diğer ülkelerin alfabeleriyle birebir aynı olmayıp Türk dilinin seslerini karşılamaları amacıyla türetilmiş harfleri bulundurmaktadır ( Ç , Ş , Ğ , I , İ , Ö , Ü )."
I,(https://tr.wikipedia.org/wiki/I),1,"Türkçe#138: Türk alfabesinin içeriği, Latin harflerini yazı sistemlerinde kullanan diğer ülkelerin alfabeleriyle birebir aynı olmayıp Türk dilinin seslerini karşılamaları amacıyla türetilmiş harfleri bulundurmaktadır ( Ç , Ş , Ğ , I , İ , Ö , Ü )."
İ,(https://tr.wikipedia.org/wiki/%C4%B0),1,"Türkçe#138: Türk alfabesinin içeriği, Latin harflerini yazı sistemlerinde kullanan diğer ülkelerin alfabeleriyle birebir aynı olmayıp Türk dilinin seslerini karşılamaları amacıyla türetilmiş harfleri bulundurmaktadır ( Ç , Ş , Ğ , I , İ , Ö , Ü )."
Ö,(https://tr.wikipedia.org/wiki/%C3%96),1,"Türkçe#138: Türk alfabesinin içeriği, Latin harflerini yazı sistemlerinde kullanan diğer ülkelerin alfabeleriyle birebir aynı olmayıp Türk dilinin seslerini karşılamaları amacıyla türetilmiş harfleri bulundurmaktadır ( Ç , Ş , Ğ , I , İ , Ö , Ü )."
Ü,(https://tr.wikipedia.org/wiki/%C3%9C),1,"Türkçe#138: Türk alfabesinin içeriği, Latin harflerini yazı sistemlerinde kullanan diğer ülkelerin alfabeleriyle birebir aynı olmayıp Türk dilinin seslerini karşılamaları amacıyla türetilmiş harfleri bulundurmaktadır ( Ç , Ş , Ğ , I , İ , Ö , Ü )."
I,(https://tr.wikipedia.org/wiki/I_(temel_Latin)),1,"Türkçe#139: Ayrıca ISO temel Latin alfabesinde yer alan I , Q , W ve X harfleri Latin harfli Türk alfabesinde yer almaz."
Q,(https://tr.wikipedia.org/wiki/Q),1,"Türkçe#139: Ayrıca ISO temel Latin alfabesinde yer alan I , Q , W ve X harfleri Latin harfli Türk alfabesinde yer almaz."
W,(https://tr.wikipedia.org/wiki/W),1,"Türkçe#139: Ayrıca ISO temel Latin alfabesinde yer alan I , Q , W ve X harfleri Latin harfli Türk alfabesinde yer almaz."
X,(https://tr.wikipedia.org/wiki/X),1,"Türkçe#139: Ayrıca ISO temel Latin alfabesinde yer alan I , Q , W ve X harfleri Latin harfli Türk alfabesinde yer almaz."
foneme,(https://tr.wikipedia.org/wiki/Fonem),1,Türkçe#140: Alfabede genellikle her bir harf bir foneme eş değerdir; ancak bazı harfler birden fazla sesi teşkil edebilir.
C,(https://tr.wikipedia.org/wiki/C),1,Türkçe#143: Örneğin C harfinin okunuşu Türkçede /d͡ʒ/ iken İngilizcede /ˈsiː/ olarak okunabilir.
Ziya Gökalp,(https://tr.wikipedia.org/wiki/Ziya_G%C3%B6kalp),1,"Türkçe#145: Bu ""İstanbul Türkçesi"", Türkçeyi yazarken ve konuşurken model teşkil etmektedir ve kullanımı 1910'larda Ziya Gökalp ve Ömer Seyfettin gibi Türk yazarlar tarafından önerilmiştir."
Ömer Seyfettin,(https://tr.wikipedia.org/wiki/%C3%96mer_Seyfettin),1,"Türkçe#145: Bu ""İstanbul Türkçesi"", Türkçeyi yazarken ve konuşurken model teşkil etmektedir ve kullanımı 1910'larda Ziya Gökalp ve Ömer Seyfettin gibi Türk yazarlar tarafından önerilmiştir."
Türk yazarlar,(https://tr.wikipedia.org/wiki/T%C3%BCrk_edebiyat%C4%B1),1,"Türkçe#145: Bu ""İstanbul Türkçesi"", Türkçeyi yazarken ve konuşurken model teşkil etmektedir ve kullanımı 1910'larda Ziya Gökalp ve Ömer Seyfettin gibi Türk yazarlar tarafından önerilmiştir."
Rumeli,(https://tr.wikipedia.org/wiki/Rumeli),1,"Türkçe#147: Bu gruplara, kendi içlerinde de alt gruplara ayrılan Anadolu , Rumeli , Kıbrıs , Suriye ve Irak diyalekt bölgeleri dahildir."
Kıbrıs,(https://tr.wikipedia.org/wiki/K%C4%B1br%C4%B1s_Cumhuriyeti),1,"Türkçe#147: Bu gruplara, kendi içlerinde de alt gruplara ayrılan Anadolu , Rumeli , Kıbrıs , Suriye ve Irak diyalekt bölgeleri dahildir."
Suriye,(https://tr.wikipedia.org/wiki/Suriye),1,".sy#1: .sy Suriye için internet ülke kodu üst seviye alan adıdır . ( CcTLD ) | Türkçe#147: Bu gruplara, kendi içlerinde de alt gruplara ayrılan Anadolu , Rumeli , Kıbrıs , Suriye ve Irak diyalekt bölgeleri dahildir."
Lazca,(https://tr.wikipedia.org/wiki/Lazca),1,"Türkçe#148: Ağızlar arasında bulunan bazı farklılıkların nedeni, bölgeye göre Lazca , Azerice , Arapça , Kürtçe veya Yunancanın bölgede konuşulan Türkçeye olan etkileridir."
Yunancanın,(https://tr.wikipedia.org/wiki/Yunanca),1,"Türkçe#148: Ağızlar arasında bulunan bazı farklılıkların nedeni, bölgeye göre Lazca , Azerice , Arapça , Kürtçe veya Yunancanın bölgede konuşulan Türkçeye olan etkileridir."
şive,(https://tr.wikipedia.org/wiki/%C5%9Eive),1,Türkçe#149: Türkçenin bu alt dil grupları Türk araştırmacılar tarafından şive veya ağız olarak adlandırılıyor.
ağız,(https://tr.wikipedia.org/wiki/A%C4%9F%C4%B1z_(dilbilim)),1,Türkçe#149: Türkçenin bu alt dil grupları Türk araştırmacılar tarafından şive veya ağız olarak adlandırılıyor.
Anadolu ağız bölgesi,(https://tr.wikipedia.org/wiki/Anadolu_a%C4%9F%C4%B1zlar%C4%B1),1,"Türkçe#150: Anadolu ağız bölgesi , Türkiye 'nin Anadolu topraklarını içerir."
Karadeniz Bölgesi,(https://tr.wikipedia.org/wiki/Karadeniz_B%C3%B6lgesi),1,"Türkçe#154: Anadolu'da özellikle Karadeniz Bölgesi , Güneydoğu Bölgesi ve Ege Bölgesi 'nde ağız farklılıkları belirgindir; ancak bu ağızlar, küçük yaşlardan itibaren eğitimde yazı dilinin kullanımı, basın-yayın gibi bazı nedenlerle yavaş yavaş kaybolmaktadır."
Güneydoğu Bölgesi,(https://tr.wikipedia.org/wiki/G%C3%BCneydo%C4%9Fu_Anadolu_B%C3%B6lgesi),1,"Türkçe#154: Anadolu'da özellikle Karadeniz Bölgesi , Güneydoğu Bölgesi ve Ege Bölgesi 'nde ağız farklılıkları belirgindir; ancak bu ağızlar, küçük yaşlardan itibaren eğitimde yazı dilinin kullanımı, basın-yayın gibi bazı nedenlerle yavaş yavaş kaybolmaktadır."
Ege Bölgesi,(https://tr.wikipedia.org/wiki/Ege_B%C3%B6lgesi),1,"Türkçe#154: Anadolu'da özellikle Karadeniz Bölgesi , Güneydoğu Bölgesi ve Ege Bölgesi 'nde ağız farklılıkları belirgindir; ancak bu ağızlar, küçük yaşlardan itibaren eğitimde yazı dilinin kullanımı, basın-yayın gibi bazı nedenlerle yavaş yavaş kaybolmaktadır."
ǝ,(https://tr.wikipedia.org/wiki/%C6%8E),1,"Türkçe#156: Anadolu ağızlarında ""açık e"" (/ ǝ /), ""hırıltılı h"" (/ ḫ /) ve ""öndamaksıl n"" (/ ŋ /) sesleri, İstanbul ağzında bulunmamaktadır. Ege ağızlarında /r/ sesi kaybolmuştur: var - vā gibi. Orta Anadolu ağızlarında /k/ sesi, /g/ olmuş ( Konya - Gonya , keçi - geçi ), p-b ses değişimi de yaşanmıştır ( piliç - biliç ). Kayseri yöresinde ö-ü sesleri değişmiştir: öküz - oküz gibi ."
ḫ,(https://tr.wikipedia.org/w/index.php?title=%E1%B8%AA&action=edit&redlink=1),1,"Türkçe#156: Anadolu ağızlarında ""açık e"" (/ ǝ /), ""hırıltılı h"" (/ ḫ /) ve ""öndamaksıl n"" (/ ŋ /) sesleri, İstanbul ağzında bulunmamaktadır. Ege ağızlarında /r/ sesi kaybolmuştur: var - vā gibi. Orta Anadolu ağızlarında /k/ sesi, /g/ olmuş ( Konya - Gonya , keçi - geçi ), p-b ses değişimi de yaşanmıştır ( piliç - biliç ). Kayseri yöresinde ö-ü sesleri değişmiştir: öküz - oküz gibi ."
ŋ,(https://tr.wikipedia.org/w/index.php?title=%C5%8A&action=edit&redlink=1),1,"Türkçe#156: Anadolu ağızlarında ""açık e"" (/ ǝ /), ""hırıltılı h"" (/ ḫ /) ve ""öndamaksıl n"" (/ ŋ /) sesleri, İstanbul ağzında bulunmamaktadır. Ege ağızlarında /r/ sesi kaybolmuştur: var - vā gibi. Orta Anadolu ağızlarında /k/ sesi, /g/ olmuş ( Konya - Gonya , keçi - geçi ), p-b ses değişimi de yaşanmıştır ( piliç - biliç ). Kayseri yöresinde ö-ü sesleri değişmiştir: öküz - oküz gibi ."
Ege,(https://tr.wikipedia.org/wiki/Ege_Denizi),1,"Türkçe#156: Anadolu ağızlarında ""açık e"" (/ ǝ /), ""hırıltılı h"" (/ ḫ /) ve ""öndamaksıl n"" (/ ŋ /) sesleri, İstanbul ağzında bulunmamaktadır. Ege ağızlarında /r/ sesi kaybolmuştur: var - vā gibi. Orta Anadolu ağızlarında /k/ sesi, /g/ olmuş ( Konya - Gonya , keçi - geçi ), p-b ses değişimi de yaşanmıştır ( piliç - biliç ). Kayseri yöresinde ö-ü sesleri değişmiştir: öküz - oküz gibi ."
Orta Anadolu,(https://tr.wikipedia.org/wiki/%C4%B0%C3%A7_Anadolu_B%C3%B6lgesi),1,"Türkçe#156: Anadolu ağızlarında ""açık e"" (/ ǝ /), ""hırıltılı h"" (/ ḫ /) ve ""öndamaksıl n"" (/ ŋ /) sesleri, İstanbul ağzında bulunmamaktadır. Ege ağızlarında /r/ sesi kaybolmuştur: var - vā gibi. Orta Anadolu ağızlarında /k/ sesi, /g/ olmuş ( Konya - Gonya , keçi - geçi ), p-b ses değişimi de yaşanmıştır ( piliç - biliç ). Kayseri yöresinde ö-ü sesleri değişmiştir: öküz - oküz gibi ."
Kayseri,(https://tr.wikipedia.org/wiki/Kayseri),1,"Türkçe#156: Anadolu ağızlarında ""açık e"" (/ ǝ /), ""hırıltılı h"" (/ ḫ /) ve ""öndamaksıl n"" (/ ŋ /) sesleri, İstanbul ağzında bulunmamaktadır. Ege ağızlarında /r/ sesi kaybolmuştur: var - vā gibi. Orta Anadolu ağızlarında /k/ sesi, /g/ olmuş ( Konya - Gonya , keçi - geçi ), p-b ses değişimi de yaşanmıştır ( piliç - biliç ). Kayseri yöresinde ö-ü sesleri değişmiştir: öküz - oküz gibi ."
Karadeniz,(https://tr.wikipedia.org/wiki/Karadeniz),1,"Türkçe#157: Doğu ve güneydoğu ağzında ise Arapçaya özgü, alem - a'lem gibi gırtlak sesleri bulunmaktadır. Karadeniz ağızlarında b-p değişimi görülür: bunu - puni."
Rumeli kolu,(https://tr.wikipedia.org/wiki/Rumeli_a%C4%9F%C4%B1zlar%C4%B1),1,Türkçe#158: Türkçenin ağızlarından Rumeli kolu ana ağız grupları bakımından Doğu Rumeli ve Batı Rumeli olarak ikiye ayrılır.
Gyula Németh,(https://tr.wikipedia.org/wiki/Gyula_N%C3%A9meth),1,"Türkçe#160: Batı Rumeli kolunun özellikleri Gyula Németh 'in “Bulgaristan Türk Ağızlarının Sınıflandırılması Üzerine” adlı makalesinde, 8 maddede gösterilmiştir."
Tuna,(https://tr.wikipedia.org/wiki/Tuna),1,"Türkçe#162: Batı Rumeli sahasının coğrafi sınırları Bulgaristan 'da Tuna 'nın hemen güneyindeki Lom 'dan doğuya doğru Vraça , Sofya , Samokov 'dan doğuya doğru ilerleyip Köstendil 'e uzanır."
Batı Asya,(https://tr.wikipedia.org/wiki/Bat%C4%B1_Asya),1,"Türkçe#1: Türkçe ya da Türkiye Türkçesi , Güneydoğu Avrupa ve Batı Asya 'da konuşulan, Türk dilleri dil ailesine ait sondan eklemeli bir dildir . Türk dilleri ailesinin Oğuz dilleri grubundan bir Batı Oğuz dili olan Osmanlı Türkçesinin devamını oluşturur."
sondan eklemeli,(https://tr.wikipedia.org/wiki/Eklemeli_dil),1,"Türkçe#1: Türkçe ya da Türkiye Türkçesi , Güneydoğu Avrupa ve Batı Asya 'da konuşulan, Türk dilleri dil ailesine ait sondan eklemeli bir dildir . Türk dilleri ailesinin Oğuz dilleri grubundan bir Batı Oğuz dili olan Osmanlı Türkçesinin devamını oluşturur."
dildir,(https://tr.wikipedia.org/wiki/Dil),1,"Türkçe#1: Türkçe ya da Türkiye Türkçesi , Güneydoğu Avrupa ve Batı Asya 'da konuşulan, Türk dilleri dil ailesine ait sondan eklemeli bir dildir . Türk dilleri ailesinin Oğuz dilleri grubundan bir Batı Oğuz dili olan Osmanlı Türkçesinin devamını oluşturur."
Batı Oğuz dili,(https://tr.wikipedia.org/wiki/Bat%C4%B1_O%C4%9Fuz_dilleri),1,"Türkçe#1: Türkçe ya da Türkiye Türkçesi , Güneydoğu Avrupa ve Batı Asya 'da konuşulan, Türk dilleri dil ailesine ait sondan eklemeli bir dildir . Türk dilleri ailesinin Oğuz dilleri grubundan bir Batı Oğuz dili olan Osmanlı Türkçesinin devamını oluşturur."
Osmanlı Türkçesinin,(https://tr.wikipedia.org/wiki/Osmanl%C4%B1ca),1,"Türkçe#1: Türkçe ya da Türkiye Türkçesi , Güneydoğu Avrupa ve Batı Asya 'da konuşulan, Türk dilleri dil ailesine ait sondan eklemeli bir dildir . Türk dilleri ailesinin Oğuz dilleri grubundan bir Batı Oğuz dili olan Osmanlı Türkçesinin devamını oluşturur."
Hüseyin Cahit,(https://tr.wikipedia.org/wiki/Cahit_S%C4%B1tk%C4%B1_Taranc%C4%B1),1,"Türkçe#197: Yapıtta örnekler Türkçedir, fakat dil kuralları Arapçanın kurallarına uydurulmuştur. Tanzimat döneminde başta Ahmet Cevdet (1851) ve Fuat Paşa'nın (1865) kitaplarında Osmanlıcanın yapısı göz önünde tutulmuştur. 1908'de ilan edilen Meşrutiyet'ten sonra, Hüseyin Cahit 'in “ Sarf ve Nahiv ” adlı eserinin dilbilgisi konusunda önemli bir yeri vardır."
Arnavutluk,(https://tr.wikipedia.org/wiki/Arnavutluk),1,"Türkçe#163: Ayrıca Makedonya , Arnavutluk , Bosna-Hersek ve Sırbistan 'da Adakale 'yi uç olarak kapsar. Kosova da Batı Rumeli Türkçesinin içinde yer alır."
Bosna-Hersek,(https://tr.wikipedia.org/wiki/Bosna-Hersek),1,".ba#1: .ba , Bosna-Hersek 'in İnternet Ülke Alan Kodu ( CcTLD ) kod harfleri. | Türkçe#163: Ayrıca Makedonya , Arnavutluk , Bosna-Hersek ve Sırbistan 'da Adakale 'yi uç olarak kapsar. Kosova da Batı Rumeli Türkçesinin içinde yer alır."
Sırbistan,(https://tr.wikipedia.org/wiki/S%C4%B1rbistan),1,".rs#1: .rs Sırbistan için internet ülke kodu üst seviye alan adıdır . | Türkçe#163: Ayrıca Makedonya , Arnavutluk , Bosna-Hersek ve Sırbistan 'da Adakale 'yi uç olarak kapsar. Kosova da Batı Rumeli Türkçesinin içinde yer alır."
Adakale,(https://tr.wikipedia.org/wiki/Adakale),1,"Türkçe#163: Ayrıca Makedonya , Arnavutluk , Bosna-Hersek ve Sırbistan 'da Adakale 'yi uç olarak kapsar. Kosova da Batı Rumeli Türkçesinin içinde yer alır."
Trakya,(https://tr.wikipedia.org/wiki/Trakya),1,"Türkçe#164: Doğu Rumeli ağız bölgesi ise Batı Rumeli'nin doğusunda kalan bütün alanı kapsar. Bulgaristan 'da Lom , Vraça , Sofya , Samokov ve Köstendil şehirlerinin doğusundan itibaren ülkenin tamamı, Yunanistan , Makedonya 'nın güney kesimleri ve Türkiye 'nin Trakya 'sı (Doğu Trakya) bu sahanın içindedir."
Kıbrıs ağızları,(https://tr.wikipedia.org/wiki/K%C4%B1br%C4%B1s_T%C3%BCrk%C3%A7esi),1,"Türkçe#165: Kıbrıs ağızları , Kıbrıs 'ta, daha ziyade yerli Kıbrıs Türklerinin konuştuğu, Türkçe ağzıdır."
Kıbrıs Türklerinin,(https://tr.wikipedia.org/wiki/K%C4%B1br%C4%B1s_T%C3%BCrkleri),1,"Türkçe#165: Kıbrıs ağızları , Kıbrıs 'ta, daha ziyade yerli Kıbrıs Türklerinin konuştuğu, Türkçe ağzıdır."
Taşeli,(https://tr.wikipedia.org/wiki/Ta%C5%9Feli),1,Türkçe#166: Türkiye'nin Taşeli yöresi ağzıyla ( Alanya - Anamur - Aydıncık ) benzerlik gösterir.
Alanya,(https://tr.wikipedia.org/wiki/Alanya),1,Türkçe#166: Türkiye'nin Taşeli yöresi ağzıyla ( Alanya - Anamur - Aydıncık ) benzerlik gösterir.
Anamur,(https://tr.wikipedia.org/wiki/Anamur),1,Türkçe#166: Türkiye'nin Taşeli yöresi ağzıyla ( Alanya - Anamur - Aydıncık ) benzerlik gösterir.
Aydıncık,"(https://tr.wikipedia.org/wiki/Ayd%C4%B1nc%C4%B1k,_Mersin)",1,Türkçe#166: Türkiye'nin Taşeli yöresi ağzıyla ( Alanya - Anamur - Aydıncık ) benzerlik gösterir.
Hasan Eren,(https://tr.wikipedia.org/wiki/Hasan_Eren),1,Türkçe#167: Kıbrıs ağızlarıyla ilgili ilk bilimsel çalışma Hasan Eren 'in 1963 yılındaki bildirisidir.
adanın Osmanlı egemenliğine geçmesinden,(https://tr.wikipedia.org/wiki/Osmanl%C4%B1-Venedik_Sava%C5%9F%C4%B1_(1570-1573)),1,"Türkçe#170: Bu durum, adanın Osmanlı egemenliğine geçmesinden sonra Kıbrıs'a gönderilen Türk nüfus hakkındaki tarihi belgelerle de örtüşür."
Suriye sahası,(https://tr.wikipedia.org/wiki/Suriye_a%C4%9F%C4%B1zlar%C4%B1),1,"Türkçe#171: Suriye sahası , Türkçenin Batı Grubu ve çoklukla Doğu Grubu ağızlarına benzeyen bir ağız bölgesidir."
Irak sahası,(https://tr.wikipedia.org/wiki/Irak_a%C4%9F%C4%B1zlar%C4%B1),1,"Türkçe#175: Irak sahası , Türkçe ile Azericenin sınırdaş oldukları bir sahadır. Kerkük , Musul , Telafer gibi yerleşim yerlerinde konuşulur."
Azericenin,(https://tr.wikipedia.org/wiki/Azerice),1,"Türkçe#175: Irak sahası , Türkçe ile Azericenin sınırdaş oldukları bir sahadır. Kerkük , Musul , Telafer gibi yerleşim yerlerinde konuşulur."
Kerkük,(https://tr.wikipedia.org/wiki/Kerk%C3%BCk),1,"Türkçe#175: Irak sahası , Türkçe ile Azericenin sınırdaş oldukları bir sahadır. Kerkük , Musul , Telafer gibi yerleşim yerlerinde konuşulur."
Musul,(https://tr.wikipedia.org/wiki/Musul),1,"Türkçe#175: Irak sahası , Türkçe ile Azericenin sınırdaş oldukları bir sahadır. Kerkük , Musul , Telafer gibi yerleşim yerlerinde konuşulur."
Telafer,(https://tr.wikipedia.org/wiki/Telafer),1,"Türkçe#175: Irak sahası , Türkçe ile Azericenin sınırdaş oldukları bir sahadır. Kerkük , Musul , Telafer gibi yerleşim yerlerinde konuşulur."
dilin,(https://tr.wikipedia.org/wiki/Dil),1,"Türkçe#179: Dilbilgisi ya da gramer, bir dilin ses , biçim ve cümle yapısını inceleyip, kurallarını saptayan bir bilim dalıdır."
Sarf ve Nahiv,(https://tr.wikipedia.org/w/index.php?title=Sarf_ve_Nahiv&action=edit&redlink=1),1,"Türkçe#197: Yapıtta örnekler Türkçedir, fakat dil kuralları Arapçanın kurallarına uydurulmuştur. Tanzimat döneminde başta Ahmet Cevdet (1851) ve Fuat Paşa'nın (1865) kitaplarında Osmanlıcanın yapısı göz önünde tutulmuştur. 1908'de ilan edilen Meşrutiyet'ten sonra, Hüseyin Cahit 'in “ Sarf ve Nahiv ” adlı eserinin dilbilgisi konusunda önemli bir yeri vardır."
cümle,(https://tr.wikipedia.org/wiki/C%C3%BCmle),1,"Türkçe#179: Dilbilgisi ya da gramer, bir dilin ses , biçim ve cümle yapısını inceleyip, kurallarını saptayan bir bilim dalıdır."
bilim,(https://tr.wikipedia.org/wiki/Bilim),1,"Türkçe#179: Dilbilgisi ya da gramer, bir dilin ses , biçim ve cümle yapısını inceleyip, kurallarını saptayan bir bilim dalıdır."
sondan eklemeli bir dildir,(https://tr.wikipedia.org/wiki/Eklemeli_dil),1,Türkçe#180: Türkçe bu hususta sondan eklemeli bir dildir ve dilde pek çok son ek kullanılmaktadır.
son ek,(https://tr.wikipedia.org/wiki/Son_ek),1,Türkçe#180: Türkçe bu hususta sondan eklemeli bir dildir ve dilde pek çok son ek kullanılmaktadır.
yapım ekleri,(https://tr.wikipedia.org/wiki/Yap%C4%B1m_eki),1,"Türkçe#181: Bir sözcükte birden fazla ek yer alabilir ve bu ekler yapım ekleri ve çekim ekleri olmak üzere iki kategoriye ayrılır. Yapım ekleri , isimlerden ve sıfatlardan fiil, fiillerden de isim ve sıfat üretmek için kullanılır. Çekim ekleri ise sözcüğün anlamında değişikliğe yol açmadan sözcüğün hali, sayısı , kişisi gibi özelliklerini belirtir."
çekim ekleri,(https://tr.wikipedia.org/wiki/%C3%87ekim_ekleri),1,"Türkçe#181: Bir sözcükte birden fazla ek yer alabilir ve bu ekler yapım ekleri ve çekim ekleri olmak üzere iki kategoriye ayrılır. Yapım ekleri , isimlerden ve sıfatlardan fiil, fiillerden de isim ve sıfat üretmek için kullanılır. Çekim ekleri ise sözcüğün anlamında değişikliğe yol açmadan sözcüğün hali, sayısı , kişisi gibi özelliklerini belirtir."
Yapım ekleri,(https://tr.wikipedia.org/wiki/Yap%C4%B1m_eki),1,"Türkçe#181: Bir sözcükte birden fazla ek yer alabilir ve bu ekler yapım ekleri ve çekim ekleri olmak üzere iki kategoriye ayrılır. Yapım ekleri , isimlerden ve sıfatlardan fiil, fiillerden de isim ve sıfat üretmek için kullanılır. Çekim ekleri ise sözcüğün anlamında değişikliğe yol açmadan sözcüğün hali, sayısı , kişisi gibi özelliklerini belirtir."
Çekim ekleri,(https://tr.wikipedia.org/wiki/%C3%87ekim_eki),1,"Türkçe#181: Bir sözcükte birden fazla ek yer alabilir ve bu ekler yapım ekleri ve çekim ekleri olmak üzere iki kategoriye ayrılır. Yapım ekleri , isimlerden ve sıfatlardan fiil, fiillerden de isim ve sıfat üretmek için kullanılır. Çekim ekleri ise sözcüğün anlamında değişikliğe yol açmadan sözcüğün hali, sayısı , kişisi gibi özelliklerini belirtir."
sayısı,(https://tr.wikipedia.org/wiki/%C3%87o%C4%9Ful_eki),1,"Türkçe#181: Bir sözcükte birden fazla ek yer alabilir ve bu ekler yapım ekleri ve çekim ekleri olmak üzere iki kategoriye ayrılır. Yapım ekleri , isimlerden ve sıfatlardan fiil, fiillerden de isim ve sıfat üretmek için kullanılır. Çekim ekleri ise sözcüğün anlamında değişikliğe yol açmadan sözcüğün hali, sayısı , kişisi gibi özelliklerini belirtir."
kişisi,(https://tr.wikipedia.org/wiki/%C4%B0yelik_eki),1,"Türkçe#181: Bir sözcükte birden fazla ek yer alabilir ve bu ekler yapım ekleri ve çekim ekleri olmak üzere iki kategoriye ayrılır. Yapım ekleri , isimlerden ve sıfatlardan fiil, fiillerden de isim ve sıfat üretmek için kullanılır. Çekim ekleri ise sözcüğün anlamında değişikliğe yol açmadan sözcüğün hali, sayısı , kişisi gibi özelliklerini belirtir."
ön ek,(https://tr.wikipedia.org/wiki/%C3%96n_ek),1,"Türkçe#184: Dilde bulunan tek yerli ön ek ise, aliterasyon ile oluşturulan, sımsıcak ve masmavi gibi bir özelliği kuvvetlendirici eklerden oluşur."
aliterasyon,(https://tr.wikipedia.org/wiki/Aliterasyon),1,"Türkçe#184: Dilde bulunan tek yerli ön ek ise, aliterasyon ile oluşturulan, sımsıcak ve masmavi gibi bir özelliği kuvvetlendirici eklerden oluşur."
ad aktarması,(https://tr.wikipedia.org/wiki/Ad_aktarmas%C4%B1),1,"Türkçe#191: Bunun dilbilgisindeki adı "" ad aktarması ""dır."
Kitâbu Cevâhirü’n-nahv,(https://tr.wikipedia.org/wiki/Kit%C3%A2b%C3%BC_Cev%C3%A2hiri%27n-Nahv_f%C3%AE_Lug%C3%A2ti%27t-T%C3%BCrk),1,Türkçe#195: Bir Türk dilinin dilbilgisi hakkında tarihteki ilk kaynağın Kaşgarlı Mahmud 'un 11. yüzyılda yazdığı düşünülen “ Kitâbu Cevâhirü’n-nahv ” adlı kitabı olduğu varsayılmaktadır; ancak günümüzde yapıt hâlâ bulunmamıştır.
Bergamalı Kadri,(https://tr.wikipedia.org/wiki/Bergamal%C4%B1_Kadr%C3%AE),1,Türkçe#196: Türkçe yazılmış ilk dilbilgisi kitabı Bergamalı Kadri 'nin “ Müyessiretü’l-Ulûm ” (1559) adlı yapıtıdır.
Müyessiretü’l-Ulûm,(https://tr.wikipedia.org/wiki/M%C3%BCyessiret%C3%BC%27l-Ul%C3%BBm),1,Türkçe#196: Türkçe yazılmış ilk dilbilgisi kitabı Bergamalı Kadri 'nin “ Müyessiretü’l-Ulûm ” (1559) adlı yapıtıdır.
Tanzimat,(https://tr.wikipedia.org/wiki/Tanzimat_edebiyat%C4%B1),1,"Türkçe#197: Yapıtta örnekler Türkçedir, fakat dil kuralları Arapçanın kurallarına uydurulmuştur. Tanzimat döneminde başta Ahmet Cevdet (1851) ve Fuat Paşa'nın (1865) kitaplarında Osmanlıcanın yapısı göz önünde tutulmuştur. 1908'de ilan edilen Meşrutiyet'ten sonra, Hüseyin Cahit 'in “ Sarf ve Nahiv ” adlı eserinin dilbilgisi konusunda önemli bir yeri vardır."
Ahmet Cevdet,(https://tr.wikipedia.org/wiki/Ahmed_Cevdet_Pa%C5%9Fa),1,"Türkçe#197: Yapıtta örnekler Türkçedir, fakat dil kuralları Arapçanın kurallarına uydurulmuştur. Tanzimat döneminde başta Ahmet Cevdet (1851) ve Fuat Paşa'nın (1865) kitaplarında Osmanlıcanın yapısı göz önünde tutulmuştur. 1908'de ilan edilen Meşrutiyet'ten sonra, Hüseyin Cahit 'in “ Sarf ve Nahiv ” adlı eserinin dilbilgisi konusunda önemli bir yeri vardır."
Meşrutiyet'ten,(https://tr.wikipedia.org/wiki/%C4%B0kinci_Me%C5%9Frutiyet),1,"Türkçe#197: Yapıtta örnekler Türkçedir, fakat dil kuralları Arapçanın kurallarına uydurulmuştur. Tanzimat döneminde başta Ahmet Cevdet (1851) ve Fuat Paşa'nın (1865) kitaplarında Osmanlıcanın yapısı göz önünde tutulmuştur. 1908'de ilan edilen Meşrutiyet'ten sonra, Hüseyin Cahit 'in “ Sarf ve Nahiv ” adlı eserinin dilbilgisi konusunda önemli bir yeri vardır."
Cumhuriyet Döneminin,(https://tr.wikipedia.org/wiki/Cumhuriyet_d%C3%B6nemi_T%C3%BCrk_edebiyat%C4%B1),1,"Türkçe#198: Bu kitapta Fransızca dilbilgisinin etkisi görülür. Cumhuriyet Döneminin ilk esaslı dilbilgisi kitabı, İbrahim Necmi Dilmen 'in 1939 tarihli “Türkçe Gramer” adlı yapıtıdır. 1940′tan sonra pek çok Türkçe dilbilgisi kitabı yazılmıştır."
yardımcı eylem,(https://tr.wikipedia.org/wiki/Yard%C4%B1mc%C4%B1_eylem),1,"Türkçe#282: Çünkü bu eylem , yardımcı eylem olarak kullanılır, bunun yerine ""er-"" eylemi ek eylem olarak kullanılır."
Ötüken Neşriyat,(https://tr.wikipedia.org/wiki/%C3%96t%C3%BCken_Ne%C5%9Friyat),1,"Türkçe#312: Ötüken Neşriyat 'ın hazırladığı Ötüken Türkçe Sözlük'te Göktürkçe , Eski Uygurca , Hakaniye Türkçesi , Oğuzca , Eski Anadolu Türkçesi , Osmanlıca , Çağdaş Türkiye Türkçesi ile Anadolu, Rumeli , Kıbrıs ve Kerkük ağızlarından alınan toplam 316.000 sözcük bulunmaktadır."
Göktürkçe,(https://tr.wikipedia.org/wiki/G%C3%B6kt%C3%BCrk%C3%A7e),1,"Türkçe#312: Ötüken Neşriyat 'ın hazırladığı Ötüken Türkçe Sözlük'te Göktürkçe , Eski Uygurca , Hakaniye Türkçesi , Oğuzca , Eski Anadolu Türkçesi , Osmanlıca , Çağdaş Türkiye Türkçesi ile Anadolu, Rumeli , Kıbrıs ve Kerkük ağızlarından alınan toplam 316.000 sözcük bulunmaktadır."
Eski Uygurca,(https://tr.wikipedia.org/wiki/Eski_Uygur_T%C3%BCrk%C3%A7esi),1,"Türkçe#312: Ötüken Neşriyat 'ın hazırladığı Ötüken Türkçe Sözlük'te Göktürkçe , Eski Uygurca , Hakaniye Türkçesi , Oğuzca , Eski Anadolu Türkçesi , Osmanlıca , Çağdaş Türkiye Türkçesi ile Anadolu, Rumeli , Kıbrıs ve Kerkük ağızlarından alınan toplam 316.000 sözcük bulunmaktadır."
Hakaniye Türkçesi,(https://tr.wikipedia.org/wiki/Karahanl%C4%B1_T%C3%BCrk%C3%A7esi),1,"Türkçe#312: Ötüken Neşriyat 'ın hazırladığı Ötüken Türkçe Sözlük'te Göktürkçe , Eski Uygurca , Hakaniye Türkçesi , Oğuzca , Eski Anadolu Türkçesi , Osmanlıca , Çağdaş Türkiye Türkçesi ile Anadolu, Rumeli , Kıbrıs ve Kerkük ağızlarından alınan toplam 316.000 sözcük bulunmaktadır."
Oğuzca,(https://tr.wikipedia.org/wiki/O%C4%9Fuz_dil_grubu),1,"Türkçe#312: Ötüken Neşriyat 'ın hazırladığı Ötüken Türkçe Sözlük'te Göktürkçe , Eski Uygurca , Hakaniye Türkçesi , Oğuzca , Eski Anadolu Türkçesi , Osmanlıca , Çağdaş Türkiye Türkçesi ile Anadolu, Rumeli , Kıbrıs ve Kerkük ağızlarından alınan toplam 316.000 sözcük bulunmaktadır."
İbrahim Necmi Dilmen,(https://tr.wikipedia.org/wiki/%C4%B0brahim_Necmi_Dilmen),1,"Türkçe#198: Bu kitapta Fransızca dilbilgisinin etkisi görülür. Cumhuriyet Döneminin ilk esaslı dilbilgisi kitabı, İbrahim Necmi Dilmen 'in 1939 tarihli “Türkçe Gramer” adlı yapıtıdır. 1940′tan sonra pek çok Türkçe dilbilgisi kitabı yazılmıştır."
Rumeli,(https://tr.wikipedia.org/wiki/Rumeli_a%C4%9F%C4%B1zlar%C4%B1),1,"Türkçe#312: Ötüken Neşriyat 'ın hazırladığı Ötüken Türkçe Sözlük'te Göktürkçe , Eski Uygurca , Hakaniye Türkçesi , Oğuzca , Eski Anadolu Türkçesi , Osmanlıca , Çağdaş Türkiye Türkçesi ile Anadolu, Rumeli , Kıbrıs ve Kerkük ağızlarından alınan toplam 316.000 sözcük bulunmaktadır."
Kıbrıs,(https://tr.wikipedia.org/wiki/K%C4%B1br%C4%B1s_T%C3%BCrk%C3%A7esi),1,"Türkçe#312: Ötüken Neşriyat 'ın hazırladığı Ötüken Türkçe Sözlük'te Göktürkçe , Eski Uygurca , Hakaniye Türkçesi , Oğuzca , Eski Anadolu Türkçesi , Osmanlıca , Çağdaş Türkiye Türkçesi ile Anadolu, Rumeli , Kıbrıs ve Kerkük ağızlarından alınan toplam 316.000 sözcük bulunmaktadır."
Recep Tayyip Erdoğan,(https://tr.wikipedia.org/wiki/Recep_Tayyip_Erdo%C4%9Fan),1,"Vikipedi#80: Dönemin Türkiye başbakanı Recep Tayyip Erdoğan , türban ile ilgili bir demecinde Türkçe Vikipedi 'yi kaynak göstermiştir. | Türkçe#313: 20 Ekim 2008 tarihinde 6. Uluslararası Türk Dili Kurultayı'nın açılışında dönemin başbakanı Recep Tayyip Erdoğan tarafından 616.767 söz varlığı içeren Büyük Türkçe Sözlük çalışması Türk Dil Kurumu sitesi üzerinden sanal ortamda kullanıma açıldı."
Büyük Türkçe Sözlük,(https://tr.wikipedia.org/w/index.php?title=B%C3%BCy%C3%BCk_T%C3%BCrk%C3%A7e_S%C3%B6zl%C3%BCk&action=edit&redlink=1),1,Türkçe#313: 20 Ekim 2008 tarihinde 6. Uluslararası Türk Dili Kurultayı'nın açılışında dönemin başbakanı Recep Tayyip Erdoğan tarafından 616.767 söz varlığı içeren Büyük Türkçe Sözlük çalışması Türk Dil Kurumu sitesi üzerinden sanal ortamda kullanıma açıldı.
Şükrü Haluk Akalın,(https://tr.wikipedia.org/wiki/%C5%9E%C3%BCkr%C3%BC_Hal%C3%BBk_Akal%C4%B1n),1,"Türkçe#314: Türk Dil Kurumunun tüm sözlüklerini bir araya getiren bu sözlük Güncel Türkçe Sözlük yanı sıra 1948-2008 yılları arası yayımlanmış tüm Bilim ve Sanat Terimleri Sözlüklerini, Türkiye Türkçesi Ağızları Sözlüğünü, Yer Adları Sözlüğünü, Kişi Adları Sözlüğünü, Atasözleri ve Deyimler Sözlüğünü, Türkçede Batı Kökenli Kelimeler Sözlüğünü, Türk Lehçeleri Sözlüğünü, Tarama Sözlüğünü, Eş ve Yakın Anlamlı Kelimeler Sözlüğünü ve Zıt Anlamlı Kelimeler Sözlüğünü içermekteydi. 2009 yılında dönemin Türk Dil Kurumu başkanı Şükrü Haluk Akalın Büyük Türkçe Sözlük'ün kitap olarak basılacağını duyurdu."
Gürer Gülsevin,(https://tr.wikipedia.org/wiki/G%C3%BCrer_G%C3%BClsevin),1,"Türkçe#315: Kitap ön hazırlıkları sırasında Atasözleri ve Deyimler Sözlüğü, Türkçede Batı Kökenli Kelimeler Sözlüğü, Türk Lehçeleri Sözlüğü, Tarama Sözlüğü ve Eş ve Yakın Anlamlı Kelimeler Sözlüğü çalışmadan çıkartılarak söz varlığı sayısı 570.723'e düşürüldü. 2012 yılında Şükrü Haluk Akalın'ın Türk Dil Kurumu başkanlığı görevinden ayrılmasıyla Büyük Türkçe Sözlük'ün kitap çalışması devam etmedi. 2019 yılında Türk Dil Kurumu başkanı Gürer Gülsevin tarafından yürütülen yeni genel ağ ve yeni çevrimiçi sözlük sayfasına geçiş çalışmaları sırasında Büyük Türkçe Sözlük'ün sanal ortamdaki kullanımı sonlandırıldı ve bu sözlük ile ilgili bilgiler Türk Dil Kurumu sitesinden kaldırıldı."
Divan Edebiyatı,(https://tr.wikipedia.org/wiki/Divan_edebiyat%C4%B1),1,"Türkçe#322: Bu dönemde yabancı kelimeler Divan Edebiyatı temsilcilerinden Bâkî'de %65, Nef‘î'de %60 ve Nâbî'de %54'e yükselir."
Kamus-ı Türkî,(https://tr.wikipedia.org/wiki/Kam%C3%BBs-%C4%B1_T%C3%BCrk%C3%AE),1,"Türkçe#333: Osmanlı döneminde basılan Kamus-ı Türkî , Lügat-i Naci , Mükemmel Osmanlı Lügati, Resimli Kâmûs-i Osmânî, Mükemmel Kamus-I Osmanî, Türk Lügati ve Cumhuriyet döneminde basılan Yeni Türkçe Lügat, Büyük Osmanlıca-Türkçe Sözlük, Osmanlıca Türkçe Ansiklopedik Lügât, Osmanlıca-Türkçe Sözlük, Osmanlıca-Türkçe Ansiklopedik Sözlük, Osmanlıca Türkçe Lügât, Hayat Büyük Türk Sözlüğü, TDK Türkçe Sözlük, Büyük Türkçe Sözlük ve Misalli Büyük Türkçe Sözlük incelenerek yapılan çalışmada sadece ana/kök kelimeler dikkate alınarak sözcük kökenlerinin Osmanlıca sözlüklerde %62'si Arapça, %21'i Farsça, %13'ü Türkçe ve %4'ü batı dillerinden olduğu; Türkçe sözlüklerde ise %38'i Arapça, %36'sı Türkçe, %16'sı Batı dillerinden, %10'u Farsça olduğu tespit edilmiştir."
Lügat-i Naci,(https://tr.wikipedia.org/wiki/Lugat-i_N%C3%A2c%C3%AE),1,"Türkçe#333: Osmanlı döneminde basılan Kamus-ı Türkî , Lügat-i Naci , Mükemmel Osmanlı Lügati, Resimli Kâmûs-i Osmânî, Mükemmel Kamus-I Osmanî, Türk Lügati ve Cumhuriyet döneminde basılan Yeni Türkçe Lügat, Büyük Osmanlıca-Türkçe Sözlük, Osmanlıca Türkçe Ansiklopedik Lügât, Osmanlıca-Türkçe Sözlük, Osmanlıca-Türkçe Ansiklopedik Sözlük, Osmanlıca Türkçe Lügât, Hayat Büyük Türk Sözlüğü, TDK Türkçe Sözlük, Büyük Türkçe Sözlük ve Misalli Büyük Türkçe Sözlük incelenerek yapılan çalışmada sadece ana/kök kelimeler dikkate alınarak sözcük kökenlerinin Osmanlıca sözlüklerde %62'si Arapça, %21'i Farsça, %13'ü Türkçe ve %4'ü batı dillerinden olduğu; Türkçe sözlüklerde ise %38'i Arapça, %36'sı Türkçe, %16'sı Batı dillerinden, %10'u Farsça olduğu tespit edilmiştir."
Misalli Büyük Türkçe Sözlük,(https://tr.wikipedia.org/wiki/Misalli_B%C3%BCy%C3%BCk_T%C3%BCrk%C3%A7e_S%C3%B6zl%C3%BCk),1,"Türkçe#333: Osmanlı döneminde basılan Kamus-ı Türkî , Lügat-i Naci , Mükemmel Osmanlı Lügati, Resimli Kâmûs-i Osmânî, Mükemmel Kamus-I Osmanî, Türk Lügati ve Cumhuriyet döneminde basılan Yeni Türkçe Lügat, Büyük Osmanlıca-Türkçe Sözlük, Osmanlıca Türkçe Ansiklopedik Lügât, Osmanlıca-Türkçe Sözlük, Osmanlıca-Türkçe Ansiklopedik Sözlük, Osmanlıca Türkçe Lügât, Hayat Büyük Türk Sözlüğü, TDK Türkçe Sözlük, Büyük Türkçe Sözlük ve Misalli Büyük Türkçe Sözlük incelenerek yapılan çalışmada sadece ana/kök kelimeler dikkate alınarak sözcük kökenlerinin Osmanlıca sözlüklerde %62'si Arapça, %21'i Farsça, %13'ü Türkçe ve %4'ü batı dillerinden olduğu; Türkçe sözlüklerde ise %38'i Arapça, %36'sı Türkçe, %16'sı Batı dillerinden, %10'u Farsça olduğu tespit edilmiştir."
Atatürk'ün dil devrimi,(https://tr.wikipedia.org/wiki/Dil_Devrimi),1,"Türkçe#339: Her ne kadar Atatürk'ün dil devrimi ile Türkçe, kökeni Arapça ve Farsça olan sözcüklerden arındırılmaya çalışıldıysa da, dil devriminin politik etkenlerle aksamasından ötürü bu iki dilden sözcükler, Fransızca sözcüklerle birlikte Türkçe sözlüğünün önemli bir bölümünü oluşturmayı sürdürmektedir."
Arap,(https://tr.wikipedia.org/wiki/Araplar),1,Türkçe#340: Ancak Arapça ve Farsçadan gelmiş sözcüklerin bir bölümü o denli Türkçeleşmiştir ki Arap veya Fars dilindeki durumundan oldukça farklıdır ve kimi sözcüklerin anlamı da farklılaşmıştır. [kaynak belirtilmeli]
Fars,(https://tr.wikipedia.org/wiki/Farslar),1,Türkçe#340: Ancak Arapça ve Farsçadan gelmiş sözcüklerin bir bölümü o denli Türkçeleşmiştir ki Arap veya Fars dilindeki durumundan oldukça farklıdır ve kimi sözcüklerin anlamı da farklılaşmıştır. [kaynak belirtilmeli]
Öz Türkçecilik,(https://tr.wikipedia.org/wiki/%C3%96z_T%C3%BCrk%C3%A7e),1,"Türkçe#343: 1983 yılında Türk Dil Kurumunun dernek tüzel kişiliğine son verilmesiyle Öz Türkçecilik çalışmaları durduruldu. 20 Aralık 1984 tarihinde TRT Genel Müdürü Tunca Toskay ; dibilimci Hamza Zülfikar ve Ahmet Bican Ercilasun danışmanlığında yönetim kurul kararı ile dil devrimi ve sonrasında türetilmiş anlatı, bellek, benzeti, betimlemek, deneyim, devrim, doğa, ekin, esin, etkin, gereksinim, görsel, imge, karşın, kuram, kuşku, olanak, örneğin, öykü, özgür, özveri, sanal, sınav, ulus, yanıt, yapay, yapıt, yaşam gibi 205 sözcüğü yasaklayan gizli bir karar yayımladı ve bunu TRT'nin tüm birim ve müdürlüklerine iletti."
TRT,(https://tr.wikipedia.org/wiki/T%C3%BCrkiye_Radyo_Televizyon_Kurumu),1,"Türkçe#343: 1983 yılında Türk Dil Kurumunun dernek tüzel kişiliğine son verilmesiyle Öz Türkçecilik çalışmaları durduruldu. 20 Aralık 1984 tarihinde TRT Genel Müdürü Tunca Toskay ; dibilimci Hamza Zülfikar ve Ahmet Bican Ercilasun danışmanlığında yönetim kurul kararı ile dil devrimi ve sonrasında türetilmiş anlatı, bellek, benzeti, betimlemek, deneyim, devrim, doğa, ekin, esin, etkin, gereksinim, görsel, imge, karşın, kuram, kuşku, olanak, örneğin, öykü, özgür, özveri, sanal, sınav, ulus, yanıt, yapay, yapıt, yaşam gibi 205 sözcüğü yasaklayan gizli bir karar yayımladı ve bunu TRT'nin tüm birim ve müdürlüklerine iletti."
Tunca Toskay,(https://tr.wikipedia.org/wiki/Tunca_Toskay),1,"Türkçe#343: 1983 yılında Türk Dil Kurumunun dernek tüzel kişiliğine son verilmesiyle Öz Türkçecilik çalışmaları durduruldu. 20 Aralık 1984 tarihinde TRT Genel Müdürü Tunca Toskay ; dibilimci Hamza Zülfikar ve Ahmet Bican Ercilasun danışmanlığında yönetim kurul kararı ile dil devrimi ve sonrasında türetilmiş anlatı, bellek, benzeti, betimlemek, deneyim, devrim, doğa, ekin, esin, etkin, gereksinim, görsel, imge, karşın, kuram, kuşku, olanak, örneğin, öykü, özgür, özveri, sanal, sınav, ulus, yanıt, yapay, yapıt, yaşam gibi 205 sözcüğü yasaklayan gizli bir karar yayımladı ve bunu TRT'nin tüm birim ve müdürlüklerine iletti."
Ahmet Bican Ercilasun,(https://tr.wikipedia.org/wiki/Ahmet_Bican_Ercilasun),1,"Türkçe#343: 1983 yılında Türk Dil Kurumunun dernek tüzel kişiliğine son verilmesiyle Öz Türkçecilik çalışmaları durduruldu. 20 Aralık 1984 tarihinde TRT Genel Müdürü Tunca Toskay ; dibilimci Hamza Zülfikar ve Ahmet Bican Ercilasun danışmanlığında yönetim kurul kararı ile dil devrimi ve sonrasında türetilmiş anlatı, bellek, benzeti, betimlemek, deneyim, devrim, doğa, ekin, esin, etkin, gereksinim, görsel, imge, karşın, kuram, kuşku, olanak, örneğin, öykü, özgür, özveri, sanal, sınav, ulus, yanıt, yapay, yapıt, yaşam gibi 205 sözcüğü yasaklayan gizli bir karar yayımladı ve bunu TRT'nin tüm birim ve müdürlüklerine iletti."
Millî Eğitim Bakanlığı,(https://tr.wikipedia.org/wiki/Mill%C3%AE_E%C4%9Fitim_Bakanl%C4%B1%C4%9F%C4%B1_(T%C3%BCrkiye)),1,"Türkçe#344: Daha sonra bu yasaklı sözcükler listesi Millî Eğitim Bakanlığı , Emniyet Genel Müdürlüğü , Devlet İstatistik Enstitüsü gibi diğer kurumların kitap, broşür ve kurum içi yazışmalarında da uygulanmaya başlandı."
Emniyet Genel Müdürlüğü,(https://tr.wikipedia.org/wiki/Emniyet_Genel_M%C3%BCd%C3%BCrl%C3%BC%C4%9F%C3%BC),1,"Türkçe#344: Daha sonra bu yasaklı sözcükler listesi Millî Eğitim Bakanlığı , Emniyet Genel Müdürlüğü , Devlet İstatistik Enstitüsü gibi diğer kurumların kitap, broşür ve kurum içi yazışmalarında da uygulanmaya başlandı."
Devlet İstatistik Enstitüsü,(https://tr.wikipedia.org/wiki/T%C3%BCrkiye_%C4%B0statistik_Kurumu),1,"Türkçe#344: Daha sonra bu yasaklı sözcükler listesi Millî Eğitim Bakanlığı , Emniyet Genel Müdürlüğü , Devlet İstatistik Enstitüsü gibi diğer kurumların kitap, broşür ve kurum içi yazışmalarında da uygulanmaya başlandı."
Soğdcadan,(https://tr.wikipedia.org/wiki/So%C4%9Fdca),1,Türkçe#353: Özellikle Soğdcadan birtakım alıntı gerçekleştiği sanılıyor ya da tersine Türkçeden Soğdcaya.
Sincan,(https://tr.wikipedia.org/wiki/Sincan_Uygur_%C3%96zerk_B%C3%B6lgesi),1,"Türkçe#357: Çin'de Uygur Türklerinin yaşadığı ve özerkliğe sahip olan Sincan (Doğu Türkistan) bölgesinde İrani olan Partça, Orta Farsça, Soğdca ve Sakaca dillerinden yazı buluntular tespit edilmiştir."
İrani,(https://tr.wikipedia.org/wiki/%C4%B0ran_dilleri),1,"Türkçe#357: Çin'de Uygur Türklerinin yaşadığı ve özerkliğe sahip olan Sincan (Doğu Türkistan) bölgesinde İrani olan Partça, Orta Farsça, Soğdca ve Sakaca dillerinden yazı buluntular tespit edilmiştir."
Osmanlıca,(https://tr.wikipedia.org/wiki/Osmanl%C4%B1ca),1,"Türkçe#312: Ötüken Neşriyat 'ın hazırladığı Ötüken Türkçe Sözlük'te Göktürkçe , Eski Uygurca , Hakaniye Türkçesi , Oğuzca , Eski Anadolu Türkçesi , Osmanlıca , Çağdaş Türkiye Türkçesi ile Anadolu, Rumeli , Kıbrıs ve Kerkük ağızlarından alınan toplam 316.000 sözcük bulunmaktadır."
Balkanlar,(https://tr.wikipedia.org/wiki/Balkanlar),1,"Türkçe#2: Dil, başta Türkiye olmak üzere Balkanlar , Ege Adaları , Kıbrıs ve Orta Doğu 'yu kapsayan eski Osmanlı İmparatorluğu coğrafyasında konuşulur."
Tahsin Banguoğlu,(https://tr.wikipedia.org/wiki/Tahsin_Banguo%C4%9Flu),1,"Türkçe#199: Bunlardan önemli olanları: Tahsin Banguoğlu 'nun “ Ana Hatlarıyla Türk Grameri ” (1940), Tahir Nejat Gencan 'ın “Dilbilgisi” (1950-1954) ve Muharrem Ergin 'in “Türkçe Dil Bilgisi”dir (1958)"
Ana Hatlarıyla Türk Grameri,(https://tr.wikipedia.org/w/index.php?title=Ana_Hatlar%C4%B1yla_T%C3%BCrk_Grameri&action=edit&redlink=1),1,"Türkçe#199: Bunlardan önemli olanları: Tahsin Banguoğlu 'nun “ Ana Hatlarıyla Türk Grameri ” (1940), Tahir Nejat Gencan 'ın “Dilbilgisi” (1950-1954) ve Muharrem Ergin 'in “Türkçe Dil Bilgisi”dir (1958)"
Tahir Nejat Gencan,(https://tr.wikipedia.org/wiki/Tahir_Nejat_Gencan),1,"Türkçe#199: Bunlardan önemli olanları: Tahsin Banguoğlu 'nun “ Ana Hatlarıyla Türk Grameri ” (1940), Tahir Nejat Gencan 'ın “Dilbilgisi” (1950-1954) ve Muharrem Ergin 'in “Türkçe Dil Bilgisi”dir (1958)"
zamanla,(https://tr.wikipedia.org/wiki/Zaman),1,"Türkçe#280: Bu eylemin İlk Türkçede durumu ""er-"" biçimindedir, zamanla ""i-"" biçiminde kalmıştır."
Kuzey Kıbrıs,(https://tr.wikipedia.org/wiki/Kuzey_K%C4%B1br%C4%B1s_T%C3%BCrk_Cumhuriyeti),1,"Türkçe#4: Türkçe, Türkiye , Kuzey Kıbrıs ve Kıbrıs Cumhuriyeti 'nde ulusal resmî dil statüsüne sahiptir."
Hint-Avrupa dilleri,(https://tr.wikipedia.org/wiki/Hint-Avrupa_dil_ailesi),1,"Türkçe#201: Bu özelliğin bulunmadığı Hint-Avrupa dilleri kolundan gelen İngilizce, Almanca ve İspanyolca aşağıda Türkçe ile karşılaştırılmıştır."
Şaz Türkçesi,(https://tr.wikipedia.org/wiki/%C5%9Eaz_T%C3%BCrk%C3%A7esi),1,"Türkçe#12: Türkçe, dil ailesi sınıflandırmasında Doğu Avrupa , Orta Asya ve Sibirya 'da konuşulan 30 kadar yaşayan dili kapsayan Türk dilleri ailesine mensuptur ve bu dil ailesinin Şaz Türkçesi koluna bağlı Oğuz dil grubunda yer alır. Oğuz grubu içinde ise Rumeli Türkçesi ve Gagavuzca ile birlikte grubun Batı kolunu oluşturur."
ünlü uyumu,(https://tr.wikipedia.org#Büyük_ve_küçük_ünlü_uyumu),1,"Türkçe#5: Türkçe, diğer pek çok Türk dili ile de paylaştığı sondan eklemeli olması ve ünlü uyumu gibi dilbilgisi özellikleri ile karakterize edilir."
tümce yapısı,(https://tr.wikipedia.org/wiki/C%C3%BCmlenin_%C3%B6geleri),1,"Türkçe#6: Dil, tümce yapısı açısından genellikle özne-nesne-yüklem sırasına sahiptir."
özne-nesne-yüklem,(https://tr.wikipedia.org/wiki/%C3%96zne-nesne-fiil),1,"Türkçe#6: Dil, tümce yapısı açısından genellikle özne-nesne-yüklem sırasına sahiptir."
gramatik cinsiyetin,(https://tr.wikipedia.org/wiki/Gramatik_cinsiyet),1,"Türkçe#7: Almanca, Arapça gibi dillerin aksine gramatik cinsiyetin (erillik, dişilik, cinsiyet ayrımı) bulunmadığı Türkçede, sözcüklerin bir kısmı Arapça , Farsça ve Fransızca gibi yabancı dillerden geçmedir."
büyük ünlü uyumu,(https://tr.wikipedia.org/wiki/B%C3%BCy%C3%BCk_%C3%BCnl%C3%BC_uyumu),1,Türkçe#208: Türkçede büyük ünlü uyumu ve küçük ünlü uyumu olarak bilinen iki ünlü uyumu vardır.
küçük ünlü uyumu,(https://tr.wikipedia.org/wiki/K%C3%BC%C3%A7%C3%BCk_%C3%BCnl%C3%BC_uyumu),1,Türkçe#208: Türkçede büyük ünlü uyumu ve küçük ünlü uyumu olarak bilinen iki ünlü uyumu vardır.
Fransızca,(https://tr.wikipedia.org/wiki/Frans%C4%B1zca),1,"İngilizce#98: Eskiden İngilizce, bilimsel araştırmalarda Fransızca ve Almancaya eşitti, ancak şimdi bu alana hakim. 1919'daki Versay Antlaşması müzakerelerinde bir diplomasi dili olarak Fransızca ile eşitlik sağladı. II. Dünya Savaşı ve şu anda dünya çapında diplomasi ve uluslararası ilişkilerin ana dilidir. Uluslararası Olimpiyat Komitesi de dahil olmak üzere dünya çapındaki diğer birçok uluslararası kuruluş, kuruluşun çalışma dili veya resmî dili olarak İngilizceyi belirtir. | İngilizce#101: Bir sonraki en sık bahsedilen yabancı dil olan Fransızca (Birleşik Krallık ve İrlanda'da en çok bilinen yabancı dildir), katılımcıların yüzde 12'si tarafından konuşmalarda kullanılabilir. | Jenerik#5: Türkçeye aynı anlamdaki Fransızca générique sözcüğünden geçmiştir. | .tf#2: Fransız Güney ve Antarktika Toprakları, duruma göre Fransız toprağı olarak tanınan veya Fransa tarafından hak iddia edilen ancak Antarktika Antlaşması kapsamında askıya alınan bölgelerdir ve alan adı, toprakların Fransızca ismi olan Terres australes et antarctiques françaises 'den gelmektedir. | Türkçe#7: Almanca, Arapça gibi dillerin aksine gramatik cinsiyetin (erillik, dişilik, cinsiyet ayrımı) bulunmadığı Türkçede, sözcüklerin bir kısmı Arapça , Farsça ve Fransızca gibi yabancı dillerden geçmedir."
kalın bir ünlü,(https://tr.wikipedia.org/wiki/%C3%9Cnl%C3%BC_(dilbilim)),1,"Türkçe#212: İstisna oluşturan birkaç sözcük de, köken bakımıyla Türkçe olup uyum dışına çıkan sözlerdir: elma (<< alma); ücra (<< uçra) gibi. Bu kurala göre Türkçede bir sözcüğün ilk hecesinde kalın bir ünlü (a, ı, o, u) varsa, izleyen hecelerde de kalın heceler; ince bir ünlü (e, i, ö, ü) varsa, izleyen hecelerde de ince ünlüler yer alır. Küçük ünlü uyumunda sözcüğün ilk hecesi düz ünlüyle başlamışsa (a, e, ı, i) diğer hecelerde düz ünlüyle devam eder."
ince bir ünlü,(https://tr.wikipedia.org/wiki/%C3%9Cnl%C3%BC_(dilbilim)),1,"Türkçe#212: İstisna oluşturan birkaç sözcük de, köken bakımıyla Türkçe olup uyum dışına çıkan sözlerdir: elma (<< alma); ücra (<< uçra) gibi. Bu kurala göre Türkçede bir sözcüğün ilk hecesinde kalın bir ünlü (a, ı, o, u) varsa, izleyen hecelerde de kalın heceler; ince bir ünlü (e, i, ö, ü) varsa, izleyen hecelerde de ince ünlüler yer alır. Küçük ünlü uyumunda sözcüğün ilk hecesi düz ünlüyle başlamışsa (a, e, ı, i) diğer hecelerde düz ünlüyle devam eder."
fonem,(https://tr.wikipedia.org/wiki/Fonem),1,Türkçe#214: Türkçede iki adet ses ya da fonem grubu vardır.
ağızdan,(https://tr.wikipedia.org/wiki/A%C4%9F%C4%B1z),1,Türkçe#215: Bunlardan ilki ağızdan sürekli ve engelsiz çıkan ünlü seslerdir.
sesler,(https://tr.wikipedia.org/wiki/Ses),1,Türkçe#240: Türk dillerinde zaman içinde değişen belli başlı sesler vardır.
evrimler,(https://tr.wikipedia.org/wiki/Evrim),1,Türkçe#241: İlk Türkçeden bu yana değişimi olağan olan evrimler olduğu gibi değişimi olağan olmayanları da vardır.
Latin alfabesini,(https://tr.wikipedia.org/wiki/Latin_harfleri),1,"Türkçe#9: Türkçe, 1928'de Atatürk önderliğinde gerçekleştirilmiş Harf Devrimi 'nden beri Latin alfabesini temel alan Türk alfabesi ile yazılır."
Türk alfabesi,(https://tr.wikipedia.org/wiki/T%C3%BCrk_alfabesi),1,"Türkçe#9: Türkçe, 1928'de Atatürk önderliğinde gerçekleştirilmiş Harf Devrimi 'nden beri Latin alfabesini temel alan Türk alfabesi ile yazılır."
zamanlar,(https://tr.wikipedia.org/wiki/Zaman),1,Türkçe#274: Türkçede zamanlar çok çeşitlidir ve varlıklıdır.
standart formudur,(https://tr.wikipedia.org/wiki/Standart_dil),1,"Türkçe#11: İstanbul Türkçesi olarak da adlandırılan İstanbul ağzı; Türkçenin standart formudur ve Türkçe yazı dili , bu ağzı temel alır. Bununla birlikte Güneydoğu Avrupa ve Orta Doğu 'da çeşitli Türkçe şiveleri bulunur ve bu şiveler İstanbul Türkçesi ile çeşitli ses ve dilbilgisi farklılıklarına sahiptir."
yazı dili,(https://tr.wikipedia.org/wiki/Yaz%C4%B1_dili),1,"Türkçe#11: İstanbul Türkçesi olarak da adlandırılan İstanbul ağzı; Türkçenin standart formudur ve Türkçe yazı dili , bu ağzı temel alır. Bununla birlikte Güneydoğu Avrupa ve Orta Doğu 'da çeşitli Türkçe şiveleri bulunur ve bu şiveler İstanbul Türkçesi ile çeşitli ses ve dilbilgisi farklılıklarına sahiptir."
Türkçe şiveleri,(https://tr.wikipedia.org/wiki/T%C3%BCrk%C3%A7e_a%C4%9F%C4%B1zlar%C4%B1),1,"Türkçe#11: İstanbul Türkçesi olarak da adlandırılan İstanbul ağzı; Türkçenin standart formudur ve Türkçe yazı dili , bu ağzı temel alır. Bununla birlikte Güneydoğu Avrupa ve Orta Doğu 'da çeşitli Türkçe şiveleri bulunur ve bu şiveler İstanbul Türkçesi ile çeşitli ses ve dilbilgisi farklılıklarına sahiptir."
ses,(https://tr.wikipedia.org/wiki/Sesbirim),1,"Türkçe#11: İstanbul Türkçesi olarak da adlandırılan İstanbul ağzı; Türkçenin standart formudur ve Türkçe yazı dili , bu ağzı temel alır. Bununla birlikte Güneydoğu Avrupa ve Orta Doğu 'da çeşitli Türkçe şiveleri bulunur ve bu şiveler İstanbul Türkçesi ile çeşitli ses ve dilbilgisi farklılıklarına sahiptir."
dördü,(https://tr.wikipedia.org/wiki/4_(say%C4%B1)),1,Türkçe#279: Bunların dördü de “olmak” (İlk Türkçede “bolmak”) anlamına gelen i- eyleminden gelir.
Muharrem Ergin,(https://tr.wikipedia.org/wiki/Muharrem_Ergin),1,"Türkçe#199: Bunlardan önemli olanları: Tahsin Banguoğlu 'nun “ Ana Hatlarıyla Türk Grameri ” (1940), Tahir Nejat Gencan 'ın “Dilbilgisi” (1950-1954) ve Muharrem Ergin 'in “Türkçe Dil Bilgisi”dir (1958)"
Oğuz dil grubunda,(https://tr.wikipedia.org/wiki/O%C4%9Fuz_dil_grubu),1,"Türkçe#12: Türkçe, dil ailesi sınıflandırmasında Doğu Avrupa , Orta Asya ve Sibirya 'da konuşulan 30 kadar yaşayan dili kapsayan Türk dilleri ailesine mensuptur ve bu dil ailesinin Şaz Türkçesi koluna bağlı Oğuz dil grubunda yer alır. Oğuz grubu içinde ise Rumeli Türkçesi ve Gagavuzca ile birlikte grubun Batı kolunu oluşturur."
sondan eklemeli olması,(https://tr.wikipedia.org/wiki/Eklemeli_dil),1,"Türkçe#5: Türkçe, diğer pek çok Türk dili ile de paylaştığı sondan eklemeli olması ve ünlü uyumu gibi dilbilgisi özellikleri ile karakterize edilir."
