E,U,Frekans,Kaynak_IDler
ICANN,(https://tr.wikipedia.org/wiki/%C4%B0nternet_Tahsisli_Say%C4%B1lar_ve_%C4%B0simler_Kurumu),3,".au#3: Yaklaşık beş yıllık süreçten sonra 1990 yılında, internet sektöründe kendini düzenleyici kurum olarak .au Domain Administration açılmıştır. 2001 yılında ICANN 'dan onay aldı. 1 Temmuz 2002 tarihinde süreli etki alanı kaydı için yeni bir rekabet rejimi başladı. | .kp#3: Ancak, ICANN bazı gereksinimleri karşılamadığı için başvuruyu reddetti. | .com#4: Bu alan adı başlangıçta Amerika Birleşik Devletleri Savunma Bakanlığı'nın bünyesindeyken günümüzde Verisign tarafından yönetilmektedir ve ABD yasasının nihai yargı yetkisi kapsamındadır. Verisign Kayıtları, ICANN tarafından akredite edilmiş kayıt şirketleri aracılığıyla gerçekleştirilmektedir. | .net#7: Alan adı idaresinden sorumlu kurum olan ICANN , sözleşme bitimi sonrasında alan adı işinin idaresini üstlenecek yeni şirketi aramaya başladı. Verisign sözleşmeyi yeniden kazandı ve .net alan adının yönetimini altı yıllığına daha almış oldu. 30 Haziran 2011 tarihinde Verisign ile olan sözleşme altı yıllığına yenilendi. | .net#8: Bu durumun yasal dayanağınun sebebi, Verisign'ın ICANN gerekliliklerini karşıladığı sürece yenileme yapılacağına dair ICANN kurulu tarafından onaylanmış olan karardır."
.com,(https://tr.wikipedia.org/wiki/.com),3,"DNS#39: En üste .com , .org , .net , .int , .edu , .info , .biz , .aero , .travel , .jobs , .gov , .mil gibi "" jenerik "" üst düzey alanlarla ( gTLD ) .tr , .us , .de , .uk , .jp , .az gibi ülke alanlarından ( CcTLD ) oluşur. | .us#1: .us , Amerika Birleşik Devletleri için internet ülke kodu üst seviye alan adıdır . ( CcTLD ) Ülkede en çok kullanılan CcTLD .com , .net , .org ikinci düzey alan adlarıdır. | .uk#2: Orijinal gTLD 'lerden ( .com , .net , .org ) ve .us 'ten 7 ay sonra; Temmuz 1985'te kaydedilmiştir. | .uk#3: Nisan 2021'de dünya çapında 10 milyon kayıtla en popüler 5. üst düzey alan adı idi ( .com , .cn , .de ve .net 'ten sonra). | .org#5: Diğer ilk kurulan üst seviye alan adları .com , .us , .edu , .gov , .mil ve .net idi. The MITRE Corporation, Temmuz 1985'te mitre.org ile ilk .org alanını kaydettiren kuruluştu. | .net#3: Ancak bu konudaki kısıtlamalar uygulanmamış ve bu alan adı .com gibi genel amaçlı faaliyet göstermeye başlamıştır. | .net#5: .net, Ocak 1985'te oluşturulduğu için RFC 920 'de bahsedilmemesine rağmen başlıca üst seviye alan adlarından biridir (Diğer beşi: .com , .edu , .gov , .mil ve .org ). 2024 itibarıyla yaklaşık 13 milyon alan adı ile .com , .cn ve .de 'den sonra en popüler üst seviye alan adıdır ."
Verisign,(https://tr.wikipedia.org/wiki/Verisign),2,".org#6: Bu TLD , 1 Ocak 2003'ten beri Public Interest Registry tarafından işletilmektedir, bu görev Verisign 'in bir bölümü olan VeriSign Global Registry Services'den devralınmıştır. | .com#4: Bu alan adı başlangıçta Amerika Birleşik Devletleri Savunma Bakanlığı'nın bünyesindeyken günümüzde Verisign tarafından yönetilmektedir ve ABD yasasının nihai yargı yetkisi kapsamındadır. Verisign Kayıtları, ICANN tarafından akredite edilmiş kayıt şirketleri aracılığıyla gerçekleştirilmektedir. | .com#24: Verisign Aralık 2011 itibarıyla yaklaşık 100 milyon .com alan adının kaydedilmiş olduğunu duyurmuştur. Verisign Mart 2009 itibarıyla alan adlarının 926 akredite kayıt şirketi tarafından sunulmakta olduğunu bildirmiştir. | .net#6: Network Solutions 'ı bünyesine katmasının ardından .net'in idaresini üstlenen Verisign , 30 Haziran 2005'te geçerliliğini yitiren yönetim sözleşmesine sahipti. | .net#7: Alan adı idaresinden sorumlu kurum olan ICANN , sözleşme bitimi sonrasında alan adı işinin idaresini üstlenecek yeni şirketi aramaya başladı. Verisign sözleşmeyi yeniden kazandı ve .net alan adının yönetimini altı yıllığına daha almış oldu. 30 Haziran 2011 tarihinde Verisign ile olan sözleşme altı yıllığına yenilendi."
DNS,(https://tr.wikipedia.org/wiki/DNS),1,".tk#4: Adın kendisine ek olarak, kullanıcılar web trafiğini HTML çerçevelerini ve e-posta trafiğini kullanarak, kullanıcı oturumu başına maksimum 250 adresle iletebilir, kendi üçüncü taraf sunucuları aracılığıyla dot.tk sunucularını kullanarak tam DNS kullanabilir. | .kz#4: Alan adının DNS adı ""xn--80ao21a"" şeklindedir. | .net#1: .net alan adı, DNS 'te bir genel üst seviye alan adıdır (gTLD)."
genel üst seviye alan adıdır,(https://tr.wikipedia.org/wiki/Genel_%C3%BCst_seviye_alan_ad%C4%B1),1,".ie#16: .irish alan adı, Kaliforniya merkezli Dot-Irish LLC şirketinin piyasaya sürdüğü bir genel üst seviye alan adıdır . | .org#1: .org alan adı, İnternet 'te kullanılan bir genel üst seviye alan adıdır (gTLD) ve İngilizce ""organization"" kelimesinin kısaltmasıdır. 1985'te kurulan ilk alan adlarından biridir ve 2003'ten beri Public Interest Registry tarafından işletilmektedir. | .net#1: .net alan adı, DNS 'te bir genel üst seviye alan adıdır (gTLD)."
İnternet,(https://tr.wikipedia.org/wiki/%C4%B0nternet),1,"DNS#2: İnternet ağını oluşturan her birim sadece kendine ait bir IP adresine sahiptir. | IP adresi#3: İnternet 'e bağlanan her cihaza , İnternet Servis Sağlayıcısı tarafından bir ""public"" IP adresi atanır ve internete bağlı cihazlar birbirleriyle bu ""public"" IP adresleri üzerinden ulaşırlar. | .tf#1: .tf , Fransız Güney ve Antarktika Toprakları 'nın İnternet ülke kodu üst seviye alan adıdır ( ccTLD ). .fr , .pm , .re , .wf ve .yt ile birlikte AFNIC tarafından yönetilmektedir. 23 Ekim 2004'ten önce bu alan adı, Cambridge , Birleşik Krallık merkezli Adamsnames tarafından yönetiliyordu. | .org#1: .org alan adı, İnternet 'te kullanılan bir genel üst seviye alan adıdır (gTLD) ve İngilizce ""organization"" kelimesinin kısaltmasıdır. 1985'te kurulan ilk alan adlarından biridir ve 2003'ten beri Public Interest Registry tarafından işletilmektedir. | .to#1: .to alan adı, Tonga Krallığı 'na ait İnternet ülke kodu üst seviye alan adıdır (ccTLD). | ARPANET#9: Çok sayıda bilgisayar kullanıcısının birbirleriyle haberleşebilmelerini öngören bir bilgisayar ağı hakkındaki ilk düşünceler Ağustos 1962'de Bolt, Beranek ve Newman (BBN)'den J.C.R. Licklider tarafından ""Galaksilerarası Bilgisayar Ağı"" kavramına atfen ortaya atılmıştır. İnternet 'in günümüzde sahip olduğu tüm özellikler bu çalışma sırasında belirlenmiştir. | GoogleCard#5: İnternet Bulut bilişim Bilgisayar yazılımı Bilgisayar donanımı Yapay zekâ Reklam | .net#2: İngilizce ""network"" (ağ) kelimesinden türemiştir ve temelde İnternet hizmet sağlayıcıları ve diğer altyapı şirketleri gibi ağ teknolojileriyle ilgili kurumların kullanması için tasarlanmıştır."
.edu,(https://tr.wikipedia.org/wiki/.edu),1,"DNS#39: En üste .com , .org , .net , .int , .edu , .info , .biz , .aero , .travel , .jobs , .gov , .mil gibi "" jenerik "" üst düzey alanlarla ( gTLD ) .tr , .us , .de , .uk , .jp , .az gibi ülke alanlarından ( CcTLD ) oluşur. | .org#5: Diğer ilk kurulan üst seviye alan adları .com , .us , .edu , .gov , .mil ve .net idi. The MITRE Corporation, Temmuz 1985'te mitre.org ile ilk .org alanını kaydettiren kuruluştu. | .com#6: .com alan adı, Alan Adı sistemi 1985 yılının Ocak ayında uygulamaya geçtiğinde .edu , .gov , .mil , .net , .org ve arpa alanlarıyla birlikte ilk üst seviye alan adlarından ( TLD ) biriyken daha sonraki süreçte en büyük üst seviye alan adı haline gelmiştir. | .net#5: .net, Ocak 1985'te oluşturulduğu için RFC 920 'de bahsedilmemesine rağmen başlıca üst seviye alan adlarından biridir (Diğer beşi: .com , .edu , .gov , .mil ve .org ). 2024 itibarıyla yaklaşık 13 milyon alan adı ile .com , .cn ve .de 'den sonra en popüler üst seviye alan adıdır ."
.gov,(https://tr.wikipedia.org/wiki/.gov),1,"DNS#39: En üste .com , .org , .net , .int , .edu , .info , .biz , .aero , .travel , .jobs , .gov , .mil gibi "" jenerik "" üst düzey alanlarla ( gTLD ) .tr , .us , .de , .uk , .jp , .az gibi ülke alanlarından ( CcTLD ) oluşur. | .org#5: Diğer ilk kurulan üst seviye alan adları .com , .us , .edu , .gov , .mil ve .net idi. The MITRE Corporation, Temmuz 1985'te mitre.org ile ilk .org alanını kaydettiren kuruluştu. | .com#6: .com alan adı, Alan Adı sistemi 1985 yılının Ocak ayında uygulamaya geçtiğinde .edu , .gov , .mil , .net , .org ve arpa alanlarıyla birlikte ilk üst seviye alan adlarından ( TLD ) biriyken daha sonraki süreçte en büyük üst seviye alan adı haline gelmiştir. | .net#5: .net, Ocak 1985'te oluşturulduğu için RFC 920 'de bahsedilmemesine rağmen başlıca üst seviye alan adlarından biridir (Diğer beşi: .com , .edu , .gov , .mil ve .org ). 2024 itibarıyla yaklaşık 13 milyon alan adı ile .com , .cn ve .de 'den sonra en popüler üst seviye alan adıdır ."
RFC,(https://tr.wikipedia.org/wiki/Yorumlar_%C4%B0%C3%A7in_Talep),1,".uk#5: Ekim 1984'te RFC 920 , ISO 3166-1 listesindeki ilgili iki harfli koda dayalı ülke kodlarını kullanarak ccTLD 'lerin oluşturulmasını kararlaştırdı. ""GB"", Birleşik Krallık'ın ISO 3166 ülke koduydu ancak Birleşik Krallık Adlandırma Komitesi, ISO'dan türetilen listenin derlenmesinden birkaç ay önce ""UK""yi üst düzey alan adı olarak tanımlamıştı. | .net#5: .net, Ocak 1985'te oluşturulduğu için RFC 920 'de bahsedilmemesine rağmen başlıca üst seviye alan adlarından biridir (Diğer beşi: .com , .edu , .gov , .mil ve .org ). 2024 itibarıyla yaklaşık 13 milyon alan adı ile .com , .cn ve .de 'den sonra en popüler üst seviye alan adıdır ."
920,(https://tools.ietf.org/html/rfc920),1,".uk#5: Ekim 1984'te RFC 920 , ISO 3166-1 listesindeki ilgili iki harfli koda dayalı ülke kodlarını kullanarak ccTLD 'lerin oluşturulmasını kararlaştırdı. ""GB"", Birleşik Krallık'ın ISO 3166 ülke koduydu ancak Birleşik Krallık Adlandırma Komitesi, ISO'dan türetilen listenin derlenmesinden birkaç ay önce ""UK""yi üst düzey alan adı olarak tanımlamıştı. | .net#5: .net, Ocak 1985'te oluşturulduğu için RFC 920 'de bahsedilmemesine rağmen başlıca üst seviye alan adlarından biridir (Diğer beşi: .com , .edu , .gov , .mil ve .org ). 2024 itibarıyla yaklaşık 13 milyon alan adı ile .com , .cn ve .de 'den sonra en popüler üst seviye alan adıdır ."
.org,(https://tr.wikipedia.org/wiki/.org),1,"DNS#39: En üste .com , .org , .net , .int , .edu , .info , .biz , .aero , .travel , .jobs , .gov , .mil gibi "" jenerik "" üst düzey alanlarla ( gTLD ) .tr , .us , .de , .uk , .jp , .az gibi ülke alanlarından ( CcTLD ) oluşur. | .us#1: .us , Amerika Birleşik Devletleri için internet ülke kodu üst seviye alan adıdır . ( CcTLD ) Ülkede en çok kullanılan CcTLD .com , .net , .org ikinci düzey alan adlarıdır. | .uk#2: Orijinal gTLD 'lerden ( .com , .net , .org ) ve .us 'ten 7 ay sonra; Temmuz 1985'te kaydedilmiştir. | .com#3: Ancak .com, .org ve .net arasındaki ayrım, kayıt kısıtlamasının kaldırılmasıyla birlikte ortadan kalkmıştır. | .com#6: .com alan adı, Alan Adı sistemi 1985 yılının Ocak ayında uygulamaya geçtiğinde .edu , .gov , .mil , .net , .org ve arpa alanlarıyla birlikte ilk üst seviye alan adlarından ( TLD ) biriyken daha sonraki süreçte en büyük üst seviye alan adı haline gelmiştir. | .net#5: .net, Ocak 1985'te oluşturulduğu için RFC 920 'de bahsedilmemesine rağmen başlıca üst seviye alan adlarından biridir (Diğer beşi: .com , .edu , .gov , .mil ve .org ). 2024 itibarıyla yaklaşık 13 milyon alan adı ile .com , .cn ve .de 'den sonra en popüler üst seviye alan adıdır ."
.mil,(https://tr.wikipedia.org/wiki/.mil),1,"DNS#39: En üste .com , .org , .net , .int , .edu , .info , .biz , .aero , .travel , .jobs , .gov , .mil gibi "" jenerik "" üst düzey alanlarla ( gTLD ) .tr , .us , .de , .uk , .jp , .az gibi ülke alanlarından ( CcTLD ) oluşur. | .org#5: Diğer ilk kurulan üst seviye alan adları .com , .us , .edu , .gov , .mil ve .net idi. The MITRE Corporation, Temmuz 1985'te mitre.org ile ilk .org alanını kaydettiren kuruluştu. | .com#6: .com alan adı, Alan Adı sistemi 1985 yılının Ocak ayında uygulamaya geçtiğinde .edu , .gov , .mil , .net , .org ve arpa alanlarıyla birlikte ilk üst seviye alan adlarından ( TLD ) biriyken daha sonraki süreçte en büyük üst seviye alan adı haline gelmiştir. | .net#5: .net, Ocak 1985'te oluşturulduğu için RFC 920 'de bahsedilmemesine rağmen başlıca üst seviye alan adlarından biridir (Diğer beşi: .com , .edu , .gov , .mil ve .org ). 2024 itibarıyla yaklaşık 13 milyon alan adı ile .com , .cn ve .de 'den sonra en popüler üst seviye alan adıdır ."
alan adı,(https://tr.wikipedia.org/wiki/Alan_ad%C4%B1),1,".uk#14: 1990'ların ortalarına gelindiğinde, İnternet'in büyümesi ve özellikle World Wide Web 'in ortaya çıkması, alan adı kaydı taleplerinin yarı zamanlı gönüllülerden oluşan bir grubun yönetemeyeceği seviyelere yükselmesine neden oldu. Demon Internet'ten Oliver Smith, komiteye adlandırma sürecini baştan sona resmîleştiren ve otomatikleştiren bir dizi otomatik araç sağlayarak sorunu çözmeye çalıştı. | .ai#5: .ai alan adı için izin verilen minimum kayıt süresi hem kayıt hem de yenileme için 2 yıldır. | .net#5: .net, Ocak 1985'te oluşturulduğu için RFC 920 'de bahsedilmemesine rağmen başlıca üst seviye alan adlarından biridir (Diğer beşi: .com , .edu , .gov , .mil ve .org ). 2024 itibarıyla yaklaşık 13 milyon alan adı ile .com , .cn ve .de 'den sonra en popüler üst seviye alan adıdır ."
.cn,(https://tr.wikipedia.org/wiki/.cn),1,"DNS#176: A .ac .ad .ae .af .ag .ai .al .am .ao .aq .ar .as .at .au .aw .ax .az B .ba .bb .bd .be .bf .bg .bh .bi .bj .bm .bn .bo .br .bs .bt .bw .by .bz C .ca .cc .cd .cf .cg .ch .ci .ck .cl .cm .cn .co .cr .cu .cv .cw .cx .cy .cz D .de .dj .dk .dm .do .dz E .ec .ee .eg .er .es .et .eu F .fi .fj .fk .fm .fo .fr G .ga .gd .ge .gf .gg .gh .gi .gl .gm .gn .gp .gq .gr .gs .gt .gu .gw .gy H .hk .hm .hn .hr .ht .hu I .id .ie .il .im .in .io .iq .ir .is .it J .je .jm .jo .jp K .ke .kg .kh .ki .km .kn .kp .kr .kw .ky .kz L .la .lb .lc .li .lk .lr .ls .lt .lu .lv .ly M .ma .mc .md .me .mg .mh .mk .ml .mm .mn .mo .mp .mq .mr .ms .mt .mu .mv .mw .mx .my .mz N .na .nc .ne .nf .ng .ni .nl .no .np .nr .nu .nz O .om P .pa .pe .pf .pg .ph .pk .pl .pm .pn .pr .ps .pt .pw .py Q .qa R .re .ro .rs .ru .rw S .sa .sb .sc .sd .se .sg .sh .si .sk .sl .sm .sn .so .sr .ss .st .su .sv .sx .sy .sz T .tc .td .tf .tg .th .tj .tk .tl .tm .tn .to .tr .tt .tv .tw .tz U .ua .ug .uk .us .uy .uz V .va .vc .ve .vg .vi .vn .vu W .wf .ws Y .ye .yt Z .za .zm .zw | .kh#2: A .ac .ad .ae .af .ag .ai .al .am .ao .aq .ar .as .at .au .aw .ax .az B .ba .bb .bd .be .bf .bg .bh .bi .bj .bm .bn .bo .br .bs .bt .bw .by .bz C .ca .cc .cd .cf .cg .ch .ci .ck .cl .cm .cn .co .cr .cu .cv .cw .cx .cy .cz D .de .dj .dk .dm .do .dz E .ec .ee .eg .er .es .et .eu F .fi .fj .fk .fm .fo .fr G .ga .gd .ge .gf .gg .gh .gi .gl .gm .gn .gp .gq .gr .gs .gt .gu .gw .gy H .hk .hm .hn .hr .ht .hu I .id .ie .il .im .in .io .iq .ir .is .it J .je .jm .jo .jp K .ke .kg .ki .km .kn .kp .kr .kw .ky .kz L .la .lb .lc .li .lk .lr .ls .lt .lu .lv .ly M .ma .mc .md .me .mg .mh .mk .ml .mm .mn .mo .mp .mq .mr .ms .mt .mu .mv .mw .mx .my .mz N .na .nc .ne .nf .ng .ni .nl .no .np .nr .nu .nz O .om P .pa .pe .pf .pg .ph .pk .pl .pm .pn .pr .ps .pt .pw .py Q .qa R .re .ro .rs .ru .rw S .sa .sb .sc .sd .se .sg .sh .si .sk .sl .sm .sn .so .sr .ss .st .su .sv .sx .sy .sz T .tc .td .tf .tg .th .tj .tk .tl .tm .tn .to .tr .tt .tv .tw .tz U .ua .ug .uk .us .uy .uz V .va .vc .ve .vg .vi .vn .vu W .wf .ws Y .ye .yt Z .za .zm .zw | .ga#8: A .ac .ad .ae .af .ag .ai .al .am .ao .aq .ar .as .at .au .aw .ax .az B .ba .bb .bd .be .bf .bg .bh .bi .bj .bm .bn .bo .br .bs .bt .bw .by .bz C .ca .cc .cd .cf .cg .ch .ci .ck .cl .cm .cn .co .cr .cu .cv .cw .cx .cy .cz D .de .dj .dk .dm .do .dz E .ec .ee .eg .er .es .et .eu F .fi .fj .fk .fm .fo .fr G .gd .ge .gf .gg .gh .gi .gl .gm .gn .gp .gq .gr .gs .gt .gu .gw .gy H .hk .hm .hn .hr .ht .hu I .id .ie .il .im .in .io .iq .ir .is .it J .je .jm .jo .jp K .ke .kg .kh .ki .km .kn .kp .kr .kw .ky .kz L .la .lb .lc .li .lk .lr .ls .lt .lu .lv .ly M .ma .mc .md .me .mg .mh .mk .ml .mm .mn .mo .mp .mq .mr .ms .mt .mu .mv .mw .mx .my .mz N .na .nc .ne .nf .ng .ni .nl .no .np .nr .nu .nz O .om P .pa .pe .pf .pg .ph .pk .pl .pm .pn .pr .ps .pt .pw .py Q .qa R .re .ro .rs .ru .rw S .sa .sb .sc .sd .se .sg .sh .si .sk .sl .sm .sn .so .sr .ss .st .su .sv .sx .sy .sz T .tc .td .tf .tg .th .tj .tk .tl .tm .tn .to .tr .tt .tv .tw .tz U .ua .ug .uk .us .uy .uz V .va .vc .ve .vg .vi .vn .vu W .wf .ws Y .ye .yt Z .za .zm .zw | .om#2: A .ac .ad .ae .af .ag .ai .al .am .ao .aq .ar .as .at .au .aw .ax .az B .ba .bb .bd .be .bf .bg .bh .bi .bj .bm .bn .bo .br .bs .bt .bw .by .bz C .ca .cc .cd .cf .cg .ch .ci .ck .cl .cm .cn .co .cr .cu .cv .cw .cx .cy .cz D .de .dj .dk .dm .do .dz E .ec .ee .eg .er .es .et .eu F .fi .fj .fk .fm .fo .fr G .ga .gd .ge .gf .gg .gh .gi .gl .gm .gn .gp .gq .gr .gs .gt .gu .gw .gy H .hk .hm .hn .hr .ht .hu I .id .ie .il .im .in .io .iq .ir .is .it J .je .jm .jo .jp K .ke .kg .kh .ki .km .kn .kp .kr .kw .ky .kz L .la .lb .lc .li .lk .lr .ls .lt .lu .lv .ly M .ma .mc .md .me .mg .mh .mk .ml .mm .mn .mo .mp .mq .mr .ms .mt .mu .mv .mw .mx .my .mz N .na .nc .ne .nf .ng .ni .nl .no .np .nr .nu .nz O P .pa .pe .pf .pg .ph .pk .pl .pm .pn .pr .ps .pt .pw .py Q .qa R .re .ro .rs .ru .rw S .sa .sb .sc .sd .se .sg .sh .si .sk .sl .sm .sn .so .sr .ss .st .su .sv .sx .sy .sz T .tc .td .tf .tg .th .tj .tk .tl .tm .tn .to .tr .tt .tv .tw .tz U .ua .ug .uk .us .uy .uz V .va .vc .ve .vg .vi .vn .vu W .wf .ws Y .ye .yt Z .za .zm .zw | .us#10: A .ac .ad .ae .af .ag .ai .al .am .ao .aq .ar .as .at .au .aw .ax .az B .ba .bb .bd .be .bf .bg .bh .bi .bj .bm .bn .bo .br .bs .bt .bw .by .bz C .ca .cc .cd .cf .cg .ch .ci .ck .cl .cm .cn .co .cr .cu .cv .cw .cx .cy .cz D .de .dj .dk .dm .do .dz E .ec .ee .eg .er .es .et .eu F .fi .fj .fk .fm .fo .fr G .ga .gd .ge .gf .gg .gh .gi .gl .gm .gn .gp .gq .gr .gs .gt .gu .gw .gy H .hk .hm .hn .hr .ht .hu I .id .ie .il .im .in .io .iq .ir .is .it J .je .jm .jo .jp K .ke .kg .kh .ki .km .kn .kp .kr .kw .ky .kz L .la .lb .lc .li .lk .lr .ls .lt .lu .lv .ly M .ma .mc .md .me .mg .mh .mk .ml .mm .mn .mo .mp .mq .mr .ms .mt .mu .mv .mw .mx .my .mz N .na .nc .ne .nf .ng .ni .nl .no .np .nr .nu .nz O .om P .pa .pe .pf .pg .ph .pk .pl .pm .pn .pr .ps .pt .pw .py Q .qa R .re .ro .rs .ru .rw S .sa .sb .sc .sd .se .sg .sh .si .sk .sl .sm .sn .so .sr .ss .st .su .sv .sx .sy .sz T .tc .td .tf .tg .th .tj .tk .tl .tm .tn .to .tr .tt .tv .tw .tz U .ua .ug .uk .uy .uz V .va .vc .ve .vg .vi .vn .vu W .wf .ws Y .ye .yt Z .za .zm .zw | .sv#2: A .ac .ad .ae .af .ag .ai .al .am .ao .aq .ar .as .at .au .aw .ax .az B .ba .bb .bd .be .bf .bg .bh .bi .bj .bm .bn .bo .br .bs .bt .bw .by .bz C .ca .cc .cd .cf .cg .ch .ci .ck .cl .cm .cn .co .cr .cu .cv .cw .cx .cy .cz D .de .dj .dk .dm .do .dz E .ec .ee .eg .er .es .et .eu F .fi .fj .fk .fm .fo .fr G .ga .gd .ge .gf .gg .gh .gi .gl .gm .gn .gp .gq .gr .gs .gt .gu .gw .gy H .hk .hm .hn .hr .ht .hu I .id .ie .il .im .in .io .iq .ir .is .it J .je .jm .jo .jp K .ke .kg .kh .ki .km .kn .kp .kr .kw .ky .kz L .la .lb .lc .li .lk .lr .ls .lt .lu .lv .ly M .ma .mc .md .me .mg .mh .mk .ml .mm .mn .mo .mp .mq .mr .ms .mt .mu .mv .mw .mx .my .mz N .na .nc .ne .nf .ng .ni .nl .no .np .nr .nu .nz O .om P .pa .pe .pf .pg .ph .pk .pl .pm .pn .pr .ps .pt .pw .py Q .qa R .re .ro .rs .ru .rw S .sa .sb .sc .sd .se .sg .sh .si .sk .sl .sm .sn .so .sr .ss .st .su .sx .sy .sz T .tc .td .tf .tg .th .tj .tk .tl .tm .tn .to .tr .tt .tv .tw .tz U .ua .ug .uk .us .uy .uz V .va .vc .ve .vg .vi .vn .vu W .wf .ws Y .ye .yt Z .za .zm .zw | .bl#3: A .ac .ad .ae .af .ag .ai .al .am .ao .aq .ar .as .at .au .aw .ax .az B .ba .bb .bd .be .bf .bg .bh .bi .bj .bm .bn .bo .br .bs .bt .bw .by .bz C .ca .cc .cd .cf .cg .ch .ci .ck .cl .cm .cn .co .cr .cu .cv .cw .cx .cy .cz D .de .dj .dk .dm .do .dz E .ec .ee .eg .er .es .et .eu F .fi .fj .fk .fm .fo .fr G .ga .gd .ge .gf .gg .gh .gi .gl .gm .gn .gp .gq .gr .gs .gt .gu .gw .gy H .hk .hm .hn .hr .ht .hu I .id .ie .il .im .in .io .iq .ir .is .it J .je .jm .jo .jp K .ke .kg .kh .ki .km .kn .kp .kr .kw .ky .kz L .la .lb .lc .li .lk .lr .ls .lt .lu .lv .ly M .ma .mc .md .me .mg .mh .mk .ml .mm .mn .mo .mp .mq .mr .ms .mt .mu .mv .mw .mx .my .mz N .na .nc .ne .nf .ng .ni .nl .no .np .nr .nu .nz O .om P .pa .pe .pf .pg .ph .pk .pl .pm .pn .pr .ps .pt .pw .py Q .qa R .re .ro .rs .ru .rw S .sa .sb .sc .sd .se .sg .sh .si .sk .sl .sm .sn .so .sr .ss .st .su .sv .sx .sy .sz T .tc .td .tf .tg .th .tj .tk .tl .tm .tn .to .tr .tt .tv .tw .tz U .ua .ug .uk .us .uy .uz V .va .vc .ve .vg .vi .vn .vu W .wf .ws Y .ye .yt Z .za .zm .zw | .ee#6: A .ac .ad .ae .af .ag .ai .al .am .ao .aq .ar .as .at .au .aw .ax .az B .ba .bb .bd .be .bf .bg .bh .bi .bj .bm .bn .bo .br .bs .bt .bw .by .bz C .ca .cc .cd .cf .cg .ch .ci .ck .cl .cm .cn .co .cr .cu .cv .cw .cx .cy .cz D .de .dj .dk .dm .do .dz E .ec .eg .er .es .et .eu F .fi .fj .fk .fm .fo .fr G .ga .gd .ge .gf .gg .gh .gi .gl .gm .gn .gp .gq .gr .gs .gt .gu .gw .gy H .hk .hm .hn .hr .ht .hu I .id .ie .il .im .in .io .iq .ir .is .it J .je .jm .jo .jp K .ke .kg .kh .ki .km .kn .kp .kr .kw .ky .kz L .la .lb .lc .li .lk .lr .ls .lt .lu .lv .ly M .ma .mc .md .me .mg .mh .mk .ml .mm .mn .mo .mp .mq .mr .ms .mt .mu .mv .mw .mx .my .mz N .na .nc .ne .nf .ng .ni .nl .no .np .nr .nu .nz O .om P .pa .pe .pf .pg .ph .pk .pl .pm .pn .pr .ps .pt .pw .py Q .qa R .re .ro .rs .ru .rw S .sa .sb .sc .sd .se .sg .sh .si .sk .sl .sm .sn .so .sr .ss .st .su .sv .sx .sy .sz T .tc .td .tf .tg .th .tj .tk .tl .tm .tn .to .tr .tt .tv .tw .tz U .ua .ug .uk .us .uy .uz V .va .vc .ve .vg .vi .vn .vu W .wf .ws Y .ye .yt Z .za .zm .zw | .gg#4: A .ac .ad .ae .af .ag .ai .al .am .ao .aq .ar .as .at .au .aw .ax .az B .ba .bb .bd .be .bf .bg .bh .bi .bj .bm .bn .bo .br .bs .bt .bw .by .bz C .ca .cc .cd .cf .cg .ch .ci .ck .cl .cm .cn .co .cr .cu .cv .cw .cx .cy .cz D .de .dj .dk .dm .do .dz E .ec .ee .eg .er .es .et .eu F .fi .fj .fk .fm .fo .fr G .ga .gd .ge .gf .gh .gi .gl .gm .gn .gp .gq .gr .gs .gt .gu .gw .gy H .hk .hm .hn .hr .ht .hu I .id .ie .il .im .in .io .iq .ir .is .it J .je .jm .jo .jp K .ke .kg .kh .ki .km .kn .kp .kr .kw .ky .kz L .la .lb .lc .li .lk .lr .ls .lt .lu .lv .ly M .ma .mc .md .me .mg .mh .mk .ml .mm .mn .mo .mp .mq .mr .ms .mt .mu .mv .mw .mx .my .mz N .na .nc .ne .nf .ng .ni .nl .no .np .nr .nu .nz O .om P .pa .pe .pf .pg .ph .pk .pl .pm .pn .pr .ps .pt .pw .py Q .qa R .re .ro .rs .ru .rw S .sa .sb .sc .sd .se .sg .sh .si .sk .sl .sm .sn .so .sr .ss .st .su .sv .sx .sy .sz T .tc .td .tf .tg .th .tj .tk .tl .tm .tn .to .tr .tt .tv .tw .tz U .ua .ug .uk .us .uy .uz V .va .vc .ve .vg .vi .vn .vu W .wf .ws Y .ye .yt Z .za .zm .zw | .kw#2: A .ac .ad .ae .af .ag .ai .al .am .ao .aq .ar .as .at .au .aw .ax .az B .ba .bb .bd .be .bf .bg .bh .bi .bj .bm .bn .bo .br .bs .bt .bw .by .bz C .ca .cc .cd .cf .cg .ch .ci .ck .cl .cm .cn .co .cr .cu .cv .cw .cx .cy .cz D .de .dj .dk .dm .do .dz E .ec .ee .eg .er .es .et .eu F .fi .fj .fk .fm .fo .fr G .ga .gd .ge .gf .gg .gh .gi .gl .gm .gn .gp .gq .gr .gs .gt .gu .gw .gy H .hk .hm .hn .hr .ht .hu I .id .ie .il .im .in .io .iq .ir .is .it J .je .jm .jo .jp K .ke .kg .kh .ki .km .kn .kp .kr .ky .kz L .la .lb .lc .li .lk .lr .ls .lt .lu .lv .ly M .ma .mc .md .me .mg .mh .mk .ml .mm .mn .mo .mp .mq .mr .ms .mt .mu .mv .mw .mx .my .mz N .na .nc .ne .nf .ng .ni .nl .no .np .nr .nu .nz O .om P .pa .pe .pf .pg .ph .pk .pl .pm .pn .pr .ps .pt .pw .py Q .qa R .re .ro .rs .ru .rw S .sa .sb .sc .sd .se .sg .sh .si .sk .sl .sm .sn .so .sr .ss .st .su .sv .sx .sy .sz T .tc .td .tf .tg .th .tj .tk .tl .tm .tn .to .tr .tt .tv .tw .tz U .ua .ug .uk .us .uy .uz V .va .vc .ve .vg .vi .vn .vu W .wf .ws Y .ye .yt Z .za .zm .zw | .ci#6: A .ac .ad .ae .af .ag .ai .al .am .ao .aq .ar .as .at .au .aw .ax .az B .ba .bb .bd .be .bf .bg .bh .bi .bj .bm .bn .bo .br .bs .bt .bw .by .bz C .ca .cc .cd .cf .cg .ch .ck .cl .cm .cn .co .cr .cu .cv .cw .cx .cy .cz D .de .dj .dk .dm .do .dz E .ec .ee .eg .er .es .et .eu F .fi .fj .fk .fm .fo .fr G .ga .gd .ge .gf .gg .gh .gi .gl .gm .gn .gp .gq .gr .gs .gt .gu .gw .gy H .hk .hm .hn .hr .ht .hu I .id .ie .il .im .in .io .iq .ir .is .it J .je .jm .jo .jp K .ke .kg .kh .ki .km .kn .kp .kr .kw .ky .kz L .la .lb .lc .li .lk .lr .ls .lt .lu .lv .ly M .ma .mc .md .me .mg .mh .mk .ml .mm .mn .mo .mp .mq .mr .ms .mt .mu .mv .mw .mx .my .mz N .na .nc .ne .nf .ng .ni .nl .no .np .nr .nu .nz O .om P .pa .pe .pf .pg .ph .pk .pl .pm .pn .pr .ps .pt .pw .py Q .qa R .re .ro .rs .ru .rw S .sa .sb .sc .sd .se .sg .sh .si .sk .sl .sm .sn .so .sr .ss .st .su .sv .sx .sy .sz T .tc .td .tf .tg .th .tj .tk .tl .tm .tn .to .tr .tt .tv .tw .tz U .ua .ug .uk .us .uy .uz V .va .vc .ve .vg .vi .vn .vu W .wf .ws Y .ye .yt Z .za .zm .zw | .gf#2: A .ac .ad .ae .af .ag .ai .al .am .ao .aq .ar .as .at .au .aw .ax .az B .ba .bb .bd .be .bf .bg .bh .bi .bj .bm .bn .bo .br .bs .bt .bw .by .bz C .ca .cc .cd .cf .cg .ch .ci .ck .cl .cm .cn .co .cr .cu .cv .cw .cx .cy .cz D .de .dj .dk .dm .do .dz E .ec .ee .eg .er .es .et .eu F .fi .fj .fk .fm .fo .fr G .ga .gd .ge .gg .gh .gi .gl .gm .gn .gp .gq .gr .gs .gt .gu .gw .gy H .hk .hm .hn .hr .ht .hu I .id .ie .il .im .in .io .iq .ir .is .it J .je .jm .jo .jp K .ke .kg .kh .ki .km .kn .kp .kr .kw .ky .kz L .la .lb .lc .li .lk .lr .ls .lt .lu .lv .ly M .ma .mc .md .me .mg .mh .mk .ml .mm .mn .mo .mp .mq .mr .ms .mt .mu .mv .mw .mx .my .mz N .na .nc .ne .nf .ng .ni .nl .no .np .nr .nu .nz O .om P .pa .pe .pf .pg .ph .pk .pl .pm .pn .pr .ps .pt .pw .py Q .qa R .re .ro .rs .ru .rw S .sa .sb .sc .sd .se .sg .sh .si .sk .sl .sm .sn .so .sr .ss .st .su .sv .sx .sy .sz T .tc .td .tf .tg .th .tj .tk .tl .tm .tn .to .tr .tt .tv .tw .tz U .ua .ug .uk .us .uy .uz V .va .vc .ve .vg .vi .vn .vu W .wf .ws Y .ye .yt Z .za .zm .zw | .sj#2: A .ac .ad .ae .af .ag .ai .al .am .ao .aq .ar .as .at .au .aw .ax .az B .ba .bb .bd .be .bf .bg .bh .bi .bj .bm .bn .bo .br .bs .bt .bw .by .bz C .ca .cc .cd .cf .cg .ch .ci .ck .cl .cm .cn .co .cr .cu .cv .cw .cx .cy .cz D .de .dj .dk .dm .do .dz E .ec .ee .eg .er .es .et .eu F .fi .fj .fk .fm .fo .fr G .ga .gd .ge .gf .gg .gh .gi .gl .gm .gn .gp .gq .gr .gs .gt .gu .gw .gy H .hk .hm .hn .hr .ht .hu I .id .ie .il .im .in .io .iq .ir .is .it J .je .jm .jo .jp K .ke .kg .kh .ki .km .kn .kp .kr .kw .ky .kz L .la .lb .lc .li .lk .lr .ls .lt .lu .lv .ly M .ma .mc .md .me .mg .mh .mk .ml .mm .mn .mo .mp .mq .mr .ms .mt .mu .mv .mw .mx .my .mz N .na .nc .ne .nf .ng .ni .nl .no .np .nr .nu .nz O .om P .pa .pe .pf .pg .ph .pk .pl .pm .pn .pr .ps .pt .pw .py Q .qa R .re .ro .rs .ru .rw S .sa .sb .sc .sd .se .sg .sh .si .sk .sl .sm .sn .so .sr .ss .st .su .sv .sx .sy .sz T .tc .td .tf .tg .th .tj .tk .tl .tm .tn .to .tr .tt .tv .tw .tz U .ua .ug .uk .us .uy .uz V .va .vc .ve .vg .vi .vn .vu W .wf .ws Y .ye .yt Z .za .zm .zw | .st#2: A .ac .ad .ae .af .ag .ai .al .am .ao .aq .ar .as .at .au .aw .ax .az B .ba .bb .bd .be .bf .bg .bh .bi .bj .bm .bn .bo .br .bs .bt .bw .by .bz C .ca .cc .cd .cf .cg .ch .ci .ck .cl .cm .cn .co .cr .cu .cv .cw .cx .cy .cz D .de .dj .dk .dm .do .dz E .ec .ee .eg .er .es .et .eu F .fi .fj .fk .fm .fo .fr G .ga .gd .ge .gf .gg .gh .gi .gl .gm .gn .gp .gq .gr .gs .gt .gu .gw .gy H .hk .hm .hn .hr .ht .hu I .id .ie .il .im .in .io .iq .ir .is .it J .je .jm .jo .jp K .ke .kg .kh .ki .km .kn .kp .kr .kw .ky .kz L .la .lb .lc .li .lk .lr .ls .lt .lu .lv .ly M .ma .mc .md .me .mg .mh .mk .ml .mm .mn .mo .mp .mq .mr .ms .mt .mu .mv .mw .mx .my .mz N .na .nc .ne .nf .ng .ni .nl .no .np .nr .nu .nz O .om P .pa .pe .pf .pg .ph .pk .pl .pm .pn .pr .ps .pt .pw .py Q .qa R .re .ro .rs .ru .rw S .sa .sb .sc .sd .se .sg .sh .si .sk .sl .sm .sn .so .sr .ss .su .sv .sx .sy .sz T .tc .td .tf .tg .th .tj .tk .tl .tm .tn .to .tr .tt .tv .tw .tz U .ua .ug .uk .us .uy .uz V .va .vc .ve .vg .vi .vn .vu W .wf .ws Y .ye .yt Z .za .zm .zw | .dj#3: A .ac .ad .ae .af .ag .ai .al .am .ao .aq .ar .as .at .au .aw .ax .az B .ba .bb .bd .be .bf .bg .bh .bi .bj .bm .bn .bo .br .bs .bt .bw .by .bz C .ca .cc .cd .cf .cg .ch .ci .ck .cl .cm .cn .co .cr .cu .cv .cw .cx .cy .cz D .de .dk .dm .do .dz E .ec .ee .eg .er .es .et .eu F .fi .fj .fk .fm .fo .fr G .ga .gd .ge .gf .gg .gh .gi .gl .gm .gn .gp .gq .gr .gs .gt .gu .gw .gy H .hk .hm .hn .hr .ht .hu I .id .ie .il .im .in .io .iq .ir .is .it J .je .jm .jo .jp K .ke .kg .kh .ki .km .kn .kp .kr .kw .ky .kz L .la .lb .lc .li .lk .lr .ls .lt .lu .lv .ly M .ma .mc .md .me .mg .mh .mk .ml .mm .mn .mo .mp .mq .mr .ms .mt .mu .mv .mw .mx .my .mz N .na .nc .ne .nf .ng .ni .nl .no .np .nr .nu .nz O .om P .pa .pe .pf .pg .ph .pk .pl .pm .pn .pr .ps .pt .pw .py Q .qa R .re .ro .rs .ru .rw S .sa .sb .sc .sd .se .sg .sh .si .sk .sl .sm .sn .so .sr .ss .st .su .sv .sx .sy .sz T .tc .td .tf .tg .th .tj .tk .tl .tm .tn .to .tr .tt .tv .tw .tz U .ua .ug .uk .us .uy .uz V .va .vc .ve .vg .vi .vn .vu W .wf .ws Y .ye .yt Z .za .zm .zw | .au#4: A .ac .ad .ae .af .ag .ai .al .am .ao .aq .ar .as .at .aw .ax .az B .ba .bb .bd .be .bf .bg .bh .bi .bj .bm .bn .bo .br .bs .bt .bw .by .bz C .ca .cc .cd .cf .cg .ch .ci .ck .cl .cm .cn .co .cr .cu .cv .cw .cx .cy .cz D .de .dj .dk .dm .do .dz E .ec .ee .eg .er .es .et .eu F .fi .fj .fk .fm .fo .fr G .ga .gd .ge .gf .gg .gh .gi .gl .gm .gn .gp .gq .gr .gs .gt .gu .gw .gy H .hk .hm .hn .hr .ht .hu I .id .ie .il .im .in .io .iq .ir .is .it J .je .jm .jo .jp K .ke .kg .kh .ki .km .kn .kp .kr .kw .ky .kz L .la .lb .lc .li .lk .lr .ls .lt .lu .lv .ly M .ma .mc .md .me .mg .mh .mk .ml .mm .mn .mo .mp .mq .mr .ms .mt .mu .mv .mw .mx .my .mz N .na .nc .ne .nf .ng .ni .nl .no .np .nr .nu .nz O .om P .pa .pe .pf .pg .ph .pk .pl .pm .pn .pr .ps .pt .pw .py Q .qa R .re .ro .rs .ru .rw S .sa .sb .sc .sd .se .sg .sh .si .sk .sl .sm .sn .so .sr .ss .st .su .sv .sx .sy .sz T .tc .td .tf .tg .th .tj .tk .tl .tm .tn .to .tr .tt .tv .tw .tz U .ua .ug .uk .us .uy .uz V .va .vc .ve .vg .vi .vn .vu W .wf .ws Y .ye .yt Z .za .zm .zw | .va#5: A .ac .ad .ae .af .ag .ai .al .am .ao .aq .ar .as .at .au .aw .ax .az B .ba .bb .bd .be .bf .bg .bh .bi .bj .bm .bn .bo .br .bs .bt .bw .by .bz C .ca .cc .cd .cf .cg .ch .ci .ck .cl .cm .cn .co .cr .cu .cv .cw .cx .cy .cz D .de .dj .dk .dm .do .dz E .ec .ee .eg .er .es .et .eu F .fi .fj .fk .fm .fo .fr G .ga .gd .ge .gf .gg .gh .gi .gl .gm .gn .gp .gq .gr .gs .gt .gu .gw .gy H .hk .hm .hn .hr .ht .hu I .id .ie .il .im .in .io .iq .ir .is .it J .je .jm .jo .jp K .ke .kg .kh .ki .km .kn .kp .kr .kw .ky .kz L .la .lb .lc .li .lk .lr .ls .lt .lu .lv .ly M .ma .mc .md .me .mg .mh .mk .ml .mm .mn .mo .mp .mq .mr .ms .mt .mu .mv .mw .mx .my .mz N .na .nc .ne .nf .ng .ni .nl .no .np .nr .nu .nz O .om P .pa .pe .pf .pg .ph .pk .pl .pm .pn .pr .ps .pt .pw .py Q .qa R .re .ro .rs .ru .rw S .sa .sb .sc .sd .se .sg .sh .si .sk .sl .sm .sn .so .sr .ss .st .su .sv .sx .sy .sz T .tc .td .tf .tg .th .tj .tk .tl .tm .tn .to .tr .tt .tv .tw .tz U .ua .ug .uk .us .uy .uz V .vc .ve .vg .vi .vn .vu W .wf .ws Y .ye .yt Z .za .zm .zw | .fo#2: A .ac .ad .ae .af .ag .ai .al .am .ao .aq .ar .as .at .au .aw .ax .az B .ba .bb .bd .be .bf .bg .bh .bi .bj .bm .bn .bo .br .bs .bt .bw .by .bz C .ca .cc .cd .cf .cg .ch .ci .ck .cl .cm .cn .co .cr .cu .cv .cw .cx .cy .cz D .de .dj .dk .dm .do .dz E .ec .ee .eg .er .es .et .eu F .fi .fj .fk .fm .fr G .ga .gd .ge .gf .gg .gh .gi .gl .gm .gn .gp .gq .gr .gs .gt .gu .gw .gy H .hk .hm .hn .hr .ht .hu I .id .ie .il .im .in .io .iq .ir .is .it J .je .jm .jo .jp K .ke .kg .kh .ki .km .kn .kp .kr .kw .ky .kz L .la .lb .lc .li .lk .lr .ls .lt .lu .lv .ly M .ma .mc .md .me .mg .mh .mk .ml .mm .mn .mo .mp .mq .mr .ms .mt .mu .mv .mw .mx .my .mz N .na .nc .ne .nf .ng .ni .nl .no .np .nr .nu .nz O .om P .pa .pe .pf .pg .ph .pk .pl .pm .pn .pr .ps .pt .pw .py Q .qa R .re .ro .rs .ru .rw S .sa .sb .sc .sd .se .sg .sh .si .sk .sl .sm .sn .so .sr .ss .st .su .sv .sx .sy .sz T .tc .td .tf .tg .th .tj .tk .tl .tm .tn .to .tr .tt .tv .tw .tz U .ua .ug .uk .us .uy .uz V .va .vc .ve .vg .vi .vn .vu W .wf .ws Y .ye .yt Z .za .zm .zw | .tj#2: A .ac .ad .ae .af .ag .ai .al .am .ao .aq .ar .as .at .au .aw .ax .az B .ba .bb .bd .be .bf .bg .bh .bi .bj .bm .bn .bo .br .bs .bt .bw .by .bz C .ca .cc .cd .cf .cg .ch .ci .ck .cl .cm .cn .co .cr .cu .cv .cw .cx .cy .cz D .de .dj .dk .dm .do .dz E .ec .ee .eg .er .es .et .eu F .fi .fj .fk .fm .fo .fr G .ga .gd .ge .gf .gg .gh .gi .gl .gm .gn .gp .gq .gr .gs .gt .gu .gw .gy H .hk .hm .hn .hr .ht .hu I .id .ie .il .im .in .io .iq .ir .is .it J .je .jm .jo .jp K .ke .kg .kh .ki .km .kn .kp .kr .kw .ky .kz L .la .lb .lc .li .lk .lr .ls .lt .lu .lv .ly M .ma .mc .md .me .mg .mh .mk .ml .mm .mn .mo .mp .mq .mr .ms .mt .mu .mv .mw .mx .my .mz N .na .nc .ne .nf .ng .ni .nl .no .np .nr .nu .nz O .om P .pa .pe .pf .pg .ph .pk .pl .pm .pn .pr .ps .pt .pw .py Q .qa R .re .ro .rs .ru .rw S .sa .sb .sc .sd .se .sg .sh .si .sk .sl .sm .sn .so .sr .ss .st .su .sv .sx .sy .sz T .tc .td .tf .tg .th .tk .tl .tm .tn .to .tr .tt .tv .tw .tz U .ua .ug .uk .us .uy .uz V .va .vc .ve .vg .vi .vn .vu W .wf .ws Y .ye .yt Z .za .zm .zw | .do#3: A .ac .ad .ae .af .ag .ai .al .am .ao .aq .ar .as .at .au .aw .ax .az B .ba .bb .bd .be .bf .bg .bh .bi .bj .bm .bn .bo .br .bs .bt .bw .by .bz C .ca .cc .cd .cf .cg .ch .ci .ck .cl .cm .cn .co .cr .cu .cv .cw .cx .cy .cz D .de .dj .dk .dm .dz E .ec .ee .eg .er .es .et .eu F .fi .fj .fk .fm .fo .fr G .ga .gd .ge .gf .gg .gh .gi .gl .gm .gn .gp .gq .gr .gs .gt .gu .gw .gy H .hk .hm .hn .hr .ht .hu I .id .ie .il .im .in .io .iq .ir .is .it J .je .jm .jo .jp K .ke .kg .kh .ki .km .kn .kp .kr .kw .ky .kz L .la .lb .lc .li .lk .lr .ls .lt .lu .lv .ly M .ma .mc .md .me .mg .mh .mk .ml .mm .mn .mo .mp .mq .mr .ms .mt .mu .mv .mw .mx .my .mz N .na .nc .ne .nf .ng .ni .nl .no .np .nr .nu .nz O .om P .pa .pe .pf .pg .ph .pk .pl .pm .pn .pr .ps .pt .pw .py Q .qa R .re .ro .rs .ru .rw S .sa .sb .sc .sd .se .sg .sh .si .sk .sl .sm .sn .so .sr .ss .st .su .sv .sx .sy .sz T .tc .td .tf .tg .th .tj .tk .tl .tm .tn .to .tr .tt .tv .tw .tz U .ua .ug .uk .us .uy .uz V .va .vc .ve .vg .vi .vn .vu W .wf .ws Y .ye .yt Z .za .zm .zw | .qa#2: A .ac .ad .ae .af .ag .ai .al .am .ao .aq .ar .as .at .au .aw .ax .az B .ba .bb .bd .be .bf .bg .bh .bi .bj .bm .bn .bo .br .bs .bt .bw .by .bz C .ca .cc .cd .cf .cg .ch .ci .ck .cl .cm .cn .co .cr .cu .cv .cw .cx .cy .cz D .de .dj .dk .dm .do .dz E .ec .ee .eg .er .es .et .eu F .fi .fj .fk .fm .fo .fr G .ga .gd .ge .gf .gg .gh .gi .gl .gm .gn .gp .gq .gr .gs .gt .gu .gw .gy H .hk .hm .hn .hr .ht .hu I .id .ie .il .im .in .io .iq .ir .is .it J .je .jm .jo .jp K .ke .kg .kh .ki .km .kn .kp .kr .kw .ky .kz L .la .lb .lc .li .lk .lr .ls .lt .lu .lv .ly M .ma .mc .md .me .mg .mh .mk .ml .mm .mn .mo .mp .mq .mr .ms .mt .mu .mv .mw .mx .my .mz N .na .nc .ne .nf .ng .ni .nl .no .np .nr .nu .nz O .om P .pa .pe .pf .pg .ph .pk .pl .pm .pn .pr .ps .pt .pw .py Q R .re .ro .rs .ru .rw S .sa .sb .sc .sd .se .sg .sh .si .sk .sl .sm .sn .so .sr .ss .st .su .sv .sx .sy .sz T .tc .td .tf .tg .th .tj .tk .tl .tm .tn .to .tr .tt .tv .tw .tz U .ua .ug .uk .us .uy .uz V .va .vc .ve .vg .vi .vn .vu W .wf .ws Y .ye .yt Z .za .zm .zw | .bz#11: A .ac .ad .ae .af .ag .ai .al .am .ao .aq .ar .as .at .au .aw .ax .az B .ba .bb .bd .be .bf .bg .bh .bi .bj .bm .bn .bo .br .bs .bt .bw .by C .ca .cc .cd .cf .cg .ch .ci .ck .cl .cm .cn .co .cr .cu .cv .cw .cx .cy .cz D .de .dj .dk .dm .do .dz E .ec .ee .eg .er .es .et .eu F .fi .fj .fk .fm .fo .fr G .ga .gd .ge .gf .gg .gh .gi .gl .gm .gn .gp .gq .gr .gs .gt .gu .gw .gy H .hk .hm .hn .hr .ht .hu I .id .ie .il .im .in .io .iq .ir .is .it J .je .jm .jo .jp K .ke .kg .kh .ki .km .kn .kp .kr .kw .ky .kz L .la .lb .lc .li .lk .lr .ls .lt .lu .lv .ly M .ma .mc .md .me .mg .mh .mk .ml .mm .mn .mo .mp .mq .mr .ms .mt .mu .mv .mw .mx .my .mz N .na .nc .ne .nf .ng .ni .nl .no .np .nr .nu .nz O .om P .pa .pe .pf .pg .ph .pk .pl .pm .pn .pr .ps .pt .pw .py Q .qa R .re .ro .rs .ru .rw S .sa .sb .sc .sd .se .sg .sh .si .sk .sl .sm .sn .so .sr .ss .st .su .sv .sx .sy .sz T .tc .td .tf .tg .th .tj .tk .tl .tm .tn .to .tr .tt .tv .tw .tz U .ua .ug .uk .us .uy .uz V .va .vc .ve .vg .vi .vn .vu W .wf .ws Y .ye .yt Z .za .zm .zw | .uk#3: Nisan 2021'de dünya çapında 10 milyon kayıtla en popüler 5. üst düzey alan adı idi ( .com , .cn , .de ve .net 'ten sonra). | .uk#24: A .ac .ad .ae .af .ag .ai .al .am .ao .aq .ar .as .at .au .aw .ax .az B .ba .bb .bd .be .bf .bg .bh .bi .bj .bm .bn .bo .br .bs .bt .bw .by .bz C .ca .cc .cd .cf .cg .ch .ci .ck .cl .cm .cn .co .cr .cu .cv .cw .cx .cy .cz D .de .dj .dk .dm .do .dz E .ec .ee .eg .er .es .et .eu F .fi .fj .fk .fm .fo .fr G .ga .gd .ge .gf .gg .gh .gi .gl .gm .gn .gp .gq .gr .gs .gt .gu .gw .gy H .hk .hm .hn .hr .ht .hu I .id .ie .il .im .in .io .iq .ir .is .it J .je .jm .jo .jp K .ke .kg .kh .ki .km .kn .kp .kr .kw .ky .kz L .la .lb .lc .li .lk .lr .ls .lt .lu .lv .ly M .ma .mc .md .me .mg .mh .mk .ml .mm .mn .mo .mp .mq .mr .ms .mt .mu .mv .mw .mx .my .mz N .na .nc .ne .nf .ng .ni .nl .no .np .nr .nu .nz O .om P .pa .pe .pf .pg .ph .pk .pl .pm .pn .pr .ps .pt .pw .py Q .qa R .re .ro .rs .ru .rw S .sa .sb .sc .sd .se .sg .sh .si .sk .sl .sm .sn .so .sr .ss .st .su .sv .sx .sy .sz T .tc .td .tf .tg .th .tj .tk .tl .tm .tn .to .tr .tt .tv .tw .tz U .ua .ug .us .uy .uz V .va .vc .ve .vg .vi .vn .vu W .wf .ws Y .ye .yt Z .za .zm .zw | .bw#6: A .ac .ad .ae .af .ag .ai .al .am .ao .aq .ar .as .at .au .aw .ax .az B .ba .bb .bd .be .bf .bg .bh .bi .bj .bm .bn .bo .br .bs .bt .by .bz C .ca .cc .cd .cf .cg .ch .ci .ck .cl .cm .cn .co .cr .cu .cv .cw .cx .cy .cz D .de .dj .dk .dm .do .dz E .ec .ee .eg .er .es .et .eu F .fi .fj .fk .fm .fo .fr G .ga .gd .ge .gf .gg .gh .gi .gl .gm .gn .gp .gq .gr .gs .gt .gu .gw .gy H .hk .hm .hn .hr .ht .hu I .id .ie .il .im .in .io .iq .ir .is .it J .je .jm .jo .jp K .ke .kg .kh .ki .km .kn .kp .kr .kw .ky .kz L .la .lb .lc .li .lk .lr .ls .lt .lu .lv .ly M .ma .mc .md .me .mg .mh .mk .ml .mm .mn .mo .mp .mq .mr .ms .mt .mu .mv .mw .mx .my .mz N .na .nc .ne .nf .ng .ni .nl .no .np .nr .nu .nz O .om P .pa .pe .pf .pg .ph .pk .pl .pm .pn .pr .ps .pt .pw .py Q .qa R .re .ro .rs .ru .rw S .sa .sb .sc .sd .se .sg .sh .si .sk .sl .sm .sn .so .sr .ss .st .su .sv .sx .sy .sz T .tc .td .tf .tg .th .tj .tk .tl .tm .tn .to .tr .tt .tv .tw .tz U .ua .ug .uk .us .uy .uz V .va .vc .ve .vg .vi .vn .vu W .wf .ws Y .ye .yt Z .za .zm .zw | .mx#6: A .ac .ad .ae .af .ag .ai .al .am .ao .aq .ar .as .at .au .aw .ax .az B .ba .bb .bd .be .bf .bg .bh .bi .bj .bm .bn .bo .br .bs .bt .bw .by .bz C .ca .cc .cd .cf .cg .ch .ci .ck .cl .cm .cn .co .cr .cu .cv .cw .cx .cy .cz D .de .dj .dk .dm .do .dz E .ec .ee .eg .er .es .et .eu F .fi .fj .fk .fm .fo .fr G .ga .gd .ge .gf .gg .gh .gi .gl .gm .gn .gp .gq .gr .gs .gt .gu .gw .gy H .hk .hm .hn .hr .ht .hu I .id .ie .il .im .in .io .iq .ir .is .it J .je .jm .jo .jp K .ke .kg .kh .ki .km .kn .kp .kr .kw .ky .kz L .la .lb .lc .li .lk .lr .ls .lt .lu .lv .ly M .ma .mc .md .me .mg .mh .mk .ml .mm .mn .mo .mp .mq .mr .ms .mt .mu .mv .mw .my .mz N .na .nc .ne .nf .ng .ni .nl .no .np .nr .nu .nz O .om P .pa .pe .pf .pg .ph .pk .pl .pm .pn .pr .ps .pt .pw .py Q .qa R .re .ro .rs .ru .rw S .sa .sb .sc .sd .se .sg .sh .si .sk .sl .sm .sn .so .sr .ss .st .su .sv .sx .sy .sz T .tc .td .tf .tg .th .tj .tk .tl .tm .tn .to .tr .tt .tv .tw .tz U .ua .ug .uk .us .uy .uz V .va .vc .ve .vg .vi .vn .vu W .wf .ws Y .ye .yt Z .za .zm .zw | .sy#2: A .ac .ad .ae .af .ag .ai .al .am .ao .aq .ar .as .at .au .aw .ax .az B .ba .bb .bd .be .bf .bg .bh .bi .bj .bm .bn .bo .br .bs .bt .bw .by .bz C .ca .cc .cd .cf .cg .ch .ci .ck .cl .cm .cn .co .cr .cu .cv .cw .cx .cy .cz D .de .dj .dk .dm .do .dz E .ec .ee .eg .er .es .et .eu F .fi .fj .fk .fm .fo .fr G .ga .gd .ge .gf .gg .gh .gi .gl .gm .gn .gp .gq .gr .gs .gt .gu .gw .gy H .hk .hm .hn .hr .ht .hu I .id .ie .il .im .in .io .iq .ir .is .it J .je .jm .jo .jp K .ke .kg .kh .ki .km .kn .kp .kr .kw .ky .kz L .la .lb .lc .li .lk .lr .ls .lt .lu .lv .ly M .ma .mc .md .me .mg .mh .mk .ml .mm .mn .mo .mp .mq .mr .ms .mt .mu .mv .mw .mx .my .mz N .na .nc .ne .nf .ng .ni .nl .no .np .nr .nu .nz O .om P .pa .pe .pf .pg .ph .pk .pl .pm .pn .pr .ps .pt .pw .py Q .qa R .re .ro .rs .ru .rw S .sa .sb .sc .sd .se .sg .sh .si .sk .sl .sm .sn .so .sr .ss .st .su .sv .sx .sz T .tc .td .tf .tg .th .tj .tk .tl .tm .tn .to .tr .tt .tv .tw .tz U .ua .ug .uk .us .uy .uz V .va .vc .ve .vg .vi .vn .vu W .wf .ws Y .ye .yt Z .za .zm .zw | .cx#8: A .ac .ad .ae .af .ag .ai .al .am .ao .aq .ar .as .at .au .aw .ax .az B .ba .bb .bd .be .bf .bg .bh .bi .bj .bm .bn .bo .br .bs .bt .bw .by .bz C .ca .cc .cd .cf .cg .ch .ci .ck .cl .cm .cn .co .cr .cu .cv .cw .cy .cz D .de .dj .dk .dm .do .dz E .ec .ee .eg .er .es .et .eu F .fi .fj .fk .fm .fo .fr G .ga .gd .ge .gf .gg .gh .gi .gl .gm .gn .gp .gq .gr .gs .gt .gu .gw .gy H .hk .hm .hn .hr .ht .hu I .id .ie .il .im .in .io .iq .ir .is .it J .je .jm .jo .jp K .ke .kg .kh .ki .km .kn .kp .kr .kw .ky .kz L .la .lb .lc .li .lk .lr .ls .lt .lu .lv .ly M .ma .mc .md .me .mg .mh .mk .ml .mm .mn .mo .mp .mq .mr .ms .mt .mu .mv .mw .mx .my .mz N .na .nc .ne .nf .ng .ni .nl .no .np .nr .nu .nz O .om P .pa .pe .pf .pg .ph .pk .pl .pm .pn .pr .ps .pt .pw .py Q .qa R .re .ro .rs .ru .rw S .sa .sb .sc .sd .se .sg .sh .si .sk .sl .sm .sn .so .sr .ss .st .su .sv .sx .sy .sz T .tc .td .tf .tg .th .tj .tk .tl .tm .tn .to .tr .tt .tv .tw .tz U .ua .ug .uk .us .uy .uz V .va .vc .ve .vg .vi .vn .vu W .wf .ws Y .ye .yt Z .za .zm .zw | .jo#6: A .ac .ad .ae .af .ag .ai .al .am .ao .aq .ar .as .at .au .aw .ax .az B .ba .bb .bd .be .bf .bg .bh .bi .bj .bm .bn .bo .br .bs .bt .bw .by .bz C .ca .cc .cd .cf .cg .ch .ci .ck .cl .cm .cn .co .cr .cu .cv .cw .cx .cy .cz D .de .dj .dk .dm .do .dz E .ec .ee .eg .er .es .et .eu F .fi .fj .fk .fm .fo .fr G .ga .gd .ge .gf .gg .gh .gi .gl .gm .gn .gp .gq .gr .gs .gt .gu .gw .gy H .hk .hm .hn .hr .ht .hu I .id .ie .il .im .in .io .iq .ir .is .it J .je .jm .jp K .ke .kg .kh .ki .km .kn .kp .kr .kw .ky .kz L .la .lb .lc .li .lk .lr .ls .lt .lu .lv .ly M .ma .mc .md .me .mg .mh .mk .ml .mm .mn .mo .mp .mq .mr .ms .mt .mu .mv .mw .mx .my .mz N .na .nc .ne .nf .ng .ni .nl .no .np .nr .nu .nz O .om P .pa .pe .pf .pg .ph .pk .pl .pm .pn .pr .ps .pt .pw .py Q .qa R .re .ro .rs .ru .rw S .sa .sb .sc .sd .se .sg .sh .si .sk .sl .sm .sn .so .sr .ss .st .su .sv .sx .sy .sz T .tc .td .tf .tg .th .tj .tk .tl .tm .tn .to .tr .tt .tv .tw .tz U .ua .ug .uk .us .uy .uz V .va .vc .ve .vg .vi .vn .vu W .wf .ws Y .ye .yt Z .za .zm .zw | .tz#4: A .ac .ad .ae .af .ag .ai .al .am .ao .aq .ar .as .at .au .aw .ax .az B .ba .bb .bd .be .bf .bg .bh .bi .bj .bm .bn .bo .br .bs .bt .bw .by .bz C .ca .cc .cd .cf .cg .ch .ci .ck .cl .cm .cn .co .cr .cu .cv .cw .cx .cy .cz D .de .dj .dk .dm .do .dz E .ec .ee .eg .er .es .et .eu F .fi .fj .fk .fm .fo .fr G .ga .gd .ge .gf .gg .gh .gi .gl .gm .gn .gp .gq .gr .gs .gt .gu .gw .gy H .hk .hm .hn .hr .ht .hu I .id .ie .il .im .in .io .iq .ir .is .it J .je .jm .jo .jp K .ke .kg .kh .ki .km .kn .kp .kr .kw .ky .kz L .la .lb .lc .li .lk .lr .ls .lt .lu .lv .ly M .ma .mc .md .me .mg .mh .mk .ml .mm .mn .mo .mp .mq .mr .ms .mt .mu .mv .mw .mx .my .mz N .na .nc .ne .nf .ng .ni .nl .no .np .nr .nu .nz O .om P .pa .pe .pf .pg .ph .pk .pl .pm .pn .pr .ps .pt .pw .py Q .qa R .re .ro .rs .ru .rw S .sa .sb .sc .sd .se .sg .sh .si .sk .sl .sm .sn .so .sr .ss .st .su .sv .sx .sy .sz T .tc .td .tf .tg .th .tj .tk .tl .tm .tn .to .tr .tt .tv .tw U .ua .ug .uk .us .uy .uz V .va .vc .ve .vg .vi .vn .vu W .wf .ws Y .ye .yt Z .za .zm .zw | .ly#2: A .ac .ad .ae .af .ag .ai .al .am .ao .aq .ar .as .at .au .aw .ax .az B .ba .bb .bd .be .bf .bg .bh .bi .bj .bm .bn .bo .br .bs .bt .bw .by .bz C .ca .cc .cd .cf .cg .ch .ci .ck .cl .cm .cn .co .cr .cu .cv .cw .cx .cy .cz D .de .dj .dk .dm .do .dz E .ec .ee .eg .er .es .et .eu F .fi .fj .fk .fm .fo .fr G .ga .gd .ge .gf .gg .gh .gi .gl .gm .gn .gp .gq .gr .gs .gt .gu .gw .gy H .hk .hm .hn .hr .ht .hu I .id .ie .il .im .in .io .iq .ir .is .it J .je .jm .jo .jp K .ke .kg .kh .ki .km .kn .kp .kr .kw .ky .kz L .la .lb .lc .li .lk .lr .ls .lt .lu .lv M .ma .mc .md .me .mg .mh .mk .ml .mm .mn .mo .mp .mq .mr .ms .mt .mu .mv .mw .mx .my .mz N .na .nc .ne .nf .ng .ni .nl .no .np .nr .nu .nz O .om P .pa .pe .pf .pg .ph .pk .pl .pm .pn .pr .ps .pt .pw .py Q .qa R .re .ro .rs .ru .rw S .sa .sb .sc .sd .se .sg .sh .si .sk .sl .sm .sn .so .sr .ss .st .su .sv .sx .sy .sz T .tc .td .tf .tg .th .tj .tk .tl .tm .tn .to .tr .tt .tv .tw .tz U .ua .ug .uk .us .uy .uz V .va .vc .ve .vg .vi .vn .vu W .wf .ws Y .ye .yt Z .za .zm .zw | .ie#19: A .ac .ad .ae .af .ag .ai .al .am .ao .aq .ar .as .at .au .aw .ax .az B .ba .bb .bd .be .bf .bg .bh .bi .bj .bm .bn .bo .br .bs .bt .bw .by .bz C .ca .cc .cd .cf .cg .ch .ci .ck .cl .cm .cn .co .cr .cu .cv .cw .cx .cy .cz D .de .dj .dk .dm .do .dz E .ec .ee .eg .er .es .et .eu F .fi .fj .fk .fm .fo .fr G .ga .gd .ge .gf .gg .gh .gi .gl .gm .gn .gp .gq .gr .gs .gt .gu .gw .gy H .hk .hm .hn .hr .ht .hu I .id .il .im .in .io .iq .ir .is .it J .je .jm .jo .jp K .ke .kg .kh .ki .km .kn .kp .kr .kw .ky .kz L .la .lb .lc .li .lk .lr .ls .lt .lu .lv .ly M .ma .mc .md .me .mg .mh .mk .ml .mm .mn .mo .mp .mq .mr .ms .mt .mu .mv .mw .mx .my .mz N .na .nc .ne .nf .ng .ni .nl .no .np .nr .nu .nz O .om P .pa .pe .pf .pg .ph .pk .pl .pm .pn .pr .ps .pt .pw .py Q .qa R .re .ro .rs .ru .rw S .sa .sb .sc .sd .se .sg .sh .si .sk .sl .sm .sn .so .sr .ss .st .su .sv .sx .sy .sz T .tc .td .tf .tg .th .tj .tk .tl .tm .tn .to .tr .tt .tv .tw .tz U .ua .ug .uk .us .uy .uz V .va .vc .ve .vg .vi .vn .vu W .wf .ws Y .ye .yt Z .za .zm .zw | .zr#3: A .ac .ad .ae .af .ag .ai .al .am .ao .aq .ar .as .at .au .aw .ax .az B .ba .bb .bd .be .bf .bg .bh .bi .bj .bm .bn .bo .br .bs .bt .bw .by .bz C .ca .cc .cd .cf .cg .ch .ci .ck .cl .cm .cn .co .cr .cu .cv .cw .cx .cy .cz D .de .dj .dk .dm .do .dz E .ec .ee .eg .er .es .et .eu F .fi .fj .fk .fm .fo .fr G .ga .gd .ge .gf .gg .gh .gi .gl .gm .gn .gp .gq .gr .gs .gt .gu .gw .gy H .hk .hm .hn .hr .ht .hu I .id .ie .il .im .in .io .iq .ir .is .it J .je .jm .jo .jp K .ke .kg .kh .ki .km .kn .kp .kr .kw .ky .kz L .la .lb .lc .li .lk .lr .ls .lt .lu .lv .ly M .ma .mc .md .me .mg .mh .mk .ml .mm .mn .mo .mp .mq .mr .ms .mt .mu .mv .mw .mx .my .mz N .na .nc .ne .nf .ng .ni .nl .no .np .nr .nu .nz O .om P .pa .pe .pf .pg .ph .pk .pl .pm .pn .pr .ps .pt .pw .py Q .qa R .re .ro .rs .ru .rw S .sa .sb .sc .sd .se .sg .sh .si .sk .sl .sm .sn .so .sr .ss .st .su .sv .sx .sy .sz T .tc .td .tf .tg .th .tj .tk .tl .tm .tn .to .tr .tt .tv .tw .tz U .ua .ug .uk .us .uy .uz V .va .vc .ve .vg .vi .vn .vu W .wf .ws Y .ye .yt Z .za .zm .zw | .ma#2: A .ac .ad .ae .af .ag .ai .al .am .ao .aq .ar .as .at .au .aw .ax .az B .ba .bb .bd .be .bf .bg .bh .bi .bj .bm .bn .bo .br .bs .bt .bw .by .bz C .ca .cc .cd .cf .cg .ch .ci .ck .cl .cm .cn .co .cr .cu .cv .cw .cx .cy .cz D .de .dj .dk .dm .do .dz E .ec .ee .eg .er .es .et .eu F .fi .fj .fk .fm .fo .fr G .ga .gd .ge .gf .gg .gh .gi .gl .gm .gn .gp .gq .gr .gs .gt .gu .gw .gy H .hk .hm .hn .hr .ht .hu I .id .ie .il .im .in .io .iq .ir .is .it J .je .jm .jo .jp K .ke .kg .kh .ki .km .kn .kp .kr .kw .ky .kz L .la .lb .lc .li .lk .lr .ls .lt .lu .lv .ly M .mc .md .me .mg .mh .mk .ml .mm .mn .mo .mp .mq .mr .ms .mt .mu .mv .mw .mx .my .mz N .na .nc .ne .nf .ng .ni .nl .no .np .nr .nu .nz O .om P .pa .pe .pf .pg .ph .pk .pl .pm .pn .pr .ps .pt .pw .py Q .qa R .re .ro .rs .ru .rw S .sa .sb .sc .sd .se .sg .sh .si .sk .sl .sm .sn .so .sr .ss .st .su .sv .sx .sy .sz T .tc .td .tf .tg .th .tj .tk .tl .tm .tn .to .tr .tt .tv .tw .tz U .ua .ug .uk .us .uy .uz V .va .vc .ve .vg .vi .vn .vu W .wf .ws Y .ye .yt Z .za .zm .zw | .pw#2: A .ac .ad .ae .af .ag .ai .al .am .ao .aq .ar .as .at .au .aw .ax .az B .ba .bb .bd .be .bf .bg .bh .bi .bj .bm .bn .bo .br .bs .bt .bw .by .bz C .ca .cc .cd .cf .cg .ch .ci .ck .cl .cm .cn .co .cr .cu .cv .cw .cx .cy .cz D .de .dj .dk .dm .do .dz E .ec .ee .eg .er .es .et .eu F .fi .fj .fk .fm .fo .fr G .ga .gd .ge .gf .gg .gh .gi .gl .gm .gn .gp .gq .gr .gs .gt .gu .gw .gy H .hk .hm .hn .hr .ht .hu I .id .ie .il .im .in .io .iq .ir .is .it J .je .jm .jo .jp K .ke .kg .kh .ki .km .kn .kp .kr .kw .ky .kz L .la .lb .lc .li .lk .lr .ls .lt .lu .lv .ly M .ma .mc .md .me .mg .mh .mk .ml .mm .mn .mo .mp .mq .mr .ms .mt .mu .mv .mw .mx .my .mz N .na .nc .ne .nf .ng .ni .nl .no .np .nr .nu .nz O .om P .pa .pe .pf .pg .ph .pk .pl .pm .pn .pr .ps .pt .py Q .qa R .re .ro .rs .ru .rw S .sa .sb .sc .sd .se .sg .sh .si .sk .sl .sm .sn .so .sr .ss .st .su .sv .sx .sy .sz T .tc .td .tf .tg .th .tj .tk .tl .tm .tn .to .tr .tt .tv .tw .tz U .ua .ug .uk .us .uy .uz V .va .vc .ve .vg .vi .vn .vu W .wf .ws Y .ye .yt Z .za .zm .zw | .mf#3: A .ac .ad .ae .af .ag .ai .al .am .ao .aq .ar .as .at .au .aw .ax .az B .ba .bb .bd .be .bf .bg .bh .bi .bj .bm .bn .bo .br .bs .bt .bw .by .bz C .ca .cc .cd .cf .cg .ch .ci .ck .cl .cm .cn .co .cr .cu .cv .cw .cx .cy .cz D .de .dj .dk .dm .do .dz E .ec .ee .eg .er .es .et .eu F .fi .fj .fk .fm .fo .fr G .ga .gd .ge .gf .gg .gh .gi .gl .gm .gn .gp .gq .gr .gs .gt .gu .gw .gy H .hk .hm .hn .hr .ht .hu I .id .ie .il .im .in .io .iq .ir .is .it J .je .jm .jo .jp K .ke .kg .kh .ki .km .kn .kp .kr .kw .ky .kz L .la .lb .lc .li .lk .lr .ls .lt .lu .lv .ly M .ma .mc .md .me .mg .mh .mk .ml .mm .mn .mo .mp .mq .mr .ms .mt .mu .mv .mw .mx .my .mz N .na .nc .ne .nf .ng .ni .nl .no .np .nr .nu .nz O .om P .pa .pe .pf .pg .ph .pk .pl .pm .pn .pr .ps .pt .pw .py Q .qa R .re .ro .rs .ru .rw S .sa .sb .sc .sd .se .sg .sh .si .sk .sl .sm .sn .so .sr .ss .st .su .sv .sx .sy .sz T .tc .td .tf .tg .th .tj .tk .tl .tm .tn .to .tr .tt .tv .tw .tz U .ua .ug .uk .us .uy .uz V .va .vc .ve .vg .vi .vn .vu W .wf .ws Y .ye .yt Z .za .zm .zw | .sg#8: A .ac .ad .ae .af .ag .ai .al .am .ao .aq .ar .as .at .au .aw .ax .az B .ba .bb .bd .be .bf .bg .bh .bi .bj .bm .bn .bo .br .bs .bt .bw .by .bz C .ca .cc .cd .cf .cg .ch .ci .ck .cl .cm .cn .co .cr .cu .cv .cw .cx .cy .cz D .de .dj .dk .dm .do .dz E .ec .ee .eg .er .es .et .eu F .fi .fj .fk .fm .fo .fr G .ga .gd .ge .gf .gg .gh .gi .gl .gm .gn .gp .gq .gr .gs .gt .gu .gw .gy H .hk .hm .hn .hr .ht .hu I .id .ie .il .im .in .io .iq .ir .is .it J .je .jm .jo .jp K .ke .kg .kh .ki .km .kn .kp .kr .kw .ky .kz L .la .lb .lc .li .lk .lr .ls .lt .lu .lv .ly M .ma .mc .md .me .mg .mh .mk .ml .mm .mn .mo .mp .mq .mr .ms .mt .mu .mv .mw .mx .my .mz N .na .nc .ne .nf .ng .ni .nl .no .np .nr .nu .nz O .om P .pa .pe .pf .pg .ph .pk .pl .pm .pn .pr .ps .pt .pw .py Q .qa R .re .ro .rs .ru .rw S .sa .sb .sc .sd .se .sh .si .sk .sl .sm .sn .so .sr .ss .st .su .sv .sx .sy .sz T .tc .td .tf .tg .th .tj .tk .tl .tm .tn .to .tr .tt .tv .tw .tz U .ua .ug .uk .us .uy .uz V .va .vc .ve .vg .vi .vn .vu W .wf .ws Y .ye .yt Z .za .zm .zw | .gd#2: A .ac .ad .ae .af .ag .ai .al .am .ao .aq .ar .as .at .au .aw .ax .az B .ba .bb .bd .be .bf .bg .bh .bi .bj .bm .bn .bo .br .bs .bt .bw .by .bz C .ca .cc .cd .cf .cg .ch .ci .ck .cl .cm .cn .co .cr .cu .cv .cw .cx .cy .cz D .de .dj .dk .dm .do .dz E .ec .ee .eg .er .es .et .eu F .fi .fj .fk .fm .fo .fr G .ga .ge .gf .gg .gh .gi .gl .gm .gn .gp .gq .gr .gs .gt .gu .gw .gy H .hk .hm .hn .hr .ht .hu I .id .ie .il .im .in .io .iq .ir .is .it J .je .jm .jo .jp K .ke .kg .kh .ki .km .kn .kp .kr .kw .ky .kz L .la .lb .lc .li .lk .lr .ls .lt .lu .lv .ly M .ma .mc .md .me .mg .mh .mk .ml .mm .mn .mo .mp .mq .mr .ms .mt .mu .mv .mw .mx .my .mz N .na .nc .ne .nf .ng .ni .nl .no .np .nr .nu .nz O .om P .pa .pe .pf .pg .ph .pk .pl .pm .pn .pr .ps .pt .pw .py Q .qa R .re .ro .rs .ru .rw S .sa .sb .sc .sd .se .sg .sh .si .sk .sl .sm .sn .so .sr .ss .st .su .sv .sx .sy .sz T .tc .td .tf .tg .th .tj .tk .tl .tm .tn .to .tr .tt .tv .tw .tz U .ua .ug .uk .us .uy .uz V .va .vc .ve .vg .vi .vn .vu W .wf .ws Y .ye .yt Z .za .zm .zw | .tt#7: A .ac .ad .ae .af .ag .ai .al .am .ao .aq .ar .as .at .au .aw .ax .az B .ba .bb .bd .be .bf .bg .bh .bi .bj .bm .bn .bo .br .bs .bt .bw .by .bz C .ca .cc .cd .cf .cg .ch .ci .ck .cl .cm .cn .co .cr .cu .cv .cw .cx .cy .cz D .de .dj .dk .dm .do .dz E .ec .ee .eg .er .es .et .eu F .fi .fj .fk .fm .fo .fr G .ga .gd .ge .gf .gg .gh .gi .gl .gm .gn .gp .gq .gr .gs .gt .gu .gw .gy H .hk .hm .hn .hr .ht .hu I .id .ie .il .im .in .io .iq .ir .is .it J .je .jm .jo .jp K .ke .kg .kh .ki .km .kn .kp .kr .kw .ky .kz L .la .lb .lc .li .lk .lr .ls .lt .lu .lv .ly M .ma .mc .md .me .mg .mh .mk .ml .mm .mn .mo .mp .mq .mr .ms .mt .mu .mv .mw .mx .my .mz N .na .nc .ne .nf .ng .ni .nl .no .np .nr .nu .nz O .om P .pa .pe .pf .pg .ph .pk .pl .pm .pn .pr .ps .pt .pw .py Q .qa R .re .ro .rs .ru .rw S .sa .sb .sc .sd .se .sg .sh .si .sk .sl .sm .sn .so .sr .ss .st .su .sv .sx .sy .sz T .tc .td .tf .tg .th .tj .tk .tl .tm .tn .to .tr .tv .tw .tz U .ua .ug .uk .us .uy .uz V .va .vc .ve .vg .vi .vn .vu W .wf .ws Y .ye .yt Z .za .zm .zw | .mg#2: A .ac .ad .ae .af .ag .ai .al .am .ao .aq .ar .as .at .au .aw .ax .az B .ba .bb .bd .be .bf .bg .bh .bi .bj .bm .bn .bo .br .bs .bt .bw .by .bz C .ca .cc .cd .cf .cg .ch .ci .ck .cl .cm .cn .co .cr .cu .cv .cw .cx .cy .cz D .de .dj .dk .dm .do .dz E .ec .ee .eg .er .es .et .eu F .fi .fj .fk .fm .fo .fr G .ga .gd .ge .gf .gg .gh .gi .gl .gm .gn .gp .gq .gr .gs .gt .gu .gw .gy H .hk .hm .hn .hr .ht .hu I .id .ie .il .im .in .io .iq .ir .is .it J .je .jm .jo .jp K .ke .kg .kh .ki .km .kn .kp .kr .kw .ky .kz L .la .lb .lc .li .lk .lr .ls .lt .lu .lv .ly M .ma .mc .md .me .mh .mk .ml .mm .mn .mo .mp .mq .mr .ms .mt .mu .mv .mw .mx .my .mz N .na .nc .ne .nf .ng .ni .nl .no .np .nr .nu .nz O .om P .pa .pe .pf .pg .ph .pk .pl .pm .pn .pr .ps .pt .pw .py Q .qa R .re .ro .rs .ru .rw S .sa .sb .sc .sd .se .sg .sh .si .sk .sl .sm .sn .so .sr .ss .st .su .sv .sx .sy .sz T .tc .td .tf .tg .th .tj .tk .tl .tm .tn .to .tr .tt .tv .tw .tz U .ua .ug .uk .us .uy .uz V .va .vc .ve .vg .vi .vn .vu W .wf .ws Y .ye .yt Z .za .zm .zw | .sm#2: A .ac .ad .ae .af .ag .ai .al .am .ao .aq .ar .as .at .au .aw .ax .az B .ba .bb .bd .be .bf .bg .bh .bi .bj .bm .bn .bo .br .bs .bt .bw .by .bz C .ca .cc .cd .cf .cg .ch .ci .ck .cl .cm .cn .co .cr .cu .cv .cw .cx .cy .cz D .de .dj .dk .dm .do .dz E .ec .ee .eg .er .es .et .eu F .fi .fj .fk .fm .fo .fr G .ga .gd .ge .gf .gg .gh .gi .gl .gm .gn .gp .gq .gr .gs .gt .gu .gw .gy H .hk .hm .hn .hr .ht .hu I .id .ie .il .im .in .io .iq .ir .is .it J .je .jm .jo .jp K .ke .kg .kh .ki .km .kn .kp .kr .kw .ky .kz L .la .lb .lc .li .lk .lr .ls .lt .lu .lv .ly M .ma .mc .md .me .mg .mh .mk .ml .mm .mn .mo .mp .mq .mr .ms .mt .mu .mv .mw .mx .my .mz N .na .nc .ne .nf .ng .ni .nl .no .np .nr .nu .nz O .om P .pa .pe .pf .pg .ph .pk .pl .pm .pn .pr .ps .pt .pw .py Q .qa R .re .ro .rs .ru .rw S .sa .sb .sc .sd .se .sg .sh .si .sk .sl .sn .so .sr .ss .st .su .sv .sx .sy .sz T .tc .td .tf .tg .th .tj .tk .tl .tm .tn .to .tr .tt .tv .tw .tz U .ua .ug .uk .us .uy .uz V .va .vc .ve .vg .vi .vn .vu W .wf .ws Y .ye .yt Z .za .zm .zw | .ve#2: A .ac .ad .ae .af .ag .ai .al .am .ao .aq .ar .as .at .au .aw .ax .az B .ba .bb .bd .be .bf .bg .bh .bi .bj .bm .bn .bo .br .bs .bt .bw .by .bz C .ca .cc .cd .cf .cg .ch .ci .ck .cl .cm .cn .co .cr .cu .cv .cw .cx .cy .cz D .de .dj .dk .dm .do .dz E .ec .ee .eg .er .es .et .eu F .fi .fj .fk .fm .fo .fr G .ga .gd .ge .gf .gg .gh .gi .gl .gm .gn .gp .gq .gr .gs .gt .gu .gw .gy H .hk .hm .hn .hr .ht .hu I .id .ie .il .im .in .io .iq .ir .is .it J .je .jm .jo .jp K .ke .kg .kh .ki .km .kn .kp .kr .kw .ky .kz L .la .lb .lc .li .lk .lr .ls .lt .lu .lv .ly M .ma .mc .md .me .mg .mh .mk .ml .mm .mn .mo .mp .mq .mr .ms .mt .mu .mv .mw .mx .my .mz N .na .nc .ne .nf .ng .ni .nl .no .np .nr .nu .nz O .om P .pa .pe .pf .pg .ph .pk .pl .pm .pn .pr .ps .pt .pw .py Q .qa R .re .ro .rs .ru .rw S .sa .sb .sc .sd .se .sg .sh .si .sk .sl .sm .sn .so .sr .ss .st .su .sv .sx .sy .sz T .tc .td .tf .tg .th .tj .tk .tl .tm .tn .to .tr .tt .tv .tw .tz U .ua .ug .uk .us .uy .uz V .va .vc .vg .vi .vn .vu W .wf .ws Y .ye .yt Z .za .zm .zw | .kz#5: A .ac .ad .ae .af .ag .ai .al .am .ao .aq .ar .as .at .au .aw .ax .az B .ba .bb .bd .be .bf .bg .bh .bi .bj .bm .bn .bo .br .bs .bt .bw .by .bz C .ca .cc .cd .cf .cg .ch .ci .ck .cl .cm .cn .co .cr .cu .cv .cw .cx .cy .cz D .de .dj .dk .dm .do .dz E .ec .ee .eg .er .es .et .eu F .fi .fj .fk .fm .fo .fr G .ga .gd .ge .gf .gg .gh .gi .gl .gm .gn .gp .gq .gr .gs .gt .gu .gw .gy H .hk .hm .hn .hr .ht .hu I .id .ie .il .im .in .io .iq .ir .is .it J .je .jm .jo .jp K .ke .kg .kh .ki .km .kn .kp .kr .kw .ky L .la .lb .lc .li .lk .lr .ls .lt .lu .lv .ly M .ma .mc .md .me .mg .mh .mk .ml .mm .mn .mo .mp .mq .mr .ms .mt .mu .mv .mw .mx .my .mz N .na .nc .ne .nf .ng .ni .nl .no .np .nr .nu .nz O .om P .pa .pe .pf .pg .ph .pk .pl .pm .pn .pr .ps .pt .pw .py Q .qa R .re .ro .rs .ru .rw S .sa .sb .sc .sd .se .sg .sh .si .sk .sl .sm .sn .so .sr .ss .st .su .sv .sx .sy .sz T .tc .td .tf .tg .th .tj .tk .tl .tm .tn .to .tr .tt .tv .tw .tz U .ua .ug .uk .us .uy .uz V .va .vc .ve .vg .vi .vn .vu W .wf .ws Y .ye .yt Z .za .zm .zw | .pa#2: A .ac .ad .ae .af .ag .ai .al .am .ao .aq .ar .as .at .au .aw .ax .az B .ba .bb .bd .be .bf .bg .bh .bi .bj .bm .bn .bo .br .bs .bt .bw .by .bz C .ca .cc .cd .cf .cg .ch .ci .ck .cl .cm .cn .co .cr .cu .cv .cw .cx .cy .cz D .de .dj .dk .dm .do .dz E .ec .ee .eg .er .es .et .eu F .fi .fj .fk .fm .fo .fr G .ga .gd .ge .gf .gg .gh .gi .gl .gm .gn .gp .gq .gr .gs .gt .gu .gw .gy H .hk .hm .hn .hr .ht .hu I .id .ie .il .im .in .io .iq .ir .is .it J .je .jm .jo .jp K .ke .kg .kh .ki .km .kn .kp .kr .kw .ky .kz L .la .lb .lc .li .lk .lr .ls .lt .lu .lv .ly M .ma .mc .md .me .mg .mh .mk .ml .mm .mn .mo .mp .mq .mr .ms .mt .mu .mv .mw .mx .my .mz N .na .nc .ne .nf .ng .ni .nl .no .np .nr .nu .nz O .om P .pe .pf .pg .ph .pk .pl .pm .pn .pr .ps .pt .pw .py Q .qa R .re .ro .rs .ru .rw S .sa .sb .sc .sd .se .sg .sh .si .sk .sl .sm .sn .so .sr .ss .st .su .sv .sx .sy .sz T .tc .td .tf .tg .th .tj .tk .tl .tm .tn .to .tr .tt .tv .tw .tz U .ua .ug .uk .us .uy .uz V .va .vc .ve .vg .vi .vn .vu W .wf .ws Y .ye .yt Z .za .zm .zw | .am#10: A .ac .ad .ae .af .ag .ai .al .ao .aq .ar .as .at .au .aw .ax .az B .ba .bb .bd .be .bf .bg .bh .bi .bj .bm .bn .bo .br .bs .bt .bw .by .bz C .ca .cc .cd .cf .cg .ch .ci .ck .cl .cm .cn .co .cr .cu .cv .cw .cx .cy .cz D .de .dj .dk .dm .do .dz E .ec .ee .eg .er .es .et .eu F .fi .fj .fk .fm .fo .fr G .ga .gd .ge .gf .gg .gh .gi .gl .gm .gn .gp .gq .gr .gs .gt .gu .gw .gy H .hk .hm .hn .hr .ht .hu I .id .ie .il .im .in .io .iq .ir .is .it J .je .jm .jo .jp K .ke .kg .kh .ki .km .kn .kp .kr .kw .ky .kz L .la .lb .lc .li .lk .lr .ls .lt .lu .lv .ly M .ma .mc .md .me .mg .mh .mk .ml .mm .mn .mo .mp .mq .mr .ms .mt .mu .mv .mw .mx .my .mz N .na .nc .ne .nf .ng .ni .nl .no .np .nr .nu .nz O .om P .pa .pe .pf .pg .ph .pk .pl .pm .pn .pr .ps .pt .pw .py Q .qa R .re .ro .rs .ru .rw S .sa .sb .sc .sd .se .sg .sh .si .sk .sl .sm .sn .so .sr .ss .st .su .sv .sx .sy .sz T .tc .td .tf .tg .th .tj .tk .tl .tm .tn .to .tr .tt .tv .tw .tz U .ua .ug .uk .us .uy .uz V .va .vc .ve .vg .vi .vn .vu W .wf .ws Y .ye .yt Z .za .zm .zw | .ph#2: A .ac .ad .ae .af .ag .ai .al .am .ao .aq .ar .as .at .au .aw .ax .az B .ba .bb .bd .be .bf .bg .bh .bi .bj .bm .bn .bo .br .bs .bt .bw .by .bz C .ca .cc .cd .cf .cg .ch .ci .ck .cl .cm .cn .co .cr .cu .cv .cw .cx .cy .cz D .de .dj .dk .dm .do .dz E .ec .ee .eg .er .es .et .eu F .fi .fj .fk .fm .fo .fr G .ga .gd .ge .gf .gg .gh .gi .gl .gm .gn .gp .gq .gr .gs .gt .gu .gw .gy H .hk .hm .hn .hr .ht .hu I .id .ie .il .im .in .io .iq .ir .is .it J .je .jm .jo .jp K .ke .kg .kh .ki .km .kn .kp .kr .kw .ky .kz L .la .lb .lc .li .lk .lr .ls .lt .lu .lv .ly M .ma .mc .md .me .mg .mh .mk .ml .mm .mn .mo .mp .mq .mr .ms .mt .mu .mv .mw .mx .my .mz N .na .nc .ne .nf .ng .ni .nl .no .np .nr .nu .nz O .om P .pa .pe .pf .pg .pk .pl .pm .pn .pr .ps .pt .pw .py Q .qa R .re .ro .rs .ru .rw S .sa .sb .sc .sd .se .sg .sh .si .sk .sl .sm .sn .so .sr .ss .st .su .sv .sx .sy .sz T .tc .td .tf .tg .th .tj .tk .tl .tm .tn .to .tr .tt .tv .tw .tz U .ua .ug .uk .us .uy .uz V .va .vc .ve .vg .vi .vn .vu W .wf .ws Y .ye .yt Z .za .zm .zw | .gu#2: A .ac .ad .ae .af .ag .ai .al .am .ao .aq .ar .as .at .au .aw .ax .az B .ba .bb .bd .be .bf .bg .bh .bi .bj .bm .bn .bo .br .bs .bt .bw .by .bz C .ca .cc .cd .cf .cg .ch .ci .ck .cl .cm .cn .co .cr .cu .cv .cw .cx .cy .cz D .de .dj .dk .dm .do .dz E .ec .ee .eg .er .es .et .eu F .fi .fj .fk .fm .fo .fr G .ga .gd .ge .gf .gg .gh .gi .gl .gm .gn .gp .gq .gr .gs .gt .gw .gy H .hk .hm .hn .hr .ht .hu I .id .ie .il .im .in .io .iq .ir .is .it J .je .jm .jo .jp K .ke .kg .kh .ki .km .kn .kp .kr .kw .ky .kz L .la .lb .lc .li .lk .lr .ls .lt .lu .lv .ly M .ma .mc .md .me .mg .mh .mk .ml .mm .mn .mo .mp .mq .mr .ms .mt .mu .mv .mw .mx .my .mz N .na .nc .ne .nf .ng .ni .nl .no .np .nr .nu .nz O .om P .pa .pe .pf .pg .ph .pk .pl .pm .pn .pr .ps .pt .pw .py Q .qa R .re .ro .rs .ru .rw S .sa .sb .sc .sd .se .sg .sh .si .sk .sl .sm .sn .so .sr .ss .st .su .sv .sx .sy .sz T .tc .td .tf .tg .th .tj .tk .tl .tm .tn .to .tr .tt .tv .tw .tz U .ua .ug .uk .us .uy .uz V .va .vc .ve .vg .vi .vn .vu W .wf .ws Y .ye .yt Z .za .zm .zw | .is#10: A .ac .ad .ae .af .ag .ai .al .am .ao .aq .ar .as .at .au .aw .ax .az B .ba .bb .bd .be .bf .bg .bh .bi .bj .bm .bn .bo .br .bs .bt .bw .by .bz C .ca .cc .cd .cf .cg .ch .ci .ck .cl .cm .cn .co .cr .cu .cv .cw .cx .cy .cz D .de .dj .dk .dm .do .dz E .ec .ee .eg .er .es .et .eu F .fi .fj .fk .fm .fo .fr G .ga .gd .ge .gf .gg .gh .gi .gl .gm .gn .gp .gq .gr .gs .gt .gu .gw .gy H .hk .hm .hn .hr .ht .hu I .id .ie .il .im .in .io .iq .ir .it J .je .jm .jo .jp K .ke .kg .kh .ki .km .kn .kp .kr .kw .ky .kz L .la .lb .lc .li .lk .lr .ls .lt .lu .lv .ly M .ma .mc .md .me .mg .mh .mk .ml .mm .mn .mo .mp .mq .mr .ms .mt .mu .mv .mw .mx .my .mz N .na .nc .ne .nf .ng .ni .nl .no .np .nr .nu .nz O .om P .pa .pe .pf .pg .ph .pk .pl .pm .pn .pr .ps .pt .pw .py Q .qa R .re .ro .rs .ru .rw S .sa .sb .sc .sd .se .sg .sh .si .sk .sl .sm .sn .so .sr .ss .st .su .sv .sx .sy .sz T .tc .td .tf .tg .th .tj .tk .tl .tm .tn .to .tr .tt .tv .tw .tz U .ua .ug .uk .us .uy .uz V .va .vc .ve .vg .vi .vn .vu W .wf .ws Y .ye .yt Z .za .zm .zw | .sl#2: A .ac .ad .ae .af .ag .ai .al .am .ao .aq .ar .as .at .au .aw .ax .az B .ba .bb .bd .be .bf .bg .bh .bi .bj .bm .bn .bo .br .bs .bt .bw .by .bz C .ca .cc .cd .cf .cg .ch .ci .ck .cl .cm .cn .co .cr .cu .cv .cw .cx .cy .cz D .de .dj .dk .dm .do .dz E .ec .ee .eg .er .es .et .eu F .fi .fj .fk .fm .fo .fr G .ga .gd .ge .gf .gg .gh .gi .gl .gm .gn .gp .gq .gr .gs .gt .gu .gw .gy H .hk .hm .hn .hr .ht .hu I .id .ie .il .im .in .io .iq .ir .is .it J .je .jm .jo .jp K .ke .kg .kh .ki .km .kn .kp .kr .kw .ky .kz L .la .lb .lc .li .lk .lr .ls .lt .lu .lv .ly M .ma .mc .md .me .mg .mh .mk .ml .mm .mn .mo .mp .mq .mr .ms .mt .mu .mv .mw .mx .my .mz N .na .nc .ne .nf .ng .ni .nl .no .np .nr .nu .nz O .om P .pa .pe .pf .pg .ph .pk .pl .pm .pn .pr .ps .pt .pw .py Q .qa R .re .ro .rs .ru .rw S .sa .sb .sc .sd .se .sg .sh .si .sk .sm .sn .so .sr .ss .st .su .sv .sx .sy .sz T .tc .td .tf .tg .th .tj .tk .tl .tm .tn .to .tr .tt .tv .tw .tz U .ua .ug .uk .us .uy .uz V .va .vc .ve .vg .vi .vn .vu W .wf .ws Y .ye .yt Z .za .zm .zw | .lt#2: A .ac .ad .ae .af .ag .ai .al .am .ao .aq .ar .as .at .au .aw .ax .az B .ba .bb .bd .be .bf .bg .bh .bi .bj .bm .bn .bo .br .bs .bt .bw .by .bz C .ca .cc .cd .cf .cg .ch .ci .ck .cl .cm .cn .co .cr .cu .cv .cw .cx .cy .cz D .de .dj .dk .dm .do .dz E .ec .ee .eg .er .es .et .eu F .fi .fj .fk .fm .fo .fr G .ga .gd .ge .gf .gg .gh .gi .gl .gm .gn .gp .gq .gr .gs .gt .gu .gw .gy H .hk .hm .hn .hr .ht .hu I .id .ie .il .im .in .io .iq .ir .is .it J .je .jm .jo .jp K .ke .kg .kh .ki .km .kn .kp .kr .kw .ky .kz L .la .lb .lc .li .lk .lr .ls .lu .lv .ly M .ma .mc .md .me .mg .mh .mk .ml .mm .mn .mo .mp .mq .mr .ms .mt .mu .mv .mw .mx .my .mz N .na .nc .ne .nf .ng .ni .nl .no .np .nr .nu .nz O .om P .pa .pe .pf .pg .ph .pk .pl .pm .pn .pr .ps .pt .pw .py Q .qa R .re .ro .rs .ru .rw S .sa .sb .sc .sd .se .sg .sh .si .sk .sl .sm .sn .so .sr .ss .st .su .sv .sx .sy .sz T .tc .td .tf .tg .th .tj .tk .tl .tm .tn .to .tr .tt .tv .tw .tz U .ua .ug .uk .us .uy .uz V .va .vc .ve .vg .vi .vn .vu W .wf .ws Y .ye .yt Z .za .zm .zw | .kg#2: A .ac .ad .ae .af .ag .ai .al .am .ao .aq .ar .as .at .au .aw .ax .az B .ba .bb .bd .be .bf .bg .bh .bi .bj .bm .bn .bo .br .bs .bt .bw .by .bz C .ca .cc .cd .cf .cg .ch .ci .ck .cl .cm .cn .co .cr .cu .cv .cw .cx .cy .cz D .de .dj .dk .dm .do .dz E .ec .ee .eg .er .es .et .eu F .fi .fj .fk .fm .fo .fr G .ga .gd .ge .gf .gg .gh .gi .gl .gm .gn .gp .gq .gr .gs .gt .gu .gw .gy H .hk .hm .hn .hr .ht .hu I .id .ie .il .im .in .io .iq .ir .is .it J .je .jm .jo .jp K .ke .kh .ki .km .kn .kp .kr .kw .ky .kz L .la .lb .lc .li .lk .lr .ls .lt .lu .lv .ly M .ma .mc .md .me .mg .mh .mk .ml .mm .mn .mo .mp .mq .mr .ms .mt .mu .mv .mw .mx .my .mz N .na .nc .ne .nf .ng .ni .nl .no .np .nr .nu .nz O .om P .pa .pe .pf .pg .ph .pk .pl .pm .pn .pr .ps .pt .pw .py Q .qa R .re .ro .rs .ru .rw S .sa .sb .sc .sd .se .sg .sh .si .sk .sl .sm .sn .so .sr .ss .st .su .sv .sx .sy .sz T .tc .td .tf .tg .th .tj .tk .tl .tm .tn .to .tr .tt .tv .tw .tz U .ua .ug .uk .us .uy .uz V .va .vc .ve .vg .vi .vn .vu W .wf .ws Y .ye .yt Z .za .zm .zw | .mp#2: A .ac .ad .ae .af .ag .ai .al .am .ao .aq .ar .as .at .au .aw .ax .az B .ba .bb .bd .be .bf .bg .bh .bi .bj .bm .bn .bo .br .bs .bt .bw .by .bz C .ca .cc .cd .cf .cg .ch .ci .ck .cl .cm .cn .co .cr .cu .cv .cw .cx .cy .cz D .de .dj .dk .dm .do .dz E .ec .ee .eg .er .es .et .eu F .fi .fj .fk .fm .fo .fr G .ga .gd .ge .gf .gg .gh .gi .gl .gm .gn .gp .gq .gr .gs .gt .gu .gw .gy H .hk .hm .hn .hr .ht .hu I .id .ie .il .im .in .io .iq .ir .is .it J .je .jm .jo .jp K .ke .kg .kh .ki .km .kn .kp .kr .kw .ky .kz L .la .lb .lc .li .lk .lr .ls .lt .lu .lv .ly M .ma .mc .md .me .mg .mh .mk .ml .mm .mn .mo .mq .mr .ms .mt .mu .mv .mw .mx .my .mz N .na .nc .ne .nf .ng .ni .nl .no .np .nr .nu .nz O .om P .pa .pe .pf .pg .ph .pk .pl .pm .pn .pr .ps .pt .pw .py Q .qa R .re .ro .rs .ru .rw S .sa .sb .sc .sd .se .sg .sh .si .sk .sl .sm .sn .so .sr .ss .st .su .sv .sx .sy .sz T .tc .td .tf .tg .th .tj .tk .tl .tm .tn .to .tr .tt .tv .tw .tz U .ua .ug .uk .us .uy .uz V .va .vc .ve .vg .vi .vn .vu W .wf .ws Y .ye .yt Z .za .zm .zw | .nc#2: A .ac .ad .ae .af .ag .ai .al .am .ao .aq .ar .as .at .au .aw .ax .az B .ba .bb .bd .be .bf .bg .bh .bi .bj .bm .bn .bo .br .bs .bt .bw .by .bz C .ca .cc .cd .cf .cg .ch .ci .ck .cl .cm .cn .co .cr .cu .cv .cw .cx .cy .cz D .de .dj .dk .dm .do .dz E .ec .ee .eg .er .es .et .eu F .fi .fj .fk .fm .fo .fr G .ga .gd .ge .gf .gg .gh .gi .gl .gm .gn .gp .gq .gr .gs .gt .gu .gw .gy H .hk .hm .hn .hr .ht .hu I .id .ie .il .im .in .io .iq .ir .is .it J .je .jm .jo .jp K .ke .kg .kh .ki .km .kn .kp .kr .kw .ky .kz L .la .lb .lc .li .lk .lr .ls .lt .lu .lv .ly M .ma .mc .md .me .mg .mh .mk .ml .mm .mn .mo .mp .mq .mr .ms .mt .mu .mv .mw .mx .my .mz N .na .ne .nf .ng .ni .nl .no .np .nr .nu .nz O .om P .pa .pe .pf .pg .ph .pk .pl .pm .pn .pr .ps .pt .pw .py Q .qa R .re .ro .rs .ru .rw S .sa .sb .sc .sd .se .sg .sh .si .sk .sl .sm .sn .so .sr .ss .st .su .sv .sx .sy .sz T .tc .td .tf .tg .th .tj .tk .tl .tm .tn .to .tr .tt .tv .tw .tz U .ua .ug .uk .us .uy .uz V .va .vc .ve .vg .vi .vn .vu W .wf .ws Y .ye .yt Z .za .zm .zw | .bt#4: A .ac .ad .ae .af .ag .ai .al .am .ao .aq .ar .as .at .au .aw .ax .az B .ba .bb .bd .be .bf .bg .bh .bi .bj .bm .bn .bo .br .bs .bw .by .bz C .ca .cc .cd .cf .cg .ch .ci .ck .cl .cm .cn .co .cr .cu .cv .cw .cx .cy .cz D .de .dj .dk .dm .do .dz E .ec .ee .eg .er .es .et .eu F .fi .fj .fk .fm .fo .fr G .ga .gd .ge .gf .gg .gh .gi .gl .gm .gn .gp .gq .gr .gs .gt .gu .gw .gy H .hk .hm .hn .hr .ht .hu I .id .ie .il .im .in .io .iq .ir .is .it J .je .jm .jo .jp K .ke .kg .kh .ki .km .kn .kp .kr .kw .ky .kz L .la .lb .lc .li .lk .lr .ls .lt .lu .lv .ly M .ma .mc .md .me .mg .mh .mk .ml .mm .mn .mo .mp .mq .mr .ms .mt .mu .mv .mw .mx .my .mz N .na .nc .ne .nf .ng .ni .nl .no .np .nr .nu .nz O .om P .pa .pe .pf .pg .ph .pk .pl .pm .pn .pr .ps .pt .pw .py Q .qa R .re .ro .rs .ru .rw S .sa .sb .sc .sd .se .sg .sh .si .sk .sl .sm .sn .so .sr .ss .st .su .sv .sx .sy .sz T .tc .td .tf .tg .th .tj .tk .tl .tm .tn .to .tr .tt .tv .tw .tz U .ua .ug .uk .us .uy .uz V .va .vc .ve .vg .vi .vn .vu W .wf .ws Y .ye .yt Z .za .zm .zw | .asia#9: A .ac .ad .ae .af .ag .ai .al .am .ao .aq .ar .as .at .au .aw .ax .az B .ba .bb .bd .be .bf .bg .bh .bi .bj .bm .bn .bo .br .bs .bt .bw .by .bz C .ca .cc .cd .cf .cg .ch .ci .ck .cl .cm .cn .co .cr .cu .cv .cw .cx .cy .cz D .de .dj .dk .dm .do .dz E .ec .ee .eg .er .es .et .eu F .fi .fj .fk .fm .fo .fr G .ga .gd .ge .gf .gg .gh .gi .gl .gm .gn .gp .gq .gr .gs .gt .gu .gw .gy H .hk .hm .hn .hr .ht .hu I .id .ie .il .im .in .io .iq .ir .is .it J .je .jm .jo .jp K .ke .kg .kh .ki .km .kn .kp .kr .kw .ky .kz L .la .lb .lc .li .lk .lr .ls .lt .lu .lv .ly M .ma .mc .md .me .mg .mh .mk .ml .mm .mn .mo .mp .mq .mr .ms .mt .mu .mv .mw .mx .my .mz N .na .nc .ne .nf .ng .ni .nl .no .np .nr .nu .nz O .om P .pa .pe .pf .pg .ph .pk .pl .pm .pn .pr .ps .pt .pw .py Q .qa R .re .ro .rs .ru .rw S .sa .sb .sc .sd .se .sg .sh .si .sk .sl .sm .sn .so .sr .ss .st .su .sv .sx .sy .sz T .tc .td .tf .tg .th .tj .tk .tl .tm .tn .to .tr .tt .tv .tw .tz U .ua .ug .uk .us .uy .uz V .va .vc .ve .vg .vi .vn .vu W .wf .ws Y .ye .yt Z .za .zm .zw | .vn#2: A .ac .ad .ae .af .ag .ai .al .am .ao .aq .ar .as .at .au .aw .ax .az B .ba .bb .bd .be .bf .bg .bh .bi .bj .bm .bn .bo .br .bs .bt .bw .by .bz C .ca .cc .cd .cf .cg .ch .ci .ck .cl .cm .cn .co .cr .cu .cv .cw .cx .cy .cz D .de .dj .dk .dm .do .dz E .ec .ee .eg .er .es .et .eu F .fi .fj .fk .fm .fo .fr G .ga .gd .ge .gf .gg .gh .gi .gl .gm .gn .gp .gq .gr .gs .gt .gu .gw .gy H .hk .hm .hn .hr .ht .hu I .id .ie .il .im .in .io .iq .ir .is .it J .je .jm .jo .jp K .ke .kg .kh .ki .km .kn .kp .kr .kw .ky .kz L .la .lb .lc .li .lk .lr .ls .lt .lu .lv .ly M .ma .mc .md .me .mg .mh .mk .ml .mm .mn .mo .mp .mq .mr .ms .mt .mu .mv .mw .mx .my .mz N .na .nc .ne .nf .ng .ni .nl .no .np .nr .nu .nz O .om P .pa .pe .pf .pg .ph .pk .pl .pm .pn .pr .ps .pt .pw .py Q .qa R .re .ro .rs .ru .rw S .sa .sb .sc .sd .se .sg .sh .si .sk .sl .sm .sn .so .sr .ss .st .su .sv .sx .sy .sz T .tc .td .tf .tg .th .tj .tk .tl .tm .tn .to .tr .tt .tv .tw .tz U .ua .ug .uk .us .uy .uz V .va .vc .ve .vg .vi .vu W .wf .ws Y .ye .yt Z .za .zm .zw | .in#2: A .ac .ad .ae .af .ag .ai .al .am .ao .aq .ar .as .at .au .aw .ax .az B .ba .bb .bd .be .bf .bg .bh .bi .bj .bm .bn .bo .br .bs .bt .bw .by .bz C .ca .cc .cd .cf .cg .ch .ci .ck .cl .cm .cn .co .cr .cu .cv .cw .cx .cy .cz D .de .dj .dk .dm .do .dz E .ec .ee .eg .er .es .et .eu F .fi .fj .fk .fm .fo .fr G .ga .gd .ge .gf .gg .gh .gi .gl .gm .gn .gp .gq .gr .gs .gt .gu .gw .gy H .hk .hm .hn .hr .ht .hu I .id .ie .il .im .io .iq .ir .is .it J .je .jm .jo .jp K .ke .kg .kh .ki .km .kn .kp .kr .kw .ky .kz L .la .lb .lc .li .lk .lr .ls .lt .lu .lv .ly M .ma .mc .md .me .mg .mh .mk .ml .mm .mn .mo .mp .mq .mr .ms .mt .mu .mv .mw .mx .my .mz N .na .nc .ne .nf .ng .ni .nl .no .np .nr .nu .nz O .om P .pa .pe .pf .pg .ph .pk .pl .pm .pn .pr .ps .pt .pw .py Q .qa R .re .ro .rs .ru .rw S .sa .sb .sc .sd .se .sg .sh .si .sk .sl .sm .sn .so .sr .ss .st .su .sv .sx .sy .sz T .tc .td .tf .tg .th .tj .tk .tl .tm .tn .to .tr .tt .tv .tw .tz U .ua .ug .uk .us .uy .uz V .va .vc .ve .vg .vi .vn .vu W .wf .ws Y .ye .yt Z .za .zm .zw | .mt#2: A .ac .ad .ae .af .ag .ai .al .am .ao .aq .ar .as .at .au .aw .ax .az B .ba .bb .bd .be .bf .bg .bh .bi .bj .bm .bn .bo .br .bs .bt .bw .by .bz C .ca .cc .cd .cf .cg .ch .ci .ck .cl .cm .cn .co .cr .cu .cv .cw .cx .cy .cz D .de .dj .dk .dm .do .dz E .ec .ee .eg .er .es .et .eu F .fi .fj .fk .fm .fo .fr G .ga .gd .ge .gf .gg .gh .gi .gl .gm .gn .gp .gq .gr .gs .gt .gu .gw .gy H .hk .hm .hn .hr .ht .hu I .id .ie .il .im .in .io .iq .ir .is .it J .je .jm .jo .jp K .ke .kg .kh .ki .km .kn .kp .kr .kw .ky .kz L .la .lb .lc .li .lk .lr .ls .lt .lu .lv .ly M .ma .mc .md .me .mg .mh .mk .ml .mm .mn .mo .mp .mq .mr .ms .mu .mv .mw .mx .my .mz N .na .nc .ne .nf .ng .ni .nl .no .np .nr .nu .nz O .om P .pa .pe .pf .pg .ph .pk .pl .pm .pn .pr .ps .pt .pw .py Q .qa R .re .ro .rs .ru .rw S .sa .sb .sc .sd .se .sg .sh .si .sk .sl .sm .sn .so .sr .ss .st .su .sv .sx .sy .sz T .tc .td .tf .tg .th .tj .tk .tl .tm .tn .to .tr .tt .tv .tw .tz U .ua .ug .uk .us .uy .uz V .va .vc .ve .vg .vi .vn .vu W .wf .ws Y .ye .yt Z .za .zm .zw | .re#2: A .ac .ad .ae .af .ag .ai .al .am .ao .aq .ar .as .at .au .aw .ax .az B .ba .bb .bd .be .bf .bg .bh .bi .bj .bm .bn .bo .br .bs .bt .bw .by .bz C .ca .cc .cd .cf .cg .ch .ci .ck .cl .cm .cn .co .cr .cu .cv .cw .cx .cy .cz D .de .dj .dk .dm .do .dz E .ec .ee .eg .er .es .et .eu F .fi .fj .fk .fm .fo .fr G .ga .gd .ge .gf .gg .gh .gi .gl .gm .gn .gp .gq .gr .gs .gt .gu .gw .gy H .hk .hm .hn .hr .ht .hu I .id .ie .il .im .in .io .iq .ir .is .it J .je .jm .jo .jp K .ke .kg .kh .ki .km .kn .kp .kr .kw .ky .kz L .la .lb .lc .li .lk .lr .ls .lt .lu .lv .ly M .ma .mc .md .me .mg .mh .mk .ml .mm .mn .mo .mp .mq .mr .ms .mt .mu .mv .mw .mx .my .mz N .na .nc .ne .nf .ng .ni .nl .no .np .nr .nu .nz O .om P .pa .pe .pf .pg .ph .pk .pl .pm .pn .pr .ps .pt .pw .py Q .qa R .ro .rs .ru .rw S .sa .sb .sc .sd .se .sg .sh .si .sk .sl .sm .sn .so .sr .ss .st .su .sv .sx .sy .sz T .tc .td .tf .tg .th .tj .tk .tl .tm .tn .to .tr .tt .tv .tw .tz U .ua .ug .uk .us .uy .uz V .va .vc .ve .vg .vi .vn .vu W .wf .ws Y .ye .yt Z .za .zm .zw | .so#8: A .ac .ad .ae .af .ag .ai .al .am .ao .aq .ar .as .at .au .aw .ax .az B .ba .bb .bd .be .bf .bg .bh .bi .bj .bm .bn .bo .br .bs .bt .bw .by .bz C .ca .cc .cd .cf .cg .ch .ci .ck .cl .cm .cn .co .cr .cu .cv .cw .cx .cy .cz D .de .dj .dk .dm .do .dz E .ec .ee .eg .er .es .et .eu F .fi .fj .fk .fm .fo .fr G .ga .gd .ge .gf .gg .gh .gi .gl .gm .gn .gp .gq .gr .gs .gt .gu .gw .gy H .hk .hm .hn .hr .ht .hu I .id .ie .il .im .in .io .iq .ir .is .it J .je .jm .jo .jp K .ke .kg .kh .ki .km .kn .kp .kr .kw .ky .kz L .la .lb .lc .li .lk .lr .ls .lt .lu .lv .ly M .ma .mc .md .me .mg .mh .mk .ml .mm .mn .mo .mp .mq .mr .ms .mt .mu .mv .mw .mx .my .mz N .na .nc .ne .nf .ng .ni .nl .no .np .nr .nu .nz O .om P .pa .pe .pf .pg .ph .pk .pl .pm .pn .pr .ps .pt .pw .py Q .qa R .re .ro .rs .ru .rw S .sa .sb .sc .sd .se .sg .sh .si .sk .sl .sm .sn .sr .ss .st .su .sv .sx .sy .sz T .tc .td .tf .tg .th .tj .tk .tl .tm .tn .to .tr .tt .tv .tw .tz U .ua .ug .uk .us .uy .uz V .va .vc .ve .vg .vi .vn .vu W .wf .ws Y .ye .yt Z .za .zm .zw | .uy#6: A .ac .ad .ae .af .ag .ai .al .am .ao .aq .ar .as .at .au .aw .ax .az B .ba .bb .bd .be .bf .bg .bh .bi .bj .bm .bn .bo .br .bs .bt .bw .by .bz C .ca .cc .cd .cf .cg .ch .ci .ck .cl .cm .cn .co .cr .cu .cv .cw .cx .cy .cz D .de .dj .dk .dm .do .dz E .ec .ee .eg .er .es .et .eu F .fi .fj .fk .fm .fo .fr G .ga .gd .ge .gf .gg .gh .gi .gl .gm .gn .gp .gq .gr .gs .gt .gu .gw .gy H .hk .hm .hn .hr .ht .hu I .id .ie .il .im .in .io .iq .ir .is .it J .je .jm .jo .jp K .ke .kg .kh .ki .km .kn .kp .kr .kw .ky .kz L .la .lb .lc .li .lk .lr .ls .lt .lu .lv .ly M .ma .mc .md .me .mg .mh .mk .ml .mm .mn .mo .mp .mq .mr .ms .mt .mu .mv .mw .mx .my .mz N .na .nc .ne .nf .ng .ni .nl .no .np .nr .nu .nz O .om P .pa .pe .pf .pg .ph .pk .pl .pm .pn .pr .ps .pt .pw .py Q .qa R .re .ro .rs .ru .rw S .sa .sb .sc .sd .se .sg .sh .si .sk .sl .sm .sn .so .sr .ss .st .su .sv .sx .sy .sz T .tc .td .tf .tg .th .tj .tk .tl .tm .tn .to .tr .tt .tv .tw .tz U .ua .ug .uk .us .uz V .va .vc .ve .vg .vi .vn .vu W .wf .ws Y .ye .yt Z .za .zm .zw | .kp#20: A .ac .ad .ae .af .ag .ai .al .am .ao .aq .ar .as .at .au .aw .ax .az B .ba .bb .bd .be .bf .bg .bh .bi .bj .bm .bn .bo .br .bs .bt .bw .by .bz C .ca .cc .cd .cf .cg .ch .ci .ck .cl .cm .cn .co .cr .cu .cv .cw .cx .cy .cz D .de .dj .dk .dm .do .dz E .ec .ee .eg .er .es .et .eu F .fi .fj .fk .fm .fo .fr G .ga .gd .ge .gf .gg .gh .gi .gl .gm .gn .gp .gq .gr .gs .gt .gu .gw .gy H .hk .hm .hn .hr .ht .hu I .id .ie .il .im .in .io .iq .ir .is .it J .je .jm .jo .jp K .ke .kg .kh .ki .km .kn .kr .kw .ky .kz L .la .lb .lc .li .lk .lr .ls .lt .lu .lv .ly M .ma .mc .md .me .mg .mh .mk .ml .mm .mn .mo .mp .mq .mr .ms .mt .mu .mv .mw .mx .my .mz N .na .nc .ne .nf .ng .ni .nl .no .np .nr .nu .nz O .om P .pa .pe .pf .pg .ph .pk .pl .pm .pn .pr .ps .pt .pw .py Q .qa R .re .ro .rs .ru .rw S .sa .sb .sc .sd .se .sg .sh .si .sk .sl .sm .sn .so .sr .ss .st .su .sv .sx .sy .sz T .tc .td .tf .tg .th .tj .tk .tl .tm .tn .to .tr .tt .tv .tw .tz U .ua .ug .uk .us .uy .uz V .va .vc .ve .vg .vi .vn .vu W .wf .ws Y .ye .yt Z .za .zm .zw | .ms#2: A .ac .ad .ae .af .ag .ai .al .am .ao .aq .ar .as .at .au .aw .ax .az B .ba .bb .bd .be .bf .bg .bh .bi .bj .bm .bn .bo .br .bs .bt .bw .by .bz C .ca .cc .cd .cf .cg .ch .ci .ck .cl .cm .cn .co .cr .cu .cv .cw .cx .cy .cz D .de .dj .dk .dm .do .dz E .ec .ee .eg .er .es .et .eu F .fi .fj .fk .fm .fo .fr G .ga .gd .ge .gf .gg .gh .gi .gl .gm .gn .gp .gq .gr .gs .gt .gu .gw .gy H .hk .hm .hn .hr .ht .hu I .id .ie .il .im .in .io .iq .ir .is .it J .je .jm .jo .jp K .ke .kg .kh .ki .km .kn .kp .kr .kw .ky .kz L .la .lb .lc .li .lk .lr .ls .lt .lu .lv .ly M .ma .mc .md .me .mg .mh .mk .ml .mm .mn .mo .mp .mq .mr .mt .mu .mv .mw .mx .my .mz N .na .nc .ne .nf .ng .ni .nl .no .np .nr .nu .nz O .om P .pa .pe .pf .pg .ph .pk .pl .pm .pn .pr .ps .pt .pw .py Q .qa R .re .ro .rs .ru .rw S .sa .sb .sc .sd .se .sg .sh .si .sk .sl .sm .sn .so .sr .ss .st .su .sv .sx .sy .sz T .tc .td .tf .tg .th .tj .tk .tl .tm .tn .to .tr .tt .tv .tw .tz U .ua .ug .uk .us .uy .uz V .va .vc .ve .vg .vi .vn .vu W .wf .ws Y .ye .yt Z .za .zm .zw | .fi#13: A .ac .ad .ae .af .ag .ai .al .am .ao .aq .ar .as .at .au .aw .ax .az B .ba .bb .bd .be .bf .bg .bh .bi .bj .bm .bn .bo .br .bs .bt .bw .by .bz C .ca .cc .cd .cf .cg .ch .ci .ck .cl .cm .cn .co .cr .cu .cv .cw .cx .cy .cz D .de .dj .dk .dm .do .dz E .ec .ee .eg .er .es .et .eu F .fj .fk .fm .fo .fr G .ga .gd .ge .gf .gg .gh .gi .gl .gm .gn .gp .gq .gr .gs .gt .gu .gw .gy H .hk .hm .hn .hr .ht .hu I .id .ie .il .im .in .io .iq .ir .is .it J .je .jm .jo .jp K .ke .kg .kh .ki .km .kn .kp .kr .kw .ky .kz L .la .lb .lc .li .lk .lr .ls .lt .lu .lv .ly M .ma .mc .md .me .mg .mh .mk .ml .mm .mn .mo .mp .mq .mr .ms .mt .mu .mv .mw .mx .my .mz N .na .nc .ne .nf .ng .ni .nl .no .np .nr .nu .nz O .om P .pa .pe .pf .pg .ph .pk .pl .pm .pn .pr .ps .pt .pw .py Q .qa R .re .ro .rs .ru .rw S .sa .sb .sc .sd .se .sg .sh .si .sk .sl .sm .sn .so .sr .ss .st .su .sv .sx .sy .sz T .tc .td .tf .tg .th .tj .tk .tl .tm .tn .to .tr .tt .tv .tw .tz U .ua .ug .uk .us .uy .uz V .va .vc .ve .vg .vi .vn .vu W .wf .ws Y .ye .yt Z .za .zm .zw | .yu#2: A .ac .ad .ae .af .ag .ai .al .am .ao .aq .ar .as .at .au .aw .ax .az B .ba .bb .bd .be .bf .bg .bh .bi .bj .bm .bn .bo .br .bs .bt .bw .by .bz C .ca .cc .cd .cf .cg .ch .ci .ck .cl .cm .cn .co .cr .cu .cv .cw .cx .cy .cz D .de .dj .dk .dm .do .dz E .ec .ee .eg .er .es .et .eu F .fi .fj .fk .fm .fo .fr G .ga .gd .ge .gf .gg .gh .gi .gl .gm .gn .gp .gq .gr .gs .gt .gu .gw .gy H .hk .hm .hn .hr .ht .hu I .id .ie .il .im .in .io .iq .ir .is .it J .je .jm .jo .jp K .ke .kg .kh .ki .km .kn .kp .kr .kw .ky .kz L .la .lb .lc .li .lk .lr .ls .lt .lu .lv .ly M .ma .mc .md .me .mg .mh .mk .ml .mm .mn .mo .mp .mq .mr .ms .mt .mu .mv .mw .mx .my .mz N .na .nc .ne .nf .ng .ni .nl .no .np .nr .nu .nz O .om P .pa .pe .pf .pg .ph .pk .pl .pm .pn .pr .ps .pt .pw .py Q .qa R .re .ro .rs .ru .rw S .sa .sb .sc .sd .se .sg .sh .si .sk .sl .sm .sn .so .sr .ss .st .su .sv .sx .sy .sz T .tc .td .tf .tg .th .tj .tk .tl .tm .tn .to .tr .tt .tv .tw .tz U .ua .ug .uk .us .uy .uz V .va .vc .ve .vg .vi .vn .vu W .wf .ws Y .ye .yt Z .za .zm .zw | .hr#2: A .ac .ad .ae .af .ag .ai .al .am .ao .aq .ar .as .at .au .aw .ax .az B .ba .bb .bd .be .bf .bg .bh .bi .bj .bm .bn .bo .br .bs .bt .bw .by .bz C .ca .cc .cd .cf .cg .ch .ci .ck .cl .cm .cn .co .cr .cu .cv .cw .cx .cy .cz D .de .dj .dk .dm .do .dz E .ec .ee .eg .er .es .et .eu F .fi .fj .fk .fm .fo .fr G .ga .gd .ge .gf .gg .gh .gi .gl .gm .gn .gp .gq .gr .gs .gt .gu .gw .gy H .hk .hm .hn .ht .hu I .id .ie .il .im .in .io .iq .ir .is .it J .je .jm .jo .jp K .ke .kg .kh .ki .km .kn .kp .kr .kw .ky .kz L .la .lb .lc .li .lk .lr .ls .lt .lu .lv .ly M .ma .mc .md .me .mg .mh .mk .ml .mm .mn .mo .mp .mq .mr .ms .mt .mu .mv .mw .mx .my .mz N .na .nc .ne .nf .ng .ni .nl .no .np .nr .nu .nz O .om P .pa .pe .pf .pg .ph .pk .pl .pm .pn .pr .ps .pt .pw .py Q .qa R .re .ro .rs .ru .rw S .sa .sb .sc .sd .se .sg .sh .si .sk .sl .sm .sn .so .sr .ss .st .su .sv .sx .sy .sz T .tc .td .tf .tg .th .tj .tk .tl .tm .tn .to .tr .tt .tv .tw .tz U .ua .ug .uk .us .uy .uz V .va .vc .ve .vg .vi .vn .vu W .wf .ws Y .ye .yt Z .za .zm .zw | .km#2: A .ac .ad .ae .af .ag .ai .al .am .ao .aq .ar .as .at .au .aw .ax .az B .ba .bb .bd .be .bf .bg .bh .bi .bj .bm .bn .bo .br .bs .bt .bw .by .bz C .ca .cc .cd .cf .cg .ch .ci .ck .cl .cm .cn .co .cr .cu .cv .cw .cx .cy .cz D .de .dj .dk .dm .do .dz E .ec .ee .eg .er .es .et .eu F .fi .fj .fk .fm .fo .fr G .ga .gd .ge .gf .gg .gh .gi .gl .gm .gn .gp .gq .gr .gs .gt .gu .gw .gy H .hk .hm .hn .hr .ht .hu I .id .ie .il .im .in .io .iq .ir .is .it J .je .jm .jo .jp K .ke .kg .kh .ki .kn .kp .kr .kw .ky .kz L .la .lb .lc .li .lk .lr .ls .lt .lu .lv .ly M .ma .mc .md .me .mg .mh .mk .ml .mm .mn .mo .mp .mq .mr .ms .mt .mu .mv .mw .mx .my .mz N .na .nc .ne .nf .ng .ni .nl .no .np .nr .nu .nz O .om P .pa .pe .pf .pg .ph .pk .pl .pm .pn .pr .ps .pt .pw .py Q .qa R .re .ro .rs .ru .rw S .sa .sb .sc .sd .se .sg .sh .si .sk .sl .sm .sn .so .sr .ss .st .su .sv .sx .sy .sz T .tc .td .tf .tg .th .tj .tk .tl .tm .tn .to .tr .tt .tv .tw .tz U .ua .ug .uk .us .uy .uz V .va .vc .ve .vg .vi .vn .vu W .wf .ws Y .ye .yt Z .za .zm .zw | .pg#2: A .ac .ad .ae .af .ag .ai .al .am .ao .aq .ar .as .at .au .aw .ax .az B .ba .bb .bd .be .bf .bg .bh .bi .bj .bm .bn .bo .br .bs .bt .bw .by .bz C .ca .cc .cd .cf .cg .ch .ci .ck .cl .cm .cn .co .cr .cu .cv .cw .cx .cy .cz D .de .dj .dk .dm .do .dz E .ec .ee .eg .er .es .et .eu F .fi .fj .fk .fm .fo .fr G .ga .gd .ge .gf .gg .gh .gi .gl .gm .gn .gp .gq .gr .gs .gt .gu .gw .gy H .hk .hm .hn .hr .ht .hu I .id .ie .il .im .in .io .iq .ir .is .it J .je .jm .jo .jp K .ke .kg .kh .ki .km .kn .kp .kr .kw .ky .kz L .la .lb .lc .li .lk .lr .ls .lt .lu .lv .ly M .ma .mc .md .me .mg .mh .mk .ml .mm .mn .mo .mp .mq .mr .ms .mt .mu .mv .mw .mx .my .mz N .na .nc .ne .nf .ng .ni .nl .no .np .nr .nu .nz O .om P .pa .pe .pf .ph .pk .pl .pm .pn .pr .ps .pt .pw .py Q .qa R .re .ro .rs .ru .rw S .sa .sb .sc .sd .se .sg .sh .si .sk .sl .sm .sn .so .sr .ss .st .su .sv .sx .sy .sz T .tc .td .tf .tg .th .tj .tk .tl .tm .tn .to .tr .tt .tv .tw .tz U .ua .ug .uk .us .uy .uz V .va .vc .ve .vg .vi .vn .vu W .wf .ws Y .ye .yt Z .za .zm .zw | .hk#2: A .ac .ad .ae .af .ag .ai .al .am .ao .aq .ar .as .at .au .aw .ax .az B .ba .bb .bd .be .bf .bg .bh .bi .bj .bm .bn .bo .br .bs .bt .bw .by .bz C .ca .cc .cd .cf .cg .ch .ci .ck .cl .cm .cn .co .cr .cu .cv .cw .cx .cy .cz D .de .dj .dk .dm .do .dz E .ec .ee .eg .er .es .et .eu F .fi .fj .fk .fm .fo .fr G .ga .gd .ge .gf .gg .gh .gi .gl .gm .gn .gp .gq .gr .gs .gt .gu .gw .gy H .hm .hn .hr .ht .hu I .id .ie .il .im .in .io .iq .ir .is .it J .je .jm .jo .jp K .ke .kg .kh .ki .km .kn .kp .kr .kw .ky .kz L .la .lb .lc .li .lk .lr .ls .lt .lu .lv .ly M .ma .mc .md .me .mg .mh .mk .ml .mm .mn .mo .mp .mq .mr .ms .mt .mu .mv .mw .mx .my .mz N .na .nc .ne .nf .ng .ni .nl .no .np .nr .nu .nz O .om P .pa .pe .pf .pg .ph .pk .pl .pm .pn .pr .ps .pt .pw .py Q .qa R .re .ro .rs .ru .rw S .sa .sb .sc .sd .se .sg .sh .si .sk .sl .sm .sn .so .sr .ss .st .su .sv .sx .sy .sz T .tc .td .tf .tg .th .tj .tk .tl .tm .tn .to .tr .tt .tv .tw .tz U .ua .ug .uk .us .uy .uz V .va .vc .ve .vg .vi .vn .vu W .wf .ws Y .ye .yt Z .za .zm .zw | .ai#27: A .ac .ad .ae .af .ag .al .am .ao .aq .ar .as .at .au .aw .ax .az B .ba .bb .bd .be .bf .bg .bh .bi .bj .bm .bn .bo .br .bs .bt .bw .by .bz C .ca .cc .cd .cf .cg .ch .ci .ck .cl .cm .cn .co .cr .cu .cv .cw .cx .cy .cz D .de .dj .dk .dm .do .dz E .ec .ee .eg .er .es .et .eu F .fi .fj .fk .fm .fo .fr G .ga .gd .ge .gf .gg .gh .gi .gl .gm .gn .gp .gq .gr .gs .gt .gu .gw .gy H .hk .hm .hn .hr .ht .hu I .id .ie .il .im .in .io .iq .ir .is .it J .je .jm .jo .jp K .ke .kg .kh .ki .km .kn .kp .kr .kw .ky .kz L .la .lb .lc .li .lk .lr .ls .lt .lu .lv .ly M .ma .mc .md .me .mg .mh .mk .ml .mm .mn .mo .mp .mq .mr .ms .mt .mu .mv .mw .mx .my .mz N .na .nc .ne .nf .ng .ni .nl .no .np .nr .nu .nz O .om P .pa .pe .pf .pg .ph .pk .pl .pm .pn .pr .ps .pt .pw .py Q .qa R .re .ro .rs .ru .rw S .sa .sb .sc .sd .se .sg .sh .si .sk .sl .sm .sn .so .sr .ss .st .su .sv .sx .sy .sz T .tc .td .tf .tg .th .tj .tk .tl .tm .tn .to .tr .tt .tv .tw .tz U .ua .ug .uk .us .uy .uz V .va .vc .ve .vg .vi .vn .vu W .wf .ws Y .ye .yt Z .za .zm .zw | .nf#2: A .ac .ad .ae .af .ag .ai .al .am .ao .aq .ar .as .at .au .aw .ax .az B .ba .bb .bd .be .bf .bg .bh .bi .bj .bm .bn .bo .br .bs .bt .bw .by .bz C .ca .cc .cd .cf .cg .ch .ci .ck .cl .cm .cn .co .cr .cu .cv .cw .cx .cy .cz D .de .dj .dk .dm .do .dz E .ec .ee .eg .er .es .et .eu F .fi .fj .fk .fm .fo .fr G .ga .gd .ge .gf .gg .gh .gi .gl .gm .gn .gp .gq .gr .gs .gt .gu .gw .gy H .hk .hm .hn .hr .ht .hu I .id .ie .il .im .in .io .iq .ir .is .it J .je .jm .jo .jp K .ke .kg .kh .ki .km .kn .kp .kr .kw .ky .kz L .la .lb .lc .li .lk .lr .ls .lt .lu .lv .ly M .ma .mc .md .me .mg .mh .mk .ml .mm .mn .mo .mp .mq .mr .ms .mt .mu .mv .mw .mx .my .mz N .na .nc .ne .ng .ni .nl .no .np .nr .nu .nz O .om P .pa .pe .pf .pg .ph .pk .pl .pm .pn .pr .ps .pt .pw .py Q .qa R .re .ro .rs .ru .rw S .sa .sb .sc .sd .se .sg .sh .si .sk .sl .sm .sn .so .sr .ss .st .su .sv .sx .sy .sz T .tc .td .tf .tg .th .tj .tk .tl .tm .tn .to .tr .tt .tv .tw .tz U .ua .ug .uk .us .uy .uz V .va .vc .ve .vg .vi .vn .vu W .wf .ws Y .ye .yt Z .za .zm .zw | .ky#2: A .ac .ad .ae .af .ag .ai .al .am .ao .aq .ar .as .at .au .aw .ax .az B .ba .bb .bd .be .bf .bg .bh .bi .bj .bm .bn .bo .br .bs .bt .bw .by .bz C .ca .cc .cd .cf .cg .ch .ci .ck .cl .cm .cn .co .cr .cu .cv .cw .cx .cy .cz D .de .dj .dk .dm .do .dz E .ec .ee .eg .er .es .et .eu F .fi .fj .fk .fm .fo .fr G .ga .gd .ge .gf .gg .gh .gi .gl .gm .gn .gp .gq .gr .gs .gt .gu .gw .gy H .hk .hm .hn .hr .ht .hu I .id .ie .il .im .in .io .iq .ir .is .it J .je .jm .jo .jp K .ke .kg .kh .ki .km .kn .kp .kr .kw .kz L .la .lb .lc .li .lk .lr .ls .lt .lu .lv .ly M .ma .mc .md .me .mg .mh .mk .ml .mm .mn .mo .mp .mq .mr .ms .mt .mu .mv .mw .mx .my .mz N .na .nc .ne .nf .ng .ni .nl .no .np .nr .nu .nz O .om P .pa .pe .pf .pg .ph .pk .pl .pm .pn .pr .ps .pt .pw .py Q .qa R .re .ro .rs .ru .rw S .sa .sb .sc .sd .se .sg .sh .si .sk .sl .sm .sn .so .sr .ss .st .su .sv .sx .sy .sz T .tc .td .tf .tg .th .tj .tk .tl .tm .tn .to .tr .tt .tv .tw .tz U .ua .ug .uk .us .uy .uz V .va .vc .ve .vg .vi .vn .vu W .wf .ws Y .ye .yt Z .za .zm .zw | .tc#4: A .ac .ad .ae .af .ag .ai .al .am .ao .aq .ar .as .at .au .aw .ax .az B .ba .bb .bd .be .bf .bg .bh .bi .bj .bm .bn .bo .br .bs .bt .bw .by .bz C .ca .cc .cd .cf .cg .ch .ci .ck .cl .cm .cn .co .cr .cu .cv .cw .cx .cy .cz D .de .dj .dk .dm .do .dz E .ec .ee .eg .er .es .et .eu F .fi .fj .fk .fm .fo .fr G .ga .gd .ge .gf .gg .gh .gi .gl .gm .gn .gp .gq .gr .gs .gt .gu .gw .gy H .hk .hm .hn .hr .ht .hu I .id .ie .il .im .in .io .iq .ir .is .it J .je .jm .jo .jp K .ke .kg .kh .ki .km .kn .kp .kr .kw .ky .kz L .la .lb .lc .li .lk .lr .ls .lt .lu .lv .ly M .ma .mc .md .me .mg .mh .mk .ml .mm .mn .mo .mp .mq .mr .ms .mt .mu .mv .mw .mx .my .mz N .na .nc .ne .nf .ng .ni .nl .no .np .nr .nu .nz O .om P .pa .pe .pf .pg .ph .pk .pl .pm .pn .pr .ps .pt .pw .py Q .qa R .re .ro .rs .ru .rw S .sa .sb .sc .sd .se .sg .sh .si .sk .sl .sm .sn .so .sr .ss .st .su .sv .sx .sy .sz T .td .tf .tg .th .tj .tk .tl .tm .tn .to .tr .tt .tv .tw .tz U .ua .ug .uk .us .uy .uz V .va .vc .ve .vg .vi .vn .vu W .wf .ws Y .ye .yt Z .za .zm .zw | .jm#2: A .ac .ad .ae .af .ag .ai .al .am .ao .aq .ar .as .at .au .aw .ax .az B .ba .bb .bd .be .bf .bg .bh .bi .bj .bm .bn .bo .br .bs .bt .bw .by .bz C .ca .cc .cd .cf .cg .ch .ci .ck .cl .cm .cn .co .cr .cu .cv .cw .cx .cy .cz D .de .dj .dk .dm .do .dz E .ec .ee .eg .er .es .et .eu F .fi .fj .fk .fm .fo .fr G .ga .gd .ge .gf .gg .gh .gi .gl .gm .gn .gp .gq .gr .gs .gt .gu .gw .gy H .hk .hm .hn .hr .ht .hu I .id .ie .il .im .in .io .iq .ir .is .it J .je .jo .jp K .ke .kg .kh .ki .km .kn .kp .kr .kw .ky .kz L .la .lb .lc .li .lk .lr .ls .lt .lu .lv .ly M .ma .mc .md .me .mg .mh .mk .ml .mm .mn .mo .mp .mq .mr .ms .mt .mu .mv .mw .mx .my .mz N .na .nc .ne .nf .ng .ni .nl .no .np .nr .nu .nz O .om P .pa .pe .pf .pg .ph .pk .pl .pm .pn .pr .ps .pt .pw .py Q .qa R .re .ro .rs .ru .rw S .sa .sb .sc .sd .se .sg .sh .si .sk .sl .sm .sn .so .sr .ss .st .su .sv .sx .sy .sz T .tc .td .tf .tg .th .tj .tk .tl .tm .tn .to .tr .tt .tv .tw .tz U .ua .ug .uk .us .uy .uz V .va .vc .ve .vg .vi .vn .vu W .wf .ws Y .ye .yt Z .za .zm .zw | .pk#2: A .ac .ad .ae .af .ag .ai .al .am .ao .aq .ar .as .at .au .aw .ax .az B .ba .bb .bd .be .bf .bg .bh .bi .bj .bm .bn .bo .br .bs .bt .bw .by .bz C .ca .cc .cd .cf .cg .ch .ci .ck .cl .cm .cn .co .cr .cu .cv .cw .cx .cy .cz D .de .dj .dk .dm .do .dz E .ec .ee .eg .er .es .et .eu F .fi .fj .fk .fm .fo .fr G .ga .gd .ge .gf .gg .gh .gi .gl .gm .gn .gp .gq .gr .gs .gt .gu .gw .gy H .hk .hm .hn .hr .ht .hu I .id .ie .il .im .in .io .iq .ir .is .it J .je .jm .jo .jp K .ke .kg .kh .ki .km .kn .kp .kr .kw .ky .kz L .la .lb .lc .li .lk .lr .ls .lt .lu .lv .ly M .ma .mc .md .me .mg .mh .mk .ml .mm .mn .mo .mp .mq .mr .ms .mt .mu .mv .mw .mx .my .mz N .na .nc .ne .nf .ng .ni .nl .no .np .nr .nu .nz O .om P .pa .pe .pf .pg .ph .pl .pm .pn .pr .ps .pt .pw .py Q .qa R .re .ro .rs .ru .rw S .sa .sb .sc .sd .se .sg .sh .si .sk .sl .sm .sn .so .sr .ss .st .su .sv .sx .sy .sz T .tc .td .tf .tg .th .tj .tk .tl .tm .tn .to .tr .tt .tv .tw .tz U .ua .ug .uk .us .uy .uz V .va .vc .ve .vg .vi .vn .vu W .wf .ws Y .ye .yt Z .za .zm .zw | .tw#3: A .ac .ad .ae .af .ag .ai .al .am .ao .aq .ar .as .at .au .aw .ax .az B .ba .bb .bd .be .bf .bg .bh .bi .bj .bm .bn .bo .br .bs .bt .bw .by .bz C .ca .cc .cd .cf .cg .ch .ci .ck .cl .cm .cn .co .cr .cu .cv .cw .cx .cy .cz D .de .dj .dk .dm .do .dz E .ec .ee .eg .er .es .et .eu F .fi .fj .fk .fm .fo .fr G .ga .gd .ge .gf .gg .gh .gi .gl .gm .gn .gp .gq .gr .gs .gt .gu .gw .gy H .hk .hm .hn .hr .ht .hu I .id .ie .il .im .in .io .iq .ir .is .it J .je .jm .jo .jp K .ke .kg .kh .ki .km .kn .kp .kr .kw .ky .kz L .la .lb .lc .li .lk .lr .ls .lt .lu .lv .ly M .ma .mc .md .me .mg .mh .mk .ml .mm .mn .mo .mp .mq .mr .ms .mt .mu .mv .mw .mx .my .mz N .na .nc .ne .nf .ng .ni .nl .no .np .nr .nu .nz O .om P .pa .pe .pf .pg .ph .pk .pl .pm .pn .pr .ps .pt .pw .py Q .qa R .re .ro .rs .ru .rw S .sa .sb .sc .sd .se .sg .sh .si .sk .sl .sm .sn .so .sr .ss .st .su .sv .sx .sy .sz T .tc .td .tf .tg .th .tj .tk .tl .tm .tn .to .tr .tt .tv .tz U .ua .ug .uk .us .uy .uz V .va .vc .ve .vg .vi .vn .vu W .wf .ws Y .ye .yt Z .za .zm .zw | .bg#13: A .ac .ad .ae .af .ag .ai .al .am .ao .aq .ar .as .at .au .aw .ax .az B .ba .bb .bd .be .bf .bh .bi .bj .bm .bn .bo .br .bs .bt .bw .by .bz C .ca .cc .cd .cf .cg .ch .ci .ck .cl .cm .cn .co .cr .cu .cv .cw .cx .cy .cz D .de .dj .dk .dm .do .dz E .ec .ee .eg .er .es .et .eu F .fi .fj .fk .fm .fo .fr G .ga .gd .ge .gf .gg .gh .gi .gl .gm .gn .gp .gq .gr .gs .gt .gu .gw .gy H .hk .hm .hn .hr .ht .hu I .id .ie .il .im .in .io .iq .ir .is .it J .je .jm .jo .jp K .ke .kg .kh .ki .km .kn .kp .kr .kw .ky .kz L .la .lb .lc .li .lk .lr .ls .lt .lu .lv .ly M .ma .mc .md .me .mg .mh .mk .ml .mm .mn .mo .mp .mq .mr .ms .mt .mu .mv .mw .mx .my .mz N .na .nc .ne .nf .ng .ni .nl .no .np .nr .nu .nz O .om P .pa .pe .pf .pg .ph .pk .pl .pm .pn .pr .ps .pt .pw .py Q .qa R .re .ro .rs .ru .rw S .sa .sb .sc .sd .se .sg .sh .si .sk .sl .sm .sn .so .sr .ss .st .su .sv .sx .sy .sz T .tc .td .tf .tg .th .tj .tk .tl .tm .tn .to .tr .tt .tv .tw .tz U .ua .ug .uk .us .uy .uz V .va .vc .ve .vg .vi .vn .vu W .wf .ws Y .ye .yt Z .za .zm .zw | .tf#9: A .ac .ad .ae .af .ag .ai .al .am .ao .aq .ar .as .at .au .aw .ax .az B .ba .bb .bd .be .bf .bg .bh .bi .bj .bm .bn .bo .br .bs .bt .bw .by .bz C .ca .cc .cd .cf .cg .ch .ci .ck .cl .cm .cn .co .cr .cu .cv .cw .cx .cy .cz D .de .dj .dk .dm .do .dz E .ec .ee .eg .er .es .et .eu F .fi .fj .fk .fm .fo .fr G .ga .gd .ge .gf .gg .gh .gi .gl .gm .gn .gp .gq .gr .gs .gt .gu .gw .gy H .hk .hm .hn .hr .ht .hu I .id .ie .il .im .in .io .iq .ir .is .it J .je .jm .jo .jp K .ke .kg .kh .ki .km .kn .kp .kr .kw .ky .kz L .la .lb .lc .li .lk .lr .ls .lt .lu .lv .ly M .ma .mc .md .me .mg .mh .mk .ml .mm .mn .mo .mp .mq .mr .ms .mt .mu .mv .mw .mx .my .mz N .na .nc .ne .nf .ng .ni .nl .no .np .nr .nu .nz O .om P .pa .pe .pf .pg .ph .pk .pl .pm .pn .pr .ps .pt .pw .py Q .qa R .re .ro .rs .ru .rw S .sa .sb .sc .sd .se .sg .sh .si .sk .sl .sm .sn .so .sr .ss .st .su .sv .sx .sy .sz T .tc .td .tg .th .tj .tk .tl .tm .tn .to .tr .tt .tv .tw .tz U .ua .ug .uk .us .uy .uz V .va .vc .ve .vg .vi .vn .vu W .wf .ws Y .ye .yt Z .za .zm .zw | .vi#2: A .ac .ad .ae .af .ag .ai .al .am .ao .aq .ar .as .at .au .aw .ax .az B .ba .bb .bd .be .bf .bg .bh .bi .bj .bm .bn .bo .br .bs .bt .bw .by .bz C .ca .cc .cd .cf .cg .ch .ci .ck .cl .cm .cn .co .cr .cu .cv .cw .cx .cy .cz D .de .dj .dk .dm .do .dz E .ec .ee .eg .er .es .et .eu F .fi .fj .fk .fm .fo .fr G .ga .gd .ge .gf .gg .gh .gi .gl .gm .gn .gp .gq .gr .gs .gt .gu .gw .gy H .hk .hm .hn .hr .ht .hu I .id .ie .il .im .in .io .iq .ir .is .it J .je .jm .jo .jp K .ke .kg .kh .ki .km .kn .kp .kr .kw .ky .kz L .la .lb .lc .li .lk .lr .ls .lt .lu .lv .ly M .ma .mc .md .me .mg .mh .mk .ml .mm .mn .mo .mp .mq .mr .ms .mt .mu .mv .mw .mx .my .mz N .na .nc .ne .nf .ng .ni .nl .no .np .nr .nu .nz O .om P .pa .pe .pf .pg .ph .pk .pl .pm .pn .pr .ps .pt .pw .py Q .qa R .re .ro .rs .ru .rw S .sa .sb .sc .sd .se .sg .sh .si .sk .sl .sm .sn .so .sr .ss .st .su .sv .sx .sy .sz T .tc .td .tf .tg .th .tj .tk .tl .tm .tn .to .tr .tt .tv .tw .tz U .ua .ug .uk .us .uy .uz V .va .vc .ve .vg .vn .vu W .wf .ws Y .ye .yt Z .za .zm .zw | .gt#2: A .ac .ad .ae .af .ag .ai .al .am .ao .aq .ar .as .at .au .aw .ax .az B .ba .bb .bd .be .bf .bg .bh .bi .bj .bm .bn .bo .br .bs .bt .bw .by .bz C .ca .cc .cd .cf .cg .ch .ci .ck .cl .cm .cn .co .cr .cu .cv .cw .cx .cy .cz D .de .dj .dk .dm .do .dz E .ec .ee .eg .er .es .et .eu F .fi .fj .fk .fm .fo .fr G .ga .gd .ge .gf .gg .gh .gi .gl .gm .gn .gp .gq .gr .gs .gu .gw .gy H .hk .hm .hn .hr .ht .hu I .id .ie .il .im .in .io .iq .ir .is .it J .je .jm .jo .jp K .ke .kg .kh .ki .km .kn .kp .kr .kw .ky .kz L .la .lb .lc .li .lk .lr .ls .lt .lu .lv .ly M .ma .mc .md .me .mg .mh .mk .ml .mm .mn .mo .mp .mq .mr .ms .mt .mu .mv .mw .mx .my .mz N .na .nc .ne .nf .ng .ni .nl .no .np .nr .nu .nz O .om P .pa .pe .pf .pg .ph .pk .pl .pm .pn .pr .ps .pt .pw .py Q .qa R .re .ro .rs .ru .rw S .sa .sb .sc .sd .se .sg .sh .si .sk .sl .sm .sn .so .sr .ss .st .su .sv .sx .sy .sz T .tc .td .tf .tg .th .tj .tk .tl .tm .tn .to .tr .tt .tv .tw .tz U .ua .ug .uk .us .uy .uz V .va .vc .ve .vg .vi .vn .vu W .wf .ws Y .ye .yt Z .za .zm .zw | .im#6: A .ac .ad .ae .af .ag .ai .al .am .ao .aq .ar .as .at .au .aw .ax .az B .ba .bb .bd .be .bf .bg .bh .bi .bj .bm .bn .bo .br .bs .bt .bw .by .bz C .ca .cc .cd .cf .cg .ch .ci .ck .cl .cm .cn .co .cr .cu .cv .cw .cx .cy .cz D .de .dj .dk .dm .do .dz E .ec .ee .eg .er .es .et .eu F .fi .fj .fk .fm .fo .fr G .ga .gd .ge .gf .gg .gh .gi .gl .gm .gn .gp .gq .gr .gs .gt .gu .gw .gy H .hk .hm .hn .hr .ht .hu I .id .ie .il .in .io .iq .ir .is .it J .je .jm .jo .jp K .ke .kg .kh .ki .km .kn .kp .kr .kw .ky .kz L .la .lb .lc .li .lk .lr .ls .lt .lu .lv .ly M .ma .mc .md .me .mg .mh .mk .ml .mm .mn .mo .mp .mq .mr .ms .mt .mu .mv .mw .mx .my .mz N .na .nc .ne .nf .ng .ni .nl .no .np .nr .nu .nz O .om P .pa .pe .pf .pg .ph .pk .pl .pm .pn .pr .ps .pt .pw .py Q .qa R .re .ro .rs .ru .rw S .sa .sb .sc .sd .se .sg .sh .si .sk .sl .sm .sn .so .sr .ss .st .su .sv .sx .sy .sz T .tc .td .tf .tg .th .tj .tk .tl .tm .tn .to .tr .tt .tv .tw .tz U .ua .ug .uk .us .uy .uz V .va .vc .ve .vg .vi .vn .vu W .wf .ws Y .ye .yt Z .za .zm .zw | .pr#2: A .ac .ad .ae .af .ag .ai .al .am .ao .aq .ar .as .at .au .aw .ax .az B .ba .bb .bd .be .bf .bg .bh .bi .bj .bm .bn .bo .br .bs .bt .bw .by .bz C .ca .cc .cd .cf .cg .ch .ci .ck .cl .cm .cn .co .cr .cu .cv .cw .cx .cy .cz D .de .dj .dk .dm .do .dz E .ec .ee .eg .er .es .et .eu F .fi .fj .fk .fm .fo .fr G .ga .gd .ge .gf .gg .gh .gi .gl .gm .gn .gp .gq .gr .gs .gt .gu .gw .gy H .hk .hm .hn .hr .ht .hu I .id .ie .il .im .in .io .iq .ir .is .it J .je .jm .jo .jp K .ke .kg .kh .ki .km .kn .kp .kr .kw .ky .kz L .la .lb .lc .li .lk .lr .ls .lt .lu .lv .ly M .ma .mc .md .me .mg .mh .mk .ml .mm .mn .mo .mp .mq .mr .ms .mt .mu .mv .mw .mx .my .mz N .na .nc .ne .nf .ng .ni .nl .no .np .nr .nu .nz O .om P .pa .pe .pf .pg .ph .pk .pl .pm .pn .ps .pt .pw .py Q .qa R .re .ro .rs .ru .rw S .sa .sb .sc .sd .se .sg .sh .si .sk .sl .sm .sn .so .sr .ss .st .su .sv .sx .sy .sz T .tc .td .tf .tg .th .tj .tk .tl .tm .tn .to .tr .tt .tv .tw .tz U .ua .ug .uk .us .uy .uz V .va .vc .ve .vg .vi .vn .vu W .wf .ws Y .ye .yt Z .za .zm .zw | .by#12: A .ac .ad .ae .af .ag .ai .al .am .ao .aq .ar .as .at .au .aw .ax .az B .ba .bb .bd .be .bf .bg .bh .bi .bj .bm .bn .bo .br .bs .bt .bw .bz C .ca .cc .cd .cf .cg .ch .ci .ck .cl .cm .cn .co .cr .cu .cv .cw .cx .cy .cz D .de .dj .dk .dm .do .dz E .ec .ee .eg .er .es .et .eu F .fi .fj .fk .fm .fo .fr G .ga .gd .ge .gf .gg .gh .gi .gl .gm .gn .gp .gq .gr .gs .gt .gu .gw .gy H .hk .hm .hn .hr .ht .hu I .id .ie .il .im .in .io .iq .ir .is .it J .je .jm .jo .jp K .ke .kg .kh .ki .km .kn .kp .kr .kw .ky .kz L .la .lb .lc .li .lk .lr .ls .lt .lu .lv .ly M .ma .mc .md .me .mg .mh .mk .ml .mm .mn .mo .mp .mq .mr .ms .mt .mu .mv .mw .mx .my .mz N .na .nc .ne .nf .ng .ni .nl .no .np .nr .nu .nz O .om P .pa .pe .pf .pg .ph .pk .pl .pm .pn .pr .ps .pt .pw .py Q .qa R .re .ro .rs .ru .rw S .sa .sb .sc .sd .se .sg .sh .si .sk .sl .sm .sn .so .sr .ss .st .su .sv .sx .sy .sz T .tc .td .tf .tg .th .tj .tk .tl .tm .tn .to .tr .tt .tv .tw .tz U .ua .ug .uk .us .uy .uz V .va .vc .ve .vg .vi .vn .vu W .wf .ws Y .ye .yt Z .za .zm .zw | .tl#8: A .ac .ad .ae .af .ag .ai .al .am .ao .aq .ar .as .at .au .aw .ax .az B .ba .bb .bd .be .bf .bg .bh .bi .bj .bm .bn .bo .br .bs .bt .bw .by .bz C .ca .cc .cd .cf .cg .ch .ci .ck .cl .cm .cn .co .cr .cu .cv .cw .cx .cy .cz D .de .dj .dk .dm .do .dz E .ec .ee .eg .er .es .et .eu F .fi .fj .fk .fm .fo .fr G .ga .gd .ge .gf .gg .gh .gi .gl .gm .gn .gp .gq .gr .gs .gt .gu .gw .gy H .hk .hm .hn .hr .ht .hu I .id .ie .il .im .in .io .iq .ir .is .it J .je .jm .jo .jp K .ke .kg .kh .ki .km .kn .kp .kr .kw .ky .kz L .la .lb .lc .li .lk .lr .ls .lt .lu .lv .ly M .ma .mc .md .me .mg .mh .mk .ml .mm .mn .mo .mp .mq .mr .ms .mt .mu .mv .mw .mx .my .mz N .na .nc .ne .nf .ng .ni .nl .no .np .nr .nu .nz O .om P .pa .pe .pf .pg .ph .pk .pl .pm .pn .pr .ps .pt .pw .py Q .qa R .re .ro .rs .ru .rw S .sa .sb .sc .sd .se .sg .sh .si .sk .sl .sm .sn .so .sr .ss .st .su .sv .sx .sy .sz T .tc .td .tf .tg .th .tj .tk .tm .tn .to .tr .tt .tv .tw .tz U .ua .ug .uk .us .uy .uz V .va .vc .ve .vg .vi .vn .vu W .wf .ws Y .ye .yt Z .za .zm .zw | .gp#2: A .ac .ad .ae .af .ag .ai .al .am .ao .aq .ar .as .at .au .aw .ax .az B .ba .bb .bd .be .bf .bg .bh .bi .bj .bm .bn .bo .br .bs .bt .bw .by .bz C .ca .cc .cd .cf .cg .ch .ci .ck .cl .cm .cn .co .cr .cu .cv .cw .cx .cy .cz D .de .dj .dk .dm .do .dz E .ec .ee .eg .er .es .et .eu F .fi .fj .fk .fm .fo .fr G .ga .gd .ge .gf .gg .gh .gi .gl .gm .gn .gq .gr .gs .gt .gu .gw .gy H .hk .hm .hn .hr .ht .hu I .id .ie .il .im .in .io .iq .ir .is .it J .je .jm .jo .jp K .ke .kg .kh .ki .km .kn .kp .kr .kw .ky .kz L .la .lb .lc .li .lk .lr .ls .lt .lu .lv .ly M .ma .mc .md .me .mg .mh .mk .ml .mm .mn .mo .mp .mq .mr .ms .mt .mu .mv .mw .mx .my .mz N .na .nc .ne .nf .ng .ni .nl .no .np .nr .nu .nz O .om P .pa .pe .pf .pg .ph .pk .pl .pm .pn .pr .ps .pt .pw .py Q .qa R .re .ro .rs .ru .rw S .sa .sb .sc .sd .se .sg .sh .si .sk .sl .sm .sn .so .sr .ss .st .su .sv .sx .sy .sz T .tc .td .tf .tg .th .tj .tk .tl .tm .tn .to .tr .tt .tv .tw .tz U .ua .ug .uk .us .uy .uz V .va .vc .ve .vg .vi .vn .vu W .wf .ws Y .ye .yt Z .za .zm .zw | .pn#55: A .ac .ad .ae .af .ag .ai .al .am .ao .aq .ar .as .at .au .aw .ax .az B .ba .bb .bd .be .bf .bg .bh .bi .bj .bm .bn .bo .br .bs .bt .bw .by .bz C .ca .cc .cd .cf .cg .ch .ci .ck .cl .cm .cn .co .cr .cu .cv .cw .cx .cy .cz D .de .dj .dk .dm .do .dz E .ec .ee .eg .er .es .et .eu F .fi .fj .fk .fm .fo .fr G .ga .gd .ge .gf .gg .gh .gi .gl .gm .gn .gp .gq .gr .gs .gt .gu .gw .gy H .hk .hm .hn .hr .ht .hu I .id .ie .il .im .in .io .iq .ir .is .it J .je .jm .jo .jp K .ke .kg .kh .ki .km .kn .kp .kr .kw .ky .kz L .la .lb .lc .li .lk .lr .ls .lt .lu .lv .ly M .ma .mc .md .me .mg .mh .mk .ml .mm .mn .mo .mp .mq .mr .ms .mt .mu .mv .mw .mx .my .mz N .na .nc .ne .nf .ng .ni .nl .no .np .nr .nu .nz O .om P .pa .pe .pf .pg .ph .pk .pl .pm .pr .ps .pt .pw .py Q .qa R .re .ro .rs .ru .rw S .sa .sb .sc .sd .se .sg .sh .si .sk .sl .sm .sn .so .sr .ss .st .su .sv .sx .sy .sz T .tc .td .tf .tg .th .tj .tk .tl .tm .tn .to .tr .tt .tv .tw .tz U .ua .ug .uk .us .uy .uz V .va .vc .ve .vg .vi .vn .vu W .wf .ws Y .ye .yt Z .za .zm .zw | .bn#5: A .ac .ad .ae .af .ag .ai .al .am .ao .aq .ar .as .at .au .aw .ax .az B .ba .bb .bd .be .bf .bg .bh .bi .bj .bm .bo .br .bs .bt .bw .by .bz C .ca .cc .cd .cf .cg .ch .ci .ck .cl .cm .cn .co .cr .cu .cv .cw .cx .cy .cz D .de .dj .dk .dm .do .dz E .ec .ee .eg .er .es .et .eu F .fi .fj .fk .fm .fo .fr G .ga .gd .ge .gf .gg .gh .gi .gl .gm .gn .gp .gq .gr .gs .gt .gu .gw .gy H .hk .hm .hn .hr .ht .hu I .id .ie .il .im .in .io .iq .ir .is .it J .je .jm .jo .jp K .ke .kg .kh .ki .km .kn .kp .kr .kw .ky .kz L .la .lb .lc .li .lk .lr .ls .lt .lu .lv .ly M .ma .mc .md .me .mg .mh .mk .ml .mm .mn .mo .mp .mq .mr .ms .mt .mu .mv .mw .mx .my .mz N .na .nc .ne .nf .ng .ni .nl .no .np .nr .nu .nz O .om P .pa .pe .pf .pg .ph .pk .pl .pm .pn .pr .ps .pt .pw .py Q .qa R .re .ro .rs .ru .rw S .sa .sb .sc .sd .se .sg .sh .si .sk .sl .sm .sn .so .sr .ss .st .su .sv .sx .sy .sz T .tc .td .tf .tg .th .tj .tk .tl .tm .tn .to .tr .tt .tv .tw .tz U .ua .ug .uk .us .uy .uz V .va .vc .ve .vg .vi .vn .vu W .wf .ws Y .ye .yt Z .za .zm .zw | .bf#4: A .ac .ad .ae .af .ag .ai .al .am .ao .aq .ar .as .at .au .aw .ax .az B .ba .bb .bd .be .bg .bh .bi .bj .bm .bn .bo .br .bs .bt .bw .by .bz C .ca .cc .cd .cf .cg .ch .ci .ck .cl .cm .cn .co .cr .cu .cv .cw .cx .cy .cz D .de .dj .dk .dm .do .dz E .ec .ee .eg .er .es .et .eu F .fi .fj .fk .fm .fo .fr G .ga .gd .ge .gf .gg .gh .gi .gl .gm .gn .gp .gq .gr .gs .gt .gu .gw .gy H .hk .hm .hn .hr .ht .hu I .id .ie .il .im .in .io .iq .ir .is .it J .je .jm .jo .jp K .ke .kg .kh .ki .km .kn .kp .kr .kw .ky .kz L .la .lb .lc .li .lk .lr .ls .lt .lu .lv .ly M .ma .mc .md .me .mg .mh .mk .ml .mm .mn .mo .mp .mq .mr .ms .mt .mu .mv .mw .mx .my .mz N .na .nc .ne .nf .ng .ni .nl .no .np .nr .nu .nz O .om P .pa .pe .pf .pg .ph .pk .pl .pm .pn .pr .ps .pt .pw .py Q .qa R .re .ro .rs .ru .rw S .sa .sb .sc .sd .se .sg .sh .si .sk .sl .sm .sn .so .sr .ss .st .su .sv .sx .sy .sz T .tc .td .tf .tg .th .tj .tk .tl .tm .tn .to .tr .tt .tv .tw .tz U .ua .ug .uk .us .uy .uz V .va .vc .ve .vg .vi .vn .vu W .wf .ws Y .ye .yt Z .za .zm .zw | .bs#5: A .ac .ad .ae .af .ag .ai .al .am .ao .aq .ar .as .at .au .aw .ax .az B .ba .bb .bd .be .bf .bg .bh .bi .bj .bm .bn .bo .br .bt .bw .by .bz C .ca .cc .cd .cf .cg .ch .ci .ck .cl .cm .cn .co .cr .cu .cv .cw .cx .cy .cz D .de .dj .dk .dm .do .dz E .ec .ee .eg .er .es .et .eu F .fi .fj .fk .fm .fo .fr G .ga .gd .ge .gf .gg .gh .gi .gl .gm .gn .gp .gq .gr .gs .gt .gu .gw .gy H .hk .hm .hn .hr .ht .hu I .id .ie .il .im .in .io .iq .ir .is .it J .je .jm .jo .jp K .ke .kg .kh .ki .km .kn .kp .kr .kw .ky .kz L .la .lb .lc .li .lk .lr .ls .lt .lu .lv .ly M .ma .mc .md .me .mg .mh .mk .ml .mm .mn .mo .mp .mq .mr .ms .mt .mu .mv .mw .mx .my .mz N .na .nc .ne .nf .ng .ni .nl .no .np .nr .nu .nz O .om P .pa .pe .pf .pg .ph .pk .pl .pm .pn .pr .ps .pt .pw .py Q .qa R .re .ro .rs .ru .rw S .sa .sb .sc .sd .se .sg .sh .si .sk .sl .sm .sn .so .sr .ss .st .su .sv .sx .sy .sz T .tc .td .tf .tg .th .tj .tk .tl .tm .tn .to .tr .tt .tv .tw .tz U .ua .ug .uk .us .uy .uz V .va .vc .ve .vg .vi .vn .vu W .wf .ws Y .ye .yt Z .za .zm .zw | .je#2: A .ac .ad .ae .af .ag .ai .al .am .ao .aq .ar .as .at .au .aw .ax .az B .ba .bb .bd .be .bf .bg .bh .bi .bj .bm .bn .bo .br .bs .bt .bw .by .bz C .ca .cc .cd .cf .cg .ch .ci .ck .cl .cm .cn .co .cr .cu .cv .cw .cx .cy .cz D .de .dj .dk .dm .do .dz E .ec .ee .eg .er .es .et .eu F .fi .fj .fk .fm .fo .fr G .ga .gd .ge .gf .gg .gh .gi .gl .gm .gn .gp .gq .gr .gs .gt .gu .gw .gy H .hk .hm .hn .hr .ht .hu I .id .ie .il .im .in .io .iq .ir .is .it J .jm .jo .jp K .ke .kg .kh .ki .km .kn .kp .kr .kw .ky .kz L .la .lb .lc .li .lk .lr .ls .lt .lu .lv .ly M .ma .mc .md .me .mg .mh .mk .ml .mm .mn .mo .mp .mq .mr .ms .mt .mu .mv .mw .mx .my .mz N .na .nc .ne .nf .ng .ni .nl .no .np .nr .nu .nz O .om P .pa .pe .pf .pg .ph .pk .pl .pm .pn .pr .ps .pt .pw .py Q .qa R .re .ro .rs .ru .rw S .sa .sb .sc .sd .se .sg .sh .si .sk .sl .sm .sn .so .sr .ss .st .su .sv .sx .sy .sz T .tc .td .tf .tg .th .tj .tk .tl .tm .tn .to .tr .tt .tv .tw .tz U .ua .ug .uk .us .uy .uz V .va .vc .ve .vg .vi .vn .vu W .wf .ws Y .ye .yt Z .za .zm .zw | .hn#2: A .ac .ad .ae .af .ag .ai .al .am .ao .aq .ar .as .at .au .aw .ax .az B .ba .bb .bd .be .bf .bg .bh .bi .bj .bm .bn .bo .br .bs .bt .bw .by .bz C .ca .cc .cd .cf .cg .ch .ci .ck .cl .cm .cn .co .cr .cu .cv .cw .cx .cy .cz D .de .dj .dk .dm .do .dz E .ec .ee .eg .er .es .et .eu F .fi .fj .fk .fm .fo .fr G .ga .gd .ge .gf .gg .gh .gi .gl .gm .gn .gp .gq .gr .gs .gt .gu .gw .gy H .hk .hm .hr .ht .hu I .id .ie .il .im .in .io .iq .ir .is .it J .je .jm .jo .jp K .ke .kg .kh .ki .km .kn .kp .kr .kw .ky .kz L .la .lb .lc .li .lk .lr .ls .lt .lu .lv .ly M .ma .mc .md .me .mg .mh .mk .ml .mm .mn .mo .mp .mq .mr .ms .mt .mu .mv .mw .mx .my .mz N .na .nc .ne .nf .ng .ni .nl .no .np .nr .nu .nz O .om P .pa .pe .pf .pg .ph .pk .pl .pm .pn .pr .ps .pt .pw .py Q .qa R .re .ro .rs .ru .rw S .sa .sb .sc .sd .se .sg .sh .si .sk .sl .sm .sn .so .sr .ss .st .su .sv .sx .sy .sz T .tc .td .tf .tg .th .tj .tk .tl .tm .tn .to .tr .tt .tv .tw .tz U .ua .ug .uk .us .uy .uz V .va .vc .ve .vg .vi .vn .vu W .wf .ws Y .ye .yt Z .za .zm .zw | .bd#7: A .ac .ad .ae .af .ag .ai .al .am .ao .aq .ar .as .at .au .aw .ax .az B .ba .bb .be .bf .bg .bh .bi .bj .bm .bn .bo .br .bs .bt .bw .by .bz C .ca .cc .cd .cf .cg .ch .ci .ck .cl .cm .cn .co .cr .cu .cv .cw .cx .cy .cz D .de .dj .dk .dm .do .dz E .ec .ee .eg .er .es .et .eu F .fi .fj .fk .fm .fo .fr G .ga .gd .ge .gf .gg .gh .gi .gl .gm .gn .gp .gq .gr .gs .gt .gu .gw .gy H .hk .hm .hn .hr .ht .hu I .id .ie .il .im .in .io .iq .ir .is .it J .je .jm .jo .jp K .ke .kg .kh .ki .km .kn .kp .kr .kw .ky .kz L .la .lb .lc .li .lk .lr .ls .lt .lu .lv .ly M .ma .mc .md .me .mg .mh .mk .ml .mm .mn .mo .mp .mq .mr .ms .mt .mu .mv .mw .mx .my .mz N .na .nc .ne .nf .ng .ni .nl .no .np .nr .nu .nz O .om P .pa .pe .pf .pg .ph .pk .pl .pm .pn .pr .ps .pt .pw .py Q .qa R .re .ro .rs .ru .rw S .sa .sb .sc .sd .se .sg .sh .si .sk .sl .sm .sn .so .sr .ss .st .su .sv .sx .sy .sz T .tc .td .tf .tg .th .tj .tk .tl .tm .tn .to .tr .tt .tv .tw .tz U .ua .ug .uk .us .uy .uz V .va .vc .ve .vg .vi .vn .vu W .wf .ws Y .ye .yt Z .za .zm .zw | .aq#3: A .ac .ad .ae .af .ag .ai .al .am .ao .ar .as .at .au .aw .ax .az B .ba .bb .bd .be .bf .bg .bh .bi .bj .bm .bn .bo .br .bs .bt .bw .by .bz C .ca .cc .cd .cf .cg .ch .ci .ck .cl .cm .cn .co .cr .cu .cv .cw .cx .cy .cz D .de .dj .dk .dm .do .dz E .ec .ee .eg .er .es .et .eu F .fi .fj .fk .fm .fo .fr G .ga .gd .ge .gf .gg .gh .gi .gl .gm .gn .gp .gq .gr .gs .gt .gu .gw .gy H .hk .hm .hn .hr .ht .hu I .id .ie .il .im .in .io .iq .ir .is .it J .je .jm .jo .jp K .ke .kg .kh .ki .km .kn .kp .kr .kw .ky .kz L .la .lb .lc .li .lk .lr .ls .lt .lu .lv .ly M .ma .mc .md .me .mg .mh .mk .ml .mm .mn .mo .mp .mq .mr .ms .mt .mu .mv .mw .mx .my .mz N .na .nc .ne .nf .ng .ni .nl .no .np .nr .nu .nz O .om P .pa .pe .pf .pg .ph .pk .pl .pm .pn .pr .ps .pt .pw .py Q .qa R .re .ro .rs .ru .rw S .sa .sb .sc .sd .se .sg .sh .si .sk .sl .sm .sn .so .sr .ss .st .su .sv .sx .sy .sz T .tc .td .tf .tg .th .tj .tk .tl .tm .tn .to .tr .tt .tv .tw .tz U .ua .ug .uk .us .uy .uz V .va .vc .ve .vg .vi .vn .vu W .wf .ws Y .ye .yt Z .za .zm .zw | .fr#7: A .ac .ad .ae .af .ag .ai .al .am .ao .aq .ar .as .at .au .aw .ax .az B .ba .bb .bd .be .bf .bg .bh .bi .bj .bm .bn .bo .br .bs .bt .bw .by .bz C .ca .cc .cd .cf .cg .ch .ci .ck .cl .cm .cn .co .cr .cu .cv .cw .cx .cy .cz D .de .dj .dk .dm .do .dz E .ec .ee .eg .er .es .et .eu F .fi .fj .fk .fm .fo G .ga .gd .ge .gf .gg .gh .gi .gl .gm .gn .gp .gq .gr .gs .gt .gu .gw .gy H .hk .hm .hn .hr .ht .hu I .id .ie .il .im .in .io .iq .ir .is .it J .je .jm .jo .jp K .ke .kg .kh .ki .km .kn .kp .kr .kw .ky .kz L .la .lb .lc .li .lk .lr .ls .lt .lu .lv .ly M .ma .mc .md .me .mg .mh .mk .ml .mm .mn .mo .mp .mq .mr .ms .mt .mu .mv .mw .mx .my .mz N .na .nc .ne .nf .ng .ni .nl .no .np .nr .nu .nz O .om P .pa .pe .pf .pg .ph .pk .pl .pm .pn .pr .ps .pt .pw .py Q .qa R .re .ro .rs .ru .rw S .sa .sb .sc .sd .se .sg .sh .si .sk .sl .sm .sn .so .sr .ss .st .su .sv .sx .sy .sz T .tc .td .tf .tg .th .tj .tk .tl .tm .tn .to .tr .tt .tv .tw .tz U .ua .ug .uk .us .uy .uz V .va .vc .ve .vg .vi .vn .vu W .wf .ws Y .ye .yt Z .za .zm .zw | .mu#2: A .ac .ad .ae .af .ag .ai .al .am .ao .aq .ar .as .at .au .aw .ax .az B .ba .bb .bd .be .bf .bg .bh .bi .bj .bm .bn .bo .br .bs .bt .bw .by .bz C .ca .cc .cd .cf .cg .ch .ci .ck .cl .cm .cn .co .cr .cu .cv .cw .cx .cy .cz D .de .dj .dk .dm .do .dz E .ec .ee .eg .er .es .et .eu F .fi .fj .fk .fm .fo .fr G .ga .gd .ge .gf .gg .gh .gi .gl .gm .gn .gp .gq .gr .gs .gt .gu .gw .gy H .hk .hm .hn .hr .ht .hu I .id .ie .il .im .in .io .iq .ir .is .it J .je .jm .jo .jp K .ke .kg .kh .ki .km .kn .kp .kr .kw .ky .kz L .la .lb .lc .li .lk .lr .ls .lt .lu .lv .ly M .ma .mc .md .me .mg .mh .mk .ml .mm .mn .mo .mp .mq .mr .ms .mt .mv .mw .mx .my .mz N .na .nc .ne .nf .ng .ni .nl .no .np .nr .nu .nz O .om P .pa .pe .pf .pg .ph .pk .pl .pm .pn .pr .ps .pt .pw .py Q .qa R .re .ro .rs .ru .rw S .sa .sb .sc .sd .se .sg .sh .si .sk .sl .sm .sn .so .sr .ss .st .su .sv .sx .sy .sz T .tc .td .tf .tg .th .tj .tk .tl .tm .tn .to .tr .tt .tv .tw .tz U .ua .ug .uk .us .uy .uz V .va .vc .ve .vg .vi .vn .vu W .wf .ws Y .ye .yt Z .za .zm .zw | .ug#2: A .ac .ad .ae .af .ag .ai .al .am .ao .aq .ar .as .at .au .aw .ax .az B .ba .bb .bd .be .bf .bg .bh .bi .bj .bm .bn .bo .br .bs .bt .bw .by .bz C .ca .cc .cd .cf .cg .ch .ci .ck .cl .cm .cn .co .cr .cu .cv .cw .cx .cy .cz D .de .dj .dk .dm .do .dz E .ec .ee .eg .er .es .et .eu F .fi .fj .fk .fm .fo .fr G .ga .gd .ge .gf .gg .gh .gi .gl .gm .gn .gp .gq .gr .gs .gt .gu .gw .gy H .hk .hm .hn .hr .ht .hu I .id .ie .il .im .in .io .iq .ir .is .it J .je .jm .jo .jp K .ke .kg .kh .ki .km .kn .kp .kr .kw .ky .kz L .la .lb .lc .li .lk .lr .ls .lt .lu .lv .ly M .ma .mc .md .me .mg .mh .mk .ml .mm .mn .mo .mp .mq .mr .ms .mt .mu .mv .mw .mx .my .mz N .na .nc .ne .nf .ng .ni .nl .no .np .nr .nu .nz O .om P .pa .pe .pf .pg .ph .pk .pl .pm .pn .pr .ps .pt .pw .py Q .qa R .re .ro .rs .ru .rw S .sa .sb .sc .sd .se .sg .sh .si .sk .sl .sm .sn .so .sr .ss .st .su .sv .sx .sy .sz T .tc .td .tf .tg .th .tj .tk .tl .tm .tn .to .tr .tt .tv .tw .tz U .ua .uk .us .uy .uz V .va .vc .ve .vg .vi .vn .vu W .wf .ws Y .ye .yt Z .za .zm .zw | .kr#2: A .ac .ad .ae .af .ag .ai .al .am .ao .aq .ar .as .at .au .aw .ax .az B .ba .bb .bd .be .bf .bg .bh .bi .bj .bm .bn .bo .br .bs .bt .bw .by .bz C .ca .cc .cd .cf .cg .ch .ci .ck .cl .cm .cn .co .cr .cu .cv .cw .cx .cy .cz D .de .dj .dk .dm .do .dz E .ec .ee .eg .er .es .et .eu F .fi .fj .fk .fm .fo .fr G .ga .gd .ge .gf .gg .gh .gi .gl .gm .gn .gp .gq .gr .gs .gt .gu .gw .gy H .hk .hm .hn .hr .ht .hu I .id .ie .il .im .in .io .iq .ir .is .it J .je .jm .jo .jp K .ke .kg .kh .ki .km .kn .kp .kw .ky .kz L .la .lb .lc .li .lk .lr .ls .lt .lu .lv .ly M .ma .mc .md .me .mg .mh .mk .ml .mm .mn .mo .mp .mq .mr .ms .mt .mu .mv .mw .mx .my .mz N .na .nc .ne .nf .ng .ni .nl .no .np .nr .nu .nz O .om P .pa .pe .pf .pg .ph .pk .pl .pm .pn .pr .ps .pt .pw .py Q .qa R .re .ro .rs .ru .rw S .sa .sb .sc .sd .se .sg .sh .si .sk .sl .sm .sn .so .sr .ss .st .su .sv .sx .sy .sz T .tc .td .tf .tg .th .tj .tk .tl .tm .tn .to .tr .tt .tv .tw .tz U .ua .ug .uk .us .uy .uz V .va .vc .ve .vg .vi .vn .vu W .wf .ws Y .ye .yt Z .za .zm .zw | .co#7: A .ac .ad .ae .af .ag .ai .al .am .ao .aq .ar .as .at .au .aw .ax .az B .ba .bb .bd .be .bf .bg .bh .bi .bj .bm .bn .bo .br .bs .bt .bw .by .bz C .ca .cc .cd .cf .cg .ch .ci .ck .cl .cm .cn .cr .cu .cv .cw .cx .cy .cz D .de .dj .dk .dm .do .dz E .ec .ee .eg .er .es .et .eu F .fi .fj .fk .fm .fo .fr G .ga .gd .ge .gf .gg .gh .gi .gl .gm .gn .gp .gq .gr .gs .gt .gu .gw .gy H .hk .hm .hn .hr .ht .hu I .id .ie .il .im .in .io .iq .ir .is .it J .je .jm .jo .jp K .ke .kg .kh .ki .km .kn .kp .kr .kw .ky .kz L .la .lb .lc .li .lk .lr .ls .lt .lu .lv .ly M .ma .mc .md .me .mg .mh .mk .ml .mm .mn .mo .mp .mq .mr .ms .mt .mu .mv .mw .mx .my .mz N .na .nc .ne .nf .ng .ni .nl .no .np .nr .nu .nz O .om P .pa .pe .pf .pg .ph .pk .pl .pm .pn .pr .ps .pt .pw .py Q .qa R .re .ro .rs .ru .rw S .sa .sb .sc .sd .se .sg .sh .si .sk .sl .sm .sn .so .sr .ss .st .su .sv .sx .sy .sz T .tc .td .tf .tg .th .tj .tk .tl .tm .tn .to .tr .tt .tv .tw .tz U .ua .ug .uk .us .uy .uz V .va .vc .ve .vg .vi .vn .vu W .wf .ws Y .ye .yt Z .za .zm .zw | .lv#2: A .ac .ad .ae .af .ag .ai .al .am .ao .aq .ar .as .at .au .aw .ax .az B .ba .bb .bd .be .bf .bg .bh .bi .bj .bm .bn .bo .br .bs .bt .bw .by .bz C .ca .cc .cd .cf .cg .ch .ci .ck .cl .cm .cn .co .cr .cu .cv .cw .cx .cy .cz D .de .dj .dk .dm .do .dz E .ec .ee .eg .er .es .et .eu F .fi .fj .fk .fm .fo .fr G .ga .gd .ge .gf .gg .gh .gi .gl .gm .gn .gp .gq .gr .gs .gt .gu .gw .gy H .hk .hm .hn .hr .ht .hu I .id .ie .il .im .in .io .iq .ir .is .it J .je .jm .jo .jp K .ke .kg .kh .ki .km .kn .kp .kr .kw .ky .kz L .la .lb .lc .li .lk .lr .ls .lt .lu .ly M .ma .mc .md .me .mg .mh .mk .ml .mm .mn .mo .mp .mq .mr .ms .mt .mu .mv .mw .mx .my .mz N .na .nc .ne .nf .ng .ni .nl .no .np .nr .nu .nz O .om P .pa .pe .pf .pg .ph .pk .pl .pm .pn .pr .ps .pt .pw .py Q .qa R .re .ro .rs .ru .rw S .sa .sb .sc .sd .se .sg .sh .si .sk .sl .sm .sn .so .sr .ss .st .su .sv .sx .sy .sz T .tc .td .tf .tg .th .tj .tk .tl .tm .tn .to .tr .tt .tv .tw .tz U .ua .ug .uk .us .uy .uz V .va .vc .ve .vg .vi .vn .vu W .wf .ws Y .ye .yt Z .za .zm .zw | .ar#2: A .ac .ad .ae .af .ag .ai .al .am .ao .aq .as .at .au .aw .ax .az B .ba .bb .bd .be .bf .bg .bh .bi .bj .bm .bn .bo .br .bs .bt .bw .by .bz C .ca .cc .cd .cf .cg .ch .ci .ck .cl .cm .cn .co .cr .cu .cv .cw .cx .cy .cz D .de .dj .dk .dm .do .dz E .ec .ee .eg .er .es .et .eu F .fi .fj .fk .fm .fo .fr G .ga .gd .ge .gf .gg .gh .gi .gl .gm .gn .gp .gq .gr .gs .gt .gu .gw .gy H .hk .hm .hn .hr .ht .hu I .id .ie .il .im .in .io .iq .ir .is .it J .je .jm .jo .jp K .ke .kg .kh .ki .km .kn .kp .kr .kw .ky .kz L .la .lb .lc .li .lk .lr .ls .lt .lu .lv .ly M .ma .mc .md .me .mg .mh .mk .ml .mm .mn .mo .mp .mq .mr .ms .mt .mu .mv .mw .mx .my .mz N .na .nc .ne .nf .ng .ni .nl .no .np .nr .nu .nz O .om P .pa .pe .pf .pg .ph .pk .pl .pm .pn .pr .ps .pt .pw .py Q .qa R .re .ro .rs .ru .rw S .sa .sb .sc .sd .se .sg .sh .si .sk .sl .sm .sn .so .sr .ss .st .su .sv .sx .sy .sz T .tc .td .tf .tg .th .tj .tk .tl .tm .tn .to .tr .tt .tv .tw .tz U .ua .ug .uk .us .uy .uz V .va .vc .ve .vg .vi .vn .vu W .wf .ws Y .ye .yt Z .za .zm .zw | .um#2: A .ac .ad .ae .af .ag .ai .al .am .ao .aq .ar .as .at .au .aw .ax .az B .ba .bb .bd .be .bf .bg .bh .bi .bj .bm .bn .bo .br .bs .bt .bw .by .bz C .ca .cc .cd .cf .cg .ch .ci .ck .cl .cm .cn .co .cr .cu .cv .cw .cx .cy .cz D .de .dj .dk .dm .do .dz E .ec .ee .eg .er .es .et .eu F .fi .fj .fk .fm .fo .fr G .ga .gd .ge .gf .gg .gh .gi .gl .gm .gn .gp .gq .gr .gs .gt .gu .gw .gy H .hk .hm .hn .hr .ht .hu I .id .ie .il .im .in .io .iq .ir .is .it J .je .jm .jo .jp K .ke .kg .kh .ki .km .kn .kp .kr .kw .ky .kz L .la .lb .lc .li .lk .lr .ls .lt .lu .lv .ly M .ma .mc .md .me .mg .mh .mk .ml .mm .mn .mo .mp .mq .mr .ms .mt .mu .mv .mw .mx .my .mz N .na .nc .ne .nf .ng .ni .nl .no .np .nr .nu .nz O .om P .pa .pe .pf .pg .ph .pk .pl .pm .pn .pr .ps .pt .pw .py Q .qa R .re .ro .rs .ru .rw S .sa .sb .sc .sd .se .sg .sh .si .sk .sl .sm .sn .so .sr .ss .st .su .sv .sx .sy .sz T .tc .td .tf .tg .th .tj .tk .tl .tm .tn .to .tr .tt .tv .tw .tz U .ua .ug .uk .us .uy .uz V .va .vc .ve .vg .vi .vn .vu W .wf .ws Y .ye .yt Z .za .zm .zw | .ad#5: A .ac .ae .af .ag .ai .al .am .ao .aq .ar .as .at .au .aw .ax .az B .ba .bb .bd .be .bf .bg .bh .bi .bj .bm .bn .bo .br .bs .bt .bw .by .bz C .ca .cc .cd .cf .cg .ch .ci .ck .cl .cm .cn .co .cr .cu .cv .cw .cx .cy .cz D .de .dj .dk .dm .do .dz E .ec .ee .eg .er .es .et .eu F .fi .fj .fk .fm .fo .fr G .ga .gd .ge .gf .gg .gh .gi .gl .gm .gn .gp .gq .gr .gs .gt .gu .gw .gy H .hk .hm .hn .hr .ht .hu I .id .ie .il .im .in .io .iq .ir .is .it J .je .jm .jo .jp K .ke .kg .kh .ki .km .kn .kp .kr .kw .ky .kz L .la .lb .lc .li .lk .lr .ls .lt .lu .lv .ly M .ma .mc .md .me .mg .mh .mk .ml .mm .mn .mo .mp .mq .mr .ms .mt .mu .mv .mw .mx .my .mz N .na .nc .ne .nf .ng .ni .nl .no .np .nr .nu .nz O .om P .pa .pe .pf .pg .ph .pk .pl .pm .pn .pr .ps .pt .pw .py Q .qa R .re .ro .rs .ru .rw S .sa .sb .sc .sd .se .sg .sh .si .sk .sl .sm .sn .so .sr .ss .st .su .sv .sx .sy .sz T .tc .td .tf .tg .th .tj .tk .tl .tm .tn .to .tr .tt .tv .tw .tz U .ua .ug .uk .us .uy .uz V .va .vc .ve .vg .vi .vn .vu W .wf .ws Y .ye .yt Z .za .zm .zw | .de#5: A .ac .ad .ae .af .ag .ai .al .am .ao .aq .ar .as .at .au .aw .ax .az B .ba .bb .bd .be .bf .bg .bh .bi .bj .bm .bn .bo .br .bs .bt .bw .by .bz C .ca .cc .cd .cf .cg .ch .ci .ck .cl .cm .cn .co .cr .cu .cv .cw .cx .cy .cz D .dj .dk .dm .do .dz E .ec .ee .eg .er .es .et .eu F .fi .fj .fk .fm .fo .fr G .ga .gd .ge .gf .gg .gh .gi .gl .gm .gn .gp .gq .gr .gs .gt .gu .gw .gy H .hk .hm .hn .hr .ht .hu I .id .ie .il .im .in .io .iq .ir .is .it J .je .jm .jo .jp K .ke .kg .kh .ki .km .kn .kp .kr .kw .ky .kz L .la .lb .lc .li .lk .lr .ls .lt .lu .lv .ly M .ma .mc .md .me .mg .mh .mk .ml .mm .mn .mo .mp .mq .mr .ms .mt .mu .mv .mw .mx .my .mz N .na .nc .ne .nf .ng .ni .nl .no .np .nr .nu .nz O .om P .pa .pe .pf .pg .ph .pk .pl .pm .pn .pr .ps .pt .pw .py Q .qa R .re .ro .rs .ru .rw S .sa .sb .sc .sd .se .sg .sh .si .sk .sl .sm .sn .so .sr .ss .st .su .sv .sx .sy .sz T .tc .td .tf .tg .th .tj .tk .tl .tm .tn .to .tr .tt .tv .tw .tz U .ua .ug .uk .us .uy .uz V .va .vc .ve .vg .vi .vn .vu W .wf .ws Y .ye .yt Z .za .zm .zw | .sz#2: A .ac .ad .ae .af .ag .ai .al .am .ao .aq .ar .as .at .au .aw .ax .az B .ba .bb .bd .be .bf .bg .bh .bi .bj .bm .bn .bo .br .bs .bt .bw .by .bz C .ca .cc .cd .cf .cg .ch .ci .ck .cl .cm .cn .co .cr .cu .cv .cw .cx .cy .cz D .de .dj .dk .dm .do .dz E .ec .ee .eg .er .es .et .eu F .fi .fj .fk .fm .fo .fr G .ga .gd .ge .gf .gg .gh .gi .gl .gm .gn .gp .gq .gr .gs .gt .gu .gw .gy H .hk .hm .hn .hr .ht .hu I .id .ie .il .im .in .io .iq .ir .is .it J .je .jm .jo .jp K .ke .kg .kh .ki .km .kn .kp .kr .kw .ky .kz L .la .lb .lc .li .lk .lr .ls .lt .lu .lv .ly M .ma .mc .md .me .mg .mh .mk .ml .mm .mn .mo .mp .mq .mr .ms .mt .mu .mv .mw .mx .my .mz N .na .nc .ne .nf .ng .ni .nl .no .np .nr .nu .nz O .om P .pa .pe .pf .pg .ph .pk .pl .pm .pn .pr .ps .pt .pw .py Q .qa R .re .ro .rs .ru .rw S .sa .sb .sc .sd .se .sg .sh .si .sk .sl .sm .sn .so .sr .ss .st .su .sv .sx .sy T .tc .td .tf .tg .th .tj .tk .tl .tm .tn .to .tr .tt .tv .tw .tz U .ua .ug .uk .us .uy .uz V .va .vc .ve .vg .vi .vn .vu W .wf .ws Y .ye .yt Z .za .zm .zw | .gw#2: A .ac .ad .ae .af .ag .ai .al .am .ao .aq .ar .as .at .au .aw .ax .az B .ba .bb .bd .be .bf .bg .bh .bi .bj .bm .bn .bo .br .bs .bt .bw .by .bz C .ca .cc .cd .cf .cg .ch .ci .ck .cl .cm .cn .co .cr .cu .cv .cw .cx .cy .cz D .de .dj .dk .dm .do .dz E .ec .ee .eg .er .es .et .eu F .fi .fj .fk .fm .fo .fr G .ga .gd .ge .gf .gg .gh .gi .gl .gm .gn .gp .gq .gr .gs .gt .gu .gy H .hk .hm .hn .hr .ht .hu I .id .ie .il .im .in .io .iq .ir .is .it J .je .jm .jo .jp K .ke .kg .kh .ki .km .kn .kp .kr .kw .ky .kz L .la .lb .lc .li .lk .lr .ls .lt .lu .lv .ly M .ma .mc .md .me .mg .mh .mk .ml .mm .mn .mo .mp .mq .mr .ms .mt .mu .mv .mw .mx .my .mz N .na .nc .ne .nf .ng .ni .nl .no .np .nr .nu .nz O .om P .pa .pe .pf .pg .ph .pk .pl .pm .pn .pr .ps .pt .pw .py Q .qa R .re .ro .rs .ru .rw S .sa .sb .sc .sd .se .sg .sh .si .sk .sl .sm .sn .so .sr .ss .st .su .sv .sx .sy .sz T .tc .td .tf .tg .th .tj .tk .tl .tm .tn .to .tr .tt .tv .tw .tz U .ua .ug .uk .us .uy .uz V .va .vc .ve .vg .vi .vn .vu W .wf .ws Y .ye .yt Z .za .zm .zw | .vc#2: A .ac .ad .ae .af .ag .ai .al .am .ao .aq .ar .as .at .au .aw .ax .az B .ba .bb .bd .be .bf .bg .bh .bi .bj .bm .bn .bo .br .bs .bt .bw .by .bz C .ca .cc .cd .cf .cg .ch .ci .ck .cl .cm .cn .co .cr .cu .cv .cw .cx .cy .cz D .de .dj .dk .dm .do .dz E .ec .ee .eg .er .es .et .eu F .fi .fj .fk .fm .fo .fr G .ga .gd .ge .gf .gg .gh .gi .gl .gm .gn .gp .gq .gr .gs .gt .gu .gw .gy H .hk .hm .hn .hr .ht .hu I .id .ie .il .im .in .io .iq .ir .is .it J .je .jm .jo .jp K .ke .kg .kh .ki .km .kn .kp .kr .kw .ky .kz L .la .lb .lc .li .lk .lr .ls .lt .lu .lv .ly M .ma .mc .md .me .mg .mh .mk .ml .mm .mn .mo .mp .mq .mr .ms .mt .mu .mv .mw .mx .my .mz N .na .nc .ne .nf .ng .ni .nl .no .np .nr .nu .nz O .om P .pa .pe .pf .pg .ph .pk .pl .pm .pn .pr .ps .pt .pw .py Q .qa R .re .ro .rs .ru .rw S .sa .sb .sc .sd .se .sg .sh .si .sk .sl .sm .sn .so .sr .ss .st .su .sv .sx .sy .sz T .tc .td .tf .tg .th .tj .tk .tl .tm .tn .to .tr .tt .tv .tw .tz U .ua .ug .uk .us .uy .uz V .va .ve .vg .vi .vn .vu W .wf .ws Y .ye .yt Z .za .zm .zw | .rs#3: A .ac .ad .ae .af .ag .ai .al .am .ao .aq .ar .as .at .au .aw .ax .az B .ba .bb .bd .be .bf .bg .bh .bi .bj .bm .bn .bo .br .bs .bt .bw .by .bz C .ca .cc .cd .cf .cg .ch .ci .ck .cl .cm .cn .co .cr .cu .cv .cw .cx .cy .cz D .de .dj .dk .dm .do .dz E .ec .ee .eg .er .es .et .eu F .fi .fj .fk .fm .fo .fr G .ga .gd .ge .gf .gg .gh .gi .gl .gm .gn .gp .gq .gr .gs .gt .gu .gw .gy H .hk .hm .hn .hr .ht .hu I .id .ie .il .im .in .io .iq .ir .is .it J .je .jm .jo .jp K .ke .kg .kh .ki .km .kn .kp .kr .kw .ky .kz L .la .lb .lc .li .lk .lr .ls .lt .lu .lv .ly M .ma .mc .md .me .mg .mh .mk .ml .mm .mn .mo .mp .mq .mr .ms .mt .mu .mv .mw .mx .my .mz N .na .nc .ne .nf .ng .ni .nl .no .np .nr .nu .nz O .om P .pa .pe .pf .pg .ph .pk .pl .pm .pn .pr .ps .pt .pw .py Q .qa R .re .ro .ru .rw S .sa .sb .sc .sd .se .sg .sh .si .sk .sl .sm .sn .so .sr .ss .st .su .sv .sx .sy .sz T .tc .td .tf .tg .th .tj .tk .tl .tm .tn .to .tr .tt .tv .tw .tz U .ua .ug .uk .us .uy .uz V .va .vc .ve .vg .vi .vn .vu W .wf .ws Y .ye .yt Z .za .zm .zw | .cd#7: A .ac .ad .ae .af .ag .ai .al .am .ao .aq .ar .as .at .au .aw .ax .az B .ba .bb .bd .be .bf .bg .bh .bi .bj .bm .bn .bo .br .bs .bt .bw .by .bz C .ca .cc .cf .cg .ch .ci .ck .cl .cm .cn .co .cr .cu .cv .cw .cx .cy .cz D .de .dj .dk .dm .do .dz E .ec .ee .eg .er .es .et .eu F .fi .fj .fk .fm .fo .fr G .ga .gd .ge .gf .gg .gh .gi .gl .gm .gn .gp .gq .gr .gs .gt .gu .gw .gy H .hk .hm .hn .hr .ht .hu I .id .ie .il .im .in .io .iq .ir .is .it J .je .jm .jo .jp K .ke .kg .kh .ki .km .kn .kp .kr .kw .ky .kz L .la .lb .lc .li .lk .lr .ls .lt .lu .lv .ly M .ma .mc .md .me .mg .mh .mk .ml .mm .mn .mo .mp .mq .mr .ms .mt .mu .mv .mw .mx .my .mz N .na .nc .ne .nf .ng .ni .nl .no .np .nr .nu .nz O .om P .pa .pe .pf .pg .ph .pk .pl .pm .pn .pr .ps .pt .pw .py Q .qa R .re .ro .rs .ru .rw S .sa .sb .sc .sd .se .sg .sh .si .sk .sl .sm .sn .so .sr .ss .st .su .sv .sx .sy .sz T .tc .td .tf .tg .th .tj .tk .tl .tm .tn .to .tr .tt .tv .tw .tz U .ua .ug .uk .us .uy .uz V .va .vc .ve .vg .vi .vn .vu W .wf .ws Y .ye .yt Z .za .zm .zw | .hm#2: A .ac .ad .ae .af .ag .ai .al .am .ao .aq .ar .as .at .au .aw .ax .az B .ba .bb .bd .be .bf .bg .bh .bi .bj .bm .bn .bo .br .bs .bt .bw .by .bz C .ca .cc .cd .cf .cg .ch .ci .ck .cl .cm .cn .co .cr .cu .cv .cw .cx .cy .cz D .de .dj .dk .dm .do .dz E .ec .ee .eg .er .es .et .eu F .fi .fj .fk .fm .fo .fr G .ga .gd .ge .gf .gg .gh .gi .gl .gm .gn .gp .gq .gr .gs .gt .gu .gw .gy H .hk .hn .hr .ht .hu I .id .ie .il .im .in .io .iq .ir .is .it J .je .jm .jo .jp K .ke .kg .kh .ki .km .kn .kp .kr .kw .ky .kz L .la .lb .lc .li .lk .lr .ls .lt .lu .lv .ly M .ma .mc .md .me .mg .mh .mk .ml .mm .mn .mo .mp .mq .mr .ms .mt .mu .mv .mw .mx .my .mz N .na .nc .ne .nf .ng .ni .nl .no .np .nr .nu .nz O .om P .pa .pe .pf .pg .ph .pk .pl .pm .pn .pr .ps .pt .pw .py Q .qa R .re .ro .rs .ru .rw S .sa .sb .sc .sd .se .sg .sh .si .sk .sl .sm .sn .so .sr .ss .st .su .sv .sx .sy .sz T .tc .td .tf .tg .th .tj .tk .tl .tm .tn .to .tr .tt .tv .tw .tz U .ua .ug .uk .us .uy .uz V .va .vc .ve .vg .vi .vn .vu W .wf .ws Y .ye .yt Z .za .zm .zw | .nu#5: A .ac .ad .ae .af .ag .ai .al .am .ao .aq .ar .as .at .au .aw .ax .az B .ba .bb .bd .be .bf .bg .bh .bi .bj .bm .bn .bo .br .bs .bt .bw .by .bz C .ca .cc .cd .cf .cg .ch .ci .ck .cl .cm .cn .co .cr .cu .cv .cw .cx .cy .cz D .de .dj .dk .dm .do .dz E .ec .ee .eg .er .es .et .eu F .fi .fj .fk .fm .fo .fr G .ga .gd .ge .gf .gg .gh .gi .gl .gm .gn .gp .gq .gr .gs .gt .gu .gw .gy H .hk .hm .hn .hr .ht .hu I .id .ie .il .im .in .io .iq .ir .is .it J .je .jm .jo .jp K .ke .kg .kh .ki .km .kn .kp .kr .kw .ky .kz L .la .lb .lc .li .lk .lr .ls .lt .lu .lv .ly M .ma .mc .md .me .mg .mh .mk .ml .mm .mn .mo .mp .mq .mr .ms .mt .mu .mv .mw .mx .my .mz N .na .nc .ne .nf .ng .ni .nl .no .np .nr .nz O .om P .pa .pe .pf .pg .ph .pk .pl .pm .pn .pr .ps .pt .pw .py Q .qa R .re .ro .rs .ru .rw S .sa .sb .sc .sd .se .sg .sh .si .sk .sl .sm .sn .so .sr .ss .st .su .sv .sx .sy .sz T .tc .td .tf .tg .th .tj .tk .tl .tm .tn .to .tr .tt .tv .tw .tz U .ua .ug .uk .us .uy .uz V .va .vc .ve .vg .vi .vn .vu W .wf .ws Y .ye .yt Z .za .zm .zw | .eh#2: A .ac .ad .ae .af .ag .ai .al .am .ao .aq .ar .as .at .au .aw .ax .az B .ba .bb .bd .be .bf .bg .bh .bi .bj .bm .bn .bo .br .bs .bt .bw .by .bz C .ca .cc .cd .cf .cg .ch .ci .ck .cl .cm .cn .co .cr .cu .cv .cw .cx .cy .cz D .de .dj .dk .dm .do .dz E .ec .ee .eg .er .es .et .eu F .fi .fj .fk .fm .fo .fr G .ga .gd .ge .gf .gg .gh .gi .gl .gm .gn .gp .gq .gr .gs .gt .gu .gw .gy H .hk .hm .hn .hr .ht .hu I .id .ie .il .im .in .io .iq .ir .is .it J .je .jm .jo .jp K .ke .kg .kh .ki .km .kn .kp .kr .kw .ky .kz L .la .lb .lc .li .lk .lr .ls .lt .lu .lv .ly M .ma .mc .md .me .mg .mh .mk .ml .mm .mn .mo .mp .mq .mr .ms .mt .mu .mv .mw .mx .my .mz N .na .nc .ne .nf .ng .ni .nl .no .np .nr .nu .nz O .om P .pa .pe .pf .pg .ph .pk .pl .pm .pn .pr .ps .pt .pw .py Q .qa R .re .ro .rs .ru .rw S .sa .sb .sc .sd .se .sg .sh .si .sk .sl .sm .sn .so .sr .ss .st .su .sv .sx .sy .sz T .tc .td .tf .tg .th .tj .tk .tl .tm .tn .to .tr .tt .tv .tw .tz U .ua .ug .uk .us .uy .uz V .va .vc .ve .vg .vi .vn .vu W .wf .ws Y .ye .yt Z .za .zm .zw | .ni#2: A .ac .ad .ae .af .ag .ai .al .am .ao .aq .ar .as .at .au .aw .ax .az B .ba .bb .bd .be .bf .bg .bh .bi .bj .bm .bn .bo .br .bs .bt .bw .by .bz C .ca .cc .cd .cf .cg .ch .ci .ck .cl .cm .cn .co .cr .cu .cv .cw .cx .cy .cz D .de .dj .dk .dm .do .dz E .ec .ee .eg .er .es .et .eu F .fi .fj .fk .fm .fo .fr G .ga .gd .ge .gf .gg .gh .gi .gl .gm .gn .gp .gq .gr .gs .gt .gu .gw .gy H .hk .hm .hn .hr .ht .hu I .id .ie .il .im .in .io .iq .ir .is .it J .je .jm .jo .jp K .ke .kg .kh .ki .km .kn .kp .kr .kw .ky .kz L .la .lb .lc .li .lk .lr .ls .lt .lu .lv .ly M .ma .mc .md .me .mg .mh .mk .ml .mm .mn .mo .mp .mq .mr .ms .mt .mu .mv .mw .mx .my .mz N .na .nc .ne .nf .ng .nl .no .np .nr .nu .nz O .om P .pa .pe .pf .pg .ph .pk .pl .pm .pn .pr .ps .pt .pw .py Q .qa R .re .ro .rs .ru .rw S .sa .sb .sc .sd .se .sg .sh .si .sk .sl .sm .sn .so .sr .ss .st .su .sv .sx .sy .sz T .tc .td .tf .tg .th .tj .tk .tl .tm .tn .to .tr .tt .tv .tw .tz U .ua .ug .uk .us .uy .uz V .va .vc .ve .vg .vi .vn .vu W .wf .ws Y .ye .yt Z .za .zm .zw | .ba#7: A .ac .ad .ae .af .ag .ai .al .am .ao .aq .ar .as .at .au .aw .ax .az B .bb .bd .be .bf .bg .bh .bi .bj .bm .bn .bo .br .bs .bt .bw .by .bz C .ca .cc .cd .cf .cg .ch .ci .ck .cl .cm .cn .co .cr .cu .cv .cw .cx .cy .cz D .de .dj .dk .dm .do .dz E .ec .ee .eg .er .es .et .eu F .fi .fj .fk .fm .fo .fr G .ga .gd .ge .gf .gg .gh .gi .gl .gm .gn .gp .gq .gr .gs .gt .gu .gw .gy H .hk .hm .hn .hr .ht .hu I .id .ie .il .im .in .io .iq .ir .is .it J .je .jm .jo .jp K .ke .kg .kh .ki .km .kn .kp .kr .kw .ky .kz L .la .lb .lc .li .lk .lr .ls .lt .lu .lv .ly M .ma .mc .md .me .mg .mh .mk .ml .mm .mn .mo .mp .mq .mr .ms .mt .mu .mv .mw .mx .my .mz N .na .nc .ne .nf .ng .ni .nl .no .np .nr .nu .nz O .om P .pa .pe .pf .pg .ph .pk .pl .pm .pn .pr .ps .pt .pw .py Q .qa R .re .ro .rs .ru .rw S .sa .sb .sc .sd .se .sg .sh .si .sk .sl .sm .sn .so .sr .ss .st .su .sv .sx .sy .sz T .tc .td .tf .tg .th .tj .tk .tl .tm .tn .to .tr .tt .tv .tw .tz U .ua .ug .uk .us .uy .uz V .va .vc .ve .vg .vi .vn .vu W .wf .ws Y .ye .yt Z .za .zm .zw | .gs#2: A .ac .ad .ae .af .ag .ai .al .am .ao .aq .ar .as .at .au .aw .ax .az B .ba .bb .bd .be .bf .bg .bh .bi .bj .bm .bn .bo .br .bs .bt .bw .by .bz C .ca .cc .cd .cf .cg .ch .ci .ck .cl .cm .cn .co .cr .cu .cv .cw .cx .cy .cz D .de .dj .dk .dm .do .dz E .ec .ee .eg .er .es .et .eu F .fi .fj .fk .fm .fo .fr G .ga .gd .ge .gf .gg .gh .gi .gl .gm .gn .gp .gq .gr .gt .gu .gw .gy H .hk .hm .hn .hr .ht .hu I .id .ie .il .im .in .io .iq .ir .is .it J .je .jm .jo .jp K .ke .kg .kh .ki .km .kn .kp .kr .kw .ky .kz L .la .lb .lc .li .lk .lr .ls .lt .lu .lv .ly M .ma .mc .md .me .mg .mh .mk .ml .mm .mn .mo .mp .mq .mr .ms .mt .mu .mv .mw .mx .my .mz N .na .nc .ne .nf .ng .ni .nl .no .np .nr .nu .nz O .om P .pa .pe .pf .pg .ph .pk .pl .pm .pn .pr .ps .pt .pw .py Q .qa R .re .ro .rs .ru .rw S .sa .sb .sc .sd .se .sg .sh .si .sk .sl .sm .sn .so .sr .ss .st .su .sv .sx .sy .sz T .tc .td .tf .tg .th .tj .tk .tl .tm .tn .to .tr .tt .tv .tw .tz U .ua .ug .uk .us .uy .uz V .va .vc .ve .vg .vi .vn .vu W .wf .ws Y .ye .yt Z .za .zm .zw | .vu#2: A .ac .ad .ae .af .ag .ai .al .am .ao .aq .ar .as .at .au .aw .ax .az B .ba .bb .bd .be .bf .bg .bh .bi .bj .bm .bn .bo .br .bs .bt .bw .by .bz C .ca .cc .cd .cf .cg .ch .ci .ck .cl .cm .cn .co .cr .cu .cv .cw .cx .cy .cz D .de .dj .dk .dm .do .dz E .ec .ee .eg .er .es .et .eu F .fi .fj .fk .fm .fo .fr G .ga .gd .ge .gf .gg .gh .gi .gl .gm .gn .gp .gq .gr .gs .gt .gu .gw .gy H .hk .hm .hn .hr .ht .hu I .id .ie .il .im .in .io .iq .ir .is .it J .je .jm .jo .jp K .ke .kg .kh .ki .km .kn .kp .kr .kw .ky .kz L .la .lb .lc .li .lk .lr .ls .lt .lu .lv .ly M .ma .mc .md .me .mg .mh .mk .ml .mm .mn .mo .mp .mq .mr .ms .mt .mu .mv .mw .mx .my .mz N .na .nc .ne .nf .ng .ni .nl .no .np .nr .nu .nz O .om P .pa .pe .pf .pg .ph .pk .pl .pm .pn .pr .ps .pt .pw .py Q .qa R .re .ro .rs .ru .rw S .sa .sb .sc .sd .se .sg .sh .si .sk .sl .sm .sn .so .sr .ss .st .su .sv .sx .sy .sz T .tc .td .tf .tg .th .tj .tk .tl .tm .tn .to .tr .tt .tv .tw .tz U .ua .ug .uk .us .uy .uz V .va .vc .ve .vg .vi .vn W .wf .ws Y .ye .yt Z .za .zm .zw | .py#2: A .ac .ad .ae .af .ag .ai .al .am .ao .aq .ar .as .at .au .aw .ax .az B .ba .bb .bd .be .bf .bg .bh .bi .bj .bm .bn .bo .br .bs .bt .bw .by .bz C .ca .cc .cd .cf .cg .ch .ci .ck .cl .cm .cn .co .cr .cu .cv .cw .cx .cy .cz D .de .dj .dk .dm .do .dz E .ec .ee .eg .er .es .et .eu F .fi .fj .fk .fm .fo .fr G .ga .gd .ge .gf .gg .gh .gi .gl .gm .gn .gp .gq .gr .gs .gt .gu .gw .gy H .hk .hm .hn .hr .ht .hu I .id .ie .il .im .in .io .iq .ir .is .it J .je .jm .jo .jp K .ke .kg .kh .ki .km .kn .kp .kr .kw .ky .kz L .la .lb .lc .li .lk .lr .ls .lt .lu .lv .ly M .ma .mc .md .me .mg .mh .mk .ml .mm .mn .mo .mp .mq .mr .ms .mt .mu .mv .mw .mx .my .mz N .na .nc .ne .nf .ng .ni .nl .no .np .nr .nu .nz O .om P .pa .pe .pf .pg .ph .pk .pl .pm .pn .pr .ps .pt .pw Q .qa R .re .ro .rs .ru .rw S .sa .sb .sc .sd .se .sg .sh .si .sk .sl .sm .sn .so .sr .ss .st .su .sv .sx .sy .sz T .tc .td .tf .tg .th .tj .tk .tl .tm .tn .to .tr .tt .tv .tw .tz U .ua .ug .uk .us .uy .uz V .va .vc .ve .vg .vi .vn .vu W .wf .ws Y .ye .yt Z .za .zm .zw | .zw#2: A .ac .ad .ae .af .ag .ai .al .am .ao .aq .ar .as .at .au .aw .ax .az B .ba .bb .bd .be .bf .bg .bh .bi .bj .bm .bn .bo .br .bs .bt .bw .by .bz C .ca .cc .cd .cf .cg .ch .ci .ck .cl .cm .cn .co .cr .cu .cv .cw .cx .cy .cz D .de .dj .dk .dm .do .dz E .ec .ee .eg .er .es .et .eu F .fi .fj .fk .fm .fo .fr G .ga .gd .ge .gf .gg .gh .gi .gl .gm .gn .gp .gq .gr .gs .gt .gu .gw .gy H .hk .hm .hn .hr .ht .hu I .id .ie .il .im .in .io .iq .ir .is .it J .je .jm .jo .jp K .ke .kg .kh .ki .km .kn .kp .kr .kw .ky .kz L .la .lb .lc .li .lk .lr .ls .lt .lu .lv .ly M .ma .mc .md .me .mg .mh .mk .ml .mm .mn .mo .mp .mq .mr .ms .mt .mu .mv .mw .mx .my .mz N .na .nc .ne .nf .ng .ni .nl .no .np .nr .nu .nz O .om P .pa .pe .pf .pg .ph .pk .pl .pm .pn .pr .ps .pt .pw .py Q .qa R .re .ro .rs .ru .rw S .sa .sb .sc .sd .se .sg .sh .si .sk .sl .sm .sn .so .sr .ss .st .su .sv .sx .sy .sz T .tc .td .tf .tg .th .tj .tk .tl .tm .tn .to .tr .tt .tv .tw .tz U .ua .ug .uk .us .uy .uz V .va .vc .ve .vg .vi .vn .vu W .wf .ws Y .ye .yt Z .za .zm | .cs#2: A .ac .ad .ae .af .ag .ai .al .am .ao .aq .ar .as .at .au .aw .ax .az B .ba .bb .bd .be .bf .bg .bh .bi .bj .bm .bn .bo .br .bs .bt .bw .by .bz C .ca .cc .cd .cf .cg .ch .ci .ck .cl .cm .cn .co .cr .cu .cv .cw .cx .cy .cz D .de .dj .dk .dm .do .dz E .ec .ee .eg .er .es .et .eu F .fi .fj .fk .fm .fo .fr G .ga .gd .ge .gf .gg .gh .gi .gl .gm .gn .gp .gq .gr .gs .gt .gu .gw .gy H .hk .hm .hn .hr .ht .hu I .id .ie .il .im .in .io .iq .ir .is .it J .je .jm .jo .jp K .ke .kg .kh .ki .km .kn .kp .kr .kw .ky .kz L .la .lb .lc .li .lk .lr .ls .lt .lu .lv .ly M .ma .mc .md .me .mg .mh .mk .ml .mm .mn .mo .mp .mq .mr .ms .mt .mu .mv .mw .mx .my .mz N .na .nc .ne .nf .ng .ni .nl .no .np .nr .nu .nz O .om P .pa .pe .pf .pg .ph .pk .pl .pm .pn .pr .ps .pt .pw .py Q .qa R .re .ro .rs .ru .rw S .sa .sb .sc .sd .se .sg .sh .si .sk .sl .sm .sn .so .sr .ss .st .su .sv .sx .sy .sz T .tc .td .tf .tg .th .tj .tk .tl .tm .tn .to .tr .tt .tv .tw .tz U .ua .ug .uk .us .uy .uz V .va .vc .ve .vg .vi .vn .vu W .wf .ws Y .ye .yt Z .za .zm .zw | .wf#2: A .ac .ad .ae .af .ag .ai .al .am .ao .aq .ar .as .at .au .aw .ax .az B .ba .bb .bd .be .bf .bg .bh .bi .bj .bm .bn .bo .br .bs .bt .bw .by .bz C .ca .cc .cd .cf .cg .ch .ci .ck .cl .cm .cn .co .cr .cu .cv .cw .cx .cy .cz D .de .dj .dk .dm .do .dz E .ec .ee .eg .er .es .et .eu F .fi .fj .fk .fm .fo .fr G .ga .gd .ge .gf .gg .gh .gi .gl .gm .gn .gp .gq .gr .gs .gt .gu .gw .gy H .hk .hm .hn .hr .ht .hu I .id .ie .il .im .in .io .iq .ir .is .it J .je .jm .jo .jp K .ke .kg .kh .ki .km .kn .kp .kr .kw .ky .kz L .la .lb .lc .li .lk .lr .ls .lt .lu .lv .ly M .ma .mc .md .me .mg .mh .mk .ml .mm .mn .mo .mp .mq .mr .ms .mt .mu .mv .mw .mx .my .mz N .na .nc .ne .nf .ng .ni .nl .no .np .nr .nu .nz O .om P .pa .pe .pf .pg .ph .pk .pl .pm .pn .pr .ps .pt .pw .py Q .qa R .re .ro .rs .ru .rw S .sa .sb .sc .sd .se .sg .sh .si .sk .sl .sm .sn .so .sr .ss .st .su .sv .sx .sy .sz T .tc .td .tf .tg .th .tj .tk .tl .tm .tn .to .tr .tt .tv .tw .tz U .ua .ug .uk .us .uy .uz V .va .vc .ve .vg .vi .vn .vu W .ws Y .ye .yt Z .za .zm .zw | .ps#2: A .ac .ad .ae .af .ag .ai .al .am .ao .aq .ar .as .at .au .aw .ax .az B .ba .bb .bd .be .bf .bg .bh .bi .bj .bm .bn .bo .br .bs .bt .bw .by .bz C .ca .cc .cd .cf .cg .ch .ci .ck .cl .cm .cn .co .cr .cu .cv .cw .cx .cy .cz D .de .dj .dk .dm .do .dz E .ec .ee .eg .er .es .et .eu F .fi .fj .fk .fm .fo .fr G .ga .gd .ge .gf .gg .gh .gi .gl .gm .gn .gp .gq .gr .gs .gt .gu .gw .gy H .hk .hm .hn .hr .ht .hu I .id .ie .il .im .in .io .iq .ir .is .it J .je .jm .jo .jp K .ke .kg .kh .ki .km .kn .kp .kr .kw .ky .kz L .la .lb .lc .li .lk .lr .ls .lt .lu .lv .ly M .ma .mc .md .me .mg .mh .mk .ml .mm .mn .mo .mp .mq .mr .ms .mt .mu .mv .mw .mx .my .mz N .na .nc .ne .nf .ng .ni .nl .no .np .nr .nu .nz O .om P .pa .pe .pf .pg .ph .pk .pl .pm .pn .pr .pt .pw .py Q .qa R .re .ro .rs .ru .rw S .sa .sb .sc .sd .se .sg .sh .si .sk .sl .sm .sn .so .sr .ss .st .su .sv .sx .sy .sz T .tc .td .tf .tg .th .tj .tk .tl .tm .tn .to .tr .tt .tv .tw .tz U .ua .ug .uk .us .uy .uz V .va .vc .ve .vg .vi .vn .vu W .wf .ws Y .ye .yt Z .za .zm .zw | .cu#2: A .ac .ad .ae .af .ag .ai .al .am .ao .aq .ar .as .at .au .aw .ax .az B .ba .bb .bd .be .bf .bg .bh .bi .bj .bm .bn .bo .br .bs .bt .bw .by .bz C .ca .cc .cd .cf .cg .ch .ci .ck .cl .cm .cn .co .cr .cv .cw .cx .cy .cz D .de .dj .dk .dm .do .dz E .ec .ee .eg .er .es .et .eu F .fi .fj .fk .fm .fo .fr G .ga .gd .ge .gf .gg .gh .gi .gl .gm .gn .gp .gq .gr .gs .gt .gu .gw .gy H .hk .hm .hn .hr .ht .hu I .id .ie .il .im .in .io .iq .ir .is .it J .je .jm .jo .jp K .ke .kg .kh .ki .km .kn .kp .kr .kw .ky .kz L .la .lb .lc .li .lk .lr .ls .lt .lu .lv .ly M .ma .mc .md .me .mg .mh .mk .ml .mm .mn .mo .mp .mq .mr .ms .mt .mu .mv .mw .mx .my .mz N .na .nc .ne .nf .ng .ni .nl .no .np .nr .nu .nz O .om P .pa .pe .pf .pg .ph .pk .pl .pm .pn .pr .ps .pt .pw .py Q .qa R .re .ro .rs .ru .rw S .sa .sb .sc .sd .se .sg .sh .si .sk .sl .sm .sn .so .sr .ss .st .su .sv .sx .sy .sz T .tc .td .tf .tg .th .tj .tk .tl .tm .tn .to .tr .tt .tv .tw .tz U .ua .ug .uk .us .uy .uz V .va .vc .ve .vg .vi .vn .vu W .wf .ws Y .ye .yt Z .za .zm .zw | .lr#2: A .ac .ad .ae .af .ag .ai .al .am .ao .aq .ar .as .at .au .aw .ax .az B .ba .bb .bd .be .bf .bg .bh .bi .bj .bm .bn .bo .br .bs .bt .bw .by .bz C .ca .cc .cd .cf .cg .ch .ci .ck .cl .cm .cn .co .cr .cu .cv .cw .cx .cy .cz D .de .dj .dk .dm .do .dz E .ec .ee .eg .er .es .et .eu F .fi .fj .fk .fm .fo .fr G .ga .gd .ge .gf .gg .gh .gi .gl .gm .gn .gp .gq .gr .gs .gt .gu .gw .gy H .hk .hm .hn .hr .ht .hu I .id .ie .il .im .in .io .iq .ir .is .it J .je .jm .jo .jp K .ke .kg .kh .ki .km .kn .kp .kr .kw .ky .kz L .la .lb .lc .li .lk .ls .lt .lu .lv .ly M .ma .mc .md .me .mg .mh .mk .ml .mm .mn .mo .mp .mq .mr .ms .mt .mu .mv .mw .mx .my .mz N .na .nc .ne .nf .ng .ni .nl .no .np .nr .nu .nz O .om P .pa .pe .pf .pg .ph .pk .pl .pm .pn .pr .ps .pt .pw .py Q .qa R .re .ro .rs .ru .rw S .sa .sb .sc .sd .se .sg .sh .si .sk .sl .sm .sn .so .sr .ss .st .su .sv .sx .sy .sz T .tc .td .tf .tg .th .tj .tk .tl .tm .tn .to .tr .tt .tv .tw .tz U .ua .ug .uk .us .uy .uz V .va .vc .ve .vg .vi .vn .vu W .wf .ws Y .ye .yt Z .za .zm .zw | .dm#5: A .ac .ad .ae .af .ag .ai .al .am .ao .aq .ar .as .at .au .aw .ax .az B .ba .bb .bd .be .bf .bg .bh .bi .bj .bm .bn .bo .br .bs .bt .bw .by .bz C .ca .cc .cd .cf .cg .ch .ci .ck .cl .cm .cn .co .cr .cu .cv .cw .cx .cy .cz D .de .dj .dk .do .dz E .ec .ee .eg .er .es .et .eu F .fi .fj .fk .fm .fo .fr G .ga .gd .ge .gf .gg .gh .gi .gl .gm .gn .gp .gq .gr .gs .gt .gu .gw .gy H .hk .hm .hn .hr .ht .hu I .id .ie .il .im .in .io .iq .ir .is .it J .je .jm .jo .jp K .ke .kg .kh .ki .km .kn .kp .kr .kw .ky .kz L .la .lb .lc .li .lk .lr .ls .lt .lu .lv .ly M .ma .mc .md .me .mg .mh .mk .ml .mm .mn .mo .mp .mq .mr .ms .mt .mu .mv .mw .mx .my .mz N .na .nc .ne .nf .ng .ni .nl .no .np .nr .nu .nz O .om P .pa .pe .pf .pg .ph .pk .pl .pm .pn .pr .ps .pt .pw .py Q .qa R .re .ro .rs .ru .rw S .sa .sb .sc .sd .se .sg .sh .si .sk .sl .sm .sn .so .sr .ss .st .su .sv .sx .sy .sz T .tc .td .tf .tg .th .tj .tk .tl .tm .tn .to .tr .tt .tv .tw .tz U .ua .ug .uk .us .uy .uz V .va .vc .ve .vg .vi .vn .vu W .wf .ws Y .ye .yt Z .za .zm .zw | .li#2: A .ac .ad .ae .af .ag .ai .al .am .ao .aq .ar .as .at .au .aw .ax .az B .ba .bb .bd .be .bf .bg .bh .bi .bj .bm .bn .bo .br .bs .bt .bw .by .bz C .ca .cc .cd .cf .cg .ch .ci .ck .cl .cm .cn .co .cr .cu .cv .cw .cx .cy .cz D .de .dj .dk .dm .do .dz E .ec .ee .eg .er .es .et .eu F .fi .fj .fk .fm .fo .fr G .ga .gd .ge .gf .gg .gh .gi .gl .gm .gn .gp .gq .gr .gs .gt .gu .gw .gy H .hk .hm .hn .hr .ht .hu I .id .ie .il .im .in .io .iq .ir .is .it J .je .jm .jo .jp K .ke .kg .kh .ki .km .kn .kp .kr .kw .ky .kz L .la .lb .lc .lk .lr .ls .lt .lu .lv .ly M .ma .mc .md .me .mg .mh .mk .ml .mm .mn .mo .mp .mq .mr .ms .mt .mu .mv .mw .mx .my .mz N .na .nc .ne .nf .ng .ni .nl .no .np .nr .nu .nz O .om P .pa .pe .pf .pg .ph .pk .pl .pm .pn .pr .ps .pt .pw .py Q .qa R .re .ro .rs .ru .rw S .sa .sb .sc .sd .se .sg .sh .si .sk .sl .sm .sn .so .sr .ss .st .su .sv .sx .sy .sz T .tc .td .tf .tg .th .tj .tk .tl .tm .tn .to .tr .tt .tv .tw .tz U .ua .ug .uk .us .uy .uz V .va .vc .ve .vg .vi .vn .vu W .wf .ws Y .ye .yt Z .za .zm .zw | .bb#3: A .ac .ad .ae .af .ag .ai .al .am .ao .aq .ar .as .at .au .aw .ax .az B .ba .bd .be .bf .bg .bh .bi .bj .bm .bn .bo .br .bs .bt .bw .by .bz C .ca .cc .cd .cf .cg .ch .ci .ck .cl .cm .cn .co .cr .cu .cv .cw .cx .cy .cz D .de .dj .dk .dm .do .dz E .ec .ee .eg .er .es .et .eu F .fi .fj .fk .fm .fo .fr G .ga .gd .ge .gf .gg .gh .gi .gl .gm .gn .gp .gq .gr .gs .gt .gu .gw .gy H .hk .hm .hn .hr .ht .hu I .id .ie .il .im .in .io .iq .ir .is .it J .je .jm .jo .jp K .ke .kg .kh .ki .km .kn .kp .kr .kw .ky .kz L .la .lb .lc .li .lk .lr .ls .lt .lu .lv .ly M .ma .mc .md .me .mg .mh .mk .ml .mm .mn .mo .mp .mq .mr .ms .mt .mu .mv .mw .mx .my .mz N .na .nc .ne .nf .ng .ni .nl .no .np .nr .nu .nz O .om P .pa .pe .pf .pg .ph .pk .pl .pm .pn .pr .ps .pt .pw .py Q .qa R .re .ro .rs .ru .rw S .sa .sb .sc .sd .se .sg .sh .si .sk .sl .sm .sn .so .sr .ss .st .su .sv .sx .sy .sz T .tc .td .tf .tg .th .tj .tk .tl .tm .tn .to .tr .tt .tv .tw .tz U .ua .ug .uk .us .uy .uz V .va .vc .ve .vg .vi .vn .vu W .wf .ws Y .ye .yt Z .za .zm .zw | .vg#2: A .ac .ad .ae .af .ag .ai .al .am .ao .aq .ar .as .at .au .aw .ax .az B .ba .bb .bd .be .bf .bg .bh .bi .bj .bm .bn .bo .br .bs .bt .bw .by .bz C .ca .cc .cd .cf .cg .ch .ci .ck .cl .cm .cn .co .cr .cu .cv .cw .cx .cy .cz D .de .dj .dk .dm .do .dz E .ec .ee .eg .er .es .et .eu F .fi .fj .fk .fm .fo .fr G .ga .gd .ge .gf .gg .gh .gi .gl .gm .gn .gp .gq .gr .gs .gt .gu .gw .gy H .hk .hm .hn .hr .ht .hu I .id .ie .il .im .in .io .iq .ir .is .it J .je .jm .jo .jp K .ke .kg .kh .ki .km .kn .kp .kr .kw .ky .kz L .la .lb .lc .li .lk .lr .ls .lt .lu .lv .ly M .ma .mc .md .me .mg .mh .mk .ml .mm .mn .mo .mp .mq .mr .ms .mt .mu .mv .mw .mx .my .mz N .na .nc .ne .nf .ng .ni .nl .no .np .nr .nu .nz O .om P .pa .pe .pf .pg .ph .pk .pl .pm .pn .pr .ps .pt .pw .py Q .qa R .re .ro .rs .ru .rw S .sa .sb .sc .sd .se .sg .sh .si .sk .sl .sm .sn .so .sr .ss .st .su .sv .sx .sy .sz T .tc .td .tf .tg .th .tj .tk .tl .tm .tn .to .tr .tt .tv .tw .tz U .ua .ug .uk .us .uy .uz V .va .vc .ve .vi .vn .vu W .wf .ws Y .ye .yt Z .za .zm .zw | .cr#2: A .ac .ad .ae .af .ag .ai .al .am .ao .aq .ar .as .at .au .aw .ax .az B .ba .bb .bd .be .bf .bg .bh .bi .bj .bm .bn .bo .br .bs .bt .bw .by .bz C .ca .cc .cd .cf .cg .ch .ci .ck .cl .cm .cn .co .cu .cv .cw .cx .cy .cz D .de .dj .dk .dm .do .dz E .ec .ee .eg .er .es .et .eu F .fi .fj .fk .fm .fo .fr G .ga .gd .ge .gf .gg .gh .gi .gl .gm .gn .gp .gq .gr .gs .gt .gu .gw .gy H .hk .hm .hn .hr .ht .hu I .id .ie .il .im .in .io .iq .ir .is .it J .je .jm .jo .jp K .ke .kg .kh .ki .km .kn .kp .kr .kw .ky .kz L .la .lb .lc .li .lk .lr .ls .lt .lu .lv .ly M .ma .mc .md .me .mg .mh .mk .ml .mm .mn .mo .mp .mq .mr .ms .mt .mu .mv .mw .mx .my .mz N .na .nc .ne .nf .ng .ni .nl .no .np .nr .nu .nz O .om P .pa .pe .pf .pg .ph .pk .pl .pm .pn .pr .ps .pt .pw .py Q .qa R .re .ro .rs .ru .rw S .sa .sb .sc .sd .se .sg .sh .si .sk .sl .sm .sn .so .sr .ss .st .su .sv .sx .sy .sz T .tc .td .tf .tg .th .tj .tk .tl .tm .tn .to .tr .tt .tv .tw .tz U .ua .ug .uk .us .uy .uz V .va .vc .ve .vg .vi .vn .vu W .wf .ws Y .ye .yt Z .za .zm .zw | .ag#8: A .ac .ad .ae .af .ai .al .am .ao .aq .ar .as .at .au .aw .ax .az B .ba .bb .bd .be .bf .bg .bh .bi .bj .bm .bn .bo .br .bs .bt .bw .by .bz C .ca .cc .cd .cf .cg .ch .ci .ck .cl .cm .cn .co .cr .cu .cv .cw .cx .cy .cz D .de .dj .dk .dm .do .dz E .ec .ee .eg .er .es .et .eu F .fi .fj .fk .fm .fo .fr G .ga .gd .ge .gf .gg .gh .gi .gl .gm .gn .gp .gq .gr .gs .gt .gu .gw .gy H .hk .hm .hn .hr .ht .hu I .id .ie .il .im .in .io .iq .ir .is .it J .je .jm .jo .jp K .ke .kg .kh .ki .km .kn .kp .kr .kw .ky .kz L .la .lb .lc .li .lk .lr .ls .lt .lu .lv .ly M .ma .mc .md .me .mg .mh .mk .ml .mm .mn .mo .mp .mq .mr .ms .mt .mu .mv .mw .mx .my .mz N .na .nc .ne .nf .ng .ni .nl .no .np .nr .nu .nz O .om P .pa .pe .pf .pg .ph .pk .pl .pm .pn .pr .ps .pt .pw .py Q .qa R .re .ro .rs .ru .rw S .sa .sb .sc .sd .se .sg .sh .si .sk .sl .sm .sn .so .sr .ss .st .su .sv .sx .sy .sz T .tc .td .tf .tg .th .tj .tk .tl .tm .tn .to .tr .tt .tv .tw .tz U .ua .ug .uk .us .uy .uz V .va .vc .ve .vg .vi .vn .vu W .wf .ws Y .ye .yt Z .za .zm .zw | .sx#4: A .ac .ad .ae .af .ag .ai .al .am .ao .aq .ar .as .at .au .aw .ax .az B .ba .bb .bd .be .bf .bg .bh .bi .bj .bm .bn .bo .br .bs .bt .bw .by .bz C .ca .cc .cd .cf .cg .ch .ci .ck .cl .cm .cn .co .cr .cu .cv .cw .cx .cy .cz D .de .dj .dk .dm .do .dz E .ec .ee .eg .er .es .et .eu F .fi .fj .fk .fm .fo .fr G .ga .gd .ge .gf .gg .gh .gi .gl .gm .gn .gp .gq .gr .gs .gt .gu .gw .gy H .hk .hm .hn .hr .ht .hu I .id .ie .il .im .in .io .iq .ir .is .it J .je .jm .jo .jp K .ke .kg .kh .ki .km .kn .kp .kr .kw .ky .kz L .la .lb .lc .li .lk .lr .ls .lt .lu .lv .ly M .ma .mc .md .me .mg .mh .mk .ml .mm .mn .mo .mp .mq .mr .ms .mt .mu .mv .mw .mx .my .mz N .na .nc .ne .nf .ng .ni .nl .no .np .nr .nu .nz O .om P .pa .pe .pf .pg .ph .pk .pl .pm .pn .pr .ps .pt .pw .py Q .qa R .re .ro .rs .ru .rw S .sa .sb .sc .sd .se .sg .sh .si .sk .sl .sm .sn .so .sr .ss .st .su .sv .sy .sz T .tc .td .tf .tg .th .tj .tk .tl .tm .tn .to .tr .tt .tv .tw .tz U .ua .ug .uk .us .uy .uz V .va .vc .ve .vg .vi .vn .vu W .wf .ws Y .ye .yt Z .za .zm .zw | .eu#30: A .ac .ad .ae .af .ag .ai .al .am .ao .aq .ar .as .at .au .aw .ax .az B .ba .bb .bd .be .bf .bg .bh .bi .bj .bm .bn .bo .br .bs .bt .bw .by .bz C .ca .cc .cd .cf .cg .ch .ci .ck .cl .cm .cn .co .cr .cu .cv .cw .cx .cy .cz D .de .dj .dk .dm .do .dz E .ec .ee .eg .er .es .et F .fi .fj .fk .fm .fo .fr G .ga .gd .ge .gf .gg .gh .gi .gl .gm .gn .gp .gq .gr .gs .gt .gu .gw .gy H .hk .hm .hn .hr .ht .hu I .id .ie .il .im .in .io .iq .ir .is .it J .je .jm .jo .jp K .ke .kg .kh .ki .km .kn .kp .kr .kw .ky .kz L .la .lb .lc .li .lk .lr .ls .lt .lu .lv .ly M .ma .mc .md .me .mg .mh .mk .ml .mm .mn .mo .mp .mq .mr .ms .mt .mu .mv .mw .mx .my .mz N .na .nc .ne .nf .ng .ni .nl .no .np .nr .nu .nz O .om P .pa .pe .pf .pg .ph .pk .pl .pm .pn .pr .ps .pt .pw .py Q .qa R .re .ro .rs .ru .rw S .sa .sb .sc .sd .se .sg .sh .si .sk .sl .sm .sn .so .sr .ss .st .su .sv .sx .sy .sz T .tc .td .tf .tg .th .tj .tk .tl .tm .tn .to .tr .tt .tv .tw .tz U .ua .ug .uk .us .uy .uz V .va .vc .ve .vg .vi .vn .vu W .wf .ws Y .ye .yt Z .za .zm .zw | .io#2: A .ac .ad .ae .af .ag .ai .al .am .ao .aq .ar .as .at .au .aw .ax .az B .ba .bb .bd .be .bf .bg .bh .bi .bj .bm .bn .bo .br .bs .bt .bw .by .bz C .ca .cc .cd .cf .cg .ch .ci .ck .cl .cm .cn .co .cr .cu .cv .cw .cx .cy .cz D .de .dj .dk .dm .do .dz E .ec .ee .eg .er .es .et .eu F .fi .fj .fk .fm .fo .fr G .ga .gd .ge .gf .gg .gh .gi .gl .gm .gn .gp .gq .gr .gs .gt .gu .gw .gy H .hk .hm .hn .hr .ht .hu I .id .ie .il .im .in .iq .ir .is .it J .je .jm .jo .jp K .ke .kg .kh .ki .km .kn .kp .kr .kw .ky .kz L .la .lb .lc .li .lk .lr .ls .lt .lu .lv .ly M .ma .mc .md .me .mg .mh .mk .ml .mm .mn .mo .mp .mq .mr .ms .mt .mu .mv .mw .mx .my .mz N .na .nc .ne .nf .ng .ni .nl .no .np .nr .nu .nz O .om P .pa .pe .pf .pg .ph .pk .pl .pm .pn .pr .ps .pt .pw .py Q .qa R .re .ro .rs .ru .rw S .sa .sb .sc .sd .se .sg .sh .si .sk .sl .sm .sn .so .sr .ss .st .su .sv .sx .sy .sz T .tc .td .tf .tg .th .tj .tk .tl .tm .tn .to .tr .tt .tv .tw .tz U .ua .ug .uk .us .uy .uz V .va .vc .ve .vg .vi .vn .vu W .wf .ws Y .ye .yt Z .za .zm .zw | .to#23: A .ac .ad .ae .af .ag .ai .al .am .ao .aq .ar .as .at .au .aw .ax .az B .ba .bb .bd .be .bf .bg .bh .bi .bj .bm .bn .bo .br .bs .bt .bw .by .bz C .ca .cc .cd .cf .cg .ch .ci .ck .cl .cm .cn .co .cr .cu .cv .cw .cx .cy .cz D .de .dj .dk .dm .do .dz E .ec .ee .eg .er .es .et .eu F .fi .fj .fk .fm .fo .fr G .ga .gd .ge .gf .gg .gh .gi .gl .gm .gn .gp .gq .gr .gs .gt .gu .gw .gy H .hk .hm .hn .hr .ht .hu I .id .ie .il .im .in .io .iq .ir .is .it J .je .jm .jo .jp K .ke .kg .kh .ki .km .kn .kp .kr .kw .ky .kz L .la .lb .lc .li .lk .lr .ls .lt .lu .lv .ly M .ma .mc .md .me .mg .mh .mk .ml .mm .mn .mo .mp .mq .mr .ms .mt .mu .mv .mw .mx .my .mz N .na .nc .ne .nf .ng .ni .nl .no .np .nr .nu .nz O .om P .pa .pe .pf .pg .ph .pk .pl .pm .pn .pr .ps .pt .pw .py Q .qa R .re .ro .rs .ru .rw S .sa .sb .sc .sd .se .sg .sh .si .sk .sl .sm .sn .so .sr .ss .st .su .sv .sx .sy .sz T .tc .td .tf .tg .th .tj .tk .tl .tm .tn .tr .tt .tv .tw .tz U .ua .ug .uk .us .uy .uz V .va .vc .ve .vg .vi .vn .vu W .wf .ws Y .ye .yt Z .za .zm .zw | .com#25: A .ac .ad .ae .af .ag .ai .al .am .ao .aq .ar .as .at .au .aw .ax .az B .ba .bb .bd .be .bf .bg .bh .bi .bj .bm .bn .bo .br .bs .bt .bw .by .bz C .ca .cc .cd .cf .cg .ch .ci .ck .cl .cm .cn .co .cr .cu .cv .cw .cx .cy .cz D .de .dj .dk .dm .do .dz E .ec .ee .eg .er .es .et .eu F .fi .fj .fk .fm .fo .fr G .ga .gd .ge .gf .gg .gh .gi .gl .gm .gn .gp .gq .gr .gs .gt .gu .gw .gy H .hk .hm .hn .hr .ht .hu I .id .ie .il .im .in .io .iq .ir .is .it J .je .jm .jo .jp K .ke .kg .kh .ki .km .kn .kp .kr .kw .ky .kz L .la .lb .lc .li .lk .lr .ls .lt .lu .lv .ly M .ma .mc .md .me .mg .mh .mk .ml .mm .mn .mo .mp .mq .mr .ms .mt .mu .mv .mw .mx .my .mz N .na .nc .ne .nf .ng .ni .nl .no .np .nr .nu .nz O .om P .pa .pe .pf .pg .ph .pk .pl .pm .pn .pr .ps .pt .pw .py Q .qa R .re .ro .rs .ru .rw S .sa .sb .sc .sd .se .sg .sh .si .sk .sl .sm .sn .so .sr .ss .st .su .sv .sx .sy .sz T .tc .td .tf .tg .th .tj .tk .tl .tm .tn .to .tr .tt .tv .tw .tz U .ua .ug .uk .us .uy .uz V .va .vc .ve .vg .vi .vn .vu W .wf .ws Y .ye .yt Z .za .zm .zw | .cz#2: A .ac .ad .ae .af .ag .ai .al .am .ao .aq .ar .as .at .au .aw .ax .az B .ba .bb .bd .be .bf .bg .bh .bi .bj .bm .bn .bo .br .bs .bt .bw .by .bz C .ca .cc .cd .cf .cg .ch .ci .ck .cl .cm .cn .co .cr .cu .cv .cw .cx .cy D .de .dj .dk .dm .do .dz E .ec .ee .eg .er .es .et .eu F .fi .fj .fk .fm .fo .fr G .ga .gd .ge .gf .gg .gh .gi .gl .gm .gn .gp .gq .gr .gs .gt .gu .gw .gy H .hk .hm .hn .hr .ht .hu I .id .ie .il .im .in .io .iq .ir .is .it J .je .jm .jo .jp K .ke .kg .kh .ki .km .kn .kp .kr .kw .ky .kz L .la .lb .lc .li .lk .lr .ls .lt .lu .lv .ly M .ma .mc .md .me .mg .mh .mk .ml .mm .mn .mo .mp .mq .mr .ms .mt .mu .mv .mw .mx .my .mz N .na .nc .ne .nf .ng .ni .nl .no .np .nr .nu .nz O .om P .pa .pe .pf .pg .ph .pk .pl .pm .pn .pr .ps .pt .pw .py Q .qa R .re .ro .rs .ru .rw S .sa .sb .sc .sd .se .sg .sh .si .sk .sl .sm .sn .so .sr .ss .st .su .sv .sx .sy .sz T .tc .td .tf .tg .th .tj .tk .tl .tm .tn .to .tr .tt .tv .tw .tz U .ua .ug .uk .us .uy .uz V .va .vc .ve .vg .vi .vn .vu W .wf .ws Y .ye .yt Z .za .zm .zw | .nz#3: A .ac .ad .ae .af .ag .ai .al .am .ao .aq .ar .as .at .au .aw .ax .az B .ba .bb .bd .be .bf .bg .bh .bi .bj .bm .bn .bo .br .bs .bt .bw .by .bz C .ca .cc .cd .cf .cg .ch .ci .ck .cl .cm .cn .co .cr .cu .cv .cw .cx .cy .cz D .de .dj .dk .dm .do .dz E .ec .ee .eg .er .es .et .eu F .fi .fj .fk .fm .fo .fr G .ga .gd .ge .gf .gg .gh .gi .gl .gm .gn .gp .gq .gr .gs .gt .gu .gw .gy H .hk .hm .hn .hr .ht .hu I .id .ie .il .im .in .io .iq .ir .is .it J .je .jm .jo .jp K .ke .kg .kh .ki .km .kn .kp .kr .kw .ky .kz L .la .lb .lc .li .lk .lr .ls .lt .lu .lv .ly M .ma .mc .md .me .mg .mh .mk .ml .mm .mn .mo .mp .mq .mr .ms .mt .mu .mv .mw .mx .my .mz N .na .nc .ne .nf .ng .ni .nl .no .np .nr .nu O .om P .pa .pe .pf .pg .ph .pk .pl .pm .pn .pr .ps .pt .pw .py Q .qa R .re .ro .rs .ru .rw S .sa .sb .sc .sd .se .sg .sh .si .sk .sl .sm .sn .so .sr .ss .st .su .sv .sx .sy .sz T .tc .td .tf .tg .th .tj .tk .tl .tm .tn .to .tr .tt .tv .tw .tz U .ua .ug .uk .us .uy .uz V .va .vc .ve .vg .vi .vn .vu W .wf .ws Y .ye .yt Z .za .zm .zw | .net#5: .net, Ocak 1985'te oluşturulduğu için RFC 920 'de bahsedilmemesine rağmen başlıca üst seviye alan adlarından biridir (Diğer beşi: .com , .edu , .gov , .mil ve .org ). 2024 itibarıyla yaklaşık 13 milyon alan adı ile .com , .cn ve .de 'den sonra en popüler üst seviye alan adıdır . | .bh#8: A .ac .ad .ae .af .ag .ai .al .am .ao .aq .ar .as .at .au .aw .ax .az B .ba .bb .bd .be .bf .bg .bi .bj .bm .bn .bo .br .bs .bt .bw .by .bz C .ca .cc .cd .cf .cg .ch .ci .ck .cl .cm .cn .co .cr .cu .cv .cw .cx .cy .cz D .de .dj .dk .dm .do .dz E .ec .ee .eg .er .es .et .eu F .fi .fj .fk .fm .fo .fr G .ga .gd .ge .gf .gg .gh .gi .gl .gm .gn .gp .gq .gr .gs .gt .gu .gw .gy H .hk .hm .hn .hr .ht .hu I .id .ie .il .im .in .io .iq .ir .is .it J .je .jm .jo .jp K .ke .kg .kh .ki .km .kn .kp .kr .kw .ky .kz L .la .lb .lc .li .lk .lr .ls .lt .lu .lv .ly M .ma .mc .md .me .mg .mh .mk .ml .mm .mn .mo .mp .mq .mr .ms .mt .mu .mv .mw .mx .my .mz N .na .nc .ne .nf .ng .ni .nl .no .np .nr .nu .nz O .om P .pa .pe .pf .pg .ph .pk .pl .pm .pn .pr .ps .pt .pw .py Q .qa R .re .ro .rs .ru .rw S .sa .sb .sc .sd .se .sg .sh .si .sk .sl .sm .sn .so .sr .ss .st .su .sv .sx .sy .sz T .tc .td .tf .tg .th .tj .tk .tl .tm .tn .to .tr .tt .tv .tw .tz U .ua .ug .uk .us .uy .uz V .va .vc .ve .vg .vi .vn .vu W .wf .ws Y .ye .yt Z .za .zm .zw | .bo#7: A .ac .ad .ae .af .ag .ai .al .am .ao .aq .ar .as .at .au .aw .ax .az B .ba .bb .bd .be .bf .bg .bh .bi .bj .bm .bn .br .bs .bt .bw .by .bz C .ca .cc .cd .cf .cg .ch .ci .ck .cl .cm .cn .co .cr .cu .cv .cw .cx .cy .cz D .de .dj .dk .dm .do .dz E .ec .ee .eg .er .es .et .eu F .fi .fj .fk .fm .fo .fr G .ga .gd .ge .gf .gg .gh .gi .gl .gm .gn .gp .gq .gr .gs .gt .gu .gw .gy H .hk .hm .hn .hr .ht .hu I .id .ie .il .im .in .io .iq .ir .is .it J .je .jm .jo .jp K .ke .kg .kh .ki .km .kn .kp .kr .kw .ky .kz L .la .lb .lc .li .lk .lr .ls .lt .lu .lv .ly M .ma .mc .md .me .mg .mh .mk .ml .mm .mn .mo .mp .mq .mr .ms .mt .mu .mv .mw .mx .my .mz N .na .nc .ne .nf .ng .ni .nl .no .np .nr .nu .nz O .om P .pa .pe .pf .pg .ph .pk .pl .pm .pn .pr .ps .pt .pw .py Q .qa R .re .ro .rs .ru .rw S .sa .sb .sc .sd .se .sg .sh .si .sk .sl .sm .sn .so .sr .ss .st .su .sv .sx .sy .sz T .tc .td .tf .tg .th .tj .tk .tl .tm .tn .to .tr .tt .tv .tw .tz U .ua .ug .uk .us .uy .uz V .va .vc .ve .vg .vi .vn .vu W .wf .ws Y .ye .yt Z .za .zm .zw"
üst seviye alan adıdır,(https://tr.wikipedia.org/wiki/%C3%9Cst_seviye_alan_ad%C4%B1),1,".kh#1: .kh Kamboçya için internet ülke kodu üst seviye alan adıdır . ( CcTLD ) Alan adı tescilini yalnızca Kamboçya'da kayıtlı şirketler, devlet kurumları, kuruluşlar ve Kamboçya vatandaşları yapabilir. | .ga#1: .ga Gabon için internet ülke kodu üst seviye alan adıdır . ( CcTLD ) | .om#1: .om Umman için internet ülke kodu üst seviye alan adıdır . ( CcTLD ) | .us#1: .us , Amerika Birleşik Devletleri için internet ülke kodu üst seviye alan adıdır . ( CcTLD ) Ülkede en çok kullanılan CcTLD .com , .net , .org ikinci düzey alan adlarıdır. | .sv#1: .sv El Salvador için internet ülke kodu üst seviye alan adıdır . ( CcTLD ) | .tk#1: .tk Tokelau için internet ülke kodu üst seviye alan adıdır . ( CcTLD ) Dağıtımı dot.tk tarafından yapılmaktadır. | .gg#1: .gg Guernsey için internet ülke kodu üst seviye alan adıdır . ( CcTLD ) Island Networks tarafından yönetilmektedir. | .kw#1: .kw Kuveyt için internet ülke kodu üst seviye alan adıdır . ( CcTLD ) | .ci#1: .ci Fildişi Sahili için internet ülke kodu üst seviye alan adıdır . ( CcTLD ). | .gf#1: .gf Fransız Guyanası için internet ülke kodu üst seviye alan adıdır . ( CcTLD ) | .sj#1: .sj Svalbard ve Jan Mayen Adaları için internet ülke kodu üst seviye alan adıdır . ( CcTLD ) Kullanılmıyor | .st#1: .st São Tomé ve Príncipe için internet ülke kodu üst seviye alan adıdır . ( CcTLD ) | .fo#1: .fo Faroe Adaları için internet ülke kodu üst seviye alan adıdır . ( CcTLD ) | .tj#1: .tj Tacikistan için internet ülke kodu üst seviye alan adıdır . ( CcTLD ) | .do#1: .do Dominik Cumhuriyeti için internet ülke kodu üst seviye alan adıdır ( CcTLD ). | .qa#1: .qa Katar için internet ülke kodu üst seviye alan adıdır . ( CcTLD ) | .bz#1: .bz Belize için internet ülke kodu üst seviye alan adıdır . ( CcTLD ). | .bw#1: .bw Botsvana için internet ülke kodu üst seviye alan adıdır . | .sy#1: .sy Suriye için internet ülke kodu üst seviye alan adıdır . ( CcTLD ) | .cx#1: .cx Christmas Adası için internet ülke kodu üst seviye alan adıdır ( CcTLD ). | .jo#1: .jo Ürdün için internet ülke kodu üst seviye alan adıdır . ( CcTLD ) 1997 yılında oluşturulmuş ve Ürdün İletişim Komisyonu (Telecommunications Regulatory Commission - TRC) tarafından yönetilmektedir. | .tz#1: .tz , Tanzanya için internet ülke kodu üst seviye alan adıdır . ( CcTLD ) Her ülkenin internet alanında bir ülke kodu ve üst seviye alan kodu bulunmaktadır. | .ly#1: .ly Libya için internet ülke kodu üst seviye alan adıdır . ( CcTLD ) | .ma#1: .ma Fas için internet ülke kodu üst seviye alan adıdır . ( CcTLD ) | .pw#1: .pw Palau için internet ülke kodu üst seviye alan adıdır . ( CcTLD ) | .gd#1: .gd Grenada için internet ülke kodu üst seviye alan adıdır . ( CcTLD ) | .tt#1: .tt , Trinidad ve Tobago için internet ülke kodu üst seviye alan adıdır . ( CcTLD ) | .mg#1: .mg Madagaskar için internet ülke kodu üst seviye alan adıdır . ( CcTLD ) | .sm#1: .sm San Marino için internet ülke kodu üst seviye alan adıdır . ( CcTLD ) | .ve#1: .ve , Venezuela için internet ülke kodu üst seviye alan adıdır . ( CcTLD ) | .pa#1: .pa Panama için internet ülke kodu üst seviye alan adıdır . ( CcTLD ) | .ph#1: .ph Filipinler için internet ülke kodu üst seviye alan adıdır . ( CcTLD ) | .gu#1: .gu Guam için internet ülke kodu üst seviye alan adıdır . ( CcTLD ) Guam, Amerika Birleşik Devletleri'ne bağlı bir ada olup, kendi coğrafi ve kültürel kimliğini yansıtmak amacıyla .gu alan adını kullanmaktadır. | .sl#1: .sl Sierra Leone için internet ülke kodu üst seviye alan adıdır . ( CcTLD ) | .kg#1: .kg Kırgızistan için internet ülke kodu üst seviye alan adıdır . ( CcTLD ) Kayıtlar ikinci seviye alan adlarına doğrudan olabilmektedir. ( .gov.kg ve mil.kg hariç) | .mp#1: .mp Kuzey Mariana Adaları için internet ülke kodu üst seviye alan adıdır . ( CcTLD ) | .nc#1: .nc Yeni Kaledonya için internet ülke kodu üst seviye alan adıdır . ( CcTLD ) | .bt#1: .bt Bhutan için internet ülke kodu üst seviye alan adıdır . ( ccTLD ). | .vn#1: .vn , Vietnam için internet ülke kodu üst seviye alan adıdır . ( CcTLD ) | .in#1: .in Hindistan için internet ülke kodu üst seviye alan adıdır . ( CcTLD ) | .mt#1: .mt Malta için internet ülke kodu üst seviye alan adıdır . ( CcTLD ) | .re#1: .re Réunion için internet ülke kodu üst seviye alan adıdır . ( CcTLD ) | .so#1: .so Somali için internet ülke kodu üst seviye alan adıdır . ( CcTLD ). | .ms#1: .ms Montserrat için internet ülke kodu üst seviye alan adıdır . ( CcTLD ) | .yu#1: .yu Yugoslavya için internet ülke kodu üst seviye alan adıdır . ( CcTLD ) Şimdi Sırbistan-Karadağ; ISO kodu RS olarak değiştirildi; .rs şu anda kullanılmıyor. | .hr#1: .hr Hırvatistan için internet ülke kodu üst seviye alan adıdır . ( CcTLD ) | .km#1: .km Komorlar için internet ülke kodu üst seviye alan adıdır . ( CcTLD ) | .pg#1: .pg Papua Yeni Gine için internet ülke kodu üst seviye alan adıdır . ( CcTLD ) | .hk#1: .hk Hong Kong için internet ülke kodu üst seviye alan adıdır . ( CcTLD ) | .nf#1: .nf Norfolk Adası için internet ülke kodu üst seviye alan adıdır . ( CcTLD ) | .ky#1: .ky Cayman Adaları için internet ülke kodu üst seviye alan adıdır . ( CcTLD ) | .jm#1: .jm Jamaika için internet ülke kodu üst seviye alan adıdır . ( CcTLD ) | .pk#1: .pk Pakistan için internet ülke kodu üst seviye alan adıdır . ( CcTLD ) | .tf#1: .tf , Fransız Güney ve Antarktika Toprakları 'nın İnternet ülke kodu üst seviye alan adıdır ( ccTLD ). .fr , .pm , .re , .wf ve .yt ile birlikte AFNIC tarafından yönetilmektedir. 23 Ekim 2004'ten önce bu alan adı, Cambridge , Birleşik Krallık merkezli Adamsnames tarafından yönetiliyordu. | .vi#1: .vi , ABD Virgin Adaları için internet ülke kodu üst seviye alan adıdır . ( CcTLD ) | .gt#1: .gt Guatemala için internet ülke kodu üst seviye alan adıdır . ( CcTLD ) Kayıtlar doğrudan .gt altında ikinci düzeyde ve bazı ikinci düzey etiketler altında üçüncü düzeyde alınır. | .im#1: .im Man Adası için internet ülke kodu üst seviye alan adıdır . ( CcTLD ) 1 Temmuz 2006'da, .im kaydı, .im altında doğrudan bir, iki ve üç harfli alan adları da dahil olmak üzere dünyadaki herkesin kullanımına açıldı ve bu da .im alan adı korsanlığı olasılığını gündeme getirdi. | .pr#1: .pr Porto Riko için internet ülke kodu üst seviye alan adıdır . ( CcTLD ) | .by#1: .by , Belarus için internet ülke kodu üst seviye alan adıdır . ( CcTLD ). | .tl#1: .tl Doğu Timor için internet ülke kodu üst seviye alan adıdır . ( CcTLD ) | .gp#1: .gp , Guadeloupe için internet ülke kodu üst seviye alan adıdır . ( CcTLD ) | .pn#1: .pn Pitcairn Adaları için internet ülke kodu üst seviye alan adıdır . ( CcTLD ) | .je#1: .je Jersey için internet ülke kodu üst seviye alan adıdır . ( CcTLD ) | .hn#1: .hn Honduras için internet ülke kodu üst seviye alan adıdır . ( CcTLD ) | .mu#1: .mu Mauritius için internet ülke kodu üst seviye alan adıdır . ( CcTLD ) Mauritius Ağ Bilgi Merkezi tarafından yönetilir ve kayıtlar akredite kayıt kuruluşları aracılığıyla işlenir. | .ug#1: .ug , Uganda için internet ülke kodu üst seviye alan adıdır . ( CcTLD ) | .co#1: .co Kolombiya için internet ülke kodu üst seviye alan adıdır . ( CcTLD ) | .lv#1: .lv Letonya için internet ülke kodu üst seviye alan adıdır . ( CcTLD ) | .um#1: .um Amerika Birleşik Devletleri'nin küçük dış adaları için internet ülke kodu üst seviye alan adıdır . ( CcTLD ) | .gov#1: .gov , kullanımı devlet kurumlarıyla sınırlı olan üst seviye alan adıdır (TLD). İngilizcedeki government [a] kelimesinin kısaltılmasıyla oluşturulmuştur. Amerika Birleşik Devletleri hükûmeti tarafından kullanılmakla birlikte diğer ülkelerin hükûmetlerince de kendi ülke üst seviye alan adlarına (ccTLD) bağlı olarak kullanılmaktadır. [b] 1985'te kullanıma sunulmuştur. ABD İç Güvenlik Bakanlığı 'nın bir bileşeni olan Siber Güvenlik ve Altyapı Güvenliği Ajansı (CISA) tarafından yönetilmektedir. | .sz#1: .sz Esvatini için internet ülke kodu üst seviye alan adıdır . ( CcTLD ) | .gw#1: .gw Gine-Bissau için internet ülke kodu üst seviye alan adıdır . ( CcTLD ) | .vc#1: .vc , Saint Vincent ve Granada için internet ülke kodu üst seviye alan adıdır . ( CcTLD ) | .rs#1: .rs Sırbistan için internet ülke kodu üst seviye alan adıdır . | .cd#1: .cd Kongo DC için internet ülke kodu üst seviye alan adıdır . ( CcTLD ) 1997'de, 2001'de kullanımdan kaldırılıp sonunda silinen .zr (Zaire) ccTLD'sinin yerine oluşturulmuştur. | .hm#1: .hm Heard Adası ve McDonald Adaları için internet ülke kodu üst seviye alan adıdır . ( CcTLD ) | .ni#1: .ni Nikaragua için internet ülke kodu üst seviye alan adıdır . ( CcTLD ) | .gs#1: .gs Güney Georgia ve Güney Sandwich Adaları için internet ülke kodu üst seviye alan adıdır . ( CcTLD ) | .vu#1: .vu , Vanuatu için internet ülke kodu üst seviye alan adıdır . ( CcTLD ) | .zw#1: .zw , Zimbabve için internet ülke kodu üst seviye alan adıdır . ( CcTLD ) | .wf#1: .wf , Wallis ve Futuna Adaları için internet ülke kodu üst seviye alan adıdır . ( CcTLD ) | .ps#1: .ps Filistin için İnternet ülke kodu üst seviye alan adıdır . ( CcTLD ) örnek, Batı Şeria ve Gazze Şeridi | .lr#1: .lr Liberya için internet ülke kodu üst seviye alan adıdır . ( CcTLD ) | .dm#1: .dm Doğu Karayipler 'deki Dominika Topluluğu için internet ülke kodu üst seviye alan adıdır ( CcTLD ). | .li#1: .li Lihtenştayn için internet ülke kodu üst seviye alan adıdır . ( CcTLD ) | .vg#1: .vg , Birleşik Krallık Virgin Adaları için internet ülke kodu üst seviye alan adıdır . ( CcTLD ) | .eu#1: .eu , Avrupa Birliği 'nin üst seviye alan adıdır . 7 Aralık 2005'te kullanıma açılan bu alan adı, Avrupa Birliği'nde bulunan herhangi bir kişi, kurum veya kuruluş tarafından kullanılabilir. | .io#1: .io Britanya Hint Okyanusu Toprakları için internet ülke kodu üst seviye alan adıdır . ( CcTLD ) | .cz#1: .cz Çekya için internet ülke kodu üst seviye alan adıdır . ( CcTLD ) | .net#5: .net, Ocak 1985'te oluşturulduğu için RFC 920 'de bahsedilmemesine rağmen başlıca üst seviye alan adlarından biridir (Diğer beşi: .com , .edu , .gov , .mil ve .org ). 2024 itibarıyla yaklaşık 13 milyon alan adı ile .com , .cn ve .de 'den sonra en popüler üst seviye alan adıdır . | .pe#1: .pe Peru için internet ülke kodu üst seviye alan adıdır . ( CcTLD )"
.de,(https://tr.wikipedia.org/wiki/.de),1,"DNS#39: En üste .com , .org , .net , .int , .edu , .info , .biz , .aero , .travel , .jobs , .gov , .mil gibi "" jenerik "" üst düzey alanlarla ( gTLD ) .tr , .us , .de , .uk , .jp , .az gibi ülke alanlarından ( CcTLD ) oluşur. | DNS#176: A .ac .ad .ae .af .ag .ai .al .am .ao .aq .ar .as .at .au .aw .ax .az B .ba .bb .bd .be .bf .bg .bh .bi .bj .bm .bn .bo .br .bs .bt .bw .by .bz C .ca .cc .cd .cf .cg .ch .ci .ck .cl .cm .cn .co .cr .cu .cv .cw .cx .cy .cz D .de .dj .dk .dm .do .dz E .ec .ee .eg .er .es .et .eu F .fi .fj .fk .fm .fo .fr G .ga .gd .ge .gf .gg .gh .gi .gl .gm .gn .gp .gq .gr .gs .gt .gu .gw .gy H .hk .hm .hn .hr .ht .hu I .id .ie .il .im .in .io .iq .ir .is .it J .je .jm .jo .jp K .ke .kg .kh .ki .km .kn .kp .kr .kw .ky .kz L .la .lb .lc .li .lk .lr .ls .lt .lu .lv .ly M .ma .mc .md .me .mg .mh .mk .ml .mm .mn .mo .mp .mq .mr .ms .mt .mu .mv .mw .mx .my .mz N .na .nc .ne .nf .ng .ni .nl .no .np .nr .nu .nz O .om P .pa .pe .pf .pg .ph .pk .pl .pm .pn .pr .ps .pt .pw .py Q .qa R .re .ro .rs .ru .rw S .sa .sb .sc .sd .se .sg .sh .si .sk .sl .sm .sn .so .sr .ss .st .su .sv .sx .sy .sz T .tc .td .tf .tg .th .tj .tk .tl .tm .tn .to .tr .tt .tv .tw .tz U .ua .ug .uk .us .uy .uz V .va .vc .ve .vg .vi .vn .vu W .wf .ws Y .ye .yt Z .za .zm .zw | .kh#2: A .ac .ad .ae .af .ag .ai .al .am .ao .aq .ar .as .at .au .aw .ax .az B .ba .bb .bd .be .bf .bg .bh .bi .bj .bm .bn .bo .br .bs .bt .bw .by .bz C .ca .cc .cd .cf .cg .ch .ci .ck .cl .cm .cn .co .cr .cu .cv .cw .cx .cy .cz D .de .dj .dk .dm .do .dz E .ec .ee .eg .er .es .et .eu F .fi .fj .fk .fm .fo .fr G .ga .gd .ge .gf .gg .gh .gi .gl .gm .gn .gp .gq .gr .gs .gt .gu .gw .gy H .hk .hm .hn .hr .ht .hu I .id .ie .il .im .in .io .iq .ir .is .it J .je .jm .jo .jp K .ke .kg .ki .km .kn .kp .kr .kw .ky .kz L .la .lb .lc .li .lk .lr .ls .lt .lu .lv .ly M .ma .mc .md .me .mg .mh .mk .ml .mm .mn .mo .mp .mq .mr .ms .mt .mu .mv .mw .mx .my .mz N .na .nc .ne .nf .ng .ni .nl .no .np .nr .nu .nz O .om P .pa .pe .pf .pg .ph .pk .pl .pm .pn .pr .ps .pt .pw .py Q .qa R .re .ro .rs .ru .rw S .sa .sb .sc .sd .se .sg .sh .si .sk .sl .sm .sn .so .sr .ss .st .su .sv .sx .sy .sz T .tc .td .tf .tg .th .tj .tk .tl .tm .tn .to .tr .tt .tv .tw .tz U .ua .ug .uk .us .uy .uz V .va .vc .ve .vg .vi .vn .vu W .wf .ws Y .ye .yt Z .za .zm .zw | .ga#8: A .ac .ad .ae .af .ag .ai .al .am .ao .aq .ar .as .at .au .aw .ax .az B .ba .bb .bd .be .bf .bg .bh .bi .bj .bm .bn .bo .br .bs .bt .bw .by .bz C .ca .cc .cd .cf .cg .ch .ci .ck .cl .cm .cn .co .cr .cu .cv .cw .cx .cy .cz D .de .dj .dk .dm .do .dz E .ec .ee .eg .er .es .et .eu F .fi .fj .fk .fm .fo .fr G .gd .ge .gf .gg .gh .gi .gl .gm .gn .gp .gq .gr .gs .gt .gu .gw .gy H .hk .hm .hn .hr .ht .hu I .id .ie .il .im .in .io .iq .ir .is .it J .je .jm .jo .jp K .ke .kg .kh .ki .km .kn .kp .kr .kw .ky .kz L .la .lb .lc .li .lk .lr .ls .lt .lu .lv .ly M .ma .mc .md .me .mg .mh .mk .ml .mm .mn .mo .mp .mq .mr .ms .mt .mu .mv .mw .mx .my .mz N .na .nc .ne .nf .ng .ni .nl .no .np .nr .nu .nz O .om P .pa .pe .pf .pg .ph .pk .pl .pm .pn .pr .ps .pt .pw .py Q .qa R .re .ro .rs .ru .rw S .sa .sb .sc .sd .se .sg .sh .si .sk .sl .sm .sn .so .sr .ss .st .su .sv .sx .sy .sz T .tc .td .tf .tg .th .tj .tk .tl .tm .tn .to .tr .tt .tv .tw .tz U .ua .ug .uk .us .uy .uz V .va .vc .ve .vg .vi .vn .vu W .wf .ws Y .ye .yt Z .za .zm .zw | .om#2: A .ac .ad .ae .af .ag .ai .al .am .ao .aq .ar .as .at .au .aw .ax .az B .ba .bb .bd .be .bf .bg .bh .bi .bj .bm .bn .bo .br .bs .bt .bw .by .bz C .ca .cc .cd .cf .cg .ch .ci .ck .cl .cm .cn .co .cr .cu .cv .cw .cx .cy .cz D .de .dj .dk .dm .do .dz E .ec .ee .eg .er .es .et .eu F .fi .fj .fk .fm .fo .fr G .ga .gd .ge .gf .gg .gh .gi .gl .gm .gn .gp .gq .gr .gs .gt .gu .gw .gy H .hk .hm .hn .hr .ht .hu I .id .ie .il .im .in .io .iq .ir .is .it J .je .jm .jo .jp K .ke .kg .kh .ki .km .kn .kp .kr .kw .ky .kz L .la .lb .lc .li .lk .lr .ls .lt .lu .lv .ly M .ma .mc .md .me .mg .mh .mk .ml .mm .mn .mo .mp .mq .mr .ms .mt .mu .mv .mw .mx .my .mz N .na .nc .ne .nf .ng .ni .nl .no .np .nr .nu .nz O P .pa .pe .pf .pg .ph .pk .pl .pm .pn .pr .ps .pt .pw .py Q .qa R .re .ro .rs .ru .rw S .sa .sb .sc .sd .se .sg .sh .si .sk .sl .sm .sn .so .sr .ss .st .su .sv .sx .sy .sz T .tc .td .tf .tg .th .tj .tk .tl .tm .tn .to .tr .tt .tv .tw .tz U .ua .ug .uk .us .uy .uz V .va .vc .ve .vg .vi .vn .vu W .wf .ws Y .ye .yt Z .za .zm .zw | .us#10: A .ac .ad .ae .af .ag .ai .al .am .ao .aq .ar .as .at .au .aw .ax .az B .ba .bb .bd .be .bf .bg .bh .bi .bj .bm .bn .bo .br .bs .bt .bw .by .bz C .ca .cc .cd .cf .cg .ch .ci .ck .cl .cm .cn .co .cr .cu .cv .cw .cx .cy .cz D .de .dj .dk .dm .do .dz E .ec .ee .eg .er .es .et .eu F .fi .fj .fk .fm .fo .fr G .ga .gd .ge .gf .gg .gh .gi .gl .gm .gn .gp .gq .gr .gs .gt .gu .gw .gy H .hk .hm .hn .hr .ht .hu I .id .ie .il .im .in .io .iq .ir .is .it J .je .jm .jo .jp K .ke .kg .kh .ki .km .kn .kp .kr .kw .ky .kz L .la .lb .lc .li .lk .lr .ls .lt .lu .lv .ly M .ma .mc .md .me .mg .mh .mk .ml .mm .mn .mo .mp .mq .mr .ms .mt .mu .mv .mw .mx .my .mz N .na .nc .ne .nf .ng .ni .nl .no .np .nr .nu .nz O .om P .pa .pe .pf .pg .ph .pk .pl .pm .pn .pr .ps .pt .pw .py Q .qa R .re .ro .rs .ru .rw S .sa .sb .sc .sd .se .sg .sh .si .sk .sl .sm .sn .so .sr .ss .st .su .sv .sx .sy .sz T .tc .td .tf .tg .th .tj .tk .tl .tm .tn .to .tr .tt .tv .tw .tz U .ua .ug .uk .uy .uz V .va .vc .ve .vg .vi .vn .vu W .wf .ws Y .ye .yt Z .za .zm .zw | .sv#2: A .ac .ad .ae .af .ag .ai .al .am .ao .aq .ar .as .at .au .aw .ax .az B .ba .bb .bd .be .bf .bg .bh .bi .bj .bm .bn .bo .br .bs .bt .bw .by .bz C .ca .cc .cd .cf .cg .ch .ci .ck .cl .cm .cn .co .cr .cu .cv .cw .cx .cy .cz D .de .dj .dk .dm .do .dz E .ec .ee .eg .er .es .et .eu F .fi .fj .fk .fm .fo .fr G .ga .gd .ge .gf .gg .gh .gi .gl .gm .gn .gp .gq .gr .gs .gt .gu .gw .gy H .hk .hm .hn .hr .ht .hu I .id .ie .il .im .in .io .iq .ir .is .it J .je .jm .jo .jp K .ke .kg .kh .ki .km .kn .kp .kr .kw .ky .kz L .la .lb .lc .li .lk .lr .ls .lt .lu .lv .ly M .ma .mc .md .me .mg .mh .mk .ml .mm .mn .mo .mp .mq .mr .ms .mt .mu .mv .mw .mx .my .mz N .na .nc .ne .nf .ng .ni .nl .no .np .nr .nu .nz O .om P .pa .pe .pf .pg .ph .pk .pl .pm .pn .pr .ps .pt .pw .py Q .qa R .re .ro .rs .ru .rw S .sa .sb .sc .sd .se .sg .sh .si .sk .sl .sm .sn .so .sr .ss .st .su .sx .sy .sz T .tc .td .tf .tg .th .tj .tk .tl .tm .tn .to .tr .tt .tv .tw .tz U .ua .ug .uk .us .uy .uz V .va .vc .ve .vg .vi .vn .vu W .wf .ws Y .ye .yt Z .za .zm .zw | .bl#3: A .ac .ad .ae .af .ag .ai .al .am .ao .aq .ar .as .at .au .aw .ax .az B .ba .bb .bd .be .bf .bg .bh .bi .bj .bm .bn .bo .br .bs .bt .bw .by .bz C .ca .cc .cd .cf .cg .ch .ci .ck .cl .cm .cn .co .cr .cu .cv .cw .cx .cy .cz D .de .dj .dk .dm .do .dz E .ec .ee .eg .er .es .et .eu F .fi .fj .fk .fm .fo .fr G .ga .gd .ge .gf .gg .gh .gi .gl .gm .gn .gp .gq .gr .gs .gt .gu .gw .gy H .hk .hm .hn .hr .ht .hu I .id .ie .il .im .in .io .iq .ir .is .it J .je .jm .jo .jp K .ke .kg .kh .ki .km .kn .kp .kr .kw .ky .kz L .la .lb .lc .li .lk .lr .ls .lt .lu .lv .ly M .ma .mc .md .me .mg .mh .mk .ml .mm .mn .mo .mp .mq .mr .ms .mt .mu .mv .mw .mx .my .mz N .na .nc .ne .nf .ng .ni .nl .no .np .nr .nu .nz O .om P .pa .pe .pf .pg .ph .pk .pl .pm .pn .pr .ps .pt .pw .py Q .qa R .re .ro .rs .ru .rw S .sa .sb .sc .sd .se .sg .sh .si .sk .sl .sm .sn .so .sr .ss .st .su .sv .sx .sy .sz T .tc .td .tf .tg .th .tj .tk .tl .tm .tn .to .tr .tt .tv .tw .tz U .ua .ug .uk .us .uy .uz V .va .vc .ve .vg .vi .vn .vu W .wf .ws Y .ye .yt Z .za .zm .zw | .ee#6: A .ac .ad .ae .af .ag .ai .al .am .ao .aq .ar .as .at .au .aw .ax .az B .ba .bb .bd .be .bf .bg .bh .bi .bj .bm .bn .bo .br .bs .bt .bw .by .bz C .ca .cc .cd .cf .cg .ch .ci .ck .cl .cm .cn .co .cr .cu .cv .cw .cx .cy .cz D .de .dj .dk .dm .do .dz E .ec .eg .er .es .et .eu F .fi .fj .fk .fm .fo .fr G .ga .gd .ge .gf .gg .gh .gi .gl .gm .gn .gp .gq .gr .gs .gt .gu .gw .gy H .hk .hm .hn .hr .ht .hu I .id .ie .il .im .in .io .iq .ir .is .it J .je .jm .jo .jp K .ke .kg .kh .ki .km .kn .kp .kr .kw .ky .kz L .la .lb .lc .li .lk .lr .ls .lt .lu .lv .ly M .ma .mc .md .me .mg .mh .mk .ml .mm .mn .mo .mp .mq .mr .ms .mt .mu .mv .mw .mx .my .mz N .na .nc .ne .nf .ng .ni .nl .no .np .nr .nu .nz O .om P .pa .pe .pf .pg .ph .pk .pl .pm .pn .pr .ps .pt .pw .py Q .qa R .re .ro .rs .ru .rw S .sa .sb .sc .sd .se .sg .sh .si .sk .sl .sm .sn .so .sr .ss .st .su .sv .sx .sy .sz T .tc .td .tf .tg .th .tj .tk .tl .tm .tn .to .tr .tt .tv .tw .tz U .ua .ug .uk .us .uy .uz V .va .vc .ve .vg .vi .vn .vu W .wf .ws Y .ye .yt Z .za .zm .zw | .gg#4: A .ac .ad .ae .af .ag .ai .al .am .ao .aq .ar .as .at .au .aw .ax .az B .ba .bb .bd .be .bf .bg .bh .bi .bj .bm .bn .bo .br .bs .bt .bw .by .bz C .ca .cc .cd .cf .cg .ch .ci .ck .cl .cm .cn .co .cr .cu .cv .cw .cx .cy .cz D .de .dj .dk .dm .do .dz E .ec .ee .eg .er .es .et .eu F .fi .fj .fk .fm .fo .fr G .ga .gd .ge .gf .gh .gi .gl .gm .gn .gp .gq .gr .gs .gt .gu .gw .gy H .hk .hm .hn .hr .ht .hu I .id .ie .il .im .in .io .iq .ir .is .it J .je .jm .jo .jp K .ke .kg .kh .ki .km .kn .kp .kr .kw .ky .kz L .la .lb .lc .li .lk .lr .ls .lt .lu .lv .ly M .ma .mc .md .me .mg .mh .mk .ml .mm .mn .mo .mp .mq .mr .ms .mt .mu .mv .mw .mx .my .mz N .na .nc .ne .nf .ng .ni .nl .no .np .nr .nu .nz O .om P .pa .pe .pf .pg .ph .pk .pl .pm .pn .pr .ps .pt .pw .py Q .qa R .re .ro .rs .ru .rw S .sa .sb .sc .sd .se .sg .sh .si .sk .sl .sm .sn .so .sr .ss .st .su .sv .sx .sy .sz T .tc .td .tf .tg .th .tj .tk .tl .tm .tn .to .tr .tt .tv .tw .tz U .ua .ug .uk .us .uy .uz V .va .vc .ve .vg .vi .vn .vu W .wf .ws Y .ye .yt Z .za .zm .zw | .kw#2: A .ac .ad .ae .af .ag .ai .al .am .ao .aq .ar .as .at .au .aw .ax .az B .ba .bb .bd .be .bf .bg .bh .bi .bj .bm .bn .bo .br .bs .bt .bw .by .bz C .ca .cc .cd .cf .cg .ch .ci .ck .cl .cm .cn .co .cr .cu .cv .cw .cx .cy .cz D .de .dj .dk .dm .do .dz E .ec .ee .eg .er .es .et .eu F .fi .fj .fk .fm .fo .fr G .ga .gd .ge .gf .gg .gh .gi .gl .gm .gn .gp .gq .gr .gs .gt .gu .gw .gy H .hk .hm .hn .hr .ht .hu I .id .ie .il .im .in .io .iq .ir .is .it J .je .jm .jo .jp K .ke .kg .kh .ki .km .kn .kp .kr .ky .kz L .la .lb .lc .li .lk .lr .ls .lt .lu .lv .ly M .ma .mc .md .me .mg .mh .mk .ml .mm .mn .mo .mp .mq .mr .ms .mt .mu .mv .mw .mx .my .mz N .na .nc .ne .nf .ng .ni .nl .no .np .nr .nu .nz O .om P .pa .pe .pf .pg .ph .pk .pl .pm .pn .pr .ps .pt .pw .py Q .qa R .re .ro .rs .ru .rw S .sa .sb .sc .sd .se .sg .sh .si .sk .sl .sm .sn .so .sr .ss .st .su .sv .sx .sy .sz T .tc .td .tf .tg .th .tj .tk .tl .tm .tn .to .tr .tt .tv .tw .tz U .ua .ug .uk .us .uy .uz V .va .vc .ve .vg .vi .vn .vu W .wf .ws Y .ye .yt Z .za .zm .zw | .ci#6: A .ac .ad .ae .af .ag .ai .al .am .ao .aq .ar .as .at .au .aw .ax .az B .ba .bb .bd .be .bf .bg .bh .bi .bj .bm .bn .bo .br .bs .bt .bw .by .bz C .ca .cc .cd .cf .cg .ch .ck .cl .cm .cn .co .cr .cu .cv .cw .cx .cy .cz D .de .dj .dk .dm .do .dz E .ec .ee .eg .er .es .et .eu F .fi .fj .fk .fm .fo .fr G .ga .gd .ge .gf .gg .gh .gi .gl .gm .gn .gp .gq .gr .gs .gt .gu .gw .gy H .hk .hm .hn .hr .ht .hu I .id .ie .il .im .in .io .iq .ir .is .it J .je .jm .jo .jp K .ke .kg .kh .ki .km .kn .kp .kr .kw .ky .kz L .la .lb .lc .li .lk .lr .ls .lt .lu .lv .ly M .ma .mc .md .me .mg .mh .mk .ml .mm .mn .mo .mp .mq .mr .ms .mt .mu .mv .mw .mx .my .mz N .na .nc .ne .nf .ng .ni .nl .no .np .nr .nu .nz O .om P .pa .pe .pf .pg .ph .pk .pl .pm .pn .pr .ps .pt .pw .py Q .qa R .re .ro .rs .ru .rw S .sa .sb .sc .sd .se .sg .sh .si .sk .sl .sm .sn .so .sr .ss .st .su .sv .sx .sy .sz T .tc .td .tf .tg .th .tj .tk .tl .tm .tn .to .tr .tt .tv .tw .tz U .ua .ug .uk .us .uy .uz V .va .vc .ve .vg .vi .vn .vu W .wf .ws Y .ye .yt Z .za .zm .zw | .gf#2: A .ac .ad .ae .af .ag .ai .al .am .ao .aq .ar .as .at .au .aw .ax .az B .ba .bb .bd .be .bf .bg .bh .bi .bj .bm .bn .bo .br .bs .bt .bw .by .bz C .ca .cc .cd .cf .cg .ch .ci .ck .cl .cm .cn .co .cr .cu .cv .cw .cx .cy .cz D .de .dj .dk .dm .do .dz E .ec .ee .eg .er .es .et .eu F .fi .fj .fk .fm .fo .fr G .ga .gd .ge .gg .gh .gi .gl .gm .gn .gp .gq .gr .gs .gt .gu .gw .gy H .hk .hm .hn .hr .ht .hu I .id .ie .il .im .in .io .iq .ir .is .it J .je .jm .jo .jp K .ke .kg .kh .ki .km .kn .kp .kr .kw .ky .kz L .la .lb .lc .li .lk .lr .ls .lt .lu .lv .ly M .ma .mc .md .me .mg .mh .mk .ml .mm .mn .mo .mp .mq .mr .ms .mt .mu .mv .mw .mx .my .mz N .na .nc .ne .nf .ng .ni .nl .no .np .nr .nu .nz O .om P .pa .pe .pf .pg .ph .pk .pl .pm .pn .pr .ps .pt .pw .py Q .qa R .re .ro .rs .ru .rw S .sa .sb .sc .sd .se .sg .sh .si .sk .sl .sm .sn .so .sr .ss .st .su .sv .sx .sy .sz T .tc .td .tf .tg .th .tj .tk .tl .tm .tn .to .tr .tt .tv .tw .tz U .ua .ug .uk .us .uy .uz V .va .vc .ve .vg .vi .vn .vu W .wf .ws Y .ye .yt Z .za .zm .zw | .sj#2: A .ac .ad .ae .af .ag .ai .al .am .ao .aq .ar .as .at .au .aw .ax .az B .ba .bb .bd .be .bf .bg .bh .bi .bj .bm .bn .bo .br .bs .bt .bw .by .bz C .ca .cc .cd .cf .cg .ch .ci .ck .cl .cm .cn .co .cr .cu .cv .cw .cx .cy .cz D .de .dj .dk .dm .do .dz E .ec .ee .eg .er .es .et .eu F .fi .fj .fk .fm .fo .fr G .ga .gd .ge .gf .gg .gh .gi .gl .gm .gn .gp .gq .gr .gs .gt .gu .gw .gy H .hk .hm .hn .hr .ht .hu I .id .ie .il .im .in .io .iq .ir .is .it J .je .jm .jo .jp K .ke .kg .kh .ki .km .kn .kp .kr .kw .ky .kz L .la .lb .lc .li .lk .lr .ls .lt .lu .lv .ly M .ma .mc .md .me .mg .mh .mk .ml .mm .mn .mo .mp .mq .mr .ms .mt .mu .mv .mw .mx .my .mz N .na .nc .ne .nf .ng .ni .nl .no .np .nr .nu .nz O .om P .pa .pe .pf .pg .ph .pk .pl .pm .pn .pr .ps .pt .pw .py Q .qa R .re .ro .rs .ru .rw S .sa .sb .sc .sd .se .sg .sh .si .sk .sl .sm .sn .so .sr .ss .st .su .sv .sx .sy .sz T .tc .td .tf .tg .th .tj .tk .tl .tm .tn .to .tr .tt .tv .tw .tz U .ua .ug .uk .us .uy .uz V .va .vc .ve .vg .vi .vn .vu W .wf .ws Y .ye .yt Z .za .zm .zw | .st#2: A .ac .ad .ae .af .ag .ai .al .am .ao .aq .ar .as .at .au .aw .ax .az B .ba .bb .bd .be .bf .bg .bh .bi .bj .bm .bn .bo .br .bs .bt .bw .by .bz C .ca .cc .cd .cf .cg .ch .ci .ck .cl .cm .cn .co .cr .cu .cv .cw .cx .cy .cz D .de .dj .dk .dm .do .dz E .ec .ee .eg .er .es .et .eu F .fi .fj .fk .fm .fo .fr G .ga .gd .ge .gf .gg .gh .gi .gl .gm .gn .gp .gq .gr .gs .gt .gu .gw .gy H .hk .hm .hn .hr .ht .hu I .id .ie .il .im .in .io .iq .ir .is .it J .je .jm .jo .jp K .ke .kg .kh .ki .km .kn .kp .kr .kw .ky .kz L .la .lb .lc .li .lk .lr .ls .lt .lu .lv .ly M .ma .mc .md .me .mg .mh .mk .ml .mm .mn .mo .mp .mq .mr .ms .mt .mu .mv .mw .mx .my .mz N .na .nc .ne .nf .ng .ni .nl .no .np .nr .nu .nz O .om P .pa .pe .pf .pg .ph .pk .pl .pm .pn .pr .ps .pt .pw .py Q .qa R .re .ro .rs .ru .rw S .sa .sb .sc .sd .se .sg .sh .si .sk .sl .sm .sn .so .sr .ss .su .sv .sx .sy .sz T .tc .td .tf .tg .th .tj .tk .tl .tm .tn .to .tr .tt .tv .tw .tz U .ua .ug .uk .us .uy .uz V .va .vc .ve .vg .vi .vn .vu W .wf .ws Y .ye .yt Z .za .zm .zw | .dj#3: A .ac .ad .ae .af .ag .ai .al .am .ao .aq .ar .as .at .au .aw .ax .az B .ba .bb .bd .be .bf .bg .bh .bi .bj .bm .bn .bo .br .bs .bt .bw .by .bz C .ca .cc .cd .cf .cg .ch .ci .ck .cl .cm .cn .co .cr .cu .cv .cw .cx .cy .cz D .de .dk .dm .do .dz E .ec .ee .eg .er .es .et .eu F .fi .fj .fk .fm .fo .fr G .ga .gd .ge .gf .gg .gh .gi .gl .gm .gn .gp .gq .gr .gs .gt .gu .gw .gy H .hk .hm .hn .hr .ht .hu I .id .ie .il .im .in .io .iq .ir .is .it J .je .jm .jo .jp K .ke .kg .kh .ki .km .kn .kp .kr .kw .ky .kz L .la .lb .lc .li .lk .lr .ls .lt .lu .lv .ly M .ma .mc .md .me .mg .mh .mk .ml .mm .mn .mo .mp .mq .mr .ms .mt .mu .mv .mw .mx .my .mz N .na .nc .ne .nf .ng .ni .nl .no .np .nr .nu .nz O .om P .pa .pe .pf .pg .ph .pk .pl .pm .pn .pr .ps .pt .pw .py Q .qa R .re .ro .rs .ru .rw S .sa .sb .sc .sd .se .sg .sh .si .sk .sl .sm .sn .so .sr .ss .st .su .sv .sx .sy .sz T .tc .td .tf .tg .th .tj .tk .tl .tm .tn .to .tr .tt .tv .tw .tz U .ua .ug .uk .us .uy .uz V .va .vc .ve .vg .vi .vn .vu W .wf .ws Y .ye .yt Z .za .zm .zw | .au#4: A .ac .ad .ae .af .ag .ai .al .am .ao .aq .ar .as .at .aw .ax .az B .ba .bb .bd .be .bf .bg .bh .bi .bj .bm .bn .bo .br .bs .bt .bw .by .bz C .ca .cc .cd .cf .cg .ch .ci .ck .cl .cm .cn .co .cr .cu .cv .cw .cx .cy .cz D .de .dj .dk .dm .do .dz E .ec .ee .eg .er .es .et .eu F .fi .fj .fk .fm .fo .fr G .ga .gd .ge .gf .gg .gh .gi .gl .gm .gn .gp .gq .gr .gs .gt .gu .gw .gy H .hk .hm .hn .hr .ht .hu I .id .ie .il .im .in .io .iq .ir .is .it J .je .jm .jo .jp K .ke .kg .kh .ki .km .kn .kp .kr .kw .ky .kz L .la .lb .lc .li .lk .lr .ls .lt .lu .lv .ly M .ma .mc .md .me .mg .mh .mk .ml .mm .mn .mo .mp .mq .mr .ms .mt .mu .mv .mw .mx .my .mz N .na .nc .ne .nf .ng .ni .nl .no .np .nr .nu .nz O .om P .pa .pe .pf .pg .ph .pk .pl .pm .pn .pr .ps .pt .pw .py Q .qa R .re .ro .rs .ru .rw S .sa .sb .sc .sd .se .sg .sh .si .sk .sl .sm .sn .so .sr .ss .st .su .sv .sx .sy .sz T .tc .td .tf .tg .th .tj .tk .tl .tm .tn .to .tr .tt .tv .tw .tz U .ua .ug .uk .us .uy .uz V .va .vc .ve .vg .vi .vn .vu W .wf .ws Y .ye .yt Z .za .zm .zw | .va#5: A .ac .ad .ae .af .ag .ai .al .am .ao .aq .ar .as .at .au .aw .ax .az B .ba .bb .bd .be .bf .bg .bh .bi .bj .bm .bn .bo .br .bs .bt .bw .by .bz C .ca .cc .cd .cf .cg .ch .ci .ck .cl .cm .cn .co .cr .cu .cv .cw .cx .cy .cz D .de .dj .dk .dm .do .dz E .ec .ee .eg .er .es .et .eu F .fi .fj .fk .fm .fo .fr G .ga .gd .ge .gf .gg .gh .gi .gl .gm .gn .gp .gq .gr .gs .gt .gu .gw .gy H .hk .hm .hn .hr .ht .hu I .id .ie .il .im .in .io .iq .ir .is .it J .je .jm .jo .jp K .ke .kg .kh .ki .km .kn .kp .kr .kw .ky .kz L .la .lb .lc .li .lk .lr .ls .lt .lu .lv .ly M .ma .mc .md .me .mg .mh .mk .ml .mm .mn .mo .mp .mq .mr .ms .mt .mu .mv .mw .mx .my .mz N .na .nc .ne .nf .ng .ni .nl .no .np .nr .nu .nz O .om P .pa .pe .pf .pg .ph .pk .pl .pm .pn .pr .ps .pt .pw .py Q .qa R .re .ro .rs .ru .rw S .sa .sb .sc .sd .se .sg .sh .si .sk .sl .sm .sn .so .sr .ss .st .su .sv .sx .sy .sz T .tc .td .tf .tg .th .tj .tk .tl .tm .tn .to .tr .tt .tv .tw .tz U .ua .ug .uk .us .uy .uz V .vc .ve .vg .vi .vn .vu W .wf .ws Y .ye .yt Z .za .zm .zw | .fo#2: A .ac .ad .ae .af .ag .ai .al .am .ao .aq .ar .as .at .au .aw .ax .az B .ba .bb .bd .be .bf .bg .bh .bi .bj .bm .bn .bo .br .bs .bt .bw .by .bz C .ca .cc .cd .cf .cg .ch .ci .ck .cl .cm .cn .co .cr .cu .cv .cw .cx .cy .cz D .de .dj .dk .dm .do .dz E .ec .ee .eg .er .es .et .eu F .fi .fj .fk .fm .fr G .ga .gd .ge .gf .gg .gh .gi .gl .gm .gn .gp .gq .gr .gs .gt .gu .gw .gy H .hk .hm .hn .hr .ht .hu I .id .ie .il .im .in .io .iq .ir .is .it J .je .jm .jo .jp K .ke .kg .kh .ki .km .kn .kp .kr .kw .ky .kz L .la .lb .lc .li .lk .lr .ls .lt .lu .lv .ly M .ma .mc .md .me .mg .mh .mk .ml .mm .mn .mo .mp .mq .mr .ms .mt .mu .mv .mw .mx .my .mz N .na .nc .ne .nf .ng .ni .nl .no .np .nr .nu .nz O .om P .pa .pe .pf .pg .ph .pk .pl .pm .pn .pr .ps .pt .pw .py Q .qa R .re .ro .rs .ru .rw S .sa .sb .sc .sd .se .sg .sh .si .sk .sl .sm .sn .so .sr .ss .st .su .sv .sx .sy .sz T .tc .td .tf .tg .th .tj .tk .tl .tm .tn .to .tr .tt .tv .tw .tz U .ua .ug .uk .us .uy .uz V .va .vc .ve .vg .vi .vn .vu W .wf .ws Y .ye .yt Z .za .zm .zw | .tj#2: A .ac .ad .ae .af .ag .ai .al .am .ao .aq .ar .as .at .au .aw .ax .az B .ba .bb .bd .be .bf .bg .bh .bi .bj .bm .bn .bo .br .bs .bt .bw .by .bz C .ca .cc .cd .cf .cg .ch .ci .ck .cl .cm .cn .co .cr .cu .cv .cw .cx .cy .cz D .de .dj .dk .dm .do .dz E .ec .ee .eg .er .es .et .eu F .fi .fj .fk .fm .fo .fr G .ga .gd .ge .gf .gg .gh .gi .gl .gm .gn .gp .gq .gr .gs .gt .gu .gw .gy H .hk .hm .hn .hr .ht .hu I .id .ie .il .im .in .io .iq .ir .is .it J .je .jm .jo .jp K .ke .kg .kh .ki .km .kn .kp .kr .kw .ky .kz L .la .lb .lc .li .lk .lr .ls .lt .lu .lv .ly M .ma .mc .md .me .mg .mh .mk .ml .mm .mn .mo .mp .mq .mr .ms .mt .mu .mv .mw .mx .my .mz N .na .nc .ne .nf .ng .ni .nl .no .np .nr .nu .nz O .om P .pa .pe .pf .pg .ph .pk .pl .pm .pn .pr .ps .pt .pw .py Q .qa R .re .ro .rs .ru .rw S .sa .sb .sc .sd .se .sg .sh .si .sk .sl .sm .sn .so .sr .ss .st .su .sv .sx .sy .sz T .tc .td .tf .tg .th .tk .tl .tm .tn .to .tr .tt .tv .tw .tz U .ua .ug .uk .us .uy .uz V .va .vc .ve .vg .vi .vn .vu W .wf .ws Y .ye .yt Z .za .zm .zw | .do#3: A .ac .ad .ae .af .ag .ai .al .am .ao .aq .ar .as .at .au .aw .ax .az B .ba .bb .bd .be .bf .bg .bh .bi .bj .bm .bn .bo .br .bs .bt .bw .by .bz C .ca .cc .cd .cf .cg .ch .ci .ck .cl .cm .cn .co .cr .cu .cv .cw .cx .cy .cz D .de .dj .dk .dm .dz E .ec .ee .eg .er .es .et .eu F .fi .fj .fk .fm .fo .fr G .ga .gd .ge .gf .gg .gh .gi .gl .gm .gn .gp .gq .gr .gs .gt .gu .gw .gy H .hk .hm .hn .hr .ht .hu I .id .ie .il .im .in .io .iq .ir .is .it J .je .jm .jo .jp K .ke .kg .kh .ki .km .kn .kp .kr .kw .ky .kz L .la .lb .lc .li .lk .lr .ls .lt .lu .lv .ly M .ma .mc .md .me .mg .mh .mk .ml .mm .mn .mo .mp .mq .mr .ms .mt .mu .mv .mw .mx .my .mz N .na .nc .ne .nf .ng .ni .nl .no .np .nr .nu .nz O .om P .pa .pe .pf .pg .ph .pk .pl .pm .pn .pr .ps .pt .pw .py Q .qa R .re .ro .rs .ru .rw S .sa .sb .sc .sd .se .sg .sh .si .sk .sl .sm .sn .so .sr .ss .st .su .sv .sx .sy .sz T .tc .td .tf .tg .th .tj .tk .tl .tm .tn .to .tr .tt .tv .tw .tz U .ua .ug .uk .us .uy .uz V .va .vc .ve .vg .vi .vn .vu W .wf .ws Y .ye .yt Z .za .zm .zw | .qa#2: A .ac .ad .ae .af .ag .ai .al .am .ao .aq .ar .as .at .au .aw .ax .az B .ba .bb .bd .be .bf .bg .bh .bi .bj .bm .bn .bo .br .bs .bt .bw .by .bz C .ca .cc .cd .cf .cg .ch .ci .ck .cl .cm .cn .co .cr .cu .cv .cw .cx .cy .cz D .de .dj .dk .dm .do .dz E .ec .ee .eg .er .es .et .eu F .fi .fj .fk .fm .fo .fr G .ga .gd .ge .gf .gg .gh .gi .gl .gm .gn .gp .gq .gr .gs .gt .gu .gw .gy H .hk .hm .hn .hr .ht .hu I .id .ie .il .im .in .io .iq .ir .is .it J .je .jm .jo .jp K .ke .kg .kh .ki .km .kn .kp .kr .kw .ky .kz L .la .lb .lc .li .lk .lr .ls .lt .lu .lv .ly M .ma .mc .md .me .mg .mh .mk .ml .mm .mn .mo .mp .mq .mr .ms .mt .mu .mv .mw .mx .my .mz N .na .nc .ne .nf .ng .ni .nl .no .np .nr .nu .nz O .om P .pa .pe .pf .pg .ph .pk .pl .pm .pn .pr .ps .pt .pw .py Q R .re .ro .rs .ru .rw S .sa .sb .sc .sd .se .sg .sh .si .sk .sl .sm .sn .so .sr .ss .st .su .sv .sx .sy .sz T .tc .td .tf .tg .th .tj .tk .tl .tm .tn .to .tr .tt .tv .tw .tz U .ua .ug .uk .us .uy .uz V .va .vc .ve .vg .vi .vn .vu W .wf .ws Y .ye .yt Z .za .zm .zw | .bz#11: A .ac .ad .ae .af .ag .ai .al .am .ao .aq .ar .as .at .au .aw .ax .az B .ba .bb .bd .be .bf .bg .bh .bi .bj .bm .bn .bo .br .bs .bt .bw .by C .ca .cc .cd .cf .cg .ch .ci .ck .cl .cm .cn .co .cr .cu .cv .cw .cx .cy .cz D .de .dj .dk .dm .do .dz E .ec .ee .eg .er .es .et .eu F .fi .fj .fk .fm .fo .fr G .ga .gd .ge .gf .gg .gh .gi .gl .gm .gn .gp .gq .gr .gs .gt .gu .gw .gy H .hk .hm .hn .hr .ht .hu I .id .ie .il .im .in .io .iq .ir .is .it J .je .jm .jo .jp K .ke .kg .kh .ki .km .kn .kp .kr .kw .ky .kz L .la .lb .lc .li .lk .lr .ls .lt .lu .lv .ly M .ma .mc .md .me .mg .mh .mk .ml .mm .mn .mo .mp .mq .mr .ms .mt .mu .mv .mw .mx .my .mz N .na .nc .ne .nf .ng .ni .nl .no .np .nr .nu .nz O .om P .pa .pe .pf .pg .ph .pk .pl .pm .pn .pr .ps .pt .pw .py Q .qa R .re .ro .rs .ru .rw S .sa .sb .sc .sd .se .sg .sh .si .sk .sl .sm .sn .so .sr .ss .st .su .sv .sx .sy .sz T .tc .td .tf .tg .th .tj .tk .tl .tm .tn .to .tr .tt .tv .tw .tz U .ua .ug .uk .us .uy .uz V .va .vc .ve .vg .vi .vn .vu W .wf .ws Y .ye .yt Z .za .zm .zw | .uk#3: Nisan 2021'de dünya çapında 10 milyon kayıtla en popüler 5. üst düzey alan adı idi ( .com , .cn , .de ve .net 'ten sonra). | .uk#24: A .ac .ad .ae .af .ag .ai .al .am .ao .aq .ar .as .at .au .aw .ax .az B .ba .bb .bd .be .bf .bg .bh .bi .bj .bm .bn .bo .br .bs .bt .bw .by .bz C .ca .cc .cd .cf .cg .ch .ci .ck .cl .cm .cn .co .cr .cu .cv .cw .cx .cy .cz D .de .dj .dk .dm .do .dz E .ec .ee .eg .er .es .et .eu F .fi .fj .fk .fm .fo .fr G .ga .gd .ge .gf .gg .gh .gi .gl .gm .gn .gp .gq .gr .gs .gt .gu .gw .gy H .hk .hm .hn .hr .ht .hu I .id .ie .il .im .in .io .iq .ir .is .it J .je .jm .jo .jp K .ke .kg .kh .ki .km .kn .kp .kr .kw .ky .kz L .la .lb .lc .li .lk .lr .ls .lt .lu .lv .ly M .ma .mc .md .me .mg .mh .mk .ml .mm .mn .mo .mp .mq .mr .ms .mt .mu .mv .mw .mx .my .mz N .na .nc .ne .nf .ng .ni .nl .no .np .nr .nu .nz O .om P .pa .pe .pf .pg .ph .pk .pl .pm .pn .pr .ps .pt .pw .py Q .qa R .re .ro .rs .ru .rw S .sa .sb .sc .sd .se .sg .sh .si .sk .sl .sm .sn .so .sr .ss .st .su .sv .sx .sy .sz T .tc .td .tf .tg .th .tj .tk .tl .tm .tn .to .tr .tt .tv .tw .tz U .ua .ug .us .uy .uz V .va .vc .ve .vg .vi .vn .vu W .wf .ws Y .ye .yt Z .za .zm .zw | .bw#6: A .ac .ad .ae .af .ag .ai .al .am .ao .aq .ar .as .at .au .aw .ax .az B .ba .bb .bd .be .bf .bg .bh .bi .bj .bm .bn .bo .br .bs .bt .by .bz C .ca .cc .cd .cf .cg .ch .ci .ck .cl .cm .cn .co .cr .cu .cv .cw .cx .cy .cz D .de .dj .dk .dm .do .dz E .ec .ee .eg .er .es .et .eu F .fi .fj .fk .fm .fo .fr G .ga .gd .ge .gf .gg .gh .gi .gl .gm .gn .gp .gq .gr .gs .gt .gu .gw .gy H .hk .hm .hn .hr .ht .hu I .id .ie .il .im .in .io .iq .ir .is .it J .je .jm .jo .jp K .ke .kg .kh .ki .km .kn .kp .kr .kw .ky .kz L .la .lb .lc .li .lk .lr .ls .lt .lu .lv .ly M .ma .mc .md .me .mg .mh .mk .ml .mm .mn .mo .mp .mq .mr .ms .mt .mu .mv .mw .mx .my .mz N .na .nc .ne .nf .ng .ni .nl .no .np .nr .nu .nz O .om P .pa .pe .pf .pg .ph .pk .pl .pm .pn .pr .ps .pt .pw .py Q .qa R .re .ro .rs .ru .rw S .sa .sb .sc .sd .se .sg .sh .si .sk .sl .sm .sn .so .sr .ss .st .su .sv .sx .sy .sz T .tc .td .tf .tg .th .tj .tk .tl .tm .tn .to .tr .tt .tv .tw .tz U .ua .ug .uk .us .uy .uz V .va .vc .ve .vg .vi .vn .vu W .wf .ws Y .ye .yt Z .za .zm .zw | .mx#6: A .ac .ad .ae .af .ag .ai .al .am .ao .aq .ar .as .at .au .aw .ax .az B .ba .bb .bd .be .bf .bg .bh .bi .bj .bm .bn .bo .br .bs .bt .bw .by .bz C .ca .cc .cd .cf .cg .ch .ci .ck .cl .cm .cn .co .cr .cu .cv .cw .cx .cy .cz D .de .dj .dk .dm .do .dz E .ec .ee .eg .er .es .et .eu F .fi .fj .fk .fm .fo .fr G .ga .gd .ge .gf .gg .gh .gi .gl .gm .gn .gp .gq .gr .gs .gt .gu .gw .gy H .hk .hm .hn .hr .ht .hu I .id .ie .il .im .in .io .iq .ir .is .it J .je .jm .jo .jp K .ke .kg .kh .ki .km .kn .kp .kr .kw .ky .kz L .la .lb .lc .li .lk .lr .ls .lt .lu .lv .ly M .ma .mc .md .me .mg .mh .mk .ml .mm .mn .mo .mp .mq .mr .ms .mt .mu .mv .mw .my .mz N .na .nc .ne .nf .ng .ni .nl .no .np .nr .nu .nz O .om P .pa .pe .pf .pg .ph .pk .pl .pm .pn .pr .ps .pt .pw .py Q .qa R .re .ro .rs .ru .rw S .sa .sb .sc .sd .se .sg .sh .si .sk .sl .sm .sn .so .sr .ss .st .su .sv .sx .sy .sz T .tc .td .tf .tg .th .tj .tk .tl .tm .tn .to .tr .tt .tv .tw .tz U .ua .ug .uk .us .uy .uz V .va .vc .ve .vg .vi .vn .vu W .wf .ws Y .ye .yt Z .za .zm .zw | .sy#2: A .ac .ad .ae .af .ag .ai .al .am .ao .aq .ar .as .at .au .aw .ax .az B .ba .bb .bd .be .bf .bg .bh .bi .bj .bm .bn .bo .br .bs .bt .bw .by .bz C .ca .cc .cd .cf .cg .ch .ci .ck .cl .cm .cn .co .cr .cu .cv .cw .cx .cy .cz D .de .dj .dk .dm .do .dz E .ec .ee .eg .er .es .et .eu F .fi .fj .fk .fm .fo .fr G .ga .gd .ge .gf .gg .gh .gi .gl .gm .gn .gp .gq .gr .gs .gt .gu .gw .gy H .hk .hm .hn .hr .ht .hu I .id .ie .il .im .in .io .iq .ir .is .it J .je .jm .jo .jp K .ke .kg .kh .ki .km .kn .kp .kr .kw .ky .kz L .la .lb .lc .li .lk .lr .ls .lt .lu .lv .ly M .ma .mc .md .me .mg .mh .mk .ml .mm .mn .mo .mp .mq .mr .ms .mt .mu .mv .mw .mx .my .mz N .na .nc .ne .nf .ng .ni .nl .no .np .nr .nu .nz O .om P .pa .pe .pf .pg .ph .pk .pl .pm .pn .pr .ps .pt .pw .py Q .qa R .re .ro .rs .ru .rw S .sa .sb .sc .sd .se .sg .sh .si .sk .sl .sm .sn .so .sr .ss .st .su .sv .sx .sz T .tc .td .tf .tg .th .tj .tk .tl .tm .tn .to .tr .tt .tv .tw .tz U .ua .ug .uk .us .uy .uz V .va .vc .ve .vg .vi .vn .vu W .wf .ws Y .ye .yt Z .za .zm .zw | .cx#8: A .ac .ad .ae .af .ag .ai .al .am .ao .aq .ar .as .at .au .aw .ax .az B .ba .bb .bd .be .bf .bg .bh .bi .bj .bm .bn .bo .br .bs .bt .bw .by .bz C .ca .cc .cd .cf .cg .ch .ci .ck .cl .cm .cn .co .cr .cu .cv .cw .cy .cz D .de .dj .dk .dm .do .dz E .ec .ee .eg .er .es .et .eu F .fi .fj .fk .fm .fo .fr G .ga .gd .ge .gf .gg .gh .gi .gl .gm .gn .gp .gq .gr .gs .gt .gu .gw .gy H .hk .hm .hn .hr .ht .hu I .id .ie .il .im .in .io .iq .ir .is .it J .je .jm .jo .jp K .ke .kg .kh .ki .km .kn .kp .kr .kw .ky .kz L .la .lb .lc .li .lk .lr .ls .lt .lu .lv .ly M .ma .mc .md .me .mg .mh .mk .ml .mm .mn .mo .mp .mq .mr .ms .mt .mu .mv .mw .mx .my .mz N .na .nc .ne .nf .ng .ni .nl .no .np .nr .nu .nz O .om P .pa .pe .pf .pg .ph .pk .pl .pm .pn .pr .ps .pt .pw .py Q .qa R .re .ro .rs .ru .rw S .sa .sb .sc .sd .se .sg .sh .si .sk .sl .sm .sn .so .sr .ss .st .su .sv .sx .sy .sz T .tc .td .tf .tg .th .tj .tk .tl .tm .tn .to .tr .tt .tv .tw .tz U .ua .ug .uk .us .uy .uz V .va .vc .ve .vg .vi .vn .vu W .wf .ws Y .ye .yt Z .za .zm .zw | .jo#6: A .ac .ad .ae .af .ag .ai .al .am .ao .aq .ar .as .at .au .aw .ax .az B .ba .bb .bd .be .bf .bg .bh .bi .bj .bm .bn .bo .br .bs .bt .bw .by .bz C .ca .cc .cd .cf .cg .ch .ci .ck .cl .cm .cn .co .cr .cu .cv .cw .cx .cy .cz D .de .dj .dk .dm .do .dz E .ec .ee .eg .er .es .et .eu F .fi .fj .fk .fm .fo .fr G .ga .gd .ge .gf .gg .gh .gi .gl .gm .gn .gp .gq .gr .gs .gt .gu .gw .gy H .hk .hm .hn .hr .ht .hu I .id .ie .il .im .in .io .iq .ir .is .it J .je .jm .jp K .ke .kg .kh .ki .km .kn .kp .kr .kw .ky .kz L .la .lb .lc .li .lk .lr .ls .lt .lu .lv .ly M .ma .mc .md .me .mg .mh .mk .ml .mm .mn .mo .mp .mq .mr .ms .mt .mu .mv .mw .mx .my .mz N .na .nc .ne .nf .ng .ni .nl .no .np .nr .nu .nz O .om P .pa .pe .pf .pg .ph .pk .pl .pm .pn .pr .ps .pt .pw .py Q .qa R .re .ro .rs .ru .rw S .sa .sb .sc .sd .se .sg .sh .si .sk .sl .sm .sn .so .sr .ss .st .su .sv .sx .sy .sz T .tc .td .tf .tg .th .tj .tk .tl .tm .tn .to .tr .tt .tv .tw .tz U .ua .ug .uk .us .uy .uz V .va .vc .ve .vg .vi .vn .vu W .wf .ws Y .ye .yt Z .za .zm .zw | .tz#4: A .ac .ad .ae .af .ag .ai .al .am .ao .aq .ar .as .at .au .aw .ax .az B .ba .bb .bd .be .bf .bg .bh .bi .bj .bm .bn .bo .br .bs .bt .bw .by .bz C .ca .cc .cd .cf .cg .ch .ci .ck .cl .cm .cn .co .cr .cu .cv .cw .cx .cy .cz D .de .dj .dk .dm .do .dz E .ec .ee .eg .er .es .et .eu F .fi .fj .fk .fm .fo .fr G .ga .gd .ge .gf .gg .gh .gi .gl .gm .gn .gp .gq .gr .gs .gt .gu .gw .gy H .hk .hm .hn .hr .ht .hu I .id .ie .il .im .in .io .iq .ir .is .it J .je .jm .jo .jp K .ke .kg .kh .ki .km .kn .kp .kr .kw .ky .kz L .la .lb .lc .li .lk .lr .ls .lt .lu .lv .ly M .ma .mc .md .me .mg .mh .mk .ml .mm .mn .mo .mp .mq .mr .ms .mt .mu .mv .mw .mx .my .mz N .na .nc .ne .nf .ng .ni .nl .no .np .nr .nu .nz O .om P .pa .pe .pf .pg .ph .pk .pl .pm .pn .pr .ps .pt .pw .py Q .qa R .re .ro .rs .ru .rw S .sa .sb .sc .sd .se .sg .sh .si .sk .sl .sm .sn .so .sr .ss .st .su .sv .sx .sy .sz T .tc .td .tf .tg .th .tj .tk .tl .tm .tn .to .tr .tt .tv .tw U .ua .ug .uk .us .uy .uz V .va .vc .ve .vg .vi .vn .vu W .wf .ws Y .ye .yt Z .za .zm .zw | .ly#2: A .ac .ad .ae .af .ag .ai .al .am .ao .aq .ar .as .at .au .aw .ax .az B .ba .bb .bd .be .bf .bg .bh .bi .bj .bm .bn .bo .br .bs .bt .bw .by .bz C .ca .cc .cd .cf .cg .ch .ci .ck .cl .cm .cn .co .cr .cu .cv .cw .cx .cy .cz D .de .dj .dk .dm .do .dz E .ec .ee .eg .er .es .et .eu F .fi .fj .fk .fm .fo .fr G .ga .gd .ge .gf .gg .gh .gi .gl .gm .gn .gp .gq .gr .gs .gt .gu .gw .gy H .hk .hm .hn .hr .ht .hu I .id .ie .il .im .in .io .iq .ir .is .it J .je .jm .jo .jp K .ke .kg .kh .ki .km .kn .kp .kr .kw .ky .kz L .la .lb .lc .li .lk .lr .ls .lt .lu .lv M .ma .mc .md .me .mg .mh .mk .ml .mm .mn .mo .mp .mq .mr .ms .mt .mu .mv .mw .mx .my .mz N .na .nc .ne .nf .ng .ni .nl .no .np .nr .nu .nz O .om P .pa .pe .pf .pg .ph .pk .pl .pm .pn .pr .ps .pt .pw .py Q .qa R .re .ro .rs .ru .rw S .sa .sb .sc .sd .se .sg .sh .si .sk .sl .sm .sn .so .sr .ss .st .su .sv .sx .sy .sz T .tc .td .tf .tg .th .tj .tk .tl .tm .tn .to .tr .tt .tv .tw .tz U .ua .ug .uk .us .uy .uz V .va .vc .ve .vg .vi .vn .vu W .wf .ws Y .ye .yt Z .za .zm .zw | .ie#19: A .ac .ad .ae .af .ag .ai .al .am .ao .aq .ar .as .at .au .aw .ax .az B .ba .bb .bd .be .bf .bg .bh .bi .bj .bm .bn .bo .br .bs .bt .bw .by .bz C .ca .cc .cd .cf .cg .ch .ci .ck .cl .cm .cn .co .cr .cu .cv .cw .cx .cy .cz D .de .dj .dk .dm .do .dz E .ec .ee .eg .er .es .et .eu F .fi .fj .fk .fm .fo .fr G .ga .gd .ge .gf .gg .gh .gi .gl .gm .gn .gp .gq .gr .gs .gt .gu .gw .gy H .hk .hm .hn .hr .ht .hu I .id .il .im .in .io .iq .ir .is .it J .je .jm .jo .jp K .ke .kg .kh .ki .km .kn .kp .kr .kw .ky .kz L .la .lb .lc .li .lk .lr .ls .lt .lu .lv .ly M .ma .mc .md .me .mg .mh .mk .ml .mm .mn .mo .mp .mq .mr .ms .mt .mu .mv .mw .mx .my .mz N .na .nc .ne .nf .ng .ni .nl .no .np .nr .nu .nz O .om P .pa .pe .pf .pg .ph .pk .pl .pm .pn .pr .ps .pt .pw .py Q .qa R .re .ro .rs .ru .rw S .sa .sb .sc .sd .se .sg .sh .si .sk .sl .sm .sn .so .sr .ss .st .su .sv .sx .sy .sz T .tc .td .tf .tg .th .tj .tk .tl .tm .tn .to .tr .tt .tv .tw .tz U .ua .ug .uk .us .uy .uz V .va .vc .ve .vg .vi .vn .vu W .wf .ws Y .ye .yt Z .za .zm .zw | .zr#3: A .ac .ad .ae .af .ag .ai .al .am .ao .aq .ar .as .at .au .aw .ax .az B .ba .bb .bd .be .bf .bg .bh .bi .bj .bm .bn .bo .br .bs .bt .bw .by .bz C .ca .cc .cd .cf .cg .ch .ci .ck .cl .cm .cn .co .cr .cu .cv .cw .cx .cy .cz D .de .dj .dk .dm .do .dz E .ec .ee .eg .er .es .et .eu F .fi .fj .fk .fm .fo .fr G .ga .gd .ge .gf .gg .gh .gi .gl .gm .gn .gp .gq .gr .gs .gt .gu .gw .gy H .hk .hm .hn .hr .ht .hu I .id .ie .il .im .in .io .iq .ir .is .it J .je .jm .jo .jp K .ke .kg .kh .ki .km .kn .kp .kr .kw .ky .kz L .la .lb .lc .li .lk .lr .ls .lt .lu .lv .ly M .ma .mc .md .me .mg .mh .mk .ml .mm .mn .mo .mp .mq .mr .ms .mt .mu .mv .mw .mx .my .mz N .na .nc .ne .nf .ng .ni .nl .no .np .nr .nu .nz O .om P .pa .pe .pf .pg .ph .pk .pl .pm .pn .pr .ps .pt .pw .py Q .qa R .re .ro .rs .ru .rw S .sa .sb .sc .sd .se .sg .sh .si .sk .sl .sm .sn .so .sr .ss .st .su .sv .sx .sy .sz T .tc .td .tf .tg .th .tj .tk .tl .tm .tn .to .tr .tt .tv .tw .tz U .ua .ug .uk .us .uy .uz V .va .vc .ve .vg .vi .vn .vu W .wf .ws Y .ye .yt Z .za .zm .zw | .ma#2: A .ac .ad .ae .af .ag .ai .al .am .ao .aq .ar .as .at .au .aw .ax .az B .ba .bb .bd .be .bf .bg .bh .bi .bj .bm .bn .bo .br .bs .bt .bw .by .bz C .ca .cc .cd .cf .cg .ch .ci .ck .cl .cm .cn .co .cr .cu .cv .cw .cx .cy .cz D .de .dj .dk .dm .do .dz E .ec .ee .eg .er .es .et .eu F .fi .fj .fk .fm .fo .fr G .ga .gd .ge .gf .gg .gh .gi .gl .gm .gn .gp .gq .gr .gs .gt .gu .gw .gy H .hk .hm .hn .hr .ht .hu I .id .ie .il .im .in .io .iq .ir .is .it J .je .jm .jo .jp K .ke .kg .kh .ki .km .kn .kp .kr .kw .ky .kz L .la .lb .lc .li .lk .lr .ls .lt .lu .lv .ly M .mc .md .me .mg .mh .mk .ml .mm .mn .mo .mp .mq .mr .ms .mt .mu .mv .mw .mx .my .mz N .na .nc .ne .nf .ng .ni .nl .no .np .nr .nu .nz O .om P .pa .pe .pf .pg .ph .pk .pl .pm .pn .pr .ps .pt .pw .py Q .qa R .re .ro .rs .ru .rw S .sa .sb .sc .sd .se .sg .sh .si .sk .sl .sm .sn .so .sr .ss .st .su .sv .sx .sy .sz T .tc .td .tf .tg .th .tj .tk .tl .tm .tn .to .tr .tt .tv .tw .tz U .ua .ug .uk .us .uy .uz V .va .vc .ve .vg .vi .vn .vu W .wf .ws Y .ye .yt Z .za .zm .zw | .pw#2: A .ac .ad .ae .af .ag .ai .al .am .ao .aq .ar .as .at .au .aw .ax .az B .ba .bb .bd .be .bf .bg .bh .bi .bj .bm .bn .bo .br .bs .bt .bw .by .bz C .ca .cc .cd .cf .cg .ch .ci .ck .cl .cm .cn .co .cr .cu .cv .cw .cx .cy .cz D .de .dj .dk .dm .do .dz E .ec .ee .eg .er .es .et .eu F .fi .fj .fk .fm .fo .fr G .ga .gd .ge .gf .gg .gh .gi .gl .gm .gn .gp .gq .gr .gs .gt .gu .gw .gy H .hk .hm .hn .hr .ht .hu I .id .ie .il .im .in .io .iq .ir .is .it J .je .jm .jo .jp K .ke .kg .kh .ki .km .kn .kp .kr .kw .ky .kz L .la .lb .lc .li .lk .lr .ls .lt .lu .lv .ly M .ma .mc .md .me .mg .mh .mk .ml .mm .mn .mo .mp .mq .mr .ms .mt .mu .mv .mw .mx .my .mz N .na .nc .ne .nf .ng .ni .nl .no .np .nr .nu .nz O .om P .pa .pe .pf .pg .ph .pk .pl .pm .pn .pr .ps .pt .py Q .qa R .re .ro .rs .ru .rw S .sa .sb .sc .sd .se .sg .sh .si .sk .sl .sm .sn .so .sr .ss .st .su .sv .sx .sy .sz T .tc .td .tf .tg .th .tj .tk .tl .tm .tn .to .tr .tt .tv .tw .tz U .ua .ug .uk .us .uy .uz V .va .vc .ve .vg .vi .vn .vu W .wf .ws Y .ye .yt Z .za .zm .zw | .mf#3: A .ac .ad .ae .af .ag .ai .al .am .ao .aq .ar .as .at .au .aw .ax .az B .ba .bb .bd .be .bf .bg .bh .bi .bj .bm .bn .bo .br .bs .bt .bw .by .bz C .ca .cc .cd .cf .cg .ch .ci .ck .cl .cm .cn .co .cr .cu .cv .cw .cx .cy .cz D .de .dj .dk .dm .do .dz E .ec .ee .eg .er .es .et .eu F .fi .fj .fk .fm .fo .fr G .ga .gd .ge .gf .gg .gh .gi .gl .gm .gn .gp .gq .gr .gs .gt .gu .gw .gy H .hk .hm .hn .hr .ht .hu I .id .ie .il .im .in .io .iq .ir .is .it J .je .jm .jo .jp K .ke .kg .kh .ki .km .kn .kp .kr .kw .ky .kz L .la .lb .lc .li .lk .lr .ls .lt .lu .lv .ly M .ma .mc .md .me .mg .mh .mk .ml .mm .mn .mo .mp .mq .mr .ms .mt .mu .mv .mw .mx .my .mz N .na .nc .ne .nf .ng .ni .nl .no .np .nr .nu .nz O .om P .pa .pe .pf .pg .ph .pk .pl .pm .pn .pr .ps .pt .pw .py Q .qa R .re .ro .rs .ru .rw S .sa .sb .sc .sd .se .sg .sh .si .sk .sl .sm .sn .so .sr .ss .st .su .sv .sx .sy .sz T .tc .td .tf .tg .th .tj .tk .tl .tm .tn .to .tr .tt .tv .tw .tz U .ua .ug .uk .us .uy .uz V .va .vc .ve .vg .vi .vn .vu W .wf .ws Y .ye .yt Z .za .zm .zw | .sg#8: A .ac .ad .ae .af .ag .ai .al .am .ao .aq .ar .as .at .au .aw .ax .az B .ba .bb .bd .be .bf .bg .bh .bi .bj .bm .bn .bo .br .bs .bt .bw .by .bz C .ca .cc .cd .cf .cg .ch .ci .ck .cl .cm .cn .co .cr .cu .cv .cw .cx .cy .cz D .de .dj .dk .dm .do .dz E .ec .ee .eg .er .es .et .eu F .fi .fj .fk .fm .fo .fr G .ga .gd .ge .gf .gg .gh .gi .gl .gm .gn .gp .gq .gr .gs .gt .gu .gw .gy H .hk .hm .hn .hr .ht .hu I .id .ie .il .im .in .io .iq .ir .is .it J .je .jm .jo .jp K .ke .kg .kh .ki .km .kn .kp .kr .kw .ky .kz L .la .lb .lc .li .lk .lr .ls .lt .lu .lv .ly M .ma .mc .md .me .mg .mh .mk .ml .mm .mn .mo .mp .mq .mr .ms .mt .mu .mv .mw .mx .my .mz N .na .nc .ne .nf .ng .ni .nl .no .np .nr .nu .nz O .om P .pa .pe .pf .pg .ph .pk .pl .pm .pn .pr .ps .pt .pw .py Q .qa R .re .ro .rs .ru .rw S .sa .sb .sc .sd .se .sh .si .sk .sl .sm .sn .so .sr .ss .st .su .sv .sx .sy .sz T .tc .td .tf .tg .th .tj .tk .tl .tm .tn .to .tr .tt .tv .tw .tz U .ua .ug .uk .us .uy .uz V .va .vc .ve .vg .vi .vn .vu W .wf .ws Y .ye .yt Z .za .zm .zw | .gd#2: A .ac .ad .ae .af .ag .ai .al .am .ao .aq .ar .as .at .au .aw .ax .az B .ba .bb .bd .be .bf .bg .bh .bi .bj .bm .bn .bo .br .bs .bt .bw .by .bz C .ca .cc .cd .cf .cg .ch .ci .ck .cl .cm .cn .co .cr .cu .cv .cw .cx .cy .cz D .de .dj .dk .dm .do .dz E .ec .ee .eg .er .es .et .eu F .fi .fj .fk .fm .fo .fr G .ga .ge .gf .gg .gh .gi .gl .gm .gn .gp .gq .gr .gs .gt .gu .gw .gy H .hk .hm .hn .hr .ht .hu I .id .ie .il .im .in .io .iq .ir .is .it J .je .jm .jo .jp K .ke .kg .kh .ki .km .kn .kp .kr .kw .ky .kz L .la .lb .lc .li .lk .lr .ls .lt .lu .lv .ly M .ma .mc .md .me .mg .mh .mk .ml .mm .mn .mo .mp .mq .mr .ms .mt .mu .mv .mw .mx .my .mz N .na .nc .ne .nf .ng .ni .nl .no .np .nr .nu .nz O .om P .pa .pe .pf .pg .ph .pk .pl .pm .pn .pr .ps .pt .pw .py Q .qa R .re .ro .rs .ru .rw S .sa .sb .sc .sd .se .sg .sh .si .sk .sl .sm .sn .so .sr .ss .st .su .sv .sx .sy .sz T .tc .td .tf .tg .th .tj .tk .tl .tm .tn .to .tr .tt .tv .tw .tz U .ua .ug .uk .us .uy .uz V .va .vc .ve .vg .vi .vn .vu W .wf .ws Y .ye .yt Z .za .zm .zw | .tt#7: A .ac .ad .ae .af .ag .ai .al .am .ao .aq .ar .as .at .au .aw .ax .az B .ba .bb .bd .be .bf .bg .bh .bi .bj .bm .bn .bo .br .bs .bt .bw .by .bz C .ca .cc .cd .cf .cg .ch .ci .ck .cl .cm .cn .co .cr .cu .cv .cw .cx .cy .cz D .de .dj .dk .dm .do .dz E .ec .ee .eg .er .es .et .eu F .fi .fj .fk .fm .fo .fr G .ga .gd .ge .gf .gg .gh .gi .gl .gm .gn .gp .gq .gr .gs .gt .gu .gw .gy H .hk .hm .hn .hr .ht .hu I .id .ie .il .im .in .io .iq .ir .is .it J .je .jm .jo .jp K .ke .kg .kh .ki .km .kn .kp .kr .kw .ky .kz L .la .lb .lc .li .lk .lr .ls .lt .lu .lv .ly M .ma .mc .md .me .mg .mh .mk .ml .mm .mn .mo .mp .mq .mr .ms .mt .mu .mv .mw .mx .my .mz N .na .nc .ne .nf .ng .ni .nl .no .np .nr .nu .nz O .om P .pa .pe .pf .pg .ph .pk .pl .pm .pn .pr .ps .pt .pw .py Q .qa R .re .ro .rs .ru .rw S .sa .sb .sc .sd .se .sg .sh .si .sk .sl .sm .sn .so .sr .ss .st .su .sv .sx .sy .sz T .tc .td .tf .tg .th .tj .tk .tl .tm .tn .to .tr .tv .tw .tz U .ua .ug .uk .us .uy .uz V .va .vc .ve .vg .vi .vn .vu W .wf .ws Y .ye .yt Z .za .zm .zw | .mg#2: A .ac .ad .ae .af .ag .ai .al .am .ao .aq .ar .as .at .au .aw .ax .az B .ba .bb .bd .be .bf .bg .bh .bi .bj .bm .bn .bo .br .bs .bt .bw .by .bz C .ca .cc .cd .cf .cg .ch .ci .ck .cl .cm .cn .co .cr .cu .cv .cw .cx .cy .cz D .de .dj .dk .dm .do .dz E .ec .ee .eg .er .es .et .eu F .fi .fj .fk .fm .fo .fr G .ga .gd .ge .gf .gg .gh .gi .gl .gm .gn .gp .gq .gr .gs .gt .gu .gw .gy H .hk .hm .hn .hr .ht .hu I .id .ie .il .im .in .io .iq .ir .is .it J .je .jm .jo .jp K .ke .kg .kh .ki .km .kn .kp .kr .kw .ky .kz L .la .lb .lc .li .lk .lr .ls .lt .lu .lv .ly M .ma .mc .md .me .mh .mk .ml .mm .mn .mo .mp .mq .mr .ms .mt .mu .mv .mw .mx .my .mz N .na .nc .ne .nf .ng .ni .nl .no .np .nr .nu .nz O .om P .pa .pe .pf .pg .ph .pk .pl .pm .pn .pr .ps .pt .pw .py Q .qa R .re .ro .rs .ru .rw S .sa .sb .sc .sd .se .sg .sh .si .sk .sl .sm .sn .so .sr .ss .st .su .sv .sx .sy .sz T .tc .td .tf .tg .th .tj .tk .tl .tm .tn .to .tr .tt .tv .tw .tz U .ua .ug .uk .us .uy .uz V .va .vc .ve .vg .vi .vn .vu W .wf .ws Y .ye .yt Z .za .zm .zw | .sm#2: A .ac .ad .ae .af .ag .ai .al .am .ao .aq .ar .as .at .au .aw .ax .az B .ba .bb .bd .be .bf .bg .bh .bi .bj .bm .bn .bo .br .bs .bt .bw .by .bz C .ca .cc .cd .cf .cg .ch .ci .ck .cl .cm .cn .co .cr .cu .cv .cw .cx .cy .cz D .de .dj .dk .dm .do .dz E .ec .ee .eg .er .es .et .eu F .fi .fj .fk .fm .fo .fr G .ga .gd .ge .gf .gg .gh .gi .gl .gm .gn .gp .gq .gr .gs .gt .gu .gw .gy H .hk .hm .hn .hr .ht .hu I .id .ie .il .im .in .io .iq .ir .is .it J .je .jm .jo .jp K .ke .kg .kh .ki .km .kn .kp .kr .kw .ky .kz L .la .lb .lc .li .lk .lr .ls .lt .lu .lv .ly M .ma .mc .md .me .mg .mh .mk .ml .mm .mn .mo .mp .mq .mr .ms .mt .mu .mv .mw .mx .my .mz N .na .nc .ne .nf .ng .ni .nl .no .np .nr .nu .nz O .om P .pa .pe .pf .pg .ph .pk .pl .pm .pn .pr .ps .pt .pw .py Q .qa R .re .ro .rs .ru .rw S .sa .sb .sc .sd .se .sg .sh .si .sk .sl .sn .so .sr .ss .st .su .sv .sx .sy .sz T .tc .td .tf .tg .th .tj .tk .tl .tm .tn .to .tr .tt .tv .tw .tz U .ua .ug .uk .us .uy .uz V .va .vc .ve .vg .vi .vn .vu W .wf .ws Y .ye .yt Z .za .zm .zw | .ve#2: A .ac .ad .ae .af .ag .ai .al .am .ao .aq .ar .as .at .au .aw .ax .az B .ba .bb .bd .be .bf .bg .bh .bi .bj .bm .bn .bo .br .bs .bt .bw .by .bz C .ca .cc .cd .cf .cg .ch .ci .ck .cl .cm .cn .co .cr .cu .cv .cw .cx .cy .cz D .de .dj .dk .dm .do .dz E .ec .ee .eg .er .es .et .eu F .fi .fj .fk .fm .fo .fr G .ga .gd .ge .gf .gg .gh .gi .gl .gm .gn .gp .gq .gr .gs .gt .gu .gw .gy H .hk .hm .hn .hr .ht .hu I .id .ie .il .im .in .io .iq .ir .is .it J .je .jm .jo .jp K .ke .kg .kh .ki .km .kn .kp .kr .kw .ky .kz L .la .lb .lc .li .lk .lr .ls .lt .lu .lv .ly M .ma .mc .md .me .mg .mh .mk .ml .mm .mn .mo .mp .mq .mr .ms .mt .mu .mv .mw .mx .my .mz N .na .nc .ne .nf .ng .ni .nl .no .np .nr .nu .nz O .om P .pa .pe .pf .pg .ph .pk .pl .pm .pn .pr .ps .pt .pw .py Q .qa R .re .ro .rs .ru .rw S .sa .sb .sc .sd .se .sg .sh .si .sk .sl .sm .sn .so .sr .ss .st .su .sv .sx .sy .sz T .tc .td .tf .tg .th .tj .tk .tl .tm .tn .to .tr .tt .tv .tw .tz U .ua .ug .uk .us .uy .uz V .va .vc .vg .vi .vn .vu W .wf .ws Y .ye .yt Z .za .zm .zw | .kz#5: A .ac .ad .ae .af .ag .ai .al .am .ao .aq .ar .as .at .au .aw .ax .az B .ba .bb .bd .be .bf .bg .bh .bi .bj .bm .bn .bo .br .bs .bt .bw .by .bz C .ca .cc .cd .cf .cg .ch .ci .ck .cl .cm .cn .co .cr .cu .cv .cw .cx .cy .cz D .de .dj .dk .dm .do .dz E .ec .ee .eg .er .es .et .eu F .fi .fj .fk .fm .fo .fr G .ga .gd .ge .gf .gg .gh .gi .gl .gm .gn .gp .gq .gr .gs .gt .gu .gw .gy H .hk .hm .hn .hr .ht .hu I .id .ie .il .im .in .io .iq .ir .is .it J .je .jm .jo .jp K .ke .kg .kh .ki .km .kn .kp .kr .kw .ky L .la .lb .lc .li .lk .lr .ls .lt .lu .lv .ly M .ma .mc .md .me .mg .mh .mk .ml .mm .mn .mo .mp .mq .mr .ms .mt .mu .mv .mw .mx .my .mz N .na .nc .ne .nf .ng .ni .nl .no .np .nr .nu .nz O .om P .pa .pe .pf .pg .ph .pk .pl .pm .pn .pr .ps .pt .pw .py Q .qa R .re .ro .rs .ru .rw S .sa .sb .sc .sd .se .sg .sh .si .sk .sl .sm .sn .so .sr .ss .st .su .sv .sx .sy .sz T .tc .td .tf .tg .th .tj .tk .tl .tm .tn .to .tr .tt .tv .tw .tz U .ua .ug .uk .us .uy .uz V .va .vc .ve .vg .vi .vn .vu W .wf .ws Y .ye .yt Z .za .zm .zw | .pa#2: A .ac .ad .ae .af .ag .ai .al .am .ao .aq .ar .as .at .au .aw .ax .az B .ba .bb .bd .be .bf .bg .bh .bi .bj .bm .bn .bo .br .bs .bt .bw .by .bz C .ca .cc .cd .cf .cg .ch .ci .ck .cl .cm .cn .co .cr .cu .cv .cw .cx .cy .cz D .de .dj .dk .dm .do .dz E .ec .ee .eg .er .es .et .eu F .fi .fj .fk .fm .fo .fr G .ga .gd .ge .gf .gg .gh .gi .gl .gm .gn .gp .gq .gr .gs .gt .gu .gw .gy H .hk .hm .hn .hr .ht .hu I .id .ie .il .im .in .io .iq .ir .is .it J .je .jm .jo .jp K .ke .kg .kh .ki .km .kn .kp .kr .kw .ky .kz L .la .lb .lc .li .lk .lr .ls .lt .lu .lv .ly M .ma .mc .md .me .mg .mh .mk .ml .mm .mn .mo .mp .mq .mr .ms .mt .mu .mv .mw .mx .my .mz N .na .nc .ne .nf .ng .ni .nl .no .np .nr .nu .nz O .om P .pe .pf .pg .ph .pk .pl .pm .pn .pr .ps .pt .pw .py Q .qa R .re .ro .rs .ru .rw S .sa .sb .sc .sd .se .sg .sh .si .sk .sl .sm .sn .so .sr .ss .st .su .sv .sx .sy .sz T .tc .td .tf .tg .th .tj .tk .tl .tm .tn .to .tr .tt .tv .tw .tz U .ua .ug .uk .us .uy .uz V .va .vc .ve .vg .vi .vn .vu W .wf .ws Y .ye .yt Z .za .zm .zw | .am#10: A .ac .ad .ae .af .ag .ai .al .ao .aq .ar .as .at .au .aw .ax .az B .ba .bb .bd .be .bf .bg .bh .bi .bj .bm .bn .bo .br .bs .bt .bw .by .bz C .ca .cc .cd .cf .cg .ch .ci .ck .cl .cm .cn .co .cr .cu .cv .cw .cx .cy .cz D .de .dj .dk .dm .do .dz E .ec .ee .eg .er .es .et .eu F .fi .fj .fk .fm .fo .fr G .ga .gd .ge .gf .gg .gh .gi .gl .gm .gn .gp .gq .gr .gs .gt .gu .gw .gy H .hk .hm .hn .hr .ht .hu I .id .ie .il .im .in .io .iq .ir .is .it J .je .jm .jo .jp K .ke .kg .kh .ki .km .kn .kp .kr .kw .ky .kz L .la .lb .lc .li .lk .lr .ls .lt .lu .lv .ly M .ma .mc .md .me .mg .mh .mk .ml .mm .mn .mo .mp .mq .mr .ms .mt .mu .mv .mw .mx .my .mz N .na .nc .ne .nf .ng .ni .nl .no .np .nr .nu .nz O .om P .pa .pe .pf .pg .ph .pk .pl .pm .pn .pr .ps .pt .pw .py Q .qa R .re .ro .rs .ru .rw S .sa .sb .sc .sd .se .sg .sh .si .sk .sl .sm .sn .so .sr .ss .st .su .sv .sx .sy .sz T .tc .td .tf .tg .th .tj .tk .tl .tm .tn .to .tr .tt .tv .tw .tz U .ua .ug .uk .us .uy .uz V .va .vc .ve .vg .vi .vn .vu W .wf .ws Y .ye .yt Z .za .zm .zw | .ph#2: A .ac .ad .ae .af .ag .ai .al .am .ao .aq .ar .as .at .au .aw .ax .az B .ba .bb .bd .be .bf .bg .bh .bi .bj .bm .bn .bo .br .bs .bt .bw .by .bz C .ca .cc .cd .cf .cg .ch .ci .ck .cl .cm .cn .co .cr .cu .cv .cw .cx .cy .cz D .de .dj .dk .dm .do .dz E .ec .ee .eg .er .es .et .eu F .fi .fj .fk .fm .fo .fr G .ga .gd .ge .gf .gg .gh .gi .gl .gm .gn .gp .gq .gr .gs .gt .gu .gw .gy H .hk .hm .hn .hr .ht .hu I .id .ie .il .im .in .io .iq .ir .is .it J .je .jm .jo .jp K .ke .kg .kh .ki .km .kn .kp .kr .kw .ky .kz L .la .lb .lc .li .lk .lr .ls .lt .lu .lv .ly M .ma .mc .md .me .mg .mh .mk .ml .mm .mn .mo .mp .mq .mr .ms .mt .mu .mv .mw .mx .my .mz N .na .nc .ne .nf .ng .ni .nl .no .np .nr .nu .nz O .om P .pa .pe .pf .pg .pk .pl .pm .pn .pr .ps .pt .pw .py Q .qa R .re .ro .rs .ru .rw S .sa .sb .sc .sd .se .sg .sh .si .sk .sl .sm .sn .so .sr .ss .st .su .sv .sx .sy .sz T .tc .td .tf .tg .th .tj .tk .tl .tm .tn .to .tr .tt .tv .tw .tz U .ua .ug .uk .us .uy .uz V .va .vc .ve .vg .vi .vn .vu W .wf .ws Y .ye .yt Z .za .zm .zw | .gu#2: A .ac .ad .ae .af .ag .ai .al .am .ao .aq .ar .as .at .au .aw .ax .az B .ba .bb .bd .be .bf .bg .bh .bi .bj .bm .bn .bo .br .bs .bt .bw .by .bz C .ca .cc .cd .cf .cg .ch .ci .ck .cl .cm .cn .co .cr .cu .cv .cw .cx .cy .cz D .de .dj .dk .dm .do .dz E .ec .ee .eg .er .es .et .eu F .fi .fj .fk .fm .fo .fr G .ga .gd .ge .gf .gg .gh .gi .gl .gm .gn .gp .gq .gr .gs .gt .gw .gy H .hk .hm .hn .hr .ht .hu I .id .ie .il .im .in .io .iq .ir .is .it J .je .jm .jo .jp K .ke .kg .kh .ki .km .kn .kp .kr .kw .ky .kz L .la .lb .lc .li .lk .lr .ls .lt .lu .lv .ly M .ma .mc .md .me .mg .mh .mk .ml .mm .mn .mo .mp .mq .mr .ms .mt .mu .mv .mw .mx .my .mz N .na .nc .ne .nf .ng .ni .nl .no .np .nr .nu .nz O .om P .pa .pe .pf .pg .ph .pk .pl .pm .pn .pr .ps .pt .pw .py Q .qa R .re .ro .rs .ru .rw S .sa .sb .sc .sd .se .sg .sh .si .sk .sl .sm .sn .so .sr .ss .st .su .sv .sx .sy .sz T .tc .td .tf .tg .th .tj .tk .tl .tm .tn .to .tr .tt .tv .tw .tz U .ua .ug .uk .us .uy .uz V .va .vc .ve .vg .vi .vn .vu W .wf .ws Y .ye .yt Z .za .zm .zw | .is#10: A .ac .ad .ae .af .ag .ai .al .am .ao .aq .ar .as .at .au .aw .ax .az B .ba .bb .bd .be .bf .bg .bh .bi .bj .bm .bn .bo .br .bs .bt .bw .by .bz C .ca .cc .cd .cf .cg .ch .ci .ck .cl .cm .cn .co .cr .cu .cv .cw .cx .cy .cz D .de .dj .dk .dm .do .dz E .ec .ee .eg .er .es .et .eu F .fi .fj .fk .fm .fo .fr G .ga .gd .ge .gf .gg .gh .gi .gl .gm .gn .gp .gq .gr .gs .gt .gu .gw .gy H .hk .hm .hn .hr .ht .hu I .id .ie .il .im .in .io .iq .ir .it J .je .jm .jo .jp K .ke .kg .kh .ki .km .kn .kp .kr .kw .ky .kz L .la .lb .lc .li .lk .lr .ls .lt .lu .lv .ly M .ma .mc .md .me .mg .mh .mk .ml .mm .mn .mo .mp .mq .mr .ms .mt .mu .mv .mw .mx .my .mz N .na .nc .ne .nf .ng .ni .nl .no .np .nr .nu .nz O .om P .pa .pe .pf .pg .ph .pk .pl .pm .pn .pr .ps .pt .pw .py Q .qa R .re .ro .rs .ru .rw S .sa .sb .sc .sd .se .sg .sh .si .sk .sl .sm .sn .so .sr .ss .st .su .sv .sx .sy .sz T .tc .td .tf .tg .th .tj .tk .tl .tm .tn .to .tr .tt .tv .tw .tz U .ua .ug .uk .us .uy .uz V .va .vc .ve .vg .vi .vn .vu W .wf .ws Y .ye .yt Z .za .zm .zw | .sl#2: A .ac .ad .ae .af .ag .ai .al .am .ao .aq .ar .as .at .au .aw .ax .az B .ba .bb .bd .be .bf .bg .bh .bi .bj .bm .bn .bo .br .bs .bt .bw .by .bz C .ca .cc .cd .cf .cg .ch .ci .ck .cl .cm .cn .co .cr .cu .cv .cw .cx .cy .cz D .de .dj .dk .dm .do .dz E .ec .ee .eg .er .es .et .eu F .fi .fj .fk .fm .fo .fr G .ga .gd .ge .gf .gg .gh .gi .gl .gm .gn .gp .gq .gr .gs .gt .gu .gw .gy H .hk .hm .hn .hr .ht .hu I .id .ie .il .im .in .io .iq .ir .is .it J .je .jm .jo .jp K .ke .kg .kh .ki .km .kn .kp .kr .kw .ky .kz L .la .lb .lc .li .lk .lr .ls .lt .lu .lv .ly M .ma .mc .md .me .mg .mh .mk .ml .mm .mn .mo .mp .mq .mr .ms .mt .mu .mv .mw .mx .my .mz N .na .nc .ne .nf .ng .ni .nl .no .np .nr .nu .nz O .om P .pa .pe .pf .pg .ph .pk .pl .pm .pn .pr .ps .pt .pw .py Q .qa R .re .ro .rs .ru .rw S .sa .sb .sc .sd .se .sg .sh .si .sk .sm .sn .so .sr .ss .st .su .sv .sx .sy .sz T .tc .td .tf .tg .th .tj .tk .tl .tm .tn .to .tr .tt .tv .tw .tz U .ua .ug .uk .us .uy .uz V .va .vc .ve .vg .vi .vn .vu W .wf .ws Y .ye .yt Z .za .zm .zw | .lt#2: A .ac .ad .ae .af .ag .ai .al .am .ao .aq .ar .as .at .au .aw .ax .az B .ba .bb .bd .be .bf .bg .bh .bi .bj .bm .bn .bo .br .bs .bt .bw .by .bz C .ca .cc .cd .cf .cg .ch .ci .ck .cl .cm .cn .co .cr .cu .cv .cw .cx .cy .cz D .de .dj .dk .dm .do .dz E .ec .ee .eg .er .es .et .eu F .fi .fj .fk .fm .fo .fr G .ga .gd .ge .gf .gg .gh .gi .gl .gm .gn .gp .gq .gr .gs .gt .gu .gw .gy H .hk .hm .hn .hr .ht .hu I .id .ie .il .im .in .io .iq .ir .is .it J .je .jm .jo .jp K .ke .kg .kh .ki .km .kn .kp .kr .kw .ky .kz L .la .lb .lc .li .lk .lr .ls .lu .lv .ly M .ma .mc .md .me .mg .mh .mk .ml .mm .mn .mo .mp .mq .mr .ms .mt .mu .mv .mw .mx .my .mz N .na .nc .ne .nf .ng .ni .nl .no .np .nr .nu .nz O .om P .pa .pe .pf .pg .ph .pk .pl .pm .pn .pr .ps .pt .pw .py Q .qa R .re .ro .rs .ru .rw S .sa .sb .sc .sd .se .sg .sh .si .sk .sl .sm .sn .so .sr .ss .st .su .sv .sx .sy .sz T .tc .td .tf .tg .th .tj .tk .tl .tm .tn .to .tr .tt .tv .tw .tz U .ua .ug .uk .us .uy .uz V .va .vc .ve .vg .vi .vn .vu W .wf .ws Y .ye .yt Z .za .zm .zw | .kg#2: A .ac .ad .ae .af .ag .ai .al .am .ao .aq .ar .as .at .au .aw .ax .az B .ba .bb .bd .be .bf .bg .bh .bi .bj .bm .bn .bo .br .bs .bt .bw .by .bz C .ca .cc .cd .cf .cg .ch .ci .ck .cl .cm .cn .co .cr .cu .cv .cw .cx .cy .cz D .de .dj .dk .dm .do .dz E .ec .ee .eg .er .es .et .eu F .fi .fj .fk .fm .fo .fr G .ga .gd .ge .gf .gg .gh .gi .gl .gm .gn .gp .gq .gr .gs .gt .gu .gw .gy H .hk .hm .hn .hr .ht .hu I .id .ie .il .im .in .io .iq .ir .is .it J .je .jm .jo .jp K .ke .kh .ki .km .kn .kp .kr .kw .ky .kz L .la .lb .lc .li .lk .lr .ls .lt .lu .lv .ly M .ma .mc .md .me .mg .mh .mk .ml .mm .mn .mo .mp .mq .mr .ms .mt .mu .mv .mw .mx .my .mz N .na .nc .ne .nf .ng .ni .nl .no .np .nr .nu .nz O .om P .pa .pe .pf .pg .ph .pk .pl .pm .pn .pr .ps .pt .pw .py Q .qa R .re .ro .rs .ru .rw S .sa .sb .sc .sd .se .sg .sh .si .sk .sl .sm .sn .so .sr .ss .st .su .sv .sx .sy .sz T .tc .td .tf .tg .th .tj .tk .tl .tm .tn .to .tr .tt .tv .tw .tz U .ua .ug .uk .us .uy .uz V .va .vc .ve .vg .vi .vn .vu W .wf .ws Y .ye .yt Z .za .zm .zw | .mp#2: A .ac .ad .ae .af .ag .ai .al .am .ao .aq .ar .as .at .au .aw .ax .az B .ba .bb .bd .be .bf .bg .bh .bi .bj .bm .bn .bo .br .bs .bt .bw .by .bz C .ca .cc .cd .cf .cg .ch .ci .ck .cl .cm .cn .co .cr .cu .cv .cw .cx .cy .cz D .de .dj .dk .dm .do .dz E .ec .ee .eg .er .es .et .eu F .fi .fj .fk .fm .fo .fr G .ga .gd .ge .gf .gg .gh .gi .gl .gm .gn .gp .gq .gr .gs .gt .gu .gw .gy H .hk .hm .hn .hr .ht .hu I .id .ie .il .im .in .io .iq .ir .is .it J .je .jm .jo .jp K .ke .kg .kh .ki .km .kn .kp .kr .kw .ky .kz L .la .lb .lc .li .lk .lr .ls .lt .lu .lv .ly M .ma .mc .md .me .mg .mh .mk .ml .mm .mn .mo .mq .mr .ms .mt .mu .mv .mw .mx .my .mz N .na .nc .ne .nf .ng .ni .nl .no .np .nr .nu .nz O .om P .pa .pe .pf .pg .ph .pk .pl .pm .pn .pr .ps .pt .pw .py Q .qa R .re .ro .rs .ru .rw S .sa .sb .sc .sd .se .sg .sh .si .sk .sl .sm .sn .so .sr .ss .st .su .sv .sx .sy .sz T .tc .td .tf .tg .th .tj .tk .tl .tm .tn .to .tr .tt .tv .tw .tz U .ua .ug .uk .us .uy .uz V .va .vc .ve .vg .vi .vn .vu W .wf .ws Y .ye .yt Z .za .zm .zw | .nc#2: A .ac .ad .ae .af .ag .ai .al .am .ao .aq .ar .as .at .au .aw .ax .az B .ba .bb .bd .be .bf .bg .bh .bi .bj .bm .bn .bo .br .bs .bt .bw .by .bz C .ca .cc .cd .cf .cg .ch .ci .ck .cl .cm .cn .co .cr .cu .cv .cw .cx .cy .cz D .de .dj .dk .dm .do .dz E .ec .ee .eg .er .es .et .eu F .fi .fj .fk .fm .fo .fr G .ga .gd .ge .gf .gg .gh .gi .gl .gm .gn .gp .gq .gr .gs .gt .gu .gw .gy H .hk .hm .hn .hr .ht .hu I .id .ie .il .im .in .io .iq .ir .is .it J .je .jm .jo .jp K .ke .kg .kh .ki .km .kn .kp .kr .kw .ky .kz L .la .lb .lc .li .lk .lr .ls .lt .lu .lv .ly M .ma .mc .md .me .mg .mh .mk .ml .mm .mn .mo .mp .mq .mr .ms .mt .mu .mv .mw .mx .my .mz N .na .ne .nf .ng .ni .nl .no .np .nr .nu .nz O .om P .pa .pe .pf .pg .ph .pk .pl .pm .pn .pr .ps .pt .pw .py Q .qa R .re .ro .rs .ru .rw S .sa .sb .sc .sd .se .sg .sh .si .sk .sl .sm .sn .so .sr .ss .st .su .sv .sx .sy .sz T .tc .td .tf .tg .th .tj .tk .tl .tm .tn .to .tr .tt .tv .tw .tz U .ua .ug .uk .us .uy .uz V .va .vc .ve .vg .vi .vn .vu W .wf .ws Y .ye .yt Z .za .zm .zw | .bt#4: A .ac .ad .ae .af .ag .ai .al .am .ao .aq .ar .as .at .au .aw .ax .az B .ba .bb .bd .be .bf .bg .bh .bi .bj .bm .bn .bo .br .bs .bw .by .bz C .ca .cc .cd .cf .cg .ch .ci .ck .cl .cm .cn .co .cr .cu .cv .cw .cx .cy .cz D .de .dj .dk .dm .do .dz E .ec .ee .eg .er .es .et .eu F .fi .fj .fk .fm .fo .fr G .ga .gd .ge .gf .gg .gh .gi .gl .gm .gn .gp .gq .gr .gs .gt .gu .gw .gy H .hk .hm .hn .hr .ht .hu I .id .ie .il .im .in .io .iq .ir .is .it J .je .jm .jo .jp K .ke .kg .kh .ki .km .kn .kp .kr .kw .ky .kz L .la .lb .lc .li .lk .lr .ls .lt .lu .lv .ly M .ma .mc .md .me .mg .mh .mk .ml .mm .mn .mo .mp .mq .mr .ms .mt .mu .mv .mw .mx .my .mz N .na .nc .ne .nf .ng .ni .nl .no .np .nr .nu .nz O .om P .pa .pe .pf .pg .ph .pk .pl .pm .pn .pr .ps .pt .pw .py Q .qa R .re .ro .rs .ru .rw S .sa .sb .sc .sd .se .sg .sh .si .sk .sl .sm .sn .so .sr .ss .st .su .sv .sx .sy .sz T .tc .td .tf .tg .th .tj .tk .tl .tm .tn .to .tr .tt .tv .tw .tz U .ua .ug .uk .us .uy .uz V .va .vc .ve .vg .vi .vn .vu W .wf .ws Y .ye .yt Z .za .zm .zw | .asia#9: A .ac .ad .ae .af .ag .ai .al .am .ao .aq .ar .as .at .au .aw .ax .az B .ba .bb .bd .be .bf .bg .bh .bi .bj .bm .bn .bo .br .bs .bt .bw .by .bz C .ca .cc .cd .cf .cg .ch .ci .ck .cl .cm .cn .co .cr .cu .cv .cw .cx .cy .cz D .de .dj .dk .dm .do .dz E .ec .ee .eg .er .es .et .eu F .fi .fj .fk .fm .fo .fr G .ga .gd .ge .gf .gg .gh .gi .gl .gm .gn .gp .gq .gr .gs .gt .gu .gw .gy H .hk .hm .hn .hr .ht .hu I .id .ie .il .im .in .io .iq .ir .is .it J .je .jm .jo .jp K .ke .kg .kh .ki .km .kn .kp .kr .kw .ky .kz L .la .lb .lc .li .lk .lr .ls .lt .lu .lv .ly M .ma .mc .md .me .mg .mh .mk .ml .mm .mn .mo .mp .mq .mr .ms .mt .mu .mv .mw .mx .my .mz N .na .nc .ne .nf .ng .ni .nl .no .np .nr .nu .nz O .om P .pa .pe .pf .pg .ph .pk .pl .pm .pn .pr .ps .pt .pw .py Q .qa R .re .ro .rs .ru .rw S .sa .sb .sc .sd .se .sg .sh .si .sk .sl .sm .sn .so .sr .ss .st .su .sv .sx .sy .sz T .tc .td .tf .tg .th .tj .tk .tl .tm .tn .to .tr .tt .tv .tw .tz U .ua .ug .uk .us .uy .uz V .va .vc .ve .vg .vi .vn .vu W .wf .ws Y .ye .yt Z .za .zm .zw | .vn#2: A .ac .ad .ae .af .ag .ai .al .am .ao .aq .ar .as .at .au .aw .ax .az B .ba .bb .bd .be .bf .bg .bh .bi .bj .bm .bn .bo .br .bs .bt .bw .by .bz C .ca .cc .cd .cf .cg .ch .ci .ck .cl .cm .cn .co .cr .cu .cv .cw .cx .cy .cz D .de .dj .dk .dm .do .dz E .ec .ee .eg .er .es .et .eu F .fi .fj .fk .fm .fo .fr G .ga .gd .ge .gf .gg .gh .gi .gl .gm .gn .gp .gq .gr .gs .gt .gu .gw .gy H .hk .hm .hn .hr .ht .hu I .id .ie .il .im .in .io .iq .ir .is .it J .je .jm .jo .jp K .ke .kg .kh .ki .km .kn .kp .kr .kw .ky .kz L .la .lb .lc .li .lk .lr .ls .lt .lu .lv .ly M .ma .mc .md .me .mg .mh .mk .ml .mm .mn .mo .mp .mq .mr .ms .mt .mu .mv .mw .mx .my .mz N .na .nc .ne .nf .ng .ni .nl .no .np .nr .nu .nz O .om P .pa .pe .pf .pg .ph .pk .pl .pm .pn .pr .ps .pt .pw .py Q .qa R .re .ro .rs .ru .rw S .sa .sb .sc .sd .se .sg .sh .si .sk .sl .sm .sn .so .sr .ss .st .su .sv .sx .sy .sz T .tc .td .tf .tg .th .tj .tk .tl .tm .tn .to .tr .tt .tv .tw .tz U .ua .ug .uk .us .uy .uz V .va .vc .ve .vg .vi .vu W .wf .ws Y .ye .yt Z .za .zm .zw | .in#2: A .ac .ad .ae .af .ag .ai .al .am .ao .aq .ar .as .at .au .aw .ax .az B .ba .bb .bd .be .bf .bg .bh .bi .bj .bm .bn .bo .br .bs .bt .bw .by .bz C .ca .cc .cd .cf .cg .ch .ci .ck .cl .cm .cn .co .cr .cu .cv .cw .cx .cy .cz D .de .dj .dk .dm .do .dz E .ec .ee .eg .er .es .et .eu F .fi .fj .fk .fm .fo .fr G .ga .gd .ge .gf .gg .gh .gi .gl .gm .gn .gp .gq .gr .gs .gt .gu .gw .gy H .hk .hm .hn .hr .ht .hu I .id .ie .il .im .io .iq .ir .is .it J .je .jm .jo .jp K .ke .kg .kh .ki .km .kn .kp .kr .kw .ky .kz L .la .lb .lc .li .lk .lr .ls .lt .lu .lv .ly M .ma .mc .md .me .mg .mh .mk .ml .mm .mn .mo .mp .mq .mr .ms .mt .mu .mv .mw .mx .my .mz N .na .nc .ne .nf .ng .ni .nl .no .np .nr .nu .nz O .om P .pa .pe .pf .pg .ph .pk .pl .pm .pn .pr .ps .pt .pw .py Q .qa R .re .ro .rs .ru .rw S .sa .sb .sc .sd .se .sg .sh .si .sk .sl .sm .sn .so .sr .ss .st .su .sv .sx .sy .sz T .tc .td .tf .tg .th .tj .tk .tl .tm .tn .to .tr .tt .tv .tw .tz U .ua .ug .uk .us .uy .uz V .va .vc .ve .vg .vi .vn .vu W .wf .ws Y .ye .yt Z .za .zm .zw | .mt#2: A .ac .ad .ae .af .ag .ai .al .am .ao .aq .ar .as .at .au .aw .ax .az B .ba .bb .bd .be .bf .bg .bh .bi .bj .bm .bn .bo .br .bs .bt .bw .by .bz C .ca .cc .cd .cf .cg .ch .ci .ck .cl .cm .cn .co .cr .cu .cv .cw .cx .cy .cz D .de .dj .dk .dm .do .dz E .ec .ee .eg .er .es .et .eu F .fi .fj .fk .fm .fo .fr G .ga .gd .ge .gf .gg .gh .gi .gl .gm .gn .gp .gq .gr .gs .gt .gu .gw .gy H .hk .hm .hn .hr .ht .hu I .id .ie .il .im .in .io .iq .ir .is .it J .je .jm .jo .jp K .ke .kg .kh .ki .km .kn .kp .kr .kw .ky .kz L .la .lb .lc .li .lk .lr .ls .lt .lu .lv .ly M .ma .mc .md .me .mg .mh .mk .ml .mm .mn .mo .mp .mq .mr .ms .mu .mv .mw .mx .my .mz N .na .nc .ne .nf .ng .ni .nl .no .np .nr .nu .nz O .om P .pa .pe .pf .pg .ph .pk .pl .pm .pn .pr .ps .pt .pw .py Q .qa R .re .ro .rs .ru .rw S .sa .sb .sc .sd .se .sg .sh .si .sk .sl .sm .sn .so .sr .ss .st .su .sv .sx .sy .sz T .tc .td .tf .tg .th .tj .tk .tl .tm .tn .to .tr .tt .tv .tw .tz U .ua .ug .uk .us .uy .uz V .va .vc .ve .vg .vi .vn .vu W .wf .ws Y .ye .yt Z .za .zm .zw | .re#2: A .ac .ad .ae .af .ag .ai .al .am .ao .aq .ar .as .at .au .aw .ax .az B .ba .bb .bd .be .bf .bg .bh .bi .bj .bm .bn .bo .br .bs .bt .bw .by .bz C .ca .cc .cd .cf .cg .ch .ci .ck .cl .cm .cn .co .cr .cu .cv .cw .cx .cy .cz D .de .dj .dk .dm .do .dz E .ec .ee .eg .er .es .et .eu F .fi .fj .fk .fm .fo .fr G .ga .gd .ge .gf .gg .gh .gi .gl .gm .gn .gp .gq .gr .gs .gt .gu .gw .gy H .hk .hm .hn .hr .ht .hu I .id .ie .il .im .in .io .iq .ir .is .it J .je .jm .jo .jp K .ke .kg .kh .ki .km .kn .kp .kr .kw .ky .kz L .la .lb .lc .li .lk .lr .ls .lt .lu .lv .ly M .ma .mc .md .me .mg .mh .mk .ml .mm .mn .mo .mp .mq .mr .ms .mt .mu .mv .mw .mx .my .mz N .na .nc .ne .nf .ng .ni .nl .no .np .nr .nu .nz O .om P .pa .pe .pf .pg .ph .pk .pl .pm .pn .pr .ps .pt .pw .py Q .qa R .ro .rs .ru .rw S .sa .sb .sc .sd .se .sg .sh .si .sk .sl .sm .sn .so .sr .ss .st .su .sv .sx .sy .sz T .tc .td .tf .tg .th .tj .tk .tl .tm .tn .to .tr .tt .tv .tw .tz U .ua .ug .uk .us .uy .uz V .va .vc .ve .vg .vi .vn .vu W .wf .ws Y .ye .yt Z .za .zm .zw | .so#8: A .ac .ad .ae .af .ag .ai .al .am .ao .aq .ar .as .at .au .aw .ax .az B .ba .bb .bd .be .bf .bg .bh .bi .bj .bm .bn .bo .br .bs .bt .bw .by .bz C .ca .cc .cd .cf .cg .ch .ci .ck .cl .cm .cn .co .cr .cu .cv .cw .cx .cy .cz D .de .dj .dk .dm .do .dz E .ec .ee .eg .er .es .et .eu F .fi .fj .fk .fm .fo .fr G .ga .gd .ge .gf .gg .gh .gi .gl .gm .gn .gp .gq .gr .gs .gt .gu .gw .gy H .hk .hm .hn .hr .ht .hu I .id .ie .il .im .in .io .iq .ir .is .it J .je .jm .jo .jp K .ke .kg .kh .ki .km .kn .kp .kr .kw .ky .kz L .la .lb .lc .li .lk .lr .ls .lt .lu .lv .ly M .ma .mc .md .me .mg .mh .mk .ml .mm .mn .mo .mp .mq .mr .ms .mt .mu .mv .mw .mx .my .mz N .na .nc .ne .nf .ng .ni .nl .no .np .nr .nu .nz O .om P .pa .pe .pf .pg .ph .pk .pl .pm .pn .pr .ps .pt .pw .py Q .qa R .re .ro .rs .ru .rw S .sa .sb .sc .sd .se .sg .sh .si .sk .sl .sm .sn .sr .ss .st .su .sv .sx .sy .sz T .tc .td .tf .tg .th .tj .tk .tl .tm .tn .to .tr .tt .tv .tw .tz U .ua .ug .uk .us .uy .uz V .va .vc .ve .vg .vi .vn .vu W .wf .ws Y .ye .yt Z .za .zm .zw | .uy#6: A .ac .ad .ae .af .ag .ai .al .am .ao .aq .ar .as .at .au .aw .ax .az B .ba .bb .bd .be .bf .bg .bh .bi .bj .bm .bn .bo .br .bs .bt .bw .by .bz C .ca .cc .cd .cf .cg .ch .ci .ck .cl .cm .cn .co .cr .cu .cv .cw .cx .cy .cz D .de .dj .dk .dm .do .dz E .ec .ee .eg .er .es .et .eu F .fi .fj .fk .fm .fo .fr G .ga .gd .ge .gf .gg .gh .gi .gl .gm .gn .gp .gq .gr .gs .gt .gu .gw .gy H .hk .hm .hn .hr .ht .hu I .id .ie .il .im .in .io .iq .ir .is .it J .je .jm .jo .jp K .ke .kg .kh .ki .km .kn .kp .kr .kw .ky .kz L .la .lb .lc .li .lk .lr .ls .lt .lu .lv .ly M .ma .mc .md .me .mg .mh .mk .ml .mm .mn .mo .mp .mq .mr .ms .mt .mu .mv .mw .mx .my .mz N .na .nc .ne .nf .ng .ni .nl .no .np .nr .nu .nz O .om P .pa .pe .pf .pg .ph .pk .pl .pm .pn .pr .ps .pt .pw .py Q .qa R .re .ro .rs .ru .rw S .sa .sb .sc .sd .se .sg .sh .si .sk .sl .sm .sn .so .sr .ss .st .su .sv .sx .sy .sz T .tc .td .tf .tg .th .tj .tk .tl .tm .tn .to .tr .tt .tv .tw .tz U .ua .ug .uk .us .uz V .va .vc .ve .vg .vi .vn .vu W .wf .ws Y .ye .yt Z .za .zm .zw | .kp#20: A .ac .ad .ae .af .ag .ai .al .am .ao .aq .ar .as .at .au .aw .ax .az B .ba .bb .bd .be .bf .bg .bh .bi .bj .bm .bn .bo .br .bs .bt .bw .by .bz C .ca .cc .cd .cf .cg .ch .ci .ck .cl .cm .cn .co .cr .cu .cv .cw .cx .cy .cz D .de .dj .dk .dm .do .dz E .ec .ee .eg .er .es .et .eu F .fi .fj .fk .fm .fo .fr G .ga .gd .ge .gf .gg .gh .gi .gl .gm .gn .gp .gq .gr .gs .gt .gu .gw .gy H .hk .hm .hn .hr .ht .hu I .id .ie .il .im .in .io .iq .ir .is .it J .je .jm .jo .jp K .ke .kg .kh .ki .km .kn .kr .kw .ky .kz L .la .lb .lc .li .lk .lr .ls .lt .lu .lv .ly M .ma .mc .md .me .mg .mh .mk .ml .mm .mn .mo .mp .mq .mr .ms .mt .mu .mv .mw .mx .my .mz N .na .nc .ne .nf .ng .ni .nl .no .np .nr .nu .nz O .om P .pa .pe .pf .pg .ph .pk .pl .pm .pn .pr .ps .pt .pw .py Q .qa R .re .ro .rs .ru .rw S .sa .sb .sc .sd .se .sg .sh .si .sk .sl .sm .sn .so .sr .ss .st .su .sv .sx .sy .sz T .tc .td .tf .tg .th .tj .tk .tl .tm .tn .to .tr .tt .tv .tw .tz U .ua .ug .uk .us .uy .uz V .va .vc .ve .vg .vi .vn .vu W .wf .ws Y .ye .yt Z .za .zm .zw | .ms#2: A .ac .ad .ae .af .ag .ai .al .am .ao .aq .ar .as .at .au .aw .ax .az B .ba .bb .bd .be .bf .bg .bh .bi .bj .bm .bn .bo .br .bs .bt .bw .by .bz C .ca .cc .cd .cf .cg .ch .ci .ck .cl .cm .cn .co .cr .cu .cv .cw .cx .cy .cz D .de .dj .dk .dm .do .dz E .ec .ee .eg .er .es .et .eu F .fi .fj .fk .fm .fo .fr G .ga .gd .ge .gf .gg .gh .gi .gl .gm .gn .gp .gq .gr .gs .gt .gu .gw .gy H .hk .hm .hn .hr .ht .hu I .id .ie .il .im .in .io .iq .ir .is .it J .je .jm .jo .jp K .ke .kg .kh .ki .km .kn .kp .kr .kw .ky .kz L .la .lb .lc .li .lk .lr .ls .lt .lu .lv .ly M .ma .mc .md .me .mg .mh .mk .ml .mm .mn .mo .mp .mq .mr .mt .mu .mv .mw .mx .my .mz N .na .nc .ne .nf .ng .ni .nl .no .np .nr .nu .nz O .om P .pa .pe .pf .pg .ph .pk .pl .pm .pn .pr .ps .pt .pw .py Q .qa R .re .ro .rs .ru .rw S .sa .sb .sc .sd .se .sg .sh .si .sk .sl .sm .sn .so .sr .ss .st .su .sv .sx .sy .sz T .tc .td .tf .tg .th .tj .tk .tl .tm .tn .to .tr .tt .tv .tw .tz U .ua .ug .uk .us .uy .uz V .va .vc .ve .vg .vi .vn .vu W .wf .ws Y .ye .yt Z .za .zm .zw | .fi#13: A .ac .ad .ae .af .ag .ai .al .am .ao .aq .ar .as .at .au .aw .ax .az B .ba .bb .bd .be .bf .bg .bh .bi .bj .bm .bn .bo .br .bs .bt .bw .by .bz C .ca .cc .cd .cf .cg .ch .ci .ck .cl .cm .cn .co .cr .cu .cv .cw .cx .cy .cz D .de .dj .dk .dm .do .dz E .ec .ee .eg .er .es .et .eu F .fj .fk .fm .fo .fr G .ga .gd .ge .gf .gg .gh .gi .gl .gm .gn .gp .gq .gr .gs .gt .gu .gw .gy H .hk .hm .hn .hr .ht .hu I .id .ie .il .im .in .io .iq .ir .is .it J .je .jm .jo .jp K .ke .kg .kh .ki .km .kn .kp .kr .kw .ky .kz L .la .lb .lc .li .lk .lr .ls .lt .lu .lv .ly M .ma .mc .md .me .mg .mh .mk .ml .mm .mn .mo .mp .mq .mr .ms .mt .mu .mv .mw .mx .my .mz N .na .nc .ne .nf .ng .ni .nl .no .np .nr .nu .nz O .om P .pa .pe .pf .pg .ph .pk .pl .pm .pn .pr .ps .pt .pw .py Q .qa R .re .ro .rs .ru .rw S .sa .sb .sc .sd .se .sg .sh .si .sk .sl .sm .sn .so .sr .ss .st .su .sv .sx .sy .sz T .tc .td .tf .tg .th .tj .tk .tl .tm .tn .to .tr .tt .tv .tw .tz U .ua .ug .uk .us .uy .uz V .va .vc .ve .vg .vi .vn .vu W .wf .ws Y .ye .yt Z .za .zm .zw | .yu#2: A .ac .ad .ae .af .ag .ai .al .am .ao .aq .ar .as .at .au .aw .ax .az B .ba .bb .bd .be .bf .bg .bh .bi .bj .bm .bn .bo .br .bs .bt .bw .by .bz C .ca .cc .cd .cf .cg .ch .ci .ck .cl .cm .cn .co .cr .cu .cv .cw .cx .cy .cz D .de .dj .dk .dm .do .dz E .ec .ee .eg .er .es .et .eu F .fi .fj .fk .fm .fo .fr G .ga .gd .ge .gf .gg .gh .gi .gl .gm .gn .gp .gq .gr .gs .gt .gu .gw .gy H .hk .hm .hn .hr .ht .hu I .id .ie .il .im .in .io .iq .ir .is .it J .je .jm .jo .jp K .ke .kg .kh .ki .km .kn .kp .kr .kw .ky .kz L .la .lb .lc .li .lk .lr .ls .lt .lu .lv .ly M .ma .mc .md .me .mg .mh .mk .ml .mm .mn .mo .mp .mq .mr .ms .mt .mu .mv .mw .mx .my .mz N .na .nc .ne .nf .ng .ni .nl .no .np .nr .nu .nz O .om P .pa .pe .pf .pg .ph .pk .pl .pm .pn .pr .ps .pt .pw .py Q .qa R .re .ro .rs .ru .rw S .sa .sb .sc .sd .se .sg .sh .si .sk .sl .sm .sn .so .sr .ss .st .su .sv .sx .sy .sz T .tc .td .tf .tg .th .tj .tk .tl .tm .tn .to .tr .tt .tv .tw .tz U .ua .ug .uk .us .uy .uz V .va .vc .ve .vg .vi .vn .vu W .wf .ws Y .ye .yt Z .za .zm .zw | .hr#2: A .ac .ad .ae .af .ag .ai .al .am .ao .aq .ar .as .at .au .aw .ax .az B .ba .bb .bd .be .bf .bg .bh .bi .bj .bm .bn .bo .br .bs .bt .bw .by .bz C .ca .cc .cd .cf .cg .ch .ci .ck .cl .cm .cn .co .cr .cu .cv .cw .cx .cy .cz D .de .dj .dk .dm .do .dz E .ec .ee .eg .er .es .et .eu F .fi .fj .fk .fm .fo .fr G .ga .gd .ge .gf .gg .gh .gi .gl .gm .gn .gp .gq .gr .gs .gt .gu .gw .gy H .hk .hm .hn .ht .hu I .id .ie .il .im .in .io .iq .ir .is .it J .je .jm .jo .jp K .ke .kg .kh .ki .km .kn .kp .kr .kw .ky .kz L .la .lb .lc .li .lk .lr .ls .lt .lu .lv .ly M .ma .mc .md .me .mg .mh .mk .ml .mm .mn .mo .mp .mq .mr .ms .mt .mu .mv .mw .mx .my .mz N .na .nc .ne .nf .ng .ni .nl .no .np .nr .nu .nz O .om P .pa .pe .pf .pg .ph .pk .pl .pm .pn .pr .ps .pt .pw .py Q .qa R .re .ro .rs .ru .rw S .sa .sb .sc .sd .se .sg .sh .si .sk .sl .sm .sn .so .sr .ss .st .su .sv .sx .sy .sz T .tc .td .tf .tg .th .tj .tk .tl .tm .tn .to .tr .tt .tv .tw .tz U .ua .ug .uk .us .uy .uz V .va .vc .ve .vg .vi .vn .vu W .wf .ws Y .ye .yt Z .za .zm .zw | .km#2: A .ac .ad .ae .af .ag .ai .al .am .ao .aq .ar .as .at .au .aw .ax .az B .ba .bb .bd .be .bf .bg .bh .bi .bj .bm .bn .bo .br .bs .bt .bw .by .bz C .ca .cc .cd .cf .cg .ch .ci .ck .cl .cm .cn .co .cr .cu .cv .cw .cx .cy .cz D .de .dj .dk .dm .do .dz E .ec .ee .eg .er .es .et .eu F .fi .fj .fk .fm .fo .fr G .ga .gd .ge .gf .gg .gh .gi .gl .gm .gn .gp .gq .gr .gs .gt .gu .gw .gy H .hk .hm .hn .hr .ht .hu I .id .ie .il .im .in .io .iq .ir .is .it J .je .jm .jo .jp K .ke .kg .kh .ki .kn .kp .kr .kw .ky .kz L .la .lb .lc .li .lk .lr .ls .lt .lu .lv .ly M .ma .mc .md .me .mg .mh .mk .ml .mm .mn .mo .mp .mq .mr .ms .mt .mu .mv .mw .mx .my .mz N .na .nc .ne .nf .ng .ni .nl .no .np .nr .nu .nz O .om P .pa .pe .pf .pg .ph .pk .pl .pm .pn .pr .ps .pt .pw .py Q .qa R .re .ro .rs .ru .rw S .sa .sb .sc .sd .se .sg .sh .si .sk .sl .sm .sn .so .sr .ss .st .su .sv .sx .sy .sz T .tc .td .tf .tg .th .tj .tk .tl .tm .tn .to .tr .tt .tv .tw .tz U .ua .ug .uk .us .uy .uz V .va .vc .ve .vg .vi .vn .vu W .wf .ws Y .ye .yt Z .za .zm .zw | .pg#2: A .ac .ad .ae .af .ag .ai .al .am .ao .aq .ar .as .at .au .aw .ax .az B .ba .bb .bd .be .bf .bg .bh .bi .bj .bm .bn .bo .br .bs .bt .bw .by .bz C .ca .cc .cd .cf .cg .ch .ci .ck .cl .cm .cn .co .cr .cu .cv .cw .cx .cy .cz D .de .dj .dk .dm .do .dz E .ec .ee .eg .er .es .et .eu F .fi .fj .fk .fm .fo .fr G .ga .gd .ge .gf .gg .gh .gi .gl .gm .gn .gp .gq .gr .gs .gt .gu .gw .gy H .hk .hm .hn .hr .ht .hu I .id .ie .il .im .in .io .iq .ir .is .it J .je .jm .jo .jp K .ke .kg .kh .ki .km .kn .kp .kr .kw .ky .kz L .la .lb .lc .li .lk .lr .ls .lt .lu .lv .ly M .ma .mc .md .me .mg .mh .mk .ml .mm .mn .mo .mp .mq .mr .ms .mt .mu .mv .mw .mx .my .mz N .na .nc .ne .nf .ng .ni .nl .no .np .nr .nu .nz O .om P .pa .pe .pf .ph .pk .pl .pm .pn .pr .ps .pt .pw .py Q .qa R .re .ro .rs .ru .rw S .sa .sb .sc .sd .se .sg .sh .si .sk .sl .sm .sn .so .sr .ss .st .su .sv .sx .sy .sz T .tc .td .tf .tg .th .tj .tk .tl .tm .tn .to .tr .tt .tv .tw .tz U .ua .ug .uk .us .uy .uz V .va .vc .ve .vg .vi .vn .vu W .wf .ws Y .ye .yt Z .za .zm .zw | .hk#2: A .ac .ad .ae .af .ag .ai .al .am .ao .aq .ar .as .at .au .aw .ax .az B .ba .bb .bd .be .bf .bg .bh .bi .bj .bm .bn .bo .br .bs .bt .bw .by .bz C .ca .cc .cd .cf .cg .ch .ci .ck .cl .cm .cn .co .cr .cu .cv .cw .cx .cy .cz D .de .dj .dk .dm .do .dz E .ec .ee .eg .er .es .et .eu F .fi .fj .fk .fm .fo .fr G .ga .gd .ge .gf .gg .gh .gi .gl .gm .gn .gp .gq .gr .gs .gt .gu .gw .gy H .hm .hn .hr .ht .hu I .id .ie .il .im .in .io .iq .ir .is .it J .je .jm .jo .jp K .ke .kg .kh .ki .km .kn .kp .kr .kw .ky .kz L .la .lb .lc .li .lk .lr .ls .lt .lu .lv .ly M .ma .mc .md .me .mg .mh .mk .ml .mm .mn .mo .mp .mq .mr .ms .mt .mu .mv .mw .mx .my .mz N .na .nc .ne .nf .ng .ni .nl .no .np .nr .nu .nz O .om P .pa .pe .pf .pg .ph .pk .pl .pm .pn .pr .ps .pt .pw .py Q .qa R .re .ro .rs .ru .rw S .sa .sb .sc .sd .se .sg .sh .si .sk .sl .sm .sn .so .sr .ss .st .su .sv .sx .sy .sz T .tc .td .tf .tg .th .tj .tk .tl .tm .tn .to .tr .tt .tv .tw .tz U .ua .ug .uk .us .uy .uz V .va .vc .ve .vg .vi .vn .vu W .wf .ws Y .ye .yt Z .za .zm .zw | .ai#27: A .ac .ad .ae .af .ag .al .am .ao .aq .ar .as .at .au .aw .ax .az B .ba .bb .bd .be .bf .bg .bh .bi .bj .bm .bn .bo .br .bs .bt .bw .by .bz C .ca .cc .cd .cf .cg .ch .ci .ck .cl .cm .cn .co .cr .cu .cv .cw .cx .cy .cz D .de .dj .dk .dm .do .dz E .ec .ee .eg .er .es .et .eu F .fi .fj .fk .fm .fo .fr G .ga .gd .ge .gf .gg .gh .gi .gl .gm .gn .gp .gq .gr .gs .gt .gu .gw .gy H .hk .hm .hn .hr .ht .hu I .id .ie .il .im .in .io .iq .ir .is .it J .je .jm .jo .jp K .ke .kg .kh .ki .km .kn .kp .kr .kw .ky .kz L .la .lb .lc .li .lk .lr .ls .lt .lu .lv .ly M .ma .mc .md .me .mg .mh .mk .ml .mm .mn .mo .mp .mq .mr .ms .mt .mu .mv .mw .mx .my .mz N .na .nc .ne .nf .ng .ni .nl .no .np .nr .nu .nz O .om P .pa .pe .pf .pg .ph .pk .pl .pm .pn .pr .ps .pt .pw .py Q .qa R .re .ro .rs .ru .rw S .sa .sb .sc .sd .se .sg .sh .si .sk .sl .sm .sn .so .sr .ss .st .su .sv .sx .sy .sz T .tc .td .tf .tg .th .tj .tk .tl .tm .tn .to .tr .tt .tv .tw .tz U .ua .ug .uk .us .uy .uz V .va .vc .ve .vg .vi .vn .vu W .wf .ws Y .ye .yt Z .za .zm .zw | .nf#2: A .ac .ad .ae .af .ag .ai .al .am .ao .aq .ar .as .at .au .aw .ax .az B .ba .bb .bd .be .bf .bg .bh .bi .bj .bm .bn .bo .br .bs .bt .bw .by .bz C .ca .cc .cd .cf .cg .ch .ci .ck .cl .cm .cn .co .cr .cu .cv .cw .cx .cy .cz D .de .dj .dk .dm .do .dz E .ec .ee .eg .er .es .et .eu F .fi .fj .fk .fm .fo .fr G .ga .gd .ge .gf .gg .gh .gi .gl .gm .gn .gp .gq .gr .gs .gt .gu .gw .gy H .hk .hm .hn .hr .ht .hu I .id .ie .il .im .in .io .iq .ir .is .it J .je .jm .jo .jp K .ke .kg .kh .ki .km .kn .kp .kr .kw .ky .kz L .la .lb .lc .li .lk .lr .ls .lt .lu .lv .ly M .ma .mc .md .me .mg .mh .mk .ml .mm .mn .mo .mp .mq .mr .ms .mt .mu .mv .mw .mx .my .mz N .na .nc .ne .ng .ni .nl .no .np .nr .nu .nz O .om P .pa .pe .pf .pg .ph .pk .pl .pm .pn .pr .ps .pt .pw .py Q .qa R .re .ro .rs .ru .rw S .sa .sb .sc .sd .se .sg .sh .si .sk .sl .sm .sn .so .sr .ss .st .su .sv .sx .sy .sz T .tc .td .tf .tg .th .tj .tk .tl .tm .tn .to .tr .tt .tv .tw .tz U .ua .ug .uk .us .uy .uz V .va .vc .ve .vg .vi .vn .vu W .wf .ws Y .ye .yt Z .za .zm .zw | .ky#2: A .ac .ad .ae .af .ag .ai .al .am .ao .aq .ar .as .at .au .aw .ax .az B .ba .bb .bd .be .bf .bg .bh .bi .bj .bm .bn .bo .br .bs .bt .bw .by .bz C .ca .cc .cd .cf .cg .ch .ci .ck .cl .cm .cn .co .cr .cu .cv .cw .cx .cy .cz D .de .dj .dk .dm .do .dz E .ec .ee .eg .er .es .et .eu F .fi .fj .fk .fm .fo .fr G .ga .gd .ge .gf .gg .gh .gi .gl .gm .gn .gp .gq .gr .gs .gt .gu .gw .gy H .hk .hm .hn .hr .ht .hu I .id .ie .il .im .in .io .iq .ir .is .it J .je .jm .jo .jp K .ke .kg .kh .ki .km .kn .kp .kr .kw .kz L .la .lb .lc .li .lk .lr .ls .lt .lu .lv .ly M .ma .mc .md .me .mg .mh .mk .ml .mm .mn .mo .mp .mq .mr .ms .mt .mu .mv .mw .mx .my .mz N .na .nc .ne .nf .ng .ni .nl .no .np .nr .nu .nz O .om P .pa .pe .pf .pg .ph .pk .pl .pm .pn .pr .ps .pt .pw .py Q .qa R .re .ro .rs .ru .rw S .sa .sb .sc .sd .se .sg .sh .si .sk .sl .sm .sn .so .sr .ss .st .su .sv .sx .sy .sz T .tc .td .tf .tg .th .tj .tk .tl .tm .tn .to .tr .tt .tv .tw .tz U .ua .ug .uk .us .uy .uz V .va .vc .ve .vg .vi .vn .vu W .wf .ws Y .ye .yt Z .za .zm .zw | .tc#4: A .ac .ad .ae .af .ag .ai .al .am .ao .aq .ar .as .at .au .aw .ax .az B .ba .bb .bd .be .bf .bg .bh .bi .bj .bm .bn .bo .br .bs .bt .bw .by .bz C .ca .cc .cd .cf .cg .ch .ci .ck .cl .cm .cn .co .cr .cu .cv .cw .cx .cy .cz D .de .dj .dk .dm .do .dz E .ec .ee .eg .er .es .et .eu F .fi .fj .fk .fm .fo .fr G .ga .gd .ge .gf .gg .gh .gi .gl .gm .gn .gp .gq .gr .gs .gt .gu .gw .gy H .hk .hm .hn .hr .ht .hu I .id .ie .il .im .in .io .iq .ir .is .it J .je .jm .jo .jp K .ke .kg .kh .ki .km .kn .kp .kr .kw .ky .kz L .la .lb .lc .li .lk .lr .ls .lt .lu .lv .ly M .ma .mc .md .me .mg .mh .mk .ml .mm .mn .mo .mp .mq .mr .ms .mt .mu .mv .mw .mx .my .mz N .na .nc .ne .nf .ng .ni .nl .no .np .nr .nu .nz O .om P .pa .pe .pf .pg .ph .pk .pl .pm .pn .pr .ps .pt .pw .py Q .qa R .re .ro .rs .ru .rw S .sa .sb .sc .sd .se .sg .sh .si .sk .sl .sm .sn .so .sr .ss .st .su .sv .sx .sy .sz T .td .tf .tg .th .tj .tk .tl .tm .tn .to .tr .tt .tv .tw .tz U .ua .ug .uk .us .uy .uz V .va .vc .ve .vg .vi .vn .vu W .wf .ws Y .ye .yt Z .za .zm .zw | .jm#2: A .ac .ad .ae .af .ag .ai .al .am .ao .aq .ar .as .at .au .aw .ax .az B .ba .bb .bd .be .bf .bg .bh .bi .bj .bm .bn .bo .br .bs .bt .bw .by .bz C .ca .cc .cd .cf .cg .ch .ci .ck .cl .cm .cn .co .cr .cu .cv .cw .cx .cy .cz D .de .dj .dk .dm .do .dz E .ec .ee .eg .er .es .et .eu F .fi .fj .fk .fm .fo .fr G .ga .gd .ge .gf .gg .gh .gi .gl .gm .gn .gp .gq .gr .gs .gt .gu .gw .gy H .hk .hm .hn .hr .ht .hu I .id .ie .il .im .in .io .iq .ir .is .it J .je .jo .jp K .ke .kg .kh .ki .km .kn .kp .kr .kw .ky .kz L .la .lb .lc .li .lk .lr .ls .lt .lu .lv .ly M .ma .mc .md .me .mg .mh .mk .ml .mm .mn .mo .mp .mq .mr .ms .mt .mu .mv .mw .mx .my .mz N .na .nc .ne .nf .ng .ni .nl .no .np .nr .nu .nz O .om P .pa .pe .pf .pg .ph .pk .pl .pm .pn .pr .ps .pt .pw .py Q .qa R .re .ro .rs .ru .rw S .sa .sb .sc .sd .se .sg .sh .si .sk .sl .sm .sn .so .sr .ss .st .su .sv .sx .sy .sz T .tc .td .tf .tg .th .tj .tk .tl .tm .tn .to .tr .tt .tv .tw .tz U .ua .ug .uk .us .uy .uz V .va .vc .ve .vg .vi .vn .vu W .wf .ws Y .ye .yt Z .za .zm .zw | .pk#2: A .ac .ad .ae .af .ag .ai .al .am .ao .aq .ar .as .at .au .aw .ax .az B .ba .bb .bd .be .bf .bg .bh .bi .bj .bm .bn .bo .br .bs .bt .bw .by .bz C .ca .cc .cd .cf .cg .ch .ci .ck .cl .cm .cn .co .cr .cu .cv .cw .cx .cy .cz D .de .dj .dk .dm .do .dz E .ec .ee .eg .er .es .et .eu F .fi .fj .fk .fm .fo .fr G .ga .gd .ge .gf .gg .gh .gi .gl .gm .gn .gp .gq .gr .gs .gt .gu .gw .gy H .hk .hm .hn .hr .ht .hu I .id .ie .il .im .in .io .iq .ir .is .it J .je .jm .jo .jp K .ke .kg .kh .ki .km .kn .kp .kr .kw .ky .kz L .la .lb .lc .li .lk .lr .ls .lt .lu .lv .ly M .ma .mc .md .me .mg .mh .mk .ml .mm .mn .mo .mp .mq .mr .ms .mt .mu .mv .mw .mx .my .mz N .na .nc .ne .nf .ng .ni .nl .no .np .nr .nu .nz O .om P .pa .pe .pf .pg .ph .pl .pm .pn .pr .ps .pt .pw .py Q .qa R .re .ro .rs .ru .rw S .sa .sb .sc .sd .se .sg .sh .si .sk .sl .sm .sn .so .sr .ss .st .su .sv .sx .sy .sz T .tc .td .tf .tg .th .tj .tk .tl .tm .tn .to .tr .tt .tv .tw .tz U .ua .ug .uk .us .uy .uz V .va .vc .ve .vg .vi .vn .vu W .wf .ws Y .ye .yt Z .za .zm .zw | .tw#3: A .ac .ad .ae .af .ag .ai .al .am .ao .aq .ar .as .at .au .aw .ax .az B .ba .bb .bd .be .bf .bg .bh .bi .bj .bm .bn .bo .br .bs .bt .bw .by .bz C .ca .cc .cd .cf .cg .ch .ci .ck .cl .cm .cn .co .cr .cu .cv .cw .cx .cy .cz D .de .dj .dk .dm .do .dz E .ec .ee .eg .er .es .et .eu F .fi .fj .fk .fm .fo .fr G .ga .gd .ge .gf .gg .gh .gi .gl .gm .gn .gp .gq .gr .gs .gt .gu .gw .gy H .hk .hm .hn .hr .ht .hu I .id .ie .il .im .in .io .iq .ir .is .it J .je .jm .jo .jp K .ke .kg .kh .ki .km .kn .kp .kr .kw .ky .kz L .la .lb .lc .li .lk .lr .ls .lt .lu .lv .ly M .ma .mc .md .me .mg .mh .mk .ml .mm .mn .mo .mp .mq .mr .ms .mt .mu .mv .mw .mx .my .mz N .na .nc .ne .nf .ng .ni .nl .no .np .nr .nu .nz O .om P .pa .pe .pf .pg .ph .pk .pl .pm .pn .pr .ps .pt .pw .py Q .qa R .re .ro .rs .ru .rw S .sa .sb .sc .sd .se .sg .sh .si .sk .sl .sm .sn .so .sr .ss .st .su .sv .sx .sy .sz T .tc .td .tf .tg .th .tj .tk .tl .tm .tn .to .tr .tt .tv .tz U .ua .ug .uk .us .uy .uz V .va .vc .ve .vg .vi .vn .vu W .wf .ws Y .ye .yt Z .za .zm .zw | .bg#13: A .ac .ad .ae .af .ag .ai .al .am .ao .aq .ar .as .at .au .aw .ax .az B .ba .bb .bd .be .bf .bh .bi .bj .bm .bn .bo .br .bs .bt .bw .by .bz C .ca .cc .cd .cf .cg .ch .ci .ck .cl .cm .cn .co .cr .cu .cv .cw .cx .cy .cz D .de .dj .dk .dm .do .dz E .ec .ee .eg .er .es .et .eu F .fi .fj .fk .fm .fo .fr G .ga .gd .ge .gf .gg .gh .gi .gl .gm .gn .gp .gq .gr .gs .gt .gu .gw .gy H .hk .hm .hn .hr .ht .hu I .id .ie .il .im .in .io .iq .ir .is .it J .je .jm .jo .jp K .ke .kg .kh .ki .km .kn .kp .kr .kw .ky .kz L .la .lb .lc .li .lk .lr .ls .lt .lu .lv .ly M .ma .mc .md .me .mg .mh .mk .ml .mm .mn .mo .mp .mq .mr .ms .mt .mu .mv .mw .mx .my .mz N .na .nc .ne .nf .ng .ni .nl .no .np .nr .nu .nz O .om P .pa .pe .pf .pg .ph .pk .pl .pm .pn .pr .ps .pt .pw .py Q .qa R .re .ro .rs .ru .rw S .sa .sb .sc .sd .se .sg .sh .si .sk .sl .sm .sn .so .sr .ss .st .su .sv .sx .sy .sz T .tc .td .tf .tg .th .tj .tk .tl .tm .tn .to .tr .tt .tv .tw .tz U .ua .ug .uk .us .uy .uz V .va .vc .ve .vg .vi .vn .vu W .wf .ws Y .ye .yt Z .za .zm .zw | .tf#9: A .ac .ad .ae .af .ag .ai .al .am .ao .aq .ar .as .at .au .aw .ax .az B .ba .bb .bd .be .bf .bg .bh .bi .bj .bm .bn .bo .br .bs .bt .bw .by .bz C .ca .cc .cd .cf .cg .ch .ci .ck .cl .cm .cn .co .cr .cu .cv .cw .cx .cy .cz D .de .dj .dk .dm .do .dz E .ec .ee .eg .er .es .et .eu F .fi .fj .fk .fm .fo .fr G .ga .gd .ge .gf .gg .gh .gi .gl .gm .gn .gp .gq .gr .gs .gt .gu .gw .gy H .hk .hm .hn .hr .ht .hu I .id .ie .il .im .in .io .iq .ir .is .it J .je .jm .jo .jp K .ke .kg .kh .ki .km .kn .kp .kr .kw .ky .kz L .la .lb .lc .li .lk .lr .ls .lt .lu .lv .ly M .ma .mc .md .me .mg .mh .mk .ml .mm .mn .mo .mp .mq .mr .ms .mt .mu .mv .mw .mx .my .mz N .na .nc .ne .nf .ng .ni .nl .no .np .nr .nu .nz O .om P .pa .pe .pf .pg .ph .pk .pl .pm .pn .pr .ps .pt .pw .py Q .qa R .re .ro .rs .ru .rw S .sa .sb .sc .sd .se .sg .sh .si .sk .sl .sm .sn .so .sr .ss .st .su .sv .sx .sy .sz T .tc .td .tg .th .tj .tk .tl .tm .tn .to .tr .tt .tv .tw .tz U .ua .ug .uk .us .uy .uz V .va .vc .ve .vg .vi .vn .vu W .wf .ws Y .ye .yt Z .za .zm .zw | .vi#2: A .ac .ad .ae .af .ag .ai .al .am .ao .aq .ar .as .at .au .aw .ax .az B .ba .bb .bd .be .bf .bg .bh .bi .bj .bm .bn .bo .br .bs .bt .bw .by .bz C .ca .cc .cd .cf .cg .ch .ci .ck .cl .cm .cn .co .cr .cu .cv .cw .cx .cy .cz D .de .dj .dk .dm .do .dz E .ec .ee .eg .er .es .et .eu F .fi .fj .fk .fm .fo .fr G .ga .gd .ge .gf .gg .gh .gi .gl .gm .gn .gp .gq .gr .gs .gt .gu .gw .gy H .hk .hm .hn .hr .ht .hu I .id .ie .il .im .in .io .iq .ir .is .it J .je .jm .jo .jp K .ke .kg .kh .ki .km .kn .kp .kr .kw .ky .kz L .la .lb .lc .li .lk .lr .ls .lt .lu .lv .ly M .ma .mc .md .me .mg .mh .mk .ml .mm .mn .mo .mp .mq .mr .ms .mt .mu .mv .mw .mx .my .mz N .na .nc .ne .nf .ng .ni .nl .no .np .nr .nu .nz O .om P .pa .pe .pf .pg .ph .pk .pl .pm .pn .pr .ps .pt .pw .py Q .qa R .re .ro .rs .ru .rw S .sa .sb .sc .sd .se .sg .sh .si .sk .sl .sm .sn .so .sr .ss .st .su .sv .sx .sy .sz T .tc .td .tf .tg .th .tj .tk .tl .tm .tn .to .tr .tt .tv .tw .tz U .ua .ug .uk .us .uy .uz V .va .vc .ve .vg .vn .vu W .wf .ws Y .ye .yt Z .za .zm .zw | .gt#2: A .ac .ad .ae .af .ag .ai .al .am .ao .aq .ar .as .at .au .aw .ax .az B .ba .bb .bd .be .bf .bg .bh .bi .bj .bm .bn .bo .br .bs .bt .bw .by .bz C .ca .cc .cd .cf .cg .ch .ci .ck .cl .cm .cn .co .cr .cu .cv .cw .cx .cy .cz D .de .dj .dk .dm .do .dz E .ec .ee .eg .er .es .et .eu F .fi .fj .fk .fm .fo .fr G .ga .gd .ge .gf .gg .gh .gi .gl .gm .gn .gp .gq .gr .gs .gu .gw .gy H .hk .hm .hn .hr .ht .hu I .id .ie .il .im .in .io .iq .ir .is .it J .je .jm .jo .jp K .ke .kg .kh .ki .km .kn .kp .kr .kw .ky .kz L .la .lb .lc .li .lk .lr .ls .lt .lu .lv .ly M .ma .mc .md .me .mg .mh .mk .ml .mm .mn .mo .mp .mq .mr .ms .mt .mu .mv .mw .mx .my .mz N .na .nc .ne .nf .ng .ni .nl .no .np .nr .nu .nz O .om P .pa .pe .pf .pg .ph .pk .pl .pm .pn .pr .ps .pt .pw .py Q .qa R .re .ro .rs .ru .rw S .sa .sb .sc .sd .se .sg .sh .si .sk .sl .sm .sn .so .sr .ss .st .su .sv .sx .sy .sz T .tc .td .tf .tg .th .tj .tk .tl .tm .tn .to .tr .tt .tv .tw .tz U .ua .ug .uk .us .uy .uz V .va .vc .ve .vg .vi .vn .vu W .wf .ws Y .ye .yt Z .za .zm .zw | .im#6: A .ac .ad .ae .af .ag .ai .al .am .ao .aq .ar .as .at .au .aw .ax .az B .ba .bb .bd .be .bf .bg .bh .bi .bj .bm .bn .bo .br .bs .bt .bw .by .bz C .ca .cc .cd .cf .cg .ch .ci .ck .cl .cm .cn .co .cr .cu .cv .cw .cx .cy .cz D .de .dj .dk .dm .do .dz E .ec .ee .eg .er .es .et .eu F .fi .fj .fk .fm .fo .fr G .ga .gd .ge .gf .gg .gh .gi .gl .gm .gn .gp .gq .gr .gs .gt .gu .gw .gy H .hk .hm .hn .hr .ht .hu I .id .ie .il .in .io .iq .ir .is .it J .je .jm .jo .jp K .ke .kg .kh .ki .km .kn .kp .kr .kw .ky .kz L .la .lb .lc .li .lk .lr .ls .lt .lu .lv .ly M .ma .mc .md .me .mg .mh .mk .ml .mm .mn .mo .mp .mq .mr .ms .mt .mu .mv .mw .mx .my .mz N .na .nc .ne .nf .ng .ni .nl .no .np .nr .nu .nz O .om P .pa .pe .pf .pg .ph .pk .pl .pm .pn .pr .ps .pt .pw .py Q .qa R .re .ro .rs .ru .rw S .sa .sb .sc .sd .se .sg .sh .si .sk .sl .sm .sn .so .sr .ss .st .su .sv .sx .sy .sz T .tc .td .tf .tg .th .tj .tk .tl .tm .tn .to .tr .tt .tv .tw .tz U .ua .ug .uk .us .uy .uz V .va .vc .ve .vg .vi .vn .vu W .wf .ws Y .ye .yt Z .za .zm .zw | .pr#2: A .ac .ad .ae .af .ag .ai .al .am .ao .aq .ar .as .at .au .aw .ax .az B .ba .bb .bd .be .bf .bg .bh .bi .bj .bm .bn .bo .br .bs .bt .bw .by .bz C .ca .cc .cd .cf .cg .ch .ci .ck .cl .cm .cn .co .cr .cu .cv .cw .cx .cy .cz D .de .dj .dk .dm .do .dz E .ec .ee .eg .er .es .et .eu F .fi .fj .fk .fm .fo .fr G .ga .gd .ge .gf .gg .gh .gi .gl .gm .gn .gp .gq .gr .gs .gt .gu .gw .gy H .hk .hm .hn .hr .ht .hu I .id .ie .il .im .in .io .iq .ir .is .it J .je .jm .jo .jp K .ke .kg .kh .ki .km .kn .kp .kr .kw .ky .kz L .la .lb .lc .li .lk .lr .ls .lt .lu .lv .ly M .ma .mc .md .me .mg .mh .mk .ml .mm .mn .mo .mp .mq .mr .ms .mt .mu .mv .mw .mx .my .mz N .na .nc .ne .nf .ng .ni .nl .no .np .nr .nu .nz O .om P .pa .pe .pf .pg .ph .pk .pl .pm .pn .ps .pt .pw .py Q .qa R .re .ro .rs .ru .rw S .sa .sb .sc .sd .se .sg .sh .si .sk .sl .sm .sn .so .sr .ss .st .su .sv .sx .sy .sz T .tc .td .tf .tg .th .tj .tk .tl .tm .tn .to .tr .tt .tv .tw .tz U .ua .ug .uk .us .uy .uz V .va .vc .ve .vg .vi .vn .vu W .wf .ws Y .ye .yt Z .za .zm .zw | .by#12: A .ac .ad .ae .af .ag .ai .al .am .ao .aq .ar .as .at .au .aw .ax .az B .ba .bb .bd .be .bf .bg .bh .bi .bj .bm .bn .bo .br .bs .bt .bw .bz C .ca .cc .cd .cf .cg .ch .ci .ck .cl .cm .cn .co .cr .cu .cv .cw .cx .cy .cz D .de .dj .dk .dm .do .dz E .ec .ee .eg .er .es .et .eu F .fi .fj .fk .fm .fo .fr G .ga .gd .ge .gf .gg .gh .gi .gl .gm .gn .gp .gq .gr .gs .gt .gu .gw .gy H .hk .hm .hn .hr .ht .hu I .id .ie .il .im .in .io .iq .ir .is .it J .je .jm .jo .jp K .ke .kg .kh .ki .km .kn .kp .kr .kw .ky .kz L .la .lb .lc .li .lk .lr .ls .lt .lu .lv .ly M .ma .mc .md .me .mg .mh .mk .ml .mm .mn .mo .mp .mq .mr .ms .mt .mu .mv .mw .mx .my .mz N .na .nc .ne .nf .ng .ni .nl .no .np .nr .nu .nz O .om P .pa .pe .pf .pg .ph .pk .pl .pm .pn .pr .ps .pt .pw .py Q .qa R .re .ro .rs .ru .rw S .sa .sb .sc .sd .se .sg .sh .si .sk .sl .sm .sn .so .sr .ss .st .su .sv .sx .sy .sz T .tc .td .tf .tg .th .tj .tk .tl .tm .tn .to .tr .tt .tv .tw .tz U .ua .ug .uk .us .uy .uz V .va .vc .ve .vg .vi .vn .vu W .wf .ws Y .ye .yt Z .za .zm .zw | .tl#8: A .ac .ad .ae .af .ag .ai .al .am .ao .aq .ar .as .at .au .aw .ax .az B .ba .bb .bd .be .bf .bg .bh .bi .bj .bm .bn .bo .br .bs .bt .bw .by .bz C .ca .cc .cd .cf .cg .ch .ci .ck .cl .cm .cn .co .cr .cu .cv .cw .cx .cy .cz D .de .dj .dk .dm .do .dz E .ec .ee .eg .er .es .et .eu F .fi .fj .fk .fm .fo .fr G .ga .gd .ge .gf .gg .gh .gi .gl .gm .gn .gp .gq .gr .gs .gt .gu .gw .gy H .hk .hm .hn .hr .ht .hu I .id .ie .il .im .in .io .iq .ir .is .it J .je .jm .jo .jp K .ke .kg .kh .ki .km .kn .kp .kr .kw .ky .kz L .la .lb .lc .li .lk .lr .ls .lt .lu .lv .ly M .ma .mc .md .me .mg .mh .mk .ml .mm .mn .mo .mp .mq .mr .ms .mt .mu .mv .mw .mx .my .mz N .na .nc .ne .nf .ng .ni .nl .no .np .nr .nu .nz O .om P .pa .pe .pf .pg .ph .pk .pl .pm .pn .pr .ps .pt .pw .py Q .qa R .re .ro .rs .ru .rw S .sa .sb .sc .sd .se .sg .sh .si .sk .sl .sm .sn .so .sr .ss .st .su .sv .sx .sy .sz T .tc .td .tf .tg .th .tj .tk .tm .tn .to .tr .tt .tv .tw .tz U .ua .ug .uk .us .uy .uz V .va .vc .ve .vg .vi .vn .vu W .wf .ws Y .ye .yt Z .za .zm .zw | .gp#2: A .ac .ad .ae .af .ag .ai .al .am .ao .aq .ar .as .at .au .aw .ax .az B .ba .bb .bd .be .bf .bg .bh .bi .bj .bm .bn .bo .br .bs .bt .bw .by .bz C .ca .cc .cd .cf .cg .ch .ci .ck .cl .cm .cn .co .cr .cu .cv .cw .cx .cy .cz D .de .dj .dk .dm .do .dz E .ec .ee .eg .er .es .et .eu F .fi .fj .fk .fm .fo .fr G .ga .gd .ge .gf .gg .gh .gi .gl .gm .gn .gq .gr .gs .gt .gu .gw .gy H .hk .hm .hn .hr .ht .hu I .id .ie .il .im .in .io .iq .ir .is .it J .je .jm .jo .jp K .ke .kg .kh .ki .km .kn .kp .kr .kw .ky .kz L .la .lb .lc .li .lk .lr .ls .lt .lu .lv .ly M .ma .mc .md .me .mg .mh .mk .ml .mm .mn .mo .mp .mq .mr .ms .mt .mu .mv .mw .mx .my .mz N .na .nc .ne .nf .ng .ni .nl .no .np .nr .nu .nz O .om P .pa .pe .pf .pg .ph .pk .pl .pm .pn .pr .ps .pt .pw .py Q .qa R .re .ro .rs .ru .rw S .sa .sb .sc .sd .se .sg .sh .si .sk .sl .sm .sn .so .sr .ss .st .su .sv .sx .sy .sz T .tc .td .tf .tg .th .tj .tk .tl .tm .tn .to .tr .tt .tv .tw .tz U .ua .ug .uk .us .uy .uz V .va .vc .ve .vg .vi .vn .vu W .wf .ws Y .ye .yt Z .za .zm .zw | .pn#55: A .ac .ad .ae .af .ag .ai .al .am .ao .aq .ar .as .at .au .aw .ax .az B .ba .bb .bd .be .bf .bg .bh .bi .bj .bm .bn .bo .br .bs .bt .bw .by .bz C .ca .cc .cd .cf .cg .ch .ci .ck .cl .cm .cn .co .cr .cu .cv .cw .cx .cy .cz D .de .dj .dk .dm .do .dz E .ec .ee .eg .er .es .et .eu F .fi .fj .fk .fm .fo .fr G .ga .gd .ge .gf .gg .gh .gi .gl .gm .gn .gp .gq .gr .gs .gt .gu .gw .gy H .hk .hm .hn .hr .ht .hu I .id .ie .il .im .in .io .iq .ir .is .it J .je .jm .jo .jp K .ke .kg .kh .ki .km .kn .kp .kr .kw .ky .kz L .la .lb .lc .li .lk .lr .ls .lt .lu .lv .ly M .ma .mc .md .me .mg .mh .mk .ml .mm .mn .mo .mp .mq .mr .ms .mt .mu .mv .mw .mx .my .mz N .na .nc .ne .nf .ng .ni .nl .no .np .nr .nu .nz O .om P .pa .pe .pf .pg .ph .pk .pl .pm .pr .ps .pt .pw .py Q .qa R .re .ro .rs .ru .rw S .sa .sb .sc .sd .se .sg .sh .si .sk .sl .sm .sn .so .sr .ss .st .su .sv .sx .sy .sz T .tc .td .tf .tg .th .tj .tk .tl .tm .tn .to .tr .tt .tv .tw .tz U .ua .ug .uk .us .uy .uz V .va .vc .ve .vg .vi .vn .vu W .wf .ws Y .ye .yt Z .za .zm .zw | .bn#5: A .ac .ad .ae .af .ag .ai .al .am .ao .aq .ar .as .at .au .aw .ax .az B .ba .bb .bd .be .bf .bg .bh .bi .bj .bm .bo .br .bs .bt .bw .by .bz C .ca .cc .cd .cf .cg .ch .ci .ck .cl .cm .cn .co .cr .cu .cv .cw .cx .cy .cz D .de .dj .dk .dm .do .dz E .ec .ee .eg .er .es .et .eu F .fi .fj .fk .fm .fo .fr G .ga .gd .ge .gf .gg .gh .gi .gl .gm .gn .gp .gq .gr .gs .gt .gu .gw .gy H .hk .hm .hn .hr .ht .hu I .id .ie .il .im .in .io .iq .ir .is .it J .je .jm .jo .jp K .ke .kg .kh .ki .km .kn .kp .kr .kw .ky .kz L .la .lb .lc .li .lk .lr .ls .lt .lu .lv .ly M .ma .mc .md .me .mg .mh .mk .ml .mm .mn .mo .mp .mq .mr .ms .mt .mu .mv .mw .mx .my .mz N .na .nc .ne .nf .ng .ni .nl .no .np .nr .nu .nz O .om P .pa .pe .pf .pg .ph .pk .pl .pm .pn .pr .ps .pt .pw .py Q .qa R .re .ro .rs .ru .rw S .sa .sb .sc .sd .se .sg .sh .si .sk .sl .sm .sn .so .sr .ss .st .su .sv .sx .sy .sz T .tc .td .tf .tg .th .tj .tk .tl .tm .tn .to .tr .tt .tv .tw .tz U .ua .ug .uk .us .uy .uz V .va .vc .ve .vg .vi .vn .vu W .wf .ws Y .ye .yt Z .za .zm .zw | .bf#4: A .ac .ad .ae .af .ag .ai .al .am .ao .aq .ar .as .at .au .aw .ax .az B .ba .bb .bd .be .bg .bh .bi .bj .bm .bn .bo .br .bs .bt .bw .by .bz C .ca .cc .cd .cf .cg .ch .ci .ck .cl .cm .cn .co .cr .cu .cv .cw .cx .cy .cz D .de .dj .dk .dm .do .dz E .ec .ee .eg .er .es .et .eu F .fi .fj .fk .fm .fo .fr G .ga .gd .ge .gf .gg .gh .gi .gl .gm .gn .gp .gq .gr .gs .gt .gu .gw .gy H .hk .hm .hn .hr .ht .hu I .id .ie .il .im .in .io .iq .ir .is .it J .je .jm .jo .jp K .ke .kg .kh .ki .km .kn .kp .kr .kw .ky .kz L .la .lb .lc .li .lk .lr .ls .lt .lu .lv .ly M .ma .mc .md .me .mg .mh .mk .ml .mm .mn .mo .mp .mq .mr .ms .mt .mu .mv .mw .mx .my .mz N .na .nc .ne .nf .ng .ni .nl .no .np .nr .nu .nz O .om P .pa .pe .pf .pg .ph .pk .pl .pm .pn .pr .ps .pt .pw .py Q .qa R .re .ro .rs .ru .rw S .sa .sb .sc .sd .se .sg .sh .si .sk .sl .sm .sn .so .sr .ss .st .su .sv .sx .sy .sz T .tc .td .tf .tg .th .tj .tk .tl .tm .tn .to .tr .tt .tv .tw .tz U .ua .ug .uk .us .uy .uz V .va .vc .ve .vg .vi .vn .vu W .wf .ws Y .ye .yt Z .za .zm .zw | .bs#5: A .ac .ad .ae .af .ag .ai .al .am .ao .aq .ar .as .at .au .aw .ax .az B .ba .bb .bd .be .bf .bg .bh .bi .bj .bm .bn .bo .br .bt .bw .by .bz C .ca .cc .cd .cf .cg .ch .ci .ck .cl .cm .cn .co .cr .cu .cv .cw .cx .cy .cz D .de .dj .dk .dm .do .dz E .ec .ee .eg .er .es .et .eu F .fi .fj .fk .fm .fo .fr G .ga .gd .ge .gf .gg .gh .gi .gl .gm .gn .gp .gq .gr .gs .gt .gu .gw .gy H .hk .hm .hn .hr .ht .hu I .id .ie .il .im .in .io .iq .ir .is .it J .je .jm .jo .jp K .ke .kg .kh .ki .km .kn .kp .kr .kw .ky .kz L .la .lb .lc .li .lk .lr .ls .lt .lu .lv .ly M .ma .mc .md .me .mg .mh .mk .ml .mm .mn .mo .mp .mq .mr .ms .mt .mu .mv .mw .mx .my .mz N .na .nc .ne .nf .ng .ni .nl .no .np .nr .nu .nz O .om P .pa .pe .pf .pg .ph .pk .pl .pm .pn .pr .ps .pt .pw .py Q .qa R .re .ro .rs .ru .rw S .sa .sb .sc .sd .se .sg .sh .si .sk .sl .sm .sn .so .sr .ss .st .su .sv .sx .sy .sz T .tc .td .tf .tg .th .tj .tk .tl .tm .tn .to .tr .tt .tv .tw .tz U .ua .ug .uk .us .uy .uz V .va .vc .ve .vg .vi .vn .vu W .wf .ws Y .ye .yt Z .za .zm .zw | .je#2: A .ac .ad .ae .af .ag .ai .al .am .ao .aq .ar .as .at .au .aw .ax .az B .ba .bb .bd .be .bf .bg .bh .bi .bj .bm .bn .bo .br .bs .bt .bw .by .bz C .ca .cc .cd .cf .cg .ch .ci .ck .cl .cm .cn .co .cr .cu .cv .cw .cx .cy .cz D .de .dj .dk .dm .do .dz E .ec .ee .eg .er .es .et .eu F .fi .fj .fk .fm .fo .fr G .ga .gd .ge .gf .gg .gh .gi .gl .gm .gn .gp .gq .gr .gs .gt .gu .gw .gy H .hk .hm .hn .hr .ht .hu I .id .ie .il .im .in .io .iq .ir .is .it J .jm .jo .jp K .ke .kg .kh .ki .km .kn .kp .kr .kw .ky .kz L .la .lb .lc .li .lk .lr .ls .lt .lu .lv .ly M .ma .mc .md .me .mg .mh .mk .ml .mm .mn .mo .mp .mq .mr .ms .mt .mu .mv .mw .mx .my .mz N .na .nc .ne .nf .ng .ni .nl .no .np .nr .nu .nz O .om P .pa .pe .pf .pg .ph .pk .pl .pm .pn .pr .ps .pt .pw .py Q .qa R .re .ro .rs .ru .rw S .sa .sb .sc .sd .se .sg .sh .si .sk .sl .sm .sn .so .sr .ss .st .su .sv .sx .sy .sz T .tc .td .tf .tg .th .tj .tk .tl .tm .tn .to .tr .tt .tv .tw .tz U .ua .ug .uk .us .uy .uz V .va .vc .ve .vg .vi .vn .vu W .wf .ws Y .ye .yt Z .za .zm .zw | .hn#2: A .ac .ad .ae .af .ag .ai .al .am .ao .aq .ar .as .at .au .aw .ax .az B .ba .bb .bd .be .bf .bg .bh .bi .bj .bm .bn .bo .br .bs .bt .bw .by .bz C .ca .cc .cd .cf .cg .ch .ci .ck .cl .cm .cn .co .cr .cu .cv .cw .cx .cy .cz D .de .dj .dk .dm .do .dz E .ec .ee .eg .er .es .et .eu F .fi .fj .fk .fm .fo .fr G .ga .gd .ge .gf .gg .gh .gi .gl .gm .gn .gp .gq .gr .gs .gt .gu .gw .gy H .hk .hm .hr .ht .hu I .id .ie .il .im .in .io .iq .ir .is .it J .je .jm .jo .jp K .ke .kg .kh .ki .km .kn .kp .kr .kw .ky .kz L .la .lb .lc .li .lk .lr .ls .lt .lu .lv .ly M .ma .mc .md .me .mg .mh .mk .ml .mm .mn .mo .mp .mq .mr .ms .mt .mu .mv .mw .mx .my .mz N .na .nc .ne .nf .ng .ni .nl .no .np .nr .nu .nz O .om P .pa .pe .pf .pg .ph .pk .pl .pm .pn .pr .ps .pt .pw .py Q .qa R .re .ro .rs .ru .rw S .sa .sb .sc .sd .se .sg .sh .si .sk .sl .sm .sn .so .sr .ss .st .su .sv .sx .sy .sz T .tc .td .tf .tg .th .tj .tk .tl .tm .tn .to .tr .tt .tv .tw .tz U .ua .ug .uk .us .uy .uz V .va .vc .ve .vg .vi .vn .vu W .wf .ws Y .ye .yt Z .za .zm .zw | .bd#7: A .ac .ad .ae .af .ag .ai .al .am .ao .aq .ar .as .at .au .aw .ax .az B .ba .bb .be .bf .bg .bh .bi .bj .bm .bn .bo .br .bs .bt .bw .by .bz C .ca .cc .cd .cf .cg .ch .ci .ck .cl .cm .cn .co .cr .cu .cv .cw .cx .cy .cz D .de .dj .dk .dm .do .dz E .ec .ee .eg .er .es .et .eu F .fi .fj .fk .fm .fo .fr G .ga .gd .ge .gf .gg .gh .gi .gl .gm .gn .gp .gq .gr .gs .gt .gu .gw .gy H .hk .hm .hn .hr .ht .hu I .id .ie .il .im .in .io .iq .ir .is .it J .je .jm .jo .jp K .ke .kg .kh .ki .km .kn .kp .kr .kw .ky .kz L .la .lb .lc .li .lk .lr .ls .lt .lu .lv .ly M .ma .mc .md .me .mg .mh .mk .ml .mm .mn .mo .mp .mq .mr .ms .mt .mu .mv .mw .mx .my .mz N .na .nc .ne .nf .ng .ni .nl .no .np .nr .nu .nz O .om P .pa .pe .pf .pg .ph .pk .pl .pm .pn .pr .ps .pt .pw .py Q .qa R .re .ro .rs .ru .rw S .sa .sb .sc .sd .se .sg .sh .si .sk .sl .sm .sn .so .sr .ss .st .su .sv .sx .sy .sz T .tc .td .tf .tg .th .tj .tk .tl .tm .tn .to .tr .tt .tv .tw .tz U .ua .ug .uk .us .uy .uz V .va .vc .ve .vg .vi .vn .vu W .wf .ws Y .ye .yt Z .za .zm .zw | .aq#3: A .ac .ad .ae .af .ag .ai .al .am .ao .ar .as .at .au .aw .ax .az B .ba .bb .bd .be .bf .bg .bh .bi .bj .bm .bn .bo .br .bs .bt .bw .by .bz C .ca .cc .cd .cf .cg .ch .ci .ck .cl .cm .cn .co .cr .cu .cv .cw .cx .cy .cz D .de .dj .dk .dm .do .dz E .ec .ee .eg .er .es .et .eu F .fi .fj .fk .fm .fo .fr G .ga .gd .ge .gf .gg .gh .gi .gl .gm .gn .gp .gq .gr .gs .gt .gu .gw .gy H .hk .hm .hn .hr .ht .hu I .id .ie .il .im .in .io .iq .ir .is .it J .je .jm .jo .jp K .ke .kg .kh .ki .km .kn .kp .kr .kw .ky .kz L .la .lb .lc .li .lk .lr .ls .lt .lu .lv .ly M .ma .mc .md .me .mg .mh .mk .ml .mm .mn .mo .mp .mq .mr .ms .mt .mu .mv .mw .mx .my .mz N .na .nc .ne .nf .ng .ni .nl .no .np .nr .nu .nz O .om P .pa .pe .pf .pg .ph .pk .pl .pm .pn .pr .ps .pt .pw .py Q .qa R .re .ro .rs .ru .rw S .sa .sb .sc .sd .se .sg .sh .si .sk .sl .sm .sn .so .sr .ss .st .su .sv .sx .sy .sz T .tc .td .tf .tg .th .tj .tk .tl .tm .tn .to .tr .tt .tv .tw .tz U .ua .ug .uk .us .uy .uz V .va .vc .ve .vg .vi .vn .vu W .wf .ws Y .ye .yt Z .za .zm .zw | .fr#7: A .ac .ad .ae .af .ag .ai .al .am .ao .aq .ar .as .at .au .aw .ax .az B .ba .bb .bd .be .bf .bg .bh .bi .bj .bm .bn .bo .br .bs .bt .bw .by .bz C .ca .cc .cd .cf .cg .ch .ci .ck .cl .cm .cn .co .cr .cu .cv .cw .cx .cy .cz D .de .dj .dk .dm .do .dz E .ec .ee .eg .er .es .et .eu F .fi .fj .fk .fm .fo G .ga .gd .ge .gf .gg .gh .gi .gl .gm .gn .gp .gq .gr .gs .gt .gu .gw .gy H .hk .hm .hn .hr .ht .hu I .id .ie .il .im .in .io .iq .ir .is .it J .je .jm .jo .jp K .ke .kg .kh .ki .km .kn .kp .kr .kw .ky .kz L .la .lb .lc .li .lk .lr .ls .lt .lu .lv .ly M .ma .mc .md .me .mg .mh .mk .ml .mm .mn .mo .mp .mq .mr .ms .mt .mu .mv .mw .mx .my .mz N .na .nc .ne .nf .ng .ni .nl .no .np .nr .nu .nz O .om P .pa .pe .pf .pg .ph .pk .pl .pm .pn .pr .ps .pt .pw .py Q .qa R .re .ro .rs .ru .rw S .sa .sb .sc .sd .se .sg .sh .si .sk .sl .sm .sn .so .sr .ss .st .su .sv .sx .sy .sz T .tc .td .tf .tg .th .tj .tk .tl .tm .tn .to .tr .tt .tv .tw .tz U .ua .ug .uk .us .uy .uz V .va .vc .ve .vg .vi .vn .vu W .wf .ws Y .ye .yt Z .za .zm .zw | .mu#2: A .ac .ad .ae .af .ag .ai .al .am .ao .aq .ar .as .at .au .aw .ax .az B .ba .bb .bd .be .bf .bg .bh .bi .bj .bm .bn .bo .br .bs .bt .bw .by .bz C .ca .cc .cd .cf .cg .ch .ci .ck .cl .cm .cn .co .cr .cu .cv .cw .cx .cy .cz D .de .dj .dk .dm .do .dz E .ec .ee .eg .er .es .et .eu F .fi .fj .fk .fm .fo .fr G .ga .gd .ge .gf .gg .gh .gi .gl .gm .gn .gp .gq .gr .gs .gt .gu .gw .gy H .hk .hm .hn .hr .ht .hu I .id .ie .il .im .in .io .iq .ir .is .it J .je .jm .jo .jp K .ke .kg .kh .ki .km .kn .kp .kr .kw .ky .kz L .la .lb .lc .li .lk .lr .ls .lt .lu .lv .ly M .ma .mc .md .me .mg .mh .mk .ml .mm .mn .mo .mp .mq .mr .ms .mt .mv .mw .mx .my .mz N .na .nc .ne .nf .ng .ni .nl .no .np .nr .nu .nz O .om P .pa .pe .pf .pg .ph .pk .pl .pm .pn .pr .ps .pt .pw .py Q .qa R .re .ro .rs .ru .rw S .sa .sb .sc .sd .se .sg .sh .si .sk .sl .sm .sn .so .sr .ss .st .su .sv .sx .sy .sz T .tc .td .tf .tg .th .tj .tk .tl .tm .tn .to .tr .tt .tv .tw .tz U .ua .ug .uk .us .uy .uz V .va .vc .ve .vg .vi .vn .vu W .wf .ws Y .ye .yt Z .za .zm .zw | .ug#2: A .ac .ad .ae .af .ag .ai .al .am .ao .aq .ar .as .at .au .aw .ax .az B .ba .bb .bd .be .bf .bg .bh .bi .bj .bm .bn .bo .br .bs .bt .bw .by .bz C .ca .cc .cd .cf .cg .ch .ci .ck .cl .cm .cn .co .cr .cu .cv .cw .cx .cy .cz D .de .dj .dk .dm .do .dz E .ec .ee .eg .er .es .et .eu F .fi .fj .fk .fm .fo .fr G .ga .gd .ge .gf .gg .gh .gi .gl .gm .gn .gp .gq .gr .gs .gt .gu .gw .gy H .hk .hm .hn .hr .ht .hu I .id .ie .il .im .in .io .iq .ir .is .it J .je .jm .jo .jp K .ke .kg .kh .ki .km .kn .kp .kr .kw .ky .kz L .la .lb .lc .li .lk .lr .ls .lt .lu .lv .ly M .ma .mc .md .me .mg .mh .mk .ml .mm .mn .mo .mp .mq .mr .ms .mt .mu .mv .mw .mx .my .mz N .na .nc .ne .nf .ng .ni .nl .no .np .nr .nu .nz O .om P .pa .pe .pf .pg .ph .pk .pl .pm .pn .pr .ps .pt .pw .py Q .qa R .re .ro .rs .ru .rw S .sa .sb .sc .sd .se .sg .sh .si .sk .sl .sm .sn .so .sr .ss .st .su .sv .sx .sy .sz T .tc .td .tf .tg .th .tj .tk .tl .tm .tn .to .tr .tt .tv .tw .tz U .ua .uk .us .uy .uz V .va .vc .ve .vg .vi .vn .vu W .wf .ws Y .ye .yt Z .za .zm .zw | .kr#2: A .ac .ad .ae .af .ag .ai .al .am .ao .aq .ar .as .at .au .aw .ax .az B .ba .bb .bd .be .bf .bg .bh .bi .bj .bm .bn .bo .br .bs .bt .bw .by .bz C .ca .cc .cd .cf .cg .ch .ci .ck .cl .cm .cn .co .cr .cu .cv .cw .cx .cy .cz D .de .dj .dk .dm .do .dz E .ec .ee .eg .er .es .et .eu F .fi .fj .fk .fm .fo .fr G .ga .gd .ge .gf .gg .gh .gi .gl .gm .gn .gp .gq .gr .gs .gt .gu .gw .gy H .hk .hm .hn .hr .ht .hu I .id .ie .il .im .in .io .iq .ir .is .it J .je .jm .jo .jp K .ke .kg .kh .ki .km .kn .kp .kw .ky .kz L .la .lb .lc .li .lk .lr .ls .lt .lu .lv .ly M .ma .mc .md .me .mg .mh .mk .ml .mm .mn .mo .mp .mq .mr .ms .mt .mu .mv .mw .mx .my .mz N .na .nc .ne .nf .ng .ni .nl .no .np .nr .nu .nz O .om P .pa .pe .pf .pg .ph .pk .pl .pm .pn .pr .ps .pt .pw .py Q .qa R .re .ro .rs .ru .rw S .sa .sb .sc .sd .se .sg .sh .si .sk .sl .sm .sn .so .sr .ss .st .su .sv .sx .sy .sz T .tc .td .tf .tg .th .tj .tk .tl .tm .tn .to .tr .tt .tv .tw .tz U .ua .ug .uk .us .uy .uz V .va .vc .ve .vg .vi .vn .vu W .wf .ws Y .ye .yt Z .za .zm .zw | .co#7: A .ac .ad .ae .af .ag .ai .al .am .ao .aq .ar .as .at .au .aw .ax .az B .ba .bb .bd .be .bf .bg .bh .bi .bj .bm .bn .bo .br .bs .bt .bw .by .bz C .ca .cc .cd .cf .cg .ch .ci .ck .cl .cm .cn .cr .cu .cv .cw .cx .cy .cz D .de .dj .dk .dm .do .dz E .ec .ee .eg .er .es .et .eu F .fi .fj .fk .fm .fo .fr G .ga .gd .ge .gf .gg .gh .gi .gl .gm .gn .gp .gq .gr .gs .gt .gu .gw .gy H .hk .hm .hn .hr .ht .hu I .id .ie .il .im .in .io .iq .ir .is .it J .je .jm .jo .jp K .ke .kg .kh .ki .km .kn .kp .kr .kw .ky .kz L .la .lb .lc .li .lk .lr .ls .lt .lu .lv .ly M .ma .mc .md .me .mg .mh .mk .ml .mm .mn .mo .mp .mq .mr .ms .mt .mu .mv .mw .mx .my .mz N .na .nc .ne .nf .ng .ni .nl .no .np .nr .nu .nz O .om P .pa .pe .pf .pg .ph .pk .pl .pm .pn .pr .ps .pt .pw .py Q .qa R .re .ro .rs .ru .rw S .sa .sb .sc .sd .se .sg .sh .si .sk .sl .sm .sn .so .sr .ss .st .su .sv .sx .sy .sz T .tc .td .tf .tg .th .tj .tk .tl .tm .tn .to .tr .tt .tv .tw .tz U .ua .ug .uk .us .uy .uz V .va .vc .ve .vg .vi .vn .vu W .wf .ws Y .ye .yt Z .za .zm .zw | .lv#2: A .ac .ad .ae .af .ag .ai .al .am .ao .aq .ar .as .at .au .aw .ax .az B .ba .bb .bd .be .bf .bg .bh .bi .bj .bm .bn .bo .br .bs .bt .bw .by .bz C .ca .cc .cd .cf .cg .ch .ci .ck .cl .cm .cn .co .cr .cu .cv .cw .cx .cy .cz D .de .dj .dk .dm .do .dz E .ec .ee .eg .er .es .et .eu F .fi .fj .fk .fm .fo .fr G .ga .gd .ge .gf .gg .gh .gi .gl .gm .gn .gp .gq .gr .gs .gt .gu .gw .gy H .hk .hm .hn .hr .ht .hu I .id .ie .il .im .in .io .iq .ir .is .it J .je .jm .jo .jp K .ke .kg .kh .ki .km .kn .kp .kr .kw .ky .kz L .la .lb .lc .li .lk .lr .ls .lt .lu .ly M .ma .mc .md .me .mg .mh .mk .ml .mm .mn .mo .mp .mq .mr .ms .mt .mu .mv .mw .mx .my .mz N .na .nc .ne .nf .ng .ni .nl .no .np .nr .nu .nz O .om P .pa .pe .pf .pg .ph .pk .pl .pm .pn .pr .ps .pt .pw .py Q .qa R .re .ro .rs .ru .rw S .sa .sb .sc .sd .se .sg .sh .si .sk .sl .sm .sn .so .sr .ss .st .su .sv .sx .sy .sz T .tc .td .tf .tg .th .tj .tk .tl .tm .tn .to .tr .tt .tv .tw .tz U .ua .ug .uk .us .uy .uz V .va .vc .ve .vg .vi .vn .vu W .wf .ws Y .ye .yt Z .za .zm .zw | .ar#2: A .ac .ad .ae .af .ag .ai .al .am .ao .aq .as .at .au .aw .ax .az B .ba .bb .bd .be .bf .bg .bh .bi .bj .bm .bn .bo .br .bs .bt .bw .by .bz C .ca .cc .cd .cf .cg .ch .ci .ck .cl .cm .cn .co .cr .cu .cv .cw .cx .cy .cz D .de .dj .dk .dm .do .dz E .ec .ee .eg .er .es .et .eu F .fi .fj .fk .fm .fo .fr G .ga .gd .ge .gf .gg .gh .gi .gl .gm .gn .gp .gq .gr .gs .gt .gu .gw .gy H .hk .hm .hn .hr .ht .hu I .id .ie .il .im .in .io .iq .ir .is .it J .je .jm .jo .jp K .ke .kg .kh .ki .km .kn .kp .kr .kw .ky .kz L .la .lb .lc .li .lk .lr .ls .lt .lu .lv .ly M .ma .mc .md .me .mg .mh .mk .ml .mm .mn .mo .mp .mq .mr .ms .mt .mu .mv .mw .mx .my .mz N .na .nc .ne .nf .ng .ni .nl .no .np .nr .nu .nz O .om P .pa .pe .pf .pg .ph .pk .pl .pm .pn .pr .ps .pt .pw .py Q .qa R .re .ro .rs .ru .rw S .sa .sb .sc .sd .se .sg .sh .si .sk .sl .sm .sn .so .sr .ss .st .su .sv .sx .sy .sz T .tc .td .tf .tg .th .tj .tk .tl .tm .tn .to .tr .tt .tv .tw .tz U .ua .ug .uk .us .uy .uz V .va .vc .ve .vg .vi .vn .vu W .wf .ws Y .ye .yt Z .za .zm .zw | .um#2: A .ac .ad .ae .af .ag .ai .al .am .ao .aq .ar .as .at .au .aw .ax .az B .ba .bb .bd .be .bf .bg .bh .bi .bj .bm .bn .bo .br .bs .bt .bw .by .bz C .ca .cc .cd .cf .cg .ch .ci .ck .cl .cm .cn .co .cr .cu .cv .cw .cx .cy .cz D .de .dj .dk .dm .do .dz E .ec .ee .eg .er .es .et .eu F .fi .fj .fk .fm .fo .fr G .ga .gd .ge .gf .gg .gh .gi .gl .gm .gn .gp .gq .gr .gs .gt .gu .gw .gy H .hk .hm .hn .hr .ht .hu I .id .ie .il .im .in .io .iq .ir .is .it J .je .jm .jo .jp K .ke .kg .kh .ki .km .kn .kp .kr .kw .ky .kz L .la .lb .lc .li .lk .lr .ls .lt .lu .lv .ly M .ma .mc .md .me .mg .mh .mk .ml .mm .mn .mo .mp .mq .mr .ms .mt .mu .mv .mw .mx .my .mz N .na .nc .ne .nf .ng .ni .nl .no .np .nr .nu .nz O .om P .pa .pe .pf .pg .ph .pk .pl .pm .pn .pr .ps .pt .pw .py Q .qa R .re .ro .rs .ru .rw S .sa .sb .sc .sd .se .sg .sh .si .sk .sl .sm .sn .so .sr .ss .st .su .sv .sx .sy .sz T .tc .td .tf .tg .th .tj .tk .tl .tm .tn .to .tr .tt .tv .tw .tz U .ua .ug .uk .us .uy .uz V .va .vc .ve .vg .vi .vn .vu W .wf .ws Y .ye .yt Z .za .zm .zw | .ad#5: A .ac .ae .af .ag .ai .al .am .ao .aq .ar .as .at .au .aw .ax .az B .ba .bb .bd .be .bf .bg .bh .bi .bj .bm .bn .bo .br .bs .bt .bw .by .bz C .ca .cc .cd .cf .cg .ch .ci .ck .cl .cm .cn .co .cr .cu .cv .cw .cx .cy .cz D .de .dj .dk .dm .do .dz E .ec .ee .eg .er .es .et .eu F .fi .fj .fk .fm .fo .fr G .ga .gd .ge .gf .gg .gh .gi .gl .gm .gn .gp .gq .gr .gs .gt .gu .gw .gy H .hk .hm .hn .hr .ht .hu I .id .ie .il .im .in .io .iq .ir .is .it J .je .jm .jo .jp K .ke .kg .kh .ki .km .kn .kp .kr .kw .ky .kz L .la .lb .lc .li .lk .lr .ls .lt .lu .lv .ly M .ma .mc .md .me .mg .mh .mk .ml .mm .mn .mo .mp .mq .mr .ms .mt .mu .mv .mw .mx .my .mz N .na .nc .ne .nf .ng .ni .nl .no .np .nr .nu .nz O .om P .pa .pe .pf .pg .ph .pk .pl .pm .pn .pr .ps .pt .pw .py Q .qa R .re .ro .rs .ru .rw S .sa .sb .sc .sd .se .sg .sh .si .sk .sl .sm .sn .so .sr .ss .st .su .sv .sx .sy .sz T .tc .td .tf .tg .th .tj .tk .tl .tm .tn .to .tr .tt .tv .tw .tz U .ua .ug .uk .us .uy .uz V .va .vc .ve .vg .vi .vn .vu W .wf .ws Y .ye .yt Z .za .zm .zw | .sz#2: A .ac .ad .ae .af .ag .ai .al .am .ao .aq .ar .as .at .au .aw .ax .az B .ba .bb .bd .be .bf .bg .bh .bi .bj .bm .bn .bo .br .bs .bt .bw .by .bz C .ca .cc .cd .cf .cg .ch .ci .ck .cl .cm .cn .co .cr .cu .cv .cw .cx .cy .cz D .de .dj .dk .dm .do .dz E .ec .ee .eg .er .es .et .eu F .fi .fj .fk .fm .fo .fr G .ga .gd .ge .gf .gg .gh .gi .gl .gm .gn .gp .gq .gr .gs .gt .gu .gw .gy H .hk .hm .hn .hr .ht .hu I .id .ie .il .im .in .io .iq .ir .is .it J .je .jm .jo .jp K .ke .kg .kh .ki .km .kn .kp .kr .kw .ky .kz L .la .lb .lc .li .lk .lr .ls .lt .lu .lv .ly M .ma .mc .md .me .mg .mh .mk .ml .mm .mn .mo .mp .mq .mr .ms .mt .mu .mv .mw .mx .my .mz N .na .nc .ne .nf .ng .ni .nl .no .np .nr .nu .nz O .om P .pa .pe .pf .pg .ph .pk .pl .pm .pn .pr .ps .pt .pw .py Q .qa R .re .ro .rs .ru .rw S .sa .sb .sc .sd .se .sg .sh .si .sk .sl .sm .sn .so .sr .ss .st .su .sv .sx .sy T .tc .td .tf .tg .th .tj .tk .tl .tm .tn .to .tr .tt .tv .tw .tz U .ua .ug .uk .us .uy .uz V .va .vc .ve .vg .vi .vn .vu W .wf .ws Y .ye .yt Z .za .zm .zw | .gw#2: A .ac .ad .ae .af .ag .ai .al .am .ao .aq .ar .as .at .au .aw .ax .az B .ba .bb .bd .be .bf .bg .bh .bi .bj .bm .bn .bo .br .bs .bt .bw .by .bz C .ca .cc .cd .cf .cg .ch .ci .ck .cl .cm .cn .co .cr .cu .cv .cw .cx .cy .cz D .de .dj .dk .dm .do .dz E .ec .ee .eg .er .es .et .eu F .fi .fj .fk .fm .fo .fr G .ga .gd .ge .gf .gg .gh .gi .gl .gm .gn .gp .gq .gr .gs .gt .gu .gy H .hk .hm .hn .hr .ht .hu I .id .ie .il .im .in .io .iq .ir .is .it J .je .jm .jo .jp K .ke .kg .kh .ki .km .kn .kp .kr .kw .ky .kz L .la .lb .lc .li .lk .lr .ls .lt .lu .lv .ly M .ma .mc .md .me .mg .mh .mk .ml .mm .mn .mo .mp .mq .mr .ms .mt .mu .mv .mw .mx .my .mz N .na .nc .ne .nf .ng .ni .nl .no .np .nr .nu .nz O .om P .pa .pe .pf .pg .ph .pk .pl .pm .pn .pr .ps .pt .pw .py Q .qa R .re .ro .rs .ru .rw S .sa .sb .sc .sd .se .sg .sh .si .sk .sl .sm .sn .so .sr .ss .st .su .sv .sx .sy .sz T .tc .td .tf .tg .th .tj .tk .tl .tm .tn .to .tr .tt .tv .tw .tz U .ua .ug .uk .us .uy .uz V .va .vc .ve .vg .vi .vn .vu W .wf .ws Y .ye .yt Z .za .zm .zw | .vc#2: A .ac .ad .ae .af .ag .ai .al .am .ao .aq .ar .as .at .au .aw .ax .az B .ba .bb .bd .be .bf .bg .bh .bi .bj .bm .bn .bo .br .bs .bt .bw .by .bz C .ca .cc .cd .cf .cg .ch .ci .ck .cl .cm .cn .co .cr .cu .cv .cw .cx .cy .cz D .de .dj .dk .dm .do .dz E .ec .ee .eg .er .es .et .eu F .fi .fj .fk .fm .fo .fr G .ga .gd .ge .gf .gg .gh .gi .gl .gm .gn .gp .gq .gr .gs .gt .gu .gw .gy H .hk .hm .hn .hr .ht .hu I .id .ie .il .im .in .io .iq .ir .is .it J .je .jm .jo .jp K .ke .kg .kh .ki .km .kn .kp .kr .kw .ky .kz L .la .lb .lc .li .lk .lr .ls .lt .lu .lv .ly M .ma .mc .md .me .mg .mh .mk .ml .mm .mn .mo .mp .mq .mr .ms .mt .mu .mv .mw .mx .my .mz N .na .nc .ne .nf .ng .ni .nl .no .np .nr .nu .nz O .om P .pa .pe .pf .pg .ph .pk .pl .pm .pn .pr .ps .pt .pw .py Q .qa R .re .ro .rs .ru .rw S .sa .sb .sc .sd .se .sg .sh .si .sk .sl .sm .sn .so .sr .ss .st .su .sv .sx .sy .sz T .tc .td .tf .tg .th .tj .tk .tl .tm .tn .to .tr .tt .tv .tw .tz U .ua .ug .uk .us .uy .uz V .va .ve .vg .vi .vn .vu W .wf .ws Y .ye .yt Z .za .zm .zw | .rs#3: A .ac .ad .ae .af .ag .ai .al .am .ao .aq .ar .as .at .au .aw .ax .az B .ba .bb .bd .be .bf .bg .bh .bi .bj .bm .bn .bo .br .bs .bt .bw .by .bz C .ca .cc .cd .cf .cg .ch .ci .ck .cl .cm .cn .co .cr .cu .cv .cw .cx .cy .cz D .de .dj .dk .dm .do .dz E .ec .ee .eg .er .es .et .eu F .fi .fj .fk .fm .fo .fr G .ga .gd .ge .gf .gg .gh .gi .gl .gm .gn .gp .gq .gr .gs .gt .gu .gw .gy H .hk .hm .hn .hr .ht .hu I .id .ie .il .im .in .io .iq .ir .is .it J .je .jm .jo .jp K .ke .kg .kh .ki .km .kn .kp .kr .kw .ky .kz L .la .lb .lc .li .lk .lr .ls .lt .lu .lv .ly M .ma .mc .md .me .mg .mh .mk .ml .mm .mn .mo .mp .mq .mr .ms .mt .mu .mv .mw .mx .my .mz N .na .nc .ne .nf .ng .ni .nl .no .np .nr .nu .nz O .om P .pa .pe .pf .pg .ph .pk .pl .pm .pn .pr .ps .pt .pw .py Q .qa R .re .ro .ru .rw S .sa .sb .sc .sd .se .sg .sh .si .sk .sl .sm .sn .so .sr .ss .st .su .sv .sx .sy .sz T .tc .td .tf .tg .th .tj .tk .tl .tm .tn .to .tr .tt .tv .tw .tz U .ua .ug .uk .us .uy .uz V .va .vc .ve .vg .vi .vn .vu W .wf .ws Y .ye .yt Z .za .zm .zw | .cd#7: A .ac .ad .ae .af .ag .ai .al .am .ao .aq .ar .as .at .au .aw .ax .az B .ba .bb .bd .be .bf .bg .bh .bi .bj .bm .bn .bo .br .bs .bt .bw .by .bz C .ca .cc .cf .cg .ch .ci .ck .cl .cm .cn .co .cr .cu .cv .cw .cx .cy .cz D .de .dj .dk .dm .do .dz E .ec .ee .eg .er .es .et .eu F .fi .fj .fk .fm .fo .fr G .ga .gd .ge .gf .gg .gh .gi .gl .gm .gn .gp .gq .gr .gs .gt .gu .gw .gy H .hk .hm .hn .hr .ht .hu I .id .ie .il .im .in .io .iq .ir .is .it J .je .jm .jo .jp K .ke .kg .kh .ki .km .kn .kp .kr .kw .ky .kz L .la .lb .lc .li .lk .lr .ls .lt .lu .lv .ly M .ma .mc .md .me .mg .mh .mk .ml .mm .mn .mo .mp .mq .mr .ms .mt .mu .mv .mw .mx .my .mz N .na .nc .ne .nf .ng .ni .nl .no .np .nr .nu .nz O .om P .pa .pe .pf .pg .ph .pk .pl .pm .pn .pr .ps .pt .pw .py Q .qa R .re .ro .rs .ru .rw S .sa .sb .sc .sd .se .sg .sh .si .sk .sl .sm .sn .so .sr .ss .st .su .sv .sx .sy .sz T .tc .td .tf .tg .th .tj .tk .tl .tm .tn .to .tr .tt .tv .tw .tz U .ua .ug .uk .us .uy .uz V .va .vc .ve .vg .vi .vn .vu W .wf .ws Y .ye .yt Z .za .zm .zw | .hm#2: A .ac .ad .ae .af .ag .ai .al .am .ao .aq .ar .as .at .au .aw .ax .az B .ba .bb .bd .be .bf .bg .bh .bi .bj .bm .bn .bo .br .bs .bt .bw .by .bz C .ca .cc .cd .cf .cg .ch .ci .ck .cl .cm .cn .co .cr .cu .cv .cw .cx .cy .cz D .de .dj .dk .dm .do .dz E .ec .ee .eg .er .es .et .eu F .fi .fj .fk .fm .fo .fr G .ga .gd .ge .gf .gg .gh .gi .gl .gm .gn .gp .gq .gr .gs .gt .gu .gw .gy H .hk .hn .hr .ht .hu I .id .ie .il .im .in .io .iq .ir .is .it J .je .jm .jo .jp K .ke .kg .kh .ki .km .kn .kp .kr .kw .ky .kz L .la .lb .lc .li .lk .lr .ls .lt .lu .lv .ly M .ma .mc .md .me .mg .mh .mk .ml .mm .mn .mo .mp .mq .mr .ms .mt .mu .mv .mw .mx .my .mz N .na .nc .ne .nf .ng .ni .nl .no .np .nr .nu .nz O .om P .pa .pe .pf .pg .ph .pk .pl .pm .pn .pr .ps .pt .pw .py Q .qa R .re .ro .rs .ru .rw S .sa .sb .sc .sd .se .sg .sh .si .sk .sl .sm .sn .so .sr .ss .st .su .sv .sx .sy .sz T .tc .td .tf .tg .th .tj .tk .tl .tm .tn .to .tr .tt .tv .tw .tz U .ua .ug .uk .us .uy .uz V .va .vc .ve .vg .vi .vn .vu W .wf .ws Y .ye .yt Z .za .zm .zw | .nu#5: A .ac .ad .ae .af .ag .ai .al .am .ao .aq .ar .as .at .au .aw .ax .az B .ba .bb .bd .be .bf .bg .bh .bi .bj .bm .bn .bo .br .bs .bt .bw .by .bz C .ca .cc .cd .cf .cg .ch .ci .ck .cl .cm .cn .co .cr .cu .cv .cw .cx .cy .cz D .de .dj .dk .dm .do .dz E .ec .ee .eg .er .es .et .eu F .fi .fj .fk .fm .fo .fr G .ga .gd .ge .gf .gg .gh .gi .gl .gm .gn .gp .gq .gr .gs .gt .gu .gw .gy H .hk .hm .hn .hr .ht .hu I .id .ie .il .im .in .io .iq .ir .is .it J .je .jm .jo .jp K .ke .kg .kh .ki .km .kn .kp .kr .kw .ky .kz L .la .lb .lc .li .lk .lr .ls .lt .lu .lv .ly M .ma .mc .md .me .mg .mh .mk .ml .mm .mn .mo .mp .mq .mr .ms .mt .mu .mv .mw .mx .my .mz N .na .nc .ne .nf .ng .ni .nl .no .np .nr .nz O .om P .pa .pe .pf .pg .ph .pk .pl .pm .pn .pr .ps .pt .pw .py Q .qa R .re .ro .rs .ru .rw S .sa .sb .sc .sd .se .sg .sh .si .sk .sl .sm .sn .so .sr .ss .st .su .sv .sx .sy .sz T .tc .td .tf .tg .th .tj .tk .tl .tm .tn .to .tr .tt .tv .tw .tz U .ua .ug .uk .us .uy .uz V .va .vc .ve .vg .vi .vn .vu W .wf .ws Y .ye .yt Z .za .zm .zw | .eh#2: A .ac .ad .ae .af .ag .ai .al .am .ao .aq .ar .as .at .au .aw .ax .az B .ba .bb .bd .be .bf .bg .bh .bi .bj .bm .bn .bo .br .bs .bt .bw .by .bz C .ca .cc .cd .cf .cg .ch .ci .ck .cl .cm .cn .co .cr .cu .cv .cw .cx .cy .cz D .de .dj .dk .dm .do .dz E .ec .ee .eg .er .es .et .eu F .fi .fj .fk .fm .fo .fr G .ga .gd .ge .gf .gg .gh .gi .gl .gm .gn .gp .gq .gr .gs .gt .gu .gw .gy H .hk .hm .hn .hr .ht .hu I .id .ie .il .im .in .io .iq .ir .is .it J .je .jm .jo .jp K .ke .kg .kh .ki .km .kn .kp .kr .kw .ky .kz L .la .lb .lc .li .lk .lr .ls .lt .lu .lv .ly M .ma .mc .md .me .mg .mh .mk .ml .mm .mn .mo .mp .mq .mr .ms .mt .mu .mv .mw .mx .my .mz N .na .nc .ne .nf .ng .ni .nl .no .np .nr .nu .nz O .om P .pa .pe .pf .pg .ph .pk .pl .pm .pn .pr .ps .pt .pw .py Q .qa R .re .ro .rs .ru .rw S .sa .sb .sc .sd .se .sg .sh .si .sk .sl .sm .sn .so .sr .ss .st .su .sv .sx .sy .sz T .tc .td .tf .tg .th .tj .tk .tl .tm .tn .to .tr .tt .tv .tw .tz U .ua .ug .uk .us .uy .uz V .va .vc .ve .vg .vi .vn .vu W .wf .ws Y .ye .yt Z .za .zm .zw | .ni#2: A .ac .ad .ae .af .ag .ai .al .am .ao .aq .ar .as .at .au .aw .ax .az B .ba .bb .bd .be .bf .bg .bh .bi .bj .bm .bn .bo .br .bs .bt .bw .by .bz C .ca .cc .cd .cf .cg .ch .ci .ck .cl .cm .cn .co .cr .cu .cv .cw .cx .cy .cz D .de .dj .dk .dm .do .dz E .ec .ee .eg .er .es .et .eu F .fi .fj .fk .fm .fo .fr G .ga .gd .ge .gf .gg .gh .gi .gl .gm .gn .gp .gq .gr .gs .gt .gu .gw .gy H .hk .hm .hn .hr .ht .hu I .id .ie .il .im .in .io .iq .ir .is .it J .je .jm .jo .jp K .ke .kg .kh .ki .km .kn .kp .kr .kw .ky .kz L .la .lb .lc .li .lk .lr .ls .lt .lu .lv .ly M .ma .mc .md .me .mg .mh .mk .ml .mm .mn .mo .mp .mq .mr .ms .mt .mu .mv .mw .mx .my .mz N .na .nc .ne .nf .ng .nl .no .np .nr .nu .nz O .om P .pa .pe .pf .pg .ph .pk .pl .pm .pn .pr .ps .pt .pw .py Q .qa R .re .ro .rs .ru .rw S .sa .sb .sc .sd .se .sg .sh .si .sk .sl .sm .sn .so .sr .ss .st .su .sv .sx .sy .sz T .tc .td .tf .tg .th .tj .tk .tl .tm .tn .to .tr .tt .tv .tw .tz U .ua .ug .uk .us .uy .uz V .va .vc .ve .vg .vi .vn .vu W .wf .ws Y .ye .yt Z .za .zm .zw | .ba#7: A .ac .ad .ae .af .ag .ai .al .am .ao .aq .ar .as .at .au .aw .ax .az B .bb .bd .be .bf .bg .bh .bi .bj .bm .bn .bo .br .bs .bt .bw .by .bz C .ca .cc .cd .cf .cg .ch .ci .ck .cl .cm .cn .co .cr .cu .cv .cw .cx .cy .cz D .de .dj .dk .dm .do .dz E .ec .ee .eg .er .es .et .eu F .fi .fj .fk .fm .fo .fr G .ga .gd .ge .gf .gg .gh .gi .gl .gm .gn .gp .gq .gr .gs .gt .gu .gw .gy H .hk .hm .hn .hr .ht .hu I .id .ie .il .im .in .io .iq .ir .is .it J .je .jm .jo .jp K .ke .kg .kh .ki .km .kn .kp .kr .kw .ky .kz L .la .lb .lc .li .lk .lr .ls .lt .lu .lv .ly M .ma .mc .md .me .mg .mh .mk .ml .mm .mn .mo .mp .mq .mr .ms .mt .mu .mv .mw .mx .my .mz N .na .nc .ne .nf .ng .ni .nl .no .np .nr .nu .nz O .om P .pa .pe .pf .pg .ph .pk .pl .pm .pn .pr .ps .pt .pw .py Q .qa R .re .ro .rs .ru .rw S .sa .sb .sc .sd .se .sg .sh .si .sk .sl .sm .sn .so .sr .ss .st .su .sv .sx .sy .sz T .tc .td .tf .tg .th .tj .tk .tl .tm .tn .to .tr .tt .tv .tw .tz U .ua .ug .uk .us .uy .uz V .va .vc .ve .vg .vi .vn .vu W .wf .ws Y .ye .yt Z .za .zm .zw | .gs#2: A .ac .ad .ae .af .ag .ai .al .am .ao .aq .ar .as .at .au .aw .ax .az B .ba .bb .bd .be .bf .bg .bh .bi .bj .bm .bn .bo .br .bs .bt .bw .by .bz C .ca .cc .cd .cf .cg .ch .ci .ck .cl .cm .cn .co .cr .cu .cv .cw .cx .cy .cz D .de .dj .dk .dm .do .dz E .ec .ee .eg .er .es .et .eu F .fi .fj .fk .fm .fo .fr G .ga .gd .ge .gf .gg .gh .gi .gl .gm .gn .gp .gq .gr .gt .gu .gw .gy H .hk .hm .hn .hr .ht .hu I .id .ie .il .im .in .io .iq .ir .is .it J .je .jm .jo .jp K .ke .kg .kh .ki .km .kn .kp .kr .kw .ky .kz L .la .lb .lc .li .lk .lr .ls .lt .lu .lv .ly M .ma .mc .md .me .mg .mh .mk .ml .mm .mn .mo .mp .mq .mr .ms .mt .mu .mv .mw .mx .my .mz N .na .nc .ne .nf .ng .ni .nl .no .np .nr .nu .nz O .om P .pa .pe .pf .pg .ph .pk .pl .pm .pn .pr .ps .pt .pw .py Q .qa R .re .ro .rs .ru .rw S .sa .sb .sc .sd .se .sg .sh .si .sk .sl .sm .sn .so .sr .ss .st .su .sv .sx .sy .sz T .tc .td .tf .tg .th .tj .tk .tl .tm .tn .to .tr .tt .tv .tw .tz U .ua .ug .uk .us .uy .uz V .va .vc .ve .vg .vi .vn .vu W .wf .ws Y .ye .yt Z .za .zm .zw | .vu#2: A .ac .ad .ae .af .ag .ai .al .am .ao .aq .ar .as .at .au .aw .ax .az B .ba .bb .bd .be .bf .bg .bh .bi .bj .bm .bn .bo .br .bs .bt .bw .by .bz C .ca .cc .cd .cf .cg .ch .ci .ck .cl .cm .cn .co .cr .cu .cv .cw .cx .cy .cz D .de .dj .dk .dm .do .dz E .ec .ee .eg .er .es .et .eu F .fi .fj .fk .fm .fo .fr G .ga .gd .ge .gf .gg .gh .gi .gl .gm .gn .gp .gq .gr .gs .gt .gu .gw .gy H .hk .hm .hn .hr .ht .hu I .id .ie .il .im .in .io .iq .ir .is .it J .je .jm .jo .jp K .ke .kg .kh .ki .km .kn .kp .kr .kw .ky .kz L .la .lb .lc .li .lk .lr .ls .lt .lu .lv .ly M .ma .mc .md .me .mg .mh .mk .ml .mm .mn .mo .mp .mq .mr .ms .mt .mu .mv .mw .mx .my .mz N .na .nc .ne .nf .ng .ni .nl .no .np .nr .nu .nz O .om P .pa .pe .pf .pg .ph .pk .pl .pm .pn .pr .ps .pt .pw .py Q .qa R .re .ro .rs .ru .rw S .sa .sb .sc .sd .se .sg .sh .si .sk .sl .sm .sn .so .sr .ss .st .su .sv .sx .sy .sz T .tc .td .tf .tg .th .tj .tk .tl .tm .tn .to .tr .tt .tv .tw .tz U .ua .ug .uk .us .uy .uz V .va .vc .ve .vg .vi .vn W .wf .ws Y .ye .yt Z .za .zm .zw | .py#2: A .ac .ad .ae .af .ag .ai .al .am .ao .aq .ar .as .at .au .aw .ax .az B .ba .bb .bd .be .bf .bg .bh .bi .bj .bm .bn .bo .br .bs .bt .bw .by .bz C .ca .cc .cd .cf .cg .ch .ci .ck .cl .cm .cn .co .cr .cu .cv .cw .cx .cy .cz D .de .dj .dk .dm .do .dz E .ec .ee .eg .er .es .et .eu F .fi .fj .fk .fm .fo .fr G .ga .gd .ge .gf .gg .gh .gi .gl .gm .gn .gp .gq .gr .gs .gt .gu .gw .gy H .hk .hm .hn .hr .ht .hu I .id .ie .il .im .in .io .iq .ir .is .it J .je .jm .jo .jp K .ke .kg .kh .ki .km .kn .kp .kr .kw .ky .kz L .la .lb .lc .li .lk .lr .ls .lt .lu .lv .ly M .ma .mc .md .me .mg .mh .mk .ml .mm .mn .mo .mp .mq .mr .ms .mt .mu .mv .mw .mx .my .mz N .na .nc .ne .nf .ng .ni .nl .no .np .nr .nu .nz O .om P .pa .pe .pf .pg .ph .pk .pl .pm .pn .pr .ps .pt .pw Q .qa R .re .ro .rs .ru .rw S .sa .sb .sc .sd .se .sg .sh .si .sk .sl .sm .sn .so .sr .ss .st .su .sv .sx .sy .sz T .tc .td .tf .tg .th .tj .tk .tl .tm .tn .to .tr .tt .tv .tw .tz U .ua .ug .uk .us .uy .uz V .va .vc .ve .vg .vi .vn .vu W .wf .ws Y .ye .yt Z .za .zm .zw | .zw#2: A .ac .ad .ae .af .ag .ai .al .am .ao .aq .ar .as .at .au .aw .ax .az B .ba .bb .bd .be .bf .bg .bh .bi .bj .bm .bn .bo .br .bs .bt .bw .by .bz C .ca .cc .cd .cf .cg .ch .ci .ck .cl .cm .cn .co .cr .cu .cv .cw .cx .cy .cz D .de .dj .dk .dm .do .dz E .ec .ee .eg .er .es .et .eu F .fi .fj .fk .fm .fo .fr G .ga .gd .ge .gf .gg .gh .gi .gl .gm .gn .gp .gq .gr .gs .gt .gu .gw .gy H .hk .hm .hn .hr .ht .hu I .id .ie .il .im .in .io .iq .ir .is .it J .je .jm .jo .jp K .ke .kg .kh .ki .km .kn .kp .kr .kw .ky .kz L .la .lb .lc .li .lk .lr .ls .lt .lu .lv .ly M .ma .mc .md .me .mg .mh .mk .ml .mm .mn .mo .mp .mq .mr .ms .mt .mu .mv .mw .mx .my .mz N .na .nc .ne .nf .ng .ni .nl .no .np .nr .nu .nz O .om P .pa .pe .pf .pg .ph .pk .pl .pm .pn .pr .ps .pt .pw .py Q .qa R .re .ro .rs .ru .rw S .sa .sb .sc .sd .se .sg .sh .si .sk .sl .sm .sn .so .sr .ss .st .su .sv .sx .sy .sz T .tc .td .tf .tg .th .tj .tk .tl .tm .tn .to .tr .tt .tv .tw .tz U .ua .ug .uk .us .uy .uz V .va .vc .ve .vg .vi .vn .vu W .wf .ws Y .ye .yt Z .za .zm | .cs#2: A .ac .ad .ae .af .ag .ai .al .am .ao .aq .ar .as .at .au .aw .ax .az B .ba .bb .bd .be .bf .bg .bh .bi .bj .bm .bn .bo .br .bs .bt .bw .by .bz C .ca .cc .cd .cf .cg .ch .ci .ck .cl .cm .cn .co .cr .cu .cv .cw .cx .cy .cz D .de .dj .dk .dm .do .dz E .ec .ee .eg .er .es .et .eu F .fi .fj .fk .fm .fo .fr G .ga .gd .ge .gf .gg .gh .gi .gl .gm .gn .gp .gq .gr .gs .gt .gu .gw .gy H .hk .hm .hn .hr .ht .hu I .id .ie .il .im .in .io .iq .ir .is .it J .je .jm .jo .jp K .ke .kg .kh .ki .km .kn .kp .kr .kw .ky .kz L .la .lb .lc .li .lk .lr .ls .lt .lu .lv .ly M .ma .mc .md .me .mg .mh .mk .ml .mm .mn .mo .mp .mq .mr .ms .mt .mu .mv .mw .mx .my .mz N .na .nc .ne .nf .ng .ni .nl .no .np .nr .nu .nz O .om P .pa .pe .pf .pg .ph .pk .pl .pm .pn .pr .ps .pt .pw .py Q .qa R .re .ro .rs .ru .rw S .sa .sb .sc .sd .se .sg .sh .si .sk .sl .sm .sn .so .sr .ss .st .su .sv .sx .sy .sz T .tc .td .tf .tg .th .tj .tk .tl .tm .tn .to .tr .tt .tv .tw .tz U .ua .ug .uk .us .uy .uz V .va .vc .ve .vg .vi .vn .vu W .wf .ws Y .ye .yt Z .za .zm .zw | .wf#2: A .ac .ad .ae .af .ag .ai .al .am .ao .aq .ar .as .at .au .aw .ax .az B .ba .bb .bd .be .bf .bg .bh .bi .bj .bm .bn .bo .br .bs .bt .bw .by .bz C .ca .cc .cd .cf .cg .ch .ci .ck .cl .cm .cn .co .cr .cu .cv .cw .cx .cy .cz D .de .dj .dk .dm .do .dz E .ec .ee .eg .er .es .et .eu F .fi .fj .fk .fm .fo .fr G .ga .gd .ge .gf .gg .gh .gi .gl .gm .gn .gp .gq .gr .gs .gt .gu .gw .gy H .hk .hm .hn .hr .ht .hu I .id .ie .il .im .in .io .iq .ir .is .it J .je .jm .jo .jp K .ke .kg .kh .ki .km .kn .kp .kr .kw .ky .kz L .la .lb .lc .li .lk .lr .ls .lt .lu .lv .ly M .ma .mc .md .me .mg .mh .mk .ml .mm .mn .mo .mp .mq .mr .ms .mt .mu .mv .mw .mx .my .mz N .na .nc .ne .nf .ng .ni .nl .no .np .nr .nu .nz O .om P .pa .pe .pf .pg .ph .pk .pl .pm .pn .pr .ps .pt .pw .py Q .qa R .re .ro .rs .ru .rw S .sa .sb .sc .sd .se .sg .sh .si .sk .sl .sm .sn .so .sr .ss .st .su .sv .sx .sy .sz T .tc .td .tf .tg .th .tj .tk .tl .tm .tn .to .tr .tt .tv .tw .tz U .ua .ug .uk .us .uy .uz V .va .vc .ve .vg .vi .vn .vu W .ws Y .ye .yt Z .za .zm .zw | .ps#2: A .ac .ad .ae .af .ag .ai .al .am .ao .aq .ar .as .at .au .aw .ax .az B .ba .bb .bd .be .bf .bg .bh .bi .bj .bm .bn .bo .br .bs .bt .bw .by .bz C .ca .cc .cd .cf .cg .ch .ci .ck .cl .cm .cn .co .cr .cu .cv .cw .cx .cy .cz D .de .dj .dk .dm .do .dz E .ec .ee .eg .er .es .et .eu F .fi .fj .fk .fm .fo .fr G .ga .gd .ge .gf .gg .gh .gi .gl .gm .gn .gp .gq .gr .gs .gt .gu .gw .gy H .hk .hm .hn .hr .ht .hu I .id .ie .il .im .in .io .iq .ir .is .it J .je .jm .jo .jp K .ke .kg .kh .ki .km .kn .kp .kr .kw .ky .kz L .la .lb .lc .li .lk .lr .ls .lt .lu .lv .ly M .ma .mc .md .me .mg .mh .mk .ml .mm .mn .mo .mp .mq .mr .ms .mt .mu .mv .mw .mx .my .mz N .na .nc .ne .nf .ng .ni .nl .no .np .nr .nu .nz O .om P .pa .pe .pf .pg .ph .pk .pl .pm .pn .pr .pt .pw .py Q .qa R .re .ro .rs .ru .rw S .sa .sb .sc .sd .se .sg .sh .si .sk .sl .sm .sn .so .sr .ss .st .su .sv .sx .sy .sz T .tc .td .tf .tg .th .tj .tk .tl .tm .tn .to .tr .tt .tv .tw .tz U .ua .ug .uk .us .uy .uz V .va .vc .ve .vg .vi .vn .vu W .wf .ws Y .ye .yt Z .za .zm .zw | .cu#2: A .ac .ad .ae .af .ag .ai .al .am .ao .aq .ar .as .at .au .aw .ax .az B .ba .bb .bd .be .bf .bg .bh .bi .bj .bm .bn .bo .br .bs .bt .bw .by .bz C .ca .cc .cd .cf .cg .ch .ci .ck .cl .cm .cn .co .cr .cv .cw .cx .cy .cz D .de .dj .dk .dm .do .dz E .ec .ee .eg .er .es .et .eu F .fi .fj .fk .fm .fo .fr G .ga .gd .ge .gf .gg .gh .gi .gl .gm .gn .gp .gq .gr .gs .gt .gu .gw .gy H .hk .hm .hn .hr .ht .hu I .id .ie .il .im .in .io .iq .ir .is .it J .je .jm .jo .jp K .ke .kg .kh .ki .km .kn .kp .kr .kw .ky .kz L .la .lb .lc .li .lk .lr .ls .lt .lu .lv .ly M .ma .mc .md .me .mg .mh .mk .ml .mm .mn .mo .mp .mq .mr .ms .mt .mu .mv .mw .mx .my .mz N .na .nc .ne .nf .ng .ni .nl .no .np .nr .nu .nz O .om P .pa .pe .pf .pg .ph .pk .pl .pm .pn .pr .ps .pt .pw .py Q .qa R .re .ro .rs .ru .rw S .sa .sb .sc .sd .se .sg .sh .si .sk .sl .sm .sn .so .sr .ss .st .su .sv .sx .sy .sz T .tc .td .tf .tg .th .tj .tk .tl .tm .tn .to .tr .tt .tv .tw .tz U .ua .ug .uk .us .uy .uz V .va .vc .ve .vg .vi .vn .vu W .wf .ws Y .ye .yt Z .za .zm .zw | .lr#2: A .ac .ad .ae .af .ag .ai .al .am .ao .aq .ar .as .at .au .aw .ax .az B .ba .bb .bd .be .bf .bg .bh .bi .bj .bm .bn .bo .br .bs .bt .bw .by .bz C .ca .cc .cd .cf .cg .ch .ci .ck .cl .cm .cn .co .cr .cu .cv .cw .cx .cy .cz D .de .dj .dk .dm .do .dz E .ec .ee .eg .er .es .et .eu F .fi .fj .fk .fm .fo .fr G .ga .gd .ge .gf .gg .gh .gi .gl .gm .gn .gp .gq .gr .gs .gt .gu .gw .gy H .hk .hm .hn .hr .ht .hu I .id .ie .il .im .in .io .iq .ir .is .it J .je .jm .jo .jp K .ke .kg .kh .ki .km .kn .kp .kr .kw .ky .kz L .la .lb .lc .li .lk .ls .lt .lu .lv .ly M .ma .mc .md .me .mg .mh .mk .ml .mm .mn .mo .mp .mq .mr .ms .mt .mu .mv .mw .mx .my .mz N .na .nc .ne .nf .ng .ni .nl .no .np .nr .nu .nz O .om P .pa .pe .pf .pg .ph .pk .pl .pm .pn .pr .ps .pt .pw .py Q .qa R .re .ro .rs .ru .rw S .sa .sb .sc .sd .se .sg .sh .si .sk .sl .sm .sn .so .sr .ss .st .su .sv .sx .sy .sz T .tc .td .tf .tg .th .tj .tk .tl .tm .tn .to .tr .tt .tv .tw .tz U .ua .ug .uk .us .uy .uz V .va .vc .ve .vg .vi .vn .vu W .wf .ws Y .ye .yt Z .za .zm .zw | .dm#5: A .ac .ad .ae .af .ag .ai .al .am .ao .aq .ar .as .at .au .aw .ax .az B .ba .bb .bd .be .bf .bg .bh .bi .bj .bm .bn .bo .br .bs .bt .bw .by .bz C .ca .cc .cd .cf .cg .ch .ci .ck .cl .cm .cn .co .cr .cu .cv .cw .cx .cy .cz D .de .dj .dk .do .dz E .ec .ee .eg .er .es .et .eu F .fi .fj .fk .fm .fo .fr G .ga .gd .ge .gf .gg .gh .gi .gl .gm .gn .gp .gq .gr .gs .gt .gu .gw .gy H .hk .hm .hn .hr .ht .hu I .id .ie .il .im .in .io .iq .ir .is .it J .je .jm .jo .jp K .ke .kg .kh .ki .km .kn .kp .kr .kw .ky .kz L .la .lb .lc .li .lk .lr .ls .lt .lu .lv .ly M .ma .mc .md .me .mg .mh .mk .ml .mm .mn .mo .mp .mq .mr .ms .mt .mu .mv .mw .mx .my .mz N .na .nc .ne .nf .ng .ni .nl .no .np .nr .nu .nz O .om P .pa .pe .pf .pg .ph .pk .pl .pm .pn .pr .ps .pt .pw .py Q .qa R .re .ro .rs .ru .rw S .sa .sb .sc .sd .se .sg .sh .si .sk .sl .sm .sn .so .sr .ss .st .su .sv .sx .sy .sz T .tc .td .tf .tg .th .tj .tk .tl .tm .tn .to .tr .tt .tv .tw .tz U .ua .ug .uk .us .uy .uz V .va .vc .ve .vg .vi .vn .vu W .wf .ws Y .ye .yt Z .za .zm .zw | .li#2: A .ac .ad .ae .af .ag .ai .al .am .ao .aq .ar .as .at .au .aw .ax .az B .ba .bb .bd .be .bf .bg .bh .bi .bj .bm .bn .bo .br .bs .bt .bw .by .bz C .ca .cc .cd .cf .cg .ch .ci .ck .cl .cm .cn .co .cr .cu .cv .cw .cx .cy .cz D .de .dj .dk .dm .do .dz E .ec .ee .eg .er .es .et .eu F .fi .fj .fk .fm .fo .fr G .ga .gd .ge .gf .gg .gh .gi .gl .gm .gn .gp .gq .gr .gs .gt .gu .gw .gy H .hk .hm .hn .hr .ht .hu I .id .ie .il .im .in .io .iq .ir .is .it J .je .jm .jo .jp K .ke .kg .kh .ki .km .kn .kp .kr .kw .ky .kz L .la .lb .lc .lk .lr .ls .lt .lu .lv .ly M .ma .mc .md .me .mg .mh .mk .ml .mm .mn .mo .mp .mq .mr .ms .mt .mu .mv .mw .mx .my .mz N .na .nc .ne .nf .ng .ni .nl .no .np .nr .nu .nz O .om P .pa .pe .pf .pg .ph .pk .pl .pm .pn .pr .ps .pt .pw .py Q .qa R .re .ro .rs .ru .rw S .sa .sb .sc .sd .se .sg .sh .si .sk .sl .sm .sn .so .sr .ss .st .su .sv .sx .sy .sz T .tc .td .tf .tg .th .tj .tk .tl .tm .tn .to .tr .tt .tv .tw .tz U .ua .ug .uk .us .uy .uz V .va .vc .ve .vg .vi .vn .vu W .wf .ws Y .ye .yt Z .za .zm .zw | .bb#3: A .ac .ad .ae .af .ag .ai .al .am .ao .aq .ar .as .at .au .aw .ax .az B .ba .bd .be .bf .bg .bh .bi .bj .bm .bn .bo .br .bs .bt .bw .by .bz C .ca .cc .cd .cf .cg .ch .ci .ck .cl .cm .cn .co .cr .cu .cv .cw .cx .cy .cz D .de .dj .dk .dm .do .dz E .ec .ee .eg .er .es .et .eu F .fi .fj .fk .fm .fo .fr G .ga .gd .ge .gf .gg .gh .gi .gl .gm .gn .gp .gq .gr .gs .gt .gu .gw .gy H .hk .hm .hn .hr .ht .hu I .id .ie .il .im .in .io .iq .ir .is .it J .je .jm .jo .jp K .ke .kg .kh .ki .km .kn .kp .kr .kw .ky .kz L .la .lb .lc .li .lk .lr .ls .lt .lu .lv .ly M .ma .mc .md .me .mg .mh .mk .ml .mm .mn .mo .mp .mq .mr .ms .mt .mu .mv .mw .mx .my .mz N .na .nc .ne .nf .ng .ni .nl .no .np .nr .nu .nz O .om P .pa .pe .pf .pg .ph .pk .pl .pm .pn .pr .ps .pt .pw .py Q .qa R .re .ro .rs .ru .rw S .sa .sb .sc .sd .se .sg .sh .si .sk .sl .sm .sn .so .sr .ss .st .su .sv .sx .sy .sz T .tc .td .tf .tg .th .tj .tk .tl .tm .tn .to .tr .tt .tv .tw .tz U .ua .ug .uk .us .uy .uz V .va .vc .ve .vg .vi .vn .vu W .wf .ws Y .ye .yt Z .za .zm .zw | .vg#2: A .ac .ad .ae .af .ag .ai .al .am .ao .aq .ar .as .at .au .aw .ax .az B .ba .bb .bd .be .bf .bg .bh .bi .bj .bm .bn .bo .br .bs .bt .bw .by .bz C .ca .cc .cd .cf .cg .ch .ci .ck .cl .cm .cn .co .cr .cu .cv .cw .cx .cy .cz D .de .dj .dk .dm .do .dz E .ec .ee .eg .er .es .et .eu F .fi .fj .fk .fm .fo .fr G .ga .gd .ge .gf .gg .gh .gi .gl .gm .gn .gp .gq .gr .gs .gt .gu .gw .gy H .hk .hm .hn .hr .ht .hu I .id .ie .il .im .in .io .iq .ir .is .it J .je .jm .jo .jp K .ke .kg .kh .ki .km .kn .kp .kr .kw .ky .kz L .la .lb .lc .li .lk .lr .ls .lt .lu .lv .ly M .ma .mc .md .me .mg .mh .mk .ml .mm .mn .mo .mp .mq .mr .ms .mt .mu .mv .mw .mx .my .mz N .na .nc .ne .nf .ng .ni .nl .no .np .nr .nu .nz O .om P .pa .pe .pf .pg .ph .pk .pl .pm .pn .pr .ps .pt .pw .py Q .qa R .re .ro .rs .ru .rw S .sa .sb .sc .sd .se .sg .sh .si .sk .sl .sm .sn .so .sr .ss .st .su .sv .sx .sy .sz T .tc .td .tf .tg .th .tj .tk .tl .tm .tn .to .tr .tt .tv .tw .tz U .ua .ug .uk .us .uy .uz V .va .vc .ve .vi .vn .vu W .wf .ws Y .ye .yt Z .za .zm .zw | .cr#2: A .ac .ad .ae .af .ag .ai .al .am .ao .aq .ar .as .at .au .aw .ax .az B .ba .bb .bd .be .bf .bg .bh .bi .bj .bm .bn .bo .br .bs .bt .bw .by .bz C .ca .cc .cd .cf .cg .ch .ci .ck .cl .cm .cn .co .cu .cv .cw .cx .cy .cz D .de .dj .dk .dm .do .dz E .ec .ee .eg .er .es .et .eu F .fi .fj .fk .fm .fo .fr G .ga .gd .ge .gf .gg .gh .gi .gl .gm .gn .gp .gq .gr .gs .gt .gu .gw .gy H .hk .hm .hn .hr .ht .hu I .id .ie .il .im .in .io .iq .ir .is .it J .je .jm .jo .jp K .ke .kg .kh .ki .km .kn .kp .kr .kw .ky .kz L .la .lb .lc .li .lk .lr .ls .lt .lu .lv .ly M .ma .mc .md .me .mg .mh .mk .ml .mm .mn .mo .mp .mq .mr .ms .mt .mu .mv .mw .mx .my .mz N .na .nc .ne .nf .ng .ni .nl .no .np .nr .nu .nz O .om P .pa .pe .pf .pg .ph .pk .pl .pm .pn .pr .ps .pt .pw .py Q .qa R .re .ro .rs .ru .rw S .sa .sb .sc .sd .se .sg .sh .si .sk .sl .sm .sn .so .sr .ss .st .su .sv .sx .sy .sz T .tc .td .tf .tg .th .tj .tk .tl .tm .tn .to .tr .tt .tv .tw .tz U .ua .ug .uk .us .uy .uz V .va .vc .ve .vg .vi .vn .vu W .wf .ws Y .ye .yt Z .za .zm .zw | .ag#8: A .ac .ad .ae .af .ai .al .am .ao .aq .ar .as .at .au .aw .ax .az B .ba .bb .bd .be .bf .bg .bh .bi .bj .bm .bn .bo .br .bs .bt .bw .by .bz C .ca .cc .cd .cf .cg .ch .ci .ck .cl .cm .cn .co .cr .cu .cv .cw .cx .cy .cz D .de .dj .dk .dm .do .dz E .ec .ee .eg .er .es .et .eu F .fi .fj .fk .fm .fo .fr G .ga .gd .ge .gf .gg .gh .gi .gl .gm .gn .gp .gq .gr .gs .gt .gu .gw .gy H .hk .hm .hn .hr .ht .hu I .id .ie .il .im .in .io .iq .ir .is .it J .je .jm .jo .jp K .ke .kg .kh .ki .km .kn .kp .kr .kw .ky .kz L .la .lb .lc .li .lk .lr .ls .lt .lu .lv .ly M .ma .mc .md .me .mg .mh .mk .ml .mm .mn .mo .mp .mq .mr .ms .mt .mu .mv .mw .mx .my .mz N .na .nc .ne .nf .ng .ni .nl .no .np .nr .nu .nz O .om P .pa .pe .pf .pg .ph .pk .pl .pm .pn .pr .ps .pt .pw .py Q .qa R .re .ro .rs .ru .rw S .sa .sb .sc .sd .se .sg .sh .si .sk .sl .sm .sn .so .sr .ss .st .su .sv .sx .sy .sz T .tc .td .tf .tg .th .tj .tk .tl .tm .tn .to .tr .tt .tv .tw .tz U .ua .ug .uk .us .uy .uz V .va .vc .ve .vg .vi .vn .vu W .wf .ws Y .ye .yt Z .za .zm .zw | .sx#4: A .ac .ad .ae .af .ag .ai .al .am .ao .aq .ar .as .at .au .aw .ax .az B .ba .bb .bd .be .bf .bg .bh .bi .bj .bm .bn .bo .br .bs .bt .bw .by .bz C .ca .cc .cd .cf .cg .ch .ci .ck .cl .cm .cn .co .cr .cu .cv .cw .cx .cy .cz D .de .dj .dk .dm .do .dz E .ec .ee .eg .er .es .et .eu F .fi .fj .fk .fm .fo .fr G .ga .gd .ge .gf .gg .gh .gi .gl .gm .gn .gp .gq .gr .gs .gt .gu .gw .gy H .hk .hm .hn .hr .ht .hu I .id .ie .il .im .in .io .iq .ir .is .it J .je .jm .jo .jp K .ke .kg .kh .ki .km .kn .kp .kr .kw .ky .kz L .la .lb .lc .li .lk .lr .ls .lt .lu .lv .ly M .ma .mc .md .me .mg .mh .mk .ml .mm .mn .mo .mp .mq .mr .ms .mt .mu .mv .mw .mx .my .mz N .na .nc .ne .nf .ng .ni .nl .no .np .nr .nu .nz O .om P .pa .pe .pf .pg .ph .pk .pl .pm .pn .pr .ps .pt .pw .py Q .qa R .re .ro .rs .ru .rw S .sa .sb .sc .sd .se .sg .sh .si .sk .sl .sm .sn .so .sr .ss .st .su .sv .sy .sz T .tc .td .tf .tg .th .tj .tk .tl .tm .tn .to .tr .tt .tv .tw .tz U .ua .ug .uk .us .uy .uz V .va .vc .ve .vg .vi .vn .vu W .wf .ws Y .ye .yt Z .za .zm .zw | .eu#30: A .ac .ad .ae .af .ag .ai .al .am .ao .aq .ar .as .at .au .aw .ax .az B .ba .bb .bd .be .bf .bg .bh .bi .bj .bm .bn .bo .br .bs .bt .bw .by .bz C .ca .cc .cd .cf .cg .ch .ci .ck .cl .cm .cn .co .cr .cu .cv .cw .cx .cy .cz D .de .dj .dk .dm .do .dz E .ec .ee .eg .er .es .et F .fi .fj .fk .fm .fo .fr G .ga .gd .ge .gf .gg .gh .gi .gl .gm .gn .gp .gq .gr .gs .gt .gu .gw .gy H .hk .hm .hn .hr .ht .hu I .id .ie .il .im .in .io .iq .ir .is .it J .je .jm .jo .jp K .ke .kg .kh .ki .km .kn .kp .kr .kw .ky .kz L .la .lb .lc .li .lk .lr .ls .lt .lu .lv .ly M .ma .mc .md .me .mg .mh .mk .ml .mm .mn .mo .mp .mq .mr .ms .mt .mu .mv .mw .mx .my .mz N .na .nc .ne .nf .ng .ni .nl .no .np .nr .nu .nz O .om P .pa .pe .pf .pg .ph .pk .pl .pm .pn .pr .ps .pt .pw .py Q .qa R .re .ro .rs .ru .rw S .sa .sb .sc .sd .se .sg .sh .si .sk .sl .sm .sn .so .sr .ss .st .su .sv .sx .sy .sz T .tc .td .tf .tg .th .tj .tk .tl .tm .tn .to .tr .tt .tv .tw .tz U .ua .ug .uk .us .uy .uz V .va .vc .ve .vg .vi .vn .vu W .wf .ws Y .ye .yt Z .za .zm .zw | .io#2: A .ac .ad .ae .af .ag .ai .al .am .ao .aq .ar .as .at .au .aw .ax .az B .ba .bb .bd .be .bf .bg .bh .bi .bj .bm .bn .bo .br .bs .bt .bw .by .bz C .ca .cc .cd .cf .cg .ch .ci .ck .cl .cm .cn .co .cr .cu .cv .cw .cx .cy .cz D .de .dj .dk .dm .do .dz E .ec .ee .eg .er .es .et .eu F .fi .fj .fk .fm .fo .fr G .ga .gd .ge .gf .gg .gh .gi .gl .gm .gn .gp .gq .gr .gs .gt .gu .gw .gy H .hk .hm .hn .hr .ht .hu I .id .ie .il .im .in .iq .ir .is .it J .je .jm .jo .jp K .ke .kg .kh .ki .km .kn .kp .kr .kw .ky .kz L .la .lb .lc .li .lk .lr .ls .lt .lu .lv .ly M .ma .mc .md .me .mg .mh .mk .ml .mm .mn .mo .mp .mq .mr .ms .mt .mu .mv .mw .mx .my .mz N .na .nc .ne .nf .ng .ni .nl .no .np .nr .nu .nz O .om P .pa .pe .pf .pg .ph .pk .pl .pm .pn .pr .ps .pt .pw .py Q .qa R .re .ro .rs .ru .rw S .sa .sb .sc .sd .se .sg .sh .si .sk .sl .sm .sn .so .sr .ss .st .su .sv .sx .sy .sz T .tc .td .tf .tg .th .tj .tk .tl .tm .tn .to .tr .tt .tv .tw .tz U .ua .ug .uk .us .uy .uz V .va .vc .ve .vg .vi .vn .vu W .wf .ws Y .ye .yt Z .za .zm .zw | .to#23: A .ac .ad .ae .af .ag .ai .al .am .ao .aq .ar .as .at .au .aw .ax .az B .ba .bb .bd .be .bf .bg .bh .bi .bj .bm .bn .bo .br .bs .bt .bw .by .bz C .ca .cc .cd .cf .cg .ch .ci .ck .cl .cm .cn .co .cr .cu .cv .cw .cx .cy .cz D .de .dj .dk .dm .do .dz E .ec .ee .eg .er .es .et .eu F .fi .fj .fk .fm .fo .fr G .ga .gd .ge .gf .gg .gh .gi .gl .gm .gn .gp .gq .gr .gs .gt .gu .gw .gy H .hk .hm .hn .hr .ht .hu I .id .ie .il .im .in .io .iq .ir .is .it J .je .jm .jo .jp K .ke .kg .kh .ki .km .kn .kp .kr .kw .ky .kz L .la .lb .lc .li .lk .lr .ls .lt .lu .lv .ly M .ma .mc .md .me .mg .mh .mk .ml .mm .mn .mo .mp .mq .mr .ms .mt .mu .mv .mw .mx .my .mz N .na .nc .ne .nf .ng .ni .nl .no .np .nr .nu .nz O .om P .pa .pe .pf .pg .ph .pk .pl .pm .pn .pr .ps .pt .pw .py Q .qa R .re .ro .rs .ru .rw S .sa .sb .sc .sd .se .sg .sh .si .sk .sl .sm .sn .so .sr .ss .st .su .sv .sx .sy .sz T .tc .td .tf .tg .th .tj .tk .tl .tm .tn .tr .tt .tv .tw .tz U .ua .ug .uk .us .uy .uz V .va .vc .ve .vg .vi .vn .vu W .wf .ws Y .ye .yt Z .za .zm .zw | .com#25: A .ac .ad .ae .af .ag .ai .al .am .ao .aq .ar .as .at .au .aw .ax .az B .ba .bb .bd .be .bf .bg .bh .bi .bj .bm .bn .bo .br .bs .bt .bw .by .bz C .ca .cc .cd .cf .cg .ch .ci .ck .cl .cm .cn .co .cr .cu .cv .cw .cx .cy .cz D .de .dj .dk .dm .do .dz E .ec .ee .eg .er .es .et .eu F .fi .fj .fk .fm .fo .fr G .ga .gd .ge .gf .gg .gh .gi .gl .gm .gn .gp .gq .gr .gs .gt .gu .gw .gy H .hk .hm .hn .hr .ht .hu I .id .ie .il .im .in .io .iq .ir .is .it J .je .jm .jo .jp K .ke .kg .kh .ki .km .kn .kp .kr .kw .ky .kz L .la .lb .lc .li .lk .lr .ls .lt .lu .lv .ly M .ma .mc .md .me .mg .mh .mk .ml .mm .mn .mo .mp .mq .mr .ms .mt .mu .mv .mw .mx .my .mz N .na .nc .ne .nf .ng .ni .nl .no .np .nr .nu .nz O .om P .pa .pe .pf .pg .ph .pk .pl .pm .pn .pr .ps .pt .pw .py Q .qa R .re .ro .rs .ru .rw S .sa .sb .sc .sd .se .sg .sh .si .sk .sl .sm .sn .so .sr .ss .st .su .sv .sx .sy .sz T .tc .td .tf .tg .th .tj .tk .tl .tm .tn .to .tr .tt .tv .tw .tz U .ua .ug .uk .us .uy .uz V .va .vc .ve .vg .vi .vn .vu W .wf .ws Y .ye .yt Z .za .zm .zw | .cz#2: A .ac .ad .ae .af .ag .ai .al .am .ao .aq .ar .as .at .au .aw .ax .az B .ba .bb .bd .be .bf .bg .bh .bi .bj .bm .bn .bo .br .bs .bt .bw .by .bz C .ca .cc .cd .cf .cg .ch .ci .ck .cl .cm .cn .co .cr .cu .cv .cw .cx .cy D .de .dj .dk .dm .do .dz E .ec .ee .eg .er .es .et .eu F .fi .fj .fk .fm .fo .fr G .ga .gd .ge .gf .gg .gh .gi .gl .gm .gn .gp .gq .gr .gs .gt .gu .gw .gy H .hk .hm .hn .hr .ht .hu I .id .ie .il .im .in .io .iq .ir .is .it J .je .jm .jo .jp K .ke .kg .kh .ki .km .kn .kp .kr .kw .ky .kz L .la .lb .lc .li .lk .lr .ls .lt .lu .lv .ly M .ma .mc .md .me .mg .mh .mk .ml .mm .mn .mo .mp .mq .mr .ms .mt .mu .mv .mw .mx .my .mz N .na .nc .ne .nf .ng .ni .nl .no .np .nr .nu .nz O .om P .pa .pe .pf .pg .ph .pk .pl .pm .pn .pr .ps .pt .pw .py Q .qa R .re .ro .rs .ru .rw S .sa .sb .sc .sd .se .sg .sh .si .sk .sl .sm .sn .so .sr .ss .st .su .sv .sx .sy .sz T .tc .td .tf .tg .th .tj .tk .tl .tm .tn .to .tr .tt .tv .tw .tz U .ua .ug .uk .us .uy .uz V .va .vc .ve .vg .vi .vn .vu W .wf .ws Y .ye .yt Z .za .zm .zw | .nz#3: A .ac .ad .ae .af .ag .ai .al .am .ao .aq .ar .as .at .au .aw .ax .az B .ba .bb .bd .be .bf .bg .bh .bi .bj .bm .bn .bo .br .bs .bt .bw .by .bz C .ca .cc .cd .cf .cg .ch .ci .ck .cl .cm .cn .co .cr .cu .cv .cw .cx .cy .cz D .de .dj .dk .dm .do .dz E .ec .ee .eg .er .es .et .eu F .fi .fj .fk .fm .fo .fr G .ga .gd .ge .gf .gg .gh .gi .gl .gm .gn .gp .gq .gr .gs .gt .gu .gw .gy H .hk .hm .hn .hr .ht .hu I .id .ie .il .im .in .io .iq .ir .is .it J .je .jm .jo .jp K .ke .kg .kh .ki .km .kn .kp .kr .kw .ky .kz L .la .lb .lc .li .lk .lr .ls .lt .lu .lv .ly M .ma .mc .md .me .mg .mh .mk .ml .mm .mn .mo .mp .mq .mr .ms .mt .mu .mv .mw .mx .my .mz N .na .nc .ne .nf .ng .ni .nl .no .np .nr .nu O .om P .pa .pe .pf .pg .ph .pk .pl .pm .pn .pr .ps .pt .pw .py Q .qa R .re .ro .rs .ru .rw S .sa .sb .sc .sd .se .sg .sh .si .sk .sl .sm .sn .so .sr .ss .st .su .sv .sx .sy .sz T .tc .td .tf .tg .th .tj .tk .tl .tm .tn .to .tr .tt .tv .tw .tz U .ua .ug .uk .us .uy .uz V .va .vc .ve .vg .vi .vn .vu W .wf .ws Y .ye .yt Z .za .zm .zw | .net#5: .net, Ocak 1985'te oluşturulduğu için RFC 920 'de bahsedilmemesine rağmen başlıca üst seviye alan adlarından biridir (Diğer beşi: .com , .edu , .gov , .mil ve .org ). 2024 itibarıyla yaklaşık 13 milyon alan adı ile .com , .cn ve .de 'den sonra en popüler üst seviye alan adıdır . | .bh#8: A .ac .ad .ae .af .ag .ai .al .am .ao .aq .ar .as .at .au .aw .ax .az B .ba .bb .bd .be .bf .bg .bi .bj .bm .bn .bo .br .bs .bt .bw .by .bz C .ca .cc .cd .cf .cg .ch .ci .ck .cl .cm .cn .co .cr .cu .cv .cw .cx .cy .cz D .de .dj .dk .dm .do .dz E .ec .ee .eg .er .es .et .eu F .fi .fj .fk .fm .fo .fr G .ga .gd .ge .gf .gg .gh .gi .gl .gm .gn .gp .gq .gr .gs .gt .gu .gw .gy H .hk .hm .hn .hr .ht .hu I .id .ie .il .im .in .io .iq .ir .is .it J .je .jm .jo .jp K .ke .kg .kh .ki .km .kn .kp .kr .kw .ky .kz L .la .lb .lc .li .lk .lr .ls .lt .lu .lv .ly M .ma .mc .md .me .mg .mh .mk .ml .mm .mn .mo .mp .mq .mr .ms .mt .mu .mv .mw .mx .my .mz N .na .nc .ne .nf .ng .ni .nl .no .np .nr .nu .nz O .om P .pa .pe .pf .pg .ph .pk .pl .pm .pn .pr .ps .pt .pw .py Q .qa R .re .ro .rs .ru .rw S .sa .sb .sc .sd .se .sg .sh .si .sk .sl .sm .sn .so .sr .ss .st .su .sv .sx .sy .sz T .tc .td .tf .tg .th .tj .tk .tl .tm .tn .to .tr .tt .tv .tw .tz U .ua .ug .uk .us .uy .uz V .va .vc .ve .vg .vi .vn .vu W .wf .ws Y .ye .yt Z .za .zm .zw | .bo#7: A .ac .ad .ae .af .ag .ai .al .am .ao .aq .ar .as .at .au .aw .ax .az B .ba .bb .bd .be .bf .bg .bh .bi .bj .bm .bn .br .bs .bt .bw .by .bz C .ca .cc .cd .cf .cg .ch .ci .ck .cl .cm .cn .co .cr .cu .cv .cw .cx .cy .cz D .de .dj .dk .dm .do .dz E .ec .ee .eg .er .es .et .eu F .fi .fj .fk .fm .fo .fr G .ga .gd .ge .gf .gg .gh .gi .gl .gm .gn .gp .gq .gr .gs .gt .gu .gw .gy H .hk .hm .hn .hr .ht .hu I .id .ie .il .im .in .io .iq .ir .is .it J .je .jm .jo .jp K .ke .kg .kh .ki .km .kn .kp .kr .kw .ky .kz L .la .lb .lc .li .lk .lr .ls .lt .lu .lv .ly M .ma .mc .md .me .mg .mh .mk .ml .mm .mn .mo .mp .mq .mr .ms .mt .mu .mv .mw .mx .my .mz N .na .nc .ne .nf .ng .ni .nl .no .np .nr .nu .nz O .om P .pa .pe .pf .pg .ph .pk .pl .pm .pn .pr .ps .pt .pw .py Q .qa R .re .ro .rs .ru .rw S .sa .sb .sc .sd .se .sg .sh .si .sk .sl .sm .sn .so .sr .ss .st .su .sv .sx .sy .sz T .tc .td .tf .tg .th .tj .tk .tl .tm .tn .to .tr .tt .tv .tw .tz U .ua .ug .uk .us .uy .uz V .va .vc .ve .vg .vi .vn .vu W .wf .ws Y .ye .yt Z .za .zm .zw | .pe#5: A .ac .ad .ae .af .ag .ai .al .am .ao .aq .ar .as .at .au .aw .ax .az B .ba .bb .bd .be .bf .bg .bh .bi .bj .bm .bn .bo .br .bs .bt .bw .by .bz C .ca .cc .cd .cf .cg .ch .ci .ck .cl .cm .cn .co .cr .cu .cv .cw .cx .cy .cz D .de .dj .dk .dm .do .dz E .ec .ee .eg .er .es .et .eu F .fi .fj .fk .fm .fo .fr G .ga .gd .ge .gf .gg .gh .gi .gl .gm .gn .gp .gq .gr .gs .gt .gu .gw .gy H .hk .hm .hn .hr .ht .hu I .id .ie .il .im .in .io .iq .ir .is .it J .je .jm .jo .jp K .ke .kg .kh .ki .km .kn .kp .kr .kw .ky .kz L .la .lb .lc .li .lk .lr .ls .lt .lu .lv .ly M .ma .mc .md .me .mg .mh .mk .ml .mm .mn .mo .mp .mq .mr .ms .mt .mu .mv .mw .mx .my .mz N .na .nc .ne .nf .ng .ni .nl .no .np .nr .nu .nz O .om P .pa .pf .pg .ph .pk .pl .pm .pn .pr .ps .pt .pw .py Q .qa R .re .ro .rs .ru .rw S .sa .sb .sc .sd .se .sg .sh .si .sk .sl .sm .sn .so .sr .ss .st .su .sv .sx .sy .sz T .tc .td .tf .tg .th .tj .tk .tl .tm .tn .to .tr .tt .tv .tw .tz U .ua .ug .uk .us .uy .uz V .va .vc .ve .vg .vi .vn .vu W .wf .ws Y .ye .yt Z .za .zm .zw"
Network Solutions,(https://tr.wikipedia.org/w/index.php?title=Network_Solutions&action=edit&redlink=1),1,".to#6: Daha öncesinde .to alan adlarını Network Solutions kaotik bir biçimde satmaktaydı ve başvurular San Francisco'daki Tonga konsolosluğu üzerinden yapılıyordu. | .net#6: Network Solutions 'ı bünyesine katmasının ardından .net'in idaresini üstlenen Verisign , 30 Haziran 2005'te geçerliliğini yitiren yönetim sözleşmesine sahipti."
uluslararası alan adları,(https://tr.wikipedia.org/wiki/Uluslararas%C4%B1_alan_ad%C4%B1),1,.net#9: Kayıtlar akredite kayıt şirketleri tarafından yapılmaktadır ve uluslararası alan adları da kabul edilmektedir.
