E,U,Frekans,Kaynak_IDler
Arpanet,(https://tr.wikipedia.org/wiki/ARPANET),4,"DNS#41: Bilgisayar ağları üzerindeki isimlendirme sorunu ilk olarak internetin babası sayılan Arpanet zamanında ortaya çıkmıştır. 1970'lerde ArpaNet günümüz ağları ile karşılaştırılamayacak kadar küçük durumdaydı ve yalnızca birkaç yüz ile ifade edilebilen sisteme hizmet veriyordu. | DNS#44: Bu dosya her adrese bir isim karşılık gelecek şekilde düzenlenmişti. Arpanet üzerindeki yeni isim tanımlamaları ve değişiklikleri SRI'ya gönderilen e-postalar arcılığı ile yapılıyor ve HOSTS.TXT' in kopyası File Transfer Protocol ile alınıyordu. | DNS#45: Arpanet üzerinde TCP/IP kullanımına paralel olarak ortaya çıkan bağlantı patlaması, isim çözümü için birçok sunucuda ve her bilgisayara özgün bir isim atanmasında problemler yaşanmaktaydı. | DNS#48: Bu durumun ortaya çıkmasından sonra Arpanet daha ölçeklenebilir bir isim çözümleme yapısı için araştırmalara başladı. Paul Mockapetris bu işle görevlendirildi."
.uk,(https://tr.wikipedia.org/wiki/.uk),2,"DNS#39: En üste .com , .org , .net , .int , .edu , .info , .biz , .aero , .travel , .jobs , .gov , .mil gibi "" jenerik "" üst düzey alanlarla ( gTLD ) .tr , .us , .de , .uk , .jp , .az gibi ülke alanlarından ( CcTLD ) oluşur. | DNS#176: A .ac .ad .ae .af .ag .ai .al .am .ao .aq .ar .as .at .au .aw .ax .az B .ba .bb .bd .be .bf .bg .bh .bi .bj .bm .bn .bo .br .bs .bt .bw .by .bz C .ca .cc .cd .cf .cg .ch .ci .ck .cl .cm .cn .co .cr .cu .cv .cw .cx .cy .cz D .de .dj .dk .dm .do .dz E .ec .ee .eg .er .es .et .eu F .fi .fj .fk .fm .fo .fr G .ga .gd .ge .gf .gg .gh .gi .gl .gm .gn .gp .gq .gr .gs .gt .gu .gw .gy H .hk .hm .hn .hr .ht .hu I .id .ie .il .im .in .io .iq .ir .is .it J .je .jm .jo .jp K .ke .kg .kh .ki .km .kn .kp .kr .kw .ky .kz L .la .lb .lc .li .lk .lr .ls .lt .lu .lv .ly M .ma .mc .md .me .mg .mh .mk .ml .mm .mn .mo .mp .mq .mr .ms .mt .mu .mv .mw .mx .my .mz N .na .nc .ne .nf .ng .ni .nl .no .np .nr .nu .nz O .om P .pa .pe .pf .pg .ph .pk .pl .pm .pn .pr .ps .pt .pw .py Q .qa R .re .ro .rs .ru .rw S .sa .sb .sc .sd .se .sg .sh .si .sk .sl .sm .sn .so .sr .ss .st .su .sv .sx .sy .sz T .tc .td .tf .tg .th .tj .tk .tl .tm .tn .to .tr .tt .tv .tw .tz U .ua .ug .uk .us .uy .uz V .va .vc .ve .vg .vi .vn .vu W .wf .ws Y .ye .yt Z .za .zm .zw"
.tr,(https://tr.wikipedia.org/wiki/.tr),2,"DNS#39: En üste .com , .org , .net , .int , .edu , .info , .biz , .aero , .travel , .jobs , .gov , .mil gibi "" jenerik "" üst düzey alanlarla ( gTLD ) .tr , .us , .de , .uk , .jp , .az gibi ülke alanlarından ( CcTLD ) oluşur. | DNS#176: A .ac .ad .ae .af .ag .ai .al .am .ao .aq .ar .as .at .au .aw .ax .az B .ba .bb .bd .be .bf .bg .bh .bi .bj .bm .bn .bo .br .bs .bt .bw .by .bz C .ca .cc .cd .cf .cg .ch .ci .ck .cl .cm .cn .co .cr .cu .cv .cw .cx .cy .cz D .de .dj .dk .dm .do .dz E .ec .ee .eg .er .es .et .eu F .fi .fj .fk .fm .fo .fr G .ga .gd .ge .gf .gg .gh .gi .gl .gm .gn .gp .gq .gr .gs .gt .gu .gw .gy H .hk .hm .hn .hr .ht .hu I .id .ie .il .im .in .io .iq .ir .is .it J .je .jm .jo .jp K .ke .kg .kh .ki .km .kn .kp .kr .kw .ky .kz L .la .lb .lc .li .lk .lr .ls .lt .lu .lv .ly M .ma .mc .md .me .mg .mh .mk .ml .mm .mn .mo .mp .mq .mr .ms .mt .mu .mv .mw .mx .my .mz N .na .nc .ne .nf .ng .ni .nl .no .np .nr .nu .nz O .om P .pa .pe .pf .pg .ph .pk .pl .pm .pn .pr .ps .pt .pw .py Q .qa R .re .ro .rs .ru .rw S .sa .sb .sc .sd .se .sg .sh .si .sk .sl .sm .sn .so .sr .ss .st .su .sv .sx .sy .sz T .tc .td .tf .tg .th .tj .tk .tl .tm .tn .to .tr .tt .tv .tw .tz U .ua .ug .uk .us .uy .uz V .va .vc .ve .vg .vi .vn .vu W .wf .ws Y .ye .yt Z .za .zm .zw"
.us,(https://tr.wikipedia.org/wiki/.us),2,"DNS#39: En üste .com , .org , .net , .int , .edu , .info , .biz , .aero , .travel , .jobs , .gov , .mil gibi "" jenerik "" üst düzey alanlarla ( gTLD ) .tr , .us , .de , .uk , .jp , .az gibi ülke alanlarından ( CcTLD ) oluşur. | DNS#176: A .ac .ad .ae .af .ag .ai .al .am .ao .aq .ar .as .at .au .aw .ax .az B .ba .bb .bd .be .bf .bg .bh .bi .bj .bm .bn .bo .br .bs .bt .bw .by .bz C .ca .cc .cd .cf .cg .ch .ci .ck .cl .cm .cn .co .cr .cu .cv .cw .cx .cy .cz D .de .dj .dk .dm .do .dz E .ec .ee .eg .er .es .et .eu F .fi .fj .fk .fm .fo .fr G .ga .gd .ge .gf .gg .gh .gi .gl .gm .gn .gp .gq .gr .gs .gt .gu .gw .gy H .hk .hm .hn .hr .ht .hu I .id .ie .il .im .in .io .iq .ir .is .it J .je .jm .jo .jp K .ke .kg .kh .ki .km .kn .kp .kr .kw .ky .kz L .la .lb .lc .li .lk .lr .ls .lt .lu .lv .ly M .ma .mc .md .me .mg .mh .mk .ml .mm .mn .mo .mp .mq .mr .ms .mt .mu .mv .mw .mx .my .mz N .na .nc .ne .nf .ng .ni .nl .no .np .nr .nu .nz O .om P .pa .pe .pf .pg .ph .pk .pl .pm .pn .pr .ps .pt .pw .py Q .qa R .re .ro .rs .ru .rw S .sa .sb .sc .sd .se .sg .sh .si .sk .sl .sm .sn .so .sr .ss .st .su .sv .sx .sy .sz T .tc .td .tf .tg .th .tj .tk .tl .tm .tn .to .tr .tt .tv .tw .tz U .ua .ug .uk .us .uy .uz V .va .vc .ve .vg .vi .vn .vu W .wf .ws Y .ye .yt Z .za .zm .zw"
.de,(https://tr.wikipedia.org/wiki/.de),2,"DNS#39: En üste .com , .org , .net , .int , .edu , .info , .biz , .aero , .travel , .jobs , .gov , .mil gibi "" jenerik "" üst düzey alanlarla ( gTLD ) .tr , .us , .de , .uk , .jp , .az gibi ülke alanlarından ( CcTLD ) oluşur. | DNS#176: A .ac .ad .ae .af .ag .ai .al .am .ao .aq .ar .as .at .au .aw .ax .az B .ba .bb .bd .be .bf .bg .bh .bi .bj .bm .bn .bo .br .bs .bt .bw .by .bz C .ca .cc .cd .cf .cg .ch .ci .ck .cl .cm .cn .co .cr .cu .cv .cw .cx .cy .cz D .de .dj .dk .dm .do .dz E .ec .ee .eg .er .es .et .eu F .fi .fj .fk .fm .fo .fr G .ga .gd .ge .gf .gg .gh .gi .gl .gm .gn .gp .gq .gr .gs .gt .gu .gw .gy H .hk .hm .hn .hr .ht .hu I .id .ie .il .im .in .io .iq .ir .is .it J .je .jm .jo .jp K .ke .kg .kh .ki .km .kn .kp .kr .kw .ky .kz L .la .lb .lc .li .lk .lr .ls .lt .lu .lv .ly M .ma .mc .md .me .mg .mh .mk .ml .mm .mn .mo .mp .mq .mr .ms .mt .mu .mv .mw .mx .my .mz N .na .nc .ne .nf .ng .ni .nl .no .np .nr .nu .nz O .om P .pa .pe .pf .pg .ph .pk .pl .pm .pn .pr .ps .pt .pw .py Q .qa R .re .ro .rs .ru .rw S .sa .sb .sc .sd .se .sg .sh .si .sk .sl .sm .sn .so .sr .ss .st .su .sv .sx .sy .sz T .tc .td .tf .tg .th .tj .tk .tl .tm .tn .to .tr .tt .tv .tw .tz U .ua .ug .uk .us .uy .uz V .va .vc .ve .vg .vi .vn .vu W .wf .ws Y .ye .yt Z .za .zm .zw"
.eu,(https://tr.wikipedia.org/wiki/.eu),2,DNS#40: Buna son olarak .eu ve .asia gibi bölgesel birkaç üst düzey alan adı daha eklenmiştir. | DNS#176: A .ac .ad .ae .af .ag .ai .al .am .ao .aq .ar .as .at .au .aw .ax .az B .ba .bb .bd .be .bf .bg .bh .bi .bj .bm .bn .bo .br .bs .bt .bw .by .bz C .ca .cc .cd .cf .cg .ch .ci .ck .cl .cm .cn .co .cr .cu .cv .cw .cx .cy .cz D .de .dj .dk .dm .do .dz E .ec .ee .eg .er .es .et .eu F .fi .fj .fk .fm .fo .fr G .ga .gd .ge .gf .gg .gh .gi .gl .gm .gn .gp .gq .gr .gs .gt .gu .gw .gy H .hk .hm .hn .hr .ht .hu I .id .ie .il .im .in .io .iq .ir .is .it J .je .jm .jo .jp K .ke .kg .kh .ki .km .kn .kp .kr .kw .ky .kz L .la .lb .lc .li .lk .lr .ls .lt .lu .lv .ly M .ma .mc .md .me .mg .mh .mk .ml .mm .mn .mo .mp .mq .mr .ms .mt .mu .mv .mw .mx .my .mz N .na .nc .ne .nf .ng .ni .nl .no .np .nr .nu .nz O .om P .pa .pe .pf .pg .ph .pk .pl .pm .pn .pr .ps .pt .pw .py Q .qa R .re .ro .rs .ru .rw S .sa .sb .sc .sd .se .sg .sh .si .sk .sl .sm .sn .so .sr .ss .st .su .sv .sx .sy .sz T .tc .td .tf .tg .th .tj .tk .tl .tm .tn .to .tr .tt .tv .tw .tz U .ua .ug .uk .us .uy .uz V .va .vc .ve .vg .vi .vn .vu W .wf .ws Y .ye .yt Z .za .zm .zw
.jp,(https://tr.wikipedia.org/wiki/.jp),2,"DNS#39: En üste .com , .org , .net , .int , .edu , .info , .biz , .aero , .travel , .jobs , .gov , .mil gibi "" jenerik "" üst düzey alanlarla ( gTLD ) .tr , .us , .de , .uk , .jp , .az gibi ülke alanlarından ( CcTLD ) oluşur. | DNS#176: A .ac .ad .ae .af .ag .ai .al .am .ao .aq .ar .as .at .au .aw .ax .az B .ba .bb .bd .be .bf .bg .bh .bi .bj .bm .bn .bo .br .bs .bt .bw .by .bz C .ca .cc .cd .cf .cg .ch .ci .ck .cl .cm .cn .co .cr .cu .cv .cw .cx .cy .cz D .de .dj .dk .dm .do .dz E .ec .ee .eg .er .es .et .eu F .fi .fj .fk .fm .fo .fr G .ga .gd .ge .gf .gg .gh .gi .gl .gm .gn .gp .gq .gr .gs .gt .gu .gw .gy H .hk .hm .hn .hr .ht .hu I .id .ie .il .im .in .io .iq .ir .is .it J .je .jm .jo .jp K .ke .kg .kh .ki .km .kn .kp .kr .kw .ky .kz L .la .lb .lc .li .lk .lr .ls .lt .lu .lv .ly M .ma .mc .md .me .mg .mh .mk .ml .mm .mn .mo .mp .mq .mr .ms .mt .mu .mv .mw .mx .my .mz N .na .nc .ne .nf .ng .ni .nl .no .np .nr .nu .nz O .om P .pa .pe .pf .pg .ph .pk .pl .pm .pn .pr .ps .pt .pw .py Q .qa R .re .ro .rs .ru .rw S .sa .sb .sc .sd .se .sg .sh .si .sk .sl .sm .sn .so .sr .ss .st .su .sv .sx .sy .sz T .tc .td .tf .tg .th .tj .tk .tl .tm .tn .to .tr .tt .tv .tw .tz U .ua .ug .uk .us .uy .uz V .va .vc .ve .vg .vi .vn .vu W .wf .ws Y .ye .yt Z .za .zm .zw"
.az,(https://tr.wikipedia.org/wiki/.az),2,"DNS#39: En üste .com , .org , .net , .int , .edu , .info , .biz , .aero , .travel , .jobs , .gov , .mil gibi "" jenerik "" üst düzey alanlarla ( gTLD ) .tr , .us , .de , .uk , .jp , .az gibi ülke alanlarından ( CcTLD ) oluşur. | DNS#176: A .ac .ad .ae .af .ag .ai .al .am .ao .aq .ar .as .at .au .aw .ax .az B .ba .bb .bd .be .bf .bg .bh .bi .bj .bm .bn .bo .br .bs .bt .bw .by .bz C .ca .cc .cd .cf .cg .ch .ci .ck .cl .cm .cn .co .cr .cu .cv .cw .cx .cy .cz D .de .dj .dk .dm .do .dz E .ec .ee .eg .er .es .et .eu F .fi .fj .fk .fm .fo .fr G .ga .gd .ge .gf .gg .gh .gi .gl .gm .gn .gp .gq .gr .gs .gt .gu .gw .gy H .hk .hm .hn .hr .ht .hu I .id .ie .il .im .in .io .iq .ir .is .it J .je .jm .jo .jp K .ke .kg .kh .ki .km .kn .kp .kr .kw .ky .kz L .la .lb .lc .li .lk .lr .ls .lt .lu .lv .ly M .ma .mc .md .me .mg .mh .mk .ml .mm .mn .mo .mp .mq .mr .ms .mt .mu .mv .mw .mx .my .mz N .na .nc .ne .nf .ng .ni .nl .no .np .nr .nu .nz O .om P .pa .pe .pf .pg .ph .pk .pl .pm .pn .pr .ps .pt .pw .py Q .qa R .re .ro .rs .ru .rw S .sa .sb .sc .sd .se .sg .sh .si .sk .sl .sm .sn .so .sr .ss .st .su .sv .sx .sy .sz T .tc .td .tf .tg .th .tj .tk .tl .tm .tn .to .tr .tt .tv .tw .tz U .ua .ug .uk .us .uy .uz V .va .vc .ve .vg .vi .vn .vu W .wf .ws Y .ye .yt Z .za .zm .zw"
IP,(https://tr.wikipedia.org/wiki/IP_adresi),2,DNS#2: İnternet ağını oluşturan her birim sadece kendine ait bir IP adresine sahiptir. | DNS#27: Örneğin tr.wikipedia.org alan adı ile 207.142.131.210 şeklindeki IP nosu arasındaki bağlantıyı Alan Adı Sistemi sağlar.
.su,(https://tr.wikipedia.org/wiki/.su),2,DNS#176: A .ac .ad .ae .af .ag .ai .al .am .ao .aq .ar .as .at .au .aw .ax .az B .ba .bb .bd .be .bf .bg .bh .bi .bj .bm .bn .bo .br .bs .bt .bw .by .bz C .ca .cc .cd .cf .cg .ch .ci .ck .cl .cm .cn .co .cr .cu .cv .cw .cx .cy .cz D .de .dj .dk .dm .do .dz E .ec .ee .eg .er .es .et .eu F .fi .fj .fk .fm .fo .fr G .ga .gd .ge .gf .gg .gh .gi .gl .gm .gn .gp .gq .gr .gs .gt .gu .gw .gy H .hk .hm .hn .hr .ht .hu I .id .ie .il .im .in .io .iq .ir .is .it J .je .jm .jo .jp K .ke .kg .kh .ki .km .kn .kp .kr .kw .ky .kz L .la .lb .lc .li .lk .lr .ls .lt .lu .lv .ly M .ma .mc .md .me .mg .mh .mk .ml .mm .mn .mo .mp .mq .mr .ms .mt .mu .mv .mw .mx .my .mz N .na .nc .ne .nf .ng .ni .nl .no .np .nr .nu .nz O .om P .pa .pe .pf .pg .ph .pk .pl .pm .pn .pr .ps .pt .pw .py Q .qa R .re .ro .rs .ru .rw S .sa .sb .sc .sd .se .sg .sh .si .sk .sl .sm .sn .so .sr .ss .st .su .sv .sx .sy .sz T .tc .td .tf .tg .th .tj .tk .tl .tm .tn .to .tr .tt .tv .tw .tz U .ua .ug .uk .us .uy .uz V .va .vc .ve .vg .vi .vn .vu W .wf .ws Y .ye .yt Z .za .zm .zw | DNS#180: .su
.sn,(https://tr.wikipedia.org/wiki/.sn),1,DNS#176: A .ac .ad .ae .af .ag .ai .al .am .ao .aq .ar .as .at .au .aw .ax .az B .ba .bb .bd .be .bf .bg .bh .bi .bj .bm .bn .bo .br .bs .bt .bw .by .bz C .ca .cc .cd .cf .cg .ch .ci .ck .cl .cm .cn .co .cr .cu .cv .cw .cx .cy .cz D .de .dj .dk .dm .do .dz E .ec .ee .eg .er .es .et .eu F .fi .fj .fk .fm .fo .fr G .ga .gd .ge .gf .gg .gh .gi .gl .gm .gn .gp .gq .gr .gs .gt .gu .gw .gy H .hk .hm .hn .hr .ht .hu I .id .ie .il .im .in .io .iq .ir .is .it J .je .jm .jo .jp K .ke .kg .kh .ki .km .kn .kp .kr .kw .ky .kz L .la .lb .lc .li .lk .lr .ls .lt .lu .lv .ly M .ma .mc .md .me .mg .mh .mk .ml .mm .mn .mo .mp .mq .mr .ms .mt .mu .mv .mw .mx .my .mz N .na .nc .ne .nf .ng .ni .nl .no .np .nr .nu .nz O .om P .pa .pe .pf .pg .ph .pk .pl .pm .pn .pr .ps .pt .pw .py Q .qa R .re .ro .rs .ru .rw S .sa .sb .sc .sd .se .sg .sh .si .sk .sl .sm .sn .so .sr .ss .st .su .sv .sx .sy .sz T .tc .td .tf .tg .th .tj .tk .tl .tm .tn .to .tr .tt .tv .tw .tz U .ua .ug .uk .us .uy .uz V .va .vc .ve .vg .vi .vn .vu W .wf .ws Y .ye .yt Z .za .zm .zw
.so,(https://tr.wikipedia.org/wiki/.so),1,DNS#176: A .ac .ad .ae .af .ag .ai .al .am .ao .aq .ar .as .at .au .aw .ax .az B .ba .bb .bd .be .bf .bg .bh .bi .bj .bm .bn .bo .br .bs .bt .bw .by .bz C .ca .cc .cd .cf .cg .ch .ci .ck .cl .cm .cn .co .cr .cu .cv .cw .cx .cy .cz D .de .dj .dk .dm .do .dz E .ec .ee .eg .er .es .et .eu F .fi .fj .fk .fm .fo .fr G .ga .gd .ge .gf .gg .gh .gi .gl .gm .gn .gp .gq .gr .gs .gt .gu .gw .gy H .hk .hm .hn .hr .ht .hu I .id .ie .il .im .in .io .iq .ir .is .it J .je .jm .jo .jp K .ke .kg .kh .ki .km .kn .kp .kr .kw .ky .kz L .la .lb .lc .li .lk .lr .ls .lt .lu .lv .ly M .ma .mc .md .me .mg .mh .mk .ml .mm .mn .mo .mp .mq .mr .ms .mt .mu .mv .mw .mx .my .mz N .na .nc .ne .nf .ng .ni .nl .no .np .nr .nu .nz O .om P .pa .pe .pf .pg .ph .pk .pl .pm .pn .pr .ps .pt .pw .py Q .qa R .re .ro .rs .ru .rw S .sa .sb .sc .sd .se .sg .sh .si .sk .sl .sm .sn .so .sr .ss .st .su .sv .sx .sy .sz T .tc .td .tf .tg .th .tj .tk .tl .tm .tn .to .tr .tt .tv .tw .tz U .ua .ug .uk .us .uy .uz V .va .vc .ve .vg .vi .vn .vu W .wf .ws Y .ye .yt Z .za .zm .zw
.sr,(https://tr.wikipedia.org/wiki/.sr),1,DNS#176: A .ac .ad .ae .af .ag .ai .al .am .ao .aq .ar .as .at .au .aw .ax .az B .ba .bb .bd .be .bf .bg .bh .bi .bj .bm .bn .bo .br .bs .bt .bw .by .bz C .ca .cc .cd .cf .cg .ch .ci .ck .cl .cm .cn .co .cr .cu .cv .cw .cx .cy .cz D .de .dj .dk .dm .do .dz E .ec .ee .eg .er .es .et .eu F .fi .fj .fk .fm .fo .fr G .ga .gd .ge .gf .gg .gh .gi .gl .gm .gn .gp .gq .gr .gs .gt .gu .gw .gy H .hk .hm .hn .hr .ht .hu I .id .ie .il .im .in .io .iq .ir .is .it J .je .jm .jo .jp K .ke .kg .kh .ki .km .kn .kp .kr .kw .ky .kz L .la .lb .lc .li .lk .lr .ls .lt .lu .lv .ly M .ma .mc .md .me .mg .mh .mk .ml .mm .mn .mo .mp .mq .mr .ms .mt .mu .mv .mw .mx .my .mz N .na .nc .ne .nf .ng .ni .nl .no .np .nr .nu .nz O .om P .pa .pe .pf .pg .ph .pk .pl .pm .pn .pr .ps .pt .pw .py Q .qa R .re .ro .rs .ru .rw S .sa .sb .sc .sd .se .sg .sh .si .sk .sl .sm .sn .so .sr .ss .st .su .sv .sx .sy .sz T .tc .td .tf .tg .th .tj .tk .tl .tm .tn .to .tr .tt .tv .tw .tz U .ua .ug .uk .us .uy .uz V .va .vc .ve .vg .vi .vn .vu W .wf .ws Y .ye .yt Z .za .zm .zw
.ss,(https://tr.wikipedia.org/wiki/.ss),1,DNS#176: A .ac .ad .ae .af .ag .ai .al .am .ao .aq .ar .as .at .au .aw .ax .az B .ba .bb .bd .be .bf .bg .bh .bi .bj .bm .bn .bo .br .bs .bt .bw .by .bz C .ca .cc .cd .cf .cg .ch .ci .ck .cl .cm .cn .co .cr .cu .cv .cw .cx .cy .cz D .de .dj .dk .dm .do .dz E .ec .ee .eg .er .es .et .eu F .fi .fj .fk .fm .fo .fr G .ga .gd .ge .gf .gg .gh .gi .gl .gm .gn .gp .gq .gr .gs .gt .gu .gw .gy H .hk .hm .hn .hr .ht .hu I .id .ie .il .im .in .io .iq .ir .is .it J .je .jm .jo .jp K .ke .kg .kh .ki .km .kn .kp .kr .kw .ky .kz L .la .lb .lc .li .lk .lr .ls .lt .lu .lv .ly M .ma .mc .md .me .mg .mh .mk .ml .mm .mn .mo .mp .mq .mr .ms .mt .mu .mv .mw .mx .my .mz N .na .nc .ne .nf .ng .ni .nl .no .np .nr .nu .nz O .om P .pa .pe .pf .pg .ph .pk .pl .pm .pn .pr .ps .pt .pw .py Q .qa R .re .ro .rs .ru .rw S .sa .sb .sc .sd .se .sg .sh .si .sk .sl .sm .sn .so .sr .ss .st .su .sv .sx .sy .sz T .tc .td .tf .tg .th .tj .tk .tl .tm .tn .to .tr .tt .tv .tw .tz U .ua .ug .uk .us .uy .uz V .va .vc .ve .vg .vi .vn .vu W .wf .ws Y .ye .yt Z .za .zm .zw
.st,(https://tr.wikipedia.org/wiki/.st),1,DNS#176: A .ac .ad .ae .af .ag .ai .al .am .ao .aq .ar .as .at .au .aw .ax .az B .ba .bb .bd .be .bf .bg .bh .bi .bj .bm .bn .bo .br .bs .bt .bw .by .bz C .ca .cc .cd .cf .cg .ch .ci .ck .cl .cm .cn .co .cr .cu .cv .cw .cx .cy .cz D .de .dj .dk .dm .do .dz E .ec .ee .eg .er .es .et .eu F .fi .fj .fk .fm .fo .fr G .ga .gd .ge .gf .gg .gh .gi .gl .gm .gn .gp .gq .gr .gs .gt .gu .gw .gy H .hk .hm .hn .hr .ht .hu I .id .ie .il .im .in .io .iq .ir .is .it J .je .jm .jo .jp K .ke .kg .kh .ki .km .kn .kp .kr .kw .ky .kz L .la .lb .lc .li .lk .lr .ls .lt .lu .lv .ly M .ma .mc .md .me .mg .mh .mk .ml .mm .mn .mo .mp .mq .mr .ms .mt .mu .mv .mw .mx .my .mz N .na .nc .ne .nf .ng .ni .nl .no .np .nr .nu .nz O .om P .pa .pe .pf .pg .ph .pk .pl .pm .pn .pr .ps .pt .pw .py Q .qa R .re .ro .rs .ru .rw S .sa .sb .sc .sd .se .sg .sh .si .sk .sl .sm .sn .so .sr .ss .st .su .sv .sx .sy .sz T .tc .td .tf .tg .th .tj .tk .tl .tm .tn .to .tr .tt .tv .tw .tz U .ua .ug .uk .us .uy .uz V .va .vc .ve .vg .vi .vn .vu W .wf .ws Y .ye .yt Z .za .zm .zw
.ws,(https://tr.wikipedia.org/wiki/.ws),1,DNS#176: A .ac .ad .ae .af .ag .ai .al .am .ao .aq .ar .as .at .au .aw .ax .az B .ba .bb .bd .be .bf .bg .bh .bi .bj .bm .bn .bo .br .bs .bt .bw .by .bz C .ca .cc .cd .cf .cg .ch .ci .ck .cl .cm .cn .co .cr .cu .cv .cw .cx .cy .cz D .de .dj .dk .dm .do .dz E .ec .ee .eg .er .es .et .eu F .fi .fj .fk .fm .fo .fr G .ga .gd .ge .gf .gg .gh .gi .gl .gm .gn .gp .gq .gr .gs .gt .gu .gw .gy H .hk .hm .hn .hr .ht .hu I .id .ie .il .im .in .io .iq .ir .is .it J .je .jm .jo .jp K .ke .kg .kh .ki .km .kn .kp .kr .kw .ky .kz L .la .lb .lc .li .lk .lr .ls .lt .lu .lv .ly M .ma .mc .md .me .mg .mh .mk .ml .mm .mn .mo .mp .mq .mr .ms .mt .mu .mv .mw .mx .my .mz N .na .nc .ne .nf .ng .ni .nl .no .np .nr .nu .nz O .om P .pa .pe .pf .pg .ph .pk .pl .pm .pn .pr .ps .pt .pw .py Q .qa R .re .ro .rs .ru .rw S .sa .sb .sc .sd .se .sg .sh .si .sk .sl .sm .sn .so .sr .ss .st .su .sv .sx .sy .sz T .tc .td .tf .tg .th .tj .tk .tl .tm .tn .to .tr .tt .tv .tw .tz U .ua .ug .uk .us .uy .uz V .va .vc .ve .vg .vi .vn .vu W .wf .ws Y .ye .yt Z .za .zm .zw
.sv,(https://tr.wikipedia.org/wiki/.sv),1,DNS#176: A .ac .ad .ae .af .ag .ai .al .am .ao .aq .ar .as .at .au .aw .ax .az B .ba .bb .bd .be .bf .bg .bh .bi .bj .bm .bn .bo .br .bs .bt .bw .by .bz C .ca .cc .cd .cf .cg .ch .ci .ck .cl .cm .cn .co .cr .cu .cv .cw .cx .cy .cz D .de .dj .dk .dm .do .dz E .ec .ee .eg .er .es .et .eu F .fi .fj .fk .fm .fo .fr G .ga .gd .ge .gf .gg .gh .gi .gl .gm .gn .gp .gq .gr .gs .gt .gu .gw .gy H .hk .hm .hn .hr .ht .hu I .id .ie .il .im .in .io .iq .ir .is .it J .je .jm .jo .jp K .ke .kg .kh .ki .km .kn .kp .kr .kw .ky .kz L .la .lb .lc .li .lk .lr .ls .lt .lu .lv .ly M .ma .mc .md .me .mg .mh .mk .ml .mm .mn .mo .mp .mq .mr .ms .mt .mu .mv .mw .mx .my .mz N .na .nc .ne .nf .ng .ni .nl .no .np .nr .nu .nz O .om P .pa .pe .pf .pg .ph .pk .pl .pm .pn .pr .ps .pt .pw .py Q .qa R .re .ro .rs .ru .rw S .sa .sb .sc .sd .se .sg .sh .si .sk .sl .sm .sn .so .sr .ss .st .su .sv .sx .sy .sz T .tc .td .tf .tg .th .tj .tk .tl .tm .tn .to .tr .tt .tv .tw .tz U .ua .ug .uk .us .uy .uz V .va .vc .ve .vg .vi .vn .vu W .wf .ws Y .ye .yt Z .za .zm .zw
.sx,(https://tr.wikipedia.org/wiki/.sx),1,DNS#176: A .ac .ad .ae .af .ag .ai .al .am .ao .aq .ar .as .at .au .aw .ax .az B .ba .bb .bd .be .bf .bg .bh .bi .bj .bm .bn .bo .br .bs .bt .bw .by .bz C .ca .cc .cd .cf .cg .ch .ci .ck .cl .cm .cn .co .cr .cu .cv .cw .cx .cy .cz D .de .dj .dk .dm .do .dz E .ec .ee .eg .er .es .et .eu F .fi .fj .fk .fm .fo .fr G .ga .gd .ge .gf .gg .gh .gi .gl .gm .gn .gp .gq .gr .gs .gt .gu .gw .gy H .hk .hm .hn .hr .ht .hu I .id .ie .il .im .in .io .iq .ir .is .it J .je .jm .jo .jp K .ke .kg .kh .ki .km .kn .kp .kr .kw .ky .kz L .la .lb .lc .li .lk .lr .ls .lt .lu .lv .ly M .ma .mc .md .me .mg .mh .mk .ml .mm .mn .mo .mp .mq .mr .ms .mt .mu .mv .mw .mx .my .mz N .na .nc .ne .nf .ng .ni .nl .no .np .nr .nu .nz O .om P .pa .pe .pf .pg .ph .pk .pl .pm .pn .pr .ps .pt .pw .py Q .qa R .re .ro .rs .ru .rw S .sa .sb .sc .sd .se .sg .sh .si .sk .sl .sm .sn .so .sr .ss .st .su .sv .sx .sy .sz T .tc .td .tf .tg .th .tj .tk .tl .tm .tn .to .tr .tt .tv .tw .tz U .ua .ug .uk .us .uy .uz V .va .vc .ve .vg .vi .vn .vu W .wf .ws Y .ye .yt Z .za .zm .zw
.sy,(https://tr.wikipedia.org/wiki/.sy),1,DNS#176: A .ac .ad .ae .af .ag .ai .al .am .ao .aq .ar .as .at .au .aw .ax .az B .ba .bb .bd .be .bf .bg .bh .bi .bj .bm .bn .bo .br .bs .bt .bw .by .bz C .ca .cc .cd .cf .cg .ch .ci .ck .cl .cm .cn .co .cr .cu .cv .cw .cx .cy .cz D .de .dj .dk .dm .do .dz E .ec .ee .eg .er .es .et .eu F .fi .fj .fk .fm .fo .fr G .ga .gd .ge .gf .gg .gh .gi .gl .gm .gn .gp .gq .gr .gs .gt .gu .gw .gy H .hk .hm .hn .hr .ht .hu I .id .ie .il .im .in .io .iq .ir .is .it J .je .jm .jo .jp K .ke .kg .kh .ki .km .kn .kp .kr .kw .ky .kz L .la .lb .lc .li .lk .lr .ls .lt .lu .lv .ly M .ma .mc .md .me .mg .mh .mk .ml .mm .mn .mo .mp .mq .mr .ms .mt .mu .mv .mw .mx .my .mz N .na .nc .ne .nf .ng .ni .nl .no .np .nr .nu .nz O .om P .pa .pe .pf .pg .ph .pk .pl .pm .pn .pr .ps .pt .pw .py Q .qa R .re .ro .rs .ru .rw S .sa .sb .sc .sd .se .sg .sh .si .sk .sl .sm .sn .so .sr .ss .st .su .sv .sx .sy .sz T .tc .td .tf .tg .th .tj .tk .tl .tm .tn .to .tr .tt .tv .tw .tz U .ua .ug .uk .us .uy .uz V .va .vc .ve .vg .vi .vn .vu W .wf .ws Y .ye .yt Z .za .zm .zw
.sz,(https://tr.wikipedia.org/wiki/.sz),1,DNS#176: A .ac .ad .ae .af .ag .ai .al .am .ao .aq .ar .as .at .au .aw .ax .az B .ba .bb .bd .be .bf .bg .bh .bi .bj .bm .bn .bo .br .bs .bt .bw .by .bz C .ca .cc .cd .cf .cg .ch .ci .ck .cl .cm .cn .co .cr .cu .cv .cw .cx .cy .cz D .de .dj .dk .dm .do .dz E .ec .ee .eg .er .es .et .eu F .fi .fj .fk .fm .fo .fr G .ga .gd .ge .gf .gg .gh .gi .gl .gm .gn .gp .gq .gr .gs .gt .gu .gw .gy H .hk .hm .hn .hr .ht .hu I .id .ie .il .im .in .io .iq .ir .is .it J .je .jm .jo .jp K .ke .kg .kh .ki .km .kn .kp .kr .kw .ky .kz L .la .lb .lc .li .lk .lr .ls .lt .lu .lv .ly M .ma .mc .md .me .mg .mh .mk .ml .mm .mn .mo .mp .mq .mr .ms .mt .mu .mv .mw .mx .my .mz N .na .nc .ne .nf .ng .ni .nl .no .np .nr .nu .nz O .om P .pa .pe .pf .pg .ph .pk .pl .pm .pn .pr .ps .pt .pw .py Q .qa R .re .ro .rs .ru .rw S .sa .sb .sc .sd .se .sg .sh .si .sk .sl .sm .sn .so .sr .ss .st .su .sv .sx .sy .sz T .tc .td .tf .tg .th .tj .tk .tl .tm .tn .to .tr .tt .tv .tw .tz U .ua .ug .uk .us .uy .uz V .va .vc .ve .vg .vi .vn .vu W .wf .ws Y .ye .yt Z .za .zm .zw
.tc,(https://tr.wikipedia.org/wiki/.tc),1,DNS#176: A .ac .ad .ae .af .ag .ai .al .am .ao .aq .ar .as .at .au .aw .ax .az B .ba .bb .bd .be .bf .bg .bh .bi .bj .bm .bn .bo .br .bs .bt .bw .by .bz C .ca .cc .cd .cf .cg .ch .ci .ck .cl .cm .cn .co .cr .cu .cv .cw .cx .cy .cz D .de .dj .dk .dm .do .dz E .ec .ee .eg .er .es .et .eu F .fi .fj .fk .fm .fo .fr G .ga .gd .ge .gf .gg .gh .gi .gl .gm .gn .gp .gq .gr .gs .gt .gu .gw .gy H .hk .hm .hn .hr .ht .hu I .id .ie .il .im .in .io .iq .ir .is .it J .je .jm .jo .jp K .ke .kg .kh .ki .km .kn .kp .kr .kw .ky .kz L .la .lb .lc .li .lk .lr .ls .lt .lu .lv .ly M .ma .mc .md .me .mg .mh .mk .ml .mm .mn .mo .mp .mq .mr .ms .mt .mu .mv .mw .mx .my .mz N .na .nc .ne .nf .ng .ni .nl .no .np .nr .nu .nz O .om P .pa .pe .pf .pg .ph .pk .pl .pm .pn .pr .ps .pt .pw .py Q .qa R .re .ro .rs .ru .rw S .sa .sb .sc .sd .se .sg .sh .si .sk .sl .sm .sn .so .sr .ss .st .su .sv .sx .sy .sz T .tc .td .tf .tg .th .tj .tk .tl .tm .tn .to .tr .tt .tv .tw .tz U .ua .ug .uk .us .uy .uz V .va .vc .ve .vg .vi .vn .vu W .wf .ws Y .ye .yt Z .za .zm .zw
.td,(https://tr.wikipedia.org/wiki/.td),1,DNS#176: A .ac .ad .ae .af .ag .ai .al .am .ao .aq .ar .as .at .au .aw .ax .az B .ba .bb .bd .be .bf .bg .bh .bi .bj .bm .bn .bo .br .bs .bt .bw .by .bz C .ca .cc .cd .cf .cg .ch .ci .ck .cl .cm .cn .co .cr .cu .cv .cw .cx .cy .cz D .de .dj .dk .dm .do .dz E .ec .ee .eg .er .es .et .eu F .fi .fj .fk .fm .fo .fr G .ga .gd .ge .gf .gg .gh .gi .gl .gm .gn .gp .gq .gr .gs .gt .gu .gw .gy H .hk .hm .hn .hr .ht .hu I .id .ie .il .im .in .io .iq .ir .is .it J .je .jm .jo .jp K .ke .kg .kh .ki .km .kn .kp .kr .kw .ky .kz L .la .lb .lc .li .lk .lr .ls .lt .lu .lv .ly M .ma .mc .md .me .mg .mh .mk .ml .mm .mn .mo .mp .mq .mr .ms .mt .mu .mv .mw .mx .my .mz N .na .nc .ne .nf .ng .ni .nl .no .np .nr .nu .nz O .om P .pa .pe .pf .pg .ph .pk .pl .pm .pn .pr .ps .pt .pw .py Q .qa R .re .ro .rs .ru .rw S .sa .sb .sc .sd .se .sg .sh .si .sk .sl .sm .sn .so .sr .ss .st .su .sv .sx .sy .sz T .tc .td .tf .tg .th .tj .tk .tl .tm .tn .to .tr .tt .tv .tw .tz U .ua .ug .uk .us .uy .uz V .va .vc .ve .vg .vi .vn .vu W .wf .ws Y .ye .yt Z .za .zm .zw
.tf,(https://tr.wikipedia.org/wiki/.tf),1,DNS#176: A .ac .ad .ae .af .ag .ai .al .am .ao .aq .ar .as .at .au .aw .ax .az B .ba .bb .bd .be .bf .bg .bh .bi .bj .bm .bn .bo .br .bs .bt .bw .by .bz C .ca .cc .cd .cf .cg .ch .ci .ck .cl .cm .cn .co .cr .cu .cv .cw .cx .cy .cz D .de .dj .dk .dm .do .dz E .ec .ee .eg .er .es .et .eu F .fi .fj .fk .fm .fo .fr G .ga .gd .ge .gf .gg .gh .gi .gl .gm .gn .gp .gq .gr .gs .gt .gu .gw .gy H .hk .hm .hn .hr .ht .hu I .id .ie .il .im .in .io .iq .ir .is .it J .je .jm .jo .jp K .ke .kg .kh .ki .km .kn .kp .kr .kw .ky .kz L .la .lb .lc .li .lk .lr .ls .lt .lu .lv .ly M .ma .mc .md .me .mg .mh .mk .ml .mm .mn .mo .mp .mq .mr .ms .mt .mu .mv .mw .mx .my .mz N .na .nc .ne .nf .ng .ni .nl .no .np .nr .nu .nz O .om P .pa .pe .pf .pg .ph .pk .pl .pm .pn .pr .ps .pt .pw .py Q .qa R .re .ro .rs .ru .rw S .sa .sb .sc .sd .se .sg .sh .si .sk .sl .sm .sn .so .sr .ss .st .su .sv .sx .sy .sz T .tc .td .tf .tg .th .tj .tk .tl .tm .tn .to .tr .tt .tv .tw .tz U .ua .ug .uk .us .uy .uz V .va .vc .ve .vg .vi .vn .vu W .wf .ws Y .ye .yt Z .za .zm .zw
.tg,(https://tr.wikipedia.org/wiki/.tg),1,DNS#176: A .ac .ad .ae .af .ag .ai .al .am .ao .aq .ar .as .at .au .aw .ax .az B .ba .bb .bd .be .bf .bg .bh .bi .bj .bm .bn .bo .br .bs .bt .bw .by .bz C .ca .cc .cd .cf .cg .ch .ci .ck .cl .cm .cn .co .cr .cu .cv .cw .cx .cy .cz D .de .dj .dk .dm .do .dz E .ec .ee .eg .er .es .et .eu F .fi .fj .fk .fm .fo .fr G .ga .gd .ge .gf .gg .gh .gi .gl .gm .gn .gp .gq .gr .gs .gt .gu .gw .gy H .hk .hm .hn .hr .ht .hu I .id .ie .il .im .in .io .iq .ir .is .it J .je .jm .jo .jp K .ke .kg .kh .ki .km .kn .kp .kr .kw .ky .kz L .la .lb .lc .li .lk .lr .ls .lt .lu .lv .ly M .ma .mc .md .me .mg .mh .mk .ml .mm .mn .mo .mp .mq .mr .ms .mt .mu .mv .mw .mx .my .mz N .na .nc .ne .nf .ng .ni .nl .no .np .nr .nu .nz O .om P .pa .pe .pf .pg .ph .pk .pl .pm .pn .pr .ps .pt .pw .py Q .qa R .re .ro .rs .ru .rw S .sa .sb .sc .sd .se .sg .sh .si .sk .sl .sm .sn .so .sr .ss .st .su .sv .sx .sy .sz T .tc .td .tf .tg .th .tj .tk .tl .tm .tn .to .tr .tt .tv .tw .tz U .ua .ug .uk .us .uy .uz V .va .vc .ve .vg .vi .vn .vu W .wf .ws Y .ye .yt Z .za .zm .zw
.th,(https://tr.wikipedia.org/wiki/.th),1,DNS#176: A .ac .ad .ae .af .ag .ai .al .am .ao .aq .ar .as .at .au .aw .ax .az B .ba .bb .bd .be .bf .bg .bh .bi .bj .bm .bn .bo .br .bs .bt .bw .by .bz C .ca .cc .cd .cf .cg .ch .ci .ck .cl .cm .cn .co .cr .cu .cv .cw .cx .cy .cz D .de .dj .dk .dm .do .dz E .ec .ee .eg .er .es .et .eu F .fi .fj .fk .fm .fo .fr G .ga .gd .ge .gf .gg .gh .gi .gl .gm .gn .gp .gq .gr .gs .gt .gu .gw .gy H .hk .hm .hn .hr .ht .hu I .id .ie .il .im .in .io .iq .ir .is .it J .je .jm .jo .jp K .ke .kg .kh .ki .km .kn .kp .kr .kw .ky .kz L .la .lb .lc .li .lk .lr .ls .lt .lu .lv .ly M .ma .mc .md .me .mg .mh .mk .ml .mm .mn .mo .mp .mq .mr .ms .mt .mu .mv .mw .mx .my .mz N .na .nc .ne .nf .ng .ni .nl .no .np .nr .nu .nz O .om P .pa .pe .pf .pg .ph .pk .pl .pm .pn .pr .ps .pt .pw .py Q .qa R .re .ro .rs .ru .rw S .sa .sb .sc .sd .se .sg .sh .si .sk .sl .sm .sn .so .sr .ss .st .su .sv .sx .sy .sz T .tc .td .tf .tg .th .tj .tk .tl .tm .tn .to .tr .tt .tv .tw .tz U .ua .ug .uk .us .uy .uz V .va .vc .ve .vg .vi .vn .vu W .wf .ws Y .ye .yt Z .za .zm .zw
.tj,(https://tr.wikipedia.org/wiki/.tj),1,DNS#176: A .ac .ad .ae .af .ag .ai .al .am .ao .aq .ar .as .at .au .aw .ax .az B .ba .bb .bd .be .bf .bg .bh .bi .bj .bm .bn .bo .br .bs .bt .bw .by .bz C .ca .cc .cd .cf .cg .ch .ci .ck .cl .cm .cn .co .cr .cu .cv .cw .cx .cy .cz D .de .dj .dk .dm .do .dz E .ec .ee .eg .er .es .et .eu F .fi .fj .fk .fm .fo .fr G .ga .gd .ge .gf .gg .gh .gi .gl .gm .gn .gp .gq .gr .gs .gt .gu .gw .gy H .hk .hm .hn .hr .ht .hu I .id .ie .il .im .in .io .iq .ir .is .it J .je .jm .jo .jp K .ke .kg .kh .ki .km .kn .kp .kr .kw .ky .kz L .la .lb .lc .li .lk .lr .ls .lt .lu .lv .ly M .ma .mc .md .me .mg .mh .mk .ml .mm .mn .mo .mp .mq .mr .ms .mt .mu .mv .mw .mx .my .mz N .na .nc .ne .nf .ng .ni .nl .no .np .nr .nu .nz O .om P .pa .pe .pf .pg .ph .pk .pl .pm .pn .pr .ps .pt .pw .py Q .qa R .re .ro .rs .ru .rw S .sa .sb .sc .sd .se .sg .sh .si .sk .sl .sm .sn .so .sr .ss .st .su .sv .sx .sy .sz T .tc .td .tf .tg .th .tj .tk .tl .tm .tn .to .tr .tt .tv .tw .tz U .ua .ug .uk .us .uy .uz V .va .vc .ve .vg .vi .vn .vu W .wf .ws Y .ye .yt Z .za .zm .zw
.tk,(https://tr.wikipedia.org/wiki/.tk),1,DNS#176: A .ac .ad .ae .af .ag .ai .al .am .ao .aq .ar .as .at .au .aw .ax .az B .ba .bb .bd .be .bf .bg .bh .bi .bj .bm .bn .bo .br .bs .bt .bw .by .bz C .ca .cc .cd .cf .cg .ch .ci .ck .cl .cm .cn .co .cr .cu .cv .cw .cx .cy .cz D .de .dj .dk .dm .do .dz E .ec .ee .eg .er .es .et .eu F .fi .fj .fk .fm .fo .fr G .ga .gd .ge .gf .gg .gh .gi .gl .gm .gn .gp .gq .gr .gs .gt .gu .gw .gy H .hk .hm .hn .hr .ht .hu I .id .ie .il .im .in .io .iq .ir .is .it J .je .jm .jo .jp K .ke .kg .kh .ki .km .kn .kp .kr .kw .ky .kz L .la .lb .lc .li .lk .lr .ls .lt .lu .lv .ly M .ma .mc .md .me .mg .mh .mk .ml .mm .mn .mo .mp .mq .mr .ms .mt .mu .mv .mw .mx .my .mz N .na .nc .ne .nf .ng .ni .nl .no .np .nr .nu .nz O .om P .pa .pe .pf .pg .ph .pk .pl .pm .pn .pr .ps .pt .pw .py Q .qa R .re .ro .rs .ru .rw S .sa .sb .sc .sd .se .sg .sh .si .sk .sl .sm .sn .so .sr .ss .st .su .sv .sx .sy .sz T .tc .td .tf .tg .th .tj .tk .tl .tm .tn .to .tr .tt .tv .tw .tz U .ua .ug .uk .us .uy .uz V .va .vc .ve .vg .vi .vn .vu W .wf .ws Y .ye .yt Z .za .zm .zw
.tl,(https://tr.wikipedia.org/wiki/.tl),1,DNS#176: A .ac .ad .ae .af .ag .ai .al .am .ao .aq .ar .as .at .au .aw .ax .az B .ba .bb .bd .be .bf .bg .bh .bi .bj .bm .bn .bo .br .bs .bt .bw .by .bz C .ca .cc .cd .cf .cg .ch .ci .ck .cl .cm .cn .co .cr .cu .cv .cw .cx .cy .cz D .de .dj .dk .dm .do .dz E .ec .ee .eg .er .es .et .eu F .fi .fj .fk .fm .fo .fr G .ga .gd .ge .gf .gg .gh .gi .gl .gm .gn .gp .gq .gr .gs .gt .gu .gw .gy H .hk .hm .hn .hr .ht .hu I .id .ie .il .im .in .io .iq .ir .is .it J .je .jm .jo .jp K .ke .kg .kh .ki .km .kn .kp .kr .kw .ky .kz L .la .lb .lc .li .lk .lr .ls .lt .lu .lv .ly M .ma .mc .md .me .mg .mh .mk .ml .mm .mn .mo .mp .mq .mr .ms .mt .mu .mv .mw .mx .my .mz N .na .nc .ne .nf .ng .ni .nl .no .np .nr .nu .nz O .om P .pa .pe .pf .pg .ph .pk .pl .pm .pn .pr .ps .pt .pw .py Q .qa R .re .ro .rs .ru .rw S .sa .sb .sc .sd .se .sg .sh .si .sk .sl .sm .sn .so .sr .ss .st .su .sv .sx .sy .sz T .tc .td .tf .tg .th .tj .tk .tl .tm .tn .to .tr .tt .tv .tw .tz U .ua .ug .uk .us .uy .uz V .va .vc .ve .vg .vi .vn .vu W .wf .ws Y .ye .yt Z .za .zm .zw
.tm,(https://tr.wikipedia.org/wiki/.tm),1,DNS#176: A .ac .ad .ae .af .ag .ai .al .am .ao .aq .ar .as .at .au .aw .ax .az B .ba .bb .bd .be .bf .bg .bh .bi .bj .bm .bn .bo .br .bs .bt .bw .by .bz C .ca .cc .cd .cf .cg .ch .ci .ck .cl .cm .cn .co .cr .cu .cv .cw .cx .cy .cz D .de .dj .dk .dm .do .dz E .ec .ee .eg .er .es .et .eu F .fi .fj .fk .fm .fo .fr G .ga .gd .ge .gf .gg .gh .gi .gl .gm .gn .gp .gq .gr .gs .gt .gu .gw .gy H .hk .hm .hn .hr .ht .hu I .id .ie .il .im .in .io .iq .ir .is .it J .je .jm .jo .jp K .ke .kg .kh .ki .km .kn .kp .kr .kw .ky .kz L .la .lb .lc .li .lk .lr .ls .lt .lu .lv .ly M .ma .mc .md .me .mg .mh .mk .ml .mm .mn .mo .mp .mq .mr .ms .mt .mu .mv .mw .mx .my .mz N .na .nc .ne .nf .ng .ni .nl .no .np .nr .nu .nz O .om P .pa .pe .pf .pg .ph .pk .pl .pm .pn .pr .ps .pt .pw .py Q .qa R .re .ro .rs .ru .rw S .sa .sb .sc .sd .se .sg .sh .si .sk .sl .sm .sn .so .sr .ss .st .su .sv .sx .sy .sz T .tc .td .tf .tg .th .tj .tk .tl .tm .tn .to .tr .tt .tv .tw .tz U .ua .ug .uk .us .uy .uz V .va .vc .ve .vg .vi .vn .vu W .wf .ws Y .ye .yt Z .za .zm .zw
.tn,(https://tr.wikipedia.org/wiki/.tn),1,DNS#176: A .ac .ad .ae .af .ag .ai .al .am .ao .aq .ar .as .at .au .aw .ax .az B .ba .bb .bd .be .bf .bg .bh .bi .bj .bm .bn .bo .br .bs .bt .bw .by .bz C .ca .cc .cd .cf .cg .ch .ci .ck .cl .cm .cn .co .cr .cu .cv .cw .cx .cy .cz D .de .dj .dk .dm .do .dz E .ec .ee .eg .er .es .et .eu F .fi .fj .fk .fm .fo .fr G .ga .gd .ge .gf .gg .gh .gi .gl .gm .gn .gp .gq .gr .gs .gt .gu .gw .gy H .hk .hm .hn .hr .ht .hu I .id .ie .il .im .in .io .iq .ir .is .it J .je .jm .jo .jp K .ke .kg .kh .ki .km .kn .kp .kr .kw .ky .kz L .la .lb .lc .li .lk .lr .ls .lt .lu .lv .ly M .ma .mc .md .me .mg .mh .mk .ml .mm .mn .mo .mp .mq .mr .ms .mt .mu .mv .mw .mx .my .mz N .na .nc .ne .nf .ng .ni .nl .no .np .nr .nu .nz O .om P .pa .pe .pf .pg .ph .pk .pl .pm .pn .pr .ps .pt .pw .py Q .qa R .re .ro .rs .ru .rw S .sa .sb .sc .sd .se .sg .sh .si .sk .sl .sm .sn .so .sr .ss .st .su .sv .sx .sy .sz T .tc .td .tf .tg .th .tj .tk .tl .tm .tn .to .tr .tt .tv .tw .tz U .ua .ug .uk .us .uy .uz V .va .vc .ve .vg .vi .vn .vu W .wf .ws Y .ye .yt Z .za .zm .zw
.to,(https://tr.wikipedia.org/wiki/.to),1,DNS#176: A .ac .ad .ae .af .ag .ai .al .am .ao .aq .ar .as .at .au .aw .ax .az B .ba .bb .bd .be .bf .bg .bh .bi .bj .bm .bn .bo .br .bs .bt .bw .by .bz C .ca .cc .cd .cf .cg .ch .ci .ck .cl .cm .cn .co .cr .cu .cv .cw .cx .cy .cz D .de .dj .dk .dm .do .dz E .ec .ee .eg .er .es .et .eu F .fi .fj .fk .fm .fo .fr G .ga .gd .ge .gf .gg .gh .gi .gl .gm .gn .gp .gq .gr .gs .gt .gu .gw .gy H .hk .hm .hn .hr .ht .hu I .id .ie .il .im .in .io .iq .ir .is .it J .je .jm .jo .jp K .ke .kg .kh .ki .km .kn .kp .kr .kw .ky .kz L .la .lb .lc .li .lk .lr .ls .lt .lu .lv .ly M .ma .mc .md .me .mg .mh .mk .ml .mm .mn .mo .mp .mq .mr .ms .mt .mu .mv .mw .mx .my .mz N .na .nc .ne .nf .ng .ni .nl .no .np .nr .nu .nz O .om P .pa .pe .pf .pg .ph .pk .pl .pm .pn .pr .ps .pt .pw .py Q .qa R .re .ro .rs .ru .rw S .sa .sb .sc .sd .se .sg .sh .si .sk .sl .sm .sn .so .sr .ss .st .su .sv .sx .sy .sz T .tc .td .tf .tg .th .tj .tk .tl .tm .tn .to .tr .tt .tv .tw .tz U .ua .ug .uk .us .uy .uz V .va .vc .ve .vg .vi .vn .vu W .wf .ws Y .ye .yt Z .za .zm .zw
.tt,(https://tr.wikipedia.org/wiki/.tt),1,DNS#176: A .ac .ad .ae .af .ag .ai .al .am .ao .aq .ar .as .at .au .aw .ax .az B .ba .bb .bd .be .bf .bg .bh .bi .bj .bm .bn .bo .br .bs .bt .bw .by .bz C .ca .cc .cd .cf .cg .ch .ci .ck .cl .cm .cn .co .cr .cu .cv .cw .cx .cy .cz D .de .dj .dk .dm .do .dz E .ec .ee .eg .er .es .et .eu F .fi .fj .fk .fm .fo .fr G .ga .gd .ge .gf .gg .gh .gi .gl .gm .gn .gp .gq .gr .gs .gt .gu .gw .gy H .hk .hm .hn .hr .ht .hu I .id .ie .il .im .in .io .iq .ir .is .it J .je .jm .jo .jp K .ke .kg .kh .ki .km .kn .kp .kr .kw .ky .kz L .la .lb .lc .li .lk .lr .ls .lt .lu .lv .ly M .ma .mc .md .me .mg .mh .mk .ml .mm .mn .mo .mp .mq .mr .ms .mt .mu .mv .mw .mx .my .mz N .na .nc .ne .nf .ng .ni .nl .no .np .nr .nu .nz O .om P .pa .pe .pf .pg .ph .pk .pl .pm .pn .pr .ps .pt .pw .py Q .qa R .re .ro .rs .ru .rw S .sa .sb .sc .sd .se .sg .sh .si .sk .sl .sm .sn .so .sr .ss .st .su .sv .sx .sy .sz T .tc .td .tf .tg .th .tj .tk .tl .tm .tn .to .tr .tt .tv .tw .tz U .ua .ug .uk .us .uy .uz V .va .vc .ve .vg .vi .vn .vu W .wf .ws Y .ye .yt Z .za .zm .zw
.tv,(https://tr.wikipedia.org/wiki/.tv),1,DNS#176: A .ac .ad .ae .af .ag .ai .al .am .ao .aq .ar .as .at .au .aw .ax .az B .ba .bb .bd .be .bf .bg .bh .bi .bj .bm .bn .bo .br .bs .bt .bw .by .bz C .ca .cc .cd .cf .cg .ch .ci .ck .cl .cm .cn .co .cr .cu .cv .cw .cx .cy .cz D .de .dj .dk .dm .do .dz E .ec .ee .eg .er .es .et .eu F .fi .fj .fk .fm .fo .fr G .ga .gd .ge .gf .gg .gh .gi .gl .gm .gn .gp .gq .gr .gs .gt .gu .gw .gy H .hk .hm .hn .hr .ht .hu I .id .ie .il .im .in .io .iq .ir .is .it J .je .jm .jo .jp K .ke .kg .kh .ki .km .kn .kp .kr .kw .ky .kz L .la .lb .lc .li .lk .lr .ls .lt .lu .lv .ly M .ma .mc .md .me .mg .mh .mk .ml .mm .mn .mo .mp .mq .mr .ms .mt .mu .mv .mw .mx .my .mz N .na .nc .ne .nf .ng .ni .nl .no .np .nr .nu .nz O .om P .pa .pe .pf .pg .ph .pk .pl .pm .pn .pr .ps .pt .pw .py Q .qa R .re .ro .rs .ru .rw S .sa .sb .sc .sd .se .sg .sh .si .sk .sl .sm .sn .so .sr .ss .st .su .sv .sx .sy .sz T .tc .td .tf .tg .th .tj .tk .tl .tm .tn .to .tr .tt .tv .tw .tz U .ua .ug .uk .us .uy .uz V .va .vc .ve .vg .vi .vn .vu W .wf .ws Y .ye .yt Z .za .zm .zw
.tw,(https://tr.wikipedia.org/wiki/.tw),1,DNS#176: A .ac .ad .ae .af .ag .ai .al .am .ao .aq .ar .as .at .au .aw .ax .az B .ba .bb .bd .be .bf .bg .bh .bi .bj .bm .bn .bo .br .bs .bt .bw .by .bz C .ca .cc .cd .cf .cg .ch .ci .ck .cl .cm .cn .co .cr .cu .cv .cw .cx .cy .cz D .de .dj .dk .dm .do .dz E .ec .ee .eg .er .es .et .eu F .fi .fj .fk .fm .fo .fr G .ga .gd .ge .gf .gg .gh .gi .gl .gm .gn .gp .gq .gr .gs .gt .gu .gw .gy H .hk .hm .hn .hr .ht .hu I .id .ie .il .im .in .io .iq .ir .is .it J .je .jm .jo .jp K .ke .kg .kh .ki .km .kn .kp .kr .kw .ky .kz L .la .lb .lc .li .lk .lr .ls .lt .lu .lv .ly M .ma .mc .md .me .mg .mh .mk .ml .mm .mn .mo .mp .mq .mr .ms .mt .mu .mv .mw .mx .my .mz N .na .nc .ne .nf .ng .ni .nl .no .np .nr .nu .nz O .om P .pa .pe .pf .pg .ph .pk .pl .pm .pn .pr .ps .pt .pw .py Q .qa R .re .ro .rs .ru .rw S .sa .sb .sc .sd .se .sg .sh .si .sk .sl .sm .sn .so .sr .ss .st .su .sv .sx .sy .sz T .tc .td .tf .tg .th .tj .tk .tl .tm .tn .to .tr .tt .tv .tw .tz U .ua .ug .uk .us .uy .uz V .va .vc .ve .vg .vi .vn .vu W .wf .ws Y .ye .yt Z .za .zm .zw
.tz,(https://tr.wikipedia.org/wiki/.tz),1,DNS#176: A .ac .ad .ae .af .ag .ai .al .am .ao .aq .ar .as .at .au .aw .ax .az B .ba .bb .bd .be .bf .bg .bh .bi .bj .bm .bn .bo .br .bs .bt .bw .by .bz C .ca .cc .cd .cf .cg .ch .ci .ck .cl .cm .cn .co .cr .cu .cv .cw .cx .cy .cz D .de .dj .dk .dm .do .dz E .ec .ee .eg .er .es .et .eu F .fi .fj .fk .fm .fo .fr G .ga .gd .ge .gf .gg .gh .gi .gl .gm .gn .gp .gq .gr .gs .gt .gu .gw .gy H .hk .hm .hn .hr .ht .hu I .id .ie .il .im .in .io .iq .ir .is .it J .je .jm .jo .jp K .ke .kg .kh .ki .km .kn .kp .kr .kw .ky .kz L .la .lb .lc .li .lk .lr .ls .lt .lu .lv .ly M .ma .mc .md .me .mg .mh .mk .ml .mm .mn .mo .mp .mq .mr .ms .mt .mu .mv .mw .mx .my .mz N .na .nc .ne .nf .ng .ni .nl .no .np .nr .nu .nz O .om P .pa .pe .pf .pg .ph .pk .pl .pm .pn .pr .ps .pt .pw .py Q .qa R .re .ro .rs .ru .rw S .sa .sb .sc .sd .se .sg .sh .si .sk .sl .sm .sn .so .sr .ss .st .su .sv .sx .sy .sz T .tc .td .tf .tg .th .tj .tk .tl .tm .tn .to .tr .tt .tv .tw .tz U .ua .ug .uk .us .uy .uz V .va .vc .ve .vg .vi .vn .vu W .wf .ws Y .ye .yt Z .za .zm .zw
.ua,(https://tr.wikipedia.org/wiki/.ua),1,DNS#176: A .ac .ad .ae .af .ag .ai .al .am .ao .aq .ar .as .at .au .aw .ax .az B .ba .bb .bd .be .bf .bg .bh .bi .bj .bm .bn .bo .br .bs .bt .bw .by .bz C .ca .cc .cd .cf .cg .ch .ci .ck .cl .cm .cn .co .cr .cu .cv .cw .cx .cy .cz D .de .dj .dk .dm .do .dz E .ec .ee .eg .er .es .et .eu F .fi .fj .fk .fm .fo .fr G .ga .gd .ge .gf .gg .gh .gi .gl .gm .gn .gp .gq .gr .gs .gt .gu .gw .gy H .hk .hm .hn .hr .ht .hu I .id .ie .il .im .in .io .iq .ir .is .it J .je .jm .jo .jp K .ke .kg .kh .ki .km .kn .kp .kr .kw .ky .kz L .la .lb .lc .li .lk .lr .ls .lt .lu .lv .ly M .ma .mc .md .me .mg .mh .mk .ml .mm .mn .mo .mp .mq .mr .ms .mt .mu .mv .mw .mx .my .mz N .na .nc .ne .nf .ng .ni .nl .no .np .nr .nu .nz O .om P .pa .pe .pf .pg .ph .pk .pl .pm .pn .pr .ps .pt .pw .py Q .qa R .re .ro .rs .ru .rw S .sa .sb .sc .sd .se .sg .sh .si .sk .sl .sm .sn .so .sr .ss .st .su .sv .sx .sy .sz T .tc .td .tf .tg .th .tj .tk .tl .tm .tn .to .tr .tt .tv .tw .tz U .ua .ug .uk .us .uy .uz V .va .vc .ve .vg .vi .vn .vu W .wf .ws Y .ye .yt Z .za .zm .zw
.ug,(https://tr.wikipedia.org/wiki/.ug),1,DNS#176: A .ac .ad .ae .af .ag .ai .al .am .ao .aq .ar .as .at .au .aw .ax .az B .ba .bb .bd .be .bf .bg .bh .bi .bj .bm .bn .bo .br .bs .bt .bw .by .bz C .ca .cc .cd .cf .cg .ch .ci .ck .cl .cm .cn .co .cr .cu .cv .cw .cx .cy .cz D .de .dj .dk .dm .do .dz E .ec .ee .eg .er .es .et .eu F .fi .fj .fk .fm .fo .fr G .ga .gd .ge .gf .gg .gh .gi .gl .gm .gn .gp .gq .gr .gs .gt .gu .gw .gy H .hk .hm .hn .hr .ht .hu I .id .ie .il .im .in .io .iq .ir .is .it J .je .jm .jo .jp K .ke .kg .kh .ki .km .kn .kp .kr .kw .ky .kz L .la .lb .lc .li .lk .lr .ls .lt .lu .lv .ly M .ma .mc .md .me .mg .mh .mk .ml .mm .mn .mo .mp .mq .mr .ms .mt .mu .mv .mw .mx .my .mz N .na .nc .ne .nf .ng .ni .nl .no .np .nr .nu .nz O .om P .pa .pe .pf .pg .ph .pk .pl .pm .pn .pr .ps .pt .pw .py Q .qa R .re .ro .rs .ru .rw S .sa .sb .sc .sd .se .sg .sh .si .sk .sl .sm .sn .so .sr .ss .st .su .sv .sx .sy .sz T .tc .td .tf .tg .th .tj .tk .tl .tm .tn .to .tr .tt .tv .tw .tz U .ua .ug .uk .us .uy .uz V .va .vc .ve .vg .vi .vn .vu W .wf .ws Y .ye .yt Z .za .zm .zw
.uy,(https://tr.wikipedia.org/wiki/.uy),1,DNS#176: A .ac .ad .ae .af .ag .ai .al .am .ao .aq .ar .as .at .au .aw .ax .az B .ba .bb .bd .be .bf .bg .bh .bi .bj .bm .bn .bo .br .bs .bt .bw .by .bz C .ca .cc .cd .cf .cg .ch .ci .ck .cl .cm .cn .co .cr .cu .cv .cw .cx .cy .cz D .de .dj .dk .dm .do .dz E .ec .ee .eg .er .es .et .eu F .fi .fj .fk .fm .fo .fr G .ga .gd .ge .gf .gg .gh .gi .gl .gm .gn .gp .gq .gr .gs .gt .gu .gw .gy H .hk .hm .hn .hr .ht .hu I .id .ie .il .im .in .io .iq .ir .is .it J .je .jm .jo .jp K .ke .kg .kh .ki .km .kn .kp .kr .kw .ky .kz L .la .lb .lc .li .lk .lr .ls .lt .lu .lv .ly M .ma .mc .md .me .mg .mh .mk .ml .mm .mn .mo .mp .mq .mr .ms .mt .mu .mv .mw .mx .my .mz N .na .nc .ne .nf .ng .ni .nl .no .np .nr .nu .nz O .om P .pa .pe .pf .pg .ph .pk .pl .pm .pn .pr .ps .pt .pw .py Q .qa R .re .ro .rs .ru .rw S .sa .sb .sc .sd .se .sg .sh .si .sk .sl .sm .sn .so .sr .ss .st .su .sv .sx .sy .sz T .tc .td .tf .tg .th .tj .tk .tl .tm .tn .to .tr .tt .tv .tw .tz U .ua .ug .uk .us .uy .uz V .va .vc .ve .vg .vi .vn .vu W .wf .ws Y .ye .yt Z .za .zm .zw
.uz,(https://tr.wikipedia.org/wiki/.uz),1,DNS#176: A .ac .ad .ae .af .ag .ai .al .am .ao .aq .ar .as .at .au .aw .ax .az B .ba .bb .bd .be .bf .bg .bh .bi .bj .bm .bn .bo .br .bs .bt .bw .by .bz C .ca .cc .cd .cf .cg .ch .ci .ck .cl .cm .cn .co .cr .cu .cv .cw .cx .cy .cz D .de .dj .dk .dm .do .dz E .ec .ee .eg .er .es .et .eu F .fi .fj .fk .fm .fo .fr G .ga .gd .ge .gf .gg .gh .gi .gl .gm .gn .gp .gq .gr .gs .gt .gu .gw .gy H .hk .hm .hn .hr .ht .hu I .id .ie .il .im .in .io .iq .ir .is .it J .je .jm .jo .jp K .ke .kg .kh .ki .km .kn .kp .kr .kw .ky .kz L .la .lb .lc .li .lk .lr .ls .lt .lu .lv .ly M .ma .mc .md .me .mg .mh .mk .ml .mm .mn .mo .mp .mq .mr .ms .mt .mu .mv .mw .mx .my .mz N .na .nc .ne .nf .ng .ni .nl .no .np .nr .nu .nz O .om P .pa .pe .pf .pg .ph .pk .pl .pm .pn .pr .ps .pt .pw .py Q .qa R .re .ro .rs .ru .rw S .sa .sb .sc .sd .se .sg .sh .si .sk .sl .sm .sn .so .sr .ss .st .su .sv .sx .sy .sz T .tc .td .tf .tg .th .tj .tk .tl .tm .tn .to .tr .tt .tv .tw .tz U .ua .ug .uk .us .uy .uz V .va .vc .ve .vg .vi .vn .vu W .wf .ws Y .ye .yt Z .za .zm .zw
İngilizce,(https://tr.wikipedia.org/wiki/%C4%B0ngilizce),1,"DNS#1: DNS ( İngilizce : Domain Name System , Türkçe : Alan Adı Sistemi ), internet uzayını bölümlemeye, bölümleri adlandırmaya ve bölümler arası iletişimi organize etmeye yarayan, bilgisayar, servis, internet veya özel bir ağa bağlı herhangi bir kaynak için hiyerarşik dağıtılmış bir adlandırma sistemidir."
.gov,(https://tr.wikipedia.org/wiki/.gov),1,"DNS#39: En üste .com , .org , .net , .int , .edu , .info , .biz , .aero , .travel , .jobs , .gov , .mil gibi "" jenerik "" üst düzey alanlarla ( gTLD ) .tr , .us , .de , .uk , .jp , .az gibi ülke alanlarından ( CcTLD ) oluşur."
.mil,(https://tr.wikipedia.org/wiki/.mil),1,"DNS#39: En üste .com , .org , .net , .int , .edu , .info , .biz , .aero , .travel , .jobs , .gov , .mil gibi "" jenerik "" üst düzey alanlarla ( gTLD ) .tr , .us , .de , .uk , .jp , .az gibi ülke alanlarından ( CcTLD ) oluşur."
jenerik,(https://tr.wikipedia.org/wiki/Jenerik),1,"DNS#39: En üste .com , .org , .net , .int , .edu , .info , .biz , .aero , .travel , .jobs , .gov , .mil gibi "" jenerik "" üst düzey alanlarla ( gTLD ) .tr , .us , .de , .uk , .jp , .az gibi ülke alanlarından ( CcTLD ) oluşur."
gTLD,(https://tr.wikipedia.org/wiki/GTLD),1,"DNS#39: En üste .com , .org , .net , .int , .edu , .info , .biz , .aero , .travel , .jobs , .gov , .mil gibi "" jenerik "" üst düzey alanlarla ( gTLD ) .tr , .us , .de , .uk , .jp , .az gibi ülke alanlarından ( CcTLD ) oluşur."
İnternette,(https://tr.wikipedia.org/wiki/%C4%B0nternet),1,"DNS#24: İnternette bulunan her nesnenin, etkileşime giren her sunucu ve ucun bir internet sitesi olması gerekir."
CcTLD,(https://tr.wikipedia.org/wiki/%C4%B0nternet_%C3%BClke_%C3%BCst_seviye_alan_ad%C4%B1),1,"DNS#39: En üste .com , .org , .net , .int , .edu , .info , .biz , .aero , .travel , .jobs , .gov , .mil gibi "" jenerik "" üst düzey alanlarla ( gTLD ) .tr , .us , .de , .uk , .jp , .az gibi ülke alanlarından ( CcTLD ) oluşur."
.asia,(https://tr.wikipedia.org/wiki/.asia),1,DNS#40: Buna son olarak .eu ve .asia gibi bölgesel birkaç üst düzey alan adı daha eklenmiştir.
File Transfer Protocol,(https://tr.wikipedia.org/wiki/Dosya_aktar%C4%B1m_ileti%C5%9Fim_kural%C4%B1),1,DNS#44: Bu dosya her adrese bir isim karşılık gelecek şekilde düzenlenmişti. Arpanet üzerindeki yeni isim tanımlamaları ve değişiklikleri SRI'ya gönderilen e-postalar arcılığı ile yapılıyor ve HOSTS.TXT' in kopyası File Transfer Protocol ile alınıyordu.
TCP/IP,(https://tr.wikipedia.org/wiki/%C4%B0nternet_ileti%C5%9Fim_kurallar%C4%B1_dizisi),1,"DNS#45: Arpanet üzerinde TCP/IP kullanımına paralel olarak ortaya çıkan bağlantı patlaması, isim çözümü için birçok sunucuda ve her bilgisayara özgün bir isim atanmasında problemler yaşanmaktaydı."
bant genişliği,(https://tr.wikipedia.org/wiki/Bant_geni%C5%9Fli%C4%9Fi),1,DNS#46: Ayrıca yalnızca isim çözümlenmesi için oldukça yüksek miktarda bant genişliği harcanmaktaydı.
Paul Mockapetris,(https://tr.wikipedia.org/w/index.php?title=Paul_Mockapetris&action=edit&redlink=1),1,DNS#48: Bu durumun ortaya çıkmasından sonra Arpanet daha ölçeklenebilir bir isim çözümleme yapısı için araştırmalara başladı. Paul Mockapetris bu işle görevlendirildi.
RFC 882,(https://datatracker.ietf.org/doc/html/rfc882),1,DNS#49: Mockapetris 1984 yılında Domain Name System (DNS)’i tanımlayan RFC 882 ve RFC 883 ’ü yayınladı.
RFC 883,(https://datatracker.ietf.org/doc/html/rfc883),1,DNS#49: Mockapetris 1984 yılında Domain Name System (DNS)’i tanımlayan RFC 882 ve RFC 883 ’ü yayınladı.
RFC 1034,(https://datatracker.ietf.org/doc/html/rfc1034),1,DNS#50: Bunlar daha sonra hâlen geçerli olan RFC 1034 ve RFC 1035 tarafından güncellendiler.
RFC 1035,(https://datatracker.ietf.org/doc/html/rfc1035),1,DNS#50: Bunlar daha sonra hâlen geçerli olan RFC 1034 ve RFC 1035 tarafından güncellendiler.
hiyerarşik,(https://tr.wikipedia.org/wiki/Hiyerar%C5%9Fi),1,"DNS#51: Alan Adı Sistemi (DNS), internet üzerindeki kaynakları adlandırmak ve bulmak için hiyerarşik ve dağıtık bir yapıya sahiptir."
dağıtık,(https://tr.wikipedia.org/wiki/Da%C4%9F%C4%B1t%C4%B1k_hesaplama),1,"DNS#51: Alan Adı Sistemi (DNS), internet üzerindeki kaynakları adlandırmak ve bulmak için hiyerarşik ve dağıtık bir yapıya sahiptir."
ağaç,(https://tr.wikipedia.org/wiki/A%C4%9Fa%C3%A7_(veri_yap%C4%B1s%C4%B1)),1,"DNS#52: Bu yapı, genellikle kökü en tepede olan ters bir ağaç (tree) modeline benzetilir ve internetin devasa alan adı boşluğunu yönetilebilir parçalara (bölgelere veya ""zone""lara) ayırır."
alan adı boşluğunu,(https://tr.wikipedia.org/w/index.php?title=Alan_ad%C4%B1_bo%C5%9Flu%C4%9Fu&action=edit&redlink=1),1,"DNS#52: Bu yapı, genellikle kökü en tepede olan ters bir ağaç (tree) modeline benzetilir ve internetin devasa alan adı boşluğunu yönetilebilir parçalara (bölgelere veya ""zone""lara) ayırır."
RFC 8094,(https://datatracker.ietf.org/doc/html/rfc8094),1,"DNS#139: DoD: RFC 8094 'te tanımlanan deneysel bir protokol, Datagram Aktarım Katmanı Güvenliği üzerinden DNS, TLS'nin TCP trafiğini koruma yöntemine benzer şekilde, Kullanıcı Datagram Protokolü trafiğini korumak için DTLS protokolüne dayanır."
RFC 8484,(https://datatracker.ietf.org/doc/html/rfc8484),1,"DNS#140: DoH: RFC 8484 'te tanımlanan başka bir standart izleme protokolü olan HTTPS üzerinden DNS, TLS üzerinden HTTP trafiği gönderme protokolünü tanımlayan HTTP Güvenli protokolü üzerinden DNS sorguları ve yanıtları göndermek için bir mekanizma sağlar."
güvenlik duvarında,(https://tr.wikipedia.org/wiki/G%C3%BCvenlik_duvar%C4%B1),1,DNS#150: Bölge transferlerine karşı bir önlem olarak güvenlik duvarında (firewall) veya ağ geçitlerindeki yönlendiricilerde 53 numaralı TCP portu gelen tüm yetkisiz bağlantılara karşı kapalı tutulmalıdır.
yönlendiricilerde,(https://tr.wikipedia.org/wiki/Y%C3%B6nlendirici),1,DNS#150: Bölge transferlerine karşı bir önlem olarak güvenlik duvarında (firewall) veya ağ geçitlerindeki yönlendiricilerde 53 numaralı TCP portu gelen tüm yetkisiz bağlantılara karşı kapalı tutulmalıdır.
TCP,(https://tr.wikipedia.org/wiki/TCP),1,DNS#150: Bölge transferlerine karşı bir önlem olarak güvenlik duvarında (firewall) veya ağ geçitlerindeki yönlendiricilerde 53 numaralı TCP portu gelen tüm yetkisiz bağlantılara karşı kapalı tutulmalıdır.
.ac,(https://tr.wikipedia.org/wiki/.ac),1,DNS#176: A .ac .ad .ae .af .ag .ai .al .am .ao .aq .ar .as .at .au .aw .ax .az B .ba .bb .bd .be .bf .bg .bh .bi .bj .bm .bn .bo .br .bs .bt .bw .by .bz C .ca .cc .cd .cf .cg .ch .ci .ck .cl .cm .cn .co .cr .cu .cv .cw .cx .cy .cz D .de .dj .dk .dm .do .dz E .ec .ee .eg .er .es .et .eu F .fi .fj .fk .fm .fo .fr G .ga .gd .ge .gf .gg .gh .gi .gl .gm .gn .gp .gq .gr .gs .gt .gu .gw .gy H .hk .hm .hn .hr .ht .hu I .id .ie .il .im .in .io .iq .ir .is .it J .je .jm .jo .jp K .ke .kg .kh .ki .km .kn .kp .kr .kw .ky .kz L .la .lb .lc .li .lk .lr .ls .lt .lu .lv .ly M .ma .mc .md .me .mg .mh .mk .ml .mm .mn .mo .mp .mq .mr .ms .mt .mu .mv .mw .mx .my .mz N .na .nc .ne .nf .ng .ni .nl .no .np .nr .nu .nz O .om P .pa .pe .pf .pg .ph .pk .pl .pm .pn .pr .ps .pt .pw .py Q .qa R .re .ro .rs .ru .rw S .sa .sb .sc .sd .se .sg .sh .si .sk .sl .sm .sn .so .sr .ss .st .su .sv .sx .sy .sz T .tc .td .tf .tg .th .tj .tk .tl .tm .tn .to .tr .tt .tv .tw .tz U .ua .ug .uk .us .uy .uz V .va .vc .ve .vg .vi .vn .vu W .wf .ws Y .ye .yt Z .za .zm .zw
.ad,(https://tr.wikipedia.org/wiki/.ad),1,DNS#176: A .ac .ad .ae .af .ag .ai .al .am .ao .aq .ar .as .at .au .aw .ax .az B .ba .bb .bd .be .bf .bg .bh .bi .bj .bm .bn .bo .br .bs .bt .bw .by .bz C .ca .cc .cd .cf .cg .ch .ci .ck .cl .cm .cn .co .cr .cu .cv .cw .cx .cy .cz D .de .dj .dk .dm .do .dz E .ec .ee .eg .er .es .et .eu F .fi .fj .fk .fm .fo .fr G .ga .gd .ge .gf .gg .gh .gi .gl .gm .gn .gp .gq .gr .gs .gt .gu .gw .gy H .hk .hm .hn .hr .ht .hu I .id .ie .il .im .in .io .iq .ir .is .it J .je .jm .jo .jp K .ke .kg .kh .ki .km .kn .kp .kr .kw .ky .kz L .la .lb .lc .li .lk .lr .ls .lt .lu .lv .ly M .ma .mc .md .me .mg .mh .mk .ml .mm .mn .mo .mp .mq .mr .ms .mt .mu .mv .mw .mx .my .mz N .na .nc .ne .nf .ng .ni .nl .no .np .nr .nu .nz O .om P .pa .pe .pf .pg .ph .pk .pl .pm .pn .pr .ps .pt .pw .py Q .qa R .re .ro .rs .ru .rw S .sa .sb .sc .sd .se .sg .sh .si .sk .sl .sm .sn .so .sr .ss .st .su .sv .sx .sy .sz T .tc .td .tf .tg .th .tj .tk .tl .tm .tn .to .tr .tt .tv .tw .tz U .ua .ug .uk .us .uy .uz V .va .vc .ve .vg .vi .vn .vu W .wf .ws Y .ye .yt Z .za .zm .zw
.ae,(https://tr.wikipedia.org/wiki/.ae),1,DNS#176: A .ac .ad .ae .af .ag .ai .al .am .ao .aq .ar .as .at .au .aw .ax .az B .ba .bb .bd .be .bf .bg .bh .bi .bj .bm .bn .bo .br .bs .bt .bw .by .bz C .ca .cc .cd .cf .cg .ch .ci .ck .cl .cm .cn .co .cr .cu .cv .cw .cx .cy .cz D .de .dj .dk .dm .do .dz E .ec .ee .eg .er .es .et .eu F .fi .fj .fk .fm .fo .fr G .ga .gd .ge .gf .gg .gh .gi .gl .gm .gn .gp .gq .gr .gs .gt .gu .gw .gy H .hk .hm .hn .hr .ht .hu I .id .ie .il .im .in .io .iq .ir .is .it J .je .jm .jo .jp K .ke .kg .kh .ki .km .kn .kp .kr .kw .ky .kz L .la .lb .lc .li .lk .lr .ls .lt .lu .lv .ly M .ma .mc .md .me .mg .mh .mk .ml .mm .mn .mo .mp .mq .mr .ms .mt .mu .mv .mw .mx .my .mz N .na .nc .ne .nf .ng .ni .nl .no .np .nr .nu .nz O .om P .pa .pe .pf .pg .ph .pk .pl .pm .pn .pr .ps .pt .pw .py Q .qa R .re .ro .rs .ru .rw S .sa .sb .sc .sd .se .sg .sh .si .sk .sl .sm .sn .so .sr .ss .st .su .sv .sx .sy .sz T .tc .td .tf .tg .th .tj .tk .tl .tm .tn .to .tr .tt .tv .tw .tz U .ua .ug .uk .us .uy .uz V .va .vc .ve .vg .vi .vn .vu W .wf .ws Y .ye .yt Z .za .zm .zw
.af,(https://tr.wikipedia.org/wiki/.af),1,DNS#176: A .ac .ad .ae .af .ag .ai .al .am .ao .aq .ar .as .at .au .aw .ax .az B .ba .bb .bd .be .bf .bg .bh .bi .bj .bm .bn .bo .br .bs .bt .bw .by .bz C .ca .cc .cd .cf .cg .ch .ci .ck .cl .cm .cn .co .cr .cu .cv .cw .cx .cy .cz D .de .dj .dk .dm .do .dz E .ec .ee .eg .er .es .et .eu F .fi .fj .fk .fm .fo .fr G .ga .gd .ge .gf .gg .gh .gi .gl .gm .gn .gp .gq .gr .gs .gt .gu .gw .gy H .hk .hm .hn .hr .ht .hu I .id .ie .il .im .in .io .iq .ir .is .it J .je .jm .jo .jp K .ke .kg .kh .ki .km .kn .kp .kr .kw .ky .kz L .la .lb .lc .li .lk .lr .ls .lt .lu .lv .ly M .ma .mc .md .me .mg .mh .mk .ml .mm .mn .mo .mp .mq .mr .ms .mt .mu .mv .mw .mx .my .mz N .na .nc .ne .nf .ng .ni .nl .no .np .nr .nu .nz O .om P .pa .pe .pf .pg .ph .pk .pl .pm .pn .pr .ps .pt .pw .py Q .qa R .re .ro .rs .ru .rw S .sa .sb .sc .sd .se .sg .sh .si .sk .sl .sm .sn .so .sr .ss .st .su .sv .sx .sy .sz T .tc .td .tf .tg .th .tj .tk .tl .tm .tn .to .tr .tt .tv .tw .tz U .ua .ug .uk .us .uy .uz V .va .vc .ve .vg .vi .vn .vu W .wf .ws Y .ye .yt Z .za .zm .zw
.ag,(https://tr.wikipedia.org/wiki/.ag),1,DNS#176: A .ac .ad .ae .af .ag .ai .al .am .ao .aq .ar .as .at .au .aw .ax .az B .ba .bb .bd .be .bf .bg .bh .bi .bj .bm .bn .bo .br .bs .bt .bw .by .bz C .ca .cc .cd .cf .cg .ch .ci .ck .cl .cm .cn .co .cr .cu .cv .cw .cx .cy .cz D .de .dj .dk .dm .do .dz E .ec .ee .eg .er .es .et .eu F .fi .fj .fk .fm .fo .fr G .ga .gd .ge .gf .gg .gh .gi .gl .gm .gn .gp .gq .gr .gs .gt .gu .gw .gy H .hk .hm .hn .hr .ht .hu I .id .ie .il .im .in .io .iq .ir .is .it J .je .jm .jo .jp K .ke .kg .kh .ki .km .kn .kp .kr .kw .ky .kz L .la .lb .lc .li .lk .lr .ls .lt .lu .lv .ly M .ma .mc .md .me .mg .mh .mk .ml .mm .mn .mo .mp .mq .mr .ms .mt .mu .mv .mw .mx .my .mz N .na .nc .ne .nf .ng .ni .nl .no .np .nr .nu .nz O .om P .pa .pe .pf .pg .ph .pk .pl .pm .pn .pr .ps .pt .pw .py Q .qa R .re .ro .rs .ru .rw S .sa .sb .sc .sd .se .sg .sh .si .sk .sl .sm .sn .so .sr .ss .st .su .sv .sx .sy .sz T .tc .td .tf .tg .th .tj .tk .tl .tm .tn .to .tr .tt .tv .tw .tz U .ua .ug .uk .us .uy .uz V .va .vc .ve .vg .vi .vn .vu W .wf .ws Y .ye .yt Z .za .zm .zw
.ai,(https://tr.wikipedia.org/wiki/.ai),1,DNS#176: A .ac .ad .ae .af .ag .ai .al .am .ao .aq .ar .as .at .au .aw .ax .az B .ba .bb .bd .be .bf .bg .bh .bi .bj .bm .bn .bo .br .bs .bt .bw .by .bz C .ca .cc .cd .cf .cg .ch .ci .ck .cl .cm .cn .co .cr .cu .cv .cw .cx .cy .cz D .de .dj .dk .dm .do .dz E .ec .ee .eg .er .es .et .eu F .fi .fj .fk .fm .fo .fr G .ga .gd .ge .gf .gg .gh .gi .gl .gm .gn .gp .gq .gr .gs .gt .gu .gw .gy H .hk .hm .hn .hr .ht .hu I .id .ie .il .im .in .io .iq .ir .is .it J .je .jm .jo .jp K .ke .kg .kh .ki .km .kn .kp .kr .kw .ky .kz L .la .lb .lc .li .lk .lr .ls .lt .lu .lv .ly M .ma .mc .md .me .mg .mh .mk .ml .mm .mn .mo .mp .mq .mr .ms .mt .mu .mv .mw .mx .my .mz N .na .nc .ne .nf .ng .ni .nl .no .np .nr .nu .nz O .om P .pa .pe .pf .pg .ph .pk .pl .pm .pn .pr .ps .pt .pw .py Q .qa R .re .ro .rs .ru .rw S .sa .sb .sc .sd .se .sg .sh .si .sk .sl .sm .sn .so .sr .ss .st .su .sv .sx .sy .sz T .tc .td .tf .tg .th .tj .tk .tl .tm .tn .to .tr .tt .tv .tw .tz U .ua .ug .uk .us .uy .uz V .va .vc .ve .vg .vi .vn .vu W .wf .ws Y .ye .yt Z .za .zm .zw
.al,(https://tr.wikipedia.org/wiki/.al),1,DNS#176: A .ac .ad .ae .af .ag .ai .al .am .ao .aq .ar .as .at .au .aw .ax .az B .ba .bb .bd .be .bf .bg .bh .bi .bj .bm .bn .bo .br .bs .bt .bw .by .bz C .ca .cc .cd .cf .cg .ch .ci .ck .cl .cm .cn .co .cr .cu .cv .cw .cx .cy .cz D .de .dj .dk .dm .do .dz E .ec .ee .eg .er .es .et .eu F .fi .fj .fk .fm .fo .fr G .ga .gd .ge .gf .gg .gh .gi .gl .gm .gn .gp .gq .gr .gs .gt .gu .gw .gy H .hk .hm .hn .hr .ht .hu I .id .ie .il .im .in .io .iq .ir .is .it J .je .jm .jo .jp K .ke .kg .kh .ki .km .kn .kp .kr .kw .ky .kz L .la .lb .lc .li .lk .lr .ls .lt .lu .lv .ly M .ma .mc .md .me .mg .mh .mk .ml .mm .mn .mo .mp .mq .mr .ms .mt .mu .mv .mw .mx .my .mz N .na .nc .ne .nf .ng .ni .nl .no .np .nr .nu .nz O .om P .pa .pe .pf .pg .ph .pk .pl .pm .pn .pr .ps .pt .pw .py Q .qa R .re .ro .rs .ru .rw S .sa .sb .sc .sd .se .sg .sh .si .sk .sl .sm .sn .so .sr .ss .st .su .sv .sx .sy .sz T .tc .td .tf .tg .th .tj .tk .tl .tm .tn .to .tr .tt .tv .tw .tz U .ua .ug .uk .us .uy .uz V .va .vc .ve .vg .vi .vn .vu W .wf .ws Y .ye .yt Z .za .zm .zw
.am,(https://tr.wikipedia.org/wiki/.am),1,DNS#176: A .ac .ad .ae .af .ag .ai .al .am .ao .aq .ar .as .at .au .aw .ax .az B .ba .bb .bd .be .bf .bg .bh .bi .bj .bm .bn .bo .br .bs .bt .bw .by .bz C .ca .cc .cd .cf .cg .ch .ci .ck .cl .cm .cn .co .cr .cu .cv .cw .cx .cy .cz D .de .dj .dk .dm .do .dz E .ec .ee .eg .er .es .et .eu F .fi .fj .fk .fm .fo .fr G .ga .gd .ge .gf .gg .gh .gi .gl .gm .gn .gp .gq .gr .gs .gt .gu .gw .gy H .hk .hm .hn .hr .ht .hu I .id .ie .il .im .in .io .iq .ir .is .it J .je .jm .jo .jp K .ke .kg .kh .ki .km .kn .kp .kr .kw .ky .kz L .la .lb .lc .li .lk .lr .ls .lt .lu .lv .ly M .ma .mc .md .me .mg .mh .mk .ml .mm .mn .mo .mp .mq .mr .ms .mt .mu .mv .mw .mx .my .mz N .na .nc .ne .nf .ng .ni .nl .no .np .nr .nu .nz O .om P .pa .pe .pf .pg .ph .pk .pl .pm .pn .pr .ps .pt .pw .py Q .qa R .re .ro .rs .ru .rw S .sa .sb .sc .sd .se .sg .sh .si .sk .sl .sm .sn .so .sr .ss .st .su .sv .sx .sy .sz T .tc .td .tf .tg .th .tj .tk .tl .tm .tn .to .tr .tt .tv .tw .tz U .ua .ug .uk .us .uy .uz V .va .vc .ve .vg .vi .vn .vu W .wf .ws Y .ye .yt Z .za .zm .zw
.ao,(https://tr.wikipedia.org/wiki/.ao),1,DNS#176: A .ac .ad .ae .af .ag .ai .al .am .ao .aq .ar .as .at .au .aw .ax .az B .ba .bb .bd .be .bf .bg .bh .bi .bj .bm .bn .bo .br .bs .bt .bw .by .bz C .ca .cc .cd .cf .cg .ch .ci .ck .cl .cm .cn .co .cr .cu .cv .cw .cx .cy .cz D .de .dj .dk .dm .do .dz E .ec .ee .eg .er .es .et .eu F .fi .fj .fk .fm .fo .fr G .ga .gd .ge .gf .gg .gh .gi .gl .gm .gn .gp .gq .gr .gs .gt .gu .gw .gy H .hk .hm .hn .hr .ht .hu I .id .ie .il .im .in .io .iq .ir .is .it J .je .jm .jo .jp K .ke .kg .kh .ki .km .kn .kp .kr .kw .ky .kz L .la .lb .lc .li .lk .lr .ls .lt .lu .lv .ly M .ma .mc .md .me .mg .mh .mk .ml .mm .mn .mo .mp .mq .mr .ms .mt .mu .mv .mw .mx .my .mz N .na .nc .ne .nf .ng .ni .nl .no .np .nr .nu .nz O .om P .pa .pe .pf .pg .ph .pk .pl .pm .pn .pr .ps .pt .pw .py Q .qa R .re .ro .rs .ru .rw S .sa .sb .sc .sd .se .sg .sh .si .sk .sl .sm .sn .so .sr .ss .st .su .sv .sx .sy .sz T .tc .td .tf .tg .th .tj .tk .tl .tm .tn .to .tr .tt .tv .tw .tz U .ua .ug .uk .us .uy .uz V .va .vc .ve .vg .vi .vn .vu W .wf .ws Y .ye .yt Z .za .zm .zw
.aq,(https://tr.wikipedia.org/wiki/.aq),1,DNS#176: A .ac .ad .ae .af .ag .ai .al .am .ao .aq .ar .as .at .au .aw .ax .az B .ba .bb .bd .be .bf .bg .bh .bi .bj .bm .bn .bo .br .bs .bt .bw .by .bz C .ca .cc .cd .cf .cg .ch .ci .ck .cl .cm .cn .co .cr .cu .cv .cw .cx .cy .cz D .de .dj .dk .dm .do .dz E .ec .ee .eg .er .es .et .eu F .fi .fj .fk .fm .fo .fr G .ga .gd .ge .gf .gg .gh .gi .gl .gm .gn .gp .gq .gr .gs .gt .gu .gw .gy H .hk .hm .hn .hr .ht .hu I .id .ie .il .im .in .io .iq .ir .is .it J .je .jm .jo .jp K .ke .kg .kh .ki .km .kn .kp .kr .kw .ky .kz L .la .lb .lc .li .lk .lr .ls .lt .lu .lv .ly M .ma .mc .md .me .mg .mh .mk .ml .mm .mn .mo .mp .mq .mr .ms .mt .mu .mv .mw .mx .my .mz N .na .nc .ne .nf .ng .ni .nl .no .np .nr .nu .nz O .om P .pa .pe .pf .pg .ph .pk .pl .pm .pn .pr .ps .pt .pw .py Q .qa R .re .ro .rs .ru .rw S .sa .sb .sc .sd .se .sg .sh .si .sk .sl .sm .sn .so .sr .ss .st .su .sv .sx .sy .sz T .tc .td .tf .tg .th .tj .tk .tl .tm .tn .to .tr .tt .tv .tw .tz U .ua .ug .uk .us .uy .uz V .va .vc .ve .vg .vi .vn .vu W .wf .ws Y .ye .yt Z .za .zm .zw
.ar,(https://tr.wikipedia.org/wiki/.ar),1,DNS#176: A .ac .ad .ae .af .ag .ai .al .am .ao .aq .ar .as .at .au .aw .ax .az B .ba .bb .bd .be .bf .bg .bh .bi .bj .bm .bn .bo .br .bs .bt .bw .by .bz C .ca .cc .cd .cf .cg .ch .ci .ck .cl .cm .cn .co .cr .cu .cv .cw .cx .cy .cz D .de .dj .dk .dm .do .dz E .ec .ee .eg .er .es .et .eu F .fi .fj .fk .fm .fo .fr G .ga .gd .ge .gf .gg .gh .gi .gl .gm .gn .gp .gq .gr .gs .gt .gu .gw .gy H .hk .hm .hn .hr .ht .hu I .id .ie .il .im .in .io .iq .ir .is .it J .je .jm .jo .jp K .ke .kg .kh .ki .km .kn .kp .kr .kw .ky .kz L .la .lb .lc .li .lk .lr .ls .lt .lu .lv .ly M .ma .mc .md .me .mg .mh .mk .ml .mm .mn .mo .mp .mq .mr .ms .mt .mu .mv .mw .mx .my .mz N .na .nc .ne .nf .ng .ni .nl .no .np .nr .nu .nz O .om P .pa .pe .pf .pg .ph .pk .pl .pm .pn .pr .ps .pt .pw .py Q .qa R .re .ro .rs .ru .rw S .sa .sb .sc .sd .se .sg .sh .si .sk .sl .sm .sn .so .sr .ss .st .su .sv .sx .sy .sz T .tc .td .tf .tg .th .tj .tk .tl .tm .tn .to .tr .tt .tv .tw .tz U .ua .ug .uk .us .uy .uz V .va .vc .ve .vg .vi .vn .vu W .wf .ws Y .ye .yt Z .za .zm .zw
.as,(https://tr.wikipedia.org/wiki/.as),1,DNS#176: A .ac .ad .ae .af .ag .ai .al .am .ao .aq .ar .as .at .au .aw .ax .az B .ba .bb .bd .be .bf .bg .bh .bi .bj .bm .bn .bo .br .bs .bt .bw .by .bz C .ca .cc .cd .cf .cg .ch .ci .ck .cl .cm .cn .co .cr .cu .cv .cw .cx .cy .cz D .de .dj .dk .dm .do .dz E .ec .ee .eg .er .es .et .eu F .fi .fj .fk .fm .fo .fr G .ga .gd .ge .gf .gg .gh .gi .gl .gm .gn .gp .gq .gr .gs .gt .gu .gw .gy H .hk .hm .hn .hr .ht .hu I .id .ie .il .im .in .io .iq .ir .is .it J .je .jm .jo .jp K .ke .kg .kh .ki .km .kn .kp .kr .kw .ky .kz L .la .lb .lc .li .lk .lr .ls .lt .lu .lv .ly M .ma .mc .md .me .mg .mh .mk .ml .mm .mn .mo .mp .mq .mr .ms .mt .mu .mv .mw .mx .my .mz N .na .nc .ne .nf .ng .ni .nl .no .np .nr .nu .nz O .om P .pa .pe .pf .pg .ph .pk .pl .pm .pn .pr .ps .pt .pw .py Q .qa R .re .ro .rs .ru .rw S .sa .sb .sc .sd .se .sg .sh .si .sk .sl .sm .sn .so .sr .ss .st .su .sv .sx .sy .sz T .tc .td .tf .tg .th .tj .tk .tl .tm .tn .to .tr .tt .tv .tw .tz U .ua .ug .uk .us .uy .uz V .va .vc .ve .vg .vi .vn .vu W .wf .ws Y .ye .yt Z .za .zm .zw
.at,(https://tr.wikipedia.org/wiki/.at),1,DNS#176: A .ac .ad .ae .af .ag .ai .al .am .ao .aq .ar .as .at .au .aw .ax .az B .ba .bb .bd .be .bf .bg .bh .bi .bj .bm .bn .bo .br .bs .bt .bw .by .bz C .ca .cc .cd .cf .cg .ch .ci .ck .cl .cm .cn .co .cr .cu .cv .cw .cx .cy .cz D .de .dj .dk .dm .do .dz E .ec .ee .eg .er .es .et .eu F .fi .fj .fk .fm .fo .fr G .ga .gd .ge .gf .gg .gh .gi .gl .gm .gn .gp .gq .gr .gs .gt .gu .gw .gy H .hk .hm .hn .hr .ht .hu I .id .ie .il .im .in .io .iq .ir .is .it J .je .jm .jo .jp K .ke .kg .kh .ki .km .kn .kp .kr .kw .ky .kz L .la .lb .lc .li .lk .lr .ls .lt .lu .lv .ly M .ma .mc .md .me .mg .mh .mk .ml .mm .mn .mo .mp .mq .mr .ms .mt .mu .mv .mw .mx .my .mz N .na .nc .ne .nf .ng .ni .nl .no .np .nr .nu .nz O .om P .pa .pe .pf .pg .ph .pk .pl .pm .pn .pr .ps .pt .pw .py Q .qa R .re .ro .rs .ru .rw S .sa .sb .sc .sd .se .sg .sh .si .sk .sl .sm .sn .so .sr .ss .st .su .sv .sx .sy .sz T .tc .td .tf .tg .th .tj .tk .tl .tm .tn .to .tr .tt .tv .tw .tz U .ua .ug .uk .us .uy .uz V .va .vc .ve .vg .vi .vn .vu W .wf .ws Y .ye .yt Z .za .zm .zw
.au,(https://tr.wikipedia.org/wiki/.au),1,DNS#176: A .ac .ad .ae .af .ag .ai .al .am .ao .aq .ar .as .at .au .aw .ax .az B .ba .bb .bd .be .bf .bg .bh .bi .bj .bm .bn .bo .br .bs .bt .bw .by .bz C .ca .cc .cd .cf .cg .ch .ci .ck .cl .cm .cn .co .cr .cu .cv .cw .cx .cy .cz D .de .dj .dk .dm .do .dz E .ec .ee .eg .er .es .et .eu F .fi .fj .fk .fm .fo .fr G .ga .gd .ge .gf .gg .gh .gi .gl .gm .gn .gp .gq .gr .gs .gt .gu .gw .gy H .hk .hm .hn .hr .ht .hu I .id .ie .il .im .in .io .iq .ir .is .it J .je .jm .jo .jp K .ke .kg .kh .ki .km .kn .kp .kr .kw .ky .kz L .la .lb .lc .li .lk .lr .ls .lt .lu .lv .ly M .ma .mc .md .me .mg .mh .mk .ml .mm .mn .mo .mp .mq .mr .ms .mt .mu .mv .mw .mx .my .mz N .na .nc .ne .nf .ng .ni .nl .no .np .nr .nu .nz O .om P .pa .pe .pf .pg .ph .pk .pl .pm .pn .pr .ps .pt .pw .py Q .qa R .re .ro .rs .ru .rw S .sa .sb .sc .sd .se .sg .sh .si .sk .sl .sm .sn .so .sr .ss .st .su .sv .sx .sy .sz T .tc .td .tf .tg .th .tj .tk .tl .tm .tn .to .tr .tt .tv .tw .tz U .ua .ug .uk .us .uy .uz V .va .vc .ve .vg .vi .vn .vu W .wf .ws Y .ye .yt Z .za .zm .zw
.aw,(https://tr.wikipedia.org/wiki/.aw),1,DNS#176: A .ac .ad .ae .af .ag .ai .al .am .ao .aq .ar .as .at .au .aw .ax .az B .ba .bb .bd .be .bf .bg .bh .bi .bj .bm .bn .bo .br .bs .bt .bw .by .bz C .ca .cc .cd .cf .cg .ch .ci .ck .cl .cm .cn .co .cr .cu .cv .cw .cx .cy .cz D .de .dj .dk .dm .do .dz E .ec .ee .eg .er .es .et .eu F .fi .fj .fk .fm .fo .fr G .ga .gd .ge .gf .gg .gh .gi .gl .gm .gn .gp .gq .gr .gs .gt .gu .gw .gy H .hk .hm .hn .hr .ht .hu I .id .ie .il .im .in .io .iq .ir .is .it J .je .jm .jo .jp K .ke .kg .kh .ki .km .kn .kp .kr .kw .ky .kz L .la .lb .lc .li .lk .lr .ls .lt .lu .lv .ly M .ma .mc .md .me .mg .mh .mk .ml .mm .mn .mo .mp .mq .mr .ms .mt .mu .mv .mw .mx .my .mz N .na .nc .ne .nf .ng .ni .nl .no .np .nr .nu .nz O .om P .pa .pe .pf .pg .ph .pk .pl .pm .pn .pr .ps .pt .pw .py Q .qa R .re .ro .rs .ru .rw S .sa .sb .sc .sd .se .sg .sh .si .sk .sl .sm .sn .so .sr .ss .st .su .sv .sx .sy .sz T .tc .td .tf .tg .th .tj .tk .tl .tm .tn .to .tr .tt .tv .tw .tz U .ua .ug .uk .us .uy .uz V .va .vc .ve .vg .vi .vn .vu W .wf .ws Y .ye .yt Z .za .zm .zw
.ax,(https://tr.wikipedia.org/wiki/.ax),1,DNS#176: A .ac .ad .ae .af .ag .ai .al .am .ao .aq .ar .as .at .au .aw .ax .az B .ba .bb .bd .be .bf .bg .bh .bi .bj .bm .bn .bo .br .bs .bt .bw .by .bz C .ca .cc .cd .cf .cg .ch .ci .ck .cl .cm .cn .co .cr .cu .cv .cw .cx .cy .cz D .de .dj .dk .dm .do .dz E .ec .ee .eg .er .es .et .eu F .fi .fj .fk .fm .fo .fr G .ga .gd .ge .gf .gg .gh .gi .gl .gm .gn .gp .gq .gr .gs .gt .gu .gw .gy H .hk .hm .hn .hr .ht .hu I .id .ie .il .im .in .io .iq .ir .is .it J .je .jm .jo .jp K .ke .kg .kh .ki .km .kn .kp .kr .kw .ky .kz L .la .lb .lc .li .lk .lr .ls .lt .lu .lv .ly M .ma .mc .md .me .mg .mh .mk .ml .mm .mn .mo .mp .mq .mr .ms .mt .mu .mv .mw .mx .my .mz N .na .nc .ne .nf .ng .ni .nl .no .np .nr .nu .nz O .om P .pa .pe .pf .pg .ph .pk .pl .pm .pn .pr .ps .pt .pw .py Q .qa R .re .ro .rs .ru .rw S .sa .sb .sc .sd .se .sg .sh .si .sk .sl .sm .sn .so .sr .ss .st .su .sv .sx .sy .sz T .tc .td .tf .tg .th .tj .tk .tl .tm .tn .to .tr .tt .tv .tw .tz U .ua .ug .uk .us .uy .uz V .va .vc .ve .vg .vi .vn .vu W .wf .ws Y .ye .yt Z .za .zm .zw
.ba,(https://tr.wikipedia.org/wiki/.ba),1,DNS#176: A .ac .ad .ae .af .ag .ai .al .am .ao .aq .ar .as .at .au .aw .ax .az B .ba .bb .bd .be .bf .bg .bh .bi .bj .bm .bn .bo .br .bs .bt .bw .by .bz C .ca .cc .cd .cf .cg .ch .ci .ck .cl .cm .cn .co .cr .cu .cv .cw .cx .cy .cz D .de .dj .dk .dm .do .dz E .ec .ee .eg .er .es .et .eu F .fi .fj .fk .fm .fo .fr G .ga .gd .ge .gf .gg .gh .gi .gl .gm .gn .gp .gq .gr .gs .gt .gu .gw .gy H .hk .hm .hn .hr .ht .hu I .id .ie .il .im .in .io .iq .ir .is .it J .je .jm .jo .jp K .ke .kg .kh .ki .km .kn .kp .kr .kw .ky .kz L .la .lb .lc .li .lk .lr .ls .lt .lu .lv .ly M .ma .mc .md .me .mg .mh .mk .ml .mm .mn .mo .mp .mq .mr .ms .mt .mu .mv .mw .mx .my .mz N .na .nc .ne .nf .ng .ni .nl .no .np .nr .nu .nz O .om P .pa .pe .pf .pg .ph .pk .pl .pm .pn .pr .ps .pt .pw .py Q .qa R .re .ro .rs .ru .rw S .sa .sb .sc .sd .se .sg .sh .si .sk .sl .sm .sn .so .sr .ss .st .su .sv .sx .sy .sz T .tc .td .tf .tg .th .tj .tk .tl .tm .tn .to .tr .tt .tv .tw .tz U .ua .ug .uk .us .uy .uz V .va .vc .ve .vg .vi .vn .vu W .wf .ws Y .ye .yt Z .za .zm .zw
.bb,(https://tr.wikipedia.org/wiki/.bb),1,DNS#176: A .ac .ad .ae .af .ag .ai .al .am .ao .aq .ar .as .at .au .aw .ax .az B .ba .bb .bd .be .bf .bg .bh .bi .bj .bm .bn .bo .br .bs .bt .bw .by .bz C .ca .cc .cd .cf .cg .ch .ci .ck .cl .cm .cn .co .cr .cu .cv .cw .cx .cy .cz D .de .dj .dk .dm .do .dz E .ec .ee .eg .er .es .et .eu F .fi .fj .fk .fm .fo .fr G .ga .gd .ge .gf .gg .gh .gi .gl .gm .gn .gp .gq .gr .gs .gt .gu .gw .gy H .hk .hm .hn .hr .ht .hu I .id .ie .il .im .in .io .iq .ir .is .it J .je .jm .jo .jp K .ke .kg .kh .ki .km .kn .kp .kr .kw .ky .kz L .la .lb .lc .li .lk .lr .ls .lt .lu .lv .ly M .ma .mc .md .me .mg .mh .mk .ml .mm .mn .mo .mp .mq .mr .ms .mt .mu .mv .mw .mx .my .mz N .na .nc .ne .nf .ng .ni .nl .no .np .nr .nu .nz O .om P .pa .pe .pf .pg .ph .pk .pl .pm .pn .pr .ps .pt .pw .py Q .qa R .re .ro .rs .ru .rw S .sa .sb .sc .sd .se .sg .sh .si .sk .sl .sm .sn .so .sr .ss .st .su .sv .sx .sy .sz T .tc .td .tf .tg .th .tj .tk .tl .tm .tn .to .tr .tt .tv .tw .tz U .ua .ug .uk .us .uy .uz V .va .vc .ve .vg .vi .vn .vu W .wf .ws Y .ye .yt Z .za .zm .zw
.bd,(https://tr.wikipedia.org/wiki/.bd),1,DNS#176: A .ac .ad .ae .af .ag .ai .al .am .ao .aq .ar .as .at .au .aw .ax .az B .ba .bb .bd .be .bf .bg .bh .bi .bj .bm .bn .bo .br .bs .bt .bw .by .bz C .ca .cc .cd .cf .cg .ch .ci .ck .cl .cm .cn .co .cr .cu .cv .cw .cx .cy .cz D .de .dj .dk .dm .do .dz E .ec .ee .eg .er .es .et .eu F .fi .fj .fk .fm .fo .fr G .ga .gd .ge .gf .gg .gh .gi .gl .gm .gn .gp .gq .gr .gs .gt .gu .gw .gy H .hk .hm .hn .hr .ht .hu I .id .ie .il .im .in .io .iq .ir .is .it J .je .jm .jo .jp K .ke .kg .kh .ki .km .kn .kp .kr .kw .ky .kz L .la .lb .lc .li .lk .lr .ls .lt .lu .lv .ly M .ma .mc .md .me .mg .mh .mk .ml .mm .mn .mo .mp .mq .mr .ms .mt .mu .mv .mw .mx .my .mz N .na .nc .ne .nf .ng .ni .nl .no .np .nr .nu .nz O .om P .pa .pe .pf .pg .ph .pk .pl .pm .pn .pr .ps .pt .pw .py Q .qa R .re .ro .rs .ru .rw S .sa .sb .sc .sd .se .sg .sh .si .sk .sl .sm .sn .so .sr .ss .st .su .sv .sx .sy .sz T .tc .td .tf .tg .th .tj .tk .tl .tm .tn .to .tr .tt .tv .tw .tz U .ua .ug .uk .us .uy .uz V .va .vc .ve .vg .vi .vn .vu W .wf .ws Y .ye .yt Z .za .zm .zw
.be,(https://tr.wikipedia.org/wiki/.be),1,DNS#176: A .ac .ad .ae .af .ag .ai .al .am .ao .aq .ar .as .at .au .aw .ax .az B .ba .bb .bd .be .bf .bg .bh .bi .bj .bm .bn .bo .br .bs .bt .bw .by .bz C .ca .cc .cd .cf .cg .ch .ci .ck .cl .cm .cn .co .cr .cu .cv .cw .cx .cy .cz D .de .dj .dk .dm .do .dz E .ec .ee .eg .er .es .et .eu F .fi .fj .fk .fm .fo .fr G .ga .gd .ge .gf .gg .gh .gi .gl .gm .gn .gp .gq .gr .gs .gt .gu .gw .gy H .hk .hm .hn .hr .ht .hu I .id .ie .il .im .in .io .iq .ir .is .it J .je .jm .jo .jp K .ke .kg .kh .ki .km .kn .kp .kr .kw .ky .kz L .la .lb .lc .li .lk .lr .ls .lt .lu .lv .ly M .ma .mc .md .me .mg .mh .mk .ml .mm .mn .mo .mp .mq .mr .ms .mt .mu .mv .mw .mx .my .mz N .na .nc .ne .nf .ng .ni .nl .no .np .nr .nu .nz O .om P .pa .pe .pf .pg .ph .pk .pl .pm .pn .pr .ps .pt .pw .py Q .qa R .re .ro .rs .ru .rw S .sa .sb .sc .sd .se .sg .sh .si .sk .sl .sm .sn .so .sr .ss .st .su .sv .sx .sy .sz T .tc .td .tf .tg .th .tj .tk .tl .tm .tn .to .tr .tt .tv .tw .tz U .ua .ug .uk .us .uy .uz V .va .vc .ve .vg .vi .vn .vu W .wf .ws Y .ye .yt Z .za .zm .zw
.bf,(https://tr.wikipedia.org/wiki/.bf),1,DNS#176: A .ac .ad .ae .af .ag .ai .al .am .ao .aq .ar .as .at .au .aw .ax .az B .ba .bb .bd .be .bf .bg .bh .bi .bj .bm .bn .bo .br .bs .bt .bw .by .bz C .ca .cc .cd .cf .cg .ch .ci .ck .cl .cm .cn .co .cr .cu .cv .cw .cx .cy .cz D .de .dj .dk .dm .do .dz E .ec .ee .eg .er .es .et .eu F .fi .fj .fk .fm .fo .fr G .ga .gd .ge .gf .gg .gh .gi .gl .gm .gn .gp .gq .gr .gs .gt .gu .gw .gy H .hk .hm .hn .hr .ht .hu I .id .ie .il .im .in .io .iq .ir .is .it J .je .jm .jo .jp K .ke .kg .kh .ki .km .kn .kp .kr .kw .ky .kz L .la .lb .lc .li .lk .lr .ls .lt .lu .lv .ly M .ma .mc .md .me .mg .mh .mk .ml .mm .mn .mo .mp .mq .mr .ms .mt .mu .mv .mw .mx .my .mz N .na .nc .ne .nf .ng .ni .nl .no .np .nr .nu .nz O .om P .pa .pe .pf .pg .ph .pk .pl .pm .pn .pr .ps .pt .pw .py Q .qa R .re .ro .rs .ru .rw S .sa .sb .sc .sd .se .sg .sh .si .sk .sl .sm .sn .so .sr .ss .st .su .sv .sx .sy .sz T .tc .td .tf .tg .th .tj .tk .tl .tm .tn .to .tr .tt .tv .tw .tz U .ua .ug .uk .us .uy .uz V .va .vc .ve .vg .vi .vn .vu W .wf .ws Y .ye .yt Z .za .zm .zw
.bg,(https://tr.wikipedia.org/wiki/.bg),1,DNS#176: A .ac .ad .ae .af .ag .ai .al .am .ao .aq .ar .as .at .au .aw .ax .az B .ba .bb .bd .be .bf .bg .bh .bi .bj .bm .bn .bo .br .bs .bt .bw .by .bz C .ca .cc .cd .cf .cg .ch .ci .ck .cl .cm .cn .co .cr .cu .cv .cw .cx .cy .cz D .de .dj .dk .dm .do .dz E .ec .ee .eg .er .es .et .eu F .fi .fj .fk .fm .fo .fr G .ga .gd .ge .gf .gg .gh .gi .gl .gm .gn .gp .gq .gr .gs .gt .gu .gw .gy H .hk .hm .hn .hr .ht .hu I .id .ie .il .im .in .io .iq .ir .is .it J .je .jm .jo .jp K .ke .kg .kh .ki .km .kn .kp .kr .kw .ky .kz L .la .lb .lc .li .lk .lr .ls .lt .lu .lv .ly M .ma .mc .md .me .mg .mh .mk .ml .mm .mn .mo .mp .mq .mr .ms .mt .mu .mv .mw .mx .my .mz N .na .nc .ne .nf .ng .ni .nl .no .np .nr .nu .nz O .om P .pa .pe .pf .pg .ph .pk .pl .pm .pn .pr .ps .pt .pw .py Q .qa R .re .ro .rs .ru .rw S .sa .sb .sc .sd .se .sg .sh .si .sk .sl .sm .sn .so .sr .ss .st .su .sv .sx .sy .sz T .tc .td .tf .tg .th .tj .tk .tl .tm .tn .to .tr .tt .tv .tw .tz U .ua .ug .uk .us .uy .uz V .va .vc .ve .vg .vi .vn .vu W .wf .ws Y .ye .yt Z .za .zm .zw
.bh,(https://tr.wikipedia.org/wiki/.bh),1,DNS#176: A .ac .ad .ae .af .ag .ai .al .am .ao .aq .ar .as .at .au .aw .ax .az B .ba .bb .bd .be .bf .bg .bh .bi .bj .bm .bn .bo .br .bs .bt .bw .by .bz C .ca .cc .cd .cf .cg .ch .ci .ck .cl .cm .cn .co .cr .cu .cv .cw .cx .cy .cz D .de .dj .dk .dm .do .dz E .ec .ee .eg .er .es .et .eu F .fi .fj .fk .fm .fo .fr G .ga .gd .ge .gf .gg .gh .gi .gl .gm .gn .gp .gq .gr .gs .gt .gu .gw .gy H .hk .hm .hn .hr .ht .hu I .id .ie .il .im .in .io .iq .ir .is .it J .je .jm .jo .jp K .ke .kg .kh .ki .km .kn .kp .kr .kw .ky .kz L .la .lb .lc .li .lk .lr .ls .lt .lu .lv .ly M .ma .mc .md .me .mg .mh .mk .ml .mm .mn .mo .mp .mq .mr .ms .mt .mu .mv .mw .mx .my .mz N .na .nc .ne .nf .ng .ni .nl .no .np .nr .nu .nz O .om P .pa .pe .pf .pg .ph .pk .pl .pm .pn .pr .ps .pt .pw .py Q .qa R .re .ro .rs .ru .rw S .sa .sb .sc .sd .se .sg .sh .si .sk .sl .sm .sn .so .sr .ss .st .su .sv .sx .sy .sz T .tc .td .tf .tg .th .tj .tk .tl .tm .tn .to .tr .tt .tv .tw .tz U .ua .ug .uk .us .uy .uz V .va .vc .ve .vg .vi .vn .vu W .wf .ws Y .ye .yt Z .za .zm .zw
.bi,(https://tr.wikipedia.org/wiki/.bi),1,DNS#176: A .ac .ad .ae .af .ag .ai .al .am .ao .aq .ar .as .at .au .aw .ax .az B .ba .bb .bd .be .bf .bg .bh .bi .bj .bm .bn .bo .br .bs .bt .bw .by .bz C .ca .cc .cd .cf .cg .ch .ci .ck .cl .cm .cn .co .cr .cu .cv .cw .cx .cy .cz D .de .dj .dk .dm .do .dz E .ec .ee .eg .er .es .et .eu F .fi .fj .fk .fm .fo .fr G .ga .gd .ge .gf .gg .gh .gi .gl .gm .gn .gp .gq .gr .gs .gt .gu .gw .gy H .hk .hm .hn .hr .ht .hu I .id .ie .il .im .in .io .iq .ir .is .it J .je .jm .jo .jp K .ke .kg .kh .ki .km .kn .kp .kr .kw .ky .kz L .la .lb .lc .li .lk .lr .ls .lt .lu .lv .ly M .ma .mc .md .me .mg .mh .mk .ml .mm .mn .mo .mp .mq .mr .ms .mt .mu .mv .mw .mx .my .mz N .na .nc .ne .nf .ng .ni .nl .no .np .nr .nu .nz O .om P .pa .pe .pf .pg .ph .pk .pl .pm .pn .pr .ps .pt .pw .py Q .qa R .re .ro .rs .ru .rw S .sa .sb .sc .sd .se .sg .sh .si .sk .sl .sm .sn .so .sr .ss .st .su .sv .sx .sy .sz T .tc .td .tf .tg .th .tj .tk .tl .tm .tn .to .tr .tt .tv .tw .tz U .ua .ug .uk .us .uy .uz V .va .vc .ve .vg .vi .vn .vu W .wf .ws Y .ye .yt Z .za .zm .zw
.bj,(https://tr.wikipedia.org/wiki/.bj),1,DNS#176: A .ac .ad .ae .af .ag .ai .al .am .ao .aq .ar .as .at .au .aw .ax .az B .ba .bb .bd .be .bf .bg .bh .bi .bj .bm .bn .bo .br .bs .bt .bw .by .bz C .ca .cc .cd .cf .cg .ch .ci .ck .cl .cm .cn .co .cr .cu .cv .cw .cx .cy .cz D .de .dj .dk .dm .do .dz E .ec .ee .eg .er .es .et .eu F .fi .fj .fk .fm .fo .fr G .ga .gd .ge .gf .gg .gh .gi .gl .gm .gn .gp .gq .gr .gs .gt .gu .gw .gy H .hk .hm .hn .hr .ht .hu I .id .ie .il .im .in .io .iq .ir .is .it J .je .jm .jo .jp K .ke .kg .kh .ki .km .kn .kp .kr .kw .ky .kz L .la .lb .lc .li .lk .lr .ls .lt .lu .lv .ly M .ma .mc .md .me .mg .mh .mk .ml .mm .mn .mo .mp .mq .mr .ms .mt .mu .mv .mw .mx .my .mz N .na .nc .ne .nf .ng .ni .nl .no .np .nr .nu .nz O .om P .pa .pe .pf .pg .ph .pk .pl .pm .pn .pr .ps .pt .pw .py Q .qa R .re .ro .rs .ru .rw S .sa .sb .sc .sd .se .sg .sh .si .sk .sl .sm .sn .so .sr .ss .st .su .sv .sx .sy .sz T .tc .td .tf .tg .th .tj .tk .tl .tm .tn .to .tr .tt .tv .tw .tz U .ua .ug .uk .us .uy .uz V .va .vc .ve .vg .vi .vn .vu W .wf .ws Y .ye .yt Z .za .zm .zw
.bm,(https://tr.wikipedia.org/wiki/.bm),1,DNS#176: A .ac .ad .ae .af .ag .ai .al .am .ao .aq .ar .as .at .au .aw .ax .az B .ba .bb .bd .be .bf .bg .bh .bi .bj .bm .bn .bo .br .bs .bt .bw .by .bz C .ca .cc .cd .cf .cg .ch .ci .ck .cl .cm .cn .co .cr .cu .cv .cw .cx .cy .cz D .de .dj .dk .dm .do .dz E .ec .ee .eg .er .es .et .eu F .fi .fj .fk .fm .fo .fr G .ga .gd .ge .gf .gg .gh .gi .gl .gm .gn .gp .gq .gr .gs .gt .gu .gw .gy H .hk .hm .hn .hr .ht .hu I .id .ie .il .im .in .io .iq .ir .is .it J .je .jm .jo .jp K .ke .kg .kh .ki .km .kn .kp .kr .kw .ky .kz L .la .lb .lc .li .lk .lr .ls .lt .lu .lv .ly M .ma .mc .md .me .mg .mh .mk .ml .mm .mn .mo .mp .mq .mr .ms .mt .mu .mv .mw .mx .my .mz N .na .nc .ne .nf .ng .ni .nl .no .np .nr .nu .nz O .om P .pa .pe .pf .pg .ph .pk .pl .pm .pn .pr .ps .pt .pw .py Q .qa R .re .ro .rs .ru .rw S .sa .sb .sc .sd .se .sg .sh .si .sk .sl .sm .sn .so .sr .ss .st .su .sv .sx .sy .sz T .tc .td .tf .tg .th .tj .tk .tl .tm .tn .to .tr .tt .tv .tw .tz U .ua .ug .uk .us .uy .uz V .va .vc .ve .vg .vi .vn .vu W .wf .ws Y .ye .yt Z .za .zm .zw
.bn,(https://tr.wikipedia.org/wiki/.bn),1,DNS#176: A .ac .ad .ae .af .ag .ai .al .am .ao .aq .ar .as .at .au .aw .ax .az B .ba .bb .bd .be .bf .bg .bh .bi .bj .bm .bn .bo .br .bs .bt .bw .by .bz C .ca .cc .cd .cf .cg .ch .ci .ck .cl .cm .cn .co .cr .cu .cv .cw .cx .cy .cz D .de .dj .dk .dm .do .dz E .ec .ee .eg .er .es .et .eu F .fi .fj .fk .fm .fo .fr G .ga .gd .ge .gf .gg .gh .gi .gl .gm .gn .gp .gq .gr .gs .gt .gu .gw .gy H .hk .hm .hn .hr .ht .hu I .id .ie .il .im .in .io .iq .ir .is .it J .je .jm .jo .jp K .ke .kg .kh .ki .km .kn .kp .kr .kw .ky .kz L .la .lb .lc .li .lk .lr .ls .lt .lu .lv .ly M .ma .mc .md .me .mg .mh .mk .ml .mm .mn .mo .mp .mq .mr .ms .mt .mu .mv .mw .mx .my .mz N .na .nc .ne .nf .ng .ni .nl .no .np .nr .nu .nz O .om P .pa .pe .pf .pg .ph .pk .pl .pm .pn .pr .ps .pt .pw .py Q .qa R .re .ro .rs .ru .rw S .sa .sb .sc .sd .se .sg .sh .si .sk .sl .sm .sn .so .sr .ss .st .su .sv .sx .sy .sz T .tc .td .tf .tg .th .tj .tk .tl .tm .tn .to .tr .tt .tv .tw .tz U .ua .ug .uk .us .uy .uz V .va .vc .ve .vg .vi .vn .vu W .wf .ws Y .ye .yt Z .za .zm .zw
.bo,(https://tr.wikipedia.org/wiki/.bo),1,DNS#176: A .ac .ad .ae .af .ag .ai .al .am .ao .aq .ar .as .at .au .aw .ax .az B .ba .bb .bd .be .bf .bg .bh .bi .bj .bm .bn .bo .br .bs .bt .bw .by .bz C .ca .cc .cd .cf .cg .ch .ci .ck .cl .cm .cn .co .cr .cu .cv .cw .cx .cy .cz D .de .dj .dk .dm .do .dz E .ec .ee .eg .er .es .et .eu F .fi .fj .fk .fm .fo .fr G .ga .gd .ge .gf .gg .gh .gi .gl .gm .gn .gp .gq .gr .gs .gt .gu .gw .gy H .hk .hm .hn .hr .ht .hu I .id .ie .il .im .in .io .iq .ir .is .it J .je .jm .jo .jp K .ke .kg .kh .ki .km .kn .kp .kr .kw .ky .kz L .la .lb .lc .li .lk .lr .ls .lt .lu .lv .ly M .ma .mc .md .me .mg .mh .mk .ml .mm .mn .mo .mp .mq .mr .ms .mt .mu .mv .mw .mx .my .mz N .na .nc .ne .nf .ng .ni .nl .no .np .nr .nu .nz O .om P .pa .pe .pf .pg .ph .pk .pl .pm .pn .pr .ps .pt .pw .py Q .qa R .re .ro .rs .ru .rw S .sa .sb .sc .sd .se .sg .sh .si .sk .sl .sm .sn .so .sr .ss .st .su .sv .sx .sy .sz T .tc .td .tf .tg .th .tj .tk .tl .tm .tn .to .tr .tt .tv .tw .tz U .ua .ug .uk .us .uy .uz V .va .vc .ve .vg .vi .vn .vu W .wf .ws Y .ye .yt Z .za .zm .zw
.br,(https://tr.wikipedia.org/wiki/.br),1,DNS#176: A .ac .ad .ae .af .ag .ai .al .am .ao .aq .ar .as .at .au .aw .ax .az B .ba .bb .bd .be .bf .bg .bh .bi .bj .bm .bn .bo .br .bs .bt .bw .by .bz C .ca .cc .cd .cf .cg .ch .ci .ck .cl .cm .cn .co .cr .cu .cv .cw .cx .cy .cz D .de .dj .dk .dm .do .dz E .ec .ee .eg .er .es .et .eu F .fi .fj .fk .fm .fo .fr G .ga .gd .ge .gf .gg .gh .gi .gl .gm .gn .gp .gq .gr .gs .gt .gu .gw .gy H .hk .hm .hn .hr .ht .hu I .id .ie .il .im .in .io .iq .ir .is .it J .je .jm .jo .jp K .ke .kg .kh .ki .km .kn .kp .kr .kw .ky .kz L .la .lb .lc .li .lk .lr .ls .lt .lu .lv .ly M .ma .mc .md .me .mg .mh .mk .ml .mm .mn .mo .mp .mq .mr .ms .mt .mu .mv .mw .mx .my .mz N .na .nc .ne .nf .ng .ni .nl .no .np .nr .nu .nz O .om P .pa .pe .pf .pg .ph .pk .pl .pm .pn .pr .ps .pt .pw .py Q .qa R .re .ro .rs .ru .rw S .sa .sb .sc .sd .se .sg .sh .si .sk .sl .sm .sn .so .sr .ss .st .su .sv .sx .sy .sz T .tc .td .tf .tg .th .tj .tk .tl .tm .tn .to .tr .tt .tv .tw .tz U .ua .ug .uk .us .uy .uz V .va .vc .ve .vg .vi .vn .vu W .wf .ws Y .ye .yt Z .za .zm .zw
.bs,(https://tr.wikipedia.org/wiki/.bs),1,DNS#176: A .ac .ad .ae .af .ag .ai .al .am .ao .aq .ar .as .at .au .aw .ax .az B .ba .bb .bd .be .bf .bg .bh .bi .bj .bm .bn .bo .br .bs .bt .bw .by .bz C .ca .cc .cd .cf .cg .ch .ci .ck .cl .cm .cn .co .cr .cu .cv .cw .cx .cy .cz D .de .dj .dk .dm .do .dz E .ec .ee .eg .er .es .et .eu F .fi .fj .fk .fm .fo .fr G .ga .gd .ge .gf .gg .gh .gi .gl .gm .gn .gp .gq .gr .gs .gt .gu .gw .gy H .hk .hm .hn .hr .ht .hu I .id .ie .il .im .in .io .iq .ir .is .it J .je .jm .jo .jp K .ke .kg .kh .ki .km .kn .kp .kr .kw .ky .kz L .la .lb .lc .li .lk .lr .ls .lt .lu .lv .ly M .ma .mc .md .me .mg .mh .mk .ml .mm .mn .mo .mp .mq .mr .ms .mt .mu .mv .mw .mx .my .mz N .na .nc .ne .nf .ng .ni .nl .no .np .nr .nu .nz O .om P .pa .pe .pf .pg .ph .pk .pl .pm .pn .pr .ps .pt .pw .py Q .qa R .re .ro .rs .ru .rw S .sa .sb .sc .sd .se .sg .sh .si .sk .sl .sm .sn .so .sr .ss .st .su .sv .sx .sy .sz T .tc .td .tf .tg .th .tj .tk .tl .tm .tn .to .tr .tt .tv .tw .tz U .ua .ug .uk .us .uy .uz V .va .vc .ve .vg .vi .vn .vu W .wf .ws Y .ye .yt Z .za .zm .zw
.bt,(https://tr.wikipedia.org/wiki/.bt),1,DNS#176: A .ac .ad .ae .af .ag .ai .al .am .ao .aq .ar .as .at .au .aw .ax .az B .ba .bb .bd .be .bf .bg .bh .bi .bj .bm .bn .bo .br .bs .bt .bw .by .bz C .ca .cc .cd .cf .cg .ch .ci .ck .cl .cm .cn .co .cr .cu .cv .cw .cx .cy .cz D .de .dj .dk .dm .do .dz E .ec .ee .eg .er .es .et .eu F .fi .fj .fk .fm .fo .fr G .ga .gd .ge .gf .gg .gh .gi .gl .gm .gn .gp .gq .gr .gs .gt .gu .gw .gy H .hk .hm .hn .hr .ht .hu I .id .ie .il .im .in .io .iq .ir .is .it J .je .jm .jo .jp K .ke .kg .kh .ki .km .kn .kp .kr .kw .ky .kz L .la .lb .lc .li .lk .lr .ls .lt .lu .lv .ly M .ma .mc .md .me .mg .mh .mk .ml .mm .mn .mo .mp .mq .mr .ms .mt .mu .mv .mw .mx .my .mz N .na .nc .ne .nf .ng .ni .nl .no .np .nr .nu .nz O .om P .pa .pe .pf .pg .ph .pk .pl .pm .pn .pr .ps .pt .pw .py Q .qa R .re .ro .rs .ru .rw S .sa .sb .sc .sd .se .sg .sh .si .sk .sl .sm .sn .so .sr .ss .st .su .sv .sx .sy .sz T .tc .td .tf .tg .th .tj .tk .tl .tm .tn .to .tr .tt .tv .tw .tz U .ua .ug .uk .us .uy .uz V .va .vc .ve .vg .vi .vn .vu W .wf .ws Y .ye .yt Z .za .zm .zw
.bw,(https://tr.wikipedia.org/wiki/.bw),1,DNS#176: A .ac .ad .ae .af .ag .ai .al .am .ao .aq .ar .as .at .au .aw .ax .az B .ba .bb .bd .be .bf .bg .bh .bi .bj .bm .bn .bo .br .bs .bt .bw .by .bz C .ca .cc .cd .cf .cg .ch .ci .ck .cl .cm .cn .co .cr .cu .cv .cw .cx .cy .cz D .de .dj .dk .dm .do .dz E .ec .ee .eg .er .es .et .eu F .fi .fj .fk .fm .fo .fr G .ga .gd .ge .gf .gg .gh .gi .gl .gm .gn .gp .gq .gr .gs .gt .gu .gw .gy H .hk .hm .hn .hr .ht .hu I .id .ie .il .im .in .io .iq .ir .is .it J .je .jm .jo .jp K .ke .kg .kh .ki .km .kn .kp .kr .kw .ky .kz L .la .lb .lc .li .lk .lr .ls .lt .lu .lv .ly M .ma .mc .md .me .mg .mh .mk .ml .mm .mn .mo .mp .mq .mr .ms .mt .mu .mv .mw .mx .my .mz N .na .nc .ne .nf .ng .ni .nl .no .np .nr .nu .nz O .om P .pa .pe .pf .pg .ph .pk .pl .pm .pn .pr .ps .pt .pw .py Q .qa R .re .ro .rs .ru .rw S .sa .sb .sc .sd .se .sg .sh .si .sk .sl .sm .sn .so .sr .ss .st .su .sv .sx .sy .sz T .tc .td .tf .tg .th .tj .tk .tl .tm .tn .to .tr .tt .tv .tw .tz U .ua .ug .uk .us .uy .uz V .va .vc .ve .vg .vi .vn .vu W .wf .ws Y .ye .yt Z .za .zm .zw
.by,(https://tr.wikipedia.org/wiki/.by),1,DNS#176: A .ac .ad .ae .af .ag .ai .al .am .ao .aq .ar .as .at .au .aw .ax .az B .ba .bb .bd .be .bf .bg .bh .bi .bj .bm .bn .bo .br .bs .bt .bw .by .bz C .ca .cc .cd .cf .cg .ch .ci .ck .cl .cm .cn .co .cr .cu .cv .cw .cx .cy .cz D .de .dj .dk .dm .do .dz E .ec .ee .eg .er .es .et .eu F .fi .fj .fk .fm .fo .fr G .ga .gd .ge .gf .gg .gh .gi .gl .gm .gn .gp .gq .gr .gs .gt .gu .gw .gy H .hk .hm .hn .hr .ht .hu I .id .ie .il .im .in .io .iq .ir .is .it J .je .jm .jo .jp K .ke .kg .kh .ki .km .kn .kp .kr .kw .ky .kz L .la .lb .lc .li .lk .lr .ls .lt .lu .lv .ly M .ma .mc .md .me .mg .mh .mk .ml .mm .mn .mo .mp .mq .mr .ms .mt .mu .mv .mw .mx .my .mz N .na .nc .ne .nf .ng .ni .nl .no .np .nr .nu .nz O .om P .pa .pe .pf .pg .ph .pk .pl .pm .pn .pr .ps .pt .pw .py Q .qa R .re .ro .rs .ru .rw S .sa .sb .sc .sd .se .sg .sh .si .sk .sl .sm .sn .so .sr .ss .st .su .sv .sx .sy .sz T .tc .td .tf .tg .th .tj .tk .tl .tm .tn .to .tr .tt .tv .tw .tz U .ua .ug .uk .us .uy .uz V .va .vc .ve .vg .vi .vn .vu W .wf .ws Y .ye .yt Z .za .zm .zw
.bz,(https://tr.wikipedia.org/wiki/.bz),1,DNS#176: A .ac .ad .ae .af .ag .ai .al .am .ao .aq .ar .as .at .au .aw .ax .az B .ba .bb .bd .be .bf .bg .bh .bi .bj .bm .bn .bo .br .bs .bt .bw .by .bz C .ca .cc .cd .cf .cg .ch .ci .ck .cl .cm .cn .co .cr .cu .cv .cw .cx .cy .cz D .de .dj .dk .dm .do .dz E .ec .ee .eg .er .es .et .eu F .fi .fj .fk .fm .fo .fr G .ga .gd .ge .gf .gg .gh .gi .gl .gm .gn .gp .gq .gr .gs .gt .gu .gw .gy H .hk .hm .hn .hr .ht .hu I .id .ie .il .im .in .io .iq .ir .is .it J .je .jm .jo .jp K .ke .kg .kh .ki .km .kn .kp .kr .kw .ky .kz L .la .lb .lc .li .lk .lr .ls .lt .lu .lv .ly M .ma .mc .md .me .mg .mh .mk .ml .mm .mn .mo .mp .mq .mr .ms .mt .mu .mv .mw .mx .my .mz N .na .nc .ne .nf .ng .ni .nl .no .np .nr .nu .nz O .om P .pa .pe .pf .pg .ph .pk .pl .pm .pn .pr .ps .pt .pw .py Q .qa R .re .ro .rs .ru .rw S .sa .sb .sc .sd .se .sg .sh .si .sk .sl .sm .sn .so .sr .ss .st .su .sv .sx .sy .sz T .tc .td .tf .tg .th .tj .tk .tl .tm .tn .to .tr .tt .tv .tw .tz U .ua .ug .uk .us .uy .uz V .va .vc .ve .vg .vi .vn .vu W .wf .ws Y .ye .yt Z .za .zm .zw
.ca,(https://tr.wikipedia.org/wiki/.ca),1,DNS#176: A .ac .ad .ae .af .ag .ai .al .am .ao .aq .ar .as .at .au .aw .ax .az B .ba .bb .bd .be .bf .bg .bh .bi .bj .bm .bn .bo .br .bs .bt .bw .by .bz C .ca .cc .cd .cf .cg .ch .ci .ck .cl .cm .cn .co .cr .cu .cv .cw .cx .cy .cz D .de .dj .dk .dm .do .dz E .ec .ee .eg .er .es .et .eu F .fi .fj .fk .fm .fo .fr G .ga .gd .ge .gf .gg .gh .gi .gl .gm .gn .gp .gq .gr .gs .gt .gu .gw .gy H .hk .hm .hn .hr .ht .hu I .id .ie .il .im .in .io .iq .ir .is .it J .je .jm .jo .jp K .ke .kg .kh .ki .km .kn .kp .kr .kw .ky .kz L .la .lb .lc .li .lk .lr .ls .lt .lu .lv .ly M .ma .mc .md .me .mg .mh .mk .ml .mm .mn .mo .mp .mq .mr .ms .mt .mu .mv .mw .mx .my .mz N .na .nc .ne .nf .ng .ni .nl .no .np .nr .nu .nz O .om P .pa .pe .pf .pg .ph .pk .pl .pm .pn .pr .ps .pt .pw .py Q .qa R .re .ro .rs .ru .rw S .sa .sb .sc .sd .se .sg .sh .si .sk .sl .sm .sn .so .sr .ss .st .su .sv .sx .sy .sz T .tc .td .tf .tg .th .tj .tk .tl .tm .tn .to .tr .tt .tv .tw .tz U .ua .ug .uk .us .uy .uz V .va .vc .ve .vg .vi .vn .vu W .wf .ws Y .ye .yt Z .za .zm .zw
.cc,(https://tr.wikipedia.org/wiki/.cc),1,DNS#176: A .ac .ad .ae .af .ag .ai .al .am .ao .aq .ar .as .at .au .aw .ax .az B .ba .bb .bd .be .bf .bg .bh .bi .bj .bm .bn .bo .br .bs .bt .bw .by .bz C .ca .cc .cd .cf .cg .ch .ci .ck .cl .cm .cn .co .cr .cu .cv .cw .cx .cy .cz D .de .dj .dk .dm .do .dz E .ec .ee .eg .er .es .et .eu F .fi .fj .fk .fm .fo .fr G .ga .gd .ge .gf .gg .gh .gi .gl .gm .gn .gp .gq .gr .gs .gt .gu .gw .gy H .hk .hm .hn .hr .ht .hu I .id .ie .il .im .in .io .iq .ir .is .it J .je .jm .jo .jp K .ke .kg .kh .ki .km .kn .kp .kr .kw .ky .kz L .la .lb .lc .li .lk .lr .ls .lt .lu .lv .ly M .ma .mc .md .me .mg .mh .mk .ml .mm .mn .mo .mp .mq .mr .ms .mt .mu .mv .mw .mx .my .mz N .na .nc .ne .nf .ng .ni .nl .no .np .nr .nu .nz O .om P .pa .pe .pf .pg .ph .pk .pl .pm .pn .pr .ps .pt .pw .py Q .qa R .re .ro .rs .ru .rw S .sa .sb .sc .sd .se .sg .sh .si .sk .sl .sm .sn .so .sr .ss .st .su .sv .sx .sy .sz T .tc .td .tf .tg .th .tj .tk .tl .tm .tn .to .tr .tt .tv .tw .tz U .ua .ug .uk .us .uy .uz V .va .vc .ve .vg .vi .vn .vu W .wf .ws Y .ye .yt Z .za .zm .zw
.cd,(https://tr.wikipedia.org/wiki/.cd),1,DNS#176: A .ac .ad .ae .af .ag .ai .al .am .ao .aq .ar .as .at .au .aw .ax .az B .ba .bb .bd .be .bf .bg .bh .bi .bj .bm .bn .bo .br .bs .bt .bw .by .bz C .ca .cc .cd .cf .cg .ch .ci .ck .cl .cm .cn .co .cr .cu .cv .cw .cx .cy .cz D .de .dj .dk .dm .do .dz E .ec .ee .eg .er .es .et .eu F .fi .fj .fk .fm .fo .fr G .ga .gd .ge .gf .gg .gh .gi .gl .gm .gn .gp .gq .gr .gs .gt .gu .gw .gy H .hk .hm .hn .hr .ht .hu I .id .ie .il .im .in .io .iq .ir .is .it J .je .jm .jo .jp K .ke .kg .kh .ki .km .kn .kp .kr .kw .ky .kz L .la .lb .lc .li .lk .lr .ls .lt .lu .lv .ly M .ma .mc .md .me .mg .mh .mk .ml .mm .mn .mo .mp .mq .mr .ms .mt .mu .mv .mw .mx .my .mz N .na .nc .ne .nf .ng .ni .nl .no .np .nr .nu .nz O .om P .pa .pe .pf .pg .ph .pk .pl .pm .pn .pr .ps .pt .pw .py Q .qa R .re .ro .rs .ru .rw S .sa .sb .sc .sd .se .sg .sh .si .sk .sl .sm .sn .so .sr .ss .st .su .sv .sx .sy .sz T .tc .td .tf .tg .th .tj .tk .tl .tm .tn .to .tr .tt .tv .tw .tz U .ua .ug .uk .us .uy .uz V .va .vc .ve .vg .vi .vn .vu W .wf .ws Y .ye .yt Z .za .zm .zw
.cf,(https://tr.wikipedia.org/wiki/.cf),1,DNS#176: A .ac .ad .ae .af .ag .ai .al .am .ao .aq .ar .as .at .au .aw .ax .az B .ba .bb .bd .be .bf .bg .bh .bi .bj .bm .bn .bo .br .bs .bt .bw .by .bz C .ca .cc .cd .cf .cg .ch .ci .ck .cl .cm .cn .co .cr .cu .cv .cw .cx .cy .cz D .de .dj .dk .dm .do .dz E .ec .ee .eg .er .es .et .eu F .fi .fj .fk .fm .fo .fr G .ga .gd .ge .gf .gg .gh .gi .gl .gm .gn .gp .gq .gr .gs .gt .gu .gw .gy H .hk .hm .hn .hr .ht .hu I .id .ie .il .im .in .io .iq .ir .is .it J .je .jm .jo .jp K .ke .kg .kh .ki .km .kn .kp .kr .kw .ky .kz L .la .lb .lc .li .lk .lr .ls .lt .lu .lv .ly M .ma .mc .md .me .mg .mh .mk .ml .mm .mn .mo .mp .mq .mr .ms .mt .mu .mv .mw .mx .my .mz N .na .nc .ne .nf .ng .ni .nl .no .np .nr .nu .nz O .om P .pa .pe .pf .pg .ph .pk .pl .pm .pn .pr .ps .pt .pw .py Q .qa R .re .ro .rs .ru .rw S .sa .sb .sc .sd .se .sg .sh .si .sk .sl .sm .sn .so .sr .ss .st .su .sv .sx .sy .sz T .tc .td .tf .tg .th .tj .tk .tl .tm .tn .to .tr .tt .tv .tw .tz U .ua .ug .uk .us .uy .uz V .va .vc .ve .vg .vi .vn .vu W .wf .ws Y .ye .yt Z .za .zm .zw
.cg,(https://tr.wikipedia.org/wiki/.cg),1,DNS#176: A .ac .ad .ae .af .ag .ai .al .am .ao .aq .ar .as .at .au .aw .ax .az B .ba .bb .bd .be .bf .bg .bh .bi .bj .bm .bn .bo .br .bs .bt .bw .by .bz C .ca .cc .cd .cf .cg .ch .ci .ck .cl .cm .cn .co .cr .cu .cv .cw .cx .cy .cz D .de .dj .dk .dm .do .dz E .ec .ee .eg .er .es .et .eu F .fi .fj .fk .fm .fo .fr G .ga .gd .ge .gf .gg .gh .gi .gl .gm .gn .gp .gq .gr .gs .gt .gu .gw .gy H .hk .hm .hn .hr .ht .hu I .id .ie .il .im .in .io .iq .ir .is .it J .je .jm .jo .jp K .ke .kg .kh .ki .km .kn .kp .kr .kw .ky .kz L .la .lb .lc .li .lk .lr .ls .lt .lu .lv .ly M .ma .mc .md .me .mg .mh .mk .ml .mm .mn .mo .mp .mq .mr .ms .mt .mu .mv .mw .mx .my .mz N .na .nc .ne .nf .ng .ni .nl .no .np .nr .nu .nz O .om P .pa .pe .pf .pg .ph .pk .pl .pm .pn .pr .ps .pt .pw .py Q .qa R .re .ro .rs .ru .rw S .sa .sb .sc .sd .se .sg .sh .si .sk .sl .sm .sn .so .sr .ss .st .su .sv .sx .sy .sz T .tc .td .tf .tg .th .tj .tk .tl .tm .tn .to .tr .tt .tv .tw .tz U .ua .ug .uk .us .uy .uz V .va .vc .ve .vg .vi .vn .vu W .wf .ws Y .ye .yt Z .za .zm .zw
.ch,(https://tr.wikipedia.org/wiki/.ch),1,DNS#176: A .ac .ad .ae .af .ag .ai .al .am .ao .aq .ar .as .at .au .aw .ax .az B .ba .bb .bd .be .bf .bg .bh .bi .bj .bm .bn .bo .br .bs .bt .bw .by .bz C .ca .cc .cd .cf .cg .ch .ci .ck .cl .cm .cn .co .cr .cu .cv .cw .cx .cy .cz D .de .dj .dk .dm .do .dz E .ec .ee .eg .er .es .et .eu F .fi .fj .fk .fm .fo .fr G .ga .gd .ge .gf .gg .gh .gi .gl .gm .gn .gp .gq .gr .gs .gt .gu .gw .gy H .hk .hm .hn .hr .ht .hu I .id .ie .il .im .in .io .iq .ir .is .it J .je .jm .jo .jp K .ke .kg .kh .ki .km .kn .kp .kr .kw .ky .kz L .la .lb .lc .li .lk .lr .ls .lt .lu .lv .ly M .ma .mc .md .me .mg .mh .mk .ml .mm .mn .mo .mp .mq .mr .ms .mt .mu .mv .mw .mx .my .mz N .na .nc .ne .nf .ng .ni .nl .no .np .nr .nu .nz O .om P .pa .pe .pf .pg .ph .pk .pl .pm .pn .pr .ps .pt .pw .py Q .qa R .re .ro .rs .ru .rw S .sa .sb .sc .sd .se .sg .sh .si .sk .sl .sm .sn .so .sr .ss .st .su .sv .sx .sy .sz T .tc .td .tf .tg .th .tj .tk .tl .tm .tn .to .tr .tt .tv .tw .tz U .ua .ug .uk .us .uy .uz V .va .vc .ve .vg .vi .vn .vu W .wf .ws Y .ye .yt Z .za .zm .zw
.ci,(https://tr.wikipedia.org/wiki/.ci),1,DNS#176: A .ac .ad .ae .af .ag .ai .al .am .ao .aq .ar .as .at .au .aw .ax .az B .ba .bb .bd .be .bf .bg .bh .bi .bj .bm .bn .bo .br .bs .bt .bw .by .bz C .ca .cc .cd .cf .cg .ch .ci .ck .cl .cm .cn .co .cr .cu .cv .cw .cx .cy .cz D .de .dj .dk .dm .do .dz E .ec .ee .eg .er .es .et .eu F .fi .fj .fk .fm .fo .fr G .ga .gd .ge .gf .gg .gh .gi .gl .gm .gn .gp .gq .gr .gs .gt .gu .gw .gy H .hk .hm .hn .hr .ht .hu I .id .ie .il .im .in .io .iq .ir .is .it J .je .jm .jo .jp K .ke .kg .kh .ki .km .kn .kp .kr .kw .ky .kz L .la .lb .lc .li .lk .lr .ls .lt .lu .lv .ly M .ma .mc .md .me .mg .mh .mk .ml .mm .mn .mo .mp .mq .mr .ms .mt .mu .mv .mw .mx .my .mz N .na .nc .ne .nf .ng .ni .nl .no .np .nr .nu .nz O .om P .pa .pe .pf .pg .ph .pk .pl .pm .pn .pr .ps .pt .pw .py Q .qa R .re .ro .rs .ru .rw S .sa .sb .sc .sd .se .sg .sh .si .sk .sl .sm .sn .so .sr .ss .st .su .sv .sx .sy .sz T .tc .td .tf .tg .th .tj .tk .tl .tm .tn .to .tr .tt .tv .tw .tz U .ua .ug .uk .us .uy .uz V .va .vc .ve .vg .vi .vn .vu W .wf .ws Y .ye .yt Z .za .zm .zw
.ck,(https://tr.wikipedia.org/wiki/.ck),1,DNS#176: A .ac .ad .ae .af .ag .ai .al .am .ao .aq .ar .as .at .au .aw .ax .az B .ba .bb .bd .be .bf .bg .bh .bi .bj .bm .bn .bo .br .bs .bt .bw .by .bz C .ca .cc .cd .cf .cg .ch .ci .ck .cl .cm .cn .co .cr .cu .cv .cw .cx .cy .cz D .de .dj .dk .dm .do .dz E .ec .ee .eg .er .es .et .eu F .fi .fj .fk .fm .fo .fr G .ga .gd .ge .gf .gg .gh .gi .gl .gm .gn .gp .gq .gr .gs .gt .gu .gw .gy H .hk .hm .hn .hr .ht .hu I .id .ie .il .im .in .io .iq .ir .is .it J .je .jm .jo .jp K .ke .kg .kh .ki .km .kn .kp .kr .kw .ky .kz L .la .lb .lc .li .lk .lr .ls .lt .lu .lv .ly M .ma .mc .md .me .mg .mh .mk .ml .mm .mn .mo .mp .mq .mr .ms .mt .mu .mv .mw .mx .my .mz N .na .nc .ne .nf .ng .ni .nl .no .np .nr .nu .nz O .om P .pa .pe .pf .pg .ph .pk .pl .pm .pn .pr .ps .pt .pw .py Q .qa R .re .ro .rs .ru .rw S .sa .sb .sc .sd .se .sg .sh .si .sk .sl .sm .sn .so .sr .ss .st .su .sv .sx .sy .sz T .tc .td .tf .tg .th .tj .tk .tl .tm .tn .to .tr .tt .tv .tw .tz U .ua .ug .uk .us .uy .uz V .va .vc .ve .vg .vi .vn .vu W .wf .ws Y .ye .yt Z .za .zm .zw
.cl,(https://tr.wikipedia.org/wiki/.cl),1,DNS#176: A .ac .ad .ae .af .ag .ai .al .am .ao .aq .ar .as .at .au .aw .ax .az B .ba .bb .bd .be .bf .bg .bh .bi .bj .bm .bn .bo .br .bs .bt .bw .by .bz C .ca .cc .cd .cf .cg .ch .ci .ck .cl .cm .cn .co .cr .cu .cv .cw .cx .cy .cz D .de .dj .dk .dm .do .dz E .ec .ee .eg .er .es .et .eu F .fi .fj .fk .fm .fo .fr G .ga .gd .ge .gf .gg .gh .gi .gl .gm .gn .gp .gq .gr .gs .gt .gu .gw .gy H .hk .hm .hn .hr .ht .hu I .id .ie .il .im .in .io .iq .ir .is .it J .je .jm .jo .jp K .ke .kg .kh .ki .km .kn .kp .kr .kw .ky .kz L .la .lb .lc .li .lk .lr .ls .lt .lu .lv .ly M .ma .mc .md .me .mg .mh .mk .ml .mm .mn .mo .mp .mq .mr .ms .mt .mu .mv .mw .mx .my .mz N .na .nc .ne .nf .ng .ni .nl .no .np .nr .nu .nz O .om P .pa .pe .pf .pg .ph .pk .pl .pm .pn .pr .ps .pt .pw .py Q .qa R .re .ro .rs .ru .rw S .sa .sb .sc .sd .se .sg .sh .si .sk .sl .sm .sn .so .sr .ss .st .su .sv .sx .sy .sz T .tc .td .tf .tg .th .tj .tk .tl .tm .tn .to .tr .tt .tv .tw .tz U .ua .ug .uk .us .uy .uz V .va .vc .ve .vg .vi .vn .vu W .wf .ws Y .ye .yt Z .za .zm .zw
.cm,(https://tr.wikipedia.org/wiki/.cm),1,DNS#176: A .ac .ad .ae .af .ag .ai .al .am .ao .aq .ar .as .at .au .aw .ax .az B .ba .bb .bd .be .bf .bg .bh .bi .bj .bm .bn .bo .br .bs .bt .bw .by .bz C .ca .cc .cd .cf .cg .ch .ci .ck .cl .cm .cn .co .cr .cu .cv .cw .cx .cy .cz D .de .dj .dk .dm .do .dz E .ec .ee .eg .er .es .et .eu F .fi .fj .fk .fm .fo .fr G .ga .gd .ge .gf .gg .gh .gi .gl .gm .gn .gp .gq .gr .gs .gt .gu .gw .gy H .hk .hm .hn .hr .ht .hu I .id .ie .il .im .in .io .iq .ir .is .it J .je .jm .jo .jp K .ke .kg .kh .ki .km .kn .kp .kr .kw .ky .kz L .la .lb .lc .li .lk .lr .ls .lt .lu .lv .ly M .ma .mc .md .me .mg .mh .mk .ml .mm .mn .mo .mp .mq .mr .ms .mt .mu .mv .mw .mx .my .mz N .na .nc .ne .nf .ng .ni .nl .no .np .nr .nu .nz O .om P .pa .pe .pf .pg .ph .pk .pl .pm .pn .pr .ps .pt .pw .py Q .qa R .re .ro .rs .ru .rw S .sa .sb .sc .sd .se .sg .sh .si .sk .sl .sm .sn .so .sr .ss .st .su .sv .sx .sy .sz T .tc .td .tf .tg .th .tj .tk .tl .tm .tn .to .tr .tt .tv .tw .tz U .ua .ug .uk .us .uy .uz V .va .vc .ve .vg .vi .vn .vu W .wf .ws Y .ye .yt Z .za .zm .zw
.cn,(https://tr.wikipedia.org/wiki/.cn),1,DNS#176: A .ac .ad .ae .af .ag .ai .al .am .ao .aq .ar .as .at .au .aw .ax .az B .ba .bb .bd .be .bf .bg .bh .bi .bj .bm .bn .bo .br .bs .bt .bw .by .bz C .ca .cc .cd .cf .cg .ch .ci .ck .cl .cm .cn .co .cr .cu .cv .cw .cx .cy .cz D .de .dj .dk .dm .do .dz E .ec .ee .eg .er .es .et .eu F .fi .fj .fk .fm .fo .fr G .ga .gd .ge .gf .gg .gh .gi .gl .gm .gn .gp .gq .gr .gs .gt .gu .gw .gy H .hk .hm .hn .hr .ht .hu I .id .ie .il .im .in .io .iq .ir .is .it J .je .jm .jo .jp K .ke .kg .kh .ki .km .kn .kp .kr .kw .ky .kz L .la .lb .lc .li .lk .lr .ls .lt .lu .lv .ly M .ma .mc .md .me .mg .mh .mk .ml .mm .mn .mo .mp .mq .mr .ms .mt .mu .mv .mw .mx .my .mz N .na .nc .ne .nf .ng .ni .nl .no .np .nr .nu .nz O .om P .pa .pe .pf .pg .ph .pk .pl .pm .pn .pr .ps .pt .pw .py Q .qa R .re .ro .rs .ru .rw S .sa .sb .sc .sd .se .sg .sh .si .sk .sl .sm .sn .so .sr .ss .st .su .sv .sx .sy .sz T .tc .td .tf .tg .th .tj .tk .tl .tm .tn .to .tr .tt .tv .tw .tz U .ua .ug .uk .us .uy .uz V .va .vc .ve .vg .vi .vn .vu W .wf .ws Y .ye .yt Z .za .zm .zw
.co,(https://tr.wikipedia.org/wiki/.co),1,DNS#176: A .ac .ad .ae .af .ag .ai .al .am .ao .aq .ar .as .at .au .aw .ax .az B .ba .bb .bd .be .bf .bg .bh .bi .bj .bm .bn .bo .br .bs .bt .bw .by .bz C .ca .cc .cd .cf .cg .ch .ci .ck .cl .cm .cn .co .cr .cu .cv .cw .cx .cy .cz D .de .dj .dk .dm .do .dz E .ec .ee .eg .er .es .et .eu F .fi .fj .fk .fm .fo .fr G .ga .gd .ge .gf .gg .gh .gi .gl .gm .gn .gp .gq .gr .gs .gt .gu .gw .gy H .hk .hm .hn .hr .ht .hu I .id .ie .il .im .in .io .iq .ir .is .it J .je .jm .jo .jp K .ke .kg .kh .ki .km .kn .kp .kr .kw .ky .kz L .la .lb .lc .li .lk .lr .ls .lt .lu .lv .ly M .ma .mc .md .me .mg .mh .mk .ml .mm .mn .mo .mp .mq .mr .ms .mt .mu .mv .mw .mx .my .mz N .na .nc .ne .nf .ng .ni .nl .no .np .nr .nu .nz O .om P .pa .pe .pf .pg .ph .pk .pl .pm .pn .pr .ps .pt .pw .py Q .qa R .re .ro .rs .ru .rw S .sa .sb .sc .sd .se .sg .sh .si .sk .sl .sm .sn .so .sr .ss .st .su .sv .sx .sy .sz T .tc .td .tf .tg .th .tj .tk .tl .tm .tn .to .tr .tt .tv .tw .tz U .ua .ug .uk .us .uy .uz V .va .vc .ve .vg .vi .vn .vu W .wf .ws Y .ye .yt Z .za .zm .zw
.cr,(https://tr.wikipedia.org/wiki/.cr),1,DNS#176: A .ac .ad .ae .af .ag .ai .al .am .ao .aq .ar .as .at .au .aw .ax .az B .ba .bb .bd .be .bf .bg .bh .bi .bj .bm .bn .bo .br .bs .bt .bw .by .bz C .ca .cc .cd .cf .cg .ch .ci .ck .cl .cm .cn .co .cr .cu .cv .cw .cx .cy .cz D .de .dj .dk .dm .do .dz E .ec .ee .eg .er .es .et .eu F .fi .fj .fk .fm .fo .fr G .ga .gd .ge .gf .gg .gh .gi .gl .gm .gn .gp .gq .gr .gs .gt .gu .gw .gy H .hk .hm .hn .hr .ht .hu I .id .ie .il .im .in .io .iq .ir .is .it J .je .jm .jo .jp K .ke .kg .kh .ki .km .kn .kp .kr .kw .ky .kz L .la .lb .lc .li .lk .lr .ls .lt .lu .lv .ly M .ma .mc .md .me .mg .mh .mk .ml .mm .mn .mo .mp .mq .mr .ms .mt .mu .mv .mw .mx .my .mz N .na .nc .ne .nf .ng .ni .nl .no .np .nr .nu .nz O .om P .pa .pe .pf .pg .ph .pk .pl .pm .pn .pr .ps .pt .pw .py Q .qa R .re .ro .rs .ru .rw S .sa .sb .sc .sd .se .sg .sh .si .sk .sl .sm .sn .so .sr .ss .st .su .sv .sx .sy .sz T .tc .td .tf .tg .th .tj .tk .tl .tm .tn .to .tr .tt .tv .tw .tz U .ua .ug .uk .us .uy .uz V .va .vc .ve .vg .vi .vn .vu W .wf .ws Y .ye .yt Z .za .zm .zw
.cu,(https://tr.wikipedia.org/wiki/.cu),1,DNS#176: A .ac .ad .ae .af .ag .ai .al .am .ao .aq .ar .as .at .au .aw .ax .az B .ba .bb .bd .be .bf .bg .bh .bi .bj .bm .bn .bo .br .bs .bt .bw .by .bz C .ca .cc .cd .cf .cg .ch .ci .ck .cl .cm .cn .co .cr .cu .cv .cw .cx .cy .cz D .de .dj .dk .dm .do .dz E .ec .ee .eg .er .es .et .eu F .fi .fj .fk .fm .fo .fr G .ga .gd .ge .gf .gg .gh .gi .gl .gm .gn .gp .gq .gr .gs .gt .gu .gw .gy H .hk .hm .hn .hr .ht .hu I .id .ie .il .im .in .io .iq .ir .is .it J .je .jm .jo .jp K .ke .kg .kh .ki .km .kn .kp .kr .kw .ky .kz L .la .lb .lc .li .lk .lr .ls .lt .lu .lv .ly M .ma .mc .md .me .mg .mh .mk .ml .mm .mn .mo .mp .mq .mr .ms .mt .mu .mv .mw .mx .my .mz N .na .nc .ne .nf .ng .ni .nl .no .np .nr .nu .nz O .om P .pa .pe .pf .pg .ph .pk .pl .pm .pn .pr .ps .pt .pw .py Q .qa R .re .ro .rs .ru .rw S .sa .sb .sc .sd .se .sg .sh .si .sk .sl .sm .sn .so .sr .ss .st .su .sv .sx .sy .sz T .tc .td .tf .tg .th .tj .tk .tl .tm .tn .to .tr .tt .tv .tw .tz U .ua .ug .uk .us .uy .uz V .va .vc .ve .vg .vi .vn .vu W .wf .ws Y .ye .yt Z .za .zm .zw
.cv,(https://tr.wikipedia.org/wiki/.cv),1,DNS#176: A .ac .ad .ae .af .ag .ai .al .am .ao .aq .ar .as .at .au .aw .ax .az B .ba .bb .bd .be .bf .bg .bh .bi .bj .bm .bn .bo .br .bs .bt .bw .by .bz C .ca .cc .cd .cf .cg .ch .ci .ck .cl .cm .cn .co .cr .cu .cv .cw .cx .cy .cz D .de .dj .dk .dm .do .dz E .ec .ee .eg .er .es .et .eu F .fi .fj .fk .fm .fo .fr G .ga .gd .ge .gf .gg .gh .gi .gl .gm .gn .gp .gq .gr .gs .gt .gu .gw .gy H .hk .hm .hn .hr .ht .hu I .id .ie .il .im .in .io .iq .ir .is .it J .je .jm .jo .jp K .ke .kg .kh .ki .km .kn .kp .kr .kw .ky .kz L .la .lb .lc .li .lk .lr .ls .lt .lu .lv .ly M .ma .mc .md .me .mg .mh .mk .ml .mm .mn .mo .mp .mq .mr .ms .mt .mu .mv .mw .mx .my .mz N .na .nc .ne .nf .ng .ni .nl .no .np .nr .nu .nz O .om P .pa .pe .pf .pg .ph .pk .pl .pm .pn .pr .ps .pt .pw .py Q .qa R .re .ro .rs .ru .rw S .sa .sb .sc .sd .se .sg .sh .si .sk .sl .sm .sn .so .sr .ss .st .su .sv .sx .sy .sz T .tc .td .tf .tg .th .tj .tk .tl .tm .tn .to .tr .tt .tv .tw .tz U .ua .ug .uk .us .uy .uz V .va .vc .ve .vg .vi .vn .vu W .wf .ws Y .ye .yt Z .za .zm .zw
.cw,(https://tr.wikipedia.org/wiki/.cw),1,DNS#176: A .ac .ad .ae .af .ag .ai .al .am .ao .aq .ar .as .at .au .aw .ax .az B .ba .bb .bd .be .bf .bg .bh .bi .bj .bm .bn .bo .br .bs .bt .bw .by .bz C .ca .cc .cd .cf .cg .ch .ci .ck .cl .cm .cn .co .cr .cu .cv .cw .cx .cy .cz D .de .dj .dk .dm .do .dz E .ec .ee .eg .er .es .et .eu F .fi .fj .fk .fm .fo .fr G .ga .gd .ge .gf .gg .gh .gi .gl .gm .gn .gp .gq .gr .gs .gt .gu .gw .gy H .hk .hm .hn .hr .ht .hu I .id .ie .il .im .in .io .iq .ir .is .it J .je .jm .jo .jp K .ke .kg .kh .ki .km .kn .kp .kr .kw .ky .kz L .la .lb .lc .li .lk .lr .ls .lt .lu .lv .ly M .ma .mc .md .me .mg .mh .mk .ml .mm .mn .mo .mp .mq .mr .ms .mt .mu .mv .mw .mx .my .mz N .na .nc .ne .nf .ng .ni .nl .no .np .nr .nu .nz O .om P .pa .pe .pf .pg .ph .pk .pl .pm .pn .pr .ps .pt .pw .py Q .qa R .re .ro .rs .ru .rw S .sa .sb .sc .sd .se .sg .sh .si .sk .sl .sm .sn .so .sr .ss .st .su .sv .sx .sy .sz T .tc .td .tf .tg .th .tj .tk .tl .tm .tn .to .tr .tt .tv .tw .tz U .ua .ug .uk .us .uy .uz V .va .vc .ve .vg .vi .vn .vu W .wf .ws Y .ye .yt Z .za .zm .zw
.cx,(https://tr.wikipedia.org/wiki/.cx),1,DNS#176: A .ac .ad .ae .af .ag .ai .al .am .ao .aq .ar .as .at .au .aw .ax .az B .ba .bb .bd .be .bf .bg .bh .bi .bj .bm .bn .bo .br .bs .bt .bw .by .bz C .ca .cc .cd .cf .cg .ch .ci .ck .cl .cm .cn .co .cr .cu .cv .cw .cx .cy .cz D .de .dj .dk .dm .do .dz E .ec .ee .eg .er .es .et .eu F .fi .fj .fk .fm .fo .fr G .ga .gd .ge .gf .gg .gh .gi .gl .gm .gn .gp .gq .gr .gs .gt .gu .gw .gy H .hk .hm .hn .hr .ht .hu I .id .ie .il .im .in .io .iq .ir .is .it J .je .jm .jo .jp K .ke .kg .kh .ki .km .kn .kp .kr .kw .ky .kz L .la .lb .lc .li .lk .lr .ls .lt .lu .lv .ly M .ma .mc .md .me .mg .mh .mk .ml .mm .mn .mo .mp .mq .mr .ms .mt .mu .mv .mw .mx .my .mz N .na .nc .ne .nf .ng .ni .nl .no .np .nr .nu .nz O .om P .pa .pe .pf .pg .ph .pk .pl .pm .pn .pr .ps .pt .pw .py Q .qa R .re .ro .rs .ru .rw S .sa .sb .sc .sd .se .sg .sh .si .sk .sl .sm .sn .so .sr .ss .st .su .sv .sx .sy .sz T .tc .td .tf .tg .th .tj .tk .tl .tm .tn .to .tr .tt .tv .tw .tz U .ua .ug .uk .us .uy .uz V .va .vc .ve .vg .vi .vn .vu W .wf .ws Y .ye .yt Z .za .zm .zw
.cy,(https://tr.wikipedia.org/wiki/.cy),1,DNS#176: A .ac .ad .ae .af .ag .ai .al .am .ao .aq .ar .as .at .au .aw .ax .az B .ba .bb .bd .be .bf .bg .bh .bi .bj .bm .bn .bo .br .bs .bt .bw .by .bz C .ca .cc .cd .cf .cg .ch .ci .ck .cl .cm .cn .co .cr .cu .cv .cw .cx .cy .cz D .de .dj .dk .dm .do .dz E .ec .ee .eg .er .es .et .eu F .fi .fj .fk .fm .fo .fr G .ga .gd .ge .gf .gg .gh .gi .gl .gm .gn .gp .gq .gr .gs .gt .gu .gw .gy H .hk .hm .hn .hr .ht .hu I .id .ie .il .im .in .io .iq .ir .is .it J .je .jm .jo .jp K .ke .kg .kh .ki .km .kn .kp .kr .kw .ky .kz L .la .lb .lc .li .lk .lr .ls .lt .lu .lv .ly M .ma .mc .md .me .mg .mh .mk .ml .mm .mn .mo .mp .mq .mr .ms .mt .mu .mv .mw .mx .my .mz N .na .nc .ne .nf .ng .ni .nl .no .np .nr .nu .nz O .om P .pa .pe .pf .pg .ph .pk .pl .pm .pn .pr .ps .pt .pw .py Q .qa R .re .ro .rs .ru .rw S .sa .sb .sc .sd .se .sg .sh .si .sk .sl .sm .sn .so .sr .ss .st .su .sv .sx .sy .sz T .tc .td .tf .tg .th .tj .tk .tl .tm .tn .to .tr .tt .tv .tw .tz U .ua .ug .uk .us .uy .uz V .va .vc .ve .vg .vi .vn .vu W .wf .ws Y .ye .yt Z .za .zm .zw
.cz,(https://tr.wikipedia.org/wiki/.cz),1,DNS#176: A .ac .ad .ae .af .ag .ai .al .am .ao .aq .ar .as .at .au .aw .ax .az B .ba .bb .bd .be .bf .bg .bh .bi .bj .bm .bn .bo .br .bs .bt .bw .by .bz C .ca .cc .cd .cf .cg .ch .ci .ck .cl .cm .cn .co .cr .cu .cv .cw .cx .cy .cz D .de .dj .dk .dm .do .dz E .ec .ee .eg .er .es .et .eu F .fi .fj .fk .fm .fo .fr G .ga .gd .ge .gf .gg .gh .gi .gl .gm .gn .gp .gq .gr .gs .gt .gu .gw .gy H .hk .hm .hn .hr .ht .hu I .id .ie .il .im .in .io .iq .ir .is .it J .je .jm .jo .jp K .ke .kg .kh .ki .km .kn .kp .kr .kw .ky .kz L .la .lb .lc .li .lk .lr .ls .lt .lu .lv .ly M .ma .mc .md .me .mg .mh .mk .ml .mm .mn .mo .mp .mq .mr .ms .mt .mu .mv .mw .mx .my .mz N .na .nc .ne .nf .ng .ni .nl .no .np .nr .nu .nz O .om P .pa .pe .pf .pg .ph .pk .pl .pm .pn .pr .ps .pt .pw .py Q .qa R .re .ro .rs .ru .rw S .sa .sb .sc .sd .se .sg .sh .si .sk .sl .sm .sn .so .sr .ss .st .su .sv .sx .sy .sz T .tc .td .tf .tg .th .tj .tk .tl .tm .tn .to .tr .tt .tv .tw .tz U .ua .ug .uk .us .uy .uz V .va .vc .ve .vg .vi .vn .vu W .wf .ws Y .ye .yt Z .za .zm .zw
.dj,(https://tr.wikipedia.org/wiki/.dj),1,DNS#176: A .ac .ad .ae .af .ag .ai .al .am .ao .aq .ar .as .at .au .aw .ax .az B .ba .bb .bd .be .bf .bg .bh .bi .bj .bm .bn .bo .br .bs .bt .bw .by .bz C .ca .cc .cd .cf .cg .ch .ci .ck .cl .cm .cn .co .cr .cu .cv .cw .cx .cy .cz D .de .dj .dk .dm .do .dz E .ec .ee .eg .er .es .et .eu F .fi .fj .fk .fm .fo .fr G .ga .gd .ge .gf .gg .gh .gi .gl .gm .gn .gp .gq .gr .gs .gt .gu .gw .gy H .hk .hm .hn .hr .ht .hu I .id .ie .il .im .in .io .iq .ir .is .it J .je .jm .jo .jp K .ke .kg .kh .ki .km .kn .kp .kr .kw .ky .kz L .la .lb .lc .li .lk .lr .ls .lt .lu .lv .ly M .ma .mc .md .me .mg .mh .mk .ml .mm .mn .mo .mp .mq .mr .ms .mt .mu .mv .mw .mx .my .mz N .na .nc .ne .nf .ng .ni .nl .no .np .nr .nu .nz O .om P .pa .pe .pf .pg .ph .pk .pl .pm .pn .pr .ps .pt .pw .py Q .qa R .re .ro .rs .ru .rw S .sa .sb .sc .sd .se .sg .sh .si .sk .sl .sm .sn .so .sr .ss .st .su .sv .sx .sy .sz T .tc .td .tf .tg .th .tj .tk .tl .tm .tn .to .tr .tt .tv .tw .tz U .ua .ug .uk .us .uy .uz V .va .vc .ve .vg .vi .vn .vu W .wf .ws Y .ye .yt Z .za .zm .zw
.dk,(https://tr.wikipedia.org/wiki/.dk),1,DNS#176: A .ac .ad .ae .af .ag .ai .al .am .ao .aq .ar .as .at .au .aw .ax .az B .ba .bb .bd .be .bf .bg .bh .bi .bj .bm .bn .bo .br .bs .bt .bw .by .bz C .ca .cc .cd .cf .cg .ch .ci .ck .cl .cm .cn .co .cr .cu .cv .cw .cx .cy .cz D .de .dj .dk .dm .do .dz E .ec .ee .eg .er .es .et .eu F .fi .fj .fk .fm .fo .fr G .ga .gd .ge .gf .gg .gh .gi .gl .gm .gn .gp .gq .gr .gs .gt .gu .gw .gy H .hk .hm .hn .hr .ht .hu I .id .ie .il .im .in .io .iq .ir .is .it J .je .jm .jo .jp K .ke .kg .kh .ki .km .kn .kp .kr .kw .ky .kz L .la .lb .lc .li .lk .lr .ls .lt .lu .lv .ly M .ma .mc .md .me .mg .mh .mk .ml .mm .mn .mo .mp .mq .mr .ms .mt .mu .mv .mw .mx .my .mz N .na .nc .ne .nf .ng .ni .nl .no .np .nr .nu .nz O .om P .pa .pe .pf .pg .ph .pk .pl .pm .pn .pr .ps .pt .pw .py Q .qa R .re .ro .rs .ru .rw S .sa .sb .sc .sd .se .sg .sh .si .sk .sl .sm .sn .so .sr .ss .st .su .sv .sx .sy .sz T .tc .td .tf .tg .th .tj .tk .tl .tm .tn .to .tr .tt .tv .tw .tz U .ua .ug .uk .us .uy .uz V .va .vc .ve .vg .vi .vn .vu W .wf .ws Y .ye .yt Z .za .zm .zw
.dm,(https://tr.wikipedia.org/wiki/.dm),1,DNS#176: A .ac .ad .ae .af .ag .ai .al .am .ao .aq .ar .as .at .au .aw .ax .az B .ba .bb .bd .be .bf .bg .bh .bi .bj .bm .bn .bo .br .bs .bt .bw .by .bz C .ca .cc .cd .cf .cg .ch .ci .ck .cl .cm .cn .co .cr .cu .cv .cw .cx .cy .cz D .de .dj .dk .dm .do .dz E .ec .ee .eg .er .es .et .eu F .fi .fj .fk .fm .fo .fr G .ga .gd .ge .gf .gg .gh .gi .gl .gm .gn .gp .gq .gr .gs .gt .gu .gw .gy H .hk .hm .hn .hr .ht .hu I .id .ie .il .im .in .io .iq .ir .is .it J .je .jm .jo .jp K .ke .kg .kh .ki .km .kn .kp .kr .kw .ky .kz L .la .lb .lc .li .lk .lr .ls .lt .lu .lv .ly M .ma .mc .md .me .mg .mh .mk .ml .mm .mn .mo .mp .mq .mr .ms .mt .mu .mv .mw .mx .my .mz N .na .nc .ne .nf .ng .ni .nl .no .np .nr .nu .nz O .om P .pa .pe .pf .pg .ph .pk .pl .pm .pn .pr .ps .pt .pw .py Q .qa R .re .ro .rs .ru .rw S .sa .sb .sc .sd .se .sg .sh .si .sk .sl .sm .sn .so .sr .ss .st .su .sv .sx .sy .sz T .tc .td .tf .tg .th .tj .tk .tl .tm .tn .to .tr .tt .tv .tw .tz U .ua .ug .uk .us .uy .uz V .va .vc .ve .vg .vi .vn .vu W .wf .ws Y .ye .yt Z .za .zm .zw
.do,(https://tr.wikipedia.org/wiki/.do),1,DNS#176: A .ac .ad .ae .af .ag .ai .al .am .ao .aq .ar .as .at .au .aw .ax .az B .ba .bb .bd .be .bf .bg .bh .bi .bj .bm .bn .bo .br .bs .bt .bw .by .bz C .ca .cc .cd .cf .cg .ch .ci .ck .cl .cm .cn .co .cr .cu .cv .cw .cx .cy .cz D .de .dj .dk .dm .do .dz E .ec .ee .eg .er .es .et .eu F .fi .fj .fk .fm .fo .fr G .ga .gd .ge .gf .gg .gh .gi .gl .gm .gn .gp .gq .gr .gs .gt .gu .gw .gy H .hk .hm .hn .hr .ht .hu I .id .ie .il .im .in .io .iq .ir .is .it J .je .jm .jo .jp K .ke .kg .kh .ki .km .kn .kp .kr .kw .ky .kz L .la .lb .lc .li .lk .lr .ls .lt .lu .lv .ly M .ma .mc .md .me .mg .mh .mk .ml .mm .mn .mo .mp .mq .mr .ms .mt .mu .mv .mw .mx .my .mz N .na .nc .ne .nf .ng .ni .nl .no .np .nr .nu .nz O .om P .pa .pe .pf .pg .ph .pk .pl .pm .pn .pr .ps .pt .pw .py Q .qa R .re .ro .rs .ru .rw S .sa .sb .sc .sd .se .sg .sh .si .sk .sl .sm .sn .so .sr .ss .st .su .sv .sx .sy .sz T .tc .td .tf .tg .th .tj .tk .tl .tm .tn .to .tr .tt .tv .tw .tz U .ua .ug .uk .us .uy .uz V .va .vc .ve .vg .vi .vn .vu W .wf .ws Y .ye .yt Z .za .zm .zw
.dz,(https://tr.wikipedia.org/wiki/.dz),1,DNS#176: A .ac .ad .ae .af .ag .ai .al .am .ao .aq .ar .as .at .au .aw .ax .az B .ba .bb .bd .be .bf .bg .bh .bi .bj .bm .bn .bo .br .bs .bt .bw .by .bz C .ca .cc .cd .cf .cg .ch .ci .ck .cl .cm .cn .co .cr .cu .cv .cw .cx .cy .cz D .de .dj .dk .dm .do .dz E .ec .ee .eg .er .es .et .eu F .fi .fj .fk .fm .fo .fr G .ga .gd .ge .gf .gg .gh .gi .gl .gm .gn .gp .gq .gr .gs .gt .gu .gw .gy H .hk .hm .hn .hr .ht .hu I .id .ie .il .im .in .io .iq .ir .is .it J .je .jm .jo .jp K .ke .kg .kh .ki .km .kn .kp .kr .kw .ky .kz L .la .lb .lc .li .lk .lr .ls .lt .lu .lv .ly M .ma .mc .md .me .mg .mh .mk .ml .mm .mn .mo .mp .mq .mr .ms .mt .mu .mv .mw .mx .my .mz N .na .nc .ne .nf .ng .ni .nl .no .np .nr .nu .nz O .om P .pa .pe .pf .pg .ph .pk .pl .pm .pn .pr .ps .pt .pw .py Q .qa R .re .ro .rs .ru .rw S .sa .sb .sc .sd .se .sg .sh .si .sk .sl .sm .sn .so .sr .ss .st .su .sv .sx .sy .sz T .tc .td .tf .tg .th .tj .tk .tl .tm .tn .to .tr .tt .tv .tw .tz U .ua .ug .uk .us .uy .uz V .va .vc .ve .vg .vi .vn .vu W .wf .ws Y .ye .yt Z .za .zm .zw
.ec,(https://tr.wikipedia.org/wiki/.ec),1,DNS#176: A .ac .ad .ae .af .ag .ai .al .am .ao .aq .ar .as .at .au .aw .ax .az B .ba .bb .bd .be .bf .bg .bh .bi .bj .bm .bn .bo .br .bs .bt .bw .by .bz C .ca .cc .cd .cf .cg .ch .ci .ck .cl .cm .cn .co .cr .cu .cv .cw .cx .cy .cz D .de .dj .dk .dm .do .dz E .ec .ee .eg .er .es .et .eu F .fi .fj .fk .fm .fo .fr G .ga .gd .ge .gf .gg .gh .gi .gl .gm .gn .gp .gq .gr .gs .gt .gu .gw .gy H .hk .hm .hn .hr .ht .hu I .id .ie .il .im .in .io .iq .ir .is .it J .je .jm .jo .jp K .ke .kg .kh .ki .km .kn .kp .kr .kw .ky .kz L .la .lb .lc .li .lk .lr .ls .lt .lu .lv .ly M .ma .mc .md .me .mg .mh .mk .ml .mm .mn .mo .mp .mq .mr .ms .mt .mu .mv .mw .mx .my .mz N .na .nc .ne .nf .ng .ni .nl .no .np .nr .nu .nz O .om P .pa .pe .pf .pg .ph .pk .pl .pm .pn .pr .ps .pt .pw .py Q .qa R .re .ro .rs .ru .rw S .sa .sb .sc .sd .se .sg .sh .si .sk .sl .sm .sn .so .sr .ss .st .su .sv .sx .sy .sz T .tc .td .tf .tg .th .tj .tk .tl .tm .tn .to .tr .tt .tv .tw .tz U .ua .ug .uk .us .uy .uz V .va .vc .ve .vg .vi .vn .vu W .wf .ws Y .ye .yt Z .za .zm .zw
.ee,(https://tr.wikipedia.org/wiki/.ee),1,DNS#176: A .ac .ad .ae .af .ag .ai .al .am .ao .aq .ar .as .at .au .aw .ax .az B .ba .bb .bd .be .bf .bg .bh .bi .bj .bm .bn .bo .br .bs .bt .bw .by .bz C .ca .cc .cd .cf .cg .ch .ci .ck .cl .cm .cn .co .cr .cu .cv .cw .cx .cy .cz D .de .dj .dk .dm .do .dz E .ec .ee .eg .er .es .et .eu F .fi .fj .fk .fm .fo .fr G .ga .gd .ge .gf .gg .gh .gi .gl .gm .gn .gp .gq .gr .gs .gt .gu .gw .gy H .hk .hm .hn .hr .ht .hu I .id .ie .il .im .in .io .iq .ir .is .it J .je .jm .jo .jp K .ke .kg .kh .ki .km .kn .kp .kr .kw .ky .kz L .la .lb .lc .li .lk .lr .ls .lt .lu .lv .ly M .ma .mc .md .me .mg .mh .mk .ml .mm .mn .mo .mp .mq .mr .ms .mt .mu .mv .mw .mx .my .mz N .na .nc .ne .nf .ng .ni .nl .no .np .nr .nu .nz O .om P .pa .pe .pf .pg .ph .pk .pl .pm .pn .pr .ps .pt .pw .py Q .qa R .re .ro .rs .ru .rw S .sa .sb .sc .sd .se .sg .sh .si .sk .sl .sm .sn .so .sr .ss .st .su .sv .sx .sy .sz T .tc .td .tf .tg .th .tj .tk .tl .tm .tn .to .tr .tt .tv .tw .tz U .ua .ug .uk .us .uy .uz V .va .vc .ve .vg .vi .vn .vu W .wf .ws Y .ye .yt Z .za .zm .zw
.eg,(https://tr.wikipedia.org/wiki/.eg),1,DNS#176: A .ac .ad .ae .af .ag .ai .al .am .ao .aq .ar .as .at .au .aw .ax .az B .ba .bb .bd .be .bf .bg .bh .bi .bj .bm .bn .bo .br .bs .bt .bw .by .bz C .ca .cc .cd .cf .cg .ch .ci .ck .cl .cm .cn .co .cr .cu .cv .cw .cx .cy .cz D .de .dj .dk .dm .do .dz E .ec .ee .eg .er .es .et .eu F .fi .fj .fk .fm .fo .fr G .ga .gd .ge .gf .gg .gh .gi .gl .gm .gn .gp .gq .gr .gs .gt .gu .gw .gy H .hk .hm .hn .hr .ht .hu I .id .ie .il .im .in .io .iq .ir .is .it J .je .jm .jo .jp K .ke .kg .kh .ki .km .kn .kp .kr .kw .ky .kz L .la .lb .lc .li .lk .lr .ls .lt .lu .lv .ly M .ma .mc .md .me .mg .mh .mk .ml .mm .mn .mo .mp .mq .mr .ms .mt .mu .mv .mw .mx .my .mz N .na .nc .ne .nf .ng .ni .nl .no .np .nr .nu .nz O .om P .pa .pe .pf .pg .ph .pk .pl .pm .pn .pr .ps .pt .pw .py Q .qa R .re .ro .rs .ru .rw S .sa .sb .sc .sd .se .sg .sh .si .sk .sl .sm .sn .so .sr .ss .st .su .sv .sx .sy .sz T .tc .td .tf .tg .th .tj .tk .tl .tm .tn .to .tr .tt .tv .tw .tz U .ua .ug .uk .us .uy .uz V .va .vc .ve .vg .vi .vn .vu W .wf .ws Y .ye .yt Z .za .zm .zw
.er,(https://tr.wikipedia.org/wiki/.er),1,DNS#176: A .ac .ad .ae .af .ag .ai .al .am .ao .aq .ar .as .at .au .aw .ax .az B .ba .bb .bd .be .bf .bg .bh .bi .bj .bm .bn .bo .br .bs .bt .bw .by .bz C .ca .cc .cd .cf .cg .ch .ci .ck .cl .cm .cn .co .cr .cu .cv .cw .cx .cy .cz D .de .dj .dk .dm .do .dz E .ec .ee .eg .er .es .et .eu F .fi .fj .fk .fm .fo .fr G .ga .gd .ge .gf .gg .gh .gi .gl .gm .gn .gp .gq .gr .gs .gt .gu .gw .gy H .hk .hm .hn .hr .ht .hu I .id .ie .il .im .in .io .iq .ir .is .it J .je .jm .jo .jp K .ke .kg .kh .ki .km .kn .kp .kr .kw .ky .kz L .la .lb .lc .li .lk .lr .ls .lt .lu .lv .ly M .ma .mc .md .me .mg .mh .mk .ml .mm .mn .mo .mp .mq .mr .ms .mt .mu .mv .mw .mx .my .mz N .na .nc .ne .nf .ng .ni .nl .no .np .nr .nu .nz O .om P .pa .pe .pf .pg .ph .pk .pl .pm .pn .pr .ps .pt .pw .py Q .qa R .re .ro .rs .ru .rw S .sa .sb .sc .sd .se .sg .sh .si .sk .sl .sm .sn .so .sr .ss .st .su .sv .sx .sy .sz T .tc .td .tf .tg .th .tj .tk .tl .tm .tn .to .tr .tt .tv .tw .tz U .ua .ug .uk .us .uy .uz V .va .vc .ve .vg .vi .vn .vu W .wf .ws Y .ye .yt Z .za .zm .zw
.es,(https://tr.wikipedia.org/wiki/.es),1,DNS#176: A .ac .ad .ae .af .ag .ai .al .am .ao .aq .ar .as .at .au .aw .ax .az B .ba .bb .bd .be .bf .bg .bh .bi .bj .bm .bn .bo .br .bs .bt .bw .by .bz C .ca .cc .cd .cf .cg .ch .ci .ck .cl .cm .cn .co .cr .cu .cv .cw .cx .cy .cz D .de .dj .dk .dm .do .dz E .ec .ee .eg .er .es .et .eu F .fi .fj .fk .fm .fo .fr G .ga .gd .ge .gf .gg .gh .gi .gl .gm .gn .gp .gq .gr .gs .gt .gu .gw .gy H .hk .hm .hn .hr .ht .hu I .id .ie .il .im .in .io .iq .ir .is .it J .je .jm .jo .jp K .ke .kg .kh .ki .km .kn .kp .kr .kw .ky .kz L .la .lb .lc .li .lk .lr .ls .lt .lu .lv .ly M .ma .mc .md .me .mg .mh .mk .ml .mm .mn .mo .mp .mq .mr .ms .mt .mu .mv .mw .mx .my .mz N .na .nc .ne .nf .ng .ni .nl .no .np .nr .nu .nz O .om P .pa .pe .pf .pg .ph .pk .pl .pm .pn .pr .ps .pt .pw .py Q .qa R .re .ro .rs .ru .rw S .sa .sb .sc .sd .se .sg .sh .si .sk .sl .sm .sn .so .sr .ss .st .su .sv .sx .sy .sz T .tc .td .tf .tg .th .tj .tk .tl .tm .tn .to .tr .tt .tv .tw .tz U .ua .ug .uk .us .uy .uz V .va .vc .ve .vg .vi .vn .vu W .wf .ws Y .ye .yt Z .za .zm .zw
.et,(https://tr.wikipedia.org/wiki/.et),1,DNS#176: A .ac .ad .ae .af .ag .ai .al .am .ao .aq .ar .as .at .au .aw .ax .az B .ba .bb .bd .be .bf .bg .bh .bi .bj .bm .bn .bo .br .bs .bt .bw .by .bz C .ca .cc .cd .cf .cg .ch .ci .ck .cl .cm .cn .co .cr .cu .cv .cw .cx .cy .cz D .de .dj .dk .dm .do .dz E .ec .ee .eg .er .es .et .eu F .fi .fj .fk .fm .fo .fr G .ga .gd .ge .gf .gg .gh .gi .gl .gm .gn .gp .gq .gr .gs .gt .gu .gw .gy H .hk .hm .hn .hr .ht .hu I .id .ie .il .im .in .io .iq .ir .is .it J .je .jm .jo .jp K .ke .kg .kh .ki .km .kn .kp .kr .kw .ky .kz L .la .lb .lc .li .lk .lr .ls .lt .lu .lv .ly M .ma .mc .md .me .mg .mh .mk .ml .mm .mn .mo .mp .mq .mr .ms .mt .mu .mv .mw .mx .my .mz N .na .nc .ne .nf .ng .ni .nl .no .np .nr .nu .nz O .om P .pa .pe .pf .pg .ph .pk .pl .pm .pn .pr .ps .pt .pw .py Q .qa R .re .ro .rs .ru .rw S .sa .sb .sc .sd .se .sg .sh .si .sk .sl .sm .sn .so .sr .ss .st .su .sv .sx .sy .sz T .tc .td .tf .tg .th .tj .tk .tl .tm .tn .to .tr .tt .tv .tw .tz U .ua .ug .uk .us .uy .uz V .va .vc .ve .vg .vi .vn .vu W .wf .ws Y .ye .yt Z .za .zm .zw
.fi,(https://tr.wikipedia.org/wiki/.fi),1,DNS#176: A .ac .ad .ae .af .ag .ai .al .am .ao .aq .ar .as .at .au .aw .ax .az B .ba .bb .bd .be .bf .bg .bh .bi .bj .bm .bn .bo .br .bs .bt .bw .by .bz C .ca .cc .cd .cf .cg .ch .ci .ck .cl .cm .cn .co .cr .cu .cv .cw .cx .cy .cz D .de .dj .dk .dm .do .dz E .ec .ee .eg .er .es .et .eu F .fi .fj .fk .fm .fo .fr G .ga .gd .ge .gf .gg .gh .gi .gl .gm .gn .gp .gq .gr .gs .gt .gu .gw .gy H .hk .hm .hn .hr .ht .hu I .id .ie .il .im .in .io .iq .ir .is .it J .je .jm .jo .jp K .ke .kg .kh .ki .km .kn .kp .kr .kw .ky .kz L .la .lb .lc .li .lk .lr .ls .lt .lu .lv .ly M .ma .mc .md .me .mg .mh .mk .ml .mm .mn .mo .mp .mq .mr .ms .mt .mu .mv .mw .mx .my .mz N .na .nc .ne .nf .ng .ni .nl .no .np .nr .nu .nz O .om P .pa .pe .pf .pg .ph .pk .pl .pm .pn .pr .ps .pt .pw .py Q .qa R .re .ro .rs .ru .rw S .sa .sb .sc .sd .se .sg .sh .si .sk .sl .sm .sn .so .sr .ss .st .su .sv .sx .sy .sz T .tc .td .tf .tg .th .tj .tk .tl .tm .tn .to .tr .tt .tv .tw .tz U .ua .ug .uk .us .uy .uz V .va .vc .ve .vg .vi .vn .vu W .wf .ws Y .ye .yt Z .za .zm .zw
.fj,(https://tr.wikipedia.org/wiki/.fj),1,DNS#176: A .ac .ad .ae .af .ag .ai .al .am .ao .aq .ar .as .at .au .aw .ax .az B .ba .bb .bd .be .bf .bg .bh .bi .bj .bm .bn .bo .br .bs .bt .bw .by .bz C .ca .cc .cd .cf .cg .ch .ci .ck .cl .cm .cn .co .cr .cu .cv .cw .cx .cy .cz D .de .dj .dk .dm .do .dz E .ec .ee .eg .er .es .et .eu F .fi .fj .fk .fm .fo .fr G .ga .gd .ge .gf .gg .gh .gi .gl .gm .gn .gp .gq .gr .gs .gt .gu .gw .gy H .hk .hm .hn .hr .ht .hu I .id .ie .il .im .in .io .iq .ir .is .it J .je .jm .jo .jp K .ke .kg .kh .ki .km .kn .kp .kr .kw .ky .kz L .la .lb .lc .li .lk .lr .ls .lt .lu .lv .ly M .ma .mc .md .me .mg .mh .mk .ml .mm .mn .mo .mp .mq .mr .ms .mt .mu .mv .mw .mx .my .mz N .na .nc .ne .nf .ng .ni .nl .no .np .nr .nu .nz O .om P .pa .pe .pf .pg .ph .pk .pl .pm .pn .pr .ps .pt .pw .py Q .qa R .re .ro .rs .ru .rw S .sa .sb .sc .sd .se .sg .sh .si .sk .sl .sm .sn .so .sr .ss .st .su .sv .sx .sy .sz T .tc .td .tf .tg .th .tj .tk .tl .tm .tn .to .tr .tt .tv .tw .tz U .ua .ug .uk .us .uy .uz V .va .vc .ve .vg .vi .vn .vu W .wf .ws Y .ye .yt Z .za .zm .zw
.fk,(https://tr.wikipedia.org/wiki/.fk),1,DNS#176: A .ac .ad .ae .af .ag .ai .al .am .ao .aq .ar .as .at .au .aw .ax .az B .ba .bb .bd .be .bf .bg .bh .bi .bj .bm .bn .bo .br .bs .bt .bw .by .bz C .ca .cc .cd .cf .cg .ch .ci .ck .cl .cm .cn .co .cr .cu .cv .cw .cx .cy .cz D .de .dj .dk .dm .do .dz E .ec .ee .eg .er .es .et .eu F .fi .fj .fk .fm .fo .fr G .ga .gd .ge .gf .gg .gh .gi .gl .gm .gn .gp .gq .gr .gs .gt .gu .gw .gy H .hk .hm .hn .hr .ht .hu I .id .ie .il .im .in .io .iq .ir .is .it J .je .jm .jo .jp K .ke .kg .kh .ki .km .kn .kp .kr .kw .ky .kz L .la .lb .lc .li .lk .lr .ls .lt .lu .lv .ly M .ma .mc .md .me .mg .mh .mk .ml .mm .mn .mo .mp .mq .mr .ms .mt .mu .mv .mw .mx .my .mz N .na .nc .ne .nf .ng .ni .nl .no .np .nr .nu .nz O .om P .pa .pe .pf .pg .ph .pk .pl .pm .pn .pr .ps .pt .pw .py Q .qa R .re .ro .rs .ru .rw S .sa .sb .sc .sd .se .sg .sh .si .sk .sl .sm .sn .so .sr .ss .st .su .sv .sx .sy .sz T .tc .td .tf .tg .th .tj .tk .tl .tm .tn .to .tr .tt .tv .tw .tz U .ua .ug .uk .us .uy .uz V .va .vc .ve .vg .vi .vn .vu W .wf .ws Y .ye .yt Z .za .zm .zw
.fm,(https://tr.wikipedia.org/wiki/.fm),1,DNS#176: A .ac .ad .ae .af .ag .ai .al .am .ao .aq .ar .as .at .au .aw .ax .az B .ba .bb .bd .be .bf .bg .bh .bi .bj .bm .bn .bo .br .bs .bt .bw .by .bz C .ca .cc .cd .cf .cg .ch .ci .ck .cl .cm .cn .co .cr .cu .cv .cw .cx .cy .cz D .de .dj .dk .dm .do .dz E .ec .ee .eg .er .es .et .eu F .fi .fj .fk .fm .fo .fr G .ga .gd .ge .gf .gg .gh .gi .gl .gm .gn .gp .gq .gr .gs .gt .gu .gw .gy H .hk .hm .hn .hr .ht .hu I .id .ie .il .im .in .io .iq .ir .is .it J .je .jm .jo .jp K .ke .kg .kh .ki .km .kn .kp .kr .kw .ky .kz L .la .lb .lc .li .lk .lr .ls .lt .lu .lv .ly M .ma .mc .md .me .mg .mh .mk .ml .mm .mn .mo .mp .mq .mr .ms .mt .mu .mv .mw .mx .my .mz N .na .nc .ne .nf .ng .ni .nl .no .np .nr .nu .nz O .om P .pa .pe .pf .pg .ph .pk .pl .pm .pn .pr .ps .pt .pw .py Q .qa R .re .ro .rs .ru .rw S .sa .sb .sc .sd .se .sg .sh .si .sk .sl .sm .sn .so .sr .ss .st .su .sv .sx .sy .sz T .tc .td .tf .tg .th .tj .tk .tl .tm .tn .to .tr .tt .tv .tw .tz U .ua .ug .uk .us .uy .uz V .va .vc .ve .vg .vi .vn .vu W .wf .ws Y .ye .yt Z .za .zm .zw
.fo,(https://tr.wikipedia.org/wiki/.fo),1,DNS#176: A .ac .ad .ae .af .ag .ai .al .am .ao .aq .ar .as .at .au .aw .ax .az B .ba .bb .bd .be .bf .bg .bh .bi .bj .bm .bn .bo .br .bs .bt .bw .by .bz C .ca .cc .cd .cf .cg .ch .ci .ck .cl .cm .cn .co .cr .cu .cv .cw .cx .cy .cz D .de .dj .dk .dm .do .dz E .ec .ee .eg .er .es .et .eu F .fi .fj .fk .fm .fo .fr G .ga .gd .ge .gf .gg .gh .gi .gl .gm .gn .gp .gq .gr .gs .gt .gu .gw .gy H .hk .hm .hn .hr .ht .hu I .id .ie .il .im .in .io .iq .ir .is .it J .je .jm .jo .jp K .ke .kg .kh .ki .km .kn .kp .kr .kw .ky .kz L .la .lb .lc .li .lk .lr .ls .lt .lu .lv .ly M .ma .mc .md .me .mg .mh .mk .ml .mm .mn .mo .mp .mq .mr .ms .mt .mu .mv .mw .mx .my .mz N .na .nc .ne .nf .ng .ni .nl .no .np .nr .nu .nz O .om P .pa .pe .pf .pg .ph .pk .pl .pm .pn .pr .ps .pt .pw .py Q .qa R .re .ro .rs .ru .rw S .sa .sb .sc .sd .se .sg .sh .si .sk .sl .sm .sn .so .sr .ss .st .su .sv .sx .sy .sz T .tc .td .tf .tg .th .tj .tk .tl .tm .tn .to .tr .tt .tv .tw .tz U .ua .ug .uk .us .uy .uz V .va .vc .ve .vg .vi .vn .vu W .wf .ws Y .ye .yt Z .za .zm .zw
.fr,(https://tr.wikipedia.org/wiki/.fr),1,DNS#176: A .ac .ad .ae .af .ag .ai .al .am .ao .aq .ar .as .at .au .aw .ax .az B .ba .bb .bd .be .bf .bg .bh .bi .bj .bm .bn .bo .br .bs .bt .bw .by .bz C .ca .cc .cd .cf .cg .ch .ci .ck .cl .cm .cn .co .cr .cu .cv .cw .cx .cy .cz D .de .dj .dk .dm .do .dz E .ec .ee .eg .er .es .et .eu F .fi .fj .fk .fm .fo .fr G .ga .gd .ge .gf .gg .gh .gi .gl .gm .gn .gp .gq .gr .gs .gt .gu .gw .gy H .hk .hm .hn .hr .ht .hu I .id .ie .il .im .in .io .iq .ir .is .it J .je .jm .jo .jp K .ke .kg .kh .ki .km .kn .kp .kr .kw .ky .kz L .la .lb .lc .li .lk .lr .ls .lt .lu .lv .ly M .ma .mc .md .me .mg .mh .mk .ml .mm .mn .mo .mp .mq .mr .ms .mt .mu .mv .mw .mx .my .mz N .na .nc .ne .nf .ng .ni .nl .no .np .nr .nu .nz O .om P .pa .pe .pf .pg .ph .pk .pl .pm .pn .pr .ps .pt .pw .py Q .qa R .re .ro .rs .ru .rw S .sa .sb .sc .sd .se .sg .sh .si .sk .sl .sm .sn .so .sr .ss .st .su .sv .sx .sy .sz T .tc .td .tf .tg .th .tj .tk .tl .tm .tn .to .tr .tt .tv .tw .tz U .ua .ug .uk .us .uy .uz V .va .vc .ve .vg .vi .vn .vu W .wf .ws Y .ye .yt Z .za .zm .zw
.ga,(https://tr.wikipedia.org/wiki/.ga),1,DNS#176: A .ac .ad .ae .af .ag .ai .al .am .ao .aq .ar .as .at .au .aw .ax .az B .ba .bb .bd .be .bf .bg .bh .bi .bj .bm .bn .bo .br .bs .bt .bw .by .bz C .ca .cc .cd .cf .cg .ch .ci .ck .cl .cm .cn .co .cr .cu .cv .cw .cx .cy .cz D .de .dj .dk .dm .do .dz E .ec .ee .eg .er .es .et .eu F .fi .fj .fk .fm .fo .fr G .ga .gd .ge .gf .gg .gh .gi .gl .gm .gn .gp .gq .gr .gs .gt .gu .gw .gy H .hk .hm .hn .hr .ht .hu I .id .ie .il .im .in .io .iq .ir .is .it J .je .jm .jo .jp K .ke .kg .kh .ki .km .kn .kp .kr .kw .ky .kz L .la .lb .lc .li .lk .lr .ls .lt .lu .lv .ly M .ma .mc .md .me .mg .mh .mk .ml .mm .mn .mo .mp .mq .mr .ms .mt .mu .mv .mw .mx .my .mz N .na .nc .ne .nf .ng .ni .nl .no .np .nr .nu .nz O .om P .pa .pe .pf .pg .ph .pk .pl .pm .pn .pr .ps .pt .pw .py Q .qa R .re .ro .rs .ru .rw S .sa .sb .sc .sd .se .sg .sh .si .sk .sl .sm .sn .so .sr .ss .st .su .sv .sx .sy .sz T .tc .td .tf .tg .th .tj .tk .tl .tm .tn .to .tr .tt .tv .tw .tz U .ua .ug .uk .us .uy .uz V .va .vc .ve .vg .vi .vn .vu W .wf .ws Y .ye .yt Z .za .zm .zw
.gd,(https://tr.wikipedia.org/wiki/.gd),1,DNS#176: A .ac .ad .ae .af .ag .ai .al .am .ao .aq .ar .as .at .au .aw .ax .az B .ba .bb .bd .be .bf .bg .bh .bi .bj .bm .bn .bo .br .bs .bt .bw .by .bz C .ca .cc .cd .cf .cg .ch .ci .ck .cl .cm .cn .co .cr .cu .cv .cw .cx .cy .cz D .de .dj .dk .dm .do .dz E .ec .ee .eg .er .es .et .eu F .fi .fj .fk .fm .fo .fr G .ga .gd .ge .gf .gg .gh .gi .gl .gm .gn .gp .gq .gr .gs .gt .gu .gw .gy H .hk .hm .hn .hr .ht .hu I .id .ie .il .im .in .io .iq .ir .is .it J .je .jm .jo .jp K .ke .kg .kh .ki .km .kn .kp .kr .kw .ky .kz L .la .lb .lc .li .lk .lr .ls .lt .lu .lv .ly M .ma .mc .md .me .mg .mh .mk .ml .mm .mn .mo .mp .mq .mr .ms .mt .mu .mv .mw .mx .my .mz N .na .nc .ne .nf .ng .ni .nl .no .np .nr .nu .nz O .om P .pa .pe .pf .pg .ph .pk .pl .pm .pn .pr .ps .pt .pw .py Q .qa R .re .ro .rs .ru .rw S .sa .sb .sc .sd .se .sg .sh .si .sk .sl .sm .sn .so .sr .ss .st .su .sv .sx .sy .sz T .tc .td .tf .tg .th .tj .tk .tl .tm .tn .to .tr .tt .tv .tw .tz U .ua .ug .uk .us .uy .uz V .va .vc .ve .vg .vi .vn .vu W .wf .ws Y .ye .yt Z .za .zm .zw
.ge,(https://tr.wikipedia.org/wiki/.ge),1,DNS#176: A .ac .ad .ae .af .ag .ai .al .am .ao .aq .ar .as .at .au .aw .ax .az B .ba .bb .bd .be .bf .bg .bh .bi .bj .bm .bn .bo .br .bs .bt .bw .by .bz C .ca .cc .cd .cf .cg .ch .ci .ck .cl .cm .cn .co .cr .cu .cv .cw .cx .cy .cz D .de .dj .dk .dm .do .dz E .ec .ee .eg .er .es .et .eu F .fi .fj .fk .fm .fo .fr G .ga .gd .ge .gf .gg .gh .gi .gl .gm .gn .gp .gq .gr .gs .gt .gu .gw .gy H .hk .hm .hn .hr .ht .hu I .id .ie .il .im .in .io .iq .ir .is .it J .je .jm .jo .jp K .ke .kg .kh .ki .km .kn .kp .kr .kw .ky .kz L .la .lb .lc .li .lk .lr .ls .lt .lu .lv .ly M .ma .mc .md .me .mg .mh .mk .ml .mm .mn .mo .mp .mq .mr .ms .mt .mu .mv .mw .mx .my .mz N .na .nc .ne .nf .ng .ni .nl .no .np .nr .nu .nz O .om P .pa .pe .pf .pg .ph .pk .pl .pm .pn .pr .ps .pt .pw .py Q .qa R .re .ro .rs .ru .rw S .sa .sb .sc .sd .se .sg .sh .si .sk .sl .sm .sn .so .sr .ss .st .su .sv .sx .sy .sz T .tc .td .tf .tg .th .tj .tk .tl .tm .tn .to .tr .tt .tv .tw .tz U .ua .ug .uk .us .uy .uz V .va .vc .ve .vg .vi .vn .vu W .wf .ws Y .ye .yt Z .za .zm .zw
.gf,(https://tr.wikipedia.org/wiki/.gf),1,DNS#176: A .ac .ad .ae .af .ag .ai .al .am .ao .aq .ar .as .at .au .aw .ax .az B .ba .bb .bd .be .bf .bg .bh .bi .bj .bm .bn .bo .br .bs .bt .bw .by .bz C .ca .cc .cd .cf .cg .ch .ci .ck .cl .cm .cn .co .cr .cu .cv .cw .cx .cy .cz D .de .dj .dk .dm .do .dz E .ec .ee .eg .er .es .et .eu F .fi .fj .fk .fm .fo .fr G .ga .gd .ge .gf .gg .gh .gi .gl .gm .gn .gp .gq .gr .gs .gt .gu .gw .gy H .hk .hm .hn .hr .ht .hu I .id .ie .il .im .in .io .iq .ir .is .it J .je .jm .jo .jp K .ke .kg .kh .ki .km .kn .kp .kr .kw .ky .kz L .la .lb .lc .li .lk .lr .ls .lt .lu .lv .ly M .ma .mc .md .me .mg .mh .mk .ml .mm .mn .mo .mp .mq .mr .ms .mt .mu .mv .mw .mx .my .mz N .na .nc .ne .nf .ng .ni .nl .no .np .nr .nu .nz O .om P .pa .pe .pf .pg .ph .pk .pl .pm .pn .pr .ps .pt .pw .py Q .qa R .re .ro .rs .ru .rw S .sa .sb .sc .sd .se .sg .sh .si .sk .sl .sm .sn .so .sr .ss .st .su .sv .sx .sy .sz T .tc .td .tf .tg .th .tj .tk .tl .tm .tn .to .tr .tt .tv .tw .tz U .ua .ug .uk .us .uy .uz V .va .vc .ve .vg .vi .vn .vu W .wf .ws Y .ye .yt Z .za .zm .zw
.gg,(https://tr.wikipedia.org/wiki/.gg),1,DNS#176: A .ac .ad .ae .af .ag .ai .al .am .ao .aq .ar .as .at .au .aw .ax .az B .ba .bb .bd .be .bf .bg .bh .bi .bj .bm .bn .bo .br .bs .bt .bw .by .bz C .ca .cc .cd .cf .cg .ch .ci .ck .cl .cm .cn .co .cr .cu .cv .cw .cx .cy .cz D .de .dj .dk .dm .do .dz E .ec .ee .eg .er .es .et .eu F .fi .fj .fk .fm .fo .fr G .ga .gd .ge .gf .gg .gh .gi .gl .gm .gn .gp .gq .gr .gs .gt .gu .gw .gy H .hk .hm .hn .hr .ht .hu I .id .ie .il .im .in .io .iq .ir .is .it J .je .jm .jo .jp K .ke .kg .kh .ki .km .kn .kp .kr .kw .ky .kz L .la .lb .lc .li .lk .lr .ls .lt .lu .lv .ly M .ma .mc .md .me .mg .mh .mk .ml .mm .mn .mo .mp .mq .mr .ms .mt .mu .mv .mw .mx .my .mz N .na .nc .ne .nf .ng .ni .nl .no .np .nr .nu .nz O .om P .pa .pe .pf .pg .ph .pk .pl .pm .pn .pr .ps .pt .pw .py Q .qa R .re .ro .rs .ru .rw S .sa .sb .sc .sd .se .sg .sh .si .sk .sl .sm .sn .so .sr .ss .st .su .sv .sx .sy .sz T .tc .td .tf .tg .th .tj .tk .tl .tm .tn .to .tr .tt .tv .tw .tz U .ua .ug .uk .us .uy .uz V .va .vc .ve .vg .vi .vn .vu W .wf .ws Y .ye .yt Z .za .zm .zw
.gh,(https://tr.wikipedia.org/wiki/.gh),1,DNS#176: A .ac .ad .ae .af .ag .ai .al .am .ao .aq .ar .as .at .au .aw .ax .az B .ba .bb .bd .be .bf .bg .bh .bi .bj .bm .bn .bo .br .bs .bt .bw .by .bz C .ca .cc .cd .cf .cg .ch .ci .ck .cl .cm .cn .co .cr .cu .cv .cw .cx .cy .cz D .de .dj .dk .dm .do .dz E .ec .ee .eg .er .es .et .eu F .fi .fj .fk .fm .fo .fr G .ga .gd .ge .gf .gg .gh .gi .gl .gm .gn .gp .gq .gr .gs .gt .gu .gw .gy H .hk .hm .hn .hr .ht .hu I .id .ie .il .im .in .io .iq .ir .is .it J .je .jm .jo .jp K .ke .kg .kh .ki .km .kn .kp .kr .kw .ky .kz L .la .lb .lc .li .lk .lr .ls .lt .lu .lv .ly M .ma .mc .md .me .mg .mh .mk .ml .mm .mn .mo .mp .mq .mr .ms .mt .mu .mv .mw .mx .my .mz N .na .nc .ne .nf .ng .ni .nl .no .np .nr .nu .nz O .om P .pa .pe .pf .pg .ph .pk .pl .pm .pn .pr .ps .pt .pw .py Q .qa R .re .ro .rs .ru .rw S .sa .sb .sc .sd .se .sg .sh .si .sk .sl .sm .sn .so .sr .ss .st .su .sv .sx .sy .sz T .tc .td .tf .tg .th .tj .tk .tl .tm .tn .to .tr .tt .tv .tw .tz U .ua .ug .uk .us .uy .uz V .va .vc .ve .vg .vi .vn .vu W .wf .ws Y .ye .yt Z .za .zm .zw
.gi,(https://tr.wikipedia.org/wiki/.gi),1,DNS#176: A .ac .ad .ae .af .ag .ai .al .am .ao .aq .ar .as .at .au .aw .ax .az B .ba .bb .bd .be .bf .bg .bh .bi .bj .bm .bn .bo .br .bs .bt .bw .by .bz C .ca .cc .cd .cf .cg .ch .ci .ck .cl .cm .cn .co .cr .cu .cv .cw .cx .cy .cz D .de .dj .dk .dm .do .dz E .ec .ee .eg .er .es .et .eu F .fi .fj .fk .fm .fo .fr G .ga .gd .ge .gf .gg .gh .gi .gl .gm .gn .gp .gq .gr .gs .gt .gu .gw .gy H .hk .hm .hn .hr .ht .hu I .id .ie .il .im .in .io .iq .ir .is .it J .je .jm .jo .jp K .ke .kg .kh .ki .km .kn .kp .kr .kw .ky .kz L .la .lb .lc .li .lk .lr .ls .lt .lu .lv .ly M .ma .mc .md .me .mg .mh .mk .ml .mm .mn .mo .mp .mq .mr .ms .mt .mu .mv .mw .mx .my .mz N .na .nc .ne .nf .ng .ni .nl .no .np .nr .nu .nz O .om P .pa .pe .pf .pg .ph .pk .pl .pm .pn .pr .ps .pt .pw .py Q .qa R .re .ro .rs .ru .rw S .sa .sb .sc .sd .se .sg .sh .si .sk .sl .sm .sn .so .sr .ss .st .su .sv .sx .sy .sz T .tc .td .tf .tg .th .tj .tk .tl .tm .tn .to .tr .tt .tv .tw .tz U .ua .ug .uk .us .uy .uz V .va .vc .ve .vg .vi .vn .vu W .wf .ws Y .ye .yt Z .za .zm .zw
.gl,(https://tr.wikipedia.org/wiki/.gl),1,DNS#176: A .ac .ad .ae .af .ag .ai .al .am .ao .aq .ar .as .at .au .aw .ax .az B .ba .bb .bd .be .bf .bg .bh .bi .bj .bm .bn .bo .br .bs .bt .bw .by .bz C .ca .cc .cd .cf .cg .ch .ci .ck .cl .cm .cn .co .cr .cu .cv .cw .cx .cy .cz D .de .dj .dk .dm .do .dz E .ec .ee .eg .er .es .et .eu F .fi .fj .fk .fm .fo .fr G .ga .gd .ge .gf .gg .gh .gi .gl .gm .gn .gp .gq .gr .gs .gt .gu .gw .gy H .hk .hm .hn .hr .ht .hu I .id .ie .il .im .in .io .iq .ir .is .it J .je .jm .jo .jp K .ke .kg .kh .ki .km .kn .kp .kr .kw .ky .kz L .la .lb .lc .li .lk .lr .ls .lt .lu .lv .ly M .ma .mc .md .me .mg .mh .mk .ml .mm .mn .mo .mp .mq .mr .ms .mt .mu .mv .mw .mx .my .mz N .na .nc .ne .nf .ng .ni .nl .no .np .nr .nu .nz O .om P .pa .pe .pf .pg .ph .pk .pl .pm .pn .pr .ps .pt .pw .py Q .qa R .re .ro .rs .ru .rw S .sa .sb .sc .sd .se .sg .sh .si .sk .sl .sm .sn .so .sr .ss .st .su .sv .sx .sy .sz T .tc .td .tf .tg .th .tj .tk .tl .tm .tn .to .tr .tt .tv .tw .tz U .ua .ug .uk .us .uy .uz V .va .vc .ve .vg .vi .vn .vu W .wf .ws Y .ye .yt Z .za .zm .zw
.gm,(https://tr.wikipedia.org/wiki/.gm),1,DNS#176: A .ac .ad .ae .af .ag .ai .al .am .ao .aq .ar .as .at .au .aw .ax .az B .ba .bb .bd .be .bf .bg .bh .bi .bj .bm .bn .bo .br .bs .bt .bw .by .bz C .ca .cc .cd .cf .cg .ch .ci .ck .cl .cm .cn .co .cr .cu .cv .cw .cx .cy .cz D .de .dj .dk .dm .do .dz E .ec .ee .eg .er .es .et .eu F .fi .fj .fk .fm .fo .fr G .ga .gd .ge .gf .gg .gh .gi .gl .gm .gn .gp .gq .gr .gs .gt .gu .gw .gy H .hk .hm .hn .hr .ht .hu I .id .ie .il .im .in .io .iq .ir .is .it J .je .jm .jo .jp K .ke .kg .kh .ki .km .kn .kp .kr .kw .ky .kz L .la .lb .lc .li .lk .lr .ls .lt .lu .lv .ly M .ma .mc .md .me .mg .mh .mk .ml .mm .mn .mo .mp .mq .mr .ms .mt .mu .mv .mw .mx .my .mz N .na .nc .ne .nf .ng .ni .nl .no .np .nr .nu .nz O .om P .pa .pe .pf .pg .ph .pk .pl .pm .pn .pr .ps .pt .pw .py Q .qa R .re .ro .rs .ru .rw S .sa .sb .sc .sd .se .sg .sh .si .sk .sl .sm .sn .so .sr .ss .st .su .sv .sx .sy .sz T .tc .td .tf .tg .th .tj .tk .tl .tm .tn .to .tr .tt .tv .tw .tz U .ua .ug .uk .us .uy .uz V .va .vc .ve .vg .vi .vn .vu W .wf .ws Y .ye .yt Z .za .zm .zw
.gn,(https://tr.wikipedia.org/wiki/.gn),1,DNS#176: A .ac .ad .ae .af .ag .ai .al .am .ao .aq .ar .as .at .au .aw .ax .az B .ba .bb .bd .be .bf .bg .bh .bi .bj .bm .bn .bo .br .bs .bt .bw .by .bz C .ca .cc .cd .cf .cg .ch .ci .ck .cl .cm .cn .co .cr .cu .cv .cw .cx .cy .cz D .de .dj .dk .dm .do .dz E .ec .ee .eg .er .es .et .eu F .fi .fj .fk .fm .fo .fr G .ga .gd .ge .gf .gg .gh .gi .gl .gm .gn .gp .gq .gr .gs .gt .gu .gw .gy H .hk .hm .hn .hr .ht .hu I .id .ie .il .im .in .io .iq .ir .is .it J .je .jm .jo .jp K .ke .kg .kh .ki .km .kn .kp .kr .kw .ky .kz L .la .lb .lc .li .lk .lr .ls .lt .lu .lv .ly M .ma .mc .md .me .mg .mh .mk .ml .mm .mn .mo .mp .mq .mr .ms .mt .mu .mv .mw .mx .my .mz N .na .nc .ne .nf .ng .ni .nl .no .np .nr .nu .nz O .om P .pa .pe .pf .pg .ph .pk .pl .pm .pn .pr .ps .pt .pw .py Q .qa R .re .ro .rs .ru .rw S .sa .sb .sc .sd .se .sg .sh .si .sk .sl .sm .sn .so .sr .ss .st .su .sv .sx .sy .sz T .tc .td .tf .tg .th .tj .tk .tl .tm .tn .to .tr .tt .tv .tw .tz U .ua .ug .uk .us .uy .uz V .va .vc .ve .vg .vi .vn .vu W .wf .ws Y .ye .yt Z .za .zm .zw
.gp,(https://tr.wikipedia.org/wiki/.gp),1,DNS#176: A .ac .ad .ae .af .ag .ai .al .am .ao .aq .ar .as .at .au .aw .ax .az B .ba .bb .bd .be .bf .bg .bh .bi .bj .bm .bn .bo .br .bs .bt .bw .by .bz C .ca .cc .cd .cf .cg .ch .ci .ck .cl .cm .cn .co .cr .cu .cv .cw .cx .cy .cz D .de .dj .dk .dm .do .dz E .ec .ee .eg .er .es .et .eu F .fi .fj .fk .fm .fo .fr G .ga .gd .ge .gf .gg .gh .gi .gl .gm .gn .gp .gq .gr .gs .gt .gu .gw .gy H .hk .hm .hn .hr .ht .hu I .id .ie .il .im .in .io .iq .ir .is .it J .je .jm .jo .jp K .ke .kg .kh .ki .km .kn .kp .kr .kw .ky .kz L .la .lb .lc .li .lk .lr .ls .lt .lu .lv .ly M .ma .mc .md .me .mg .mh .mk .ml .mm .mn .mo .mp .mq .mr .ms .mt .mu .mv .mw .mx .my .mz N .na .nc .ne .nf .ng .ni .nl .no .np .nr .nu .nz O .om P .pa .pe .pf .pg .ph .pk .pl .pm .pn .pr .ps .pt .pw .py Q .qa R .re .ro .rs .ru .rw S .sa .sb .sc .sd .se .sg .sh .si .sk .sl .sm .sn .so .sr .ss .st .su .sv .sx .sy .sz T .tc .td .tf .tg .th .tj .tk .tl .tm .tn .to .tr .tt .tv .tw .tz U .ua .ug .uk .us .uy .uz V .va .vc .ve .vg .vi .vn .vu W .wf .ws Y .ye .yt Z .za .zm .zw
.gq,(https://tr.wikipedia.org/wiki/.gq),1,DNS#176: A .ac .ad .ae .af .ag .ai .al .am .ao .aq .ar .as .at .au .aw .ax .az B .ba .bb .bd .be .bf .bg .bh .bi .bj .bm .bn .bo .br .bs .bt .bw .by .bz C .ca .cc .cd .cf .cg .ch .ci .ck .cl .cm .cn .co .cr .cu .cv .cw .cx .cy .cz D .de .dj .dk .dm .do .dz E .ec .ee .eg .er .es .et .eu F .fi .fj .fk .fm .fo .fr G .ga .gd .ge .gf .gg .gh .gi .gl .gm .gn .gp .gq .gr .gs .gt .gu .gw .gy H .hk .hm .hn .hr .ht .hu I .id .ie .il .im .in .io .iq .ir .is .it J .je .jm .jo .jp K .ke .kg .kh .ki .km .kn .kp .kr .kw .ky .kz L .la .lb .lc .li .lk .lr .ls .lt .lu .lv .ly M .ma .mc .md .me .mg .mh .mk .ml .mm .mn .mo .mp .mq .mr .ms .mt .mu .mv .mw .mx .my .mz N .na .nc .ne .nf .ng .ni .nl .no .np .nr .nu .nz O .om P .pa .pe .pf .pg .ph .pk .pl .pm .pn .pr .ps .pt .pw .py Q .qa R .re .ro .rs .ru .rw S .sa .sb .sc .sd .se .sg .sh .si .sk .sl .sm .sn .so .sr .ss .st .su .sv .sx .sy .sz T .tc .td .tf .tg .th .tj .tk .tl .tm .tn .to .tr .tt .tv .tw .tz U .ua .ug .uk .us .uy .uz V .va .vc .ve .vg .vi .vn .vu W .wf .ws Y .ye .yt Z .za .zm .zw
.gr,(https://tr.wikipedia.org/wiki/.gr),1,DNS#176: A .ac .ad .ae .af .ag .ai .al .am .ao .aq .ar .as .at .au .aw .ax .az B .ba .bb .bd .be .bf .bg .bh .bi .bj .bm .bn .bo .br .bs .bt .bw .by .bz C .ca .cc .cd .cf .cg .ch .ci .ck .cl .cm .cn .co .cr .cu .cv .cw .cx .cy .cz D .de .dj .dk .dm .do .dz E .ec .ee .eg .er .es .et .eu F .fi .fj .fk .fm .fo .fr G .ga .gd .ge .gf .gg .gh .gi .gl .gm .gn .gp .gq .gr .gs .gt .gu .gw .gy H .hk .hm .hn .hr .ht .hu I .id .ie .il .im .in .io .iq .ir .is .it J .je .jm .jo .jp K .ke .kg .kh .ki .km .kn .kp .kr .kw .ky .kz L .la .lb .lc .li .lk .lr .ls .lt .lu .lv .ly M .ma .mc .md .me .mg .mh .mk .ml .mm .mn .mo .mp .mq .mr .ms .mt .mu .mv .mw .mx .my .mz N .na .nc .ne .nf .ng .ni .nl .no .np .nr .nu .nz O .om P .pa .pe .pf .pg .ph .pk .pl .pm .pn .pr .ps .pt .pw .py Q .qa R .re .ro .rs .ru .rw S .sa .sb .sc .sd .se .sg .sh .si .sk .sl .sm .sn .so .sr .ss .st .su .sv .sx .sy .sz T .tc .td .tf .tg .th .tj .tk .tl .tm .tn .to .tr .tt .tv .tw .tz U .ua .ug .uk .us .uy .uz V .va .vc .ve .vg .vi .vn .vu W .wf .ws Y .ye .yt Z .za .zm .zw
.gs,(https://tr.wikipedia.org/wiki/.gs),1,DNS#176: A .ac .ad .ae .af .ag .ai .al .am .ao .aq .ar .as .at .au .aw .ax .az B .ba .bb .bd .be .bf .bg .bh .bi .bj .bm .bn .bo .br .bs .bt .bw .by .bz C .ca .cc .cd .cf .cg .ch .ci .ck .cl .cm .cn .co .cr .cu .cv .cw .cx .cy .cz D .de .dj .dk .dm .do .dz E .ec .ee .eg .er .es .et .eu F .fi .fj .fk .fm .fo .fr G .ga .gd .ge .gf .gg .gh .gi .gl .gm .gn .gp .gq .gr .gs .gt .gu .gw .gy H .hk .hm .hn .hr .ht .hu I .id .ie .il .im .in .io .iq .ir .is .it J .je .jm .jo .jp K .ke .kg .kh .ki .km .kn .kp .kr .kw .ky .kz L .la .lb .lc .li .lk .lr .ls .lt .lu .lv .ly M .ma .mc .md .me .mg .mh .mk .ml .mm .mn .mo .mp .mq .mr .ms .mt .mu .mv .mw .mx .my .mz N .na .nc .ne .nf .ng .ni .nl .no .np .nr .nu .nz O .om P .pa .pe .pf .pg .ph .pk .pl .pm .pn .pr .ps .pt .pw .py Q .qa R .re .ro .rs .ru .rw S .sa .sb .sc .sd .se .sg .sh .si .sk .sl .sm .sn .so .sr .ss .st .su .sv .sx .sy .sz T .tc .td .tf .tg .th .tj .tk .tl .tm .tn .to .tr .tt .tv .tw .tz U .ua .ug .uk .us .uy .uz V .va .vc .ve .vg .vi .vn .vu W .wf .ws Y .ye .yt Z .za .zm .zw
.gt,(https://tr.wikipedia.org/wiki/.gt),1,DNS#176: A .ac .ad .ae .af .ag .ai .al .am .ao .aq .ar .as .at .au .aw .ax .az B .ba .bb .bd .be .bf .bg .bh .bi .bj .bm .bn .bo .br .bs .bt .bw .by .bz C .ca .cc .cd .cf .cg .ch .ci .ck .cl .cm .cn .co .cr .cu .cv .cw .cx .cy .cz D .de .dj .dk .dm .do .dz E .ec .ee .eg .er .es .et .eu F .fi .fj .fk .fm .fo .fr G .ga .gd .ge .gf .gg .gh .gi .gl .gm .gn .gp .gq .gr .gs .gt .gu .gw .gy H .hk .hm .hn .hr .ht .hu I .id .ie .il .im .in .io .iq .ir .is .it J .je .jm .jo .jp K .ke .kg .kh .ki .km .kn .kp .kr .kw .ky .kz L .la .lb .lc .li .lk .lr .ls .lt .lu .lv .ly M .ma .mc .md .me .mg .mh .mk .ml .mm .mn .mo .mp .mq .mr .ms .mt .mu .mv .mw .mx .my .mz N .na .nc .ne .nf .ng .ni .nl .no .np .nr .nu .nz O .om P .pa .pe .pf .pg .ph .pk .pl .pm .pn .pr .ps .pt .pw .py Q .qa R .re .ro .rs .ru .rw S .sa .sb .sc .sd .se .sg .sh .si .sk .sl .sm .sn .so .sr .ss .st .su .sv .sx .sy .sz T .tc .td .tf .tg .th .tj .tk .tl .tm .tn .to .tr .tt .tv .tw .tz U .ua .ug .uk .us .uy .uz V .va .vc .ve .vg .vi .vn .vu W .wf .ws Y .ye .yt Z .za .zm .zw
.gu,(https://tr.wikipedia.org/wiki/.gu),1,DNS#176: A .ac .ad .ae .af .ag .ai .al .am .ao .aq .ar .as .at .au .aw .ax .az B .ba .bb .bd .be .bf .bg .bh .bi .bj .bm .bn .bo .br .bs .bt .bw .by .bz C .ca .cc .cd .cf .cg .ch .ci .ck .cl .cm .cn .co .cr .cu .cv .cw .cx .cy .cz D .de .dj .dk .dm .do .dz E .ec .ee .eg .er .es .et .eu F .fi .fj .fk .fm .fo .fr G .ga .gd .ge .gf .gg .gh .gi .gl .gm .gn .gp .gq .gr .gs .gt .gu .gw .gy H .hk .hm .hn .hr .ht .hu I .id .ie .il .im .in .io .iq .ir .is .it J .je .jm .jo .jp K .ke .kg .kh .ki .km .kn .kp .kr .kw .ky .kz L .la .lb .lc .li .lk .lr .ls .lt .lu .lv .ly M .ma .mc .md .me .mg .mh .mk .ml .mm .mn .mo .mp .mq .mr .ms .mt .mu .mv .mw .mx .my .mz N .na .nc .ne .nf .ng .ni .nl .no .np .nr .nu .nz O .om P .pa .pe .pf .pg .ph .pk .pl .pm .pn .pr .ps .pt .pw .py Q .qa R .re .ro .rs .ru .rw S .sa .sb .sc .sd .se .sg .sh .si .sk .sl .sm .sn .so .sr .ss .st .su .sv .sx .sy .sz T .tc .td .tf .tg .th .tj .tk .tl .tm .tn .to .tr .tt .tv .tw .tz U .ua .ug .uk .us .uy .uz V .va .vc .ve .vg .vi .vn .vu W .wf .ws Y .ye .yt Z .za .zm .zw
.gw,(https://tr.wikipedia.org/wiki/.gw),1,DNS#176: A .ac .ad .ae .af .ag .ai .al .am .ao .aq .ar .as .at .au .aw .ax .az B .ba .bb .bd .be .bf .bg .bh .bi .bj .bm .bn .bo .br .bs .bt .bw .by .bz C .ca .cc .cd .cf .cg .ch .ci .ck .cl .cm .cn .co .cr .cu .cv .cw .cx .cy .cz D .de .dj .dk .dm .do .dz E .ec .ee .eg .er .es .et .eu F .fi .fj .fk .fm .fo .fr G .ga .gd .ge .gf .gg .gh .gi .gl .gm .gn .gp .gq .gr .gs .gt .gu .gw .gy H .hk .hm .hn .hr .ht .hu I .id .ie .il .im .in .io .iq .ir .is .it J .je .jm .jo .jp K .ke .kg .kh .ki .km .kn .kp .kr .kw .ky .kz L .la .lb .lc .li .lk .lr .ls .lt .lu .lv .ly M .ma .mc .md .me .mg .mh .mk .ml .mm .mn .mo .mp .mq .mr .ms .mt .mu .mv .mw .mx .my .mz N .na .nc .ne .nf .ng .ni .nl .no .np .nr .nu .nz O .om P .pa .pe .pf .pg .ph .pk .pl .pm .pn .pr .ps .pt .pw .py Q .qa R .re .ro .rs .ru .rw S .sa .sb .sc .sd .se .sg .sh .si .sk .sl .sm .sn .so .sr .ss .st .su .sv .sx .sy .sz T .tc .td .tf .tg .th .tj .tk .tl .tm .tn .to .tr .tt .tv .tw .tz U .ua .ug .uk .us .uy .uz V .va .vc .ve .vg .vi .vn .vu W .wf .ws Y .ye .yt Z .za .zm .zw
.gy,(https://tr.wikipedia.org/wiki/.gy),1,DNS#176: A .ac .ad .ae .af .ag .ai .al .am .ao .aq .ar .as .at .au .aw .ax .az B .ba .bb .bd .be .bf .bg .bh .bi .bj .bm .bn .bo .br .bs .bt .bw .by .bz C .ca .cc .cd .cf .cg .ch .ci .ck .cl .cm .cn .co .cr .cu .cv .cw .cx .cy .cz D .de .dj .dk .dm .do .dz E .ec .ee .eg .er .es .et .eu F .fi .fj .fk .fm .fo .fr G .ga .gd .ge .gf .gg .gh .gi .gl .gm .gn .gp .gq .gr .gs .gt .gu .gw .gy H .hk .hm .hn .hr .ht .hu I .id .ie .il .im .in .io .iq .ir .is .it J .je .jm .jo .jp K .ke .kg .kh .ki .km .kn .kp .kr .kw .ky .kz L .la .lb .lc .li .lk .lr .ls .lt .lu .lv .ly M .ma .mc .md .me .mg .mh .mk .ml .mm .mn .mo .mp .mq .mr .ms .mt .mu .mv .mw .mx .my .mz N .na .nc .ne .nf .ng .ni .nl .no .np .nr .nu .nz O .om P .pa .pe .pf .pg .ph .pk .pl .pm .pn .pr .ps .pt .pw .py Q .qa R .re .ro .rs .ru .rw S .sa .sb .sc .sd .se .sg .sh .si .sk .sl .sm .sn .so .sr .ss .st .su .sv .sx .sy .sz T .tc .td .tf .tg .th .tj .tk .tl .tm .tn .to .tr .tt .tv .tw .tz U .ua .ug .uk .us .uy .uz V .va .vc .ve .vg .vi .vn .vu W .wf .ws Y .ye .yt Z .za .zm .zw
.hk,(https://tr.wikipedia.org/wiki/.hk),1,DNS#176: A .ac .ad .ae .af .ag .ai .al .am .ao .aq .ar .as .at .au .aw .ax .az B .ba .bb .bd .be .bf .bg .bh .bi .bj .bm .bn .bo .br .bs .bt .bw .by .bz C .ca .cc .cd .cf .cg .ch .ci .ck .cl .cm .cn .co .cr .cu .cv .cw .cx .cy .cz D .de .dj .dk .dm .do .dz E .ec .ee .eg .er .es .et .eu F .fi .fj .fk .fm .fo .fr G .ga .gd .ge .gf .gg .gh .gi .gl .gm .gn .gp .gq .gr .gs .gt .gu .gw .gy H .hk .hm .hn .hr .ht .hu I .id .ie .il .im .in .io .iq .ir .is .it J .je .jm .jo .jp K .ke .kg .kh .ki .km .kn .kp .kr .kw .ky .kz L .la .lb .lc .li .lk .lr .ls .lt .lu .lv .ly M .ma .mc .md .me .mg .mh .mk .ml .mm .mn .mo .mp .mq .mr .ms .mt .mu .mv .mw .mx .my .mz N .na .nc .ne .nf .ng .ni .nl .no .np .nr .nu .nz O .om P .pa .pe .pf .pg .ph .pk .pl .pm .pn .pr .ps .pt .pw .py Q .qa R .re .ro .rs .ru .rw S .sa .sb .sc .sd .se .sg .sh .si .sk .sl .sm .sn .so .sr .ss .st .su .sv .sx .sy .sz T .tc .td .tf .tg .th .tj .tk .tl .tm .tn .to .tr .tt .tv .tw .tz U .ua .ug .uk .us .uy .uz V .va .vc .ve .vg .vi .vn .vu W .wf .ws Y .ye .yt Z .za .zm .zw
.hm,(https://tr.wikipedia.org/wiki/.hm),1,DNS#176: A .ac .ad .ae .af .ag .ai .al .am .ao .aq .ar .as .at .au .aw .ax .az B .ba .bb .bd .be .bf .bg .bh .bi .bj .bm .bn .bo .br .bs .bt .bw .by .bz C .ca .cc .cd .cf .cg .ch .ci .ck .cl .cm .cn .co .cr .cu .cv .cw .cx .cy .cz D .de .dj .dk .dm .do .dz E .ec .ee .eg .er .es .et .eu F .fi .fj .fk .fm .fo .fr G .ga .gd .ge .gf .gg .gh .gi .gl .gm .gn .gp .gq .gr .gs .gt .gu .gw .gy H .hk .hm .hn .hr .ht .hu I .id .ie .il .im .in .io .iq .ir .is .it J .je .jm .jo .jp K .ke .kg .kh .ki .km .kn .kp .kr .kw .ky .kz L .la .lb .lc .li .lk .lr .ls .lt .lu .lv .ly M .ma .mc .md .me .mg .mh .mk .ml .mm .mn .mo .mp .mq .mr .ms .mt .mu .mv .mw .mx .my .mz N .na .nc .ne .nf .ng .ni .nl .no .np .nr .nu .nz O .om P .pa .pe .pf .pg .ph .pk .pl .pm .pn .pr .ps .pt .pw .py Q .qa R .re .ro .rs .ru .rw S .sa .sb .sc .sd .se .sg .sh .si .sk .sl .sm .sn .so .sr .ss .st .su .sv .sx .sy .sz T .tc .td .tf .tg .th .tj .tk .tl .tm .tn .to .tr .tt .tv .tw .tz U .ua .ug .uk .us .uy .uz V .va .vc .ve .vg .vi .vn .vu W .wf .ws Y .ye .yt Z .za .zm .zw
.hn,(https://tr.wikipedia.org/wiki/.hn),1,DNS#176: A .ac .ad .ae .af .ag .ai .al .am .ao .aq .ar .as .at .au .aw .ax .az B .ba .bb .bd .be .bf .bg .bh .bi .bj .bm .bn .bo .br .bs .bt .bw .by .bz C .ca .cc .cd .cf .cg .ch .ci .ck .cl .cm .cn .co .cr .cu .cv .cw .cx .cy .cz D .de .dj .dk .dm .do .dz E .ec .ee .eg .er .es .et .eu F .fi .fj .fk .fm .fo .fr G .ga .gd .ge .gf .gg .gh .gi .gl .gm .gn .gp .gq .gr .gs .gt .gu .gw .gy H .hk .hm .hn .hr .ht .hu I .id .ie .il .im .in .io .iq .ir .is .it J .je .jm .jo .jp K .ke .kg .kh .ki .km .kn .kp .kr .kw .ky .kz L .la .lb .lc .li .lk .lr .ls .lt .lu .lv .ly M .ma .mc .md .me .mg .mh .mk .ml .mm .mn .mo .mp .mq .mr .ms .mt .mu .mv .mw .mx .my .mz N .na .nc .ne .nf .ng .ni .nl .no .np .nr .nu .nz O .om P .pa .pe .pf .pg .ph .pk .pl .pm .pn .pr .ps .pt .pw .py Q .qa R .re .ro .rs .ru .rw S .sa .sb .sc .sd .se .sg .sh .si .sk .sl .sm .sn .so .sr .ss .st .su .sv .sx .sy .sz T .tc .td .tf .tg .th .tj .tk .tl .tm .tn .to .tr .tt .tv .tw .tz U .ua .ug .uk .us .uy .uz V .va .vc .ve .vg .vi .vn .vu W .wf .ws Y .ye .yt Z .za .zm .zw
.hr,(https://tr.wikipedia.org/wiki/.hr),1,DNS#176: A .ac .ad .ae .af .ag .ai .al .am .ao .aq .ar .as .at .au .aw .ax .az B .ba .bb .bd .be .bf .bg .bh .bi .bj .bm .bn .bo .br .bs .bt .bw .by .bz C .ca .cc .cd .cf .cg .ch .ci .ck .cl .cm .cn .co .cr .cu .cv .cw .cx .cy .cz D .de .dj .dk .dm .do .dz E .ec .ee .eg .er .es .et .eu F .fi .fj .fk .fm .fo .fr G .ga .gd .ge .gf .gg .gh .gi .gl .gm .gn .gp .gq .gr .gs .gt .gu .gw .gy H .hk .hm .hn .hr .ht .hu I .id .ie .il .im .in .io .iq .ir .is .it J .je .jm .jo .jp K .ke .kg .kh .ki .km .kn .kp .kr .kw .ky .kz L .la .lb .lc .li .lk .lr .ls .lt .lu .lv .ly M .ma .mc .md .me .mg .mh .mk .ml .mm .mn .mo .mp .mq .mr .ms .mt .mu .mv .mw .mx .my .mz N .na .nc .ne .nf .ng .ni .nl .no .np .nr .nu .nz O .om P .pa .pe .pf .pg .ph .pk .pl .pm .pn .pr .ps .pt .pw .py Q .qa R .re .ro .rs .ru .rw S .sa .sb .sc .sd .se .sg .sh .si .sk .sl .sm .sn .so .sr .ss .st .su .sv .sx .sy .sz T .tc .td .tf .tg .th .tj .tk .tl .tm .tn .to .tr .tt .tv .tw .tz U .ua .ug .uk .us .uy .uz V .va .vc .ve .vg .vi .vn .vu W .wf .ws Y .ye .yt Z .za .zm .zw
.ht,(https://tr.wikipedia.org/wiki/.ht),1,DNS#176: A .ac .ad .ae .af .ag .ai .al .am .ao .aq .ar .as .at .au .aw .ax .az B .ba .bb .bd .be .bf .bg .bh .bi .bj .bm .bn .bo .br .bs .bt .bw .by .bz C .ca .cc .cd .cf .cg .ch .ci .ck .cl .cm .cn .co .cr .cu .cv .cw .cx .cy .cz D .de .dj .dk .dm .do .dz E .ec .ee .eg .er .es .et .eu F .fi .fj .fk .fm .fo .fr G .ga .gd .ge .gf .gg .gh .gi .gl .gm .gn .gp .gq .gr .gs .gt .gu .gw .gy H .hk .hm .hn .hr .ht .hu I .id .ie .il .im .in .io .iq .ir .is .it J .je .jm .jo .jp K .ke .kg .kh .ki .km .kn .kp .kr .kw .ky .kz L .la .lb .lc .li .lk .lr .ls .lt .lu .lv .ly M .ma .mc .md .me .mg .mh .mk .ml .mm .mn .mo .mp .mq .mr .ms .mt .mu .mv .mw .mx .my .mz N .na .nc .ne .nf .ng .ni .nl .no .np .nr .nu .nz O .om P .pa .pe .pf .pg .ph .pk .pl .pm .pn .pr .ps .pt .pw .py Q .qa R .re .ro .rs .ru .rw S .sa .sb .sc .sd .se .sg .sh .si .sk .sl .sm .sn .so .sr .ss .st .su .sv .sx .sy .sz T .tc .td .tf .tg .th .tj .tk .tl .tm .tn .to .tr .tt .tv .tw .tz U .ua .ug .uk .us .uy .uz V .va .vc .ve .vg .vi .vn .vu W .wf .ws Y .ye .yt Z .za .zm .zw
.hu,(https://tr.wikipedia.org/wiki/.hu),1,DNS#176: A .ac .ad .ae .af .ag .ai .al .am .ao .aq .ar .as .at .au .aw .ax .az B .ba .bb .bd .be .bf .bg .bh .bi .bj .bm .bn .bo .br .bs .bt .bw .by .bz C .ca .cc .cd .cf .cg .ch .ci .ck .cl .cm .cn .co .cr .cu .cv .cw .cx .cy .cz D .de .dj .dk .dm .do .dz E .ec .ee .eg .er .es .et .eu F .fi .fj .fk .fm .fo .fr G .ga .gd .ge .gf .gg .gh .gi .gl .gm .gn .gp .gq .gr .gs .gt .gu .gw .gy H .hk .hm .hn .hr .ht .hu I .id .ie .il .im .in .io .iq .ir .is .it J .je .jm .jo .jp K .ke .kg .kh .ki .km .kn .kp .kr .kw .ky .kz L .la .lb .lc .li .lk .lr .ls .lt .lu .lv .ly M .ma .mc .md .me .mg .mh .mk .ml .mm .mn .mo .mp .mq .mr .ms .mt .mu .mv .mw .mx .my .mz N .na .nc .ne .nf .ng .ni .nl .no .np .nr .nu .nz O .om P .pa .pe .pf .pg .ph .pk .pl .pm .pn .pr .ps .pt .pw .py Q .qa R .re .ro .rs .ru .rw S .sa .sb .sc .sd .se .sg .sh .si .sk .sl .sm .sn .so .sr .ss .st .su .sv .sx .sy .sz T .tc .td .tf .tg .th .tj .tk .tl .tm .tn .to .tr .tt .tv .tw .tz U .ua .ug .uk .us .uy .uz V .va .vc .ve .vg .vi .vn .vu W .wf .ws Y .ye .yt Z .za .zm .zw
.id,(https://tr.wikipedia.org/wiki/.id),1,DNS#176: A .ac .ad .ae .af .ag .ai .al .am .ao .aq .ar .as .at .au .aw .ax .az B .ba .bb .bd .be .bf .bg .bh .bi .bj .bm .bn .bo .br .bs .bt .bw .by .bz C .ca .cc .cd .cf .cg .ch .ci .ck .cl .cm .cn .co .cr .cu .cv .cw .cx .cy .cz D .de .dj .dk .dm .do .dz E .ec .ee .eg .er .es .et .eu F .fi .fj .fk .fm .fo .fr G .ga .gd .ge .gf .gg .gh .gi .gl .gm .gn .gp .gq .gr .gs .gt .gu .gw .gy H .hk .hm .hn .hr .ht .hu I .id .ie .il .im .in .io .iq .ir .is .it J .je .jm .jo .jp K .ke .kg .kh .ki .km .kn .kp .kr .kw .ky .kz L .la .lb .lc .li .lk .lr .ls .lt .lu .lv .ly M .ma .mc .md .me .mg .mh .mk .ml .mm .mn .mo .mp .mq .mr .ms .mt .mu .mv .mw .mx .my .mz N .na .nc .ne .nf .ng .ni .nl .no .np .nr .nu .nz O .om P .pa .pe .pf .pg .ph .pk .pl .pm .pn .pr .ps .pt .pw .py Q .qa R .re .ro .rs .ru .rw S .sa .sb .sc .sd .se .sg .sh .si .sk .sl .sm .sn .so .sr .ss .st .su .sv .sx .sy .sz T .tc .td .tf .tg .th .tj .tk .tl .tm .tn .to .tr .tt .tv .tw .tz U .ua .ug .uk .us .uy .uz V .va .vc .ve .vg .vi .vn .vu W .wf .ws Y .ye .yt Z .za .zm .zw
.ie,(https://tr.wikipedia.org/wiki/.ie),1,DNS#176: A .ac .ad .ae .af .ag .ai .al .am .ao .aq .ar .as .at .au .aw .ax .az B .ba .bb .bd .be .bf .bg .bh .bi .bj .bm .bn .bo .br .bs .bt .bw .by .bz C .ca .cc .cd .cf .cg .ch .ci .ck .cl .cm .cn .co .cr .cu .cv .cw .cx .cy .cz D .de .dj .dk .dm .do .dz E .ec .ee .eg .er .es .et .eu F .fi .fj .fk .fm .fo .fr G .ga .gd .ge .gf .gg .gh .gi .gl .gm .gn .gp .gq .gr .gs .gt .gu .gw .gy H .hk .hm .hn .hr .ht .hu I .id .ie .il .im .in .io .iq .ir .is .it J .je .jm .jo .jp K .ke .kg .kh .ki .km .kn .kp .kr .kw .ky .kz L .la .lb .lc .li .lk .lr .ls .lt .lu .lv .ly M .ma .mc .md .me .mg .mh .mk .ml .mm .mn .mo .mp .mq .mr .ms .mt .mu .mv .mw .mx .my .mz N .na .nc .ne .nf .ng .ni .nl .no .np .nr .nu .nz O .om P .pa .pe .pf .pg .ph .pk .pl .pm .pn .pr .ps .pt .pw .py Q .qa R .re .ro .rs .ru .rw S .sa .sb .sc .sd .se .sg .sh .si .sk .sl .sm .sn .so .sr .ss .st .su .sv .sx .sy .sz T .tc .td .tf .tg .th .tj .tk .tl .tm .tn .to .tr .tt .tv .tw .tz U .ua .ug .uk .us .uy .uz V .va .vc .ve .vg .vi .vn .vu W .wf .ws Y .ye .yt Z .za .zm .zw
.il,(https://tr.wikipedia.org/wiki/.il),1,DNS#176: A .ac .ad .ae .af .ag .ai .al .am .ao .aq .ar .as .at .au .aw .ax .az B .ba .bb .bd .be .bf .bg .bh .bi .bj .bm .bn .bo .br .bs .bt .bw .by .bz C .ca .cc .cd .cf .cg .ch .ci .ck .cl .cm .cn .co .cr .cu .cv .cw .cx .cy .cz D .de .dj .dk .dm .do .dz E .ec .ee .eg .er .es .et .eu F .fi .fj .fk .fm .fo .fr G .ga .gd .ge .gf .gg .gh .gi .gl .gm .gn .gp .gq .gr .gs .gt .gu .gw .gy H .hk .hm .hn .hr .ht .hu I .id .ie .il .im .in .io .iq .ir .is .it J .je .jm .jo .jp K .ke .kg .kh .ki .km .kn .kp .kr .kw .ky .kz L .la .lb .lc .li .lk .lr .ls .lt .lu .lv .ly M .ma .mc .md .me .mg .mh .mk .ml .mm .mn .mo .mp .mq .mr .ms .mt .mu .mv .mw .mx .my .mz N .na .nc .ne .nf .ng .ni .nl .no .np .nr .nu .nz O .om P .pa .pe .pf .pg .ph .pk .pl .pm .pn .pr .ps .pt .pw .py Q .qa R .re .ro .rs .ru .rw S .sa .sb .sc .sd .se .sg .sh .si .sk .sl .sm .sn .so .sr .ss .st .su .sv .sx .sy .sz T .tc .td .tf .tg .th .tj .tk .tl .tm .tn .to .tr .tt .tv .tw .tz U .ua .ug .uk .us .uy .uz V .va .vc .ve .vg .vi .vn .vu W .wf .ws Y .ye .yt Z .za .zm .zw
.im,(https://tr.wikipedia.org/wiki/.im),1,DNS#176: A .ac .ad .ae .af .ag .ai .al .am .ao .aq .ar .as .at .au .aw .ax .az B .ba .bb .bd .be .bf .bg .bh .bi .bj .bm .bn .bo .br .bs .bt .bw .by .bz C .ca .cc .cd .cf .cg .ch .ci .ck .cl .cm .cn .co .cr .cu .cv .cw .cx .cy .cz D .de .dj .dk .dm .do .dz E .ec .ee .eg .er .es .et .eu F .fi .fj .fk .fm .fo .fr G .ga .gd .ge .gf .gg .gh .gi .gl .gm .gn .gp .gq .gr .gs .gt .gu .gw .gy H .hk .hm .hn .hr .ht .hu I .id .ie .il .im .in .io .iq .ir .is .it J .je .jm .jo .jp K .ke .kg .kh .ki .km .kn .kp .kr .kw .ky .kz L .la .lb .lc .li .lk .lr .ls .lt .lu .lv .ly M .ma .mc .md .me .mg .mh .mk .ml .mm .mn .mo .mp .mq .mr .ms .mt .mu .mv .mw .mx .my .mz N .na .nc .ne .nf .ng .ni .nl .no .np .nr .nu .nz O .om P .pa .pe .pf .pg .ph .pk .pl .pm .pn .pr .ps .pt .pw .py Q .qa R .re .ro .rs .ru .rw S .sa .sb .sc .sd .se .sg .sh .si .sk .sl .sm .sn .so .sr .ss .st .su .sv .sx .sy .sz T .tc .td .tf .tg .th .tj .tk .tl .tm .tn .to .tr .tt .tv .tw .tz U .ua .ug .uk .us .uy .uz V .va .vc .ve .vg .vi .vn .vu W .wf .ws Y .ye .yt Z .za .zm .zw
.in,(https://tr.wikipedia.org/wiki/.in),1,DNS#176: A .ac .ad .ae .af .ag .ai .al .am .ao .aq .ar .as .at .au .aw .ax .az B .ba .bb .bd .be .bf .bg .bh .bi .bj .bm .bn .bo .br .bs .bt .bw .by .bz C .ca .cc .cd .cf .cg .ch .ci .ck .cl .cm .cn .co .cr .cu .cv .cw .cx .cy .cz D .de .dj .dk .dm .do .dz E .ec .ee .eg .er .es .et .eu F .fi .fj .fk .fm .fo .fr G .ga .gd .ge .gf .gg .gh .gi .gl .gm .gn .gp .gq .gr .gs .gt .gu .gw .gy H .hk .hm .hn .hr .ht .hu I .id .ie .il .im .in .io .iq .ir .is .it J .je .jm .jo .jp K .ke .kg .kh .ki .km .kn .kp .kr .kw .ky .kz L .la .lb .lc .li .lk .lr .ls .lt .lu .lv .ly M .ma .mc .md .me .mg .mh .mk .ml .mm .mn .mo .mp .mq .mr .ms .mt .mu .mv .mw .mx .my .mz N .na .nc .ne .nf .ng .ni .nl .no .np .nr .nu .nz O .om P .pa .pe .pf .pg .ph .pk .pl .pm .pn .pr .ps .pt .pw .py Q .qa R .re .ro .rs .ru .rw S .sa .sb .sc .sd .se .sg .sh .si .sk .sl .sm .sn .so .sr .ss .st .su .sv .sx .sy .sz T .tc .td .tf .tg .th .tj .tk .tl .tm .tn .to .tr .tt .tv .tw .tz U .ua .ug .uk .us .uy .uz V .va .vc .ve .vg .vi .vn .vu W .wf .ws Y .ye .yt Z .za .zm .zw
.io,(https://tr.wikipedia.org/wiki/.io),1,DNS#176: A .ac .ad .ae .af .ag .ai .al .am .ao .aq .ar .as .at .au .aw .ax .az B .ba .bb .bd .be .bf .bg .bh .bi .bj .bm .bn .bo .br .bs .bt .bw .by .bz C .ca .cc .cd .cf .cg .ch .ci .ck .cl .cm .cn .co .cr .cu .cv .cw .cx .cy .cz D .de .dj .dk .dm .do .dz E .ec .ee .eg .er .es .et .eu F .fi .fj .fk .fm .fo .fr G .ga .gd .ge .gf .gg .gh .gi .gl .gm .gn .gp .gq .gr .gs .gt .gu .gw .gy H .hk .hm .hn .hr .ht .hu I .id .ie .il .im .in .io .iq .ir .is .it J .je .jm .jo .jp K .ke .kg .kh .ki .km .kn .kp .kr .kw .ky .kz L .la .lb .lc .li .lk .lr .ls .lt .lu .lv .ly M .ma .mc .md .me .mg .mh .mk .ml .mm .mn .mo .mp .mq .mr .ms .mt .mu .mv .mw .mx .my .mz N .na .nc .ne .nf .ng .ni .nl .no .np .nr .nu .nz O .om P .pa .pe .pf .pg .ph .pk .pl .pm .pn .pr .ps .pt .pw .py Q .qa R .re .ro .rs .ru .rw S .sa .sb .sc .sd .se .sg .sh .si .sk .sl .sm .sn .so .sr .ss .st .su .sv .sx .sy .sz T .tc .td .tf .tg .th .tj .tk .tl .tm .tn .to .tr .tt .tv .tw .tz U .ua .ug .uk .us .uy .uz V .va .vc .ve .vg .vi .vn .vu W .wf .ws Y .ye .yt Z .za .zm .zw
.iq,(https://tr.wikipedia.org/wiki/.iq),1,DNS#176: A .ac .ad .ae .af .ag .ai .al .am .ao .aq .ar .as .at .au .aw .ax .az B .ba .bb .bd .be .bf .bg .bh .bi .bj .bm .bn .bo .br .bs .bt .bw .by .bz C .ca .cc .cd .cf .cg .ch .ci .ck .cl .cm .cn .co .cr .cu .cv .cw .cx .cy .cz D .de .dj .dk .dm .do .dz E .ec .ee .eg .er .es .et .eu F .fi .fj .fk .fm .fo .fr G .ga .gd .ge .gf .gg .gh .gi .gl .gm .gn .gp .gq .gr .gs .gt .gu .gw .gy H .hk .hm .hn .hr .ht .hu I .id .ie .il .im .in .io .iq .ir .is .it J .je .jm .jo .jp K .ke .kg .kh .ki .km .kn .kp .kr .kw .ky .kz L .la .lb .lc .li .lk .lr .ls .lt .lu .lv .ly M .ma .mc .md .me .mg .mh .mk .ml .mm .mn .mo .mp .mq .mr .ms .mt .mu .mv .mw .mx .my .mz N .na .nc .ne .nf .ng .ni .nl .no .np .nr .nu .nz O .om P .pa .pe .pf .pg .ph .pk .pl .pm .pn .pr .ps .pt .pw .py Q .qa R .re .ro .rs .ru .rw S .sa .sb .sc .sd .se .sg .sh .si .sk .sl .sm .sn .so .sr .ss .st .su .sv .sx .sy .sz T .tc .td .tf .tg .th .tj .tk .tl .tm .tn .to .tr .tt .tv .tw .tz U .ua .ug .uk .us .uy .uz V .va .vc .ve .vg .vi .vn .vu W .wf .ws Y .ye .yt Z .za .zm .zw
.ir,(https://tr.wikipedia.org/wiki/.ir),1,DNS#176: A .ac .ad .ae .af .ag .ai .al .am .ao .aq .ar .as .at .au .aw .ax .az B .ba .bb .bd .be .bf .bg .bh .bi .bj .bm .bn .bo .br .bs .bt .bw .by .bz C .ca .cc .cd .cf .cg .ch .ci .ck .cl .cm .cn .co .cr .cu .cv .cw .cx .cy .cz D .de .dj .dk .dm .do .dz E .ec .ee .eg .er .es .et .eu F .fi .fj .fk .fm .fo .fr G .ga .gd .ge .gf .gg .gh .gi .gl .gm .gn .gp .gq .gr .gs .gt .gu .gw .gy H .hk .hm .hn .hr .ht .hu I .id .ie .il .im .in .io .iq .ir .is .it J .je .jm .jo .jp K .ke .kg .kh .ki .km .kn .kp .kr .kw .ky .kz L .la .lb .lc .li .lk .lr .ls .lt .lu .lv .ly M .ma .mc .md .me .mg .mh .mk .ml .mm .mn .mo .mp .mq .mr .ms .mt .mu .mv .mw .mx .my .mz N .na .nc .ne .nf .ng .ni .nl .no .np .nr .nu .nz O .om P .pa .pe .pf .pg .ph .pk .pl .pm .pn .pr .ps .pt .pw .py Q .qa R .re .ro .rs .ru .rw S .sa .sb .sc .sd .se .sg .sh .si .sk .sl .sm .sn .so .sr .ss .st .su .sv .sx .sy .sz T .tc .td .tf .tg .th .tj .tk .tl .tm .tn .to .tr .tt .tv .tw .tz U .ua .ug .uk .us .uy .uz V .va .vc .ve .vg .vi .vn .vu W .wf .ws Y .ye .yt Z .za .zm .zw
.is,(https://tr.wikipedia.org/wiki/.is),1,DNS#176: A .ac .ad .ae .af .ag .ai .al .am .ao .aq .ar .as .at .au .aw .ax .az B .ba .bb .bd .be .bf .bg .bh .bi .bj .bm .bn .bo .br .bs .bt .bw .by .bz C .ca .cc .cd .cf .cg .ch .ci .ck .cl .cm .cn .co .cr .cu .cv .cw .cx .cy .cz D .de .dj .dk .dm .do .dz E .ec .ee .eg .er .es .et .eu F .fi .fj .fk .fm .fo .fr G .ga .gd .ge .gf .gg .gh .gi .gl .gm .gn .gp .gq .gr .gs .gt .gu .gw .gy H .hk .hm .hn .hr .ht .hu I .id .ie .il .im .in .io .iq .ir .is .it J .je .jm .jo .jp K .ke .kg .kh .ki .km .kn .kp .kr .kw .ky .kz L .la .lb .lc .li .lk .lr .ls .lt .lu .lv .ly M .ma .mc .md .me .mg .mh .mk .ml .mm .mn .mo .mp .mq .mr .ms .mt .mu .mv .mw .mx .my .mz N .na .nc .ne .nf .ng .ni .nl .no .np .nr .nu .nz O .om P .pa .pe .pf .pg .ph .pk .pl .pm .pn .pr .ps .pt .pw .py Q .qa R .re .ro .rs .ru .rw S .sa .sb .sc .sd .se .sg .sh .si .sk .sl .sm .sn .so .sr .ss .st .su .sv .sx .sy .sz T .tc .td .tf .tg .th .tj .tk .tl .tm .tn .to .tr .tt .tv .tw .tz U .ua .ug .uk .us .uy .uz V .va .vc .ve .vg .vi .vn .vu W .wf .ws Y .ye .yt Z .za .zm .zw
.it,(https://tr.wikipedia.org/wiki/.it),1,DNS#176: A .ac .ad .ae .af .ag .ai .al .am .ao .aq .ar .as .at .au .aw .ax .az B .ba .bb .bd .be .bf .bg .bh .bi .bj .bm .bn .bo .br .bs .bt .bw .by .bz C .ca .cc .cd .cf .cg .ch .ci .ck .cl .cm .cn .co .cr .cu .cv .cw .cx .cy .cz D .de .dj .dk .dm .do .dz E .ec .ee .eg .er .es .et .eu F .fi .fj .fk .fm .fo .fr G .ga .gd .ge .gf .gg .gh .gi .gl .gm .gn .gp .gq .gr .gs .gt .gu .gw .gy H .hk .hm .hn .hr .ht .hu I .id .ie .il .im .in .io .iq .ir .is .it J .je .jm .jo .jp K .ke .kg .kh .ki .km .kn .kp .kr .kw .ky .kz L .la .lb .lc .li .lk .lr .ls .lt .lu .lv .ly M .ma .mc .md .me .mg .mh .mk .ml .mm .mn .mo .mp .mq .mr .ms .mt .mu .mv .mw .mx .my .mz N .na .nc .ne .nf .ng .ni .nl .no .np .nr .nu .nz O .om P .pa .pe .pf .pg .ph .pk .pl .pm .pn .pr .ps .pt .pw .py Q .qa R .re .ro .rs .ru .rw S .sa .sb .sc .sd .se .sg .sh .si .sk .sl .sm .sn .so .sr .ss .st .su .sv .sx .sy .sz T .tc .td .tf .tg .th .tj .tk .tl .tm .tn .to .tr .tt .tv .tw .tz U .ua .ug .uk .us .uy .uz V .va .vc .ve .vg .vi .vn .vu W .wf .ws Y .ye .yt Z .za .zm .zw
.je,(https://tr.wikipedia.org/wiki/.je),1,DNS#176: A .ac .ad .ae .af .ag .ai .al .am .ao .aq .ar .as .at .au .aw .ax .az B .ba .bb .bd .be .bf .bg .bh .bi .bj .bm .bn .bo .br .bs .bt .bw .by .bz C .ca .cc .cd .cf .cg .ch .ci .ck .cl .cm .cn .co .cr .cu .cv .cw .cx .cy .cz D .de .dj .dk .dm .do .dz E .ec .ee .eg .er .es .et .eu F .fi .fj .fk .fm .fo .fr G .ga .gd .ge .gf .gg .gh .gi .gl .gm .gn .gp .gq .gr .gs .gt .gu .gw .gy H .hk .hm .hn .hr .ht .hu I .id .ie .il .im .in .io .iq .ir .is .it J .je .jm .jo .jp K .ke .kg .kh .ki .km .kn .kp .kr .kw .ky .kz L .la .lb .lc .li .lk .lr .ls .lt .lu .lv .ly M .ma .mc .md .me .mg .mh .mk .ml .mm .mn .mo .mp .mq .mr .ms .mt .mu .mv .mw .mx .my .mz N .na .nc .ne .nf .ng .ni .nl .no .np .nr .nu .nz O .om P .pa .pe .pf .pg .ph .pk .pl .pm .pn .pr .ps .pt .pw .py Q .qa R .re .ro .rs .ru .rw S .sa .sb .sc .sd .se .sg .sh .si .sk .sl .sm .sn .so .sr .ss .st .su .sv .sx .sy .sz T .tc .td .tf .tg .th .tj .tk .tl .tm .tn .to .tr .tt .tv .tw .tz U .ua .ug .uk .us .uy .uz V .va .vc .ve .vg .vi .vn .vu W .wf .ws Y .ye .yt Z .za .zm .zw
.jm,(https://tr.wikipedia.org/wiki/.jm),1,DNS#176: A .ac .ad .ae .af .ag .ai .al .am .ao .aq .ar .as .at .au .aw .ax .az B .ba .bb .bd .be .bf .bg .bh .bi .bj .bm .bn .bo .br .bs .bt .bw .by .bz C .ca .cc .cd .cf .cg .ch .ci .ck .cl .cm .cn .co .cr .cu .cv .cw .cx .cy .cz D .de .dj .dk .dm .do .dz E .ec .ee .eg .er .es .et .eu F .fi .fj .fk .fm .fo .fr G .ga .gd .ge .gf .gg .gh .gi .gl .gm .gn .gp .gq .gr .gs .gt .gu .gw .gy H .hk .hm .hn .hr .ht .hu I .id .ie .il .im .in .io .iq .ir .is .it J .je .jm .jo .jp K .ke .kg .kh .ki .km .kn .kp .kr .kw .ky .kz L .la .lb .lc .li .lk .lr .ls .lt .lu .lv .ly M .ma .mc .md .me .mg .mh .mk .ml .mm .mn .mo .mp .mq .mr .ms .mt .mu .mv .mw .mx .my .mz N .na .nc .ne .nf .ng .ni .nl .no .np .nr .nu .nz O .om P .pa .pe .pf .pg .ph .pk .pl .pm .pn .pr .ps .pt .pw .py Q .qa R .re .ro .rs .ru .rw S .sa .sb .sc .sd .se .sg .sh .si .sk .sl .sm .sn .so .sr .ss .st .su .sv .sx .sy .sz T .tc .td .tf .tg .th .tj .tk .tl .tm .tn .to .tr .tt .tv .tw .tz U .ua .ug .uk .us .uy .uz V .va .vc .ve .vg .vi .vn .vu W .wf .ws Y .ye .yt Z .za .zm .zw
.jo,(https://tr.wikipedia.org/wiki/.jo),1,DNS#176: A .ac .ad .ae .af .ag .ai .al .am .ao .aq .ar .as .at .au .aw .ax .az B .ba .bb .bd .be .bf .bg .bh .bi .bj .bm .bn .bo .br .bs .bt .bw .by .bz C .ca .cc .cd .cf .cg .ch .ci .ck .cl .cm .cn .co .cr .cu .cv .cw .cx .cy .cz D .de .dj .dk .dm .do .dz E .ec .ee .eg .er .es .et .eu F .fi .fj .fk .fm .fo .fr G .ga .gd .ge .gf .gg .gh .gi .gl .gm .gn .gp .gq .gr .gs .gt .gu .gw .gy H .hk .hm .hn .hr .ht .hu I .id .ie .il .im .in .io .iq .ir .is .it J .je .jm .jo .jp K .ke .kg .kh .ki .km .kn .kp .kr .kw .ky .kz L .la .lb .lc .li .lk .lr .ls .lt .lu .lv .ly M .ma .mc .md .me .mg .mh .mk .ml .mm .mn .mo .mp .mq .mr .ms .mt .mu .mv .mw .mx .my .mz N .na .nc .ne .nf .ng .ni .nl .no .np .nr .nu .nz O .om P .pa .pe .pf .pg .ph .pk .pl .pm .pn .pr .ps .pt .pw .py Q .qa R .re .ro .rs .ru .rw S .sa .sb .sc .sd .se .sg .sh .si .sk .sl .sm .sn .so .sr .ss .st .su .sv .sx .sy .sz T .tc .td .tf .tg .th .tj .tk .tl .tm .tn .to .tr .tt .tv .tw .tz U .ua .ug .uk .us .uy .uz V .va .vc .ve .vg .vi .vn .vu W .wf .ws Y .ye .yt Z .za .zm .zw
.ke,(https://tr.wikipedia.org/wiki/.ke),1,DNS#176: A .ac .ad .ae .af .ag .ai .al .am .ao .aq .ar .as .at .au .aw .ax .az B .ba .bb .bd .be .bf .bg .bh .bi .bj .bm .bn .bo .br .bs .bt .bw .by .bz C .ca .cc .cd .cf .cg .ch .ci .ck .cl .cm .cn .co .cr .cu .cv .cw .cx .cy .cz D .de .dj .dk .dm .do .dz E .ec .ee .eg .er .es .et .eu F .fi .fj .fk .fm .fo .fr G .ga .gd .ge .gf .gg .gh .gi .gl .gm .gn .gp .gq .gr .gs .gt .gu .gw .gy H .hk .hm .hn .hr .ht .hu I .id .ie .il .im .in .io .iq .ir .is .it J .je .jm .jo .jp K .ke .kg .kh .ki .km .kn .kp .kr .kw .ky .kz L .la .lb .lc .li .lk .lr .ls .lt .lu .lv .ly M .ma .mc .md .me .mg .mh .mk .ml .mm .mn .mo .mp .mq .mr .ms .mt .mu .mv .mw .mx .my .mz N .na .nc .ne .nf .ng .ni .nl .no .np .nr .nu .nz O .om P .pa .pe .pf .pg .ph .pk .pl .pm .pn .pr .ps .pt .pw .py Q .qa R .re .ro .rs .ru .rw S .sa .sb .sc .sd .se .sg .sh .si .sk .sl .sm .sn .so .sr .ss .st .su .sv .sx .sy .sz T .tc .td .tf .tg .th .tj .tk .tl .tm .tn .to .tr .tt .tv .tw .tz U .ua .ug .uk .us .uy .uz V .va .vc .ve .vg .vi .vn .vu W .wf .ws Y .ye .yt Z .za .zm .zw
.kg,(https://tr.wikipedia.org/wiki/.kg),1,DNS#176: A .ac .ad .ae .af .ag .ai .al .am .ao .aq .ar .as .at .au .aw .ax .az B .ba .bb .bd .be .bf .bg .bh .bi .bj .bm .bn .bo .br .bs .bt .bw .by .bz C .ca .cc .cd .cf .cg .ch .ci .ck .cl .cm .cn .co .cr .cu .cv .cw .cx .cy .cz D .de .dj .dk .dm .do .dz E .ec .ee .eg .er .es .et .eu F .fi .fj .fk .fm .fo .fr G .ga .gd .ge .gf .gg .gh .gi .gl .gm .gn .gp .gq .gr .gs .gt .gu .gw .gy H .hk .hm .hn .hr .ht .hu I .id .ie .il .im .in .io .iq .ir .is .it J .je .jm .jo .jp K .ke .kg .kh .ki .km .kn .kp .kr .kw .ky .kz L .la .lb .lc .li .lk .lr .ls .lt .lu .lv .ly M .ma .mc .md .me .mg .mh .mk .ml .mm .mn .mo .mp .mq .mr .ms .mt .mu .mv .mw .mx .my .mz N .na .nc .ne .nf .ng .ni .nl .no .np .nr .nu .nz O .om P .pa .pe .pf .pg .ph .pk .pl .pm .pn .pr .ps .pt .pw .py Q .qa R .re .ro .rs .ru .rw S .sa .sb .sc .sd .se .sg .sh .si .sk .sl .sm .sn .so .sr .ss .st .su .sv .sx .sy .sz T .tc .td .tf .tg .th .tj .tk .tl .tm .tn .to .tr .tt .tv .tw .tz U .ua .ug .uk .us .uy .uz V .va .vc .ve .vg .vi .vn .vu W .wf .ws Y .ye .yt Z .za .zm .zw
.kh,(https://tr.wikipedia.org/wiki/.kh),1,DNS#176: A .ac .ad .ae .af .ag .ai .al .am .ao .aq .ar .as .at .au .aw .ax .az B .ba .bb .bd .be .bf .bg .bh .bi .bj .bm .bn .bo .br .bs .bt .bw .by .bz C .ca .cc .cd .cf .cg .ch .ci .ck .cl .cm .cn .co .cr .cu .cv .cw .cx .cy .cz D .de .dj .dk .dm .do .dz E .ec .ee .eg .er .es .et .eu F .fi .fj .fk .fm .fo .fr G .ga .gd .ge .gf .gg .gh .gi .gl .gm .gn .gp .gq .gr .gs .gt .gu .gw .gy H .hk .hm .hn .hr .ht .hu I .id .ie .il .im .in .io .iq .ir .is .it J .je .jm .jo .jp K .ke .kg .kh .ki .km .kn .kp .kr .kw .ky .kz L .la .lb .lc .li .lk .lr .ls .lt .lu .lv .ly M .ma .mc .md .me .mg .mh .mk .ml .mm .mn .mo .mp .mq .mr .ms .mt .mu .mv .mw .mx .my .mz N .na .nc .ne .nf .ng .ni .nl .no .np .nr .nu .nz O .om P .pa .pe .pf .pg .ph .pk .pl .pm .pn .pr .ps .pt .pw .py Q .qa R .re .ro .rs .ru .rw S .sa .sb .sc .sd .se .sg .sh .si .sk .sl .sm .sn .so .sr .ss .st .su .sv .sx .sy .sz T .tc .td .tf .tg .th .tj .tk .tl .tm .tn .to .tr .tt .tv .tw .tz U .ua .ug .uk .us .uy .uz V .va .vc .ve .vg .vi .vn .vu W .wf .ws Y .ye .yt Z .za .zm .zw
.ki,(https://tr.wikipedia.org/wiki/.ki),1,DNS#176: A .ac .ad .ae .af .ag .ai .al .am .ao .aq .ar .as .at .au .aw .ax .az B .ba .bb .bd .be .bf .bg .bh .bi .bj .bm .bn .bo .br .bs .bt .bw .by .bz C .ca .cc .cd .cf .cg .ch .ci .ck .cl .cm .cn .co .cr .cu .cv .cw .cx .cy .cz D .de .dj .dk .dm .do .dz E .ec .ee .eg .er .es .et .eu F .fi .fj .fk .fm .fo .fr G .ga .gd .ge .gf .gg .gh .gi .gl .gm .gn .gp .gq .gr .gs .gt .gu .gw .gy H .hk .hm .hn .hr .ht .hu I .id .ie .il .im .in .io .iq .ir .is .it J .je .jm .jo .jp K .ke .kg .kh .ki .km .kn .kp .kr .kw .ky .kz L .la .lb .lc .li .lk .lr .ls .lt .lu .lv .ly M .ma .mc .md .me .mg .mh .mk .ml .mm .mn .mo .mp .mq .mr .ms .mt .mu .mv .mw .mx .my .mz N .na .nc .ne .nf .ng .ni .nl .no .np .nr .nu .nz O .om P .pa .pe .pf .pg .ph .pk .pl .pm .pn .pr .ps .pt .pw .py Q .qa R .re .ro .rs .ru .rw S .sa .sb .sc .sd .se .sg .sh .si .sk .sl .sm .sn .so .sr .ss .st .su .sv .sx .sy .sz T .tc .td .tf .tg .th .tj .tk .tl .tm .tn .to .tr .tt .tv .tw .tz U .ua .ug .uk .us .uy .uz V .va .vc .ve .vg .vi .vn .vu W .wf .ws Y .ye .yt Z .za .zm .zw
.km,(https://tr.wikipedia.org/wiki/.km),1,DNS#176: A .ac .ad .ae .af .ag .ai .al .am .ao .aq .ar .as .at .au .aw .ax .az B .ba .bb .bd .be .bf .bg .bh .bi .bj .bm .bn .bo .br .bs .bt .bw .by .bz C .ca .cc .cd .cf .cg .ch .ci .ck .cl .cm .cn .co .cr .cu .cv .cw .cx .cy .cz D .de .dj .dk .dm .do .dz E .ec .ee .eg .er .es .et .eu F .fi .fj .fk .fm .fo .fr G .ga .gd .ge .gf .gg .gh .gi .gl .gm .gn .gp .gq .gr .gs .gt .gu .gw .gy H .hk .hm .hn .hr .ht .hu I .id .ie .il .im .in .io .iq .ir .is .it J .je .jm .jo .jp K .ke .kg .kh .ki .km .kn .kp .kr .kw .ky .kz L .la .lb .lc .li .lk .lr .ls .lt .lu .lv .ly M .ma .mc .md .me .mg .mh .mk .ml .mm .mn .mo .mp .mq .mr .ms .mt .mu .mv .mw .mx .my .mz N .na .nc .ne .nf .ng .ni .nl .no .np .nr .nu .nz O .om P .pa .pe .pf .pg .ph .pk .pl .pm .pn .pr .ps .pt .pw .py Q .qa R .re .ro .rs .ru .rw S .sa .sb .sc .sd .se .sg .sh .si .sk .sl .sm .sn .so .sr .ss .st .su .sv .sx .sy .sz T .tc .td .tf .tg .th .tj .tk .tl .tm .tn .to .tr .tt .tv .tw .tz U .ua .ug .uk .us .uy .uz V .va .vc .ve .vg .vi .vn .vu W .wf .ws Y .ye .yt Z .za .zm .zw
.kn,(https://tr.wikipedia.org/wiki/.kn),1,DNS#176: A .ac .ad .ae .af .ag .ai .al .am .ao .aq .ar .as .at .au .aw .ax .az B .ba .bb .bd .be .bf .bg .bh .bi .bj .bm .bn .bo .br .bs .bt .bw .by .bz C .ca .cc .cd .cf .cg .ch .ci .ck .cl .cm .cn .co .cr .cu .cv .cw .cx .cy .cz D .de .dj .dk .dm .do .dz E .ec .ee .eg .er .es .et .eu F .fi .fj .fk .fm .fo .fr G .ga .gd .ge .gf .gg .gh .gi .gl .gm .gn .gp .gq .gr .gs .gt .gu .gw .gy H .hk .hm .hn .hr .ht .hu I .id .ie .il .im .in .io .iq .ir .is .it J .je .jm .jo .jp K .ke .kg .kh .ki .km .kn .kp .kr .kw .ky .kz L .la .lb .lc .li .lk .lr .ls .lt .lu .lv .ly M .ma .mc .md .me .mg .mh .mk .ml .mm .mn .mo .mp .mq .mr .ms .mt .mu .mv .mw .mx .my .mz N .na .nc .ne .nf .ng .ni .nl .no .np .nr .nu .nz O .om P .pa .pe .pf .pg .ph .pk .pl .pm .pn .pr .ps .pt .pw .py Q .qa R .re .ro .rs .ru .rw S .sa .sb .sc .sd .se .sg .sh .si .sk .sl .sm .sn .so .sr .ss .st .su .sv .sx .sy .sz T .tc .td .tf .tg .th .tj .tk .tl .tm .tn .to .tr .tt .tv .tw .tz U .ua .ug .uk .us .uy .uz V .va .vc .ve .vg .vi .vn .vu W .wf .ws Y .ye .yt Z .za .zm .zw
.kp,(https://tr.wikipedia.org/wiki/.kp),1,DNS#176: A .ac .ad .ae .af .ag .ai .al .am .ao .aq .ar .as .at .au .aw .ax .az B .ba .bb .bd .be .bf .bg .bh .bi .bj .bm .bn .bo .br .bs .bt .bw .by .bz C .ca .cc .cd .cf .cg .ch .ci .ck .cl .cm .cn .co .cr .cu .cv .cw .cx .cy .cz D .de .dj .dk .dm .do .dz E .ec .ee .eg .er .es .et .eu F .fi .fj .fk .fm .fo .fr G .ga .gd .ge .gf .gg .gh .gi .gl .gm .gn .gp .gq .gr .gs .gt .gu .gw .gy H .hk .hm .hn .hr .ht .hu I .id .ie .il .im .in .io .iq .ir .is .it J .je .jm .jo .jp K .ke .kg .kh .ki .km .kn .kp .kr .kw .ky .kz L .la .lb .lc .li .lk .lr .ls .lt .lu .lv .ly M .ma .mc .md .me .mg .mh .mk .ml .mm .mn .mo .mp .mq .mr .ms .mt .mu .mv .mw .mx .my .mz N .na .nc .ne .nf .ng .ni .nl .no .np .nr .nu .nz O .om P .pa .pe .pf .pg .ph .pk .pl .pm .pn .pr .ps .pt .pw .py Q .qa R .re .ro .rs .ru .rw S .sa .sb .sc .sd .se .sg .sh .si .sk .sl .sm .sn .so .sr .ss .st .su .sv .sx .sy .sz T .tc .td .tf .tg .th .tj .tk .tl .tm .tn .to .tr .tt .tv .tw .tz U .ua .ug .uk .us .uy .uz V .va .vc .ve .vg .vi .vn .vu W .wf .ws Y .ye .yt Z .za .zm .zw
.kr,(https://tr.wikipedia.org/wiki/.kr),1,DNS#176: A .ac .ad .ae .af .ag .ai .al .am .ao .aq .ar .as .at .au .aw .ax .az B .ba .bb .bd .be .bf .bg .bh .bi .bj .bm .bn .bo .br .bs .bt .bw .by .bz C .ca .cc .cd .cf .cg .ch .ci .ck .cl .cm .cn .co .cr .cu .cv .cw .cx .cy .cz D .de .dj .dk .dm .do .dz E .ec .ee .eg .er .es .et .eu F .fi .fj .fk .fm .fo .fr G .ga .gd .ge .gf .gg .gh .gi .gl .gm .gn .gp .gq .gr .gs .gt .gu .gw .gy H .hk .hm .hn .hr .ht .hu I .id .ie .il .im .in .io .iq .ir .is .it J .je .jm .jo .jp K .ke .kg .kh .ki .km .kn .kp .kr .kw .ky .kz L .la .lb .lc .li .lk .lr .ls .lt .lu .lv .ly M .ma .mc .md .me .mg .mh .mk .ml .mm .mn .mo .mp .mq .mr .ms .mt .mu .mv .mw .mx .my .mz N .na .nc .ne .nf .ng .ni .nl .no .np .nr .nu .nz O .om P .pa .pe .pf .pg .ph .pk .pl .pm .pn .pr .ps .pt .pw .py Q .qa R .re .ro .rs .ru .rw S .sa .sb .sc .sd .se .sg .sh .si .sk .sl .sm .sn .so .sr .ss .st .su .sv .sx .sy .sz T .tc .td .tf .tg .th .tj .tk .tl .tm .tn .to .tr .tt .tv .tw .tz U .ua .ug .uk .us .uy .uz V .va .vc .ve .vg .vi .vn .vu W .wf .ws Y .ye .yt Z .za .zm .zw
.kw,(https://tr.wikipedia.org/wiki/.kw),1,DNS#176: A .ac .ad .ae .af .ag .ai .al .am .ao .aq .ar .as .at .au .aw .ax .az B .ba .bb .bd .be .bf .bg .bh .bi .bj .bm .bn .bo .br .bs .bt .bw .by .bz C .ca .cc .cd .cf .cg .ch .ci .ck .cl .cm .cn .co .cr .cu .cv .cw .cx .cy .cz D .de .dj .dk .dm .do .dz E .ec .ee .eg .er .es .et .eu F .fi .fj .fk .fm .fo .fr G .ga .gd .ge .gf .gg .gh .gi .gl .gm .gn .gp .gq .gr .gs .gt .gu .gw .gy H .hk .hm .hn .hr .ht .hu I .id .ie .il .im .in .io .iq .ir .is .it J .je .jm .jo .jp K .ke .kg .kh .ki .km .kn .kp .kr .kw .ky .kz L .la .lb .lc .li .lk .lr .ls .lt .lu .lv .ly M .ma .mc .md .me .mg .mh .mk .ml .mm .mn .mo .mp .mq .mr .ms .mt .mu .mv .mw .mx .my .mz N .na .nc .ne .nf .ng .ni .nl .no .np .nr .nu .nz O .om P .pa .pe .pf .pg .ph .pk .pl .pm .pn .pr .ps .pt .pw .py Q .qa R .re .ro .rs .ru .rw S .sa .sb .sc .sd .se .sg .sh .si .sk .sl .sm .sn .so .sr .ss .st .su .sv .sx .sy .sz T .tc .td .tf .tg .th .tj .tk .tl .tm .tn .to .tr .tt .tv .tw .tz U .ua .ug .uk .us .uy .uz V .va .vc .ve .vg .vi .vn .vu W .wf .ws Y .ye .yt Z .za .zm .zw
.ky,(https://tr.wikipedia.org/wiki/.ky),1,DNS#176: A .ac .ad .ae .af .ag .ai .al .am .ao .aq .ar .as .at .au .aw .ax .az B .ba .bb .bd .be .bf .bg .bh .bi .bj .bm .bn .bo .br .bs .bt .bw .by .bz C .ca .cc .cd .cf .cg .ch .ci .ck .cl .cm .cn .co .cr .cu .cv .cw .cx .cy .cz D .de .dj .dk .dm .do .dz E .ec .ee .eg .er .es .et .eu F .fi .fj .fk .fm .fo .fr G .ga .gd .ge .gf .gg .gh .gi .gl .gm .gn .gp .gq .gr .gs .gt .gu .gw .gy H .hk .hm .hn .hr .ht .hu I .id .ie .il .im .in .io .iq .ir .is .it J .je .jm .jo .jp K .ke .kg .kh .ki .km .kn .kp .kr .kw .ky .kz L .la .lb .lc .li .lk .lr .ls .lt .lu .lv .ly M .ma .mc .md .me .mg .mh .mk .ml .mm .mn .mo .mp .mq .mr .ms .mt .mu .mv .mw .mx .my .mz N .na .nc .ne .nf .ng .ni .nl .no .np .nr .nu .nz O .om P .pa .pe .pf .pg .ph .pk .pl .pm .pn .pr .ps .pt .pw .py Q .qa R .re .ro .rs .ru .rw S .sa .sb .sc .sd .se .sg .sh .si .sk .sl .sm .sn .so .sr .ss .st .su .sv .sx .sy .sz T .tc .td .tf .tg .th .tj .tk .tl .tm .tn .to .tr .tt .tv .tw .tz U .ua .ug .uk .us .uy .uz V .va .vc .ve .vg .vi .vn .vu W .wf .ws Y .ye .yt Z .za .zm .zw
.kz,(https://tr.wikipedia.org/wiki/.kz),1,DNS#176: A .ac .ad .ae .af .ag .ai .al .am .ao .aq .ar .as .at .au .aw .ax .az B .ba .bb .bd .be .bf .bg .bh .bi .bj .bm .bn .bo .br .bs .bt .bw .by .bz C .ca .cc .cd .cf .cg .ch .ci .ck .cl .cm .cn .co .cr .cu .cv .cw .cx .cy .cz D .de .dj .dk .dm .do .dz E .ec .ee .eg .er .es .et .eu F .fi .fj .fk .fm .fo .fr G .ga .gd .ge .gf .gg .gh .gi .gl .gm .gn .gp .gq .gr .gs .gt .gu .gw .gy H .hk .hm .hn .hr .ht .hu I .id .ie .il .im .in .io .iq .ir .is .it J .je .jm .jo .jp K .ke .kg .kh .ki .km .kn .kp .kr .kw .ky .kz L .la .lb .lc .li .lk .lr .ls .lt .lu .lv .ly M .ma .mc .md .me .mg .mh .mk .ml .mm .mn .mo .mp .mq .mr .ms .mt .mu .mv .mw .mx .my .mz N .na .nc .ne .nf .ng .ni .nl .no .np .nr .nu .nz O .om P .pa .pe .pf .pg .ph .pk .pl .pm .pn .pr .ps .pt .pw .py Q .qa R .re .ro .rs .ru .rw S .sa .sb .sc .sd .se .sg .sh .si .sk .sl .sm .sn .so .sr .ss .st .su .sv .sx .sy .sz T .tc .td .tf .tg .th .tj .tk .tl .tm .tn .to .tr .tt .tv .tw .tz U .ua .ug .uk .us .uy .uz V .va .vc .ve .vg .vi .vn .vu W .wf .ws Y .ye .yt Z .za .zm .zw
.la,(https://tr.wikipedia.org/wiki/.la),1,DNS#176: A .ac .ad .ae .af .ag .ai .al .am .ao .aq .ar .as .at .au .aw .ax .az B .ba .bb .bd .be .bf .bg .bh .bi .bj .bm .bn .bo .br .bs .bt .bw .by .bz C .ca .cc .cd .cf .cg .ch .ci .ck .cl .cm .cn .co .cr .cu .cv .cw .cx .cy .cz D .de .dj .dk .dm .do .dz E .ec .ee .eg .er .es .et .eu F .fi .fj .fk .fm .fo .fr G .ga .gd .ge .gf .gg .gh .gi .gl .gm .gn .gp .gq .gr .gs .gt .gu .gw .gy H .hk .hm .hn .hr .ht .hu I .id .ie .il .im .in .io .iq .ir .is .it J .je .jm .jo .jp K .ke .kg .kh .ki .km .kn .kp .kr .kw .ky .kz L .la .lb .lc .li .lk .lr .ls .lt .lu .lv .ly M .ma .mc .md .me .mg .mh .mk .ml .mm .mn .mo .mp .mq .mr .ms .mt .mu .mv .mw .mx .my .mz N .na .nc .ne .nf .ng .ni .nl .no .np .nr .nu .nz O .om P .pa .pe .pf .pg .ph .pk .pl .pm .pn .pr .ps .pt .pw .py Q .qa R .re .ro .rs .ru .rw S .sa .sb .sc .sd .se .sg .sh .si .sk .sl .sm .sn .so .sr .ss .st .su .sv .sx .sy .sz T .tc .td .tf .tg .th .tj .tk .tl .tm .tn .to .tr .tt .tv .tw .tz U .ua .ug .uk .us .uy .uz V .va .vc .ve .vg .vi .vn .vu W .wf .ws Y .ye .yt Z .za .zm .zw
.lb,(https://tr.wikipedia.org/wiki/.lb),1,DNS#176: A .ac .ad .ae .af .ag .ai .al .am .ao .aq .ar .as .at .au .aw .ax .az B .ba .bb .bd .be .bf .bg .bh .bi .bj .bm .bn .bo .br .bs .bt .bw .by .bz C .ca .cc .cd .cf .cg .ch .ci .ck .cl .cm .cn .co .cr .cu .cv .cw .cx .cy .cz D .de .dj .dk .dm .do .dz E .ec .ee .eg .er .es .et .eu F .fi .fj .fk .fm .fo .fr G .ga .gd .ge .gf .gg .gh .gi .gl .gm .gn .gp .gq .gr .gs .gt .gu .gw .gy H .hk .hm .hn .hr .ht .hu I .id .ie .il .im .in .io .iq .ir .is .it J .je .jm .jo .jp K .ke .kg .kh .ki .km .kn .kp .kr .kw .ky .kz L .la .lb .lc .li .lk .lr .ls .lt .lu .lv .ly M .ma .mc .md .me .mg .mh .mk .ml .mm .mn .mo .mp .mq .mr .ms .mt .mu .mv .mw .mx .my .mz N .na .nc .ne .nf .ng .ni .nl .no .np .nr .nu .nz O .om P .pa .pe .pf .pg .ph .pk .pl .pm .pn .pr .ps .pt .pw .py Q .qa R .re .ro .rs .ru .rw S .sa .sb .sc .sd .se .sg .sh .si .sk .sl .sm .sn .so .sr .ss .st .su .sv .sx .sy .sz T .tc .td .tf .tg .th .tj .tk .tl .tm .tn .to .tr .tt .tv .tw .tz U .ua .ug .uk .us .uy .uz V .va .vc .ve .vg .vi .vn .vu W .wf .ws Y .ye .yt Z .za .zm .zw
.lc,(https://tr.wikipedia.org/wiki/.lc),1,DNS#176: A .ac .ad .ae .af .ag .ai .al .am .ao .aq .ar .as .at .au .aw .ax .az B .ba .bb .bd .be .bf .bg .bh .bi .bj .bm .bn .bo .br .bs .bt .bw .by .bz C .ca .cc .cd .cf .cg .ch .ci .ck .cl .cm .cn .co .cr .cu .cv .cw .cx .cy .cz D .de .dj .dk .dm .do .dz E .ec .ee .eg .er .es .et .eu F .fi .fj .fk .fm .fo .fr G .ga .gd .ge .gf .gg .gh .gi .gl .gm .gn .gp .gq .gr .gs .gt .gu .gw .gy H .hk .hm .hn .hr .ht .hu I .id .ie .il .im .in .io .iq .ir .is .it J .je .jm .jo .jp K .ke .kg .kh .ki .km .kn .kp .kr .kw .ky .kz L .la .lb .lc .li .lk .lr .ls .lt .lu .lv .ly M .ma .mc .md .me .mg .mh .mk .ml .mm .mn .mo .mp .mq .mr .ms .mt .mu .mv .mw .mx .my .mz N .na .nc .ne .nf .ng .ni .nl .no .np .nr .nu .nz O .om P .pa .pe .pf .pg .ph .pk .pl .pm .pn .pr .ps .pt .pw .py Q .qa R .re .ro .rs .ru .rw S .sa .sb .sc .sd .se .sg .sh .si .sk .sl .sm .sn .so .sr .ss .st .su .sv .sx .sy .sz T .tc .td .tf .tg .th .tj .tk .tl .tm .tn .to .tr .tt .tv .tw .tz U .ua .ug .uk .us .uy .uz V .va .vc .ve .vg .vi .vn .vu W .wf .ws Y .ye .yt Z .za .zm .zw
.li,(https://tr.wikipedia.org/wiki/.li),1,DNS#176: A .ac .ad .ae .af .ag .ai .al .am .ao .aq .ar .as .at .au .aw .ax .az B .ba .bb .bd .be .bf .bg .bh .bi .bj .bm .bn .bo .br .bs .bt .bw .by .bz C .ca .cc .cd .cf .cg .ch .ci .ck .cl .cm .cn .co .cr .cu .cv .cw .cx .cy .cz D .de .dj .dk .dm .do .dz E .ec .ee .eg .er .es .et .eu F .fi .fj .fk .fm .fo .fr G .ga .gd .ge .gf .gg .gh .gi .gl .gm .gn .gp .gq .gr .gs .gt .gu .gw .gy H .hk .hm .hn .hr .ht .hu I .id .ie .il .im .in .io .iq .ir .is .it J .je .jm .jo .jp K .ke .kg .kh .ki .km .kn .kp .kr .kw .ky .kz L .la .lb .lc .li .lk .lr .ls .lt .lu .lv .ly M .ma .mc .md .me .mg .mh .mk .ml .mm .mn .mo .mp .mq .mr .ms .mt .mu .mv .mw .mx .my .mz N .na .nc .ne .nf .ng .ni .nl .no .np .nr .nu .nz O .om P .pa .pe .pf .pg .ph .pk .pl .pm .pn .pr .ps .pt .pw .py Q .qa R .re .ro .rs .ru .rw S .sa .sb .sc .sd .se .sg .sh .si .sk .sl .sm .sn .so .sr .ss .st .su .sv .sx .sy .sz T .tc .td .tf .tg .th .tj .tk .tl .tm .tn .to .tr .tt .tv .tw .tz U .ua .ug .uk .us .uy .uz V .va .vc .ve .vg .vi .vn .vu W .wf .ws Y .ye .yt Z .za .zm .zw
.lk,(https://tr.wikipedia.org/wiki/.lk),1,DNS#176: A .ac .ad .ae .af .ag .ai .al .am .ao .aq .ar .as .at .au .aw .ax .az B .ba .bb .bd .be .bf .bg .bh .bi .bj .bm .bn .bo .br .bs .bt .bw .by .bz C .ca .cc .cd .cf .cg .ch .ci .ck .cl .cm .cn .co .cr .cu .cv .cw .cx .cy .cz D .de .dj .dk .dm .do .dz E .ec .ee .eg .er .es .et .eu F .fi .fj .fk .fm .fo .fr G .ga .gd .ge .gf .gg .gh .gi .gl .gm .gn .gp .gq .gr .gs .gt .gu .gw .gy H .hk .hm .hn .hr .ht .hu I .id .ie .il .im .in .io .iq .ir .is .it J .je .jm .jo .jp K .ke .kg .kh .ki .km .kn .kp .kr .kw .ky .kz L .la .lb .lc .li .lk .lr .ls .lt .lu .lv .ly M .ma .mc .md .me .mg .mh .mk .ml .mm .mn .mo .mp .mq .mr .ms .mt .mu .mv .mw .mx .my .mz N .na .nc .ne .nf .ng .ni .nl .no .np .nr .nu .nz O .om P .pa .pe .pf .pg .ph .pk .pl .pm .pn .pr .ps .pt .pw .py Q .qa R .re .ro .rs .ru .rw S .sa .sb .sc .sd .se .sg .sh .si .sk .sl .sm .sn .so .sr .ss .st .su .sv .sx .sy .sz T .tc .td .tf .tg .th .tj .tk .tl .tm .tn .to .tr .tt .tv .tw .tz U .ua .ug .uk .us .uy .uz V .va .vc .ve .vg .vi .vn .vu W .wf .ws Y .ye .yt Z .za .zm .zw
.lr,(https://tr.wikipedia.org/wiki/.lr),1,DNS#176: A .ac .ad .ae .af .ag .ai .al .am .ao .aq .ar .as .at .au .aw .ax .az B .ba .bb .bd .be .bf .bg .bh .bi .bj .bm .bn .bo .br .bs .bt .bw .by .bz C .ca .cc .cd .cf .cg .ch .ci .ck .cl .cm .cn .co .cr .cu .cv .cw .cx .cy .cz D .de .dj .dk .dm .do .dz E .ec .ee .eg .er .es .et .eu F .fi .fj .fk .fm .fo .fr G .ga .gd .ge .gf .gg .gh .gi .gl .gm .gn .gp .gq .gr .gs .gt .gu .gw .gy H .hk .hm .hn .hr .ht .hu I .id .ie .il .im .in .io .iq .ir .is .it J .je .jm .jo .jp K .ke .kg .kh .ki .km .kn .kp .kr .kw .ky .kz L .la .lb .lc .li .lk .lr .ls .lt .lu .lv .ly M .ma .mc .md .me .mg .mh .mk .ml .mm .mn .mo .mp .mq .mr .ms .mt .mu .mv .mw .mx .my .mz N .na .nc .ne .nf .ng .ni .nl .no .np .nr .nu .nz O .om P .pa .pe .pf .pg .ph .pk .pl .pm .pn .pr .ps .pt .pw .py Q .qa R .re .ro .rs .ru .rw S .sa .sb .sc .sd .se .sg .sh .si .sk .sl .sm .sn .so .sr .ss .st .su .sv .sx .sy .sz T .tc .td .tf .tg .th .tj .tk .tl .tm .tn .to .tr .tt .tv .tw .tz U .ua .ug .uk .us .uy .uz V .va .vc .ve .vg .vi .vn .vu W .wf .ws Y .ye .yt Z .za .zm .zw
.ls,(https://tr.wikipedia.org/wiki/.ls),1,DNS#176: A .ac .ad .ae .af .ag .ai .al .am .ao .aq .ar .as .at .au .aw .ax .az B .ba .bb .bd .be .bf .bg .bh .bi .bj .bm .bn .bo .br .bs .bt .bw .by .bz C .ca .cc .cd .cf .cg .ch .ci .ck .cl .cm .cn .co .cr .cu .cv .cw .cx .cy .cz D .de .dj .dk .dm .do .dz E .ec .ee .eg .er .es .et .eu F .fi .fj .fk .fm .fo .fr G .ga .gd .ge .gf .gg .gh .gi .gl .gm .gn .gp .gq .gr .gs .gt .gu .gw .gy H .hk .hm .hn .hr .ht .hu I .id .ie .il .im .in .io .iq .ir .is .it J .je .jm .jo .jp K .ke .kg .kh .ki .km .kn .kp .kr .kw .ky .kz L .la .lb .lc .li .lk .lr .ls .lt .lu .lv .ly M .ma .mc .md .me .mg .mh .mk .ml .mm .mn .mo .mp .mq .mr .ms .mt .mu .mv .mw .mx .my .mz N .na .nc .ne .nf .ng .ni .nl .no .np .nr .nu .nz O .om P .pa .pe .pf .pg .ph .pk .pl .pm .pn .pr .ps .pt .pw .py Q .qa R .re .ro .rs .ru .rw S .sa .sb .sc .sd .se .sg .sh .si .sk .sl .sm .sn .so .sr .ss .st .su .sv .sx .sy .sz T .tc .td .tf .tg .th .tj .tk .tl .tm .tn .to .tr .tt .tv .tw .tz U .ua .ug .uk .us .uy .uz V .va .vc .ve .vg .vi .vn .vu W .wf .ws Y .ye .yt Z .za .zm .zw
.lt,(https://tr.wikipedia.org/wiki/.lt),1,DNS#176: A .ac .ad .ae .af .ag .ai .al .am .ao .aq .ar .as .at .au .aw .ax .az B .ba .bb .bd .be .bf .bg .bh .bi .bj .bm .bn .bo .br .bs .bt .bw .by .bz C .ca .cc .cd .cf .cg .ch .ci .ck .cl .cm .cn .co .cr .cu .cv .cw .cx .cy .cz D .de .dj .dk .dm .do .dz E .ec .ee .eg .er .es .et .eu F .fi .fj .fk .fm .fo .fr G .ga .gd .ge .gf .gg .gh .gi .gl .gm .gn .gp .gq .gr .gs .gt .gu .gw .gy H .hk .hm .hn .hr .ht .hu I .id .ie .il .im .in .io .iq .ir .is .it J .je .jm .jo .jp K .ke .kg .kh .ki .km .kn .kp .kr .kw .ky .kz L .la .lb .lc .li .lk .lr .ls .lt .lu .lv .ly M .ma .mc .md .me .mg .mh .mk .ml .mm .mn .mo .mp .mq .mr .ms .mt .mu .mv .mw .mx .my .mz N .na .nc .ne .nf .ng .ni .nl .no .np .nr .nu .nz O .om P .pa .pe .pf .pg .ph .pk .pl .pm .pn .pr .ps .pt .pw .py Q .qa R .re .ro .rs .ru .rw S .sa .sb .sc .sd .se .sg .sh .si .sk .sl .sm .sn .so .sr .ss .st .su .sv .sx .sy .sz T .tc .td .tf .tg .th .tj .tk .tl .tm .tn .to .tr .tt .tv .tw .tz U .ua .ug .uk .us .uy .uz V .va .vc .ve .vg .vi .vn .vu W .wf .ws Y .ye .yt Z .za .zm .zw
.lu,(https://tr.wikipedia.org/wiki/.lu),1,DNS#176: A .ac .ad .ae .af .ag .ai .al .am .ao .aq .ar .as .at .au .aw .ax .az B .ba .bb .bd .be .bf .bg .bh .bi .bj .bm .bn .bo .br .bs .bt .bw .by .bz C .ca .cc .cd .cf .cg .ch .ci .ck .cl .cm .cn .co .cr .cu .cv .cw .cx .cy .cz D .de .dj .dk .dm .do .dz E .ec .ee .eg .er .es .et .eu F .fi .fj .fk .fm .fo .fr G .ga .gd .ge .gf .gg .gh .gi .gl .gm .gn .gp .gq .gr .gs .gt .gu .gw .gy H .hk .hm .hn .hr .ht .hu I .id .ie .il .im .in .io .iq .ir .is .it J .je .jm .jo .jp K .ke .kg .kh .ki .km .kn .kp .kr .kw .ky .kz L .la .lb .lc .li .lk .lr .ls .lt .lu .lv .ly M .ma .mc .md .me .mg .mh .mk .ml .mm .mn .mo .mp .mq .mr .ms .mt .mu .mv .mw .mx .my .mz N .na .nc .ne .nf .ng .ni .nl .no .np .nr .nu .nz O .om P .pa .pe .pf .pg .ph .pk .pl .pm .pn .pr .ps .pt .pw .py Q .qa R .re .ro .rs .ru .rw S .sa .sb .sc .sd .se .sg .sh .si .sk .sl .sm .sn .so .sr .ss .st .su .sv .sx .sy .sz T .tc .td .tf .tg .th .tj .tk .tl .tm .tn .to .tr .tt .tv .tw .tz U .ua .ug .uk .us .uy .uz V .va .vc .ve .vg .vi .vn .vu W .wf .ws Y .ye .yt Z .za .zm .zw
.lv,(https://tr.wikipedia.org/wiki/.lv),1,DNS#176: A .ac .ad .ae .af .ag .ai .al .am .ao .aq .ar .as .at .au .aw .ax .az B .ba .bb .bd .be .bf .bg .bh .bi .bj .bm .bn .bo .br .bs .bt .bw .by .bz C .ca .cc .cd .cf .cg .ch .ci .ck .cl .cm .cn .co .cr .cu .cv .cw .cx .cy .cz D .de .dj .dk .dm .do .dz E .ec .ee .eg .er .es .et .eu F .fi .fj .fk .fm .fo .fr G .ga .gd .ge .gf .gg .gh .gi .gl .gm .gn .gp .gq .gr .gs .gt .gu .gw .gy H .hk .hm .hn .hr .ht .hu I .id .ie .il .im .in .io .iq .ir .is .it J .je .jm .jo .jp K .ke .kg .kh .ki .km .kn .kp .kr .kw .ky .kz L .la .lb .lc .li .lk .lr .ls .lt .lu .lv .ly M .ma .mc .md .me .mg .mh .mk .ml .mm .mn .mo .mp .mq .mr .ms .mt .mu .mv .mw .mx .my .mz N .na .nc .ne .nf .ng .ni .nl .no .np .nr .nu .nz O .om P .pa .pe .pf .pg .ph .pk .pl .pm .pn .pr .ps .pt .pw .py Q .qa R .re .ro .rs .ru .rw S .sa .sb .sc .sd .se .sg .sh .si .sk .sl .sm .sn .so .sr .ss .st .su .sv .sx .sy .sz T .tc .td .tf .tg .th .tj .tk .tl .tm .tn .to .tr .tt .tv .tw .tz U .ua .ug .uk .us .uy .uz V .va .vc .ve .vg .vi .vn .vu W .wf .ws Y .ye .yt Z .za .zm .zw
.ly,(https://tr.wikipedia.org/wiki/.ly),1,DNS#176: A .ac .ad .ae .af .ag .ai .al .am .ao .aq .ar .as .at .au .aw .ax .az B .ba .bb .bd .be .bf .bg .bh .bi .bj .bm .bn .bo .br .bs .bt .bw .by .bz C .ca .cc .cd .cf .cg .ch .ci .ck .cl .cm .cn .co .cr .cu .cv .cw .cx .cy .cz D .de .dj .dk .dm .do .dz E .ec .ee .eg .er .es .et .eu F .fi .fj .fk .fm .fo .fr G .ga .gd .ge .gf .gg .gh .gi .gl .gm .gn .gp .gq .gr .gs .gt .gu .gw .gy H .hk .hm .hn .hr .ht .hu I .id .ie .il .im .in .io .iq .ir .is .it J .je .jm .jo .jp K .ke .kg .kh .ki .km .kn .kp .kr .kw .ky .kz L .la .lb .lc .li .lk .lr .ls .lt .lu .lv .ly M .ma .mc .md .me .mg .mh .mk .ml .mm .mn .mo .mp .mq .mr .ms .mt .mu .mv .mw .mx .my .mz N .na .nc .ne .nf .ng .ni .nl .no .np .nr .nu .nz O .om P .pa .pe .pf .pg .ph .pk .pl .pm .pn .pr .ps .pt .pw .py Q .qa R .re .ro .rs .ru .rw S .sa .sb .sc .sd .se .sg .sh .si .sk .sl .sm .sn .so .sr .ss .st .su .sv .sx .sy .sz T .tc .td .tf .tg .th .tj .tk .tl .tm .tn .to .tr .tt .tv .tw .tz U .ua .ug .uk .us .uy .uz V .va .vc .ve .vg .vi .vn .vu W .wf .ws Y .ye .yt Z .za .zm .zw
.ma,(https://tr.wikipedia.org/wiki/.ma),1,DNS#176: A .ac .ad .ae .af .ag .ai .al .am .ao .aq .ar .as .at .au .aw .ax .az B .ba .bb .bd .be .bf .bg .bh .bi .bj .bm .bn .bo .br .bs .bt .bw .by .bz C .ca .cc .cd .cf .cg .ch .ci .ck .cl .cm .cn .co .cr .cu .cv .cw .cx .cy .cz D .de .dj .dk .dm .do .dz E .ec .ee .eg .er .es .et .eu F .fi .fj .fk .fm .fo .fr G .ga .gd .ge .gf .gg .gh .gi .gl .gm .gn .gp .gq .gr .gs .gt .gu .gw .gy H .hk .hm .hn .hr .ht .hu I .id .ie .il .im .in .io .iq .ir .is .it J .je .jm .jo .jp K .ke .kg .kh .ki .km .kn .kp .kr .kw .ky .kz L .la .lb .lc .li .lk .lr .ls .lt .lu .lv .ly M .ma .mc .md .me .mg .mh .mk .ml .mm .mn .mo .mp .mq .mr .ms .mt .mu .mv .mw .mx .my .mz N .na .nc .ne .nf .ng .ni .nl .no .np .nr .nu .nz O .om P .pa .pe .pf .pg .ph .pk .pl .pm .pn .pr .ps .pt .pw .py Q .qa R .re .ro .rs .ru .rw S .sa .sb .sc .sd .se .sg .sh .si .sk .sl .sm .sn .so .sr .ss .st .su .sv .sx .sy .sz T .tc .td .tf .tg .th .tj .tk .tl .tm .tn .to .tr .tt .tv .tw .tz U .ua .ug .uk .us .uy .uz V .va .vc .ve .vg .vi .vn .vu W .wf .ws Y .ye .yt Z .za .zm .zw
.mc,(https://tr.wikipedia.org/wiki/.mc),1,DNS#176: A .ac .ad .ae .af .ag .ai .al .am .ao .aq .ar .as .at .au .aw .ax .az B .ba .bb .bd .be .bf .bg .bh .bi .bj .bm .bn .bo .br .bs .bt .bw .by .bz C .ca .cc .cd .cf .cg .ch .ci .ck .cl .cm .cn .co .cr .cu .cv .cw .cx .cy .cz D .de .dj .dk .dm .do .dz E .ec .ee .eg .er .es .et .eu F .fi .fj .fk .fm .fo .fr G .ga .gd .ge .gf .gg .gh .gi .gl .gm .gn .gp .gq .gr .gs .gt .gu .gw .gy H .hk .hm .hn .hr .ht .hu I .id .ie .il .im .in .io .iq .ir .is .it J .je .jm .jo .jp K .ke .kg .kh .ki .km .kn .kp .kr .kw .ky .kz L .la .lb .lc .li .lk .lr .ls .lt .lu .lv .ly M .ma .mc .md .me .mg .mh .mk .ml .mm .mn .mo .mp .mq .mr .ms .mt .mu .mv .mw .mx .my .mz N .na .nc .ne .nf .ng .ni .nl .no .np .nr .nu .nz O .om P .pa .pe .pf .pg .ph .pk .pl .pm .pn .pr .ps .pt .pw .py Q .qa R .re .ro .rs .ru .rw S .sa .sb .sc .sd .se .sg .sh .si .sk .sl .sm .sn .so .sr .ss .st .su .sv .sx .sy .sz T .tc .td .tf .tg .th .tj .tk .tl .tm .tn .to .tr .tt .tv .tw .tz U .ua .ug .uk .us .uy .uz V .va .vc .ve .vg .vi .vn .vu W .wf .ws Y .ye .yt Z .za .zm .zw
.md,(https://tr.wikipedia.org/wiki/.md),1,DNS#176: A .ac .ad .ae .af .ag .ai .al .am .ao .aq .ar .as .at .au .aw .ax .az B .ba .bb .bd .be .bf .bg .bh .bi .bj .bm .bn .bo .br .bs .bt .bw .by .bz C .ca .cc .cd .cf .cg .ch .ci .ck .cl .cm .cn .co .cr .cu .cv .cw .cx .cy .cz D .de .dj .dk .dm .do .dz E .ec .ee .eg .er .es .et .eu F .fi .fj .fk .fm .fo .fr G .ga .gd .ge .gf .gg .gh .gi .gl .gm .gn .gp .gq .gr .gs .gt .gu .gw .gy H .hk .hm .hn .hr .ht .hu I .id .ie .il .im .in .io .iq .ir .is .it J .je .jm .jo .jp K .ke .kg .kh .ki .km .kn .kp .kr .kw .ky .kz L .la .lb .lc .li .lk .lr .ls .lt .lu .lv .ly M .ma .mc .md .me .mg .mh .mk .ml .mm .mn .mo .mp .mq .mr .ms .mt .mu .mv .mw .mx .my .mz N .na .nc .ne .nf .ng .ni .nl .no .np .nr .nu .nz O .om P .pa .pe .pf .pg .ph .pk .pl .pm .pn .pr .ps .pt .pw .py Q .qa R .re .ro .rs .ru .rw S .sa .sb .sc .sd .se .sg .sh .si .sk .sl .sm .sn .so .sr .ss .st .su .sv .sx .sy .sz T .tc .td .tf .tg .th .tj .tk .tl .tm .tn .to .tr .tt .tv .tw .tz U .ua .ug .uk .us .uy .uz V .va .vc .ve .vg .vi .vn .vu W .wf .ws Y .ye .yt Z .za .zm .zw
.me,(https://tr.wikipedia.org/wiki/.me),1,DNS#176: A .ac .ad .ae .af .ag .ai .al .am .ao .aq .ar .as .at .au .aw .ax .az B .ba .bb .bd .be .bf .bg .bh .bi .bj .bm .bn .bo .br .bs .bt .bw .by .bz C .ca .cc .cd .cf .cg .ch .ci .ck .cl .cm .cn .co .cr .cu .cv .cw .cx .cy .cz D .de .dj .dk .dm .do .dz E .ec .ee .eg .er .es .et .eu F .fi .fj .fk .fm .fo .fr G .ga .gd .ge .gf .gg .gh .gi .gl .gm .gn .gp .gq .gr .gs .gt .gu .gw .gy H .hk .hm .hn .hr .ht .hu I .id .ie .il .im .in .io .iq .ir .is .it J .je .jm .jo .jp K .ke .kg .kh .ki .km .kn .kp .kr .kw .ky .kz L .la .lb .lc .li .lk .lr .ls .lt .lu .lv .ly M .ma .mc .md .me .mg .mh .mk .ml .mm .mn .mo .mp .mq .mr .ms .mt .mu .mv .mw .mx .my .mz N .na .nc .ne .nf .ng .ni .nl .no .np .nr .nu .nz O .om P .pa .pe .pf .pg .ph .pk .pl .pm .pn .pr .ps .pt .pw .py Q .qa R .re .ro .rs .ru .rw S .sa .sb .sc .sd .se .sg .sh .si .sk .sl .sm .sn .so .sr .ss .st .su .sv .sx .sy .sz T .tc .td .tf .tg .th .tj .tk .tl .tm .tn .to .tr .tt .tv .tw .tz U .ua .ug .uk .us .uy .uz V .va .vc .ve .vg .vi .vn .vu W .wf .ws Y .ye .yt Z .za .zm .zw
.mg,(https://tr.wikipedia.org/wiki/.mg),1,DNS#176: A .ac .ad .ae .af .ag .ai .al .am .ao .aq .ar .as .at .au .aw .ax .az B .ba .bb .bd .be .bf .bg .bh .bi .bj .bm .bn .bo .br .bs .bt .bw .by .bz C .ca .cc .cd .cf .cg .ch .ci .ck .cl .cm .cn .co .cr .cu .cv .cw .cx .cy .cz D .de .dj .dk .dm .do .dz E .ec .ee .eg .er .es .et .eu F .fi .fj .fk .fm .fo .fr G .ga .gd .ge .gf .gg .gh .gi .gl .gm .gn .gp .gq .gr .gs .gt .gu .gw .gy H .hk .hm .hn .hr .ht .hu I .id .ie .il .im .in .io .iq .ir .is .it J .je .jm .jo .jp K .ke .kg .kh .ki .km .kn .kp .kr .kw .ky .kz L .la .lb .lc .li .lk .lr .ls .lt .lu .lv .ly M .ma .mc .md .me .mg .mh .mk .ml .mm .mn .mo .mp .mq .mr .ms .mt .mu .mv .mw .mx .my .mz N .na .nc .ne .nf .ng .ni .nl .no .np .nr .nu .nz O .om P .pa .pe .pf .pg .ph .pk .pl .pm .pn .pr .ps .pt .pw .py Q .qa R .re .ro .rs .ru .rw S .sa .sb .sc .sd .se .sg .sh .si .sk .sl .sm .sn .so .sr .ss .st .su .sv .sx .sy .sz T .tc .td .tf .tg .th .tj .tk .tl .tm .tn .to .tr .tt .tv .tw .tz U .ua .ug .uk .us .uy .uz V .va .vc .ve .vg .vi .vn .vu W .wf .ws Y .ye .yt Z .za .zm .zw
.mh,(https://tr.wikipedia.org/wiki/.mh),1,DNS#176: A .ac .ad .ae .af .ag .ai .al .am .ao .aq .ar .as .at .au .aw .ax .az B .ba .bb .bd .be .bf .bg .bh .bi .bj .bm .bn .bo .br .bs .bt .bw .by .bz C .ca .cc .cd .cf .cg .ch .ci .ck .cl .cm .cn .co .cr .cu .cv .cw .cx .cy .cz D .de .dj .dk .dm .do .dz E .ec .ee .eg .er .es .et .eu F .fi .fj .fk .fm .fo .fr G .ga .gd .ge .gf .gg .gh .gi .gl .gm .gn .gp .gq .gr .gs .gt .gu .gw .gy H .hk .hm .hn .hr .ht .hu I .id .ie .il .im .in .io .iq .ir .is .it J .je .jm .jo .jp K .ke .kg .kh .ki .km .kn .kp .kr .kw .ky .kz L .la .lb .lc .li .lk .lr .ls .lt .lu .lv .ly M .ma .mc .md .me .mg .mh .mk .ml .mm .mn .mo .mp .mq .mr .ms .mt .mu .mv .mw .mx .my .mz N .na .nc .ne .nf .ng .ni .nl .no .np .nr .nu .nz O .om P .pa .pe .pf .pg .ph .pk .pl .pm .pn .pr .ps .pt .pw .py Q .qa R .re .ro .rs .ru .rw S .sa .sb .sc .sd .se .sg .sh .si .sk .sl .sm .sn .so .sr .ss .st .su .sv .sx .sy .sz T .tc .td .tf .tg .th .tj .tk .tl .tm .tn .to .tr .tt .tv .tw .tz U .ua .ug .uk .us .uy .uz V .va .vc .ve .vg .vi .vn .vu W .wf .ws Y .ye .yt Z .za .zm .zw
.mk,(https://tr.wikipedia.org/wiki/.mk),1,DNS#176: A .ac .ad .ae .af .ag .ai .al .am .ao .aq .ar .as .at .au .aw .ax .az B .ba .bb .bd .be .bf .bg .bh .bi .bj .bm .bn .bo .br .bs .bt .bw .by .bz C .ca .cc .cd .cf .cg .ch .ci .ck .cl .cm .cn .co .cr .cu .cv .cw .cx .cy .cz D .de .dj .dk .dm .do .dz E .ec .ee .eg .er .es .et .eu F .fi .fj .fk .fm .fo .fr G .ga .gd .ge .gf .gg .gh .gi .gl .gm .gn .gp .gq .gr .gs .gt .gu .gw .gy H .hk .hm .hn .hr .ht .hu I .id .ie .il .im .in .io .iq .ir .is .it J .je .jm .jo .jp K .ke .kg .kh .ki .km .kn .kp .kr .kw .ky .kz L .la .lb .lc .li .lk .lr .ls .lt .lu .lv .ly M .ma .mc .md .me .mg .mh .mk .ml .mm .mn .mo .mp .mq .mr .ms .mt .mu .mv .mw .mx .my .mz N .na .nc .ne .nf .ng .ni .nl .no .np .nr .nu .nz O .om P .pa .pe .pf .pg .ph .pk .pl .pm .pn .pr .ps .pt .pw .py Q .qa R .re .ro .rs .ru .rw S .sa .sb .sc .sd .se .sg .sh .si .sk .sl .sm .sn .so .sr .ss .st .su .sv .sx .sy .sz T .tc .td .tf .tg .th .tj .tk .tl .tm .tn .to .tr .tt .tv .tw .tz U .ua .ug .uk .us .uy .uz V .va .vc .ve .vg .vi .vn .vu W .wf .ws Y .ye .yt Z .za .zm .zw
.ml,(https://tr.wikipedia.org/wiki/.ml),1,DNS#176: A .ac .ad .ae .af .ag .ai .al .am .ao .aq .ar .as .at .au .aw .ax .az B .ba .bb .bd .be .bf .bg .bh .bi .bj .bm .bn .bo .br .bs .bt .bw .by .bz C .ca .cc .cd .cf .cg .ch .ci .ck .cl .cm .cn .co .cr .cu .cv .cw .cx .cy .cz D .de .dj .dk .dm .do .dz E .ec .ee .eg .er .es .et .eu F .fi .fj .fk .fm .fo .fr G .ga .gd .ge .gf .gg .gh .gi .gl .gm .gn .gp .gq .gr .gs .gt .gu .gw .gy H .hk .hm .hn .hr .ht .hu I .id .ie .il .im .in .io .iq .ir .is .it J .je .jm .jo .jp K .ke .kg .kh .ki .km .kn .kp .kr .kw .ky .kz L .la .lb .lc .li .lk .lr .ls .lt .lu .lv .ly M .ma .mc .md .me .mg .mh .mk .ml .mm .mn .mo .mp .mq .mr .ms .mt .mu .mv .mw .mx .my .mz N .na .nc .ne .nf .ng .ni .nl .no .np .nr .nu .nz O .om P .pa .pe .pf .pg .ph .pk .pl .pm .pn .pr .ps .pt .pw .py Q .qa R .re .ro .rs .ru .rw S .sa .sb .sc .sd .se .sg .sh .si .sk .sl .sm .sn .so .sr .ss .st .su .sv .sx .sy .sz T .tc .td .tf .tg .th .tj .tk .tl .tm .tn .to .tr .tt .tv .tw .tz U .ua .ug .uk .us .uy .uz V .va .vc .ve .vg .vi .vn .vu W .wf .ws Y .ye .yt Z .za .zm .zw
.mm,(https://tr.wikipedia.org/wiki/.mm),1,DNS#176: A .ac .ad .ae .af .ag .ai .al .am .ao .aq .ar .as .at .au .aw .ax .az B .ba .bb .bd .be .bf .bg .bh .bi .bj .bm .bn .bo .br .bs .bt .bw .by .bz C .ca .cc .cd .cf .cg .ch .ci .ck .cl .cm .cn .co .cr .cu .cv .cw .cx .cy .cz D .de .dj .dk .dm .do .dz E .ec .ee .eg .er .es .et .eu F .fi .fj .fk .fm .fo .fr G .ga .gd .ge .gf .gg .gh .gi .gl .gm .gn .gp .gq .gr .gs .gt .gu .gw .gy H .hk .hm .hn .hr .ht .hu I .id .ie .il .im .in .io .iq .ir .is .it J .je .jm .jo .jp K .ke .kg .kh .ki .km .kn .kp .kr .kw .ky .kz L .la .lb .lc .li .lk .lr .ls .lt .lu .lv .ly M .ma .mc .md .me .mg .mh .mk .ml .mm .mn .mo .mp .mq .mr .ms .mt .mu .mv .mw .mx .my .mz N .na .nc .ne .nf .ng .ni .nl .no .np .nr .nu .nz O .om P .pa .pe .pf .pg .ph .pk .pl .pm .pn .pr .ps .pt .pw .py Q .qa R .re .ro .rs .ru .rw S .sa .sb .sc .sd .se .sg .sh .si .sk .sl .sm .sn .so .sr .ss .st .su .sv .sx .sy .sz T .tc .td .tf .tg .th .tj .tk .tl .tm .tn .to .tr .tt .tv .tw .tz U .ua .ug .uk .us .uy .uz V .va .vc .ve .vg .vi .vn .vu W .wf .ws Y .ye .yt Z .za .zm .zw
.mn,(https://tr.wikipedia.org/wiki/.mn),1,DNS#176: A .ac .ad .ae .af .ag .ai .al .am .ao .aq .ar .as .at .au .aw .ax .az B .ba .bb .bd .be .bf .bg .bh .bi .bj .bm .bn .bo .br .bs .bt .bw .by .bz C .ca .cc .cd .cf .cg .ch .ci .ck .cl .cm .cn .co .cr .cu .cv .cw .cx .cy .cz D .de .dj .dk .dm .do .dz E .ec .ee .eg .er .es .et .eu F .fi .fj .fk .fm .fo .fr G .ga .gd .ge .gf .gg .gh .gi .gl .gm .gn .gp .gq .gr .gs .gt .gu .gw .gy H .hk .hm .hn .hr .ht .hu I .id .ie .il .im .in .io .iq .ir .is .it J .je .jm .jo .jp K .ke .kg .kh .ki .km .kn .kp .kr .kw .ky .kz L .la .lb .lc .li .lk .lr .ls .lt .lu .lv .ly M .ma .mc .md .me .mg .mh .mk .ml .mm .mn .mo .mp .mq .mr .ms .mt .mu .mv .mw .mx .my .mz N .na .nc .ne .nf .ng .ni .nl .no .np .nr .nu .nz O .om P .pa .pe .pf .pg .ph .pk .pl .pm .pn .pr .ps .pt .pw .py Q .qa R .re .ro .rs .ru .rw S .sa .sb .sc .sd .se .sg .sh .si .sk .sl .sm .sn .so .sr .ss .st .su .sv .sx .sy .sz T .tc .td .tf .tg .th .tj .tk .tl .tm .tn .to .tr .tt .tv .tw .tz U .ua .ug .uk .us .uy .uz V .va .vc .ve .vg .vi .vn .vu W .wf .ws Y .ye .yt Z .za .zm .zw
.mo,(https://tr.wikipedia.org/wiki/.mo),1,DNS#176: A .ac .ad .ae .af .ag .ai .al .am .ao .aq .ar .as .at .au .aw .ax .az B .ba .bb .bd .be .bf .bg .bh .bi .bj .bm .bn .bo .br .bs .bt .bw .by .bz C .ca .cc .cd .cf .cg .ch .ci .ck .cl .cm .cn .co .cr .cu .cv .cw .cx .cy .cz D .de .dj .dk .dm .do .dz E .ec .ee .eg .er .es .et .eu F .fi .fj .fk .fm .fo .fr G .ga .gd .ge .gf .gg .gh .gi .gl .gm .gn .gp .gq .gr .gs .gt .gu .gw .gy H .hk .hm .hn .hr .ht .hu I .id .ie .il .im .in .io .iq .ir .is .it J .je .jm .jo .jp K .ke .kg .kh .ki .km .kn .kp .kr .kw .ky .kz L .la .lb .lc .li .lk .lr .ls .lt .lu .lv .ly M .ma .mc .md .me .mg .mh .mk .ml .mm .mn .mo .mp .mq .mr .ms .mt .mu .mv .mw .mx .my .mz N .na .nc .ne .nf .ng .ni .nl .no .np .nr .nu .nz O .om P .pa .pe .pf .pg .ph .pk .pl .pm .pn .pr .ps .pt .pw .py Q .qa R .re .ro .rs .ru .rw S .sa .sb .sc .sd .se .sg .sh .si .sk .sl .sm .sn .so .sr .ss .st .su .sv .sx .sy .sz T .tc .td .tf .tg .th .tj .tk .tl .tm .tn .to .tr .tt .tv .tw .tz U .ua .ug .uk .us .uy .uz V .va .vc .ve .vg .vi .vn .vu W .wf .ws Y .ye .yt Z .za .zm .zw
.mp,(https://tr.wikipedia.org/wiki/.mp),1,DNS#176: A .ac .ad .ae .af .ag .ai .al .am .ao .aq .ar .as .at .au .aw .ax .az B .ba .bb .bd .be .bf .bg .bh .bi .bj .bm .bn .bo .br .bs .bt .bw .by .bz C .ca .cc .cd .cf .cg .ch .ci .ck .cl .cm .cn .co .cr .cu .cv .cw .cx .cy .cz D .de .dj .dk .dm .do .dz E .ec .ee .eg .er .es .et .eu F .fi .fj .fk .fm .fo .fr G .ga .gd .ge .gf .gg .gh .gi .gl .gm .gn .gp .gq .gr .gs .gt .gu .gw .gy H .hk .hm .hn .hr .ht .hu I .id .ie .il .im .in .io .iq .ir .is .it J .je .jm .jo .jp K .ke .kg .kh .ki .km .kn .kp .kr .kw .ky .kz L .la .lb .lc .li .lk .lr .ls .lt .lu .lv .ly M .ma .mc .md .me .mg .mh .mk .ml .mm .mn .mo .mp .mq .mr .ms .mt .mu .mv .mw .mx .my .mz N .na .nc .ne .nf .ng .ni .nl .no .np .nr .nu .nz O .om P .pa .pe .pf .pg .ph .pk .pl .pm .pn .pr .ps .pt .pw .py Q .qa R .re .ro .rs .ru .rw S .sa .sb .sc .sd .se .sg .sh .si .sk .sl .sm .sn .so .sr .ss .st .su .sv .sx .sy .sz T .tc .td .tf .tg .th .tj .tk .tl .tm .tn .to .tr .tt .tv .tw .tz U .ua .ug .uk .us .uy .uz V .va .vc .ve .vg .vi .vn .vu W .wf .ws Y .ye .yt Z .za .zm .zw
.mq,(https://tr.wikipedia.org/wiki/.mq),1,DNS#176: A .ac .ad .ae .af .ag .ai .al .am .ao .aq .ar .as .at .au .aw .ax .az B .ba .bb .bd .be .bf .bg .bh .bi .bj .bm .bn .bo .br .bs .bt .bw .by .bz C .ca .cc .cd .cf .cg .ch .ci .ck .cl .cm .cn .co .cr .cu .cv .cw .cx .cy .cz D .de .dj .dk .dm .do .dz E .ec .ee .eg .er .es .et .eu F .fi .fj .fk .fm .fo .fr G .ga .gd .ge .gf .gg .gh .gi .gl .gm .gn .gp .gq .gr .gs .gt .gu .gw .gy H .hk .hm .hn .hr .ht .hu I .id .ie .il .im .in .io .iq .ir .is .it J .je .jm .jo .jp K .ke .kg .kh .ki .km .kn .kp .kr .kw .ky .kz L .la .lb .lc .li .lk .lr .ls .lt .lu .lv .ly M .ma .mc .md .me .mg .mh .mk .ml .mm .mn .mo .mp .mq .mr .ms .mt .mu .mv .mw .mx .my .mz N .na .nc .ne .nf .ng .ni .nl .no .np .nr .nu .nz O .om P .pa .pe .pf .pg .ph .pk .pl .pm .pn .pr .ps .pt .pw .py Q .qa R .re .ro .rs .ru .rw S .sa .sb .sc .sd .se .sg .sh .si .sk .sl .sm .sn .so .sr .ss .st .su .sv .sx .sy .sz T .tc .td .tf .tg .th .tj .tk .tl .tm .tn .to .tr .tt .tv .tw .tz U .ua .ug .uk .us .uy .uz V .va .vc .ve .vg .vi .vn .vu W .wf .ws Y .ye .yt Z .za .zm .zw
.mr,(https://tr.wikipedia.org/wiki/.mr),1,DNS#176: A .ac .ad .ae .af .ag .ai .al .am .ao .aq .ar .as .at .au .aw .ax .az B .ba .bb .bd .be .bf .bg .bh .bi .bj .bm .bn .bo .br .bs .bt .bw .by .bz C .ca .cc .cd .cf .cg .ch .ci .ck .cl .cm .cn .co .cr .cu .cv .cw .cx .cy .cz D .de .dj .dk .dm .do .dz E .ec .ee .eg .er .es .et .eu F .fi .fj .fk .fm .fo .fr G .ga .gd .ge .gf .gg .gh .gi .gl .gm .gn .gp .gq .gr .gs .gt .gu .gw .gy H .hk .hm .hn .hr .ht .hu I .id .ie .il .im .in .io .iq .ir .is .it J .je .jm .jo .jp K .ke .kg .kh .ki .km .kn .kp .kr .kw .ky .kz L .la .lb .lc .li .lk .lr .ls .lt .lu .lv .ly M .ma .mc .md .me .mg .mh .mk .ml .mm .mn .mo .mp .mq .mr .ms .mt .mu .mv .mw .mx .my .mz N .na .nc .ne .nf .ng .ni .nl .no .np .nr .nu .nz O .om P .pa .pe .pf .pg .ph .pk .pl .pm .pn .pr .ps .pt .pw .py Q .qa R .re .ro .rs .ru .rw S .sa .sb .sc .sd .se .sg .sh .si .sk .sl .sm .sn .so .sr .ss .st .su .sv .sx .sy .sz T .tc .td .tf .tg .th .tj .tk .tl .tm .tn .to .tr .tt .tv .tw .tz U .ua .ug .uk .us .uy .uz V .va .vc .ve .vg .vi .vn .vu W .wf .ws Y .ye .yt Z .za .zm .zw
.ms,(https://tr.wikipedia.org/wiki/.ms),1,DNS#176: A .ac .ad .ae .af .ag .ai .al .am .ao .aq .ar .as .at .au .aw .ax .az B .ba .bb .bd .be .bf .bg .bh .bi .bj .bm .bn .bo .br .bs .bt .bw .by .bz C .ca .cc .cd .cf .cg .ch .ci .ck .cl .cm .cn .co .cr .cu .cv .cw .cx .cy .cz D .de .dj .dk .dm .do .dz E .ec .ee .eg .er .es .et .eu F .fi .fj .fk .fm .fo .fr G .ga .gd .ge .gf .gg .gh .gi .gl .gm .gn .gp .gq .gr .gs .gt .gu .gw .gy H .hk .hm .hn .hr .ht .hu I .id .ie .il .im .in .io .iq .ir .is .it J .je .jm .jo .jp K .ke .kg .kh .ki .km .kn .kp .kr .kw .ky .kz L .la .lb .lc .li .lk .lr .ls .lt .lu .lv .ly M .ma .mc .md .me .mg .mh .mk .ml .mm .mn .mo .mp .mq .mr .ms .mt .mu .mv .mw .mx .my .mz N .na .nc .ne .nf .ng .ni .nl .no .np .nr .nu .nz O .om P .pa .pe .pf .pg .ph .pk .pl .pm .pn .pr .ps .pt .pw .py Q .qa R .re .ro .rs .ru .rw S .sa .sb .sc .sd .se .sg .sh .si .sk .sl .sm .sn .so .sr .ss .st .su .sv .sx .sy .sz T .tc .td .tf .tg .th .tj .tk .tl .tm .tn .to .tr .tt .tv .tw .tz U .ua .ug .uk .us .uy .uz V .va .vc .ve .vg .vi .vn .vu W .wf .ws Y .ye .yt Z .za .zm .zw
.mt,(https://tr.wikipedia.org/wiki/.mt),1,DNS#176: A .ac .ad .ae .af .ag .ai .al .am .ao .aq .ar .as .at .au .aw .ax .az B .ba .bb .bd .be .bf .bg .bh .bi .bj .bm .bn .bo .br .bs .bt .bw .by .bz C .ca .cc .cd .cf .cg .ch .ci .ck .cl .cm .cn .co .cr .cu .cv .cw .cx .cy .cz D .de .dj .dk .dm .do .dz E .ec .ee .eg .er .es .et .eu F .fi .fj .fk .fm .fo .fr G .ga .gd .ge .gf .gg .gh .gi .gl .gm .gn .gp .gq .gr .gs .gt .gu .gw .gy H .hk .hm .hn .hr .ht .hu I .id .ie .il .im .in .io .iq .ir .is .it J .je .jm .jo .jp K .ke .kg .kh .ki .km .kn .kp .kr .kw .ky .kz L .la .lb .lc .li .lk .lr .ls .lt .lu .lv .ly M .ma .mc .md .me .mg .mh .mk .ml .mm .mn .mo .mp .mq .mr .ms .mt .mu .mv .mw .mx .my .mz N .na .nc .ne .nf .ng .ni .nl .no .np .nr .nu .nz O .om P .pa .pe .pf .pg .ph .pk .pl .pm .pn .pr .ps .pt .pw .py Q .qa R .re .ro .rs .ru .rw S .sa .sb .sc .sd .se .sg .sh .si .sk .sl .sm .sn .so .sr .ss .st .su .sv .sx .sy .sz T .tc .td .tf .tg .th .tj .tk .tl .tm .tn .to .tr .tt .tv .tw .tz U .ua .ug .uk .us .uy .uz V .va .vc .ve .vg .vi .vn .vu W .wf .ws Y .ye .yt Z .za .zm .zw
.mu,(https://tr.wikipedia.org/wiki/.mu),1,DNS#176: A .ac .ad .ae .af .ag .ai .al .am .ao .aq .ar .as .at .au .aw .ax .az B .ba .bb .bd .be .bf .bg .bh .bi .bj .bm .bn .bo .br .bs .bt .bw .by .bz C .ca .cc .cd .cf .cg .ch .ci .ck .cl .cm .cn .co .cr .cu .cv .cw .cx .cy .cz D .de .dj .dk .dm .do .dz E .ec .ee .eg .er .es .et .eu F .fi .fj .fk .fm .fo .fr G .ga .gd .ge .gf .gg .gh .gi .gl .gm .gn .gp .gq .gr .gs .gt .gu .gw .gy H .hk .hm .hn .hr .ht .hu I .id .ie .il .im .in .io .iq .ir .is .it J .je .jm .jo .jp K .ke .kg .kh .ki .km .kn .kp .kr .kw .ky .kz L .la .lb .lc .li .lk .lr .ls .lt .lu .lv .ly M .ma .mc .md .me .mg .mh .mk .ml .mm .mn .mo .mp .mq .mr .ms .mt .mu .mv .mw .mx .my .mz N .na .nc .ne .nf .ng .ni .nl .no .np .nr .nu .nz O .om P .pa .pe .pf .pg .ph .pk .pl .pm .pn .pr .ps .pt .pw .py Q .qa R .re .ro .rs .ru .rw S .sa .sb .sc .sd .se .sg .sh .si .sk .sl .sm .sn .so .sr .ss .st .su .sv .sx .sy .sz T .tc .td .tf .tg .th .tj .tk .tl .tm .tn .to .tr .tt .tv .tw .tz U .ua .ug .uk .us .uy .uz V .va .vc .ve .vg .vi .vn .vu W .wf .ws Y .ye .yt Z .za .zm .zw
.mv,(https://tr.wikipedia.org/wiki/.mv),1,DNS#176: A .ac .ad .ae .af .ag .ai .al .am .ao .aq .ar .as .at .au .aw .ax .az B .ba .bb .bd .be .bf .bg .bh .bi .bj .bm .bn .bo .br .bs .bt .bw .by .bz C .ca .cc .cd .cf .cg .ch .ci .ck .cl .cm .cn .co .cr .cu .cv .cw .cx .cy .cz D .de .dj .dk .dm .do .dz E .ec .ee .eg .er .es .et .eu F .fi .fj .fk .fm .fo .fr G .ga .gd .ge .gf .gg .gh .gi .gl .gm .gn .gp .gq .gr .gs .gt .gu .gw .gy H .hk .hm .hn .hr .ht .hu I .id .ie .il .im .in .io .iq .ir .is .it J .je .jm .jo .jp K .ke .kg .kh .ki .km .kn .kp .kr .kw .ky .kz L .la .lb .lc .li .lk .lr .ls .lt .lu .lv .ly M .ma .mc .md .me .mg .mh .mk .ml .mm .mn .mo .mp .mq .mr .ms .mt .mu .mv .mw .mx .my .mz N .na .nc .ne .nf .ng .ni .nl .no .np .nr .nu .nz O .om P .pa .pe .pf .pg .ph .pk .pl .pm .pn .pr .ps .pt .pw .py Q .qa R .re .ro .rs .ru .rw S .sa .sb .sc .sd .se .sg .sh .si .sk .sl .sm .sn .so .sr .ss .st .su .sv .sx .sy .sz T .tc .td .tf .tg .th .tj .tk .tl .tm .tn .to .tr .tt .tv .tw .tz U .ua .ug .uk .us .uy .uz V .va .vc .ve .vg .vi .vn .vu W .wf .ws Y .ye .yt Z .za .zm .zw
.mw,(https://tr.wikipedia.org/wiki/.mw),1,DNS#176: A .ac .ad .ae .af .ag .ai .al .am .ao .aq .ar .as .at .au .aw .ax .az B .ba .bb .bd .be .bf .bg .bh .bi .bj .bm .bn .bo .br .bs .bt .bw .by .bz C .ca .cc .cd .cf .cg .ch .ci .ck .cl .cm .cn .co .cr .cu .cv .cw .cx .cy .cz D .de .dj .dk .dm .do .dz E .ec .ee .eg .er .es .et .eu F .fi .fj .fk .fm .fo .fr G .ga .gd .ge .gf .gg .gh .gi .gl .gm .gn .gp .gq .gr .gs .gt .gu .gw .gy H .hk .hm .hn .hr .ht .hu I .id .ie .il .im .in .io .iq .ir .is .it J .je .jm .jo .jp K .ke .kg .kh .ki .km .kn .kp .kr .kw .ky .kz L .la .lb .lc .li .lk .lr .ls .lt .lu .lv .ly M .ma .mc .md .me .mg .mh .mk .ml .mm .mn .mo .mp .mq .mr .ms .mt .mu .mv .mw .mx .my .mz N .na .nc .ne .nf .ng .ni .nl .no .np .nr .nu .nz O .om P .pa .pe .pf .pg .ph .pk .pl .pm .pn .pr .ps .pt .pw .py Q .qa R .re .ro .rs .ru .rw S .sa .sb .sc .sd .se .sg .sh .si .sk .sl .sm .sn .so .sr .ss .st .su .sv .sx .sy .sz T .tc .td .tf .tg .th .tj .tk .tl .tm .tn .to .tr .tt .tv .tw .tz U .ua .ug .uk .us .uy .uz V .va .vc .ve .vg .vi .vn .vu W .wf .ws Y .ye .yt Z .za .zm .zw
.mx,(https://tr.wikipedia.org/wiki/.mx),1,DNS#176: A .ac .ad .ae .af .ag .ai .al .am .ao .aq .ar .as .at .au .aw .ax .az B .ba .bb .bd .be .bf .bg .bh .bi .bj .bm .bn .bo .br .bs .bt .bw .by .bz C .ca .cc .cd .cf .cg .ch .ci .ck .cl .cm .cn .co .cr .cu .cv .cw .cx .cy .cz D .de .dj .dk .dm .do .dz E .ec .ee .eg .er .es .et .eu F .fi .fj .fk .fm .fo .fr G .ga .gd .ge .gf .gg .gh .gi .gl .gm .gn .gp .gq .gr .gs .gt .gu .gw .gy H .hk .hm .hn .hr .ht .hu I .id .ie .il .im .in .io .iq .ir .is .it J .je .jm .jo .jp K .ke .kg .kh .ki .km .kn .kp .kr .kw .ky .kz L .la .lb .lc .li .lk .lr .ls .lt .lu .lv .ly M .ma .mc .md .me .mg .mh .mk .ml .mm .mn .mo .mp .mq .mr .ms .mt .mu .mv .mw .mx .my .mz N .na .nc .ne .nf .ng .ni .nl .no .np .nr .nu .nz O .om P .pa .pe .pf .pg .ph .pk .pl .pm .pn .pr .ps .pt .pw .py Q .qa R .re .ro .rs .ru .rw S .sa .sb .sc .sd .se .sg .sh .si .sk .sl .sm .sn .so .sr .ss .st .su .sv .sx .sy .sz T .tc .td .tf .tg .th .tj .tk .tl .tm .tn .to .tr .tt .tv .tw .tz U .ua .ug .uk .us .uy .uz V .va .vc .ve .vg .vi .vn .vu W .wf .ws Y .ye .yt Z .za .zm .zw
.my,(https://tr.wikipedia.org/wiki/.my),1,DNS#176: A .ac .ad .ae .af .ag .ai .al .am .ao .aq .ar .as .at .au .aw .ax .az B .ba .bb .bd .be .bf .bg .bh .bi .bj .bm .bn .bo .br .bs .bt .bw .by .bz C .ca .cc .cd .cf .cg .ch .ci .ck .cl .cm .cn .co .cr .cu .cv .cw .cx .cy .cz D .de .dj .dk .dm .do .dz E .ec .ee .eg .er .es .et .eu F .fi .fj .fk .fm .fo .fr G .ga .gd .ge .gf .gg .gh .gi .gl .gm .gn .gp .gq .gr .gs .gt .gu .gw .gy H .hk .hm .hn .hr .ht .hu I .id .ie .il .im .in .io .iq .ir .is .it J .je .jm .jo .jp K .ke .kg .kh .ki .km .kn .kp .kr .kw .ky .kz L .la .lb .lc .li .lk .lr .ls .lt .lu .lv .ly M .ma .mc .md .me .mg .mh .mk .ml .mm .mn .mo .mp .mq .mr .ms .mt .mu .mv .mw .mx .my .mz N .na .nc .ne .nf .ng .ni .nl .no .np .nr .nu .nz O .om P .pa .pe .pf .pg .ph .pk .pl .pm .pn .pr .ps .pt .pw .py Q .qa R .re .ro .rs .ru .rw S .sa .sb .sc .sd .se .sg .sh .si .sk .sl .sm .sn .so .sr .ss .st .su .sv .sx .sy .sz T .tc .td .tf .tg .th .tj .tk .tl .tm .tn .to .tr .tt .tv .tw .tz U .ua .ug .uk .us .uy .uz V .va .vc .ve .vg .vi .vn .vu W .wf .ws Y .ye .yt Z .za .zm .zw
.mz,(https://tr.wikipedia.org/wiki/.mz),1,DNS#176: A .ac .ad .ae .af .ag .ai .al .am .ao .aq .ar .as .at .au .aw .ax .az B .ba .bb .bd .be .bf .bg .bh .bi .bj .bm .bn .bo .br .bs .bt .bw .by .bz C .ca .cc .cd .cf .cg .ch .ci .ck .cl .cm .cn .co .cr .cu .cv .cw .cx .cy .cz D .de .dj .dk .dm .do .dz E .ec .ee .eg .er .es .et .eu F .fi .fj .fk .fm .fo .fr G .ga .gd .ge .gf .gg .gh .gi .gl .gm .gn .gp .gq .gr .gs .gt .gu .gw .gy H .hk .hm .hn .hr .ht .hu I .id .ie .il .im .in .io .iq .ir .is .it J .je .jm .jo .jp K .ke .kg .kh .ki .km .kn .kp .kr .kw .ky .kz L .la .lb .lc .li .lk .lr .ls .lt .lu .lv .ly M .ma .mc .md .me .mg .mh .mk .ml .mm .mn .mo .mp .mq .mr .ms .mt .mu .mv .mw .mx .my .mz N .na .nc .ne .nf .ng .ni .nl .no .np .nr .nu .nz O .om P .pa .pe .pf .pg .ph .pk .pl .pm .pn .pr .ps .pt .pw .py Q .qa R .re .ro .rs .ru .rw S .sa .sb .sc .sd .se .sg .sh .si .sk .sl .sm .sn .so .sr .ss .st .su .sv .sx .sy .sz T .tc .td .tf .tg .th .tj .tk .tl .tm .tn .to .tr .tt .tv .tw .tz U .ua .ug .uk .us .uy .uz V .va .vc .ve .vg .vi .vn .vu W .wf .ws Y .ye .yt Z .za .zm .zw
.na,(https://tr.wikipedia.org/wiki/.na),1,DNS#176: A .ac .ad .ae .af .ag .ai .al .am .ao .aq .ar .as .at .au .aw .ax .az B .ba .bb .bd .be .bf .bg .bh .bi .bj .bm .bn .bo .br .bs .bt .bw .by .bz C .ca .cc .cd .cf .cg .ch .ci .ck .cl .cm .cn .co .cr .cu .cv .cw .cx .cy .cz D .de .dj .dk .dm .do .dz E .ec .ee .eg .er .es .et .eu F .fi .fj .fk .fm .fo .fr G .ga .gd .ge .gf .gg .gh .gi .gl .gm .gn .gp .gq .gr .gs .gt .gu .gw .gy H .hk .hm .hn .hr .ht .hu I .id .ie .il .im .in .io .iq .ir .is .it J .je .jm .jo .jp K .ke .kg .kh .ki .km .kn .kp .kr .kw .ky .kz L .la .lb .lc .li .lk .lr .ls .lt .lu .lv .ly M .ma .mc .md .me .mg .mh .mk .ml .mm .mn .mo .mp .mq .mr .ms .mt .mu .mv .mw .mx .my .mz N .na .nc .ne .nf .ng .ni .nl .no .np .nr .nu .nz O .om P .pa .pe .pf .pg .ph .pk .pl .pm .pn .pr .ps .pt .pw .py Q .qa R .re .ro .rs .ru .rw S .sa .sb .sc .sd .se .sg .sh .si .sk .sl .sm .sn .so .sr .ss .st .su .sv .sx .sy .sz T .tc .td .tf .tg .th .tj .tk .tl .tm .tn .to .tr .tt .tv .tw .tz U .ua .ug .uk .us .uy .uz V .va .vc .ve .vg .vi .vn .vu W .wf .ws Y .ye .yt Z .za .zm .zw
.nc,(https://tr.wikipedia.org/wiki/.nc),1,DNS#176: A .ac .ad .ae .af .ag .ai .al .am .ao .aq .ar .as .at .au .aw .ax .az B .ba .bb .bd .be .bf .bg .bh .bi .bj .bm .bn .bo .br .bs .bt .bw .by .bz C .ca .cc .cd .cf .cg .ch .ci .ck .cl .cm .cn .co .cr .cu .cv .cw .cx .cy .cz D .de .dj .dk .dm .do .dz E .ec .ee .eg .er .es .et .eu F .fi .fj .fk .fm .fo .fr G .ga .gd .ge .gf .gg .gh .gi .gl .gm .gn .gp .gq .gr .gs .gt .gu .gw .gy H .hk .hm .hn .hr .ht .hu I .id .ie .il .im .in .io .iq .ir .is .it J .je .jm .jo .jp K .ke .kg .kh .ki .km .kn .kp .kr .kw .ky .kz L .la .lb .lc .li .lk .lr .ls .lt .lu .lv .ly M .ma .mc .md .me .mg .mh .mk .ml .mm .mn .mo .mp .mq .mr .ms .mt .mu .mv .mw .mx .my .mz N .na .nc .ne .nf .ng .ni .nl .no .np .nr .nu .nz O .om P .pa .pe .pf .pg .ph .pk .pl .pm .pn .pr .ps .pt .pw .py Q .qa R .re .ro .rs .ru .rw S .sa .sb .sc .sd .se .sg .sh .si .sk .sl .sm .sn .so .sr .ss .st .su .sv .sx .sy .sz T .tc .td .tf .tg .th .tj .tk .tl .tm .tn .to .tr .tt .tv .tw .tz U .ua .ug .uk .us .uy .uz V .va .vc .ve .vg .vi .vn .vu W .wf .ws Y .ye .yt Z .za .zm .zw
.ne,(https://tr.wikipedia.org/wiki/.ne),1,DNS#176: A .ac .ad .ae .af .ag .ai .al .am .ao .aq .ar .as .at .au .aw .ax .az B .ba .bb .bd .be .bf .bg .bh .bi .bj .bm .bn .bo .br .bs .bt .bw .by .bz C .ca .cc .cd .cf .cg .ch .ci .ck .cl .cm .cn .co .cr .cu .cv .cw .cx .cy .cz D .de .dj .dk .dm .do .dz E .ec .ee .eg .er .es .et .eu F .fi .fj .fk .fm .fo .fr G .ga .gd .ge .gf .gg .gh .gi .gl .gm .gn .gp .gq .gr .gs .gt .gu .gw .gy H .hk .hm .hn .hr .ht .hu I .id .ie .il .im .in .io .iq .ir .is .it J .je .jm .jo .jp K .ke .kg .kh .ki .km .kn .kp .kr .kw .ky .kz L .la .lb .lc .li .lk .lr .ls .lt .lu .lv .ly M .ma .mc .md .me .mg .mh .mk .ml .mm .mn .mo .mp .mq .mr .ms .mt .mu .mv .mw .mx .my .mz N .na .nc .ne .nf .ng .ni .nl .no .np .nr .nu .nz O .om P .pa .pe .pf .pg .ph .pk .pl .pm .pn .pr .ps .pt .pw .py Q .qa R .re .ro .rs .ru .rw S .sa .sb .sc .sd .se .sg .sh .si .sk .sl .sm .sn .so .sr .ss .st .su .sv .sx .sy .sz T .tc .td .tf .tg .th .tj .tk .tl .tm .tn .to .tr .tt .tv .tw .tz U .ua .ug .uk .us .uy .uz V .va .vc .ve .vg .vi .vn .vu W .wf .ws Y .ye .yt Z .za .zm .zw
.nf,(https://tr.wikipedia.org/wiki/.nf),1,DNS#176: A .ac .ad .ae .af .ag .ai .al .am .ao .aq .ar .as .at .au .aw .ax .az B .ba .bb .bd .be .bf .bg .bh .bi .bj .bm .bn .bo .br .bs .bt .bw .by .bz C .ca .cc .cd .cf .cg .ch .ci .ck .cl .cm .cn .co .cr .cu .cv .cw .cx .cy .cz D .de .dj .dk .dm .do .dz E .ec .ee .eg .er .es .et .eu F .fi .fj .fk .fm .fo .fr G .ga .gd .ge .gf .gg .gh .gi .gl .gm .gn .gp .gq .gr .gs .gt .gu .gw .gy H .hk .hm .hn .hr .ht .hu I .id .ie .il .im .in .io .iq .ir .is .it J .je .jm .jo .jp K .ke .kg .kh .ki .km .kn .kp .kr .kw .ky .kz L .la .lb .lc .li .lk .lr .ls .lt .lu .lv .ly M .ma .mc .md .me .mg .mh .mk .ml .mm .mn .mo .mp .mq .mr .ms .mt .mu .mv .mw .mx .my .mz N .na .nc .ne .nf .ng .ni .nl .no .np .nr .nu .nz O .om P .pa .pe .pf .pg .ph .pk .pl .pm .pn .pr .ps .pt .pw .py Q .qa R .re .ro .rs .ru .rw S .sa .sb .sc .sd .se .sg .sh .si .sk .sl .sm .sn .so .sr .ss .st .su .sv .sx .sy .sz T .tc .td .tf .tg .th .tj .tk .tl .tm .tn .to .tr .tt .tv .tw .tz U .ua .ug .uk .us .uy .uz V .va .vc .ve .vg .vi .vn .vu W .wf .ws Y .ye .yt Z .za .zm .zw
.ng,(https://tr.wikipedia.org/wiki/.ng),1,DNS#176: A .ac .ad .ae .af .ag .ai .al .am .ao .aq .ar .as .at .au .aw .ax .az B .ba .bb .bd .be .bf .bg .bh .bi .bj .bm .bn .bo .br .bs .bt .bw .by .bz C .ca .cc .cd .cf .cg .ch .ci .ck .cl .cm .cn .co .cr .cu .cv .cw .cx .cy .cz D .de .dj .dk .dm .do .dz E .ec .ee .eg .er .es .et .eu F .fi .fj .fk .fm .fo .fr G .ga .gd .ge .gf .gg .gh .gi .gl .gm .gn .gp .gq .gr .gs .gt .gu .gw .gy H .hk .hm .hn .hr .ht .hu I .id .ie .il .im .in .io .iq .ir .is .it J .je .jm .jo .jp K .ke .kg .kh .ki .km .kn .kp .kr .kw .ky .kz L .la .lb .lc .li .lk .lr .ls .lt .lu .lv .ly M .ma .mc .md .me .mg .mh .mk .ml .mm .mn .mo .mp .mq .mr .ms .mt .mu .mv .mw .mx .my .mz N .na .nc .ne .nf .ng .ni .nl .no .np .nr .nu .nz O .om P .pa .pe .pf .pg .ph .pk .pl .pm .pn .pr .ps .pt .pw .py Q .qa R .re .ro .rs .ru .rw S .sa .sb .sc .sd .se .sg .sh .si .sk .sl .sm .sn .so .sr .ss .st .su .sv .sx .sy .sz T .tc .td .tf .tg .th .tj .tk .tl .tm .tn .to .tr .tt .tv .tw .tz U .ua .ug .uk .us .uy .uz V .va .vc .ve .vg .vi .vn .vu W .wf .ws Y .ye .yt Z .za .zm .zw
.ni,(https://tr.wikipedia.org/wiki/.ni),1,DNS#176: A .ac .ad .ae .af .ag .ai .al .am .ao .aq .ar .as .at .au .aw .ax .az B .ba .bb .bd .be .bf .bg .bh .bi .bj .bm .bn .bo .br .bs .bt .bw .by .bz C .ca .cc .cd .cf .cg .ch .ci .ck .cl .cm .cn .co .cr .cu .cv .cw .cx .cy .cz D .de .dj .dk .dm .do .dz E .ec .ee .eg .er .es .et .eu F .fi .fj .fk .fm .fo .fr G .ga .gd .ge .gf .gg .gh .gi .gl .gm .gn .gp .gq .gr .gs .gt .gu .gw .gy H .hk .hm .hn .hr .ht .hu I .id .ie .il .im .in .io .iq .ir .is .it J .je .jm .jo .jp K .ke .kg .kh .ki .km .kn .kp .kr .kw .ky .kz L .la .lb .lc .li .lk .lr .ls .lt .lu .lv .ly M .ma .mc .md .me .mg .mh .mk .ml .mm .mn .mo .mp .mq .mr .ms .mt .mu .mv .mw .mx .my .mz N .na .nc .ne .nf .ng .ni .nl .no .np .nr .nu .nz O .om P .pa .pe .pf .pg .ph .pk .pl .pm .pn .pr .ps .pt .pw .py Q .qa R .re .ro .rs .ru .rw S .sa .sb .sc .sd .se .sg .sh .si .sk .sl .sm .sn .so .sr .ss .st .su .sv .sx .sy .sz T .tc .td .tf .tg .th .tj .tk .tl .tm .tn .to .tr .tt .tv .tw .tz U .ua .ug .uk .us .uy .uz V .va .vc .ve .vg .vi .vn .vu W .wf .ws Y .ye .yt Z .za .zm .zw
.nl,(https://tr.wikipedia.org/wiki/.nl),1,DNS#176: A .ac .ad .ae .af .ag .ai .al .am .ao .aq .ar .as .at .au .aw .ax .az B .ba .bb .bd .be .bf .bg .bh .bi .bj .bm .bn .bo .br .bs .bt .bw .by .bz C .ca .cc .cd .cf .cg .ch .ci .ck .cl .cm .cn .co .cr .cu .cv .cw .cx .cy .cz D .de .dj .dk .dm .do .dz E .ec .ee .eg .er .es .et .eu F .fi .fj .fk .fm .fo .fr G .ga .gd .ge .gf .gg .gh .gi .gl .gm .gn .gp .gq .gr .gs .gt .gu .gw .gy H .hk .hm .hn .hr .ht .hu I .id .ie .il .im .in .io .iq .ir .is .it J .je .jm .jo .jp K .ke .kg .kh .ki .km .kn .kp .kr .kw .ky .kz L .la .lb .lc .li .lk .lr .ls .lt .lu .lv .ly M .ma .mc .md .me .mg .mh .mk .ml .mm .mn .mo .mp .mq .mr .ms .mt .mu .mv .mw .mx .my .mz N .na .nc .ne .nf .ng .ni .nl .no .np .nr .nu .nz O .om P .pa .pe .pf .pg .ph .pk .pl .pm .pn .pr .ps .pt .pw .py Q .qa R .re .ro .rs .ru .rw S .sa .sb .sc .sd .se .sg .sh .si .sk .sl .sm .sn .so .sr .ss .st .su .sv .sx .sy .sz T .tc .td .tf .tg .th .tj .tk .tl .tm .tn .to .tr .tt .tv .tw .tz U .ua .ug .uk .us .uy .uz V .va .vc .ve .vg .vi .vn .vu W .wf .ws Y .ye .yt Z .za .zm .zw
.no,(https://tr.wikipedia.org/wiki/.no),1,DNS#176: A .ac .ad .ae .af .ag .ai .al .am .ao .aq .ar .as .at .au .aw .ax .az B .ba .bb .bd .be .bf .bg .bh .bi .bj .bm .bn .bo .br .bs .bt .bw .by .bz C .ca .cc .cd .cf .cg .ch .ci .ck .cl .cm .cn .co .cr .cu .cv .cw .cx .cy .cz D .de .dj .dk .dm .do .dz E .ec .ee .eg .er .es .et .eu F .fi .fj .fk .fm .fo .fr G .ga .gd .ge .gf .gg .gh .gi .gl .gm .gn .gp .gq .gr .gs .gt .gu .gw .gy H .hk .hm .hn .hr .ht .hu I .id .ie .il .im .in .io .iq .ir .is .it J .je .jm .jo .jp K .ke .kg .kh .ki .km .kn .kp .kr .kw .ky .kz L .la .lb .lc .li .lk .lr .ls .lt .lu .lv .ly M .ma .mc .md .me .mg .mh .mk .ml .mm .mn .mo .mp .mq .mr .ms .mt .mu .mv .mw .mx .my .mz N .na .nc .ne .nf .ng .ni .nl .no .np .nr .nu .nz O .om P .pa .pe .pf .pg .ph .pk .pl .pm .pn .pr .ps .pt .pw .py Q .qa R .re .ro .rs .ru .rw S .sa .sb .sc .sd .se .sg .sh .si .sk .sl .sm .sn .so .sr .ss .st .su .sv .sx .sy .sz T .tc .td .tf .tg .th .tj .tk .tl .tm .tn .to .tr .tt .tv .tw .tz U .ua .ug .uk .us .uy .uz V .va .vc .ve .vg .vi .vn .vu W .wf .ws Y .ye .yt Z .za .zm .zw
.np,(https://tr.wikipedia.org/wiki/.np),1,DNS#176: A .ac .ad .ae .af .ag .ai .al .am .ao .aq .ar .as .at .au .aw .ax .az B .ba .bb .bd .be .bf .bg .bh .bi .bj .bm .bn .bo .br .bs .bt .bw .by .bz C .ca .cc .cd .cf .cg .ch .ci .ck .cl .cm .cn .co .cr .cu .cv .cw .cx .cy .cz D .de .dj .dk .dm .do .dz E .ec .ee .eg .er .es .et .eu F .fi .fj .fk .fm .fo .fr G .ga .gd .ge .gf .gg .gh .gi .gl .gm .gn .gp .gq .gr .gs .gt .gu .gw .gy H .hk .hm .hn .hr .ht .hu I .id .ie .il .im .in .io .iq .ir .is .it J .je .jm .jo .jp K .ke .kg .kh .ki .km .kn .kp .kr .kw .ky .kz L .la .lb .lc .li .lk .lr .ls .lt .lu .lv .ly M .ma .mc .md .me .mg .mh .mk .ml .mm .mn .mo .mp .mq .mr .ms .mt .mu .mv .mw .mx .my .mz N .na .nc .ne .nf .ng .ni .nl .no .np .nr .nu .nz O .om P .pa .pe .pf .pg .ph .pk .pl .pm .pn .pr .ps .pt .pw .py Q .qa R .re .ro .rs .ru .rw S .sa .sb .sc .sd .se .sg .sh .si .sk .sl .sm .sn .so .sr .ss .st .su .sv .sx .sy .sz T .tc .td .tf .tg .th .tj .tk .tl .tm .tn .to .tr .tt .tv .tw .tz U .ua .ug .uk .us .uy .uz V .va .vc .ve .vg .vi .vn .vu W .wf .ws Y .ye .yt Z .za .zm .zw
.nr,(https://tr.wikipedia.org/wiki/.nr),1,DNS#176: A .ac .ad .ae .af .ag .ai .al .am .ao .aq .ar .as .at .au .aw .ax .az B .ba .bb .bd .be .bf .bg .bh .bi .bj .bm .bn .bo .br .bs .bt .bw .by .bz C .ca .cc .cd .cf .cg .ch .ci .ck .cl .cm .cn .co .cr .cu .cv .cw .cx .cy .cz D .de .dj .dk .dm .do .dz E .ec .ee .eg .er .es .et .eu F .fi .fj .fk .fm .fo .fr G .ga .gd .ge .gf .gg .gh .gi .gl .gm .gn .gp .gq .gr .gs .gt .gu .gw .gy H .hk .hm .hn .hr .ht .hu I .id .ie .il .im .in .io .iq .ir .is .it J .je .jm .jo .jp K .ke .kg .kh .ki .km .kn .kp .kr .kw .ky .kz L .la .lb .lc .li .lk .lr .ls .lt .lu .lv .ly M .ma .mc .md .me .mg .mh .mk .ml .mm .mn .mo .mp .mq .mr .ms .mt .mu .mv .mw .mx .my .mz N .na .nc .ne .nf .ng .ni .nl .no .np .nr .nu .nz O .om P .pa .pe .pf .pg .ph .pk .pl .pm .pn .pr .ps .pt .pw .py Q .qa R .re .ro .rs .ru .rw S .sa .sb .sc .sd .se .sg .sh .si .sk .sl .sm .sn .so .sr .ss .st .su .sv .sx .sy .sz T .tc .td .tf .tg .th .tj .tk .tl .tm .tn .to .tr .tt .tv .tw .tz U .ua .ug .uk .us .uy .uz V .va .vc .ve .vg .vi .vn .vu W .wf .ws Y .ye .yt Z .za .zm .zw
.nu,(https://tr.wikipedia.org/wiki/.nu),1,DNS#176: A .ac .ad .ae .af .ag .ai .al .am .ao .aq .ar .as .at .au .aw .ax .az B .ba .bb .bd .be .bf .bg .bh .bi .bj .bm .bn .bo .br .bs .bt .bw .by .bz C .ca .cc .cd .cf .cg .ch .ci .ck .cl .cm .cn .co .cr .cu .cv .cw .cx .cy .cz D .de .dj .dk .dm .do .dz E .ec .ee .eg .er .es .et .eu F .fi .fj .fk .fm .fo .fr G .ga .gd .ge .gf .gg .gh .gi .gl .gm .gn .gp .gq .gr .gs .gt .gu .gw .gy H .hk .hm .hn .hr .ht .hu I .id .ie .il .im .in .io .iq .ir .is .it J .je .jm .jo .jp K .ke .kg .kh .ki .km .kn .kp .kr .kw .ky .kz L .la .lb .lc .li .lk .lr .ls .lt .lu .lv .ly M .ma .mc .md .me .mg .mh .mk .ml .mm .mn .mo .mp .mq .mr .ms .mt .mu .mv .mw .mx .my .mz N .na .nc .ne .nf .ng .ni .nl .no .np .nr .nu .nz O .om P .pa .pe .pf .pg .ph .pk .pl .pm .pn .pr .ps .pt .pw .py Q .qa R .re .ro .rs .ru .rw S .sa .sb .sc .sd .se .sg .sh .si .sk .sl .sm .sn .so .sr .ss .st .su .sv .sx .sy .sz T .tc .td .tf .tg .th .tj .tk .tl .tm .tn .to .tr .tt .tv .tw .tz U .ua .ug .uk .us .uy .uz V .va .vc .ve .vg .vi .vn .vu W .wf .ws Y .ye .yt Z .za .zm .zw
.nz,(https://tr.wikipedia.org/wiki/.nz),1,DNS#176: A .ac .ad .ae .af .ag .ai .al .am .ao .aq .ar .as .at .au .aw .ax .az B .ba .bb .bd .be .bf .bg .bh .bi .bj .bm .bn .bo .br .bs .bt .bw .by .bz C .ca .cc .cd .cf .cg .ch .ci .ck .cl .cm .cn .co .cr .cu .cv .cw .cx .cy .cz D .de .dj .dk .dm .do .dz E .ec .ee .eg .er .es .et .eu F .fi .fj .fk .fm .fo .fr G .ga .gd .ge .gf .gg .gh .gi .gl .gm .gn .gp .gq .gr .gs .gt .gu .gw .gy H .hk .hm .hn .hr .ht .hu I .id .ie .il .im .in .io .iq .ir .is .it J .je .jm .jo .jp K .ke .kg .kh .ki .km .kn .kp .kr .kw .ky .kz L .la .lb .lc .li .lk .lr .ls .lt .lu .lv .ly M .ma .mc .md .me .mg .mh .mk .ml .mm .mn .mo .mp .mq .mr .ms .mt .mu .mv .mw .mx .my .mz N .na .nc .ne .nf .ng .ni .nl .no .np .nr .nu .nz O .om P .pa .pe .pf .pg .ph .pk .pl .pm .pn .pr .ps .pt .pw .py Q .qa R .re .ro .rs .ru .rw S .sa .sb .sc .sd .se .sg .sh .si .sk .sl .sm .sn .so .sr .ss .st .su .sv .sx .sy .sz T .tc .td .tf .tg .th .tj .tk .tl .tm .tn .to .tr .tt .tv .tw .tz U .ua .ug .uk .us .uy .uz V .va .vc .ve .vg .vi .vn .vu W .wf .ws Y .ye .yt Z .za .zm .zw
.om,(https://tr.wikipedia.org/wiki/.om),1,DNS#176: A .ac .ad .ae .af .ag .ai .al .am .ao .aq .ar .as .at .au .aw .ax .az B .ba .bb .bd .be .bf .bg .bh .bi .bj .bm .bn .bo .br .bs .bt .bw .by .bz C .ca .cc .cd .cf .cg .ch .ci .ck .cl .cm .cn .co .cr .cu .cv .cw .cx .cy .cz D .de .dj .dk .dm .do .dz E .ec .ee .eg .er .es .et .eu F .fi .fj .fk .fm .fo .fr G .ga .gd .ge .gf .gg .gh .gi .gl .gm .gn .gp .gq .gr .gs .gt .gu .gw .gy H .hk .hm .hn .hr .ht .hu I .id .ie .il .im .in .io .iq .ir .is .it J .je .jm .jo .jp K .ke .kg .kh .ki .km .kn .kp .kr .kw .ky .kz L .la .lb .lc .li .lk .lr .ls .lt .lu .lv .ly M .ma .mc .md .me .mg .mh .mk .ml .mm .mn .mo .mp .mq .mr .ms .mt .mu .mv .mw .mx .my .mz N .na .nc .ne .nf .ng .ni .nl .no .np .nr .nu .nz O .om P .pa .pe .pf .pg .ph .pk .pl .pm .pn .pr .ps .pt .pw .py Q .qa R .re .ro .rs .ru .rw S .sa .sb .sc .sd .se .sg .sh .si .sk .sl .sm .sn .so .sr .ss .st .su .sv .sx .sy .sz T .tc .td .tf .tg .th .tj .tk .tl .tm .tn .to .tr .tt .tv .tw .tz U .ua .ug .uk .us .uy .uz V .va .vc .ve .vg .vi .vn .vu W .wf .ws Y .ye .yt Z .za .zm .zw
.pa,(https://tr.wikipedia.org/wiki/.pa),1,DNS#176: A .ac .ad .ae .af .ag .ai .al .am .ao .aq .ar .as .at .au .aw .ax .az B .ba .bb .bd .be .bf .bg .bh .bi .bj .bm .bn .bo .br .bs .bt .bw .by .bz C .ca .cc .cd .cf .cg .ch .ci .ck .cl .cm .cn .co .cr .cu .cv .cw .cx .cy .cz D .de .dj .dk .dm .do .dz E .ec .ee .eg .er .es .et .eu F .fi .fj .fk .fm .fo .fr G .ga .gd .ge .gf .gg .gh .gi .gl .gm .gn .gp .gq .gr .gs .gt .gu .gw .gy H .hk .hm .hn .hr .ht .hu I .id .ie .il .im .in .io .iq .ir .is .it J .je .jm .jo .jp K .ke .kg .kh .ki .km .kn .kp .kr .kw .ky .kz L .la .lb .lc .li .lk .lr .ls .lt .lu .lv .ly M .ma .mc .md .me .mg .mh .mk .ml .mm .mn .mo .mp .mq .mr .ms .mt .mu .mv .mw .mx .my .mz N .na .nc .ne .nf .ng .ni .nl .no .np .nr .nu .nz O .om P .pa .pe .pf .pg .ph .pk .pl .pm .pn .pr .ps .pt .pw .py Q .qa R .re .ro .rs .ru .rw S .sa .sb .sc .sd .se .sg .sh .si .sk .sl .sm .sn .so .sr .ss .st .su .sv .sx .sy .sz T .tc .td .tf .tg .th .tj .tk .tl .tm .tn .to .tr .tt .tv .tw .tz U .ua .ug .uk .us .uy .uz V .va .vc .ve .vg .vi .vn .vu W .wf .ws Y .ye .yt Z .za .zm .zw
.pe,(https://tr.wikipedia.org/wiki/.pe),1,DNS#176: A .ac .ad .ae .af .ag .ai .al .am .ao .aq .ar .as .at .au .aw .ax .az B .ba .bb .bd .be .bf .bg .bh .bi .bj .bm .bn .bo .br .bs .bt .bw .by .bz C .ca .cc .cd .cf .cg .ch .ci .ck .cl .cm .cn .co .cr .cu .cv .cw .cx .cy .cz D .de .dj .dk .dm .do .dz E .ec .ee .eg .er .es .et .eu F .fi .fj .fk .fm .fo .fr G .ga .gd .ge .gf .gg .gh .gi .gl .gm .gn .gp .gq .gr .gs .gt .gu .gw .gy H .hk .hm .hn .hr .ht .hu I .id .ie .il .im .in .io .iq .ir .is .it J .je .jm .jo .jp K .ke .kg .kh .ki .km .kn .kp .kr .kw .ky .kz L .la .lb .lc .li .lk .lr .ls .lt .lu .lv .ly M .ma .mc .md .me .mg .mh .mk .ml .mm .mn .mo .mp .mq .mr .ms .mt .mu .mv .mw .mx .my .mz N .na .nc .ne .nf .ng .ni .nl .no .np .nr .nu .nz O .om P .pa .pe .pf .pg .ph .pk .pl .pm .pn .pr .ps .pt .pw .py Q .qa R .re .ro .rs .ru .rw S .sa .sb .sc .sd .se .sg .sh .si .sk .sl .sm .sn .so .sr .ss .st .su .sv .sx .sy .sz T .tc .td .tf .tg .th .tj .tk .tl .tm .tn .to .tr .tt .tv .tw .tz U .ua .ug .uk .us .uy .uz V .va .vc .ve .vg .vi .vn .vu W .wf .ws Y .ye .yt Z .za .zm .zw
.pf,(https://tr.wikipedia.org/wiki/.pf),1,DNS#176: A .ac .ad .ae .af .ag .ai .al .am .ao .aq .ar .as .at .au .aw .ax .az B .ba .bb .bd .be .bf .bg .bh .bi .bj .bm .bn .bo .br .bs .bt .bw .by .bz C .ca .cc .cd .cf .cg .ch .ci .ck .cl .cm .cn .co .cr .cu .cv .cw .cx .cy .cz D .de .dj .dk .dm .do .dz E .ec .ee .eg .er .es .et .eu F .fi .fj .fk .fm .fo .fr G .ga .gd .ge .gf .gg .gh .gi .gl .gm .gn .gp .gq .gr .gs .gt .gu .gw .gy H .hk .hm .hn .hr .ht .hu I .id .ie .il .im .in .io .iq .ir .is .it J .je .jm .jo .jp K .ke .kg .kh .ki .km .kn .kp .kr .kw .ky .kz L .la .lb .lc .li .lk .lr .ls .lt .lu .lv .ly M .ma .mc .md .me .mg .mh .mk .ml .mm .mn .mo .mp .mq .mr .ms .mt .mu .mv .mw .mx .my .mz N .na .nc .ne .nf .ng .ni .nl .no .np .nr .nu .nz O .om P .pa .pe .pf .pg .ph .pk .pl .pm .pn .pr .ps .pt .pw .py Q .qa R .re .ro .rs .ru .rw S .sa .sb .sc .sd .se .sg .sh .si .sk .sl .sm .sn .so .sr .ss .st .su .sv .sx .sy .sz T .tc .td .tf .tg .th .tj .tk .tl .tm .tn .to .tr .tt .tv .tw .tz U .ua .ug .uk .us .uy .uz V .va .vc .ve .vg .vi .vn .vu W .wf .ws Y .ye .yt Z .za .zm .zw
.pg,(https://tr.wikipedia.org/wiki/.pg),1,DNS#176: A .ac .ad .ae .af .ag .ai .al .am .ao .aq .ar .as .at .au .aw .ax .az B .ba .bb .bd .be .bf .bg .bh .bi .bj .bm .bn .bo .br .bs .bt .bw .by .bz C .ca .cc .cd .cf .cg .ch .ci .ck .cl .cm .cn .co .cr .cu .cv .cw .cx .cy .cz D .de .dj .dk .dm .do .dz E .ec .ee .eg .er .es .et .eu F .fi .fj .fk .fm .fo .fr G .ga .gd .ge .gf .gg .gh .gi .gl .gm .gn .gp .gq .gr .gs .gt .gu .gw .gy H .hk .hm .hn .hr .ht .hu I .id .ie .il .im .in .io .iq .ir .is .it J .je .jm .jo .jp K .ke .kg .kh .ki .km .kn .kp .kr .kw .ky .kz L .la .lb .lc .li .lk .lr .ls .lt .lu .lv .ly M .ma .mc .md .me .mg .mh .mk .ml .mm .mn .mo .mp .mq .mr .ms .mt .mu .mv .mw .mx .my .mz N .na .nc .ne .nf .ng .ni .nl .no .np .nr .nu .nz O .om P .pa .pe .pf .pg .ph .pk .pl .pm .pn .pr .ps .pt .pw .py Q .qa R .re .ro .rs .ru .rw S .sa .sb .sc .sd .se .sg .sh .si .sk .sl .sm .sn .so .sr .ss .st .su .sv .sx .sy .sz T .tc .td .tf .tg .th .tj .tk .tl .tm .tn .to .tr .tt .tv .tw .tz U .ua .ug .uk .us .uy .uz V .va .vc .ve .vg .vi .vn .vu W .wf .ws Y .ye .yt Z .za .zm .zw
.ph,(https://tr.wikipedia.org/wiki/.ph),1,DNS#176: A .ac .ad .ae .af .ag .ai .al .am .ao .aq .ar .as .at .au .aw .ax .az B .ba .bb .bd .be .bf .bg .bh .bi .bj .bm .bn .bo .br .bs .bt .bw .by .bz C .ca .cc .cd .cf .cg .ch .ci .ck .cl .cm .cn .co .cr .cu .cv .cw .cx .cy .cz D .de .dj .dk .dm .do .dz E .ec .ee .eg .er .es .et .eu F .fi .fj .fk .fm .fo .fr G .ga .gd .ge .gf .gg .gh .gi .gl .gm .gn .gp .gq .gr .gs .gt .gu .gw .gy H .hk .hm .hn .hr .ht .hu I .id .ie .il .im .in .io .iq .ir .is .it J .je .jm .jo .jp K .ke .kg .kh .ki .km .kn .kp .kr .kw .ky .kz L .la .lb .lc .li .lk .lr .ls .lt .lu .lv .ly M .ma .mc .md .me .mg .mh .mk .ml .mm .mn .mo .mp .mq .mr .ms .mt .mu .mv .mw .mx .my .mz N .na .nc .ne .nf .ng .ni .nl .no .np .nr .nu .nz O .om P .pa .pe .pf .pg .ph .pk .pl .pm .pn .pr .ps .pt .pw .py Q .qa R .re .ro .rs .ru .rw S .sa .sb .sc .sd .se .sg .sh .si .sk .sl .sm .sn .so .sr .ss .st .su .sv .sx .sy .sz T .tc .td .tf .tg .th .tj .tk .tl .tm .tn .to .tr .tt .tv .tw .tz U .ua .ug .uk .us .uy .uz V .va .vc .ve .vg .vi .vn .vu W .wf .ws Y .ye .yt Z .za .zm .zw
.pk,(https://tr.wikipedia.org/wiki/.pk),1,DNS#176: A .ac .ad .ae .af .ag .ai .al .am .ao .aq .ar .as .at .au .aw .ax .az B .ba .bb .bd .be .bf .bg .bh .bi .bj .bm .bn .bo .br .bs .bt .bw .by .bz C .ca .cc .cd .cf .cg .ch .ci .ck .cl .cm .cn .co .cr .cu .cv .cw .cx .cy .cz D .de .dj .dk .dm .do .dz E .ec .ee .eg .er .es .et .eu F .fi .fj .fk .fm .fo .fr G .ga .gd .ge .gf .gg .gh .gi .gl .gm .gn .gp .gq .gr .gs .gt .gu .gw .gy H .hk .hm .hn .hr .ht .hu I .id .ie .il .im .in .io .iq .ir .is .it J .je .jm .jo .jp K .ke .kg .kh .ki .km .kn .kp .kr .kw .ky .kz L .la .lb .lc .li .lk .lr .ls .lt .lu .lv .ly M .ma .mc .md .me .mg .mh .mk .ml .mm .mn .mo .mp .mq .mr .ms .mt .mu .mv .mw .mx .my .mz N .na .nc .ne .nf .ng .ni .nl .no .np .nr .nu .nz O .om P .pa .pe .pf .pg .ph .pk .pl .pm .pn .pr .ps .pt .pw .py Q .qa R .re .ro .rs .ru .rw S .sa .sb .sc .sd .se .sg .sh .si .sk .sl .sm .sn .so .sr .ss .st .su .sv .sx .sy .sz T .tc .td .tf .tg .th .tj .tk .tl .tm .tn .to .tr .tt .tv .tw .tz U .ua .ug .uk .us .uy .uz V .va .vc .ve .vg .vi .vn .vu W .wf .ws Y .ye .yt Z .za .zm .zw
.pl,(https://tr.wikipedia.org/wiki/.pl),1,DNS#176: A .ac .ad .ae .af .ag .ai .al .am .ao .aq .ar .as .at .au .aw .ax .az B .ba .bb .bd .be .bf .bg .bh .bi .bj .bm .bn .bo .br .bs .bt .bw .by .bz C .ca .cc .cd .cf .cg .ch .ci .ck .cl .cm .cn .co .cr .cu .cv .cw .cx .cy .cz D .de .dj .dk .dm .do .dz E .ec .ee .eg .er .es .et .eu F .fi .fj .fk .fm .fo .fr G .ga .gd .ge .gf .gg .gh .gi .gl .gm .gn .gp .gq .gr .gs .gt .gu .gw .gy H .hk .hm .hn .hr .ht .hu I .id .ie .il .im .in .io .iq .ir .is .it J .je .jm .jo .jp K .ke .kg .kh .ki .km .kn .kp .kr .kw .ky .kz L .la .lb .lc .li .lk .lr .ls .lt .lu .lv .ly M .ma .mc .md .me .mg .mh .mk .ml .mm .mn .mo .mp .mq .mr .ms .mt .mu .mv .mw .mx .my .mz N .na .nc .ne .nf .ng .ni .nl .no .np .nr .nu .nz O .om P .pa .pe .pf .pg .ph .pk .pl .pm .pn .pr .ps .pt .pw .py Q .qa R .re .ro .rs .ru .rw S .sa .sb .sc .sd .se .sg .sh .si .sk .sl .sm .sn .so .sr .ss .st .su .sv .sx .sy .sz T .tc .td .tf .tg .th .tj .tk .tl .tm .tn .to .tr .tt .tv .tw .tz U .ua .ug .uk .us .uy .uz V .va .vc .ve .vg .vi .vn .vu W .wf .ws Y .ye .yt Z .za .zm .zw
.pm,(https://tr.wikipedia.org/wiki/.pm),1,DNS#176: A .ac .ad .ae .af .ag .ai .al .am .ao .aq .ar .as .at .au .aw .ax .az B .ba .bb .bd .be .bf .bg .bh .bi .bj .bm .bn .bo .br .bs .bt .bw .by .bz C .ca .cc .cd .cf .cg .ch .ci .ck .cl .cm .cn .co .cr .cu .cv .cw .cx .cy .cz D .de .dj .dk .dm .do .dz E .ec .ee .eg .er .es .et .eu F .fi .fj .fk .fm .fo .fr G .ga .gd .ge .gf .gg .gh .gi .gl .gm .gn .gp .gq .gr .gs .gt .gu .gw .gy H .hk .hm .hn .hr .ht .hu I .id .ie .il .im .in .io .iq .ir .is .it J .je .jm .jo .jp K .ke .kg .kh .ki .km .kn .kp .kr .kw .ky .kz L .la .lb .lc .li .lk .lr .ls .lt .lu .lv .ly M .ma .mc .md .me .mg .mh .mk .ml .mm .mn .mo .mp .mq .mr .ms .mt .mu .mv .mw .mx .my .mz N .na .nc .ne .nf .ng .ni .nl .no .np .nr .nu .nz O .om P .pa .pe .pf .pg .ph .pk .pl .pm .pn .pr .ps .pt .pw .py Q .qa R .re .ro .rs .ru .rw S .sa .sb .sc .sd .se .sg .sh .si .sk .sl .sm .sn .so .sr .ss .st .su .sv .sx .sy .sz T .tc .td .tf .tg .th .tj .tk .tl .tm .tn .to .tr .tt .tv .tw .tz U .ua .ug .uk .us .uy .uz V .va .vc .ve .vg .vi .vn .vu W .wf .ws Y .ye .yt Z .za .zm .zw
.pn,(https://tr.wikipedia.org/wiki/.pn),1,DNS#176: A .ac .ad .ae .af .ag .ai .al .am .ao .aq .ar .as .at .au .aw .ax .az B .ba .bb .bd .be .bf .bg .bh .bi .bj .bm .bn .bo .br .bs .bt .bw .by .bz C .ca .cc .cd .cf .cg .ch .ci .ck .cl .cm .cn .co .cr .cu .cv .cw .cx .cy .cz D .de .dj .dk .dm .do .dz E .ec .ee .eg .er .es .et .eu F .fi .fj .fk .fm .fo .fr G .ga .gd .ge .gf .gg .gh .gi .gl .gm .gn .gp .gq .gr .gs .gt .gu .gw .gy H .hk .hm .hn .hr .ht .hu I .id .ie .il .im .in .io .iq .ir .is .it J .je .jm .jo .jp K .ke .kg .kh .ki .km .kn .kp .kr .kw .ky .kz L .la .lb .lc .li .lk .lr .ls .lt .lu .lv .ly M .ma .mc .md .me .mg .mh .mk .ml .mm .mn .mo .mp .mq .mr .ms .mt .mu .mv .mw .mx .my .mz N .na .nc .ne .nf .ng .ni .nl .no .np .nr .nu .nz O .om P .pa .pe .pf .pg .ph .pk .pl .pm .pn .pr .ps .pt .pw .py Q .qa R .re .ro .rs .ru .rw S .sa .sb .sc .sd .se .sg .sh .si .sk .sl .sm .sn .so .sr .ss .st .su .sv .sx .sy .sz T .tc .td .tf .tg .th .tj .tk .tl .tm .tn .to .tr .tt .tv .tw .tz U .ua .ug .uk .us .uy .uz V .va .vc .ve .vg .vi .vn .vu W .wf .ws Y .ye .yt Z .za .zm .zw
.pr,(https://tr.wikipedia.org/wiki/.pr),1,DNS#176: A .ac .ad .ae .af .ag .ai .al .am .ao .aq .ar .as .at .au .aw .ax .az B .ba .bb .bd .be .bf .bg .bh .bi .bj .bm .bn .bo .br .bs .bt .bw .by .bz C .ca .cc .cd .cf .cg .ch .ci .ck .cl .cm .cn .co .cr .cu .cv .cw .cx .cy .cz D .de .dj .dk .dm .do .dz E .ec .ee .eg .er .es .et .eu F .fi .fj .fk .fm .fo .fr G .ga .gd .ge .gf .gg .gh .gi .gl .gm .gn .gp .gq .gr .gs .gt .gu .gw .gy H .hk .hm .hn .hr .ht .hu I .id .ie .il .im .in .io .iq .ir .is .it J .je .jm .jo .jp K .ke .kg .kh .ki .km .kn .kp .kr .kw .ky .kz L .la .lb .lc .li .lk .lr .ls .lt .lu .lv .ly M .ma .mc .md .me .mg .mh .mk .ml .mm .mn .mo .mp .mq .mr .ms .mt .mu .mv .mw .mx .my .mz N .na .nc .ne .nf .ng .ni .nl .no .np .nr .nu .nz O .om P .pa .pe .pf .pg .ph .pk .pl .pm .pn .pr .ps .pt .pw .py Q .qa R .re .ro .rs .ru .rw S .sa .sb .sc .sd .se .sg .sh .si .sk .sl .sm .sn .so .sr .ss .st .su .sv .sx .sy .sz T .tc .td .tf .tg .th .tj .tk .tl .tm .tn .to .tr .tt .tv .tw .tz U .ua .ug .uk .us .uy .uz V .va .vc .ve .vg .vi .vn .vu W .wf .ws Y .ye .yt Z .za .zm .zw
.ps,(https://tr.wikipedia.org/wiki/.ps),1,DNS#176: A .ac .ad .ae .af .ag .ai .al .am .ao .aq .ar .as .at .au .aw .ax .az B .ba .bb .bd .be .bf .bg .bh .bi .bj .bm .bn .bo .br .bs .bt .bw .by .bz C .ca .cc .cd .cf .cg .ch .ci .ck .cl .cm .cn .co .cr .cu .cv .cw .cx .cy .cz D .de .dj .dk .dm .do .dz E .ec .ee .eg .er .es .et .eu F .fi .fj .fk .fm .fo .fr G .ga .gd .ge .gf .gg .gh .gi .gl .gm .gn .gp .gq .gr .gs .gt .gu .gw .gy H .hk .hm .hn .hr .ht .hu I .id .ie .il .im .in .io .iq .ir .is .it J .je .jm .jo .jp K .ke .kg .kh .ki .km .kn .kp .kr .kw .ky .kz L .la .lb .lc .li .lk .lr .ls .lt .lu .lv .ly M .ma .mc .md .me .mg .mh .mk .ml .mm .mn .mo .mp .mq .mr .ms .mt .mu .mv .mw .mx .my .mz N .na .nc .ne .nf .ng .ni .nl .no .np .nr .nu .nz O .om P .pa .pe .pf .pg .ph .pk .pl .pm .pn .pr .ps .pt .pw .py Q .qa R .re .ro .rs .ru .rw S .sa .sb .sc .sd .se .sg .sh .si .sk .sl .sm .sn .so .sr .ss .st .su .sv .sx .sy .sz T .tc .td .tf .tg .th .tj .tk .tl .tm .tn .to .tr .tt .tv .tw .tz U .ua .ug .uk .us .uy .uz V .va .vc .ve .vg .vi .vn .vu W .wf .ws Y .ye .yt Z .za .zm .zw
.pt,(https://tr.wikipedia.org/wiki/.pt),1,DNS#176: A .ac .ad .ae .af .ag .ai .al .am .ao .aq .ar .as .at .au .aw .ax .az B .ba .bb .bd .be .bf .bg .bh .bi .bj .bm .bn .bo .br .bs .bt .bw .by .bz C .ca .cc .cd .cf .cg .ch .ci .ck .cl .cm .cn .co .cr .cu .cv .cw .cx .cy .cz D .de .dj .dk .dm .do .dz E .ec .ee .eg .er .es .et .eu F .fi .fj .fk .fm .fo .fr G .ga .gd .ge .gf .gg .gh .gi .gl .gm .gn .gp .gq .gr .gs .gt .gu .gw .gy H .hk .hm .hn .hr .ht .hu I .id .ie .il .im .in .io .iq .ir .is .it J .je .jm .jo .jp K .ke .kg .kh .ki .km .kn .kp .kr .kw .ky .kz L .la .lb .lc .li .lk .lr .ls .lt .lu .lv .ly M .ma .mc .md .me .mg .mh .mk .ml .mm .mn .mo .mp .mq .mr .ms .mt .mu .mv .mw .mx .my .mz N .na .nc .ne .nf .ng .ni .nl .no .np .nr .nu .nz O .om P .pa .pe .pf .pg .ph .pk .pl .pm .pn .pr .ps .pt .pw .py Q .qa R .re .ro .rs .ru .rw S .sa .sb .sc .sd .se .sg .sh .si .sk .sl .sm .sn .so .sr .ss .st .su .sv .sx .sy .sz T .tc .td .tf .tg .th .tj .tk .tl .tm .tn .to .tr .tt .tv .tw .tz U .ua .ug .uk .us .uy .uz V .va .vc .ve .vg .vi .vn .vu W .wf .ws Y .ye .yt Z .za .zm .zw
.pw,(https://tr.wikipedia.org/wiki/.pw),1,DNS#176: A .ac .ad .ae .af .ag .ai .al .am .ao .aq .ar .as .at .au .aw .ax .az B .ba .bb .bd .be .bf .bg .bh .bi .bj .bm .bn .bo .br .bs .bt .bw .by .bz C .ca .cc .cd .cf .cg .ch .ci .ck .cl .cm .cn .co .cr .cu .cv .cw .cx .cy .cz D .de .dj .dk .dm .do .dz E .ec .ee .eg .er .es .et .eu F .fi .fj .fk .fm .fo .fr G .ga .gd .ge .gf .gg .gh .gi .gl .gm .gn .gp .gq .gr .gs .gt .gu .gw .gy H .hk .hm .hn .hr .ht .hu I .id .ie .il .im .in .io .iq .ir .is .it J .je .jm .jo .jp K .ke .kg .kh .ki .km .kn .kp .kr .kw .ky .kz L .la .lb .lc .li .lk .lr .ls .lt .lu .lv .ly M .ma .mc .md .me .mg .mh .mk .ml .mm .mn .mo .mp .mq .mr .ms .mt .mu .mv .mw .mx .my .mz N .na .nc .ne .nf .ng .ni .nl .no .np .nr .nu .nz O .om P .pa .pe .pf .pg .ph .pk .pl .pm .pn .pr .ps .pt .pw .py Q .qa R .re .ro .rs .ru .rw S .sa .sb .sc .sd .se .sg .sh .si .sk .sl .sm .sn .so .sr .ss .st .su .sv .sx .sy .sz T .tc .td .tf .tg .th .tj .tk .tl .tm .tn .to .tr .tt .tv .tw .tz U .ua .ug .uk .us .uy .uz V .va .vc .ve .vg .vi .vn .vu W .wf .ws Y .ye .yt Z .za .zm .zw
.py,(https://tr.wikipedia.org/wiki/.py),1,DNS#176: A .ac .ad .ae .af .ag .ai .al .am .ao .aq .ar .as .at .au .aw .ax .az B .ba .bb .bd .be .bf .bg .bh .bi .bj .bm .bn .bo .br .bs .bt .bw .by .bz C .ca .cc .cd .cf .cg .ch .ci .ck .cl .cm .cn .co .cr .cu .cv .cw .cx .cy .cz D .de .dj .dk .dm .do .dz E .ec .ee .eg .er .es .et .eu F .fi .fj .fk .fm .fo .fr G .ga .gd .ge .gf .gg .gh .gi .gl .gm .gn .gp .gq .gr .gs .gt .gu .gw .gy H .hk .hm .hn .hr .ht .hu I .id .ie .il .im .in .io .iq .ir .is .it J .je .jm .jo .jp K .ke .kg .kh .ki .km .kn .kp .kr .kw .ky .kz L .la .lb .lc .li .lk .lr .ls .lt .lu .lv .ly M .ma .mc .md .me .mg .mh .mk .ml .mm .mn .mo .mp .mq .mr .ms .mt .mu .mv .mw .mx .my .mz N .na .nc .ne .nf .ng .ni .nl .no .np .nr .nu .nz O .om P .pa .pe .pf .pg .ph .pk .pl .pm .pn .pr .ps .pt .pw .py Q .qa R .re .ro .rs .ru .rw S .sa .sb .sc .sd .se .sg .sh .si .sk .sl .sm .sn .so .sr .ss .st .su .sv .sx .sy .sz T .tc .td .tf .tg .th .tj .tk .tl .tm .tn .to .tr .tt .tv .tw .tz U .ua .ug .uk .us .uy .uz V .va .vc .ve .vg .vi .vn .vu W .wf .ws Y .ye .yt Z .za .zm .zw
.qa,(https://tr.wikipedia.org/wiki/.qa),1,DNS#176: A .ac .ad .ae .af .ag .ai .al .am .ao .aq .ar .as .at .au .aw .ax .az B .ba .bb .bd .be .bf .bg .bh .bi .bj .bm .bn .bo .br .bs .bt .bw .by .bz C .ca .cc .cd .cf .cg .ch .ci .ck .cl .cm .cn .co .cr .cu .cv .cw .cx .cy .cz D .de .dj .dk .dm .do .dz E .ec .ee .eg .er .es .et .eu F .fi .fj .fk .fm .fo .fr G .ga .gd .ge .gf .gg .gh .gi .gl .gm .gn .gp .gq .gr .gs .gt .gu .gw .gy H .hk .hm .hn .hr .ht .hu I .id .ie .il .im .in .io .iq .ir .is .it J .je .jm .jo .jp K .ke .kg .kh .ki .km .kn .kp .kr .kw .ky .kz L .la .lb .lc .li .lk .lr .ls .lt .lu .lv .ly M .ma .mc .md .me .mg .mh .mk .ml .mm .mn .mo .mp .mq .mr .ms .mt .mu .mv .mw .mx .my .mz N .na .nc .ne .nf .ng .ni .nl .no .np .nr .nu .nz O .om P .pa .pe .pf .pg .ph .pk .pl .pm .pn .pr .ps .pt .pw .py Q .qa R .re .ro .rs .ru .rw S .sa .sb .sc .sd .se .sg .sh .si .sk .sl .sm .sn .so .sr .ss .st .su .sv .sx .sy .sz T .tc .td .tf .tg .th .tj .tk .tl .tm .tn .to .tr .tt .tv .tw .tz U .ua .ug .uk .us .uy .uz V .va .vc .ve .vg .vi .vn .vu W .wf .ws Y .ye .yt Z .za .zm .zw
.re,(https://tr.wikipedia.org/wiki/.re),1,DNS#176: A .ac .ad .ae .af .ag .ai .al .am .ao .aq .ar .as .at .au .aw .ax .az B .ba .bb .bd .be .bf .bg .bh .bi .bj .bm .bn .bo .br .bs .bt .bw .by .bz C .ca .cc .cd .cf .cg .ch .ci .ck .cl .cm .cn .co .cr .cu .cv .cw .cx .cy .cz D .de .dj .dk .dm .do .dz E .ec .ee .eg .er .es .et .eu F .fi .fj .fk .fm .fo .fr G .ga .gd .ge .gf .gg .gh .gi .gl .gm .gn .gp .gq .gr .gs .gt .gu .gw .gy H .hk .hm .hn .hr .ht .hu I .id .ie .il .im .in .io .iq .ir .is .it J .je .jm .jo .jp K .ke .kg .kh .ki .km .kn .kp .kr .kw .ky .kz L .la .lb .lc .li .lk .lr .ls .lt .lu .lv .ly M .ma .mc .md .me .mg .mh .mk .ml .mm .mn .mo .mp .mq .mr .ms .mt .mu .mv .mw .mx .my .mz N .na .nc .ne .nf .ng .ni .nl .no .np .nr .nu .nz O .om P .pa .pe .pf .pg .ph .pk .pl .pm .pn .pr .ps .pt .pw .py Q .qa R .re .ro .rs .ru .rw S .sa .sb .sc .sd .se .sg .sh .si .sk .sl .sm .sn .so .sr .ss .st .su .sv .sx .sy .sz T .tc .td .tf .tg .th .tj .tk .tl .tm .tn .to .tr .tt .tv .tw .tz U .ua .ug .uk .us .uy .uz V .va .vc .ve .vg .vi .vn .vu W .wf .ws Y .ye .yt Z .za .zm .zw
.ro,(https://tr.wikipedia.org/wiki/.ro),1,DNS#176: A .ac .ad .ae .af .ag .ai .al .am .ao .aq .ar .as .at .au .aw .ax .az B .ba .bb .bd .be .bf .bg .bh .bi .bj .bm .bn .bo .br .bs .bt .bw .by .bz C .ca .cc .cd .cf .cg .ch .ci .ck .cl .cm .cn .co .cr .cu .cv .cw .cx .cy .cz D .de .dj .dk .dm .do .dz E .ec .ee .eg .er .es .et .eu F .fi .fj .fk .fm .fo .fr G .ga .gd .ge .gf .gg .gh .gi .gl .gm .gn .gp .gq .gr .gs .gt .gu .gw .gy H .hk .hm .hn .hr .ht .hu I .id .ie .il .im .in .io .iq .ir .is .it J .je .jm .jo .jp K .ke .kg .kh .ki .km .kn .kp .kr .kw .ky .kz L .la .lb .lc .li .lk .lr .ls .lt .lu .lv .ly M .ma .mc .md .me .mg .mh .mk .ml .mm .mn .mo .mp .mq .mr .ms .mt .mu .mv .mw .mx .my .mz N .na .nc .ne .nf .ng .ni .nl .no .np .nr .nu .nz O .om P .pa .pe .pf .pg .ph .pk .pl .pm .pn .pr .ps .pt .pw .py Q .qa R .re .ro .rs .ru .rw S .sa .sb .sc .sd .se .sg .sh .si .sk .sl .sm .sn .so .sr .ss .st .su .sv .sx .sy .sz T .tc .td .tf .tg .th .tj .tk .tl .tm .tn .to .tr .tt .tv .tw .tz U .ua .ug .uk .us .uy .uz V .va .vc .ve .vg .vi .vn .vu W .wf .ws Y .ye .yt Z .za .zm .zw
.rs,(https://tr.wikipedia.org/wiki/.rs),1,DNS#176: A .ac .ad .ae .af .ag .ai .al .am .ao .aq .ar .as .at .au .aw .ax .az B .ba .bb .bd .be .bf .bg .bh .bi .bj .bm .bn .bo .br .bs .bt .bw .by .bz C .ca .cc .cd .cf .cg .ch .ci .ck .cl .cm .cn .co .cr .cu .cv .cw .cx .cy .cz D .de .dj .dk .dm .do .dz E .ec .ee .eg .er .es .et .eu F .fi .fj .fk .fm .fo .fr G .ga .gd .ge .gf .gg .gh .gi .gl .gm .gn .gp .gq .gr .gs .gt .gu .gw .gy H .hk .hm .hn .hr .ht .hu I .id .ie .il .im .in .io .iq .ir .is .it J .je .jm .jo .jp K .ke .kg .kh .ki .km .kn .kp .kr .kw .ky .kz L .la .lb .lc .li .lk .lr .ls .lt .lu .lv .ly M .ma .mc .md .me .mg .mh .mk .ml .mm .mn .mo .mp .mq .mr .ms .mt .mu .mv .mw .mx .my .mz N .na .nc .ne .nf .ng .ni .nl .no .np .nr .nu .nz O .om P .pa .pe .pf .pg .ph .pk .pl .pm .pn .pr .ps .pt .pw .py Q .qa R .re .ro .rs .ru .rw S .sa .sb .sc .sd .se .sg .sh .si .sk .sl .sm .sn .so .sr .ss .st .su .sv .sx .sy .sz T .tc .td .tf .tg .th .tj .tk .tl .tm .tn .to .tr .tt .tv .tw .tz U .ua .ug .uk .us .uy .uz V .va .vc .ve .vg .vi .vn .vu W .wf .ws Y .ye .yt Z .za .zm .zw
.ru,(https://tr.wikipedia.org/wiki/.ru),1,DNS#176: A .ac .ad .ae .af .ag .ai .al .am .ao .aq .ar .as .at .au .aw .ax .az B .ba .bb .bd .be .bf .bg .bh .bi .bj .bm .bn .bo .br .bs .bt .bw .by .bz C .ca .cc .cd .cf .cg .ch .ci .ck .cl .cm .cn .co .cr .cu .cv .cw .cx .cy .cz D .de .dj .dk .dm .do .dz E .ec .ee .eg .er .es .et .eu F .fi .fj .fk .fm .fo .fr G .ga .gd .ge .gf .gg .gh .gi .gl .gm .gn .gp .gq .gr .gs .gt .gu .gw .gy H .hk .hm .hn .hr .ht .hu I .id .ie .il .im .in .io .iq .ir .is .it J .je .jm .jo .jp K .ke .kg .kh .ki .km .kn .kp .kr .kw .ky .kz L .la .lb .lc .li .lk .lr .ls .lt .lu .lv .ly M .ma .mc .md .me .mg .mh .mk .ml .mm .mn .mo .mp .mq .mr .ms .mt .mu .mv .mw .mx .my .mz N .na .nc .ne .nf .ng .ni .nl .no .np .nr .nu .nz O .om P .pa .pe .pf .pg .ph .pk .pl .pm .pn .pr .ps .pt .pw .py Q .qa R .re .ro .rs .ru .rw S .sa .sb .sc .sd .se .sg .sh .si .sk .sl .sm .sn .so .sr .ss .st .su .sv .sx .sy .sz T .tc .td .tf .tg .th .tj .tk .tl .tm .tn .to .tr .tt .tv .tw .tz U .ua .ug .uk .us .uy .uz V .va .vc .ve .vg .vi .vn .vu W .wf .ws Y .ye .yt Z .za .zm .zw
.rw,(https://tr.wikipedia.org/wiki/.rw),1,DNS#176: A .ac .ad .ae .af .ag .ai .al .am .ao .aq .ar .as .at .au .aw .ax .az B .ba .bb .bd .be .bf .bg .bh .bi .bj .bm .bn .bo .br .bs .bt .bw .by .bz C .ca .cc .cd .cf .cg .ch .ci .ck .cl .cm .cn .co .cr .cu .cv .cw .cx .cy .cz D .de .dj .dk .dm .do .dz E .ec .ee .eg .er .es .et .eu F .fi .fj .fk .fm .fo .fr G .ga .gd .ge .gf .gg .gh .gi .gl .gm .gn .gp .gq .gr .gs .gt .gu .gw .gy H .hk .hm .hn .hr .ht .hu I .id .ie .il .im .in .io .iq .ir .is .it J .je .jm .jo .jp K .ke .kg .kh .ki .km .kn .kp .kr .kw .ky .kz L .la .lb .lc .li .lk .lr .ls .lt .lu .lv .ly M .ma .mc .md .me .mg .mh .mk .ml .mm .mn .mo .mp .mq .mr .ms .mt .mu .mv .mw .mx .my .mz N .na .nc .ne .nf .ng .ni .nl .no .np .nr .nu .nz O .om P .pa .pe .pf .pg .ph .pk .pl .pm .pn .pr .ps .pt .pw .py Q .qa R .re .ro .rs .ru .rw S .sa .sb .sc .sd .se .sg .sh .si .sk .sl .sm .sn .so .sr .ss .st .su .sv .sx .sy .sz T .tc .td .tf .tg .th .tj .tk .tl .tm .tn .to .tr .tt .tv .tw .tz U .ua .ug .uk .us .uy .uz V .va .vc .ve .vg .vi .vn .vu W .wf .ws Y .ye .yt Z .za .zm .zw
.sa,(https://tr.wikipedia.org/wiki/.sa),1,DNS#176: A .ac .ad .ae .af .ag .ai .al .am .ao .aq .ar .as .at .au .aw .ax .az B .ba .bb .bd .be .bf .bg .bh .bi .bj .bm .bn .bo .br .bs .bt .bw .by .bz C .ca .cc .cd .cf .cg .ch .ci .ck .cl .cm .cn .co .cr .cu .cv .cw .cx .cy .cz D .de .dj .dk .dm .do .dz E .ec .ee .eg .er .es .et .eu F .fi .fj .fk .fm .fo .fr G .ga .gd .ge .gf .gg .gh .gi .gl .gm .gn .gp .gq .gr .gs .gt .gu .gw .gy H .hk .hm .hn .hr .ht .hu I .id .ie .il .im .in .io .iq .ir .is .it J .je .jm .jo .jp K .ke .kg .kh .ki .km .kn .kp .kr .kw .ky .kz L .la .lb .lc .li .lk .lr .ls .lt .lu .lv .ly M .ma .mc .md .me .mg .mh .mk .ml .mm .mn .mo .mp .mq .mr .ms .mt .mu .mv .mw .mx .my .mz N .na .nc .ne .nf .ng .ni .nl .no .np .nr .nu .nz O .om P .pa .pe .pf .pg .ph .pk .pl .pm .pn .pr .ps .pt .pw .py Q .qa R .re .ro .rs .ru .rw S .sa .sb .sc .sd .se .sg .sh .si .sk .sl .sm .sn .so .sr .ss .st .su .sv .sx .sy .sz T .tc .td .tf .tg .th .tj .tk .tl .tm .tn .to .tr .tt .tv .tw .tz U .ua .ug .uk .us .uy .uz V .va .vc .ve .vg .vi .vn .vu W .wf .ws Y .ye .yt Z .za .zm .zw
.sb,(https://tr.wikipedia.org/wiki/.sb),1,DNS#176: A .ac .ad .ae .af .ag .ai .al .am .ao .aq .ar .as .at .au .aw .ax .az B .ba .bb .bd .be .bf .bg .bh .bi .bj .bm .bn .bo .br .bs .bt .bw .by .bz C .ca .cc .cd .cf .cg .ch .ci .ck .cl .cm .cn .co .cr .cu .cv .cw .cx .cy .cz D .de .dj .dk .dm .do .dz E .ec .ee .eg .er .es .et .eu F .fi .fj .fk .fm .fo .fr G .ga .gd .ge .gf .gg .gh .gi .gl .gm .gn .gp .gq .gr .gs .gt .gu .gw .gy H .hk .hm .hn .hr .ht .hu I .id .ie .il .im .in .io .iq .ir .is .it J .je .jm .jo .jp K .ke .kg .kh .ki .km .kn .kp .kr .kw .ky .kz L .la .lb .lc .li .lk .lr .ls .lt .lu .lv .ly M .ma .mc .md .me .mg .mh .mk .ml .mm .mn .mo .mp .mq .mr .ms .mt .mu .mv .mw .mx .my .mz N .na .nc .ne .nf .ng .ni .nl .no .np .nr .nu .nz O .om P .pa .pe .pf .pg .ph .pk .pl .pm .pn .pr .ps .pt .pw .py Q .qa R .re .ro .rs .ru .rw S .sa .sb .sc .sd .se .sg .sh .si .sk .sl .sm .sn .so .sr .ss .st .su .sv .sx .sy .sz T .tc .td .tf .tg .th .tj .tk .tl .tm .tn .to .tr .tt .tv .tw .tz U .ua .ug .uk .us .uy .uz V .va .vc .ve .vg .vi .vn .vu W .wf .ws Y .ye .yt Z .za .zm .zw
.sc,(https://tr.wikipedia.org/wiki/.sc),1,DNS#176: A .ac .ad .ae .af .ag .ai .al .am .ao .aq .ar .as .at .au .aw .ax .az B .ba .bb .bd .be .bf .bg .bh .bi .bj .bm .bn .bo .br .bs .bt .bw .by .bz C .ca .cc .cd .cf .cg .ch .ci .ck .cl .cm .cn .co .cr .cu .cv .cw .cx .cy .cz D .de .dj .dk .dm .do .dz E .ec .ee .eg .er .es .et .eu F .fi .fj .fk .fm .fo .fr G .ga .gd .ge .gf .gg .gh .gi .gl .gm .gn .gp .gq .gr .gs .gt .gu .gw .gy H .hk .hm .hn .hr .ht .hu I .id .ie .il .im .in .io .iq .ir .is .it J .je .jm .jo .jp K .ke .kg .kh .ki .km .kn .kp .kr .kw .ky .kz L .la .lb .lc .li .lk .lr .ls .lt .lu .lv .ly M .ma .mc .md .me .mg .mh .mk .ml .mm .mn .mo .mp .mq .mr .ms .mt .mu .mv .mw .mx .my .mz N .na .nc .ne .nf .ng .ni .nl .no .np .nr .nu .nz O .om P .pa .pe .pf .pg .ph .pk .pl .pm .pn .pr .ps .pt .pw .py Q .qa R .re .ro .rs .ru .rw S .sa .sb .sc .sd .se .sg .sh .si .sk .sl .sm .sn .so .sr .ss .st .su .sv .sx .sy .sz T .tc .td .tf .tg .th .tj .tk .tl .tm .tn .to .tr .tt .tv .tw .tz U .ua .ug .uk .us .uy .uz V .va .vc .ve .vg .vi .vn .vu W .wf .ws Y .ye .yt Z .za .zm .zw
.sd,(https://tr.wikipedia.org/wiki/.sd),1,DNS#176: A .ac .ad .ae .af .ag .ai .al .am .ao .aq .ar .as .at .au .aw .ax .az B .ba .bb .bd .be .bf .bg .bh .bi .bj .bm .bn .bo .br .bs .bt .bw .by .bz C .ca .cc .cd .cf .cg .ch .ci .ck .cl .cm .cn .co .cr .cu .cv .cw .cx .cy .cz D .de .dj .dk .dm .do .dz E .ec .ee .eg .er .es .et .eu F .fi .fj .fk .fm .fo .fr G .ga .gd .ge .gf .gg .gh .gi .gl .gm .gn .gp .gq .gr .gs .gt .gu .gw .gy H .hk .hm .hn .hr .ht .hu I .id .ie .il .im .in .io .iq .ir .is .it J .je .jm .jo .jp K .ke .kg .kh .ki .km .kn .kp .kr .kw .ky .kz L .la .lb .lc .li .lk .lr .ls .lt .lu .lv .ly M .ma .mc .md .me .mg .mh .mk .ml .mm .mn .mo .mp .mq .mr .ms .mt .mu .mv .mw .mx .my .mz N .na .nc .ne .nf .ng .ni .nl .no .np .nr .nu .nz O .om P .pa .pe .pf .pg .ph .pk .pl .pm .pn .pr .ps .pt .pw .py Q .qa R .re .ro .rs .ru .rw S .sa .sb .sc .sd .se .sg .sh .si .sk .sl .sm .sn .so .sr .ss .st .su .sv .sx .sy .sz T .tc .td .tf .tg .th .tj .tk .tl .tm .tn .to .tr .tt .tv .tw .tz U .ua .ug .uk .us .uy .uz V .va .vc .ve .vg .vi .vn .vu W .wf .ws Y .ye .yt Z .za .zm .zw
.se,(https://tr.wikipedia.org/wiki/.se),1,DNS#176: A .ac .ad .ae .af .ag .ai .al .am .ao .aq .ar .as .at .au .aw .ax .az B .ba .bb .bd .be .bf .bg .bh .bi .bj .bm .bn .bo .br .bs .bt .bw .by .bz C .ca .cc .cd .cf .cg .ch .ci .ck .cl .cm .cn .co .cr .cu .cv .cw .cx .cy .cz D .de .dj .dk .dm .do .dz E .ec .ee .eg .er .es .et .eu F .fi .fj .fk .fm .fo .fr G .ga .gd .ge .gf .gg .gh .gi .gl .gm .gn .gp .gq .gr .gs .gt .gu .gw .gy H .hk .hm .hn .hr .ht .hu I .id .ie .il .im .in .io .iq .ir .is .it J .je .jm .jo .jp K .ke .kg .kh .ki .km .kn .kp .kr .kw .ky .kz L .la .lb .lc .li .lk .lr .ls .lt .lu .lv .ly M .ma .mc .md .me .mg .mh .mk .ml .mm .mn .mo .mp .mq .mr .ms .mt .mu .mv .mw .mx .my .mz N .na .nc .ne .nf .ng .ni .nl .no .np .nr .nu .nz O .om P .pa .pe .pf .pg .ph .pk .pl .pm .pn .pr .ps .pt .pw .py Q .qa R .re .ro .rs .ru .rw S .sa .sb .sc .sd .se .sg .sh .si .sk .sl .sm .sn .so .sr .ss .st .su .sv .sx .sy .sz T .tc .td .tf .tg .th .tj .tk .tl .tm .tn .to .tr .tt .tv .tw .tz U .ua .ug .uk .us .uy .uz V .va .vc .ve .vg .vi .vn .vu W .wf .ws Y .ye .yt Z .za .zm .zw
.sg,(https://tr.wikipedia.org/wiki/.sg),1,DNS#176: A .ac .ad .ae .af .ag .ai .al .am .ao .aq .ar .as .at .au .aw .ax .az B .ba .bb .bd .be .bf .bg .bh .bi .bj .bm .bn .bo .br .bs .bt .bw .by .bz C .ca .cc .cd .cf .cg .ch .ci .ck .cl .cm .cn .co .cr .cu .cv .cw .cx .cy .cz D .de .dj .dk .dm .do .dz E .ec .ee .eg .er .es .et .eu F .fi .fj .fk .fm .fo .fr G .ga .gd .ge .gf .gg .gh .gi .gl .gm .gn .gp .gq .gr .gs .gt .gu .gw .gy H .hk .hm .hn .hr .ht .hu I .id .ie .il .im .in .io .iq .ir .is .it J .je .jm .jo .jp K .ke .kg .kh .ki .km .kn .kp .kr .kw .ky .kz L .la .lb .lc .li .lk .lr .ls .lt .lu .lv .ly M .ma .mc .md .me .mg .mh .mk .ml .mm .mn .mo .mp .mq .mr .ms .mt .mu .mv .mw .mx .my .mz N .na .nc .ne .nf .ng .ni .nl .no .np .nr .nu .nz O .om P .pa .pe .pf .pg .ph .pk .pl .pm .pn .pr .ps .pt .pw .py Q .qa R .re .ro .rs .ru .rw S .sa .sb .sc .sd .se .sg .sh .si .sk .sl .sm .sn .so .sr .ss .st .su .sv .sx .sy .sz T .tc .td .tf .tg .th .tj .tk .tl .tm .tn .to .tr .tt .tv .tw .tz U .ua .ug .uk .us .uy .uz V .va .vc .ve .vg .vi .vn .vu W .wf .ws Y .ye .yt Z .za .zm .zw
.sh,(https://tr.wikipedia.org/wiki/.sh),1,DNS#176: A .ac .ad .ae .af .ag .ai .al .am .ao .aq .ar .as .at .au .aw .ax .az B .ba .bb .bd .be .bf .bg .bh .bi .bj .bm .bn .bo .br .bs .bt .bw .by .bz C .ca .cc .cd .cf .cg .ch .ci .ck .cl .cm .cn .co .cr .cu .cv .cw .cx .cy .cz D .de .dj .dk .dm .do .dz E .ec .ee .eg .er .es .et .eu F .fi .fj .fk .fm .fo .fr G .ga .gd .ge .gf .gg .gh .gi .gl .gm .gn .gp .gq .gr .gs .gt .gu .gw .gy H .hk .hm .hn .hr .ht .hu I .id .ie .il .im .in .io .iq .ir .is .it J .je .jm .jo .jp K .ke .kg .kh .ki .km .kn .kp .kr .kw .ky .kz L .la .lb .lc .li .lk .lr .ls .lt .lu .lv .ly M .ma .mc .md .me .mg .mh .mk .ml .mm .mn .mo .mp .mq .mr .ms .mt .mu .mv .mw .mx .my .mz N .na .nc .ne .nf .ng .ni .nl .no .np .nr .nu .nz O .om P .pa .pe .pf .pg .ph .pk .pl .pm .pn .pr .ps .pt .pw .py Q .qa R .re .ro .rs .ru .rw S .sa .sb .sc .sd .se .sg .sh .si .sk .sl .sm .sn .so .sr .ss .st .su .sv .sx .sy .sz T .tc .td .tf .tg .th .tj .tk .tl .tm .tn .to .tr .tt .tv .tw .tz U .ua .ug .uk .us .uy .uz V .va .vc .ve .vg .vi .vn .vu W .wf .ws Y .ye .yt Z .za .zm .zw
.si,(https://tr.wikipedia.org/wiki/.si),1,DNS#176: A .ac .ad .ae .af .ag .ai .al .am .ao .aq .ar .as .at .au .aw .ax .az B .ba .bb .bd .be .bf .bg .bh .bi .bj .bm .bn .bo .br .bs .bt .bw .by .bz C .ca .cc .cd .cf .cg .ch .ci .ck .cl .cm .cn .co .cr .cu .cv .cw .cx .cy .cz D .de .dj .dk .dm .do .dz E .ec .ee .eg .er .es .et .eu F .fi .fj .fk .fm .fo .fr G .ga .gd .ge .gf .gg .gh .gi .gl .gm .gn .gp .gq .gr .gs .gt .gu .gw .gy H .hk .hm .hn .hr .ht .hu I .id .ie .il .im .in .io .iq .ir .is .it J .je .jm .jo .jp K .ke .kg .kh .ki .km .kn .kp .kr .kw .ky .kz L .la .lb .lc .li .lk .lr .ls .lt .lu .lv .ly M .ma .mc .md .me .mg .mh .mk .ml .mm .mn .mo .mp .mq .mr .ms .mt .mu .mv .mw .mx .my .mz N .na .nc .ne .nf .ng .ni .nl .no .np .nr .nu .nz O .om P .pa .pe .pf .pg .ph .pk .pl .pm .pn .pr .ps .pt .pw .py Q .qa R .re .ro .rs .ru .rw S .sa .sb .sc .sd .se .sg .sh .si .sk .sl .sm .sn .so .sr .ss .st .su .sv .sx .sy .sz T .tc .td .tf .tg .th .tj .tk .tl .tm .tn .to .tr .tt .tv .tw .tz U .ua .ug .uk .us .uy .uz V .va .vc .ve .vg .vi .vn .vu W .wf .ws Y .ye .yt Z .za .zm .zw
.sk,(https://tr.wikipedia.org/wiki/.sk),1,DNS#176: A .ac .ad .ae .af .ag .ai .al .am .ao .aq .ar .as .at .au .aw .ax .az B .ba .bb .bd .be .bf .bg .bh .bi .bj .bm .bn .bo .br .bs .bt .bw .by .bz C .ca .cc .cd .cf .cg .ch .ci .ck .cl .cm .cn .co .cr .cu .cv .cw .cx .cy .cz D .de .dj .dk .dm .do .dz E .ec .ee .eg .er .es .et .eu F .fi .fj .fk .fm .fo .fr G .ga .gd .ge .gf .gg .gh .gi .gl .gm .gn .gp .gq .gr .gs .gt .gu .gw .gy H .hk .hm .hn .hr .ht .hu I .id .ie .il .im .in .io .iq .ir .is .it J .je .jm .jo .jp K .ke .kg .kh .ki .km .kn .kp .kr .kw .ky .kz L .la .lb .lc .li .lk .lr .ls .lt .lu .lv .ly M .ma .mc .md .me .mg .mh .mk .ml .mm .mn .mo .mp .mq .mr .ms .mt .mu .mv .mw .mx .my .mz N .na .nc .ne .nf .ng .ni .nl .no .np .nr .nu .nz O .om P .pa .pe .pf .pg .ph .pk .pl .pm .pn .pr .ps .pt .pw .py Q .qa R .re .ro .rs .ru .rw S .sa .sb .sc .sd .se .sg .sh .si .sk .sl .sm .sn .so .sr .ss .st .su .sv .sx .sy .sz T .tc .td .tf .tg .th .tj .tk .tl .tm .tn .to .tr .tt .tv .tw .tz U .ua .ug .uk .us .uy .uz V .va .vc .ve .vg .vi .vn .vu W .wf .ws Y .ye .yt Z .za .zm .zw
.vc,(https://tr.wikipedia.org/wiki/.vc),1,DNS#176: A .ac .ad .ae .af .ag .ai .al .am .ao .aq .ar .as .at .au .aw .ax .az B .ba .bb .bd .be .bf .bg .bh .bi .bj .bm .bn .bo .br .bs .bt .bw .by .bz C .ca .cc .cd .cf .cg .ch .ci .ck .cl .cm .cn .co .cr .cu .cv .cw .cx .cy .cz D .de .dj .dk .dm .do .dz E .ec .ee .eg .er .es .et .eu F .fi .fj .fk .fm .fo .fr G .ga .gd .ge .gf .gg .gh .gi .gl .gm .gn .gp .gq .gr .gs .gt .gu .gw .gy H .hk .hm .hn .hr .ht .hu I .id .ie .il .im .in .io .iq .ir .is .it J .je .jm .jo .jp K .ke .kg .kh .ki .km .kn .kp .kr .kw .ky .kz L .la .lb .lc .li .lk .lr .ls .lt .lu .lv .ly M .ma .mc .md .me .mg .mh .mk .ml .mm .mn .mo .mp .mq .mr .ms .mt .mu .mv .mw .mx .my .mz N .na .nc .ne .nf .ng .ni .nl .no .np .nr .nu .nz O .om P .pa .pe .pf .pg .ph .pk .pl .pm .pn .pr .ps .pt .pw .py Q .qa R .re .ro .rs .ru .rw S .sa .sb .sc .sd .se .sg .sh .si .sk .sl .sm .sn .so .sr .ss .st .su .sv .sx .sy .sz T .tc .td .tf .tg .th .tj .tk .tl .tm .tn .to .tr .tt .tv .tw .tz U .ua .ug .uk .us .uy .uz V .va .vc .ve .vg .vi .vn .vu W .wf .ws Y .ye .yt Z .za .zm .zw
.ve,(https://tr.wikipedia.org/wiki/.ve),1,DNS#176: A .ac .ad .ae .af .ag .ai .al .am .ao .aq .ar .as .at .au .aw .ax .az B .ba .bb .bd .be .bf .bg .bh .bi .bj .bm .bn .bo .br .bs .bt .bw .by .bz C .ca .cc .cd .cf .cg .ch .ci .ck .cl .cm .cn .co .cr .cu .cv .cw .cx .cy .cz D .de .dj .dk .dm .do .dz E .ec .ee .eg .er .es .et .eu F .fi .fj .fk .fm .fo .fr G .ga .gd .ge .gf .gg .gh .gi .gl .gm .gn .gp .gq .gr .gs .gt .gu .gw .gy H .hk .hm .hn .hr .ht .hu I .id .ie .il .im .in .io .iq .ir .is .it J .je .jm .jo .jp K .ke .kg .kh .ki .km .kn .kp .kr .kw .ky .kz L .la .lb .lc .li .lk .lr .ls .lt .lu .lv .ly M .ma .mc .md .me .mg .mh .mk .ml .mm .mn .mo .mp .mq .mr .ms .mt .mu .mv .mw .mx .my .mz N .na .nc .ne .nf .ng .ni .nl .no .np .nr .nu .nz O .om P .pa .pe .pf .pg .ph .pk .pl .pm .pn .pr .ps .pt .pw .py Q .qa R .re .ro .rs .ru .rw S .sa .sb .sc .sd .se .sg .sh .si .sk .sl .sm .sn .so .sr .ss .st .su .sv .sx .sy .sz T .tc .td .tf .tg .th .tj .tk .tl .tm .tn .to .tr .tt .tv .tw .tz U .ua .ug .uk .us .uy .uz V .va .vc .ve .vg .vi .vn .vu W .wf .ws Y .ye .yt Z .za .zm .zw
.vg,(https://tr.wikipedia.org/wiki/.vg),1,DNS#176: A .ac .ad .ae .af .ag .ai .al .am .ao .aq .ar .as .at .au .aw .ax .az B .ba .bb .bd .be .bf .bg .bh .bi .bj .bm .bn .bo .br .bs .bt .bw .by .bz C .ca .cc .cd .cf .cg .ch .ci .ck .cl .cm .cn .co .cr .cu .cv .cw .cx .cy .cz D .de .dj .dk .dm .do .dz E .ec .ee .eg .er .es .et .eu F .fi .fj .fk .fm .fo .fr G .ga .gd .ge .gf .gg .gh .gi .gl .gm .gn .gp .gq .gr .gs .gt .gu .gw .gy H .hk .hm .hn .hr .ht .hu I .id .ie .il .im .in .io .iq .ir .is .it J .je .jm .jo .jp K .ke .kg .kh .ki .km .kn .kp .kr .kw .ky .kz L .la .lb .lc .li .lk .lr .ls .lt .lu .lv .ly M .ma .mc .md .me .mg .mh .mk .ml .mm .mn .mo .mp .mq .mr .ms .mt .mu .mv .mw .mx .my .mz N .na .nc .ne .nf .ng .ni .nl .no .np .nr .nu .nz O .om P .pa .pe .pf .pg .ph .pk .pl .pm .pn .pr .ps .pt .pw .py Q .qa R .re .ro .rs .ru .rw S .sa .sb .sc .sd .se .sg .sh .si .sk .sl .sm .sn .so .sr .ss .st .su .sv .sx .sy .sz T .tc .td .tf .tg .th .tj .tk .tl .tm .tn .to .tr .tt .tv .tw .tz U .ua .ug .uk .us .uy .uz V .va .vc .ve .vg .vi .vn .vu W .wf .ws Y .ye .yt Z .za .zm .zw
.vi,(https://tr.wikipedia.org/wiki/.vi),1,DNS#176: A .ac .ad .ae .af .ag .ai .al .am .ao .aq .ar .as .at .au .aw .ax .az B .ba .bb .bd .be .bf .bg .bh .bi .bj .bm .bn .bo .br .bs .bt .bw .by .bz C .ca .cc .cd .cf .cg .ch .ci .ck .cl .cm .cn .co .cr .cu .cv .cw .cx .cy .cz D .de .dj .dk .dm .do .dz E .ec .ee .eg .er .es .et .eu F .fi .fj .fk .fm .fo .fr G .ga .gd .ge .gf .gg .gh .gi .gl .gm .gn .gp .gq .gr .gs .gt .gu .gw .gy H .hk .hm .hn .hr .ht .hu I .id .ie .il .im .in .io .iq .ir .is .it J .je .jm .jo .jp K .ke .kg .kh .ki .km .kn .kp .kr .kw .ky .kz L .la .lb .lc .li .lk .lr .ls .lt .lu .lv .ly M .ma .mc .md .me .mg .mh .mk .ml .mm .mn .mo .mp .mq .mr .ms .mt .mu .mv .mw .mx .my .mz N .na .nc .ne .nf .ng .ni .nl .no .np .nr .nu .nz O .om P .pa .pe .pf .pg .ph .pk .pl .pm .pn .pr .ps .pt .pw .py Q .qa R .re .ro .rs .ru .rw S .sa .sb .sc .sd .se .sg .sh .si .sk .sl .sm .sn .so .sr .ss .st .su .sv .sx .sy .sz T .tc .td .tf .tg .th .tj .tk .tl .tm .tn .to .tr .tt .tv .tw .tz U .ua .ug .uk .us .uy .uz V .va .vc .ve .vg .vi .vn .vu W .wf .ws Y .ye .yt Z .za .zm .zw
.vn,(https://tr.wikipedia.org/wiki/.vn),1,DNS#176: A .ac .ad .ae .af .ag .ai .al .am .ao .aq .ar .as .at .au .aw .ax .az B .ba .bb .bd .be .bf .bg .bh .bi .bj .bm .bn .bo .br .bs .bt .bw .by .bz C .ca .cc .cd .cf .cg .ch .ci .ck .cl .cm .cn .co .cr .cu .cv .cw .cx .cy .cz D .de .dj .dk .dm .do .dz E .ec .ee .eg .er .es .et .eu F .fi .fj .fk .fm .fo .fr G .ga .gd .ge .gf .gg .gh .gi .gl .gm .gn .gp .gq .gr .gs .gt .gu .gw .gy H .hk .hm .hn .hr .ht .hu I .id .ie .il .im .in .io .iq .ir .is .it J .je .jm .jo .jp K .ke .kg .kh .ki .km .kn .kp .kr .kw .ky .kz L .la .lb .lc .li .lk .lr .ls .lt .lu .lv .ly M .ma .mc .md .me .mg .mh .mk .ml .mm .mn .mo .mp .mq .mr .ms .mt .mu .mv .mw .mx .my .mz N .na .nc .ne .nf .ng .ni .nl .no .np .nr .nu .nz O .om P .pa .pe .pf .pg .ph .pk .pl .pm .pn .pr .ps .pt .pw .py Q .qa R .re .ro .rs .ru .rw S .sa .sb .sc .sd .se .sg .sh .si .sk .sl .sm .sn .so .sr .ss .st .su .sv .sx .sy .sz T .tc .td .tf .tg .th .tj .tk .tl .tm .tn .to .tr .tt .tv .tw .tz U .ua .ug .uk .us .uy .uz V .va .vc .ve .vg .vi .vn .vu W .wf .ws Y .ye .yt Z .za .zm .zw
.vu,(https://tr.wikipedia.org/wiki/.vu),1,DNS#176: A .ac .ad .ae .af .ag .ai .al .am .ao .aq .ar .as .at .au .aw .ax .az B .ba .bb .bd .be .bf .bg .bh .bi .bj .bm .bn .bo .br .bs .bt .bw .by .bz C .ca .cc .cd .cf .cg .ch .ci .ck .cl .cm .cn .co .cr .cu .cv .cw .cx .cy .cz D .de .dj .dk .dm .do .dz E .ec .ee .eg .er .es .et .eu F .fi .fj .fk .fm .fo .fr G .ga .gd .ge .gf .gg .gh .gi .gl .gm .gn .gp .gq .gr .gs .gt .gu .gw .gy H .hk .hm .hn .hr .ht .hu I .id .ie .il .im .in .io .iq .ir .is .it J .je .jm .jo .jp K .ke .kg .kh .ki .km .kn .kp .kr .kw .ky .kz L .la .lb .lc .li .lk .lr .ls .lt .lu .lv .ly M .ma .mc .md .me .mg .mh .mk .ml .mm .mn .mo .mp .mq .mr .ms .mt .mu .mv .mw .mx .my .mz N .na .nc .ne .nf .ng .ni .nl .no .np .nr .nu .nz O .om P .pa .pe .pf .pg .ph .pk .pl .pm .pn .pr .ps .pt .pw .py Q .qa R .re .ro .rs .ru .rw S .sa .sb .sc .sd .se .sg .sh .si .sk .sl .sm .sn .so .sr .ss .st .su .sv .sx .sy .sz T .tc .td .tf .tg .th .tj .tk .tl .tm .tn .to .tr .tt .tv .tw .tz U .ua .ug .uk .us .uy .uz V .va .vc .ve .vg .vi .vn .vu W .wf .ws Y .ye .yt Z .za .zm .zw
.wf,(https://tr.wikipedia.org/wiki/.wf),1,DNS#176: A .ac .ad .ae .af .ag .ai .al .am .ao .aq .ar .as .at .au .aw .ax .az B .ba .bb .bd .be .bf .bg .bh .bi .bj .bm .bn .bo .br .bs .bt .bw .by .bz C .ca .cc .cd .cf .cg .ch .ci .ck .cl .cm .cn .co .cr .cu .cv .cw .cx .cy .cz D .de .dj .dk .dm .do .dz E .ec .ee .eg .er .es .et .eu F .fi .fj .fk .fm .fo .fr G .ga .gd .ge .gf .gg .gh .gi .gl .gm .gn .gp .gq .gr .gs .gt .gu .gw .gy H .hk .hm .hn .hr .ht .hu I .id .ie .il .im .in .io .iq .ir .is .it J .je .jm .jo .jp K .ke .kg .kh .ki .km .kn .kp .kr .kw .ky .kz L .la .lb .lc .li .lk .lr .ls .lt .lu .lv .ly M .ma .mc .md .me .mg .mh .mk .ml .mm .mn .mo .mp .mq .mr .ms .mt .mu .mv .mw .mx .my .mz N .na .nc .ne .nf .ng .ni .nl .no .np .nr .nu .nz O .om P .pa .pe .pf .pg .ph .pk .pl .pm .pn .pr .ps .pt .pw .py Q .qa R .re .ro .rs .ru .rw S .sa .sb .sc .sd .se .sg .sh .si .sk .sl .sm .sn .so .sr .ss .st .su .sv .sx .sy .sz T .tc .td .tf .tg .th .tj .tk .tl .tm .tn .to .tr .tt .tv .tw .tz U .ua .ug .uk .us .uy .uz V .va .vc .ve .vg .vi .vn .vu W .wf .ws Y .ye .yt Z .za .zm .zw
.zr,(https://tr.wikipedia.org/wiki/.zr),1,DNS#181: .an .bu .cs .dd .tp .um .yu .zr
.ye,(https://tr.wikipedia.org/wiki/.ye),1,DNS#176: A .ac .ad .ae .af .ag .ai .al .am .ao .aq .ar .as .at .au .aw .ax .az B .ba .bb .bd .be .bf .bg .bh .bi .bj .bm .bn .bo .br .bs .bt .bw .by .bz C .ca .cc .cd .cf .cg .ch .ci .ck .cl .cm .cn .co .cr .cu .cv .cw .cx .cy .cz D .de .dj .dk .dm .do .dz E .ec .ee .eg .er .es .et .eu F .fi .fj .fk .fm .fo .fr G .ga .gd .ge .gf .gg .gh .gi .gl .gm .gn .gp .gq .gr .gs .gt .gu .gw .gy H .hk .hm .hn .hr .ht .hu I .id .ie .il .im .in .io .iq .ir .is .it J .je .jm .jo .jp K .ke .kg .kh .ki .km .kn .kp .kr .kw .ky .kz L .la .lb .lc .li .lk .lr .ls .lt .lu .lv .ly M .ma .mc .md .me .mg .mh .mk .ml .mm .mn .mo .mp .mq .mr .ms .mt .mu .mv .mw .mx .my .mz N .na .nc .ne .nf .ng .ni .nl .no .np .nr .nu .nz O .om P .pa .pe .pf .pg .ph .pk .pl .pm .pn .pr .ps .pt .pw .py Q .qa R .re .ro .rs .ru .rw S .sa .sb .sc .sd .se .sg .sh .si .sk .sl .sm .sn .so .sr .ss .st .su .sv .sx .sy .sz T .tc .td .tf .tg .th .tj .tk .tl .tm .tn .to .tr .tt .tv .tw .tz U .ua .ug .uk .us .uy .uz V .va .vc .ve .vg .vi .vn .vu W .wf .ws Y .ye .yt Z .za .zm .zw
.yt,(https://tr.wikipedia.org/wiki/.yt),1,DNS#176: A .ac .ad .ae .af .ag .ai .al .am .ao .aq .ar .as .at .au .aw .ax .az B .ba .bb .bd .be .bf .bg .bh .bi .bj .bm .bn .bo .br .bs .bt .bw .by .bz C .ca .cc .cd .cf .cg .ch .ci .ck .cl .cm .cn .co .cr .cu .cv .cw .cx .cy .cz D .de .dj .dk .dm .do .dz E .ec .ee .eg .er .es .et .eu F .fi .fj .fk .fm .fo .fr G .ga .gd .ge .gf .gg .gh .gi .gl .gm .gn .gp .gq .gr .gs .gt .gu .gw .gy H .hk .hm .hn .hr .ht .hu I .id .ie .il .im .in .io .iq .ir .is .it J .je .jm .jo .jp K .ke .kg .kh .ki .km .kn .kp .kr .kw .ky .kz L .la .lb .lc .li .lk .lr .ls .lt .lu .lv .ly M .ma .mc .md .me .mg .mh .mk .ml .mm .mn .mo .mp .mq .mr .ms .mt .mu .mv .mw .mx .my .mz N .na .nc .ne .nf .ng .ni .nl .no .np .nr .nu .nz O .om P .pa .pe .pf .pg .ph .pk .pl .pm .pn .pr .ps .pt .pw .py Q .qa R .re .ro .rs .ru .rw S .sa .sb .sc .sd .se .sg .sh .si .sk .sl .sm .sn .so .sr .ss .st .su .sv .sx .sy .sz T .tc .td .tf .tg .th .tj .tk .tl .tm .tn .to .tr .tt .tv .tw .tz U .ua .ug .uk .us .uy .uz V .va .vc .ve .vg .vi .vn .vu W .wf .ws Y .ye .yt Z .za .zm .zw
.za,(https://tr.wikipedia.org/wiki/.za),1,DNS#176: A .ac .ad .ae .af .ag .ai .al .am .ao .aq .ar .as .at .au .aw .ax .az B .ba .bb .bd .be .bf .bg .bh .bi .bj .bm .bn .bo .br .bs .bt .bw .by .bz C .ca .cc .cd .cf .cg .ch .ci .ck .cl .cm .cn .co .cr .cu .cv .cw .cx .cy .cz D .de .dj .dk .dm .do .dz E .ec .ee .eg .er .es .et .eu F .fi .fj .fk .fm .fo .fr G .ga .gd .ge .gf .gg .gh .gi .gl .gm .gn .gp .gq .gr .gs .gt .gu .gw .gy H .hk .hm .hn .hr .ht .hu I .id .ie .il .im .in .io .iq .ir .is .it J .je .jm .jo .jp K .ke .kg .kh .ki .km .kn .kp .kr .kw .ky .kz L .la .lb .lc .li .lk .lr .ls .lt .lu .lv .ly M .ma .mc .md .me .mg .mh .mk .ml .mm .mn .mo .mp .mq .mr .ms .mt .mu .mv .mw .mx .my .mz N .na .nc .ne .nf .ng .ni .nl .no .np .nr .nu .nz O .om P .pa .pe .pf .pg .ph .pk .pl .pm .pn .pr .ps .pt .pw .py Q .qa R .re .ro .rs .ru .rw S .sa .sb .sc .sd .se .sg .sh .si .sk .sl .sm .sn .so .sr .ss .st .su .sv .sx .sy .sz T .tc .td .tf .tg .th .tj .tk .tl .tm .tn .to .tr .tt .tv .tw .tz U .ua .ug .uk .us .uy .uz V .va .vc .ve .vg .vi .vn .vu W .wf .ws Y .ye .yt Z .za .zm .zw
.zm,(https://tr.wikipedia.org/wiki/.zm),1,DNS#176: A .ac .ad .ae .af .ag .ai .al .am .ao .aq .ar .as .at .au .aw .ax .az B .ba .bb .bd .be .bf .bg .bh .bi .bj .bm .bn .bo .br .bs .bt .bw .by .bz C .ca .cc .cd .cf .cg .ch .ci .ck .cl .cm .cn .co .cr .cu .cv .cw .cx .cy .cz D .de .dj .dk .dm .do .dz E .ec .ee .eg .er .es .et .eu F .fi .fj .fk .fm .fo .fr G .ga .gd .ge .gf .gg .gh .gi .gl .gm .gn .gp .gq .gr .gs .gt .gu .gw .gy H .hk .hm .hn .hr .ht .hu I .id .ie .il .im .in .io .iq .ir .is .it J .je .jm .jo .jp K .ke .kg .kh .ki .km .kn .kp .kr .kw .ky .kz L .la .lb .lc .li .lk .lr .ls .lt .lu .lv .ly M .ma .mc .md .me .mg .mh .mk .ml .mm .mn .mo .mp .mq .mr .ms .mt .mu .mv .mw .mx .my .mz N .na .nc .ne .nf .ng .ni .nl .no .np .nr .nu .nz O .om P .pa .pe .pf .pg .ph .pk .pl .pm .pn .pr .ps .pt .pw .py Q .qa R .re .ro .rs .ru .rw S .sa .sb .sc .sd .se .sg .sh .si .sk .sl .sm .sn .so .sr .ss .st .su .sv .sx .sy .sz T .tc .td .tf .tg .th .tj .tk .tl .tm .tn .to .tr .tt .tv .tw .tz U .ua .ug .uk .us .uy .uz V .va .vc .ve .vg .vi .vn .vu W .wf .ws Y .ye .yt Z .za .zm .zw
.zw,(https://tr.wikipedia.org/wiki/.zw),1,DNS#176: A .ac .ad .ae .af .ag .ai .al .am .ao .aq .ar .as .at .au .aw .ax .az B .ba .bb .bd .be .bf .bg .bh .bi .bj .bm .bn .bo .br .bs .bt .bw .by .bz C .ca .cc .cd .cf .cg .ch .ci .ck .cl .cm .cn .co .cr .cu .cv .cw .cx .cy .cz D .de .dj .dk .dm .do .dz E .ec .ee .eg .er .es .et .eu F .fi .fj .fk .fm .fo .fr G .ga .gd .ge .gf .gg .gh .gi .gl .gm .gn .gp .gq .gr .gs .gt .gu .gw .gy H .hk .hm .hn .hr .ht .hu I .id .ie .il .im .in .io .iq .ir .is .it J .je .jm .jo .jp K .ke .kg .kh .ki .km .kn .kp .kr .kw .ky .kz L .la .lb .lc .li .lk .lr .ls .lt .lu .lv .ly M .ma .mc .md .me .mg .mh .mk .ml .mm .mn .mo .mp .mq .mr .ms .mt .mu .mv .mw .mx .my .mz N .na .nc .ne .nf .ng .ni .nl .no .np .nr .nu .nz O .om P .pa .pe .pf .pg .ph .pk .pl .pm .pn .pr .ps .pt .pw .py Q .qa R .re .ro .rs .ru .rw S .sa .sb .sc .sd .se .sg .sh .si .sk .sl .sm .sn .so .sr .ss .st .su .sv .sx .sy .sz T .tc .td .tf .tg .th .tj .tk .tl .tm .tn .to .tr .tt .tv .tw .tz U .ua .ug .uk .us .uy .uz V .va .vc .ve .vg .vi .vn .vu W .wf .ws Y .ye .yt Z .za .zm .zw
.κπ,(https://tr.wikipedia.org/wiki/.cy),1,"DNS#177: .κπ ( kp , Kıbrıs) ישראל. ( Yisrael , İsrail) .日本 ( Nippon , Japonya) .ລາວ ( Lao , Laos)"
ישראל.,(https://tr.wikipedia.org/wiki/.il),1,"DNS#177: .κπ ( kp , Kıbrıs) ישראל. ( Yisrael , İsrail) .日本 ( Nippon , Japonya) .ລາວ ( Lao , Laos)"
.日本,(https://tr.wikipedia.org/wiki/.jp),1,"DNS#177: .κπ ( kp , Kıbrıs) ישראל. ( Yisrael , İsrail) .日本 ( Nippon , Japonya) .ລາວ ( Lao , Laos)"
.ລາວ,(https://tr.wikipedia.org/wiki/.la),1,"DNS#177: .κπ ( kp , Kıbrıs) ישראל. ( Yisrael , İsrail) .日本 ( Nippon , Japonya) .ລາວ ( Lao , Laos)"
.bl,(https://tr.wikipedia.org/wiki/.bl),1,DNS#178: .bl .bq .eh .mf
.bq,(https://tr.wikipedia.org/w/index.php?title=.bq&action=edit&redlink=1),1,DNS#178: .bl .bq .eh .mf
.eh,(https://tr.wikipedia.org/wiki/.eh),1,DNS#178: .bl .bq .eh .mf
.mf,(https://tr.wikipedia.org/wiki/.mf),1,DNS#178: .bl .bq .eh .mf
.bv,(https://tr.wikipedia.org/wiki/.bv),1,DNS#179: .bv .gb .sj
.gb,(https://tr.wikipedia.org/wiki/.gb),1,DNS#179: .bv .gb .sj
.sj,(https://tr.wikipedia.org/wiki/.sj),1,DNS#179: .bv .gb .sj
.an,(https://tr.wikipedia.org/wiki/.an),1,DNS#181: .an .bu .cs .dd .tp .um .yu .zr
.bu,(https://tr.wikipedia.org/wiki/.bu),1,DNS#181: .an .bu .cs .dd .tp .um .yu .zr
.cs,(https://tr.wikipedia.org/wiki/.cs),1,DNS#181: .an .bu .cs .dd .tp .um .yu .zr
.dd,(https://tr.wikipedia.org/wiki/.dd),1,DNS#181: .an .bu .cs .dd .tp .um .yu .zr
.tp,(https://tr.wikipedia.org/wiki/.tp),1,DNS#181: .an .bu .cs .dd .tp .um .yu .zr
.um,(https://tr.wikipedia.org/wiki/.um),1,DNS#181: .an .bu .cs .dd .tp .um .yu .zr
.yu,(https://tr.wikipedia.org/wiki/.yu),1,DNS#181: .an .bu .cs .dd .tp .um .yu .zr
.jobs,(https://tr.wikipedia.org/w/index.php?title=.jobs&action=edit&redlink=1),1,"DNS#39: En üste .com , .org , .net , .int , .edu , .info , .biz , .aero , .travel , .jobs , .gov , .mil gibi "" jenerik "" üst düzey alanlarla ( gTLD ) .tr , .us , .de , .uk , .jp , .az gibi ülke alanlarından ( CcTLD ) oluşur."
Türkçe,(https://tr.wikipedia.org/wiki/T%C3%BCrk%C3%A7e),1,"DNS#1: DNS ( İngilizce : Domain Name System , Türkçe : Alan Adı Sistemi ), internet uzayını bölümlemeye, bölümleri adlandırmaya ve bölümler arası iletişimi organize etmeye yarayan, bilgisayar, servis, internet veya özel bir ağa bağlı herhangi bir kaynak için hiyerarşik dağıtılmış bir adlandırma sistemidir."
uzayını,(https://tr.wikipedia.org/wiki/Uzay),1,"DNS#1: DNS ( İngilizce : Domain Name System , Türkçe : Alan Adı Sistemi ), internet uzayını bölümlemeye, bölümleri adlandırmaya ve bölümler arası iletişimi organize etmeye yarayan, bilgisayar, servis, internet veya özel bir ağa bağlı herhangi bir kaynak için hiyerarşik dağıtılmış bir adlandırma sistemidir."
iletişimi,(https://tr.wikipedia.org/wiki/%C4%B0leti%C5%9Fim),1,"DNS#1: DNS ( İngilizce : Domain Name System , Türkçe : Alan Adı Sistemi ), internet uzayını bölümlemeye, bölümleri adlandırmaya ve bölümler arası iletişimi organize etmeye yarayan, bilgisayar, servis, internet veya özel bir ağa bağlı herhangi bir kaynak için hiyerarşik dağıtılmış bir adlandırma sistemidir."
İnternet,(https://tr.wikipedia.org/wiki/%C4%B0nternet),1,DNS#2: İnternet ağını oluşturan her birim sadece kendine ait bir IP adresine sahiptir.
.sl,(https://tr.wikipedia.org/wiki/.sl),1,DNS#176: A .ac .ad .ae .af .ag .ai .al .am .ao .aq .ar .as .at .au .aw .ax .az B .ba .bb .bd .be .bf .bg .bh .bi .bj .bm .bn .bo .br .bs .bt .bw .by .bz C .ca .cc .cd .cf .cg .ch .ci .ck .cl .cm .cn .co .cr .cu .cv .cw .cx .cy .cz D .de .dj .dk .dm .do .dz E .ec .ee .eg .er .es .et .eu F .fi .fj .fk .fm .fo .fr G .ga .gd .ge .gf .gg .gh .gi .gl .gm .gn .gp .gq .gr .gs .gt .gu .gw .gy H .hk .hm .hn .hr .ht .hu I .id .ie .il .im .in .io .iq .ir .is .it J .je .jm .jo .jp K .ke .kg .kh .ki .km .kn .kp .kr .kw .ky .kz L .la .lb .lc .li .lk .lr .ls .lt .lu .lv .ly M .ma .mc .md .me .mg .mh .mk .ml .mm .mn .mo .mp .mq .mr .ms .mt .mu .mv .mw .mx .my .mz N .na .nc .ne .nf .ng .ni .nl .no .np .nr .nu .nz O .om P .pa .pe .pf .pg .ph .pk .pl .pm .pn .pr .ps .pt .pw .py Q .qa R .re .ro .rs .ru .rw S .sa .sb .sc .sd .se .sg .sh .si .sk .sl .sm .sn .so .sr .ss .st .su .sv .sx .sy .sz T .tc .td .tf .tg .th .tj .tk .tl .tm .tn .to .tr .tt .tv .tw .tz U .ua .ug .uk .us .uy .uz V .va .vc .ve .vg .vi .vn .vu W .wf .ws Y .ye .yt Z .za .zm .zw
veritabanı,(https://tr.wikipedia.org/wiki/Veritaban%C4%B1),1,DNS#11: DNS aynı zamanda özünde (çekirdekte) bulunan veritabanı servisinin teknik işlevselliğini de belirtir.
SMTP,(https://tr.wikipedia.org/wiki/SMTP),1,"DNS#19: DNS veritabanında depolanan en yaygın kayıt türleri; DNS bölgesinin yetkisi otoritesi (SOA), IP adresleri (A ve AAAA), SMTP posta değiştiriciler (MX), ad sunucuları (NS), ters DNS aramaları için işaretçiler (PTR) ve alan adı takma isimleridir (CNAME)."
.sm,(https://tr.wikipedia.org/wiki/.sm),1,DNS#176: A .ac .ad .ae .af .ag .ai .al .am .ao .aq .ar .as .at .au .aw .ax .az B .ba .bb .bd .be .bf .bg .bh .bi .bj .bm .bn .bo .br .bs .bt .bw .by .bz C .ca .cc .cd .cf .cg .ch .ci .ck .cl .cm .cn .co .cr .cu .cv .cw .cx .cy .cz D .de .dj .dk .dm .do .dz E .ec .ee .eg .er .es .et .eu F .fi .fj .fk .fm .fo .fr G .ga .gd .ge .gf .gg .gh .gi .gl .gm .gn .gp .gq .gr .gs .gt .gu .gw .gy H .hk .hm .hn .hr .ht .hu I .id .ie .il .im .in .io .iq .ir .is .it J .je .jm .jo .jp K .ke .kg .kh .ki .km .kn .kp .kr .kw .ky .kz L .la .lb .lc .li .lk .lr .ls .lt .lu .lv .ly M .ma .mc .md .me .mg .mh .mk .ml .mm .mn .mo .mp .mq .mr .ms .mt .mu .mv .mw .mx .my .mz N .na .nc .ne .nf .ng .ni .nl .no .np .nr .nu .nz O .om P .pa .pe .pf .pg .ph .pk .pl .pm .pn .pr .ps .pt .pw .py Q .qa R .re .ro .rs .ru .rw S .sa .sb .sc .sd .se .sg .sh .si .sk .sl .sm .sn .so .sr .ss .st .su .sv .sx .sy .sz T .tc .td .tf .tg .th .tj .tk .tl .tm .tn .to .tr .tt .tv .tw .tz U .ua .ug .uk .us .uy .uz V .va .vc .ve .vg .vi .vn .vu W .wf .ws Y .ye .yt Z .za .zm .zw
internet sitesi,(https://tr.wikipedia.org/wiki/%C4%B0nternet_sitesi),1,"DNS#24: İnternette bulunan her nesnenin, etkileşime giren her sunucu ve ucun bir internet sitesi olması gerekir."
protokol,(https://tr.wikipedia.org/wiki/%C4%B0leti%C5%9Fim_protokol%C3%BC),1,"DNS#25: Bu adres, protokol seviyesinin IPv4 ve IPv6 olmasına göre 32 bit ya da 128 bit uzunluğundadır."
IPv4,(https://tr.wikipedia.org/wiki/IPv4),1,"DNS#25: Bu adres, protokol seviyesinin IPv4 ve IPv6 olmasına göre 32 bit ya da 128 bit uzunluğundadır."
IPv6,(https://tr.wikipedia.org/wiki/IPv6),1,"DNS#25: Bu adres, protokol seviyesinin IPv4 ve IPv6 olmasına göre 32 bit ya da 128 bit uzunluğundadır."
bit,(https://tr.wikipedia.org/wiki/Bit_(bili%C5%9Fim)),1,"DNS#25: Bu adres, protokol seviyesinin IPv4 ve IPv6 olmasına göre 32 bit ya da 128 bit uzunluğundadır."
kurumsal kimlik,(https://tr.wikipedia.org/wiki/Kurumsal_kimlik),1,"DNS#26: Alan adı, bu 32 ya da 128 bit uzunluğundaki sayı yerine insanların anlayacağı, akılda tutacağı, kurumsal kimlik ve marka ile özdeşleştirebileceği isimlerin kullanılmasını sağlar."
marka,(https://tr.wikipedia.org/wiki/Marka),1,"DNS#26: Alan adı, bu 32 ya da 128 bit uzunluğundaki sayı yerine insanların anlayacağı, akılda tutacağı, kurumsal kimlik ve marka ile özdeşleştirebileceği isimlerin kullanılmasını sağlar."
org,(https://tr.wikipedia.org/wiki/Org),1,"DNS#28: Sırayla; org , wikipedia.org ve tr.wikipedia.org iç içe geçmiş İnternet alanları ya da bölmeleridir."
wikipedia.org,(https://tr.wikipedia.org/wiki/Wikipedia.org),1,"DNS#28: Sırayla; org , wikipedia.org ve tr.wikipedia.org iç içe geçmiş İnternet alanları ya da bölmeleridir."
tr.wikipedia.org,(https://tr.wikipedia.org/wiki/Tr.wikipedia.org),1,"DNS#28: Sırayla; org , wikipedia.org ve tr.wikipedia.org iç içe geçmiş İnternet alanları ya da bölmeleridir."
URL,(https://tr.wikipedia.org/wiki/URL),1,DNS#32: Kullanıcılar anlamlı bir Değişmeyen Kaynak Konum Belirleyici ( URL ) ve bilgisayarın servisleri nasıl yerleştirdiğini bilmek zorunda kalmadan e-mail adresi kullandıklarında bundan avantaj sağlarlar.
yahoo,(https://tr.wikipedia.org/wiki/Yahoo),1,"DNS#36: Wikipedia.org, yahoo .com, google .com gibi adreslerde bu çok olur. Ama daha yaygını, birçok alan adı tek bir IP'ye atanabilir."
google,(https://tr.wikipedia.org/wiki/Google),1,"DNS#36: Wikipedia.org, yahoo .com, google .com gibi adreslerde bu çok olur. Ama daha yaygını, birçok alan adı tek bir IP'ye atanabilir."
Sanal Evsahipliği,(https://tr.wikipedia.org/wiki/Virtual_hosting),1,"DNS#37: Buna da "" Sanal Evsahipliği "" (Virtual Hosting) denir."
.com,(https://tr.wikipedia.org/wiki/.com),1,"DNS#39: En üste .com , .org , .net , .int , .edu , .info , .biz , .aero , .travel , .jobs , .gov , .mil gibi "" jenerik "" üst düzey alanlarla ( gTLD ) .tr , .us , .de , .uk , .jp , .az gibi ülke alanlarından ( CcTLD ) oluşur."
.org,(https://tr.wikipedia.org/wiki/.org),1,"DNS#39: En üste .com , .org , .net , .int , .edu , .info , .biz , .aero , .travel , .jobs , .gov , .mil gibi "" jenerik "" üst düzey alanlarla ( gTLD ) .tr , .us , .de , .uk , .jp , .az gibi ülke alanlarından ( CcTLD ) oluşur."
.net,(https://tr.wikipedia.org/wiki/.net),1,"DNS#39: En üste .com , .org , .net , .int , .edu , .info , .biz , .aero , .travel , .jobs , .gov , .mil gibi "" jenerik "" üst düzey alanlarla ( gTLD ) .tr , .us , .de , .uk , .jp , .az gibi ülke alanlarından ( CcTLD ) oluşur."
.int,(https://tr.wikipedia.org/wiki/.int),1,"DNS#39: En üste .com , .org , .net , .int , .edu , .info , .biz , .aero , .travel , .jobs , .gov , .mil gibi "" jenerik "" üst düzey alanlarla ( gTLD ) .tr , .us , .de , .uk , .jp , .az gibi ülke alanlarından ( CcTLD ) oluşur."
.edu,(https://tr.wikipedia.org/wiki/.edu),1,"DNS#39: En üste .com , .org , .net , .int , .edu , .info , .biz , .aero , .travel , .jobs , .gov , .mil gibi "" jenerik "" üst düzey alanlarla ( gTLD ) .tr , .us , .de , .uk , .jp , .az gibi ülke alanlarından ( CcTLD ) oluşur."
.info,(https://tr.wikipedia.org/wiki/.info),1,"DNS#39: En üste .com , .org , .net , .int , .edu , .info , .biz , .aero , .travel , .jobs , .gov , .mil gibi "" jenerik "" üst düzey alanlarla ( gTLD ) .tr , .us , .de , .uk , .jp , .az gibi ülke alanlarından ( CcTLD ) oluşur."
.biz,(https://tr.wikipedia.org/wiki/.biz),1,"DNS#39: En üste .com , .org , .net , .int , .edu , .info , .biz , .aero , .travel , .jobs , .gov , .mil gibi "" jenerik "" üst düzey alanlarla ( gTLD ) .tr , .us , .de , .uk , .jp , .az gibi ülke alanlarından ( CcTLD ) oluşur."
.aero,(https://tr.wikipedia.org/wiki/.aero),1,"DNS#39: En üste .com , .org , .net , .int , .edu , .info , .biz , .aero , .travel , .jobs , .gov , .mil gibi "" jenerik "" üst düzey alanlarla ( gTLD ) .tr , .us , .de , .uk , .jp , .az gibi ülke alanlarından ( CcTLD ) oluşur."
.travel,(https://tr.wikipedia.org/w/index.php?title=.travel&action=edit&redlink=1),1,"DNS#39: En üste .com , .org , .net , .int , .edu , .info , .biz , .aero , .travel , .jobs , .gov , .mil gibi "" jenerik "" üst düzey alanlarla ( gTLD ) .tr , .us , .de , .uk , .jp , .az gibi ülke alanlarından ( CcTLD ) oluşur."
.va,(https://tr.wikipedia.org/wiki/.va),1,DNS#176: A .ac .ad .ae .af .ag .ai .al .am .ao .aq .ar .as .at .au .aw .ax .az B .ba .bb .bd .be .bf .bg .bh .bi .bj .bm .bn .bo .br .bs .bt .bw .by .bz C .ca .cc .cd .cf .cg .ch .ci .ck .cl .cm .cn .co .cr .cu .cv .cw .cx .cy .cz D .de .dj .dk .dm .do .dz E .ec .ee .eg .er .es .et .eu F .fi .fj .fk .fm .fo .fr G .ga .gd .ge .gf .gg .gh .gi .gl .gm .gn .gp .gq .gr .gs .gt .gu .gw .gy H .hk .hm .hn .hr .ht .hu I .id .ie .il .im .in .io .iq .ir .is .it J .je .jm .jo .jp K .ke .kg .kh .ki .km .kn .kp .kr .kw .ky .kz L .la .lb .lc .li .lk .lr .ls .lt .lu .lv .ly M .ma .mc .md .me .mg .mh .mk .ml .mm .mn .mo .mp .mq .mr .ms .mt .mu .mv .mw .mx .my .mz N .na .nc .ne .nf .ng .ni .nl .no .np .nr .nu .nz O .om P .pa .pe .pf .pg .ph .pk .pl .pm .pn .pr .ps .pt .pw .py Q .qa R .re .ro .rs .ru .rw S .sa .sb .sc .sd .se .sg .sh .si .sk .sl .sm .sn .so .sr .ss .st .su .sv .sx .sy .sz T .tc .td .tf .tg .th .tj .tk .tl .tm .tn .to .tr .tt .tv .tw .tz U .ua .ug .uk .us .uy .uz V .va .vc .ve .vg .vi .vn .vu W .wf .ws Y .ye .yt Z .za .zm .zw
