E,U,Frekans,Kaynak_IDler
Özgür Özel,https://tr.wikipedia.org/wiki/%C3%96zg%C3%BCr_%C3%96zel,5,"Türkiye#158: 12. Cumhurbaşkanı şu anda ve olarak görev yapıyor. , Türkiye'nin . , 'dır. | Cumhuriyet Halk Partisi#7: Partinin , 'dir. | Cumhuriyet Halk Partisi#13: Yeniden kuruluşundan beri en uzun süre görev yapan genel başkan , mevcut genel başkan ise 'dir. Parti yılından bu yana iktidardaki 'ne karşı ana muhalefet partisi konumundadır. | Cumhuriyet Halk Partisi#106: Seçimden sonra düzenlenen 'da, , 2010'dan beri bu görevi sürdüren Kılıçdaroğlu'nu yenerek CHP'nin genel başkanı seçildi. | Cumhuriyet Halk Partisi#146: 23 Kasım 2023 tarihinde Gençlik Kolları Genel Merkezi, 2014 yılından beridir faaliyette bulunan CHP Lise Komisyonlarının feshedilmesine ve örgütlenmenin Halkçı Liseliler (Kısaltma: Halk-Lis) adıyla kurulacak yapılanma üzerinden devam etmesine Cumhuriyet Halk Partisi genel başkanı , gençlik kolları genel başkanı Gençosman Killik ve Halkçı Liseliler genel başkanı Bertuğ Diler ile yapılan görüşmeler sonucu resmî olarak karar vermiştir. [kaynak belirtilmeli]"
Özgür Özel,https://tr.wikipedia.org/wiki/%C3%96zg%C3%BCr_%C3%96zel,5,"Türkiye#158: 12. Cumhurbaşkanı şu anda ve olarak görev yapıyor. , Türkiye'nin . , 'dır. | Cumhuriyet Halk Partisi#7: Partinin , 'dir. | Cumhuriyet Halk Partisi#13: Yeniden kuruluşundan beri en uzun süre görev yapan genel başkan , mevcut genel başkan ise 'dir. Parti yılından bu yana iktidardaki 'ne karşı ana muhalefet partisi konumundadır. | Cumhuriyet Halk Partisi#106: Seçimden sonra düzenlenen 'da, , 2010'dan beri bu görevi sürdüren Kılıçdaroğlu'nu yenerek CHP'nin genel başkanı seçildi. | Cumhuriyet Halk Partisi#146: 23 Kasım 2023 tarihinde Gençlik Kolları Genel Merkezi, 2014 yılından beridir faaliyette bulunan CHP Lise Komisyonlarının feshedilmesine ve örgütlenmenin Halkçı Liseliler (Kısaltma: Halk-Lis) adıyla kurulacak yapılanma üzerinden devam etmesine Cumhuriyet Halk Partisi genel başkanı , gençlik kolları genel başkanı Gençosman Killik ve Halkçı Liseliler genel başkanı Bertuğ Diler ile yapılan görüşmeler sonucu resmî olarak karar vermiştir. [kaynak belirtilmeli]"
Bülent Ecevit,https://tr.wikipedia.org/wiki/B%C3%BClent_Ecevit,4,"Türkiye#115: Ardından gelen dönemi ve ve ve ile kesintiye uğradı. 1960 ile 20. yüzyılın sonu arasında Türk siyasetinde birden fazla seçim zaferi elde eden önde gelen liderler muhafazakâr-popülist , sosyal demokrat ve neoliberal reformcu 'dı. 1993 yılında Türkiye'nin ilk kadın başbakanı oldu. | 2002 Türkiye genel seçimleri#8: 4 Mayıs 2002'de Başbakan 'in rahatsızlanarak hastaneye kaldırılması üzerine, ilerleyen yaşının da etkisiyle görevine devam edip edemeyeceği yönünde tartışmalar başladı. | Cumhuriyet Halk Partisi#10: 'nın ardından, Atatürk'ün halefi çok partili seçimlere izin verdi ve CHP, kaybettikten sonra iktidarı tek parti dönemini sona erdirip başlattı. izleyen yıllarda parti kademeli olarak çizgiye yöneldi; bu yönelim, 1972'de 'in genel başkan olmasıyla birlikte kesinlik kazandı. | Cumhuriyet Halk Partisi#60: Dönemin çalışma bakanı , işçilere grev hakkı ve toplu sözleşme hakkı tanımada etkili oldu, partideki hareketin lideri olarak, CHP'nin programını benimsemesine katkıda bulundu. | Cumhuriyet Halk Partisi#70: 1981 yılında Cumhuriyet Halk Partisi diğer tüm siyasi partilerle beraber kapatıldı. 1981 yılında kapatılan siyasi partilerin adı ve kısaltması ile yeni siyasi parti kurulamadı. 1985'e gelindiğinde CHP'nin halefi olan (HP) ve (SODEP) birleşerek 'yi (SHP) oluşturdu, 'in eşi ise 'yi (DSP) kurdu. 'nün oğlu ise daha sonradan (SHP) genel başkanı oldu. | Cumhuriyet Halk Partisi#140: İlk kurulan gençlik kolları yönetiminde, daha sonra CHP Genel Başkanı ve Başbakan olacak olan de yer almaktadır. kadar 10 tane kurultay yapılmış ve darbe sonrası partinin kapatılmasıyla gençlik kolları da kapatılmıştır."
Bülent Ecevit,https://tr.wikipedia.org/wiki/B%C3%BClent_Ecevit,4,"Türkiye#115: Ardından gelen dönemi ve ve ve ile kesintiye uğradı. 1960 ile 20. yüzyılın sonu arasında Türk siyasetinde birden fazla seçim zaferi elde eden önde gelen liderler muhafazakâr-popülist , sosyal demokrat ve neoliberal reformcu 'dı. 1993 yılında Türkiye'nin ilk kadın başbakanı oldu. | 2002 Türkiye genel seçimleri#8: 4 Mayıs 2002'de Başbakan 'in rahatsızlanarak hastaneye kaldırılması üzerine, ilerleyen yaşının da etkisiyle görevine devam edip edemeyeceği yönünde tartışmalar başladı. | Cumhuriyet Halk Partisi#10: 'nın ardından, Atatürk'ün halefi çok partili seçimlere izin verdi ve CHP, kaybettikten sonra iktidarı tek parti dönemini sona erdirip başlattı. izleyen yıllarda parti kademeli olarak çizgiye yöneldi; bu yönelim, 1972'de 'in genel başkan olmasıyla birlikte kesinlik kazandı. | Cumhuriyet Halk Partisi#60: Dönemin çalışma bakanı , işçilere grev hakkı ve toplu sözleşme hakkı tanımada etkili oldu, partideki hareketin lideri olarak, CHP'nin programını benimsemesine katkıda bulundu. | Cumhuriyet Halk Partisi#70: 1981 yılında Cumhuriyet Halk Partisi diğer tüm siyasi partilerle beraber kapatıldı. 1981 yılında kapatılan siyasi partilerin adı ve kısaltması ile yeni siyasi parti kurulamadı. 1985'e gelindiğinde CHP'nin halefi olan (HP) ve (SODEP) birleşerek 'yi (SHP) oluşturdu, 'in eşi ise 'yi (DSP) kurdu. 'nün oğlu ise daha sonradan (SHP) genel başkanı oldu. | Cumhuriyet Halk Partisi#140: İlk kurulan gençlik kolları yönetiminde, daha sonra CHP Genel Başkanı ve Başbakan olacak olan de yer almaktadır. kadar 10 tane kurultay yapılmış ve darbe sonrası partinin kapatılmasıyla gençlik kolları da kapatılmıştır."
Tüm Liste,https://tr.wikipedia.org#Belediye_başkanları,4,Cumhuriyet Halk PartisiCard#26: 13 / 30 | Cumhuriyet Halk PartisiCard#27: 21 / 51 | Cumhuriyet Halk PartisiCard#28: 301 / 922 | Cumhuriyet Halk PartisiCard#29: 63 / 390
Tüm Liste,https://tr.wikipedia.org#Belediye_başkanları,4,Cumhuriyet Halk PartisiCard#26: 13 / 30 | Cumhuriyet Halk PartisiCard#27: 21 / 51 | Cumhuriyet Halk PartisiCard#28: 301 / 922 | Cumhuriyet Halk PartisiCard#29: 63 / 390
Türkiye,https://tr.wikipedia.org/wiki/T%C3%BCrkiye,3,"Akif HamzaçebiCard#4: 1 Aralık 1953 (71 yaşında) , , | Trabzon#1: Trabzon ( : Τραπεζούντα , Trapezounta), 'nin ilinin merkezi olan şehirdir. 'nin 'nde yer alan ilin 'e kıyısı bulunur. | Trabzon#64: Bölgedeki nüfus 1923 yılında ve arasında yapılan "" "" ile gönderilmiştir. | Araklı#55: Ayrıca 2006-2007 sezonunda 'nin tek, 'nın ise 7 yenilgisiz takımından biri olmayı başarmıştır. | 2011 Türkiye genel seçimleri#70: geneli seçim sonuçları | Gazi Üniversitesi#12: Gazi Üniversitesi 'nin öğretmen yetiştiren ilk eğitim kurumudur. | Ankara Üniversitesi Siyasal Bilgiler FakültesiCard#8: , , | 2007 Türkiye genel seçimleri#4: Görev süresi dolan 'nin 10. Cumhurbaşkanı 'in yerine 11. Cumhurbaşkanının seçilememesi üzerine TBMM Genel Kuruluda 3 Mayıs 2007 tarihinde milletvekilliği seçimlerinin 22 Temmuz 2007 günü yapılması karara bağlandı. | 2002 Türkiye genel seçimleri#3: 2002 Türkiye genel seçimleri , 3 Kasım 2002 günü genelinde yapılan erken genel seçimdir. | Cumhuriyet Halk Partisi#1: Cumhuriyet Halk Partisi , 'de bir . | Cumhuriyet Halk Partisi#15: 4-11 Eylül 1919 tarihleri arasında toplanan 'nde, 'nin çeşitli bölgelerinde kurulan , (ARMHC) adı altında birleştirilmiştir. 23 Nisan 1920 tarihinde toplanan ARMHC delegelerinden oluşmuş, ancak 1922'de Meclis, Birinci Grup ve adıyla iki gruba ayrılmıştır. | Cumhuriyet Halk PartisiCard#12: , ,"
Türkiye,https://tr.wikipedia.org/wiki/T%C3%BCrkiye,3,"Akif HamzaçebiCard#4: 1 Aralık 1953 (71 yaşında) , , | Trabzon#1: Trabzon ( : Τραπεζούντα , Trapezounta), 'nin ilinin merkezi olan şehirdir. 'nin 'nde yer alan ilin 'e kıyısı bulunur. | Trabzon#64: Bölgedeki nüfus 1923 yılında ve arasında yapılan "" "" ile gönderilmiştir. | Araklı#55: Ayrıca 2006-2007 sezonunda 'nin tek, 'nın ise 7 yenilgisiz takımından biri olmayı başarmıştır. | 2011 Türkiye genel seçimleri#70: geneli seçim sonuçları | Gazi Üniversitesi#12: Gazi Üniversitesi 'nin öğretmen yetiştiren ilk eğitim kurumudur. | Ankara Üniversitesi Siyasal Bilgiler FakültesiCard#8: , , | 2007 Türkiye genel seçimleri#4: Görev süresi dolan 'nin 10. Cumhurbaşkanı 'in yerine 11. Cumhurbaşkanının seçilememesi üzerine TBMM Genel Kuruluda 3 Mayıs 2007 tarihinde milletvekilliği seçimlerinin 22 Temmuz 2007 günü yapılması karara bağlandı. | 2002 Türkiye genel seçimleri#3: 2002 Türkiye genel seçimleri , 3 Kasım 2002 günü genelinde yapılan erken genel seçimdir. | Cumhuriyet Halk Partisi#1: Cumhuriyet Halk Partisi , 'de bir . | Cumhuriyet Halk Partisi#15: 4-11 Eylül 1919 tarihleri arasında toplanan 'nde, 'nin çeşitli bölgelerinde kurulan , (ARMHC) adı altında birleştirilmiştir. 23 Nisan 1920 tarihinde toplanan ARMHC delegelerinden oluşmuş, ancak 1922'de Meclis, Birinci Grup ve adıyla iki gruba ayrılmıştır. | Cumhuriyet Halk PartisiCard#12: , ,"
Sosyalist Enternasyonal,https://tr.wikipedia.org/wiki/Sosyalist_Enternasyonal,3,"Cumhuriyet Halk Partisi#14: Parti, ve 'in tam üyesidir ve 'nin ilişkili üyesidir. | Cumhuriyet Halk Partisi#127: Parti, ve içinde önemli bir konuma sahiptir ve ilişkili üyesidir. | Cumhuriyet Halk PartisiCard#22: Tarihsel: (ilişkili)"
İlerici İttifak,https://tr.wikipedia.org/wiki/%C4%B0lerici_%C4%B0ttifak,3,"Cumhuriyet Halk Partisi#14: Parti, ve 'in tam üyesidir ve 'nin ilişkili üyesidir. | Cumhuriyet Halk Partisi#127: Parti, ve içinde önemli bir konuma sahiptir ve ilişkili üyesidir. | Cumhuriyet Halk PartisiCard#22: Tarihsel: (ilişkili)"
İlerici İttifak,https://tr.wikipedia.org/wiki/%C4%B0lerici_%C4%B0ttifak,3,"Cumhuriyet Halk Partisi#14: Parti, ve 'in tam üyesidir ve 'nin ilişkili üyesidir. | Cumhuriyet Halk Partisi#127: Parti, ve içinde önemli bir konuma sahiptir ve ilişkili üyesidir. | Cumhuriyet Halk PartisiCard#22: Tarihsel: (ilişkili)"
Sosyalist Enternasyonal,https://tr.wikipedia.org/wiki/Sosyalist_Enternasyonal,3,"Cumhuriyet Halk Partisi#14: Parti, ve 'in tam üyesidir ve 'nin ilişkili üyesidir. | Cumhuriyet Halk Partisi#127: Parti, ve içinde önemli bir konuma sahiptir ve ilişkili üyesidir. | Cumhuriyet Halk PartisiCard#22: Tarihsel: (ilişkili)"
II. Dünya Savaşı,https://tr.wikipedia.org/wiki/II._D%C3%BCnya_Sava%C5%9F%C4%B1,3,"Türkiye#109: 'nda (1939-1945) Türkiye, uzun süre tarafsızlığını korudu; ancak savaşın son aylarında, 23 Şubat 1945 tarihinde 'in yanında yer aldı. 26 Haziran 1945'te ise 'in kurucu üyelerinden biri oldu. 'ndan sonra 'da çıkan bastırılmasında karşılaşılan zorluklar ve 'nin 'nda askerî üs talep etmesi, 'nin 1947'de 'ni ilanıyla sonuçlandı. | Cumhuriyet Halk Partisi#10: 'nın ardından, Atatürk'ün halefi çok partili seçimlere izin verdi ve CHP, kaybettikten sonra iktidarı tek parti dönemini sona erdirip başlattı. izleyen yıllarda parti kademeli olarak çizgiye yöneldi; bu yönelim, 1972'de 'in genel başkan olmasıyla birlikte kesinlik kazandı. | Cumhuriyet Halk Partisi#39: İnönü, Türkiye'yi 'na çekmeye çalışan ve güçlerine rağmen tarafsızlık politikası benimsedi; bu süreçte, silahlı bir güç olarak tarafsızlığı sağlamak için ve kısıtlama önlemleri uygulandı. | Cumhuriyet Halk Partisi#41: 'nın ardından İnönü, Türkiye'nin demokratikleşmesini sağlamaya çalıştı."
II. Dünya Savaşı,https://tr.wikipedia.org/wiki/II._D%C3%BCnya_Sava%C5%9F%C4%B1,3,"Türkiye#109: 'nda (1939-1945) Türkiye, uzun süre tarafsızlığını korudu; ancak savaşın son aylarında, 23 Şubat 1945 tarihinde 'in yanında yer aldı. 26 Haziran 1945'te ise 'in kurucu üyelerinden biri oldu. 'ndan sonra 'da çıkan bastırılmasında karşılaşılan zorluklar ve 'nin 'nda askerî üs talep etmesi, 'nin 1947'de 'ni ilanıyla sonuçlandı. | Cumhuriyet Halk Partisi#10: 'nın ardından, Atatürk'ün halefi çok partili seçimlere izin verdi ve CHP, kaybettikten sonra iktidarı tek parti dönemini sona erdirip başlattı. izleyen yıllarda parti kademeli olarak çizgiye yöneldi; bu yönelim, 1972'de 'in genel başkan olmasıyla birlikte kesinlik kazandı. | Cumhuriyet Halk Partisi#39: İnönü, Türkiye'yi 'na çekmeye çalışan ve güçlerine rağmen tarafsızlık politikası benimsedi; bu süreçte, silahlı bir güç olarak tarafsızlığı sağlamak için ve kısıtlama önlemleri uygulandı. | Cumhuriyet Halk Partisi#41: 'nın ardından İnönü, Türkiye'nin demokratikleşmesini sağlamaya çalıştı."
İsmet İnönü,https://tr.wikipedia.org/wiki/%C4%B0smet_%C4%B0n%C3%B6n%C3%BC,3,"Cumhuriyet Halk Partisi#10: 'nın ardından, Atatürk'ün halefi çok partili seçimlere izin verdi ve CHP, kaybettikten sonra iktidarı tek parti dönemini sona erdirip başlattı. izleyen yıllarda parti kademeli olarak çizgiye yöneldi; bu yönelim, 1972'de 'in genel başkan olmasıyla birlikte kesinlik kazandı. | Cumhuriyet Halk Partisi#37: bir gün sonra, ikinci cumhurbaşkanı seçildi ve Cumhuriyet Halk Partisi'nin liderliğini üstlendi. | Cumhuriyet Halk Partisi#70: 1981 yılında Cumhuriyet Halk Partisi diğer tüm siyasi partilerle beraber kapatıldı. 1981 yılında kapatılan siyasi partilerin adı ve kısaltması ile yeni siyasi parti kurulamadı. 1985'e gelindiğinde CHP'nin halefi olan (HP) ve (SODEP) birleşerek 'yi (SHP) oluşturdu, 'in eşi ise 'yi (DSP) kurdu. 'nün oğlu ise daha sonradan (SHP) genel başkanı oldu."
İsmet İnönü,https://tr.wikipedia.org/wiki/%C4%B0smet_%C4%B0n%C3%B6n%C3%BC,3,"Cumhuriyet Halk Partisi#10: 'nın ardından, Atatürk'ün halefi çok partili seçimlere izin verdi ve CHP, kaybettikten sonra iktidarı tek parti dönemini sona erdirip başlattı. izleyen yıllarda parti kademeli olarak çizgiye yöneldi; bu yönelim, 1972'de 'in genel başkan olmasıyla birlikte kesinlik kazandı. | Cumhuriyet Halk Partisi#37: bir gün sonra, ikinci cumhurbaşkanı seçildi ve Cumhuriyet Halk Partisi'nin liderliğini üstlendi. | Cumhuriyet Halk Partisi#70: 1981 yılında Cumhuriyet Halk Partisi diğer tüm siyasi partilerle beraber kapatıldı. 1981 yılında kapatılan siyasi partilerin adı ve kısaltması ile yeni siyasi parti kurulamadı. 1985'e gelindiğinde CHP'nin halefi olan (HP) ve (SODEP) birleşerek 'yi (SHP) oluşturdu, 'in eşi ise 'yi (DSP) kurdu. 'nün oğlu ise daha sonradan (SHP) genel başkanı oldu."
Anadolu ve Rumeli Müdâfaa-i Hukuk Cemiyeti,https://tr.wikipedia.org/wiki/Anadolu_ve_Rumeli_M%C3%BCd%C3%A2faa-i_Hukuk_Cemiyeti,3,"Cumhuriyet Halk Partisi#9: Mustafa Kemal Atatürk'ün liderliğinde bu gruplar, adıyla 1919'daki 'nde birleşti. 1923 yılında Halk Fırkası adıyla siyasi bir örgüt olarak kurulan parti, kısa bir süre sonra Cumhuriyet Halk Fırkası adını aldı ve Atatürk'ün ilk cumhurbaşkanı olduğu ilan etti. geçmesiyle birlikte, CHP ülkede kapsamlı uygulanmasında temel araç hâline geldi. | Cumhuriyet Halk Partisi#15: 4-11 Eylül 1919 tarihleri arasında toplanan 'nde, 'nin çeşitli bölgelerinde kurulan , (ARMHC) adı altında birleştirilmiştir. 23 Nisan 1920 tarihinde toplanan ARMHC delegelerinden oluşmuş, ancak 1922'de Meclis, Birinci Grup ve adıyla iki gruba ayrılmıştır."
Anadolu ve Rumeli Müdâfaa-i Hukuk Cemiyeti,https://tr.wikipedia.org/wiki/Anadolu_ve_Rumeli_M%C3%BCd%C3%A2faa-i_Hukuk_Cemiyeti,3,"Cumhuriyet Halk Partisi#9: Mustafa Kemal Atatürk'ün liderliğinde bu gruplar, adıyla 1919'daki 'nde birleşti. 1923 yılında Halk Fırkası adıyla siyasi bir örgüt olarak kurulan parti, kısa bir süre sonra Cumhuriyet Halk Fırkası adını aldı ve Atatürk'ün ilk cumhurbaşkanı olduğu ilan etti. geçmesiyle birlikte, CHP ülkede kapsamlı uygulanmasında temel araç hâline geldi. | Cumhuriyet Halk Partisi#15: 4-11 Eylül 1919 tarihleri arasında toplanan 'nde, 'nin çeşitli bölgelerinde kurulan , (ARMHC) adı altında birleştirilmiştir. 23 Nisan 1920 tarihinde toplanan ARMHC delegelerinden oluşmuş, ancak 1922'de Meclis, Birinci Grup ve adıyla iki gruba ayrılmıştır."
Millet İttifakı,https://tr.wikipedia.org/wiki/Millet_%C4%B0ttifak%C4%B1,3,"2018 Türkiye genel seçimleri#29: Adı "" "" olarak belirlenen ittifakın protokolü 5 Mayıs 2018'de YSK'ya verildi. | 2018 Türkiye genel seçimleri#41: bileşeni olan listelerinin 5 sırası ayrıldı. listelerinden, 2 milletvekili kazanmıştır. | 2018 Türkiye genel seçimleri#42: bileşeni olan listelerinin 4 sırası ayrıldı. | Cumhuriyet Halk Partisi#99: Kılıçdaroğlu İYİ Parti'nin seçimlere katılması için 15 milletvekili transfer ederek yeni partinin yükselişini kolaylaştırdı. CHP, İYİ Parti, ve , AK Parti ve MHP'den oluşan 'na karşı 'nı kurdu. | Cumhuriyet Halk Partisi#103: Kılıçdaroğlu, için CHP ve 'nın adayı olarak gösterildi. | Cumhuriyet Halk PartisiCard#20: (2018-2023)"
Millet İttifakı,https://tr.wikipedia.org/wiki/Millet_%C4%B0ttifak%C4%B1,3,"2018 Türkiye genel seçimleri#29: Adı "" "" olarak belirlenen ittifakın protokolü 5 Mayıs 2018'de YSK'ya verildi. | 2018 Türkiye genel seçimleri#41: bileşeni olan listelerinin 5 sırası ayrıldı. listelerinden, 2 milletvekili kazanmıştır. | 2018 Türkiye genel seçimleri#42: bileşeni olan listelerinin 4 sırası ayrıldı. | Cumhuriyet Halk Partisi#99: Kılıçdaroğlu İYİ Parti'nin seçimlere katılması için 15 milletvekili transfer ederek yeni partinin yükselişini kolaylaştırdı. CHP, İYİ Parti, ve , AK Parti ve MHP'den oluşan 'na karşı 'nı kurdu. | Cumhuriyet Halk Partisi#103: Kılıçdaroğlu, için CHP ve 'nın adayı olarak gösterildi. | Cumhuriyet Halk PartisiCard#20: (2018-2023)"
Mustafa Kemal Atatürk,https://tr.wikipedia.org/wiki/Mustafa_Kemal_Atat%C3%BCrk,3,"Türkiye#15: Cumhuriyet, ülkenin ilk cumhurbaşkanı tarafından 29 Ekim 1923'te . 3 Mart 1924'te 'nın yurt dışına edilmesinden sonra, çağdaş Türkiye'nin oluşumunda önemli yer tutacak olan bir dizi devrim gerçekleştirildi. | Gazi Üniversitesi#7: Gazi Üniversitesinin kuruluşu, cumhuriyetin ilanından hemen sonra ve arkadaşlarının 'da bir kurulması girişimiyle başlar. | Cumhuriyet Halk Partisi#3: Türkiye Cumhuriyeti'nin kurucusu ve ilk tarafından kurulan parti, Türkiye'nin en eski siyasi partisidir. | Cumhuriyet Halk Partisi#135: 'ün vasiyetle 'nın kendine ait olan %28.1 oranındaki hissesini partiye bırakmıştır."
Mustafa Kemal Atatürk,https://tr.wikipedia.org/wiki/Mustafa_Kemal_Atat%C3%BCrk,3,"Türkiye#15: Cumhuriyet, ülkenin ilk cumhurbaşkanı tarafından 29 Ekim 1923'te . 3 Mart 1924'te 'nın yurt dışına edilmesinden sonra, çağdaş Türkiye'nin oluşumunda önemli yer tutacak olan bir dizi devrim gerçekleştirildi. | Gazi Üniversitesi#7: Gazi Üniversitesinin kuruluşu, cumhuriyetin ilanından hemen sonra ve arkadaşlarının 'da bir kurulması girişimiyle başlar. | Cumhuriyet Halk Partisi#3: Türkiye Cumhuriyeti'nin kurucusu ve ilk tarafından kurulan parti, Türkiye'nin en eski siyasi partisidir. | Cumhuriyet Halk Partisi#135: 'ün vasiyetle 'nın kendine ait olan %28.1 oranındaki hissesini partiye bırakmıştır."
Kemalizm,https://tr.wikipedia.org/wiki/Kemalizm,3,"Türkiye#157: Sol partiler , veya ilkelerini daha fazla benimseme eğilimindedir. | Cumhuriyet Halk Partisi#5: Logosu, 'in temel ilkelerini temsil eden 'tan oluşmaktadır: , , , , ve . | Cumhuriyet Halk Partisi#111: CHP ve 'i benimseyen merkez sol bir siyasi partidir. | Cumhuriyet Halk PartisiCard#18: Parti içi düşünceler:"
Kemalizm,https://tr.wikipedia.org/wiki/Kemalizm,3,"Türkiye#157: Sol partiler , veya ilkelerini daha fazla benimseme eğilimindedir. | Cumhuriyet Halk Partisi#5: Logosu, 'in temel ilkelerini temsil eden 'tan oluşmaktadır: , , , , ve . | Cumhuriyet Halk Partisi#111: CHP ve 'i benimseyen merkez sol bir siyasi partidir. | Cumhuriyet Halk PartisiCard#18: Parti içi düşünceler:"
Altı Ok,https://tr.wikipedia.org/wiki/Alt%C4%B1_Ok,3,"Cumhuriyet Halk Partisi#5: Logosu, 'in temel ilkelerini temsil eden 'tan oluşmaktadır: , , , , ve . | Cumhuriyet Halk Partisi#30: Partinin 1927'deki ikinci olağan kongresinde, Atatürk Türk tarihindeki son on yılın belirleyiciliğine bir konuşma yaparak gençlere Cumhuriyet'i koruma çağrısında bulundu. tarihsel yazımının temelini bu anlatı oluşturduğu öne sürülmüştür. 1930-1939 yılları arasında, CHP ideolojisini netleştirdi ve "" "" duyuruldu. | Cumhuriyet Halk Partisi#131: , Cumhuriyet Halk Partisi'nin temel ilkelerini temsil eden ."
Altı Ok,https://tr.wikipedia.org/wiki/Alt%C4%B1_Ok,3,"Cumhuriyet Halk Partisi#5: Logosu, 'in temel ilkelerini temsil eden 'tan oluşmaktadır: , , , , ve . | Cumhuriyet Halk Partisi#30: Partinin 1927'deki ikinci olağan kongresinde, Atatürk Türk tarihindeki son on yılın belirleyiciliğine bir konuşma yaparak gençlere Cumhuriyet'i koruma çağrısında bulundu. tarihsel yazımının temelini bu anlatı oluşturduğu öne sürülmüştür. 1930-1939 yılları arasında, CHP ideolojisini netleştirdi ve "" "" duyuruldu. | Cumhuriyet Halk Partisi#131: , Cumhuriyet Halk Partisi'nin temel ilkelerini temsil eden ."
Adalet ve Kalkınma Partisi,https://tr.wikipedia.org/wiki/Adalet_ve_Kalk%C4%B1nma_Partisi,3,"Türkiye#154: Türk siyasi yelpazesinin sağ tarafında (DP), (AP), (ANAP) ve (AK Parti) Türkiye'nin en büyük siyasi partileri oldular ve en büyük seçim başarılarını elde ederek siyasette baskın oldular. | Türkiye#159: Meclisin , ardından başlamıştır ve başlangıçta milletvekili dağılımı şu şekilde belirlendi: (AKP) 268, (CHP) 169, (MHP) 50, Halkların Eşitlik ve Demokrasi Partisi (HEDEP) 57, 43, (YRP) 5, (TİP) 4 sandalye. | 2011 Türkiye genel seçimleri#10: , 186 milyon 544 bin; , 83 milyon 608 bin; , 57 milyon 148 bin lira seçim yardımı aldı. | 2011 Türkiye genel seçimleri#20: Ayrıca, eski futbolcu , İstanbul 3. Bölge 4. sıra adayı; eski futbolcu , İstanbul 2. Bölge 5. sıra adayı; eski futbolcu , İstanbul 2. Bölge 2. sıra adayı ve eski hakem , Mersin 7. sıra adayı olarak seçimlere katıldı. | 2011 Türkiye genel seçimleri#32: Çok sayıda milletvekili adaylığı başvurusu, genel seçimler öncesinde iktidardaki 'ne yaklaşık 15 milyon Türk lirası gelir sağladı. | 2018 Türkiye genel seçimleri#8: Kasım 2017'de Genel Başkanı 'nin ile ittifak yapmayı önermesi sonucunda Şubat 2018'de kuruldu. | 2018 Türkiye genel seçimleri#22: , 22 Nisan 2018 tarihinde yapılan açıklama ile seçimlere on partinin katılabileceğini ilan etti. 25 Nisan 2018 tarihinde de 'nin itirazını kabul ederek seçime katılabileceğine karar verdi. 20 Mayıs 2018 tarihinde yapılan kura sonucu siyasi parti ve ittifakların oy pusulasındaki yerlerini belirledi. seçime listelerinden, ise listelerinden gireceğini açıkladı. , 21 Mayıs 2018'de seçime katılmama kararı aldığını duyurdu. | 2018 Türkiye genel seçimleri#24: Anayasa değişikliği referandumunda ""Evet"" cephesinde yer alan , ve , "" "" adı altında seçimlere katılacaklarını ve cumhurbaşkanı adayı olarak da 'ı destekleyeceklerini açıkladılar. | 2018 Türkiye genel seçimleri#39: bileşeni olan listelerinin 18 sırası ayrıldı. | 2018 Türkiye genel seçimleri#40: Kontenjanda Genel Başkanı yer aldı. listelerinden, milletvekili kazanmıştır. | Haziran 2015 Türkiye genel seçimleri#6: yılından beri iktidarda olan (AK Parti) meclis çoğunluğunu kaybetti fakat %40,9 oy oranı ve 258 sandalye sayısı ile seçimlerden birinci parti olarak çıktı. (CHP) oyların %25'i ile 132 sandalye elde etti ve ikinci parti oldu fakat oy oranı ile milletvekili sayısı göre düştü. (MHP) oyların %16,3'si ile 80 kazandı ve oy oranını göre %3,28 oranında, milletvekili sayısını ise 27 artırdı. | Haziran 2015 Türkiye genel seçimleri#45: 15 Nisan'da açıklanan geçici aday listelerine göre , , , , , , , , , , , ve 85, 75, 73, 58, ve 56, 55, 43 seçim çevresinde aday göstererek seçime girdi. | Haziran 2015 Türkiye genel seçimleri#52: Cumhurbaşkanı hükûmeti kurma görevini 10 Temmuz 2015'te birinci parti olan 'nin genel başkanı 'na verdi. ilk ziyaretini 13 Temmuzda yaptı. - görüşmesi 1 saat 40 dakika sürdü. | 2002 Türkiye genel seçimleri#5: Türkiye genelinde uygulanan yüzde 10 nedeniyle, seçime katılan 18 siyasi partiden yalnızca (AK Parti) ve (CHP) bu barajı aşarak meclise milletvekili sokmayı başarmışlardır. | 2002 Türkiye genel seçimleri#41: ve , listelerinden, , ve de listelerinden seçime girdiler. 'nin katılmasıyla tarihinde ilk kez adında kelimesi geçen bir parti seçimlere katıldı. Genel Başkanı siyasi yasağı nedeniyle seçimlere katılamadı. | 2002 Türkiye genel seçimleri#45: Yüzde 10'luk ülke barajı nedeniyle geçerli oyların yaklaşık yüzde 45'i 'ye yansıyamadı; seçimlere katılan 18 siyasi partiden yalnızca ile yüzde 10'luk ülke barajını aşarak TBMM'de temsil edilmeyi başardı, böylece 1946'dan sonra ikinci kez TBMM'de yalnızca iki parti temsil edildi. | Cumhuriyet Halk Partisi#6: Şu anda 138 milletvekili ile iktidardaki 'nin (AK Parti) ardından 'ndeki en büyük ikinci partidir. | Cumhuriyet Halk Partisi#13: Yeniden kuruluşundan beri en uzun süre görev yapan genel başkan , mevcut genel başkan ise 'dir. Parti yılından bu yana iktidardaki 'ne karşı ana muhalefet partisi konumundadır. | Cumhuriyet Halk Partisi#75: liderliğinde tek başına iktidara geldi."
Adalet ve Kalkınma Partisi,https://tr.wikipedia.org/wiki/Adalet_ve_Kalk%C4%B1nma_Partisi,3,"Türkiye#154: Türk siyasi yelpazesinin sağ tarafında (DP), (AP), (ANAP) ve (AK Parti) Türkiye'nin en büyük siyasi partileri oldular ve en büyük seçim başarılarını elde ederek siyasette baskın oldular. | Türkiye#159: Meclisin , ardından başlamıştır ve başlangıçta milletvekili dağılımı şu şekilde belirlendi: (AKP) 268, (CHP) 169, (MHP) 50, Halkların Eşitlik ve Demokrasi Partisi (HEDEP) 57, 43, (YRP) 5, (TİP) 4 sandalye. | 2011 Türkiye genel seçimleri#10: , 186 milyon 544 bin; , 83 milyon 608 bin; , 57 milyon 148 bin lira seçim yardımı aldı. | 2011 Türkiye genel seçimleri#20: Ayrıca, eski futbolcu , İstanbul 3. Bölge 4. sıra adayı; eski futbolcu , İstanbul 2. Bölge 5. sıra adayı; eski futbolcu , İstanbul 2. Bölge 2. sıra adayı ve eski hakem , Mersin 7. sıra adayı olarak seçimlere katıldı. | 2011 Türkiye genel seçimleri#32: Çok sayıda milletvekili adaylığı başvurusu, genel seçimler öncesinde iktidardaki 'ne yaklaşık 15 milyon Türk lirası gelir sağladı. | 2018 Türkiye genel seçimleri#8: Kasım 2017'de Genel Başkanı 'nin ile ittifak yapmayı önermesi sonucunda Şubat 2018'de kuruldu. | 2018 Türkiye genel seçimleri#22: , 22 Nisan 2018 tarihinde yapılan açıklama ile seçimlere on partinin katılabileceğini ilan etti. 25 Nisan 2018 tarihinde de 'nin itirazını kabul ederek seçime katılabileceğine karar verdi. 20 Mayıs 2018 tarihinde yapılan kura sonucu siyasi parti ve ittifakların oy pusulasındaki yerlerini belirledi. seçime listelerinden, ise listelerinden gireceğini açıkladı. , 21 Mayıs 2018'de seçime katılmama kararı aldığını duyurdu. | 2018 Türkiye genel seçimleri#24: Anayasa değişikliği referandumunda ""Evet"" cephesinde yer alan , ve , "" "" adı altında seçimlere katılacaklarını ve cumhurbaşkanı adayı olarak da 'ı destekleyeceklerini açıkladılar. | 2018 Türkiye genel seçimleri#39: bileşeni olan listelerinin 18 sırası ayrıldı. | 2018 Türkiye genel seçimleri#40: Kontenjanda Genel Başkanı yer aldı. listelerinden, milletvekili kazanmıştır. | Haziran 2015 Türkiye genel seçimleri#6: yılından beri iktidarda olan (AK Parti) meclis çoğunluğunu kaybetti fakat %40,9 oy oranı ve 258 sandalye sayısı ile seçimlerden birinci parti olarak çıktı. (CHP) oyların %25'i ile 132 sandalye elde etti ve ikinci parti oldu fakat oy oranı ile milletvekili sayısı göre düştü. (MHP) oyların %16,3'si ile 80 kazandı ve oy oranını göre %3,28 oranında, milletvekili sayısını ise 27 artırdı. | Haziran 2015 Türkiye genel seçimleri#45: 15 Nisan'da açıklanan geçici aday listelerine göre , , , , , , , , , , , ve 85, 75, 73, 58, ve 56, 55, 43 seçim çevresinde aday göstererek seçime girdi. | Haziran 2015 Türkiye genel seçimleri#52: Cumhurbaşkanı hükûmeti kurma görevini 10 Temmuz 2015'te birinci parti olan 'nin genel başkanı 'na verdi. ilk ziyaretini 13 Temmuzda yaptı. - görüşmesi 1 saat 40 dakika sürdü. | 2002 Türkiye genel seçimleri#5: Türkiye genelinde uygulanan yüzde 10 nedeniyle, seçime katılan 18 siyasi partiden yalnızca (AK Parti) ve (CHP) bu barajı aşarak meclise milletvekili sokmayı başarmışlardır. | 2002 Türkiye genel seçimleri#41: ve , listelerinden, , ve de listelerinden seçime girdiler. 'nin katılmasıyla tarihinde ilk kez adında kelimesi geçen bir parti seçimlere katıldı. Genel Başkanı siyasi yasağı nedeniyle seçimlere katılamadı. | 2002 Türkiye genel seçimleri#45: Yüzde 10'luk ülke barajı nedeniyle geçerli oyların yaklaşık yüzde 45'i 'ye yansıyamadı; seçimlere katılan 18 siyasi partiden yalnızca ile yüzde 10'luk ülke barajını aşarak TBMM'de temsil edilmeyi başardı, böylece 1946'dan sonra ikinci kez TBMM'de yalnızca iki parti temsil edildi. | Cumhuriyet Halk Partisi#6: Şu anda 138 milletvekili ile iktidardaki 'nin (AK Parti) ardından 'ndeki en büyük ikinci partidir. | Cumhuriyet Halk Partisi#13: Yeniden kuruluşundan beri en uzun süre görev yapan genel başkan , mevcut genel başkan ise 'dir. Parti yılından bu yana iktidardaki 'ne karşı ana muhalefet partisi konumundadır. | Cumhuriyet Halk Partisi#75: liderliğinde tek başına iktidara geldi."
merkez sol,https://tr.wikipedia.org/wiki/Merkez_sol,2,"Cumhuriyet Halk Partisi#10: 'nın ardından, Atatürk'ün halefi çok partili seçimlere izin verdi ve CHP, kaybettikten sonra iktidarı tek parti dönemini sona erdirip başlattı. izleyen yıllarda parti kademeli olarak çizgiye yöneldi; bu yönelim, 1972'de 'in genel başkan olmasıyla birlikte kesinlik kazandı. | Cumhuriyet Halk Partisi#63: Feyzioğlu'nun ayrılmasıyla CHP bir programla katıldı, ancak partiye olan algı nedeniyle benzer bir sonuç elde etti; Bu algıya göre parti öncelikle eğitimli kentsel elitlere hitap ediyordu."
sosyal demokrat,https://tr.wikipedia.org/wiki/Sosyal_demokrasi,2,"Cumhuriyet Halk Partisi#1: Cumhuriyet Halk Partisi , 'de bir . | Cumhuriyet Halk Partisi#90: Kılıçdaroğlu CHP'yi geleneksel imajına geri döndürdü ve partinin - karakterini bir kenara bıraktı."
Sosyaldemokrat Halkçı Parti,https://tr.wikipedia.org/wiki/Sosyaldemokrat_Halk%C3%A7%C4%B1_Parti,2,"Türkiye#156: Yelpazenin sol tarafında (CHP), (SHP) ve (DSP) yerel ve genel seçimlerde büyük başarılar elde ettiler. | Cumhuriyet Halk Partisi#70: 1981 yılında Cumhuriyet Halk Partisi diğer tüm siyasi partilerle beraber kapatıldı. 1981 yılında kapatılan siyasi partilerin adı ve kısaltması ile yeni siyasi parti kurulamadı. 1985'e gelindiğinde CHP'nin halefi olan (HP) ve (SODEP) birleşerek 'yi (SHP) oluşturdu, 'in eşi ise 'yi (DSP) kurdu. 'nün oğlu ise daha sonradan (SHP) genel başkanı oldu."
Sosyaldemokrat Halkçı Parti,https://tr.wikipedia.org/wiki/Sosyaldemokrat_Halk%C3%A7%C4%B1_Parti,2,"Türkiye#156: Yelpazenin sol tarafında (CHP), (SHP) ve (DSP) yerel ve genel seçimlerde büyük başarılar elde ettiler. | Cumhuriyet Halk Partisi#70: 1981 yılında Cumhuriyet Halk Partisi diğer tüm siyasi partilerle beraber kapatıldı. 1981 yılında kapatılan siyasi partilerin adı ve kısaltması ile yeni siyasi parti kurulamadı. 1985'e gelindiğinde CHP'nin halefi olan (HP) ve (SODEP) birleşerek 'yi (SHP) oluşturdu, 'in eşi ise 'yi (DSP) kurdu. 'nün oğlu ise daha sonradan (SHP) genel başkanı oldu."
Mesut Yılmaz,https://tr.wikipedia.org/wiki/Mesut_Y%C4%B1lmaz,2,"2002 Türkiye genel seçimleri#49: Milliyetçi Hareket Partisi lideri aday olduğu 'den %29,19 (58.622), ANAP lideri aday olduğu 'den %28,58 (46.577), lideri aday olduğu 'dan %25,21 (108.822) ve Doğru Yol Partisi lideri aday olduğu 'dan %22,66 (87.454) oy almalarına rağmen partileri baraja takıldığından milletvekili seçilemediler. | Cumhuriyet Halk Partisi#73: 1991'den 1996'ya kadar ve ardından CHP, ile yer aldı. 'nde 'ın başbakanlıktan istifa etmesinin ardından Baykal, 'ın destekledi. | Cumhuriyet Halk Partisi#74: Kasım 1998'de sırasında tartışmaya açılınca CHP hükûmete gensoru verdi ve koalisyonu düşürdü. CHP %8.71 oy alarak tarihinde ilk kez baraj altında kaldı. seçim yenilgisinden kendinin sorumlu olduğunu belirterek 22 Nisan 1999'da genel başkanlıktan istifa etti."
Mesut Yılmaz,https://tr.wikipedia.org/wiki/Mesut_Y%C4%B1lmaz,2,"2002 Türkiye genel seçimleri#49: Milliyetçi Hareket Partisi lideri aday olduğu 'den %29,19 (58.622), ANAP lideri aday olduğu 'den %28,58 (46.577), lideri aday olduğu 'dan %25,21 (108.822) ve Doğru Yol Partisi lideri aday olduğu 'dan %22,66 (87.454) oy almalarına rağmen partileri baraja takıldığından milletvekili seçilemediler. | Cumhuriyet Halk Partisi#73: 1991'den 1996'ya kadar ve ardından CHP, ile yer aldı. 'nde 'ın başbakanlıktan istifa etmesinin ardından Baykal, 'ın destekledi. | Cumhuriyet Halk Partisi#74: Kasım 1998'de sırasında tartışmaya açılınca CHP hükûmete gensoru verdi ve koalisyonu düşürdü. CHP %8.71 oy alarak tarihinde ilk kez baraj altında kaldı. seçim yenilgisinden kendinin sorumlu olduğunu belirterek 22 Nisan 1999'da genel başkanlıktan istifa etti."
Recep Tayyip Erdoğan,https://tr.wikipedia.org/wiki/Recep_Tayyip_Erdo%C4%9Fan,2,"Türkiye#25: Aralık 2021'de cumhurbaşkanı , ihracatta ""Made in Türkiye"" ibaresinin kullanılmasına ilişkin bir genelge yayımladı. | Türkiye#116: 1980'li yıllarda Türk ekonomisinin liberalleştirilmesinden bu yana ülke, ekonomik büyüme ve siyasi istikrar yakaladı. 1984'ten itibaren , Türk hükûmetlerine karşı başladı; tarafların çatışmaları sonucunda resmî verilere göre 40 binden fazla insan öldü. 2012'de taraflar arasında başladı, ancak 2015'te görüşmeler sona erdi ve dönüldü. 2013'te 'ndaki düzenlemeler nedeniyle başlayan , daha sonra hükûmet karşıtı protestolara dönüşerek birçok ilde patlak verdi ancak hükûmet tarafından bastırıldı. 28 Ağustos 2014'te doğrudan halk oyuyla ilk cumhurbaşkanı oldu. 15 Temmuz 2016'da, Türkiye'de bir meydana geldi. 2017'de yapılan ile parlamenter sistemin yerini icracı bir aldı. Başbakanlık makamı kaldırılarak yetki ve görevleri cumhurbaşkanına devredildi. | Türkiye#158: 12. Cumhurbaşkanı şu anda ve olarak görev yapıyor. , Türkiye'nin . , 'dır. | 2011 Türkiye genel seçimleri#3: Başbakan 3 Ekim 2010 günü yaptığı açıklamada genel seçimlerin normal tarihinden bir ay önce -Haziran ayı başında- yapılacağını duyurdu. | 2018 Türkiye genel seçimleri#4: Seçimlerin erkene alınmasının nedeni, Cumhurbaşkanı ve MHP Genel Başkanı tarafından kabul gören yürürlüğe girmesi için daha fazla beklenmemesi gerekçe olarak gösterilmiştir. | 2018 Türkiye genel seçimleri#9: Seçimin normal şartlarda 3 Kasım 2019'da yapılması gerekiyordu ancak, Bahçeli'nin 17 Nisan 2018 tarihinde partisinin TBMM'deki grup toplantısında erken seçimi gerekli gördüğünü belirtmesi ve Cumhurbaşkanı 'ın ertesi gün buna olumlu yaklaştığını açıklaması ile seçim tarihi erkene alındı. | 2018 Türkiye genel seçimleri#24: Anayasa değişikliği referandumunda ""Evet"" cephesinde yer alan , ve , "" "" adı altında seçimlere katılacaklarını ve cumhurbaşkanı adayı olarak da 'ı destekleyeceklerini açıkladılar. | Haziran 2015 Türkiye genel seçimleri#52: Cumhurbaşkanı hükûmeti kurma görevini 10 Temmuz 2015'te birinci parti olan 'nin genel başkanı 'na verdi. ilk ziyaretini 13 Temmuzda yaptı. - görüşmesi 1 saat 40 dakika sürdü. | 2002 Türkiye genel seçimleri#41: ve , listelerinden, , ve de listelerinden seçime girdiler. 'nin katılmasıyla tarihinde ilk kez adında kelimesi geçen bir parti seçimlere katıldı. Genel Başkanı siyasi yasağı nedeniyle seçimlere katılamadı. | 2002 Türkiye genel seçimleri#53: 14 Kasım 2002 tarihinde Cumhurbaşkanı ile Adalet ve Kalkınma Partisi Genel Başkanı arasındaki görüşmeden sonra, Erdoğan'ın milletvekili olmaması nedeniyle, 16 Kasım 2002 tarihinde Adalet ve Kalkınma Partisi genel başkan yardımcısı , Sezer tarafından hükûmeti kurmakla görevlendirildi. 18 Kasım'da Ahmet Necdet Sezer tarafından onaylanmasıyla ilk Adalet ve Kalkınma Partisi hükûmeti göreve başladı. | Cumhuriyet Halk Partisi#75: liderliğinde tek başına iktidara geldi. | Cumhuriyet Halk Partisi#95: İlk doğrudan cumhurbaşkanlığı seçimi olan , ardından gerçekleştirildi. ile yarışan CHP ve 'nin ortak adayı %38 oy alarak seçimleri birinci turda kaybetti. , (HDP) barajı aşarak 'nin meclis çoğunluğunu kaybetmesine neden oldu. Seçimlerin ardından koalisyon görüşmeleri başarısız oldu. MHP, CHP liderliğindeki bir hükûmette HDP ile birlikte yer almayı reddetti."
Recep Tayyip Erdoğan,https://tr.wikipedia.org/wiki/Recep_Tayyip_Erdo%C4%9Fan,2,"Türkiye#25: Aralık 2021'de cumhurbaşkanı , ihracatta ""Made in Türkiye"" ibaresinin kullanılmasına ilişkin bir genelge yayımladı. | Türkiye#116: 1980'li yıllarda Türk ekonomisinin liberalleştirilmesinden bu yana ülke, ekonomik büyüme ve siyasi istikrar yakaladı. 1984'ten itibaren , Türk hükûmetlerine karşı başladı; tarafların çatışmaları sonucunda resmî verilere göre 40 binden fazla insan öldü. 2012'de taraflar arasında başladı, ancak 2015'te görüşmeler sona erdi ve dönüldü. 2013'te 'ndaki düzenlemeler nedeniyle başlayan , daha sonra hükûmet karşıtı protestolara dönüşerek birçok ilde patlak verdi ancak hükûmet tarafından bastırıldı. 28 Ağustos 2014'te doğrudan halk oyuyla ilk cumhurbaşkanı oldu. 15 Temmuz 2016'da, Türkiye'de bir meydana geldi. 2017'de yapılan ile parlamenter sistemin yerini icracı bir aldı. Başbakanlık makamı kaldırılarak yetki ve görevleri cumhurbaşkanına devredildi. | Türkiye#158: 12. Cumhurbaşkanı şu anda ve olarak görev yapıyor. , Türkiye'nin . , 'dır. | 2011 Türkiye genel seçimleri#3: Başbakan 3 Ekim 2010 günü yaptığı açıklamada genel seçimlerin normal tarihinden bir ay önce -Haziran ayı başında- yapılacağını duyurdu. | 2018 Türkiye genel seçimleri#4: Seçimlerin erkene alınmasının nedeni, Cumhurbaşkanı ve MHP Genel Başkanı tarafından kabul gören yürürlüğe girmesi için daha fazla beklenmemesi gerekçe olarak gösterilmiştir. | 2018 Türkiye genel seçimleri#9: Seçimin normal şartlarda 3 Kasım 2019'da yapılması gerekiyordu ancak, Bahçeli'nin 17 Nisan 2018 tarihinde partisinin TBMM'deki grup toplantısında erken seçimi gerekli gördüğünü belirtmesi ve Cumhurbaşkanı 'ın ertesi gün buna olumlu yaklaştığını açıklaması ile seçim tarihi erkene alındı. | 2018 Türkiye genel seçimleri#24: Anayasa değişikliği referandumunda ""Evet"" cephesinde yer alan , ve , "" "" adı altında seçimlere katılacaklarını ve cumhurbaşkanı adayı olarak da 'ı destekleyeceklerini açıkladılar. | Haziran 2015 Türkiye genel seçimleri#52: Cumhurbaşkanı hükûmeti kurma görevini 10 Temmuz 2015'te birinci parti olan 'nin genel başkanı 'na verdi. ilk ziyaretini 13 Temmuzda yaptı. - görüşmesi 1 saat 40 dakika sürdü. | 2002 Türkiye genel seçimleri#41: ve , listelerinden, , ve de listelerinden seçime girdiler. 'nin katılmasıyla tarihinde ilk kez adında kelimesi geçen bir parti seçimlere katıldı. Genel Başkanı siyasi yasağı nedeniyle seçimlere katılamadı. | 2002 Türkiye genel seçimleri#53: 14 Kasım 2002 tarihinde Cumhurbaşkanı ile Adalet ve Kalkınma Partisi Genel Başkanı arasındaki görüşmeden sonra, Erdoğan'ın milletvekili olmaması nedeniyle, 16 Kasım 2002 tarihinde Adalet ve Kalkınma Partisi genel başkan yardımcısı , Sezer tarafından hükûmeti kurmakla görevlendirildi. 18 Kasım'da Ahmet Necdet Sezer tarafından onaylanmasıyla ilk Adalet ve Kalkınma Partisi hükûmeti göreve başladı. | Cumhuriyet Halk Partisi#75: liderliğinde tek başına iktidara geldi. | Cumhuriyet Halk Partisi#95: İlk doğrudan cumhurbaşkanlığı seçimi olan , ardından gerçekleştirildi. ile yarışan CHP ve 'nin ortak adayı %38 oy alarak seçimleri birinci turda kaybetti. , (HDP) barajı aşarak 'nin meclis çoğunluğunu kaybetmesine neden oldu. Seçimlerin ardından koalisyon görüşmeleri başarısız oldu. MHP, CHP liderliğindeki bir hükûmette HDP ile birlikte yer almayı reddetti."
sosyal demokrat,https://tr.wikipedia.org/wiki/Sosyal_demokrasi,2,"Cumhuriyet Halk Partisi#1: Cumhuriyet Halk Partisi , 'de bir . | Cumhuriyet Halk Partisi#90: Kılıçdaroğlu CHP'yi geleneksel imajına geri döndürdü ve partinin - karakterini bir kenara bıraktı."
1950,https://tr.wikipedia.org/wiki/1950_T%C3%BCrkiye_genel_se%C3%A7imleri,2,"Cumhuriyet Halk Partisi#10: 'nın ardından, Atatürk'ün halefi çok partili seçimlere izin verdi ve CHP, kaybettikten sonra iktidarı tek parti dönemini sona erdirip başlattı. izleyen yıllarda parti kademeli olarak çizgiye yöneldi; bu yönelim, 1972'de 'in genel başkan olmasıyla birlikte kesinlik kazandı. | Cumhuriyet Halk Partisi#44: Demokrat Parti'nin muhalefeti ve 'nin çabalarıyla, parti komünizme karşı bir tavır aldı ve bazı kırsal kalkınma programlarını durdurdu. 1946-1950 yılları arasındaki dönem, İnönü'nün Türkiye'yi Batı ile yakınlaştırdığı bir dönemdir. yılında gizli oy açık tasnif ilkesiyle seçimler düzenlendi."
1950,https://tr.wikipedia.org/wiki/1950_T%C3%BCrkiye_genel_se%C3%A7imleri,2,"Cumhuriyet Halk Partisi#10: 'nın ardından, Atatürk'ün halefi çok partili seçimlere izin verdi ve CHP, kaybettikten sonra iktidarı tek parti dönemini sona erdirip başlattı. izleyen yıllarda parti kademeli olarak çizgiye yöneldi; bu yönelim, 1972'de 'in genel başkan olmasıyla birlikte kesinlik kazandı. | Cumhuriyet Halk Partisi#44: Demokrat Parti'nin muhalefeti ve 'nin çabalarıyla, parti komünizme karşı bir tavır aldı ve bazı kırsal kalkınma programlarını durdurdu. 1946-1950 yılları arasındaki dönem, İnönü'nün Türkiye'yi Batı ile yakınlaştırdığı bir dönemdir. yılında gizli oy açık tasnif ilkesiyle seçimler düzenlendi."
Deniz Baykal,https://tr.wikipedia.org/wiki/Deniz_Baykal,2,"2011 Türkiye genel seçimleri#47: CHP'nin eski lideri Mayıs 2010'da görevinden istifa etmiş ve o dönemde kamuoyu yoklamalarına göre %26 oyla CHP'den ayrılmıştı. | 2011 Türkiye genel seçimleri#52: Adaylar arasında eski CHP lideri ile ve gibi tutuklu Ergenekon sanıkları da vardı. | 2002 Türkiye genel seçimleri#6: Oyların yüzde 34,3'ünü alarak kazandığı 363 milletvekilliği ile tek başına iktidar olan AK Parti, TBMM'nin üyelik sayısının yaklaşık yüzde 66'sını alarak uygulandığı 1950'li yıllardan sonra TBMM'deki en büyük temsil gücünü elde eden siyasi parti oldu. 1999'da seçim barajını aşamayan liderliğindeki CHP ise oyların yüzde 19,39'u alarak ana muhalefet partisi oldu. | 2002 Türkiye genel seçimleri#57: Siirt'te yapılacak ara seçim öncesinde liderliğindeki CHP'nin desteğiyle yapılan anayasa değişikliğiyle Erdoğan'ın milletvekili seçilmesinin önündeki engel kaldırdı. 9 Mart 2003'te yenilenen ve yalnızca 4 partinin katıldığı sonucunda Adalet ve Kalkınma Partisi 3 milletvekilliğini de kazandı, böylece Adalet ve Kalkınma Partisi'nin milletvekili sayısı 365'e yükselirken, Cumhuriyet Halk Partisi'nin milletvekili sayısı 177'e, bağımsızların sayısı ise 8'e geriledi. | Cumhuriyet Halk Partisi#12: Parti, 9 Eylül 1992'de tarafından, 1980 öncesi üyelerinin çoğunluğunun katılımıyla, yeniden ve orijinal adıyla kuruldu. | Cumhuriyet Halk Partisi#71: 1980 öncesi siyasetçilerin siyasi yasaklarının kaldırılmasının ardından ve parti kapatılmadan önce parti yönetimini oluşturan isimler isim hakları konusundaki yasağın kaldırılmasıyla beraber Cumhuriyet Halk Partisi'ni 1992'de yeniden faaliyete geçirdi."
Deniz Baykal,https://tr.wikipedia.org/wiki/Deniz_Baykal,2,"2011 Türkiye genel seçimleri#47: CHP'nin eski lideri Mayıs 2010'da görevinden istifa etmiş ve o dönemde kamuoyu yoklamalarına göre %26 oyla CHP'den ayrılmıştı. | 2011 Türkiye genel seçimleri#52: Adaylar arasında eski CHP lideri ile ve gibi tutuklu Ergenekon sanıkları da vardı. | 2002 Türkiye genel seçimleri#6: Oyların yüzde 34,3'ünü alarak kazandığı 363 milletvekilliği ile tek başına iktidar olan AK Parti, TBMM'nin üyelik sayısının yaklaşık yüzde 66'sını alarak uygulandığı 1950'li yıllardan sonra TBMM'deki en büyük temsil gücünü elde eden siyasi parti oldu. 1999'da seçim barajını aşamayan liderliğindeki CHP ise oyların yüzde 19,39'u alarak ana muhalefet partisi oldu. | 2002 Türkiye genel seçimleri#57: Siirt'te yapılacak ara seçim öncesinde liderliğindeki CHP'nin desteğiyle yapılan anayasa değişikliğiyle Erdoğan'ın milletvekili seçilmesinin önündeki engel kaldırdı. 9 Mart 2003'te yenilenen ve yalnızca 4 partinin katıldığı sonucunda Adalet ve Kalkınma Partisi 3 milletvekilliğini de kazandı, böylece Adalet ve Kalkınma Partisi'nin milletvekili sayısı 365'e yükselirken, Cumhuriyet Halk Partisi'nin milletvekili sayısı 177'e, bağımsızların sayısı ise 8'e geriledi. | Cumhuriyet Halk Partisi#12: Parti, 9 Eylül 1992'de tarafından, 1980 öncesi üyelerinin çoğunluğunun katılımıyla, yeniden ve orijinal adıyla kuruldu. | Cumhuriyet Halk Partisi#71: 1980 öncesi siyasetçilerin siyasi yasaklarının kaldırılmasının ardından ve parti kapatılmadan önce parti yönetimini oluşturan isimler isim hakları konusundaki yasağın kaldırılmasıyla beraber Cumhuriyet Halk Partisi'ni 1992'de yeniden faaliyete geçirdi."
Selin Sayek Böke,https://tr.wikipedia.org/wiki/Selin_Sayek_B%C3%B6ke,2,"Haziran 2015 Türkiye genel seçimleri#54: CHP görüşme heyetinde CHP Genel Başkan Yardımcıları , ve ile İstanbul Milletvekili görüşmede olacakları açıklandı. | Cumhuriyet Halk Partisi#7: Partinin , 'dir."
Kemal Kılıçdaroğlu,https://tr.wikipedia.org/wiki/Kemal_K%C4%B1l%C4%B1%C3%A7daro%C4%9Flu,2,"Cumhuriyet Halk Partisi 36. Olağan Kurultayı#6: Genel başkanlığa adaylığını açıklayan beş kişi arasından sadece ve , delege üyelerinden resmî olarak adaylık için gereken 127 imzayı topladılar. | 2011 Türkiye genel seçimleri#46: 2011 genel seçimleri, 'nun (CHP) lideri olarak katıldığı ilk genel seçim olmuştur. | Haziran 2015 Türkiye genel seçimleri#60: Yaklaşık 1 saat 37 dakika süren görüşmenin ardından Ömer Çelik çıkışta görüşmenin detaylarını basın mensupları ile paylaştı. 11 Ağustos'ta Bakanlar Kurulu toplantısından sonra CHP Genel Başkanı ile 4 saat 20 dakika görüştü. | Cumhuriyet Halk Partisi#13: Yeniden kuruluşundan beri en uzun süre görev yapan genel başkan , mevcut genel başkan ise 'dir. Parti yılından bu yana iktidardaki 'ne karşı ana muhalefet partisi konumundadır. | Cumhuriyet Halk Partisi#89: Baykal bir internete sızdırılmasının ardından parti genel başkanlığından istifa ettiğini açıkladı. tarihinde yeni parti lideri olarak seçildi."
cumhuriyetçilik,https://tr.wikipedia.org/wiki/Cumhuriyet%C3%A7ilik,2,"Cumhuriyet Halk Partisi#5: Logosu, 'in temel ilkelerini temsil eden 'tan oluşmaktadır: , , , , ve . | Cumhuriyet Halk Partisi#31: Bu dönemde parti tarihsel görüşlerden ayrılarak , , , , ve ilkelerini benimsedi."
Kemal Kılıçdaroğlu,https://tr.wikipedia.org/wiki/Kemal_K%C4%B1l%C4%B1%C3%A7daro%C4%9Flu,2,"Cumhuriyet Halk Partisi 36. Olağan Kurultayı#6: Genel başkanlığa adaylığını açıklayan beş kişi arasından sadece ve , delege üyelerinden resmî olarak adaylık için gereken 127 imzayı topladılar. | 2011 Türkiye genel seçimleri#46: 2011 genel seçimleri, 'nun (CHP) lideri olarak katıldığı ilk genel seçim olmuştur. | Haziran 2015 Türkiye genel seçimleri#60: Yaklaşık 1 saat 37 dakika süren görüşmenin ardından Ömer Çelik çıkışta görüşmenin detaylarını basın mensupları ile paylaştı. 11 Ağustos'ta Bakanlar Kurulu toplantısından sonra CHP Genel Başkanı ile 4 saat 20 dakika görüştü. | Cumhuriyet Halk Partisi#13: Yeniden kuruluşundan beri en uzun süre görev yapan genel başkan , mevcut genel başkan ise 'dir. Parti yılından bu yana iktidardaki 'ne karşı ana muhalefet partisi konumundadır. | Cumhuriyet Halk Partisi#89: Baykal bir internete sızdırılmasının ardından parti genel başkanlığından istifa ettiğini açıkladı. tarihinde yeni parti lideri olarak seçildi."
Avrupa Sosyalistler Partisi,https://tr.wikipedia.org/wiki/Avrupa_Sosyalistler_Partisi,2,"Cumhuriyet Halk Partisi#14: Parti, ve 'in tam üyesidir ve 'nin ilişkili üyesidir. | Cumhuriyet Halk PartisiCard#21: (ilişkili)"
cumhuriyetçilik,https://tr.wikipedia.org/wiki/Cumhuriyet%C3%A7ilik,2,"Cumhuriyet Halk Partisi#5: Logosu, 'in temel ilkelerini temsil eden 'tan oluşmaktadır: , , , , ve . | Cumhuriyet Halk Partisi#31: Bu dönemde parti tarihsel görüşlerden ayrılarak , , , , ve ilkelerini benimsedi."
milliyetçilik,https://tr.wikipedia.org/wiki/Milliyet%C3%A7ilik,2,"Türkiye#89: İmparatorluğun yine son zamanlarında isyanlarının çıkmasıyla milletler arasında çeşitli etnik gerginlikler yaşandı; bu etnik gerginlikler gibi çeşitli sorunları ortaya çıkardı. | Türkiye#155: Sağ partiler , , veya gibi siyasi ideolojilerin ilkelerini benimseme eğilimindedir. | Cumhuriyet Halk Partisi#5: Logosu, 'in temel ilkelerini temsil eden 'tan oluşmaktadır: , , , , ve . | Cumhuriyet Halk Partisi#31: Bu dönemde parti tarihsel görüşlerden ayrılarak , , , , ve ilkelerini benimsedi."
milliyetçilik,https://tr.wikipedia.org/wiki/Milliyet%C3%A7ilik,2,"Türkiye#89: İmparatorluğun yine son zamanlarında isyanlarının çıkmasıyla milletler arasında çeşitli etnik gerginlikler yaşandı; bu etnik gerginlikler gibi çeşitli sorunları ortaya çıkardı. | Türkiye#155: Sağ partiler , , veya gibi siyasi ideolojilerin ilkelerini benimseme eğilimindedir. | Cumhuriyet Halk Partisi#5: Logosu, 'in temel ilkelerini temsil eden 'tan oluşmaktadır: , , , , ve . | Cumhuriyet Halk Partisi#31: Bu dönemde parti tarihsel görüşlerden ayrılarak , , , , ve ilkelerini benimsedi."
devletçilik,https://tr.wikipedia.org/wiki/Devlet%C3%A7ilik,2,"Cumhuriyet Halk Partisi#5: Logosu, 'in temel ilkelerini temsil eden 'tan oluşmaktadır: , , , , ve . | Cumhuriyet Halk Partisi#31: Bu dönemde parti tarihsel görüşlerden ayrılarak , , , , ve ilkelerini benimsedi."
devletçilik,https://tr.wikipedia.org/wiki/Devlet%C3%A7ilik,2,"Cumhuriyet Halk Partisi#5: Logosu, 'in temel ilkelerini temsil eden 'tan oluşmaktadır: , , , , ve . | Cumhuriyet Halk Partisi#31: Bu dönemde parti tarihsel görüşlerden ayrılarak , , , , ve ilkelerini benimsedi."
Avrupa Sosyalistler Partisi,https://tr.wikipedia.org/wiki/Avrupa_Sosyalistler_Partisi,2,"Cumhuriyet Halk Partisi#14: Parti, ve 'in tam üyesidir ve 'nin ilişkili üyesidir. | Cumhuriyet Halk PartisiCard#21: (ilişkili)"
Sivas Kongresi,https://tr.wikipedia.org/wiki/Sivas_Kongresi,2,"Trabzon#47: Görüş ayrılıkları derinleşince Heyet-i Temsiliye'nin Trabzonlu üyeleri 'ne katılmamışlardı. | Cumhuriyet Halk Partisi#9: Mustafa Kemal Atatürk'ün liderliğinde bu gruplar, adıyla 1919'daki 'nde birleşti. 1923 yılında Halk Fırkası adıyla siyasi bir örgüt olarak kurulan parti, kısa bir süre sonra Cumhuriyet Halk Fırkası adını aldı ve Atatürk'ün ilk cumhurbaşkanı olduğu ilan etti. geçmesiyle birlikte, CHP ülkede kapsamlı uygulanmasında temel araç hâline geldi. | Cumhuriyet Halk Partisi#15: 4-11 Eylül 1919 tarihleri arasında toplanan 'nde, 'nin çeşitli bölgelerinde kurulan , (ARMHC) adı altında birleştirilmiştir. 23 Nisan 1920 tarihinde toplanan ARMHC delegelerinden oluşmuş, ancak 1922'de Meclis, Birinci Grup ve adıyla iki gruba ayrılmıştır."
Türkiye Büyük Millet Meclisi,https://tr.wikipedia.org/wiki/T%C3%BCrkiye_B%C3%BCy%C3%BCk_Millet_Meclisi,2,"Türkiye#13: Ancak yapılan reformlar, imparatorluğun engelleyemedi. 1914 yılında başlayan 'na 'nin yanında giren imparatorluk, savaş sonucunda yenik düşerek 30 Ekim 1918 tarihinde tüm orduların teslim olması şartını kabul etti ve akabinde 'nce işgal edildi. 16 Mart 1920'de İtilaf Devletleri'nin bazı milletvekillerini tutuklayarak sürgüne göndermesi sonucunda 'ın kapanmasıyla önderliğinde 23 Nisan 1920 tarihinde 'da kuruldu. | Türkiye#102: Ankara Hükûmeti silahlı ve diplomatik mücadeleye girişti. 1921-1923 yılları arasında Ermeni, Yunan, Fransız ve İngiliz orduları ülkeden kovuldu: Ankara Hükûmeti'nin askerî ilerleyişi ve diplomatik başarısı 11 Ekim 1922'de 'nin imzalanmasıyla sonuçlandı. ile Ankara Hükûmeti arasındaki 'nin (Eylül-Ekim 1922) ele alınışı, 19 Ekim 1922'de hükûmetinin çökmesine ve 'nın Birleşik Krallık'tan siyasi özerklik kazanmasına neden oldu. 1 Kasım 1922 tarihinde , ve 623 yıllık monarşik Osmanlı İmparatorluğu, resmen tarih sahnesinden silindi. | Cumhuriyet Halk Partisi#6: Şu anda 138 milletvekili ile iktidardaki 'nin (AK Parti) ardından 'ndeki en büyük ikinci partidir. | Cumhuriyet Halk Partisi#15: 4-11 Eylül 1919 tarihleri arasında toplanan 'nde, 'nin çeşitli bölgelerinde kurulan , (ARMHC) adı altında birleştirilmiştir. 23 Nisan 1920 tarihinde toplanan ARMHC delegelerinden oluşmuş, ancak 1922'de Meclis, Birinci Grup ve adıyla iki gruba ayrılmıştır."
Türkiye Büyük Millet Meclisi,https://tr.wikipedia.org/wiki/T%C3%BCrkiye_B%C3%BCy%C3%BCk_Millet_Meclisi,2,"Türkiye#13: Ancak yapılan reformlar, imparatorluğun engelleyemedi. 1914 yılında başlayan 'na 'nin yanında giren imparatorluk, savaş sonucunda yenik düşerek 30 Ekim 1918 tarihinde tüm orduların teslim olması şartını kabul etti ve akabinde 'nce işgal edildi. 16 Mart 1920'de İtilaf Devletleri'nin bazı milletvekillerini tutuklayarak sürgüne göndermesi sonucunda 'ın kapanmasıyla önderliğinde 23 Nisan 1920 tarihinde 'da kuruldu. | Türkiye#102: Ankara Hükûmeti silahlı ve diplomatik mücadeleye girişti. 1921-1923 yılları arasında Ermeni, Yunan, Fransız ve İngiliz orduları ülkeden kovuldu: Ankara Hükûmeti'nin askerî ilerleyişi ve diplomatik başarısı 11 Ekim 1922'de 'nin imzalanmasıyla sonuçlandı. ile Ankara Hükûmeti arasındaki 'nin (Eylül-Ekim 1922) ele alınışı, 19 Ekim 1922'de hükûmetinin çökmesine ve 'nın Birleşik Krallık'tan siyasi özerklik kazanmasına neden oldu. 1 Kasım 1922 tarihinde , ve 623 yıllık monarşik Osmanlı İmparatorluğu, resmen tarih sahnesinden silindi. | Cumhuriyet Halk Partisi#6: Şu anda 138 milletvekili ile iktidardaki 'nin (AK Parti) ardından 'ndeki en büyük ikinci partidir. | Cumhuriyet Halk Partisi#15: 4-11 Eylül 1919 tarihleri arasında toplanan 'nde, 'nin çeşitli bölgelerinde kurulan , (ARMHC) adı altında birleştirilmiştir. 23 Nisan 1920 tarihinde toplanan ARMHC delegelerinden oluşmuş, ancak 1922'de Meclis, Birinci Grup ve adıyla iki gruba ayrılmıştır."
Sivas Kongresi,https://tr.wikipedia.org/wiki/Sivas_Kongresi,2,"Trabzon#47: Görüş ayrılıkları derinleşince Heyet-i Temsiliye'nin Trabzonlu üyeleri 'ne katılmamışlardı. | Cumhuriyet Halk Partisi#9: Mustafa Kemal Atatürk'ün liderliğinde bu gruplar, adıyla 1919'daki 'nde birleşti. 1923 yılında Halk Fırkası adıyla siyasi bir örgüt olarak kurulan parti, kısa bir süre sonra Cumhuriyet Halk Fırkası adını aldı ve Atatürk'ün ilk cumhurbaşkanı olduğu ilan etti. geçmesiyle birlikte, CHP ülkede kapsamlı uygulanmasında temel araç hâline geldi. | Cumhuriyet Halk Partisi#15: 4-11 Eylül 1919 tarihleri arasında toplanan 'nde, 'nin çeşitli bölgelerinde kurulan , (ARMHC) adı altında birleştirilmiştir. 23 Nisan 1920 tarihinde toplanan ARMHC delegelerinden oluşmuş, ancak 1922'de Meclis, Birinci Grup ve adıyla iki gruba ayrılmıştır."
merkez sol,https://tr.wikipedia.org/wiki/Merkez_sol,2,"Cumhuriyet Halk Partisi#10: 'nın ardından, Atatürk'ün halefi çok partili seçimlere izin verdi ve CHP, kaybettikten sonra iktidarı tek parti dönemini sona erdirip başlattı. izleyen yıllarda parti kademeli olarak çizgiye yöneldi; bu yönelim, 1972'de 'in genel başkan olmasıyla birlikte kesinlik kazandı. | Cumhuriyet Halk Partisi#63: Feyzioğlu'nun ayrılmasıyla CHP bir programla katıldı, ancak partiye olan algı nedeniyle benzer bir sonuç elde etti; Bu algıya göre parti öncelikle eğitimli kentsel elitlere hitap ediyordu."
Selin Sayek Böke,https://tr.wikipedia.org/wiki/Selin_Sayek_B%C3%B6ke,2,"Haziran 2015 Türkiye genel seçimleri#54: CHP görüşme heyetinde CHP Genel Başkan Yardımcıları , ve ile İstanbul Milletvekili görüşmede olacakları açıklandı. | Cumhuriyet Halk Partisi#7: Partinin , 'dir."
devlet terörü,https://tr.wikipedia.org/wiki/Devlet_ter%C3%B6r%C3%BC,1,"Cumhuriyet Halk Partisi#129: Partinin lideri Özgür Özel, 'in karşı uyguladığını iddia ederek, ""Türk solu asla ve asla Filistin davasına uzak değildir."" şeklinde açıklamada bulunmuştur."
simgedir,https://tr.wikipedia.org/wiki/Simge,1,"Cumhuriyet Halk Partisi#131: , Cumhuriyet Halk Partisi'nin temel ilkelerini temsil eden ."
simgedir,https://tr.wikipedia.org/wiki/Simge,1,"Cumhuriyet Halk Partisi#131: , Cumhuriyet Halk Partisi'nin temel ilkelerini temsil eden ."
Türkiye İş Bankası,https://tr.wikipedia.org/wiki/T%C3%BCrkiye_%C4%B0%C5%9F_Bankas%C4%B1,1,Cumhuriyet Halk Partisi#135: 'ün vasiyetle 'nın kendine ait olan %28.1 oranındaki hissesini partiye bırakmıştır.
Türkiye İş Bankası,https://tr.wikipedia.org/wiki/T%C3%BCrkiye_%C4%B0%C5%9F_Bankas%C4%B1,1,Cumhuriyet Halk Partisi#135: 'ün vasiyetle 'nın kendine ait olan %28.1 oranındaki hissesini partiye bırakmıştır.
Türk Dil Kurumu,https://tr.wikipedia.org/wiki/T%C3%BCrk_Dil_Kurumu,1,Cumhuriyet Halk Partisi#136: Fakat bankanın elde ettiği gelirin CHP'ye düşen kısmı partiye değil 'na ve 'na aktarılmaktadır.
Türk Dil Kurumu,https://tr.wikipedia.org/wiki/T%C3%BCrk_Dil_Kurumu,1,Cumhuriyet Halk Partisi#136: Fakat bankanın elde ettiği gelirin CHP'ye düşen kısmı partiye değil 'na ve 'na aktarılmaktadır.
Türk Tarih Kurumu,https://tr.wikipedia.org/wiki/T%C3%BCrk_Tarih_Kurumu,1,Cumhuriyet Halk Partisi#136: Fakat bankanın elde ettiği gelirin CHP'ye düşen kısmı partiye değil 'na ve 'na aktarılmaktadır.
Türk Kurtuluş Savaşı,https://tr.wikipedia.org/wiki/T%C3%BCrk_Kurtulu%C5%9F_Sava%C5%9F%C4%B1,1,"Türkiye#100: bitiminde imzalanan 'nden sonra İtilaf Devletleri tarafından , ve diğer Osmanlı topraklarının işgali, 'ni ortaya çıkardı. 'nın öne çıkan isimlerinden biri olan 'nın 19 Mayıs 1919'da ile 'nın getirdiği şartları iptal edip sınırları içinde kalan ülke topraklarının bütünlüğünü korumayı amaçlayan başlatıldı. | Türkiye#262: ile sonrası ortaya çıkan cumhuriyetin ilk altmış yılında 1923 ve 1983 yılları arasında devlet, sıkı bir yarı- yaklaşımın içinde bulundu; özel sektör katılımı, dış ticaret, döviz akışı ve tutarı gibi konularda çeşitli sınırlamalar konuldu. | Cumhuriyet Halk Partisi#8: Cumhuriyet Halk Partisi'nin kökeni, sırasında kurulan çeşitli dayanır; bu grupların çoğu daha önce ile bağlantılı kişilerden oluşuyordu."
Türk Kurtuluş Savaşı,https://tr.wikipedia.org/wiki/T%C3%BCrk_Kurtulu%C5%9F_Sava%C5%9F%C4%B1,1,"Türkiye#100: bitiminde imzalanan 'nden sonra İtilaf Devletleri tarafından , ve diğer Osmanlı topraklarının işgali, 'ni ortaya çıkardı. 'nın öne çıkan isimlerinden biri olan 'nın 19 Mayıs 1919'da ile 'nın getirdiği şartları iptal edip sınırları içinde kalan ülke topraklarının bütünlüğünü korumayı amaçlayan başlatıldı. | Türkiye#262: ile sonrası ortaya çıkan cumhuriyetin ilk altmış yılında 1923 ve 1983 yılları arasında devlet, sıkı bir yarı- yaklaşımın içinde bulundu; özel sektör katılımı, dış ticaret, döviz akışı ve tutarı gibi konularda çeşitli sınırlamalar konuldu. | Cumhuriyet Halk Partisi#8: Cumhuriyet Halk Partisi'nin kökeni, sırasında kurulan çeşitli dayanır; bu grupların çoğu daha önce ile bağlantılı kişilerden oluşuyordu."
direniş gruplarına,https://tr.wikipedia.org/wiki/M%C3%BCd%C3%A2faa-i_hukuk_cemiyetleri,1,"Cumhuriyet Halk Partisi#8: Cumhuriyet Halk Partisi'nin kökeni, sırasında kurulan çeşitli dayanır; bu grupların çoğu daha önce ile bağlantılı kişilerden oluşuyordu."
direniş gruplarına,https://tr.wikipedia.org/wiki/M%C3%BCd%C3%A2faa-i_hukuk_cemiyetleri,1,"Cumhuriyet Halk Partisi#8: Cumhuriyet Halk Partisi'nin kökeni, sırasında kurulan çeşitli dayanır; bu grupların çoğu daha önce ile bağlantılı kişilerden oluşuyordu."
İttihat ve Terakki Cemiyeti,https://tr.wikipedia.org/wiki/%C4%B0ttihat_ve_Terakki,1,"Cumhuriyet Halk Partisi#8: Cumhuriyet Halk Partisi'nin kökeni, sırasında kurulan çeşitli dayanır; bu grupların çoğu daha önce ile bağlantılı kişilerden oluşuyordu."
İttihat ve Terakki Cemiyeti,https://tr.wikipedia.org/wiki/%C4%B0ttihat_ve_Terakki,1,"Cumhuriyet Halk Partisi#8: Cumhuriyet Halk Partisi'nin kökeni, sırasında kurulan çeşitli dayanır; bu grupların çoğu daha önce ile bağlantılı kişilerden oluşuyordu."
Türkiye Cumhuriyeti'nin kuruluşunu,https://tr.wikipedia.org/wiki/T%C3%BCrkiye%27de_cumhuriyetin_ilan%C4%B1,1,"Cumhuriyet Halk Partisi#9: Mustafa Kemal Atatürk'ün liderliğinde bu gruplar, adıyla 1919'daki 'nde birleşti. 1923 yılında Halk Fırkası adıyla siyasi bir örgüt olarak kurulan parti, kısa bir süre sonra Cumhuriyet Halk Fırkası adını aldı ve Atatürk'ün ilk cumhurbaşkanı olduğu ilan etti. geçmesiyle birlikte, CHP ülkede kapsamlı uygulanmasında temel araç hâline geldi."
Türkiye Cumhuriyeti'nin kuruluşunu,https://tr.wikipedia.org/wiki/T%C3%BCrkiye%27de_cumhuriyetin_ilan%C4%B1,1,"Cumhuriyet Halk Partisi#9: Mustafa Kemal Atatürk'ün liderliğinde bu gruplar, adıyla 1919'daki 'nde birleşti. 1923 yılında Halk Fırkası adıyla siyasi bir örgüt olarak kurulan parti, kısa bir süre sonra Cumhuriyet Halk Fırkası adını aldı ve Atatürk'ün ilk cumhurbaşkanı olduğu ilan etti. geçmesiyle birlikte, CHP ülkede kapsamlı uygulanmasında temel araç hâline geldi."
Türkiye'nin tek parti dönemine,https://tr.wikipedia.org/wiki/T%C3%BCrkiye%27de_tek_partili_d%C3%B6nem,1,"Cumhuriyet Halk Partisi#9: Mustafa Kemal Atatürk'ün liderliğinde bu gruplar, adıyla 1919'daki 'nde birleşti. 1923 yılında Halk Fırkası adıyla siyasi bir örgüt olarak kurulan parti, kısa bir süre sonra Cumhuriyet Halk Fırkası adını aldı ve Atatürk'ün ilk cumhurbaşkanı olduğu ilan etti. geçmesiyle birlikte, CHP ülkede kapsamlı uygulanmasında temel araç hâline geldi."
Türkiye'nin tek parti dönemine,https://tr.wikipedia.org/wiki/T%C3%BCrkiye%27de_tek_partili_d%C3%B6nem,1,"Cumhuriyet Halk Partisi#9: Mustafa Kemal Atatürk'ün liderliğinde bu gruplar, adıyla 1919'daki 'nde birleşti. 1923 yılında Halk Fırkası adıyla siyasi bir örgüt olarak kurulan parti, kısa bir süre sonra Cumhuriyet Halk Fırkası adını aldı ve Atatürk'ün ilk cumhurbaşkanı olduğu ilan etti. geçmesiyle birlikte, CHP ülkede kapsamlı uygulanmasında temel araç hâline geldi."
"siyasi, kültürel, sosyal ve ekonomik reformların",https://tr.wikipedia.org/wiki/Atat%C3%BCrk_Devrimleri,1,"Cumhuriyet Halk Partisi#9: Mustafa Kemal Atatürk'ün liderliğinde bu gruplar, adıyla 1919'daki 'nde birleşti. 1923 yılında Halk Fırkası adıyla siyasi bir örgüt olarak kurulan parti, kısa bir süre sonra Cumhuriyet Halk Fırkası adını aldı ve Atatürk'ün ilk cumhurbaşkanı olduğu ilan etti. geçmesiyle birlikte, CHP ülkede kapsamlı uygulanmasında temel araç hâline geldi."
"siyasi, kültürel, sosyal ve ekonomik reformların",https://tr.wikipedia.org/wiki/Atat%C3%BCrk_Devrimleri,1,"Cumhuriyet Halk Partisi#9: Mustafa Kemal Atatürk'ün liderliğinde bu gruplar, adıyla 1919'daki 'nde birleşti. 1923 yılında Halk Fırkası adıyla siyasi bir örgüt olarak kurulan parti, kısa bir süre sonra Cumhuriyet Halk Fırkası adını aldı ve Atatürk'ün ilk cumhurbaşkanı olduğu ilan etti. geçmesiyle birlikte, CHP ülkede kapsamlı uygulanmasında temel araç hâline geldi."
genel seçimlerini,https://tr.wikipedia.org/wiki/1950_T%C3%BCrkiye_genel_se%C3%A7imleri,1,"Cumhuriyet Halk Partisi#10: 'nın ardından, Atatürk'ün halefi çok partili seçimlere izin verdi ve CHP, kaybettikten sonra iktidarı tek parti dönemini sona erdirip başlattı. izleyen yıllarda parti kademeli olarak çizgiye yöneldi; bu yönelim, 1972'de 'in genel başkan olmasıyla birlikte kesinlik kazandı."
genel seçimlerini,https://tr.wikipedia.org/wiki/1950_T%C3%BCrkiye_genel_se%C3%A7imleri,1,"Cumhuriyet Halk Partisi#10: 'nın ardından, Atatürk'ün halefi çok partili seçimlere izin verdi ve CHP, kaybettikten sonra iktidarı tek parti dönemini sona erdirip başlattı. izleyen yıllarda parti kademeli olarak çizgiye yöneldi; bu yönelim, 1972'de 'in genel başkan olmasıyla birlikte kesinlik kazandı."
barışçıl bir şekilde devrederek,https://tr.wikipedia.org/wiki/Bar%C4%B1%C5%9F%C3%A7%C4%B1l_iktidar_ge%C3%A7i%C5%9Fi,1,"Cumhuriyet Halk Partisi#10: 'nın ardından, Atatürk'ün halefi çok partili seçimlere izin verdi ve CHP, kaybettikten sonra iktidarı tek parti dönemini sona erdirip başlattı. izleyen yıllarda parti kademeli olarak çizgiye yöneldi; bu yönelim, 1972'de 'in genel başkan olmasıyla birlikte kesinlik kazandı."
barışçıl bir şekilde devrederek,https://tr.wikipedia.org/wiki/Bar%C4%B1%C5%9F%C3%A7%C4%B1l_iktidar_ge%C3%A7i%C5%9Fi,1,"Cumhuriyet Halk Partisi#10: 'nın ardından, Atatürk'ün halefi çok partili seçimlere izin verdi ve CHP, kaybettikten sonra iktidarı tek parti dönemini sona erdirip başlattı. izleyen yıllarda parti kademeli olarak çizgiye yöneldi; bu yönelim, 1972'de 'in genel başkan olmasıyla birlikte kesinlik kazandı."
Türkiye'nin çok partili dönemini,https://tr.wikipedia.org/wiki/T%C3%BCrkiye%27de_%C3%A7ok_partili_d%C3%B6nem,1,"Cumhuriyet Halk Partisi#10: 'nın ardından, Atatürk'ün halefi çok partili seçimlere izin verdi ve CHP, kaybettikten sonra iktidarı tek parti dönemini sona erdirip başlattı. izleyen yıllarda parti kademeli olarak çizgiye yöneldi; bu yönelim, 1972'de 'in genel başkan olmasıyla birlikte kesinlik kazandı."
Türkiye'nin çok partili dönemini,https://tr.wikipedia.org/wiki/T%C3%BCrkiye%27de_%C3%A7ok_partili_d%C3%B6nem,1,"Cumhuriyet Halk Partisi#10: 'nın ardından, Atatürk'ün halefi çok partili seçimlere izin verdi ve CHP, kaybettikten sonra iktidarı tek parti dönemini sona erdirip başlattı. izleyen yıllarda parti kademeli olarak çizgiye yöneldi; bu yönelim, 1972'de 'in genel başkan olmasıyla birlikte kesinlik kazandı."
1960 askeri darbesini,https://tr.wikipedia.org/wiki/27_May%C4%B1s_Darbesi,1,"Cumhuriyet Halk Partisi#10: 'nın ardından, Atatürk'ün halefi çok partili seçimlere izin verdi ve CHP, kaybettikten sonra iktidarı tek parti dönemini sona erdirip başlattı. izleyen yıllarda parti kademeli olarak çizgiye yöneldi; bu yönelim, 1972'de 'in genel başkan olmasıyla birlikte kesinlik kazandı."
1960 askeri darbesini,https://tr.wikipedia.org/wiki/27_May%C4%B1s_Darbesi,1,"Cumhuriyet Halk Partisi#10: 'nın ardından, Atatürk'ün halefi çok partili seçimlere izin verdi ve CHP, kaybettikten sonra iktidarı tek parti dönemini sona erdirip başlattı. izleyen yıllarda parti kademeli olarak çizgiye yöneldi; bu yönelim, 1972'de 'in genel başkan olmasıyla birlikte kesinlik kazandı."
1980 askeri darbesi,https://tr.wikipedia.org/wiki/12_Eyl%C3%BCl_Darbesi,1,"Cumhuriyet Halk Partisi#11: CHP, dönemin diğer tüm partileriyle birlikte sonrasında kapatıldı."
1980 askeri darbesi,https://tr.wikipedia.org/wiki/12_Eyl%C3%BCl_Darbesi,1,"Cumhuriyet Halk Partisi#11: CHP, dönemin diğer tüm partileriyle birlikte sonrasında kapatıldı."
2002,https://tr.wikipedia.org/wiki/2002_T%C3%BCrkiye_genel_se%C3%A7imleri,1,"Akif HamzaçebiCard#3: – Trabzon – Trabzon – İstanbul (I) – İstanbul (I) – İstanbul (I) – İstanbul (I) | Haziran 2015 Türkiye genel seçimleri#6: yılından beri iktidarda olan (AK Parti) meclis çoğunluğunu kaybetti fakat %40,9 oy oranı ve 258 sandalye sayısı ile seçimlerden birinci parti olarak çıktı. (CHP) oyların %25'i ile 132 sandalye elde etti ve ikinci parti oldu fakat oy oranı ile milletvekili sayısı göre düştü. (MHP) oyların %16,3'si ile 80 kazandı ve oy oranını göre %3,28 oranında, milletvekili sayısını ise 27 artırdı. | Cumhuriyet Halk Partisi#13: Yeniden kuruluşundan beri en uzun süre görev yapan genel başkan , mevcut genel başkan ise 'dir. Parti yılından bu yana iktidardaki 'ne karşı ana muhalefet partisi konumundadır."
2002,https://tr.wikipedia.org/wiki/2002_T%C3%BCrkiye_genel_se%C3%A7imleri,1,"Akif HamzaçebiCard#3: – Trabzon – Trabzon – İstanbul (I) – İstanbul (I) – İstanbul (I) – İstanbul (I) | Haziran 2015 Türkiye genel seçimleri#6: yılından beri iktidarda olan (AK Parti) meclis çoğunluğunu kaybetti fakat %40,9 oy oranı ve 258 sandalye sayısı ile seçimlerden birinci parti olarak çıktı. (CHP) oyların %25'i ile 132 sandalye elde etti ve ikinci parti oldu fakat oy oranı ile milletvekili sayısı göre düştü. (MHP) oyların %16,3'si ile 80 kazandı ve oy oranını göre %3,28 oranında, milletvekili sayısını ise 27 artırdı. | Cumhuriyet Halk Partisi#13: Yeniden kuruluşundan beri en uzun süre görev yapan genel başkan , mevcut genel başkan ise 'dir. Parti yılından bu yana iktidardaki 'ne karşı ana muhalefet partisi konumundadır."
müdâfaa-i hukuk cemiyetleri,https://tr.wikipedia.org/wiki/M%C3%BCd%C3%A2faa-i_hukuk_cemiyetleri,1,"Cumhuriyet Halk Partisi#15: 4-11 Eylül 1919 tarihleri arasında toplanan 'nde, 'nin çeşitli bölgelerinde kurulan , (ARMHC) adı altında birleştirilmiştir. 23 Nisan 1920 tarihinde toplanan ARMHC delegelerinden oluşmuş, ancak 1922'de Meclis, Birinci Grup ve adıyla iki gruba ayrılmıştır."
müdâfaa-i hukuk cemiyetleri,https://tr.wikipedia.org/wiki/M%C3%BCd%C3%A2faa-i_hukuk_cemiyetleri,1,"Cumhuriyet Halk Partisi#15: 4-11 Eylül 1919 tarihleri arasında toplanan 'nde, 'nin çeşitli bölgelerinde kurulan , (ARMHC) adı altında birleştirilmiştir. 23 Nisan 1920 tarihinde toplanan ARMHC delegelerinden oluşmuş, ancak 1922'de Meclis, Birinci Grup ve adıyla iki gruba ayrılmıştır."
İkinci Grup,https://tr.wikipedia.org/wiki/%C4%B0kinci_Grup,1,"Cumhuriyet Halk Partisi#15: 4-11 Eylül 1919 tarihleri arasında toplanan 'nde, 'nin çeşitli bölgelerinde kurulan , (ARMHC) adı altında birleştirilmiştir. 23 Nisan 1920 tarihinde toplanan ARMHC delegelerinden oluşmuş, ancak 1922'de Meclis, Birinci Grup ve adıyla iki gruba ayrılmıştır."
İkinci Grup,https://tr.wikipedia.org/wiki/%C4%B0kinci_Grup,1,"Cumhuriyet Halk Partisi#15: 4-11 Eylül 1919 tarihleri arasında toplanan 'nde, 'nin çeşitli bölgelerinde kurulan , (ARMHC) adı altında birleştirilmiştir. 23 Nisan 1920 tarihinde toplanan ARMHC delegelerinden oluşmuş, ancak 1922'de Meclis, Birinci Grup ve adıyla iki gruba ayrılmıştır."
Lozan Antlaşması,https://tr.wikipedia.org/wiki/Lozan_Antla%C5%9Fmas%C4%B1,1,"Türkiye#103: 24 Temmuz 1923'te Sevr Antlaşması'nın yerine imzalanan , 'nun devamı niteliğindeki yeni Türk devletinin uluslararası alanda tanınmasını sağladı. | Cumhuriyet Halk Partisi#17: İkinci grup, azınlık olsa da parlamentoda güçlü bir muhalefet oluşturdu. 'nın kabulü nedeniyle Meclis'te baş gösteren yoğun tartışmalar üzerine Mustafa Kemal Atatürk, 9 Eylül 1923 tarihinde adı verilen siyasi programı ilan etti ve iki gün sonra 'na verilen bir dilekçeyle kendine bağlı milletvekillerinden oluşan Halk Fırkası'nı kurdu."
Lozan Antlaşması,https://tr.wikipedia.org/wiki/Lozan_Antla%C5%9Fmas%C4%B1,1,"Türkiye#103: 24 Temmuz 1923'te Sevr Antlaşması'nın yerine imzalanan , 'nun devamı niteliğindeki yeni Türk devletinin uluslararası alanda tanınmasını sağladı. | Cumhuriyet Halk Partisi#17: İkinci grup, azınlık olsa da parlamentoda güçlü bir muhalefet oluşturdu. 'nın kabulü nedeniyle Meclis'te baş gösteren yoğun tartışmalar üzerine Mustafa Kemal Atatürk, 9 Eylül 1923 tarihinde adı verilen siyasi programı ilan etti ve iki gün sonra 'na verilen bir dilekçeyle kendine bağlı milletvekillerinden oluşan Halk Fırkası'nı kurdu."
Dokuz Umde,https://tr.wikipedia.org/wiki/Dokuz_Umde,1,"Cumhuriyet Halk Partisi#17: İkinci grup, azınlık olsa da parlamentoda güçlü bir muhalefet oluşturdu. 'nın kabulü nedeniyle Meclis'te baş gösteren yoğun tartışmalar üzerine Mustafa Kemal Atatürk, 9 Eylül 1923 tarihinde adı verilen siyasi programı ilan etti ve iki gün sonra 'na verilen bir dilekçeyle kendine bağlı milletvekillerinden oluşan Halk Fırkası'nı kurdu."
Dokuz Umde,https://tr.wikipedia.org/wiki/Dokuz_Umde,1,"Cumhuriyet Halk Partisi#17: İkinci grup, azınlık olsa da parlamentoda güçlü bir muhalefet oluşturdu. 'nın kabulü nedeniyle Meclis'te baş gösteren yoğun tartışmalar üzerine Mustafa Kemal Atatürk, 9 Eylül 1923 tarihinde adı verilen siyasi programı ilan etti ve iki gün sonra 'na verilen bir dilekçeyle kendine bağlı milletvekillerinden oluşan Halk Fırkası'nı kurdu."
1923 seçimlerinden,https://tr.wikipedia.org/wiki/1923_T%C3%BCrkiye_genel_se%C3%A7imleri,1,"Cumhuriyet Halk Partisi#19: Halk Fırkası, sonra resmi olarak kuruldu."
1923 seçimlerinden,https://tr.wikipedia.org/wiki/1923_T%C3%BCrkiye_genel_se%C3%A7imleri,1,"Cumhuriyet Halk Partisi#19: Halk Fırkası, sonra resmi olarak kuruldu."
cumhuriyet ilan edildi,https://tr.wikipedia.org/wiki/T%C3%BCrkiye%27de_cumhuriyetin_ilan%C4%B1,1,"Türkiye#104: Yeni antlaşma, Türkiye'nin kendi toprakları üzerindeki egemenliğine yol açtı. 'nin Türkiye'yi işgali, 4 Ekim 1923'te son İtilaf birliklerinin 'dan çekilmesi ve 6 Ekim 1923'te Türk birliklerinin sona erdi. 29 Ekim 1923'te yeni başkent 'da resmen . | Cumhuriyet Halk Partisi#20: İkinci dönem için görev yapan mecliste Lozan Antlaşması kabul edildi, ve ."
cumhuriyet ilan edildi,https://tr.wikipedia.org/wiki/T%C3%BCrkiye%27de_cumhuriyetin_ilan%C4%B1,1,"Türkiye#104: Yeni antlaşma, Türkiye'nin kendi toprakları üzerindeki egemenliğine yol açtı. 'nin Türkiye'yi işgali, 4 Ekim 1923'te son İtilaf birliklerinin 'dan çekilmesi ve 6 Ekim 1923'te Türk birliklerinin sona erdi. 29 Ekim 1923'te yeni başkent 'da resmen . | Cumhuriyet Halk Partisi#20: İkinci dönem için görev yapan mecliste Lozan Antlaşması kabul edildi, ve ."
halifelik kaldırıldı,https://tr.wikipedia.org/wiki/Hil%C3%A2fetin_kald%C4%B1r%C4%B1lmas%C4%B1,1,"Cumhuriyet Halk Partisi#20: İkinci dönem için görev yapan mecliste Lozan Antlaşması kabul edildi, ve ."
halifelik kaldırıldı,https://tr.wikipedia.org/wiki/Hil%C3%A2fetin_kald%C4%B1r%C4%B1lmas%C4%B1,1,"Cumhuriyet Halk Partisi#20: İkinci dönem için görev yapan mecliste Lozan Antlaşması kabul edildi, ve ."
Jön Türkler,https://tr.wikipedia.org/wiki/J%C3%B6n_T%C3%BCrkler,1,"Cumhuriyet Halk Partisi#22: Türkiye'nin siyasi tarihinde, pratikte Cumhuriyet Halk Partisi ve 'nin devamı olarak değerlendirilmiştir."
Jön Türkler,https://tr.wikipedia.org/wiki/J%C3%B6n_T%C3%BCrkler,1,"Cumhuriyet Halk Partisi#22: Türkiye'nin siyasi tarihinde, pratikte Cumhuriyet Halk Partisi ve 'nin devamı olarak değerlendirilmiştir."
İttihat ve Terakki,https://tr.wikipedia.org/wiki/%C4%B0ttihat_ve_Terakki,1,"Cumhuriyet Halk Partisi#22: Türkiye'nin siyasi tarihinde, pratikte Cumhuriyet Halk Partisi ve 'nin devamı olarak değerlendirilmiştir."
İttihat ve Terakki,https://tr.wikipedia.org/wiki/%C4%B0ttihat_ve_Terakki,1,"Cumhuriyet Halk Partisi#22: Türkiye'nin siyasi tarihinde, pratikte Cumhuriyet Halk Partisi ve 'nin devamı olarak değerlendirilmiştir."
Kâzım Karabekir,https://tr.wikipedia.org/wiki/K%C3%A2z%C4%B1m_Karabekir,1,"Cumhuriyet Halk Partisi#23: Partinin kuruluşunun ardından 1924'te, radikal devrimlere karşı çıkan muhalifler, liderliğinde 'nı kurdu."
Kâzım Karabekir,https://tr.wikipedia.org/wiki/K%C3%A2z%C4%B1m_Karabekir,1,"Cumhuriyet Halk Partisi#23: Partinin kuruluşunun ardından 1924'te, radikal devrimlere karşı çıkan muhalifler, liderliğinde 'nı kurdu."
Terakkiperver Cumhuriyet Fırkası,https://tr.wikipedia.org/wiki/Terakkiperver_Cumhuriyet_F%C4%B1rkas%C4%B1,1,"Cumhuriyet Halk Partisi#23: Partinin kuruluşunun ardından 1924'te, radikal devrimlere karşı çıkan muhalifler, liderliğinde 'nı kurdu."
Terakkiperver Cumhuriyet Fırkası,https://tr.wikipedia.org/wiki/Terakkiperver_Cumhuriyet_F%C4%B1rkas%C4%B1,1,"Cumhuriyet Halk Partisi#23: Partinin kuruluşunun ardından 1924'te, radikal devrimlere karşı çıkan muhalifler, liderliğinde 'nı kurdu."
Şeyh Said İsyanı,https://tr.wikipedia.org/wiki/%C5%9Eeyh_Said_%C4%B0syan%C4%B1,1,"Cumhuriyet Halk Partisi#24: Terakkiperver Cumhuriyet Fırkası, 'na karışmak ve Atatürk'e suikast planlamakla suçlandı."
Şeyh Said İsyanı,https://tr.wikipedia.org/wiki/%C5%9Eeyh_Said_%C4%B0syan%C4%B1,1,"Cumhuriyet Halk Partisi#24: Terakkiperver Cumhuriyet Fırkası, 'na karışmak ve Atatürk'e suikast planlamakla suçlandı."
Serbest Cumhuriyet Fırkası,https://tr.wikipedia.org/wiki/Serbest_Cumhuriyet_F%C4%B1rkas%C4%B1,1,"Cumhuriyet Halk Partisi#26: Türkiye, 'nın kurulduğu dönem dışında 1946 yılına kadar yönetildi. 1923'ten 1946'ya kadar, CHP Türkiye'yi dönüştüren kapsamlı , , ve reformlar başlattı."
Serbest Cumhuriyet Fırkası,https://tr.wikipedia.org/wiki/Serbest_Cumhuriyet_F%C4%B1rkas%C4%B1,1,"Cumhuriyet Halk Partisi#26: Türkiye, 'nın kurulduğu dönem dışında 1946 yılına kadar yönetildi. 1923'ten 1946'ya kadar, CHP Türkiye'yi dönüştüren kapsamlı , , ve reformlar başlattı."
tek partili rejimde,https://tr.wikipedia.org/wiki/Tek_parti_rejimi,1,"Cumhuriyet Halk Partisi#26: Türkiye, 'nın kurulduğu dönem dışında 1946 yılına kadar yönetildi. 1923'ten 1946'ya kadar, CHP Türkiye'yi dönüştüren kapsamlı , , ve reformlar başlattı."
tek partili rejimde,https://tr.wikipedia.org/wiki/Tek_parti_rejimi,1,"Cumhuriyet Halk Partisi#26: Türkiye, 'nın kurulduğu dönem dışında 1946 yılına kadar yönetildi. 1923'ten 1946'ya kadar, CHP Türkiye'yi dönüştüren kapsamlı , , ve reformlar başlattı."
sosyal,https://tr.wikipedia.org/wiki/Sosyoloji,1,"Cumhuriyet Halk Partisi#26: Türkiye, 'nın kurulduğu dönem dışında 1946 yılına kadar yönetildi. 1923'ten 1946'ya kadar, CHP Türkiye'yi dönüştüren kapsamlı , , ve reformlar başlattı."
sosyal,https://tr.wikipedia.org/wiki/Sosyoloji,1,"Cumhuriyet Halk Partisi#26: Türkiye, 'nın kurulduğu dönem dışında 1946 yılına kadar yönetildi. 1923'ten 1946'ya kadar, CHP Türkiye'yi dönüştüren kapsamlı , , ve reformlar başlattı."
kültürel,https://tr.wikipedia.org/wiki/K%C3%BClt%C3%BCr,1,"Cumhuriyet Halk Partisi#26: Türkiye, 'nın kurulduğu dönem dışında 1946 yılına kadar yönetildi. 1923'ten 1946'ya kadar, CHP Türkiye'yi dönüştüren kapsamlı , , ve reformlar başlattı."
kültürel,https://tr.wikipedia.org/wiki/K%C3%BClt%C3%BCr,1,"Cumhuriyet Halk Partisi#26: Türkiye, 'nın kurulduğu dönem dışında 1946 yılına kadar yönetildi. 1923'ten 1946'ya kadar, CHP Türkiye'yi dönüştüren kapsamlı , , ve reformlar başlattı."
ekonomik,https://tr.wikipedia.org/wiki/Ekonomi,1,"Türkiye#125: Ayrıca ülke , ve koşullar göz önüne alınarak idari anlam taşımayan ayrılmıştır. | Maliye#2: Kamu maliyesi, devletin gelirlerinin ve harcamalarının faaliyetler üzerindeki etkilerini incelemektedir. | Cumhuriyet Halk Partisi#26: Türkiye, 'nın kurulduğu dönem dışında 1946 yılına kadar yönetildi. 1923'ten 1946'ya kadar, CHP Türkiye'yi dönüştüren kapsamlı , , ve reformlar başlattı."
ekonomik,https://tr.wikipedia.org/wiki/Ekonomi,1,"Türkiye#125: Ayrıca ülke , ve koşullar göz önüne alınarak idari anlam taşımayan ayrılmıştır. | Maliye#2: Kamu maliyesi, devletin gelirlerinin ve harcamalarının faaliyetler üzerindeki etkilerini incelemektedir. | Cumhuriyet Halk Partisi#26: Türkiye, 'nın kurulduğu dönem dışında 1946 yılına kadar yönetildi. 1923'ten 1946'ya kadar, CHP Türkiye'yi dönüştüren kapsamlı , , ve reformlar başlattı."
hukuki,https://tr.wikipedia.org/wiki/Hukuk,1,"Cumhuriyet Halk Partisi#26: Türkiye, 'nın kurulduğu dönem dışında 1946 yılına kadar yönetildi. 1923'ten 1946'ya kadar, CHP Türkiye'yi dönüştüren kapsamlı , , ve reformlar başlattı."
hukuki,https://tr.wikipedia.org/wiki/Hukuk,1,"Cumhuriyet Halk Partisi#26: Türkiye, 'nın kurulduğu dönem dışında 1946 yılına kadar yönetildi. 1923'ten 1946'ya kadar, CHP Türkiye'yi dönüştüren kapsamlı , , ve reformlar başlattı."
toprak reformu,https://tr.wikipedia.org/wiki/Toprak_reformu,1,"Cumhuriyet Halk Partisi#27: Bu reformlar arasında İsviçre ve İtalyan hukuk ve ceza kanunlarının benimsenmesi, sanayileşmenin hızlandırılması, ve kırsal kalkınma programları, , , ve geçilmesini sağlayan gibi birçok adım bulunuyordu."
toprak reformu,https://tr.wikipedia.org/wiki/Toprak_reformu,1,"Cumhuriyet Halk Partisi#27: Bu reformlar arasında İsviçre ve İtalyan hukuk ve ceza kanunlarının benimsenmesi, sanayileşmenin hızlandırılması, ve kırsal kalkınma programları, , , ve geçilmesini sağlayan gibi birçok adım bulunuyordu."
"iskân kanunu U:(https://tr.wikipedia.org/wiki/%C4%B0sk%C3%A2n_Kanunu_(1934))___ , ___E:laiklik",https://tr.wikipedia.org/wiki/Laiklik,1,"Cumhuriyet Halk Partisi#27: Bu reformlar arasında İsviçre ve İtalyan hukuk ve ceza kanunlarının benimsenmesi, sanayileşmenin hızlandırılması, ve kırsal kalkınma programları, , , ve geçilmesini sağlayan gibi birçok adım bulunuyordu."
"iskân kanunu U:(https://tr.wikipedia.org/wiki/%C4%B0sk%C3%A2n_Kanunu_(1934))___ , ___E:laiklik",https://tr.wikipedia.org/wiki/Laiklik,1,"Cumhuriyet Halk Partisi#27: Bu reformlar arasında İsviçre ve İtalyan hukuk ve ceza kanunlarının benimsenmesi, sanayileşmenin hızlandırılması, ve kırsal kalkınma programları, , , ve geçilmesini sağlayan gibi birçok adım bulunuyordu."
kadınların seçme ve seçilme hakkı,https://tr.wikipedia.org/wiki/T%C3%BCrkiye%27de_kad%C4%B1nlara_se%C3%A7me_ve_se%C3%A7ilme_hakk%C4%B1n%C4%B1n_tan%C4%B1nmas%C4%B1,1,"Cumhuriyet Halk Partisi#27: Bu reformlar arasında İsviçre ve İtalyan hukuk ve ceza kanunlarının benimsenmesi, sanayileşmenin hızlandırılması, ve kırsal kalkınma programları, , , ve geçilmesini sağlayan gibi birçok adım bulunuyordu."
kadınların seçme ve seçilme hakkı,https://tr.wikipedia.org/wiki/T%C3%BCrkiye%27de_kad%C4%B1nlara_se%C3%A7me_ve_se%C3%A7ilme_hakk%C4%B1n%C4%B1n_tan%C4%B1nmas%C4%B1,1,"Cumhuriyet Halk Partisi#27: Bu reformlar arasında İsviçre ve İtalyan hukuk ve ceza kanunlarının benimsenmesi, sanayileşmenin hızlandırılması, ve kırsal kalkınma programları, , , ve geçilmesini sağlayan gibi birçok adım bulunuyordu."
Latin harflerine,https://tr.wikipedia.org/wiki/Latin_harfleri,1,"Cumhuriyet Halk Partisi#27: Bu reformlar arasında İsviçre ve İtalyan hukuk ve ceza kanunlarının benimsenmesi, sanayileşmenin hızlandırılması, ve kırsal kalkınma programları, , , ve geçilmesini sağlayan gibi birçok adım bulunuyordu."
Latin harflerine,https://tr.wikipedia.org/wiki/Latin_harfleri,1,"Cumhuriyet Halk Partisi#27: Bu reformlar arasında İsviçre ve İtalyan hukuk ve ceza kanunlarının benimsenmesi, sanayileşmenin hızlandırılması, ve kırsal kalkınma programları, , , ve geçilmesini sağlayan gibi birçok adım bulunuyordu."
Harf Devrimi,https://tr.wikipedia.org/wiki/Harf_Devrimi,1,"Cumhuriyet Halk Partisi#27: Bu reformlar arasında İsviçre ve İtalyan hukuk ve ceza kanunlarının benimsenmesi, sanayileşmenin hızlandırılması, ve kırsal kalkınma programları, , , ve geçilmesini sağlayan gibi birçok adım bulunuyordu."
Harf Devrimi,https://tr.wikipedia.org/wiki/Harf_Devrimi,1,"Cumhuriyet Halk Partisi#27: Bu reformlar arasında İsviçre ve İtalyan hukuk ve ceza kanunlarının benimsenmesi, sanayileşmenin hızlandırılması, ve kırsal kalkınma programları, , , ve geçilmesini sağlayan gibi birçok adım bulunuyordu."
ulus inşasına,https://tr.wikipedia.org/wiki/Ulus_in%C5%9Fas%C4%B1,1,Cumhuriyet Halk Partisi#28: Bu dönemde öncelik verildi.
ulus inşasına,https://tr.wikipedia.org/wiki/Ulus_in%C5%9Fas%C4%B1,1,Cumhuriyet Halk Partisi#28: Bu dönemde öncelik verildi.
milliyetçilik,https://tr.wikipedia.org/wiki/Atat%C3%BCrk_milliyet%C3%A7ili%C4%9Fi,1,"Cumhuriyet Halk Partisi#29: Bu süreçte ilkesinin benimsenmesi, ve teorilerin ( ve ) ortaya konulmasıyla ideolojisi yayıldı."
milliyetçilik,https://tr.wikipedia.org/wiki/Atat%C3%BCrk_milliyet%C3%A7ili%C4%9Fi,1,"Cumhuriyet Halk Partisi#29: Bu süreçte ilkesinin benimsenmesi, ve teorilerin ( ve ) ortaya konulmasıyla ideolojisi yayıldı."
Dil Devrimi,https://tr.wikipedia.org/wiki/Dil_Devrimi,1,"Cumhuriyet Halk Partisi#29: Bu süreçte ilkesinin benimsenmesi, ve teorilerin ( ve ) ortaya konulmasıyla ideolojisi yayıldı."
Dil Devrimi,https://tr.wikipedia.org/wiki/Dil_Devrimi,1,"Cumhuriyet Halk Partisi#29: Bu süreçte ilkesinin benimsenmesi, ve teorilerin ( ve ) ortaya konulmasıyla ideolojisi yayıldı."
sözdebilimsel,https://tr.wikipedia.org/wiki/S%C3%B6zdebilim,1,"Cumhuriyet Halk Partisi#29: Bu süreçte ilkesinin benimsenmesi, ve teorilerin ( ve ) ortaya konulmasıyla ideolojisi yayıldı."
sözdebilimsel,https://tr.wikipedia.org/wiki/S%C3%B6zdebilim,1,"Cumhuriyet Halk Partisi#29: Bu süreçte ilkesinin benimsenmesi, ve teorilerin ( ve ) ortaya konulmasıyla ideolojisi yayıldı."
Güneş-Dil Teorisi,https://tr.wikipedia.org/wiki/G%C3%BCne%C5%9F-Dil_Teorisi,1,"Cumhuriyet Halk Partisi#29: Bu süreçte ilkesinin benimsenmesi, ve teorilerin ( ve ) ortaya konulmasıyla ideolojisi yayıldı."
Güneş-Dil Teorisi,https://tr.wikipedia.org/wiki/G%C3%BCne%C5%9F-Dil_Teorisi,1,"Cumhuriyet Halk Partisi#29: Bu süreçte ilkesinin benimsenmesi, ve teorilerin ( ve ) ortaya konulmasıyla ideolojisi yayıldı."
Türk Tarih Tezi,https://tr.wikipedia.org/wiki/T%C3%BCrk_Tarih_Tezi,1,"Cumhuriyet Halk Partisi#29: Bu süreçte ilkesinin benimsenmesi, ve teorilerin ( ve ) ortaya konulmasıyla ideolojisi yayıldı."
Türk Tarih Tezi,https://tr.wikipedia.org/wiki/T%C3%BCrk_Tarih_Tezi,1,"Cumhuriyet Halk Partisi#29: Bu süreçte ilkesinin benimsenmesi, ve teorilerin ( ve ) ortaya konulmasıyla ideolojisi yayıldı."
Türk milliyetçiliği,https://tr.wikipedia.org/wiki/T%C3%BCrk_milliyet%C3%A7ili%C4%9Fi,1,"Cumhuriyet Halk Partisi#29: Bu süreçte ilkesinin benimsenmesi, ve teorilerin ( ve ) ortaya konulmasıyla ideolojisi yayıldı."
Türk milliyetçiliği,https://tr.wikipedia.org/wiki/T%C3%BCrk_milliyet%C3%A7ili%C4%9Fi,1,"Cumhuriyet Halk Partisi#29: Bu süreçte ilkesinin benimsenmesi, ve teorilerin ( ve ) ortaya konulmasıyla ideolojisi yayıldı."
Atatürk kişi kültünün,https://tr.wikipedia.org/wiki/Atat%C3%BCrk_ki%C5%9Fi_k%C3%BClt%C3%BC,1,"Cumhuriyet Halk Partisi#30: Partinin 1927'deki ikinci olağan kongresinde, Atatürk Türk tarihindeki son on yılın belirleyiciliğine bir konuşma yaparak gençlere Cumhuriyet'i koruma çağrısında bulundu. tarihsel yazımının temelini bu anlatı oluşturduğu öne sürülmüştür. 1930-1939 yılları arasında, CHP ideolojisini netleştirdi ve "" "" duyuruldu."
Atatürk kişi kültünün,https://tr.wikipedia.org/wiki/Atat%C3%BCrk_ki%C5%9Fi_k%C3%BClt%C3%BC,1,"Cumhuriyet Halk Partisi#30: Partinin 1927'deki ikinci olağan kongresinde, Atatürk Türk tarihindeki son on yılın belirleyiciliğine bir konuşma yaparak gençlere Cumhuriyet'i koruma çağrısında bulundu. tarihsel yazımının temelini bu anlatı oluşturduğu öne sürülmüştür. 1930-1939 yılları arasında, CHP ideolojisini netleştirdi ve "" "" duyuruldu."
laiklik,https://tr.wikipedia.org/wiki/Laiklik,1,"Türkiye#157: Sol partiler , veya ilkelerini daha fazla benimseme eğilimindedir. | Cumhuriyet Halk Partisi#31: Bu dönemde parti tarihsel görüşlerden ayrılarak , , , , ve ilkelerini benimsedi."
laiklik,https://tr.wikipedia.org/wiki/Laiklik,1,"Türkiye#157: Sol partiler , veya ilkelerini daha fazla benimseme eğilimindedir. | Cumhuriyet Halk Partisi#31: Bu dönemde parti tarihsel görüşlerden ayrılarak , , , , ve ilkelerini benimsedi."
devrimcilik,https://tr.wikipedia.org/wiki/Devrimcilik,1,"Cumhuriyet Halk Partisi#31: Bu dönemde parti tarihsel görüşlerden ayrılarak , , , , ve ilkelerini benimsedi."
devrimcilik,https://tr.wikipedia.org/wiki/Devrimcilik,1,"Cumhuriyet Halk Partisi#31: Bu dönemde parti tarihsel görüşlerden ayrılarak , , , , ve ilkelerini benimsedi."
halkçılık,https://tr.wikipedia.org/wiki/Halk%C3%A7%C4%B1l%C4%B1k,1,"Cumhuriyet Halk Partisi#31: Bu dönemde parti tarihsel görüşlerden ayrılarak , , , , ve ilkelerini benimsedi."
halkçılık,https://tr.wikipedia.org/wiki/Halk%C3%A7%C4%B1l%C4%B1k,1,"Cumhuriyet Halk Partisi#31: Bu dönemde parti tarihsel görüşlerden ayrılarak , , , , ve ilkelerini benimsedi."
4. Kurultay,https://tr.wikipedia.org/w/index.php?title=Cumhuriyet_Halk_Partisi_4._Ola%C4%9Fan_Kurultay%C4%B1&action=edit&redlink=1,1,"Cumhuriyet Halk Partisi#32: 29 Mayıs 1935 tarihinde toplanan 'da partinin adı, Dil Devrimi doğrultusunda Cumhuriyet Halk Partisi olarak değiştirildi. 18 Haziran 1936 tarihinde yayımlanan bir genelgeyle bütün illerde parti il başkanlığı valilikle birleştirildi."
4. Kurultay,https://tr.wikipedia.org/w/index.php?title=Cumhuriyet_Halk_Partisi_4._Ola%C4%9Fan_Kurultay%C4%B1&action=edit&redlink=1,1,"Cumhuriyet Halk Partisi#32: 29 Mayıs 1935 tarihinde toplanan 'da partinin adı, Dil Devrimi doğrultusunda Cumhuriyet Halk Partisi olarak değiştirildi. 18 Haziran 1936 tarihinde yayımlanan bir genelgeyle bütün illerde parti il başkanlığı valilikle birleştirildi."
Büyük Buhran,https://tr.wikipedia.org/wiki/B%C3%BCy%C3%BCk_Buhran,1,"Cumhuriyet Halk Partisi#34: 'ın başlamasıyla birlikte, parti, Başbakan İnönü ve maliye bakanı tarafından savunulan devletçi ve liberal fraksiyonlara ayrıldı."
Büyük Buhran,https://tr.wikipedia.org/wiki/B%C3%BCy%C3%BCk_Buhran,1,"Cumhuriyet Halk Partisi#34: 'ın başlamasıyla birlikte, parti, Başbakan İnönü ve maliye bakanı tarafından savunulan devletçi ve liberal fraksiyonlara ayrıldı."
Celal Bayar,https://tr.wikipedia.org/wiki/Cel%C3%A2l_Bayar,1,"Cumhuriyet Halk Partisi#34: 'ın başlamasıyla birlikte, parti, Başbakan İnönü ve maliye bakanı tarafından savunulan devletçi ve liberal fraksiyonlara ayrıldı."
Celal Bayar,https://tr.wikipedia.org/wiki/Cel%C3%A2l_Bayar,1,"Cumhuriyet Halk Partisi#34: 'ın başlamasıyla birlikte, parti, Başbakan İnönü ve maliye bakanı tarafından savunulan devletçi ve liberal fraksiyonlara ayrıldı."
Atatürk'ün ölümünden,https://tr.wikipedia.org/wiki/Mustafa_Kemal_Atat%C3%BCrk%27%C3%BCn_%C3%B6l%C3%BCm%C3%BC_ve_devlet_cenaze_t%C3%B6reni,1,"Cumhuriyet Halk Partisi#37: bir gün sonra, ikinci cumhurbaşkanı seçildi ve Cumhuriyet Halk Partisi'nin liderliğini üstlendi."
Atatürk'ün ölümünden,https://tr.wikipedia.org/wiki/Mustafa_Kemal_Atat%C3%BCrk%27%C3%BCn_%C3%B6l%C3%BCm%C3%BC_ve_devlet_cenaze_t%C3%B6reni,1,"Cumhuriyet Halk Partisi#37: bir gün sonra, ikinci cumhurbaşkanı seçildi ve Cumhuriyet Halk Partisi'nin liderliğini üstlendi."
Köy Enstitüleri,https://tr.wikipedia.org/wiki/K%C3%B6y_enstit%C3%BCs%C3%BC,1,"Cumhuriyet Halk Partisi#38: İnönü döneminde, ekonomiye devlet müdahalesi politikası benimsendi ve gibi kırsal kalkınma girişimleri yapıldı. referandum sonucu anavatana katıldı."
Köy Enstitüleri,https://tr.wikipedia.org/wiki/K%C3%B6y_enstit%C3%BCs%C3%BC,1,"Cumhuriyet Halk Partisi#38: İnönü döneminde, ekonomiye devlet müdahalesi politikası benimsendi ve gibi kırsal kalkınma girişimleri yapıldı. referandum sonucu anavatana katıldı."
Hatay Devleti,https://tr.wikipedia.org/wiki/Hatay_Devleti,1,"Cumhuriyet Halk Partisi#38: İnönü döneminde, ekonomiye devlet müdahalesi politikası benimsendi ve gibi kırsal kalkınma girişimleri yapıldı. referandum sonucu anavatana katıldı."
Hatay Devleti,https://tr.wikipedia.org/wiki/Hatay_Devleti,1,"Cumhuriyet Halk Partisi#38: İnönü döneminde, ekonomiye devlet müdahalesi politikası benimsendi ve gibi kırsal kalkınma girişimleri yapıldı. referandum sonucu anavatana katıldı."
Müttefik,https://tr.wikipedia.org/wiki/M%C3%BCttefik_Devletler,1,"Cumhuriyet Halk Partisi#39: İnönü, Türkiye'yi 'na çekmeye çalışan ve güçlerine rağmen tarafsızlık politikası benimsedi; bu süreçte, silahlı bir güç olarak tarafsızlığı sağlamak için ve kısıtlama önlemleri uygulandı."
Müttefik,https://tr.wikipedia.org/wiki/M%C3%BCttefik_Devletler,1,"Cumhuriyet Halk Partisi#39: İnönü, Türkiye'yi 'na çekmeye çalışan ve güçlerine rağmen tarafsızlık politikası benimsedi; bu süreçte, silahlı bir güç olarak tarafsızlığı sağlamak için ve kısıtlama önlemleri uygulandı."
Mihver,https://tr.wikipedia.org/wiki/Mihver_Devletleri,1,"Cumhuriyet Halk Partisi#39: İnönü, Türkiye'yi 'na çekmeye çalışan ve güçlerine rağmen tarafsızlık politikası benimsedi; bu süreçte, silahlı bir güç olarak tarafsızlığı sağlamak için ve kısıtlama önlemleri uygulandı."
Mihver,https://tr.wikipedia.org/wiki/Mihver_Devletleri,1,"Cumhuriyet Halk Partisi#39: İnönü, Türkiye'yi 'na çekmeye çalışan ve güçlerine rağmen tarafsızlık politikası benimsedi; bu süreçte, silahlı bir güç olarak tarafsızlığı sağlamak için ve kısıtlama önlemleri uygulandı."
zorunlu askerlik,https://tr.wikipedia.org/wiki/Zorunlu_askerlik,1,"Cumhuriyet Halk Partisi#39: İnönü, Türkiye'yi 'na çekmeye çalışan ve güçlerine rağmen tarafsızlık politikası benimsedi; bu süreçte, silahlı bir güç olarak tarafsızlığı sağlamak için ve kısıtlama önlemleri uygulandı."
zorunlu askerlik,https://tr.wikipedia.org/wiki/Zorunlu_askerlik,1,"Cumhuriyet Halk Partisi#39: İnönü, Türkiye'yi 'na çekmeye çalışan ve güçlerine rağmen tarafsızlık politikası benimsedi; bu süreçte, silahlı bir güç olarak tarafsızlığı sağlamak için ve kısıtlama önlemleri uygulandı."
Irkçılık-Turancılık Davası,https://tr.wikipedia.org/wiki/Irk%C3%A7%C4%B1l%C4%B1k-Turanc%C4%B1l%C4%B1k_Davas%C4%B1,1,"Cumhuriyet Halk Partisi#40: Savaşın ilerleyen sürecinde, 'yla beraber partiden uzaklaştırıldı."
Irkçılık-Turancılık Davası,https://tr.wikipedia.org/wiki/Irk%C3%A7%C4%B1l%C4%B1k-Turanc%C4%B1l%C4%B1k_Davas%C4%B1,1,"Cumhuriyet Halk Partisi#40: Savaşın ilerleyen sürecinde, 'yla beraber partiden uzaklaştırıldı."
Pan-Türkistler,https://tr.wikipedia.org/wiki/T%C3%BCrk%C3%A7%C3%BCl%C3%BCk,1,"Cumhuriyet Halk Partisi#40: Savaşın ilerleyen sürecinde, 'yla beraber partiden uzaklaştırıldı."
Pan-Türkistler,https://tr.wikipedia.org/wiki/T%C3%BCrk%C3%A7%C3%BCl%C3%BCk,1,"Cumhuriyet Halk Partisi#40: Savaşın ilerleyen sürecinde, 'yla beraber partiden uzaklaştırıldı."
Dörtlü Takrir,https://tr.wikipedia.org/wiki/D%C3%B6rtl%C3%BC_Takrir,1,"Cumhuriyet Halk Partisi#42: Savaşın sona ermesiyle birlikte, liberal ve devletçi fraksiyonlar arasındaki tartışmalar yeniden ortaya çıktı. , özellikle Celal Bayar olmak üzere bazı CHP üyelerinin istifasına neden oldu; Bayar daha sonra (DP)'yi kurdu."
Dörtlü Takrir,https://tr.wikipedia.org/wiki/D%C3%B6rtl%C3%BC_Takrir,1,"Cumhuriyet Halk Partisi#42: Savaşın sona ermesiyle birlikte, liberal ve devletçi fraksiyonlar arasındaki tartışmalar yeniden ortaya çıktı. , özellikle Celal Bayar olmak üzere bazı CHP üyelerinin istifasına neden oldu; Bayar daha sonra (DP)'yi kurdu."
Amerika Birleşik Devletleri,https://tr.wikipedia.org/wiki/Amerika_Birle%C5%9Fik_Devletleri,1,"Türkiye#109: 'nda (1939-1945) Türkiye, uzun süre tarafsızlığını korudu; ancak savaşın son aylarında, 23 Şubat 1945 tarihinde 'in yanında yer aldı. 26 Haziran 1945'te ise 'in kurucu üyelerinden biri oldu. 'ndan sonra 'da çıkan bastırılmasında karşılaşılan zorluklar ve 'nin 'nda askerî üs talep etmesi, 'nin 1947'de 'ni ilanıyla sonuçlandı. | Türkiye#179: Türkiye'nin dış ilişkilerinin bir diğer belirleyici unsuru ile ilişkiler olmuştur. 'nin oluşturduğu ortak tehdit sebebiyle Türkiye, 1952'de 'ya üye oldu ve boyunca hükûmetleri ile yakın ikili ilişkiler içinde bulundu. | Türkiye#252: Bu ülkeyi sırasıyla Almanya, ve takip etti. | Türkiye#403: Şampiyonayı FIBA, ve 2010 Organizasyon Komitesi ortaklaşa organize etmiştir ve ikinci olmuştur. 1986'dan beri üçüncü defa 24 ülkenin katıldığı turnuvanın takım karşılaşmaları İstanbul, Ankara, İzmir ve Kayseri'de, bitiş aşaması İstanbul 'nda oynanmış, kazanan ise bitişte Türkiye'yi 64-81 mağlup eden olmuştur. | Cumhuriyet Halk Partisi#44: Demokrat Parti'nin muhalefeti ve 'nin çabalarıyla, parti komünizme karşı bir tavır aldı ve bazı kırsal kalkınma programlarını durdurdu. 1946-1950 yılları arasındaki dönem, İnönü'nün Türkiye'yi Batı ile yakınlaştırdığı bir dönemdir. yılında gizli oy açık tasnif ilkesiyle seçimler düzenlendi."
Amerika Birleşik Devletleri,https://tr.wikipedia.org/wiki/Amerika_Birle%C5%9Fik_Devletleri,1,"Türkiye#109: 'nda (1939-1945) Türkiye, uzun süre tarafsızlığını korudu; ancak savaşın son aylarında, 23 Şubat 1945 tarihinde 'in yanında yer aldı. 26 Haziran 1945'te ise 'in kurucu üyelerinden biri oldu. 'ndan sonra 'da çıkan bastırılmasında karşılaşılan zorluklar ve 'nin 'nda askerî üs talep etmesi, 'nin 1947'de 'ni ilanıyla sonuçlandı. | Türkiye#179: Türkiye'nin dış ilişkilerinin bir diğer belirleyici unsuru ile ilişkiler olmuştur. 'nin oluşturduğu ortak tehdit sebebiyle Türkiye, 1952'de 'ya üye oldu ve boyunca hükûmetleri ile yakın ikili ilişkiler içinde bulundu. | Türkiye#252: Bu ülkeyi sırasıyla Almanya, ve takip etti. | Türkiye#403: Şampiyonayı FIBA, ve 2010 Organizasyon Komitesi ortaklaşa organize etmiştir ve ikinci olmuştur. 1986'dan beri üçüncü defa 24 ülkenin katıldığı turnuvanın takım karşılaşmaları İstanbul, Ankara, İzmir ve Kayseri'de, bitiş aşaması İstanbul 'nda oynanmış, kazanan ise bitişte Türkiye'yi 64-81 mağlup eden olmuştur. | Cumhuriyet Halk Partisi#44: Demokrat Parti'nin muhalefeti ve 'nin çabalarıyla, parti komünizme karşı bir tavır aldı ve bazı kırsal kalkınma programlarını durdurdu. 1946-1950 yılları arasındaki dönem, İnönü'nün Türkiye'yi Batı ile yakınlaştırdığı bir dönemdir. yılında gizli oy açık tasnif ilkesiyle seçimler düzenlendi."
çoğunluk sisteminden,https://tr.wikipedia.org/wiki/%C3%87o%C4%9Funluk_sistemi,1,"Cumhuriyet Halk Partisi#46: 1950'lerde uygulanan dolayı, DP nispeten yakın oy oranları almasına rağmen açık ara farkla meclisi kazandı."
çoğunluk sisteminden,https://tr.wikipedia.org/wiki/%C3%87o%C4%9Funluk_sistemi,1,"Cumhuriyet Halk Partisi#46: 1950'lerde uygulanan dolayı, DP nispeten yakın oy oranları almasına rağmen açık ara farkla meclisi kazandı."
sosyal demokrasiye,https://tr.wikipedia.org/wiki/Sosyal_demokrasi,1,"Cumhuriyet Halk Partisi#47: Bu durum CHP'nin 10 yıl boyunca muhalefette kalmasına neden oldu. Bu süre zarfında, parti politikaları dönüşüm geçirerek doğru yöneldi."
sosyal demokrasiye,https://tr.wikipedia.org/wiki/Sosyal_demokrasi,1,"Cumhuriyet Halk Partisi#47: Bu durum CHP'nin 10 yıl boyunca muhalefette kalmasına neden oldu. Bu süre zarfında, parti politikaları dönüşüm geçirerek doğru yöneldi."
dokuzuncu kurultayda,https://tr.wikipedia.org/w/index.php?title=Cumhuriyet_Halk_Partisi_9._Ola%C4%9Fan_Kurultay%C4%B1&action=edit&redlink=1,1,"Cumhuriyet Halk Partisi#48: İsmet İnönü, iktidarı kaybetmeden önce işçi haklarını yasalaştırdı. 1951'deki gençlik ve kadın kolları kuruldu. 1953'te sendikaların ve meslek odalarının kurulması önerildi ve partinin programına iki meclisli bir parlamento, anayasa mahkemesinin kurulması, seçim güvenliği, yargı bağımsızlığı ve işçilerin grev hakkı gibi konuların desteklenmesi eklendi."
dokuzuncu kurultayda,https://tr.wikipedia.org/w/index.php?title=Cumhuriyet_Halk_Partisi_9._Ola%C4%9Fan_Kurultay%C4%B1&action=edit&redlink=1,1,"Cumhuriyet Halk Partisi#48: İsmet İnönü, iktidarı kaybetmeden önce işçi haklarını yasalaştırdı. 1951'deki gençlik ve kadın kolları kuruldu. 1953'te sendikaların ve meslek odalarının kurulması önerildi ve partinin programına iki meclisli bir parlamento, anayasa mahkemesinin kurulması, seçim güvenliği, yargı bağımsızlığı ve işçilerin grev hakkı gibi konuların desteklenmesi eklendi."
Kemalist,https://tr.wikipedia.org/wiki/Kemalizm,1,Cumhuriyet Halk Partisi#49: DP ve CHP rakip olsalar da DP iktidarı çoğunlukla politikaları sürdürdü.
Kemalist,https://tr.wikipedia.org/wiki/Kemalizm,1,Cumhuriyet Halk Partisi#49: DP ve CHP rakip olsalar da DP iktidarı çoğunlukla politikaları sürdürdü.
1957 seçimlerinde,https://tr.wikipedia.org/wiki/1957_T%C3%BCrkiye_genel_se%C3%A7imleri,1,Cumhuriyet Halk Partisi#53: CHP'nin muhalefet partileriyle seçim ittifakı kurmasını engellendi.
1957 seçimlerinde,https://tr.wikipedia.org/wiki/1957_T%C3%BCrkiye_genel_se%C3%A7imleri,1,Cumhuriyet Halk Partisi#53: CHP'nin muhalefet partileriyle seçim ittifakı kurmasını engellendi.
27 Mayıs 1960,https://tr.wikipedia.org/wiki/27_May%C4%B1s_Darbesi,1,Cumhuriyet Halk Partisi#54: Süreci takiben tarihinde Türkiye tarihinde ilk askeri darbe yapıldı.
27 Mayıs 1960,https://tr.wikipedia.org/wiki/27_May%C4%B1s_Darbesi,1,Cumhuriyet Halk Partisi#54: Süreci takiben tarihinde Türkiye tarihinde ilk askeri darbe yapıldı.
Adnan Menderes,https://tr.wikipedia.org/wiki/Adnan_Menderes,1,Cumhuriyet Halk Partisi#55: Askeri yönetim döneminde DP kapatıldı ve Başbakan idam edildi.
Adnan Menderes,https://tr.wikipedia.org/wiki/Adnan_Menderes,1,Cumhuriyet Halk Partisi#55: Askeri yönetim döneminde DP kapatıldı ve Başbakan idam edildi.
1961 seçimlerinden,https://tr.wikipedia.org/wiki/1961_T%C3%BCrkiye_genel_se%C3%A7imleri,1,Cumhuriyet Halk Partisi#57: CHP birinci parti olarak çıktı ve DP'nin halefi ile koalisyon kurdu.
1961 seçimlerinden,https://tr.wikipedia.org/wiki/1961_T%C3%BCrkiye_genel_se%C3%A7imleri,1,Cumhuriyet Halk Partisi#57: CHP birinci parti olarak çıktı ve DP'nin halefi ile koalisyon kurdu.
1965 seçimlerine,https://tr.wikipedia.org/wiki/1965_T%C3%BCrkiye_genel_se%C3%A7imleri,1,Cumhuriyet Halk Partisi#59: İnönü kadar diğer iki kere daha hükûmet kurdu.
1965 seçimlerine,https://tr.wikipedia.org/wiki/1965_T%C3%BCrkiye_genel_se%C3%A7imleri,1,Cumhuriyet Halk Partisi#59: İnönü kadar diğer iki kere daha hükûmet kurdu.
Demokratik Sol,https://tr.wikipedia.org/wiki/Demokratik_sol,1,"Cumhuriyet Halk Partisi#60: Dönemin çalışma bakanı , işçilere grev hakkı ve toplu sözleşme hakkı tanımada etkili oldu, partideki hareketin lideri olarak, CHP'nin programını benimsemesine katkıda bulundu."
Demokratik Sol,https://tr.wikipedia.org/wiki/Demokratik_sol,1,"Cumhuriyet Halk Partisi#60: Dönemin çalışma bakanı , işçilere grev hakkı ve toplu sözleşme hakkı tanımada etkili oldu, partideki hareketin lideri olarak, CHP'nin programını benimsemesine katkıda bulundu."
Ortanın solu,https://tr.wikipedia.org/wiki/Ortan%C4%B1n_solu,1,"Cumhuriyet Halk Partisi#60: Dönemin çalışma bakanı , işçilere grev hakkı ve toplu sözleşme hakkı tanımada etkili oldu, partideki hareketin lideri olarak, CHP'nin programını benimsemesine katkıda bulundu."
Ortanın solu,https://tr.wikipedia.org/wiki/Ortan%C4%B1n_solu,1,"Cumhuriyet Halk Partisi#60: Dönemin çalışma bakanı , işçilere grev hakkı ve toplu sözleşme hakkı tanımada etkili oldu, partideki hareketin lideri olarak, CHP'nin programını benimsemesine katkıda bulundu."
Turhan Feyzioğlu,https://tr.wikipedia.org/wiki/Turhan_Feyzio%C4%9Flu,1,Cumhuriyet Halk Partisi#61: İnönü'nün Ecevit'in politikalarını desteklemesinin ardından CHP'den ayrılarak 'ni kurdu.
Turhan Feyzioğlu,https://tr.wikipedia.org/wiki/Turhan_Feyzio%C4%9Flu,1,Cumhuriyet Halk Partisi#61: İnönü'nün Ecevit'in politikalarını desteklemesinin ardından CHP'den ayrılarak 'ni kurdu.
Güven Partisi,https://tr.wikipedia.org/wiki/Cumhuriyet%C3%A7i_G%C3%BCven_Partisi,1,Cumhuriyet Halk Partisi#61: İnönü'nün Ecevit'in politikalarını desteklemesinin ardından CHP'den ayrılarak 'ni kurdu.
Güven Partisi,https://tr.wikipedia.org/wiki/Cumhuriyet%C3%A7i_G%C3%BCven_Partisi,1,Cumhuriyet Halk Partisi#61: İnönü'nün Ecevit'in politikalarını desteklemesinin ardından CHP'den ayrılarak 'ni kurdu.
laikiz,https://tr.wikipedia.org/wiki/Laiklik,1,"Cumhuriyet Halk Partisi#62: Ecevit'i neden desteklediği sorulduğunda İnönü ""Aslında dediğimiz günden beri ortanın solundayız"" şeklinde yanıt verdi."
laikiz,https://tr.wikipedia.org/wiki/Laiklik,1,"Cumhuriyet Halk Partisi#62: Ecevit'i neden desteklediği sorulduğunda İnönü ""Aslında dediğimiz günden beri ortanın solundayız"" şeklinde yanıt verdi."
1969 seçimlerine,https://tr.wikipedia.org/wiki/1969_T%C3%BCrkiye_genel_se%C3%A7imleri,1,"Cumhuriyet Halk Partisi#63: Feyzioğlu'nun ayrılmasıyla CHP bir programla katıldı, ancak partiye olan algı nedeniyle benzer bir sonuç elde etti; Bu algıya göre parti öncelikle eğitimli kentsel elitlere hitap ediyordu."
1969 seçimlerine,https://tr.wikipedia.org/wiki/1969_T%C3%BCrkiye_genel_se%C3%A7imleri,1,"Cumhuriyet Halk Partisi#63: Feyzioğlu'nun ayrılmasıyla CHP bir programla katıldı, ancak partiye olan algı nedeniyle benzer bir sonuç elde etti; Bu algıya göre parti öncelikle eğitimli kentsel elitlere hitap ediyordu."
1971 Muhtırası,https://tr.wikipedia.org/wiki/12_Mart_Muht%C4%B1ras%C4%B1,1,"Cumhuriyet Halk Partisi#64: İnönü muhalefet lideri ve CHP'nin lideri olarak 8 Mayıs 1972'ye kadar görev yaptı, ancak 'na yaklaşımı nedeniyle yerine seçildi."
1971 Muhtırası,https://tr.wikipedia.org/wiki/12_Mart_Muht%C4%B1ras%C4%B1,1,"Cumhuriyet Halk Partisi#64: İnönü muhalefet lideri ve CHP'nin lideri olarak 8 Mayıs 1972'ye kadar görev yaptı, ancak 'na yaklaşımı nedeniyle yerine seçildi."
kurultayda,https://tr.wikipedia.org/wiki/Cumhuriyet_Halk_Partisi_6._Ola%C4%9Fan%C3%BCst%C3%BC_Kurultay%C4%B1,1,"Cumhuriyet Halk Partisi#64: İnönü muhalefet lideri ve CHP'nin lideri olarak 8 Mayıs 1972'ye kadar görev yaptı, ancak 'na yaklaşımı nedeniyle yerine seçildi."
kurultayda,https://tr.wikipedia.org/wiki/Cumhuriyet_Halk_Partisi_6._Ola%C4%9Fan%C3%BCst%C3%BC_Kurultay%C4%B1,1,"Cumhuriyet Halk Partisi#64: İnönü muhalefet lideri ve CHP'nin lideri olarak 8 Mayıs 1972'ye kadar görev yaptı, ancak 'na yaklaşımı nedeniyle yerine seçildi."
Ecevit,https://tr.wikipedia.org/wiki/B%C3%BClent_Ecevit,1,"Cumhuriyet Halk Partisi#64: İnönü muhalefet lideri ve CHP'nin lideri olarak 8 Mayıs 1972'ye kadar görev yaptı, ancak 'na yaklaşımı nedeniyle yerine seçildi."
Ecevit,https://tr.wikipedia.org/wiki/B%C3%BClent_Ecevit,1,"Cumhuriyet Halk Partisi#64: İnönü muhalefet lideri ve CHP'nin lideri olarak 8 Mayıs 1972'ye kadar görev yaptı, ancak 'na yaklaşımı nedeniyle yerine seçildi."
sol,https://tr.wikipedia.org/wiki/Solculuk,1,Cumhuriyet Halk Partisi#65: Ecevit belirgin olarak siyasi politikaları benimsedi. Ecevit'in liderliğinde katılan CHP seçimlerden zaferle ayrıldı.
sol,https://tr.wikipedia.org/wiki/Solculuk,1,Cumhuriyet Halk Partisi#65: Ecevit belirgin olarak siyasi politikaları benimsedi. Ecevit'in liderliğinde katılan CHP seçimlerden zaferle ayrıldı.
1973 seçimlerine,https://tr.wikipedia.org/wiki/1973_T%C3%BCrkiye_genel_se%C3%A7imleri,1,Cumhuriyet Halk Partisi#65: Ecevit belirgin olarak siyasi politikaları benimsedi. Ecevit'in liderliğinde katılan CHP seçimlerden zaferle ayrıldı.
1973 seçimlerine,https://tr.wikipedia.org/wiki/1973_T%C3%BCrkiye_genel_se%C3%A7imleri,1,Cumhuriyet Halk Partisi#65: Ecevit belirgin olarak siyasi politikaları benimsedi. Ecevit'in liderliğinde katılan CHP seçimlerden zaferle ayrıldı.
MSP,https://tr.wikipedia.org/wiki/Mill%C3%AE_Selamet_Partisi,1,Cumhuriyet Halk Partisi#66: CHP- kuruldu.
MSP,https://tr.wikipedia.org/wiki/Mill%C3%AE_Selamet_Partisi,1,Cumhuriyet Halk Partisi#66: CHP- kuruldu.
koalisyonu,https://tr.wikipedia.org/wiki/37._T%C3%BCrkiye_H%C3%BCk%C3%BBmeti,1,Cumhuriyet Halk Partisi#66: CHP- kuruldu.
koalisyonu,https://tr.wikipedia.org/wiki/37._T%C3%BCrkiye_H%C3%BCk%C3%BBmeti,1,Cumhuriyet Halk Partisi#66: CHP- kuruldu.
Kıbrıs'a müdahale,https://tr.wikipedia.org/wiki/T%C3%BCrkiye%27nin_K%C4%B1br%C4%B1s_%C3%A7%C4%B1karmas%C4%B1,1,"Cumhuriyet Halk Partisi#67: Bu dönemde kararı alındı. 1970'lerde parti, yoğun kutuplaşma döneminde ve siyasi şiddet atmosferinde sendikalar ve solcu gruplarla ilişkilerini sağlamlaştırdı. 'de CHP Ecevit döneminde çok partili siyasi tarihinin en yüksek oy oranını alarak %41'i yakaladı, ancak hükûmeti kurmak için yeterli çoğunluğu sağlayamadı."
Kıbrıs'a müdahale,https://tr.wikipedia.org/wiki/T%C3%BCrkiye%27nin_K%C4%B1br%C4%B1s_%C3%A7%C4%B1karmas%C4%B1,1,"Cumhuriyet Halk Partisi#67: Bu dönemde kararı alındı. 1970'lerde parti, yoğun kutuplaşma döneminde ve siyasi şiddet atmosferinde sendikalar ve solcu gruplarla ilişkilerini sağlamlaştırdı. 'de CHP Ecevit döneminde çok partili siyasi tarihinin en yüksek oy oranını alarak %41'i yakaladı, ancak hükûmeti kurmak için yeterli çoğunluğu sağlayamadı."
1977,https://tr.wikipedia.org/wiki/1977_T%C3%BCrkiye_genel_se%C3%A7imleri,1,"Cumhuriyet Halk Partisi#67: Bu dönemde kararı alındı. 1970'lerde parti, yoğun kutuplaşma döneminde ve siyasi şiddet atmosferinde sendikalar ve solcu gruplarla ilişkilerini sağlamlaştırdı. 'de CHP Ecevit döneminde çok partili siyasi tarihinin en yüksek oy oranını alarak %41'i yakaladı, ancak hükûmeti kurmak için yeterli çoğunluğu sağlayamadı."
1977,https://tr.wikipedia.org/wiki/1977_T%C3%BCrkiye_genel_se%C3%A7imleri,1,"Cumhuriyet Halk Partisi#67: Bu dönemde kararı alındı. 1970'lerde parti, yoğun kutuplaşma döneminde ve siyasi şiddet atmosferinde sendikalar ve solcu gruplarla ilişkilerini sağlamlaştırdı. 'de CHP Ecevit döneminde çok partili siyasi tarihinin en yüksek oy oranını alarak %41'i yakaladı, ancak hükûmeti kurmak için yeterli çoğunluğu sağlayamadı."
Süleyman Demirel,https://tr.wikipedia.org/wiki/S%C3%BCleyman_Demirel,1,"Türkiye#115: Ardından gelen dönemi ve ve ve ile kesintiye uğradı. 1960 ile 20. yüzyılın sonu arasında Türk siyasetinde birden fazla seçim zaferi elde eden önde gelen liderler muhafazakâr-popülist , sosyal demokrat ve neoliberal reformcu 'dı. 1993 yılında Türkiye'nin ilk kadın başbakanı oldu. | Cumhuriyet Halk Partisi#68: Ecevit ve rakibi siyasi istikrarsızlık döneminde sürekli ardı ardına hükûmetler kurdu. bu durumu sona erdirdi."
Süleyman Demirel,https://tr.wikipedia.org/wiki/S%C3%BCleyman_Demirel,1,"Türkiye#115: Ardından gelen dönemi ve ve ve ile kesintiye uğradı. 1960 ile 20. yüzyılın sonu arasında Türk siyasetinde birden fazla seçim zaferi elde eden önde gelen liderler muhafazakâr-popülist , sosyal demokrat ve neoliberal reformcu 'dı. 1993 yılında Türkiye'nin ilk kadın başbakanı oldu. | Cumhuriyet Halk Partisi#68: Ecevit ve rakibi siyasi istikrarsızlık döneminde sürekli ardı ardına hükûmetler kurdu. bu durumu sona erdirdi."
1980 Askeri Darbesi,https://tr.wikipedia.org/wiki/12_Eyl%C3%BCl_Darbesi,1,Cumhuriyet Halk Partisi#68: Ecevit ve rakibi siyasi istikrarsızlık döneminde sürekli ardı ardına hükûmetler kurdu. bu durumu sona erdirdi.
1980 Askeri Darbesi,https://tr.wikipedia.org/wiki/12_Eyl%C3%BCl_Darbesi,1,Cumhuriyet Halk Partisi#68: Ecevit ve rakibi siyasi istikrarsızlık döneminde sürekli ardı ardına hükûmetler kurdu. bu durumu sona erdirdi.
Halkçı Parti,https://tr.wikipedia.org/wiki/Halk%C3%A7%C4%B1_Parti,1,"Cumhuriyet Halk Partisi#70: 1981 yılında Cumhuriyet Halk Partisi diğer tüm siyasi partilerle beraber kapatıldı. 1981 yılında kapatılan siyasi partilerin adı ve kısaltması ile yeni siyasi parti kurulamadı. 1985'e gelindiğinde CHP'nin halefi olan (HP) ve (SODEP) birleşerek 'yi (SHP) oluşturdu, 'in eşi ise 'yi (DSP) kurdu. 'nün oğlu ise daha sonradan (SHP) genel başkanı oldu."
Halkçı Parti,https://tr.wikipedia.org/wiki/Halk%C3%A7%C4%B1_Parti,1,"Cumhuriyet Halk Partisi#70: 1981 yılında Cumhuriyet Halk Partisi diğer tüm siyasi partilerle beraber kapatıldı. 1981 yılında kapatılan siyasi partilerin adı ve kısaltması ile yeni siyasi parti kurulamadı. 1985'e gelindiğinde CHP'nin halefi olan (HP) ve (SODEP) birleşerek 'yi (SHP) oluşturdu, 'in eşi ise 'yi (DSP) kurdu. 'nün oğlu ise daha sonradan (SHP) genel başkanı oldu."
Sosyal Demokrasi Partisi,https://tr.wikipedia.org/wiki/Sosyal_Demokrasi_Partisi,1,"Cumhuriyet Halk Partisi#70: 1981 yılında Cumhuriyet Halk Partisi diğer tüm siyasi partilerle beraber kapatıldı. 1981 yılında kapatılan siyasi partilerin adı ve kısaltması ile yeni siyasi parti kurulamadı. 1985'e gelindiğinde CHP'nin halefi olan (HP) ve (SODEP) birleşerek 'yi (SHP) oluşturdu, 'in eşi ise 'yi (DSP) kurdu. 'nün oğlu ise daha sonradan (SHP) genel başkanı oldu."
Sosyal Demokrasi Partisi,https://tr.wikipedia.org/wiki/Sosyal_Demokrasi_Partisi,1,"Cumhuriyet Halk Partisi#70: 1981 yılında Cumhuriyet Halk Partisi diğer tüm siyasi partilerle beraber kapatıldı. 1981 yılında kapatılan siyasi partilerin adı ve kısaltması ile yeni siyasi parti kurulamadı. 1985'e gelindiğinde CHP'nin halefi olan (HP) ve (SODEP) birleşerek 'yi (SHP) oluşturdu, 'in eşi ise 'yi (DSP) kurdu. 'nün oğlu ise daha sonradan (SHP) genel başkanı oldu."
faaliyet gösteren,https://tr.wikipedia.org/wiki/T%C3%BCrkiye%27deki_siyasi_partiler_listesi,1,"Cumhuriyet Halk Partisi#1: Cumhuriyet Halk Partisi , 'de bir ."
faaliyet gösteren,https://tr.wikipedia.org/wiki/T%C3%BCrkiye%27deki_siyasi_partiler_listesi,1,"Cumhuriyet Halk Partisi#1: Cumhuriyet Halk Partisi , 'de bir ."
Rahşan Ecevit,https://tr.wikipedia.org/wiki/Rah%C5%9Fan_Ecevit,1,"Cumhuriyet Halk Partisi#70: 1981 yılında Cumhuriyet Halk Partisi diğer tüm siyasi partilerle beraber kapatıldı. 1981 yılında kapatılan siyasi partilerin adı ve kısaltması ile yeni siyasi parti kurulamadı. 1985'e gelindiğinde CHP'nin halefi olan (HP) ve (SODEP) birleşerek 'yi (SHP) oluşturdu, 'in eşi ise 'yi (DSP) kurdu. 'nün oğlu ise daha sonradan (SHP) genel başkanı oldu."
Rahşan Ecevit,https://tr.wikipedia.org/wiki/Rah%C5%9Fan_Ecevit,1,"Cumhuriyet Halk Partisi#70: 1981 yılında Cumhuriyet Halk Partisi diğer tüm siyasi partilerle beraber kapatıldı. 1981 yılında kapatılan siyasi partilerin adı ve kısaltması ile yeni siyasi parti kurulamadı. 1985'e gelindiğinde CHP'nin halefi olan (HP) ve (SODEP) birleşerek 'yi (SHP) oluşturdu, 'in eşi ise 'yi (DSP) kurdu. 'nün oğlu ise daha sonradan (SHP) genel başkanı oldu."
Demokratik Sol Parti,https://tr.wikipedia.org/wiki/Demokratik_Sol_Parti,1,"Türkiye#156: Yelpazenin sol tarafında (CHP), (SHP) ve (DSP) yerel ve genel seçimlerde büyük başarılar elde ettiler. | 2007 Türkiye genel seçimleri#25: , , ve seçime katılma hakları olmasına rağmen seçime katılmayacaklarını açıkladılar. | 2007 Türkiye genel seçimleri#29: ANAVATAN aday listelerini geç verdiği gerekçesiyle genel seçimlere de katılamadı. , CHP çatısı altında seçime girme kararı aldı. 2002 seçimlerine olarak katılan ve seçim barajını geçememiş olan Demokratik Toplum Partisi (DTP), bu seçimlerde adlı bağımsız aday blokuyla seçime katıldı. | 2002 Türkiye genel seçimleri#7: İktidardaki , ve 'nin yanı sıra önceki dönemde TBMM'de temsil edilen muhalefet partilerinden , ve 'nin de seçim barajını aşamayarak TBMM'ye giremediği seçimler, Türkiye'nin siyasetini temelinden sarsan büyük bir değişim olarak nitelendirildi. [kaynak belirtilmeli] nedeniyle temsil edilemeyen oy sayısı tarihte eşi benzeri görülmemiş bir şekilde %46,33 oranla 14.545.438 oldu. | 2002 Türkiye genel seçimleri#9: Tartışmalar 'nin (DSP) içine de yansıdı; 8 Temmuz'da 'ın Başbakan Yardımcılığı ve DSP'den ayrılmasıyla başlayan istifa dalgasıyla temmuz ayı içinde DSP meclis grubunun sayısı yarı yarıya düştü. | Cumhuriyet Halk Partisi#70: 1981 yılında Cumhuriyet Halk Partisi diğer tüm siyasi partilerle beraber kapatıldı. 1981 yılında kapatılan siyasi partilerin adı ve kısaltması ile yeni siyasi parti kurulamadı. 1985'e gelindiğinde CHP'nin halefi olan (HP) ve (SODEP) birleşerek 'yi (SHP) oluşturdu, 'in eşi ise 'yi (DSP) kurdu. 'nün oğlu ise daha sonradan (SHP) genel başkanı oldu."
Demokratik Sol Parti,https://tr.wikipedia.org/wiki/Demokratik_Sol_Parti,1,"Türkiye#156: Yelpazenin sol tarafında (CHP), (SHP) ve (DSP) yerel ve genel seçimlerde büyük başarılar elde ettiler. | 2007 Türkiye genel seçimleri#25: , , ve seçime katılma hakları olmasına rağmen seçime katılmayacaklarını açıkladılar. | 2007 Türkiye genel seçimleri#29: ANAVATAN aday listelerini geç verdiği gerekçesiyle genel seçimlere de katılamadı. , CHP çatısı altında seçime girme kararı aldı. 2002 seçimlerine olarak katılan ve seçim barajını geçememiş olan Demokratik Toplum Partisi (DTP), bu seçimlerde adlı bağımsız aday blokuyla seçime katıldı. | 2002 Türkiye genel seçimleri#7: İktidardaki , ve 'nin yanı sıra önceki dönemde TBMM'de temsil edilen muhalefet partilerinden , ve 'nin de seçim barajını aşamayarak TBMM'ye giremediği seçimler, Türkiye'nin siyasetini temelinden sarsan büyük bir değişim olarak nitelendirildi. [kaynak belirtilmeli] nedeniyle temsil edilemeyen oy sayısı tarihte eşi benzeri görülmemiş bir şekilde %46,33 oranla 14.545.438 oldu. | 2002 Türkiye genel seçimleri#9: Tartışmalar 'nin (DSP) içine de yansıdı; 8 Temmuz'da 'ın Başbakan Yardımcılığı ve DSP'den ayrılmasıyla başlayan istifa dalgasıyla temmuz ayı içinde DSP meclis grubunun sayısı yarı yarıya düştü. | Cumhuriyet Halk Partisi#70: 1981 yılında Cumhuriyet Halk Partisi diğer tüm siyasi partilerle beraber kapatıldı. 1981 yılında kapatılan siyasi partilerin adı ve kısaltması ile yeni siyasi parti kurulamadı. 1985'e gelindiğinde CHP'nin halefi olan (HP) ve (SODEP) birleşerek 'yi (SHP) oluşturdu, 'in eşi ise 'yi (DSP) kurdu. 'nün oğlu ise daha sonradan (SHP) genel başkanı oldu."
Erdal İnönü,https://tr.wikipedia.org/wiki/Erdal_%C4%B0n%C3%B6n%C3%BC,1,"Cumhuriyet Halk Partisi#70: 1981 yılında Cumhuriyet Halk Partisi diğer tüm siyasi partilerle beraber kapatıldı. 1981 yılında kapatılan siyasi partilerin adı ve kısaltması ile yeni siyasi parti kurulamadı. 1985'e gelindiğinde CHP'nin halefi olan (HP) ve (SODEP) birleşerek 'yi (SHP) oluşturdu, 'in eşi ise 'yi (DSP) kurdu. 'nün oğlu ise daha sonradan (SHP) genel başkanı oldu."
Erdal İnönü,https://tr.wikipedia.org/wiki/Erdal_%C4%B0n%C3%B6n%C3%BC,1,"Cumhuriyet Halk Partisi#70: 1981 yılında Cumhuriyet Halk Partisi diğer tüm siyasi partilerle beraber kapatıldı. 1981 yılında kapatılan siyasi partilerin adı ve kısaltması ile yeni siyasi parti kurulamadı. 1985'e gelindiğinde CHP'nin halefi olan (HP) ve (SODEP) birleşerek 'yi (SHP) oluşturdu, 'in eşi ise 'yi (DSP) kurdu. 'nün oğlu ise daha sonradan (SHP) genel başkanı oldu."
Anayasa Mahkemesi,https://tr.wikipedia.org/wiki/T%C3%BCrkiye_Cumhuriyeti_Anayasa_Mahkemesi,1,Cumhuriyet Halk Partisi#72: Ayrıca parti 'nin kararıyla birlikte 1981 yılında Hazine'ye devredilen varlıklarını geri aldı. SHP 1995'te CHP'yle birleşti.
Anayasa Mahkemesi,https://tr.wikipedia.org/wiki/T%C3%BCrkiye_Cumhuriyeti_Anayasa_Mahkemesi,1,Cumhuriyet Halk Partisi#72: Ayrıca parti 'nin kararıyla birlikte 1981 yılında Hazine'ye devredilen varlıklarını geri aldı. SHP 1995'te CHP'yle birleşti.
SHP,https://tr.wikipedia.org/wiki/Sosyaldemokrat_Halk%C3%A7%C4%B1_Parti,1,"Cumhuriyet Halk Partisi#73: 1991'den 1996'ya kadar ve ardından CHP, ile yer aldı. 'nde 'ın başbakanlıktan istifa etmesinin ardından Baykal, 'ın destekledi."
SHP,https://tr.wikipedia.org/wiki/Sosyaldemokrat_Halk%C3%A7%C4%B1_Parti,1,"Cumhuriyet Halk Partisi#73: 1991'den 1996'ya kadar ve ardından CHP, ile yer aldı. 'nde 'ın başbakanlıktan istifa etmesinin ardından Baykal, 'ın destekledi."
DYP,https://tr.wikipedia.org/wiki/Do%C4%9Fru_Yol_Partisi,1,"Cumhuriyet Halk Partisi#73: 1991'den 1996'ya kadar ve ardından CHP, ile yer aldı. 'nde 'ın başbakanlıktan istifa etmesinin ardından Baykal, 'ın destekledi."
DYP,https://tr.wikipedia.org/wiki/Do%C4%9Fru_Yol_Partisi,1,"Cumhuriyet Halk Partisi#73: 1991'den 1996'ya kadar ve ardından CHP, ile yer aldı. 'nde 'ın başbakanlıktan istifa etmesinin ardından Baykal, 'ın destekledi."
koalisyon,https://tr.wikipedia.org/wiki/49._T%C3%BCrkiye_H%C3%BCk%C3%BBmeti,1,"Cumhuriyet Halk Partisi#73: 1991'den 1996'ya kadar ve ardından CHP, ile yer aldı. 'nde 'ın başbakanlıktan istifa etmesinin ardından Baykal, 'ın destekledi."
koalisyon,https://tr.wikipedia.org/wiki/49._T%C3%BCrkiye_H%C3%BCk%C3%BBmeti,1,"Cumhuriyet Halk Partisi#73: 1991'den 1996'ya kadar ve ardından CHP, ile yer aldı. 'nde 'ın başbakanlıktan istifa etmesinin ardından Baykal, 'ın destekledi."
hükûmet,https://tr.wikipedia.org/wiki/50._T%C3%BCrkiye_H%C3%BCk%C3%BBmeti,1,"Cumhuriyet Halk Partisi#73: 1991'den 1996'ya kadar ve ardından CHP, ile yer aldı. 'nde 'ın başbakanlıktan istifa etmesinin ardından Baykal, 'ın destekledi."
hükûmet,https://tr.wikipedia.org/wiki/50._T%C3%BCrkiye_H%C3%BCk%C3%BBmeti,1,"Cumhuriyet Halk Partisi#73: 1991'den 1996'ya kadar ve ardından CHP, ile yer aldı. 'nde 'ın başbakanlıktan istifa etmesinin ardından Baykal, 'ın destekledi."
lerinde,https://tr.wikipedia.org/wiki/52._T%C3%BCrkiye_H%C3%BCk%C3%BBmeti,1,"Cumhuriyet Halk Partisi#73: 1991'den 1996'ya kadar ve ardından CHP, ile yer aldı. 'nde 'ın başbakanlıktan istifa etmesinin ardından Baykal, 'ın destekledi."
lerinde,https://tr.wikipedia.org/wiki/52._T%C3%BCrkiye_H%C3%BCk%C3%BBmeti,1,"Cumhuriyet Halk Partisi#73: 1991'den 1996'ya kadar ve ardından CHP, ile yer aldı. 'nde 'ın başbakanlıktan istifa etmesinin ardından Baykal, 'ın destekledi."
28 Şubat Süreci,https://tr.wikipedia.org/wiki/28_%C5%9Eubat_S%C3%BCreci,1,"2002 Türkiye genel seçimleri#16: Mart 1996'da ile arasında kurulan koalisyon hükûmeti, lideri 'ın 'i yolsuzlukla suçlaması nedeniyle büyük zarar gördü ve sadece 90 gün sürdü. 29 Haziran 1996'da ile arasında kurulan yeni koalisyon sürecinde ise olarak bilinen müdahaleyle sonuçlandı. | Cumhuriyet Halk Partisi#73: 1991'den 1996'ya kadar ve ardından CHP, ile yer aldı. 'nde 'ın başbakanlıktan istifa etmesinin ardından Baykal, 'ın destekledi."
28 Şubat Süreci,https://tr.wikipedia.org/wiki/28_%C5%9Eubat_S%C3%BCreci,1,"2002 Türkiye genel seçimleri#16: Mart 1996'da ile arasında kurulan koalisyon hükûmeti, lideri 'ın 'i yolsuzlukla suçlaması nedeniyle büyük zarar gördü ve sadece 90 gün sürdü. 29 Haziran 1996'da ile arasında kurulan yeni koalisyon sürecinde ise olarak bilinen müdahaleyle sonuçlandı. | Cumhuriyet Halk Partisi#73: 1991'den 1996'ya kadar ve ardından CHP, ile yer aldı. 'nde 'ın başbakanlıktan istifa etmesinin ardından Baykal, 'ın destekledi."
Necmettin Erbakan,https://tr.wikipedia.org/wiki/Necmettin_Erbakan,1,"2002 Türkiye genel seçimleri#16: Mart 1996'da ile arasında kurulan koalisyon hükûmeti, lideri 'ın 'i yolsuzlukla suçlaması nedeniyle büyük zarar gördü ve sadece 90 gün sürdü. 29 Haziran 1996'da ile arasında kurulan yeni koalisyon sürecinde ise olarak bilinen müdahaleyle sonuçlandı. | 2002 Türkiye genel seçimleri#42: Erdoğan ile birlikte kapatılan (RP) Genel Başkanı , (SDP) Lideri ve Halkın Demokrasi Partisi (HADEP) eski Genel Başkanı 'ın da aralarında bulunduğu 60 kişinin adaylığı YSK tarafından reddedildi. | Cumhuriyet Halk Partisi#73: 1991'den 1996'ya kadar ve ardından CHP, ile yer aldı. 'nde 'ın başbakanlıktan istifa etmesinin ardından Baykal, 'ın destekledi."
Necmettin Erbakan,https://tr.wikipedia.org/wiki/Necmettin_Erbakan,1,"2002 Türkiye genel seçimleri#16: Mart 1996'da ile arasında kurulan koalisyon hükûmeti, lideri 'ın 'i yolsuzlukla suçlaması nedeniyle büyük zarar gördü ve sadece 90 gün sürdü. 29 Haziran 1996'da ile arasında kurulan yeni koalisyon sürecinde ise olarak bilinen müdahaleyle sonuçlandı. | 2002 Türkiye genel seçimleri#42: Erdoğan ile birlikte kapatılan (RP) Genel Başkanı , (SDP) Lideri ve Halkın Demokrasi Partisi (HADEP) eski Genel Başkanı 'ın da aralarında bulunduğu 60 kişinin adaylığı YSK tarafından reddedildi. | Cumhuriyet Halk Partisi#73: 1991'den 1996'ya kadar ve ardından CHP, ile yer aldı. 'nde 'ın başbakanlıktan istifa etmesinin ardından Baykal, 'ın destekledi."
siyasi partidir,https://tr.wikipedia.org/wiki/Siyasi_parti,1,"Cumhuriyet Halk Partisi#1: Cumhuriyet Halk Partisi , 'de bir ."
siyasi partidir,https://tr.wikipedia.org/wiki/Siyasi_parti,1,"Cumhuriyet Halk Partisi#1: Cumhuriyet Halk Partisi , 'de bir ."
koalisyon hükûmetini,https://tr.wikipedia.org/wiki/55._T%C3%BCrkiye_H%C3%BCk%C3%BBmeti,1,"Cumhuriyet Halk Partisi#73: 1991'den 1996'ya kadar ve ardından CHP, ile yer aldı. 'nde 'ın başbakanlıktan istifa etmesinin ardından Baykal, 'ın destekledi."
koalisyon hükûmetini,https://tr.wikipedia.org/wiki/55._T%C3%BCrkiye_H%C3%BCk%C3%BBmeti,1,"Cumhuriyet Halk Partisi#73: 1991'den 1996'ya kadar ve ardından CHP, ile yer aldı. 'nde 'ın başbakanlıktan istifa etmesinin ardından Baykal, 'ın destekledi."
Türkbank skandalı,https://tr.wikipedia.org/wiki/T%C3%BCrkbank_skandal%C4%B1,1,Cumhuriyet Halk Partisi#74: Kasım 1998'de sırasında tartışmaya açılınca CHP hükûmete gensoru verdi ve koalisyonu düşürdü. CHP %8.71 oy alarak tarihinde ilk kez baraj altında kaldı. seçim yenilgisinden kendinin sorumlu olduğunu belirterek 22 Nisan 1999'da genel başkanlıktan istifa etti.
Türkbank skandalı,https://tr.wikipedia.org/wiki/T%C3%BCrkbank_skandal%C4%B1,1,Cumhuriyet Halk Partisi#74: Kasım 1998'de sırasında tartışmaya açılınca CHP hükûmete gensoru verdi ve koalisyonu düşürdü. CHP %8.71 oy alarak tarihinde ilk kez baraj altında kaldı. seçim yenilgisinden kendinin sorumlu olduğunu belirterek 22 Nisan 1999'da genel başkanlıktan istifa etti.
1999 genel seçimlerinde,https://tr.wikipedia.org/wiki/1999_T%C3%BCrkiye_genel_se%C3%A7imleri,1,Cumhuriyet Halk Partisi#74: Kasım 1998'de sırasında tartışmaya açılınca CHP hükûmete gensoru verdi ve koalisyonu düşürdü. CHP %8.71 oy alarak tarihinde ilk kez baraj altında kaldı. seçim yenilgisinden kendinin sorumlu olduğunu belirterek 22 Nisan 1999'da genel başkanlıktan istifa etti.
1999 genel seçimlerinde,https://tr.wikipedia.org/wiki/1999_T%C3%BCrkiye_genel_se%C3%A7imleri,1,Cumhuriyet Halk Partisi#74: Kasım 1998'de sırasında tartışmaya açılınca CHP hükûmete gensoru verdi ve koalisyonu düşürdü. CHP %8.71 oy alarak tarihinde ilk kez baraj altında kaldı. seçim yenilgisinden kendinin sorumlu olduğunu belirterek 22 Nisan 1999'da genel başkanlıktan istifa etti.
Baykal,https://tr.wikipedia.org/wiki/Deniz_Baykal,1,Cumhuriyet Halk Partisi#74: Kasım 1998'de sırasında tartışmaya açılınca CHP hükûmete gensoru verdi ve koalisyonu düşürdü. CHP %8.71 oy alarak tarihinde ilk kez baraj altında kaldı. seçim yenilgisinden kendinin sorumlu olduğunu belirterek 22 Nisan 1999'da genel başkanlıktan istifa etti.
Baykal,https://tr.wikipedia.org/wiki/Deniz_Baykal,1,Cumhuriyet Halk Partisi#74: Kasım 1998'de sırasında tartışmaya açılınca CHP hükûmete gensoru verdi ve koalisyonu düşürdü. CHP %8.71 oy alarak tarihinde ilk kez baraj altında kaldı. seçim yenilgisinden kendinin sorumlu olduğunu belirterek 22 Nisan 1999'da genel başkanlıktan istifa etti.
3 Kasım 2002 genel seçimlerinde,https://tr.wikipedia.org/wiki/2002_T%C3%BCrkiye_genel_se%C3%A7imleri,1,Cumhuriyet Halk Partisi#75: liderliğinde tek başına iktidara geldi.
3 Kasım 2002 genel seçimlerinde,https://tr.wikipedia.org/wiki/2002_T%C3%BCrkiye_genel_se%C3%A7imleri,1,Cumhuriyet Halk Partisi#75: liderliğinde tek başına iktidara geldi.
cumhurbaşkanı,https://tr.wikipedia.org/wiki/T%C3%BCrkiye_cumhurba%C5%9Fkan%C4%B1,1,"Türkiye#106: Türkiye Cumhuriyeti Devleti'nin kurucusu ve ilk olan Mustafa Kemal, eski Osmanlı monarşisini bir altında bir olarak yönetilecek bir Türk dönüştürme amacını içeren birçok yaptı. | Cumhuriyet Halk Partisi#3: Türkiye Cumhuriyeti'nin kurucusu ve ilk tarafından kurulan parti, Türkiye'nin en eski siyasi partisidir."
cumhurbaşkanı,https://tr.wikipedia.org/wiki/T%C3%BCrkiye_cumhurba%C5%9Fkan%C4%B1,1,"Türkiye#106: Türkiye Cumhuriyeti Devleti'nin kurucusu ve ilk olan Mustafa Kemal, eski Osmanlı monarşisini bir altında bir olarak yönetilecek bir Türk dönüştürme amacını içeren birçok yaptı. | Cumhuriyet Halk Partisi#3: Türkiye Cumhuriyeti'nin kurucusu ve ilk tarafından kurulan parti, Türkiye'nin en eski siyasi partisidir."
2007 cumhurbaşkanlığı seçimleri,https://tr.wikipedia.org/wiki/2007_T%C3%BCrkiye_genel_se%C3%A7imleri,1,"Cumhuriyet Halk Partisi#80: , CHP'li ve politikacılar arasındaki gerilimlerin doruğa çıkmasıyla bir siyasi krize dönüştü."
2007 cumhurbaşkanlığı seçimleri,https://tr.wikipedia.org/wiki/2007_T%C3%BCrkiye_genel_se%C3%A7imleri,1,"Cumhuriyet Halk Partisi#80: , CHP'li ve politikacılar arasındaki gerilimlerin doruğa çıkmasıyla bir siyasi krize dönüştü."
AK Partili,https://tr.wikipedia.org/wiki/Adalet_ve_Kalk%C4%B1nma_Partisi,1,"2007 Türkiye genel seçimleri#7: 2007 cumhurbaşkanlığı seçimleri, 'li ve politikacılar arasındaki gerilimlerin doruğa çıkmasıyla bir siyasi krize dönüştü. | Cumhuriyet Halk Partisi#80: , CHP'li ve politikacılar arasındaki gerilimlerin doruğa çıkmasıyla bir siyasi krize dönüştü."
AK Partili,https://tr.wikipedia.org/wiki/Adalet_ve_Kalk%C4%B1nma_Partisi,1,"2007 Türkiye genel seçimleri#7: 2007 cumhurbaşkanlığı seçimleri, 'li ve politikacılar arasındaki gerilimlerin doruğa çıkmasıyla bir siyasi krize dönüştü. | Cumhuriyet Halk Partisi#80: , CHP'li ve politikacılar arasındaki gerilimlerin doruğa çıkmasıyla bir siyasi krize dönüştü."
Abdullah Gül,https://tr.wikipedia.org/wiki/Abdullah_G%C3%BCl,1,"2007 Türkiye genel seçimleri#8: Baykal döneminde CHP, ordu ve yargının ""demokratik olmayan"" girişimlerine destek verdi. [kaynak belirtilmeli] Cumhurbaşkanı adayı 'e karşı ortaya çıkan protestolar; Gül'ün İslamcı siyaset geçmişi ve eşinin başörtüsü takması gibi popüler nedenlerle [kim?] düzenlendi. | 2007 Türkiye genel seçimleri#15: TBMM'de grubu bulunan muhalefet partilerinden 'nin (CHP) ve 'nin (ANAP) boykot ettiği ve 361 milletvekilinin katıldığı ilk tura tek aday olarak katılan AK Parti Kayseri milletvekili ve Dışişleri Bakanı 357 oy aldı. Seçimin hemen ardından ana muhalefet CHP birinci tur oylamasında TBMM'de 367 toplantı yeter sayısına ulaşılmadığı gerekçesiyle seçimin iptali istemiyle başvurdu. | 2002 Türkiye genel seçimleri#53: 14 Kasım 2002 tarihinde Cumhurbaşkanı ile Adalet ve Kalkınma Partisi Genel Başkanı arasındaki görüşmeden sonra, Erdoğan'ın milletvekili olmaması nedeniyle, 16 Kasım 2002 tarihinde Adalet ve Kalkınma Partisi genel başkan yardımcısı , Sezer tarafından hükûmeti kurmakla görevlendirildi. 18 Kasım'da Ahmet Necdet Sezer tarafından onaylanmasıyla ilk Adalet ve Kalkınma Partisi hükûmeti göreve başladı. | Cumhuriyet Halk Partisi#82: Cumhurbaşkanı adayı 'e karşı ortaya çıkan protestolar; Gül'ün İslamcı siyaset geçmişi ve eşinin başörtüsü takması gibi popüler nedenlerle düzenlendi."
Abdullah Gül,https://tr.wikipedia.org/wiki/Abdullah_G%C3%BCl,1,"2007 Türkiye genel seçimleri#8: Baykal döneminde CHP, ordu ve yargının ""demokratik olmayan"" girişimlerine destek verdi. [kaynak belirtilmeli] Cumhurbaşkanı adayı 'e karşı ortaya çıkan protestolar; Gül'ün İslamcı siyaset geçmişi ve eşinin başörtüsü takması gibi popüler nedenlerle [kim?] düzenlendi. | 2007 Türkiye genel seçimleri#15: TBMM'de grubu bulunan muhalefet partilerinden 'nin (CHP) ve 'nin (ANAP) boykot ettiği ve 361 milletvekilinin katıldığı ilk tura tek aday olarak katılan AK Parti Kayseri milletvekili ve Dışişleri Bakanı 357 oy aldı. Seçimin hemen ardından ana muhalefet CHP birinci tur oylamasında TBMM'de 367 toplantı yeter sayısına ulaşılmadığı gerekçesiyle seçimin iptali istemiyle başvurdu. | 2002 Türkiye genel seçimleri#53: 14 Kasım 2002 tarihinde Cumhurbaşkanı ile Adalet ve Kalkınma Partisi Genel Başkanı arasındaki görüşmeden sonra, Erdoğan'ın milletvekili olmaması nedeniyle, 16 Kasım 2002 tarihinde Adalet ve Kalkınma Partisi genel başkan yardımcısı , Sezer tarafından hükûmeti kurmakla görevlendirildi. 18 Kasım'da Ahmet Necdet Sezer tarafından onaylanmasıyla ilk Adalet ve Kalkınma Partisi hükûmeti göreve başladı. | Cumhuriyet Halk Partisi#82: Cumhurbaşkanı adayı 'e karşı ortaya çıkan protestolar; Gül'ün İslamcı siyaset geçmişi ve eşinin başörtüsü takması gibi popüler nedenlerle düzenlendi."
E-muhtıra,https://tr.wikipedia.org/wiki/E-muht%C4%B1ra,1,2007 Türkiye genel seçimleri#9: CHP'nin seçimi boykot etmesiyle beraber 367 Krizi çıktı. yayınlandı. | 2007 Türkiye genel seçimleri#16: Aynı günün gece saatlerinde internet sitesinde laiklik uyarısı içeren bir mesaj yayınlandı ( ). | Cumhuriyet Halk Partisi#83: CHP'nin seçimi boykot etmesiyle beraber 367 Krizi çıktı. yayınlandı.
E-muhtıra,https://tr.wikipedia.org/wiki/E-muht%C4%B1ra,1,2007 Türkiye genel seçimleri#9: CHP'nin seçimi boykot etmesiyle beraber 367 Krizi çıktı. yayınlandı. | 2007 Türkiye genel seçimleri#16: Aynı günün gece saatlerinde internet sitesinde laiklik uyarısı içeren bir mesaj yayınlandı ( ). | Cumhuriyet Halk Partisi#83: CHP'nin seçimi boykot etmesiyle beraber 367 Krizi çıktı. yayınlandı.
halk oylamasında,https://tr.wikipedia.org/wiki/2007_T%C3%BCrkiye_anayasa_de%C4%9Fi%C5%9Fikli%C4%9Fi_referandumu,1,"2007 Türkiye genel seçimleri#12: Anayasa değişiklikleri, 21 Ekim 2007 tarihinde yapılan , %68,95'lik kabul oyuyla yürürlüğe girdi. Abdullah Gül Türkiye'nin 11. cumhurbaşkanı seçildi. | Cumhuriyet Halk Partisi#86: Anayasa değişiklikleri, 21 Ekim 2007 tarihinde yapılan , %68,95'lik kabul oyuyla yürürlüğe girdi. Abdullah Gül Türkiye'nin 11. cumhurbaşkanı seçildi."
halk oylamasında,https://tr.wikipedia.org/wiki/2007_T%C3%BCrkiye_anayasa_de%C4%9Fi%C5%9Fikli%C4%9Fi_referandumu,1,"2007 Türkiye genel seçimleri#12: Anayasa değişiklikleri, 21 Ekim 2007 tarihinde yapılan , %68,95'lik kabul oyuyla yürürlüğe girdi. Abdullah Gül Türkiye'nin 11. cumhurbaşkanı seçildi. | Cumhuriyet Halk Partisi#86: Anayasa değişiklikleri, 21 Ekim 2007 tarihinde yapılan , %68,95'lik kabul oyuyla yürürlüğe girdi. Abdullah Gül Türkiye'nin 11. cumhurbaşkanı seçildi."
28 Ağustos 2007 tarihinde,https://tr.wikipedia.org/wiki/2007_T%C3%BCrkiye_cumhurba%C5%9Fkanl%C4%B1%C4%9F%C4%B1_se%C3%A7imi,1,"2007 Türkiye genel seçimleri#12: Anayasa değişiklikleri, 21 Ekim 2007 tarihinde yapılan , %68,95'lik kabul oyuyla yürürlüğe girdi. Abdullah Gül Türkiye'nin 11. cumhurbaşkanı seçildi. | Cumhuriyet Halk Partisi#86: Anayasa değişiklikleri, 21 Ekim 2007 tarihinde yapılan , %68,95'lik kabul oyuyla yürürlüğe girdi. Abdullah Gül Türkiye'nin 11. cumhurbaşkanı seçildi."
28 Ağustos 2007 tarihinde,https://tr.wikipedia.org/wiki/2007_T%C3%BCrkiye_cumhurba%C5%9Fkanl%C4%B1%C4%9F%C4%B1_se%C3%A7imi,1,"2007 Türkiye genel seçimleri#12: Anayasa değişiklikleri, 21 Ekim 2007 tarihinde yapılan , %68,95'lik kabul oyuyla yürürlüğe girdi. Abdullah Gül Türkiye'nin 11. cumhurbaşkanı seçildi. | Cumhuriyet Halk Partisi#86: Anayasa değişiklikleri, 21 Ekim 2007 tarihinde yapılan , %68,95'lik kabul oyuyla yürürlüğe girdi. Abdullah Gül Türkiye'nin 11. cumhurbaşkanı seçildi."
Genelkurmay Başkanı,https://tr.wikipedia.org/wiki/T%C3%BCrk_Silahl%C4%B1_Kuvvetleri_genelkurmay_ba%C5%9Fkanlar%C4%B1_listesi,1,2007 Türkiye genel seçimleri#13: Yemin töreni CHP ve tarafından boykot edildi. | Cumhuriyet Halk Partisi#87: Yemin töreni CHP ve tarafından boykot edildi.
Genelkurmay Başkanı,https://tr.wikipedia.org/wiki/T%C3%BCrk_Silahl%C4%B1_Kuvvetleri_genelkurmay_ba%C5%9Fkanlar%C4%B1_listesi,1,2007 Türkiye genel seçimleri#13: Yemin töreni CHP ve tarafından boykot edildi. | Cumhuriyet Halk Partisi#87: Yemin töreni CHP ve tarafından boykot edildi.
Orgeneral,https://tr.wikipedia.org/wiki/Orgeneral,1,Cumhuriyet Halk Partisi#87: Yemin töreni CHP ve tarafından boykot edildi.
Orgeneral,https://tr.wikipedia.org/wiki/Orgeneral,1,Cumhuriyet Halk Partisi#87: Yemin töreni CHP ve tarafından boykot edildi.
Yaşar Büyükanıt,https://tr.wikipedia.org/wiki/Ya%C5%9Far_B%C3%BCy%C3%BCkan%C4%B1t,1,2007 Türkiye genel seçimleri#13: Yemin töreni CHP ve tarafından boykot edildi. | Cumhuriyet Halk Partisi#87: Yemin töreni CHP ve tarafından boykot edildi.
Yaşar Büyükanıt,https://tr.wikipedia.org/wiki/Ya%C5%9Far_B%C3%BCy%C3%BCkan%C4%B1t,1,2007 Türkiye genel seçimleri#13: Yemin töreni CHP ve tarafından boykot edildi. | Cumhuriyet Halk Partisi#87: Yemin töreni CHP ve tarafından boykot edildi.
genel,https://tr.wikipedia.org/wiki/2002_T%C3%BCrkiye_genel_se%C3%A7imleri,1,Cumhuriyet Halk Partisi#88: 2002 ve 2010 yılları arasında Türkiye'de iki ve iki yapılmış ve bu seçimlerin tamamında CHP %18 ila %23 arasında oy almıştır.
genel,https://tr.wikipedia.org/wiki/2002_T%C3%BCrkiye_genel_se%C3%A7imleri,1,Cumhuriyet Halk Partisi#88: 2002 ve 2010 yılları arasında Türkiye'de iki ve iki yapılmış ve bu seçimlerin tamamında CHP %18 ila %23 arasında oy almıştır.
seçim,https://tr.wikipedia.org/wiki/2007_T%C3%BCrkiye_genel_se%C3%A7imleri,1,Cumhuriyet Halk Partisi#88: 2002 ve 2010 yılları arasında Türkiye'de iki ve iki yapılmış ve bu seçimlerin tamamında CHP %18 ila %23 arasında oy almıştır.
seçim,https://tr.wikipedia.org/wiki/2007_T%C3%BCrkiye_genel_se%C3%A7imleri,1,Cumhuriyet Halk Partisi#88: 2002 ve 2010 yılları arasında Türkiye'de iki ve iki yapılmış ve bu seçimlerin tamamında CHP %18 ila %23 arasında oy almıştır.
yerel,https://tr.wikipedia.org/wiki/2004_T%C3%BCrkiye_yerel_se%C3%A7imleri,1,Cumhuriyet Halk Partisi#88: 2002 ve 2010 yılları arasında Türkiye'de iki ve iki yapılmış ve bu seçimlerin tamamında CHP %18 ila %23 arasında oy almıştır.
yerel,https://tr.wikipedia.org/wiki/2004_T%C3%BCrkiye_yerel_se%C3%A7imleri,1,Cumhuriyet Halk Partisi#88: 2002 ve 2010 yılları arasında Türkiye'de iki ve iki yapılmış ve bu seçimlerin tamamında CHP %18 ila %23 arasında oy almıştır.
seçim,https://tr.wikipedia.org/wiki/2009_T%C3%BCrkiye_yerel_se%C3%A7imleri,1,Cumhuriyet Halk Partisi#88: 2002 ve 2010 yılları arasında Türkiye'de iki ve iki yapılmış ve bu seçimlerin tamamında CHP %18 ila %23 arasında oy almıştır.
seçim,https://tr.wikipedia.org/wiki/2009_T%C3%BCrkiye_yerel_se%C3%A7imleri,1,Cumhuriyet Halk Partisi#88: 2002 ve 2010 yılları arasında Türkiye'de iki ve iki yapılmış ve bu seçimlerin tamamında CHP %18 ila %23 arasında oy almıştır.
kasetin,https://tr.wikipedia.org/wiki/Deniz_Baykal_kaset_skandal%C4%B1,1,Cumhuriyet Halk Partisi#89: Baykal bir internete sızdırılmasının ardından parti genel başkanlığından istifa ettiğini açıkladı. tarihinde yeni parti lideri olarak seçildi.
kasetin,https://tr.wikipedia.org/wiki/Deniz_Baykal_kaset_skandal%C4%B1,1,Cumhuriyet Halk Partisi#89: Baykal bir internete sızdırılmasının ardından parti genel başkanlığından istifa ettiğini açıkladı. tarihinde yeni parti lideri olarak seçildi.
22 Mayıs 2010,https://tr.wikipedia.org/wiki/Cumhuriyet_Halk_Partisi_33._Ola%C4%9Fan_Kurultay%C4%B1,1,Cumhuriyet Halk Partisi#89: Baykal bir internete sızdırılmasının ardından parti genel başkanlığından istifa ettiğini açıkladı. tarihinde yeni parti lideri olarak seçildi.
22 Mayıs 2010,https://tr.wikipedia.org/wiki/Cumhuriyet_Halk_Partisi_33._Ola%C4%9Fan_Kurultay%C4%B1,1,Cumhuriyet Halk Partisi#89: Baykal bir internete sızdırılmasının ardından parti genel başkanlığından istifa ettiğini açıkladı. tarihinde yeni parti lideri olarak seçildi.
laik,https://tr.wikipedia.org/wiki/Laiklik,1,Cumhuriyet Halk Partisi#90: Kılıçdaroğlu CHP'yi geleneksel imajına geri döndürdü ve partinin - karakterini bir kenara bıraktı.
laik,https://tr.wikipedia.org/wiki/Laiklik,1,Cumhuriyet Halk Partisi#90: Kılıçdaroğlu CHP'yi geleneksel imajına geri döndürdü ve partinin - karakterini bir kenara bıraktı.
muhafazakar,https://tr.wikipedia.org/wiki/Muhafazak%C3%A2rl%C4%B1k,1,Cumhuriyet Halk Partisi#90: Kılıçdaroğlu CHP'yi geleneksel imajına geri döndürdü ve partinin - karakterini bir kenara bıraktı.
muhafazakar,https://tr.wikipedia.org/wiki/Muhafazak%C3%A2rl%C4%B1k,1,Cumhuriyet Halk Partisi#90: Kılıçdaroğlu CHP'yi geleneksel imajına geri döndürdü ve partinin - karakterini bir kenara bıraktı.
2010 anayasa referandumunda,https://tr.wikipedia.org/wiki/2010_T%C3%BCrkiye_anayasa_de%C4%9Fi%C5%9Fikli%C4%9Fi_referandumu,1,"Cumhuriyet Halk Partisi#92: Kılıçdaroğlu liderliğindeki CHP, beş seçim boyunca milletvekili seçimlerinde %22 ila %26 arasında oy aldı. Parti ""hayır"" kampanyasını destekledi."
2010 anayasa referandumunda,https://tr.wikipedia.org/wiki/2010_T%C3%BCrkiye_anayasa_de%C4%9Fi%C5%9Fikli%C4%9Fi_referandumu,1,"Cumhuriyet Halk Partisi#92: Kılıçdaroğlu liderliğindeki CHP, beş seçim boyunca milletvekili seçimlerinde %22 ila %26 arasında oy aldı. Parti ""hayır"" kampanyasını destekledi."
2011'deki ilk seçimde,https://tr.wikipedia.org/wiki/2011_T%C3%BCrkiye_genel_se%C3%A7imleri,1,"Cumhuriyet Halk Partisi#93: Kılıçdaroğlu liderliğinde girilen partinin desteği %25'e çıktı, ancak bu oy oranı partinin seçimleri kazanması için yeterli olmadı."
2011'deki ilk seçimde,https://tr.wikipedia.org/wiki/2011_T%C3%BCrkiye_genel_se%C3%A7imleri,1,"Cumhuriyet Halk Partisi#93: Kılıçdaroğlu liderliğinde girilen partinin desteği %25'e çıktı, ancak bu oy oranı partinin seçimleri kazanması için yeterli olmadı."
2013 Gezi Parkı protestolarına,https://tr.wikipedia.org/wiki/Gezi_Park%C4%B1_olaylar%C4%B1,1,"Cumhuriyet Halk Partisi#94: Kılıçdaroğlu döneminde CHP, büyük bir destek verdi."
2013 Gezi Parkı protestolarına,https://tr.wikipedia.org/wiki/Gezi_Park%C4%B1_olaylar%C4%B1,1,"Cumhuriyet Halk Partisi#94: Kılıçdaroğlu döneminde CHP, büyük bir destek verdi."
2014 cumhurbaşkanlığı seçimi,https://tr.wikipedia.org/wiki/2014_T%C3%BCrkiye_cumhurba%C5%9Fkanl%C4%B1%C4%9F%C4%B1_se%C3%A7imi,1,"Cumhuriyet Halk Partisi#95: İlk doğrudan cumhurbaşkanlığı seçimi olan , ardından gerçekleştirildi. ile yarışan CHP ve 'nin ortak adayı %38 oy alarak seçimleri birinci turda kaybetti. , (HDP) barajı aşarak 'nin meclis çoğunluğunu kaybetmesine neden oldu. Seçimlerin ardından koalisyon görüşmeleri başarısız oldu. MHP, CHP liderliğindeki bir hükûmette HDP ile birlikte yer almayı reddetti."
2014 cumhurbaşkanlığı seçimi,https://tr.wikipedia.org/wiki/2014_T%C3%BCrkiye_cumhurba%C5%9Fkanl%C4%B1%C4%9F%C4%B1_se%C3%A7imi,1,"Cumhuriyet Halk Partisi#95: İlk doğrudan cumhurbaşkanlığı seçimi olan , ardından gerçekleştirildi. ile yarışan CHP ve 'nin ortak adayı %38 oy alarak seçimleri birinci turda kaybetti. , (HDP) barajı aşarak 'nin meclis çoğunluğunu kaybetmesine neden oldu. Seçimlerin ardından koalisyon görüşmeleri başarısız oldu. MHP, CHP liderliğindeki bir hükûmette HDP ile birlikte yer almayı reddetti."
2013 Türkiye yolsuzluk skandalının,https://tr.wikipedia.org/wiki/17-25_Aral%C4%B1k_Yolsuzluk_ve_R%C3%BC%C5%9Fvet_Operasyonu,1,"Cumhuriyet Halk Partisi#95: İlk doğrudan cumhurbaşkanlığı seçimi olan , ardından gerçekleştirildi. ile yarışan CHP ve 'nin ortak adayı %38 oy alarak seçimleri birinci turda kaybetti. , (HDP) barajı aşarak 'nin meclis çoğunluğunu kaybetmesine neden oldu. Seçimlerin ardından koalisyon görüşmeleri başarısız oldu. MHP, CHP liderliğindeki bir hükûmette HDP ile birlikte yer almayı reddetti."
2013 Türkiye yolsuzluk skandalının,https://tr.wikipedia.org/wiki/17-25_Aral%C4%B1k_Yolsuzluk_ve_R%C3%BC%C5%9Fvet_Operasyonu,1,"Cumhuriyet Halk Partisi#95: İlk doğrudan cumhurbaşkanlığı seçimi olan , ardından gerçekleştirildi. ile yarışan CHP ve 'nin ortak adayı %38 oy alarak seçimleri birinci turda kaybetti. , (HDP) barajı aşarak 'nin meclis çoğunluğunu kaybetmesine neden oldu. Seçimlerin ardından koalisyon görüşmeleri başarısız oldu. MHP, CHP liderliğindeki bir hükûmette HDP ile birlikte yer almayı reddetti."
MHP,https://tr.wikipedia.org/wiki/Milliyet%C3%A7i_Hareket_Partisi,1,"2011 Türkiye genel seçimleri#61: Yapılan (Mart-Nisan 2011) %48,2 ile %51,2, %24,4 ile %28,8, %10,7 ile %15,0 ve %4,3 ile %6,6 arasında değişen oy almaktadır. | Haziran 2015 Türkiye genel seçimleri#56: AK Parti heyeti 14 Temmuzda MHP heyeti ile görüşme kararı aldı. Davutoğlu, koalisyon görüşmesinde Genel Başkanı ile yapılan yaklaşık 1 saat 44 dakikalık görüşmeden sonra AK Parti Genel Merkezi'nde basın toplantısı düzenledi. | Cumhuriyet Halk Partisi#95: İlk doğrudan cumhurbaşkanlığı seçimi olan , ardından gerçekleştirildi. ile yarışan CHP ve 'nin ortak adayı %38 oy alarak seçimleri birinci turda kaybetti. , (HDP) barajı aşarak 'nin meclis çoğunluğunu kaybetmesine neden oldu. Seçimlerin ardından koalisyon görüşmeleri başarısız oldu. MHP, CHP liderliğindeki bir hükûmette HDP ile birlikte yer almayı reddetti."
MHP,https://tr.wikipedia.org/wiki/Milliyet%C3%A7i_Hareket_Partisi,1,"2011 Türkiye genel seçimleri#61: Yapılan (Mart-Nisan 2011) %48,2 ile %51,2, %24,4 ile %28,8, %10,7 ile %15,0 ve %4,3 ile %6,6 arasında değişen oy almaktadır. | Haziran 2015 Türkiye genel seçimleri#56: AK Parti heyeti 14 Temmuzda MHP heyeti ile görüşme kararı aldı. Davutoğlu, koalisyon görüşmesinde Genel Başkanı ile yapılan yaklaşık 1 saat 44 dakikalık görüşmeden sonra AK Parti Genel Merkezi'nde basın toplantısı düzenledi. | Cumhuriyet Halk Partisi#95: İlk doğrudan cumhurbaşkanlığı seçimi olan , ardından gerçekleştirildi. ile yarışan CHP ve 'nin ortak adayı %38 oy alarak seçimleri birinci turda kaybetti. , (HDP) barajı aşarak 'nin meclis çoğunluğunu kaybetmesine neden oldu. Seçimlerin ardından koalisyon görüşmeleri başarısız oldu. MHP, CHP liderliğindeki bir hükûmette HDP ile birlikte yer almayı reddetti."
Ekmeleddin İhsanoğlu,https://tr.wikipedia.org/wiki/Ekmeleddin_%C4%B0hsano%C4%9Flu,1,"Cumhuriyet Halk Partisi#95: İlk doğrudan cumhurbaşkanlığı seçimi olan , ardından gerçekleştirildi. ile yarışan CHP ve 'nin ortak adayı %38 oy alarak seçimleri birinci turda kaybetti. , (HDP) barajı aşarak 'nin meclis çoğunluğunu kaybetmesine neden oldu. Seçimlerin ardından koalisyon görüşmeleri başarısız oldu. MHP, CHP liderliğindeki bir hükûmette HDP ile birlikte yer almayı reddetti."
Ekmeleddin İhsanoğlu,https://tr.wikipedia.org/wiki/Ekmeleddin_%C4%B0hsano%C4%9Flu,1,"Cumhuriyet Halk Partisi#95: İlk doğrudan cumhurbaşkanlığı seçimi olan , ardından gerçekleştirildi. ile yarışan CHP ve 'nin ortak adayı %38 oy alarak seçimleri birinci turda kaybetti. , (HDP) barajı aşarak 'nin meclis çoğunluğunu kaybetmesine neden oldu. Seçimlerin ardından koalisyon görüşmeleri başarısız oldu. MHP, CHP liderliğindeki bir hükûmette HDP ile birlikte yer almayı reddetti."
Haziran 2015 genel seçimlerinde,https://tr.wikipedia.org/wiki/Haziran_2015_T%C3%BCrkiye_genel_se%C3%A7imleri,1,"Cumhuriyet Halk Partisi#95: İlk doğrudan cumhurbaşkanlığı seçimi olan , ardından gerçekleştirildi. ile yarışan CHP ve 'nin ortak adayı %38 oy alarak seçimleri birinci turda kaybetti. , (HDP) barajı aşarak 'nin meclis çoğunluğunu kaybetmesine neden oldu. Seçimlerin ardından koalisyon görüşmeleri başarısız oldu. MHP, CHP liderliğindeki bir hükûmette HDP ile birlikte yer almayı reddetti."
Haziran 2015 genel seçimlerinde,https://tr.wikipedia.org/wiki/Haziran_2015_T%C3%BCrkiye_genel_se%C3%A7imleri,1,"Cumhuriyet Halk Partisi#95: İlk doğrudan cumhurbaşkanlığı seçimi olan , ardından gerçekleştirildi. ile yarışan CHP ve 'nin ortak adayı %38 oy alarak seçimleri birinci turda kaybetti. , (HDP) barajı aşarak 'nin meclis çoğunluğunu kaybetmesine neden oldu. Seçimlerin ardından koalisyon görüşmeleri başarısız oldu. MHP, CHP liderliğindeki bir hükûmette HDP ile birlikte yer almayı reddetti."
Halkların Demokratik Partisi,https://tr.wikipedia.org/wiki/Halklar%C4%B1n_Demokratik_Partisi,1,"2018 Türkiye genel seçimleri#44: listelerinin 2 sırası ayrıldı. Eş Genel Başkanı Adana'dan aday gösterildi. | Haziran 2015 Türkiye genel seçimleri#7: Seçimlere ilk kez katılan (HDP) %10 geçerek, aldığı %13,1 oy oranı ile 80 milletvekili ile temsil edilmeye hak kazandı. | Haziran 2015 Türkiye genel seçimleri#43: Seçime girme hakkı olan seçimlere girmeyip ""ilerici güçleri"" destekleyeceğinden, ile ittifak kararı aldığından, ile ile ittifak yaptığından , genel başkan istifasından dolayı seçime girmeyeceklerinden aday listesi sunmadılar. | Haziran 2015 Türkiye genel seçimleri#45: 15 Nisan'da açıklanan geçici aday listelerine göre , , , , , , , , , , , ve 85, 75, 73, 58, ve 56, 55, 43 seçim çevresinde aday göstererek seçime girdi. | Cumhuriyet Halk Partisi#95: İlk doğrudan cumhurbaşkanlığı seçimi olan , ardından gerçekleştirildi. ile yarışan CHP ve 'nin ortak adayı %38 oy alarak seçimleri birinci turda kaybetti. , (HDP) barajı aşarak 'nin meclis çoğunluğunu kaybetmesine neden oldu. Seçimlerin ardından koalisyon görüşmeleri başarısız oldu. MHP, CHP liderliğindeki bir hükûmette HDP ile birlikte yer almayı reddetti."
Halkların Demokratik Partisi,https://tr.wikipedia.org/wiki/Halklar%C4%B1n_Demokratik_Partisi,1,"2018 Türkiye genel seçimleri#44: listelerinin 2 sırası ayrıldı. Eş Genel Başkanı Adana'dan aday gösterildi. | Haziran 2015 Türkiye genel seçimleri#7: Seçimlere ilk kez katılan (HDP) %10 geçerek, aldığı %13,1 oy oranı ile 80 milletvekili ile temsil edilmeye hak kazandı. | Haziran 2015 Türkiye genel seçimleri#43: Seçime girme hakkı olan seçimlere girmeyip ""ilerici güçleri"" destekleyeceğinden, ile ittifak kararı aldığından, ile ile ittifak yaptığından , genel başkan istifasından dolayı seçime girmeyeceklerinden aday listesi sunmadılar. | Haziran 2015 Türkiye genel seçimleri#45: 15 Nisan'da açıklanan geçici aday listelerine göre , , , , , , , , , , , ve 85, 75, 73, 58, ve 56, 55, 43 seçim çevresinde aday göstererek seçime girdi. | Cumhuriyet Halk Partisi#95: İlk doğrudan cumhurbaşkanlığı seçimi olan , ardından gerçekleştirildi. ile yarışan CHP ve 'nin ortak adayı %38 oy alarak seçimleri birinci turda kaybetti. , (HDP) barajı aşarak 'nin meclis çoğunluğunu kaybetmesine neden oldu. Seçimlerin ardından koalisyon görüşmeleri başarısız oldu. MHP, CHP liderliğindeki bir hükûmette HDP ile birlikte yer almayı reddetti."
AK Parti,https://tr.wikipedia.org/wiki/Adalet_ve_Kalk%C4%B1nma_Partisi,1,"TrabzonCard#2: ( ) | Türkiye#200: 'ne göre uzun yıllardır ülkeyi yöneten hükûmeti, basın özgürlüğü açısından dünyanın en büyük baskılarından birini uygulamaktadır. | AraklıCard#5: Hüseyin Avni Çoşkun Çebi ( ) | 2011 Türkiye genel seçimleri#61: Yapılan (Mart-Nisan 2011) %48,2 ile %51,2, %24,4 ile %28,8, %10,7 ile %15,0 ve %4,3 ile %6,6 arasında değişen oy almaktadır. | Haziran 2015 Türkiye genel seçimleri#52: Cumhurbaşkanı hükûmeti kurma görevini 10 Temmuz 2015'te birinci parti olan 'nin genel başkanı 'na verdi. ilk ziyaretini 13 Temmuzda yaptı. - görüşmesi 1 saat 40 dakika sürdü. | Cumhuriyet Halk Partisi#95: İlk doğrudan cumhurbaşkanlığı seçimi olan , ardından gerçekleştirildi. ile yarışan CHP ve 'nin ortak adayı %38 oy alarak seçimleri birinci turda kaybetti. , (HDP) barajı aşarak 'nin meclis çoğunluğunu kaybetmesine neden oldu. Seçimlerin ardından koalisyon görüşmeleri başarısız oldu. MHP, CHP liderliğindeki bir hükûmette HDP ile birlikte yer almayı reddetti."
AK Parti,https://tr.wikipedia.org/wiki/Adalet_ve_Kalk%C4%B1nma_Partisi,1,"TrabzonCard#2: ( ) | Türkiye#200: 'ne göre uzun yıllardır ülkeyi yöneten hükûmeti, basın özgürlüğü açısından dünyanın en büyük baskılarından birini uygulamaktadır. | AraklıCard#5: Hüseyin Avni Çoşkun Çebi ( ) | 2011 Türkiye genel seçimleri#61: Yapılan (Mart-Nisan 2011) %48,2 ile %51,2, %24,4 ile %28,8, %10,7 ile %15,0 ve %4,3 ile %6,6 arasında değişen oy almaktadır. | Haziran 2015 Türkiye genel seçimleri#52: Cumhurbaşkanı hükûmeti kurma görevini 10 Temmuz 2015'te birinci parti olan 'nin genel başkanı 'na verdi. ilk ziyaretini 13 Temmuzda yaptı. - görüşmesi 1 saat 40 dakika sürdü. | Cumhuriyet Halk Partisi#95: İlk doğrudan cumhurbaşkanlığı seçimi olan , ardından gerçekleştirildi. ile yarışan CHP ve 'nin ortak adayı %38 oy alarak seçimleri birinci turda kaybetti. , (HDP) barajı aşarak 'nin meclis çoğunluğunu kaybetmesine neden oldu. Seçimlerin ardından koalisyon görüşmeleri başarısız oldu. MHP, CHP liderliğindeki bir hükûmette HDP ile birlikte yer almayı reddetti."
Kasım ayında yapılan erken seçimde,https://tr.wikipedia.org/wiki/Kas%C4%B1m_2015_T%C3%BCrkiye_genel_se%C3%A7imleri,1,Cumhuriyet Halk Partisi#96: CHP ise haftalar süren müzakerelerin ardından AK Parti ile hükûmet kurmayı reddetti. AK Parti meclis çoğunluğunu yeniden kazandı.
Kasım ayında yapılan erken seçimde,https://tr.wikipedia.org/wiki/Kas%C4%B1m_2015_T%C3%BCrkiye_genel_se%C3%A7imleri,1,Cumhuriyet Halk Partisi#96: CHP ise haftalar süren müzakerelerin ardından AK Parti ile hükûmet kurmayı reddetti. AK Parti meclis çoğunluğunu yeniden kazandı.
2017 anayasa referandumunda,https://tr.wikipedia.org/wiki/2017_T%C3%BCrkiye_anayasa_de%C4%9Fi%C5%9Fikli%C4%9Fi_referandumu,1,"Cumhuriyet Halk Partisi#97: Kılıçdaroğlu döneminde parti, ""hayır"" kampanyasına öncülük etmiştir."
2017 anayasa referandumunda,https://tr.wikipedia.org/wiki/2017_T%C3%BCrkiye_anayasa_de%C4%9Fi%C5%9Fikli%C4%9Fi_referandumu,1,"Cumhuriyet Halk Partisi#97: Kılıçdaroğlu döneminde parti, ""hayır"" kampanyasına öncülük etmiştir."
İYİ Parti,https://tr.wikipedia.org/wiki/%C4%B0Y%C4%B0_Parti,1,"Türkiye#159: Meclisin , ardından başlamıştır ve başlangıçta milletvekili dağılımı şu şekilde belirlendi: (AKP) 268, (CHP) 169, (MHP) 50, Halkların Eşitlik ve Demokrasi Partisi (HEDEP) 57, 43, (YRP) 5, (TİP) 4 sandalye. | 2018 Türkiye genel seçimleri#26: Anayasa değişikliği referandumunda ""Hayır"" cephesinde yer alan , , ve milletvekili seçimlerinde ittifak yapma kararı aldılar. | 2018 Türkiye genel seçimleri#32: Seçim kararı alındıktan sonra önderliğinde kurulan 'nin seçime katılıp katılamayacağı konusu tartışılmaya başladı. 'nın da seçime katılacak partiler konusunda açıklama yapmak için gecikmesiyle tartışmalar daha da alevlendi. 25 Ekim 2017'de kurulan parti büyük kurultayını 10 Aralık 2017'de yapmıştır. | 2018 Türkiye genel seçimleri#35: sözcüsü , 22 Nisan 2018 tarihinde yaptığı açıklamayla 'nın baskı altında olduğunu, seçimlerin ve demokrasinin sekteye uğramaması adına genel başkan 'nun direktifiyle 15 CHP'li vekilin 'ye geçtiğini açıkladı. | 2018 Türkiye genel seçimleri#36: Böylelikle önceden 5 milletvekili bulunan 'nin 'de grup kurması sağlanarak 36. maddesi yerine getirilmesi sağlandı. | Cumhuriyet Halk Partisi#98: 2017'ye gelindiğinde, MHP'den ayrılan muhalifler 'yi kurdu."
İYİ Parti,https://tr.wikipedia.org/wiki/%C4%B0Y%C4%B0_Parti,1,"Türkiye#159: Meclisin , ardından başlamıştır ve başlangıçta milletvekili dağılımı şu şekilde belirlendi: (AKP) 268, (CHP) 169, (MHP) 50, Halkların Eşitlik ve Demokrasi Partisi (HEDEP) 57, 43, (YRP) 5, (TİP) 4 sandalye. | 2018 Türkiye genel seçimleri#26: Anayasa değişikliği referandumunda ""Hayır"" cephesinde yer alan , , ve milletvekili seçimlerinde ittifak yapma kararı aldılar. | 2018 Türkiye genel seçimleri#32: Seçim kararı alındıktan sonra önderliğinde kurulan 'nin seçime katılıp katılamayacağı konusu tartışılmaya başladı. 'nın da seçime katılacak partiler konusunda açıklama yapmak için gecikmesiyle tartışmalar daha da alevlendi. 25 Ekim 2017'de kurulan parti büyük kurultayını 10 Aralık 2017'de yapmıştır. | 2018 Türkiye genel seçimleri#35: sözcüsü , 22 Nisan 2018 tarihinde yaptığı açıklamayla 'nın baskı altında olduğunu, seçimlerin ve demokrasinin sekteye uğramaması adına genel başkan 'nun direktifiyle 15 CHP'li vekilin 'ye geçtiğini açıkladı. | 2018 Türkiye genel seçimleri#36: Böylelikle önceden 5 milletvekili bulunan 'nin 'de grup kurması sağlanarak 36. maddesi yerine getirilmesi sağlandı. | Cumhuriyet Halk Partisi#98: 2017'ye gelindiğinde, MHP'den ayrılan muhalifler 'yi kurdu."
2018 genel seçiminde,https://tr.wikipedia.org/wiki/2018_T%C3%BCrkiye_genel_se%C3%A7imleri,1,"Cumhuriyet Halk Partisi#99: Kılıçdaroğlu İYİ Parti'nin seçimlere katılması için 15 milletvekili transfer ederek yeni partinin yükselişini kolaylaştırdı. CHP, İYİ Parti, ve , AK Parti ve MHP'den oluşan 'na karşı 'nı kurdu."
2018 genel seçiminde,https://tr.wikipedia.org/wiki/2018_T%C3%BCrkiye_genel_se%C3%A7imleri,1,"Cumhuriyet Halk Partisi#99: Kılıçdaroğlu İYİ Parti'nin seçimlere katılması için 15 milletvekili transfer ederek yeni partinin yükselişini kolaylaştırdı. CHP, İYİ Parti, ve , AK Parti ve MHP'den oluşan 'na karşı 'nı kurdu."
Saadet Partisi,https://tr.wikipedia.org/wiki/Saadet_Partisi,1,"2011 Türkiye genel seçimleri#19: Seçimde dikkat çeken adaylardan biri de Denizli 5. sıra milletvekili adayı Haşim Ahmet Abdülbaki Buğra Bahadır Nebioğulları oldu. İsim ve soyadındaki 43 harf ile bu seçimin en uzun isimli adayı olarak kayıtlara geçti. | 2018 Türkiye genel seçimleri#26: Anayasa değişikliği referandumunda ""Hayır"" cephesinde yer alan , , ve milletvekili seçimlerinde ittifak yapma kararı aldılar. | 2018 Türkiye genel seçimleri#41: bileşeni olan listelerinin 5 sırası ayrıldı. listelerinden, 2 milletvekili kazanmıştır. | Haziran 2015 Türkiye genel seçimleri#43: Seçime girme hakkı olan seçimlere girmeyip ""ilerici güçleri"" destekleyeceğinden, ile ittifak kararı aldığından, ile ile ittifak yaptığından , genel başkan istifasından dolayı seçime girmeyeceklerinden aday listesi sunmadılar. | Haziran 2015 Türkiye genel seçimleri#45: 15 Nisan'da açıklanan geçici aday listelerine göre , , , , , , , , , , , ve 85, 75, 73, 58, ve 56, 55, 43 seçim çevresinde aday göstererek seçime girdi. | Haziran 2015 Türkiye genel seçimleri#47: 6 Nisan 2015 tarihinde (TSİP) ve (DEV-PARTİ), yapılan seçimlerde 'ni (CHP) destekleme kararı aldıklarını açıkladılar. 7 Nisan 2015 tarihinde , ile ittifak yapacağını açıkladı. 2 Haziran 2015 tarihinde (MYP), yapılan seçimlerde 'ni (MHP) destekleme kararı aldı. | 2002 Türkiye genel seçimleri#7: İktidardaki , ve 'nin yanı sıra önceki dönemde TBMM'de temsil edilen muhalefet partilerinden , ve 'nin de seçim barajını aşamayarak TBMM'ye giremediği seçimler, Türkiye'nin siyasetini temelinden sarsan büyük bir değişim olarak nitelendirildi. [kaynak belirtilmeli] nedeniyle temsil edilemeyen oy sayısı tarihte eşi benzeri görülmemiş bir şekilde %46,33 oranla 14.545.438 oldu. | 2002 Türkiye genel seçimleri#48: sonra kurulup 2002 seçimlerine kadar ülkeyi yöneten koalisyon hükûmetinin ortaklarından Demokratik Sol Parti, Milliyetçi Hareket Partisi ve 'nin yanı sıra muhalefetteki , ve barajı aşamayarak TBMM dışında kaldı. | Cumhuriyet Halk Partisi#99: Kılıçdaroğlu İYİ Parti'nin seçimlere katılması için 15 milletvekili transfer ederek yeni partinin yükselişini kolaylaştırdı. CHP, İYİ Parti, ve , AK Parti ve MHP'den oluşan 'na karşı 'nı kurdu."
Saadet Partisi,https://tr.wikipedia.org/wiki/Saadet_Partisi,1,"2011 Türkiye genel seçimleri#19: Seçimde dikkat çeken adaylardan biri de Denizli 5. sıra milletvekili adayı Haşim Ahmet Abdülbaki Buğra Bahadır Nebioğulları oldu. İsim ve soyadındaki 43 harf ile bu seçimin en uzun isimli adayı olarak kayıtlara geçti. | 2018 Türkiye genel seçimleri#26: Anayasa değişikliği referandumunda ""Hayır"" cephesinde yer alan , , ve milletvekili seçimlerinde ittifak yapma kararı aldılar. | 2018 Türkiye genel seçimleri#41: bileşeni olan listelerinin 5 sırası ayrıldı. listelerinden, 2 milletvekili kazanmıştır. | Haziran 2015 Türkiye genel seçimleri#43: Seçime girme hakkı olan seçimlere girmeyip ""ilerici güçleri"" destekleyeceğinden, ile ittifak kararı aldığından, ile ile ittifak yaptığından , genel başkan istifasından dolayı seçime girmeyeceklerinden aday listesi sunmadılar. | Haziran 2015 Türkiye genel seçimleri#45: 15 Nisan'da açıklanan geçici aday listelerine göre , , , , , , , , , , , ve 85, 75, 73, 58, ve 56, 55, 43 seçim çevresinde aday göstererek seçime girdi. | Haziran 2015 Türkiye genel seçimleri#47: 6 Nisan 2015 tarihinde (TSİP) ve (DEV-PARTİ), yapılan seçimlerde 'ni (CHP) destekleme kararı aldıklarını açıkladılar. 7 Nisan 2015 tarihinde , ile ittifak yapacağını açıkladı. 2 Haziran 2015 tarihinde (MYP), yapılan seçimlerde 'ni (MHP) destekleme kararı aldı. | 2002 Türkiye genel seçimleri#7: İktidardaki , ve 'nin yanı sıra önceki dönemde TBMM'de temsil edilen muhalefet partilerinden , ve 'nin de seçim barajını aşamayarak TBMM'ye giremediği seçimler, Türkiye'nin siyasetini temelinden sarsan büyük bir değişim olarak nitelendirildi. [kaynak belirtilmeli] nedeniyle temsil edilemeyen oy sayısı tarihte eşi benzeri görülmemiş bir şekilde %46,33 oranla 14.545.438 oldu. | 2002 Türkiye genel seçimleri#48: sonra kurulup 2002 seçimlerine kadar ülkeyi yöneten koalisyon hükûmetinin ortaklarından Demokratik Sol Parti, Milliyetçi Hareket Partisi ve 'nin yanı sıra muhalefetteki , ve barajı aşamayarak TBMM dışında kaldı. | Cumhuriyet Halk Partisi#99: Kılıçdaroğlu İYİ Parti'nin seçimlere katılması için 15 milletvekili transfer ederek yeni partinin yükselişini kolaylaştırdı. CHP, İYİ Parti, ve , AK Parti ve MHP'den oluşan 'na karşı 'nı kurdu."
"Demokrat Parti U:(https://tr.wikipedia.org/wiki/Demokrat_Parti_(2007))___ , AK Parti ve MHP'den oluşan ___E:Cumhur İttifakı",https://tr.wikipedia.org/wiki/Cumhur_%C4%B0ttifak%C4%B1,1,"Cumhuriyet Halk Partisi#99: Kılıçdaroğlu İYİ Parti'nin seçimlere katılması için 15 milletvekili transfer ederek yeni partinin yükselişini kolaylaştırdı. CHP, İYİ Parti, ve , AK Parti ve MHP'den oluşan 'na karşı 'nı kurdu."
Frank-Walter Steinmeier,https://tr.wikipedia.org/wiki/Frank-Walter_Steinmeier,1,"Cumhuriyet Halk Partisi#115: Genel başkan Özel, ile Almanya'nın Ankara Büyükelçiliğinde yaptığı görüşmede sorunun Türkiye ile Avrupa ülkeleri arasındaki anlaşmalar ve maddi destekle ve Suriyeliler'in Türkiye'de kalması ile çözülemeyeceğini, aksine bunların sorunu daha da büyüteceğini ifade etmiştir."
Frank-Walter Steinmeier,https://tr.wikipedia.org/wiki/Frank-Walter_Steinmeier,1,"Cumhuriyet Halk Partisi#115: Genel başkan Özel, ile Almanya'nın Ankara Büyükelçiliğinde yaptığı görüşmede sorunun Türkiye ile Avrupa ülkeleri arasındaki anlaşmalar ve maddi destekle ve Suriyeliler'in Türkiye'de kalması ile çözülemeyeceğini, aksine bunların sorunu daha da büyüteceğini ifade etmiştir."
Milliyetçilik ilkesi,https://tr.wikipedia.org/wiki/Atat%C3%BCrk_milliyet%C3%A7ili%C4%9Fi,1,"Cumhuriyet Halk Partisi#120: Parti programında bu ilkeler şöyle tanımlanmıştır: Cumhuriyetçilik ilkesi, egemenliğin ulusta olduğunu ve milli iradenin temel alındığı bir devlet düzenini savunur. , Türkiye'nin din, dil, ırk ve etnik köken değil, siyasal bir birlik etrafında kurulduğunu vurgular."
Muharrem İnce,https://tr.wikipedia.org/wiki/Muharrem_%C4%B0nce,1,"Cumhuriyet Halk Partisi 36. Olağan Kurultayı#6: Genel başkanlığa adaylığını açıklayan beş kişi arasından sadece ve , delege üyelerinden resmî olarak adaylık için gereken 127 imzayı topladılar. | Cumhuriyet Halk Partisi 36. Olağan Kurultayı#9: Ankara Arena'daki izleyiciler, kurultayın ilk gününde gerçekleşen genel başkanlık yarışında genel başkan adayı için çok heyecanlıydı. | Cumhuriyet Halk Partisi#100: CHP'nin oy oranının %22 olmasına rağmen, Millet İttifakı toplamda %33 oy aldı. CHP'nin cumhurbaşkanı adayı %30 oy alarak seçimleri ilk turda kaybetti."
Muharrem İnce,https://tr.wikipedia.org/wiki/Muharrem_%C4%B0nce,1,"Cumhuriyet Halk Partisi 36. Olağan Kurultayı#6: Genel başkanlığa adaylığını açıklayan beş kişi arasından sadece ve , delege üyelerinden resmî olarak adaylık için gereken 127 imzayı topladılar. | Cumhuriyet Halk Partisi 36. Olağan Kurultayı#9: Ankara Arena'daki izleyiciler, kurultayın ilk gününde gerçekleşen genel başkanlık yarışında genel başkan adayı için çok heyecanlıydı. | Cumhuriyet Halk Partisi#100: CHP'nin oy oranının %22 olmasına rağmen, Millet İttifakı toplamda %33 oy aldı. CHP'nin cumhurbaşkanı adayı %30 oy alarak seçimleri ilk turda kaybetti."
2019 yerel seçimleri,https://tr.wikipedia.org/wiki/2019_T%C3%BCrkiye_yerel_se%C3%A7imleri,1,"Cumhuriyet Halk Partisi#101: Millet İttifakı, CHP'nin büyük kazançlar elde ettiği için yeniden kuruldu, bu seçimde CHP'nin neredeyse %30 oy aldığı görüldü."
2019 yerel seçimleri,https://tr.wikipedia.org/wiki/2019_T%C3%BCrkiye_yerel_se%C3%A7imleri,1,"Cumhuriyet Halk Partisi#101: Millet İttifakı, CHP'nin büyük kazançlar elde ettiği için yeniden kuruldu, bu seçimde CHP'nin neredeyse %30 oy aldığı görüldü."
İstanbul,https://tr.wikipedia.org/wiki/2019_%C4%B0stanbul_ara_yerel_se%C3%A7imi,1,"Cumhuriyet Halk Partisi#102: Diğer siyasi partilerle yapılan ittifak, CHP'nin ve 'yı 25 yılın ardından kazanmasını sağladı."
İstanbul,https://tr.wikipedia.org/wiki/2019_%C4%B0stanbul_ara_yerel_se%C3%A7imi,1,"Cumhuriyet Halk Partisi#102: Diğer siyasi partilerle yapılan ittifak, CHP'nin ve 'yı 25 yılın ardından kazanmasını sağladı."
Ankara,https://tr.wikipedia.org/wiki/Ankara%27da_2019_T%C3%BCrkiye_yerel_se%C3%A7imleri,1,"Cumhuriyet Halk Partisi#102: Diğer siyasi partilerle yapılan ittifak, CHP'nin ve 'yı 25 yılın ardından kazanmasını sağladı."
Ankara,https://tr.wikipedia.org/wiki/Ankara%27da_2019_T%C3%BCrkiye_yerel_se%C3%A7imleri,1,"Cumhuriyet Halk Partisi#102: Diğer siyasi partilerle yapılan ittifak, CHP'nin ve 'yı 25 yılın ardından kazanmasını sağladı."
2023 cumhurbaşkanlığı seçimi,https://tr.wikipedia.org/wiki/2023_T%C3%BCrkiye_genel_se%C3%A7imleri,1,"Cumhuriyet Halk Partisi#103: Kılıçdaroğlu, için CHP ve 'nın adayı olarak gösterildi."
2023 cumhurbaşkanlığı seçimi,https://tr.wikipedia.org/wiki/2023_T%C3%BCrkiye_genel_se%C3%A7imleri,1,"Cumhuriyet Halk Partisi#103: Kılıçdaroğlu, için CHP ve 'nın adayı olarak gösterildi."
Ekrem İmamoğlu,https://tr.wikipedia.org/wiki/Ekrem_%C4%B0mamo%C4%9Flu,1,"Cumhuriyet Halk Partisi#104: İstanbul ve Ankara büyükşehir belediye başkanları ve , Millet İttifakı'ndaki diğer parti liderleriyle birlikte cumhurbaşkanı yardımcısı adaylığıyla kampanyaya dahil oldu. , yönetim şeklinde ve rağmen, Kılıçdaroğlu, ikinci turda oyların %48'ini alarak Erdoğan'a karşı seçimleri kaybetti."
Ekrem İmamoğlu,https://tr.wikipedia.org/wiki/Ekrem_%C4%B0mamo%C4%9Flu,1,"Cumhuriyet Halk Partisi#104: İstanbul ve Ankara büyükşehir belediye başkanları ve , Millet İttifakı'ndaki diğer parti liderleriyle birlikte cumhurbaşkanı yardımcısı adaylığıyla kampanyaya dahil oldu. , yönetim şeklinde ve rağmen, Kılıçdaroğlu, ikinci turda oyların %48'ini alarak Erdoğan'a karşı seçimleri kaybetti."
Mansur Yavaş,https://tr.wikipedia.org/wiki/Mansur_Yava%C5%9F,1,"Cumhuriyet Halk Partisi#104: İstanbul ve Ankara büyükşehir belediye başkanları ve , Millet İttifakı'ndaki diğer parti liderleriyle birlikte cumhurbaşkanı yardımcısı adaylığıyla kampanyaya dahil oldu. , yönetim şeklinde ve rağmen, Kılıçdaroğlu, ikinci turda oyların %48'ini alarak Erdoğan'a karşı seçimleri kaybetti."
Mansur Yavaş,https://tr.wikipedia.org/wiki/Mansur_Yava%C5%9F,1,"Cumhuriyet Halk Partisi#104: İstanbul ve Ankara büyükşehir belediye başkanları ve , Millet İttifakı'ndaki diğer parti liderleriyle birlikte cumhurbaşkanı yardımcısı adaylığıyla kampanyaya dahil oldu. , yönetim şeklinde ve rağmen, Kılıçdaroğlu, ikinci turda oyların %48'ini alarak Erdoğan'a karşı seçimleri kaybetti."
"Ekonomik krize U:(https://tr.wikipedia.org/wiki/T%C3%BCrkiye_ekonomik_krizi_(2018-g%C3%BCn%C3%BCm%C3%BCz))___ , ___E:COVID-19 pandemisinin",https://tr.wikipedia.org/wiki/COVID-19_pandemisi,1,"Cumhuriyet Halk Partisi#104: İstanbul ve Ankara büyükşehir belediye başkanları ve , Millet İttifakı'ndaki diğer parti liderleriyle birlikte cumhurbaşkanı yardımcısı adaylığıyla kampanyaya dahil oldu. , yönetim şeklinde ve rağmen, Kılıçdaroğlu, ikinci turda oyların %48'ini alarak Erdoğan'a karşı seçimleri kaybetti."
"Ekonomik krize U:(https://tr.wikipedia.org/wiki/T%C3%BCrkiye_ekonomik_krizi_(2018-g%C3%BCn%C3%BCm%C3%BCz))___ , ___E:COVID-19 pandemisinin",https://tr.wikipedia.org/wiki/COVID-19_pandemisi,1,"Cumhuriyet Halk Partisi#104: İstanbul ve Ankara büyükşehir belediye başkanları ve , Millet İttifakı'ndaki diğer parti liderleriyle birlikte cumhurbaşkanı yardımcısı adaylığıyla kampanyaya dahil oldu. , yönetim şeklinde ve rağmen, Kılıçdaroğlu, ikinci turda oyların %48'ini alarak Erdoğan'a karşı seçimleri kaybetti."
Kahramanmaraş depremlerine,https://tr.wikipedia.org/wiki/2023_Kahramanmara%C5%9F_depremleri,1,"Cumhuriyet Halk Partisi#104: İstanbul ve Ankara büyükşehir belediye başkanları ve , Millet İttifakı'ndaki diğer parti liderleriyle birlikte cumhurbaşkanı yardımcısı adaylığıyla kampanyaya dahil oldu. , yönetim şeklinde ve rağmen, Kılıçdaroğlu, ikinci turda oyların %48'ini alarak Erdoğan'a karşı seçimleri kaybetti."
Kahramanmaraş depremlerine,https://tr.wikipedia.org/wiki/2023_Kahramanmara%C5%9F_depremleri,1,"Cumhuriyet Halk Partisi#104: İstanbul ve Ankara büyükşehir belediye başkanları ve , Millet İttifakı'ndaki diğer parti liderleriyle birlikte cumhurbaşkanı yardımcısı adaylığıyla kampanyaya dahil oldu. , yönetim şeklinde ve rağmen, Kılıçdaroğlu, ikinci turda oyların %48'ini alarak Erdoğan'a karşı seçimleri kaybetti."
38. Olağan Kurultay,https://tr.wikipedia.org/wiki/Cumhuriyet_Halk_Partisi_38._Ola%C4%9Fan_Kurultay%C4%B1,1,"Cumhuriyet Halk Partisi#106: Seçimden sonra düzenlenen 'da, , 2010'dan beri bu görevi sürdüren Kılıçdaroğlu'nu yenerek CHP'nin genel başkanı seçildi."
38. Olağan Kurultay,https://tr.wikipedia.org/wiki/Cumhuriyet_Halk_Partisi_38._Ola%C4%9Fan_Kurultay%C4%B1,1,"Cumhuriyet Halk Partisi#106: Seçimden sonra düzenlenen 'da, , 2010'dan beri bu görevi sürdüren Kılıçdaroğlu'nu yenerek CHP'nin genel başkanı seçildi."
kurultayda,https://tr.wikipedia.org/wiki/Cumhuriyet_Halk_Partisi_38._Ola%C4%9Fan_Kurultay%C4%B1,1,"Cumhuriyet Halk Partisi#107: Özel, 5 Kasım 2023 tarihinde gerçekleştirilen Kemal Kılıçdaroğlu karşısında 2. turda 812 oy ile CHP genel başkanı seçildi."
kurultayda,https://tr.wikipedia.org/wiki/Cumhuriyet_Halk_Partisi_38._Ola%C4%9Fan_Kurultay%C4%B1,1,"Cumhuriyet Halk Partisi#107: Özel, 5 Kasım 2023 tarihinde gerçekleştirilen Kemal Kılıçdaroğlu karşısında 2. turda 812 oy ile CHP genel başkanı seçildi."
gölge kabine U:(https://tr.wikipedia.org/wiki/G%C3%B6lge_Kabine_(T%C3%BCrkiye))___ ' yapısını duyurarak ___E:I. Türkiye Gölge Kabinesi,https://tr.wikipedia.org/wiki/%C3%96zel_G%C3%B6lge_Kabinesi,1,"Cumhuriyet Halk Partisi#109: Özgür Özel, 11 Kasım 2023 tarihinde Türkiye'de ana muhalefet partisi tarafından ilk kez kurulan ' ' yapısını duyurarak 'ni MYK üyeleri arasından kurdu."
gölge kabine U:(https://tr.wikipedia.org/wiki/G%C3%B6lge_Kabine_(T%C3%BCrkiye))___ ' yapısını duyurarak ___E:I. Türkiye Gölge Kabinesi,https://tr.wikipedia.org/wiki/%C3%96zel_G%C3%B6lge_Kabinesi,1,"Cumhuriyet Halk Partisi#109: Özgür Özel, 11 Kasım 2023 tarihinde Türkiye'de ana muhalefet partisi tarafından ilk kez kurulan ' ' yapısını duyurarak 'ni MYK üyeleri arasından kurdu."
46 yıl aradan sonra,https://tr.wikipedia.org/wiki/1977_T%C3%BCrkiye_yerel_se%C3%A7imleri,1,"Cumhuriyet Halk Partisi#110: 2024 yılında Özgür Özel liderliğinde parti, birinci parti oldu ve ülke genelinde 22 yıl sonra ilk kez AK Parti'yi geçti. parti, hariç mevcut büyükşehirlerinin hepsini korudu ve , , ve Büyükşehir Belediyelerini kazandı."
46 yıl aradan sonra,https://tr.wikipedia.org/wiki/1977_T%C3%BCrkiye_yerel_se%C3%A7imleri,1,"Cumhuriyet Halk Partisi#110: 2024 yılında Özgür Özel liderliğinde parti, birinci parti oldu ve ülke genelinde 22 yıl sonra ilk kez AK Parti'yi geçti. parti, hariç mevcut büyükşehirlerinin hepsini korudu ve , , ve Büyükşehir Belediyelerini kazandı."
2024 yerel seçimlerinde,https://tr.wikipedia.org/wiki/2024_T%C3%BCrkiye_yerel_se%C3%A7imleri,1,"Cumhuriyet Halk Partisi#110: 2024 yılında Özgür Özel liderliğinde parti, birinci parti oldu ve ülke genelinde 22 yıl sonra ilk kez AK Parti'yi geçti. parti, hariç mevcut büyükşehirlerinin hepsini korudu ve , , ve Büyükşehir Belediyelerini kazandı."
2024 yerel seçimlerinde,https://tr.wikipedia.org/wiki/2024_T%C3%BCrkiye_yerel_se%C3%A7imleri,1,"Cumhuriyet Halk Partisi#110: 2024 yılında Özgür Özel liderliğinde parti, birinci parti oldu ve ülke genelinde 22 yıl sonra ilk kez AK Parti'yi geçti. parti, hariç mevcut büyükşehirlerinin hepsini korudu ve , , ve Büyükşehir Belediyelerini kazandı."
Hatay,https://tr.wikipedia.org/wiki/Hatay_B%C3%BCy%C3%BCk%C5%9Fehir_Belediyesi,1,"Cumhuriyet Halk Partisi#110: 2024 yılında Özgür Özel liderliğinde parti, birinci parti oldu ve ülke genelinde 22 yıl sonra ilk kez AK Parti'yi geçti. parti, hariç mevcut büyükşehirlerinin hepsini korudu ve , , ve Büyükşehir Belediyelerini kazandı."
Hatay,https://tr.wikipedia.org/wiki/Hatay_B%C3%BCy%C3%BCk%C5%9Fehir_Belediyesi,1,"Cumhuriyet Halk Partisi#110: 2024 yılında Özgür Özel liderliğinde parti, birinci parti oldu ve ülke genelinde 22 yıl sonra ilk kez AK Parti'yi geçti. parti, hariç mevcut büyükşehirlerinin hepsini korudu ve , , ve Büyükşehir Belediyelerini kazandı."
Bursa,https://tr.wikipedia.org/wiki/Bursa_B%C3%BCy%C3%BCk%C5%9Fehir_Belediyesi,1,"Cumhuriyet Halk Partisi#110: 2024 yılında Özgür Özel liderliğinde parti, birinci parti oldu ve ülke genelinde 22 yıl sonra ilk kez AK Parti'yi geçti. parti, hariç mevcut büyükşehirlerinin hepsini korudu ve , , ve Büyükşehir Belediyelerini kazandı."
Bursa,https://tr.wikipedia.org/wiki/Bursa_B%C3%BCy%C3%BCk%C5%9Fehir_Belediyesi,1,"Cumhuriyet Halk Partisi#110: 2024 yılında Özgür Özel liderliğinde parti, birinci parti oldu ve ülke genelinde 22 yıl sonra ilk kez AK Parti'yi geçti. parti, hariç mevcut büyükşehirlerinin hepsini korudu ve , , ve Büyükşehir Belediyelerini kazandı."
Balıkesir,https://tr.wikipedia.org/wiki/Bal%C4%B1kesir_B%C3%BCy%C3%BCk%C5%9Fehir_Belediyesi,1,"Cumhuriyet Halk Partisi#110: 2024 yılında Özgür Özel liderliğinde parti, birinci parti oldu ve ülke genelinde 22 yıl sonra ilk kez AK Parti'yi geçti. parti, hariç mevcut büyükşehirlerinin hepsini korudu ve , , ve Büyükşehir Belediyelerini kazandı."
Balıkesir,https://tr.wikipedia.org/wiki/Bal%C4%B1kesir_B%C3%BCy%C3%BCk%C5%9Fehir_Belediyesi,1,"Cumhuriyet Halk Partisi#110: 2024 yılında Özgür Özel liderliğinde parti, birinci parti oldu ve ülke genelinde 22 yıl sonra ilk kez AK Parti'yi geçti. parti, hariç mevcut büyükşehirlerinin hepsini korudu ve , , ve Büyükşehir Belediyelerini kazandı."
Denizli,https://tr.wikipedia.org/wiki/Denizli_B%C3%BCy%C3%BCk%C5%9Fehir_Belediyesi,1,"Cumhuriyet Halk Partisi#110: 2024 yılında Özgür Özel liderliğinde parti, birinci parti oldu ve ülke genelinde 22 yıl sonra ilk kez AK Parti'yi geçti. parti, hariç mevcut büyükşehirlerinin hepsini korudu ve , , ve Büyükşehir Belediyelerini kazandı."
Denizli,https://tr.wikipedia.org/wiki/Denizli_B%C3%BCy%C3%BCk%C5%9Fehir_Belediyesi,1,"Cumhuriyet Halk Partisi#110: 2024 yılında Özgür Özel liderliğinde parti, birinci parti oldu ve ülke genelinde 22 yıl sonra ilk kez AK Parti'yi geçti. parti, hariç mevcut büyükşehirlerinin hepsini korudu ve , , ve Büyükşehir Belediyelerini kazandı."
Manisa,https://tr.wikipedia.org/wiki/Manisa_B%C3%BCy%C3%BCk%C5%9Fehir_Belediyesi,1,"Cumhuriyet Halk Partisi#110: 2024 yılında Özgür Özel liderliğinde parti, birinci parti oldu ve ülke genelinde 22 yıl sonra ilk kez AK Parti'yi geçti. parti, hariç mevcut büyükşehirlerinin hepsini korudu ve , , ve Büyükşehir Belediyelerini kazandı."
Manisa,https://tr.wikipedia.org/wiki/Manisa_B%C3%BCy%C3%BCk%C5%9Fehir_Belediyesi,1,"Cumhuriyet Halk Partisi#110: 2024 yılında Özgür Özel liderliğinde parti, birinci parti oldu ve ülke genelinde 22 yıl sonra ilk kez AK Parti'yi geçti. parti, hariç mevcut büyükşehirlerinin hepsini korudu ve , , ve Büyükşehir Belediyelerini kazandı."
sosyal demokrasi,https://tr.wikipedia.org/wiki/Sosyal_demokrasi,1,Cumhuriyet Halk Partisi#111: CHP ve 'i benimseyen merkez sol bir siyasi partidir.
sosyal demokrasi,https://tr.wikipedia.org/wiki/Sosyal_demokrasi,1,Cumhuriyet Halk Partisi#111: CHP ve 'i benimseyen merkez sol bir siyasi partidir.
Atatürk'ün modernleşme devrimi,https://tr.wikipedia.org/wiki/Atat%C3%BCrk_Devrimleri,1,"Cumhuriyet Halk Partisi#112: Cumhuriyet Halk Partisi, programının temel ideolojik dayanaklarının üç ana veçhesi olduğunu bunların ise: ve , sosyal demokrasinin evrensel ilkeleri ve Anadolu ve Trakya'nın tarihsel birikimi olduğunu belirtmiştir."
Atatürk'ün modernleşme devrimi,https://tr.wikipedia.org/wiki/Atat%C3%BCrk_Devrimleri,1,"Cumhuriyet Halk Partisi#112: Cumhuriyet Halk Partisi, programının temel ideolojik dayanaklarının üç ana veçhesi olduğunu bunların ise: ve , sosyal demokrasinin evrensel ilkeleri ve Anadolu ve Trakya'nın tarihsel birikimi olduğunu belirtmiştir."
altı ok ilkeleri,https://tr.wikipedia.org/wiki/Alt%C4%B1_Ok,1,"Cumhuriyet Halk Partisi#112: Cumhuriyet Halk Partisi, programının temel ideolojik dayanaklarının üç ana veçhesi olduğunu bunların ise: ve , sosyal demokrasinin evrensel ilkeleri ve Anadolu ve Trakya'nın tarihsel birikimi olduğunu belirtmiştir."
altı ok ilkeleri,https://tr.wikipedia.org/wiki/Alt%C4%B1_Ok,1,"Cumhuriyet Halk Partisi#112: Cumhuriyet Halk Partisi, programının temel ideolojik dayanaklarının üç ana veçhesi olduğunu bunların ise: ve , sosyal demokrasinin evrensel ilkeleri ve Anadolu ve Trakya'nın tarihsel birikimi olduğunu belirtmiştir."
Suriye,https://tr.wikipedia.org/wiki/Suriye,1,"Türkiye#2: Batıda ve , doğuda , , ve , güneyde ise ve ile sınır komşusudur. | Türkiye#94: Savaş sırasında Ermenilerle yaşanan etnik gerginliklerin tırmanması üzerine çıkarılan ile Ermeniler, 'nden 'ye devlet eliyle göç ettirildi. | Türkiye#187: Bu politikalar Türkiye'nin çevresindeki Arap ülkeleriyle sorunlar yaşamasına yol açtı. Örneğin 'ndan sonra ile, sonra ile Türkiye'nin arası bozuldu. | Türkiye#216: Ayrıca 5.137 metre (16.854 ft) yüksekliğindeki Türkiye'nin en yüksek dağı olan ve en büyük gölü olan de Doğu Anadolu'da yer alır. Türkiye, Anadolu toprakları üzerinde kuzeydoğuda , doğuda , 'a bağlı ve , güneydoğuda ve ile sınır komşusudur. | Cumhuriyet Halk Partisi#114: CHP'nin resmi göç (sığınmacılar, kaçak göçmenler) politikası, 'de kalıcı barışın sağlanması, Suriye'nin güvenli hale getirilmesiyle Suriyeliler'in ""evlerine dönmesi"" şeklindedir."
Suriye,https://tr.wikipedia.org/wiki/Suriye,1,"Türkiye#2: Batıda ve , doğuda , , ve , güneyde ise ve ile sınır komşusudur. | Türkiye#94: Savaş sırasında Ermenilerle yaşanan etnik gerginliklerin tırmanması üzerine çıkarılan ile Ermeniler, 'nden 'ye devlet eliyle göç ettirildi. | Türkiye#187: Bu politikalar Türkiye'nin çevresindeki Arap ülkeleriyle sorunlar yaşamasına yol açtı. Örneğin 'ndan sonra ile, sonra ile Türkiye'nin arası bozuldu. | Türkiye#216: Ayrıca 5.137 metre (16.854 ft) yüksekliğindeki Türkiye'nin en yüksek dağı olan ve en büyük gölü olan de Doğu Anadolu'da yer alır. Türkiye, Anadolu toprakları üzerinde kuzeydoğuda , doğuda , 'a bağlı ve , güneydoğuda ve ile sınır komşusudur. | Cumhuriyet Halk Partisi#114: CHP'nin resmi göç (sığınmacılar, kaçak göçmenler) politikası, 'de kalıcı barışın sağlanması, Suriye'nin güvenli hale getirilmesiyle Suriyeliler'in ""evlerine dönmesi"" şeklindedir."
Almanya cumhurbaşkanı,https://tr.wikipedia.org/wiki/Almanya_cumhurba%C5%9Fkan%C4%B1,1,"Cumhuriyet Halk Partisi#115: Genel başkan Özel, ile Almanya'nın Ankara Büyükelçiliğinde yaptığı görüşmede sorunun Türkiye ile Avrupa ülkeleri arasındaki anlaşmalar ve maddi destekle ve Suriyeliler'in Türkiye'de kalması ile çözülemeyeceğini, aksine bunların sorunu daha da büyüteceğini ifade etmiştir."
Almanya cumhurbaşkanı,https://tr.wikipedia.org/wiki/Almanya_cumhurba%C5%9Fkan%C4%B1,1,"Cumhuriyet Halk Partisi#115: Genel başkan Özel, ile Almanya'nın Ankara Büyükelçiliğinde yaptığı görüşmede sorunun Türkiye ile Avrupa ülkeleri arasındaki anlaşmalar ve maddi destekle ve Suriyeliler'in Türkiye'de kalması ile çözülemeyeceğini, aksine bunların sorunu daha da büyüteceğini ifade etmiştir."
Suphi Baykam,https://tr.wikipedia.org/wiki/Suphi_Baykam,1,"Cumhuriyet Halk Partisi#139: 17 Şubat 1954 tarihli CHP Genel İdare Kurulu toplantısında 'ın başkanlığında Merkez Yönetim Kurulunun atanmasıyla resmen kurulan ve Türkiye'nin ilk gençlik örgütlenmesi olan CHP Gençlik Kolları, ilk kurultayını 1-2 Ağustos 1961 tarihinde gerçekleştirmiştir."
Suphi Baykam,https://tr.wikipedia.org/wiki/Suphi_Baykam,1,"Cumhuriyet Halk Partisi#139: 17 Şubat 1954 tarihli CHP Genel İdare Kurulu toplantısında 'ın başkanlığında Merkez Yönetim Kurulunun atanmasıyla resmen kurulan ve Türkiye'nin ilk gençlik örgütlenmesi olan CHP Gençlik Kolları, ilk kurultayını 1-2 Ağustos 1961 tarihinde gerçekleştirmiştir."
Gençlik Kolları,https://tr.wikipedia.org/wiki/Cumhuriyet_Halk_Partisi_Gen%C3%A7lik_Kollar%C4%B1,1,"Cumhuriyet Halk Partisi#139: 17 Şubat 1954 tarihli CHP Genel İdare Kurulu toplantısında 'ın başkanlığında Merkez Yönetim Kurulunun atanmasıyla resmen kurulan ve Türkiye'nin ilk gençlik örgütlenmesi olan CHP Gençlik Kolları, ilk kurultayını 1-2 Ağustos 1961 tarihinde gerçekleştirmiştir."
Gençlik Kolları,https://tr.wikipedia.org/wiki/Cumhuriyet_Halk_Partisi_Gen%C3%A7lik_Kollar%C4%B1,1,"Cumhuriyet Halk Partisi#139: 17 Şubat 1954 tarihli CHP Genel İdare Kurulu toplantısında 'ın başkanlığında Merkez Yönetim Kurulunun atanmasıyla resmen kurulan ve Türkiye'nin ilk gençlik örgütlenmesi olan CHP Gençlik Kolları, ilk kurultayını 1-2 Ağustos 1961 tarihinde gerçekleştirmiştir."
12 Eylül 1980 darbesine,https://tr.wikipedia.org/wiki/12_Eyl%C3%BCl_Darbesi,1,"Cumhuriyet Halk Partisi#140: İlk kurulan gençlik kolları yönetiminde, daha sonra CHP Genel Başkanı ve Başbakan olacak olan de yer almaktadır. kadar 10 tane kurultay yapılmış ve darbe sonrası partinin kapatılmasıyla gençlik kolları da kapatılmıştır."
12 Eylül 1980 darbesine,https://tr.wikipedia.org/wiki/12_Eyl%C3%BCl_Darbesi,1,"Cumhuriyet Halk Partisi#140: İlk kurulan gençlik kolları yönetiminde, daha sonra CHP Genel Başkanı ve Başbakan olacak olan de yer almaktadır. kadar 10 tane kurultay yapılmış ve darbe sonrası partinin kapatılmasıyla gençlik kolları da kapatılmıştır."
"Demokrat Parti U:(https://tr.wikipedia.org/wiki/Demokrat_Parti_(2007))___ , AK Parti ve MHP'den oluşan ___E:Cumhur İttifakı",https://tr.wikipedia.org/wiki/Cumhur_%C4%B0ttifak%C4%B1,1,"Cumhuriyet Halk Partisi#99: Kılıçdaroğlu İYİ Parti'nin seçimlere katılması için 15 milletvekili transfer ederek yeni partinin yükselişini kolaylaştırdı. CHP, İYİ Parti, ve , AK Parti ve MHP'den oluşan 'na karşı 'nı kurdu."
NATO,https://tr.wikipedia.org/wiki/NATO,1,"Türkiye#18: Türkiye 'nun ilk üyelerinden birisi ABD'nin ardından ittifak içinde ikinci en büyük askerî güce sahiptir. adayı olan Türkiye, AB Gümrük Birliği, , ve 'un bir parçasıdır. | Türkiye#112: 'na (1950-53) kuvvetleri ile birlikte katılan Türkiye, 1952 yılında 'ne karşı 'ya katıldı. , 'nin faaliyetleri, (adayı Yunanistan ile birleştirme) planları ve yaşanan toplumlar arası çatışmanın tırmanması sonucunda Türkiye, 20 Temmuz 1974'te . | Türkiye#179: Türkiye'nin dış ilişkilerinin bir diğer belirleyici unsuru ile ilişkiler olmuştur. 'nin oluşturduğu ortak tehdit sebebiyle Türkiye, 1952'de 'ya üye oldu ve boyunca hükûmetleri ile yakın ikili ilişkiler içinde bulundu. | Türkiye#188: Türkiye, 1950'den bu yana ve bünyesi dâhilinde uluslararası alanda çeşitli güçlerin korunmasına yardımcı olmuştur. ile eski 'da barış ortamının korunmasına destek sağlamış ve 'nda koalisyon güçlerini desteklemiştir. | Türkiye#189: Bunun yanı sıra varlığı tartışmalı olsa da topraklarında 36.000 askerini bulundurmaktadır. 'da , yetkilisi ve 2001'den bu yana komutası altında 'nin bir parçası olarak bulunmaktadır. 2003'ten beri Türkiye, 'na askerî personel sağlamakta ve 'nda yer almaktadır. | Türkiye#195: 2011 sayımlarına göre ülkenin tahminî 495.000 konuşlandırılabilir kuvveti bulunmaktadır. , , ve ile birlikte 'nun politikasının bir parçası olan beş ülkeden biridir. 'nde toplam 90 tane bulunmaktadır, bunlardan 40 tanesi nükleer bir çatışma durumunda NATO'dan onay almak şartıyla 'nin kullanması için tahsis edilmiştir. | Cumhuriyet Halk Partisi#125: Cumhuriyet Halk Partisi, , Türkiye'nin üyeliğini ve ittifakın genişlemesini desteklemektedir."
Ankara,https://tr.wikipedia.org/wiki/Ankara,1,"Türkiye#4: Resmî olarak bir devlet olan Türkiye'de nüfusun çoğunluğu . , Türkiye'nin ve ikinci en kalabalık şehri; ise, Türkiye'nin en kalabalık şehri, ekonomik merkezi ve aynı zamanda 'nın en kalabalık şehridir. | Türkiye#13: Ancak yapılan reformlar, imparatorluğun engelleyemedi. 1914 yılında başlayan 'na 'nin yanında giren imparatorluk, savaş sonucunda yenik düşerek 30 Ekim 1918 tarihinde tüm orduların teslim olması şartını kabul etti ve akabinde 'nce işgal edildi. 16 Mart 1920'de İtilaf Devletleri'nin bazı milletvekillerini tutuklayarak sürgüne göndermesi sonucunda 'ın kapanmasıyla önderliğinde 23 Nisan 1920 tarihinde 'da kuruldu. | Türkiye#104: Yeni antlaşma, Türkiye'nin kendi toprakları üzerindeki egemenliğine yol açtı. 'nin Türkiye'yi işgali, 4 Ekim 1923'te son İtilaf birliklerinin 'dan çekilmesi ve 6 Ekim 1923'te Türk birliklerinin sona erdi. 29 Ekim 1923'te yeni başkent 'da resmen . | Türkiye#123: Türkiye'nin başkenti 'dır. Ülkenin en büyük idari birimleri ve 81 il vardır. | Türkiye#232: Türkiye'nin başkenti , kendi adını taşıyan , ve gibi hayvanlarıyla ünlüdür. | TürkiyeCard#1: .mw-parser-output .geo-default,.mw-parser-output .geo-dms,.mw-parser-output .geo-dec{display:inline}.mw-parser-output .geo-nondefault,.mw-parser-output .geo-multi-punct,.mw-parser-output .geo-inline-hidden{display:none}.mw-parser-output .longitude,.mw-parser-output .latitude{white-space:nowrap} 39°56′K 32°50′D﻿ / ﻿39.933°K 32.833°D﻿ / 39.933; 32.833 | Gazi Üniversitesi#1: Gazi Üniversitesi , 'da bulunan bir üniversitesidir. 1926 yılında Mustafa Kemal Atatürk'ün talimatı ile 'da temelleri atılan Gazi Üniversitesi, cumhuriyetin ilk üniversitesi olma ünvanını da elinde bulundurur. | Gazi Üniversitesi#7: Gazi Üniversitesinin kuruluşu, cumhuriyetin ilanından hemen sonra ve arkadaşlarının 'da bir kurulması girişimiyle başlar. | Gazi Üniversitesi#8: Kurulacak bu enstitünün temel amacı yeni Türkiye'nin öğretmen ihtiyacını karşılamaktır. 1926 yılında Orta Muallim Mektebi ve Terbiye Enstitüsü olarak 'da açılan okul, 1924 yılında 'da açılan ve Gazi Erkek İlk Muallim Mektebi birleştirilir ve günümüzde Gazi Üniversitesi Rektörlük binası olarak kullanılan bina Orta Muallim Mektebi ve Gazi Terbiye Enstitüsü adını alır, Musiki Muallim Mektebi de Enstitü'ye bir bölüm olarak eklenir. | Gazi Üniversitesi#34: Taşınmaz Kültür ve Tabiat Varlıkları Yüksek Kurulunun 1984 yılında aldığı kararla Gazi Üniversitesine devredilen bu bina, bugün üniversitenin Rektörlüğü, Dekanlığı, laboratuvarlar, ve olarak kullanılmaktadır, ayrıca binanın üstünde bir gözlemevi bulunmaktadır; ancak şu an faaliyette değildir. 'nın mimarisi ve tarihini yansıtan bina ve mimarı Mimar Kemaleddin'in portresi 1 Ocak 2009 tarihinde tedavüle giren dokuzuncu emisyon banknotlarından olan 20 banknotunun arka yüzünde kullanılmıştır. | Ankara Üniversitesi Siyasal Bilgiler Fakültesi#2: 1859 yılında ( devrinde) ’da kurulan Mekteb-i Mülkiye, cumhuriyet devrinde ’ya taşınmıştır ve günümüzde, Ankara Üniversitesi Siyasal Bilgiler Fakültesi ne dönüşmüş olarak eğitimini sürdürmektedir. | Ankara Üniversitesi Siyasal Bilgiler FakültesiCard#8: , , | Cumhuriyet Halk PartisiCard#12: , ,"
Ankara,https://tr.wikipedia.org/wiki/Ankara,1,"Türkiye#4: Resmî olarak bir devlet olan Türkiye'de nüfusun çoğunluğu . , Türkiye'nin ve ikinci en kalabalık şehri; ise, Türkiye'nin en kalabalık şehri, ekonomik merkezi ve aynı zamanda 'nın en kalabalık şehridir. | Türkiye#13: Ancak yapılan reformlar, imparatorluğun engelleyemedi. 1914 yılında başlayan 'na 'nin yanında giren imparatorluk, savaş sonucunda yenik düşerek 30 Ekim 1918 tarihinde tüm orduların teslim olması şartını kabul etti ve akabinde 'nce işgal edildi. 16 Mart 1920'de İtilaf Devletleri'nin bazı milletvekillerini tutuklayarak sürgüne göndermesi sonucunda 'ın kapanmasıyla önderliğinde 23 Nisan 1920 tarihinde 'da kuruldu. | Türkiye#104: Yeni antlaşma, Türkiye'nin kendi toprakları üzerindeki egemenliğine yol açtı. 'nin Türkiye'yi işgali, 4 Ekim 1923'te son İtilaf birliklerinin 'dan çekilmesi ve 6 Ekim 1923'te Türk birliklerinin sona erdi. 29 Ekim 1923'te yeni başkent 'da resmen . | Türkiye#123: Türkiye'nin başkenti 'dır. Ülkenin en büyük idari birimleri ve 81 il vardır. | Türkiye#232: Türkiye'nin başkenti , kendi adını taşıyan , ve gibi hayvanlarıyla ünlüdür. | TürkiyeCard#1: .mw-parser-output .geo-default,.mw-parser-output .geo-dms,.mw-parser-output .geo-dec{display:inline}.mw-parser-output .geo-nondefault,.mw-parser-output .geo-multi-punct,.mw-parser-output .geo-inline-hidden{display:none}.mw-parser-output .longitude,.mw-parser-output .latitude{white-space:nowrap} 39°56′K 32°50′D﻿ / ﻿39.933°K 32.833°D﻿ / 39.933; 32.833 | Gazi Üniversitesi#1: Gazi Üniversitesi , 'da bulunan bir üniversitesidir. 1926 yılında Mustafa Kemal Atatürk'ün talimatı ile 'da temelleri atılan Gazi Üniversitesi, cumhuriyetin ilk üniversitesi olma ünvanını da elinde bulundurur. | Gazi Üniversitesi#7: Gazi Üniversitesinin kuruluşu, cumhuriyetin ilanından hemen sonra ve arkadaşlarının 'da bir kurulması girişimiyle başlar. | Gazi Üniversitesi#8: Kurulacak bu enstitünün temel amacı yeni Türkiye'nin öğretmen ihtiyacını karşılamaktır. 1926 yılında Orta Muallim Mektebi ve Terbiye Enstitüsü olarak 'da açılan okul, 1924 yılında 'da açılan ve Gazi Erkek İlk Muallim Mektebi birleştirilir ve günümüzde Gazi Üniversitesi Rektörlük binası olarak kullanılan bina Orta Muallim Mektebi ve Gazi Terbiye Enstitüsü adını alır, Musiki Muallim Mektebi de Enstitü'ye bir bölüm olarak eklenir. | Gazi Üniversitesi#34: Taşınmaz Kültür ve Tabiat Varlıkları Yüksek Kurulunun 1984 yılında aldığı kararla Gazi Üniversitesine devredilen bu bina, bugün üniversitenin Rektörlüğü, Dekanlığı, laboratuvarlar, ve olarak kullanılmaktadır, ayrıca binanın üstünde bir gözlemevi bulunmaktadır; ancak şu an faaliyette değildir. 'nın mimarisi ve tarihini yansıtan bina ve mimarı Mimar Kemaleddin'in portresi 1 Ocak 2009 tarihinde tedavüle giren dokuzuncu emisyon banknotlarından olan 20 banknotunun arka yüzünde kullanılmıştır. | Ankara Üniversitesi Siyasal Bilgiler Fakültesi#2: 1859 yılında ( devrinde) ’da kurulan Mekteb-i Mülkiye, cumhuriyet devrinde ’ya taşınmıştır ve günümüzde, Ankara Üniversitesi Siyasal Bilgiler Fakültesi ne dönüşmüş olarak eğitimini sürdürmektedir. | Ankara Üniversitesi Siyasal Bilgiler FakültesiCard#8: , , | Cumhuriyet Halk PartisiCard#12: , ,"
CHP Gençlik Kolları,https://tr.wikipedia.org/wiki/Cumhuriyet_Halk_Partisi_Gen%C3%A7lik_Kollar%C4%B1,1,Cumhuriyet Halk PartisiCard#15
CHP Gençlik Kolları,https://tr.wikipedia.org/wiki/Cumhuriyet_Halk_Partisi_Gen%C3%A7lik_Kollar%C4%B1,1,Cumhuriyet Halk PartisiCard#15
Sosyal demokrasi,https://tr.wikipedia.org/wiki/Sosyal_demokrasi,1,Cumhuriyet Halk PartisiCard#18: Parti içi düşünceler:
Sosyal demokrasi,https://tr.wikipedia.org/wiki/Sosyal_demokrasi,1,Cumhuriyet Halk PartisiCard#18: Parti içi düşünceler:
İlericilik,https://tr.wikipedia.org/wiki/%C4%B0lerlemecilik,1,Cumhuriyet Halk PartisiCard#18: Parti içi düşünceler:
İlericilik,https://tr.wikipedia.org/wiki/%C4%B0lerlemecilik,1,Cumhuriyet Halk PartisiCard#18: Parti içi düşünceler:
Pro-Avrupacılık,https://tr.wikipedia.org/wiki/Pro-Avrupac%C4%B1l%C4%B1k,1,Cumhuriyet Halk PartisiCard#18: Parti içi düşünceler:
Pro-Avrupacılık,https://tr.wikipedia.org/wiki/Pro-Avrupac%C4%B1l%C4%B1k,1,Cumhuriyet Halk PartisiCard#18: Parti içi düşünceler:
Ulusalcılık,https://tr.wikipedia.org/wiki/Ulusalc%C4%B1l%C4%B1k,1,Cumhuriyet Halk PartisiCard#18: Parti içi düşünceler:
Ulusalcılık,https://tr.wikipedia.org/wiki/Ulusalc%C4%B1l%C4%B1k,1,Cumhuriyet Halk PartisiCard#18: Parti içi düşünceler:
Demokratik sosyalizm,https://tr.wikipedia.org/wiki/Demokratik_sosyalizm,1,Cumhuriyet Halk PartisiCard#18: Parti içi düşünceler:
Demokratik sosyalizm,https://tr.wikipedia.org/wiki/Demokratik_sosyalizm,1,Cumhuriyet Halk PartisiCard#18: Parti içi düşünceler:
Sosyal liberalizm,https://tr.wikipedia.org/wiki/Sosyal_liberalizm,1,Cumhuriyet Halk PartisiCard#18: Parti içi düşünceler:
Sosyal liberalizm,https://tr.wikipedia.org/wiki/Sosyal_liberalizm,1,Cumhuriyet Halk PartisiCard#18: Parti içi düşünceler:
Merkez sol,https://tr.wikipedia.org/wiki/Merkez_sol,1,Cumhuriyet Halk PartisiCard#19: [a]
Merkez sol,https://tr.wikipedia.org/wiki/Merkez_sol,1,Cumhuriyet Halk PartisiCard#19: [a]
Radikal Enternasyonal,https://tr.wikipedia.org/wiki/Radikal_ve_Benzeri_Demokratik_Partilerin_Uluslararas%C4%B1_Birli%C4%9Fi,1,Cumhuriyet Halk PartisiCard#22: Tarihsel: (ilişkili)
Radikal Enternasyonal,https://tr.wikipedia.org/wiki/Radikal_ve_Benzeri_Demokratik_Partilerin_Uluslararas%C4%B1_Birli%C4%9Fi,1,Cumhuriyet Halk PartisiCard#22: Tarihsel: (ilişkili)
Tüm Liste,https://tr.wikipedia.org#Milletvekilleri,1,Cumhuriyet Halk PartisiCard#25: 138 / 600
Tüm Liste,https://tr.wikipedia.org#Milletvekilleri,1,Cumhuriyet Halk PartisiCard#25: 138 / 600
Milliyetçilik ilkesi,https://tr.wikipedia.org/wiki/Atat%C3%BCrk_milliyet%C3%A7ili%C4%9Fi,1,"Cumhuriyet Halk Partisi#120: Parti programında bu ilkeler şöyle tanımlanmıştır: Cumhuriyetçilik ilkesi, egemenliğin ulusta olduğunu ve milli iradenin temel alındığı bir devlet düzenini savunur. , Türkiye'nin din, dil, ırk ve etnik köken değil, siyasal bir birlik etrafında kurulduğunu vurgular."
Türk Tarih Kurumu,https://tr.wikipedia.org/wiki/T%C3%BCrk_Tarih_Kurumu,1,Cumhuriyet Halk Partisi#136: Fakat bankanın elde ettiği gelirin CHP'ye düşen kısmı partiye değil 'na ve 'na aktarılmaktadır.
Türkiye'nin Avrupa Birliği üyeliğini,https://tr.wikipedia.org/wiki/T%C3%BCrkiye%27nin_Avrupa_Birli%C4%9Fi_%C3%BCyelik_s%C3%BCreci,1,"Cumhuriyet Halk Partisi#125: Cumhuriyet Halk Partisi, , Türkiye'nin üyeliğini ve ittifakın genişlemesini desteklemektedir."
Türkiye'nin Avrupa Birliği üyeliğini,https://tr.wikipedia.org/wiki/T%C3%BCrkiye%27nin_Avrupa_Birli%C4%9Fi_%C3%BCyelik_s%C3%BCreci,1,"Cumhuriyet Halk Partisi#125: Cumhuriyet Halk Partisi, , Türkiye'nin üyeliğini ve ittifakın genişlemesini desteklemektedir."
NATO,https://tr.wikipedia.org/wiki/NATO,1,"Türkiye#18: Türkiye 'nun ilk üyelerinden birisi ABD'nin ardından ittifak içinde ikinci en büyük askerî güce sahiptir. adayı olan Türkiye, AB Gümrük Birliği, , ve 'un bir parçasıdır. | Türkiye#112: 'na (1950-53) kuvvetleri ile birlikte katılan Türkiye, 1952 yılında 'ne karşı 'ya katıldı. , 'nin faaliyetleri, (adayı Yunanistan ile birleştirme) planları ve yaşanan toplumlar arası çatışmanın tırmanması sonucunda Türkiye, 20 Temmuz 1974'te . | Türkiye#179: Türkiye'nin dış ilişkilerinin bir diğer belirleyici unsuru ile ilişkiler olmuştur. 'nin oluşturduğu ortak tehdit sebebiyle Türkiye, 1952'de 'ya üye oldu ve boyunca hükûmetleri ile yakın ikili ilişkiler içinde bulundu. | Türkiye#188: Türkiye, 1950'den bu yana ve bünyesi dâhilinde uluslararası alanda çeşitli güçlerin korunmasına yardımcı olmuştur. ile eski 'da barış ortamının korunmasına destek sağlamış ve 'nda koalisyon güçlerini desteklemiştir. | Türkiye#189: Bunun yanı sıra varlığı tartışmalı olsa da topraklarında 36.000 askerini bulundurmaktadır. 'da , yetkilisi ve 2001'den bu yana komutası altında 'nin bir parçası olarak bulunmaktadır. 2003'ten beri Türkiye, 'na askerî personel sağlamakta ve 'nda yer almaktadır. | Türkiye#195: 2011 sayımlarına göre ülkenin tahminî 495.000 konuşlandırılabilir kuvveti bulunmaktadır. , , ve ile birlikte 'nun politikasının bir parçası olan beş ülkeden biridir. 'nde toplam 90 tane bulunmaktadır, bunlardan 40 tanesi nükleer bir çatışma durumunda NATO'dan onay almak şartıyla 'nin kullanması için tahsis edilmiştir. | Cumhuriyet Halk Partisi#125: Cumhuriyet Halk Partisi, , Türkiye'nin üyeliğini ve ittifakın genişlemesini desteklemektedir."
Finlandiya,https://tr.wikipedia.org/wiki/Finlandiya,1,Cumhuriyet Halk Partisi#126: Parti milletvekilleri hem 'nın hem de 'in NATO'ya katılımı lehine ezici bir çoğunlukla oy kullandılar.
Finlandiya,https://tr.wikipedia.org/wiki/Finlandiya,1,Cumhuriyet Halk Partisi#126: Parti milletvekilleri hem 'nın hem de 'in NATO'ya katılımı lehine ezici bir çoğunlukla oy kullandılar.
İsveç,https://tr.wikipedia.org/wiki/%C4%B0sve%C3%A7,1,Cumhuriyet Halk Partisi#126: Parti milletvekilleri hem 'nın hem de 'in NATO'ya katılımı lehine ezici bir çoğunlukla oy kullandılar.
İsveç,https://tr.wikipedia.org/wiki/%C4%B0sve%C3%A7,1,Cumhuriyet Halk Partisi#126: Parti milletvekilleri hem 'nın hem de 'in NATO'ya katılımı lehine ezici bir çoğunlukla oy kullandılar.
Çankaya,https://tr.wikipedia.org/wiki/%C3%87ankaya,1,"Gazi Üniversitesi#4: Bunların dışında Gazi Üniversitesinin Ankara , , , ve Polatlı ilçelerinde de meslek yüksekokulları ve yüksekokulları bulunmaktadır. | Cumhuriyet Halk PartisiCard#12: , ,"
inkılapçılık,https://tr.wikipedia.org/wiki/Reformizm,1,"Cumhuriyet Halk Partisi#5: Logosu, 'in temel ilkelerini temsil eden 'tan oluşmaktadır: , , , , ve ."
inkılapçılık,https://tr.wikipedia.org/wiki/Reformizm,1,"Cumhuriyet Halk Partisi#5: Logosu, 'in temel ilkelerini temsil eden 'tan oluşmaktadır: , , , , ve ."
laiklik,https://tr.wikipedia.org/wiki/T%C3%BCrkiye%27de_laiklik,1,"Cumhuriyet Halk Partisi#5: Logosu, 'in temel ilkelerini temsil eden 'tan oluşmaktadır: , , , , ve ."
laiklik,https://tr.wikipedia.org/wiki/T%C3%BCrkiye%27de_laiklik,1,"Cumhuriyet Halk Partisi#5: Logosu, 'in temel ilkelerini temsil eden 'tan oluşmaktadır: , , , , ve ."
halkçılık,https://tr.wikipedia.org/wiki/Pop%C3%BClizm,1,"Cumhuriyet Halk Partisi#5: Logosu, 'in temel ilkelerini temsil eden 'tan oluşmaktadır: , , , , ve ."
halkçılık,https://tr.wikipedia.org/wiki/Pop%C3%BClizm,1,"Cumhuriyet Halk Partisi#5: Logosu, 'in temel ilkelerini temsil eden 'tan oluşmaktadır: , , , , ve ."
Avrupa Sosyalistler Partisi'nin,https://tr.wikipedia.org/wiki/Avrupa_Sosyalistler_Partisi,1,"Cumhuriyet Halk Partisi#127: Parti, ve içinde önemli bir konuma sahiptir ve ilişkili üyesidir."
Avrupa Sosyalistler Partisi'nin,https://tr.wikipedia.org/wiki/Avrupa_Sosyalistler_Partisi,1,"Cumhuriyet Halk Partisi#127: Parti, ve içinde önemli bir konuma sahiptir ve ilişkili üyesidir."
Kuzey Kıbrıs,https://tr.wikipedia.org/wiki/Kuzey_K%C4%B1br%C4%B1s_T%C3%BCrk_Cumhuriyeti,1,"Cumhuriyet Halk Partisi#128: Ayrıca parti, 2014 yılında Sosyalist Enternasyonal'i 'ta bulunan 'ni tam üye olarak kabul etmeye çağırmıştır."
Kuzey Kıbrıs,https://tr.wikipedia.org/wiki/Kuzey_K%C4%B1br%C4%B1s_T%C3%BCrk_Cumhuriyeti,1,"Cumhuriyet Halk Partisi#128: Ayrıca parti, 2014 yılında Sosyalist Enternasyonal'i 'ta bulunan 'ni tam üye olarak kabul etmeye çağırmıştır."
muhafazakâr,https://tr.wikipedia.org/wiki/Muhafazak%C3%A2rl%C4%B1k,1,Cumhuriyet Halk Partisi#6: Şu anda 138 milletvekili ile iktidardaki 'nin (AK Parti) ardından 'ndeki en büyük ikinci partidir.
muhafazakâr,https://tr.wikipedia.org/wiki/Muhafazak%C3%A2rl%C4%B1k,1,Cumhuriyet Halk Partisi#6: Şu anda 138 milletvekili ile iktidardaki 'nin (AK Parti) ardından 'ndeki en büyük ikinci partidir.
Cumhuriyetçi Türk Partisi,https://tr.wikipedia.org/wiki/Cumhuriyet%C3%A7i_T%C3%BCrk_Partisi,1,"Cumhuriyet Halk Partisi#128: Ayrıca parti, 2014 yılında Sosyalist Enternasyonal'i 'ta bulunan 'ni tam üye olarak kabul etmeye çağırmıştır."
Cumhuriyetçi Türk Partisi,https://tr.wikipedia.org/wiki/Cumhuriyet%C3%A7i_T%C3%BCrk_Partisi,1,"Cumhuriyet Halk Partisi#128: Ayrıca parti, 2014 yılında Sosyalist Enternasyonal'i 'ta bulunan 'ni tam üye olarak kabul etmeye çağırmıştır."
İsrail,https://tr.wikipedia.org/wiki/%C4%B0srail,1,"Cumhuriyet Halk Partisi#129: Partinin lideri Özgür Özel, 'in karşı uyguladığını iddia ederek, ""Türk solu asla ve asla Filistin davasına uzak değildir."" şeklinde açıklamada bulunmuştur."
İsrail,https://tr.wikipedia.org/wiki/%C4%B0srail,1,"Cumhuriyet Halk Partisi#129: Partinin lideri Özgür Özel, 'in karşı uyguladığını iddia ederek, ""Türk solu asla ve asla Filistin davasına uzak değildir."" şeklinde açıklamada bulunmuştur."
genel başkanı,https://tr.wikipedia.org/wiki/Cumhuriyet_Halk_Partisi_genel_ba%C5%9Fkanlar%C4%B1_listesi,1,"Cumhuriyet Halk Partisi#7: Partinin , 'dir."
genel başkanı,https://tr.wikipedia.org/wiki/Cumhuriyet_Halk_Partisi_genel_ba%C5%9Fkanlar%C4%B1_listesi,1,"Cumhuriyet Halk Partisi#7: Partinin , 'dir."
Filistin halkına,https://tr.wikipedia.org/wiki/Filistinliler,1,"Cumhuriyet Halk Partisi#129: Partinin lideri Özgür Özel, 'in karşı uyguladığını iddia ederek, ""Türk solu asla ve asla Filistin davasına uzak değildir."" şeklinde açıklamada bulunmuştur."
Filistin halkına,https://tr.wikipedia.org/wiki/Filistinliler,1,"Cumhuriyet Halk Partisi#129: Partinin lideri Özgür Özel, 'in karşı uyguladığını iddia ederek, ""Türk solu asla ve asla Filistin davasına uzak değildir."" şeklinde açıklamada bulunmuştur."
genel sekreteri,https://tr.wikipedia.org/wiki/Cumhuriyet_Halk_Partisi_genel_sekreterleri_listesi,1,"Cumhuriyet Halk Partisi#7: Partinin , 'dir."
genel sekreteri,https://tr.wikipedia.org/wiki/Cumhuriyet_Halk_Partisi_genel_sekreterleri_listesi,1,"Cumhuriyet Halk Partisi#7: Partinin , 'dir."
devlet terörü,https://tr.wikipedia.org/wiki/Devlet_ter%C3%B6r%C3%BC,1,"Cumhuriyet Halk Partisi#129: Partinin lideri Özgür Özel, 'in karşı uyguladığını iddia ederek, ""Türk solu asla ve asla Filistin davasına uzak değildir."" şeklinde açıklamada bulunmuştur."
Çankaya,https://tr.wikipedia.org/wiki/%C3%87ankaya,1,"Gazi Üniversitesi#4: Bunların dışında Gazi Üniversitesinin Ankara , , , ve Polatlı ilçelerinde de meslek yüksekokulları ve yüksekokulları bulunmaktadır. | Cumhuriyet Halk PartisiCard#12: , ,"
