E,U,Frekans,Kaynak_IDler
Romeika,https://tr.wikipedia.org/wiki/Pontus_Rumcas%C4%B1,3,"Trabzon#1: Trabzon ( : Τραπεζούντα , Trapezounta), 'nin ilinin merkezi olan şehirdir. 'nin 'nde yer alan ilin 'e kıyısı bulunur. | Trabzon#55: 1949 yılında 5442 sayılı İl İdaresi Kanunu uygulamasıyla 'da bulunan 78 bin civarındaki yerleşim adından 28 bin kadarının adı Türkçe olmadığı gerekçesiyle değiştirilmiş olup büyük bölümü olan Trabzon köy adları da değiştirilerek yerlerine isimler konulmuştur. | Trabzon#70: Trabzon'da ayrıca sayısı tam bilinmemekle beraber 5.000 civarında olduğu tahmin edilen konuşucu tarafından da (Antik Roma Dili/Rumca) konuşulmaktadır."
Romeika,https://tr.wikipedia.org/wiki/Pontus_Rumcas%C4%B1,3,"Trabzon#1: Trabzon ( : Τραπεζούντα , Trapezounta), 'nin ilinin merkezi olan şehirdir. 'nin 'nde yer alan ilin 'e kıyısı bulunur. | Trabzon#55: 1949 yılında 5442 sayılı İl İdaresi Kanunu uygulamasıyla 'da bulunan 78 bin civarındaki yerleşim adından 28 bin kadarının adı Türkçe olmadığı gerekçesiyle değiştirilmiş olup büyük bölümü olan Trabzon köy adları da değiştirilerek yerlerine isimler konulmuştur. | Trabzon#70: Trabzon'da ayrıca sayısı tam bilinmemekle beraber 5.000 civarında olduğu tahmin edilen konuşucu tarafından da (Antik Roma Dili/Rumca) konuşulmaktadır."
Çepniler,https://tr.wikipedia.org/wiki/%C3%87epniler,3,"Trabzon#26: Osmanlı yönetimine geçmesiyle şehirde yaşayanların bir kısmı İstanbul, Edirne ve diğer şehirlere gönderilirken, Trabzon'a da ve diğer Türkmen toplulukları yerleştirilmiştir. | Trabzon#59: Trabzon'da çeşitli yaşamaktadır. Şalpazarı ve Beşikdüzü başta olmak üzere Düzköy, Vakfıkebir, Akçaabat, Çarşıbaşı, Of, Sürmene ve Araklı'nın bazı köylerinde yaşamakta olup, Şalpazarı'nda gelenekleri hala devam etmektedir. | Trabzon#67: , yöreye 13.-14. yüzyıllar arasında yerleştiler. masallarında bahsi geçen folklorik birikime ve Trabzon'un diğer yörelerinden kolayca ayrılabilen diyalektine rastlanır."
Çepniler,https://tr.wikipedia.org/wiki/%C3%87epniler,3,"Trabzon#26: Osmanlı yönetimine geçmesiyle şehirde yaşayanların bir kısmı İstanbul, Edirne ve diğer şehirlere gönderilirken, Trabzon'a da ve diğer Türkmen toplulukları yerleştirilmiştir. | Trabzon#59: Trabzon'da çeşitli yaşamaktadır. Şalpazarı ve Beşikdüzü başta olmak üzere Düzköy, Vakfıkebir, Akçaabat, Çarşıbaşı, Of, Sürmene ve Araklı'nın bazı köylerinde yaşamakta olup, Şalpazarı'nda gelenekleri hala devam etmektedir. | Trabzon#67: , yöreye 13.-14. yüzyıllar arasında yerleştiler. masallarında bahsi geçen folklorik birikime ve Trabzon'un diğer yörelerinden kolayca ayrılabilen diyalektine rastlanır."
Ofspor,https://tr.wikipedia.org/wiki/Ofspor,2,"Trabzon#98: Trabzon'un 3. Lig takımlarından 2. Lige çıkarken, 1461 Trabzon küme düşmüştür. ve ligde kalmıştır. 3 takımı 'da yer almıştır. | Trabzon#101: 2018-2019 'nda ve 1461 Trabzon FK katıldıkları 2.turda elenmişlerdir."
Komninos Hanedanı,https://tr.wikipedia.org/wiki/Komninos_Hanedan%C4%B1,2,"Trabzon#18: Daha sonra yeni kurulan Bölgesinin ana kenti oldu. İstanbul'un tarafından işgali sırasında tarafından 1204 yılında kurulan 'nun başkenti oldu. | Trabzon#19: 'dan Latin işgali nedeniyle Trabzon'a gelerek teyzesi Gürcü Kraliçesi 'ın desteğiyle kendini Roma İmparatoru ilan etmişse de Batı özellikle , Trabzon İmparatorunu küçümseyerek ""Laz hükümdarı"" olarak tanımlamıştır."
Komninos Hanedanı,https://tr.wikipedia.org/wiki/Komninos_Hanedan%C4%B1,2,"Trabzon#18: Daha sonra yeni kurulan Bölgesinin ana kenti oldu. İstanbul'un tarafından işgali sırasında tarafından 1204 yılında kurulan 'nun başkenti oldu. | Trabzon#19: 'dan Latin işgali nedeniyle Trabzon'a gelerek teyzesi Gürcü Kraliçesi 'ın desteğiyle kendini Roma İmparatoru ilan etmişse de Batı özellikle , Trabzon İmparatorunu küçümseyerek ""Laz hükümdarı"" olarak tanımlamıştır."
Hadrianus,https://tr.wikipedia.org/wiki/Hadrianus,2,"Trabzon#16: Roma İmparatoru döneminde restore edilen kent, döneminde eyaletinin başkenti olmuş ve kente yeni bir liman inşa edilmiştir. döneminde bir kabilesi olan tarafından yağmalanmış, döneminde tekrar onarılsa da şehir eski görkemli günlerine dönememiştir. | Trabzon#111: Ulaşımda nakit para ve ""Trabzon Kart"" isimli akıllı kartla ödeme sistemi kullanılmaktadır. 'dan itibaren Trabzon kenti, özellikle Roma İmparatoru 'un yaptırdığı limandan sonra denizcilik açısından önemli bir merkez olmuş, cumhuriyet döneminde de yakın zamana dek denizyolları ulaşım ve ticarette önemini korumuştur. ve yapımı tamamlanmak üzere olan otoban yolunun hizmete açılması ile ile arasında yolculuğun kalitesi artarak ağırlık karayollarına geçmiştir."
Pontus Rumcası,https://tr.wikipedia.org/wiki/Pontus_Rumcas%C4%B1,2,"Trabzon#6: Şehir tarih boyunca : طربزون, : Τραπεζοῦς, : Trapezus, : Տրապիզոնի, : Trabisonda, : Τραπεζούντα Trapezounta ve Lazca: T'rapuzani ya da T'amtra olarak adlandırılmıştır. | Trabzon#66: Ufak bir kısmı ise konuşmaktadır."
Pontus Rumcası,https://tr.wikipedia.org/wiki/Pontus_Rumcas%C4%B1,2,"Trabzon#6: Şehir tarih boyunca : طربزون, : Τραπεζοῦς, : Trapezus, : Տրապիզոնի, : Trabisonda, : Τραπεζούντα Trapezounta ve Lazca: T'rapuzani ya da T'amtra olarak adlandırılmıştır. | Trabzon#66: Ufak bir kısmı ise konuşmaktadır."
Hadrianus,https://tr.wikipedia.org/wiki/Hadrianus,2,"Trabzon#16: Roma İmparatoru döneminde restore edilen kent, döneminde eyaletinin başkenti olmuş ve kente yeni bir liman inşa edilmiştir. döneminde bir kabilesi olan tarafından yağmalanmış, döneminde tekrar onarılsa da şehir eski görkemli günlerine dönememiştir. | Trabzon#111: Ulaşımda nakit para ve ""Trabzon Kart"" isimli akıllı kartla ödeme sistemi kullanılmaktadır. 'dan itibaren Trabzon kenti, özellikle Roma İmparatoru 'un yaptırdığı limandan sonra denizcilik açısından önemli bir merkez olmuş, cumhuriyet döneminde de yakın zamana dek denizyolları ulaşım ve ticarette önemini korumuştur. ve yapımı tamamlanmak üzere olan otoban yolunun hizmete açılması ile ile arasında yolculuğun kalitesi artarak ağırlık karayollarına geçmiştir."
Lazistan,https://tr.wikipedia.org/wiki/Lazistan,2,"Trabzon#28: Trabzon sancağı 1582 yılında merkezi olan Sancağı ile birleştirilerek eyalete dönüştürülmüş ve Trabzon bu yeni idari birimin merkezi olmuştur. | Trabzon#40: 1867 yılında Trabzon'da büyük bir yangın çıkmış, birçok kamu binası da bu sırada yanmış ve kent daha sonra yeniden düzenlenmiştir. 1868 yılında vilayet olmuş, merkez sancağı dışında , Gümüşhane, Canik Sancakları da buraya bağlanmıştır. sırasında, Trabzon'a saldırır (14 Nisan 1916)."
Lazistan,https://tr.wikipedia.org/wiki/Lazistan,2,"Trabzon#28: Trabzon sancağı 1582 yılında merkezi olan Sancağı ile birleştirilerek eyalete dönüştürülmüş ve Trabzon bu yeni idari birimin merkezi olmuştur. | Trabzon#40: 1867 yılında Trabzon'da büyük bir yangın çıkmış, birçok kamu binası da bu sırada yanmış ve kent daha sonra yeniden düzenlenmiştir. 1868 yılında vilayet olmuş, merkez sancağı dışında , Gümüşhane, Canik Sancakları da buraya bağlanmıştır. sırasında, Trabzon'a saldırır (14 Nisan 1916)."
Evliya Çelebi,https://tr.wikipedia.org/wiki/Evliya_%C3%87elebi,2,"Trabzon#3: Trabzon iki il ile birlikte de "" şehri"" olarak anılır. Trabzon için şöyle demiş: ""Bu şehre küçük İstanbul denilse yeridir. | Trabzon#61: Ayrıca , eserinde Trabzon bölgesi için ""20.000 Çepni Türkmen çadırının bulunduğu yer."" olarak bahsetmektedir."
Ermenistan,https://tr.wikipedia.org/wiki/Ermenistan,2,"Trabzon#12: Merkezinde Yunanların çevre köylerinde bugünkü Lazların (Tzanlar) ataları olan Kolhislilerin ve yaşadığı Trabzon, Antik çağ ve sonrasında üzerinden ve Euphrates ( ) civarında üretilen ticari malların takas edildiği ticaret merkezi ve dış ülkelere satıldığı bir ihraç limanı özelliğindeydi. | Trabzon#46: Canlı bir kenti olan Trabzon'un köklü Rum ve Müslüman ailelerden oluşan eşrafı aktif olarak siyasetle uğraşmaktaydı. 'in sahibi olduğu İstikbal gazetesi yerel sermaye ve aydınların düşüncelerini kamuoyuna duyurdukları en önemli haber kaynağıydı. 'nin ardından bölgede bir 'nin kurulması hatta daha çok destek bulan bir proje olarak yeni kurulacak 'a liman kenti olarak verilmesi gündeme geldiğinde Trabzonlular 12 Şubat 1919 tarihinde 'ni kurarak 'ne bağlılığın korunması için mücadele etmeye karar vermişlerdi. 'ne kalabalık bir heyetle katılan Trabzon heyeti ile kongreyi düzenleyenler arasında başkanlık seçimi ve kongrenin niteliği konusunda bazı pürüzler çıkmıştır."
Ermenistan,https://tr.wikipedia.org/wiki/Ermenistan,2,"Trabzon#12: Merkezinde Yunanların çevre köylerinde bugünkü Lazların (Tzanlar) ataları olan Kolhislilerin ve yaşadığı Trabzon, Antik çağ ve sonrasında üzerinden ve Euphrates ( ) civarında üretilen ticari malların takas edildiği ticaret merkezi ve dış ülkelere satıldığı bir ihraç limanı özelliğindeydi. | Trabzon#46: Canlı bir kenti olan Trabzon'un köklü Rum ve Müslüman ailelerden oluşan eşrafı aktif olarak siyasetle uğraşmaktaydı. 'in sahibi olduğu İstikbal gazetesi yerel sermaye ve aydınların düşüncelerini kamuoyuna duyurdukları en önemli haber kaynağıydı. 'nin ardından bölgede bir 'nin kurulması hatta daha çok destek bulan bir proje olarak yeni kurulacak 'a liman kenti olarak verilmesi gündeme geldiğinde Trabzonlular 12 Şubat 1919 tarihinde 'ni kurarak 'ne bağlılığın korunması için mücadele etmeye karar vermişlerdi. 'ne kalabalık bir heyetle katılan Trabzon heyeti ile kongreyi düzenleyenler arasında başkanlık seçimi ve kongrenin niteliği konusunda bazı pürüzler çıkmıştır."
Anadolu,https://tr.wikipedia.org/wiki/Anadolu,2,Trabzon#13: Pontus İmparatoru 'in ile giriştiği bir dizi savaşı kaybetmesinin ardından topraklarının yanı sıra Trabzon da Roma hakimiyetine girmiştir. | Trabzon#55: 1949 yılında 5442 sayılı İl İdaresi Kanunu uygulamasıyla 'da bulunan 78 bin civarındaki yerleşim adından 28 bin kadarının adı Türkçe olmadığı gerekçesiyle değiştirilmiş olup büyük bölümü olan Trabzon köy adları da değiştirilerek yerlerine isimler konulmuştur.
Müslüman,https://tr.wikipedia.org/wiki/M%C3%BCsl%C3%BCman,2,"Trabzon#32: 1523 tahririnde şehirdeki nüfusun azaldığı görülürken, tahminen 7000 kişinin yaşadığı şehrin yaklaşık %14,3'ü Müslümanlardan oluşmaktaydı. 1553 kayıtlarında şehrin nüfusu azalırken (6100), Müslüman nüfus sayısındaki yüksek artış sonucu nüfusun %47'sini Müslümanlar oluşturmaktaydı. 1583 tahririnde 10.500 kişinin yaşadığı tahmin edilen şehrin yaklaşık; %53,6'sı Müslüman, %32,5 Rum, %5,8 Ermeni ve geri kalanı da Katolik tebaadan oluşmaktaydı. | Trabzon#65: Ancak bir kısmı olmuş fakat zaman içerisinde Türkleşmiştir."
Türkiye,https://tr.wikipedia.org/wiki/T%C3%BCrkiye,2,"Akif HamzaçebiCard#4: 1 Aralık 1953 (71 yaşında) , , | Trabzon#1: Trabzon ( : Τραπεζούντα , Trapezounta), 'nin ilinin merkezi olan şehirdir. 'nin 'nde yer alan ilin 'e kıyısı bulunur. | Trabzon#64: Bölgedeki nüfus 1923 yılında ve arasında yapılan "" "" ile gönderilmiştir."
Türkiye,https://tr.wikipedia.org/wiki/T%C3%BCrkiye,2,"Akif HamzaçebiCard#4: 1 Aralık 1953 (71 yaşında) , , | Trabzon#1: Trabzon ( : Τραπεζούντα , Trapezounta), 'nin ilinin merkezi olan şehirdir. 'nin 'nde yer alan ilin 'e kıyısı bulunur. | Trabzon#64: Bölgedeki nüfus 1923 yılında ve arasında yapılan "" "" ile gönderilmiştir."
Müslüman,https://tr.wikipedia.org/wiki/M%C3%BCsl%C3%BCman,2,"Trabzon#32: 1523 tahririnde şehirdeki nüfusun azaldığı görülürken, tahminen 7000 kişinin yaşadığı şehrin yaklaşık %14,3'ü Müslümanlardan oluşmaktaydı. 1553 kayıtlarında şehrin nüfusu azalırken (6100), Müslüman nüfus sayısındaki yüksek artış sonucu nüfusun %47'sini Müslümanlar oluşturmaktaydı. 1583 tahririnde 10.500 kişinin yaşadığı tahmin edilen şehrin yaklaşık; %53,6'sı Müslüman, %32,5 Rum, %5,8 Ermeni ve geri kalanı da Katolik tebaadan oluşmaktaydı. | Trabzon#65: Ancak bir kısmı olmuş fakat zaman içerisinde Türkleşmiştir."
Ofspor,https://tr.wikipedia.org/wiki/Ofspor,2,"Trabzon#98: Trabzon'un 3. Lig takımlarından 2. Lige çıkarken, 1461 Trabzon küme düşmüştür. ve ligde kalmıştır. 3 takımı 'da yer almıştır. | Trabzon#101: 2018-2019 'nda ve 1461 Trabzon FK katıldıkları 2.turda elenmişlerdir."
Mithridatis,https://tr.wikipedia.org/wiki/VI._Mithridatis,2,"Trabzon#13: Pontus İmparatoru 'in ile giriştiği bir dizi savaşı kaybetmesinin ardından topraklarının yanı sıra Trabzon da Roma hakimiyetine girmiştir. | Trabzon#14: 'a karşı mücadelesinde 'e destek vermeyen Trabzon, Roma döneminde ödüllendirilerek serbest şehir statüsü kazandırılmıştır."
Mithridatis,https://tr.wikipedia.org/wiki/VI._Mithridatis,2,"Trabzon#13: Pontus İmparatoru 'in ile giriştiği bir dizi savaşı kaybetmesinin ardından topraklarının yanı sıra Trabzon da Roma hakimiyetine girmiştir. | Trabzon#14: 'a karşı mücadelesinde 'e destek vermeyen Trabzon, Roma döneminde ödüllendirilerek serbest şehir statüsü kazandırılmıştır."
Samsun,https://tr.wikipedia.org/wiki/Samsun,2,"Trabzon#2: Günümüzde Karadeniz Bölgesi'nin 'dan sonra ikinci büyük kentidir. 12 Kasım 2012 tarihinde kabul edilen büyükşehir yasa tasarısı ile büyükşehir belediyesi olmuş ve merkez ilçe kaldırılarak ilçesi kurulmuştur. | Trabzon#111: Ulaşımda nakit para ve ""Trabzon Kart"" isimli akıllı kartla ödeme sistemi kullanılmaktadır. 'dan itibaren Trabzon kenti, özellikle Roma İmparatoru 'un yaptırdığı limandan sonra denizcilik açısından önemli bir merkez olmuş, cumhuriyet döneminde de yakın zamana dek denizyolları ulaşım ve ticarette önemini korumuştur. ve yapımı tamamlanmak üzere olan otoban yolunun hizmete açılması ile ile arasında yolculuğun kalitesi artarak ağırlık karayollarına geçmiştir."
Samsun,https://tr.wikipedia.org/wiki/Samsun,2,"Trabzon#2: Günümüzde Karadeniz Bölgesi'nin 'dan sonra ikinci büyük kentidir. 12 Kasım 2012 tarihinde kabul edilen büyükşehir yasa tasarısı ile büyükşehir belediyesi olmuş ve merkez ilçe kaldırılarak ilçesi kurulmuştur. | Trabzon#111: Ulaşımda nakit para ve ""Trabzon Kart"" isimli akıllı kartla ödeme sistemi kullanılmaktadır. 'dan itibaren Trabzon kenti, özellikle Roma İmparatoru 'un yaptırdığı limandan sonra denizcilik açısından önemli bir merkez olmuş, cumhuriyet döneminde de yakın zamana dek denizyolları ulaşım ve ticarette önemini korumuştur. ve yapımı tamamlanmak üzere olan otoban yolunun hizmete açılması ile ile arasında yolculuğun kalitesi artarak ağırlık karayollarına geçmiştir."
Ortahisar,https://tr.wikipedia.org/wiki/Ortahisar,2,Trabzon#2: Günümüzde Karadeniz Bölgesi'nin 'dan sonra ikinci büyük kentidir. 12 Kasım 2012 tarihinde kabul edilen büyükşehir yasa tasarısı ile büyükşehir belediyesi olmuş ve merkez ilçe kaldırılarak ilçesi kurulmuştur. | Trabzon#57: 2012 yılında Trabzon büyükşehir statüsü kazanıp ilin tamamı büyükşehir sınırlarına girmiştir ve merkez ilçenin ismi olarak değiştirilmiştir.
Ortahisar,https://tr.wikipedia.org/wiki/Ortahisar,2,Trabzon#2: Günümüzde Karadeniz Bölgesi'nin 'dan sonra ikinci büyük kentidir. 12 Kasım 2012 tarihinde kabul edilen büyükşehir yasa tasarısı ile büyükşehir belediyesi olmuş ve merkez ilçe kaldırılarak ilçesi kurulmuştur. | Trabzon#57: 2012 yılında Trabzon büyükşehir statüsü kazanıp ilin tamamı büyükşehir sınırlarına girmiştir ve merkez ilçenin ismi olarak değiştirilmiştir.
Akçaabat,https://tr.wikipedia.org/wiki/Ak%C3%A7aabat,2,"Trabzon#43: Öte yandan, batıdan doğuya doğru kayan ve Karadağ'da toplanan Türk milis güçleri, 'a inerek Yüzbaşı Kahraman Bey'in komutasında üç koldan Trabzon'a doğru yürürler ve 24 Şubat 1918 tarihinde Trabzon'a girer. | Trabzon#49: 1831 Osmanlı nüfus sayımına göre Trabzon merkez kazada 6.300, 19.512, Polathane'de ( ) 8.432, Yümerek'te ( ) 6.775, 'da 1.910, 'de 12.985, Of'ta 18.940 erkek yaşamakta olup buna Trabzon sancağındaki 11.473 reaya eklenince toplam 86.327 erkek yaşamaktaydı. 1903 'ne göre Trabzon vilayetinde 972.981'i İslam, 185.784'ü , 50.233'ü , 1.506'sı Katolik, 1.140'ı olmak üzere 1.211.644 kişinin yaşadığı görülmektedir."
Akçaabat,https://tr.wikipedia.org/wiki/Ak%C3%A7aabat,2,"Trabzon#43: Öte yandan, batıdan doğuya doğru kayan ve Karadağ'da toplanan Türk milis güçleri, 'a inerek Yüzbaşı Kahraman Bey'in komutasında üç koldan Trabzon'a doğru yürürler ve 24 Şubat 1918 tarihinde Trabzon'a girer. | Trabzon#49: 1831 Osmanlı nüfus sayımına göre Trabzon merkez kazada 6.300, 19.512, Polathane'de ( ) 8.432, Yümerek'te ( ) 6.775, 'da 1.910, 'de 12.985, Of'ta 18.940 erkek yaşamakta olup buna Trabzon sancağındaki 11.473 reaya eklenince toplam 86.327 erkek yaşamaktaydı. 1903 'ne göre Trabzon vilayetinde 972.981'i İslam, 185.784'ü , 50.233'ü , 1.506'sı Katolik, 1.140'ı olmak üzere 1.211.644 kişinin yaşadığı görülmektedir."
Anadolu,https://tr.wikipedia.org/wiki/Anadolu,2,Trabzon#13: Pontus İmparatoru 'in ile giriştiği bir dizi savaşı kaybetmesinin ardından topraklarının yanı sıra Trabzon da Roma hakimiyetine girmiştir. | Trabzon#55: 1949 yılında 5442 sayılı İl İdaresi Kanunu uygulamasıyla 'da bulunan 78 bin civarındaki yerleşim adından 28 bin kadarının adı Türkçe olmadığı gerekçesiyle değiştirilmiş olup büyük bölümü olan Trabzon köy adları da değiştirilerek yerlerine isimler konulmuştur.
Türkmen,https://tr.wikipedia.org/wiki/T%C3%BCrkmenler,2,"Trabzon#59: Trabzon'da çeşitli yaşamaktadır. Şalpazarı ve Beşikdüzü başta olmak üzere Düzköy, Vakfıkebir, Akçaabat, Çarşıbaşı, Of, Sürmene ve Araklı'nın bazı köylerinde yaşamakta olup, Şalpazarı'nda gelenekleri hala devam etmektedir. | Trabzon#67: , yöreye 13.-14. yüzyıllar arasında yerleştiler. masallarında bahsi geçen folklorik birikime ve Trabzon'un diğer yörelerinden kolayca ayrılabilen diyalektine rastlanır."
Türkmen,https://tr.wikipedia.org/wiki/T%C3%BCrkmenler,2,"Trabzon#59: Trabzon'da çeşitli yaşamaktadır. Şalpazarı ve Beşikdüzü başta olmak üzere Düzköy, Vakfıkebir, Akçaabat, Çarşıbaşı, Of, Sürmene ve Araklı'nın bazı köylerinde yaşamakta olup, Şalpazarı'nda gelenekleri hala devam etmektedir. | Trabzon#67: , yöreye 13.-14. yüzyıllar arasında yerleştiler. masallarında bahsi geçen folklorik birikime ve Trabzon'un diğer yörelerinden kolayca ayrılabilen diyalektine rastlanır."
Evliya Çelebi,https://tr.wikipedia.org/wiki/Evliya_%C3%87elebi,2,"Trabzon#3: Trabzon iki il ile birlikte de "" şehri"" olarak anılır. Trabzon için şöyle demiş: ""Bu şehre küçük İstanbul denilse yeridir. | Trabzon#61: Ayrıca , eserinde Trabzon bölgesi için ""20.000 Çepni Türkmen çadırının bulunduğu yer."" olarak bahsetmektedir."
Latince,https://tr.wikipedia.org/wiki/Latince,1,"Trabzon#6: Şehir tarih boyunca : طربزون, : Τραπεζοῦς, : Trapezus, : Տրապիզոնի, : Trabisonda, : Τραπεζούντα Trapezounta ve Lazca: T'rapuzani ya da T'amtra olarak adlandırılmıştır."
Ermenice,https://tr.wikipedia.org/wiki/Ermenice,1,"Trabzon#6: Şehir tarih boyunca : طربزون, : Τραπεζοῦς, : Trapezus, : Տրապիզոնի, : Trabisonda, : Τραπεζούντα Trapezounta ve Lazca: T'rapuzani ya da T'amtra olarak adlandırılmıştır."
Ermenice,https://tr.wikipedia.org/wiki/Ermenice,1,"Trabzon#6: Şehir tarih boyunca : طربزون, : Τραπεζοῦς, : Trapezus, : Տրապիզոնի, : Trabisonda, : Τραπεζούντα Trapezounta ve Lazca: T'rapuzani ya da T'amtra olarak adlandırılmıştır."
Cenevizce,https://tr.wikipedia.org/w/index.php?title=Ligurca&action=edit&redlink=1,1,"Trabzon#6: Şehir tarih boyunca : طربزون, : Τραπεζοῦς, : Trapezus, : Տրապիզոնի, : Trabisonda, : Τραπεζούντα Trapezounta ve Lazca: T'rapuzani ya da T'amtra olarak adlandırılmıştır."
Cenevizce,https://tr.wikipedia.org/w/index.php?title=Ligurca&action=edit&redlink=1,1,"Trabzon#6: Şehir tarih boyunca : طربزون, : Τραπεζοῦς, : Trapezus, : Տրապիզոնի, : Trabisonda, : Τραπεζούντα Trapezounta ve Lazca: T'rapuzani ya da T'amtra olarak adlandırılmıştır."
Yomraspor,https://tr.wikipedia.org/wiki/Yomraspor,1,"Trabzon#98: Trabzon'un 3. Lig takımlarından 2. Lige çıkarken, 1461 Trabzon küme düşmüştür. ve ligde kalmıştır. 3 takımı 'da yer almıştır."
Zigana geçidi,https://tr.wikipedia.org/wiki/Zigana_Ge%C3%A7idi,1,"Trabzon#12: Merkezinde Yunanların çevre köylerinde bugünkü Lazların (Tzanlar) ataları olan Kolhislilerin ve yaşadığı Trabzon, Antik çağ ve sonrasında üzerinden ve Euphrates ( ) civarında üretilen ticari malların takas edildiği ticaret merkezi ve dış ülkelere satıldığı bir ihraç limanı özelliğindeydi."
Activision,https://tr.wikipedia.org/wiki/Activision,1,Trabzon#109: imzalı dünyaca ünlü savaş oyunu serisi 'nin dönemini anlatan oyununun bazı sahneleri Trabzon'da geçmektedir.
Darülmuallimin,https://tr.wikipedia.org/wiki/D%C3%A2r%C3%BClmuallim%C3%AEn,1,"Trabzon#106: son döneminde Trabzon'da eğitim kuruluşu olarak sekiz , eğitim süresi dört yıl olan beş adet , bir adet sanat yurdu, bir adet , bir adet ve bir adet bulunmaktaydı."
Mousterien,https://tr.wikipedia.org/wiki/Musteryen,1,"Trabzon#7: Bölgede çeşitli dönemlerde yapılan kazı ve yüzey taramalarında Çağı'na ait ve tipi (el baltaları, kazıyıcılar, yonga aletler), 'e ait mağaralar 'a ait yerleşim izlerine rastlanmıştır. 'nda Karadeniz kıyısında adlı domuz besleyen ve eken savaşçı bir halkın varlığı kaynaklarında bildirilmektedir."
TRS,https://tr.wikipedia.org/wiki/T%C3%BCrkiye_Saati,1,TrabzonCard#4: (+03.00)
Trabzon U:(https://tr.wikipedia.org/wiki/Trabzon_(il))___ ilinin merkezi olan şehirdir. ___E:Karadeniz Bölgesi,https://tr.wikipedia.org/wiki/Karadeniz_B%C3%B6lgesi,1,"Trabzon#1: Trabzon ( : Τραπεζούντα , Trapezounta), 'nin ilinin merkezi olan şehirdir. 'nin 'nde yer alan ilin 'e kıyısı bulunur."
Trabzon U:(https://tr.wikipedia.org/wiki/Trabzon_(il))___ ilinin merkezi olan şehirdir. ___E:Karadeniz Bölgesi,https://tr.wikipedia.org/wiki/Karadeniz_B%C3%B6lgesi,1,"Trabzon#1: Trabzon ( : Τραπεζούντα , Trapezounta), 'nin ilinin merkezi olan şehirdir. 'nin 'nde yer alan ilin 'e kıyısı bulunur."
Doğu Karadeniz Bölümü U:(https://tr.wikipedia.org/wiki/Do%C4%9Fu_Karadeniz_(istatistiki_b%C3%B6lge))___ 'nde yer alan ilin ___E:Karadeniz,https://tr.wikipedia.org/wiki/Karadeniz,1,"Trabzon#1: Trabzon ( : Τραπεζούντα , Trapezounta), 'nin ilinin merkezi olan şehirdir. 'nin 'nde yer alan ilin 'e kıyısı bulunur."
Doğu Karadeniz Bölümü U:(https://tr.wikipedia.org/wiki/Do%C4%9Fu_Karadeniz_(istatistiki_b%C3%B6lge))___ 'nde yer alan ilin ___E:Karadeniz,https://tr.wikipedia.org/wiki/Karadeniz,1,"Trabzon#1: Trabzon ( : Τραπεζούντα , Trapezounta), 'nin ilinin merkezi olan şehirdir. 'nin 'nde yer alan ilin 'e kıyısı bulunur."
şehzadeler,https://tr.wikipedia.org/wiki/%C5%9Eehzade,1,"Trabzon#3: Trabzon iki il ile birlikte de "" şehri"" olarak anılır. Trabzon için şöyle demiş: ""Bu şehre küçük İstanbul denilse yeridir."
şehzadeler,https://tr.wikipedia.org/wiki/%C5%9Eehzade,1,"Trabzon#3: Trabzon iki il ile birlikte de "" şehri"" olarak anılır. Trabzon için şöyle demiş: ""Bu şehre küçük İstanbul denilse yeridir."
"mısır U:(https://tr.wikipedia.org/wiki/M%C4%B1s%C4%B1r_(bitki))___ , ___E:hamsi",https://tr.wikipedia.org/wiki/Hamsi,1,"Trabzon#91: Samsun-Batum arasında yer alan bölge mutfağının ayırıcı temel besinleri , , ve çay olup bu üçlünün çorbasından ekmeğine dek sayısız kombinasyonu bulunmaktadır."
"mısır U:(https://tr.wikipedia.org/wiki/M%C4%B1s%C4%B1r_(bitki))___ , ___E:hamsi",https://tr.wikipedia.org/wiki/Hamsi,1,"Trabzon#91: Samsun-Batum arasında yer alan bölge mutfağının ayırıcı temel besinleri , , ve çay olup bu üçlünün çorbasından ekmeğine dek sayısız kombinasyonu bulunmaktadır."
1461 Trabzon FK,https://tr.wikipedia.org/wiki/1461_Trabzon_FK,1,"Trabzon#98: Trabzon'un 3. Lig takımlarından 2. Lige çıkarken, 1461 Trabzon küme düşmüştür. ve ligde kalmıştır. 3 takımı 'da yer almıştır."
1461 Trabzon FK,https://tr.wikipedia.org/wiki/1461_Trabzon_FK,1,"Trabzon#98: Trabzon'un 3. Lig takımlarından 2. Lige çıkarken, 1461 Trabzon küme düşmüştür. ve ligde kalmıştır. 3 takımı 'da yer almıştır."
Yomraspor,https://tr.wikipedia.org/wiki/Yomraspor,1,"Trabzon#98: Trabzon'un 3. Lig takımlarından 2. Lige çıkarken, 1461 Trabzon küme düşmüştür. ve ligde kalmıştır. 3 takımı 'da yer almıştır."
Osmanlıca,https://tr.wikipedia.org/wiki/Osmanl%C4%B1ca,1,"Trabzon#6: Şehir tarih boyunca : طربزون, : Τραπεζοῦς, : Trapezus, : Տրապիզոնի, : Trabisonda, : Τραπεζούντα Trapezounta ve Lazca: T'rapuzani ya da T'amtra olarak adlandırılmıştır."
BAL,https://tr.wikipedia.org/wiki/B%C3%B6lgesel_Amat%C3%B6r_Lig,1,"Trabzon#98: Trabzon'un 3. Lig takımlarından 2. Lige çıkarken, 1461 Trabzon küme düşmüştür. ve ligde kalmıştır. 3 takımı 'da yer almıştır."
BAL,https://tr.wikipedia.org/wiki/B%C3%B6lgesel_Amat%C3%B6r_Lig,1,"Trabzon#98: Trabzon'un 3. Lig takımlarından 2. Lige çıkarken, 1461 Trabzon küme düşmüştür. ve ligde kalmıştır. 3 takımı 'da yer almıştır."
Ziraat Türkiye Kupası,https://tr.wikipedia.org/wiki/T%C3%BCrkiye_Kupas%C4%B1,1,Trabzon#101: 2018-2019 'nda ve 1461 Trabzon FK katıldıkları 2.turda elenmişlerdir.
Ziraat Türkiye Kupası,https://tr.wikipedia.org/wiki/T%C3%BCrkiye_Kupas%C4%B1,1,Trabzon#101: 2018-2019 'nda ve 1461 Trabzon FK katıldıkları 2.turda elenmişlerdir.
"Antalyaspor U:(https://tr.wikipedia.org/wiki/Antalyaspor_(futbol_tak%C4%B1m%C4%B1))___ 'a, 1461 Trabzon 5.turda ___E:Ümraniyespor",https://tr.wikipedia.org/wiki/%C3%9Cmraniyespor,1,"Trabzon#102: Yomraspor 4.turda 'a, 1461 Trabzon 5.turda 'a elenmiştir."
"Antalyaspor U:(https://tr.wikipedia.org/wiki/Antalyaspor_(futbol_tak%C4%B1m%C4%B1))___ 'a, 1461 Trabzon 5.turda ___E:Ümraniyespor",https://tr.wikipedia.org/wiki/%C3%9Cmraniyespor,1,"Trabzon#102: Yomraspor 4.turda 'a, 1461 Trabzon 5.turda 'a elenmiştir."
Akyazı Stadyumu,https://tr.wikipedia.org/wiki/%C5%9Eenol_G%C3%BCne%C5%9F_Spor_Kompleksi,1,"Trabzon#105: Önemli spor tesisleri: (41.460), (7.500), M.Akif Ersoy Olimpik Yüzme Havuzu (1.400). öncesinde yeni spor tesisleri de yapılmıştır: Beşirli Tenis yerleşkesi (4.500), Yomra Jimnastik Salonu (2.500), Söğütlü Atletizm Sahası (7.200)."
Akyazı Stadyumu,https://tr.wikipedia.org/wiki/%C5%9Eenol_G%C3%BCne%C5%9F_Spor_Kompleksi,1,"Trabzon#105: Önemli spor tesisleri: (41.460), (7.500), M.Akif Ersoy Olimpik Yüzme Havuzu (1.400). öncesinde yeni spor tesisleri de yapılmıştır: Beşirli Tenis yerleşkesi (4.500), Yomra Jimnastik Salonu (2.500), Söğütlü Atletizm Sahası (7.200)."
Hayri Gür Spor Salonu,https://tr.wikipedia.org/wiki/Hayri_G%C3%BCr_Spor_Salonu,1,"Trabzon#105: Önemli spor tesisleri: (41.460), (7.500), M.Akif Ersoy Olimpik Yüzme Havuzu (1.400). öncesinde yeni spor tesisleri de yapılmıştır: Beşirli Tenis yerleşkesi (4.500), Yomra Jimnastik Salonu (2.500), Söğütlü Atletizm Sahası (7.200)."
Hayri Gür Spor Salonu,https://tr.wikipedia.org/wiki/Hayri_G%C3%BCr_Spor_Salonu,1,"Trabzon#105: Önemli spor tesisleri: (41.460), (7.500), M.Akif Ersoy Olimpik Yüzme Havuzu (1.400). öncesinde yeni spor tesisleri de yapılmıştır: Beşirli Tenis yerleşkesi (4.500), Yomra Jimnastik Salonu (2.500), Söğütlü Atletizm Sahası (7.200)."
EYOF 2011 Avrupa Gençlik Olimpik Oyunları,https://tr.wikipedia.org/w/index.php?title=EYOF_2011_Avrupa_Gen%C3%A7lik_Olimpik_Oyunlar%C4%B1&action=edit&redlink=1,1,"Trabzon#105: Önemli spor tesisleri: (41.460), (7.500), M.Akif Ersoy Olimpik Yüzme Havuzu (1.400). öncesinde yeni spor tesisleri de yapılmıştır: Beşirli Tenis yerleşkesi (4.500), Yomra Jimnastik Salonu (2.500), Söğütlü Atletizm Sahası (7.200)."
EYOF 2011 Avrupa Gençlik Olimpik Oyunları,https://tr.wikipedia.org/w/index.php?title=EYOF_2011_Avrupa_Gen%C3%A7lik_Olimpik_Oyunlar%C4%B1&action=edit&redlink=1,1,"Trabzon#105: Önemli spor tesisleri: (41.460), (7.500), M.Akif Ersoy Olimpik Yüzme Havuzu (1.400). öncesinde yeni spor tesisleri de yapılmıştır: Beşirli Tenis yerleşkesi (4.500), Yomra Jimnastik Salonu (2.500), Söğütlü Atletizm Sahası (7.200)."
Osmanlı İmparatorluğunun,https://tr.wikipedia.org/wiki/Osmanl%C4%B1_%C4%B0mparatorlu%C4%9Fu,1,"Trabzon#106: son döneminde Trabzon'da eğitim kuruluşu olarak sekiz , eğitim süresi dört yıl olan beş adet , bir adet sanat yurdu, bir adet , bir adet ve bir adet bulunmaktaydı."
Osmanlı İmparatorluğunun,https://tr.wikipedia.org/wiki/Osmanl%C4%B1_%C4%B0mparatorlu%C4%9Fu,1,"Trabzon#106: son döneminde Trabzon'da eğitim kuruluşu olarak sekiz , eğitim süresi dört yıl olan beş adet , bir adet sanat yurdu, bir adet , bir adet ve bir adet bulunmaktaydı."
medrese,https://tr.wikipedia.org/wiki/Medrese,1,"Trabzon#106: son döneminde Trabzon'da eğitim kuruluşu olarak sekiz , eğitim süresi dört yıl olan beş adet , bir adet sanat yurdu, bir adet , bir adet ve bir adet bulunmaktaydı."
medrese,https://tr.wikipedia.org/wiki/Medrese,1,"Trabzon#106: son döneminde Trabzon'da eğitim kuruluşu olarak sekiz , eğitim süresi dört yıl olan beş adet , bir adet sanat yurdu, bir adet , bir adet ve bir adet bulunmaktaydı."
ilkokul,https://tr.wikipedia.org/wiki/%C4%B0lkokul,1,"Trabzon#106: son döneminde Trabzon'da eğitim kuruluşu olarak sekiz , eğitim süresi dört yıl olan beş adet , bir adet sanat yurdu, bir adet , bir adet ve bir adet bulunmaktaydı."
ilkokul,https://tr.wikipedia.org/wiki/%C4%B0lkokul,1,"Trabzon#106: son döneminde Trabzon'da eğitim kuruluşu olarak sekiz , eğitim süresi dört yıl olan beş adet , bir adet sanat yurdu, bir adet , bir adet ve bir adet bulunmaktaydı."
askeri rüştiye,https://tr.wikipedia.org/w/index.php?title=Askeri_r%C3%BC%C5%9Ftiye&action=edit&redlink=1,1,"Trabzon#106: son döneminde Trabzon'da eğitim kuruluşu olarak sekiz , eğitim süresi dört yıl olan beş adet , bir adet sanat yurdu, bir adet , bir adet ve bir adet bulunmaktaydı."
askeri rüştiye,https://tr.wikipedia.org/w/index.php?title=Askeri_r%C3%BC%C5%9Ftiye&action=edit&redlink=1,1,"Trabzon#106: son döneminde Trabzon'da eğitim kuruluşu olarak sekiz , eğitim süresi dört yıl olan beş adet , bir adet sanat yurdu, bir adet , bir adet ve bir adet bulunmaktaydı."
idadi,https://tr.wikipedia.org/wiki/Lise,1,"Trabzon#106: son döneminde Trabzon'da eğitim kuruluşu olarak sekiz , eğitim süresi dört yıl olan beş adet , bir adet sanat yurdu, bir adet , bir adet ve bir adet bulunmaktaydı."
idadi,https://tr.wikipedia.org/wiki/Lise,1,"Trabzon#106: son döneminde Trabzon'da eğitim kuruluşu olarak sekiz , eğitim süresi dört yıl olan beş adet , bir adet sanat yurdu, bir adet , bir adet ve bir adet bulunmaktaydı."
Darülmuallimin,https://tr.wikipedia.org/wiki/D%C3%A2r%C3%BClmuallim%C3%AEn,1,"Trabzon#106: son döneminde Trabzon'da eğitim kuruluşu olarak sekiz , eğitim süresi dört yıl olan beş adet , bir adet sanat yurdu, bir adet , bir adet ve bir adet bulunmaktaydı."
Fırat,https://tr.wikipedia.org/wiki/F%C4%B1rat,1,"Trabzon#12: Merkezinde Yunanların çevre köylerinde bugünkü Lazların (Tzanlar) ataları olan Kolhislilerin ve yaşadığı Trabzon, Antik çağ ve sonrasında üzerinden ve Euphrates ( ) civarında üretilen ticari malların takas edildiği ticaret merkezi ve dış ülkelere satıldığı bir ihraç limanı özelliğindeydi."
Fırat,https://tr.wikipedia.org/wiki/F%C4%B1rat,1,"Trabzon#12: Merkezinde Yunanların çevre köylerinde bugünkü Lazların (Tzanlar) ataları olan Kolhislilerin ve yaşadığı Trabzon, Antik çağ ve sonrasında üzerinden ve Euphrates ( ) civarında üretilen ticari malların takas edildiği ticaret merkezi ve dış ülkelere satıldığı bir ihraç limanı özelliğindeydi."
Roma İmparatorluğu,https://tr.wikipedia.org/wiki/Roma_%C4%B0mparatorlu%C4%9Fu,1,Trabzon#13: Pontus İmparatoru 'in ile giriştiği bir dizi savaşı kaybetmesinin ardından topraklarının yanı sıra Trabzon da Roma hakimiyetine girmiştir.
Roma İmparatorluğu,https://tr.wikipedia.org/wiki/Roma_%C4%B0mparatorlu%C4%9Fu,1,Trabzon#13: Pontus İmparatoru 'in ile giriştiği bir dizi savaşı kaybetmesinin ardından topraklarının yanı sıra Trabzon da Roma hakimiyetine girmiştir.
Pompeius,https://tr.wikipedia.org/wiki/Gnaeus_Pompeius_Magnus,1,"Trabzon#14: 'a karşı mücadelesinde 'e destek vermeyen Trabzon, Roma döneminde ödüllendirilerek serbest şehir statüsü kazandırılmıştır."
Pompeius,https://tr.wikipedia.org/wiki/Gnaeus_Pompeius_Magnus,1,"Trabzon#14: 'a karşı mücadelesinde 'e destek vermeyen Trabzon, Roma döneminde ödüllendirilerek serbest şehir statüsü kazandırılmıştır."
Arrian,https://tr.wikipedia.org/wiki/Flavius_Arrianus,1,"Trabzon#15: Bizzat kente gelen , Trapezus'un Roma döneminde Güney Karadeniz'deki en önemli liman kenti olduğunu belirtmiştir."
Arrian,https://tr.wikipedia.org/wiki/Flavius_Arrianus,1,"Trabzon#15: Bizzat kente gelen , Trapezus'un Roma döneminde Güney Karadeniz'deki en önemli liman kenti olduğunu belirtmiştir."
Trajan,https://tr.wikipedia.org/wiki/Trajan,1,"Trabzon#16: Roma İmparatoru döneminde restore edilen kent, döneminde eyaletinin başkenti olmuş ve kente yeni bir liman inşa edilmiştir. döneminde bir kabilesi olan tarafından yağmalanmış, döneminde tekrar onarılsa da şehir eski görkemli günlerine dönememiştir."
Trajan,https://tr.wikipedia.org/wiki/Trajan,1,"Trabzon#16: Roma İmparatoru döneminde restore edilen kent, döneminde eyaletinin başkenti olmuş ve kente yeni bir liman inşa edilmiştir. döneminde bir kabilesi olan tarafından yağmalanmış, döneminde tekrar onarılsa da şehir eski görkemli günlerine dönememiştir."
Pontus Kapadokyası,https://tr.wikipedia.org/w/index.php?title=Pontus_Kapadokyas%C4%B1&action=edit&redlink=1,1,"Trabzon#16: Roma İmparatoru döneminde restore edilen kent, döneminde eyaletinin başkenti olmuş ve kente yeni bir liman inşa edilmiştir. döneminde bir kabilesi olan tarafından yağmalanmış, döneminde tekrar onarılsa da şehir eski görkemli günlerine dönememiştir."
Pontus Kapadokyası,https://tr.wikipedia.org/w/index.php?title=Pontus_Kapadokyas%C4%B1&action=edit&redlink=1,1,"Trabzon#16: Roma İmparatoru döneminde restore edilen kent, döneminde eyaletinin başkenti olmuş ve kente yeni bir liman inşa edilmiştir. döneminde bir kabilesi olan tarafından yağmalanmış, döneminde tekrar onarılsa da şehir eski görkemli günlerine dönememiştir."
Gallienus,https://tr.wikipedia.org/wiki/Gallienus,1,"Trabzon#16: Roma İmparatoru döneminde restore edilen kent, döneminde eyaletinin başkenti olmuş ve kente yeni bir liman inşa edilmiştir. döneminde bir kabilesi olan tarafından yağmalanmış, döneminde tekrar onarılsa da şehir eski görkemli günlerine dönememiştir."
Gallienus,https://tr.wikipedia.org/wiki/Gallienus,1,"Trabzon#16: Roma İmparatoru döneminde restore edilen kent, döneminde eyaletinin başkenti olmuş ve kente yeni bir liman inşa edilmiştir. döneminde bir kabilesi olan tarafından yağmalanmış, döneminde tekrar onarılsa da şehir eski görkemli günlerine dönememiştir."
Germen,https://tr.wikipedia.org/wiki/Cermenler,1,"Trabzon#16: Roma İmparatoru döneminde restore edilen kent, döneminde eyaletinin başkenti olmuş ve kente yeni bir liman inşa edilmiştir. döneminde bir kabilesi olan tarafından yağmalanmış, döneminde tekrar onarılsa da şehir eski görkemli günlerine dönememiştir."
Germen,https://tr.wikipedia.org/wiki/Cermenler,1,"Trabzon#16: Roma İmparatoru döneminde restore edilen kent, döneminde eyaletinin başkenti olmuş ve kente yeni bir liman inşa edilmiştir. döneminde bir kabilesi olan tarafından yağmalanmış, döneminde tekrar onarılsa da şehir eski görkemli günlerine dönememiştir."
Gotlar,https://tr.wikipedia.org/wiki/Gotlar,1,"Trabzon#16: Roma İmparatoru döneminde restore edilen kent, döneminde eyaletinin başkenti olmuş ve kente yeni bir liman inşa edilmiştir. döneminde bir kabilesi olan tarafından yağmalanmış, döneminde tekrar onarılsa da şehir eski görkemli günlerine dönememiştir."
Gotlar,https://tr.wikipedia.org/wiki/Gotlar,1,"Trabzon#16: Roma İmparatoru döneminde restore edilen kent, döneminde eyaletinin başkenti olmuş ve kente yeni bir liman inşa edilmiştir. döneminde bir kabilesi olan tarafından yağmalanmış, döneminde tekrar onarılsa da şehir eski görkemli günlerine dönememiştir."
I. Justinianus,https://tr.wikipedia.org/wiki/I._Justinianus,1,"Trabzon#16: Roma İmparatoru döneminde restore edilen kent, döneminde eyaletinin başkenti olmuş ve kente yeni bir liman inşa edilmiştir. döneminde bir kabilesi olan tarafından yağmalanmış, döneminde tekrar onarılsa da şehir eski görkemli günlerine dönememiştir."
I. Justinianus,https://tr.wikipedia.org/wiki/I._Justinianus,1,"Trabzon#16: Roma İmparatoru döneminde restore edilen kent, döneminde eyaletinin başkenti olmuş ve kente yeni bir liman inşa edilmiştir. döneminde bir kabilesi olan tarafından yağmalanmış, döneminde tekrar onarılsa da şehir eski görkemli günlerine dönememiştir."
Sasaniler,https://tr.wikipedia.org/wiki/Sasani_%C4%B0mparatorlu%C4%9Fu,1,"Trabzon#17: Bizans'ın 6. yüzyılda ile yapılan savaşlar, 7. yüzyılda da Arap akınları nedeniyle şehir yeniden önem kazandı."
Sasaniler,https://tr.wikipedia.org/wiki/Sasani_%C4%B0mparatorlu%C4%9Fu,1,"Trabzon#17: Bizans'ın 6. yüzyılda ile yapılan savaşlar, 7. yüzyılda da Arap akınları nedeniyle şehir yeniden önem kazandı."
Haldia,https://tr.wikipedia.org/wiki/Haldia,1,Trabzon#18: Daha sonra yeni kurulan Bölgesinin ana kenti oldu. İstanbul'un tarafından işgali sırasında tarafından 1204 yılında kurulan 'nun başkenti oldu.
Haldia,https://tr.wikipedia.org/wiki/Haldia,1,Trabzon#18: Daha sonra yeni kurulan Bölgesinin ana kenti oldu. İstanbul'un tarafından işgali sırasında tarafından 1204 yılında kurulan 'nun başkenti oldu.
Latinler,https://tr.wikipedia.org/wiki/Latin,1,Trabzon#18: Daha sonra yeni kurulan Bölgesinin ana kenti oldu. İstanbul'un tarafından işgali sırasında tarafından 1204 yılında kurulan 'nun başkenti oldu.
Latinler,https://tr.wikipedia.org/wiki/Latin,1,Trabzon#18: Daha sonra yeni kurulan Bölgesinin ana kenti oldu. İstanbul'un tarafından işgali sırasında tarafından 1204 yılında kurulan 'nun başkenti oldu.
Trabzon İmparatorluğu,https://tr.wikipedia.org/wiki/Trabzon_%C4%B0mparatorlu%C4%9Fu,1,Trabzon#18: Daha sonra yeni kurulan Bölgesinin ana kenti oldu. İstanbul'un tarafından işgali sırasında tarafından 1204 yılında kurulan 'nun başkenti oldu.
Trabzon İmparatorluğu,https://tr.wikipedia.org/wiki/Trabzon_%C4%B0mparatorlu%C4%9Fu,1,Trabzon#18: Daha sonra yeni kurulan Bölgesinin ana kenti oldu. İstanbul'un tarafından işgali sırasında tarafından 1204 yılında kurulan 'nun başkenti oldu.
Aleksios U:(https://tr.wikipedia.org/wiki/I._Aleksios_(Trabzon_imparatoru))___ Latin işgali nedeniyle Trabzon'a gelerek teyzesi Gürcü Kraliçesi ___E:Tamar,https://tr.wikipedia.org/wiki/Tamar,1,"Trabzon#19: 'dan Latin işgali nedeniyle Trabzon'a gelerek teyzesi Gürcü Kraliçesi 'ın desteğiyle kendini Roma İmparatoru ilan etmişse de Batı özellikle , Trabzon İmparatorunu küçümseyerek ""Laz hükümdarı"" olarak tanımlamıştır."
Aleksios U:(https://tr.wikipedia.org/wiki/I._Aleksios_(Trabzon_imparatoru))___ Latin işgali nedeniyle Trabzon'a gelerek teyzesi Gürcü Kraliçesi ___E:Tamar,https://tr.wikipedia.org/wiki/Tamar,1,"Trabzon#19: 'dan Latin işgali nedeniyle Trabzon'a gelerek teyzesi Gürcü Kraliçesi 'ın desteğiyle kendini Roma İmparatoru ilan etmişse de Batı özellikle , Trabzon İmparatorunu küçümseyerek ""Laz hükümdarı"" olarak tanımlamıştır."
Vatikan,https://tr.wikipedia.org/wiki/Vatikan,1,"Trabzon#19: 'dan Latin işgali nedeniyle Trabzon'a gelerek teyzesi Gürcü Kraliçesi 'ın desteğiyle kendini Roma İmparatoru ilan etmişse de Batı özellikle , Trabzon İmparatorunu küçümseyerek ""Laz hükümdarı"" olarak tanımlamıştır."
Vatikan,https://tr.wikipedia.org/wiki/Vatikan,1,"Trabzon#19: 'dan Latin işgali nedeniyle Trabzon'a gelerek teyzesi Gürcü Kraliçesi 'ın desteğiyle kendini Roma İmparatoru ilan etmişse de Batı özellikle , Trabzon İmparatorunu küçümseyerek ""Laz hükümdarı"" olarak tanımlamıştır."
Bizans,https://tr.wikipedia.org/wiki/Bizans_%C4%B0mparatorlu%C4%9Fu,1,"Trabzon#20: Trabzon imparatorları başlangıçta diğer (Doğu Roma) imparatorları gibi çift başlı (aetos) figürünü sembol olarak kullanmışlarsa da Latin işgalinin sona ermesi ve 'te yeniden yasal yönetimin iktidarı ele geçirmesiyle, bir çatışmaya sebebiyet vermemek için bugün Trabzon kapısının üzerinde rölyefi bulunan tek başlı kartal sembolünü tercih etmişlerdir. ile , Moğollar ile Osmanlılar hatta çeşitli Türkmen ( kabile federasyonuna mensup) klanları ile denge politikası sürdürerek, varlığını sürdürebilen bu zengin liman kenti, İstanbul'un fethinden sekiz yıl sonra 1461 yılında tarafından Karadeniz'deki çeşitli beylikler, İtalyan kolonileri ve 'la birlikte ele geçirilerek stratejik anahtarının girmesi sağlanmıştır."
Bizans,https://tr.wikipedia.org/wiki/Bizans_%C4%B0mparatorlu%C4%9Fu,1,"Trabzon#20: Trabzon imparatorları başlangıçta diğer (Doğu Roma) imparatorları gibi çift başlı (aetos) figürünü sembol olarak kullanmışlarsa da Latin işgalinin sona ermesi ve 'te yeniden yasal yönetimin iktidarı ele geçirmesiyle, bir çatışmaya sebebiyet vermemek için bugün Trabzon kapısının üzerinde rölyefi bulunan tek başlı kartal sembolünü tercih etmişlerdir. ile , Moğollar ile Osmanlılar hatta çeşitli Türkmen ( kabile federasyonuna mensup) klanları ile denge politikası sürdürerek, varlığını sürdürebilen bu zengin liman kenti, İstanbul'un fethinden sekiz yıl sonra 1461 yılında tarafından Karadeniz'deki çeşitli beylikler, İtalyan kolonileri ve 'la birlikte ele geçirilerek stratejik anahtarının girmesi sağlanmıştır."
Konstantinopolis,https://tr.wikipedia.org/wiki/Konstantinopolis,1,"Trabzon#20: Trabzon imparatorları başlangıçta diğer (Doğu Roma) imparatorları gibi çift başlı (aetos) figürünü sembol olarak kullanmışlarsa da Latin işgalinin sona ermesi ve 'te yeniden yasal yönetimin iktidarı ele geçirmesiyle, bir çatışmaya sebebiyet vermemek için bugün Trabzon kapısının üzerinde rölyefi bulunan tek başlı kartal sembolünü tercih etmişlerdir. ile , Moğollar ile Osmanlılar hatta çeşitli Türkmen ( kabile federasyonuna mensup) klanları ile denge politikası sürdürerek, varlığını sürdürebilen bu zengin liman kenti, İstanbul'un fethinden sekiz yıl sonra 1461 yılında tarafından Karadeniz'deki çeşitli beylikler, İtalyan kolonileri ve 'la birlikte ele geçirilerek stratejik anahtarının girmesi sağlanmıştır."
Konstantinopolis,https://tr.wikipedia.org/wiki/Konstantinopolis,1,"Trabzon#20: Trabzon imparatorları başlangıçta diğer (Doğu Roma) imparatorları gibi çift başlı (aetos) figürünü sembol olarak kullanmışlarsa da Latin işgalinin sona ermesi ve 'te yeniden yasal yönetimin iktidarı ele geçirmesiyle, bir çatışmaya sebebiyet vermemek için bugün Trabzon kapısının üzerinde rölyefi bulunan tek başlı kartal sembolünü tercih etmişlerdir. ile , Moğollar ile Osmanlılar hatta çeşitli Türkmen ( kabile federasyonuna mensup) klanları ile denge politikası sürdürerek, varlığını sürdürebilen bu zengin liman kenti, İstanbul'un fethinden sekiz yıl sonra 1461 yılında tarafından Karadeniz'deki çeşitli beylikler, İtalyan kolonileri ve 'la birlikte ele geçirilerek stratejik anahtarının girmesi sağlanmıştır."
Ayasofya U:(https://tr.wikipedia.org/wiki/Ayasofya_(Trabzon))___ kapısının üzerinde rölyefi bulunan tek başlı kartal sembolünü tercih etmişlerdir. ___E:Cenevizliler,https://tr.wikipedia.org/wiki/Ceneviz_Cumhuriyeti,1,"Trabzon#20: Trabzon imparatorları başlangıçta diğer (Doğu Roma) imparatorları gibi çift başlı (aetos) figürünü sembol olarak kullanmışlarsa da Latin işgalinin sona ermesi ve 'te yeniden yasal yönetimin iktidarı ele geçirmesiyle, bir çatışmaya sebebiyet vermemek için bugün Trabzon kapısının üzerinde rölyefi bulunan tek başlı kartal sembolünü tercih etmişlerdir. ile , Moğollar ile Osmanlılar hatta çeşitli Türkmen ( kabile federasyonuna mensup) klanları ile denge politikası sürdürerek, varlığını sürdürebilen bu zengin liman kenti, İstanbul'un fethinden sekiz yıl sonra 1461 yılında tarafından Karadeniz'deki çeşitli beylikler, İtalyan kolonileri ve 'la birlikte ele geçirilerek stratejik anahtarının girmesi sağlanmıştır."
Ayasofya U:(https://tr.wikipedia.org/wiki/Ayasofya_(Trabzon))___ kapısının üzerinde rölyefi bulunan tek başlı kartal sembolünü tercih etmişlerdir. ___E:Cenevizliler,https://tr.wikipedia.org/wiki/Ceneviz_Cumhuriyeti,1,"Trabzon#20: Trabzon imparatorları başlangıçta diğer (Doğu Roma) imparatorları gibi çift başlı (aetos) figürünü sembol olarak kullanmışlarsa da Latin işgalinin sona ermesi ve 'te yeniden yasal yönetimin iktidarı ele geçirmesiyle, bir çatışmaya sebebiyet vermemek için bugün Trabzon kapısının üzerinde rölyefi bulunan tek başlı kartal sembolünü tercih etmişlerdir. ile , Moğollar ile Osmanlılar hatta çeşitli Türkmen ( kabile federasyonuna mensup) klanları ile denge politikası sürdürerek, varlığını sürdürebilen bu zengin liman kenti, İstanbul'un fethinden sekiz yıl sonra 1461 yılında tarafından Karadeniz'deki çeşitli beylikler, İtalyan kolonileri ve 'la birlikte ele geçirilerek stratejik anahtarının girmesi sağlanmıştır."
Venedikliler,https://tr.wikipedia.org/wiki/Venedik,1,"Trabzon#20: Trabzon imparatorları başlangıçta diğer (Doğu Roma) imparatorları gibi çift başlı (aetos) figürünü sembol olarak kullanmışlarsa da Latin işgalinin sona ermesi ve 'te yeniden yasal yönetimin iktidarı ele geçirmesiyle, bir çatışmaya sebebiyet vermemek için bugün Trabzon kapısının üzerinde rölyefi bulunan tek başlı kartal sembolünü tercih etmişlerdir. ile , Moğollar ile Osmanlılar hatta çeşitli Türkmen ( kabile federasyonuna mensup) klanları ile denge politikası sürdürerek, varlığını sürdürebilen bu zengin liman kenti, İstanbul'un fethinden sekiz yıl sonra 1461 yılında tarafından Karadeniz'deki çeşitli beylikler, İtalyan kolonileri ve 'la birlikte ele geçirilerek stratejik anahtarının girmesi sağlanmıştır."
Venedikliler,https://tr.wikipedia.org/wiki/Venedik,1,"Trabzon#20: Trabzon imparatorları başlangıçta diğer (Doğu Roma) imparatorları gibi çift başlı (aetos) figürünü sembol olarak kullanmışlarsa da Latin işgalinin sona ermesi ve 'te yeniden yasal yönetimin iktidarı ele geçirmesiyle, bir çatışmaya sebebiyet vermemek için bugün Trabzon kapısının üzerinde rölyefi bulunan tek başlı kartal sembolünü tercih etmişlerdir. ile , Moğollar ile Osmanlılar hatta çeşitli Türkmen ( kabile federasyonuna mensup) klanları ile denge politikası sürdürerek, varlığını sürdürebilen bu zengin liman kenti, İstanbul'un fethinden sekiz yıl sonra 1461 yılında tarafından Karadeniz'deki çeşitli beylikler, İtalyan kolonileri ve 'la birlikte ele geçirilerek stratejik anahtarının girmesi sağlanmıştır."
Akkoyunlu,https://tr.wikipedia.org/wiki/Akkoyunlular,1,"Trabzon#20: Trabzon imparatorları başlangıçta diğer (Doğu Roma) imparatorları gibi çift başlı (aetos) figürünü sembol olarak kullanmışlarsa da Latin işgalinin sona ermesi ve 'te yeniden yasal yönetimin iktidarı ele geçirmesiyle, bir çatışmaya sebebiyet vermemek için bugün Trabzon kapısının üzerinde rölyefi bulunan tek başlı kartal sembolünü tercih etmişlerdir. ile , Moğollar ile Osmanlılar hatta çeşitli Türkmen ( kabile federasyonuna mensup) klanları ile denge politikası sürdürerek, varlığını sürdürebilen bu zengin liman kenti, İstanbul'un fethinden sekiz yıl sonra 1461 yılında tarafından Karadeniz'deki çeşitli beylikler, İtalyan kolonileri ve 'la birlikte ele geçirilerek stratejik anahtarının girmesi sağlanmıştır."
Akkoyunlu,https://tr.wikipedia.org/wiki/Akkoyunlular,1,"Trabzon#20: Trabzon imparatorları başlangıçta diğer (Doğu Roma) imparatorları gibi çift başlı (aetos) figürünü sembol olarak kullanmışlarsa da Latin işgalinin sona ermesi ve 'te yeniden yasal yönetimin iktidarı ele geçirmesiyle, bir çatışmaya sebebiyet vermemek için bugün Trabzon kapısının üzerinde rölyefi bulunan tek başlı kartal sembolünü tercih etmişlerdir. ile , Moğollar ile Osmanlılar hatta çeşitli Türkmen ( kabile federasyonuna mensup) klanları ile denge politikası sürdürerek, varlığını sürdürebilen bu zengin liman kenti, İstanbul'un fethinden sekiz yıl sonra 1461 yılında tarafından Karadeniz'deki çeşitli beylikler, İtalyan kolonileri ve 'la birlikte ele geçirilerek stratejik anahtarının girmesi sağlanmıştır."
Fatih Sultan Mehmet,https://tr.wikipedia.org/wiki/II._Mehmed,1,"Trabzon#20: Trabzon imparatorları başlangıçta diğer (Doğu Roma) imparatorları gibi çift başlı (aetos) figürünü sembol olarak kullanmışlarsa da Latin işgalinin sona ermesi ve 'te yeniden yasal yönetimin iktidarı ele geçirmesiyle, bir çatışmaya sebebiyet vermemek için bugün Trabzon kapısının üzerinde rölyefi bulunan tek başlı kartal sembolünü tercih etmişlerdir. ile , Moğollar ile Osmanlılar hatta çeşitli Türkmen ( kabile federasyonuna mensup) klanları ile denge politikası sürdürerek, varlığını sürdürebilen bu zengin liman kenti, İstanbul'un fethinden sekiz yıl sonra 1461 yılında tarafından Karadeniz'deki çeşitli beylikler, İtalyan kolonileri ve 'la birlikte ele geçirilerek stratejik anahtarının girmesi sağlanmıştır."
Fatih Sultan Mehmet,https://tr.wikipedia.org/wiki/II._Mehmed,1,"Trabzon#20: Trabzon imparatorları başlangıçta diğer (Doğu Roma) imparatorları gibi çift başlı (aetos) figürünü sembol olarak kullanmışlarsa da Latin işgalinin sona ermesi ve 'te yeniden yasal yönetimin iktidarı ele geçirmesiyle, bir çatışmaya sebebiyet vermemek için bugün Trabzon kapısının üzerinde rölyefi bulunan tek başlı kartal sembolünü tercih etmişlerdir. ile , Moğollar ile Osmanlılar hatta çeşitli Türkmen ( kabile federasyonuna mensup) klanları ile denge politikası sürdürerek, varlığını sürdürebilen bu zengin liman kenti, İstanbul'un fethinden sekiz yıl sonra 1461 yılında tarafından Karadeniz'deki çeşitli beylikler, İtalyan kolonileri ve 'la birlikte ele geçirilerek stratejik anahtarının girmesi sağlanmıştır."
Kırım,https://tr.wikipedia.org/wiki/K%C4%B1r%C4%B1m_Hanl%C4%B1%C4%9F%C4%B1,1,"Trabzon#20: Trabzon imparatorları başlangıçta diğer (Doğu Roma) imparatorları gibi çift başlı (aetos) figürünü sembol olarak kullanmışlarsa da Latin işgalinin sona ermesi ve 'te yeniden yasal yönetimin iktidarı ele geçirmesiyle, bir çatışmaya sebebiyet vermemek için bugün Trabzon kapısının üzerinde rölyefi bulunan tek başlı kartal sembolünü tercih etmişlerdir. ile , Moğollar ile Osmanlılar hatta çeşitli Türkmen ( kabile federasyonuna mensup) klanları ile denge politikası sürdürerek, varlığını sürdürebilen bu zengin liman kenti, İstanbul'un fethinden sekiz yıl sonra 1461 yılında tarafından Karadeniz'deki çeşitli beylikler, İtalyan kolonileri ve 'la birlikte ele geçirilerek stratejik anahtarının girmesi sağlanmıştır."
Kırım,https://tr.wikipedia.org/wiki/K%C4%B1r%C4%B1m_Hanl%C4%B1%C4%9F%C4%B1,1,"Trabzon#20: Trabzon imparatorları başlangıçta diğer (Doğu Roma) imparatorları gibi çift başlı (aetos) figürünü sembol olarak kullanmışlarsa da Latin işgalinin sona ermesi ve 'te yeniden yasal yönetimin iktidarı ele geçirmesiyle, bir çatışmaya sebebiyet vermemek için bugün Trabzon kapısının üzerinde rölyefi bulunan tek başlı kartal sembolünü tercih etmişlerdir. ile , Moğollar ile Osmanlılar hatta çeşitli Türkmen ( kabile federasyonuna mensup) klanları ile denge politikası sürdürerek, varlığını sürdürebilen bu zengin liman kenti, İstanbul'un fethinden sekiz yıl sonra 1461 yılında tarafından Karadeniz'deki çeşitli beylikler, İtalyan kolonileri ve 'la birlikte ele geçirilerek stratejik anahtarının girmesi sağlanmıştır."
İpek yolunun,https://tr.wikipedia.org/wiki/%C4%B0pek_Yolu,1,"Trabzon#20: Trabzon imparatorları başlangıçta diğer (Doğu Roma) imparatorları gibi çift başlı (aetos) figürünü sembol olarak kullanmışlarsa da Latin işgalinin sona ermesi ve 'te yeniden yasal yönetimin iktidarı ele geçirmesiyle, bir çatışmaya sebebiyet vermemek için bugün Trabzon kapısının üzerinde rölyefi bulunan tek başlı kartal sembolünü tercih etmişlerdir. ile , Moğollar ile Osmanlılar hatta çeşitli Türkmen ( kabile federasyonuna mensup) klanları ile denge politikası sürdürerek, varlığını sürdürebilen bu zengin liman kenti, İstanbul'un fethinden sekiz yıl sonra 1461 yılında tarafından Karadeniz'deki çeşitli beylikler, İtalyan kolonileri ve 'la birlikte ele geçirilerek stratejik anahtarının girmesi sağlanmıştır."
İpek yolunun,https://tr.wikipedia.org/wiki/%C4%B0pek_Yolu,1,"Trabzon#20: Trabzon imparatorları başlangıçta diğer (Doğu Roma) imparatorları gibi çift başlı (aetos) figürünü sembol olarak kullanmışlarsa da Latin işgalinin sona ermesi ve 'te yeniden yasal yönetimin iktidarı ele geçirmesiyle, bir çatışmaya sebebiyet vermemek için bugün Trabzon kapısının üzerinde rölyefi bulunan tek başlı kartal sembolünü tercih etmişlerdir. ile , Moğollar ile Osmanlılar hatta çeşitli Türkmen ( kabile federasyonuna mensup) klanları ile denge politikası sürdürerek, varlığını sürdürebilen bu zengin liman kenti, İstanbul'un fethinden sekiz yıl sonra 1461 yılında tarafından Karadeniz'deki çeşitli beylikler, İtalyan kolonileri ve 'la birlikte ele geçirilerek stratejik anahtarının girmesi sağlanmıştır."
Osmanlı hakimiyetine,https://tr.wikipedia.org/wiki/Trabzon%27un_Fethi,1,"Trabzon#20: Trabzon imparatorları başlangıçta diğer (Doğu Roma) imparatorları gibi çift başlı (aetos) figürünü sembol olarak kullanmışlarsa da Latin işgalinin sona ermesi ve 'te yeniden yasal yönetimin iktidarı ele geçirmesiyle, bir çatışmaya sebebiyet vermemek için bugün Trabzon kapısının üzerinde rölyefi bulunan tek başlı kartal sembolünü tercih etmişlerdir. ile , Moğollar ile Osmanlılar hatta çeşitli Türkmen ( kabile federasyonuna mensup) klanları ile denge politikası sürdürerek, varlığını sürdürebilen bu zengin liman kenti, İstanbul'un fethinden sekiz yıl sonra 1461 yılında tarafından Karadeniz'deki çeşitli beylikler, İtalyan kolonileri ve 'la birlikte ele geçirilerek stratejik anahtarının girmesi sağlanmıştır."
Osmanlı hakimiyetine,https://tr.wikipedia.org/wiki/Trabzon%27un_Fethi,1,"Trabzon#20: Trabzon imparatorları başlangıçta diğer (Doğu Roma) imparatorları gibi çift başlı (aetos) figürünü sembol olarak kullanmışlarsa da Latin işgalinin sona ermesi ve 'te yeniden yasal yönetimin iktidarı ele geçirmesiyle, bir çatışmaya sebebiyet vermemek için bugün Trabzon kapısının üzerinde rölyefi bulunan tek başlı kartal sembolünü tercih etmişlerdir. ile , Moğollar ile Osmanlılar hatta çeşitli Türkmen ( kabile federasyonuna mensup) klanları ile denge politikası sürdürerek, varlığını sürdürebilen bu zengin liman kenti, İstanbul'un fethinden sekiz yıl sonra 1461 yılında tarafından Karadeniz'deki çeşitli beylikler, İtalyan kolonileri ve 'la birlikte ele geçirilerek stratejik anahtarının girmesi sağlanmıştır."
I. Bayezid,https://tr.wikipedia.org/wiki/I._Bayezid,1,"Trabzon#21: 'in 1398'de Samsun yöresini almasından sonra , Osmanlı Devleti'ne yıllık vergi ödemek zorunda bırakılmıştır. iktidarı döneminde (1458-1461) vergi ödemeyi durdurarak, önceden ödediklerini de Akkoyunlu Devleti Sultanı aracılığıyla geri istemiş, ayrıca Osmanlılara karşı Avrupa'daki büyük devletlere ittifak önerisinde bulunmuştur."
I. Bayezid,https://tr.wikipedia.org/wiki/I._Bayezid,1,"Trabzon#21: 'in 1398'de Samsun yöresini almasından sonra , Osmanlı Devleti'ne yıllık vergi ödemek zorunda bırakılmıştır. iktidarı döneminde (1458-1461) vergi ödemeyi durdurarak, önceden ödediklerini de Akkoyunlu Devleti Sultanı aracılığıyla geri istemiş, ayrıca Osmanlılara karşı Avrupa'daki büyük devletlere ittifak önerisinde bulunmuştur."
Trabzon Krallığı,https://tr.wikipedia.org/wiki/Trabzon_%C4%B0mparatorlu%C4%9Fu,1,"Trabzon#21: 'in 1398'de Samsun yöresini almasından sonra , Osmanlı Devleti'ne yıllık vergi ödemek zorunda bırakılmıştır. iktidarı döneminde (1458-1461) vergi ödemeyi durdurarak, önceden ödediklerini de Akkoyunlu Devleti Sultanı aracılığıyla geri istemiş, ayrıca Osmanlılara karşı Avrupa'daki büyük devletlere ittifak önerisinde bulunmuştur."
Trabzon Krallığı,https://tr.wikipedia.org/wiki/Trabzon_%C4%B0mparatorlu%C4%9Fu,1,"Trabzon#21: 'in 1398'de Samsun yöresini almasından sonra , Osmanlı Devleti'ne yıllık vergi ödemek zorunda bırakılmıştır. iktidarı döneminde (1458-1461) vergi ödemeyi durdurarak, önceden ödediklerini de Akkoyunlu Devleti Sultanı aracılığıyla geri istemiş, ayrıca Osmanlılara karşı Avrupa'daki büyük devletlere ittifak önerisinde bulunmuştur."
"David Komninos U:(https://tr.wikipedia.org/wiki/David_(Trabzon_imparatoru))___ iktidarı döneminde (1458-1461) vergi ödemeyi durdurarak, önceden ödediklerini de Akkoyunlu Devleti Sultanı ___E:Uzun Hasan",https://tr.wikipedia.org/wiki/Uzun_Hasan,1,"Trabzon#21: 'in 1398'de Samsun yöresini almasından sonra , Osmanlı Devleti'ne yıllık vergi ödemek zorunda bırakılmıştır. iktidarı döneminde (1458-1461) vergi ödemeyi durdurarak, önceden ödediklerini de Akkoyunlu Devleti Sultanı aracılığıyla geri istemiş, ayrıca Osmanlılara karşı Avrupa'daki büyük devletlere ittifak önerisinde bulunmuştur."
"David Komninos U:(https://tr.wikipedia.org/wiki/David_(Trabzon_imparatoru))___ iktidarı döneminde (1458-1461) vergi ödemeyi durdurarak, önceden ödediklerini de Akkoyunlu Devleti Sultanı ___E:Uzun Hasan",https://tr.wikipedia.org/wiki/Uzun_Hasan,1,"Trabzon#21: 'in 1398'de Samsun yöresini almasından sonra , Osmanlı Devleti'ne yıllık vergi ödemek zorunda bırakılmıştır. iktidarı döneminde (1458-1461) vergi ödemeyi durdurarak, önceden ödediklerini de Akkoyunlu Devleti Sultanı aracılığıyla geri istemiş, ayrıca Osmanlılara karşı Avrupa'daki büyük devletlere ittifak önerisinde bulunmuştur."
Veli Mahmud Paşa,https://tr.wikipedia.org/wiki/Veli_Mahmud_Pa%C5%9Fa,1,"Trabzon#22: Bunun üzerine Fatih Sultan Mehmet 23 Mart 1461'de Edirne'den sefere çıkmış ve bir süre denizden kuşatılan şehir, Trabzon kralı David Komninos'un 'nın yakını olan başmabeyincisi 'nin aracılığıyla direnmeden teslim olmuştur."
Veli Mahmud Paşa,https://tr.wikipedia.org/wiki/Veli_Mahmud_Pa%C5%9Fa,1,"Trabzon#22: Bunun üzerine Fatih Sultan Mehmet 23 Mart 1461'de Edirne'den sefere çıkmış ve bir süre denizden kuşatılan şehir, Trabzon kralı David Komninos'un 'nın yakını olan başmabeyincisi 'nin aracılığıyla direnmeden teslim olmuştur."
Yorgi Amiruki,https://tr.wikipedia.org/w/index.php?title=Yorgi_Amiruki&action=edit&redlink=1,1,"Trabzon#22: Bunun üzerine Fatih Sultan Mehmet 23 Mart 1461'de Edirne'den sefere çıkmış ve bir süre denizden kuşatılan şehir, Trabzon kralı David Komninos'un 'nın yakını olan başmabeyincisi 'nin aracılığıyla direnmeden teslim olmuştur."
Yorgi Amiruki,https://tr.wikipedia.org/w/index.php?title=Yorgi_Amiruki&action=edit&redlink=1,1,"Trabzon#22: Bunun üzerine Fatih Sultan Mehmet 23 Mart 1461'de Edirne'den sefere çıkmış ve bir süre denizden kuşatılan şehir, Trabzon kralı David Komninos'un 'nın yakını olan başmabeyincisi 'nin aracılığıyla direnmeden teslim olmuştur."
Yavuz Sultan Selim,https://tr.wikipedia.org/wiki/I._Selim,1,"Trabzon#27: 1470 yılında sancak beyliği küçük yaşta Şehzade Abdullah'a verilmiş; Abdullah, annesi Şirin Hatunla birlikte 1479 yılına kadar Trabzon'da yaşamıştır. de şehzadeliği sırasında (1491-1512) Trabzon'da Sancak Beyi olarak bulunmuş, sonradan Kanuni unvanı alacak olan oğlu Sultan Süleyman burada doğmuştur."
Yavuz Sultan Selim,https://tr.wikipedia.org/wiki/I._Selim,1,"Trabzon#27: 1470 yılında sancak beyliği küçük yaşta Şehzade Abdullah'a verilmiş; Abdullah, annesi Şirin Hatunla birlikte 1479 yılına kadar Trabzon'da yaşamıştır. de şehzadeliği sırasında (1491-1512) Trabzon'da Sancak Beyi olarak bulunmuş, sonradan Kanuni unvanı alacak olan oğlu Sultan Süleyman burada doğmuştur."
Batum,https://tr.wikipedia.org/wiki/Batum,1,Trabzon#28: Trabzon sancağı 1582 yılında merkezi olan Sancağı ile birleştirilerek eyalete dönüştürülmüş ve Trabzon bu yeni idari birimin merkezi olmuştur.
Batum,https://tr.wikipedia.org/wiki/Batum,1,Trabzon#28: Trabzon sancağı 1582 yılında merkezi olan Sancağı ile birleştirilerek eyalete dönüştürülmüş ve Trabzon bu yeni idari birimin merkezi olmuştur.
İran,https://tr.wikipedia.org/wiki/%C4%B0ran,1,"Trabzon#29: Trabzon, Osmanlı döneminde de gerek Doğu Anadolu ve 'ın gerekse 'nun Batı'ya açıldığı liman kenti olarak stratejik önemini sürdürmüş dahası İran ve seferlerinde askeri üs noktası olarak kullanılmıştır. 1486 kayıtlarında şehirde yaşayan Müslüman halkın; çeşitli Anadolu şehrinden sürgün edilerek şehre yerleştirilen 201 hâne ile kendi istekleriyle şehre yerleşen elli altı hâneden oluştuğu belirtilmiştir."
İran,https://tr.wikipedia.org/wiki/%C4%B0ran,1,"Trabzon#29: Trabzon, Osmanlı döneminde de gerek Doğu Anadolu ve 'ın gerekse 'nun Batı'ya açıldığı liman kenti olarak stratejik önemini sürdürmüş dahası İran ve seferlerinde askeri üs noktası olarak kullanılmıştır. 1486 kayıtlarında şehirde yaşayan Müslüman halkın; çeşitli Anadolu şehrinden sürgün edilerek şehre yerleştirilen 201 hâne ile kendi istekleriyle şehre yerleşen elli altı hâneden oluştuğu belirtilmiştir."
Baharat yolu,https://tr.wikipedia.org/wiki/Baharat_Yolu,1,"Trabzon#29: Trabzon, Osmanlı döneminde de gerek Doğu Anadolu ve 'ın gerekse 'nun Batı'ya açıldığı liman kenti olarak stratejik önemini sürdürmüş dahası İran ve seferlerinde askeri üs noktası olarak kullanılmıştır. 1486 kayıtlarında şehirde yaşayan Müslüman halkın; çeşitli Anadolu şehrinden sürgün edilerek şehre yerleştirilen 201 hâne ile kendi istekleriyle şehre yerleşen elli altı hâneden oluştuğu belirtilmiştir."
Baharat yolu,https://tr.wikipedia.org/wiki/Baharat_Yolu,1,"Trabzon#29: Trabzon, Osmanlı döneminde de gerek Doğu Anadolu ve 'ın gerekse 'nun Batı'ya açıldığı liman kenti olarak stratejik önemini sürdürmüş dahası İran ve seferlerinde askeri üs noktası olarak kullanılmıştır. 1486 kayıtlarında şehirde yaşayan Müslüman halkın; çeşitli Anadolu şehrinden sürgün edilerek şehre yerleştirilen 201 hâne ile kendi istekleriyle şehre yerleşen elli altı hâneden oluştuğu belirtilmiştir."
Kafkasya,https://tr.wikipedia.org/wiki/Kafkasya,1,"Trabzon#29: Trabzon, Osmanlı döneminde de gerek Doğu Anadolu ve 'ın gerekse 'nun Batı'ya açıldığı liman kenti olarak stratejik önemini sürdürmüş dahası İran ve seferlerinde askeri üs noktası olarak kullanılmıştır. 1486 kayıtlarında şehirde yaşayan Müslüman halkın; çeşitli Anadolu şehrinden sürgün edilerek şehre yerleştirilen 201 hâne ile kendi istekleriyle şehre yerleşen elli altı hâneden oluştuğu belirtilmiştir."
Kafkasya,https://tr.wikipedia.org/wiki/Kafkasya,1,"Trabzon#29: Trabzon, Osmanlı döneminde de gerek Doğu Anadolu ve 'ın gerekse 'nun Batı'ya açıldığı liman kenti olarak stratejik önemini sürdürmüş dahası İran ve seferlerinde askeri üs noktası olarak kullanılmıştır. 1486 kayıtlarında şehirde yaşayan Müslüman halkın; çeşitli Anadolu şehrinden sürgün edilerek şehre yerleştirilen 201 hâne ile kendi istekleriyle şehre yerleşen elli altı hâneden oluştuğu belirtilmiştir."
tahrir,https://tr.wikipedia.org/wiki/Tahrir,1,"Trabzon#29: Trabzon, Osmanlı döneminde de gerek Doğu Anadolu ve 'ın gerekse 'nun Batı'ya açıldığı liman kenti olarak stratejik önemini sürdürmüş dahası İran ve seferlerinde askeri üs noktası olarak kullanılmıştır. 1486 kayıtlarında şehirde yaşayan Müslüman halkın; çeşitli Anadolu şehrinden sürgün edilerek şehre yerleştirilen 201 hâne ile kendi istekleriyle şehre yerleşen elli altı hâneden oluştuğu belirtilmiştir."
tahrir,https://tr.wikipedia.org/wiki/Tahrir,1,"Trabzon#29: Trabzon, Osmanlı döneminde de gerek Doğu Anadolu ve 'ın gerekse 'nun Batı'ya açıldığı liman kenti olarak stratejik önemini sürdürmüş dahası İran ve seferlerinde askeri üs noktası olarak kullanılmıştır. 1486 kayıtlarında şehirde yaşayan Müslüman halkın; çeşitli Anadolu şehrinden sürgün edilerek şehre yerleştirilen 201 hâne ile kendi istekleriyle şehre yerleşen elli altı hâneden oluştuğu belirtilmiştir."
Rumlar,https://tr.wikipedia.org/wiki/Rum,1,"Trabzon#30: Aynı tahrir kayıtlarına göre şehirde yaşayan halkın; %65,16'sı , %19,22'si Müslüman, %12,49'u , %3,13'ü ise Ceneviz ve Venedikliler'in oluşturduğu Latinler'den oluşmaktaydı."
Rumlar,https://tr.wikipedia.org/wiki/Rum,1,"Trabzon#30: Aynı tahrir kayıtlarına göre şehirde yaşayan halkın; %65,16'sı , %19,22'si Müslüman, %12,49'u , %3,13'ü ise Ceneviz ve Venedikliler'in oluşturduğu Latinler'den oluşmaktaydı."
Ermeniler,https://tr.wikipedia.org/wiki/Ermeniler,1,"Trabzon#30: Aynı tahrir kayıtlarına göre şehirde yaşayan halkın; %65,16'sı , %19,22'si Müslüman, %12,49'u , %3,13'ü ise Ceneviz ve Venedikliler'in oluşturduğu Latinler'den oluşmaktaydı."
Ermeniler,https://tr.wikipedia.org/wiki/Ermeniler,1,"Trabzon#30: Aynı tahrir kayıtlarına göre şehirde yaşayan halkın; %65,16'sı , %19,22'si Müslüman, %12,49'u , %3,13'ü ise Ceneviz ve Venedikliler'in oluşturduğu Latinler'den oluşmaktaydı."
yeniçeri,https://tr.wikipedia.org/wiki/Yeni%C3%A7eri,1,"Trabzon#31: Bunun yanı sıra şehirde 400 , 203 kale muhafızı ile idareciler ve maiyetindeki insanlarda bulunmaktaydı."
yeniçeri,https://tr.wikipedia.org/wiki/Yeni%C3%A7eri,1,"Trabzon#31: Bunun yanı sıra şehirde 400 , 203 kale muhafızı ile idareciler ve maiyetindeki insanlarda bulunmaktaydı."
Celali ayaklanmaları,https://tr.wikipedia.org/wiki/Cel%C3%A2l%C3%AE_isyanlar%C4%B1,1,"Trabzon#33: , gibi soyguncu aşiretler, yolsuzluk yapan sancak beyleri, bölgeyi arpalık olarak kullanan beylerbeyleri ( , 1603 gibi), 1624, 1625, 1631 yıllarındaki yağmaları ve 18. ve 19. yüzyılda ve gibi ayanlıktan gelme yerel derebeylerin ayaklanmaları bu dönemin önemli olaylarıdır."
Celali ayaklanmaları,https://tr.wikipedia.org/wiki/Cel%C3%A2l%C3%AE_isyanlar%C4%B1,1,"Trabzon#33: , gibi soyguncu aşiretler, yolsuzluk yapan sancak beyleri, bölgeyi arpalık olarak kullanan beylerbeyleri ( , 1603 gibi), 1624, 1625, 1631 yıllarındaki yağmaları ve 18. ve 19. yüzyılda ve gibi ayanlıktan gelme yerel derebeylerin ayaklanmaları bu dönemin önemli olaylarıdır."
Kazancık cemaati,https://tr.wikipedia.org/w/index.php?title=Kazanc%C4%B1k_cemaati&action=edit&redlink=1,1,"Trabzon#33: , gibi soyguncu aşiretler, yolsuzluk yapan sancak beyleri, bölgeyi arpalık olarak kullanan beylerbeyleri ( , 1603 gibi), 1624, 1625, 1631 yıllarındaki yağmaları ve 18. ve 19. yüzyılda ve gibi ayanlıktan gelme yerel derebeylerin ayaklanmaları bu dönemin önemli olaylarıdır."
Kazancık cemaati,https://tr.wikipedia.org/w/index.php?title=Kazanc%C4%B1k_cemaati&action=edit&redlink=1,1,"Trabzon#33: , gibi soyguncu aşiretler, yolsuzluk yapan sancak beyleri, bölgeyi arpalık olarak kullanan beylerbeyleri ( , 1603 gibi), 1624, 1625, 1631 yıllarındaki yağmaları ve 18. ve 19. yüzyılda ve gibi ayanlıktan gelme yerel derebeylerin ayaklanmaları bu dönemin önemli olaylarıdır."
Ahmet Paşa,https://tr.wikipedia.org/wiki/Ahmed_Pa%C5%9Fa,1,"Trabzon#33: , gibi soyguncu aşiretler, yolsuzluk yapan sancak beyleri, bölgeyi arpalık olarak kullanan beylerbeyleri ( , 1603 gibi), 1624, 1625, 1631 yıllarındaki yağmaları ve 18. ve 19. yüzyılda ve gibi ayanlıktan gelme yerel derebeylerin ayaklanmaları bu dönemin önemli olaylarıdır."
Ahmet Paşa,https://tr.wikipedia.org/wiki/Ahmed_Pa%C5%9Fa,1,"Trabzon#33: , gibi soyguncu aşiretler, yolsuzluk yapan sancak beyleri, bölgeyi arpalık olarak kullanan beylerbeyleri ( , 1603 gibi), 1624, 1625, 1631 yıllarındaki yağmaları ve 18. ve 19. yüzyılda ve gibi ayanlıktan gelme yerel derebeylerin ayaklanmaları bu dönemin önemli olaylarıdır."
Kazak U:(https://tr.wikipedia.org/wiki/Kazaklar_(Slav))___ yağmaları ve 18. ve 19. yüzyılda ___E:Rizeli,https://tr.wikipedia.org/wiki/Rize,1,"Trabzon#33: , gibi soyguncu aşiretler, yolsuzluk yapan sancak beyleri, bölgeyi arpalık olarak kullanan beylerbeyleri ( , 1603 gibi), 1624, 1625, 1631 yıllarındaki yağmaları ve 18. ve 19. yüzyılda ve gibi ayanlıktan gelme yerel derebeylerin ayaklanmaları bu dönemin önemli olaylarıdır."
Kazak U:(https://tr.wikipedia.org/wiki/Kazaklar_(Slav))___ yağmaları ve 18. ve 19. yüzyılda ___E:Rizeli,https://tr.wikipedia.org/wiki/Rize,1,"Trabzon#33: , gibi soyguncu aşiretler, yolsuzluk yapan sancak beyleri, bölgeyi arpalık olarak kullanan beylerbeyleri ( , 1603 gibi), 1624, 1625, 1631 yıllarındaki yağmaları ve 18. ve 19. yüzyılda ve gibi ayanlıktan gelme yerel derebeylerin ayaklanmaları bu dönemin önemli olaylarıdır."
Tuzcuoğlu Memiş Ağa,https://tr.wikipedia.org/wiki/Tuzcuo%C4%9Flu_Memi%C5%9F_A%C4%9Fa,1,"Trabzon#33: , gibi soyguncu aşiretler, yolsuzluk yapan sancak beyleri, bölgeyi arpalık olarak kullanan beylerbeyleri ( , 1603 gibi), 1624, 1625, 1631 yıllarındaki yağmaları ve 18. ve 19. yüzyılda ve gibi ayanlıktan gelme yerel derebeylerin ayaklanmaları bu dönemin önemli olaylarıdır."
Tuzcuoğlu Memiş Ağa,https://tr.wikipedia.org/wiki/Tuzcuo%C4%9Flu_Memi%C5%9F_A%C4%9Fa,1,"Trabzon#33: , gibi soyguncu aşiretler, yolsuzluk yapan sancak beyleri, bölgeyi arpalık olarak kullanan beylerbeyleri ( , 1603 gibi), 1624, 1625, 1631 yıllarındaki yağmaları ve 18. ve 19. yüzyılda ve gibi ayanlıktan gelme yerel derebeylerin ayaklanmaları bu dönemin önemli olaylarıdır."
Sürmeneli,https://tr.wikipedia.org/wiki/S%C3%BCrmene,1,"Trabzon#33: , gibi soyguncu aşiretler, yolsuzluk yapan sancak beyleri, bölgeyi arpalık olarak kullanan beylerbeyleri ( , 1603 gibi), 1624, 1625, 1631 yıllarındaki yağmaları ve 18. ve 19. yüzyılda ve gibi ayanlıktan gelme yerel derebeylerin ayaklanmaları bu dönemin önemli olaylarıdır."
Sürmeneli,https://tr.wikipedia.org/wiki/S%C3%BCrmene,1,"Trabzon#33: , gibi soyguncu aşiretler, yolsuzluk yapan sancak beyleri, bölgeyi arpalık olarak kullanan beylerbeyleri ( , 1603 gibi), 1624, 1625, 1631 yıllarındaki yağmaları ve 18. ve 19. yüzyılda ve gibi ayanlıktan gelme yerel derebeylerin ayaklanmaları bu dönemin önemli olaylarıdır."
Deli Ahmet Ağa,https://tr.wikipedia.org/wiki/Deli_Ahmet_A%C4%9Fa,1,"Trabzon#33: , gibi soyguncu aşiretler, yolsuzluk yapan sancak beyleri, bölgeyi arpalık olarak kullanan beylerbeyleri ( , 1603 gibi), 1624, 1625, 1631 yıllarındaki yağmaları ve 18. ve 19. yüzyılda ve gibi ayanlıktan gelme yerel derebeylerin ayaklanmaları bu dönemin önemli olaylarıdır."
Deli Ahmet Ağa,https://tr.wikipedia.org/wiki/Deli_Ahmet_A%C4%9Fa,1,"Trabzon#33: , gibi soyguncu aşiretler, yolsuzluk yapan sancak beyleri, bölgeyi arpalık olarak kullanan beylerbeyleri ( , 1603 gibi), 1624, 1625, 1631 yıllarındaki yağmaları ve 18. ve 19. yüzyılda ve gibi ayanlıktan gelme yerel derebeylerin ayaklanmaları bu dönemin önemli olaylarıdır."
Çerkes,https://tr.wikipedia.org/wiki/%C3%87erkesler,1,"Trabzon#35: 1859-1864 yılları arasında Kuzey Kafkasya'da süregelen Kafkas-Rus savaşı, ve halklarının yenilgisi ile sonuçlanmış ve şehre çok sayıda göçmenin yığılmasına yol açmıştır."
Çerkes,https://tr.wikipedia.org/wiki/%C3%87erkesler,1,"Trabzon#35: 1859-1864 yılları arasında Kuzey Kafkasya'da süregelen Kafkas-Rus savaşı, ve halklarının yenilgisi ile sonuçlanmış ve şehre çok sayıda göçmenin yığılmasına yol açmıştır."
Abhaza,https://tr.wikipedia.org/wiki/Abhazya,1,"Trabzon#35: 1859-1864 yılları arasında Kuzey Kafkasya'da süregelen Kafkas-Rus savaşı, ve halklarının yenilgisi ile sonuçlanmış ve şehre çok sayıda göçmenin yığılmasına yol açmıştır."
Abhaza,https://tr.wikipedia.org/wiki/Abhazya,1,"Trabzon#35: 1859-1864 yılları arasında Kuzey Kafkasya'da süregelen Kafkas-Rus savaşı, ve halklarının yenilgisi ile sonuçlanmış ve şehre çok sayıda göçmenin yığılmasına yol açmıştır."
Trabzon limanına,https://tr.wikipedia.org/wiki/Trabzon_Liman%C4%B1,1,"Trabzon#36: Dönemin raporlarına göre, sadece Kasım 1863-Temmuz 1864 arasında 180.000 göçmen gelmiştir."
Trabzon limanına,https://tr.wikipedia.org/wiki/Trabzon_Liman%C4%B1,1,"Trabzon#36: Dönemin raporlarına göre, sadece Kasım 1863-Temmuz 1864 arasında 180.000 göçmen gelmiştir."
I. Dünya Savaşı,https://tr.wikipedia.org/wiki/I._D%C3%BCnya_Sava%C5%9F%C4%B1,1,"Trabzon#40: 1867 yılında Trabzon'da büyük bir yangın çıkmış, birçok kamu binası da bu sırada yanmış ve kent daha sonra yeniden düzenlenmiştir. 1868 yılında vilayet olmuş, merkez sancağı dışında , Gümüşhane, Canik Sancakları da buraya bağlanmıştır. sırasında, Trabzon'a saldırır (14 Nisan 1916)."
I. Dünya Savaşı,https://tr.wikipedia.org/wiki/I._D%C3%BCnya_Sava%C5%9F%C4%B1,1,"Trabzon#40: 1867 yılında Trabzon'da büyük bir yangın çıkmış, birçok kamu binası da bu sırada yanmış ve kent daha sonra yeniden düzenlenmiştir. 1868 yılında vilayet olmuş, merkez sancağı dışında , Gümüşhane, Canik Sancakları da buraya bağlanmıştır. sırasında, Trabzon'a saldırır (14 Nisan 1916)."
Ruslar,https://tr.wikipedia.org/wiki/Ruslar,1,"Trabzon#40: 1867 yılında Trabzon'da büyük bir yangın çıkmış, birçok kamu binası da bu sırada yanmış ve kent daha sonra yeniden düzenlenmiştir. 1868 yılında vilayet olmuş, merkez sancağı dışında , Gümüşhane, Canik Sancakları da buraya bağlanmıştır. sırasında, Trabzon'a saldırır (14 Nisan 1916)."
Ruslar,https://tr.wikipedia.org/wiki/Ruslar,1,"Trabzon#40: 1867 yılında Trabzon'da büyük bir yangın çıkmış, birçok kamu binası da bu sırada yanmış ve kent daha sonra yeniden düzenlenmiştir. 1868 yılında vilayet olmuş, merkez sancağı dışında , Gümüşhane, Canik Sancakları da buraya bağlanmıştır. sırasında, Trabzon'a saldırır (14 Nisan 1916)."
Bolşevik Devrimi,https://tr.wikipedia.org/wiki/Ekim_Devrimi,1,Trabzon#42: 1917'de Rusya'da “ ” sonrasında Çarlık yönetiminin yıkılmasını takip eden süreç sonrasında Rus ordusu Trabzon'dan çekilmiştir.
Bolşevik Devrimi,https://tr.wikipedia.org/wiki/Ekim_Devrimi,1,Trabzon#42: 1917'de Rusya'da “ ” sonrasında Çarlık yönetiminin yıkılmasını takip eden süreç sonrasında Rus ordusu Trabzon'dan çekilmiştir.
Rum,https://tr.wikipedia.org/wiki/Pontus_Rumlar%C4%B1,1,Trabzon#44: Bu olayların yaşanmasından sonra Trabzon'da nüfusun az bir kısmını oluşturan ve Ermeniler şehirden çıkarılmıştır.
Rum,https://tr.wikipedia.org/wiki/Pontus_Rumlar%C4%B1,1,Trabzon#44: Bu olayların yaşanmasından sonra Trabzon'da nüfusun az bir kısmını oluşturan ve Ermeniler şehirden çıkarılmıştır.
Hristiyan,https://tr.wikipedia.org/wiki/Hristiyanl%C4%B1k,1,"Trabzon#45: I. Dünya Savaşı sırasında 17 gemilik Rus donanması tarafından topa tutulan, 1916-1918 yılları Rus işgaline uğrayan kentin Rum nüfusu, savaşın bitiminden sonra ile Yunanistan'a gönderilmiştir."
Hristiyan,https://tr.wikipedia.org/wiki/Hristiyanl%C4%B1k,1,"Trabzon#45: I. Dünya Savaşı sırasında 17 gemilik Rus donanması tarafından topa tutulan, 1916-1918 yılları Rus işgaline uğrayan kentin Rum nüfusu, savaşın bitiminden sonra ile Yunanistan'a gönderilmiştir."
mübadele,https://tr.wikipedia.org/wiki/T%C3%BCrkiye-Yunanistan_n%C3%BCfus_m%C3%BCbadelesi,1,"Trabzon#45: I. Dünya Savaşı sırasında 17 gemilik Rus donanması tarafından topa tutulan, 1916-1918 yılları Rus işgaline uğrayan kentin Rum nüfusu, savaşın bitiminden sonra ile Yunanistan'a gönderilmiştir."
mübadele,https://tr.wikipedia.org/wiki/T%C3%BCrkiye-Yunanistan_n%C3%BCfus_m%C3%BCbadelesi,1,"Trabzon#45: I. Dünya Savaşı sırasında 17 gemilik Rus donanması tarafından topa tutulan, 1916-1918 yılları Rus işgaline uğrayan kentin Rum nüfusu, savaşın bitiminden sonra ile Yunanistan'a gönderilmiştir."
ticaret,https://tr.wikipedia.org/wiki/Ticaret,1,Trabzon#46: Canlı bir kenti olan Trabzon'un köklü Rum ve Müslüman ailelerden oluşan eşrafı aktif olarak siyasetle uğraşmaktaydı. 'in sahibi olduğu İstikbal gazetesi yerel sermaye ve aydınların düşüncelerini kamuoyuna duyurdukları en önemli haber kaynağıydı. 'nin ardından bölgede bir 'nin kurulması hatta daha çok destek bulan bir proje olarak yeni kurulacak 'a liman kenti olarak verilmesi gündeme geldiğinde Trabzonlular 12 Şubat 1919 tarihinde 'ni kurarak 'ne bağlılığın korunması için mücadele etmeye karar vermişlerdi. 'ne kalabalık bir heyetle katılan Trabzon heyeti ile kongreyi düzenleyenler arasında başkanlık seçimi ve kongrenin niteliği konusunda bazı pürüzler çıkmıştır.
ticaret,https://tr.wikipedia.org/wiki/Ticaret,1,Trabzon#46: Canlı bir kenti olan Trabzon'un köklü Rum ve Müslüman ailelerden oluşan eşrafı aktif olarak siyasetle uğraşmaktaydı. 'in sahibi olduğu İstikbal gazetesi yerel sermaye ve aydınların düşüncelerini kamuoyuna duyurdukları en önemli haber kaynağıydı. 'nin ardından bölgede bir 'nin kurulması hatta daha çok destek bulan bir proje olarak yeni kurulacak 'a liman kenti olarak verilmesi gündeme geldiğinde Trabzonlular 12 Şubat 1919 tarihinde 'ni kurarak 'ne bağlılığın korunması için mücadele etmeye karar vermişlerdi. 'ne kalabalık bir heyetle katılan Trabzon heyeti ile kongreyi düzenleyenler arasında başkanlık seçimi ve kongrenin niteliği konusunda bazı pürüzler çıkmıştır.
Barutçuzade Faik Ahmet Bey,https://tr.wikipedia.org/w/index.php?title=Barut%C3%A7uzade_Faik_Ahmet_Bey&action=edit&redlink=1,1,Trabzon#46: Canlı bir kenti olan Trabzon'un köklü Rum ve Müslüman ailelerden oluşan eşrafı aktif olarak siyasetle uğraşmaktaydı. 'in sahibi olduğu İstikbal gazetesi yerel sermaye ve aydınların düşüncelerini kamuoyuna duyurdukları en önemli haber kaynağıydı. 'nin ardından bölgede bir 'nin kurulması hatta daha çok destek bulan bir proje olarak yeni kurulacak 'a liman kenti olarak verilmesi gündeme geldiğinde Trabzonlular 12 Şubat 1919 tarihinde 'ni kurarak 'ne bağlılığın korunması için mücadele etmeye karar vermişlerdi. 'ne kalabalık bir heyetle katılan Trabzon heyeti ile kongreyi düzenleyenler arasında başkanlık seçimi ve kongrenin niteliği konusunda bazı pürüzler çıkmıştır.
Barutçuzade Faik Ahmet Bey,https://tr.wikipedia.org/w/index.php?title=Barut%C3%A7uzade_Faik_Ahmet_Bey&action=edit&redlink=1,1,Trabzon#46: Canlı bir kenti olan Trabzon'un köklü Rum ve Müslüman ailelerden oluşan eşrafı aktif olarak siyasetle uğraşmaktaydı. 'in sahibi olduğu İstikbal gazetesi yerel sermaye ve aydınların düşüncelerini kamuoyuna duyurdukları en önemli haber kaynağıydı. 'nin ardından bölgede bir 'nin kurulması hatta daha çok destek bulan bir proje olarak yeni kurulacak 'a liman kenti olarak verilmesi gündeme geldiğinde Trabzonlular 12 Şubat 1919 tarihinde 'ni kurarak 'ne bağlılığın korunması için mücadele etmeye karar vermişlerdi. 'ne kalabalık bir heyetle katılan Trabzon heyeti ile kongreyi düzenleyenler arasında başkanlık seçimi ve kongrenin niteliği konusunda bazı pürüzler çıkmıştır.
Mondros Mütarekesi,https://tr.wikipedia.org/wiki/Mondros_M%C3%BCtarekesi,1,Trabzon#46: Canlı bir kenti olan Trabzon'un köklü Rum ve Müslüman ailelerden oluşan eşrafı aktif olarak siyasetle uğraşmaktaydı. 'in sahibi olduğu İstikbal gazetesi yerel sermaye ve aydınların düşüncelerini kamuoyuna duyurdukları en önemli haber kaynağıydı. 'nin ardından bölgede bir 'nin kurulması hatta daha çok destek bulan bir proje olarak yeni kurulacak 'a liman kenti olarak verilmesi gündeme geldiğinde Trabzonlular 12 Şubat 1919 tarihinde 'ni kurarak 'ne bağlılığın korunması için mücadele etmeye karar vermişlerdi. 'ne kalabalık bir heyetle katılan Trabzon heyeti ile kongreyi düzenleyenler arasında başkanlık seçimi ve kongrenin niteliği konusunda bazı pürüzler çıkmıştır.
Mondros Mütarekesi,https://tr.wikipedia.org/wiki/Mondros_M%C3%BCtarekesi,1,Trabzon#46: Canlı bir kenti olan Trabzon'un köklü Rum ve Müslüman ailelerden oluşan eşrafı aktif olarak siyasetle uğraşmaktaydı. 'in sahibi olduğu İstikbal gazetesi yerel sermaye ve aydınların düşüncelerini kamuoyuna duyurdukları en önemli haber kaynağıydı. 'nin ardından bölgede bir 'nin kurulması hatta daha çok destek bulan bir proje olarak yeni kurulacak 'a liman kenti olarak verilmesi gündeme geldiğinde Trabzonlular 12 Şubat 1919 tarihinde 'ni kurarak 'ne bağlılığın korunması için mücadele etmeye karar vermişlerdi. 'ne kalabalık bir heyetle katılan Trabzon heyeti ile kongreyi düzenleyenler arasında başkanlık seçimi ve kongrenin niteliği konusunda bazı pürüzler çıkmıştır.
Pontus Devleti,https://tr.wikipedia.org/wiki/Pontus,1,Trabzon#46: Canlı bir kenti olan Trabzon'un köklü Rum ve Müslüman ailelerden oluşan eşrafı aktif olarak siyasetle uğraşmaktaydı. 'in sahibi olduğu İstikbal gazetesi yerel sermaye ve aydınların düşüncelerini kamuoyuna duyurdukları en önemli haber kaynağıydı. 'nin ardından bölgede bir 'nin kurulması hatta daha çok destek bulan bir proje olarak yeni kurulacak 'a liman kenti olarak verilmesi gündeme geldiğinde Trabzonlular 12 Şubat 1919 tarihinde 'ni kurarak 'ne bağlılığın korunması için mücadele etmeye karar vermişlerdi. 'ne kalabalık bir heyetle katılan Trabzon heyeti ile kongreyi düzenleyenler arasında başkanlık seçimi ve kongrenin niteliği konusunda bazı pürüzler çıkmıştır.
Pontus Devleti,https://tr.wikipedia.org/wiki/Pontus,1,Trabzon#46: Canlı bir kenti olan Trabzon'un köklü Rum ve Müslüman ailelerden oluşan eşrafı aktif olarak siyasetle uğraşmaktaydı. 'in sahibi olduğu İstikbal gazetesi yerel sermaye ve aydınların düşüncelerini kamuoyuna duyurdukları en önemli haber kaynağıydı. 'nin ardından bölgede bir 'nin kurulması hatta daha çok destek bulan bir proje olarak yeni kurulacak 'a liman kenti olarak verilmesi gündeme geldiğinde Trabzonlular 12 Şubat 1919 tarihinde 'ni kurarak 'ne bağlılığın korunması için mücadele etmeye karar vermişlerdi. 'ne kalabalık bir heyetle katılan Trabzon heyeti ile kongreyi düzenleyenler arasında başkanlık seçimi ve kongrenin niteliği konusunda bazı pürüzler çıkmıştır.
Trabzon Muhafaza-i Hukuk-u Milliye Cemiyeti,https://tr.wikipedia.org/wiki/Trabzon_Muh%C3%A2faza-i_Hukuk-%C4%B1_Milliye_Cemiyeti,1,Trabzon#46: Canlı bir kenti olan Trabzon'un köklü Rum ve Müslüman ailelerden oluşan eşrafı aktif olarak siyasetle uğraşmaktaydı. 'in sahibi olduğu İstikbal gazetesi yerel sermaye ve aydınların düşüncelerini kamuoyuna duyurdukları en önemli haber kaynağıydı. 'nin ardından bölgede bir 'nin kurulması hatta daha çok destek bulan bir proje olarak yeni kurulacak 'a liman kenti olarak verilmesi gündeme geldiğinde Trabzonlular 12 Şubat 1919 tarihinde 'ni kurarak 'ne bağlılığın korunması için mücadele etmeye karar vermişlerdi. 'ne kalabalık bir heyetle katılan Trabzon heyeti ile kongreyi düzenleyenler arasında başkanlık seçimi ve kongrenin niteliği konusunda bazı pürüzler çıkmıştır.
Trabzon Muhafaza-i Hukuk-u Milliye Cemiyeti,https://tr.wikipedia.org/wiki/Trabzon_Muh%C3%A2faza-i_Hukuk-%C4%B1_Milliye_Cemiyeti,1,Trabzon#46: Canlı bir kenti olan Trabzon'un köklü Rum ve Müslüman ailelerden oluşan eşrafı aktif olarak siyasetle uğraşmaktaydı. 'in sahibi olduğu İstikbal gazetesi yerel sermaye ve aydınların düşüncelerini kamuoyuna duyurdukları en önemli haber kaynağıydı. 'nin ardından bölgede bir 'nin kurulması hatta daha çok destek bulan bir proje olarak yeni kurulacak 'a liman kenti olarak verilmesi gündeme geldiğinde Trabzonlular 12 Şubat 1919 tarihinde 'ni kurarak 'ne bağlılığın korunması için mücadele etmeye karar vermişlerdi. 'ne kalabalık bir heyetle katılan Trabzon heyeti ile kongreyi düzenleyenler arasında başkanlık seçimi ve kongrenin niteliği konusunda bazı pürüzler çıkmıştır.
Osmanlı Devleti,https://tr.wikipedia.org/wiki/Osmanl%C4%B1_%C4%B0mparatorlu%C4%9Fu,1,Trabzon#46: Canlı bir kenti olan Trabzon'un köklü Rum ve Müslüman ailelerden oluşan eşrafı aktif olarak siyasetle uğraşmaktaydı. 'in sahibi olduğu İstikbal gazetesi yerel sermaye ve aydınların düşüncelerini kamuoyuna duyurdukları en önemli haber kaynağıydı. 'nin ardından bölgede bir 'nin kurulması hatta daha çok destek bulan bir proje olarak yeni kurulacak 'a liman kenti olarak verilmesi gündeme geldiğinde Trabzonlular 12 Şubat 1919 tarihinde 'ni kurarak 'ne bağlılığın korunması için mücadele etmeye karar vermişlerdi. 'ne kalabalık bir heyetle katılan Trabzon heyeti ile kongreyi düzenleyenler arasında başkanlık seçimi ve kongrenin niteliği konusunda bazı pürüzler çıkmıştır.
Osmanlı Devleti,https://tr.wikipedia.org/wiki/Osmanl%C4%B1_%C4%B0mparatorlu%C4%9Fu,1,Trabzon#46: Canlı bir kenti olan Trabzon'un köklü Rum ve Müslüman ailelerden oluşan eşrafı aktif olarak siyasetle uğraşmaktaydı. 'in sahibi olduğu İstikbal gazetesi yerel sermaye ve aydınların düşüncelerini kamuoyuna duyurdukları en önemli haber kaynağıydı. 'nin ardından bölgede bir 'nin kurulması hatta daha çok destek bulan bir proje olarak yeni kurulacak 'a liman kenti olarak verilmesi gündeme geldiğinde Trabzonlular 12 Şubat 1919 tarihinde 'ni kurarak 'ne bağlılığın korunması için mücadele etmeye karar vermişlerdi. 'ne kalabalık bir heyetle katılan Trabzon heyeti ile kongreyi düzenleyenler arasında başkanlık seçimi ve kongrenin niteliği konusunda bazı pürüzler çıkmıştır.
Erzurum Kongresi,https://tr.wikipedia.org/wiki/Erzurum_Kongresi,1,Trabzon#46: Canlı bir kenti olan Trabzon'un köklü Rum ve Müslüman ailelerden oluşan eşrafı aktif olarak siyasetle uğraşmaktaydı. 'in sahibi olduğu İstikbal gazetesi yerel sermaye ve aydınların düşüncelerini kamuoyuna duyurdukları en önemli haber kaynağıydı. 'nin ardından bölgede bir 'nin kurulması hatta daha çok destek bulan bir proje olarak yeni kurulacak 'a liman kenti olarak verilmesi gündeme geldiğinde Trabzonlular 12 Şubat 1919 tarihinde 'ni kurarak 'ne bağlılığın korunması için mücadele etmeye karar vermişlerdi. 'ne kalabalık bir heyetle katılan Trabzon heyeti ile kongreyi düzenleyenler arasında başkanlık seçimi ve kongrenin niteliği konusunda bazı pürüzler çıkmıştır.
Erzurum Kongresi,https://tr.wikipedia.org/wiki/Erzurum_Kongresi,1,Trabzon#46: Canlı bir kenti olan Trabzon'un köklü Rum ve Müslüman ailelerden oluşan eşrafı aktif olarak siyasetle uğraşmaktaydı. 'in sahibi olduğu İstikbal gazetesi yerel sermaye ve aydınların düşüncelerini kamuoyuna duyurdukları en önemli haber kaynağıydı. 'nin ardından bölgede bir 'nin kurulması hatta daha çok destek bulan bir proje olarak yeni kurulacak 'a liman kenti olarak verilmesi gündeme geldiğinde Trabzonlular 12 Şubat 1919 tarihinde 'ni kurarak 'ne bağlılığın korunması için mücadele etmeye karar vermişlerdi. 'ne kalabalık bir heyetle katılan Trabzon heyeti ile kongreyi düzenleyenler arasında başkanlık seçimi ve kongrenin niteliği konusunda bazı pürüzler çıkmıştır.
Sivas Kongresi,https://tr.wikipedia.org/wiki/Sivas_Kongresi,1,Trabzon#47: Görüş ayrılıkları derinleşince Heyet-i Temsiliye'nin Trabzonlu üyeleri 'ne katılmamışlardı.
Sivas Kongresi,https://tr.wikipedia.org/wiki/Sivas_Kongresi,1,Trabzon#47: Görüş ayrılıkları derinleşince Heyet-i Temsiliye'nin Trabzonlu üyeleri 'ne katılmamışlardı.
Türkiye Komünist Fırkası,https://tr.wikipedia.org/wiki/T%C3%BCrkiye_Kom%C3%BCnist_F%C4%B1rkas%C4%B1,1,Trabzon#48: Saltanat yanlısı Trabzon valisi Galip Bey'in tutuklanması ve başkanı ve 18 arkadaşının Trabzonlu kayıkçıların reisi tarafından 28-29 Ocak 1921 katli Cumhuriyet öncesi dönemin son olaylarındandır.
Türkiye Komünist Fırkası,https://tr.wikipedia.org/wiki/T%C3%BCrkiye_Kom%C3%BCnist_F%C4%B1rkas%C4%B1,1,Trabzon#48: Saltanat yanlısı Trabzon valisi Galip Bey'in tutuklanması ve başkanı ve 18 arkadaşının Trabzonlu kayıkçıların reisi tarafından 28-29 Ocak 1921 katli Cumhuriyet öncesi dönemin son olaylarındandır.
Mustafa Suphi,https://tr.wikipedia.org/wiki/Mustafa_Suphi,1,Trabzon#48: Saltanat yanlısı Trabzon valisi Galip Bey'in tutuklanması ve başkanı ve 18 arkadaşının Trabzonlu kayıkçıların reisi tarafından 28-29 Ocak 1921 katli Cumhuriyet öncesi dönemin son olaylarındandır.
Mustafa Suphi,https://tr.wikipedia.org/wiki/Mustafa_Suphi,1,Trabzon#48: Saltanat yanlısı Trabzon valisi Galip Bey'in tutuklanması ve başkanı ve 18 arkadaşının Trabzonlu kayıkçıların reisi tarafından 28-29 Ocak 1921 katli Cumhuriyet öncesi dönemin son olaylarındandır.
Kahya Yahya,https://tr.wikipedia.org/w/index.php?title=Kahya_Yahya&action=edit&redlink=1,1,Trabzon#48: Saltanat yanlısı Trabzon valisi Galip Bey'in tutuklanması ve başkanı ve 18 arkadaşının Trabzonlu kayıkçıların reisi tarafından 28-29 Ocak 1921 katli Cumhuriyet öncesi dönemin son olaylarındandır.
Kahya Yahya,https://tr.wikipedia.org/w/index.php?title=Kahya_Yahya&action=edit&redlink=1,1,Trabzon#48: Saltanat yanlısı Trabzon valisi Galip Bey'in tutuklanması ve başkanı ve 18 arkadaşının Trabzonlu kayıkçıların reisi tarafından 28-29 Ocak 1921 katli Cumhuriyet öncesi dönemin son olaylarındandır.
Vakfıkebir,https://tr.wikipedia.org/wiki/Vakf%C4%B1kebir,1,"Trabzon#49: 1831 Osmanlı nüfus sayımına göre Trabzon merkez kazada 6.300, 19.512, Polathane'de ( ) 8.432, Yümerek'te ( ) 6.775, 'da 1.910, 'de 12.985, Of'ta 18.940 erkek yaşamakta olup buna Trabzon sancağındaki 11.473 reaya eklenince toplam 86.327 erkek yaşamaktaydı. 1903 'ne göre Trabzon vilayetinde 972.981'i İslam, 185.784'ü , 50.233'ü , 1.506'sı Katolik, 1.140'ı olmak üzere 1.211.644 kişinin yaşadığı görülmektedir."
Vakfıkebir,https://tr.wikipedia.org/wiki/Vakf%C4%B1kebir,1,"Trabzon#49: 1831 Osmanlı nüfus sayımına göre Trabzon merkez kazada 6.300, 19.512, Polathane'de ( ) 8.432, Yümerek'te ( ) 6.775, 'da 1.910, 'de 12.985, Of'ta 18.940 erkek yaşamakta olup buna Trabzon sancağındaki 11.473 reaya eklenince toplam 86.327 erkek yaşamaktaydı. 1903 'ne göre Trabzon vilayetinde 972.981'i İslam, 185.784'ü , 50.233'ü , 1.506'sı Katolik, 1.140'ı olmak üzere 1.211.644 kişinin yaşadığı görülmektedir."
Yomra,https://tr.wikipedia.org/wiki/Yomra,1,"Trabzon#49: 1831 Osmanlı nüfus sayımına göre Trabzon merkez kazada 6.300, 19.512, Polathane'de ( ) 8.432, Yümerek'te ( ) 6.775, 'da 1.910, 'de 12.985, Of'ta 18.940 erkek yaşamakta olup buna Trabzon sancağındaki 11.473 reaya eklenince toplam 86.327 erkek yaşamaktaydı. 1903 'ne göre Trabzon vilayetinde 972.981'i İslam, 185.784'ü , 50.233'ü , 1.506'sı Katolik, 1.140'ı olmak üzere 1.211.644 kişinin yaşadığı görülmektedir."
Yomra,https://tr.wikipedia.org/wiki/Yomra,1,"Trabzon#49: 1831 Osmanlı nüfus sayımına göre Trabzon merkez kazada 6.300, 19.512, Polathane'de ( ) 8.432, Yümerek'te ( ) 6.775, 'da 1.910, 'de 12.985, Of'ta 18.940 erkek yaşamakta olup buna Trabzon sancağındaki 11.473 reaya eklenince toplam 86.327 erkek yaşamaktaydı. 1903 'ne göre Trabzon vilayetinde 972.981'i İslam, 185.784'ü , 50.233'ü , 1.506'sı Katolik, 1.140'ı olmak üzere 1.211.644 kişinin yaşadığı görülmektedir."
Tonya,https://tr.wikipedia.org/wiki/Tonya,1,"Trabzon#49: 1831 Osmanlı nüfus sayımına göre Trabzon merkez kazada 6.300, 19.512, Polathane'de ( ) 8.432, Yümerek'te ( ) 6.775, 'da 1.910, 'de 12.985, Of'ta 18.940 erkek yaşamakta olup buna Trabzon sancağındaki 11.473 reaya eklenince toplam 86.327 erkek yaşamaktaydı. 1903 'ne göre Trabzon vilayetinde 972.981'i İslam, 185.784'ü , 50.233'ü , 1.506'sı Katolik, 1.140'ı olmak üzere 1.211.644 kişinin yaşadığı görülmektedir."
Tonya,https://tr.wikipedia.org/wiki/Tonya,1,"Trabzon#49: 1831 Osmanlı nüfus sayımına göre Trabzon merkez kazada 6.300, 19.512, Polathane'de ( ) 8.432, Yümerek'te ( ) 6.775, 'da 1.910, 'de 12.985, Of'ta 18.940 erkek yaşamakta olup buna Trabzon sancağındaki 11.473 reaya eklenince toplam 86.327 erkek yaşamaktaydı. 1903 'ne göre Trabzon vilayetinde 972.981'i İslam, 185.784'ü , 50.233'ü , 1.506'sı Katolik, 1.140'ı olmak üzere 1.211.644 kişinin yaşadığı görülmektedir."
Sürmene,https://tr.wikipedia.org/wiki/S%C3%BCrmene,1,"Trabzon#49: 1831 Osmanlı nüfus sayımına göre Trabzon merkez kazada 6.300, 19.512, Polathane'de ( ) 8.432, Yümerek'te ( ) 6.775, 'da 1.910, 'de 12.985, Of'ta 18.940 erkek yaşamakta olup buna Trabzon sancağındaki 11.473 reaya eklenince toplam 86.327 erkek yaşamaktaydı. 1903 'ne göre Trabzon vilayetinde 972.981'i İslam, 185.784'ü , 50.233'ü , 1.506'sı Katolik, 1.140'ı olmak üzere 1.211.644 kişinin yaşadığı görülmektedir."
Sürmene,https://tr.wikipedia.org/wiki/S%C3%BCrmene,1,"Trabzon#49: 1831 Osmanlı nüfus sayımına göre Trabzon merkez kazada 6.300, 19.512, Polathane'de ( ) 8.432, Yümerek'te ( ) 6.775, 'da 1.910, 'de 12.985, Of'ta 18.940 erkek yaşamakta olup buna Trabzon sancağındaki 11.473 reaya eklenince toplam 86.327 erkek yaşamaktaydı. 1903 'ne göre Trabzon vilayetinde 972.981'i İslam, 185.784'ü , 50.233'ü , 1.506'sı Katolik, 1.140'ı olmak üzere 1.211.644 kişinin yaşadığı görülmektedir."
Trabzon Vilayet Salnamesi,https://tr.wikipedia.org/w/index.php?title=Trabzon_Vilayet_Salnamesi&action=edit&redlink=1,1,"Trabzon#49: 1831 Osmanlı nüfus sayımına göre Trabzon merkez kazada 6.300, 19.512, Polathane'de ( ) 8.432, Yümerek'te ( ) 6.775, 'da 1.910, 'de 12.985, Of'ta 18.940 erkek yaşamakta olup buna Trabzon sancağındaki 11.473 reaya eklenince toplam 86.327 erkek yaşamaktaydı. 1903 'ne göre Trabzon vilayetinde 972.981'i İslam, 185.784'ü , 50.233'ü , 1.506'sı Katolik, 1.140'ı olmak üzere 1.211.644 kişinin yaşadığı görülmektedir."
Trabzon Vilayet Salnamesi,https://tr.wikipedia.org/w/index.php?title=Trabzon_Vilayet_Salnamesi&action=edit&redlink=1,1,"Trabzon#49: 1831 Osmanlı nüfus sayımına göre Trabzon merkez kazada 6.300, 19.512, Polathane'de ( ) 8.432, Yümerek'te ( ) 6.775, 'da 1.910, 'de 12.985, Of'ta 18.940 erkek yaşamakta olup buna Trabzon sancağındaki 11.473 reaya eklenince toplam 86.327 erkek yaşamaktaydı. 1903 'ne göre Trabzon vilayetinde 972.981'i İslam, 185.784'ü , 50.233'ü , 1.506'sı Katolik, 1.140'ı olmak üzere 1.211.644 kişinin yaşadığı görülmektedir."
Rum Ortodoks,https://tr.wikipedia.org/wiki/Osmanl%C4%B1_Rumlar%C4%B1,1,"Trabzon#49: 1831 Osmanlı nüfus sayımına göre Trabzon merkez kazada 6.300, 19.512, Polathane'de ( ) 8.432, Yümerek'te ( ) 6.775, 'da 1.910, 'de 12.985, Of'ta 18.940 erkek yaşamakta olup buna Trabzon sancağındaki 11.473 reaya eklenince toplam 86.327 erkek yaşamaktaydı. 1903 'ne göre Trabzon vilayetinde 972.981'i İslam, 185.784'ü , 50.233'ü , 1.506'sı Katolik, 1.140'ı olmak üzere 1.211.644 kişinin yaşadığı görülmektedir."
Rum Ortodoks,https://tr.wikipedia.org/wiki/Osmanl%C4%B1_Rumlar%C4%B1,1,"Trabzon#49: 1831 Osmanlı nüfus sayımına göre Trabzon merkez kazada 6.300, 19.512, Polathane'de ( ) 8.432, Yümerek'te ( ) 6.775, 'da 1.910, 'de 12.985, Of'ta 18.940 erkek yaşamakta olup buna Trabzon sancağındaki 11.473 reaya eklenince toplam 86.327 erkek yaşamaktaydı. 1903 'ne göre Trabzon vilayetinde 972.981'i İslam, 185.784'ü , 50.233'ü , 1.506'sı Katolik, 1.140'ı olmak üzere 1.211.644 kişinin yaşadığı görülmektedir."
Ermeni Gregoryen,https://tr.wikipedia.org/wiki/Osmanl%C4%B1_Ermenileri,1,"Trabzon#49: 1831 Osmanlı nüfus sayımına göre Trabzon merkez kazada 6.300, 19.512, Polathane'de ( ) 8.432, Yümerek'te ( ) 6.775, 'da 1.910, 'de 12.985, Of'ta 18.940 erkek yaşamakta olup buna Trabzon sancağındaki 11.473 reaya eklenince toplam 86.327 erkek yaşamaktaydı. 1903 'ne göre Trabzon vilayetinde 972.981'i İslam, 185.784'ü , 50.233'ü , 1.506'sı Katolik, 1.140'ı olmak üzere 1.211.644 kişinin yaşadığı görülmektedir."
Ermeni Gregoryen,https://tr.wikipedia.org/wiki/Osmanl%C4%B1_Ermenileri,1,"Trabzon#49: 1831 Osmanlı nüfus sayımına göre Trabzon merkez kazada 6.300, 19.512, Polathane'de ( ) 8.432, Yümerek'te ( ) 6.775, 'da 1.910, 'de 12.985, Of'ta 18.940 erkek yaşamakta olup buna Trabzon sancağındaki 11.473 reaya eklenince toplam 86.327 erkek yaşamaktaydı. 1903 'ne göre Trabzon vilayetinde 972.981'i İslam, 185.784'ü , 50.233'ü , 1.506'sı Katolik, 1.140'ı olmak üzere 1.211.644 kişinin yaşadığı görülmektedir."
Protestan,https://tr.wikipedia.org/wiki/Protestanl%C4%B1k,1,"Trabzon#49: 1831 Osmanlı nüfus sayımına göre Trabzon merkez kazada 6.300, 19.512, Polathane'de ( ) 8.432, Yümerek'te ( ) 6.775, 'da 1.910, 'de 12.985, Of'ta 18.940 erkek yaşamakta olup buna Trabzon sancağındaki 11.473 reaya eklenince toplam 86.327 erkek yaşamaktaydı. 1903 'ne göre Trabzon vilayetinde 972.981'i İslam, 185.784'ü , 50.233'ü , 1.506'sı Katolik, 1.140'ı olmak üzere 1.211.644 kişinin yaşadığı görülmektedir."
Protestan,https://tr.wikipedia.org/wiki/Protestanl%C4%B1k,1,"Trabzon#49: 1831 Osmanlı nüfus sayımına göre Trabzon merkez kazada 6.300, 19.512, Polathane'de ( ) 8.432, Yümerek'te ( ) 6.775, 'da 1.910, 'de 12.985, Of'ta 18.940 erkek yaşamakta olup buna Trabzon sancağındaki 11.473 reaya eklenince toplam 86.327 erkek yaşamaktaydı. 1903 'ne göre Trabzon vilayetinde 972.981'i İslam, 185.784'ü , 50.233'ü , 1.506'sı Katolik, 1.140'ı olmak üzere 1.211.644 kişinin yaşadığı görülmektedir."
Türkiye Cumhuriyeti,https://tr.wikipedia.org/wiki/T%C3%BCrkiye,1,"Trabzon#52: Kent, 1923 yılında yeni kurulan devletinin 61. il merkezi olarak yerini almış, 1926 yılında ilk Halk Kütüphanesi ve , 1929'da Visera , 1938'de Trabzon içme suyu tesisleri, 1942'de , 1947'de Trabzon Numune Hastanesi, 1949'da Göğüs Hastalıkları Hastanesi, 1954'te , 1957'de , 1958'de SSK Hastanesi, 1964'te , 1967'de çimento fabrikası açılmış, 1976 yılında futbol takımı Türkiye 1. Ligi şampiyonluğunu kazanarak bu unvanı İstanbul'dan 'ya taşımayı başaran ilk takımı olmuştur."
Türkiye Cumhuriyeti,https://tr.wikipedia.org/wiki/T%C3%BCrkiye,1,"Trabzon#52: Kent, 1923 yılında yeni kurulan devletinin 61. il merkezi olarak yerini almış, 1926 yılında ilk Halk Kütüphanesi ve , 1929'da Visera , 1938'de Trabzon içme suyu tesisleri, 1942'de , 1947'de Trabzon Numune Hastanesi, 1949'da Göğüs Hastalıkları Hastanesi, 1954'te , 1957'de , 1958'de SSK Hastanesi, 1964'te , 1967'de çimento fabrikası açılmış, 1976 yılında futbol takımı Türkiye 1. Ligi şampiyonluğunu kazanarak bu unvanı İstanbul'dan 'ya taşımayı başaran ilk takımı olmuştur."
Ziraat Bankası,https://tr.wikipedia.org/wiki/Ziraat_Bankas%C4%B1,1,"Trabzon#52: Kent, 1923 yılında yeni kurulan devletinin 61. il merkezi olarak yerini almış, 1926 yılında ilk Halk Kütüphanesi ve , 1929'da Visera , 1938'de Trabzon içme suyu tesisleri, 1942'de , 1947'de Trabzon Numune Hastanesi, 1949'da Göğüs Hastalıkları Hastanesi, 1954'te , 1957'de , 1958'de SSK Hastanesi, 1964'te , 1967'de çimento fabrikası açılmış, 1976 yılında futbol takımı Türkiye 1. Ligi şampiyonluğunu kazanarak bu unvanı İstanbul'dan 'ya taşımayı başaran ilk takımı olmuştur."
Ziraat Bankası,https://tr.wikipedia.org/wiki/Ziraat_Bankas%C4%B1,1,"Trabzon#52: Kent, 1923 yılında yeni kurulan devletinin 61. il merkezi olarak yerini almış, 1926 yılında ilk Halk Kütüphanesi ve , 1929'da Visera , 1938'de Trabzon içme suyu tesisleri, 1942'de , 1947'de Trabzon Numune Hastanesi, 1949'da Göğüs Hastalıkları Hastanesi, 1954'te , 1957'de , 1958'de SSK Hastanesi, 1964'te , 1967'de çimento fabrikası açılmış, 1976 yılında futbol takımı Türkiye 1. Ligi şampiyonluğunu kazanarak bu unvanı İstanbul'dan 'ya taşımayı başaran ilk takımı olmuştur."
Hidroelektrik santrali,https://tr.wikipedia.org/wiki/Hidroelektrik_santrali,1,"Trabzon#52: Kent, 1923 yılında yeni kurulan devletinin 61. il merkezi olarak yerini almış, 1926 yılında ilk Halk Kütüphanesi ve , 1929'da Visera , 1938'de Trabzon içme suyu tesisleri, 1942'de , 1947'de Trabzon Numune Hastanesi, 1949'da Göğüs Hastalıkları Hastanesi, 1954'te , 1957'de , 1958'de SSK Hastanesi, 1964'te , 1967'de çimento fabrikası açılmış, 1976 yılında futbol takımı Türkiye 1. Ligi şampiyonluğunu kazanarak bu unvanı İstanbul'dan 'ya taşımayı başaran ilk takımı olmuştur."
Hidroelektrik santrali,https://tr.wikipedia.org/wiki/Hidroelektrik_santrali,1,"Trabzon#52: Kent, 1923 yılında yeni kurulan devletinin 61. il merkezi olarak yerini almış, 1926 yılında ilk Halk Kütüphanesi ve , 1929'da Visera , 1938'de Trabzon içme suyu tesisleri, 1942'de , 1947'de Trabzon Numune Hastanesi, 1949'da Göğüs Hastalıkları Hastanesi, 1954'te , 1957'de , 1958'de SSK Hastanesi, 1964'te , 1967'de çimento fabrikası açılmış, 1976 yılında futbol takımı Türkiye 1. Ligi şampiyonluğunu kazanarak bu unvanı İstanbul'dan 'ya taşımayı başaran ilk takımı olmuştur."
Trabzon Lisesi,https://tr.wikipedia.org/wiki/Trabzon_Merkez_Fen_Lisesi,1,"Trabzon#52: Kent, 1923 yılında yeni kurulan devletinin 61. il merkezi olarak yerini almış, 1926 yılında ilk Halk Kütüphanesi ve , 1929'da Visera , 1938'de Trabzon içme suyu tesisleri, 1942'de , 1947'de Trabzon Numune Hastanesi, 1949'da Göğüs Hastalıkları Hastanesi, 1954'te , 1957'de , 1958'de SSK Hastanesi, 1964'te , 1967'de çimento fabrikası açılmış, 1976 yılında futbol takımı Türkiye 1. Ligi şampiyonluğunu kazanarak bu unvanı İstanbul'dan 'ya taşımayı başaran ilk takımı olmuştur."
Trabzon Lisesi,https://tr.wikipedia.org/wiki/Trabzon_Merkez_Fen_Lisesi,1,"Trabzon#52: Kent, 1923 yılında yeni kurulan devletinin 61. il merkezi olarak yerini almış, 1926 yılında ilk Halk Kütüphanesi ve , 1929'da Visera , 1938'de Trabzon içme suyu tesisleri, 1942'de , 1947'de Trabzon Numune Hastanesi, 1949'da Göğüs Hastalıkları Hastanesi, 1954'te , 1957'de , 1958'de SSK Hastanesi, 1964'te , 1967'de çimento fabrikası açılmış, 1976 yılında futbol takımı Türkiye 1. Ligi şampiyonluğunu kazanarak bu unvanı İstanbul'dan 'ya taşımayı başaran ilk takımı olmuştur."
Trabzon limanı,https://tr.wikipedia.org/wiki/Trabzon_Liman%C4%B1,1,"Trabzon#52: Kent, 1923 yılında yeni kurulan devletinin 61. il merkezi olarak yerini almış, 1926 yılında ilk Halk Kütüphanesi ve , 1929'da Visera , 1938'de Trabzon içme suyu tesisleri, 1942'de , 1947'de Trabzon Numune Hastanesi, 1949'da Göğüs Hastalıkları Hastanesi, 1954'te , 1957'de , 1958'de SSK Hastanesi, 1964'te , 1967'de çimento fabrikası açılmış, 1976 yılında futbol takımı Türkiye 1. Ligi şampiyonluğunu kazanarak bu unvanı İstanbul'dan 'ya taşımayı başaran ilk takımı olmuştur."
Trabzon limanı,https://tr.wikipedia.org/wiki/Trabzon_Liman%C4%B1,1,"Trabzon#52: Kent, 1923 yılında yeni kurulan devletinin 61. il merkezi olarak yerini almış, 1926 yılında ilk Halk Kütüphanesi ve , 1929'da Visera , 1938'de Trabzon içme suyu tesisleri, 1942'de , 1947'de Trabzon Numune Hastanesi, 1949'da Göğüs Hastalıkları Hastanesi, 1954'te , 1957'de , 1958'de SSK Hastanesi, 1964'te , 1967'de çimento fabrikası açılmış, 1976 yılında futbol takımı Türkiye 1. Ligi şampiyonluğunu kazanarak bu unvanı İstanbul'dan 'ya taşımayı başaran ilk takımı olmuştur."
Trabzon Havaalanı,https://tr.wikipedia.org/wiki/Trabzon_Havaliman%C4%B1,1,"Trabzon#52: Kent, 1923 yılında yeni kurulan devletinin 61. il merkezi olarak yerini almış, 1926 yılında ilk Halk Kütüphanesi ve , 1929'da Visera , 1938'de Trabzon içme suyu tesisleri, 1942'de , 1947'de Trabzon Numune Hastanesi, 1949'da Göğüs Hastalıkları Hastanesi, 1954'te , 1957'de , 1958'de SSK Hastanesi, 1964'te , 1967'de çimento fabrikası açılmış, 1976 yılında futbol takımı Türkiye 1. Ligi şampiyonluğunu kazanarak bu unvanı İstanbul'dan 'ya taşımayı başaran ilk takımı olmuştur."
Trabzon Havaalanı,https://tr.wikipedia.org/wiki/Trabzon_Havaliman%C4%B1,1,"Trabzon#52: Kent, 1923 yılında yeni kurulan devletinin 61. il merkezi olarak yerini almış, 1926 yılında ilk Halk Kütüphanesi ve , 1929'da Visera , 1938'de Trabzon içme suyu tesisleri, 1942'de , 1947'de Trabzon Numune Hastanesi, 1949'da Göğüs Hastalıkları Hastanesi, 1954'te , 1957'de , 1958'de SSK Hastanesi, 1964'te , 1967'de çimento fabrikası açılmış, 1976 yılında futbol takımı Türkiye 1. Ligi şampiyonluğunu kazanarak bu unvanı İstanbul'dan 'ya taşımayı başaran ilk takımı olmuştur."
"Ayasofya Müzesi U:(https://tr.wikipedia.org/wiki/Ayasofya_(Trabzon))___ , 1967'de çimento fabrikası açılmış, 1976 yılında futbol takımı Türkiye 1. Ligi şampiyonluğunu kazanarak bu unvanı İstanbul'dan ___E:Anadolu",https://tr.wikipedia.org/wiki/Anadolu,1,"Trabzon#52: Kent, 1923 yılında yeni kurulan devletinin 61. il merkezi olarak yerini almış, 1926 yılında ilk Halk Kütüphanesi ve , 1929'da Visera , 1938'de Trabzon içme suyu tesisleri, 1942'de , 1947'de Trabzon Numune Hastanesi, 1949'da Göğüs Hastalıkları Hastanesi, 1954'te , 1957'de , 1958'de SSK Hastanesi, 1964'te , 1967'de çimento fabrikası açılmış, 1976 yılında futbol takımı Türkiye 1. Ligi şampiyonluğunu kazanarak bu unvanı İstanbul'dan 'ya taşımayı başaran ilk takımı olmuştur."
"Ayasofya Müzesi U:(https://tr.wikipedia.org/wiki/Ayasofya_(Trabzon))___ , 1967'de çimento fabrikası açılmış, 1976 yılında futbol takımı Türkiye 1. Ligi şampiyonluğunu kazanarak bu unvanı İstanbul'dan ___E:Anadolu",https://tr.wikipedia.org/wiki/Anadolu,1,"Trabzon#52: Kent, 1923 yılında yeni kurulan devletinin 61. il merkezi olarak yerini almış, 1926 yılında ilk Halk Kütüphanesi ve , 1929'da Visera , 1938'de Trabzon içme suyu tesisleri, 1942'de , 1947'de Trabzon Numune Hastanesi, 1949'da Göğüs Hastalıkları Hastanesi, 1954'te , 1957'de , 1958'de SSK Hastanesi, 1964'te , 1967'de çimento fabrikası açılmış, 1976 yılında futbol takımı Türkiye 1. Ligi şampiyonluğunu kazanarak bu unvanı İstanbul'dan 'ya taşımayı başaran ilk takımı olmuştur."
futbol,https://tr.wikipedia.org/wiki/Futbol,1,"Trabzon#52: Kent, 1923 yılında yeni kurulan devletinin 61. il merkezi olarak yerini almış, 1926 yılında ilk Halk Kütüphanesi ve , 1929'da Visera , 1938'de Trabzon içme suyu tesisleri, 1942'de , 1947'de Trabzon Numune Hastanesi, 1949'da Göğüs Hastalıkları Hastanesi, 1954'te , 1957'de , 1958'de SSK Hastanesi, 1964'te , 1967'de çimento fabrikası açılmış, 1976 yılında futbol takımı Türkiye 1. Ligi şampiyonluğunu kazanarak bu unvanı İstanbul'dan 'ya taşımayı başaran ilk takımı olmuştur."
futbol,https://tr.wikipedia.org/wiki/Futbol,1,"Trabzon#52: Kent, 1923 yılında yeni kurulan devletinin 61. il merkezi olarak yerini almış, 1926 yılında ilk Halk Kütüphanesi ve , 1929'da Visera , 1938'de Trabzon içme suyu tesisleri, 1942'de , 1947'de Trabzon Numune Hastanesi, 1949'da Göğüs Hastalıkları Hastanesi, 1954'te , 1957'de , 1958'de SSK Hastanesi, 1964'te , 1967'de çimento fabrikası açılmış, 1976 yılında futbol takımı Türkiye 1. Ligi şampiyonluğunu kazanarak bu unvanı İstanbul'dan 'ya taşımayı başaran ilk takımı olmuştur."
Atatürk,https://tr.wikipedia.org/wiki/Mustafa_Kemal_Atat%C3%BCrk,1,"Trabzon#53: , Cumhuriyet döneminde Trabzon'a üç kez gelir: 1924, 1930 ve 1937 yıllarında."
Atatürk,https://tr.wikipedia.org/wiki/Mustafa_Kemal_Atat%C3%BCrk,1,"Trabzon#53: , Cumhuriyet döneminde Trabzon'a üç kez gelir: 1924, 1930 ve 1937 yıllarında."
Türkçe,https://tr.wikipedia.org/wiki/T%C3%BCrk%C3%A7e,1,Trabzon#55: 1949 yılında 5442 sayılı İl İdaresi Kanunu uygulamasıyla 'da bulunan 78 bin civarındaki yerleşim adından 28 bin kadarının adı Türkçe olmadığı gerekçesiyle değiştirilmiş olup büyük bölümü olan Trabzon köy adları da değiştirilerek yerlerine isimler konulmuştur.
Türkçe,https://tr.wikipedia.org/wiki/T%C3%BCrk%C3%A7e,1,Trabzon#55: 1949 yılında 5442 sayılı İl İdaresi Kanunu uygulamasıyla 'da bulunan 78 bin civarındaki yerleşim adından 28 bin kadarının adı Türkçe olmadığı gerekçesiyle değiştirilmiş olup büyük bölümü olan Trabzon köy adları da değiştirilerek yerlerine isimler konulmuştur.
2014 Türkiye yerel seçimlerinin,https://tr.wikipedia.org/wiki/2014_T%C3%BCrkiye_yerel_se%C3%A7imleri,1,Trabzon#56: 2012 yılında çıkarılan 6360 sayılı kanun ile Trabzon'da sınırları il mülki sınırları olan büyükşehir belediyesi kuruldu ve ardından büyükşehir belediyesi çalışmalarına başladı.
2014 Türkiye yerel seçimlerinin,https://tr.wikipedia.org/wiki/2014_T%C3%BCrkiye_yerel_se%C3%A7imleri,1,Trabzon#56: 2012 yılında çıkarılan 6360 sayılı kanun ile Trabzon'da sınırları il mülki sınırları olan büyükşehir belediyesi kuruldu ve ardından büyükşehir belediyesi çalışmalarına başladı.
Türk boyları,https://tr.wikipedia.org/wiki/T%C3%BCrk_halklar%C4%B1,1,"Trabzon#59: Trabzon'da çeşitli yaşamaktadır. Şalpazarı ve Beşikdüzü başta olmak üzere Düzköy, Vakfıkebir, Akçaabat, Çarşıbaşı, Of, Sürmene ve Araklı'nın bazı köylerinde yaşamakta olup, Şalpazarı'nda gelenekleri hala devam etmektedir."
Türk boyları,https://tr.wikipedia.org/wiki/T%C3%BCrk_halklar%C4%B1,1,"Trabzon#59: Trabzon'da çeşitli yaşamaktadır. Şalpazarı ve Beşikdüzü başta olmak üzere Düzköy, Vakfıkebir, Akçaabat, Çarşıbaşı, Of, Sürmene ve Araklı'nın bazı köylerinde yaşamakta olup, Şalpazarı'nda gelenekleri hala devam etmektedir."
Antik Yunanca,https://tr.wikipedia.org/wiki/Grek%C3%A7e,1,"Trabzon#6: Şehir tarih boyunca : طربزون, : Τραπεζοῦς, : Trapezus, : Տրապիզոնի, : Trabisonda, : Τραπεζούντα Trapezounta ve Lazca: T'rapuzani ya da T'amtra olarak adlandırılmıştır."
Antik Yunanca,https://tr.wikipedia.org/wiki/Grek%C3%A7e,1,"Trabzon#6: Şehir tarih boyunca : طربزون, : Τραπεζοῦς, : Trapezus, : Տրապիզոնի, : Trabisonda, : Τραπεζούντα Trapezounta ve Lazca: T'rapuzani ya da T'amtra olarak adlandırılmıştır."
Oğuzlar,https://tr.wikipedia.org/wiki/O%C4%9Fuzlar,1,Trabzon#62: Fatih zamanında 'ın olan gelen Türkmenler ile Halep-Irak bölgesinden gelen Türkmenler de Trabzon'a yerleştirilmişlerdir.
Oğuzlar,https://tr.wikipedia.org/wiki/O%C4%9Fuzlar,1,Trabzon#62: Fatih zamanında 'ın olan gelen Türkmenler ile Halep-Irak bölgesinden gelen Türkmenler de Trabzon'a yerleştirilmişlerdir.
Avşar boyundan,https://tr.wikipedia.org/wiki/Af%C5%9Far_boyu,1,Trabzon#62: Fatih zamanında 'ın olan gelen Türkmenler ile Halep-Irak bölgesinden gelen Türkmenler de Trabzon'a yerleştirilmişlerdir.
Avşar boyundan,https://tr.wikipedia.org/wiki/Af%C5%9Far_boyu,1,Trabzon#62: Fatih zamanında 'ın olan gelen Türkmenler ile Halep-Irak bölgesinden gelen Türkmenler de Trabzon'a yerleştirilmişlerdir.
Karamanoğulları Beyliğinden,https://tr.wikipedia.org/wiki/Karamano%C4%9Fullar%C4%B1_Beyli%C4%9Fi,1,Trabzon#62: Fatih zamanında 'ın olan gelen Türkmenler ile Halep-Irak bölgesinden gelen Türkmenler de Trabzon'a yerleştirilmişlerdir.
Karamanoğulları Beyliğinden,https://tr.wikipedia.org/wiki/Karamano%C4%9Fullar%C4%B1_Beyli%C4%9Fi,1,Trabzon#62: Fatih zamanında 'ın olan gelen Türkmenler ile Halep-Irak bölgesinden gelen Türkmenler de Trabzon'a yerleştirilmişlerdir.
Kırım Türkleri,https://tr.wikipedia.org/wiki/K%C4%B1r%C4%B1m_Tatarlar%C4%B1,1,"Trabzon#63: Trabzon, Osmanlı'nın dağılmasından sonra tarafından da yerleşim yeri olarak seçilmiştir."
Kırım Türkleri,https://tr.wikipedia.org/wiki/K%C4%B1r%C4%B1m_Tatarlar%C4%B1,1,"Trabzon#63: Trabzon, Osmanlı'nın dağılmasından sonra tarafından da yerleşim yeri olarak seçilmiştir."
Rum,https://tr.wikipedia.org/wiki/Rum,1,"Trabzon#64: Bölgedeki nüfus 1923 yılında ve arasında yapılan "" "" ile gönderilmiştir."
Rum,https://tr.wikipedia.org/wiki/Rum,1,"Trabzon#64: Bölgedeki nüfus 1923 yılında ve arasında yapılan "" "" ile gönderilmiştir."
Yunanistan,https://tr.wikipedia.org/wiki/Yunanistan,1,"Trabzon#64: Bölgedeki nüfus 1923 yılında ve arasında yapılan "" "" ile gönderilmiştir."
Yunanistan,https://tr.wikipedia.org/wiki/Yunanistan,1,"Trabzon#64: Bölgedeki nüfus 1923 yılında ve arasında yapılan "" "" ile gönderilmiştir."
Nüfus Mübadelesi,https://tr.wikipedia.org/wiki/T%C3%BCrkiye-Yunanistan_n%C3%BCfus_m%C3%BCbadelesi,1,"Trabzon#64: Bölgedeki nüfus 1923 yılında ve arasında yapılan "" "" ile gönderilmiştir."
Nüfus Mübadelesi,https://tr.wikipedia.org/wiki/T%C3%BCrkiye-Yunanistan_n%C3%BCfus_m%C3%BCbadelesi,1,"Trabzon#64: Bölgedeki nüfus 1923 yılında ve arasında yapılan "" "" ile gönderilmiştir."
Şalpazarı,https://tr.wikipedia.org/wiki/%C5%9Ealpazar%C4%B1,1,"Trabzon#67: , yöreye 13.-14. yüzyıllar arasında yerleştiler. masallarında bahsi geçen folklorik birikime ve Trabzon'un diğer yörelerinden kolayca ayrılabilen diyalektine rastlanır."
Şalpazarı,https://tr.wikipedia.org/wiki/%C5%9Ealpazar%C4%B1,1,"Trabzon#67: , yöreye 13.-14. yüzyıllar arasında yerleştiler. masallarında bahsi geçen folklorik birikime ve Trabzon'un diğer yörelerinden kolayca ayrılabilen diyalektine rastlanır."
Ağasar vadisindeki,https://tr.wikipedia.org/wiki/A%C4%9Fasar_Vadisi,1,"Trabzon#67: , yöreye 13.-14. yüzyıllar arasında yerleştiler. masallarında bahsi geçen folklorik birikime ve Trabzon'un diğer yörelerinden kolayca ayrılabilen diyalektine rastlanır."
Ağasar vadisindeki,https://tr.wikipedia.org/wiki/A%C4%9Fasar_Vadisi,1,"Trabzon#67: , yöreye 13.-14. yüzyıllar arasında yerleştiler. masallarında bahsi geçen folklorik birikime ve Trabzon'un diğer yörelerinden kolayca ayrılabilen diyalektine rastlanır."
Dede Korkut,https://tr.wikipedia.org/wiki/Korkut_Ata,1,"Trabzon#67: , yöreye 13.-14. yüzyıllar arasında yerleştiler. masallarında bahsi geçen folklorik birikime ve Trabzon'un diğer yörelerinden kolayca ayrılabilen diyalektine rastlanır."
Dede Korkut,https://tr.wikipedia.org/wiki/Korkut_Ata,1,"Trabzon#67: , yöreye 13.-14. yüzyıllar arasında yerleştiler. masallarında bahsi geçen folklorik birikime ve Trabzon'un diğer yörelerinden kolayca ayrılabilen diyalektine rastlanır."
zipka,https://tr.wikipedia.org/w/index.php?title=Zipka&action=edit&redlink=1,1,Trabzon#77: Altta bacak arası körüklü bacak kısmı dar adı verilen siyah şalvar vardır.
zipka,https://tr.wikipedia.org/w/index.php?title=Zipka&action=edit&redlink=1,1,Trabzon#77: Altta bacak arası körüklü bacak kısmı dar adı verilen siyah şalvar vardır.
Trabzon bezinden,https://tr.wikipedia.org/w/index.php?title=Trabzon_bezi&action=edit&redlink=1,1,"Trabzon#78: İçte kamis adı verilen yakasız gömlek, başta keşan peştamal, alltta etek veya elbise ( ) ve rengi yöreden yöreye değişen vardır."
Trabzon bezinden,https://tr.wikipedia.org/w/index.php?title=Trabzon_bezi&action=edit&redlink=1,1,"Trabzon#78: İçte kamis adı verilen yakasız gömlek, başta keşan peştamal, alltta etek veya elbise ( ) ve rengi yöreden yöreye değişen vardır."
üçetek,https://tr.wikipedia.org/wiki/%C3%9C%C3%A7_etek,1,"Trabzon#78: İçte kamis adı verilen yakasız gömlek, başta keşan peştamal, alltta etek veya elbise ( ) ve rengi yöreden yöreye değişen vardır."
üçetek,https://tr.wikipedia.org/wiki/%C3%9C%C3%A7_etek,1,"Trabzon#78: İçte kamis adı verilen yakasız gömlek, başta keşan peştamal, alltta etek veya elbise ( ) ve rengi yöreden yöreye değişen vardır."
zibun,https://tr.wikipedia.org/w/index.php?title=Zibun&action=edit&redlink=1,1,"Trabzon#78: İçte kamis adı verilen yakasız gömlek, başta keşan peştamal, alltta etek veya elbise ( ) ve rengi yöreden yöreye değişen vardır."
zibun,https://tr.wikipedia.org/w/index.php?title=Zibun&action=edit&redlink=1,1,"Trabzon#78: İçte kamis adı verilen yakasız gömlek, başta keşan peştamal, alltta etek veya elbise ( ) ve rengi yöreden yöreye değişen vardır."
peştamal,https://tr.wikipedia.org/wiki/Pe%C5%9Ftemal,1,"Trabzon#78: İçte kamis adı verilen yakasız gömlek, başta keşan peştamal, alltta etek veya elbise ( ) ve rengi yöreden yöreye değişen vardır."
peştamal,https://tr.wikipedia.org/wiki/Pe%C5%9Ftemal,1,"Trabzon#78: İçte kamis adı verilen yakasız gömlek, başta keşan peştamal, alltta etek veya elbise ( ) ve rengi yöreden yöreye değişen vardır."
tepelik,https://tr.wikipedia.org/w/index.php?title=Tepelik&action=edit&redlink=1,1,"Trabzon#80: Başta , Tapla, Koursi, hotoz adı verilen gümüş ya da altın sırmalı yuvarlak tepelik."
tepelik,https://tr.wikipedia.org/w/index.php?title=Tepelik&action=edit&redlink=1,1,"Trabzon#80: Başta , Tapla, Koursi, hotoz adı verilen gümüş ya da altın sırmalı yuvarlak tepelik."
kamis,https://tr.wikipedia.org/wiki/Kamis,1,"Trabzon#81: İçte , üzerine zibun (üçetek) belde peştamal, veya ."
kamis,https://tr.wikipedia.org/wiki/Kamis,1,"Trabzon#81: İçte , üzerine zibun (üçetek) belde peştamal, veya ."
lahor,https://tr.wikipedia.org/wiki/Lahor,1,"Trabzon#81: İçte , üzerine zibun (üçetek) belde peştamal, veya ."
lahor,https://tr.wikipedia.org/wiki/Lahor,1,"Trabzon#81: İçte , üzerine zibun (üçetek) belde peştamal, veya ."
trablus,https://tr.wikipedia.org/wiki/Trablus,1,"Trabzon#81: İçte , üzerine zibun (üçetek) belde peştamal, veya ."
trablus,https://tr.wikipedia.org/wiki/Trablus,1,"Trabzon#81: İçte , üzerine zibun (üçetek) belde peştamal, veya ."
şalvar,https://tr.wikipedia.org/wiki/%C5%9Ealvar,1,Trabzon#83: Tek istisna Şalpazarı bölgesinde olup Çepni kadınları giymekte ve ucu püsküllü kırmızı ya da pembe belbağı takmaktadır.
şalvar,https://tr.wikipedia.org/wiki/%C5%9Ealvar,1,Trabzon#83: Tek istisna Şalpazarı bölgesinde olup Çepni kadınları giymekte ve ucu püsküllü kırmızı ya da pembe belbağı takmaktadır.
kaval,https://tr.wikipedia.org/wiki/Kaval,1,"Trabzon#84: Trabzon bölgesinin geleneksel çalgıları şimşir , , - ve yörede , adlarıyla da bilinen ."
kaval,https://tr.wikipedia.org/wiki/Kaval,1,"Trabzon#84: Trabzon bölgesinin geleneksel çalgıları şimşir , , - ve yörede , adlarıyla da bilinen ."
kemençe,https://tr.wikipedia.org/wiki/Kemen%C3%A7e,1,"Trabzon#84: Trabzon bölgesinin geleneksel çalgıları şimşir , , - ve yörede , adlarıyla da bilinen ."
kemençe,https://tr.wikipedia.org/wiki/Kemen%C3%A7e,1,"Trabzon#84: Trabzon bölgesinin geleneksel çalgıları şimşir , , - ve yörede , adlarıyla da bilinen ."
davul,https://tr.wikipedia.org/wiki/Davul,1,"Trabzon#84: Trabzon bölgesinin geleneksel çalgıları şimşir , , - ve yörede , adlarıyla da bilinen ."
davul,https://tr.wikipedia.org/wiki/Davul,1,"Trabzon#84: Trabzon bölgesinin geleneksel çalgıları şimşir , , - ve yörede , adlarıyla da bilinen ."
zurna,https://tr.wikipedia.org/wiki/Zurna,1,"Trabzon#84: Trabzon bölgesinin geleneksel çalgıları şimşir , , - ve yörede , adlarıyla da bilinen ."
zurna,https://tr.wikipedia.org/wiki/Zurna,1,"Trabzon#84: Trabzon bölgesinin geleneksel çalgıları şimşir , , - ve yörede , adlarıyla da bilinen ."
zimpona,https://tr.wikipedia.org/w/index.php?title=Zimpona&action=edit&redlink=1,1,"Trabzon#84: Trabzon bölgesinin geleneksel çalgıları şimşir , , - ve yörede , adlarıyla da bilinen ."
zimpona,https://tr.wikipedia.org/w/index.php?title=Zimpona&action=edit&redlink=1,1,"Trabzon#84: Trabzon bölgesinin geleneksel çalgıları şimşir , , - ve yörede , adlarıyla da bilinen ."
dankiyo,https://tr.wikipedia.org/wiki/Dankiyo,1,"Trabzon#84: Trabzon bölgesinin geleneksel çalgıları şimşir , , - ve yörede , adlarıyla da bilinen ."
dankiyo,https://tr.wikipedia.org/wiki/Dankiyo,1,"Trabzon#84: Trabzon bölgesinin geleneksel çalgıları şimşir , , - ve yörede , adlarıyla da bilinen ."
horondur,https://tr.wikipedia.org/wiki/Horon,1,Trabzon#85: Sayısız çeşidi olup kadın ve erkekler tarafından toplu oynanan geleneksel dansların adı ise . oyunu 1930 yılında Trabzon'un Faroz mahallesinde başlamıştır.
horondur,https://tr.wikipedia.org/wiki/Horon,1,Trabzon#85: Sayısız çeşidi olup kadın ve erkekler tarafından toplu oynanan geleneksel dansların adı ise . oyunu 1930 yılında Trabzon'un Faroz mahallesinde başlamıştır.
Kolbastı,https://tr.wikipedia.org/wiki/Kolbast%C4%B1,1,Trabzon#85: Sayısız çeşidi olup kadın ve erkekler tarafından toplu oynanan geleneksel dansların adı ise . oyunu 1930 yılında Trabzon'un Faroz mahallesinde başlamıştır.
Kolbastı,https://tr.wikipedia.org/wiki/Kolbast%C4%B1,1,Trabzon#85: Sayısız çeşidi olup kadın ve erkekler tarafından toplu oynanan geleneksel dansların adı ise . oyunu 1930 yılında Trabzon'un Faroz mahallesinde başlamıştır.
Trabzon Belediye Tiyatrosu,https://tr.wikipedia.org/w/index.php?title=Trabzon_Belediye_Tiyatrosu&action=edit&redlink=1,1,Trabzon#87: Trabzon ilinde tiyatro etkinlikleri ve tarafından yürütülmektedir.
Trabzon Belediye Tiyatrosu,https://tr.wikipedia.org/w/index.php?title=Trabzon_Belediye_Tiyatrosu&action=edit&redlink=1,1,Trabzon#87: Trabzon ilinde tiyatro etkinlikleri ve tarafından yürütülmektedir.
Trabzon Devlet Tiyatrosu,https://tr.wikipedia.org/wiki/Trabzon_Devlet_Tiyatrosu,1,Trabzon#87: Trabzon ilinde tiyatro etkinlikleri ve tarafından yürütülmektedir.
Trabzon Devlet Tiyatrosu,https://tr.wikipedia.org/wiki/Trabzon_Devlet_Tiyatrosu,1,Trabzon#87: Trabzon ilinde tiyatro etkinlikleri ve tarafından yürütülmektedir.
Devlet Klasik Türk müziği Topluluğu,https://tr.wikipedia.org/w/index.php?title=Devlet_Klasik_T%C3%BCrk_m%C3%BCzi%C4%9Fi_Toplulu%C4%9Fu&action=edit&redlink=1,1,Trabzon#89: Müzik alanında çalışmalar yapan 'nun yanı sıra karikatür ve resim çalışmaları Belediye Sergi Salonu'nda sergilenmektedir.
Devlet Klasik Türk müziği Topluluğu,https://tr.wikipedia.org/w/index.php?title=Devlet_Klasik_T%C3%BCrk_m%C3%BCzi%C4%9Fi_Toplulu%C4%9Fu&action=edit&redlink=1,1,Trabzon#89: Müzik alanında çalışmalar yapan 'nun yanı sıra karikatür ve resim çalışmaları Belediye Sergi Salonu'nda sergilenmektedir.
karalahana,https://tr.wikipedia.org/wiki/Karalahana,1,"Trabzon#91: Samsun-Batum arasında yer alan bölge mutfağının ayırıcı temel besinleri , , ve çay olup bu üçlünün çorbasından ekmeğine dek sayısız kombinasyonu bulunmaktadır."
karalahana,https://tr.wikipedia.org/wiki/Karalahana,1,"Trabzon#91: Samsun-Batum arasında yer alan bölge mutfağının ayırıcı temel besinleri , , ve çay olup bu üçlünün çorbasından ekmeğine dek sayısız kombinasyonu bulunmaktadır."
Karadeniz Teknik Üniversitesi,https://tr.wikipedia.org/wiki/Karadeniz_Teknik_%C3%9Cniversitesi,1,"Trabzon#107: Günümüzde Trabzon ilinde; 815 ilköğretim okulu, 86 lise ve dengi okul ile 20 Mayıs 1955 tarihinde öğretime açılan , 2011 yılında öğretime açılan Özel ve 18.05.2018 tarihli ve 30425 sayılı Resmî Gazetede yayımlanan 7141 sayılı kanun ile Trabzon Akçaabat'ta kurulan bulunmaktadır."
Karadeniz Teknik Üniversitesi,https://tr.wikipedia.org/wiki/Karadeniz_Teknik_%C3%9Cniversitesi,1,"Trabzon#107: Günümüzde Trabzon ilinde; 815 ilköğretim okulu, 86 lise ve dengi okul ile 20 Mayıs 1955 tarihinde öğretime açılan , 2011 yılında öğretime açılan Özel ve 18.05.2018 tarihli ve 30425 sayılı Resmî Gazetede yayımlanan 7141 sayılı kanun ile Trabzon Akçaabat'ta kurulan bulunmaktadır."
Avrasya Üniversitesi,https://tr.wikipedia.org/wiki/Avrasya_%C3%9Cniversitesi,1,"Trabzon#107: Günümüzde Trabzon ilinde; 815 ilköğretim okulu, 86 lise ve dengi okul ile 20 Mayıs 1955 tarihinde öğretime açılan , 2011 yılında öğretime açılan Özel ve 18.05.2018 tarihli ve 30425 sayılı Resmî Gazetede yayımlanan 7141 sayılı kanun ile Trabzon Akçaabat'ta kurulan bulunmaktadır."
Avrasya Üniversitesi,https://tr.wikipedia.org/wiki/Avrasya_%C3%9Cniversitesi,1,"Trabzon#107: Günümüzde Trabzon ilinde; 815 ilköğretim okulu, 86 lise ve dengi okul ile 20 Mayıs 1955 tarihinde öğretime açılan , 2011 yılında öğretime açılan Özel ve 18.05.2018 tarihli ve 30425 sayılı Resmî Gazetede yayımlanan 7141 sayılı kanun ile Trabzon Akçaabat'ta kurulan bulunmaktadır."
Trabzon Üniversitesi,https://tr.wikipedia.org/wiki/Trabzon_%C3%9Cniversitesi,1,"Trabzon#107: Günümüzde Trabzon ilinde; 815 ilköğretim okulu, 86 lise ve dengi okul ile 20 Mayıs 1955 tarihinde öğretime açılan , 2011 yılında öğretime açılan Özel ve 18.05.2018 tarihli ve 30425 sayılı Resmî Gazetede yayımlanan 7141 sayılı kanun ile Trabzon Akçaabat'ta kurulan bulunmaktadır."
Trabzon Üniversitesi,https://tr.wikipedia.org/wiki/Trabzon_%C3%9Cniversitesi,1,"Trabzon#107: Günümüzde Trabzon ilinde; 815 ilköğretim okulu, 86 lise ve dengi okul ile 20 Mayıs 1955 tarihinde öğretime açılan , 2011 yılında öğretime açılan Özel ve 18.05.2018 tarihli ve 30425 sayılı Resmî Gazetede yayımlanan 7141 sayılı kanun ile Trabzon Akçaabat'ta kurulan bulunmaktadır."
Activision,https://tr.wikipedia.org/wiki/Activision,1,Trabzon#109: imzalı dünyaca ünlü savaş oyunu serisi 'nin dönemini anlatan oyununun bazı sahneleri Trabzon'da geçmektedir.
Latince,https://tr.wikipedia.org/wiki/Latince,1,"Trabzon#6: Şehir tarih boyunca : طربزون, : Τραπεζοῦς, : Trapezus, : Տրապիզոնի, : Trabisonda, : Τραπεζούντα Trapezounta ve Lazca: T'rapuzani ya da T'amtra olarak adlandırılmıştır."
Call of Duty,https://tr.wikipedia.org/wiki/Call_of_Duty,1,Trabzon#109: imzalı dünyaca ünlü savaş oyunu serisi 'nin dönemini anlatan oyununun bazı sahneleri Trabzon'da geçmektedir.
Call of Duty,https://tr.wikipedia.org/wiki/Call_of_Duty,1,Trabzon#109: imzalı dünyaca ünlü savaş oyunu serisi 'nin dönemini anlatan oyununun bazı sahneleri Trabzon'da geçmektedir.
Soğuk Savaş,https://tr.wikipedia.org/wiki/So%C4%9Fuk_Sava%C5%9F,1,Trabzon#109: imzalı dünyaca ünlü savaş oyunu serisi 'nin dönemini anlatan oyununun bazı sahneleri Trabzon'da geçmektedir.
Soğuk Savaş,https://tr.wikipedia.org/wiki/So%C4%9Fuk_Sava%C5%9F,1,Trabzon#109: imzalı dünyaca ünlü savaş oyunu serisi 'nin dönemini anlatan oyununun bazı sahneleri Trabzon'da geçmektedir.
Call of Duty: Black ops Cold War,https://tr.wikipedia.org/wiki/Call_of_Duty:_Black_Ops_Cold_War,1,Trabzon#109: imzalı dünyaca ünlü savaş oyunu serisi 'nin dönemini anlatan oyununun bazı sahneleri Trabzon'da geçmektedir.
Call of Duty: Black ops Cold War,https://tr.wikipedia.org/wiki/Call_of_Duty:_Black_Ops_Cold_War,1,Trabzon#109: imzalı dünyaca ünlü savaş oyunu serisi 'nin dönemini anlatan oyununun bazı sahneleri Trabzon'da geçmektedir.
Antik Çağ,https://tr.wikipedia.org/wiki/Antik_%C3%87a%C4%9F,1,"Trabzon#111: Ulaşımda nakit para ve ""Trabzon Kart"" isimli akıllı kartla ödeme sistemi kullanılmaktadır. 'dan itibaren Trabzon kenti, özellikle Roma İmparatoru 'un yaptırdığı limandan sonra denizcilik açısından önemli bir merkez olmuş, cumhuriyet döneminde de yakın zamana dek denizyolları ulaşım ve ticarette önemini korumuştur. ve yapımı tamamlanmak üzere olan otoban yolunun hizmete açılması ile ile arasında yolculuğun kalitesi artarak ağırlık karayollarına geçmiştir."
Antik Çağ,https://tr.wikipedia.org/wiki/Antik_%C3%87a%C4%9F,1,"Trabzon#111: Ulaşımda nakit para ve ""Trabzon Kart"" isimli akıllı kartla ödeme sistemi kullanılmaktadır. 'dan itibaren Trabzon kenti, özellikle Roma İmparatoru 'un yaptırdığı limandan sonra denizcilik açısından önemli bir merkez olmuş, cumhuriyet döneminde de yakın zamana dek denizyolları ulaşım ve ticarette önemini korumuştur. ve yapımı tamamlanmak üzere olan otoban yolunun hizmete açılması ile ile arasında yolculuğun kalitesi artarak ağırlık karayollarına geçmiştir."
Karadeniz Sahil Yolu,https://tr.wikipedia.org/wiki/D_010,1,"Trabzon#111: Ulaşımda nakit para ve ""Trabzon Kart"" isimli akıllı kartla ödeme sistemi kullanılmaktadır. 'dan itibaren Trabzon kenti, özellikle Roma İmparatoru 'un yaptırdığı limandan sonra denizcilik açısından önemli bir merkez olmuş, cumhuriyet döneminde de yakın zamana dek denizyolları ulaşım ve ticarette önemini korumuştur. ve yapımı tamamlanmak üzere olan otoban yolunun hizmete açılması ile ile arasında yolculuğun kalitesi artarak ağırlık karayollarına geçmiştir."
Karadeniz Sahil Yolu,https://tr.wikipedia.org/wiki/D_010,1,"Trabzon#111: Ulaşımda nakit para ve ""Trabzon Kart"" isimli akıllı kartla ödeme sistemi kullanılmaktadır. 'dan itibaren Trabzon kenti, özellikle Roma İmparatoru 'un yaptırdığı limandan sonra denizcilik açısından önemli bir merkez olmuş, cumhuriyet döneminde de yakın zamana dek denizyolları ulaşım ve ticarette önemini korumuştur. ve yapımı tamamlanmak üzere olan otoban yolunun hizmete açılması ile ile arasında yolculuğun kalitesi artarak ağırlık karayollarına geçmiştir."
Sarp sınır kapısı,https://tr.wikipedia.org/wiki/Sarp_S%C4%B1n%C4%B1r_Kap%C4%B1s%C4%B1,1,"Trabzon#111: Ulaşımda nakit para ve ""Trabzon Kart"" isimli akıllı kartla ödeme sistemi kullanılmaktadır. 'dan itibaren Trabzon kenti, özellikle Roma İmparatoru 'un yaptırdığı limandan sonra denizcilik açısından önemli bir merkez olmuş, cumhuriyet döneminde de yakın zamana dek denizyolları ulaşım ve ticarette önemini korumuştur. ve yapımı tamamlanmak üzere olan otoban yolunun hizmete açılması ile ile arasında yolculuğun kalitesi artarak ağırlık karayollarına geçmiştir."
Sarp sınır kapısı,https://tr.wikipedia.org/wiki/Sarp_S%C4%B1n%C4%B1r_Kap%C4%B1s%C4%B1,1,"Trabzon#111: Ulaşımda nakit para ve ""Trabzon Kart"" isimli akıllı kartla ödeme sistemi kullanılmaktadır. 'dan itibaren Trabzon kenti, özellikle Roma İmparatoru 'un yaptırdığı limandan sonra denizcilik açısından önemli bir merkez olmuş, cumhuriyet döneminde de yakın zamana dek denizyolları ulaşım ve ticarette önemini korumuştur. ve yapımı tamamlanmak üzere olan otoban yolunun hizmete açılması ile ile arasında yolculuğun kalitesi artarak ağırlık karayollarına geçmiştir."
Zigana Geçidi,https://tr.wikipedia.org/wiki/Zigana_Ge%C3%A7idi,1,"Trabzon#112: Trabzon il merkezinden başlayarak, üzerinden Gümüşhane'ye oradan aşarak 'a bağlanan yol ise eski önemini kaybetmiştir."
Zigana Geçidi,https://tr.wikipedia.org/wiki/Zigana_Ge%C3%A7idi,1,"Trabzon#112: Trabzon il merkezinden başlayarak, üzerinden Gümüşhane'ye oradan aşarak 'a bağlanan yol ise eski önemini kaybetmiştir."
Kop Geçidini,https://tr.wikipedia.org/wiki/Kop_Ge%C3%A7idi,1,"Trabzon#112: Trabzon il merkezinden başlayarak, üzerinden Gümüşhane'ye oradan aşarak 'a bağlanan yol ise eski önemini kaybetmiştir."
Kop Geçidini,https://tr.wikipedia.org/wiki/Kop_Ge%C3%A7idi,1,"Trabzon#112: Trabzon il merkezinden başlayarak, üzerinden Gümüşhane'ye oradan aşarak 'a bağlanan yol ise eski önemini kaybetmiştir."
Erzurum,https://tr.wikipedia.org/wiki/Erzurum,1,"Trabzon#112: Trabzon il merkezinden başlayarak, üzerinden Gümüşhane'ye oradan aşarak 'a bağlanan yol ise eski önemini kaybetmiştir."
Erzurum,https://tr.wikipedia.org/wiki/Erzurum,1,"Trabzon#112: Trabzon il merkezinden başlayarak, üzerinden Gümüşhane'ye oradan aşarak 'a bağlanan yol ise eski önemini kaybetmiştir."
Ahmet Metin Genç,https://tr.wikipedia.org/wiki/Ahmet_Metin_Gen%C3%A7,1,TrabzonCard#2: ( )
Ahmet Metin Genç,https://tr.wikipedia.org/wiki/Ahmet_Metin_Gen%C3%A7,1,TrabzonCard#2: ( )
AK Parti,https://tr.wikipedia.org/wiki/Adalet_ve_Kalk%C4%B1nma_Partisi,1,TrabzonCard#2: ( )
AK Parti,https://tr.wikipedia.org/wiki/Adalet_ve_Kalk%C4%B1nma_Partisi,1,TrabzonCard#2: ( )
TRS,https://tr.wikipedia.org/wiki/T%C3%BCrkiye_Saati,1,TrabzonCard#4: (+03.00)
Fatih Sultan Mehmed,https://tr.wikipedia.org/wiki/II._Mehmed,1,Trabzon#4: İrem bağları gibi süslü bir şehirdir burası.'' ise Trabzon'u kuşattığı vakit şöyle söylemiştir: ''Trabzon fethedilmeden İstanbul fethedilmiş sayılmaz.''
arkeolojik,https://tr.wikipedia.org/wiki/Arkeoloji,1,"Trabzon#7: Bölgede çeşitli dönemlerde yapılan kazı ve yüzey taramalarında Çağı'na ait ve tipi (el baltaları, kazıyıcılar, yonga aletler), 'e ait mağaralar 'a ait yerleşim izlerine rastlanmıştır. 'nda Karadeniz kıyısında adlı domuz besleyen ve eken savaşçı bir halkın varlığı kaynaklarında bildirilmektedir."
arkeolojik,https://tr.wikipedia.org/wiki/Arkeoloji,1,"Trabzon#7: Bölgede çeşitli dönemlerde yapılan kazı ve yüzey taramalarında Çağı'na ait ve tipi (el baltaları, kazıyıcılar, yonga aletler), 'e ait mağaralar 'a ait yerleşim izlerine rastlanmıştır. 'nda Karadeniz kıyısında adlı domuz besleyen ve eken savaşçı bir halkın varlığı kaynaklarında bildirilmektedir."
Yontma Taş (Alt Paleolitik dönem),https://tr.wikipedia.org/wiki/Eski_Ta%C5%9F_%C3%87a%C4%9F%C4%B1,1,"Trabzon#7: Bölgede çeşitli dönemlerde yapılan kazı ve yüzey taramalarında Çağı'na ait ve tipi (el baltaları, kazıyıcılar, yonga aletler), 'e ait mağaralar 'a ait yerleşim izlerine rastlanmıştır. 'nda Karadeniz kıyısında adlı domuz besleyen ve eken savaşçı bir halkın varlığı kaynaklarında bildirilmektedir."
Yontma Taş (Alt Paleolitik dönem),https://tr.wikipedia.org/wiki/Eski_Ta%C5%9F_%C3%87a%C4%9F%C4%B1,1,"Trabzon#7: Bölgede çeşitli dönemlerde yapılan kazı ve yüzey taramalarında Çağı'na ait ve tipi (el baltaları, kazıyıcılar, yonga aletler), 'e ait mağaralar 'a ait yerleşim izlerine rastlanmıştır. 'nda Karadeniz kıyısında adlı domuz besleyen ve eken savaşçı bir halkın varlığı kaynaklarında bildirilmektedir."
Acheulien,https://tr.wikipedia.org/wiki/A%C5%9F%C3%B6lyen,1,"Trabzon#7: Bölgede çeşitli dönemlerde yapılan kazı ve yüzey taramalarında Çağı'na ait ve tipi (el baltaları, kazıyıcılar, yonga aletler), 'e ait mağaralar 'a ait yerleşim izlerine rastlanmıştır. 'nda Karadeniz kıyısında adlı domuz besleyen ve eken savaşçı bir halkın varlığı kaynaklarında bildirilmektedir."
Acheulien,https://tr.wikipedia.org/wiki/A%C5%9F%C3%B6lyen,1,"Trabzon#7: Bölgede çeşitli dönemlerde yapılan kazı ve yüzey taramalarında Çağı'na ait ve tipi (el baltaları, kazıyıcılar, yonga aletler), 'e ait mağaralar 'a ait yerleşim izlerine rastlanmıştır. 'nda Karadeniz kıyısında adlı domuz besleyen ve eken savaşçı bir halkın varlığı kaynaklarında bildirilmektedir."
Mousterien,https://tr.wikipedia.org/wiki/Musteryen,1,"Trabzon#7: Bölgede çeşitli dönemlerde yapılan kazı ve yüzey taramalarında Çağı'na ait ve tipi (el baltaları, kazıyıcılar, yonga aletler), 'e ait mağaralar 'a ait yerleşim izlerine rastlanmıştır. 'nda Karadeniz kıyısında adlı domuz besleyen ve eken savaşçı bir halkın varlığı kaynaklarında bildirilmektedir."
Fatih Sultan Mehmed,https://tr.wikipedia.org/wiki/II._Mehmed,1,Trabzon#4: İrem bağları gibi süslü bir şehirdir burası.'' ise Trabzon'u kuşattığı vakit şöyle söylemiştir: ''Trabzon fethedilmeden İstanbul fethedilmiş sayılmaz.''
Orta Taş Çağı (Mezolitik),https://tr.wikipedia.org/wiki/Orta_Ta%C5%9F_%C3%87a%C4%9F%C4%B1,1,"Trabzon#7: Bölgede çeşitli dönemlerde yapılan kazı ve yüzey taramalarında Çağı'na ait ve tipi (el baltaları, kazıyıcılar, yonga aletler), 'e ait mağaralar 'a ait yerleşim izlerine rastlanmıştır. 'nda Karadeniz kıyısında adlı domuz besleyen ve eken savaşçı bir halkın varlığı kaynaklarında bildirilmektedir."
Orta Taş Çağı (Mezolitik),https://tr.wikipedia.org/wiki/Orta_Ta%C5%9F_%C3%87a%C4%9F%C4%B1,1,"Trabzon#7: Bölgede çeşitli dönemlerde yapılan kazı ve yüzey taramalarında Çağı'na ait ve tipi (el baltaları, kazıyıcılar, yonga aletler), 'e ait mağaralar 'a ait yerleşim izlerine rastlanmıştır. 'nda Karadeniz kıyısında adlı domuz besleyen ve eken savaşçı bir halkın varlığı kaynaklarında bildirilmektedir."
Kalkolitik Çağ,https://tr.wikipedia.org/wiki/Bak%C4%B1r_%C3%87a%C4%9F%C4%B1,1,"Trabzon#7: Bölgede çeşitli dönemlerde yapılan kazı ve yüzey taramalarında Çağı'na ait ve tipi (el baltaları, kazıyıcılar, yonga aletler), 'e ait mağaralar 'a ait yerleşim izlerine rastlanmıştır. 'nda Karadeniz kıyısında adlı domuz besleyen ve eken savaşçı bir halkın varlığı kaynaklarında bildirilmektedir."
Kalkolitik Çağ,https://tr.wikipedia.org/wiki/Bak%C4%B1r_%C3%87a%C4%9F%C4%B1,1,"Trabzon#7: Bölgede çeşitli dönemlerde yapılan kazı ve yüzey taramalarında Çağı'na ait ve tipi (el baltaları, kazıyıcılar, yonga aletler), 'e ait mağaralar 'a ait yerleşim izlerine rastlanmıştır. 'nda Karadeniz kıyısında adlı domuz besleyen ve eken savaşçı bir halkın varlığı kaynaklarında bildirilmektedir."
Bronz Çağı,https://tr.wikipedia.org/wiki/Tun%C3%A7_%C3%87a%C4%9F%C4%B1,1,"Trabzon#7: Bölgede çeşitli dönemlerde yapılan kazı ve yüzey taramalarında Çağı'na ait ve tipi (el baltaları, kazıyıcılar, yonga aletler), 'e ait mağaralar 'a ait yerleşim izlerine rastlanmıştır. 'nda Karadeniz kıyısında adlı domuz besleyen ve eken savaşçı bir halkın varlığı kaynaklarında bildirilmektedir."
Bronz Çağı,https://tr.wikipedia.org/wiki/Tun%C3%A7_%C3%87a%C4%9F%C4%B1,1,"Trabzon#7: Bölgede çeşitli dönemlerde yapılan kazı ve yüzey taramalarında Çağı'na ait ve tipi (el baltaları, kazıyıcılar, yonga aletler), 'e ait mağaralar 'a ait yerleşim izlerine rastlanmıştır. 'nda Karadeniz kıyısında adlı domuz besleyen ve eken savaşçı bir halkın varlığı kaynaklarında bildirilmektedir."
Kaşkalar,https://tr.wikipedia.org/wiki/Ka%C5%9Fkalar,1,"Trabzon#7: Bölgede çeşitli dönemlerde yapılan kazı ve yüzey taramalarında Çağı'na ait ve tipi (el baltaları, kazıyıcılar, yonga aletler), 'e ait mağaralar 'a ait yerleşim izlerine rastlanmıştır. 'nda Karadeniz kıyısında adlı domuz besleyen ve eken savaşçı bir halkın varlığı kaynaklarında bildirilmektedir."
Kaşkalar,https://tr.wikipedia.org/wiki/Ka%C5%9Fkalar,1,"Trabzon#7: Bölgede çeşitli dönemlerde yapılan kazı ve yüzey taramalarında Çağı'na ait ve tipi (el baltaları, kazıyıcılar, yonga aletler), 'e ait mağaralar 'a ait yerleşim izlerine rastlanmıştır. 'nda Karadeniz kıyısında adlı domuz besleyen ve eken savaşçı bir halkın varlığı kaynaklarında bildirilmektedir."
kendir,https://tr.wikipedia.org/wiki/Kendir,1,"Trabzon#7: Bölgede çeşitli dönemlerde yapılan kazı ve yüzey taramalarında Çağı'na ait ve tipi (el baltaları, kazıyıcılar, yonga aletler), 'e ait mağaralar 'a ait yerleşim izlerine rastlanmıştır. 'nda Karadeniz kıyısında adlı domuz besleyen ve eken savaşçı bir halkın varlığı kaynaklarında bildirilmektedir."
kendir,https://tr.wikipedia.org/wiki/Kendir,1,"Trabzon#7: Bölgede çeşitli dönemlerde yapılan kazı ve yüzey taramalarında Çağı'na ait ve tipi (el baltaları, kazıyıcılar, yonga aletler), 'e ait mağaralar 'a ait yerleşim izlerine rastlanmıştır. 'nda Karadeniz kıyısında adlı domuz besleyen ve eken savaşçı bir halkın varlığı kaynaklarında bildirilmektedir."
Hitit,https://tr.wikipedia.org/wiki/Hititler,1,"Trabzon#7: Bölgede çeşitli dönemlerde yapılan kazı ve yüzey taramalarında Çağı'na ait ve tipi (el baltaları, kazıyıcılar, yonga aletler), 'e ait mağaralar 'a ait yerleşim izlerine rastlanmıştır. 'nda Karadeniz kıyısında adlı domuz besleyen ve eken savaşçı bir halkın varlığı kaynaklarında bildirilmektedir."
Hitit,https://tr.wikipedia.org/wiki/Hititler,1,"Trabzon#7: Bölgede çeşitli dönemlerde yapılan kazı ve yüzey taramalarında Çağı'na ait ve tipi (el baltaları, kazıyıcılar, yonga aletler), 'e ait mağaralar 'a ait yerleşim izlerine rastlanmıştır. 'nda Karadeniz kıyısında adlı domuz besleyen ve eken savaşçı bir halkın varlığı kaynaklarında bildirilmektedir."
Eusebius,https://tr.wikipedia.org/wiki/Eusebios,1,"Trabzon#8: 'a göre şehrin kuruluş tarihini MÖ 756 olmakla birlikte bu iddia Trabzon'u İstanbul, hatta, genel kanıya göre Trabzon ve diğer Doğu Karadeniz kolonizasyonunu gerçekleştiren 'tan daha eski bir kent yapmaktadır."
Eusebius,https://tr.wikipedia.org/wiki/Eusebios,1,"Trabzon#8: 'a göre şehrin kuruluş tarihini MÖ 756 olmakla birlikte bu iddia Trabzon'u İstanbul, hatta, genel kanıya göre Trabzon ve diğer Doğu Karadeniz kolonizasyonunu gerçekleştiren 'tan daha eski bir kent yapmaktadır."
Roma,https://tr.wikipedia.org/wiki/Roma,1,"Trabzon#8: 'a göre şehrin kuruluş tarihini MÖ 756 olmakla birlikte bu iddia Trabzon'u İstanbul, hatta, genel kanıya göre Trabzon ve diğer Doğu Karadeniz kolonizasyonunu gerçekleştiren 'tan daha eski bir kent yapmaktadır."
Roma,https://tr.wikipedia.org/wiki/Roma,1,"Trabzon#8: 'a göre şehrin kuruluş tarihini MÖ 756 olmakla birlikte bu iddia Trabzon'u İstanbul, hatta, genel kanıya göre Trabzon ve diğer Doğu Karadeniz kolonizasyonunu gerçekleştiren 'tan daha eski bir kent yapmaktadır."
Sinop,https://tr.wikipedia.org/wiki/Sinop,1,"Trabzon#8: 'a göre şehrin kuruluş tarihini MÖ 756 olmakla birlikte bu iddia Trabzon'u İstanbul, hatta, genel kanıya göre Trabzon ve diğer Doğu Karadeniz kolonizasyonunu gerçekleştiren 'tan daha eski bir kent yapmaktadır."
Sinop,https://tr.wikipedia.org/wiki/Sinop,1,"Trabzon#8: 'a göre şehrin kuruluş tarihini MÖ 756 olmakla birlikte bu iddia Trabzon'u İstanbul, hatta, genel kanıya göre Trabzon ve diğer Doğu Karadeniz kolonizasyonunu gerçekleştiren 'tan daha eski bir kent yapmaktadır."
Kolhis,https://tr.wikipedia.org/wiki/Kolhis,1,"Trabzon#10: Anabasis 'te geçen ""Pontos Euksenios kıyısındaki bu şehir Sinope'nin Lazların ataları olan ülkesindeki kolonisidir"" ifadesi daha sonra Arrian ve Peripleus tarafından da onaylanmıştır."
Kolhis,https://tr.wikipedia.org/wiki/Kolhis,1,"Trabzon#10: Anabasis 'te geçen ""Pontos Euksenios kıyısındaki bu şehir Sinope'nin Lazların ataları olan ülkesindeki kolonisidir"" ifadesi daha sonra Arrian ve Peripleus tarafından da onaylanmıştır."
Atinalı Ksenophon,https://tr.wikipedia.org/wiki/Ksenofon,1,Trabzon#11: Trabzon şehrinden ilk defa MÖ 400 yılında şehri gören tarafından bahsedilmiştir.
Atinalı Ksenophon,https://tr.wikipedia.org/wiki/Ksenofon,1,Trabzon#11: Trabzon şehrinden ilk defa MÖ 400 yılında şehri gören tarafından bahsedilmiştir.
Zigana geçidi,https://tr.wikipedia.org/wiki/Zigana_Ge%C3%A7idi,1,"Trabzon#12: Merkezinde Yunanların çevre köylerinde bugünkü Lazların (Tzanlar) ataları olan Kolhislilerin ve yaşadığı Trabzon, Antik çağ ve sonrasında üzerinden ve Euphrates ( ) civarında üretilen ticari malların takas edildiği ticaret merkezi ve dış ülkelere satıldığı bir ihraç limanı özelliğindeydi."
Osmanlıca,https://tr.wikipedia.org/wiki/Osmanl%C4%B1ca,1,"Trabzon#6: Şehir tarih boyunca : طربزون, : Τραπεζοῦς, : Trapezus, : Տրապիզոնի, : Trabisonda, : Τραπεζούντα Trapezounta ve Lazca: T'rapuzani ya da T'amtra olarak adlandırılmıştır."
