E,U,Frekans,Kaynak_IDler
Doğru Yol Partisi,https://tr.wikipedia.org/wiki/Do%C4%9Fru_Yol_Partisi,5,"2011 Türkiye genel seçimleri#21: Seçimlere katılamayan , ile ittifak yaparak Doğru Yol Partisi'ne katıldı. ise (DP) ile yaptığı seçim ittifakı çerçevesinde seçime DP listelerinden girdi. | 2011 Türkiye genel seçimleri#55: CHP'nin aday listesinde daha önce , ve gibi merkez sağ partilerde yer almış 11 siyasetçi de yer aldı. Siyaset bilimcilere göre Merkez sağ seçmenler, 2002 seçimlerinden sonra bu partilerin fiilen çökmesi üzerine AK Parti'ye yönelmiştir. | 2007 Türkiye genel seçimleri#26: Anavatan Partisi ve (DYP) 6 Mayıs'ta birleşme kararı aldıklarını ve seçime (DP) adıyla gireceklerini açıkladı. | 2002 Türkiye genel seçimleri#7: İktidardaki , ve 'nin yanı sıra önceki dönemde TBMM'de temsil edilen muhalefet partilerinden , ve 'nin de seçim barajını aşamayarak TBMM'ye giremediği seçimler, Türkiye'nin siyasetini temelinden sarsan büyük bir değişim olarak nitelendirildi. [kaynak belirtilmeli] nedeniyle temsil edilemeyen oy sayısı tarihte eşi benzeri görülmemiş bir şekilde %46,33 oranla 14.545.438 oldu. | 2002 Türkiye genel seçimleri#16: Mart 1996'da ile arasında kurulan koalisyon hükûmeti, lideri 'ın 'i yolsuzlukla suçlaması nedeniyle büyük zarar gördü ve sadece 90 gün sürdü. 29 Haziran 1996'da ile arasında kurulan yeni koalisyon sürecinde ise olarak bilinen müdahaleyle sonuçlandı. | 2002 Türkiye genel seçimleri#41: ve , listelerinden, , ve de listelerinden seçime girdiler. 'nin katılmasıyla tarihinde ilk kez adında kelimesi geçen bir parti seçimlere katıldı. Genel Başkanı siyasi yasağı nedeniyle seçimlere katılamadı. | 2002 Türkiye genel seçimleri#48: sonra kurulup 2002 seçimlerine kadar ülkeyi yöneten koalisyon hükûmetinin ortaklarından Demokratik Sol Parti, Milliyetçi Hareket Partisi ve 'nin yanı sıra muhalefetteki , ve barajı aşamayarak TBMM dışında kaldı."
Doğru Yol Partisi,https://tr.wikipedia.org/wiki/Do%C4%9Fru_Yol_Partisi,5,"2011 Türkiye genel seçimleri#21: Seçimlere katılamayan , ile ittifak yaparak Doğru Yol Partisi'ne katıldı. ise (DP) ile yaptığı seçim ittifakı çerçevesinde seçime DP listelerinden girdi. | 2011 Türkiye genel seçimleri#55: CHP'nin aday listesinde daha önce , ve gibi merkez sağ partilerde yer almış 11 siyasetçi de yer aldı. Siyaset bilimcilere göre Merkez sağ seçmenler, 2002 seçimlerinden sonra bu partilerin fiilen çökmesi üzerine AK Parti'ye yönelmiştir. | 2007 Türkiye genel seçimleri#26: Anavatan Partisi ve (DYP) 6 Mayıs'ta birleşme kararı aldıklarını ve seçime (DP) adıyla gireceklerini açıkladı. | 2002 Türkiye genel seçimleri#7: İktidardaki , ve 'nin yanı sıra önceki dönemde TBMM'de temsil edilen muhalefet partilerinden , ve 'nin de seçim barajını aşamayarak TBMM'ye giremediği seçimler, Türkiye'nin siyasetini temelinden sarsan büyük bir değişim olarak nitelendirildi. [kaynak belirtilmeli] nedeniyle temsil edilemeyen oy sayısı tarihte eşi benzeri görülmemiş bir şekilde %46,33 oranla 14.545.438 oldu. | 2002 Türkiye genel seçimleri#16: Mart 1996'da ile arasında kurulan koalisyon hükûmeti, lideri 'ın 'i yolsuzlukla suçlaması nedeniyle büyük zarar gördü ve sadece 90 gün sürdü. 29 Haziran 1996'da ile arasında kurulan yeni koalisyon sürecinde ise olarak bilinen müdahaleyle sonuçlandı. | 2002 Türkiye genel seçimleri#41: ve , listelerinden, , ve de listelerinden seçime girdiler. 'nin katılmasıyla tarihinde ilk kez adında kelimesi geçen bir parti seçimlere katıldı. Genel Başkanı siyasi yasağı nedeniyle seçimlere katılamadı. | 2002 Türkiye genel seçimleri#48: sonra kurulup 2002 seçimlerine kadar ülkeyi yöneten koalisyon hükûmetinin ortaklarından Demokratik Sol Parti, Milliyetçi Hareket Partisi ve 'nin yanı sıra muhalefetteki , ve barajı aşamayarak TBMM dışında kaldı."
Adalet ve Kalkınma Partisi,https://tr.wikipedia.org/wiki/Adalet_ve_Kalk%C4%B1nma_Partisi,3,"Türkiye#154: Türk siyasi yelpazesinin sağ tarafında (DP), (AP), (ANAP) ve (AK Parti) Türkiye'nin en büyük siyasi partileri oldular ve en büyük seçim başarılarını elde ederek siyasette baskın oldular. | Türkiye#159: Meclisin , ardından başlamıştır ve başlangıçta milletvekili dağılımı şu şekilde belirlendi: (AKP) 268, (CHP) 169, (MHP) 50, Halkların Eşitlik ve Demokrasi Partisi (HEDEP) 57, 43, (YRP) 5, (TİP) 4 sandalye. | 2011 Türkiye genel seçimleri#10: , 186 milyon 544 bin; , 83 milyon 608 bin; , 57 milyon 148 bin lira seçim yardımı aldı. | 2011 Türkiye genel seçimleri#20: Ayrıca, eski futbolcu , İstanbul 3. Bölge 4. sıra adayı; eski futbolcu , İstanbul 2. Bölge 5. sıra adayı; eski futbolcu , İstanbul 2. Bölge 2. sıra adayı ve eski hakem , Mersin 7. sıra adayı olarak seçimlere katıldı. | 2011 Türkiye genel seçimleri#32: Çok sayıda milletvekili adaylığı başvurusu, genel seçimler öncesinde iktidardaki 'ne yaklaşık 15 milyon Türk lirası gelir sağladı. | 2018 Türkiye genel seçimleri#8: Kasım 2017'de Genel Başkanı 'nin ile ittifak yapmayı önermesi sonucunda Şubat 2018'de kuruldu. | 2018 Türkiye genel seçimleri#22: , 22 Nisan 2018 tarihinde yapılan açıklama ile seçimlere on partinin katılabileceğini ilan etti. 25 Nisan 2018 tarihinde de 'nin itirazını kabul ederek seçime katılabileceğine karar verdi. 20 Mayıs 2018 tarihinde yapılan kura sonucu siyasi parti ve ittifakların oy pusulasındaki yerlerini belirledi. seçime listelerinden, ise listelerinden gireceğini açıkladı. , 21 Mayıs 2018'de seçime katılmama kararı aldığını duyurdu. | 2018 Türkiye genel seçimleri#24: Anayasa değişikliği referandumunda ""Evet"" cephesinde yer alan , ve , "" "" adı altında seçimlere katılacaklarını ve cumhurbaşkanı adayı olarak da 'ı destekleyeceklerini açıkladılar. | 2018 Türkiye genel seçimleri#39: bileşeni olan listelerinin 18 sırası ayrıldı. | 2018 Türkiye genel seçimleri#40: Kontenjanda Genel Başkanı yer aldı. listelerinden, milletvekili kazanmıştır. | Haziran 2015 Türkiye genel seçimleri#6: yılından beri iktidarda olan (AK Parti) meclis çoğunluğunu kaybetti fakat %40,9 oy oranı ve 258 sandalye sayısı ile seçimlerden birinci parti olarak çıktı. (CHP) oyların %25'i ile 132 sandalye elde etti ve ikinci parti oldu fakat oy oranı ile milletvekili sayısı göre düştü. (MHP) oyların %16,3'si ile 80 kazandı ve oy oranını göre %3,28 oranında, milletvekili sayısını ise 27 artırdı. | Haziran 2015 Türkiye genel seçimleri#45: 15 Nisan'da açıklanan geçici aday listelerine göre , , , , , , , , , , , ve 85, 75, 73, 58, ve 56, 55, 43 seçim çevresinde aday göstererek seçime girdi. | Haziran 2015 Türkiye genel seçimleri#52: Cumhurbaşkanı hükûmeti kurma görevini 10 Temmuz 2015'te birinci parti olan 'nin genel başkanı 'na verdi. ilk ziyaretini 13 Temmuzda yaptı. - görüşmesi 1 saat 40 dakika sürdü. | 2002 Türkiye genel seçimleri#5: Türkiye genelinde uygulanan yüzde 10 nedeniyle, seçime katılan 18 siyasi partiden yalnızca (AK Parti) ve (CHP) bu barajı aşarak meclise milletvekili sokmayı başarmışlardır. | 2002 Türkiye genel seçimleri#41: ve , listelerinden, , ve de listelerinden seçime girdiler. 'nin katılmasıyla tarihinde ilk kez adında kelimesi geçen bir parti seçimlere katıldı. Genel Başkanı siyasi yasağı nedeniyle seçimlere katılamadı. | 2002 Türkiye genel seçimleri#45: Yüzde 10'luk ülke barajı nedeniyle geçerli oyların yaklaşık yüzde 45'i 'ye yansıyamadı; seçimlere katılan 18 siyasi partiden yalnızca ile yüzde 10'luk ülke barajını aşarak TBMM'de temsil edilmeyi başardı, böylece 1946'dan sonra ikinci kez TBMM'de yalnızca iki parti temsil edildi."
Adalet ve Kalkınma Partisi,https://tr.wikipedia.org/wiki/Adalet_ve_Kalk%C4%B1nma_Partisi,3,"Türkiye#154: Türk siyasi yelpazesinin sağ tarafında (DP), (AP), (ANAP) ve (AK Parti) Türkiye'nin en büyük siyasi partileri oldular ve en büyük seçim başarılarını elde ederek siyasette baskın oldular. | Türkiye#159: Meclisin , ardından başlamıştır ve başlangıçta milletvekili dağılımı şu şekilde belirlendi: (AKP) 268, (CHP) 169, (MHP) 50, Halkların Eşitlik ve Demokrasi Partisi (HEDEP) 57, 43, (YRP) 5, (TİP) 4 sandalye. | 2011 Türkiye genel seçimleri#10: , 186 milyon 544 bin; , 83 milyon 608 bin; , 57 milyon 148 bin lira seçim yardımı aldı. | 2011 Türkiye genel seçimleri#20: Ayrıca, eski futbolcu , İstanbul 3. Bölge 4. sıra adayı; eski futbolcu , İstanbul 2. Bölge 5. sıra adayı; eski futbolcu , İstanbul 2. Bölge 2. sıra adayı ve eski hakem , Mersin 7. sıra adayı olarak seçimlere katıldı. | 2011 Türkiye genel seçimleri#32: Çok sayıda milletvekili adaylığı başvurusu, genel seçimler öncesinde iktidardaki 'ne yaklaşık 15 milyon Türk lirası gelir sağladı. | 2018 Türkiye genel seçimleri#8: Kasım 2017'de Genel Başkanı 'nin ile ittifak yapmayı önermesi sonucunda Şubat 2018'de kuruldu. | 2018 Türkiye genel seçimleri#22: , 22 Nisan 2018 tarihinde yapılan açıklama ile seçimlere on partinin katılabileceğini ilan etti. 25 Nisan 2018 tarihinde de 'nin itirazını kabul ederek seçime katılabileceğine karar verdi. 20 Mayıs 2018 tarihinde yapılan kura sonucu siyasi parti ve ittifakların oy pusulasındaki yerlerini belirledi. seçime listelerinden, ise listelerinden gireceğini açıkladı. , 21 Mayıs 2018'de seçime katılmama kararı aldığını duyurdu. | 2018 Türkiye genel seçimleri#24: Anayasa değişikliği referandumunda ""Evet"" cephesinde yer alan , ve , "" "" adı altında seçimlere katılacaklarını ve cumhurbaşkanı adayı olarak da 'ı destekleyeceklerini açıkladılar. | 2018 Türkiye genel seçimleri#39: bileşeni olan listelerinin 18 sırası ayrıldı. | 2018 Türkiye genel seçimleri#40: Kontenjanda Genel Başkanı yer aldı. listelerinden, milletvekili kazanmıştır. | Haziran 2015 Türkiye genel seçimleri#6: yılından beri iktidarda olan (AK Parti) meclis çoğunluğunu kaybetti fakat %40,9 oy oranı ve 258 sandalye sayısı ile seçimlerden birinci parti olarak çıktı. (CHP) oyların %25'i ile 132 sandalye elde etti ve ikinci parti oldu fakat oy oranı ile milletvekili sayısı göre düştü. (MHP) oyların %16,3'si ile 80 kazandı ve oy oranını göre %3,28 oranında, milletvekili sayısını ise 27 artırdı. | Haziran 2015 Türkiye genel seçimleri#45: 15 Nisan'da açıklanan geçici aday listelerine göre , , , , , , , , , , , ve 85, 75, 73, 58, ve 56, 55, 43 seçim çevresinde aday göstererek seçime girdi. | Haziran 2015 Türkiye genel seçimleri#52: Cumhurbaşkanı hükûmeti kurma görevini 10 Temmuz 2015'te birinci parti olan 'nin genel başkanı 'na verdi. ilk ziyaretini 13 Temmuzda yaptı. - görüşmesi 1 saat 40 dakika sürdü. | 2002 Türkiye genel seçimleri#5: Türkiye genelinde uygulanan yüzde 10 nedeniyle, seçime katılan 18 siyasi partiden yalnızca (AK Parti) ve (CHP) bu barajı aşarak meclise milletvekili sokmayı başarmışlardır. | 2002 Türkiye genel seçimleri#41: ve , listelerinden, , ve de listelerinden seçime girdiler. 'nin katılmasıyla tarihinde ilk kez adında kelimesi geçen bir parti seçimlere katıldı. Genel Başkanı siyasi yasağı nedeniyle seçimlere katılamadı. | 2002 Türkiye genel seçimleri#45: Yüzde 10'luk ülke barajı nedeniyle geçerli oyların yaklaşık yüzde 45'i 'ye yansıyamadı; seçimlere katılan 18 siyasi partiden yalnızca ile yüzde 10'luk ülke barajını aşarak TBMM'de temsil edilmeyi başardı, böylece 1946'dan sonra ikinci kez TBMM'de yalnızca iki parti temsil edildi."
Refah Partisi,https://tr.wikipedia.org/wiki/Refah_Partisi,3,"2002 Türkiye genel seçimleri#16: Mart 1996'da ile arasında kurulan koalisyon hükûmeti, lideri 'ın 'i yolsuzlukla suçlaması nedeniyle büyük zarar gördü ve sadece 90 gün sürdü. 29 Haziran 1996'da ile arasında kurulan yeni koalisyon sürecinde ise olarak bilinen müdahaleyle sonuçlandı. | 2002 Türkiye genel seçimleri#42: Erdoğan ile birlikte kapatılan (RP) Genel Başkanı , (SDP) Lideri ve Halkın Demokrasi Partisi (HADEP) eski Genel Başkanı 'ın da aralarında bulunduğu 60 kişinin adaylığı YSK tarafından reddedildi."
Refah Partisi,https://tr.wikipedia.org/wiki/Refah_Partisi,3,"2002 Türkiye genel seçimleri#16: Mart 1996'da ile arasında kurulan koalisyon hükûmeti, lideri 'ın 'i yolsuzlukla suçlaması nedeniyle büyük zarar gördü ve sadece 90 gün sürdü. 29 Haziran 1996'da ile arasında kurulan yeni koalisyon sürecinde ise olarak bilinen müdahaleyle sonuçlandı. | 2002 Türkiye genel seçimleri#42: Erdoğan ile birlikte kapatılan (RP) Genel Başkanı , (SDP) Lideri ve Halkın Demokrasi Partisi (HADEP) eski Genel Başkanı 'ın da aralarında bulunduğu 60 kişinin adaylığı YSK tarafından reddedildi."
Anavatan Partisi,https://tr.wikipedia.org/wiki/Anavatan_Partisi,3,"2011 Türkiye genel seçimleri#55: CHP'nin aday listesinde daha önce , ve gibi merkez sağ partilerde yer almış 11 siyasetçi de yer aldı. Siyaset bilimcilere göre Merkez sağ seçmenler, 2002 seçimlerinden sonra bu partilerin fiilen çökmesi üzerine AK Parti'ye yönelmiştir. | 2007 Türkiye genel seçimleri#15: TBMM'de grubu bulunan muhalefet partilerinden 'nin (CHP) ve 'nin (ANAP) boykot ettiği ve 361 milletvekilinin katıldığı ilk tura tek aday olarak katılan AK Parti Kayseri milletvekili ve Dışişleri Bakanı 357 oy aldı. Seçimin hemen ardından ana muhalefet CHP birinci tur oylamasında TBMM'de 367 toplantı yeter sayısına ulaşılmadığı gerekçesiyle seçimin iptali istemiyle başvurdu. | 2002 Türkiye genel seçimleri#7: İktidardaki , ve 'nin yanı sıra önceki dönemde TBMM'de temsil edilen muhalefet partilerinden , ve 'nin de seçim barajını aşamayarak TBMM'ye giremediği seçimler, Türkiye'nin siyasetini temelinden sarsan büyük bir değişim olarak nitelendirildi. [kaynak belirtilmeli] nedeniyle temsil edilemeyen oy sayısı tarihte eşi benzeri görülmemiş bir şekilde %46,33 oranla 14.545.438 oldu. | 2002 Türkiye genel seçimleri#16: Mart 1996'da ile arasında kurulan koalisyon hükûmeti, lideri 'ın 'i yolsuzlukla suçlaması nedeniyle büyük zarar gördü ve sadece 90 gün sürdü. 29 Haziran 1996'da ile arasında kurulan yeni koalisyon sürecinde ise olarak bilinen müdahaleyle sonuçlandı. | 2002 Türkiye genel seçimleri#48: sonra kurulup 2002 seçimlerine kadar ülkeyi yöneten koalisyon hükûmetinin ortaklarından Demokratik Sol Parti, Milliyetçi Hareket Partisi ve 'nin yanı sıra muhalefetteki , ve barajı aşamayarak TBMM dışında kaldı."
Anavatan Partisi,https://tr.wikipedia.org/wiki/Anavatan_Partisi,3,"2011 Türkiye genel seçimleri#55: CHP'nin aday listesinde daha önce , ve gibi merkez sağ partilerde yer almış 11 siyasetçi de yer aldı. Siyaset bilimcilere göre Merkez sağ seçmenler, 2002 seçimlerinden sonra bu partilerin fiilen çökmesi üzerine AK Parti'ye yönelmiştir. | 2007 Türkiye genel seçimleri#15: TBMM'de grubu bulunan muhalefet partilerinden 'nin (CHP) ve 'nin (ANAP) boykot ettiği ve 361 milletvekilinin katıldığı ilk tura tek aday olarak katılan AK Parti Kayseri milletvekili ve Dışişleri Bakanı 357 oy aldı. Seçimin hemen ardından ana muhalefet CHP birinci tur oylamasında TBMM'de 367 toplantı yeter sayısına ulaşılmadığı gerekçesiyle seçimin iptali istemiyle başvurdu. | 2002 Türkiye genel seçimleri#7: İktidardaki , ve 'nin yanı sıra önceki dönemde TBMM'de temsil edilen muhalefet partilerinden , ve 'nin de seçim barajını aşamayarak TBMM'ye giremediği seçimler, Türkiye'nin siyasetini temelinden sarsan büyük bir değişim olarak nitelendirildi. [kaynak belirtilmeli] nedeniyle temsil edilemeyen oy sayısı tarihte eşi benzeri görülmemiş bir şekilde %46,33 oranla 14.545.438 oldu. | 2002 Türkiye genel seçimleri#16: Mart 1996'da ile arasında kurulan koalisyon hükûmeti, lideri 'ın 'i yolsuzlukla suçlaması nedeniyle büyük zarar gördü ve sadece 90 gün sürdü. 29 Haziran 1996'da ile arasında kurulan yeni koalisyon sürecinde ise olarak bilinen müdahaleyle sonuçlandı. | 2002 Türkiye genel seçimleri#48: sonra kurulup 2002 seçimlerine kadar ülkeyi yöneten koalisyon hükûmetinin ortaklarından Demokratik Sol Parti, Milliyetçi Hareket Partisi ve 'nin yanı sıra muhalefetteki , ve barajı aşamayarak TBMM dışında kaldı."
Bülent Ecevit,https://tr.wikipedia.org/wiki/B%C3%BClent_Ecevit,2,"Türkiye#115: Ardından gelen dönemi ve ve ve ile kesintiye uğradı. 1960 ile 20. yüzyılın sonu arasında Türk siyasetinde birden fazla seçim zaferi elde eden önde gelen liderler muhafazakâr-popülist , sosyal demokrat ve neoliberal reformcu 'dı. 1993 yılında Türkiye'nin ilk kadın başbakanı oldu. | 2002 Türkiye genel seçimleri#8: 4 Mayıs 2002'de Başbakan 'in rahatsızlanarak hastaneye kaldırılması üzerine, ilerleyen yaşının da etkisiyle görevine devam edip edemeyeceği yönünde tartışmalar başladı."
Bülent Ecevit,https://tr.wikipedia.org/wiki/B%C3%BClent_Ecevit,2,"Türkiye#115: Ardından gelen dönemi ve ve ve ile kesintiye uğradı. 1960 ile 20. yüzyılın sonu arasında Türk siyasetinde birden fazla seçim zaferi elde eden önde gelen liderler muhafazakâr-popülist , sosyal demokrat ve neoliberal reformcu 'dı. 1993 yılında Türkiye'nin ilk kadın başbakanı oldu. | 2002 Türkiye genel seçimleri#8: 4 Mayıs 2002'de Başbakan 'in rahatsızlanarak hastaneye kaldırılması üzerine, ilerleyen yaşının da etkisiyle görevine devam edip edemeyeceği yönünde tartışmalar başladı."
Abdullah Gül,https://tr.wikipedia.org/wiki/Abdullah_G%C3%BCl,2,"2007 Türkiye genel seçimleri#8: Baykal döneminde CHP, ordu ve yargının ""demokratik olmayan"" girişimlerine destek verdi. [kaynak belirtilmeli] Cumhurbaşkanı adayı 'e karşı ortaya çıkan protestolar; Gül'ün İslamcı siyaset geçmişi ve eşinin başörtüsü takması gibi popüler nedenlerle [kim?] düzenlendi. | 2007 Türkiye genel seçimleri#15: TBMM'de grubu bulunan muhalefet partilerinden 'nin (CHP) ve 'nin (ANAP) boykot ettiği ve 361 milletvekilinin katıldığı ilk tura tek aday olarak katılan AK Parti Kayseri milletvekili ve Dışişleri Bakanı 357 oy aldı. Seçimin hemen ardından ana muhalefet CHP birinci tur oylamasında TBMM'de 367 toplantı yeter sayısına ulaşılmadığı gerekçesiyle seçimin iptali istemiyle başvurdu. | 2002 Türkiye genel seçimleri#53: 14 Kasım 2002 tarihinde Cumhurbaşkanı ile Adalet ve Kalkınma Partisi Genel Başkanı arasındaki görüşmeden sonra, Erdoğan'ın milletvekili olmaması nedeniyle, 16 Kasım 2002 tarihinde Adalet ve Kalkınma Partisi genel başkan yardımcısı , Sezer tarafından hükûmeti kurmakla görevlendirildi. 18 Kasım'da Ahmet Necdet Sezer tarafından onaylanmasıyla ilk Adalet ve Kalkınma Partisi hükûmeti göreve başladı."
Abdullah Gül,https://tr.wikipedia.org/wiki/Abdullah_G%C3%BCl,2,"2007 Türkiye genel seçimleri#8: Baykal döneminde CHP, ordu ve yargının ""demokratik olmayan"" girişimlerine destek verdi. [kaynak belirtilmeli] Cumhurbaşkanı adayı 'e karşı ortaya çıkan protestolar; Gül'ün İslamcı siyaset geçmişi ve eşinin başörtüsü takması gibi popüler nedenlerle [kim?] düzenlendi. | 2007 Türkiye genel seçimleri#15: TBMM'de grubu bulunan muhalefet partilerinden 'nin (CHP) ve 'nin (ANAP) boykot ettiği ve 361 milletvekilinin katıldığı ilk tura tek aday olarak katılan AK Parti Kayseri milletvekili ve Dışişleri Bakanı 357 oy aldı. Seçimin hemen ardından ana muhalefet CHP birinci tur oylamasında TBMM'de 367 toplantı yeter sayısına ulaşılmadığı gerekçesiyle seçimin iptali istemiyle başvurdu. | 2002 Türkiye genel seçimleri#53: 14 Kasım 2002 tarihinde Cumhurbaşkanı ile Adalet ve Kalkınma Partisi Genel Başkanı arasındaki görüşmeden sonra, Erdoğan'ın milletvekili olmaması nedeniyle, 16 Kasım 2002 tarihinde Adalet ve Kalkınma Partisi genel başkan yardımcısı , Sezer tarafından hükûmeti kurmakla görevlendirildi. 18 Kasım'da Ahmet Necdet Sezer tarafından onaylanmasıyla ilk Adalet ve Kalkınma Partisi hükûmeti göreve başladı."
Demokratik Sol Parti,https://tr.wikipedia.org/wiki/Demokratik_Sol_Parti,2,"Türkiye#156: Yelpazenin sol tarafında (CHP), (SHP) ve (DSP) yerel ve genel seçimlerde büyük başarılar elde ettiler. | 2007 Türkiye genel seçimleri#25: , , ve seçime katılma hakları olmasına rağmen seçime katılmayacaklarını açıkladılar. | 2007 Türkiye genel seçimleri#29: ANAVATAN aday listelerini geç verdiği gerekçesiyle genel seçimlere de katılamadı. , CHP çatısı altında seçime girme kararı aldı. 2002 seçimlerine olarak katılan ve seçim barajını geçememiş olan Demokratik Toplum Partisi (DTP), bu seçimlerde adlı bağımsız aday blokuyla seçime katıldı. | 2002 Türkiye genel seçimleri#7: İktidardaki , ve 'nin yanı sıra önceki dönemde TBMM'de temsil edilen muhalefet partilerinden , ve 'nin de seçim barajını aşamayarak TBMM'ye giremediği seçimler, Türkiye'nin siyasetini temelinden sarsan büyük bir değişim olarak nitelendirildi. [kaynak belirtilmeli] nedeniyle temsil edilemeyen oy sayısı tarihte eşi benzeri görülmemiş bir şekilde %46,33 oranla 14.545.438 oldu. | 2002 Türkiye genel seçimleri#9: Tartışmalar 'nin (DSP) içine de yansıdı; 8 Temmuz'da 'ın Başbakan Yardımcılığı ve DSP'den ayrılmasıyla başlayan istifa dalgasıyla temmuz ayı içinde DSP meclis grubunun sayısı yarı yarıya düştü."
Demokratik Sol Parti,https://tr.wikipedia.org/wiki/Demokratik_Sol_Parti,2,"Türkiye#156: Yelpazenin sol tarafında (CHP), (SHP) ve (DSP) yerel ve genel seçimlerde büyük başarılar elde ettiler. | 2007 Türkiye genel seçimleri#25: , , ve seçime katılma hakları olmasına rağmen seçime katılmayacaklarını açıkladılar. | 2007 Türkiye genel seçimleri#29: ANAVATAN aday listelerini geç verdiği gerekçesiyle genel seçimlere de katılamadı. , CHP çatısı altında seçime girme kararı aldı. 2002 seçimlerine olarak katılan ve seçim barajını geçememiş olan Demokratik Toplum Partisi (DTP), bu seçimlerde adlı bağımsız aday blokuyla seçime katıldı. | 2002 Türkiye genel seçimleri#7: İktidardaki , ve 'nin yanı sıra önceki dönemde TBMM'de temsil edilen muhalefet partilerinden , ve 'nin de seçim barajını aşamayarak TBMM'ye giremediği seçimler, Türkiye'nin siyasetini temelinden sarsan büyük bir değişim olarak nitelendirildi. [kaynak belirtilmeli] nedeniyle temsil edilemeyen oy sayısı tarihte eşi benzeri görülmemiş bir şekilde %46,33 oranla 14.545.438 oldu. | 2002 Türkiye genel seçimleri#9: Tartışmalar 'nin (DSP) içine de yansıdı; 8 Temmuz'da 'ın Başbakan Yardımcılığı ve DSP'den ayrılmasıyla başlayan istifa dalgasıyla temmuz ayı içinde DSP meclis grubunun sayısı yarı yarıya düştü."
Necmettin Erbakan,https://tr.wikipedia.org/wiki/Necmettin_Erbakan,2,"2002 Türkiye genel seçimleri#16: Mart 1996'da ile arasında kurulan koalisyon hükûmeti, lideri 'ın 'i yolsuzlukla suçlaması nedeniyle büyük zarar gördü ve sadece 90 gün sürdü. 29 Haziran 1996'da ile arasında kurulan yeni koalisyon sürecinde ise olarak bilinen müdahaleyle sonuçlandı. | 2002 Türkiye genel seçimleri#42: Erdoğan ile birlikte kapatılan (RP) Genel Başkanı , (SDP) Lideri ve Halkın Demokrasi Partisi (HADEP) eski Genel Başkanı 'ın da aralarında bulunduğu 60 kişinin adaylığı YSK tarafından reddedildi."
Necmettin Erbakan,https://tr.wikipedia.org/wiki/Necmettin_Erbakan,2,"2002 Türkiye genel seçimleri#16: Mart 1996'da ile arasında kurulan koalisyon hükûmeti, lideri 'ın 'i yolsuzlukla suçlaması nedeniyle büyük zarar gördü ve sadece 90 gün sürdü. 29 Haziran 1996'da ile arasında kurulan yeni koalisyon sürecinde ise olarak bilinen müdahaleyle sonuçlandı. | 2002 Türkiye genel seçimleri#42: Erdoğan ile birlikte kapatılan (RP) Genel Başkanı , (SDP) Lideri ve Halkın Demokrasi Partisi (HADEP) eski Genel Başkanı 'ın da aralarında bulunduğu 60 kişinin adaylığı YSK tarafından reddedildi."
Saadet Partisi,https://tr.wikipedia.org/wiki/Saadet_Partisi,2,"2011 Türkiye genel seçimleri#19: Seçimde dikkat çeken adaylardan biri de Denizli 5. sıra milletvekili adayı Haşim Ahmet Abdülbaki Buğra Bahadır Nebioğulları oldu. İsim ve soyadındaki 43 harf ile bu seçimin en uzun isimli adayı olarak kayıtlara geçti. | 2018 Türkiye genel seçimleri#26: Anayasa değişikliği referandumunda ""Hayır"" cephesinde yer alan , , ve milletvekili seçimlerinde ittifak yapma kararı aldılar. | 2018 Türkiye genel seçimleri#41: bileşeni olan listelerinin 5 sırası ayrıldı. listelerinden, 2 milletvekili kazanmıştır. | Haziran 2015 Türkiye genel seçimleri#43: Seçime girme hakkı olan seçimlere girmeyip ""ilerici güçleri"" destekleyeceğinden, ile ittifak kararı aldığından, ile ile ittifak yaptığından , genel başkan istifasından dolayı seçime girmeyeceklerinden aday listesi sunmadılar. | Haziran 2015 Türkiye genel seçimleri#45: 15 Nisan'da açıklanan geçici aday listelerine göre , , , , , , , , , , , ve 85, 75, 73, 58, ve 56, 55, 43 seçim çevresinde aday göstererek seçime girdi. | Haziran 2015 Türkiye genel seçimleri#47: 6 Nisan 2015 tarihinde (TSİP) ve (DEV-PARTİ), yapılan seçimlerde 'ni (CHP) destekleme kararı aldıklarını açıkladılar. 7 Nisan 2015 tarihinde , ile ittifak yapacağını açıkladı. 2 Haziran 2015 tarihinde (MYP), yapılan seçimlerde 'ni (MHP) destekleme kararı aldı. | 2002 Türkiye genel seçimleri#7: İktidardaki , ve 'nin yanı sıra önceki dönemde TBMM'de temsil edilen muhalefet partilerinden , ve 'nin de seçim barajını aşamayarak TBMM'ye giremediği seçimler, Türkiye'nin siyasetini temelinden sarsan büyük bir değişim olarak nitelendirildi. [kaynak belirtilmeli] nedeniyle temsil edilemeyen oy sayısı tarihte eşi benzeri görülmemiş bir şekilde %46,33 oranla 14.545.438 oldu. | 2002 Türkiye genel seçimleri#48: sonra kurulup 2002 seçimlerine kadar ülkeyi yöneten koalisyon hükûmetinin ortaklarından Demokratik Sol Parti, Milliyetçi Hareket Partisi ve 'nin yanı sıra muhalefetteki , ve barajı aşamayarak TBMM dışında kaldı."
Saadet Partisi,https://tr.wikipedia.org/wiki/Saadet_Partisi,2,"2011 Türkiye genel seçimleri#19: Seçimde dikkat çeken adaylardan biri de Denizli 5. sıra milletvekili adayı Haşim Ahmet Abdülbaki Buğra Bahadır Nebioğulları oldu. İsim ve soyadındaki 43 harf ile bu seçimin en uzun isimli adayı olarak kayıtlara geçti. | 2018 Türkiye genel seçimleri#26: Anayasa değişikliği referandumunda ""Hayır"" cephesinde yer alan , , ve milletvekili seçimlerinde ittifak yapma kararı aldılar. | 2018 Türkiye genel seçimleri#41: bileşeni olan listelerinin 5 sırası ayrıldı. listelerinden, 2 milletvekili kazanmıştır. | Haziran 2015 Türkiye genel seçimleri#43: Seçime girme hakkı olan seçimlere girmeyip ""ilerici güçleri"" destekleyeceğinden, ile ittifak kararı aldığından, ile ile ittifak yaptığından , genel başkan istifasından dolayı seçime girmeyeceklerinden aday listesi sunmadılar. | Haziran 2015 Türkiye genel seçimleri#45: 15 Nisan'da açıklanan geçici aday listelerine göre , , , , , , , , , , , ve 85, 75, 73, 58, ve 56, 55, 43 seçim çevresinde aday göstererek seçime girdi. | Haziran 2015 Türkiye genel seçimleri#47: 6 Nisan 2015 tarihinde (TSİP) ve (DEV-PARTİ), yapılan seçimlerde 'ni (CHP) destekleme kararı aldıklarını açıkladılar. 7 Nisan 2015 tarihinde , ile ittifak yapacağını açıkladı. 2 Haziran 2015 tarihinde (MYP), yapılan seçimlerde 'ni (MHP) destekleme kararı aldı. | 2002 Türkiye genel seçimleri#7: İktidardaki , ve 'nin yanı sıra önceki dönemde TBMM'de temsil edilen muhalefet partilerinden , ve 'nin de seçim barajını aşamayarak TBMM'ye giremediği seçimler, Türkiye'nin siyasetini temelinden sarsan büyük bir değişim olarak nitelendirildi. [kaynak belirtilmeli] nedeniyle temsil edilemeyen oy sayısı tarihte eşi benzeri görülmemiş bir şekilde %46,33 oranla 14.545.438 oldu. | 2002 Türkiye genel seçimleri#48: sonra kurulup 2002 seçimlerine kadar ülkeyi yöneten koalisyon hükûmetinin ortaklarından Demokratik Sol Parti, Milliyetçi Hareket Partisi ve 'nin yanı sıra muhalefetteki , ve barajı aşamayarak TBMM dışında kaldı."
Devlet Bahçeli,https://tr.wikipedia.org/wiki/Devlet_Bah%C3%A7eli,2,"Kasım 2015 Türkiye genel seçimleri#9: Bu hemen seçim ertesinde erken seçim senaryolarının anılmasına neden oldu. , hemen seçim sonrasında erken seçim olasılığından bahsetti, daha sonra da erken seçim için 15 Kasım tarihini verdi. | 2018 Türkiye genel seçimleri#4: Seçimlerin erkene alınmasının nedeni, Cumhurbaşkanı ve MHP Genel Başkanı tarafından kabul gören yürürlüğe girmesi için daha fazla beklenmemesi gerekçe olarak gösterilmiştir. | 2018 Türkiye genel seçimleri#8: Kasım 2017'de Genel Başkanı 'nin ile ittifak yapmayı önermesi sonucunda Şubat 2018'de kuruldu. | Haziran 2015 Türkiye genel seçimleri#56: AK Parti heyeti 14 Temmuzda MHP heyeti ile görüşme kararı aldı. Davutoğlu, koalisyon görüşmesinde Genel Başkanı ile yapılan yaklaşık 1 saat 44 dakikalık görüşmeden sonra AK Parti Genel Merkezi'nde basın toplantısı düzenledi. | 2002 Türkiye genel seçimleri#10: Bu gelişmeler sırasında koalisyon hükûmetinin ikinci büyük ortağı 'nin (MHP) Genel Başkanı , 7 Temmuz 2002 günü, partisinin Bursa İl teşkilatının ilçesinde düzenlediği 11. Kocayayla Türkmen Kurultayı'nda yaptığı açıklamada 3 Kasım 2002 tarihinde erken seçim yapılmasını istedi. 16 Temmuz 2002'de koalisyon hükûmetini oluşturan üç partinin genel başkanları arasında yapılan zirve toplantısında 3 Kasım'da erken seçim yapılması kararı alındı. 31 Temmuz 2002'de TBMM Genel Kurulunda yapılan oylamada, erken seçim önergesi oylamaya katılan 514 milletvekilinden 449'unun kabul oyuyla kabul edildi. | 2002 Türkiye genel seçimleri#49: Milliyetçi Hareket Partisi lideri aday olduğu 'den %29,19 (58.622), ANAP lideri aday olduğu 'den %28,58 (46.577), lideri aday olduğu 'dan %25,21 (108.822) ve Doğru Yol Partisi lideri aday olduğu 'dan %22,66 (87.454) oy almalarına rağmen partileri baraja takıldığından milletvekili seçilemediler."
Devlet Bahçeli,https://tr.wikipedia.org/wiki/Devlet_Bah%C3%A7eli,2,"Kasım 2015 Türkiye genel seçimleri#9: Bu hemen seçim ertesinde erken seçim senaryolarının anılmasına neden oldu. , hemen seçim sonrasında erken seçim olasılığından bahsetti, daha sonra da erken seçim için 15 Kasım tarihini verdi. | 2018 Türkiye genel seçimleri#4: Seçimlerin erkene alınmasının nedeni, Cumhurbaşkanı ve MHP Genel Başkanı tarafından kabul gören yürürlüğe girmesi için daha fazla beklenmemesi gerekçe olarak gösterilmiştir. | 2018 Türkiye genel seçimleri#8: Kasım 2017'de Genel Başkanı 'nin ile ittifak yapmayı önermesi sonucunda Şubat 2018'de kuruldu. | Haziran 2015 Türkiye genel seçimleri#56: AK Parti heyeti 14 Temmuzda MHP heyeti ile görüşme kararı aldı. Davutoğlu, koalisyon görüşmesinde Genel Başkanı ile yapılan yaklaşık 1 saat 44 dakikalık görüşmeden sonra AK Parti Genel Merkezi'nde basın toplantısı düzenledi. | 2002 Türkiye genel seçimleri#10: Bu gelişmeler sırasında koalisyon hükûmetinin ikinci büyük ortağı 'nin (MHP) Genel Başkanı , 7 Temmuz 2002 günü, partisinin Bursa İl teşkilatının ilçesinde düzenlediği 11. Kocayayla Türkmen Kurultayı'nda yaptığı açıklamada 3 Kasım 2002 tarihinde erken seçim yapılmasını istedi. 16 Temmuz 2002'de koalisyon hükûmetini oluşturan üç partinin genel başkanları arasında yapılan zirve toplantısında 3 Kasım'da erken seçim yapılması kararı alındı. 31 Temmuz 2002'de TBMM Genel Kurulunda yapılan oylamada, erken seçim önergesi oylamaya katılan 514 milletvekilinden 449'unun kabul oyuyla kabul edildi. | 2002 Türkiye genel seçimleri#49: Milliyetçi Hareket Partisi lideri aday olduğu 'den %29,19 (58.622), ANAP lideri aday olduğu 'den %28,58 (46.577), lideri aday olduğu 'dan %25,21 (108.822) ve Doğru Yol Partisi lideri aday olduğu 'dan %22,66 (87.454) oy almalarına rağmen partileri baraja takıldığından milletvekili seçilemediler."
Tansu Çiller,https://tr.wikipedia.org/wiki/Tansu_%C3%87iller,2,"Türkiye#115: Ardından gelen dönemi ve ve ve ile kesintiye uğradı. 1960 ile 20. yüzyılın sonu arasında Türk siyasetinde birden fazla seçim zaferi elde eden önde gelen liderler muhafazakâr-popülist , sosyal demokrat ve neoliberal reformcu 'dı. 1993 yılında Türkiye'nin ilk kadın başbakanı oldu. | 2002 Türkiye genel seçimleri#16: Mart 1996'da ile arasında kurulan koalisyon hükûmeti, lideri 'ın 'i yolsuzlukla suçlaması nedeniyle büyük zarar gördü ve sadece 90 gün sürdü. 29 Haziran 1996'da ile arasında kurulan yeni koalisyon sürecinde ise olarak bilinen müdahaleyle sonuçlandı. | 2002 Türkiye genel seçimleri#49: Milliyetçi Hareket Partisi lideri aday olduğu 'den %29,19 (58.622), ANAP lideri aday olduğu 'den %28,58 (46.577), lideri aday olduğu 'dan %25,21 (108.822) ve Doğru Yol Partisi lideri aday olduğu 'dan %22,66 (87.454) oy almalarına rağmen partileri baraja takıldığından milletvekili seçilemediler."
Tansu Çiller,https://tr.wikipedia.org/wiki/Tansu_%C3%87iller,2,"Türkiye#115: Ardından gelen dönemi ve ve ve ile kesintiye uğradı. 1960 ile 20. yüzyılın sonu arasında Türk siyasetinde birden fazla seçim zaferi elde eden önde gelen liderler muhafazakâr-popülist , sosyal demokrat ve neoliberal reformcu 'dı. 1993 yılında Türkiye'nin ilk kadın başbakanı oldu. | 2002 Türkiye genel seçimleri#16: Mart 1996'da ile arasında kurulan koalisyon hükûmeti, lideri 'ın 'i yolsuzlukla suçlaması nedeniyle büyük zarar gördü ve sadece 90 gün sürdü. 29 Haziran 1996'da ile arasında kurulan yeni koalisyon sürecinde ise olarak bilinen müdahaleyle sonuçlandı. | 2002 Türkiye genel seçimleri#49: Milliyetçi Hareket Partisi lideri aday olduğu 'den %29,19 (58.622), ANAP lideri aday olduğu 'den %28,58 (46.577), lideri aday olduğu 'dan %25,21 (108.822) ve Doğru Yol Partisi lideri aday olduğu 'dan %22,66 (87.454) oy almalarına rağmen partileri baraja takıldığından milletvekili seçilemediler."
Cem Uzan,https://tr.wikipedia.org/wiki/Cem_Uzan,2,"2002 Türkiye genel seçimleri#49: Milliyetçi Hareket Partisi lideri aday olduğu 'den %29,19 (58.622), ANAP lideri aday olduğu 'den %28,58 (46.577), lideri aday olduğu 'dan %25,21 (108.822) ve Doğru Yol Partisi lideri aday olduğu 'dan %22,66 (87.454) oy almalarına rağmen partileri baraja takıldığından milletvekili seçilemediler. | 2002 Türkiye genel seçimleri#52: Seçimlerden kısa süre önce iş insanı tarafından kurulan ve hemen hemen hiçbir siyasi geleneğe dayanmayan ise aldığı 7,25 oy oranıyla, yoğun propaganda faaliyetine rağmen yine de sürpriz sayılabilecek bir başarı kazandı."
Cem Uzan,https://tr.wikipedia.org/wiki/Cem_Uzan,2,"2002 Türkiye genel seçimleri#49: Milliyetçi Hareket Partisi lideri aday olduğu 'den %29,19 (58.622), ANAP lideri aday olduğu 'den %28,58 (46.577), lideri aday olduğu 'dan %25,21 (108.822) ve Doğru Yol Partisi lideri aday olduğu 'dan %22,66 (87.454) oy almalarına rağmen partileri baraja takıldığından milletvekili seçilemediler. | 2002 Türkiye genel seçimleri#52: Seçimlerden kısa süre önce iş insanı tarafından kurulan ve hemen hemen hiçbir siyasi geleneğe dayanmayan ise aldığı 7,25 oy oranıyla, yoğun propaganda faaliyetine rağmen yine de sürpriz sayılabilecek bir başarı kazandı."
Milliyetçi Hareket Partisi,https://tr.wikipedia.org/wiki/Milliyet%C3%A7i_Hareket_Partisi,2,"Türkiye#159: Meclisin , ardından başlamıştır ve başlangıçta milletvekili dağılımı şu şekilde belirlendi: (AKP) 268, (CHP) 169, (MHP) 50, Halkların Eşitlik ve Demokrasi Partisi (HEDEP) 57, 43, (YRP) 5, (TİP) 4 sandalye. | 2011 Türkiye genel seçimleri#10: , 186 milyon 544 bin; , 83 milyon 608 bin; , 57 milyon 148 bin lira seçim yardımı aldı. | 2011 Türkiye genel seçimleri#20: Ayrıca, eski futbolcu , İstanbul 3. Bölge 4. sıra adayı; eski futbolcu , İstanbul 2. Bölge 5. sıra adayı; eski futbolcu , İstanbul 2. Bölge 2. sıra adayı ve eski hakem , Mersin 7. sıra adayı olarak seçimlere katıldı. | 2018 Türkiye genel seçimleri#8: Kasım 2017'de Genel Başkanı 'nin ile ittifak yapmayı önermesi sonucunda Şubat 2018'de kuruldu. | 2018 Türkiye genel seçimleri#24: Anayasa değişikliği referandumunda ""Evet"" cephesinde yer alan , ve , "" "" adı altında seçimlere katılacaklarını ve cumhurbaşkanı adayı olarak da 'ı destekleyeceklerini açıkladılar. | Haziran 2015 Türkiye genel seçimleri#6: yılından beri iktidarda olan (AK Parti) meclis çoğunluğunu kaybetti fakat %40,9 oy oranı ve 258 sandalye sayısı ile seçimlerden birinci parti olarak çıktı. (CHP) oyların %25'i ile 132 sandalye elde etti ve ikinci parti oldu fakat oy oranı ile milletvekili sayısı göre düştü. (MHP) oyların %16,3'si ile 80 kazandı ve oy oranını göre %3,28 oranında, milletvekili sayısını ise 27 artırdı. | Haziran 2015 Türkiye genel seçimleri#47: 6 Nisan 2015 tarihinde (TSİP) ve (DEV-PARTİ), yapılan seçimlerde 'ni (CHP) destekleme kararı aldıklarını açıkladılar. 7 Nisan 2015 tarihinde , ile ittifak yapacağını açıkladı. 2 Haziran 2015 tarihinde (MYP), yapılan seçimlerde 'ni (MHP) destekleme kararı aldı. | 2002 Türkiye genel seçimleri#7: İktidardaki , ve 'nin yanı sıra önceki dönemde TBMM'de temsil edilen muhalefet partilerinden , ve 'nin de seçim barajını aşamayarak TBMM'ye giremediği seçimler, Türkiye'nin siyasetini temelinden sarsan büyük bir değişim olarak nitelendirildi. [kaynak belirtilmeli] nedeniyle temsil edilemeyen oy sayısı tarihte eşi benzeri görülmemiş bir şekilde %46,33 oranla 14.545.438 oldu. | 2002 Türkiye genel seçimleri#10: Bu gelişmeler sırasında koalisyon hükûmetinin ikinci büyük ortağı 'nin (MHP) Genel Başkanı , 7 Temmuz 2002 günü, partisinin Bursa İl teşkilatının ilçesinde düzenlediği 11. Kocayayla Türkmen Kurultayı'nda yaptığı açıklamada 3 Kasım 2002 tarihinde erken seçim yapılmasını istedi. 16 Temmuz 2002'de koalisyon hükûmetini oluşturan üç partinin genel başkanları arasında yapılan zirve toplantısında 3 Kasım'da erken seçim yapılması kararı alındı. 31 Temmuz 2002'de TBMM Genel Kurulunda yapılan oylamada, erken seçim önergesi oylamaya katılan 514 milletvekilinden 449'unun kabul oyuyla kabul edildi."
Milliyetçi Hareket Partisi,https://tr.wikipedia.org/wiki/Milliyet%C3%A7i_Hareket_Partisi,2,"Türkiye#159: Meclisin , ardından başlamıştır ve başlangıçta milletvekili dağılımı şu şekilde belirlendi: (AKP) 268, (CHP) 169, (MHP) 50, Halkların Eşitlik ve Demokrasi Partisi (HEDEP) 57, 43, (YRP) 5, (TİP) 4 sandalye. | 2011 Türkiye genel seçimleri#10: , 186 milyon 544 bin; , 83 milyon 608 bin; , 57 milyon 148 bin lira seçim yardımı aldı. | 2011 Türkiye genel seçimleri#20: Ayrıca, eski futbolcu , İstanbul 3. Bölge 4. sıra adayı; eski futbolcu , İstanbul 2. Bölge 5. sıra adayı; eski futbolcu , İstanbul 2. Bölge 2. sıra adayı ve eski hakem , Mersin 7. sıra adayı olarak seçimlere katıldı. | 2018 Türkiye genel seçimleri#8: Kasım 2017'de Genel Başkanı 'nin ile ittifak yapmayı önermesi sonucunda Şubat 2018'de kuruldu. | 2018 Türkiye genel seçimleri#24: Anayasa değişikliği referandumunda ""Evet"" cephesinde yer alan , ve , "" "" adı altında seçimlere katılacaklarını ve cumhurbaşkanı adayı olarak da 'ı destekleyeceklerini açıkladılar. | Haziran 2015 Türkiye genel seçimleri#6: yılından beri iktidarda olan (AK Parti) meclis çoğunluğunu kaybetti fakat %40,9 oy oranı ve 258 sandalye sayısı ile seçimlerden birinci parti olarak çıktı. (CHP) oyların %25'i ile 132 sandalye elde etti ve ikinci parti oldu fakat oy oranı ile milletvekili sayısı göre düştü. (MHP) oyların %16,3'si ile 80 kazandı ve oy oranını göre %3,28 oranında, milletvekili sayısını ise 27 artırdı. | Haziran 2015 Türkiye genel seçimleri#47: 6 Nisan 2015 tarihinde (TSİP) ve (DEV-PARTİ), yapılan seçimlerde 'ni (CHP) destekleme kararı aldıklarını açıkladılar. 7 Nisan 2015 tarihinde , ile ittifak yapacağını açıkladı. 2 Haziran 2015 tarihinde (MYP), yapılan seçimlerde 'ni (MHP) destekleme kararı aldı. | 2002 Türkiye genel seçimleri#7: İktidardaki , ve 'nin yanı sıra önceki dönemde TBMM'de temsil edilen muhalefet partilerinden , ve 'nin de seçim barajını aşamayarak TBMM'ye giremediği seçimler, Türkiye'nin siyasetini temelinden sarsan büyük bir değişim olarak nitelendirildi. [kaynak belirtilmeli] nedeniyle temsil edilemeyen oy sayısı tarihte eşi benzeri görülmemiş bir şekilde %46,33 oranla 14.545.438 oldu. | 2002 Türkiye genel seçimleri#10: Bu gelişmeler sırasında koalisyon hükûmetinin ikinci büyük ortağı 'nin (MHP) Genel Başkanı , 7 Temmuz 2002 günü, partisinin Bursa İl teşkilatının ilçesinde düzenlediği 11. Kocayayla Türkmen Kurultayı'nda yaptığı açıklamada 3 Kasım 2002 tarihinde erken seçim yapılmasını istedi. 16 Temmuz 2002'de koalisyon hükûmetini oluşturan üç partinin genel başkanları arasında yapılan zirve toplantısında 3 Kasım'da erken seçim yapılması kararı alındı. 31 Temmuz 2002'de TBMM Genel Kurulunda yapılan oylamada, erken seçim önergesi oylamaya katılan 514 milletvekilinden 449'unun kabul oyuyla kabul edildi."
Deniz Baykal,https://tr.wikipedia.org/wiki/Deniz_Baykal,2,"2011 Türkiye genel seçimleri#47: CHP'nin eski lideri Mayıs 2010'da görevinden istifa etmiş ve o dönemde kamuoyu yoklamalarına göre %26 oyla CHP'den ayrılmıştı. | 2011 Türkiye genel seçimleri#52: Adaylar arasında eski CHP lideri ile ve gibi tutuklu Ergenekon sanıkları da vardı. | 2002 Türkiye genel seçimleri#6: Oyların yüzde 34,3'ünü alarak kazandığı 363 milletvekilliği ile tek başına iktidar olan AK Parti, TBMM'nin üyelik sayısının yaklaşık yüzde 66'sını alarak uygulandığı 1950'li yıllardan sonra TBMM'deki en büyük temsil gücünü elde eden siyasi parti oldu. 1999'da seçim barajını aşamayan liderliğindeki CHP ise oyların yüzde 19,39'u alarak ana muhalefet partisi oldu. | 2002 Türkiye genel seçimleri#57: Siirt'te yapılacak ara seçim öncesinde liderliğindeki CHP'nin desteğiyle yapılan anayasa değişikliğiyle Erdoğan'ın milletvekili seçilmesinin önündeki engel kaldırdı. 9 Mart 2003'te yenilenen ve yalnızca 4 partinin katıldığı sonucunda Adalet ve Kalkınma Partisi 3 milletvekilliğini de kazandı, böylece Adalet ve Kalkınma Partisi'nin milletvekili sayısı 365'e yükselirken, Cumhuriyet Halk Partisi'nin milletvekili sayısı 177'e, bağımsızların sayısı ise 8'e geriledi."
Deniz Baykal,https://tr.wikipedia.org/wiki/Deniz_Baykal,2,"2011 Türkiye genel seçimleri#47: CHP'nin eski lideri Mayıs 2010'da görevinden istifa etmiş ve o dönemde kamuoyu yoklamalarına göre %26 oyla CHP'den ayrılmıştı. | 2011 Türkiye genel seçimleri#52: Adaylar arasında eski CHP lideri ile ve gibi tutuklu Ergenekon sanıkları da vardı. | 2002 Türkiye genel seçimleri#6: Oyların yüzde 34,3'ünü alarak kazandığı 363 milletvekilliği ile tek başına iktidar olan AK Parti, TBMM'nin üyelik sayısının yaklaşık yüzde 66'sını alarak uygulandığı 1950'li yıllardan sonra TBMM'deki en büyük temsil gücünü elde eden siyasi parti oldu. 1999'da seçim barajını aşamayan liderliğindeki CHP ise oyların yüzde 19,39'u alarak ana muhalefet partisi oldu. | 2002 Türkiye genel seçimleri#57: Siirt'te yapılacak ara seçim öncesinde liderliğindeki CHP'nin desteğiyle yapılan anayasa değişikliğiyle Erdoğan'ın milletvekili seçilmesinin önündeki engel kaldırdı. 9 Mart 2003'te yenilenen ve yalnızca 4 partinin katıldığı sonucunda Adalet ve Kalkınma Partisi 3 milletvekilliğini de kazandı, böylece Adalet ve Kalkınma Partisi'nin milletvekili sayısı 365'e yükselirken, Cumhuriyet Halk Partisi'nin milletvekili sayısı 177'e, bağımsızların sayısı ise 8'e geriledi."
Cumhuriyet Halk Partisi,https://tr.wikipedia.org/wiki/Cumhuriyet_Halk_Partisi,2,"Cumhuriyet Halk Partisi genel sekreterleri listesi#1: genel sekreterleri listesidir. | Türkiye#156: Yelpazenin sol tarafında (CHP), (SHP) ve (DSP) yerel ve genel seçimlerde büyük başarılar elde ettiler. | Türkiye#159: Meclisin , ardından başlamıştır ve başlangıçta milletvekili dağılımı şu şekilde belirlendi: (AKP) 268, (CHP) 169, (MHP) 50, Halkların Eşitlik ve Demokrasi Partisi (HEDEP) 57, 43, (YRP) 5, (TİP) 4 sandalye. | 2011 Türkiye genel seçimleri#10: , 186 milyon 544 bin; , 83 milyon 608 bin; , 57 milyon 148 bin lira seçim yardımı aldı. | 2011 Türkiye genel seçimleri#20: Ayrıca, eski futbolcu , İstanbul 3. Bölge 4. sıra adayı; eski futbolcu , İstanbul 2. Bölge 5. sıra adayı; eski futbolcu , İstanbul 2. Bölge 2. sıra adayı ve eski hakem , Mersin 7. sıra adayı olarak seçimlere katıldı. | 2011 Türkiye genel seçimleri#46: 2011 genel seçimleri, 'nun (CHP) lideri olarak katıldığı ilk genel seçim olmuştur. | 2018 Türkiye genel seçimleri#26: Anayasa değişikliği referandumunda ""Hayır"" cephesinde yer alan , , ve milletvekili seçimlerinde ittifak yapma kararı aldılar. | 2018 Türkiye genel seçimleri#35: sözcüsü , 22 Nisan 2018 tarihinde yaptığı açıklamayla 'nın baskı altında olduğunu, seçimlerin ve demokrasinin sekteye uğramaması adına genel başkan 'nun direktifiyle 15 CHP'li vekilin 'ye geçtiğini açıkladı. | 2018 Türkiye genel seçimleri#41: bileşeni olan listelerinin 5 sırası ayrıldı. listelerinden, 2 milletvekili kazanmıştır. | 2007 Türkiye genel seçimleri#15: TBMM'de grubu bulunan muhalefet partilerinden 'nin (CHP) ve 'nin (ANAP) boykot ettiği ve 361 milletvekilinin katıldığı ilk tura tek aday olarak katılan AK Parti Kayseri milletvekili ve Dışişleri Bakanı 357 oy aldı. Seçimin hemen ardından ana muhalefet CHP birinci tur oylamasında TBMM'de 367 toplantı yeter sayısına ulaşılmadığı gerekçesiyle seçimin iptali istemiyle başvurdu. | Haziran 2015 Türkiye genel seçimleri#6: yılından beri iktidarda olan (AK Parti) meclis çoğunluğunu kaybetti fakat %40,9 oy oranı ve 258 sandalye sayısı ile seçimlerden birinci parti olarak çıktı. (CHP) oyların %25'i ile 132 sandalye elde etti ve ikinci parti oldu fakat oy oranı ile milletvekili sayısı göre düştü. (MHP) oyların %16,3'si ile 80 kazandı ve oy oranını göre %3,28 oranında, milletvekili sayısını ise 27 artırdı. | Haziran 2015 Türkiye genel seçimleri#45: 15 Nisan'da açıklanan geçici aday listelerine göre , , , , , , , , , , , ve 85, 75, 73, 58, ve 56, 55, 43 seçim çevresinde aday göstererek seçime girdi. | 2002 Türkiye genel seçimleri#5: Türkiye genelinde uygulanan yüzde 10 nedeniyle, seçime katılan 18 siyasi partiden yalnızca (AK Parti) ve (CHP) bu barajı aşarak meclise milletvekili sokmayı başarmışlardır. | 2002 Türkiye genel seçimleri#45: Yüzde 10'luk ülke barajı nedeniyle geçerli oyların yaklaşık yüzde 45'i 'ye yansıyamadı; seçimlere katılan 18 siyasi partiden yalnızca ile yüzde 10'luk ülke barajını aşarak TBMM'de temsil edilmeyi başardı, böylece 1946'dan sonra ikinci kez TBMM'de yalnızca iki parti temsil edildi."
Cumhuriyet Halk Partisi,https://tr.wikipedia.org/wiki/Cumhuriyet_Halk_Partisi,2,"Cumhuriyet Halk Partisi genel sekreterleri listesi#1: genel sekreterleri listesidir. | Türkiye#156: Yelpazenin sol tarafında (CHP), (SHP) ve (DSP) yerel ve genel seçimlerde büyük başarılar elde ettiler. | Türkiye#159: Meclisin , ardından başlamıştır ve başlangıçta milletvekili dağılımı şu şekilde belirlendi: (AKP) 268, (CHP) 169, (MHP) 50, Halkların Eşitlik ve Demokrasi Partisi (HEDEP) 57, 43, (YRP) 5, (TİP) 4 sandalye. | 2011 Türkiye genel seçimleri#10: , 186 milyon 544 bin; , 83 milyon 608 bin; , 57 milyon 148 bin lira seçim yardımı aldı. | 2011 Türkiye genel seçimleri#20: Ayrıca, eski futbolcu , İstanbul 3. Bölge 4. sıra adayı; eski futbolcu , İstanbul 2. Bölge 5. sıra adayı; eski futbolcu , İstanbul 2. Bölge 2. sıra adayı ve eski hakem , Mersin 7. sıra adayı olarak seçimlere katıldı. | 2011 Türkiye genel seçimleri#46: 2011 genel seçimleri, 'nun (CHP) lideri olarak katıldığı ilk genel seçim olmuştur. | 2018 Türkiye genel seçimleri#26: Anayasa değişikliği referandumunda ""Hayır"" cephesinde yer alan , , ve milletvekili seçimlerinde ittifak yapma kararı aldılar. | 2018 Türkiye genel seçimleri#35: sözcüsü , 22 Nisan 2018 tarihinde yaptığı açıklamayla 'nın baskı altında olduğunu, seçimlerin ve demokrasinin sekteye uğramaması adına genel başkan 'nun direktifiyle 15 CHP'li vekilin 'ye geçtiğini açıkladı. | 2018 Türkiye genel seçimleri#41: bileşeni olan listelerinin 5 sırası ayrıldı. listelerinden, 2 milletvekili kazanmıştır. | 2007 Türkiye genel seçimleri#15: TBMM'de grubu bulunan muhalefet partilerinden 'nin (CHP) ve 'nin (ANAP) boykot ettiği ve 361 milletvekilinin katıldığı ilk tura tek aday olarak katılan AK Parti Kayseri milletvekili ve Dışişleri Bakanı 357 oy aldı. Seçimin hemen ardından ana muhalefet CHP birinci tur oylamasında TBMM'de 367 toplantı yeter sayısına ulaşılmadığı gerekçesiyle seçimin iptali istemiyle başvurdu. | Haziran 2015 Türkiye genel seçimleri#6: yılından beri iktidarda olan (AK Parti) meclis çoğunluğunu kaybetti fakat %40,9 oy oranı ve 258 sandalye sayısı ile seçimlerden birinci parti olarak çıktı. (CHP) oyların %25'i ile 132 sandalye elde etti ve ikinci parti oldu fakat oy oranı ile milletvekili sayısı göre düştü. (MHP) oyların %16,3'si ile 80 kazandı ve oy oranını göre %3,28 oranında, milletvekili sayısını ise 27 artırdı. | Haziran 2015 Türkiye genel seçimleri#45: 15 Nisan'da açıklanan geçici aday listelerine göre , , , , , , , , , , , ve 85, 75, 73, 58, ve 56, 55, 43 seçim çevresinde aday göstererek seçime girdi. | 2002 Türkiye genel seçimleri#5: Türkiye genelinde uygulanan yüzde 10 nedeniyle, seçime katılan 18 siyasi partiden yalnızca (AK Parti) ve (CHP) bu barajı aşarak meclise milletvekili sokmayı başarmışlardır. | 2002 Türkiye genel seçimleri#45: Yüzde 10'luk ülke barajı nedeniyle geçerli oyların yaklaşık yüzde 45'i 'ye yansıyamadı; seçimlere katılan 18 siyasi partiden yalnızca ile yüzde 10'luk ülke barajını aşarak TBMM'de temsil edilmeyi başardı, böylece 1946'dan sonra ikinci kez TBMM'de yalnızca iki parti temsil edildi."
Sosyalist Demokrasi Partisi,https://tr.wikipedia.org/wiki/Sosyalist_Demokrasi_Partisi,2,"2002 Türkiye genel seçimleri#41: ve , listelerinden, , ve de listelerinden seçime girdiler. 'nin katılmasıyla tarihinde ilk kez adında kelimesi geçen bir parti seçimlere katıldı. Genel Başkanı siyasi yasağı nedeniyle seçimlere katılamadı. | 2002 Türkiye genel seçimleri#42: Erdoğan ile birlikte kapatılan (RP) Genel Başkanı , (SDP) Lideri ve Halkın Demokrasi Partisi (HADEP) eski Genel Başkanı 'ın da aralarında bulunduğu 60 kişinin adaylığı YSK tarafından reddedildi."
Sosyalist Demokrasi Partisi,https://tr.wikipedia.org/wiki/Sosyalist_Demokrasi_Partisi,2,"2002 Türkiye genel seçimleri#41: ve , listelerinden, , ve de listelerinden seçime girdiler. 'nin katılmasıyla tarihinde ilk kez adında kelimesi geçen bir parti seçimlere katıldı. Genel Başkanı siyasi yasağı nedeniyle seçimlere katılamadı. | 2002 Türkiye genel seçimleri#42: Erdoğan ile birlikte kapatılan (RP) Genel Başkanı , (SDP) Lideri ve Halkın Demokrasi Partisi (HADEP) eski Genel Başkanı 'ın da aralarında bulunduğu 60 kişinin adaylığı YSK tarafından reddedildi."
Genç Parti,https://tr.wikipedia.org/wiki/Gen%C3%A7_Parti,2,"2011 Türkiye genel seçimleri#14: Liste vermeyen partiler: , , , , , . de liste vermesine rağmen daha sonra seçimlere katılmama kararı aldı. Böylece, 12 Haziran 2011 seçimlerine kendi adıyla katılan siyasi parti sayısı sayısı 17'ye indi. YSK, 18 Nisan 2011'de ve 'nin seçime katılamayacağına karar verdi. | Haziran 2015 Türkiye genel seçimleri#44: Bunun dışında , , ve de milletvekili aday listelerini YSK'ya getirmediler. ve seçimlere bağımsız adaylarla katılacakları kararı aldıkları için aday listesi sunmadılar. milletvekili ""kaza sebebiyle"" aday listesini YSK'ye zamanında ulaştıramadığından seçime katılamadı. | 2002 Türkiye genel seçimleri#49: Milliyetçi Hareket Partisi lideri aday olduğu 'den %29,19 (58.622), ANAP lideri aday olduğu 'den %28,58 (46.577), lideri aday olduğu 'dan %25,21 (108.822) ve Doğru Yol Partisi lideri aday olduğu 'dan %22,66 (87.454) oy almalarına rağmen partileri baraja takıldığından milletvekili seçilemediler. | 2002 Türkiye genel seçimleri#52: Seçimlerden kısa süre önce iş insanı tarafından kurulan ve hemen hemen hiçbir siyasi geleneğe dayanmayan ise aldığı 7,25 oy oranıyla, yoğun propaganda faaliyetine rağmen yine de sürpriz sayılabilecek bir başarı kazandı."
Genç Parti,https://tr.wikipedia.org/wiki/Gen%C3%A7_Parti,2,"2011 Türkiye genel seçimleri#14: Liste vermeyen partiler: , , , , , . de liste vermesine rağmen daha sonra seçimlere katılmama kararı aldı. Böylece, 12 Haziran 2011 seçimlerine kendi adıyla katılan siyasi parti sayısı sayısı 17'ye indi. YSK, 18 Nisan 2011'de ve 'nin seçime katılamayacağına karar verdi. | Haziran 2015 Türkiye genel seçimleri#44: Bunun dışında , , ve de milletvekili aday listelerini YSK'ya getirmediler. ve seçimlere bağımsız adaylarla katılacakları kararı aldıkları için aday listesi sunmadılar. milletvekili ""kaza sebebiyle"" aday listesini YSK'ye zamanında ulaştıramadığından seçime katılamadı. | 2002 Türkiye genel seçimleri#49: Milliyetçi Hareket Partisi lideri aday olduğu 'den %29,19 (58.622), ANAP lideri aday olduğu 'den %28,58 (46.577), lideri aday olduğu 'dan %25,21 (108.822) ve Doğru Yol Partisi lideri aday olduğu 'dan %22,66 (87.454) oy almalarına rağmen partileri baraja takıldığından milletvekili seçilemediler. | 2002 Türkiye genel seçimleri#52: Seçimlerden kısa süre önce iş insanı tarafından kurulan ve hemen hemen hiçbir siyasi geleneğe dayanmayan ise aldığı 7,25 oy oranıyla, yoğun propaganda faaliyetine rağmen yine de sürpriz sayılabilecek bir başarı kazandı."
Recep Tayyip Erdoğan,https://tr.wikipedia.org/wiki/Recep_Tayyip_Erdo%C4%9Fan,2,"Türkiye#25: Aralık 2021'de cumhurbaşkanı , ihracatta ""Made in Türkiye"" ibaresinin kullanılmasına ilişkin bir genelge yayımladı. | Türkiye#116: 1980'li yıllarda Türk ekonomisinin liberalleştirilmesinden bu yana ülke, ekonomik büyüme ve siyasi istikrar yakaladı. 1984'ten itibaren , Türk hükûmetlerine karşı başladı; tarafların çatışmaları sonucunda resmî verilere göre 40 binden fazla insan öldü. 2012'de taraflar arasında başladı, ancak 2015'te görüşmeler sona erdi ve dönüldü. 2013'te 'ndaki düzenlemeler nedeniyle başlayan , daha sonra hükûmet karşıtı protestolara dönüşerek birçok ilde patlak verdi ancak hükûmet tarafından bastırıldı. 28 Ağustos 2014'te doğrudan halk oyuyla ilk cumhurbaşkanı oldu. 15 Temmuz 2016'da, Türkiye'de bir meydana geldi. 2017'de yapılan ile parlamenter sistemin yerini icracı bir aldı. Başbakanlık makamı kaldırılarak yetki ve görevleri cumhurbaşkanına devredildi. | Türkiye#158: 12. Cumhurbaşkanı şu anda ve olarak görev yapıyor. , Türkiye'nin . , 'dır. | 2011 Türkiye genel seçimleri#3: Başbakan 3 Ekim 2010 günü yaptığı açıklamada genel seçimlerin normal tarihinden bir ay önce -Haziran ayı başında- yapılacağını duyurdu. | 2018 Türkiye genel seçimleri#4: Seçimlerin erkene alınmasının nedeni, Cumhurbaşkanı ve MHP Genel Başkanı tarafından kabul gören yürürlüğe girmesi için daha fazla beklenmemesi gerekçe olarak gösterilmiştir. | 2018 Türkiye genel seçimleri#9: Seçimin normal şartlarda 3 Kasım 2019'da yapılması gerekiyordu ancak, Bahçeli'nin 17 Nisan 2018 tarihinde partisinin TBMM'deki grup toplantısında erken seçimi gerekli gördüğünü belirtmesi ve Cumhurbaşkanı 'ın ertesi gün buna olumlu yaklaştığını açıklaması ile seçim tarihi erkene alındı. | 2018 Türkiye genel seçimleri#24: Anayasa değişikliği referandumunda ""Evet"" cephesinde yer alan , ve , "" "" adı altında seçimlere katılacaklarını ve cumhurbaşkanı adayı olarak da 'ı destekleyeceklerini açıkladılar. | Haziran 2015 Türkiye genel seçimleri#52: Cumhurbaşkanı hükûmeti kurma görevini 10 Temmuz 2015'te birinci parti olan 'nin genel başkanı 'na verdi. ilk ziyaretini 13 Temmuzda yaptı. - görüşmesi 1 saat 40 dakika sürdü. | 2002 Türkiye genel seçimleri#41: ve , listelerinden, , ve de listelerinden seçime girdiler. 'nin katılmasıyla tarihinde ilk kez adında kelimesi geçen bir parti seçimlere katıldı. Genel Başkanı siyasi yasağı nedeniyle seçimlere katılamadı. | 2002 Türkiye genel seçimleri#53: 14 Kasım 2002 tarihinde Cumhurbaşkanı ile Adalet ve Kalkınma Partisi Genel Başkanı arasındaki görüşmeden sonra, Erdoğan'ın milletvekili olmaması nedeniyle, 16 Kasım 2002 tarihinde Adalet ve Kalkınma Partisi genel başkan yardımcısı , Sezer tarafından hükûmeti kurmakla görevlendirildi. 18 Kasım'da Ahmet Necdet Sezer tarafından onaylanmasıyla ilk Adalet ve Kalkınma Partisi hükûmeti göreve başladı."
Recep Tayyip Erdoğan,https://tr.wikipedia.org/wiki/Recep_Tayyip_Erdo%C4%9Fan,2,"Türkiye#25: Aralık 2021'de cumhurbaşkanı , ihracatta ""Made in Türkiye"" ibaresinin kullanılmasına ilişkin bir genelge yayımladı. | Türkiye#116: 1980'li yıllarda Türk ekonomisinin liberalleştirilmesinden bu yana ülke, ekonomik büyüme ve siyasi istikrar yakaladı. 1984'ten itibaren , Türk hükûmetlerine karşı başladı; tarafların çatışmaları sonucunda resmî verilere göre 40 binden fazla insan öldü. 2012'de taraflar arasında başladı, ancak 2015'te görüşmeler sona erdi ve dönüldü. 2013'te 'ndaki düzenlemeler nedeniyle başlayan , daha sonra hükûmet karşıtı protestolara dönüşerek birçok ilde patlak verdi ancak hükûmet tarafından bastırıldı. 28 Ağustos 2014'te doğrudan halk oyuyla ilk cumhurbaşkanı oldu. 15 Temmuz 2016'da, Türkiye'de bir meydana geldi. 2017'de yapılan ile parlamenter sistemin yerini icracı bir aldı. Başbakanlık makamı kaldırılarak yetki ve görevleri cumhurbaşkanına devredildi. | Türkiye#158: 12. Cumhurbaşkanı şu anda ve olarak görev yapıyor. , Türkiye'nin . , 'dır. | 2011 Türkiye genel seçimleri#3: Başbakan 3 Ekim 2010 günü yaptığı açıklamada genel seçimlerin normal tarihinden bir ay önce -Haziran ayı başında- yapılacağını duyurdu. | 2018 Türkiye genel seçimleri#4: Seçimlerin erkene alınmasının nedeni, Cumhurbaşkanı ve MHP Genel Başkanı tarafından kabul gören yürürlüğe girmesi için daha fazla beklenmemesi gerekçe olarak gösterilmiştir. | 2018 Türkiye genel seçimleri#9: Seçimin normal şartlarda 3 Kasım 2019'da yapılması gerekiyordu ancak, Bahçeli'nin 17 Nisan 2018 tarihinde partisinin TBMM'deki grup toplantısında erken seçimi gerekli gördüğünü belirtmesi ve Cumhurbaşkanı 'ın ertesi gün buna olumlu yaklaştığını açıklaması ile seçim tarihi erkene alındı. | 2018 Türkiye genel seçimleri#24: Anayasa değişikliği referandumunda ""Evet"" cephesinde yer alan , ve , "" "" adı altında seçimlere katılacaklarını ve cumhurbaşkanı adayı olarak da 'ı destekleyeceklerini açıkladılar. | Haziran 2015 Türkiye genel seçimleri#52: Cumhurbaşkanı hükûmeti kurma görevini 10 Temmuz 2015'te birinci parti olan 'nin genel başkanı 'na verdi. ilk ziyaretini 13 Temmuzda yaptı. - görüşmesi 1 saat 40 dakika sürdü. | 2002 Türkiye genel seçimleri#41: ve , listelerinden, , ve de listelerinden seçime girdiler. 'nin katılmasıyla tarihinde ilk kez adında kelimesi geçen bir parti seçimlere katıldı. Genel Başkanı siyasi yasağı nedeniyle seçimlere katılamadı. | 2002 Türkiye genel seçimleri#53: 14 Kasım 2002 tarihinde Cumhurbaşkanı ile Adalet ve Kalkınma Partisi Genel Başkanı arasındaki görüşmeden sonra, Erdoğan'ın milletvekili olmaması nedeniyle, 16 Kasım 2002 tarihinde Adalet ve Kalkınma Partisi genel başkan yardımcısı , Sezer tarafından hükûmeti kurmakla görevlendirildi. 18 Kasım'da Ahmet Necdet Sezer tarafından onaylanmasıyla ilk Adalet ve Kalkınma Partisi hükûmeti göreve başladı."
seçim barajlı,https://tr.wikipedia.org/wiki/Se%C3%A7im_baraj%C4%B1,1,"2002 Türkiye genel seçimleri#5: Türkiye genelinde uygulanan yüzde 10 nedeniyle, seçime katılan 18 siyasi partiden yalnızca (AK Parti) ve (CHP) bu barajı aşarak meclise milletvekili sokmayı başarmışlardır."
seçim barajlı,https://tr.wikipedia.org/wiki/Se%C3%A7im_baraj%C4%B1,1,"2002 Türkiye genel seçimleri#5: Türkiye genelinde uygulanan yüzde 10 nedeniyle, seçime katılan 18 siyasi partiden yalnızca (AK Parti) ve (CHP) bu barajı aşarak meclise milletvekili sokmayı başarmışlardır."
DSP,https://tr.wikipedia.org/wiki/Demokratik_Sol_Parti,1,2002 Türkiye genel seçimleri#1
DSP,https://tr.wikipedia.org/wiki/Demokratik_Sol_Parti,1,2002 Türkiye genel seçimleri#1
Türkiye Büyük Millet Meclisi 22. dönem milletvekilleri,https://tr.wikipedia.org/wiki/TBMM_22._d%C3%B6nem_milletvekilleri_listesi,1,2002 Türkiye genel seçimleri#4: Bu genel seçim ile seçilmiştir.
Türkiye Büyük Millet Meclisi 22. dönem milletvekilleri,https://tr.wikipedia.org/wiki/TBMM_22._d%C3%B6nem_milletvekilleri_listesi,1,2002 Türkiye genel seçimleri#4: Bu genel seçim ile seçilmiştir.
Türkiye,https://tr.wikipedia.org/wiki/T%C3%BCrkiye,1,"Akif HamzaçebiCard#4: 1 Aralık 1953 (71 yaşında) , , | Trabzon#1: Trabzon ( : Τραπεζούντα , Trapezounta), 'nin ilinin merkezi olan şehirdir. 'nin 'nde yer alan ilin 'e kıyısı bulunur. | Trabzon#64: Bölgedeki nüfus 1923 yılında ve arasında yapılan "" "" ile gönderilmiştir. | Araklı#55: Ayrıca 2006-2007 sezonunda 'nin tek, 'nın ise 7 yenilgisiz takımından biri olmayı başarmıştır. | 2011 Türkiye genel seçimleri#70: geneli seçim sonuçları | Gazi Üniversitesi#12: Gazi Üniversitesi 'nin öğretmen yetiştiren ilk eğitim kurumudur. | Ankara Üniversitesi Siyasal Bilgiler FakültesiCard#8: , , | 2007 Türkiye genel seçimleri#4: Görev süresi dolan 'nin 10. Cumhurbaşkanı 'in yerine 11. Cumhurbaşkanının seçilememesi üzerine TBMM Genel Kuruluda 3 Mayıs 2007 tarihinde milletvekilliği seçimlerinin 22 Temmuz 2007 günü yapılması karara bağlandı. | 2002 Türkiye genel seçimleri#3: 2002 Türkiye genel seçimleri , 3 Kasım 2002 günü genelinde yapılan erken genel seçimdir."
Türkiye,https://tr.wikipedia.org/wiki/T%C3%BCrkiye,1,"Akif HamzaçebiCard#4: 1 Aralık 1953 (71 yaşında) , , | Trabzon#1: Trabzon ( : Τραπεζούντα , Trapezounta), 'nin ilinin merkezi olan şehirdir. 'nin 'nde yer alan ilin 'e kıyısı bulunur. | Trabzon#64: Bölgedeki nüfus 1923 yılında ve arasında yapılan "" "" ile gönderilmiştir. | Araklı#55: Ayrıca 2006-2007 sezonunda 'nin tek, 'nın ise 7 yenilgisiz takımından biri olmayı başarmıştır. | 2011 Türkiye genel seçimleri#70: geneli seçim sonuçları | Gazi Üniversitesi#12: Gazi Üniversitesi 'nin öğretmen yetiştiren ilk eğitim kurumudur. | Ankara Üniversitesi Siyasal Bilgiler FakültesiCard#8: , , | 2007 Türkiye genel seçimleri#4: Görev süresi dolan 'nin 10. Cumhurbaşkanı 'in yerine 11. Cumhurbaşkanının seçilememesi üzerine TBMM Genel Kuruluda 3 Mayıs 2007 tarihinde milletvekilliği seçimlerinin 22 Temmuz 2007 günü yapılması karara bağlandı. | 2002 Türkiye genel seçimleri#3: 2002 Türkiye genel seçimleri , 3 Kasım 2002 günü genelinde yapılan erken genel seçimdir."
AK Parti,https://tr.wikipedia.org/wiki/Adalet_ve_Kalk%C4%B1nma_Partisi,1,"TrabzonCard#2: ( ) | Türkiye#200: 'ne göre uzun yıllardır ülkeyi yöneten hükûmeti, basın özgürlüğü açısından dünyanın en büyük baskılarından birini uygulamaktadır. | AraklıCard#5: Hüseyin Avni Çoşkun Çebi ( ) | 2011 Türkiye genel seçimleri#61: Yapılan (Mart-Nisan 2011) %48,2 ile %51,2, %24,4 ile %28,8, %10,7 ile %15,0 ve %4,3 ile %6,6 arasında değişen oy almaktadır. | Haziran 2015 Türkiye genel seçimleri#52: Cumhurbaşkanı hükûmeti kurma görevini 10 Temmuz 2015'te birinci parti olan 'nin genel başkanı 'na verdi. ilk ziyaretini 13 Temmuzda yaptı. - görüşmesi 1 saat 40 dakika sürdü."
AK Parti,https://tr.wikipedia.org/wiki/Adalet_ve_Kalk%C4%B1nma_Partisi,1,"TrabzonCard#2: ( ) | Türkiye#200: 'ne göre uzun yıllardır ülkeyi yöneten hükûmeti, basın özgürlüğü açısından dünyanın en büyük baskılarından birini uygulamaktadır. | AraklıCard#5: Hüseyin Avni Çoşkun Çebi ( ) | 2011 Türkiye genel seçimleri#61: Yapılan (Mart-Nisan 2011) %48,2 ile %51,2, %24,4 ile %28,8, %10,7 ile %15,0 ve %4,3 ile %6,6 arasında değişen oy almaktadır. | Haziran 2015 Türkiye genel seçimleri#52: Cumhurbaşkanı hükûmeti kurma görevini 10 Temmuz 2015'te birinci parti olan 'nin genel başkanı 'na verdi. ilk ziyaretini 13 Temmuzda yaptı. - görüşmesi 1 saat 40 dakika sürdü."
Keles,https://tr.wikipedia.org/wiki/Keles,1,"2002 Türkiye genel seçimleri#10: Bu gelişmeler sırasında koalisyon hükûmetinin ikinci büyük ortağı 'nin (MHP) Genel Başkanı , 7 Temmuz 2002 günü, partisinin Bursa İl teşkilatının ilçesinde düzenlediği 11. Kocayayla Türkmen Kurultayı'nda yaptığı açıklamada 3 Kasım 2002 tarihinde erken seçim yapılmasını istedi. 16 Temmuz 2002'de koalisyon hükûmetini oluşturan üç partinin genel başkanları arasında yapılan zirve toplantısında 3 Kasım'da erken seçim yapılması kararı alındı. 31 Temmuz 2002'de TBMM Genel Kurulunda yapılan oylamada, erken seçim önergesi oylamaya katılan 514 milletvekilinden 449'unun kabul oyuyla kabul edildi."
Keles,https://tr.wikipedia.org/wiki/Keles,1,"2002 Türkiye genel seçimleri#10: Bu gelişmeler sırasında koalisyon hükûmetinin ikinci büyük ortağı 'nin (MHP) Genel Başkanı , 7 Temmuz 2002 günü, partisinin Bursa İl teşkilatının ilçesinde düzenlediği 11. Kocayayla Türkmen Kurultayı'nda yaptığı açıklamada 3 Kasım 2002 tarihinde erken seçim yapılmasını istedi. 16 Temmuz 2002'de koalisyon hükûmetini oluşturan üç partinin genel başkanları arasında yapılan zirve toplantısında 3 Kasım'da erken seçim yapılması kararı alındı. 31 Temmuz 2002'de TBMM Genel Kurulunda yapılan oylamada, erken seçim önergesi oylamaya katılan 514 milletvekilinden 449'unun kabul oyuyla kabul edildi."
28 Şubat Süreci,https://tr.wikipedia.org/wiki/28_%C5%9Eubat_S%C3%BCreci,1,"2002 Türkiye genel seçimleri#16: Mart 1996'da ile arasında kurulan koalisyon hükûmeti, lideri 'ın 'i yolsuzlukla suçlaması nedeniyle büyük zarar gördü ve sadece 90 gün sürdü. 29 Haziran 1996'da ile arasında kurulan yeni koalisyon sürecinde ise olarak bilinen müdahaleyle sonuçlandı."
28 Şubat Süreci,https://tr.wikipedia.org/wiki/28_%C5%9Eubat_S%C3%BCreci,1,"2002 Türkiye genel seçimleri#16: Mart 1996'da ile arasında kurulan koalisyon hükûmeti, lideri 'ın 'i yolsuzlukla suçlaması nedeniyle büyük zarar gördü ve sadece 90 gün sürdü. 29 Haziran 1996'da ile arasında kurulan yeni koalisyon sürecinde ise olarak bilinen müdahaleyle sonuçlandı."
1991 Körfez Krizi,https://tr.wikipedia.org/wiki/K%C3%B6rfez_Sava%C5%9F%C4%B1,1,"2002 Türkiye genel seçimleri#18: Türkiye, 1994 yılında en derin ekonomik krizlerinden birini yaşadı. 'nin olumsuz etkileri ve kamu açıklarının kontrol altına alınamaması, 1994 öncesinde ihracatın sabit kalmasına rağmen ithalatın artmasına neden oldu. Bu dönemde kamu harcamaları kamu gelirlerinden daha fazla oldu ve 1994 yılında bütçe ve dış ticaret açıkları sürdürülemez hale geldi. 'nın değeri %13,6 oranında düşürüldü ve rezervleri 4 milyar dolar azaldı. 5 Nisan 1994'te ""Ekonomik İstikrar Tedbirleri"" yürürlüğe kondu ve (IMF) ile yapılan 750 milyon dolarlık Stand-By anlaşması imzalandı."
1991 Körfez Krizi,https://tr.wikipedia.org/wiki/K%C3%B6rfez_Sava%C5%9F%C4%B1,1,"2002 Türkiye genel seçimleri#18: Türkiye, 1994 yılında en derin ekonomik krizlerinden birini yaşadı. 'nin olumsuz etkileri ve kamu açıklarının kontrol altına alınamaması, 1994 öncesinde ihracatın sabit kalmasına rağmen ithalatın artmasına neden oldu. Bu dönemde kamu harcamaları kamu gelirlerinden daha fazla oldu ve 1994 yılında bütçe ve dış ticaret açıkları sürdürülemez hale geldi. 'nın değeri %13,6 oranında düşürüldü ve rezervleri 4 milyar dolar azaldı. 5 Nisan 1994'te ""Ekonomik İstikrar Tedbirleri"" yürürlüğe kondu ve (IMF) ile yapılan 750 milyon dolarlık Stand-By anlaşması imzalandı."
Türk lirası,https://tr.wikipedia.org/wiki/T%C3%BCrk_liras%C4%B1,1,"TürkiyeCard#29: ( · ) | Gazi Üniversitesi#34: Taşınmaz Kültür ve Tabiat Varlıkları Yüksek Kurulunun 1984 yılında aldığı kararla Gazi Üniversitesine devredilen bu bina, bugün üniversitenin Rektörlüğü, Dekanlığı, laboratuvarlar, ve olarak kullanılmaktadır, ayrıca binanın üstünde bir gözlemevi bulunmaktadır; ancak şu an faaliyette değildir. 'nın mimarisi ve tarihini yansıtan bina ve mimarı Mimar Kemaleddin'in portresi 1 Ocak 2009 tarihinde tedavüle giren dokuzuncu emisyon banknotlarından olan 20 banknotunun arka yüzünde kullanılmıştır. | 2002 Türkiye genel seçimleri#18: Türkiye, 1994 yılında en derin ekonomik krizlerinden birini yaşadı. 'nin olumsuz etkileri ve kamu açıklarının kontrol altına alınamaması, 1994 öncesinde ihracatın sabit kalmasına rağmen ithalatın artmasına neden oldu. Bu dönemde kamu harcamaları kamu gelirlerinden daha fazla oldu ve 1994 yılında bütçe ve dış ticaret açıkları sürdürülemez hale geldi. 'nın değeri %13,6 oranında düşürüldü ve rezervleri 4 milyar dolar azaldı. 5 Nisan 1994'te ""Ekonomik İstikrar Tedbirleri"" yürürlüğe kondu ve (IMF) ile yapılan 750 milyon dolarlık Stand-By anlaşması imzalandı."
Türk lirası,https://tr.wikipedia.org/wiki/T%C3%BCrk_liras%C4%B1,1,"TürkiyeCard#29: ( · ) | Gazi Üniversitesi#34: Taşınmaz Kültür ve Tabiat Varlıkları Yüksek Kurulunun 1984 yılında aldığı kararla Gazi Üniversitesine devredilen bu bina, bugün üniversitenin Rektörlüğü, Dekanlığı, laboratuvarlar, ve olarak kullanılmaktadır, ayrıca binanın üstünde bir gözlemevi bulunmaktadır; ancak şu an faaliyette değildir. 'nın mimarisi ve tarihini yansıtan bina ve mimarı Mimar Kemaleddin'in portresi 1 Ocak 2009 tarihinde tedavüle giren dokuzuncu emisyon banknotlarından olan 20 banknotunun arka yüzünde kullanılmıştır. | 2002 Türkiye genel seçimleri#18: Türkiye, 1994 yılında en derin ekonomik krizlerinden birini yaşadı. 'nin olumsuz etkileri ve kamu açıklarının kontrol altına alınamaması, 1994 öncesinde ihracatın sabit kalmasına rağmen ithalatın artmasına neden oldu. Bu dönemde kamu harcamaları kamu gelirlerinden daha fazla oldu ve 1994 yılında bütçe ve dış ticaret açıkları sürdürülemez hale geldi. 'nın değeri %13,6 oranında düşürüldü ve rezervleri 4 milyar dolar azaldı. 5 Nisan 1994'te ""Ekonomik İstikrar Tedbirleri"" yürürlüğe kondu ve (IMF) ile yapılan 750 milyon dolarlık Stand-By anlaşması imzalandı."
Merkez Bankası,https://tr.wikipedia.org/wiki/T%C3%BCrkiye_Cumhuriyet_Merkez_Bankas%C4%B1,1,"2002 Türkiye genel seçimleri#18: Türkiye, 1994 yılında en derin ekonomik krizlerinden birini yaşadı. 'nin olumsuz etkileri ve kamu açıklarının kontrol altına alınamaması, 1994 öncesinde ihracatın sabit kalmasına rağmen ithalatın artmasına neden oldu. Bu dönemde kamu harcamaları kamu gelirlerinden daha fazla oldu ve 1994 yılında bütçe ve dış ticaret açıkları sürdürülemez hale geldi. 'nın değeri %13,6 oranında düşürüldü ve rezervleri 4 milyar dolar azaldı. 5 Nisan 1994'te ""Ekonomik İstikrar Tedbirleri"" yürürlüğe kondu ve (IMF) ile yapılan 750 milyon dolarlık Stand-By anlaşması imzalandı."
Merkez Bankası,https://tr.wikipedia.org/wiki/T%C3%BCrkiye_Cumhuriyet_Merkez_Bankas%C4%B1,1,"2002 Türkiye genel seçimleri#18: Türkiye, 1994 yılında en derin ekonomik krizlerinden birini yaşadı. 'nin olumsuz etkileri ve kamu açıklarının kontrol altına alınamaması, 1994 öncesinde ihracatın sabit kalmasına rağmen ithalatın artmasına neden oldu. Bu dönemde kamu harcamaları kamu gelirlerinden daha fazla oldu ve 1994 yılında bütçe ve dış ticaret açıkları sürdürülemez hale geldi. 'nın değeri %13,6 oranında düşürüldü ve rezervleri 4 milyar dolar azaldı. 5 Nisan 1994'te ""Ekonomik İstikrar Tedbirleri"" yürürlüğe kondu ve (IMF) ile yapılan 750 milyon dolarlık Stand-By anlaşması imzalandı."
Uluslararası Para Fonu,https://tr.wikipedia.org/wiki/Uluslararas%C4%B1_Para_Fonu,1,"2002 Türkiye genel seçimleri#18: Türkiye, 1994 yılında en derin ekonomik krizlerinden birini yaşadı. 'nin olumsuz etkileri ve kamu açıklarının kontrol altına alınamaması, 1994 öncesinde ihracatın sabit kalmasına rağmen ithalatın artmasına neden oldu. Bu dönemde kamu harcamaları kamu gelirlerinden daha fazla oldu ve 1994 yılında bütçe ve dış ticaret açıkları sürdürülemez hale geldi. 'nın değeri %13,6 oranında düşürüldü ve rezervleri 4 milyar dolar azaldı. 5 Nisan 1994'te ""Ekonomik İstikrar Tedbirleri"" yürürlüğe kondu ve (IMF) ile yapılan 750 milyon dolarlık Stand-By anlaşması imzalandı."
Uluslararası Para Fonu,https://tr.wikipedia.org/wiki/Uluslararas%C4%B1_Para_Fonu,1,"2002 Türkiye genel seçimleri#18: Türkiye, 1994 yılında en derin ekonomik krizlerinden birini yaşadı. 'nin olumsuz etkileri ve kamu açıklarının kontrol altına alınamaması, 1994 öncesinde ihracatın sabit kalmasına rağmen ithalatın artmasına neden oldu. Bu dönemde kamu harcamaları kamu gelirlerinden daha fazla oldu ve 1994 yılında bütçe ve dış ticaret açıkları sürdürülemez hale geldi. 'nın değeri %13,6 oranında düşürüldü ve rezervleri 4 milyar dolar azaldı. 5 Nisan 1994'te ""Ekonomik İstikrar Tedbirleri"" yürürlüğe kondu ve (IMF) ile yapılan 750 milyon dolarlık Stand-By anlaşması imzalandı."
1997,https://tr.wikipedia.org/wiki/1997_Asya_mali_krizi,1,"2002 Türkiye genel seçimleri#19: - yılında Asya ekonomilerinde meydana gelen ekonomik kriz, Türkiye'yi de etkiledi ve Uzak Doğu sermayeli şirketler ülkeyi terk etmeye başladı."
1997,https://tr.wikipedia.org/wiki/1997_Asya_mali_krizi,1,"2002 Türkiye genel seçimleri#19: - yılında Asya ekonomilerinde meydana gelen ekonomik kriz, Türkiye'yi de etkiledi ve Uzak Doğu sermayeli şirketler ülkeyi terk etmeye başladı."
1998,https://tr.wikipedia.org/wiki/1998_Rusya_ekonomik_krizi,1,"2002 Türkiye genel seçimleri#19: - yılında Asya ekonomilerinde meydana gelen ekonomik kriz, Türkiye'yi de etkiledi ve Uzak Doğu sermayeli şirketler ülkeyi terk etmeye başladı."
1998,https://tr.wikipedia.org/wiki/1998_Rusya_ekonomik_krizi,1,"2002 Türkiye genel seçimleri#19: - yılında Asya ekonomilerinde meydana gelen ekonomik kriz, Türkiye'yi de etkiledi ve Uzak Doğu sermayeli şirketler ülkeyi terk etmeye başladı."
1999 depreminden,https://tr.wikipedia.org/wiki/1999_G%C3%B6lc%C3%BCk_depremi,1,"2002 Türkiye genel seçimleri#21: 2000 yılı, Türkiye için hem ekonomik canlanma hem de çöküş yılı oldu. sonra Türkiye, IMF'nin stand-by desteği ile ""Enflasyonu Düşürme Programı"" uygulamaya koydu."
1999 depreminden,https://tr.wikipedia.org/wiki/1999_G%C3%B6lc%C3%BCk_depremi,1,"2002 Türkiye genel seçimleri#21: 2000 yılı, Türkiye için hem ekonomik canlanma hem de çöküş yılı oldu. sonra Türkiye, IMF'nin stand-by desteği ile ""Enflasyonu Düşürme Programı"" uygulamaya koydu."
Kemal Derviş,https://tr.wikipedia.org/wiki/Kemal_Dervi%C5%9F,1,"Türkiye#266: Büyüyen kamu açıkları ve yaygın yolsuzluk ile birlikte ek mali reformların eksikliği, yüksek enflasyon ve zayıf bankacılık sektörü, dalgalanmasının artmasına sebep oldu. 2001 yılındaki kriz sonrası dönemin maliye bakanı tarafından başlatılan reformlardan bu yana, enflasyon tek haneli rakamlara düştü, yatırımcı güveni ile yabancı yatırım arttı, işsizlik oranı geriledi. | 2002 Türkiye genel seçimleri#24: Mayıs 2001'de 'in açıkladığı ""Güçlü Ekonomiye Geçiş Programı"" ile ve kredileriyle desteklenen program, ekonominin stabilizasyon sürecine girmesine yardımcı oldu. Ekonomi yönetimi Kemal Derviş'e bırakıldı ve pek çok yapısal reform hayata geçirildi."
Kemal Derviş,https://tr.wikipedia.org/wiki/Kemal_Dervi%C5%9F,1,"Türkiye#266: Büyüyen kamu açıkları ve yaygın yolsuzluk ile birlikte ek mali reformların eksikliği, yüksek enflasyon ve zayıf bankacılık sektörü, dalgalanmasının artmasına sebep oldu. 2001 yılındaki kriz sonrası dönemin maliye bakanı tarafından başlatılan reformlardan bu yana, enflasyon tek haneli rakamlara düştü, yatırımcı güveni ile yabancı yatırım arttı, işsizlik oranı geriledi. | 2002 Türkiye genel seçimleri#24: Mayıs 2001'de 'in açıkladığı ""Güçlü Ekonomiye Geçiş Programı"" ile ve kredileriyle desteklenen program, ekonominin stabilizasyon sürecine girmesine yardımcı oldu. Ekonomi yönetimi Kemal Derviş'e bırakıldı ve pek çok yapısal reform hayata geçirildi."
IMF,https://tr.wikipedia.org/wiki/Uluslararas%C4%B1_Para_Fonu,1,"2002 Türkiye genel seçimleri#24: Mayıs 2001'de 'in açıkladığı ""Güçlü Ekonomiye Geçiş Programı"" ile ve kredileriyle desteklenen program, ekonominin stabilizasyon sürecine girmesine yardımcı oldu. Ekonomi yönetimi Kemal Derviş'e bırakıldı ve pek çok yapısal reform hayata geçirildi."
IMF,https://tr.wikipedia.org/wiki/Uluslararas%C4%B1_Para_Fonu,1,"2002 Türkiye genel seçimleri#24: Mayıs 2001'de 'in açıkladığı ""Güçlü Ekonomiye Geçiş Programı"" ile ve kredileriyle desteklenen program, ekonominin stabilizasyon sürecine girmesine yardımcı oldu. Ekonomi yönetimi Kemal Derviş'e bırakıldı ve pek çok yapısal reform hayata geçirildi."
Dünya Bankası,https://tr.wikipedia.org/wiki/D%C3%BCnya_Bankas%C4%B1,1,"2002 Türkiye genel seçimleri#24: Mayıs 2001'de 'in açıkladığı ""Güçlü Ekonomiye Geçiş Programı"" ile ve kredileriyle desteklenen program, ekonominin stabilizasyon sürecine girmesine yardımcı oldu. Ekonomi yönetimi Kemal Derviş'e bırakıldı ve pek çok yapısal reform hayata geçirildi."
Dünya Bankası,https://tr.wikipedia.org/wiki/D%C3%BCnya_Bankas%C4%B1,1,"2002 Türkiye genel seçimleri#24: Mayıs 2001'de 'in açıkladığı ""Güçlü Ekonomiye Geçiş Programı"" ile ve kredileriyle desteklenen program, ekonominin stabilizasyon sürecine girmesine yardımcı oldu. Ekonomi yönetimi Kemal Derviş'e bırakıldı ve pek çok yapısal reform hayata geçirildi."
d'Hondt sistemi,https://tr.wikipedia.org/wiki/D%27Hondt_sistemi,1,"2002 Türkiye genel seçimleri#5: Türkiye genelinde uygulanan yüzde 10 nedeniyle, seçime katılan 18 siyasi partiden yalnızca (AK Parti) ve (CHP) bu barajı aşarak meclise milletvekili sokmayı başarmışlardır."
d'Hondt sistemi,https://tr.wikipedia.org/wiki/D%27Hondt_sistemi,1,"2002 Türkiye genel seçimleri#5: Türkiye genelinde uygulanan yüzde 10 nedeniyle, seçime katılan 18 siyasi partiden yalnızca (AK Parti) ve (CHP) bu barajı aşarak meclise milletvekili sokmayı başarmışlardır."
"Yeni Türkiye Partisi U:(https://tr.wikipedia.org/wiki/Yeni_T%C3%BCrkiye_Partisi_(2002))___ 'nin de seçim barajını aşamayarak TBMM'ye giremediği seçimler, Türkiye'nin siyasetini temelinden sarsan büyük bir değişim olarak nitelendirildi. [kaynak belirtilmeli] ___E:Seçim barajı",https://tr.wikipedia.org/wiki/Se%C3%A7im_baraj%C4%B1,1,"2002 Türkiye genel seçimleri#7: İktidardaki , ve 'nin yanı sıra önceki dönemde TBMM'de temsil edilen muhalefet partilerinden , ve 'nin de seçim barajını aşamayarak TBMM'ye giremediği seçimler, Türkiye'nin siyasetini temelinden sarsan büyük bir değişim olarak nitelendirildi. [kaynak belirtilmeli] nedeniyle temsil edilemeyen oy sayısı tarihte eşi benzeri görülmemiş bir şekilde %46,33 oranla 14.545.438 oldu."
"Yeni Türkiye Partisi U:(https://tr.wikipedia.org/wiki/Yeni_T%C3%BCrkiye_Partisi_(2002))___ 'nin de seçim barajını aşamayarak TBMM'ye giremediği seçimler, Türkiye'nin siyasetini temelinden sarsan büyük bir değişim olarak nitelendirildi. [kaynak belirtilmeli] ___E:Seçim barajı",https://tr.wikipedia.org/wiki/Se%C3%A7im_baraj%C4%B1,1,"2002 Türkiye genel seçimleri#7: İktidardaki , ve 'nin yanı sıra önceki dönemde TBMM'de temsil edilen muhalefet partilerinden , ve 'nin de seçim barajını aşamayarak TBMM'ye giremediği seçimler, Türkiye'nin siyasetini temelinden sarsan büyük bir değişim olarak nitelendirildi. [kaynak belirtilmeli] nedeniyle temsil edilemeyen oy sayısı tarihte eşi benzeri görülmemiş bir şekilde %46,33 oranla 14.545.438 oldu."
Hüsamettin Özkan,https://tr.wikipedia.org/wiki/H%C3%BCsamettin_%C3%96zkan,1,2002 Türkiye genel seçimleri#9: Tartışmalar 'nin (DSP) içine de yansıdı; 8 Temmuz'da 'ın Başbakan Yardımcılığı ve DSP'den ayrılmasıyla başlayan istifa dalgasıyla temmuz ayı içinde DSP meclis grubunun sayısı yarı yarıya düştü.
Hüsamettin Özkan,https://tr.wikipedia.org/wiki/H%C3%BCsamettin_%C3%96zkan,1,2002 Türkiye genel seçimleri#9: Tartışmalar 'nin (DSP) içine de yansıdı; 8 Temmuz'da 'ın Başbakan Yardımcılığı ve DSP'den ayrılmasıyla başlayan istifa dalgasıyla temmuz ayı içinde DSP meclis grubunun sayısı yarı yarıya düştü.
liste usulü çoğunluk sisteminin,https://tr.wikipedia.org/wiki/Liste_usul%C3%BC_%C3%A7o%C4%9Funluk_se%C3%A7im_sistemi,1,"2002 Türkiye genel seçimleri#6: Oyların yüzde 34,3'ünü alarak kazandığı 363 milletvekilliği ile tek başına iktidar olan AK Parti, TBMM'nin üyelik sayısının yaklaşık yüzde 66'sını alarak uygulandığı 1950'li yıllardan sonra TBMM'deki en büyük temsil gücünü elde eden siyasi parti oldu. 1999'da seçim barajını aşamayan liderliğindeki CHP ise oyların yüzde 19,39'u alarak ana muhalefet partisi oldu."
liste usulü çoğunluk sisteminin,https://tr.wikipedia.org/wiki/Liste_usul%C3%BC_%C3%A7o%C4%9Funluk_se%C3%A7im_sistemi,1,"2002 Türkiye genel seçimleri#6: Oyların yüzde 34,3'ünü alarak kazandığı 363 milletvekilliği ile tek başına iktidar olan AK Parti, TBMM'nin üyelik sayısının yaklaşık yüzde 66'sını alarak uygulandığı 1950'li yıllardan sonra TBMM'deki en büyük temsil gücünü elde eden siyasi parti oldu. 1999'da seçim barajını aşamayan liderliğindeki CHP ise oyların yüzde 19,39'u alarak ana muhalefet partisi oldu."
Osman Durmuş,https://tr.wikipedia.org/wiki/Osman_Durmu%C5%9F,1,2002 Türkiye genel seçimleri#36: Dönemin Sağlık Bakanı 'un ve 'ın yardımlarını kabul etmemesi büyük tepki çekti ve Durmuş'un istifası istendi.
Osman Durmuş,https://tr.wikipedia.org/wiki/Osman_Durmu%C5%9F,1,2002 Türkiye genel seçimleri#36: Dönemin Sağlık Bakanı 'un ve 'ın yardımlarını kabul etmemesi büyük tepki çekti ve Durmuş'un istifası istendi.
Rahşan Affı,https://tr.wikipedia.org/wiki/Rah%C5%9Fan_Aff%C4%B1,1,"2002 Türkiye genel seçimleri#32: Bu davaların büyük bir kısmı, kamuoyunda "" "" olarak bilinen Şartlı Salıverme ve Erteleme Yasası ile cezasız sonuçlandı."
Rahşan Affı,https://tr.wikipedia.org/wiki/Rah%C5%9Fan_Aff%C4%B1,1,"2002 Türkiye genel seçimleri#32: Bu davaların büyük bir kısmı, kamuoyunda "" "" olarak bilinen Şartlı Salıverme ve Erteleme Yasası ile cezasız sonuçlandı."
Marmara Bölgesi,https://tr.wikipedia.org/wiki/Marmara_B%C3%B6lgesi,1,"2002 Türkiye genel seçimleri#26: 17 Ağustos 1999'da meydana gelen , Türkiye'nin yakın tarihindeki en yıkıcı depremlerden biri olarak kayıtlara geçti. 'nde geniş bir alanda hissedilen deprem, Ankara'dan İzmir'e kadar etkisini gösterdi."
Marmara Bölgesi,https://tr.wikipedia.org/wiki/Marmara_B%C3%B6lgesi,1,"2002 Türkiye genel seçimleri#26: 17 Ağustos 1999'da meydana gelen , Türkiye'nin yakın tarihindeki en yıkıcı depremlerden biri olarak kayıtlara geçti. 'nde geniş bir alanda hissedilen deprem, Ankara'dan İzmir'e kadar etkisini gösterdi."
Gölcük Depremi,https://tr.wikipedia.org/wiki/1999_G%C3%B6lc%C3%BCk_depremi,1,"2002 Türkiye genel seçimleri#26: 17 Ağustos 1999'da meydana gelen , Türkiye'nin yakın tarihindeki en yıkıcı depremlerden biri olarak kayıtlara geçti. 'nde geniş bir alanda hissedilen deprem, Ankara'dan İzmir'e kadar etkisini gösterdi."
Gölcük Depremi,https://tr.wikipedia.org/wiki/1999_G%C3%B6lc%C3%BCk_depremi,1,"2002 Türkiye genel seçimleri#26: 17 Ağustos 1999'da meydana gelen , Türkiye'nin yakın tarihindeki en yıkıcı depremlerden biri olarak kayıtlara geçti. 'nde geniş bir alanda hissedilen deprem, Ankara'dan İzmir'e kadar etkisini gösterdi."
Demokrat Türkiye Partisi,https://tr.wikipedia.org/wiki/Demokrat_T%C3%BCrkiye_Partisi,1,"2002 Türkiye genel seçimleri#41: ve , listelerinden, , ve de listelerinden seçime girdiler. 'nin katılmasıyla tarihinde ilk kez adında kelimesi geçen bir parti seçimlere katıldı. Genel Başkanı siyasi yasağı nedeniyle seçimlere katılamadı."
Demokrat Türkiye Partisi,https://tr.wikipedia.org/wiki/Demokrat_T%C3%BCrkiye_Partisi,1,"2002 Türkiye genel seçimleri#41: ve , listelerinden, , ve de listelerinden seçime girdiler. 'nin katılmasıyla tarihinde ilk kez adında kelimesi geçen bir parti seçimlere katıldı. Genel Başkanı siyasi yasağı nedeniyle seçimlere katılamadı."
Aydınlık Türkiye Partisi,https://tr.wikipedia.org/wiki/Ayd%C4%B1nl%C4%B1k_T%C3%BCrkiye_Partisi,1,"2002 Türkiye genel seçimleri#41: ve , listelerinden, , ve de listelerinden seçime girdiler. 'nin katılmasıyla tarihinde ilk kez adında kelimesi geçen bir parti seçimlere katıldı. Genel Başkanı siyasi yasağı nedeniyle seçimlere katılamadı."
Aydınlık Türkiye Partisi,https://tr.wikipedia.org/wiki/Ayd%C4%B1nl%C4%B1k_T%C3%BCrkiye_Partisi,1,"2002 Türkiye genel seçimleri#41: ve , listelerinden, , ve de listelerinden seçime girdiler. 'nin katılmasıyla tarihinde ilk kez adında kelimesi geçen bir parti seçimlere katıldı. Genel Başkanı siyasi yasağı nedeniyle seçimlere katılamadı."
Yunanistan,https://tr.wikipedia.org/wiki/Yunanistan,1,"Trabzon#64: Bölgedeki nüfus 1923 yılında ve arasında yapılan "" "" ile gönderilmiştir. | Türkiye#2: Batıda ve , doğuda , , ve , güneyde ise ve ile sınır komşusudur. | Türkiye#5: Türkiye toprakları üzerinde bulunan ilk yerleşmeler 'nde başlar. 'da olmak üzere, , , ve sonucu 'dan kaçan tarafından kurulan medeniyeti gibi çeşitli eski ardından, kralı 'in egemenliğiyle ve fetihleriyle birlikte başladı. | Türkiye#105: Lozan Antlaşması sonrasında antlaşma maddeleri gereğince yapılan kapsamında Türkiye'deki 1,1 milyon ile 'daki 380 bin Türk yer değiştirdi. | Türkiye#109: 'nda (1939-1945) Türkiye, uzun süre tarafsızlığını korudu; ancak savaşın son aylarında, 23 Şubat 1945 tarihinde 'in yanında yer aldı. 26 Haziran 1945'te ise 'in kurucu üyelerinden biri oldu. 'ndan sonra 'da çıkan bastırılmasında karşılaşılan zorluklar ve 'nin 'nda askerî üs talep etmesi, 'nin 1947'de 'ni ilanıyla sonuçlandı. | Türkiye#213: Türkiye'nin 'daki kısmı olan 'da ve ile sınırı bulunmaktadır. 'daki kısmı olan 'da ise dar kıyı ovalarıyla çevrilmiş yüksek bir merkezî platodur. | Türkiye#276: Türkiye, 625 ev sahipliği yaparak ve 'ın ardından dünyada üçüncü sırada yer almaktadır. | 2002 Türkiye genel seçimleri#36: Dönemin Sağlık Bakanı 'un ve 'ın yardımlarını kabul etmemesi büyük tepki çekti ve Durmuş'un istifası istendi."
Yunanistan,https://tr.wikipedia.org/wiki/Yunanistan,1,"Trabzon#64: Bölgedeki nüfus 1923 yılında ve arasında yapılan "" "" ile gönderilmiştir. | Türkiye#2: Batıda ve , doğuda , , ve , güneyde ise ve ile sınır komşusudur. | Türkiye#5: Türkiye toprakları üzerinde bulunan ilk yerleşmeler 'nde başlar. 'da olmak üzere, , , ve sonucu 'dan kaçan tarafından kurulan medeniyeti gibi çeşitli eski ardından, kralı 'in egemenliğiyle ve fetihleriyle birlikte başladı. | Türkiye#105: Lozan Antlaşması sonrasında antlaşma maddeleri gereğince yapılan kapsamında Türkiye'deki 1,1 milyon ile 'daki 380 bin Türk yer değiştirdi. | Türkiye#109: 'nda (1939-1945) Türkiye, uzun süre tarafsızlığını korudu; ancak savaşın son aylarında, 23 Şubat 1945 tarihinde 'in yanında yer aldı. 26 Haziran 1945'te ise 'in kurucu üyelerinden biri oldu. 'ndan sonra 'da çıkan bastırılmasında karşılaşılan zorluklar ve 'nin 'nda askerî üs talep etmesi, 'nin 1947'de 'ni ilanıyla sonuçlandı. | Türkiye#213: Türkiye'nin 'daki kısmı olan 'da ve ile sınırı bulunmaktadır. 'daki kısmı olan 'da ise dar kıyı ovalarıyla çevrilmiş yüksek bir merkezî platodur. | Türkiye#276: Türkiye, 625 ev sahipliği yaparak ve 'ın ardından dünyada üçüncü sırada yer almaktadır. | 2002 Türkiye genel seçimleri#36: Dönemin Sağlık Bakanı 'un ve 'ın yardımlarını kabul etmemesi büyük tepki çekti ve Durmuş'un istifası istendi."
Ermenistan,https://tr.wikipedia.org/wiki/Ermenistan,1,"Trabzon#12: Merkezinde Yunanların çevre köylerinde bugünkü Lazların (Tzanlar) ataları olan Kolhislilerin ve yaşadığı Trabzon, Antik çağ ve sonrasında üzerinden ve Euphrates ( ) civarında üretilen ticari malların takas edildiği ticaret merkezi ve dış ülkelere satıldığı bir ihraç limanı özelliğindeydi. | Trabzon#46: Canlı bir kenti olan Trabzon'un köklü Rum ve Müslüman ailelerden oluşan eşrafı aktif olarak siyasetle uğraşmaktaydı. 'in sahibi olduğu İstikbal gazetesi yerel sermaye ve aydınların düşüncelerini kamuoyuna duyurdukları en önemli haber kaynağıydı. 'nin ardından bölgede bir 'nin kurulması hatta daha çok destek bulan bir proje olarak yeni kurulacak 'a liman kenti olarak verilmesi gündeme geldiğinde Trabzonlular 12 Şubat 1919 tarihinde 'ni kurarak 'ne bağlılığın korunması için mücadele etmeye karar vermişlerdi. 'ne kalabalık bir heyetle katılan Trabzon heyeti ile kongreyi düzenleyenler arasında başkanlık seçimi ve kongrenin niteliği konusunda bazı pürüzler çıkmıştır. | Türkiye#2: Batıda ve , doğuda , , ve , güneyde ise ve ile sınır komşusudur. | Türkiye#185: Azerbaycan'ın ile yaptığı 'nda Azerbaycan'ı destekleyen Türkiye, savaş yıllarından bu yana Ermenistan ile var olan sınır kapılarını kapalı tutmaktadır. | Türkiye#216: Ayrıca 5.137 metre (16.854 ft) yüksekliğindeki Türkiye'nin en yüksek dağı olan ve en büyük gölü olan de Doğu Anadolu'da yer alır. Türkiye, Anadolu toprakları üzerinde kuzeydoğuda , doğuda , 'a bağlı ve , güneydoğuda ve ile sınır komşusudur. | 2002 Türkiye genel seçimleri#36: Dönemin Sağlık Bakanı 'un ve 'ın yardımlarını kabul etmemesi büyük tepki çekti ve Durmuş'un istifası istendi."
Ermenistan,https://tr.wikipedia.org/wiki/Ermenistan,1,"Trabzon#12: Merkezinde Yunanların çevre köylerinde bugünkü Lazların (Tzanlar) ataları olan Kolhislilerin ve yaşadığı Trabzon, Antik çağ ve sonrasında üzerinden ve Euphrates ( ) civarında üretilen ticari malların takas edildiği ticaret merkezi ve dış ülkelere satıldığı bir ihraç limanı özelliğindeydi. | Trabzon#46: Canlı bir kenti olan Trabzon'un köklü Rum ve Müslüman ailelerden oluşan eşrafı aktif olarak siyasetle uğraşmaktaydı. 'in sahibi olduğu İstikbal gazetesi yerel sermaye ve aydınların düşüncelerini kamuoyuna duyurdukları en önemli haber kaynağıydı. 'nin ardından bölgede bir 'nin kurulması hatta daha çok destek bulan bir proje olarak yeni kurulacak 'a liman kenti olarak verilmesi gündeme geldiğinde Trabzonlular 12 Şubat 1919 tarihinde 'ni kurarak 'ne bağlılığın korunması için mücadele etmeye karar vermişlerdi. 'ne kalabalık bir heyetle katılan Trabzon heyeti ile kongreyi düzenleyenler arasında başkanlık seçimi ve kongrenin niteliği konusunda bazı pürüzler çıkmıştır. | Türkiye#2: Batıda ve , doğuda , , ve , güneyde ise ve ile sınır komşusudur. | Türkiye#185: Azerbaycan'ın ile yaptığı 'nda Azerbaycan'ı destekleyen Türkiye, savaş yıllarından bu yana Ermenistan ile var olan sınır kapılarını kapalı tutmaktadır. | Türkiye#216: Ayrıca 5.137 metre (16.854 ft) yüksekliğindeki Türkiye'nin en yüksek dağı olan ve en büyük gölü olan de Doğu Anadolu'da yer alır. Türkiye, Anadolu toprakları üzerinde kuzeydoğuda , doğuda , 'a bağlı ve , güneydoğuda ve ile sınır komşusudur. | 2002 Türkiye genel seçimleri#36: Dönemin Sağlık Bakanı 'un ve 'ın yardımlarını kabul etmemesi büyük tepki çekti ve Durmuş'un istifası istendi."
Emek Partisi,https://tr.wikipedia.org/wiki/Emek_Partisi,1,"Kasım 2015 Türkiye genel seçimleri#17: , 28 Ağustos 2015 tarihinde yapılan açıklama ile Kasım 2015 Türkiye genel seçimleri'ne katılma yeterliliğini taşıyan 29 partinin katılabileceğini bildirmiştir. 9 Eylül 2015 tarihinde seçimlere katılmama kararı almıştır. 13 Eylül 2015 tarihinde seçime katılabilecek siyasi partilerin oy pusulasındaki yerlerini belirlemiştir. , ve aldıkları seçime katılmama kararını Yüksek Seçim Kuruluna bildirmiştir. | Haziran 2015 Türkiye genel seçimleri#43: Seçime girme hakkı olan seçimlere girmeyip ""ilerici güçleri"" destekleyeceğinden, ile ittifak kararı aldığından, ile ile ittifak yaptığından , genel başkan istifasından dolayı seçime girmeyeceklerinden aday listesi sunmadılar. | 2002 Türkiye genel seçimleri#41: ve , listelerinden, , ve de listelerinden seçime girdiler. 'nin katılmasıyla tarihinde ilk kez adında kelimesi geçen bir parti seçimlere katıldı. Genel Başkanı siyasi yasağı nedeniyle seçimlere katılamadı."
Emek Partisi,https://tr.wikipedia.org/wiki/Emek_Partisi,1,"Kasım 2015 Türkiye genel seçimleri#17: , 28 Ağustos 2015 tarihinde yapılan açıklama ile Kasım 2015 Türkiye genel seçimleri'ne katılma yeterliliğini taşıyan 29 partinin katılabileceğini bildirmiştir. 9 Eylül 2015 tarihinde seçimlere katılmama kararı almıştır. 13 Eylül 2015 tarihinde seçime katılabilecek siyasi partilerin oy pusulasındaki yerlerini belirlemiştir. , ve aldıkları seçime katılmama kararını Yüksek Seçim Kuruluna bildirmiştir. | Haziran 2015 Türkiye genel seçimleri#43: Seçime girme hakkı olan seçimlere girmeyip ""ilerici güçleri"" destekleyeceğinden, ile ittifak kararı aldığından, ile ile ittifak yaptığından , genel başkan istifasından dolayı seçime girmeyeceklerinden aday listesi sunmadılar. | 2002 Türkiye genel seçimleri#41: ve , listelerinden, , ve de listelerinden seçime girdiler. 'nin katılmasıyla tarihinde ilk kez adında kelimesi geçen bir parti seçimlere katıldı. Genel Başkanı siyasi yasağı nedeniyle seçimlere katılamadı."
Halkın Demokrasi Partisi,https://tr.wikipedia.org/wiki/Halk%C4%B1n_Demokrasi_Partisi,1,"2002 Türkiye genel seçimleri#41: ve , listelerinden, , ve de listelerinden seçime girdiler. 'nin katılmasıyla tarihinde ilk kez adında kelimesi geçen bir parti seçimlere katıldı. Genel Başkanı siyasi yasağı nedeniyle seçimlere katılamadı."
Halkın Demokrasi Partisi,https://tr.wikipedia.org/wiki/Halk%C4%B1n_Demokrasi_Partisi,1,"2002 Türkiye genel seçimleri#41: ve , listelerinden, , ve de listelerinden seçime girdiler. 'nin katılmasıyla tarihinde ilk kez adında kelimesi geçen bir parti seçimlere katıldı. Genel Başkanı siyasi yasağı nedeniyle seçimlere katılamadı."
Demokratik Halk Partisi U:(https://tr.wikipedia.org/wiki/Demokratik_Halk_Partisi_(T%C3%BCrkiye))___ listelerinden seçime girdiler. 'nin katılmasıyla ___E:Türkiye,https://tr.wikipedia.org/wiki/T%C3%BCrkiye,1,"2002 Türkiye genel seçimleri#41: ve , listelerinden, , ve de listelerinden seçime girdiler. 'nin katılmasıyla tarihinde ilk kez adında kelimesi geçen bir parti seçimlere katıldı. Genel Başkanı siyasi yasağı nedeniyle seçimlere katılamadı."
Demokratik Halk Partisi U:(https://tr.wikipedia.org/wiki/Demokratik_Halk_Partisi_(T%C3%BCrkiye))___ listelerinden seçime girdiler. 'nin katılmasıyla ___E:Türkiye,https://tr.wikipedia.org/wiki/T%C3%BCrkiye,1,"2002 Türkiye genel seçimleri#41: ve , listelerinden, , ve de listelerinden seçime girdiler. 'nin katılmasıyla tarihinde ilk kez adında kelimesi geçen bir parti seçimlere katıldı. Genel Başkanı siyasi yasağı nedeniyle seçimlere katılamadı."
komünist,https://tr.wikipedia.org/wiki/Kom%C3%BCnizm,1,"2002 Türkiye genel seçimleri#41: ve , listelerinden, , ve de listelerinden seçime girdiler. 'nin katılmasıyla tarihinde ilk kez adında kelimesi geçen bir parti seçimlere katıldı. Genel Başkanı siyasi yasağı nedeniyle seçimlere katılamadı."
komünist,https://tr.wikipedia.org/wiki/Kom%C3%BCnizm,1,"2002 Türkiye genel seçimleri#41: ve , listelerinden, , ve de listelerinden seçime girdiler. 'nin katılmasıyla tarihinde ilk kez adında kelimesi geçen bir parti seçimlere katıldı. Genel Başkanı siyasi yasağı nedeniyle seçimlere katılamadı."
Akın Birdal,https://tr.wikipedia.org/wiki/Ak%C4%B1n_Birdal,1,"2002 Türkiye genel seçimleri#42: Erdoğan ile birlikte kapatılan (RP) Genel Başkanı , (SDP) Lideri ve Halkın Demokrasi Partisi (HADEP) eski Genel Başkanı 'ın da aralarında bulunduğu 60 kişinin adaylığı YSK tarafından reddedildi."
Akın Birdal,https://tr.wikipedia.org/wiki/Ak%C4%B1n_Birdal,1,"2002 Türkiye genel seçimleri#42: Erdoğan ile birlikte kapatılan (RP) Genel Başkanı , (SDP) Lideri ve Halkın Demokrasi Partisi (HADEP) eski Genel Başkanı 'ın da aralarında bulunduğu 60 kişinin adaylığı YSK tarafından reddedildi."
Murat Bozlak,https://tr.wikipedia.org/wiki/Murat_Bozlak,1,"2002 Türkiye genel seçimleri#42: Erdoğan ile birlikte kapatılan (RP) Genel Başkanı , (SDP) Lideri ve Halkın Demokrasi Partisi (HADEP) eski Genel Başkanı 'ın da aralarında bulunduğu 60 kişinin adaylığı YSK tarafından reddedildi."
Murat Bozlak,https://tr.wikipedia.org/wiki/Murat_Bozlak,1,"2002 Türkiye genel seçimleri#42: Erdoğan ile birlikte kapatılan (RP) Genel Başkanı , (SDP) Lideri ve Halkın Demokrasi Partisi (HADEP) eski Genel Başkanı 'ın da aralarında bulunduğu 60 kişinin adaylığı YSK tarafından reddedildi."
ABD Başkanı,https://tr.wikipedia.org/wiki/Amerika_Birle%C5%9Fik_Devletleri_ba%C5%9Fkan%C4%B1,1,"2002 Türkiye genel seçimleri#37: Dönemin , eşi ve kızı ile birlikte İzmit'e gelerek Doğukışla'daki çadır kentini ziyaret etti."
ABD Başkanı,https://tr.wikipedia.org/wiki/Amerika_Birle%C5%9Fik_Devletleri_ba%C5%9Fkan%C4%B1,1,"2002 Türkiye genel seçimleri#37: Dönemin , eşi ve kızı ile birlikte İzmit'e gelerek Doğukışla'daki çadır kentini ziyaret etti."
Bill Clinton,https://tr.wikipedia.org/wiki/Bill_Clinton,1,"2002 Türkiye genel seçimleri#37: Dönemin , eşi ve kızı ile birlikte İzmit'e gelerek Doğukışla'daki çadır kentini ziyaret etti."
Bill Clinton,https://tr.wikipedia.org/wiki/Bill_Clinton,1,"2002 Türkiye genel seçimleri#37: Dönemin , eşi ve kızı ile birlikte İzmit'e gelerek Doğukışla'daki çadır kentini ziyaret etti."
ara seçimlerden,https://tr.wikipedia.org/wiki/2003_T%C3%BCrkiye_milletvekili_ara_se%C3%A7imleri,1,"2002 Türkiye genel seçimleri#46: Geçerli oyların yüzde 34,29'unu alan Adalet ve Kalkınma Partisi elde ettiği 363 milletvekilliği ile (9 Mart 2003'te düzenlenen sonra 365'e yükseldi) tek başına hükûmeti kuracak çoğunluğu sağlarken, oyların yüzde 19,38'ini alan Cumhuriyet Halk Partisi ise kazandığı 178 milletvekilliği ile mecliste temsil edilen tek muhalefet partisi oldu. Ayrıca 9 bağımsız aday da TBMM'ye girdi."
ara seçimlerden,https://tr.wikipedia.org/wiki/2003_T%C3%BCrkiye_milletvekili_ara_se%C3%A7imleri,1,"2002 Türkiye genel seçimleri#46: Geçerli oyların yüzde 34,29'unu alan Adalet ve Kalkınma Partisi elde ettiği 363 milletvekilliği ile (9 Mart 2003'te düzenlenen sonra 365'e yükseldi) tek başına hükûmeti kuracak çoğunluğu sağlarken, oyların yüzde 19,38'ini alan Cumhuriyet Halk Partisi ise kazandığı 178 milletvekilliği ile mecliste temsil edilen tek muhalefet partisi oldu. Ayrıca 9 bağımsız aday da TBMM'ye girdi."
TBMM,https://tr.wikipedia.org/wiki/T%C3%BCrkiye_B%C3%BCy%C3%BCk_Millet_Meclisi,1,"2018 Türkiye genel seçimleri#36: Böylelikle önceden 5 milletvekili bulunan 'nin 'de grup kurması sağlanarak 36. maddesi yerine getirilmesi sağlandı. | 2002 Türkiye genel seçimleri#45: Yüzde 10'luk ülke barajı nedeniyle geçerli oyların yaklaşık yüzde 45'i 'ye yansıyamadı; seçimlere katılan 18 siyasi partiden yalnızca ile yüzde 10'luk ülke barajını aşarak TBMM'de temsil edilmeyi başardı, böylece 1946'dan sonra ikinci kez TBMM'de yalnızca iki parti temsil edildi."
TBMM,https://tr.wikipedia.org/wiki/T%C3%BCrkiye_B%C3%BCy%C3%BCk_Millet_Meclisi,1,"2018 Türkiye genel seçimleri#36: Böylelikle önceden 5 milletvekili bulunan 'nin 'de grup kurması sağlanarak 36. maddesi yerine getirilmesi sağlandı. | 2002 Türkiye genel seçimleri#45: Yüzde 10'luk ülke barajı nedeniyle geçerli oyların yaklaşık yüzde 45'i 'ye yansıyamadı; seçimlere katılan 18 siyasi partiden yalnızca ile yüzde 10'luk ülke barajını aşarak TBMM'de temsil edilmeyi başardı, böylece 1946'dan sonra ikinci kez TBMM'de yalnızca iki parti temsil edildi."
1999 genel seçimlerinden,https://tr.wikipedia.org/wiki/1999_T%C3%BCrkiye_genel_se%C3%A7imleri,1,"2002 Türkiye genel seçimleri#48: sonra kurulup 2002 seçimlerine kadar ülkeyi yöneten koalisyon hükûmetinin ortaklarından Demokratik Sol Parti, Milliyetçi Hareket Partisi ve 'nin yanı sıra muhalefetteki , ve barajı aşamayarak TBMM dışında kaldı."
1999 genel seçimlerinden,https://tr.wikipedia.org/wiki/1999_T%C3%BCrkiye_genel_se%C3%A7imleri,1,"2002 Türkiye genel seçimleri#48: sonra kurulup 2002 seçimlerine kadar ülkeyi yöneten koalisyon hükûmetinin ortaklarından Demokratik Sol Parti, Milliyetçi Hareket Partisi ve 'nin yanı sıra muhalefetteki , ve barajı aşamayarak TBMM dışında kaldı."
Osmaniye,https://tr.wikipedia.org/wiki/Osmaniye,1,"2002 Türkiye genel seçimleri#49: Milliyetçi Hareket Partisi lideri aday olduğu 'den %29,19 (58.622), ANAP lideri aday olduğu 'den %28,58 (46.577), lideri aday olduğu 'dan %25,21 (108.822) ve Doğru Yol Partisi lideri aday olduğu 'dan %22,66 (87.454) oy almalarına rağmen partileri baraja takıldığından milletvekili seçilemediler."
Osmaniye,https://tr.wikipedia.org/wiki/Osmaniye,1,"2002 Türkiye genel seçimleri#49: Milliyetçi Hareket Partisi lideri aday olduğu 'den %29,19 (58.622), ANAP lideri aday olduğu 'den %28,58 (46.577), lideri aday olduğu 'dan %25,21 (108.822) ve Doğru Yol Partisi lideri aday olduğu 'dan %22,66 (87.454) oy almalarına rağmen partileri baraja takıldığından milletvekili seçilemediler."
Rize,https://tr.wikipedia.org/wiki/Rize,1,"2002 Türkiye genel seçimleri#49: Milliyetçi Hareket Partisi lideri aday olduğu 'den %29,19 (58.622), ANAP lideri aday olduğu 'den %28,58 (46.577), lideri aday olduğu 'dan %25,21 (108.822) ve Doğru Yol Partisi lideri aday olduğu 'dan %22,66 (87.454) oy almalarına rağmen partileri baraja takıldığından milletvekili seçilemediler."
Rize,https://tr.wikipedia.org/wiki/Rize,1,"2002 Türkiye genel seçimleri#49: Milliyetçi Hareket Partisi lideri aday olduğu 'den %29,19 (58.622), ANAP lideri aday olduğu 'den %28,58 (46.577), lideri aday olduğu 'dan %25,21 (108.822) ve Doğru Yol Partisi lideri aday olduğu 'dan %22,66 (87.454) oy almalarına rağmen partileri baraja takıldığından milletvekili seçilemediler."
Mesut Yılmaz,https://tr.wikipedia.org/wiki/Mesut_Y%C4%B1lmaz,1,"2002 Türkiye genel seçimleri#49: Milliyetçi Hareket Partisi lideri aday olduğu 'den %29,19 (58.622), ANAP lideri aday olduğu 'den %28,58 (46.577), lideri aday olduğu 'dan %25,21 (108.822) ve Doğru Yol Partisi lideri aday olduğu 'dan %22,66 (87.454) oy almalarına rağmen partileri baraja takıldığından milletvekili seçilemediler."
Mesut Yılmaz,https://tr.wikipedia.org/wiki/Mesut_Y%C4%B1lmaz,1,"2002 Türkiye genel seçimleri#49: Milliyetçi Hareket Partisi lideri aday olduğu 'den %29,19 (58.622), ANAP lideri aday olduğu 'den %28,58 (46.577), lideri aday olduğu 'dan %25,21 (108.822) ve Doğru Yol Partisi lideri aday olduğu 'dan %22,66 (87.454) oy almalarına rağmen partileri baraja takıldığından milletvekili seçilemediler."
Sakarya,https://tr.wikipedia.org/wiki/Sakarya,1,"2002 Türkiye genel seçimleri#49: Milliyetçi Hareket Partisi lideri aday olduğu 'den %29,19 (58.622), ANAP lideri aday olduğu 'den %28,58 (46.577), lideri aday olduğu 'dan %25,21 (108.822) ve Doğru Yol Partisi lideri aday olduğu 'dan %22,66 (87.454) oy almalarına rağmen partileri baraja takıldığından milletvekili seçilemediler."
Sakarya,https://tr.wikipedia.org/wiki/Sakarya,1,"2002 Türkiye genel seçimleri#49: Milliyetçi Hareket Partisi lideri aday olduğu 'den %29,19 (58.622), ANAP lideri aday olduğu 'den %28,58 (46.577), lideri aday olduğu 'dan %25,21 (108.822) ve Doğru Yol Partisi lideri aday olduğu 'dan %22,66 (87.454) oy almalarına rağmen partileri baraja takıldığından milletvekili seçilemediler."
Muğla,https://tr.wikipedia.org/wiki/Mu%C4%9Fla,1,"2002 Türkiye genel seçimleri#49: Milliyetçi Hareket Partisi lideri aday olduğu 'den %29,19 (58.622), ANAP lideri aday olduğu 'den %28,58 (46.577), lideri aday olduğu 'dan %25,21 (108.822) ve Doğru Yol Partisi lideri aday olduğu 'dan %22,66 (87.454) oy almalarına rağmen partileri baraja takıldığından milletvekili seçilemediler."
Muğla,https://tr.wikipedia.org/wiki/Mu%C4%9Fla,1,"2002 Türkiye genel seçimleri#49: Milliyetçi Hareket Partisi lideri aday olduğu 'den %29,19 (58.622), ANAP lideri aday olduğu 'den %28,58 (46.577), lideri aday olduğu 'dan %25,21 (108.822) ve Doğru Yol Partisi lideri aday olduğu 'dan %22,66 (87.454) oy almalarına rağmen partileri baraja takıldığından milletvekili seçilemediler."
Mehmet Ağar,https://tr.wikipedia.org/wiki/Mehmet_A%C4%9Far,1,"2002 Türkiye genel seçimleri#51: Elazığ'dan bağımsız milletvekili seçilerek TBMM'ye giren , aralık ayında yapılan kongrede DYP Genel Başkanlığına seçildi."
Mehmet Ağar,https://tr.wikipedia.org/wiki/Mehmet_A%C4%9Far,1,"2002 Türkiye genel seçimleri#51: Elazığ'dan bağımsız milletvekili seçilerek TBMM'ye giren , aralık ayında yapılan kongrede DYP Genel Başkanlığına seçildi."
Ahmet Necdet Sezer,https://tr.wikipedia.org/wiki/Ahmet_Necdet_Sezer,1,"2007 Türkiye genel seçimleri#4: Görev süresi dolan 'nin 10. Cumhurbaşkanı 'in yerine 11. Cumhurbaşkanının seçilememesi üzerine TBMM Genel Kuruluda 3 Mayıs 2007 tarihinde milletvekilliği seçimlerinin 22 Temmuz 2007 günü yapılması karara bağlandı. | 2002 Türkiye genel seçimleri#53: 14 Kasım 2002 tarihinde Cumhurbaşkanı ile Adalet ve Kalkınma Partisi Genel Başkanı arasındaki görüşmeden sonra, Erdoğan'ın milletvekili olmaması nedeniyle, 16 Kasım 2002 tarihinde Adalet ve Kalkınma Partisi genel başkan yardımcısı , Sezer tarafından hükûmeti kurmakla görevlendirildi. 18 Kasım'da Ahmet Necdet Sezer tarafından onaylanmasıyla ilk Adalet ve Kalkınma Partisi hükûmeti göreve başladı."
Ahmet Necdet Sezer,https://tr.wikipedia.org/wiki/Ahmet_Necdet_Sezer,1,"2007 Türkiye genel seçimleri#4: Görev süresi dolan 'nin 10. Cumhurbaşkanı 'in yerine 11. Cumhurbaşkanının seçilememesi üzerine TBMM Genel Kuruluda 3 Mayıs 2007 tarihinde milletvekilliği seçimlerinin 22 Temmuz 2007 günü yapılması karara bağlandı. | 2002 Türkiye genel seçimleri#53: 14 Kasım 2002 tarihinde Cumhurbaşkanı ile Adalet ve Kalkınma Partisi Genel Başkanı arasındaki görüşmeden sonra, Erdoğan'ın milletvekili olmaması nedeniyle, 16 Kasım 2002 tarihinde Adalet ve Kalkınma Partisi genel başkan yardımcısı , Sezer tarafından hükûmeti kurmakla görevlendirildi. 18 Kasım'da Ahmet Necdet Sezer tarafından onaylanmasıyla ilk Adalet ve Kalkınma Partisi hükûmeti göreve başladı."
58. Hükûmetin,https://tr.wikipedia.org/wiki/58._T%C3%BCrkiye_H%C3%BCk%C3%BBmeti,1,"2002 Türkiye genel seçimleri#53: 14 Kasım 2002 tarihinde Cumhurbaşkanı ile Adalet ve Kalkınma Partisi Genel Başkanı arasındaki görüşmeden sonra, Erdoğan'ın milletvekili olmaması nedeniyle, 16 Kasım 2002 tarihinde Adalet ve Kalkınma Partisi genel başkan yardımcısı , Sezer tarafından hükûmeti kurmakla görevlendirildi. 18 Kasım'da Ahmet Necdet Sezer tarafından onaylanmasıyla ilk Adalet ve Kalkınma Partisi hükûmeti göreve başladı."
58. Hükûmetin,https://tr.wikipedia.org/wiki/58._T%C3%BCrkiye_H%C3%BCk%C3%BBmeti,1,"2002 Türkiye genel seçimleri#53: 14 Kasım 2002 tarihinde Cumhurbaşkanı ile Adalet ve Kalkınma Partisi Genel Başkanı arasındaki görüşmeden sonra, Erdoğan'ın milletvekili olmaması nedeniyle, 16 Kasım 2002 tarihinde Adalet ve Kalkınma Partisi genel başkan yardımcısı , Sezer tarafından hükûmeti kurmakla görevlendirildi. 18 Kasım'da Ahmet Necdet Sezer tarafından onaylanmasıyla ilk Adalet ve Kalkınma Partisi hükûmeti göreve başladı."
Siirt U:(https://tr.wikipedia.org/wiki/Siirt_(il))___ 'in ___E:Pervari,https://tr.wikipedia.org/wiki/Pervari,1,"2002 Türkiye genel seçimleri#54: Adalet ve Kalkınma Partisi, 'in ilçesine bağlı Doğanköy'de sandık kurullarının oluşturulmaması ve bir sandığın kırılması nedeniyle Siirt'teki seçimlerin iptali için Yüksek Seçim Kuruluna başvurdu."
Siirt U:(https://tr.wikipedia.org/wiki/Siirt_(il))___ 'in ___E:Pervari,https://tr.wikipedia.org/wiki/Pervari,1,"2002 Türkiye genel seçimleri#54: Adalet ve Kalkınma Partisi, 'in ilçesine bağlı Doğanköy'de sandık kurullarının oluşturulmaması ve bir sandığın kırılması nedeniyle Siirt'teki seçimlerin iptali için Yüksek Seçim Kuruluna başvurdu."
Mervan Gül,https://tr.wikipedia.org/wiki/Mervan_G%C3%BCl,1,"2002 Türkiye genel seçimleri#56: İptal kararıyla, 3 Kasım'daki seçimde Siirt'ten milletvekili seçilen, AK Parti'den , CHP'den ile bağımsız 'ün üyelikleri düştü."
Mervan Gül,https://tr.wikipedia.org/wiki/Mervan_G%C3%BCl,1,"2002 Türkiye genel seçimleri#56: İptal kararıyla, 3 Kasım'daki seçimde Siirt'ten milletvekili seçilen, AK Parti'den , CHP'den ile bağımsız 'ün üyelikleri düştü."
Ekrem Bilek,https://tr.wikipedia.org/w/index.php?title=Ekrem_Bilek&action=edit&redlink=1,1,"2002 Türkiye genel seçimleri#56: İptal kararıyla, 3 Kasım'daki seçimde Siirt'ten milletvekili seçilen, AK Parti'den , CHP'den ile bağımsız 'ün üyelikleri düştü."
Ekrem Bilek,https://tr.wikipedia.org/w/index.php?title=Ekrem_Bilek&action=edit&redlink=1,1,"2002 Türkiye genel seçimleri#56: İptal kararıyla, 3 Kasım'daki seçimde Siirt'ten milletvekili seçilen, AK Parti'den , CHP'den ile bağımsız 'ün üyelikleri düştü."
Fadıl Akgündüz,https://tr.wikipedia.org/wiki/Fad%C4%B1l_Akg%C3%BCnd%C3%BCz,1,"2002 Türkiye genel seçimleri#56: İptal kararıyla, 3 Kasım'daki seçimde Siirt'ten milletvekili seçilen, AK Parti'den , CHP'den ile bağımsız 'ün üyelikleri düştü."
Fadıl Akgündüz,https://tr.wikipedia.org/wiki/Fad%C4%B1l_Akg%C3%BCnd%C3%BCz,1,"2002 Türkiye genel seçimleri#56: İptal kararıyla, 3 Kasım'daki seçimde Siirt'ten milletvekili seçilen, AK Parti'den , CHP'den ile bağımsız 'ün üyelikleri düştü."
seçimler,https://tr.wikipedia.org/wiki/2003_T%C3%BCrkiye_milletvekili_ara_se%C3%A7imleri,1,"2002 Türkiye genel seçimleri#57: Siirt'te yapılacak ara seçim öncesinde liderliğindeki CHP'nin desteğiyle yapılan anayasa değişikliğiyle Erdoğan'ın milletvekili seçilmesinin önündeki engel kaldırdı. 9 Mart 2003'te yenilenen ve yalnızca 4 partinin katıldığı sonucunda Adalet ve Kalkınma Partisi 3 milletvekilliğini de kazandı, böylece Adalet ve Kalkınma Partisi'nin milletvekili sayısı 365'e yükselirken, Cumhuriyet Halk Partisi'nin milletvekili sayısı 177'e, bağımsızların sayısı ise 8'e geriledi."
seçimler,https://tr.wikipedia.org/wiki/2003_T%C3%BCrkiye_milletvekili_ara_se%C3%A7imleri,1,"2002 Türkiye genel seçimleri#57: Siirt'te yapılacak ara seçim öncesinde liderliğindeki CHP'nin desteğiyle yapılan anayasa değişikliğiyle Erdoğan'ın milletvekili seçilmesinin önündeki engel kaldırdı. 9 Mart 2003'te yenilenen ve yalnızca 4 partinin katıldığı sonucunda Adalet ve Kalkınma Partisi 3 milletvekilliğini de kazandı, böylece Adalet ve Kalkınma Partisi'nin milletvekili sayısı 365'e yükselirken, Cumhuriyet Halk Partisi'nin milletvekili sayısı 177'e, bağımsızların sayısı ise 8'e geriledi."
