E,U,Frekans,Kaynak_IDler
Avrupa,https://tr.wikipedia.org/wiki/Avrupa,15,"Türkiye#3: Güneyini ve , batısını , kuzeyini ise çevreler. ise ve ile birlikte 'yu 'dan, yani 'yı 'dan ayırır. | Türkiye#4: Resmî olarak bir devlet olan Türkiye'de nüfusun çoğunluğu . , Türkiye'nin ve ikinci en kalabalık şehri; ise, Türkiye'nin en kalabalık şehri, ekonomik merkezi ve aynı zamanda 'nın en kalabalık şehridir. | Türkiye#11: İmparatorluk, zirvesini 16. yüzyılda, özellikle döneminde yaşadı. 1683 yılındaki sonrasında gelen bozgun ve 15 sene süren sonucunda 'nun 'ya karşı üstünlüğü sona erdi. | Türkiye#19: Türkiye, askerî kapasitesi ve diplomatik girişimleri sayesinde kabul edilirken; ve kıtalarının kavşak noktasında yer alması nedeniyle olarak görülmektedir. | Türkiye#37: Ayrıca Türkiye'nin kıtasında kalan küçük bir bölümünü oluşturan ise, 40 bin yıl öncesine dayanan bir yerleşim tarihine sahiptir ve bölgenin sakinleri de tarıma başlayarak milattan 6000 yıl önce Cilalı Taş Devri'ne geçmiştir. | Türkiye#173: Günümüzde Türkiye, askerî kapasitesi ve diplomatik girişimleri sayesinde kabul edilirken; ve kıtalarının kavşak noktasında yer alması nedeniyle sahiptir. | Türkiye#206: Kalan %3'lük kısım ise kıtasında kalır ve diye adlandırılır. , ve Anadolu'yu Trakya'dan, yani Asya'yı Avrupa'dan ayırır. | Türkiye#213: Türkiye'nin 'daki kısmı olan 'da ve ile sınırı bulunmaktadır. 'daki kısmı olan 'da ise dar kıyı ovalarıyla çevrilmiş yüksek bir merkezî platodur. | Türkiye#255: ve gibi Türk markaları, 'nın en büyük ve üretim şirketlerindendir, bu sektörleri geliştirmek ve yeni bulmak konusunda önemli miktarda yatırımlar yapmaktadırlar. | Türkiye#274: , ekonominin önemli bir kısmını teşkil etmektedir ve son yirmi yılda hızlı bir büyüme yakalamıştır. 2024'te 56 milyondan fazla turist tarafından ziyaret edilen Türkiye, 'yı geride bırakarak ülkesi ve 'nın ise üçüncü en büyük turizm destinasyonudur. | Türkiye#278: Türkiye, 2023 yılında yaklaşık 1.154 trilyon ile dünyanın en büyük 17. ekonomisi, 'nın ise en büyük 7. ekonomisi olmuştur. 2013 yılında Türkiye'de 22 uluslararası havalimanı olmak üzere 98 havalimanı vardı. 'nın yılda 150 milyon yolcuya hizmet verme kapasitesiyle dünyanın en büyük havalimanı olması planlanıyor. 1933'ten bu yana Türkiye'nin bayrak taşıyıcı havayolu olan 'nın yanı sıra ülkede birçok havayolu şirketi faaliyet göstermektedir. , , ve 'da 315 noktaya tarifeli seferler gerçekleştiriyor ve bu da onu Dünyanın en çok yere sefer yapan havayolu firması yapıyor. ana aktarma merkezi olarak 90 milyon kapasiteli 'nı kullanıyor. | Türkiye#290: (1973), (1988) ve (2016), 'nın ve kıyılarını birbirine bağlayan üç asma köprüdür. (2016) 'nin kuzey ve güney kıyılarını birbirine bağlar. | Türkiye#311: Türkiye'nin en gelişmiş ve en kalabalık şehri 'dur. Ayrıca 'nın en kalabalık şehri unvanını da taşımaktadır. | Türkiye#394: Galatasaray 'da kupa kazanan ilk ve tek Türk futbol takımıdır. 2000 yılında ve 'nı kazanmıştır. altıncı, 'nda ve 'nda üçüncü olmuş, yarı final oynamış, yedinci olmuştur."
Avrupa,https://tr.wikipedia.org/wiki/Avrupa,15,"Türkiye#3: Güneyini ve , batısını , kuzeyini ise çevreler. ise ve ile birlikte 'yu 'dan, yani 'yı 'dan ayırır. | Türkiye#4: Resmî olarak bir devlet olan Türkiye'de nüfusun çoğunluğu . , Türkiye'nin ve ikinci en kalabalık şehri; ise, Türkiye'nin en kalabalık şehri, ekonomik merkezi ve aynı zamanda 'nın en kalabalık şehridir. | Türkiye#11: İmparatorluk, zirvesini 16. yüzyılda, özellikle döneminde yaşadı. 1683 yılındaki sonrasında gelen bozgun ve 15 sene süren sonucunda 'nun 'ya karşı üstünlüğü sona erdi. | Türkiye#19: Türkiye, askerî kapasitesi ve diplomatik girişimleri sayesinde kabul edilirken; ve kıtalarının kavşak noktasında yer alması nedeniyle olarak görülmektedir. | Türkiye#37: Ayrıca Türkiye'nin kıtasında kalan küçük bir bölümünü oluşturan ise, 40 bin yıl öncesine dayanan bir yerleşim tarihine sahiptir ve bölgenin sakinleri de tarıma başlayarak milattan 6000 yıl önce Cilalı Taş Devri'ne geçmiştir. | Türkiye#173: Günümüzde Türkiye, askerî kapasitesi ve diplomatik girişimleri sayesinde kabul edilirken; ve kıtalarının kavşak noktasında yer alması nedeniyle sahiptir. | Türkiye#206: Kalan %3'lük kısım ise kıtasında kalır ve diye adlandırılır. , ve Anadolu'yu Trakya'dan, yani Asya'yı Avrupa'dan ayırır. | Türkiye#213: Türkiye'nin 'daki kısmı olan 'da ve ile sınırı bulunmaktadır. 'daki kısmı olan 'da ise dar kıyı ovalarıyla çevrilmiş yüksek bir merkezî platodur. | Türkiye#255: ve gibi Türk markaları, 'nın en büyük ve üretim şirketlerindendir, bu sektörleri geliştirmek ve yeni bulmak konusunda önemli miktarda yatırımlar yapmaktadırlar. | Türkiye#274: , ekonominin önemli bir kısmını teşkil etmektedir ve son yirmi yılda hızlı bir büyüme yakalamıştır. 2024'te 56 milyondan fazla turist tarafından ziyaret edilen Türkiye, 'yı geride bırakarak ülkesi ve 'nın ise üçüncü en büyük turizm destinasyonudur. | Türkiye#278: Türkiye, 2023 yılında yaklaşık 1.154 trilyon ile dünyanın en büyük 17. ekonomisi, 'nın ise en büyük 7. ekonomisi olmuştur. 2013 yılında Türkiye'de 22 uluslararası havalimanı olmak üzere 98 havalimanı vardı. 'nın yılda 150 milyon yolcuya hizmet verme kapasitesiyle dünyanın en büyük havalimanı olması planlanıyor. 1933'ten bu yana Türkiye'nin bayrak taşıyıcı havayolu olan 'nın yanı sıra ülkede birçok havayolu şirketi faaliyet göstermektedir. , , ve 'da 315 noktaya tarifeli seferler gerçekleştiriyor ve bu da onu Dünyanın en çok yere sefer yapan havayolu firması yapıyor. ana aktarma merkezi olarak 90 milyon kapasiteli 'nı kullanıyor. | Türkiye#290: (1973), (1988) ve (2016), 'nın ve kıyılarını birbirine bağlayan üç asma köprüdür. (2016) 'nin kuzey ve güney kıyılarını birbirine bağlar. | Türkiye#311: Türkiye'nin en gelişmiş ve en kalabalık şehri 'dur. Ayrıca 'nın en kalabalık şehri unvanını da taşımaktadır. | Türkiye#394: Galatasaray 'da kupa kazanan ilk ve tek Türk futbol takımıdır. 2000 yılında ve 'nı kazanmıştır. altıncı, 'nda ve 'nda üçüncü olmuş, yarı final oynamış, yedinci olmuştur."
Anadolu,https://tr.wikipedia.org/wiki/Anadolu,9,"Trabzon#13: Pontus İmparatoru 'in ile giriştiği bir dizi savaşı kaybetmesinin ardından topraklarının yanı sıra Trabzon da Roma hakimiyetine girmiştir. | Trabzon#55: 1949 yılında 5442 sayılı İl İdaresi Kanunu uygulamasıyla 'da bulunan 78 bin civarındaki yerleşim adından 28 bin kadarının adı Türkçe olmadığı gerekçesiyle değiştirilmiş olup büyük bölümü olan Trabzon köy adları da değiştirilerek yerlerine isimler konulmuştur. | Türkiye#1: Türkiye , resmî adıyla Türkiye Cumhuriyeti , topraklarının büyük bölümü 'da 'da, diğer bir bölümü ise 'nın uzantısı 'da olan bir ülkedir. | Türkiye#3: Güneyini ve , batısını , kuzeyini ise çevreler. ise ve ile birlikte 'yu 'dan, yani 'yı 'dan ayırır. | Türkiye#6: Daha sonra, sırasıyla ve 'nun dönemleri yaşandı. 1071 yılında Bizans'a karşı kazandığı ile Anadolu'daki Bizans üstünlüğü büyük ölçüde kırılarak Anadolu, kısa süre içerisinde bağlı Türk beyleri tarafından ele geçirildi ve Anadolu toprakları üzerinde ve faaliyetleri başladı. | Türkiye#9: 13. yüzyılın sonlarından itibaren 'daki Türk beyliklerinden biri olarak ön plana çıkan ve bağımsızlık kazanan , 14. yüzyılda topraklarında gerçekleştirdiği fetihlerle büyük bir güç hâline geldi ve 'daki diğer Türk beylikleri üzerinde de hâkimiyet kurdu. | Türkiye#29: Günümüzdeki Türkiye topraklarının çoğunu oluşturan yarımadasındaki en eski arkeolojik bulgu, 'nde bulunan ve yaklaşık 1,24 ila 1,17 milyon yıla tarihlenen taş bir alettir. | Türkiye#68: Nitekim 1243'te Anadolu Selçuklu Devleti ile komutasındaki arasında gerçekleşen sonucunda gelen yenilgiyle , Moğol hâkimiyetine girmiştir ve Anadolu Selçuklu Devleti zayıflayıp yerini Türk beyliklerine bırakmıştır. | Türkiye#205: Topraklarının %97'si üzerinde bulunur ve bu kısım diye adlandırılır. | Türkiye#213: Türkiye'nin 'daki kısmı olan 'da ve ile sınırı bulunmaktadır. 'daki kısmı olan 'da ise dar kıyı ovalarıyla çevrilmiş yüksek bir merkezî platodur. | Türkiye#357: Türkiye; , , ( ve bir devamıydı) ve ile geleneklerinin karışımıyla ortaya çıkan çok çeşitli kültürleri barındırır."
Anadolu,https://tr.wikipedia.org/wiki/Anadolu,9,"Trabzon#13: Pontus İmparatoru 'in ile giriştiği bir dizi savaşı kaybetmesinin ardından topraklarının yanı sıra Trabzon da Roma hakimiyetine girmiştir. | Trabzon#55: 1949 yılında 5442 sayılı İl İdaresi Kanunu uygulamasıyla 'da bulunan 78 bin civarındaki yerleşim adından 28 bin kadarının adı Türkçe olmadığı gerekçesiyle değiştirilmiş olup büyük bölümü olan Trabzon köy adları da değiştirilerek yerlerine isimler konulmuştur. | Türkiye#1: Türkiye , resmî adıyla Türkiye Cumhuriyeti , topraklarının büyük bölümü 'da 'da, diğer bir bölümü ise 'nın uzantısı 'da olan bir ülkedir. | Türkiye#3: Güneyini ve , batısını , kuzeyini ise çevreler. ise ve ile birlikte 'yu 'dan, yani 'yı 'dan ayırır. | Türkiye#6: Daha sonra, sırasıyla ve 'nun dönemleri yaşandı. 1071 yılında Bizans'a karşı kazandığı ile Anadolu'daki Bizans üstünlüğü büyük ölçüde kırılarak Anadolu, kısa süre içerisinde bağlı Türk beyleri tarafından ele geçirildi ve Anadolu toprakları üzerinde ve faaliyetleri başladı. | Türkiye#9: 13. yüzyılın sonlarından itibaren 'daki Türk beyliklerinden biri olarak ön plana çıkan ve bağımsızlık kazanan , 14. yüzyılda topraklarında gerçekleştirdiği fetihlerle büyük bir güç hâline geldi ve 'daki diğer Türk beylikleri üzerinde de hâkimiyet kurdu. | Türkiye#29: Günümüzdeki Türkiye topraklarının çoğunu oluşturan yarımadasındaki en eski arkeolojik bulgu, 'nde bulunan ve yaklaşık 1,24 ila 1,17 milyon yıla tarihlenen taş bir alettir. | Türkiye#68: Nitekim 1243'te Anadolu Selçuklu Devleti ile komutasındaki arasında gerçekleşen sonucunda gelen yenilgiyle , Moğol hâkimiyetine girmiştir ve Anadolu Selçuklu Devleti zayıflayıp yerini Türk beyliklerine bırakmıştır. | Türkiye#205: Topraklarının %97'si üzerinde bulunur ve bu kısım diye adlandırılır. | Türkiye#213: Türkiye'nin 'daki kısmı olan 'da ve ile sınırı bulunmaktadır. 'daki kısmı olan 'da ise dar kıyı ovalarıyla çevrilmiş yüksek bir merkezî platodur. | Türkiye#357: Türkiye; , , ( ve bir devamıydı) ve ile geleneklerinin karışımıyla ortaya çıkan çok çeşitli kültürleri barındırır."
İstanbul,https://tr.wikipedia.org/wiki/%C4%B0stanbul,8,"Türkiye#4: Resmî olarak bir devlet olan Türkiye'de nüfusun çoğunluğu . , Türkiye'nin ve ikinci en kalabalık şehri; ise, Türkiye'nin en kalabalık şehri, ekonomik merkezi ve aynı zamanda 'nın en kalabalık şehridir. | Türkiye#222: Üzerinde bulundurur ve hâlâ daha sıklıkla depremler meydana gelmektedir. ve Boğazları, varlıklarını ülkedeki borçludurlar. | Türkiye#277: Euromonitor International'ın raporuna göre, 2024 yılında dünyanın en çok ziyaret edilen 2. şehri, ""turizm başkenti"" kabul edilen ise Paris ve gibi metropolleri geride bırakarak 6. sırada yer aldı. | Türkiye#311: Türkiye'nin en gelişmiş ve en kalabalık şehri 'dur. Ayrıca 'nın en kalabalık şehri unvanını da taşımaktadır. | Türkiye#322: Özellikle 'da yaklaşık 3 milyon Kürt yaşamaktadır ve bu durum şehri, dünya üzerinde en fazla Kürt nüfusuna sahip şehir yapmaktadır. | Türkiye#378: Türk mutfağı, ve mutfaklarıyla etkileşime girmiştir, saray mutfağı da Türk mutfağının önemli bir kısmını oluşturur. | Türkiye#392: Futbol ligler hâlinde oynanmakta ve bunların en büyüğü 'dir. Lig şampiyonu olabilmiş olan takımların dördü ( , , ve ) takımı, iki tanesi ( ve ) ise takımıdır. | TürkiyeCard#2: 41°1′K 28°57′D﻿ / ﻿41.017°K 28.950°D﻿ / 41.017; 28.950"
İstanbul,https://tr.wikipedia.org/wiki/%C4%B0stanbul,8,"Türkiye#4: Resmî olarak bir devlet olan Türkiye'de nüfusun çoğunluğu . , Türkiye'nin ve ikinci en kalabalık şehri; ise, Türkiye'nin en kalabalık şehri, ekonomik merkezi ve aynı zamanda 'nın en kalabalık şehridir. | Türkiye#222: Üzerinde bulundurur ve hâlâ daha sıklıkla depremler meydana gelmektedir. ve Boğazları, varlıklarını ülkedeki borçludurlar. | Türkiye#277: Euromonitor International'ın raporuna göre, 2024 yılında dünyanın en çok ziyaret edilen 2. şehri, ""turizm başkenti"" kabul edilen ise Paris ve gibi metropolleri geride bırakarak 6. sırada yer aldı. | Türkiye#311: Türkiye'nin en gelişmiş ve en kalabalık şehri 'dur. Ayrıca 'nın en kalabalık şehri unvanını da taşımaktadır. | Türkiye#322: Özellikle 'da yaklaşık 3 milyon Kürt yaşamaktadır ve bu durum şehri, dünya üzerinde en fazla Kürt nüfusuna sahip şehir yapmaktadır. | Türkiye#378: Türk mutfağı, ve mutfaklarıyla etkileşime girmiştir, saray mutfağı da Türk mutfağının önemli bir kısmını oluşturur. | Türkiye#392: Futbol ligler hâlinde oynanmakta ve bunların en büyüğü 'dir. Lig şampiyonu olabilmiş olan takımların dördü ( , , ve ) takımı, iki tanesi ( ve ) ise takımıdır. | TürkiyeCard#2: 41°1′K 28°57′D﻿ / ﻿41.017°K 28.950°D﻿ / 41.017; 28.950"
Ankara,https://tr.wikipedia.org/wiki/Ankara,7,"Türkiye#4: Resmî olarak bir devlet olan Türkiye'de nüfusun çoğunluğu . , Türkiye'nin ve ikinci en kalabalık şehri; ise, Türkiye'nin en kalabalık şehri, ekonomik merkezi ve aynı zamanda 'nın en kalabalık şehridir. | Türkiye#13: Ancak yapılan reformlar, imparatorluğun engelleyemedi. 1914 yılında başlayan 'na 'nin yanında giren imparatorluk, savaş sonucunda yenik düşerek 30 Ekim 1918 tarihinde tüm orduların teslim olması şartını kabul etti ve akabinde 'nce işgal edildi. 16 Mart 1920'de İtilaf Devletleri'nin bazı milletvekillerini tutuklayarak sürgüne göndermesi sonucunda 'ın kapanmasıyla önderliğinde 23 Nisan 1920 tarihinde 'da kuruldu. | Türkiye#104: Yeni antlaşma, Türkiye'nin kendi toprakları üzerindeki egemenliğine yol açtı. 'nin Türkiye'yi işgali, 4 Ekim 1923'te son İtilaf birliklerinin 'dan çekilmesi ve 6 Ekim 1923'te Türk birliklerinin sona erdi. 29 Ekim 1923'te yeni başkent 'da resmen . | Türkiye#123: Türkiye'nin başkenti 'dır. Ülkenin en büyük idari birimleri ve 81 il vardır. | Türkiye#232: Türkiye'nin başkenti , kendi adını taşıyan , ve gibi hayvanlarıyla ünlüdür. | TürkiyeCard#1: .mw-parser-output .geo-default,.mw-parser-output .geo-dms,.mw-parser-output .geo-dec{display:inline}.mw-parser-output .geo-nondefault,.mw-parser-output .geo-multi-punct,.mw-parser-output .geo-inline-hidden{display:none}.mw-parser-output .longitude,.mw-parser-output .latitude{white-space:nowrap} 39°56′K 32°50′D﻿ / ﻿39.933°K 32.833°D﻿ / 39.933; 32.833"
NATO,https://tr.wikipedia.org/wiki/NATO,7,"Türkiye#18: Türkiye 'nun ilk üyelerinden birisi ABD'nin ardından ittifak içinde ikinci en büyük askerî güce sahiptir. adayı olan Türkiye, AB Gümrük Birliği, , ve 'un bir parçasıdır. | Türkiye#112: 'na (1950-53) kuvvetleri ile birlikte katılan Türkiye, 1952 yılında 'ne karşı 'ya katıldı. , 'nin faaliyetleri, (adayı Yunanistan ile birleştirme) planları ve yaşanan toplumlar arası çatışmanın tırmanması sonucunda Türkiye, 20 Temmuz 1974'te . | Türkiye#179: Türkiye'nin dış ilişkilerinin bir diğer belirleyici unsuru ile ilişkiler olmuştur. 'nin oluşturduğu ortak tehdit sebebiyle Türkiye, 1952'de 'ya üye oldu ve boyunca hükûmetleri ile yakın ikili ilişkiler içinde bulundu. | Türkiye#188: Türkiye, 1950'den bu yana ve bünyesi dâhilinde uluslararası alanda çeşitli güçlerin korunmasına yardımcı olmuştur. ile eski 'da barış ortamının korunmasına destek sağlamış ve 'nda koalisyon güçlerini desteklemiştir. | Türkiye#189: Bunun yanı sıra varlığı tartışmalı olsa da topraklarında 36.000 askerini bulundurmaktadır. 'da , yetkilisi ve 2001'den bu yana komutası altında 'nin bir parçası olarak bulunmaktadır. 2003'ten beri Türkiye, 'na askerî personel sağlamakta ve 'nda yer almaktadır. | Türkiye#195: 2011 sayımlarına göre ülkenin tahminî 495.000 konuşlandırılabilir kuvveti bulunmaktadır. , , ve ile birlikte 'nun politikasının bir parçası olan beş ülkeden biridir. 'nde toplam 90 tane bulunmaktadır, bunlardan 40 tanesi nükleer bir çatışma durumunda NATO'dan onay almak şartıyla 'nin kullanması için tahsis edilmiştir."
Asya,https://tr.wikipedia.org/wiki/Asya,7,"Türkiye#3: Güneyini ve , batısını , kuzeyini ise çevreler. ise ve ile birlikte 'yu 'dan, yani 'yı 'dan ayırır. | Türkiye#19: Türkiye, askerî kapasitesi ve diplomatik girişimleri sayesinde kabul edilirken; ve kıtalarının kavşak noktasında yer alması nedeniyle olarak görülmektedir. | Türkiye#173: Günümüzde Türkiye, askerî kapasitesi ve diplomatik girişimleri sayesinde kabul edilirken; ve kıtalarının kavşak noktasında yer alması nedeniyle sahiptir. | Türkiye#205: Topraklarının %97'si üzerinde bulunur ve bu kısım diye adlandırılır. | Türkiye#213: Türkiye'nin 'daki kısmı olan 'da ve ile sınırı bulunmaktadır. 'daki kısmı olan 'da ise dar kıyı ovalarıyla çevrilmiş yüksek bir merkezî platodur. | Türkiye#278: Türkiye, 2023 yılında yaklaşık 1.154 trilyon ile dünyanın en büyük 17. ekonomisi, 'nın ise en büyük 7. ekonomisi olmuştur. 2013 yılında Türkiye'de 22 uluslararası havalimanı olmak üzere 98 havalimanı vardı. 'nın yılda 150 milyon yolcuya hizmet verme kapasitesiyle dünyanın en büyük havalimanı olması planlanıyor. 1933'ten bu yana Türkiye'nin bayrak taşıyıcı havayolu olan 'nın yanı sıra ülkede birçok havayolu şirketi faaliyet göstermektedir. , , ve 'da 315 noktaya tarifeli seferler gerçekleştiriyor ve bu da onu Dünyanın en çok yere sefer yapan havayolu firması yapıyor. ana aktarma merkezi olarak 90 milyon kapasiteli 'nı kullanıyor. | Türkiye#290: (1973), (1988) ve (2016), 'nın ve kıyılarını birbirine bağlayan üç asma köprüdür. (2016) 'nin kuzey ve güney kıyılarını birbirine bağlar."
Ankara,https://tr.wikipedia.org/wiki/Ankara,7,"Türkiye#4: Resmî olarak bir devlet olan Türkiye'de nüfusun çoğunluğu . , Türkiye'nin ve ikinci en kalabalık şehri; ise, Türkiye'nin en kalabalık şehri, ekonomik merkezi ve aynı zamanda 'nın en kalabalık şehridir. | Türkiye#13: Ancak yapılan reformlar, imparatorluğun engelleyemedi. 1914 yılında başlayan 'na 'nin yanında giren imparatorluk, savaş sonucunda yenik düşerek 30 Ekim 1918 tarihinde tüm orduların teslim olması şartını kabul etti ve akabinde 'nce işgal edildi. 16 Mart 1920'de İtilaf Devletleri'nin bazı milletvekillerini tutuklayarak sürgüne göndermesi sonucunda 'ın kapanmasıyla önderliğinde 23 Nisan 1920 tarihinde 'da kuruldu. | Türkiye#104: Yeni antlaşma, Türkiye'nin kendi toprakları üzerindeki egemenliğine yol açtı. 'nin Türkiye'yi işgali, 4 Ekim 1923'te son İtilaf birliklerinin 'dan çekilmesi ve 6 Ekim 1923'te Türk birliklerinin sona erdi. 29 Ekim 1923'te yeni başkent 'da resmen . | Türkiye#123: Türkiye'nin başkenti 'dır. Ülkenin en büyük idari birimleri ve 81 il vardır. | Türkiye#232: Türkiye'nin başkenti , kendi adını taşıyan , ve gibi hayvanlarıyla ünlüdür. | TürkiyeCard#1: .mw-parser-output .geo-default,.mw-parser-output .geo-dms,.mw-parser-output .geo-dec{display:inline}.mw-parser-output .geo-nondefault,.mw-parser-output .geo-multi-punct,.mw-parser-output .geo-inline-hidden{display:none}.mw-parser-output .longitude,.mw-parser-output .latitude{white-space:nowrap} 39°56′K 32°50′D﻿ / ﻿39.933°K 32.833°D﻿ / 39.933; 32.833"
Osmanlı İmparatorluğu,https://tr.wikipedia.org/wiki/Osmanl%C4%B1_%C4%B0mparatorlu%C4%9Fu,7,"Türkiye#11: İmparatorluk, zirvesini 16. yüzyılda, özellikle döneminde yaşadı. 1683 yılındaki sonrasında gelen bozgun ve 15 sene süren sonucunda 'nun 'ya karşı üstünlüğü sona erdi. | Türkiye#14: Onun önderliğinde işgalci kuvvetlere karşı yapılan (1919-1922) başarıya ulaşarak, 1 Kasım 1922 tarihinde Türkiye Büyük Millet Meclisi tarafından Osmanlı monarşisi ve tarihe karıştı. | Türkiye#24: Sözcüğün soydaşı olan Tourkia ( : Τουρκία ), İmparatoru ve bilgini tarafından De Administrando Imperio kitabında kullanıldı. ise, kendi çağdaşı olan diğer ülkeler tarafından ara ara şeklinde tanınırdı. | Türkiye#79: , Batı Avrupa'da gerçekleşen , , ve gibi yeni gelişmeleri ülkesine getiremeyerek çağın gerisinde kaldı. 'nın bitmesiyle 1699'da imzalanan sonrasında Osmanlı İmparatorluğu yavaşça . | Türkiye#99: Savaşın ardından imparatorluğa bağlı milletler ayrılarak kurdular. 30 Ekim 1918'de , ile 'ni imzaladı. 10 Ağustos 1920'de imzalanan ise Osmanlı topraklarını İtilaf Devletleri arasında paylaştırdı, ancak yürürlüğe giremedi. | Türkiye#103: 24 Temmuz 1923'te Sevr Antlaşması'nın yerine imzalanan , 'nun devamı niteliğindeki yeni Türk devletinin uluslararası alanda tanınmasını sağladı. | Türkiye#345: MÖ 5. yüzyıldan itibaren Anadolu topraklarında yaşamaya başladı ve yirmi yüzyıl sonra, 15. yüzyıl sonlarında birlikte , bu Yahudilerin günümüzdeki Türkiye topraklarına yerleşmesine izin verdi."
NATO,https://tr.wikipedia.org/wiki/NATO,7,"Türkiye#18: Türkiye 'nun ilk üyelerinden birisi ABD'nin ardından ittifak içinde ikinci en büyük askerî güce sahiptir. adayı olan Türkiye, AB Gümrük Birliği, , ve 'un bir parçasıdır. | Türkiye#112: 'na (1950-53) kuvvetleri ile birlikte katılan Türkiye, 1952 yılında 'ne karşı 'ya katıldı. , 'nin faaliyetleri, (adayı Yunanistan ile birleştirme) planları ve yaşanan toplumlar arası çatışmanın tırmanması sonucunda Türkiye, 20 Temmuz 1974'te . | Türkiye#179: Türkiye'nin dış ilişkilerinin bir diğer belirleyici unsuru ile ilişkiler olmuştur. 'nin oluşturduğu ortak tehdit sebebiyle Türkiye, 1952'de 'ya üye oldu ve boyunca hükûmetleri ile yakın ikili ilişkiler içinde bulundu. | Türkiye#188: Türkiye, 1950'den bu yana ve bünyesi dâhilinde uluslararası alanda çeşitli güçlerin korunmasına yardımcı olmuştur. ile eski 'da barış ortamının korunmasına destek sağlamış ve 'nda koalisyon güçlerini desteklemiştir. | Türkiye#189: Bunun yanı sıra varlığı tartışmalı olsa da topraklarında 36.000 askerini bulundurmaktadır. 'da , yetkilisi ve 2001'den bu yana komutası altında 'nin bir parçası olarak bulunmaktadır. 2003'ten beri Türkiye, 'na askerî personel sağlamakta ve 'nda yer almaktadır. | Türkiye#195: 2011 sayımlarına göre ülkenin tahminî 495.000 konuşlandırılabilir kuvveti bulunmaktadır. , , ve ile birlikte 'nun politikasının bir parçası olan beş ülkeden biridir. 'nde toplam 90 tane bulunmaktadır, bunlardan 40 tanesi nükleer bir çatışma durumunda NATO'dan onay almak şartıyla 'nin kullanması için tahsis edilmiştir."
Asya,https://tr.wikipedia.org/wiki/Asya,7,"Türkiye#3: Güneyini ve , batısını , kuzeyini ise çevreler. ise ve ile birlikte 'yu 'dan, yani 'yı 'dan ayırır. | Türkiye#19: Türkiye, askerî kapasitesi ve diplomatik girişimleri sayesinde kabul edilirken; ve kıtalarının kavşak noktasında yer alması nedeniyle olarak görülmektedir. | Türkiye#173: Günümüzde Türkiye, askerî kapasitesi ve diplomatik girişimleri sayesinde kabul edilirken; ve kıtalarının kavşak noktasında yer alması nedeniyle sahiptir. | Türkiye#205: Topraklarının %97'si üzerinde bulunur ve bu kısım diye adlandırılır. | Türkiye#213: Türkiye'nin 'daki kısmı olan 'da ve ile sınırı bulunmaktadır. 'daki kısmı olan 'da ise dar kıyı ovalarıyla çevrilmiş yüksek bir merkezî platodur. | Türkiye#278: Türkiye, 2023 yılında yaklaşık 1.154 trilyon ile dünyanın en büyük 17. ekonomisi, 'nın ise en büyük 7. ekonomisi olmuştur. 2013 yılında Türkiye'de 22 uluslararası havalimanı olmak üzere 98 havalimanı vardı. 'nın yılda 150 milyon yolcuya hizmet verme kapasitesiyle dünyanın en büyük havalimanı olması planlanıyor. 1933'ten bu yana Türkiye'nin bayrak taşıyıcı havayolu olan 'nın yanı sıra ülkede birçok havayolu şirketi faaliyet göstermektedir. , , ve 'da 315 noktaya tarifeli seferler gerçekleştiriyor ve bu da onu Dünyanın en çok yere sefer yapan havayolu firması yapıyor. ana aktarma merkezi olarak 90 milyon kapasiteli 'nı kullanıyor. | Türkiye#290: (1973), (1988) ve (2016), 'nın ve kıyılarını birbirine bağlayan üç asma köprüdür. (2016) 'nin kuzey ve güney kıyılarını birbirine bağlar."
Osmanlı İmparatorluğu,https://tr.wikipedia.org/wiki/Osmanl%C4%B1_%C4%B0mparatorlu%C4%9Fu,7,"Türkiye#11: İmparatorluk, zirvesini 16. yüzyılda, özellikle döneminde yaşadı. 1683 yılındaki sonrasında gelen bozgun ve 15 sene süren sonucunda 'nun 'ya karşı üstünlüğü sona erdi. | Türkiye#14: Onun önderliğinde işgalci kuvvetlere karşı yapılan (1919-1922) başarıya ulaşarak, 1 Kasım 1922 tarihinde Türkiye Büyük Millet Meclisi tarafından Osmanlı monarşisi ve tarihe karıştı. | Türkiye#24: Sözcüğün soydaşı olan Tourkia ( : Τουρκία ), İmparatoru ve bilgini tarafından De Administrando Imperio kitabında kullanıldı. ise, kendi çağdaşı olan diğer ülkeler tarafından ara ara şeklinde tanınırdı. | Türkiye#79: , Batı Avrupa'da gerçekleşen , , ve gibi yeni gelişmeleri ülkesine getiremeyerek çağın gerisinde kaldı. 'nın bitmesiyle 1699'da imzalanan sonrasında Osmanlı İmparatorluğu yavaşça . | Türkiye#99: Savaşın ardından imparatorluğa bağlı milletler ayrılarak kurdular. 30 Ekim 1918'de , ile 'ni imzaladı. 10 Ağustos 1920'de imzalanan ise Osmanlı topraklarını İtilaf Devletleri arasında paylaştırdı, ancak yürürlüğe giremedi. | Türkiye#103: 24 Temmuz 1923'te Sevr Antlaşması'nın yerine imzalanan , 'nun devamı niteliğindeki yeni Türk devletinin uluslararası alanda tanınmasını sağladı. | Türkiye#345: MÖ 5. yüzyıldan itibaren Anadolu topraklarında yaşamaya başladı ve yirmi yüzyıl sonra, 15. yüzyıl sonlarında birlikte , bu Yahudilerin günümüzdeki Türkiye topraklarına yerleşmesine izin verdi."
Doğu Trakya,https://tr.wikipedia.org/wiki/Do%C4%9Fu_Trakya,6,"Türkiye#1: Türkiye , resmî adıyla Türkiye Cumhuriyeti , topraklarının büyük bölümü 'da 'da, diğer bir bölümü ise 'nın uzantısı 'da olan bir ülkedir. | Türkiye#5: Türkiye toprakları üzerinde bulunan ilk yerleşmeler 'nde başlar. 'da olmak üzere, , , ve sonucu 'dan kaçan tarafından kurulan medeniyeti gibi çeşitli eski ardından, kralı 'in egemenliğiyle ve fetihleriyle birlikte başladı. | Türkiye#37: Ayrıca Türkiye'nin kıtasında kalan küçük bir bölümünü oluşturan ise, 40 bin yıl öncesine dayanan bir yerleşim tarihine sahiptir ve bölgenin sakinleri de tarıma başlayarak milattan 6000 yıl önce Cilalı Taş Devri'ne geçmiştir. | Türkiye#206: Kalan %3'lük kısım ise kıtasında kalır ve diye adlandırılır. , ve Anadolu'yu Trakya'dan, yani Asya'yı Avrupa'dan ayırır. | Türkiye#213: Türkiye'nin 'daki kısmı olan 'da ve ile sınırı bulunmaktadır. 'daki kısmı olan 'da ise dar kıyı ovalarıyla çevrilmiş yüksek bir merkezî platodur. | Türkiye#375: Türk kültüründe önemli bir yer tutar. 'da ; , ve 'da ; 'de ; İç-Batı Anadolu, , Güney Marmara ve Doğu Akdeniz'de ile ; ve 'de ; ve İç Anadolu'da ; Kuzeydoğu Anadolu'da ve halk oyunları yaygındır."
Doğu Trakya,https://tr.wikipedia.org/wiki/Do%C4%9Fu_Trakya,6,"Türkiye#1: Türkiye , resmî adıyla Türkiye Cumhuriyeti , topraklarının büyük bölümü 'da 'da, diğer bir bölümü ise 'nın uzantısı 'da olan bir ülkedir. | Türkiye#5: Türkiye toprakları üzerinde bulunan ilk yerleşmeler 'nde başlar. 'da olmak üzere, , , ve sonucu 'dan kaçan tarafından kurulan medeniyeti gibi çeşitli eski ardından, kralı 'in egemenliğiyle ve fetihleriyle birlikte başladı. | Türkiye#37: Ayrıca Türkiye'nin kıtasında kalan küçük bir bölümünü oluşturan ise, 40 bin yıl öncesine dayanan bir yerleşim tarihine sahiptir ve bölgenin sakinleri de tarıma başlayarak milattan 6000 yıl önce Cilalı Taş Devri'ne geçmiştir. | Türkiye#206: Kalan %3'lük kısım ise kıtasında kalır ve diye adlandırılır. , ve Anadolu'yu Trakya'dan, yani Asya'yı Avrupa'dan ayırır. | Türkiye#213: Türkiye'nin 'daki kısmı olan 'da ve ile sınırı bulunmaktadır. 'daki kısmı olan 'da ise dar kıyı ovalarıyla çevrilmiş yüksek bir merkezî platodur. | Türkiye#375: Türk kültüründe önemli bir yer tutar. 'da ; , ve 'da ; 'de ; İç-Batı Anadolu, , Güney Marmara ve Doğu Akdeniz'de ile ; ve 'de ; ve İç Anadolu'da ; Kuzeydoğu Anadolu'da ve halk oyunları yaygındır."
Yunanistan,https://tr.wikipedia.org/wiki/Yunanistan,6,"Trabzon#64: Bölgedeki nüfus 1923 yılında ve arasında yapılan "" "" ile gönderilmiştir. | Türkiye#2: Batıda ve , doğuda , , ve , güneyde ise ve ile sınır komşusudur. | Türkiye#5: Türkiye toprakları üzerinde bulunan ilk yerleşmeler 'nde başlar. 'da olmak üzere, , , ve sonucu 'dan kaçan tarafından kurulan medeniyeti gibi çeşitli eski ardından, kralı 'in egemenliğiyle ve fetihleriyle birlikte başladı. | Türkiye#105: Lozan Antlaşması sonrasında antlaşma maddeleri gereğince yapılan kapsamında Türkiye'deki 1,1 milyon ile 'daki 380 bin Türk yer değiştirdi. | Türkiye#109: 'nda (1939-1945) Türkiye, uzun süre tarafsızlığını korudu; ancak savaşın son aylarında, 23 Şubat 1945 tarihinde 'in yanında yer aldı. 26 Haziran 1945'te ise 'in kurucu üyelerinden biri oldu. 'ndan sonra 'da çıkan bastırılmasında karşılaşılan zorluklar ve 'nin 'nda askerî üs talep etmesi, 'nin 1947'de 'ni ilanıyla sonuçlandı. | Türkiye#213: Türkiye'nin 'daki kısmı olan 'da ve ile sınırı bulunmaktadır. 'daki kısmı olan 'da ise dar kıyı ovalarıyla çevrilmiş yüksek bir merkezî platodur. | Türkiye#276: Türkiye, 625 ev sahipliği yaparak ve 'ın ardından dünyada üçüncü sırada yer almaktadır."
Yunanistan,https://tr.wikipedia.org/wiki/Yunanistan,6,"Trabzon#64: Bölgedeki nüfus 1923 yılında ve arasında yapılan "" "" ile gönderilmiştir. | Türkiye#2: Batıda ve , doğuda , , ve , güneyde ise ve ile sınır komşusudur. | Türkiye#5: Türkiye toprakları üzerinde bulunan ilk yerleşmeler 'nde başlar. 'da olmak üzere, , , ve sonucu 'dan kaçan tarafından kurulan medeniyeti gibi çeşitli eski ardından, kralı 'in egemenliğiyle ve fetihleriyle birlikte başladı. | Türkiye#105: Lozan Antlaşması sonrasında antlaşma maddeleri gereğince yapılan kapsamında Türkiye'deki 1,1 milyon ile 'daki 380 bin Türk yer değiştirdi. | Türkiye#109: 'nda (1939-1945) Türkiye, uzun süre tarafsızlığını korudu; ancak savaşın son aylarında, 23 Şubat 1945 tarihinde 'in yanında yer aldı. 26 Haziran 1945'te ise 'in kurucu üyelerinden biri oldu. 'ndan sonra 'da çıkan bastırılmasında karşılaşılan zorluklar ve 'nin 'nda askerî üs talep etmesi, 'nin 1947'de 'ni ilanıyla sonuçlandı. | Türkiye#213: Türkiye'nin 'daki kısmı olan 'da ve ile sınırı bulunmaktadır. 'daki kısmı olan 'da ise dar kıyı ovalarıyla çevrilmiş yüksek bir merkezî platodur. | Türkiye#276: Türkiye, 625 ev sahipliği yaparak ve 'ın ardından dünyada üçüncü sırada yer almaktadır."
Birleşmiş Milletler,https://tr.wikipedia.org/wiki/Birle%C5%9Fmi%C5%9F_Milletler,5,"Türkiye#28: Mayıs 2022'de , ve diğer uluslararası kuruluşlardan İngilizce olarak Turkey yerine Türkiye kullanılmasını talep etmiş ve bu talep Birleşmiş Milletler tarafından kabul edilmiştir. | Türkiye#109: 'nda (1939-1945) Türkiye, uzun süre tarafsızlığını korudu; ancak savaşın son aylarında, 23 Şubat 1945 tarihinde 'in yanında yer aldı. 26 Haziran 1945'te ise 'in kurucu üyelerinden biri oldu. 'ndan sonra 'da çıkan bastırılmasında karşılaşılan zorluklar ve 'nin 'nda askerî üs talep etmesi, 'nin 1947'de 'ni ilanıyla sonuçlandı. | Türkiye#112: 'na (1950-53) kuvvetleri ile birlikte katılan Türkiye, 1952 yılında 'ne karşı 'ya katıldı. , 'nin faaliyetleri, (adayı Yunanistan ile birleştirme) planları ve yaşanan toplumlar arası çatışmanın tırmanması sonucunda Türkiye, 20 Temmuz 1974'te . | Türkiye#174: Ülke, (1945), (1961), (1969), (1973), (1985), (1992), (1997), (1999) ve (2009) gibi uluslararası örgütlerin kurucu üyelerinden birisidir. 1951-1952, 1954-1955, 1961 ve son olarak 2009-2010 yıllarında 'nde geçici üye olarak görev yapmıştır. | Türkiye#188: Türkiye, 1950'den bu yana ve bünyesi dâhilinde uluslararası alanda çeşitli güçlerin korunmasına yardımcı olmuştur. ile eski 'da barış ortamının korunmasına destek sağlamış ve 'nda koalisyon güçlerini desteklemiştir."
OECD,https://tr.wikipedia.org/wiki/OECD,5,"Türkiye#17: Resmî dili ve nüfusunun çoğunluğu 'dır. Türkiye, , ve 'nın kurucu üyesidir. | Türkiye#111: Her iki ülke de 1948 yılında Avrupa ekonomisinin yeniden inşası için ve 'ye dâhil edildi, daha sonra 1961 yılında 'nin kurucu üyesi hâline geldi. | Türkiye#174: Ülke, (1945), (1961), (1969), (1973), (1985), (1992), (1997), (1999) ve (2009) gibi uluslararası örgütlerin kurucu üyelerinden birisidir. 1951-1952, 1954-1955, 1961 ve son olarak 2009-2010 yıllarında 'nde geçici üye olarak görev yapmıştır. | Türkiye#247: Türkiye, 2023 yılında 11. sırada ve 20. sırada yer almaktadır. ile topluluklarının kurucu üyelerinden bir tanesidir. | Türkiye#257: Bu oranlara rağmen hâlâ daha nüfusun dörtte biri sektöründe çalışmaktadır. 2012 verilerine göre çalışan nüfusun sadece %30'u kadınlardan oluşmaktadır ve bu rakam üyesi ülkeler arasındaki en az orandır."
OECD,https://tr.wikipedia.org/wiki/OECD,5,"Türkiye#17: Resmî dili ve nüfusunun çoğunluğu 'dır. Türkiye, , ve 'nın kurucu üyesidir. | Türkiye#111: Her iki ülke de 1948 yılında Avrupa ekonomisinin yeniden inşası için ve 'ye dâhil edildi, daha sonra 1961 yılında 'nin kurucu üyesi hâline geldi. | Türkiye#174: Ülke, (1945), (1961), (1969), (1973), (1985), (1992), (1997), (1999) ve (2009) gibi uluslararası örgütlerin kurucu üyelerinden birisidir. 1951-1952, 1954-1955, 1961 ve son olarak 2009-2010 yıllarında 'nde geçici üye olarak görev yapmıştır. | Türkiye#247: Türkiye, 2023 yılında 11. sırada ve 20. sırada yer almaktadır. ile topluluklarının kurucu üyelerinden bir tanesidir. | Türkiye#257: Bu oranlara rağmen hâlâ daha nüfusun dörtte biri sektöründe çalışmaktadır. 2012 verilerine göre çalışan nüfusun sadece %30'u kadınlardan oluşmaktadır ve bu rakam üyesi ülkeler arasındaki en az orandır."
Birleşmiş Milletler,https://tr.wikipedia.org/wiki/Birle%C5%9Fmi%C5%9F_Milletler,5,"Türkiye#28: Mayıs 2022'de , ve diğer uluslararası kuruluşlardan İngilizce olarak Turkey yerine Türkiye kullanılmasını talep etmiş ve bu talep Birleşmiş Milletler tarafından kabul edilmiştir. | Türkiye#109: 'nda (1939-1945) Türkiye, uzun süre tarafsızlığını korudu; ancak savaşın son aylarında, 23 Şubat 1945 tarihinde 'in yanında yer aldı. 26 Haziran 1945'te ise 'in kurucu üyelerinden biri oldu. 'ndan sonra 'da çıkan bastırılmasında karşılaşılan zorluklar ve 'nin 'nda askerî üs talep etmesi, 'nin 1947'de 'ni ilanıyla sonuçlandı. | Türkiye#112: 'na (1950-53) kuvvetleri ile birlikte katılan Türkiye, 1952 yılında 'ne karşı 'ya katıldı. , 'nin faaliyetleri, (adayı Yunanistan ile birleştirme) planları ve yaşanan toplumlar arası çatışmanın tırmanması sonucunda Türkiye, 20 Temmuz 1974'te . | Türkiye#174: Ülke, (1945), (1961), (1969), (1973), (1985), (1992), (1997), (1999) ve (2009) gibi uluslararası örgütlerin kurucu üyelerinden birisidir. 1951-1952, 1954-1955, 1961 ve son olarak 2009-2010 yıllarında 'nde geçici üye olarak görev yapmıştır. | Türkiye#188: Türkiye, 1950'den bu yana ve bünyesi dâhilinde uluslararası alanda çeşitli güçlerin korunmasına yardımcı olmuştur. ile eski 'da barış ortamının korunmasına destek sağlamış ve 'nda koalisyon güçlerini desteklemiştir."
Akdeniz,https://tr.wikipedia.org/wiki/Akdeniz,5,"Türkiye#3: Güneyini ve , batısını , kuzeyini ise çevreler. ise ve ile birlikte 'yu 'dan, yani 'yı 'dan ayırır. | Türkiye#77: Bu dönemde batıda 'na doğru topraklar genişletilerek Balkanların tamamı, ve 'ın güney kısmı ele geçirildi. , denizde çeşitli rekabetlere girerek başarılar kazandı. 1538'de yapılan 'nde 'nın Haçlıları mağlup etmesinden sonra imparatorluğun 'deki kontrolü arttı. | Türkiye#211: Batısında , kuzeyinde ve güneyinde bulunmaktadır. | Türkiye#235: Genel anlamda ile kıyılarında görülen yazlar sıcak ve kurak, kışları ılık ve yağışlıdır. | Türkiye#240: Ülkede, Karadeniz ve kıyılarına paralel uzanan dağlar, denizlerden gelen ılıman hava kütlelerinin iç kesimlere ulaşmasını engeller."
Akdeniz,https://tr.wikipedia.org/wiki/Akdeniz,5,"Türkiye#3: Güneyini ve , batısını , kuzeyini ise çevreler. ise ve ile birlikte 'yu 'dan, yani 'yı 'dan ayırır. | Türkiye#77: Bu dönemde batıda 'na doğru topraklar genişletilerek Balkanların tamamı, ve 'ın güney kısmı ele geçirildi. , denizde çeşitli rekabetlere girerek başarılar kazandı. 1538'de yapılan 'nde 'nın Haçlıları mağlup etmesinden sonra imparatorluğun 'deki kontrolü arttı. | Türkiye#211: Batısında , kuzeyinde ve güneyinde bulunmaktadır. | Türkiye#235: Genel anlamda ile kıyılarında görülen yazlar sıcak ve kurak, kışları ılık ve yağışlıdır. | Türkiye#240: Ülkede, Karadeniz ve kıyılarına paralel uzanan dağlar, denizlerden gelen ılıman hava kütlelerinin iç kesimlere ulaşmasını engeller."
Marmara Denizi,https://tr.wikipedia.org/wiki/Marmara_Denizi,4,"Türkiye#3: Güneyini ve , batısını , kuzeyini ise çevreler. ise ve ile birlikte 'yu 'dan, yani 'yı 'dan ayırır. | Türkiye#206: Kalan %3'lük kısım ise kıtasında kalır ve diye adlandırılır. , ve Anadolu'yu Trakya'dan, yani Asya'yı Avrupa'dan ayırır. | Türkiye#212: Kuzeybatısında ise yer alır. | Türkiye#239: ile 'i birbirine bağlayan 'nin kıyılarında geçiş iklimi görülmektedir; denizin güneyinde Akdeniz, kuzeyinde Karadeniz ve kuzeybatısında rastlanmaktadır. ve bölgelerinde hemen hemen her yıl yağışı gözükse de kar ancak birkaç gün yerde kalır."
I. Dünya Savaşı,https://tr.wikipedia.org/wiki/I._D%C3%BCnya_Sava%C5%9F%C4%B1,4,"Trabzon#40: 1867 yılında Trabzon'da büyük bir yangın çıkmış, birçok kamu binası da bu sırada yanmış ve kent daha sonra yeniden düzenlenmiştir. 1868 yılında vilayet olmuş, merkez sancağı dışında , Gümüşhane, Canik Sancakları da buraya bağlanmıştır. sırasında, Trabzon'a saldırır (14 Nisan 1916). | Türkiye#13: Ancak yapılan reformlar, imparatorluğun engelleyemedi. 1914 yılında başlayan 'na 'nin yanında giren imparatorluk, savaş sonucunda yenik düşerek 30 Ekim 1918 tarihinde tüm orduların teslim olması şartını kabul etti ve akabinde 'nce işgal edildi. 16 Mart 1920'de İtilaf Devletleri'nin bazı milletvekillerini tutuklayarak sürgüne göndermesi sonucunda 'ın kapanmasıyla önderliğinde 23 Nisan 1920 tarihinde 'da kuruldu. | Türkiye#93: Osmanlı İmparatorluğu, 'na 'nin yanında girdi ve savaştan yenik çıktı. | Türkiye#100: bitiminde imzalanan 'nden sonra İtilaf Devletleri tarafından , ve diğer Osmanlı topraklarının işgali, 'ni ortaya çıkardı. 'nın öne çıkan isimlerinden biri olan 'nın 19 Mayıs 1919'da ile 'nın getirdiği şartları iptal edip sınırları içinde kalan ülke topraklarının bütünlüğünü korumayı amaçlayan başlatıldı. | Türkiye#262: ile sonrası ortaya çıkan cumhuriyetin ilk altmış yılında 1923 ve 1983 yılları arasında devlet, sıkı bir yarı- yaklaşımın içinde bulundu; özel sektör katılımı, dış ticaret, döviz akışı ve tutarı gibi konularda çeşitli sınırlamalar konuldu."
I. Dünya Savaşı,https://tr.wikipedia.org/wiki/I._D%C3%BCnya_Sava%C5%9F%C4%B1,4,"Trabzon#40: 1867 yılında Trabzon'da büyük bir yangın çıkmış, birçok kamu binası da bu sırada yanmış ve kent daha sonra yeniden düzenlenmiştir. 1868 yılında vilayet olmuş, merkez sancağı dışında , Gümüşhane, Canik Sancakları da buraya bağlanmıştır. sırasında, Trabzon'a saldırır (14 Nisan 1916). | Türkiye#13: Ancak yapılan reformlar, imparatorluğun engelleyemedi. 1914 yılında başlayan 'na 'nin yanında giren imparatorluk, savaş sonucunda yenik düşerek 30 Ekim 1918 tarihinde tüm orduların teslim olması şartını kabul etti ve akabinde 'nce işgal edildi. 16 Mart 1920'de İtilaf Devletleri'nin bazı milletvekillerini tutuklayarak sürgüne göndermesi sonucunda 'ın kapanmasıyla önderliğinde 23 Nisan 1920 tarihinde 'da kuruldu. | Türkiye#93: Osmanlı İmparatorluğu, 'na 'nin yanında girdi ve savaştan yenik çıktı. | Türkiye#100: bitiminde imzalanan 'nden sonra İtilaf Devletleri tarafından , ve diğer Osmanlı topraklarının işgali, 'ni ortaya çıkardı. 'nın öne çıkan isimlerinden biri olan 'nın 19 Mayıs 1919'da ile 'nın getirdiği şartları iptal edip sınırları içinde kalan ülke topraklarının bütünlüğünü korumayı amaçlayan başlatıldı. | Türkiye#262: ile sonrası ortaya çıkan cumhuriyetin ilk altmış yılında 1923 ve 1983 yılları arasında devlet, sıkı bir yarı- yaklaşımın içinde bulundu; özel sektör katılımı, dış ticaret, döviz akışı ve tutarı gibi konularda çeşitli sınırlamalar konuldu."
İtalya,https://tr.wikipedia.org/wiki/%C4%B0talya,4,"Türkiye#195: 2011 sayımlarına göre ülkenin tahminî 495.000 konuşlandırılabilir kuvveti bulunmaktadır. , , ve ile birlikte 'nun politikasının bir parçası olan beş ülkeden biridir. 'nde toplam 90 tane bulunmaktadır, bunlardan 40 tanesi nükleer bir çatışma durumunda NATO'dan onay almak şartıyla 'nin kullanması için tahsis edilmiştir. | Türkiye#249: Türkiye'nin 2014'te ihracatı, önceki yıla göre %4 artarak $157,6 milyar oldu. En fazla ihracat yapılan ülkeler ise , , , ve olarak belirlendi. | Türkiye#274: , ekonominin önemli bir kısmını teşkil etmektedir ve son yirmi yılda hızlı bir büyüme yakalamıştır. 2024'te 56 milyondan fazla turist tarafından ziyaret edilen Türkiye, 'yı geride bırakarak ülkesi ve 'nın ise üçüncü en büyük turizm destinasyonudur. | Türkiye#395: Türkiye, tarafından düzenlenen birçok önemli futbol organizasyonuna ev sahipliği yapmıştır. ve yıllarında finalleri İstanbul'daki 'nda oynanmıştır. yılında finali 'nda düzenlenmiştir. yılında ise mücadelesi 'ta gerçekleştirilmiştir. yılında Türkiye'de düzenlenmiş, turnuvanın maçı İstanbul'daki 'nde oynanmıştır. yılında düzenlenecek olan Avrupa Futbol Şampiyonasının Türkiye ve ile ortaklaşa düzenleneceği açıklanmıştır."
İtalya,https://tr.wikipedia.org/wiki/%C4%B0talya,4,"Türkiye#195: 2011 sayımlarına göre ülkenin tahminî 495.000 konuşlandırılabilir kuvveti bulunmaktadır. , , ve ile birlikte 'nun politikasının bir parçası olan beş ülkeden biridir. 'nde toplam 90 tane bulunmaktadır, bunlardan 40 tanesi nükleer bir çatışma durumunda NATO'dan onay almak şartıyla 'nin kullanması için tahsis edilmiştir. | Türkiye#249: Türkiye'nin 2014'te ihracatı, önceki yıla göre %4 artarak $157,6 milyar oldu. En fazla ihracat yapılan ülkeler ise , , , ve olarak belirlendi. | Türkiye#274: , ekonominin önemli bir kısmını teşkil etmektedir ve son yirmi yılda hızlı bir büyüme yakalamıştır. 2024'te 56 milyondan fazla turist tarafından ziyaret edilen Türkiye, 'yı geride bırakarak ülkesi ve 'nın ise üçüncü en büyük turizm destinasyonudur. | Türkiye#395: Türkiye, tarafından düzenlenen birçok önemli futbol organizasyonuna ev sahipliği yapmıştır. ve yıllarında finalleri İstanbul'daki 'nda oynanmıştır. yılında finali 'nda düzenlenmiştir. yılında ise mücadelesi 'ta gerçekleştirilmiştir. yılında Türkiye'de düzenlenmiş, turnuvanın maçı İstanbul'daki 'nde oynanmıştır. yılında düzenlenecek olan Avrupa Futbol Şampiyonasının Türkiye ve ile ortaklaşa düzenleneceği açıklanmıştır."
Karadeniz,https://tr.wikipedia.org/wiki/Karadeniz,4,"Türkiye#3: Güneyini ve , batısını , kuzeyini ise çevreler. ise ve ile birlikte 'yu 'dan, yani 'yı 'dan ayırır. | Türkiye#211: Batısında , kuzeyinde ve güneyinde bulunmaktadır. | Türkiye#239: ile 'i birbirine bağlayan 'nin kıyılarında geçiş iklimi görülmektedir; denizin güneyinde Akdeniz, kuzeyinde Karadeniz ve kuzeybatısında rastlanmaktadır. ve bölgelerinde hemen hemen her yıl yağışı gözükse de kar ancak birkaç gün yerde kalır. | Türkiye#292: Birçok doğal gaz boru hattı ülke topraklarını kapsıyor. 'in önemli bir doğalgaz boru hattı olan Mavi Akım, 'dan Türkiye'ye doğal gaz taşıyor."
Karadeniz,https://tr.wikipedia.org/wiki/Karadeniz,4,"Türkiye#3: Güneyini ve , batısını , kuzeyini ise çevreler. ise ve ile birlikte 'yu 'dan, yani 'yı 'dan ayırır. | Türkiye#211: Batısında , kuzeyinde ve güneyinde bulunmaktadır. | Türkiye#239: ile 'i birbirine bağlayan 'nin kıyılarında geçiş iklimi görülmektedir; denizin güneyinde Akdeniz, kuzeyinde Karadeniz ve kuzeybatısında rastlanmaktadır. ve bölgelerinde hemen hemen her yıl yağışı gözükse de kar ancak birkaç gün yerde kalır. | Türkiye#292: Birçok doğal gaz boru hattı ülke topraklarını kapsıyor. 'in önemli bir doğalgaz boru hattı olan Mavi Akım, 'dan Türkiye'ye doğal gaz taşıyor."
Bizans İmparatorluğu,https://tr.wikipedia.org/wiki/Bizans_%C4%B0mparatorlu%C4%9Fu,4,"Türkiye#10: Osmanlılar, 1453 yılında 'in 'na son vermesiyle hâline geldi. | Türkiye#59: Halk arasında (İstanbul) olarak yaygınlaşan şehir ise, 'nun başkenti oldu. Doğu Roma İmparatorluğu, daha sonraki yıllarda olarak anılmaya başladı, günümüz Türkiye topraklarının önemli bir kısmında hâkimiyet kurdu ve İstanbul'u 1453 yılına kadar varlığını sürdürdü. | Türkiye#61: 11. yüzyılın ikinci yarısında , Anadolu'nun doğu bölgelerine yerleşmeye ve akınlar yapmaya başladılar. 1071'de, Sultan döneminde, Selçuklu Türkleri ile arasında yapılan 'nden sonra gelen Selçuklu zaferiyle birlikte Anadolu toprakları üzerinde ve hareketi başladı. | Türkiye#380: Saray mutfağı, 'ndan 'ya yüzyılların saray zevki ve tecrübesiyle oluşan elit bir mutfaktır."
Bizans İmparatorluğu,https://tr.wikipedia.org/wiki/Bizans_%C4%B0mparatorlu%C4%9Fu,4,"Türkiye#10: Osmanlılar, 1453 yılında 'in 'na son vermesiyle hâline geldi. | Türkiye#59: Halk arasında (İstanbul) olarak yaygınlaşan şehir ise, 'nun başkenti oldu. Doğu Roma İmparatorluğu, daha sonraki yıllarda olarak anılmaya başladı, günümüz Türkiye topraklarının önemli bir kısmında hâkimiyet kurdu ve İstanbul'u 1453 yılına kadar varlığını sürdürdü. | Türkiye#61: 11. yüzyılın ikinci yarısında , Anadolu'nun doğu bölgelerine yerleşmeye ve akınlar yapmaya başladılar. 1071'de, Sultan döneminde, Selçuklu Türkleri ile arasında yapılan 'nden sonra gelen Selçuklu zaferiyle birlikte Anadolu toprakları üzerinde ve hareketi başladı. | Türkiye#380: Saray mutfağı, 'ndan 'ya yüzyılların saray zevki ve tecrübesiyle oluşan elit bir mutfaktır."
Amerika Birleşik Devletleri,https://tr.wikipedia.org/wiki/Amerika_Birle%C5%9Fik_Devletleri,4,"Türkiye#109: 'nda (1939-1945) Türkiye, uzun süre tarafsızlığını korudu; ancak savaşın son aylarında, 23 Şubat 1945 tarihinde 'in yanında yer aldı. 26 Haziran 1945'te ise 'in kurucu üyelerinden biri oldu. 'ndan sonra 'da çıkan bastırılmasında karşılaşılan zorluklar ve 'nin 'nda askerî üs talep etmesi, 'nin 1947'de 'ni ilanıyla sonuçlandı. | Türkiye#179: Türkiye'nin dış ilişkilerinin bir diğer belirleyici unsuru ile ilişkiler olmuştur. 'nin oluşturduğu ortak tehdit sebebiyle Türkiye, 1952'de 'ya üye oldu ve boyunca hükûmetleri ile yakın ikili ilişkiler içinde bulundu. | Türkiye#252: Bu ülkeyi sırasıyla Almanya, ve takip etti. | Türkiye#403: Şampiyonayı FIBA, ve 2010 Organizasyon Komitesi ortaklaşa organize etmiştir ve ikinci olmuştur. 1986'dan beri üçüncü defa 24 ülkenin katıldığı turnuvanın takım karşılaşmaları İstanbul, Ankara, İzmir ve Kayseri'de, bitiş aşaması İstanbul 'nda oynanmış, kazanan ise bitişte Türkiye'yi 64-81 mağlup eden olmuştur."
Amerika Birleşik Devletleri,https://tr.wikipedia.org/wiki/Amerika_Birle%C5%9Fik_Devletleri,4,"Türkiye#109: 'nda (1939-1945) Türkiye, uzun süre tarafsızlığını korudu; ancak savaşın son aylarında, 23 Şubat 1945 tarihinde 'in yanında yer aldı. 26 Haziran 1945'te ise 'in kurucu üyelerinden biri oldu. 'ndan sonra 'da çıkan bastırılmasında karşılaşılan zorluklar ve 'nin 'nda askerî üs talep etmesi, 'nin 1947'de 'ni ilanıyla sonuçlandı. | Türkiye#179: Türkiye'nin dış ilişkilerinin bir diğer belirleyici unsuru ile ilişkiler olmuştur. 'nin oluşturduğu ortak tehdit sebebiyle Türkiye, 1952'de 'ya üye oldu ve boyunca hükûmetleri ile yakın ikili ilişkiler içinde bulundu. | Türkiye#252: Bu ülkeyi sırasıyla Almanya, ve takip etti. | Türkiye#403: Şampiyonayı FIBA, ve 2010 Organizasyon Komitesi ortaklaşa organize etmiştir ve ikinci olmuştur. 1986'dan beri üçüncü defa 24 ülkenin katıldığı turnuvanın takım karşılaşmaları İstanbul, Ankara, İzmir ve Kayseri'de, bitiş aşaması İstanbul 'nda oynanmış, kazanan ise bitişte Türkiye'yi 64-81 mağlup eden olmuştur."
Marmara Denizi,https://tr.wikipedia.org/wiki/Marmara_Denizi,4,"Türkiye#3: Güneyini ve , batısını , kuzeyini ise çevreler. ise ve ile birlikte 'yu 'dan, yani 'yı 'dan ayırır. | Türkiye#206: Kalan %3'lük kısım ise kıtasında kalır ve diye adlandırılır. , ve Anadolu'yu Trakya'dan, yani Asya'yı Avrupa'dan ayırır. | Türkiye#212: Kuzeybatısında ise yer alır. | Türkiye#239: ile 'i birbirine bağlayan 'nin kıyılarında geçiş iklimi görülmektedir; denizin güneyinde Akdeniz, kuzeyinde Karadeniz ve kuzeybatısında rastlanmaktadır. ve bölgelerinde hemen hemen her yıl yağışı gözükse de kar ancak birkaç gün yerde kalır."
Irak,https://tr.wikipedia.org/wiki/Irak,4,"Türkiye#2: Batıda ve , doğuda , , ve , güneyde ise ve ile sınır komşusudur. | Türkiye#49: Ardından, civarında ( ) gerçekleşen 'nda ve akabinde civarında meydana gelen 'nde hükümdarı 'u perişan etti. Daha sonra Kralı 'u devirdi ve 'nu tamamen fethetti. | Türkiye#216: Ayrıca 5.137 metre (16.854 ft) yüksekliğindeki Türkiye'nin en yüksek dağı olan ve en büyük gölü olan de Doğu Anadolu'da yer alır. Türkiye, Anadolu toprakları üzerinde kuzeydoğuda , doğuda , 'a bağlı ve , güneydoğuda ve ile sınır komşusudur. | Türkiye#249: Türkiye'nin 2014'te ihracatı, önceki yıla göre %4 artarak $157,6 milyar oldu. En fazla ihracat yapılan ülkeler ise , , , ve olarak belirlendi."
Irak,https://tr.wikipedia.org/wiki/Irak,4,"Türkiye#2: Batıda ve , doğuda , , ve , güneyde ise ve ile sınır komşusudur. | Türkiye#49: Ardından, civarında ( ) gerçekleşen 'nda ve akabinde civarında meydana gelen 'nde hükümdarı 'u perişan etti. Daha sonra Kralı 'u devirdi ve 'nu tamamen fethetti. | Türkiye#216: Ayrıca 5.137 metre (16.854 ft) yüksekliğindeki Türkiye'nin en yüksek dağı olan ve en büyük gölü olan de Doğu Anadolu'da yer alır. Türkiye, Anadolu toprakları üzerinde kuzeydoğuda , doğuda , 'a bağlı ve , güneydoğuda ve ile sınır komşusudur. | Türkiye#249: Türkiye'nin 2014'te ihracatı, önceki yıla göre %4 artarak $157,6 milyar oldu. En fazla ihracat yapılan ülkeler ise , , , ve olarak belirlendi."
Suriye,https://tr.wikipedia.org/wiki/Suriye,4,"Türkiye#2: Batıda ve , doğuda , , ve , güneyde ise ve ile sınır komşusudur. | Türkiye#94: Savaş sırasında Ermenilerle yaşanan etnik gerginliklerin tırmanması üzerine çıkarılan ile Ermeniler, 'nden 'ye devlet eliyle göç ettirildi. | Türkiye#187: Bu politikalar Türkiye'nin çevresindeki Arap ülkeleriyle sorunlar yaşamasına yol açtı. Örneğin 'ndan sonra ile, sonra ile Türkiye'nin arası bozuldu. | Türkiye#216: Ayrıca 5.137 metre (16.854 ft) yüksekliğindeki Türkiye'nin en yüksek dağı olan ve en büyük gölü olan de Doğu Anadolu'da yer alır. Türkiye, Anadolu toprakları üzerinde kuzeydoğuda , doğuda , 'a bağlı ve , güneydoğuda ve ile sınır komşusudur."
Suriye,https://tr.wikipedia.org/wiki/Suriye,4,"Türkiye#2: Batıda ve , doğuda , , ve , güneyde ise ve ile sınır komşusudur. | Türkiye#94: Savaş sırasında Ermenilerle yaşanan etnik gerginliklerin tırmanması üzerine çıkarılan ile Ermeniler, 'nden 'ye devlet eliyle göç ettirildi. | Türkiye#187: Bu politikalar Türkiye'nin çevresindeki Arap ülkeleriyle sorunlar yaşamasına yol açtı. Örneğin 'ndan sonra ile, sonra ile Türkiye'nin arası bozuldu. | Türkiye#216: Ayrıca 5.137 metre (16.854 ft) yüksekliğindeki Türkiye'nin en yüksek dağı olan ve en büyük gölü olan de Doğu Anadolu'da yer alır. Türkiye, Anadolu toprakları üzerinde kuzeydoğuda , doğuda , 'a bağlı ve , güneydoğuda ve ile sınır komşusudur."
Recep Tayyip Erdoğan,https://tr.wikipedia.org/wiki/Recep_Tayyip_Erdo%C4%9Fan,4,"Türkiye#25: Aralık 2021'de cumhurbaşkanı , ihracatta ""Made in Türkiye"" ibaresinin kullanılmasına ilişkin bir genelge yayımladı. | Türkiye#116: 1980'li yıllarda Türk ekonomisinin liberalleştirilmesinden bu yana ülke, ekonomik büyüme ve siyasi istikrar yakaladı. 1984'ten itibaren , Türk hükûmetlerine karşı başladı; tarafların çatışmaları sonucunda resmî verilere göre 40 binden fazla insan öldü. 2012'de taraflar arasında başladı, ancak 2015'te görüşmeler sona erdi ve dönüldü. 2013'te 'ndaki düzenlemeler nedeniyle başlayan , daha sonra hükûmet karşıtı protestolara dönüşerek birçok ilde patlak verdi ancak hükûmet tarafından bastırıldı. 28 Ağustos 2014'te doğrudan halk oyuyla ilk cumhurbaşkanı oldu. 15 Temmuz 2016'da, Türkiye'de bir meydana geldi. 2017'de yapılan ile parlamenter sistemin yerini icracı bir aldı. Başbakanlık makamı kaldırılarak yetki ve görevleri cumhurbaşkanına devredildi. | Türkiye#158: 12. Cumhurbaşkanı şu anda ve olarak görev yapıyor. , Türkiye'nin . , 'dır."
Recep Tayyip Erdoğan,https://tr.wikipedia.org/wiki/Recep_Tayyip_Erdo%C4%9Fan,4,"Türkiye#25: Aralık 2021'de cumhurbaşkanı , ihracatta ""Made in Türkiye"" ibaresinin kullanılmasına ilişkin bir genelge yayımladı. | Türkiye#116: 1980'li yıllarda Türk ekonomisinin liberalleştirilmesinden bu yana ülke, ekonomik büyüme ve siyasi istikrar yakaladı. 1984'ten itibaren , Türk hükûmetlerine karşı başladı; tarafların çatışmaları sonucunda resmî verilere göre 40 binden fazla insan öldü. 2012'de taraflar arasında başladı, ancak 2015'te görüşmeler sona erdi ve dönüldü. 2013'te 'ndaki düzenlemeler nedeniyle başlayan , daha sonra hükûmet karşıtı protestolara dönüşerek birçok ilde patlak verdi ancak hükûmet tarafından bastırıldı. 28 Ağustos 2014'te doğrudan halk oyuyla ilk cumhurbaşkanı oldu. 15 Temmuz 2016'da, Türkiye'de bir meydana geldi. 2017'de yapılan ile parlamenter sistemin yerini icracı bir aldı. Başbakanlık makamı kaldırılarak yetki ve görevleri cumhurbaşkanına devredildi. | Türkiye#158: 12. Cumhurbaşkanı şu anda ve olarak görev yapıyor. , Türkiye'nin . , 'dır."
Ege Denizi,https://tr.wikipedia.org/wiki/Ege_Denizi,4,"Türkiye#3: Güneyini ve , batısını , kuzeyini ise çevreler. ise ve ile birlikte 'yu 'dan, yani 'yı 'dan ayırır. | Türkiye#211: Batısında , kuzeyinde ve güneyinde bulunmaktadır. | Türkiye#235: Genel anlamda ile kıyılarında görülen yazlar sıcak ve kurak, kışları ılık ve yağışlıdır. | Türkiye#239: ile 'i birbirine bağlayan 'nin kıyılarında geçiş iklimi görülmektedir; denizin güneyinde Akdeniz, kuzeyinde Karadeniz ve kuzeybatısında rastlanmaktadır. ve bölgelerinde hemen hemen her yıl yağışı gözükse de kar ancak birkaç gün yerde kalır."
Ege Denizi,https://tr.wikipedia.org/wiki/Ege_Denizi,4,"Türkiye#3: Güneyini ve , batısını , kuzeyini ise çevreler. ise ve ile birlikte 'yu 'dan, yani 'yı 'dan ayırır. | Türkiye#211: Batısında , kuzeyinde ve güneyinde bulunmaktadır. | Türkiye#235: Genel anlamda ile kıyılarında görülen yazlar sıcak ve kurak, kışları ılık ve yağışlıdır. | Türkiye#239: ile 'i birbirine bağlayan 'nin kıyılarında geçiş iklimi görülmektedir; denizin güneyinde Akdeniz, kuzeyinde Karadeniz ve kuzeybatısında rastlanmaktadır. ve bölgelerinde hemen hemen her yıl yağışı gözükse de kar ancak birkaç gün yerde kalır."
İslam,https://tr.wikipedia.org/wiki/%C4%B0slam,3,"Türkiye#62: Bu hareketle birlikte Anadolu'da ve tanıtılarak yaygın hâle geldi. | Türkiye#72: 1514 yılında , ile hükümdarı 'i yenerek imparatorluğun sınırlarını doğu yönünde genişletti. 1517'de de ve 'i ele geçirdi ve Mısır'da hüküm süren 'nı yıkarak 'na geçmesini sağladı. | Türkiye#367: Osmanlı İmparatorluğu'nun yanı sıra dünyası ile 'nın etkileşimi sonucunda Türk, İslam ve Avrupa gelenekleri birleşerek günümüz Türk müziğini ve edebiyatını ortaya çıkarmıştır."
İslam,https://tr.wikipedia.org/wiki/%C4%B0slam,3,"Türkiye#62: Bu hareketle birlikte Anadolu'da ve tanıtılarak yaygın hâle geldi. | Türkiye#72: 1514 yılında , ile hükümdarı 'i yenerek imparatorluğun sınırlarını doğu yönünde genişletti. 1517'de de ve 'i ele geçirdi ve Mısır'da hüküm süren 'nı yıkarak 'na geçmesini sağladı. | Türkiye#367: Osmanlı İmparatorluğu'nun yanı sıra dünyası ile 'nın etkileşimi sonucunda Türk, İslam ve Avrupa gelenekleri birleşerek günümüz Türk müziğini ve edebiyatını ortaya çıkarmıştır."
İstanbul Boğazı,https://tr.wikipedia.org/wiki/%C4%B0stanbul_Bo%C4%9Faz%C4%B1,3,"Türkiye#3: Güneyini ve , batısını , kuzeyini ise çevreler. ise ve ile birlikte 'yu 'dan, yani 'yı 'dan ayırır. | Türkiye#206: Kalan %3'lük kısım ise kıtasında kalır ve diye adlandırılır. , ve Anadolu'yu Trakya'dan, yani Asya'yı Avrupa'dan ayırır. | Türkiye#290: (1973), (1988) ve (2016), 'nın ve kıyılarını birbirine bağlayan üç asma köprüdür. (2016) 'nin kuzey ve güney kıyılarını birbirine bağlar."
Sovyetler Birliği,https://tr.wikipedia.org/wiki/Sovyetler_Birli%C4%9Fi,3,"Türkiye#109: 'nda (1939-1945) Türkiye, uzun süre tarafsızlığını korudu; ancak savaşın son aylarında, 23 Şubat 1945 tarihinde 'in yanında yer aldı. 26 Haziran 1945'te ise 'in kurucu üyelerinden biri oldu. 'ndan sonra 'da çıkan bastırılmasında karşılaşılan zorluklar ve 'nin 'nda askerî üs talep etmesi, 'nin 1947'de 'ni ilanıyla sonuçlandı. | Türkiye#112: 'na (1950-53) kuvvetleri ile birlikte katılan Türkiye, 1952 yılında 'ne karşı 'ya katıldı. , 'nin faaliyetleri, (adayı Yunanistan ile birleştirme) planları ve yaşanan toplumlar arası çatışmanın tırmanması sonucunda Türkiye, 20 Temmuz 1974'te . | Türkiye#179: Türkiye'nin dış ilişkilerinin bir diğer belirleyici unsuru ile ilişkiler olmuştur. 'nin oluşturduğu ortak tehdit sebebiyle Türkiye, 1952'de 'ya üye oldu ve boyunca hükûmetleri ile yakın ikili ilişkiler içinde bulundu."
Rusya,https://tr.wikipedia.org/wiki/Rusya,3,"Türkiye#202: Freemuse ise dokuz müzisyenin çalışmaları yüzünden hapse atıldığını belirleyerek müzisyenlerin hapsedilmesi bakımından ise ülkenin ve 'den sonra üçüncü sırada olduğunu açıkladı. | Türkiye#252: Bu ülkeyi sırasıyla Almanya, ve takip etti. | Türkiye#292: Birçok doğal gaz boru hattı ülke topraklarını kapsıyor. 'in önemli bir doğalgaz boru hattı olan Mavi Akım, 'dan Türkiye'ye doğal gaz taşıyor."
Rusya,https://tr.wikipedia.org/wiki/Rusya,3,"Türkiye#202: Freemuse ise dokuz müzisyenin çalışmaları yüzünden hapse atıldığını belirleyerek müzisyenlerin hapsedilmesi bakımından ise ülkenin ve 'den sonra üçüncü sırada olduğunu açıkladı. | Türkiye#252: Bu ülkeyi sırasıyla Almanya, ve takip etti. | Türkiye#292: Birçok doğal gaz boru hattı ülke topraklarını kapsıyor. 'in önemli bir doğalgaz boru hattı olan Mavi Akım, 'dan Türkiye'ye doğal gaz taşıyor."
GSYİH,https://tr.wikipedia.org/wiki/Gayrisafi_yurt_i%C3%A7i_has%C4%B1la,3,"Türkiye#256: Türk ekonomisinin diğer önemli bölümlerini ise , , , , , , ürünleri, , , - ve oluşturmaktadır. 2013 verilerine göre Türkiye'deki sektörel dağılım %8,9 tarım, %27,3 sanayi ve %63,8 hizmet şeklinde olmuştur. | Türkiye#278: Türkiye, 2023 yılında yaklaşık 1.154 trilyon ile dünyanın en büyük 17. ekonomisi, 'nın ise en büyük 7. ekonomisi olmuştur. 2013 yılında Türkiye'de 22 uluslararası havalimanı olmak üzere 98 havalimanı vardı. 'nın yılda 150 milyon yolcuya hizmet verme kapasitesiyle dünyanın en büyük havalimanı olması planlanıyor. 1933'ten bu yana Türkiye'nin bayrak taşıyıcı havayolu olan 'nın yanı sıra ülkede birçok havayolu şirketi faaliyet göstermektedir. , , ve 'da 315 noktaya tarifeli seferler gerçekleştiriyor ve bu da onu Dünyanın en çok yere sefer yapan havayolu firması yapıyor. ana aktarma merkezi olarak 90 milyon kapasiteli 'nı kullanıyor. | TürkiyeCard#25: 18.200 $ ( 2025) ( .)"
GSYİH,https://tr.wikipedia.org/wiki/Gayrisafi_yurt_i%C3%A7i_has%C4%B1la,3,"Türkiye#256: Türk ekonomisinin diğer önemli bölümlerini ise , , , , , , ürünleri, , , - ve oluşturmaktadır. 2013 verilerine göre Türkiye'deki sektörel dağılım %8,9 tarım, %27,3 sanayi ve %63,8 hizmet şeklinde olmuştur. | Türkiye#278: Türkiye, 2023 yılında yaklaşık 1.154 trilyon ile dünyanın en büyük 17. ekonomisi, 'nın ise en büyük 7. ekonomisi olmuştur. 2013 yılında Türkiye'de 22 uluslararası havalimanı olmak üzere 98 havalimanı vardı. 'nın yılda 150 milyon yolcuya hizmet verme kapasitesiyle dünyanın en büyük havalimanı olması planlanıyor. 1933'ten bu yana Türkiye'nin bayrak taşıyıcı havayolu olan 'nın yanı sıra ülkede birçok havayolu şirketi faaliyet göstermektedir. , , ve 'da 315 noktaya tarifeli seferler gerçekleştiriyor ve bu da onu Dünyanın en çok yere sefer yapan havayolu firması yapıyor. ana aktarma merkezi olarak 90 milyon kapasiteli 'nı kullanıyor. | TürkiyeCard#25: 18.200 $ ( 2025) ( .)"
Sovyetler Birliği,https://tr.wikipedia.org/wiki/Sovyetler_Birli%C4%9Fi,3,"Türkiye#109: 'nda (1939-1945) Türkiye, uzun süre tarafsızlığını korudu; ancak savaşın son aylarında, 23 Şubat 1945 tarihinde 'in yanında yer aldı. 26 Haziran 1945'te ise 'in kurucu üyelerinden biri oldu. 'ndan sonra 'da çıkan bastırılmasında karşılaşılan zorluklar ve 'nin 'nda askerî üs talep etmesi, 'nin 1947'de 'ni ilanıyla sonuçlandı. | Türkiye#112: 'na (1950-53) kuvvetleri ile birlikte katılan Türkiye, 1952 yılında 'ne karşı 'ya katıldı. , 'nin faaliyetleri, (adayı Yunanistan ile birleştirme) planları ve yaşanan toplumlar arası çatışmanın tırmanması sonucunda Türkiye, 20 Temmuz 1974'te . | Türkiye#179: Türkiye'nin dış ilişkilerinin bir diğer belirleyici unsuru ile ilişkiler olmuştur. 'nin oluşturduğu ortak tehdit sebebiyle Türkiye, 1952'de 'ya üye oldu ve boyunca hükûmetleri ile yakın ikili ilişkiler içinde bulundu."
Yunanca,https://tr.wikipedia.org/wiki/Yunanca,3,"Türkiye#24: Sözcüğün soydaşı olan Tourkia ( : Τουρκία ), İmparatoru ve bilgini tarafından De Administrando Imperio kitabında kullanıldı. ise, kendi çağdaşı olan diğer ülkeler tarafından ara ara şeklinde tanınırdı. | Türkiye#63: Böylece bölgede yaygın olan ve , yerini yavaş yavaş İslam ve Türk kültürüne bıraktı."
Balkan,https://tr.wikipedia.org/wiki/Balkanlar,3,"Türkiye#9: 13. yüzyılın sonlarından itibaren 'daki Türk beyliklerinden biri olarak ön plana çıkan ve bağımsızlık kazanan , 14. yüzyılda topraklarında gerçekleştirdiği fetihlerle büyük bir güç hâline geldi ve 'daki diğer Türk beylikleri üzerinde de hâkimiyet kurdu. | Türkiye#181: Soğuk Savaş sonrasındaki dönemde Türkiye'nin jeostratejik önemi, çevresinde bulunan , ve coğrafyalarına doğru kaydı. | Türkiye#378: Türk mutfağı, ve mutfaklarıyla etkileşime girmiştir, saray mutfağı da Türk mutfağının önemli bir kısmını oluşturur."
Balkan,https://tr.wikipedia.org/wiki/Balkanlar,3,"Türkiye#9: 13. yüzyılın sonlarından itibaren 'daki Türk beyliklerinden biri olarak ön plana çıkan ve bağımsızlık kazanan , 14. yüzyılda topraklarında gerçekleştirdiği fetihlerle büyük bir güç hâline geldi ve 'daki diğer Türk beylikleri üzerinde de hâkimiyet kurdu. | Türkiye#181: Soğuk Savaş sonrasındaki dönemde Türkiye'nin jeostratejik önemi, çevresinde bulunan , ve coğrafyalarına doğru kaydı. | Türkiye#378: Türk mutfağı, ve mutfaklarıyla etkileşime girmiştir, saray mutfağı da Türk mutfağının önemli bir kısmını oluşturur."
Avrupa Birliği,https://tr.wikipedia.org/wiki/Avrupa_Birli%C4%9Fi,3,"Türkiye#18: Türkiye 'nun ilk üyelerinden birisi ABD'nin ardından ittifak içinde ikinci en büyük askerî güce sahiptir. adayı olan Türkiye, AB Gümrük Birliği, , ve 'un bir parçasıdır. | Türkiye#175: Geleneksel Batı yönelimi doğrultusunda, Avrupa ile ilişkiler her zaman Türk dış politikasının merkezî bir parçası olmuştur. 1949 yılında 'ne üye olan ülke, 1963 yılında (sonradan 'ne dönüştü) ile kurdu. | Türkiye#180: Türkiye, 'ne üyelik gibi önemli konular da dâhil olmak üzere Amerika Birleşik Devletleri'nin siyasi, ekonomik ve diplomatik desteğinden yararlandı."
Avrupa Birliği,https://tr.wikipedia.org/wiki/Avrupa_Birli%C4%9Fi,3,"Türkiye#18: Türkiye 'nun ilk üyelerinden birisi ABD'nin ardından ittifak içinde ikinci en büyük askerî güce sahiptir. adayı olan Türkiye, AB Gümrük Birliği, , ve 'un bir parçasıdır. | Türkiye#175: Geleneksel Batı yönelimi doğrultusunda, Avrupa ile ilişkiler her zaman Türk dış politikasının merkezî bir parçası olmuştur. 1949 yılında 'ne üye olan ülke, 1963 yılında (sonradan 'ne dönüştü) ile kurdu. | Türkiye#180: Türkiye, 'ne üyelik gibi önemli konular da dâhil olmak üzere Amerika Birleşik Devletleri'nin siyasi, ekonomik ve diplomatik desteğinden yararlandı."
Yunanca,https://tr.wikipedia.org/wiki/Yunanca,3,"Türkiye#24: Sözcüğün soydaşı olan Tourkia ( : Τουρκία ), İmparatoru ve bilgini tarafından De Administrando Imperio kitabında kullanıldı. ise, kendi çağdaşı olan diğer ülkeler tarafından ara ara şeklinde tanınırdı. | Türkiye#63: Böylece bölgede yaygın olan ve , yerini yavaş yavaş İslam ve Türk kültürüne bıraktı."
Ermenistan,https://tr.wikipedia.org/wiki/Ermenistan,3,"Trabzon#12: Merkezinde Yunanların çevre köylerinde bugünkü Lazların (Tzanlar) ataları olan Kolhislilerin ve yaşadığı Trabzon, Antik çağ ve sonrasında üzerinden ve Euphrates ( ) civarında üretilen ticari malların takas edildiği ticaret merkezi ve dış ülkelere satıldığı bir ihraç limanı özelliğindeydi. | Trabzon#46: Canlı bir kenti olan Trabzon'un köklü Rum ve Müslüman ailelerden oluşan eşrafı aktif olarak siyasetle uğraşmaktaydı. 'in sahibi olduğu İstikbal gazetesi yerel sermaye ve aydınların düşüncelerini kamuoyuna duyurdukları en önemli haber kaynağıydı. 'nin ardından bölgede bir 'nin kurulması hatta daha çok destek bulan bir proje olarak yeni kurulacak 'a liman kenti olarak verilmesi gündeme geldiğinde Trabzonlular 12 Şubat 1919 tarihinde 'ni kurarak 'ne bağlılığın korunması için mücadele etmeye karar vermişlerdi. 'ne kalabalık bir heyetle katılan Trabzon heyeti ile kongreyi düzenleyenler arasında başkanlık seçimi ve kongrenin niteliği konusunda bazı pürüzler çıkmıştır. | Türkiye#2: Batıda ve , doğuda , , ve , güneyde ise ve ile sınır komşusudur. | Türkiye#185: Azerbaycan'ın ile yaptığı 'nda Azerbaycan'ı destekleyen Türkiye, savaş yıllarından bu yana Ermenistan ile var olan sınır kapılarını kapalı tutmaktadır. | Türkiye#216: Ayrıca 5.137 metre (16.854 ft) yüksekliğindeki Türkiye'nin en yüksek dağı olan ve en büyük gölü olan de Doğu Anadolu'da yer alır. Türkiye, Anadolu toprakları üzerinde kuzeydoğuda , doğuda , 'a bağlı ve , güneydoğuda ve ile sınır komşusudur."
Ermenistan,https://tr.wikipedia.org/wiki/Ermenistan,3,"Trabzon#12: Merkezinde Yunanların çevre köylerinde bugünkü Lazların (Tzanlar) ataları olan Kolhislilerin ve yaşadığı Trabzon, Antik çağ ve sonrasında üzerinden ve Euphrates ( ) civarında üretilen ticari malların takas edildiği ticaret merkezi ve dış ülkelere satıldığı bir ihraç limanı özelliğindeydi. | Trabzon#46: Canlı bir kenti olan Trabzon'un köklü Rum ve Müslüman ailelerden oluşan eşrafı aktif olarak siyasetle uğraşmaktaydı. 'in sahibi olduğu İstikbal gazetesi yerel sermaye ve aydınların düşüncelerini kamuoyuna duyurdukları en önemli haber kaynağıydı. 'nin ardından bölgede bir 'nin kurulması hatta daha çok destek bulan bir proje olarak yeni kurulacak 'a liman kenti olarak verilmesi gündeme geldiğinde Trabzonlular 12 Şubat 1919 tarihinde 'ni kurarak 'ne bağlılığın korunması için mücadele etmeye karar vermişlerdi. 'ne kalabalık bir heyetle katılan Trabzon heyeti ile kongreyi düzenleyenler arasında başkanlık seçimi ve kongrenin niteliği konusunda bazı pürüzler çıkmıştır. | Türkiye#2: Batıda ve , doğuda , , ve , güneyde ise ve ile sınır komşusudur. | Türkiye#185: Azerbaycan'ın ile yaptığı 'nda Azerbaycan'ı destekleyen Türkiye, savaş yıllarından bu yana Ermenistan ile var olan sınır kapılarını kapalı tutmaktadır. | Türkiye#216: Ayrıca 5.137 metre (16.854 ft) yüksekliğindeki Türkiye'nin en yüksek dağı olan ve en büyük gölü olan de Doğu Anadolu'da yer alır. Türkiye, Anadolu toprakları üzerinde kuzeydoğuda , doğuda , 'a bağlı ve , güneydoğuda ve ile sınır komşusudur."
İran,https://tr.wikipedia.org/wiki/%C4%B0ran,3,"Trabzon#29: Trabzon, Osmanlı döneminde de gerek Doğu Anadolu ve 'ın gerekse 'nun Batı'ya açıldığı liman kenti olarak stratejik önemini sürdürmüş dahası İran ve seferlerinde askeri üs noktası olarak kullanılmıştır. 1486 kayıtlarında şehirde yaşayan Müslüman halkın; çeşitli Anadolu şehrinden sürgün edilerek şehre yerleştirilen 201 hâne ile kendi istekleriyle şehre yerleşen elli altı hâneden oluştuğu belirtilmiştir. | Türkiye#2: Batıda ve , doğuda , , ve , güneyde ise ve ile sınır komşusudur. | Türkiye#42: MÖ 612'den itibaren herhangi ciddi bir etki gösteremeyen Urartular, MÖ 590 yılında 'dan gelen tarafından yıkıldı. | Türkiye#216: Ayrıca 5.137 metre (16.854 ft) yüksekliğindeki Türkiye'nin en yüksek dağı olan ve en büyük gölü olan de Doğu Anadolu'da yer alır. Türkiye, Anadolu toprakları üzerinde kuzeydoğuda , doğuda , 'a bağlı ve , güneydoğuda ve ile sınır komşusudur."
İran,https://tr.wikipedia.org/wiki/%C4%B0ran,3,"Trabzon#29: Trabzon, Osmanlı döneminde de gerek Doğu Anadolu ve 'ın gerekse 'nun Batı'ya açıldığı liman kenti olarak stratejik önemini sürdürmüş dahası İran ve seferlerinde askeri üs noktası olarak kullanılmıştır. 1486 kayıtlarında şehirde yaşayan Müslüman halkın; çeşitli Anadolu şehrinden sürgün edilerek şehre yerleştirilen 201 hâne ile kendi istekleriyle şehre yerleşen elli altı hâneden oluştuğu belirtilmiştir. | Türkiye#2: Batıda ve , doğuda , , ve , güneyde ise ve ile sınır komşusudur. | Türkiye#42: MÖ 612'den itibaren herhangi ciddi bir etki gösteremeyen Urartular, MÖ 590 yılında 'dan gelen tarafından yıkıldı. | Türkiye#216: Ayrıca 5.137 metre (16.854 ft) yüksekliğindeki Türkiye'nin en yüksek dağı olan ve en büyük gölü olan de Doğu Anadolu'da yer alır. Türkiye, Anadolu toprakları üzerinde kuzeydoğuda , doğuda , 'a bağlı ve , güneydoğuda ve ile sınır komşusudur."
Azerbaycan,https://tr.wikipedia.org/wiki/Azerbaycan,3,"Türkiye#2: Batıda ve , doğuda , , ve , güneyde ise ve ile sınır komşusudur. | Türkiye#184: Özellikle , Türkiye ile ilişkilerinin önemini vurguladı. 'den 'a uzanan (BTC), 'ndeki petrolü küresel pazara aktarmayı sağlamakta ve Türkiye'nin dış politika stratejisinin bir bölümünü oluşturmaktadır. | Türkiye#216: Ayrıca 5.137 metre (16.854 ft) yüksekliğindeki Türkiye'nin en yüksek dağı olan ve en büyük gölü olan de Doğu Anadolu'da yer alır. Türkiye, Anadolu toprakları üzerinde kuzeydoğuda , doğuda , 'a bağlı ve , güneydoğuda ve ile sınır komşusudur."
Orta Asya,https://tr.wikipedia.org/wiki/Orta_Asya,3,"Türkiye#60: , olduktan sonra çevrelerine daha yakın yerlerde ikamet ettiler ve 9. yüzyılda ile 'nün kuzeyine yerleşmeye başladılar. 10. yüzyıl itibarıyla , yurdunu da sınırları içine katarak, atalarının vatanı 'dan batıya doğru başladılar ve 'ni kurdular. | Türkiye#183: Türkiye, Ön ve 'da bulunan bu cumhuriyetler ile ikili ilişkilerini, aralarında bulunan derin kültürel ve dilsel bağ sebebiyle ilerletme çabası içine girdi. | Türkiye#358: Ülke coğrafyasındaki kültürel kaynaşma, 'dan Anadolu'ya doğru gerçekleşen sırasında Türklerin göç yolları üzerindeki kültürlerle kendi kültürlerini birleştirmesi sonucunda başladı."
Orta Asya,https://tr.wikipedia.org/wiki/Orta_Asya,3,"Türkiye#60: , olduktan sonra çevrelerine daha yakın yerlerde ikamet ettiler ve 9. yüzyılda ile 'nün kuzeyine yerleşmeye başladılar. 10. yüzyıl itibarıyla , yurdunu da sınırları içine katarak, atalarının vatanı 'dan batıya doğru başladılar ve 'ni kurdular. | Türkiye#183: Türkiye, Ön ve 'da bulunan bu cumhuriyetler ile ikili ilişkilerini, aralarında bulunan derin kültürel ve dilsel bağ sebebiyle ilerletme çabası içine girdi. | Türkiye#358: Ülke coğrafyasındaki kültürel kaynaşma, 'dan Anadolu'ya doğru gerçekleşen sırasında Türklerin göç yolları üzerindeki kültürlerle kendi kültürlerini birleştirmesi sonucunda başladı."
Türkiye Büyük Millet Meclisi,https://tr.wikipedia.org/wiki/T%C3%BCrkiye_B%C3%BCy%C3%BCk_Millet_Meclisi,3,"Türkiye#13: Ancak yapılan reformlar, imparatorluğun engelleyemedi. 1914 yılında başlayan 'na 'nin yanında giren imparatorluk, savaş sonucunda yenik düşerek 30 Ekim 1918 tarihinde tüm orduların teslim olması şartını kabul etti ve akabinde 'nce işgal edildi. 16 Mart 1920'de İtilaf Devletleri'nin bazı milletvekillerini tutuklayarak sürgüne göndermesi sonucunda 'ın kapanmasıyla önderliğinde 23 Nisan 1920 tarihinde 'da kuruldu. | Türkiye#102: Ankara Hükûmeti silahlı ve diplomatik mücadeleye girişti. 1921-1923 yılları arasında Ermeni, Yunan, Fransız ve İngiliz orduları ülkeden kovuldu: Ankara Hükûmeti'nin askerî ilerleyişi ve diplomatik başarısı 11 Ekim 1922'de 'nin imzalanmasıyla sonuçlandı. ile Ankara Hükûmeti arasındaki 'nin (Eylül-Ekim 1922) ele alınışı, 19 Ekim 1922'de hükûmetinin çökmesine ve 'nın Birleşik Krallık'tan siyasi özerklik kazanmasına neden oldu. 1 Kasım 1922 tarihinde , ve 623 yıllık monarşik Osmanlı İmparatorluğu, resmen tarih sahnesinden silindi."
Türkiye Büyük Millet Meclisi,https://tr.wikipedia.org/wiki/T%C3%BCrkiye_B%C3%BCy%C3%BCk_Millet_Meclisi,3,"Türkiye#13: Ancak yapılan reformlar, imparatorluğun engelleyemedi. 1914 yılında başlayan 'na 'nin yanında giren imparatorluk, savaş sonucunda yenik düşerek 30 Ekim 1918 tarihinde tüm orduların teslim olması şartını kabul etti ve akabinde 'nce işgal edildi. 16 Mart 1920'de İtilaf Devletleri'nin bazı milletvekillerini tutuklayarak sürgüne göndermesi sonucunda 'ın kapanmasıyla önderliğinde 23 Nisan 1920 tarihinde 'da kuruldu. | Türkiye#102: Ankara Hükûmeti silahlı ve diplomatik mücadeleye girişti. 1921-1923 yılları arasında Ermeni, Yunan, Fransız ve İngiliz orduları ülkeden kovuldu: Ankara Hükûmeti'nin askerî ilerleyişi ve diplomatik başarısı 11 Ekim 1922'de 'nin imzalanmasıyla sonuçlandı. ile Ankara Hükûmeti arasındaki 'nin (Eylül-Ekim 1922) ele alınışı, 19 Ekim 1922'de hükûmetinin çökmesine ve 'nın Birleşik Krallık'tan siyasi özerklik kazanmasına neden oldu. 1 Kasım 1922 tarihinde , ve 623 yıllık monarşik Osmanlı İmparatorluğu, resmen tarih sahnesinden silindi."
Kuzey Kıbrıs Türk Cumhuriyeti,https://tr.wikipedia.org/wiki/Kuzey_K%C4%B1br%C4%B1s_T%C3%BCrk_Cumhuriyeti,3,"Türkiye#113: Dokuz yıl sonra kurularak ada ikiye bölünse de, KKTC yalnızca Türkiye tarafından resmen tanındı. | Türkiye#177: Türkiye'nin 'nda AB üyelerinin aksine 'ni desteklemesi, AB ilişkilerini zorlaştırmakta ve ülkenin AB'ye üyelik sürecindeki önemli bir engel olmaya devam etmektedir. | Türkiye#189: Bunun yanı sıra varlığı tartışmalı olsa da topraklarında 36.000 askerini bulundurmaktadır. 'da , yetkilisi ve 2001'den bu yana komutası altında 'nin bir parçası olarak bulunmaktadır. 2003'ten beri Türkiye, 'na askerî personel sağlamakta ve 'nda yer almaktadır."
Kuzey Kıbrıs Türk Cumhuriyeti,https://tr.wikipedia.org/wiki/Kuzey_K%C4%B1br%C4%B1s_T%C3%BCrk_Cumhuriyeti,3,"Türkiye#113: Dokuz yıl sonra kurularak ada ikiye bölünse de, KKTC yalnızca Türkiye tarafından resmen tanındı. | Türkiye#177: Türkiye'nin 'nda AB üyelerinin aksine 'ni desteklemesi, AB ilişkilerini zorlaştırmakta ve ülkenin AB'ye üyelik sürecindeki önemli bir engel olmaya devam etmektedir. | Türkiye#189: Bunun yanı sıra varlığı tartışmalı olsa da topraklarında 36.000 askerini bulundurmaktadır. 'da , yetkilisi ve 2001'den bu yana komutası altında 'nin bir parçası olarak bulunmaktadır. 2003'ten beri Türkiye, 'na askerî personel sağlamakta ve 'nda yer almaktadır."
İstanbul Boğazı,https://tr.wikipedia.org/wiki/%C4%B0stanbul_Bo%C4%9Faz%C4%B1,3,"Türkiye#3: Güneyini ve , batısını , kuzeyini ise çevreler. ise ve ile birlikte 'yu 'dan, yani 'yı 'dan ayırır. | Türkiye#206: Kalan %3'lük kısım ise kıtasında kalır ve diye adlandırılır. , ve Anadolu'yu Trakya'dan, yani Asya'yı Avrupa'dan ayırır. | Türkiye#290: (1973), (1988) ve (2016), 'nın ve kıyılarını birbirine bağlayan üç asma köprüdür. (2016) 'nin kuzey ve güney kıyılarını birbirine bağlar."
İtilaf Devletleri,https://tr.wikipedia.org/wiki/%C4%B0tilaf_Devletleri,3,"Türkiye#13: Ancak yapılan reformlar, imparatorluğun engelleyemedi. 1914 yılında başlayan 'na 'nin yanında giren imparatorluk, savaş sonucunda yenik düşerek 30 Ekim 1918 tarihinde tüm orduların teslim olması şartını kabul etti ve akabinde 'nce işgal edildi. 16 Mart 1920'de İtilaf Devletleri'nin bazı milletvekillerini tutuklayarak sürgüne göndermesi sonucunda 'ın kapanmasıyla önderliğinde 23 Nisan 1920 tarihinde 'da kuruldu. | Türkiye#99: Savaşın ardından imparatorluğa bağlı milletler ayrılarak kurdular. 30 Ekim 1918'de , ile 'ni imzaladı. 10 Ağustos 1920'de imzalanan ise Osmanlı topraklarını İtilaf Devletleri arasında paylaştırdı, ancak yürürlüğe giremedi. | Türkiye#104: Yeni antlaşma, Türkiye'nin kendi toprakları üzerindeki egemenliğine yol açtı. 'nin Türkiye'yi işgali, 4 Ekim 1923'te son İtilaf birliklerinin 'dan çekilmesi ve 6 Ekim 1923'te Türk birliklerinin sona erdi. 29 Ekim 1923'te yeni başkent 'da resmen ."
İtilaf Devletleri,https://tr.wikipedia.org/wiki/%C4%B0tilaf_Devletleri,3,"Türkiye#13: Ancak yapılan reformlar, imparatorluğun engelleyemedi. 1914 yılında başlayan 'na 'nin yanında giren imparatorluk, savaş sonucunda yenik düşerek 30 Ekim 1918 tarihinde tüm orduların teslim olması şartını kabul etti ve akabinde 'nce işgal edildi. 16 Mart 1920'de İtilaf Devletleri'nin bazı milletvekillerini tutuklayarak sürgüne göndermesi sonucunda 'ın kapanmasıyla önderliğinde 23 Nisan 1920 tarihinde 'da kuruldu. | Türkiye#99: Savaşın ardından imparatorluğa bağlı milletler ayrılarak kurdular. 30 Ekim 1918'de , ile 'ni imzaladı. 10 Ağustos 1920'de imzalanan ise Osmanlı topraklarını İtilaf Devletleri arasında paylaştırdı, ancak yürürlüğe giremedi. | Türkiye#104: Yeni antlaşma, Türkiye'nin kendi toprakları üzerindeki egemenliğine yol açtı. 'nin Türkiye'yi işgali, 4 Ekim 1923'te son İtilaf birliklerinin 'dan çekilmesi ve 6 Ekim 1923'te Türk birliklerinin sona erdi. 29 Ekim 1923'te yeni başkent 'da resmen ."
Azerbaycan,https://tr.wikipedia.org/wiki/Azerbaycan,3,"Türkiye#2: Batıda ve , doğuda , , ve , güneyde ise ve ile sınır komşusudur. | Türkiye#184: Özellikle , Türkiye ile ilişkilerinin önemini vurguladı. 'den 'a uzanan (BTC), 'ndeki petrolü küresel pazara aktarmayı sağlamakta ve Türkiye'nin dış politika stratejisinin bir bölümünü oluşturmaktadır. | Türkiye#216: Ayrıca 5.137 metre (16.854 ft) yüksekliğindeki Türkiye'nin en yüksek dağı olan ve en büyük gölü olan de Doğu Anadolu'da yer alır. Türkiye, Anadolu toprakları üzerinde kuzeydoğuda , doğuda , 'a bağlı ve , güneydoğuda ve ile sınır komşusudur."
Lidyalılar,https://tr.wikipedia.org/wiki/Lidyal%C4%B1lar,2,"Türkiye#5: Türkiye toprakları üzerinde bulunan ilk yerleşmeler 'nde başlar. 'da olmak üzere, , , ve sonucu 'dan kaçan tarafından kurulan medeniyeti gibi çeşitli eski ardından, kralı 'in egemenliğiyle ve fetihleriyle birlikte başladı. | Türkiye#43: Orta Anadolu üzerinde büyük bir hâkimiyet kurmuş olan 'nun da MÖ yaklaşık 1180'li yıllarda çöküşünün ardından, Hint-Avrupa milletlerinden kurdukları , MÖ 7. yüzyılda tarafından yapılan saldırılara kadar Anadolu'da üstünlük elde etti. Frigya'dan sonra , ve devletleri bölgede güç yakalayarak söz sahibi oldu. Ekonomi alanıyla ön plana , MÖ 546'da hükümdarı tarafından yıkılıncaya kadar Batı Anadolu'da varlığını sürdürdü."
bölgesel güç,https://tr.wikipedia.org/wiki/B%C3%B6lgesel_g%C3%BC%C3%A7,2,"Türkiye#19: Türkiye, askerî kapasitesi ve diplomatik girişimleri sayesinde kabul edilirken; ve kıtalarının kavşak noktasında yer alması nedeniyle olarak görülmektedir. | Türkiye#173: Günümüzde Türkiye, askerî kapasitesi ve diplomatik girişimleri sayesinde kabul edilirken; ve kıtalarının kavşak noktasında yer alması nedeniyle sahiptir."
Türkiye Anayasası,https://tr.wikipedia.org/wiki/T%C3%BCrkiye_Cumhuriyeti_Anayasas%C4%B1,2,"Türkiye#166: Mahkemelerin bağımsızlığı ve kuruluşu, hâkim ve savcıların görev süreleri boyunca güvenliklerinin sağlanması, hâkim ve savcıların görevleri, hâkim ve savcıların denetlenmesi, askerî mahkemeler ve kuruluşu, yüksek mahkemelerin yetki ve görevleri ile belirlenir. | Türkiye#312: 'nın 66. maddesi, ""Türk Devletine vatandaşlık bağı ile bağlı olan"" herkesi, bir ""Türk"" olarak tanımlar."
Hazar Denizi,https://tr.wikipedia.org/wiki/Hazar_Denizi,2,"Türkiye#60: , olduktan sonra çevrelerine daha yakın yerlerde ikamet ettiler ve 9. yüzyılda ile 'nün kuzeyine yerleşmeye başladılar. 10. yüzyıl itibarıyla , yurdunu da sınırları içine katarak, atalarının vatanı 'dan batıya doğru başladılar ve 'ni kurdular. | Türkiye#184: Özellikle , Türkiye ile ilişkilerinin önemini vurguladı. 'den 'a uzanan (BTC), 'ndeki petrolü küresel pazara aktarmayı sağlamakta ve Türkiye'nin dış politika stratejisinin bir bölümünü oluşturmaktadır."
Hazar Denizi,https://tr.wikipedia.org/wiki/Hazar_Denizi,2,"Türkiye#60: , olduktan sonra çevrelerine daha yakın yerlerde ikamet ettiler ve 9. yüzyılda ile 'nün kuzeyine yerleşmeye başladılar. 10. yüzyıl itibarıyla , yurdunu da sınırları içine katarak, atalarının vatanı 'dan batıya doğru başladılar ve 'ni kurdular. | Türkiye#184: Özellikle , Türkiye ile ilişkilerinin önemini vurguladı. 'den 'a uzanan (BTC), 'ndeki petrolü küresel pazara aktarmayı sağlamakta ve Türkiye'nin dış politika stratejisinin bir bölümünü oluşturmaktadır."
İyon,https://tr.wikipedia.org/wiki/%C4%B0yonya,2,"Türkiye#5: Türkiye toprakları üzerinde bulunan ilk yerleşmeler 'nde başlar. 'da olmak üzere, , , ve sonucu 'dan kaçan tarafından kurulan medeniyeti gibi çeşitli eski ardından, kralı 'in egemenliğiyle ve fetihleriyle birlikte başladı. | Türkiye#44: Anadolu'nun sahil şeridinde MÖ 1200 yıllarında büyük ölçüde , ve yerleşimleri başladı."
İyon,https://tr.wikipedia.org/wiki/%C4%B0yonya,2,"Türkiye#5: Türkiye toprakları üzerinde bulunan ilk yerleşmeler 'nde başlar. 'da olmak üzere, , , ve sonucu 'dan kaçan tarafından kurulan medeniyeti gibi çeşitli eski ardından, kralı 'in egemenliğiyle ve fetihleriyle birlikte başladı. | Türkiye#44: Anadolu'nun sahil şeridinde MÖ 1200 yıllarında büyük ölçüde , ve yerleşimleri başladı."
Türkiye Anayasası,https://tr.wikipedia.org/wiki/T%C3%BCrkiye_Cumhuriyeti_Anayasas%C4%B1,2,"Türkiye#166: Mahkemelerin bağımsızlığı ve kuruluşu, hâkim ve savcıların görev süreleri boyunca güvenliklerinin sağlanması, hâkim ve savcıların görevleri, hâkim ve savcıların denetlenmesi, askerî mahkemeler ve kuruluşu, yüksek mahkemelerin yetki ve görevleri ile belirlenir. | Türkiye#312: 'nın 66. maddesi, ""Türk Devletine vatandaşlık bağı ile bağlı olan"" herkesi, bir ""Türk"" olarak tanımlar."
Kafkasya,https://tr.wikipedia.org/wiki/Kafkasya,2,"Trabzon#29: Trabzon, Osmanlı döneminde de gerek Doğu Anadolu ve 'ın gerekse 'nun Batı'ya açıldığı liman kenti olarak stratejik önemini sürdürmüş dahası İran ve seferlerinde askeri üs noktası olarak kullanılmıştır. 1486 kayıtlarında şehirde yaşayan Müslüman halkın; çeşitli Anadolu şehrinden sürgün edilerek şehre yerleştirilen 201 hâne ile kendi istekleriyle şehre yerleşen elli altı hâneden oluştuğu belirtilmiştir. | Türkiye#88: Aynı şekilde topraklarını sonucunda buradaki Müslümanlar da Anadolu'ya yöneldi. | Türkiye#181: Soğuk Savaş sonrasındaki dönemde Türkiye'nin jeostratejik önemi, çevresinde bulunan , ve coğrafyalarına doğru kaydı."
Selçuklular,https://tr.wikipedia.org/wiki/Sel%C3%A7uklu_Hanedan%C4%B1,2,"Türkiye#60: , olduktan sonra çevrelerine daha yakın yerlerde ikamet ettiler ve 9. yüzyılda ile 'nün kuzeyine yerleşmeye başladılar. 10. yüzyıl itibarıyla , yurdunu da sınırları içine katarak, atalarının vatanı 'dan batıya doğru başladılar ve 'ni kurdular. | Türkiye#61: 11. yüzyılın ikinci yarısında , Anadolu'nun doğu bölgelerine yerleşmeye ve akınlar yapmaya başladılar. 1071'de, Sultan döneminde, Selçuklu Türkleri ile arasında yapılan 'nden sonra gelen Selçuklu zaferiyle birlikte Anadolu toprakları üzerinde ve hareketi başladı."
III. Darius,https://tr.wikipedia.org/wiki/III._Darius,2,"Türkiye#49: Ardından, civarında ( ) gerçekleşen 'nda ve akabinde civarında meydana gelen 'nde hükümdarı 'u perişan etti. Daha sonra Kralı 'u devirdi ve 'nu tamamen fethetti."
III. Darius,https://tr.wikipedia.org/wiki/III._Darius,2,"Türkiye#49: Ardından, civarında ( ) gerçekleşen 'nda ve akabinde civarında meydana gelen 'nde hükümdarı 'u perişan etti. Daha sonra Kralı 'u devirdi ve 'nu tamamen fethetti."
Selçuklular,https://tr.wikipedia.org/wiki/Sel%C3%A7uklu_Hanedan%C4%B1,2,"Türkiye#60: , olduktan sonra çevrelerine daha yakın yerlerde ikamet ettiler ve 9. yüzyılda ile 'nün kuzeyine yerleşmeye başladılar. 10. yüzyıl itibarıyla , yurdunu da sınırları içine katarak, atalarının vatanı 'dan batıya doğru başladılar ve 'ni kurdular. | Türkiye#61: 11. yüzyılın ikinci yarısında , Anadolu'nun doğu bölgelerine yerleşmeye ve akınlar yapmaya başladılar. 1071'de, Sultan döneminde, Selçuklu Türkleri ile arasında yapılan 'nden sonra gelen Selçuklu zaferiyle birlikte Anadolu toprakları üzerinde ve hareketi başladı."
Roma İmparatorluğu,https://tr.wikipedia.org/wiki/Roma_%C4%B0mparatorlu%C4%9Fu,2,"Trabzon#13: Pontus İmparatoru 'in ile giriştiği bir dizi savaşı kaybetmesinin ardından topraklarının yanı sıra Trabzon da Roma hakimiyetine girmiştir. | Türkiye#6: Daha sonra, sırasıyla ve 'nun dönemleri yaşandı. 1071 yılında Bizans'a karşı kazandığı ile Anadolu'daki Bizans üstünlüğü büyük ölçüde kırılarak Anadolu, kısa süre içerisinde bağlı Türk beyleri tarafından ele geçirildi ve Anadolu toprakları üzerinde ve faaliyetleri başladı. | Türkiye#57: İmparator 'un (379-395) iki erkek çocuğu, babalarının 395'te ölmesinin ardından 'nu Doğu ve Batı olmak üzere ikiye bölerek paylaştılar."
Roma İmparatorluğu,https://tr.wikipedia.org/wiki/Roma_%C4%B0mparatorlu%C4%9Fu,2,"Trabzon#13: Pontus İmparatoru 'in ile giriştiği bir dizi savaşı kaybetmesinin ardından topraklarının yanı sıra Trabzon da Roma hakimiyetine girmiştir. | Türkiye#6: Daha sonra, sırasıyla ve 'nun dönemleri yaşandı. 1071 yılında Bizans'a karşı kazandığı ile Anadolu'daki Bizans üstünlüğü büyük ölçüde kırılarak Anadolu, kısa süre içerisinde bağlı Türk beyleri tarafından ele geçirildi ve Anadolu toprakları üzerinde ve faaliyetleri başladı. | Türkiye#57: İmparator 'un (379-395) iki erkek çocuğu, babalarının 395'te ölmesinin ardından 'nu Doğu ve Batı olmak üzere ikiye bölerek paylaştılar."
Türk,https://tr.wikipedia.org/wiki/T%C3%BCrkler,2,"Türkiye#21: Türkiye'nin adı, "" "" etnik kimliği adından gelir. | Türkiye#314: Ülkenin büyük çoğunluğunun etnik kökeni 'tür. Ülke nüfusundaki Türklerin oranı 'e göre %70-75, Konda'ya göre %76 ve Konsensus'a göre %77'dir. Nüfusun etnik dağılımına ait pek çok veri olmasına rağmen, Türkiye'de yapılan resmî nüfus sayımları etnik kökene ait rakamlar vermediği için resmî veriler mevcut değildir."
Bizans,https://tr.wikipedia.org/wiki/Bizans_%C4%B0mparatorlu%C4%9Fu,2,"Trabzon#20: Trabzon imparatorları başlangıçta diğer (Doğu Roma) imparatorları gibi çift başlı (aetos) figürünü sembol olarak kullanmışlarsa da Latin işgalinin sona ermesi ve 'te yeniden yasal yönetimin iktidarı ele geçirmesiyle, bir çatışmaya sebebiyet vermemek için bugün Trabzon kapısının üzerinde rölyefi bulunan tek başlı kartal sembolünü tercih etmişlerdir. ile , Moğollar ile Osmanlılar hatta çeşitli Türkmen ( kabile federasyonuna mensup) klanları ile denge politikası sürdürerek, varlığını sürdürebilen bu zengin liman kenti, İstanbul'un fethinden sekiz yıl sonra 1461 yılında tarafından Karadeniz'deki çeşitli beylikler, İtalyan kolonileri ve 'la birlikte ele geçirilerek stratejik anahtarının girmesi sağlanmıştır. | Türkiye#6: Daha sonra, sırasıyla ve 'nun dönemleri yaşandı. 1071 yılında Bizans'a karşı kazandığı ile Anadolu'daki Bizans üstünlüğü büyük ölçüde kırılarak Anadolu, kısa süre içerisinde bağlı Türk beyleri tarafından ele geçirildi ve Anadolu toprakları üzerinde ve faaliyetleri başladı. | Türkiye#24: Sözcüğün soydaşı olan Tourkia ( : Τουρκία ), İmparatoru ve bilgini tarafından De Administrando Imperio kitabında kullanıldı. ise, kendi çağdaşı olan diğer ülkeler tarafından ara ara şeklinde tanınırdı."
Bizans,https://tr.wikipedia.org/wiki/Bizans_%C4%B0mparatorlu%C4%9Fu,2,"Trabzon#20: Trabzon imparatorları başlangıçta diğer (Doğu Roma) imparatorları gibi çift başlı (aetos) figürünü sembol olarak kullanmışlarsa da Latin işgalinin sona ermesi ve 'te yeniden yasal yönetimin iktidarı ele geçirmesiyle, bir çatışmaya sebebiyet vermemek için bugün Trabzon kapısının üzerinde rölyefi bulunan tek başlı kartal sembolünü tercih etmişlerdir. ile , Moğollar ile Osmanlılar hatta çeşitli Türkmen ( kabile federasyonuna mensup) klanları ile denge politikası sürdürerek, varlığını sürdürebilen bu zengin liman kenti, İstanbul'un fethinden sekiz yıl sonra 1461 yılında tarafından Karadeniz'deki çeşitli beylikler, İtalyan kolonileri ve 'la birlikte ele geçirilerek stratejik anahtarının girmesi sağlanmıştır. | Türkiye#6: Daha sonra, sırasıyla ve 'nun dönemleri yaşandı. 1071 yılında Bizans'a karşı kazandığı ile Anadolu'daki Bizans üstünlüğü büyük ölçüde kırılarak Anadolu, kısa süre içerisinde bağlı Türk beyleri tarafından ele geçirildi ve Anadolu toprakları üzerinde ve faaliyetleri başladı. | Türkiye#24: Sözcüğün soydaşı olan Tourkia ( : Τουρκία ), İmparatoru ve bilgini tarafından De Administrando Imperio kitabında kullanıldı. ise, kendi çağdaşı olan diğer ülkeler tarafından ara ara şeklinde tanınırdı."
Türk,https://tr.wikipedia.org/wiki/T%C3%BCrkler,2,"Türkiye#21: Türkiye'nin adı, "" "" etnik kimliği adından gelir. | Türkiye#314: Ülkenin büyük çoğunluğunun etnik kökeni 'tür. Ülke nüfusundaki Türklerin oranı 'e göre %70-75, Konda'ya göre %76 ve Konsensus'a göre %77'dir. Nüfusun etnik dağılımına ait pek çok veri olmasına rağmen, Türkiye'de yapılan resmî nüfus sayımları etnik kökene ait rakamlar vermediği için resmî veriler mevcut değildir."
Malazgirt Meydan Muharebesi,https://tr.wikipedia.org/wiki/Malazgirt_Meydan_Muharebesi,2,"Türkiye#6: Daha sonra, sırasıyla ve 'nun dönemleri yaşandı. 1071 yılında Bizans'a karşı kazandığı ile Anadolu'daki Bizans üstünlüğü büyük ölçüde kırılarak Anadolu, kısa süre içerisinde bağlı Türk beyleri tarafından ele geçirildi ve Anadolu toprakları üzerinde ve faaliyetleri başladı. | Türkiye#61: 11. yüzyılın ikinci yarısında , Anadolu'nun doğu bölgelerine yerleşmeye ve akınlar yapmaya başladılar. 1071'de, Sultan döneminde, Selçuklu Türkleri ile arasında yapılan 'nden sonra gelen Selçuklu zaferiyle birlikte Anadolu toprakları üzerinde ve hareketi başladı."
Kafkasya,https://tr.wikipedia.org/wiki/Kafkasya,2,"Trabzon#29: Trabzon, Osmanlı döneminde de gerek Doğu Anadolu ve 'ın gerekse 'nun Batı'ya açıldığı liman kenti olarak stratejik önemini sürdürmüş dahası İran ve seferlerinde askeri üs noktası olarak kullanılmıştır. 1486 kayıtlarında şehirde yaşayan Müslüman halkın; çeşitli Anadolu şehrinden sürgün edilerek şehre yerleştirilen 201 hâne ile kendi istekleriyle şehre yerleşen elli altı hâneden oluştuğu belirtilmiştir. | Türkiye#88: Aynı şekilde topraklarını sonucunda buradaki Müslümanlar da Anadolu'ya yöneldi. | Türkiye#181: Soğuk Savaş sonrasındaki dönemde Türkiye'nin jeostratejik önemi, çevresinde bulunan , ve coğrafyalarına doğru kaydı."
Fırat,https://tr.wikipedia.org/wiki/F%C4%B1rat,2,"Trabzon#12: Merkezinde Yunanların çevre köylerinde bugünkü Lazların (Tzanlar) ataları olan Kolhislilerin ve yaşadığı Trabzon, Antik çağ ve sonrasında üzerinden ve Euphrates ( ) civarında üretilen ticari malların takas edildiği ticaret merkezi ve dış ülkelere satıldığı bir ihraç limanı özelliğindeydi. | Türkiye#50: Büyük bir yenilgiye uğrayan , 'ın doğusuna kadar sürüldü ve böylece Anadolu'daki Pers hâkimiyeti son bulmuş oldu. | Türkiye#215: Türkiye'nin doğusuna gidildikçe yükselti artar ve burası , , gibi çeşitli nehirlerin kaynağıdır."
İslamlaşma,https://tr.wikipedia.org/wiki/M%C3%BCsl%C3%BCmanla%C5%9Fma,2,"Türkiye#6: Daha sonra, sırasıyla ve 'nun dönemleri yaşandı. 1071 yılında Bizans'a karşı kazandığı ile Anadolu'daki Bizans üstünlüğü büyük ölçüde kırılarak Anadolu, kısa süre içerisinde bağlı Türk beyleri tarafından ele geçirildi ve Anadolu toprakları üzerinde ve faaliyetleri başladı. | Türkiye#61: 11. yüzyılın ikinci yarısında , Anadolu'nun doğu bölgelerine yerleşmeye ve akınlar yapmaya başladılar. 1071'de, Sultan döneminde, Selçuklu Türkleri ile arasında yapılan 'nden sonra gelen Selçuklu zaferiyle birlikte Anadolu toprakları üzerinde ve hareketi başladı."
İslamlaşma,https://tr.wikipedia.org/wiki/M%C3%BCsl%C3%BCmanla%C5%9Fma,2,"Türkiye#6: Daha sonra, sırasıyla ve 'nun dönemleri yaşandı. 1071 yılında Bizans'a karşı kazandığı ile Anadolu'daki Bizans üstünlüğü büyük ölçüde kırılarak Anadolu, kısa süre içerisinde bağlı Türk beyleri tarafından ele geçirildi ve Anadolu toprakları üzerinde ve faaliyetleri başladı. | Türkiye#61: 11. yüzyılın ikinci yarısında , Anadolu'nun doğu bölgelerine yerleşmeye ve akınlar yapmaya başladılar. 1071'de, Sultan döneminde, Selçuklu Türkleri ile arasında yapılan 'nden sonra gelen Selçuklu zaferiyle birlikte Anadolu toprakları üzerinde ve hareketi başladı."
Frigya,https://tr.wikipedia.org/wiki/Frigya,2,"Türkiye#43: Orta Anadolu üzerinde büyük bir hâkimiyet kurmuş olan 'nun da MÖ yaklaşık 1180'li yıllarda çöküşünün ardından, Hint-Avrupa milletlerinden kurdukları , MÖ 7. yüzyılda tarafından yapılan saldırılara kadar Anadolu'da üstünlük elde etti. Frigya'dan sonra , ve devletleri bölgede güç yakalayarak söz sahibi oldu. Ekonomi alanıyla ön plana , MÖ 546'da hükümdarı tarafından yıkılıncaya kadar Batı Anadolu'da varlığını sürdürdü. | Türkiye#48: Anadolu, MÖ 6. ve 5. yüzyıllarda bir devleti olan 'nun egemenliğine girdi ve bu egemenlik, MÖ 334 yılındaki Kralı 'in fetihlerine kadar devam etti. Anadolu'nun içlerine kadar ilerleyen İskender; , ve en son 'ya kadar ulaştı."
Frigya,https://tr.wikipedia.org/wiki/Frigya,2,"Türkiye#43: Orta Anadolu üzerinde büyük bir hâkimiyet kurmuş olan 'nun da MÖ yaklaşık 1180'li yıllarda çöküşünün ardından, Hint-Avrupa milletlerinden kurdukları , MÖ 7. yüzyılda tarafından yapılan saldırılara kadar Anadolu'da üstünlük elde etti. Frigya'dan sonra , ve devletleri bölgede güç yakalayarak söz sahibi oldu. Ekonomi alanıyla ön plana , MÖ 546'da hükümdarı tarafından yıkılıncaya kadar Batı Anadolu'da varlığını sürdürdü. | Türkiye#48: Anadolu, MÖ 6. ve 5. yüzyıllarda bir devleti olan 'nun egemenliğine girdi ve bu egemenlik, MÖ 334 yılındaki Kralı 'in fetihlerine kadar devam etti. Anadolu'nun içlerine kadar ilerleyen İskender; , ve en son 'ya kadar ulaştı."
Konya,https://tr.wikipedia.org/wiki/Konya,2,"Türkiye#7: Kısa sürede Anadolu'daki diğer Türk beyliklerinin üzerinde hâkimiyet kuran merkezli , 1243 yılındaki karşı kaybedilen 'ne kadar Anadolu'yu yönetti. | Türkiye#65: Başkenti İznik olan Anadolu Selçuklular, sırasında 'in Bizans'ın eline geçmesiyle Sultan tarafından 1097 tarihinde başkentini 'ya taşımıştır ve bu tarihten itibaren Konya, Selçuklu Devleti'nin başkenti olmuştur."
Konya,https://tr.wikipedia.org/wiki/Konya,2,"Türkiye#7: Kısa sürede Anadolu'daki diğer Türk beyliklerinin üzerinde hâkimiyet kuran merkezli , 1243 yılındaki karşı kaybedilen 'ne kadar Anadolu'yu yönetti. | Türkiye#65: Başkenti İznik olan Anadolu Selçuklular, sırasında 'in Bizans'ın eline geçmesiyle Sultan tarafından 1097 tarihinde başkentini 'ya taşımıştır ve bu tarihten itibaren Konya, Selçuklu Devleti'nin başkenti olmuştur."
Anadolu Selçuklu Sultanlığı,https://tr.wikipedia.org/wiki/Anadolu_Sel%C3%A7uklu_Devleti,2,"Türkiye#7: Kısa sürede Anadolu'daki diğer Türk beyliklerinin üzerinde hâkimiyet kuran merkezli , 1243 yılındaki karşı kaybedilen 'ne kadar Anadolu'yu yönetti. | Türkiye#64: Büyük Selçuklu İmparatorluğu'nun parçalanmasının ardından, Anadolu'da diğer üzerinde hâkimiyet kuran , uzunca bir süre Anadolu'yu yönetti."
Anadolu Selçuklu Sultanlığı,https://tr.wikipedia.org/wiki/Anadolu_Sel%C3%A7uklu_Devleti,2,"Türkiye#7: Kısa sürede Anadolu'daki diğer Türk beyliklerinin üzerinde hâkimiyet kuran merkezli , 1243 yılındaki karşı kaybedilen 'ne kadar Anadolu'yu yönetti. | Türkiye#64: Büyük Selçuklu İmparatorluğu'nun parçalanmasının ardından, Anadolu'da diğer üzerinde hâkimiyet kuran , uzunca bir süre Anadolu'yu yönetti."
Fırat,https://tr.wikipedia.org/wiki/F%C4%B1rat,2,"Trabzon#12: Merkezinde Yunanların çevre köylerinde bugünkü Lazların (Tzanlar) ataları olan Kolhislilerin ve yaşadığı Trabzon, Antik çağ ve sonrasında üzerinden ve Euphrates ( ) civarında üretilen ticari malların takas edildiği ticaret merkezi ve dış ülkelere satıldığı bir ihraç limanı özelliğindeydi. | Türkiye#50: Büyük bir yenilgiye uğrayan , 'ın doğusuna kadar sürüldü ve böylece Anadolu'daki Pers hâkimiyeti son bulmuş oldu. | Türkiye#215: Türkiye'nin doğusuna gidildikçe yükselti artar ve burası , , gibi çeşitli nehirlerin kaynağıdır."
Kösedağ Muharebesi,https://tr.wikipedia.org/wiki/K%C3%B6seda%C4%9F_Muharebesi,2,"Türkiye#7: Kısa sürede Anadolu'daki diğer Türk beyliklerinin üzerinde hâkimiyet kuran merkezli , 1243 yılındaki karşı kaybedilen 'ne kadar Anadolu'yu yönetti. | Türkiye#68: Nitekim 1243'te Anadolu Selçuklu Devleti ile komutasındaki arasında gerçekleşen sonucunda gelen yenilgiyle , Moğol hâkimiyetine girmiştir ve Anadolu Selçuklu Devleti zayıflayıp yerini Türk beyliklerine bırakmıştır."
Kösedağ Muharebesi,https://tr.wikipedia.org/wiki/K%C3%B6seda%C4%9F_Muharebesi,2,"Türkiye#7: Kısa sürede Anadolu'daki diğer Türk beyliklerinin üzerinde hâkimiyet kuran merkezli , 1243 yılındaki karşı kaybedilen 'ne kadar Anadolu'yu yönetti. | Türkiye#68: Nitekim 1243'te Anadolu Selçuklu Devleti ile komutasındaki arasında gerçekleşen sonucunda gelen yenilgiyle , Moğol hâkimiyetine girmiştir ve Anadolu Selçuklu Devleti zayıflayıp yerini Türk beyliklerine bırakmıştır."
Helenleştirme,https://tr.wikipedia.org/wiki/Helenle%C5%9Ftirme,2,"Türkiye#51: döneminde kültürel kaynaşma ve hareketi başlatıldı. | Türkiye#54: Büyük İskender'in, fetihleriyle başlatmış olduğu hareketi ise Roma İmparatorluğu döneminde hızlandırıldı."
Helenleştirme,https://tr.wikipedia.org/wiki/Helenle%C5%9Ftirme,2,"Türkiye#51: döneminde kültürel kaynaşma ve hareketi başlatıldı. | Türkiye#54: Büyük İskender'in, fetihleriyle başlatmış olduğu hareketi ise Roma İmparatorluğu döneminde hızlandırıldı."
milliyetçilik,https://tr.wikipedia.org/wiki/Milliyet%C3%A7ilik,2,"Türkiye#89: İmparatorluğun yine son zamanlarında isyanlarının çıkmasıyla milletler arasında çeşitli etnik gerginlikler yaşandı; bu etnik gerginlikler gibi çeşitli sorunları ortaya çıkardı. | Türkiye#155: Sağ partiler , , veya gibi siyasi ideolojilerin ilkelerini benimseme eğilimindedir."
II. Mehmed,https://tr.wikipedia.org/wiki/II._Mehmed,2,"Türkiye#10: Osmanlılar, 1453 yılında 'in 'na son vermesiyle hâline geldi. | Türkiye#70: 'nin başında olduğu Osmanoğulları Beyliği, sonraki yıllarda gittikçe büyüyerek Anadolu, , ve üzerinde hâkimiyet kurdu. 1453 yılında, öncülüğünde Bizans İmparatorluğu'nun başkenti ve imparatorluk tarihe karıştı."
II. Mehmed,https://tr.wikipedia.org/wiki/II._Mehmed,2,"Türkiye#10: Osmanlılar, 1453 yılında 'in 'na son vermesiyle hâline geldi. | Türkiye#70: 'nin başında olduğu Osmanoğulları Beyliği, sonraki yıllarda gittikçe büyüyerek Anadolu, , ve üzerinde hâkimiyet kurdu. 1453 yılında, öncülüğünde Bizans İmparatorluğu'nun başkenti ve imparatorluk tarihe karıştı."
milliyetçilik,https://tr.wikipedia.org/wiki/Milliyet%C3%A7ilik,2,"Türkiye#89: İmparatorluğun yine son zamanlarında isyanlarının çıkmasıyla milletler arasında çeşitli etnik gerginlikler yaşandı; bu etnik gerginlikler gibi çeşitli sorunları ortaya çıkardı. | Türkiye#155: Sağ partiler , , veya gibi siyasi ideolojilerin ilkelerini benimseme eğilimindedir."
Cumhuriyet Halk Partisi,https://tr.wikipedia.org/wiki/Cumhuriyet_Halk_Partisi,2,"Cumhuriyet Halk Partisi genel sekreterleri listesi#1: genel sekreterleri listesidir. | Türkiye#156: Yelpazenin sol tarafında (CHP), (SHP) ve (DSP) yerel ve genel seçimlerde büyük başarılar elde ettiler. | Türkiye#159: Meclisin , ardından başlamıştır ve başlangıçta milletvekili dağılımı şu şekilde belirlendi: (AKP) 268, (CHP) 169, (MHP) 50, Halkların Eşitlik ve Demokrasi Partisi (HEDEP) 57, 43, (YRP) 5, (TİP) 4 sandalye."
Malazgirt Meydan Muharebesi,https://tr.wikipedia.org/wiki/Malazgirt_Meydan_Muharebesi,2,"Türkiye#6: Daha sonra, sırasıyla ve 'nun dönemleri yaşandı. 1071 yılında Bizans'a karşı kazandığı ile Anadolu'daki Bizans üstünlüğü büyük ölçüde kırılarak Anadolu, kısa süre içerisinde bağlı Türk beyleri tarafından ele geçirildi ve Anadolu toprakları üzerinde ve faaliyetleri başladı. | Türkiye#61: 11. yüzyılın ikinci yarısında , Anadolu'nun doğu bölgelerine yerleşmeye ve akınlar yapmaya başladılar. 1071'de, Sultan döneminde, Selçuklu Türkleri ile arasında yapılan 'nden sonra gelen Selçuklu zaferiyle birlikte Anadolu toprakları üzerinde ve hareketi başladı."
Byzantium,https://tr.wikipedia.org/wiki/Bizantion,2,"Türkiye#45: Bu yerleşimciler tarafından , , ve gibi çok sayıda önemli şehir kuruldu. | Türkiye#56: 324 yılında İmparatoru , imparatorluğun başkentini 'a taşıdı ve şehrin adını olarak değiştirdi."
imparatorluk,https://tr.wikipedia.org/wiki/%C4%B0mparatorluk,2,"Türkiye#10: Osmanlılar, 1453 yılında 'in 'na son vermesiyle hâline geldi. | Türkiye#71: Bu olaydan sonra Osmanlılar, bir hâline geldi."
imparatorluk,https://tr.wikipedia.org/wiki/%C4%B0mparatorluk,2,"Türkiye#10: Osmanlılar, 1453 yılında 'in 'na son vermesiyle hâline geldi. | Türkiye#71: Bu olaydan sonra Osmanlılar, bir hâline geldi."
I. Süleyman,https://tr.wikipedia.org/wiki/I._S%C3%BCleyman,2,"Türkiye#11: İmparatorluk, zirvesini 16. yüzyılda, özellikle döneminde yaşadı. 1683 yılındaki sonrasında gelen bozgun ve 15 sene süren sonucunda 'nun 'ya karşı üstünlüğü sona erdi. | Türkiye#76: Osmanlı İmparatorluğu, 16. ve 17. yüzyılda, özellikle döneminde tarihinin zirvesine ulaştı."
I. Süleyman,https://tr.wikipedia.org/wiki/I._S%C3%BCleyman,2,"Türkiye#11: İmparatorluk, zirvesini 16. yüzyılda, özellikle döneminde yaşadı. 1683 yılındaki sonrasında gelen bozgun ve 15 sene süren sonucunda 'nun 'ya karşı üstünlüğü sona erdi. | Türkiye#76: Osmanlı İmparatorluğu, 16. ve 17. yüzyılda, özellikle döneminde tarihinin zirvesine ulaştı."
Ahameniş,https://tr.wikipedia.org/wiki/Ahameni%C5%9F_%C4%B0mparatorlu%C4%9Fu,2,"Türkiye#43: Orta Anadolu üzerinde büyük bir hâkimiyet kurmuş olan 'nun da MÖ yaklaşık 1180'li yıllarda çöküşünün ardından, Hint-Avrupa milletlerinden kurdukları , MÖ 7. yüzyılda tarafından yapılan saldırılara kadar Anadolu'da üstünlük elde etti. Frigya'dan sonra , ve devletleri bölgede güç yakalayarak söz sahibi oldu. Ekonomi alanıyla ön plana , MÖ 546'da hükümdarı tarafından yıkılıncaya kadar Batı Anadolu'da varlığını sürdürdü. | Türkiye#49: Ardından, civarında ( ) gerçekleşen 'nda ve akabinde civarında meydana gelen 'nde hükümdarı 'u perişan etti. Daha sonra Kralı 'u devirdi ve 'nu tamamen fethetti."
Byzantium,https://tr.wikipedia.org/wiki/Bizantion,2,"Türkiye#45: Bu yerleşimciler tarafından , , ve gibi çok sayıda önemli şehir kuruldu. | Türkiye#56: 324 yılında İmparatoru , imparatorluğun başkentini 'a taşıdı ve şehrin adını olarak değiştirdi."
Kutsal İttifak Savaşları,https://tr.wikipedia.org/wiki/Osmanl%C4%B1-Kutsal_%C4%B0ttifak_sava%C5%9Flar%C4%B1,2,"Türkiye#11: İmparatorluk, zirvesini 16. yüzyılda, özellikle döneminde yaşadı. 1683 yılındaki sonrasında gelen bozgun ve 15 sene süren sonucunda 'nun 'ya karşı üstünlüğü sona erdi. | Türkiye#79: , Batı Avrupa'da gerçekleşen , , ve gibi yeni gelişmeleri ülkesine getiremeyerek çağın gerisinde kaldı. 'nın bitmesiyle 1699'da imzalanan sonrasında Osmanlı İmparatorluğu yavaşça ."
Kutsal İttifak Savaşları,https://tr.wikipedia.org/wiki/Osmanl%C4%B1-Kutsal_%C4%B0ttifak_sava%C5%9Flar%C4%B1,2,"Türkiye#11: İmparatorluk, zirvesini 16. yüzyılda, özellikle döneminde yaşadı. 1683 yılındaki sonrasında gelen bozgun ve 15 sene süren sonucunda 'nun 'ya karşı üstünlüğü sona erdi. | Türkiye#79: , Batı Avrupa'da gerçekleşen , , ve gibi yeni gelişmeleri ülkesine getiremeyerek çağın gerisinde kaldı. 'nın bitmesiyle 1699'da imzalanan sonrasında Osmanlı İmparatorluğu yavaşça ."
Adalet ve Kalkınma Partisi,https://tr.wikipedia.org/wiki/Adalet_ve_Kalk%C4%B1nma_Partisi,2,"Türkiye#154: Türk siyasi yelpazesinin sağ tarafında (DP), (AP), (ANAP) ve (AK Parti) Türkiye'nin en büyük siyasi partileri oldular ve en büyük seçim başarılarını elde ederek siyasette baskın oldular. | Türkiye#159: Meclisin , ardından başlamıştır ve başlangıçta milletvekili dağılımı şu şekilde belirlendi: (AKP) 268, (CHP) 169, (MHP) 50, Halkların Eşitlik ve Demokrasi Partisi (HEDEP) 57, 43, (YRP) 5, (TİP) 4 sandalye."
Adalet ve Kalkınma Partisi,https://tr.wikipedia.org/wiki/Adalet_ve_Kalk%C4%B1nma_Partisi,2,"Türkiye#154: Türk siyasi yelpazesinin sağ tarafında (DP), (AP), (ANAP) ve (AK Parti) Türkiye'nin en büyük siyasi partileri oldular ve en büyük seçim başarılarını elde ederek siyasette baskın oldular. | Türkiye#159: Meclisin , ardından başlamıştır ve başlangıçta milletvekili dağılımı şu şekilde belirlendi: (AKP) 268, (CHP) 169, (MHP) 50, Halkların Eşitlik ve Demokrasi Partisi (HEDEP) 57, 43, (YRP) 5, (TİP) 4 sandalye."
Tanzimat,https://tr.wikipedia.org/wiki/Tanzimat,2,"Türkiye#12: 19. yüzyıla gelindiğinde imparatorluk, adı verilen ciddi bir sürecine girdi. 1876 yılında ilan edilip meclisin açılmasıyla başlayan devri, 1878 yılına kadar sürse de, 1908 yılında ilan edilerek tekrar yürürlüğe girdi. | Türkiye#368: Osmanlı döneminde Türk edebiyatı, ve edebiyatlarının fazlasıyla etkisi altında kaldı. 'taki yeniliklerle birlikte daha önceden bilinmeyen ve gibi edebi türler Türk edebiyatına giriş yaptı."
Tanzimat,https://tr.wikipedia.org/wiki/Tanzimat,2,"Türkiye#12: 19. yüzyıla gelindiğinde imparatorluk, adı verilen ciddi bir sürecine girdi. 1876 yılında ilan edilip meclisin açılmasıyla başlayan devri, 1878 yılına kadar sürse de, 1908 yılında ilan edilerek tekrar yürürlüğe girdi. | Türkiye#368: Osmanlı döneminde Türk edebiyatı, ve edebiyatlarının fazlasıyla etkisi altında kaldı. 'taki yeniliklerle birlikte daha önceden bilinmeyen ve gibi edebi türler Türk edebiyatına giriş yaptı."
Numan Kurtulmuş,https://tr.wikipedia.org/wiki/Numan_Kurtulmu%C5%9F,2,"Türkiye#158: 12. Cumhurbaşkanı şu anda ve olarak görev yapıyor. , Türkiye'nin . , 'dır."
Ahameniş,https://tr.wikipedia.org/wiki/Ahameni%C5%9F_%C4%B0mparatorlu%C4%9Fu,2,"Türkiye#43: Orta Anadolu üzerinde büyük bir hâkimiyet kurmuş olan 'nun da MÖ yaklaşık 1180'li yıllarda çöküşünün ardından, Hint-Avrupa milletlerinden kurdukları , MÖ 7. yüzyılda tarafından yapılan saldırılara kadar Anadolu'da üstünlük elde etti. Frigya'dan sonra , ve devletleri bölgede güç yakalayarak söz sahibi oldu. Ekonomi alanıyla ön plana , MÖ 546'da hükümdarı tarafından yıkılıncaya kadar Batı Anadolu'da varlığını sürdürdü. | Türkiye#49: Ardından, civarında ( ) gerçekleşen 'nda ve akabinde civarında meydana gelen 'nde hükümdarı 'u perişan etti. Daha sonra Kralı 'u devirdi ve 'nu tamamen fethetti."
Cumhuriyet Halk Partisi,https://tr.wikipedia.org/wiki/Cumhuriyet_Halk_Partisi,2,"Cumhuriyet Halk Partisi genel sekreterleri listesi#1: genel sekreterleri listesidir. | Türkiye#156: Yelpazenin sol tarafında (CHP), (SHP) ve (DSP) yerel ve genel seçimlerde büyük başarılar elde ettiler. | Türkiye#159: Meclisin , ardından başlamıştır ve başlangıçta milletvekili dağılımı şu şekilde belirlendi: (AKP) 268, (CHP) 169, (MHP) 50, Halkların Eşitlik ve Demokrasi Partisi (HEDEP) 57, 43, (YRP) 5, (TİP) 4 sandalye."
Amerika,https://tr.wikipedia.org/wiki/Amerika,2,"Türkiye#75: Çünkü 15. yüzyıl sonlarındaki sayesinde ve kıtasının keşfedilmesi, Osmanlı'nın elinde tuttuğu ile arasında ticareti sağlayan önemini yitirmesine neden olup olumsuz yönde etkilemiştir. | Türkiye#278: Türkiye, 2023 yılında yaklaşık 1.154 trilyon ile dünyanın en büyük 17. ekonomisi, 'nın ise en büyük 7. ekonomisi olmuştur. 2013 yılında Türkiye'de 22 uluslararası havalimanı olmak üzere 98 havalimanı vardı. 'nın yılda 150 milyon yolcuya hizmet verme kapasitesiyle dünyanın en büyük havalimanı olması planlanıyor. 1933'ten bu yana Türkiye'nin bayrak taşıyıcı havayolu olan 'nın yanı sıra ülkede birçok havayolu şirketi faaliyet göstermektedir. , , ve 'da 315 noktaya tarifeli seferler gerçekleştiriyor ve bu da onu Dünyanın en çok yere sefer yapan havayolu firması yapıyor. ana aktarma merkezi olarak 90 milyon kapasiteli 'nı kullanıyor."
Çanakkale,https://tr.wikipedia.org/wiki/%C3%87anakkale,2,"Türkiye#33: MÖ 8200 ila 6000 arasında kurulduğu tahmin edilen yerleşkesi de, bu yapılara yine örnek verilebilir. 'de bulunan 'da ise Cilalı Taş Devri'nde başlayan yerleşmeler, 'na kadar devam etmiştir. | Türkiye#222: Üzerinde bulundurur ve hâlâ daha sıklıkla depremler meydana gelmektedir. ve Boğazları, varlıklarını ülkedeki borçludurlar."
Amerika,https://tr.wikipedia.org/wiki/Amerika,2,"Türkiye#75: Çünkü 15. yüzyıl sonlarındaki sayesinde ve kıtasının keşfedilmesi, Osmanlı'nın elinde tuttuğu ile arasında ticareti sağlayan önemini yitirmesine neden olup olumsuz yönde etkilemiştir. | Türkiye#278: Türkiye, 2023 yılında yaklaşık 1.154 trilyon ile dünyanın en büyük 17. ekonomisi, 'nın ise en büyük 7. ekonomisi olmuştur. 2013 yılında Türkiye'de 22 uluslararası havalimanı olmak üzere 98 havalimanı vardı. 'nın yılda 150 milyon yolcuya hizmet verme kapasitesiyle dünyanın en büyük havalimanı olması planlanıyor. 1933'ten bu yana Türkiye'nin bayrak taşıyıcı havayolu olan 'nın yanı sıra ülkede birçok havayolu şirketi faaliyet göstermektedir. , , ve 'da 315 noktaya tarifeli seferler gerçekleştiriyor ve bu da onu Dünyanın en çok yere sefer yapan havayolu firması yapıyor. ana aktarma merkezi olarak 90 milyon kapasiteli 'nı kullanıyor."
II. Meşrutiyet,https://tr.wikipedia.org/wiki/%C4%B0kinci_Me%C5%9Frutiyet,2,"Türkiye#12: 19. yüzyıla gelindiğinde imparatorluk, adı verilen ciddi bir sürecine girdi. 1876 yılında ilan edilip meclisin açılmasıyla başlayan devri, 1878 yılına kadar sürse de, 1908 yılında ilan edilerek tekrar yürürlüğe girdi. | Türkiye#90: Sultan 'in aşırı otoriter yönetimine bir tepki olarak gelişen hareketinin 1908'de yaptığı devrimle ilan edildi."
II. Meşrutiyet,https://tr.wikipedia.org/wiki/%C4%B0kinci_Me%C5%9Frutiyet,2,"Türkiye#12: 19. yüzyıla gelindiğinde imparatorluk, adı verilen ciddi bir sürecine girdi. 1876 yılında ilan edilip meclisin açılmasıyla başlayan devri, 1878 yılına kadar sürse de, 1908 yılında ilan edilerek tekrar yürürlüğe girdi. | Türkiye#90: Sultan 'in aşırı otoriter yönetimine bir tepki olarak gelişen hareketinin 1908'de yaptığı devrimle ilan edildi."
anayasa,https://tr.wikipedia.org/wiki/Anayasa,2,"Türkiye#12: 19. yüzyıla gelindiğinde imparatorluk, adı verilen ciddi bir sürecine girdi. 1876 yılında ilan edilip meclisin açılmasıyla başlayan devri, 1878 yılına kadar sürse de, 1908 yılında ilan edilerek tekrar yürürlüğe girdi. | Türkiye#106: Türkiye Cumhuriyeti Devleti'nin kurucusu ve ilk olan Mustafa Kemal, eski Osmanlı monarşisini bir altında bir olarak yönetilecek bir Türk dönüştürme amacını içeren birçok yaptı."
anayasa,https://tr.wikipedia.org/wiki/Anayasa,2,"Türkiye#12: 19. yüzyıla gelindiğinde imparatorluk, adı verilen ciddi bir sürecine girdi. 1876 yılında ilan edilip meclisin açılmasıyla başlayan devri, 1878 yılına kadar sürse de, 1908 yılında ilan edilerek tekrar yürürlüğe girdi. | Türkiye#106: Türkiye Cumhuriyeti Devleti'nin kurucusu ve ilk olan Mustafa Kemal, eski Osmanlı monarşisini bir altında bir olarak yönetilecek bir Türk dönüştürme amacını içeren birçok yaptı."
Mondros Mütarekesi,https://tr.wikipedia.org/wiki/Mondros_M%C3%BCtarekesi,2,"Trabzon#46: Canlı bir kenti olan Trabzon'un köklü Rum ve Müslüman ailelerden oluşan eşrafı aktif olarak siyasetle uğraşmaktaydı. 'in sahibi olduğu İstikbal gazetesi yerel sermaye ve aydınların düşüncelerini kamuoyuna duyurdukları en önemli haber kaynağıydı. 'nin ardından bölgede bir 'nin kurulması hatta daha çok destek bulan bir proje olarak yeni kurulacak 'a liman kenti olarak verilmesi gündeme geldiğinde Trabzonlular 12 Şubat 1919 tarihinde 'ni kurarak 'ne bağlılığın korunması için mücadele etmeye karar vermişlerdi. 'ne kalabalık bir heyetle katılan Trabzon heyeti ile kongreyi düzenleyenler arasında başkanlık seçimi ve kongrenin niteliği konusunda bazı pürüzler çıkmıştır. | Türkiye#99: Savaşın ardından imparatorluğa bağlı milletler ayrılarak kurdular. 30 Ekim 1918'de , ile 'ni imzaladı. 10 Ağustos 1920'de imzalanan ise Osmanlı topraklarını İtilaf Devletleri arasında paylaştırdı, ancak yürürlüğe giremedi. | Türkiye#100: bitiminde imzalanan 'nden sonra İtilaf Devletleri tarafından , ve diğer Osmanlı topraklarının işgali, 'ni ortaya çıkardı. 'nın öne çıkan isimlerinden biri olan 'nın 19 Mayıs 1919'da ile 'nın getirdiği şartları iptal edip sınırları içinde kalan ülke topraklarının bütünlüğünü korumayı amaçlayan başlatıldı."
Mondros Mütarekesi,https://tr.wikipedia.org/wiki/Mondros_M%C3%BCtarekesi,2,"Trabzon#46: Canlı bir kenti olan Trabzon'un köklü Rum ve Müslüman ailelerden oluşan eşrafı aktif olarak siyasetle uğraşmaktaydı. 'in sahibi olduğu İstikbal gazetesi yerel sermaye ve aydınların düşüncelerini kamuoyuna duyurdukları en önemli haber kaynağıydı. 'nin ardından bölgede bir 'nin kurulması hatta daha çok destek bulan bir proje olarak yeni kurulacak 'a liman kenti olarak verilmesi gündeme geldiğinde Trabzonlular 12 Şubat 1919 tarihinde 'ni kurarak 'ne bağlılığın korunması için mücadele etmeye karar vermişlerdi. 'ne kalabalık bir heyetle katılan Trabzon heyeti ile kongreyi düzenleyenler arasında başkanlık seçimi ve kongrenin niteliği konusunda bazı pürüzler çıkmıştır. | Türkiye#99: Savaşın ardından imparatorluğa bağlı milletler ayrılarak kurdular. 30 Ekim 1918'de , ile 'ni imzaladı. 10 Ağustos 1920'de imzalanan ise Osmanlı topraklarını İtilaf Devletleri arasında paylaştırdı, ancak yürürlüğe giremedi. | Türkiye#100: bitiminde imzalanan 'nden sonra İtilaf Devletleri tarafından , ve diğer Osmanlı topraklarının işgali, 'ni ortaya çıkardı. 'nın öne çıkan isimlerinden biri olan 'nın 19 Mayıs 1919'da ile 'nın getirdiği şartları iptal edip sınırları içinde kalan ülke topraklarının bütünlüğünü korumayı amaçlayan başlatıldı."
Çanakkale,https://tr.wikipedia.org/wiki/%C3%87anakkale,2,"Türkiye#33: MÖ 8200 ila 6000 arasında kurulduğu tahmin edilen yerleşkesi de, bu yapılara yine örnek verilebilir. 'de bulunan 'da ise Cilalı Taş Devri'nde başlayan yerleşmeler, 'na kadar devam etmiştir. | Türkiye#222: Üzerinde bulundurur ve hâlâ daha sıklıkla depremler meydana gelmektedir. ve Boğazları, varlıklarını ülkedeki borçludurlar."
Numan Kurtulmuş,https://tr.wikipedia.org/wiki/Numan_Kurtulmu%C5%9F,2,"Türkiye#158: 12. Cumhurbaşkanı şu anda ve olarak görev yapıyor. , Türkiye'nin . , 'dır."
İttifak Devletleri,https://tr.wikipedia.org/wiki/%C4%B0ttifak_Devletleri,2,"Türkiye#13: Ancak yapılan reformlar, imparatorluğun engelleyemedi. 1914 yılında başlayan 'na 'nin yanında giren imparatorluk, savaş sonucunda yenik düşerek 30 Ekim 1918 tarihinde tüm orduların teslim olması şartını kabul etti ve akabinde 'nce işgal edildi. 16 Mart 1920'de İtilaf Devletleri'nin bazı milletvekillerini tutuklayarak sürgüne göndermesi sonucunda 'ın kapanmasıyla önderliğinde 23 Nisan 1920 tarihinde 'da kuruldu. | Türkiye#93: Osmanlı İmparatorluğu, 'na 'nin yanında girdi ve savaştan yenik çıktı."
İttifak Devletleri,https://tr.wikipedia.org/wiki/%C4%B0ttifak_Devletleri,2,"Türkiye#13: Ancak yapılan reformlar, imparatorluğun engelleyemedi. 1914 yılında başlayan 'na 'nin yanında giren imparatorluk, savaş sonucunda yenik düşerek 30 Ekim 1918 tarihinde tüm orduların teslim olması şartını kabul etti ve akabinde 'nce işgal edildi. 16 Mart 1920'de İtilaf Devletleri'nin bazı milletvekillerini tutuklayarak sürgüne göndermesi sonucunda 'ın kapanmasıyla önderliğinde 23 Nisan 1920 tarihinde 'da kuruldu. | Türkiye#93: Osmanlı İmparatorluğu, 'na 'nin yanında girdi ve savaştan yenik çıktı."
Fransa,https://tr.wikipedia.org/wiki/Fransa,2,"Türkiye#163: İdare Hukuku kuralları 'daki muadili ile benzerlikler taşır, Ceza Kanunu ise İtalya'dan alınmıştır. | Türkiye#249: Türkiye'nin 2014'te ihracatı, önceki yıla göre %4 artarak $157,6 milyar oldu. En fazla ihracat yapılan ülkeler ise , , , ve olarak belirlendi."
Fransa,https://tr.wikipedia.org/wiki/Fransa,2,"Türkiye#163: İdare Hukuku kuralları 'daki muadili ile benzerlikler taşır, Ceza Kanunu ise İtalya'dan alınmıştır. | Türkiye#249: Türkiye'nin 2014'te ihracatı, önceki yıla göre %4 artarak $157,6 milyar oldu. En fazla ihracat yapılan ülkeler ise , , , ve olarak belirlendi."
II. Dünya Savaşı,https://tr.wikipedia.org/wiki/II._D%C3%BCnya_Sava%C5%9F%C4%B1,2,"Türkiye#109: 'nda (1939-1945) Türkiye, uzun süre tarafsızlığını korudu; ancak savaşın son aylarında, 23 Şubat 1945 tarihinde 'in yanında yer aldı. 26 Haziran 1945'te ise 'in kurucu üyelerinden biri oldu. 'ndan sonra 'da çıkan bastırılmasında karşılaşılan zorluklar ve 'nin 'nda askerî üs talep etmesi, 'nin 1947'de 'ni ilanıyla sonuçlandı."
II. Dünya Savaşı,https://tr.wikipedia.org/wiki/II._D%C3%BCnya_Sava%C5%9F%C4%B1,2,"Türkiye#109: 'nda (1939-1945) Türkiye, uzun süre tarafsızlığını korudu; ancak savaşın son aylarında, 23 Şubat 1945 tarihinde 'in yanında yer aldı. 26 Haziran 1945'te ise 'in kurucu üyelerinden biri oldu. 'ndan sonra 'da çıkan bastırılmasında karşılaşılan zorluklar ve 'nin 'nda askerî üs talep etmesi, 'nin 1947'de 'ni ilanıyla sonuçlandı."
Sevr Antlaşması,https://tr.wikipedia.org/wiki/Sevr_Antla%C5%9Fmas%C4%B1,2,"Türkiye#99: Savaşın ardından imparatorluğa bağlı milletler ayrılarak kurdular. 30 Ekim 1918'de , ile 'ni imzaladı. 10 Ağustos 1920'de imzalanan ise Osmanlı topraklarını İtilaf Devletleri arasında paylaştırdı, ancak yürürlüğe giremedi. | Türkiye#100: bitiminde imzalanan 'nden sonra İtilaf Devletleri tarafından , ve diğer Osmanlı topraklarının işgali, 'ni ortaya çıkardı. 'nın öne çıkan isimlerinden biri olan 'nın 19 Mayıs 1919'da ile 'nın getirdiği şartları iptal edip sınırları içinde kalan ülke topraklarının bütünlüğünü korumayı amaçlayan başlatıldı."
Sevr Antlaşması,https://tr.wikipedia.org/wiki/Sevr_Antla%C5%9Fmas%C4%B1,2,"Türkiye#99: Savaşın ardından imparatorluğa bağlı milletler ayrılarak kurdular. 30 Ekim 1918'de , ile 'ni imzaladı. 10 Ağustos 1920'de imzalanan ise Osmanlı topraklarını İtilaf Devletleri arasında paylaştırdı, ancak yürürlüğe giremedi. | Türkiye#100: bitiminde imzalanan 'nden sonra İtilaf Devletleri tarafından , ve diğer Osmanlı topraklarının işgali, 'ni ortaya çıkardı. 'nın öne çıkan isimlerinden biri olan 'nın 19 Mayıs 1919'da ile 'nın getirdiği şartları iptal edip sınırları içinde kalan ülke topraklarının bütünlüğünü korumayı amaçlayan başlatıldı."
İstanbul,https://tr.wikipedia.org/wiki/%C4%B0stanbul%27un_%C4%B0%C5%9Fgali,2,"Türkiye#100: bitiminde imzalanan 'nden sonra İtilaf Devletleri tarafından , ve diğer Osmanlı topraklarının işgali, 'ni ortaya çıkardı. 'nın öne çıkan isimlerinden biri olan 'nın 19 Mayıs 1919'da ile 'nın getirdiği şartları iptal edip sınırları içinde kalan ülke topraklarının bütünlüğünü korumayı amaçlayan başlatıldı. | Türkiye#104: Yeni antlaşma, Türkiye'nin kendi toprakları üzerindeki egemenliğine yol açtı. 'nin Türkiye'yi işgali, 4 Ekim 1923'te son İtilaf birliklerinin 'dan çekilmesi ve 6 Ekim 1923'te Türk birliklerinin sona erdi. 29 Ekim 1923'te yeni başkent 'da resmen ."
İstanbul,https://tr.wikipedia.org/wiki/%C4%B0stanbul%27un_%C4%B0%C5%9Fgali,2,"Türkiye#100: bitiminde imzalanan 'nden sonra İtilaf Devletleri tarafından , ve diğer Osmanlı topraklarının işgali, 'ni ortaya çıkardı. 'nın öne çıkan isimlerinden biri olan 'nın 19 Mayıs 1919'da ile 'nın getirdiği şartları iptal edip sınırları içinde kalan ülke topraklarının bütünlüğünü korumayı amaçlayan başlatıldı. | Türkiye#104: Yeni antlaşma, Türkiye'nin kendi toprakları üzerindeki egemenliğine yol açtı. 'nin Türkiye'yi işgali, 4 Ekim 1923'te son İtilaf birliklerinin 'dan çekilmesi ve 6 Ekim 1923'te Türk birliklerinin sona erdi. 29 Ekim 1923'te yeni başkent 'da resmen ."
Türk Hava Kuvvetleri,https://tr.wikipedia.org/wiki/T%C3%BCrk_Hava_Kuvvetleri,2,"Türkiye#190: üç bölümden oluşur: , ve . | Türkiye#195: 2011 sayımlarına göre ülkenin tahminî 495.000 konuşlandırılabilir kuvveti bulunmaktadır. , , ve ile birlikte 'nun politikasının bir parçası olan beş ülkeden biridir. 'nde toplam 90 tane bulunmaktadır, bunlardan 40 tanesi nükleer bir çatışma durumunda NATO'dan onay almak şartıyla 'nin kullanması için tahsis edilmiştir."
Türk Hava Kuvvetleri,https://tr.wikipedia.org/wiki/T%C3%BCrk_Hava_Kuvvetleri,2,"Türkiye#190: üç bölümden oluşur: , ve . | Türkiye#195: 2011 sayımlarına göre ülkenin tahminî 495.000 konuşlandırılabilir kuvveti bulunmaktadır. , , ve ile birlikte 'nun politikasının bir parçası olan beş ülkeden biridir. 'nde toplam 90 tane bulunmaktadır, bunlardan 40 tanesi nükleer bir çatışma durumunda NATO'dan onay almak şartıyla 'nin kullanması için tahsis edilmiştir."
Almanya,https://tr.wikipedia.org/wiki/Almanya,2,"Türkiye#195: 2011 sayımlarına göre ülkenin tahminî 495.000 konuşlandırılabilir kuvveti bulunmaktadır. , , ve ile birlikte 'nun politikasının bir parçası olan beş ülkeden biridir. 'nde toplam 90 tane bulunmaktadır, bunlardan 40 tanesi nükleer bir çatışma durumunda NATO'dan onay almak şartıyla 'nin kullanması için tahsis edilmiştir. | Türkiye#249: Türkiye'nin 2014'te ihracatı, önceki yıla göre %4 artarak $157,6 milyar oldu. En fazla ihracat yapılan ülkeler ise , , , ve olarak belirlendi."
Almanya,https://tr.wikipedia.org/wiki/Almanya,2,"Türkiye#195: 2011 sayımlarına göre ülkenin tahminî 495.000 konuşlandırılabilir kuvveti bulunmaktadır. , , ve ile birlikte 'nun politikasının bir parçası olan beş ülkeden biridir. 'nde toplam 90 tane bulunmaktadır, bunlardan 40 tanesi nükleer bir çatışma durumunda NATO'dan onay almak şartıyla 'nin kullanması için tahsis edilmiştir. | Türkiye#249: Türkiye'nin 2014'te ihracatı, önceki yıla göre %4 artarak $157,6 milyar oldu. En fazla ihracat yapılan ülkeler ise , , , ve olarak belirlendi."
Pers,https://tr.wikipedia.org/wiki/Farslar,2,"Türkiye#48: Anadolu, MÖ 6. ve 5. yüzyıllarda bir devleti olan 'nun egemenliğine girdi ve bu egemenlik, MÖ 334 yılındaki Kralı 'in fetihlerine kadar devam etti. Anadolu'nun içlerine kadar ilerleyen İskender; , ve en son 'ya kadar ulaştı. | Türkiye#60: , olduktan sonra çevrelerine daha yakın yerlerde ikamet ettiler ve 9. yüzyılda ile 'nün kuzeyine yerleşmeye başladılar. 10. yüzyıl itibarıyla , yurdunu da sınırları içine katarak, atalarının vatanı 'dan batıya doğru başladılar ve 'ni kurdular."
Pers,https://tr.wikipedia.org/wiki/Farslar,2,"Türkiye#48: Anadolu, MÖ 6. ve 5. yüzyıllarda bir devleti olan 'nun egemenliğine girdi ve bu egemenlik, MÖ 334 yılındaki Kralı 'in fetihlerine kadar devam etti. Anadolu'nun içlerine kadar ilerleyen İskender; , ve en son 'ya kadar ulaştı. | Türkiye#60: , olduktan sonra çevrelerine daha yakın yerlerde ikamet ettiler ve 9. yüzyılda ile 'nün kuzeyine yerleşmeye başladılar. 10. yüzyıl itibarıyla , yurdunu da sınırları içine katarak, atalarının vatanı 'dan batıya doğru başladılar ve 'ni kurdular."
Gazetecileri Koruma Komitesi,https://tr.wikipedia.org/wiki/Gazetecileri_Koruma_Komitesi,2,"Türkiye#200: 'ne göre uzun yıllardır ülkeyi yöneten hükûmeti, basın özgürlüğü açısından dünyanın en büyük baskılarından birini uygulamaktadır. | Türkiye#201: Ülkede çok sayıda gazeteci önceleri ve davaları gibi çeşitli davalar kapsamında, daha sonraları çerçevesinde ""terörizm"" ve ""devlet karşıtı faaliyetler"" ile suçlanarak tutuklandı. ""Türklüğü aşağılamak"" ve ""yargıyı etkilemek"" suçlarıyla da gazetecilere karşı çeşitli kovuşturmalar başlatıldı, ayrıca hükûmetin basındaki oto-sansürü içselleştirdiği iddia edildi. 2013 yılında , Türkiye'de 211 gazetecinin hapse atıldığını rapor ederek ülkenin bu rakamla en fazla gazeteci tutuklayan ülke sıralamasında İran, Eritre ve Çin'i geçerek tepeye yerleştirdiğini bildirdi."
Gazetecileri Koruma Komitesi,https://tr.wikipedia.org/wiki/Gazetecileri_Koruma_Komitesi,2,"Türkiye#200: 'ne göre uzun yıllardır ülkeyi yöneten hükûmeti, basın özgürlüğü açısından dünyanın en büyük baskılarından birini uygulamaktadır. | Türkiye#201: Ülkede çok sayıda gazeteci önceleri ve davaları gibi çeşitli davalar kapsamında, daha sonraları çerçevesinde ""terörizm"" ve ""devlet karşıtı faaliyetler"" ile suçlanarak tutuklandı. ""Türklüğü aşağılamak"" ve ""yargıyı etkilemek"" suçlarıyla da gazetecilere karşı çeşitli kovuşturmalar başlatıldı, ayrıca hükûmetin basındaki oto-sansürü içselleştirdiği iddia edildi. 2013 yılında , Türkiye'de 211 gazetecinin hapse atıldığını rapor ederek ülkenin bu rakamla en fazla gazeteci tutuklayan ülke sıralamasında İran, Eritre ve Çin'i geçerek tepeye yerleştirdiğini bildirdi."
Ahameniş İmparatorluğu,https://tr.wikipedia.org/wiki/Ahameni%C5%9F_%C4%B0mparatorlu%C4%9Fu,2,"Türkiye#48: Anadolu, MÖ 6. ve 5. yüzyıllarda bir devleti olan 'nun egemenliğine girdi ve bu egemenlik, MÖ 334 yılındaki Kralı 'in fetihlerine kadar devam etti. Anadolu'nun içlerine kadar ilerleyen İskender; , ve en son 'ya kadar ulaştı. | Türkiye#49: Ardından, civarında ( ) gerçekleşen 'nda ve akabinde civarında meydana gelen 'nde hükümdarı 'u perişan etti. Daha sonra Kralı 'u devirdi ve 'nu tamamen fethetti."
Ahameniş İmparatorluğu,https://tr.wikipedia.org/wiki/Ahameni%C5%9F_%C4%B0mparatorlu%C4%9Fu,2,"Türkiye#48: Anadolu, MÖ 6. ve 5. yüzyıllarda bir devleti olan 'nun egemenliğine girdi ve bu egemenlik, MÖ 334 yılındaki Kralı 'in fetihlerine kadar devam etti. Anadolu'nun içlerine kadar ilerleyen İskender; , ve en son 'ya kadar ulaştı. | Türkiye#49: Ardından, civarında ( ) gerçekleşen 'nda ve akabinde civarında meydana gelen 'nde hükümdarı 'u perişan etti. Daha sonra Kralı 'u devirdi ve 'nu tamamen fethetti."
Çin,https://tr.wikipedia.org/wiki/%C3%87in,2,"Türkiye#202: Freemuse ise dokuz müzisyenin çalışmaları yüzünden hapse atıldığını belirleyerek müzisyenlerin hapsedilmesi bakımından ise ülkenin ve 'den sonra üçüncü sırada olduğunu açıkladı. | Türkiye#251: Bu rakam, bir önceki yıl $99,8 milyar idi. 2014'te Türkiye, en fazla 'den ithalat yaptı."
Çin,https://tr.wikipedia.org/wiki/%C3%87in,2,"Türkiye#202: Freemuse ise dokuz müzisyenin çalışmaları yüzünden hapse atıldığını belirleyerek müzisyenlerin hapsedilmesi bakımından ise ülkenin ve 'den sonra üçüncü sırada olduğunu açıkladı. | Türkiye#251: Bu rakam, bir önceki yıl $99,8 milyar idi. 2014'te Türkiye, en fazla 'den ithalat yaptı."
Freedom House,https://tr.wikipedia.org/wiki/Freedom_House,2,"Türkiye#203: Türkiye, tarafından 'Kısmen Özgür' sınıfında değerlendirilir. | Türkiye#390: Tiraj rakamlarına göre ülkenin en popüler ilk beş gazetesi Hürriyet , Sabah , Posta , Sözcü ve Habertürk 'tür. , Türkiye'de basından "" "" şeklinde bahsederken internet ortamından ""Kısmen Özgür"" şeklinde bahseder."
Freedom House,https://tr.wikipedia.org/wiki/Freedom_House,2,"Türkiye#203: Türkiye, tarafından 'Kısmen Özgür' sınıfında değerlendirilir. | Türkiye#390: Tiraj rakamlarına göre ülkenin en popüler ilk beş gazetesi Hürriyet , Sabah , Posta , Sözcü ve Habertürk 'tür. , Türkiye'de basından "" "" şeklinde bahsederken internet ortamından ""Kısmen Özgür"" şeklinde bahseder."
Avrasya,https://tr.wikipedia.org/wiki/Avrasya,2,"Türkiye#204: Türkiye, bir ülkesidir. | Türkiye#229: Bu dağların doğu ucunda yer alır. Bölge ayrıca yaban hayatına da ev sahipliği yapar. , , , , , ve gibi hayvanlar burada yaşar."
Avrasya,https://tr.wikipedia.org/wiki/Avrasya,2,"Türkiye#204: Türkiye, bir ülkesidir. | Türkiye#229: Bu dağların doğu ucunda yer alır. Bölge ayrıca yaban hayatına da ev sahipliği yapar. , , , , , ve gibi hayvanlar burada yaşar."
Kuzey Anadolu Dağları,https://tr.wikipedia.org/wiki/Kuzey_Anadolu_Da%C4%9Flar%C4%B1,2,"Türkiye#214: Kuzeyde ve ile, güneyde ile çevrilmiştir. | Türkiye#228: Kuzey Anadolu kozalaklı ve yaprak döken karışık ormanları, Türkiye'nin kuzeyindeki 'nın büyük bir bölümünü kaplar ve bir oluşturur."
Kuzey Anadolu Dağları,https://tr.wikipedia.org/wiki/Kuzey_Anadolu_Da%C4%9Flar%C4%B1,2,"Türkiye#214: Kuzeyde ve ile, güneyde ile çevrilmiştir. | Türkiye#228: Kuzey Anadolu kozalaklı ve yaprak döken karışık ormanları, Türkiye'nin kuzeyindeki 'nın büyük bir bölümünü kaplar ve bir oluşturur."
Doğu Anadolu,https://tr.wikipedia.org/wiki/Do%C4%9Fu_Anadolu_B%C3%B6lgesi,2,"Türkiye#218: Bunlar , , , , , ve bölgeleridir. | Türkiye#241: , ve bölgelerinde yani iç kesimlerde rastlanır."
Doğu Anadolu,https://tr.wikipedia.org/wiki/Do%C4%9Fu_Anadolu_B%C3%B6lgesi,2,"Türkiye#218: Bunlar , , , , , ve bölgeleridir. | Türkiye#241: , ve bölgelerinde yani iç kesimlerde rastlanır."
Ege,https://tr.wikipedia.org/wiki/Ege_B%C3%B6lgesi,2,"Türkiye#218: Bunlar , , , , , ve bölgeleridir. | Türkiye#375: Türk kültüründe önemli bir yer tutar. 'da ; , ve 'da ; 'de ; İç-Batı Anadolu, , Güney Marmara ve Doğu Akdeniz'de ile ; ve 'de ; ve İç Anadolu'da ; Kuzeydoğu Anadolu'da ve halk oyunları yaygındır."
Ege,https://tr.wikipedia.org/wiki/Ege_B%C3%B6lgesi,2,"Türkiye#218: Bunlar , , , , , ve bölgeleridir. | Türkiye#375: Türk kültüründe önemli bir yer tutar. 'da ; , ve 'da ; 'de ; İç-Batı Anadolu, , Güney Marmara ve Doğu Akdeniz'de ile ; ve 'de ; ve İç Anadolu'da ; Kuzeydoğu Anadolu'da ve halk oyunları yaygındır."
Güneydoğu Anadolu,https://tr.wikipedia.org/wiki/G%C3%BCneydo%C4%9Fu_Anadolu_B%C3%B6lgesi,2,"Türkiye#218: Bunlar , , , , , ve bölgeleridir. | Türkiye#241: , ve bölgelerinde yani iç kesimlerde rastlanır."
Güneydoğu Anadolu,https://tr.wikipedia.org/wiki/G%C3%BCneydo%C4%9Fu_Anadolu_B%C3%B6lgesi,2,"Türkiye#218: Bunlar , , , , , ve bölgeleridir. | Türkiye#241: , ve bölgelerinde yani iç kesimlerde rastlanır."
İç Anadolu,https://tr.wikipedia.org/wiki/%C4%B0%C3%A7_Anadolu_B%C3%B6lgesi,2,"Türkiye#218: Bunlar , , , , , ve bölgeleridir. | Türkiye#375: Türk kültüründe önemli bir yer tutar. 'da ; , ve 'da ; 'de ; İç-Batı Anadolu, , Güney Marmara ve Doğu Akdeniz'de ile ; ve 'de ; ve İç Anadolu'da ; Kuzeydoğu Anadolu'da ve halk oyunları yaygındır."
İç Anadolu,https://tr.wikipedia.org/wiki/%C4%B0%C3%A7_Anadolu_B%C3%B6lgesi,2,"Türkiye#218: Bunlar , , , , , ve bölgeleridir. | Türkiye#375: Türk kültüründe önemli bir yer tutar. 'da ; , ve 'da ; 'de ; İç-Batı Anadolu, , Güney Marmara ve Doğu Akdeniz'de ile ; ve 'de ; ve İç Anadolu'da ; Kuzeydoğu Anadolu'da ve halk oyunları yaygındır."
Karadeniz,https://tr.wikipedia.org/wiki/Karadeniz_B%C3%B6lgesi,2,"Türkiye#218: Bunlar , , , , , ve bölgeleridir. | Türkiye#239: ile 'i birbirine bağlayan 'nin kıyılarında geçiş iklimi görülmektedir; denizin güneyinde Akdeniz, kuzeyinde Karadeniz ve kuzeybatısında rastlanmaktadır. ve bölgelerinde hemen hemen her yıl yağışı gözükse de kar ancak birkaç gün yerde kalır."
Karadeniz,https://tr.wikipedia.org/wiki/Karadeniz_B%C3%B6lgesi,2,"Türkiye#218: Bunlar , , , , , ve bölgeleridir. | Türkiye#239: ile 'i birbirine bağlayan 'nin kıyılarında geçiş iklimi görülmektedir; denizin güneyinde Akdeniz, kuzeyinde Karadeniz ve kuzeybatısında rastlanmaktadır. ve bölgelerinde hemen hemen her yıl yağışı gözükse de kar ancak birkaç gün yerde kalır."
Marmara,https://tr.wikipedia.org/wiki/Marmara_B%C3%B6lgesi,2,"Türkiye#218: Bunlar , , , , , ve bölgeleridir. | Türkiye#239: ile 'i birbirine bağlayan 'nin kıyılarında geçiş iklimi görülmektedir; denizin güneyinde Akdeniz, kuzeyinde Karadeniz ve kuzeybatısında rastlanmaktadır. ve bölgelerinde hemen hemen her yıl yağışı gözükse de kar ancak birkaç gün yerde kalır."
Marmara,https://tr.wikipedia.org/wiki/Marmara_B%C3%B6lgesi,2,"Türkiye#218: Bunlar , , , , , ve bölgeleridir. | Türkiye#239: ile 'i birbirine bağlayan 'nin kıyılarında geçiş iklimi görülmektedir; denizin güneyinde Akdeniz, kuzeyinde Karadeniz ve kuzeybatısında rastlanmaktadır. ve bölgelerinde hemen hemen her yıl yağışı gözükse de kar ancak birkaç gün yerde kalır."
Van,https://tr.wikipedia.org/wiki/Van,2,"Türkiye#233: Ülkenin diğer ulusal sembollerinden biri ise ve adını Doğu Anadolu'da yer alan ilinden alır. Ayrıca Türkiye'ye has çeşitli köpek türleri de vardır: , , ve . | Türkiye#320: Kürtlerin nüfus içindeki oranı CIA'e göre %18, Konda'ya göre %15, Konsensus'a göre %14'tür. Kürtler ülkenin doğu ve güneydoğu kısımlarında yoğunlaşmıştır. , , , , , , , , ve illerinde Kürt nüfus çoğunluktadır; bunun yanı sıra 'da %47 ile nüfusun çoğunluğa yakınını ve , ve 'da büyük bir azınlık grubunu oluşturur."
Van,https://tr.wikipedia.org/wiki/Van,2,"Türkiye#233: Ülkenin diğer ulusal sembollerinden biri ise ve adını Doğu Anadolu'da yer alan ilinden alır. Ayrıca Türkiye'ye has çeşitli köpek türleri de vardır: , , ve . | Türkiye#320: Kürtlerin nüfus içindeki oranı CIA'e göre %18, Konda'ya göre %15, Konsensus'a göre %14'tür. Kürtler ülkenin doğu ve güneydoğu kısımlarında yoğunlaşmıştır. , , , , , , , , ve illerinde Kürt nüfus çoğunluktadır; bunun yanı sıra 'da %47 ile nüfusun çoğunluğa yakınını ve , ve 'da büyük bir azınlık grubunu oluşturur."
Doğu Karadeniz,https://tr.wikipedia.org/wiki/Karadeniz_B%C3%B6lgesi,2,"Türkiye#238: Karadeniz kıyıları, Türkiye'nin yıl boyunca yüksek yağış alan tek bölgesidir ve bölümü yıllık 2000-2500 milimetre yağış almaktadır. | Türkiye#375: Türk kültüründe önemli bir yer tutar. 'da ; , ve 'da ; 'de ; İç-Batı Anadolu, , Güney Marmara ve Doğu Akdeniz'de ile ; ve 'de ; ve İç Anadolu'da ; Kuzeydoğu Anadolu'da ve halk oyunları yaygındır."
Doğu Karadeniz,https://tr.wikipedia.org/wiki/Karadeniz_B%C3%B6lgesi,2,"Türkiye#238: Karadeniz kıyıları, Türkiye'nin yıl boyunca yüksek yağış alan tek bölgesidir ve bölümü yıllık 2000-2500 milimetre yağış almaktadır. | Türkiye#375: Türk kültüründe önemli bir yer tutar. 'da ; , ve 'da ; 'de ; İç-Batı Anadolu, , Güney Marmara ve Doğu Akdeniz'de ile ; ve 'de ; ve İç Anadolu'da ; Kuzeydoğu Anadolu'da ve halk oyunları yaygındır."
karasal iklime,https://tr.wikipedia.org/wiki/Karasal_iklim,2,"Türkiye#239: ile 'i birbirine bağlayan 'nin kıyılarında geçiş iklimi görülmektedir; denizin güneyinde Akdeniz, kuzeyinde Karadeniz ve kuzeybatısında rastlanmaktadır. ve bölgelerinde hemen hemen her yıl yağışı gözükse de kar ancak birkaç gün yerde kalır. | Türkiye#241: , ve bölgelerinde yani iç kesimlerde rastlanır."
karasal iklime,https://tr.wikipedia.org/wiki/Karasal_iklim,2,"Türkiye#239: ile 'i birbirine bağlayan 'nin kıyılarında geçiş iklimi görülmektedir; denizin güneyinde Akdeniz, kuzeyinde Karadeniz ve kuzeybatısında rastlanmaktadır. ve bölgelerinde hemen hemen her yıl yağışı gözükse de kar ancak birkaç gün yerde kalır. | Türkiye#241: , ve bölgelerinde yani iç kesimlerde rastlanır."
üniter,https://tr.wikipedia.org/wiki/%C3%9Cniter_devlet,2,"Türkiye#16: Türkiye gelişmekte olan bir ülkedir ve yönetilen , ve bir . | Türkiye#117: Türkiye, idari açıdan bir yapıya sahiptir ve bu durum Türk kamu yönetimine şekil veren en önemli etkenlerdendir."
üniter,https://tr.wikipedia.org/wiki/%C3%9Cniter_devlet,2,"Türkiye#16: Türkiye gelişmekte olan bir ülkedir ve yönetilen , ve bir . | Türkiye#117: Türkiye, idari açıdan bir yapıya sahiptir ve bu durum Türk kamu yönetimine şekil veren en önemli etkenlerdendir."
İstanbul Havalimanı,https://tr.wikipedia.org/wiki/%C4%B0stanbul_Havaliman%C4%B1,2,"Türkiye#278: Türkiye, 2023 yılında yaklaşık 1.154 trilyon ile dünyanın en büyük 17. ekonomisi, 'nın ise en büyük 7. ekonomisi olmuştur. 2013 yılında Türkiye'de 22 uluslararası havalimanı olmak üzere 98 havalimanı vardı. 'nın yılda 150 milyon yolcuya hizmet verme kapasitesiyle dünyanın en büyük havalimanı olması planlanıyor. 1933'ten bu yana Türkiye'nin bayrak taşıyıcı havayolu olan 'nın yanı sıra ülkede birçok havayolu şirketi faaliyet göstermektedir. , , ve 'da 315 noktaya tarifeli seferler gerçekleştiriyor ve bu da onu Dünyanın en çok yere sefer yapan havayolu firması yapıyor. ana aktarma merkezi olarak 90 milyon kapasiteli 'nı kullanıyor."
İstanbul Havalimanı,https://tr.wikipedia.org/wiki/%C4%B0stanbul_Havaliman%C4%B1,2,"Türkiye#278: Türkiye, 2023 yılında yaklaşık 1.154 trilyon ile dünyanın en büyük 17. ekonomisi, 'nın ise en büyük 7. ekonomisi olmuştur. 2013 yılında Türkiye'de 22 uluslararası havalimanı olmak üzere 98 havalimanı vardı. 'nın yılda 150 milyon yolcuya hizmet verme kapasitesiyle dünyanın en büyük havalimanı olması planlanıyor. 1933'ten bu yana Türkiye'nin bayrak taşıyıcı havayolu olan 'nın yanı sıra ülkede birçok havayolu şirketi faaliyet göstermektedir. , , ve 'da 315 noktaya tarifeli seferler gerçekleştiriyor ve bu da onu Dünyanın en çok yere sefer yapan havayolu firması yapıyor. ana aktarma merkezi olarak 90 milyon kapasiteli 'nı kullanıyor."
Türk Hava Yolları,https://tr.wikipedia.org/wiki/T%C3%BCrk_Hava_Yollar%C4%B1,2,"Türkiye#278: Türkiye, 2023 yılında yaklaşık 1.154 trilyon ile dünyanın en büyük 17. ekonomisi, 'nın ise en büyük 7. ekonomisi olmuştur. 2013 yılında Türkiye'de 22 uluslararası havalimanı olmak üzere 98 havalimanı vardı. 'nın yılda 150 milyon yolcuya hizmet verme kapasitesiyle dünyanın en büyük havalimanı olması planlanıyor. 1933'ten bu yana Türkiye'nin bayrak taşıyıcı havayolu olan 'nın yanı sıra ülkede birçok havayolu şirketi faaliyet göstermektedir. , , ve 'da 315 noktaya tarifeli seferler gerçekleştiriyor ve bu da onu Dünyanın en çok yere sefer yapan havayolu firması yapıyor. ana aktarma merkezi olarak 90 milyon kapasiteli 'nı kullanıyor."
Türk Hava Yolları,https://tr.wikipedia.org/wiki/T%C3%BCrk_Hava_Yollar%C4%B1,2,"Türkiye#278: Türkiye, 2023 yılında yaklaşık 1.154 trilyon ile dünyanın en büyük 17. ekonomisi, 'nın ise en büyük 7. ekonomisi olmuştur. 2013 yılında Türkiye'de 22 uluslararası havalimanı olmak üzere 98 havalimanı vardı. 'nın yılda 150 milyon yolcuya hizmet verme kapasitesiyle dünyanın en büyük havalimanı olması planlanıyor. 1933'ten bu yana Türkiye'nin bayrak taşıyıcı havayolu olan 'nın yanı sıra ülkede birçok havayolu şirketi faaliyet göstermektedir. , , ve 'da 315 noktaya tarifeli seferler gerçekleştiriyor ve bu da onu Dünyanın en çok yere sefer yapan havayolu firması yapıyor. ana aktarma merkezi olarak 90 milyon kapasiteli 'nı kullanıyor."
Afrika,https://tr.wikipedia.org/wiki/Afrika,2,"Türkiye#278: Türkiye, 2023 yılında yaklaşık 1.154 trilyon ile dünyanın en büyük 17. ekonomisi, 'nın ise en büyük 7. ekonomisi olmuştur. 2013 yılında Türkiye'de 22 uluslararası havalimanı olmak üzere 98 havalimanı vardı. 'nın yılda 150 milyon yolcuya hizmet verme kapasitesiyle dünyanın en büyük havalimanı olması planlanıyor. 1933'ten bu yana Türkiye'nin bayrak taşıyıcı havayolu olan 'nın yanı sıra ülkede birçok havayolu şirketi faaliyet göstermektedir. , , ve 'da 315 noktaya tarifeli seferler gerçekleştiriyor ve bu da onu Dünyanın en çok yere sefer yapan havayolu firması yapıyor. ana aktarma merkezi olarak 90 milyon kapasiteli 'nı kullanıyor. | Türkiye#331: UNHCR'ye göre 2018'de Türkiye, ve toplam 3.564.919 kayıtlı mülteciye ev sahipliği yaptı ve bu, dünyadaki tüm mültecilerin %63,4'üne tekabül ediyor. 2020 itibarıyla resmî olarak 3,6 milyondan fazla ile dünyanın en çok Suriyeli mülteci barındıran ülkesi oldu. Türkiye'deki mülteci krizini yönetiyor."
Afrika,https://tr.wikipedia.org/wiki/Afrika,2,"Türkiye#278: Türkiye, 2023 yılında yaklaşık 1.154 trilyon ile dünyanın en büyük 17. ekonomisi, 'nın ise en büyük 7. ekonomisi olmuştur. 2013 yılında Türkiye'de 22 uluslararası havalimanı olmak üzere 98 havalimanı vardı. 'nın yılda 150 milyon yolcuya hizmet verme kapasitesiyle dünyanın en büyük havalimanı olması planlanıyor. 1933'ten bu yana Türkiye'nin bayrak taşıyıcı havayolu olan 'nın yanı sıra ülkede birçok havayolu şirketi faaliyet göstermektedir. , , ve 'da 315 noktaya tarifeli seferler gerçekleştiriyor ve bu da onu Dünyanın en çok yere sefer yapan havayolu firması yapıyor. ana aktarma merkezi olarak 90 milyon kapasiteli 'nı kullanıyor. | Türkiye#331: UNHCR'ye göre 2018'de Türkiye, ve toplam 3.564.919 kayıtlı mülteciye ev sahipliği yaptı ve bu, dünyadaki tüm mültecilerin %63,4'üne tekabül ediyor. 2020 itibarıyla resmî olarak 3,6 milyondan fazla ile dünyanın en çok Suriyeli mülteci barındıran ülkesi oldu. Türkiye'deki mülteci krizini yönetiyor."
Turgut Özal,https://tr.wikipedia.org/wiki/Turgut_%C3%96zal,2,"Türkiye#115: Ardından gelen dönemi ve ve ve ile kesintiye uğradı. 1960 ile 20. yüzyılın sonu arasında Türk siyasetinde birden fazla seçim zaferi elde eden önde gelen liderler muhafazakâr-popülist , sosyal demokrat ve neoliberal reformcu 'dı. 1993 yılında Türkiye'nin ilk kadın başbakanı oldu. | Türkiye#264: Ancak 1983 yılına gelindiğinde Başbakan , özel sektörü daha ön plana çıkaran bir dizi reform başlattı."
TRT,https://tr.wikipedia.org/wiki/T%C3%BCrkiye_Radyo_Televizyon_Kurumu,2,"Türkiye#324: Hukukî anlamda azınlıkları tanımasa da devlet, resmî kanalı 'ye, azınlıkların konuştuğu çeşitli dillerde radyo ve televizyon programları yapması konusunda izin vermektedir. | Türkiye#387: Devlet kanalı ile , , ve gibi özel kanallar, izleyici tarafından en çok takip edilen kanallardır."
TRT,https://tr.wikipedia.org/wiki/T%C3%BCrkiye_Radyo_Televizyon_Kurumu,2,"Türkiye#324: Hukukî anlamda azınlıkları tanımasa da devlet, resmî kanalı 'ye, azınlıkların konuştuğu çeşitli dillerde radyo ve televizyon programları yapması konusunda izin vermektedir. | Türkiye#387: Devlet kanalı ile , , ve gibi özel kanallar, izleyici tarafından en çok takip edilen kanallardır."
Osmanlı,https://tr.wikipedia.org/wiki/Osmanl%C4%B1_%C4%B0mparatorlu%C4%9Fu,2,"Türkiye#378: Türk mutfağı, ve mutfaklarıyla etkileşime girmiştir, saray mutfağı da Türk mutfağının önemli bir kısmını oluşturur. | Türkiye#380: Saray mutfağı, 'ndan 'ya yüzyılların saray zevki ve tecrübesiyle oluşan elit bir mutfaktır."
Osmanlı,https://tr.wikipedia.org/wiki/Osmanl%C4%B1_%C4%B0mparatorlu%C4%9Fu,2,"Türkiye#378: Türk mutfağı, ve mutfaklarıyla etkileşime girmiştir, saray mutfağı da Türk mutfağının önemli bir kısmını oluşturur. | Türkiye#380: Saray mutfağı, 'ndan 'ya yüzyılların saray zevki ve tecrübesiyle oluşan elit bir mutfaktır."
EuroLeague,https://tr.wikipedia.org/wiki/EuroLeague,2,"Türkiye#400: Fenerbahçe, 2017 yılında kupasını kazanarak Avrupa Kupalarında spor kulüplerinin kazanabileceği en büyük kupayı kazanan ilk Türk erkek basketbol takımı olmuştur. | Türkiye#401: Ayrıca Anadolu Efes de 2021 ve 2022 yılında kupasını kazanmıştır. da turnuvalarda büyük başarı elde etmiştir."
EuroLeague,https://tr.wikipedia.org/wiki/EuroLeague,2,"Türkiye#400: Fenerbahçe, 2017 yılında kupasını kazanarak Avrupa Kupalarında spor kulüplerinin kazanabileceği en büyük kupayı kazanan ilk Türk erkek basketbol takımı olmuştur. | Türkiye#401: Ayrıca Anadolu Efes de 2021 ve 2022 yılında kupasını kazanmıştır. da turnuvalarda büyük başarı elde etmiştir."
Turgut Özal,https://tr.wikipedia.org/wiki/Turgut_%C3%96zal,2,"Türkiye#115: Ardından gelen dönemi ve ve ve ile kesintiye uğradı. 1960 ile 20. yüzyılın sonu arasında Türk siyasetinde birden fazla seçim zaferi elde eden önde gelen liderler muhafazakâr-popülist , sosyal demokrat ve neoliberal reformcu 'dı. 1993 yılında Türkiye'nin ilk kadın başbakanı oldu. | Türkiye#264: Ancak 1983 yılına gelindiğinde Başbakan , özel sektörü daha ön plana çıkaran bir dizi reform başlattı."
Türkçedir,https://tr.wikipedia.org/wiki/T%C3%BCrk%C3%A7e,2,"Türkiye#17: Resmî dili ve nüfusunun çoğunluğu 'dır. Türkiye, , ve 'nın kurucu üyesidir. | Türkiye#325: Türkiye'nin resmî dili, aynı zamanda nüfusun %85'inin anadili olan ."
Türkçedir,https://tr.wikipedia.org/wiki/T%C3%BCrk%C3%A7e,2,"Türkiye#17: Resmî dili ve nüfusunun çoğunluğu 'dır. Türkiye, , ve 'nın kurucu üyesidir. | Türkiye#325: Türkiye'nin resmî dili, aynı zamanda nüfusun %85'inin anadili olan ."
yargı,https://tr.wikipedia.org/wiki/Yarg%C4%B1,2,"Türkiye#118: Devletin temel işleyişindeki üç güç olan , ve dikkate alındığında, yerel yönetimlerin hemen hemen herhangi bir gücü yoktur. | Türkiye#133: Devlet, anayasa tarafından tanımlanan bir sistemi ile düzenlenmiştir ve , ve olmak üzere üç kola ayrılmaktadır:"
Bulgaristan,https://tr.wikipedia.org/wiki/Bulgaristan,2,"Türkiye#2: Batıda ve , doğuda , , ve , güneyde ise ve ile sınır komşusudur. | Türkiye#213: Türkiye'nin 'daki kısmı olan 'da ve ile sınırı bulunmaktadır. 'daki kısmı olan 'da ise dar kıyı ovalarıyla çevrilmiş yüksek bir merkezî platodur."
Bulgaristan,https://tr.wikipedia.org/wiki/Bulgaristan,2,"Türkiye#2: Batıda ve , doğuda , , ve , güneyde ise ve ile sınır komşusudur. | Türkiye#213: Türkiye'nin 'daki kısmı olan 'da ve ile sınırı bulunmaktadır. 'daki kısmı olan 'da ise dar kıyı ovalarıyla çevrilmiş yüksek bir merkezî platodur."
Müslüman,https://tr.wikipedia.org/wiki/M%C3%BCsl%C3%BCman,2,"Trabzon#32: 1523 tahririnde şehirdeki nüfusun azaldığı görülürken, tahminen 7000 kişinin yaşadığı şehrin yaklaşık %14,3'ü Müslümanlardan oluşmaktaydı. 1553 kayıtlarında şehrin nüfusu azalırken (6100), Müslüman nüfus sayısındaki yüksek artış sonucu nüfusun %47'sini Müslümanlar oluşturmaktaydı. 1583 tahririnde 10.500 kişinin yaşadığı tahmin edilen şehrin yaklaşık; %53,6'sı Müslüman, %32,5 Rum, %5,8 Ermeni ve geri kalanı da Katolik tebaadan oluşmaktaydı. | Trabzon#65: Ancak bir kısmı olmuş fakat zaman içerisinde Türkleşmiştir. | Türkiye#17: Resmî dili ve nüfusunun çoğunluğu 'dır. Türkiye, , ve 'nın kurucu üyesidir. | Türkiye#60: , olduktan sonra çevrelerine daha yakın yerlerde ikamet ettiler ve 9. yüzyılda ile 'nün kuzeyine yerleşmeye başladılar. 10. yüzyıl itibarıyla , yurdunu da sınırları içine katarak, atalarının vatanı 'dan batıya doğru başladılar ve 'ni kurdular."
Müslüman,https://tr.wikipedia.org/wiki/M%C3%BCsl%C3%BCman,2,"Trabzon#32: 1523 tahririnde şehirdeki nüfusun azaldığı görülürken, tahminen 7000 kişinin yaşadığı şehrin yaklaşık %14,3'ü Müslümanlardan oluşmaktaydı. 1553 kayıtlarında şehrin nüfusu azalırken (6100), Müslüman nüfus sayısındaki yüksek artış sonucu nüfusun %47'sini Müslümanlar oluşturmaktaydı. 1583 tahririnde 10.500 kişinin yaşadığı tahmin edilen şehrin yaklaşık; %53,6'sı Müslüman, %32,5 Rum, %5,8 Ermeni ve geri kalanı da Katolik tebaadan oluşmaktaydı. | Trabzon#65: Ancak bir kısmı olmuş fakat zaman içerisinde Türkleşmiştir. | Türkiye#17: Resmî dili ve nüfusunun çoğunluğu 'dır. Türkiye, , ve 'nın kurucu üyesidir. | Türkiye#60: , olduktan sonra çevrelerine daha yakın yerlerde ikamet ettiler ve 9. yüzyılda ile 'nün kuzeyine yerleşmeye başladılar. 10. yüzyıl itibarıyla , yurdunu da sınırları içine katarak, atalarının vatanı 'dan batıya doğru başladılar ve 'ni kurdular."
Gürcistan,https://tr.wikipedia.org/wiki/G%C3%BCrcistan,2,"Türkiye#2: Batıda ve , doğuda , , ve , güneyde ise ve ile sınır komşusudur. | Türkiye#216: Ayrıca 5.137 metre (16.854 ft) yüksekliğindeki Türkiye'nin en yüksek dağı olan ve en büyük gölü olan de Doğu Anadolu'da yer alır. Türkiye, Anadolu toprakları üzerinde kuzeydoğuda , doğuda , 'a bağlı ve , güneydoğuda ve ile sınır komşusudur."
Gürcistan,https://tr.wikipedia.org/wiki/G%C3%BCrcistan,2,"Türkiye#2: Batıda ve , doğuda , , ve , güneyde ise ve ile sınır komşusudur. | Türkiye#216: Ayrıca 5.137 metre (16.854 ft) yüksekliğindeki Türkiye'nin en yüksek dağı olan ve en büyük gölü olan de Doğu Anadolu'da yer alır. Türkiye, Anadolu toprakları üzerinde kuzeydoğuda , doğuda , 'a bağlı ve , güneydoğuda ve ile sınır komşusudur."
Türk Kurtuluş Savaşı,https://tr.wikipedia.org/wiki/T%C3%BCrk_Kurtulu%C5%9F_Sava%C5%9F%C4%B1,2,"Türkiye#100: bitiminde imzalanan 'nden sonra İtilaf Devletleri tarafından , ve diğer Osmanlı topraklarının işgali, 'ni ortaya çıkardı. 'nın öne çıkan isimlerinden biri olan 'nın 19 Mayıs 1919'da ile 'nın getirdiği şartları iptal edip sınırları içinde kalan ülke topraklarının bütünlüğünü korumayı amaçlayan başlatıldı. | Türkiye#262: ile sonrası ortaya çıkan cumhuriyetin ilk altmış yılında 1923 ve 1983 yılları arasında devlet, sıkı bir yarı- yaklaşımın içinde bulundu; özel sektör katılımı, dış ticaret, döviz akışı ve tutarı gibi konularda çeşitli sınırlamalar konuldu."
Çanakkale Boğazı,https://tr.wikipedia.org/wiki/%C3%87anakkale_Bo%C4%9Faz%C4%B1,2,"Türkiye#3: Güneyini ve , batısını , kuzeyini ise çevreler. ise ve ile birlikte 'yu 'dan, yani 'yı 'dan ayırır. | Türkiye#291: Avrupa ve Asya'yı birbirine bağlayan üzerindeki , dünyanın en uzun asma köprüsüdür."
Çanakkale Boğazı,https://tr.wikipedia.org/wiki/%C3%87anakkale_Bo%C4%9Faz%C4%B1,2,"Türkiye#3: Güneyini ve , batısını , kuzeyini ise çevreler. ise ve ile birlikte 'yu 'dan, yani 'yı 'dan ayırır. | Türkiye#291: Avrupa ve Asya'yı birbirine bağlayan üzerindeki , dünyanın en uzun asma köprüsüdür."
Türk Kurtuluş Savaşı,https://tr.wikipedia.org/wiki/T%C3%BCrk_Kurtulu%C5%9F_Sava%C5%9F%C4%B1,2,"Türkiye#100: bitiminde imzalanan 'nden sonra İtilaf Devletleri tarafından , ve diğer Osmanlı topraklarının işgali, 'ni ortaya çıkardı. 'nın öne çıkan isimlerinden biri olan 'nın 19 Mayıs 1919'da ile 'nın getirdiği şartları iptal edip sınırları içinde kalan ülke topraklarının bütünlüğünü korumayı amaçlayan başlatıldı. | Türkiye#262: ile sonrası ortaya çıkan cumhuriyetin ilk altmış yılında 1923 ve 1983 yılları arasında devlet, sıkı bir yarı- yaklaşımın içinde bulundu; özel sektör katılımı, dış ticaret, döviz akışı ve tutarı gibi konularda çeşitli sınırlamalar konuldu."
Türk Devletleri Teşkilatı,https://tr.wikipedia.org/wiki/T%C3%BCrk_Devletleri_Te%C5%9Fkilat%C4%B1,2,"Türkiye#17: Resmî dili ve nüfusunun çoğunluğu 'dır. Türkiye, , ve 'nın kurucu üyesidir. | Türkiye#174: Ülke, (1945), (1961), (1969), (1973), (1985), (1992), (1997), (1999) ve (2009) gibi uluslararası örgütlerin kurucu üyelerinden birisidir. 1951-1952, 1954-1955, 1961 ve son olarak 2009-2010 yıllarında 'nde geçici üye olarak görev yapmıştır."
laik,https://tr.wikipedia.org/wiki/Sek%C3%BCler_devlet,2,"Türkiye#4: Resmî olarak bir devlet olan Türkiye'de nüfusun çoğunluğu . , Türkiye'nin ve ikinci en kalabalık şehri; ise, Türkiye'nin en kalabalık şehri, ekonomik merkezi ve aynı zamanda 'nın en kalabalık şehridir. | Türkiye#16: Türkiye gelişmekte olan bir ülkedir ve yönetilen , ve bir ."
laik,https://tr.wikipedia.org/wiki/Sek%C3%BCler_devlet,2,"Türkiye#4: Resmî olarak bir devlet olan Türkiye'de nüfusun çoğunluğu . , Türkiye'nin ve ikinci en kalabalık şehri; ise, Türkiye'nin en kalabalık şehri, ekonomik merkezi ve aynı zamanda 'nın en kalabalık şehridir. | Türkiye#16: Türkiye gelişmekte olan bir ülkedir ve yönetilen , ve bir ."
Türk Devletleri Teşkilatı,https://tr.wikipedia.org/wiki/T%C3%BCrk_Devletleri_Te%C5%9Fkilat%C4%B1,2,"Türkiye#17: Resmî dili ve nüfusunun çoğunluğu 'dır. Türkiye, , ve 'nın kurucu üyesidir. | Türkiye#174: Ülke, (1945), (1961), (1969), (1973), (1985), (1992), (1997), (1999) ve (2009) gibi uluslararası örgütlerin kurucu üyelerinden birisidir. 1951-1952, 1954-1955, 1961 ve son olarak 2009-2010 yıllarında 'nde geçici üye olarak görev yapmıştır."
yargı,https://tr.wikipedia.org/wiki/Yarg%C4%B1,2,"Türkiye#118: Devletin temel işleyişindeki üç güç olan , ve dikkate alındığında, yerel yönetimlerin hemen hemen herhangi bir gücü yoktur. | Türkiye#133: Devlet, anayasa tarafından tanımlanan bir sistemi ile düzenlenmiştir ve , ve olmak üzere üç kola ayrılmaktadır:"
Avrupa Konseyi,https://tr.wikipedia.org/wiki/Avrupa_Konseyi,2,"Türkiye#18: Türkiye 'nun ilk üyelerinden birisi ABD'nin ardından ittifak içinde ikinci en büyük askerî güce sahiptir. adayı olan Türkiye, AB Gümrük Birliği, , ve 'un bir parçasıdır. | Türkiye#175: Geleneksel Batı yönelimi doğrultusunda, Avrupa ile ilişkiler her zaman Türk dış politikasının merkezî bir parçası olmuştur. 1949 yılında 'ne üye olan ülke, 1963 yılında (sonradan 'ne dönüştü) ile kurdu."
Avrupa Konseyi,https://tr.wikipedia.org/wiki/Avrupa_Konseyi,2,"Türkiye#18: Türkiye 'nun ilk üyelerinden birisi ABD'nin ardından ittifak içinde ikinci en büyük askerî güce sahiptir. adayı olan Türkiye, AB Gümrük Birliği, , ve 'un bir parçasıdır. | Türkiye#175: Geleneksel Batı yönelimi doğrultusunda, Avrupa ile ilişkiler her zaman Türk dış politikasının merkezî bir parçası olmuştur. 1949 yılında 'ne üye olan ülke, 1963 yılında (sonradan 'ne dönüştü) ile kurdu."
İslam İşbirliği Teşkilatı,https://tr.wikipedia.org/wiki/%C4%B0slam_%C4%B0%C5%9Fbirli%C4%9Fi_Te%C5%9Fkilat%C4%B1,2,"Türkiye#18: Türkiye 'nun ilk üyelerinden birisi ABD'nin ardından ittifak içinde ikinci en büyük askerî güce sahiptir. adayı olan Türkiye, AB Gümrük Birliği, , ve 'un bir parçasıdır. | Türkiye#174: Ülke, (1945), (1961), (1969), (1973), (1985), (1992), (1997), (1999) ve (2009) gibi uluslararası örgütlerin kurucu üyelerinden birisidir. 1951-1952, 1954-1955, 1961 ve son olarak 2009-2010 yıllarında 'nde geçici üye olarak görev yapmıştır."
İslam İşbirliği Teşkilatı,https://tr.wikipedia.org/wiki/%C4%B0slam_%C4%B0%C5%9Fbirli%C4%9Fi_Te%C5%9Fkilat%C4%B1,2,"Türkiye#18: Türkiye 'nun ilk üyelerinden birisi ABD'nin ardından ittifak içinde ikinci en büyük askerî güce sahiptir. adayı olan Türkiye, AB Gümrük Birliği, , ve 'un bir parçasıdır. | Türkiye#174: Ülke, (1945), (1961), (1969), (1973), (1985), (1992), (1997), (1999) ve (2009) gibi uluslararası örgütlerin kurucu üyelerinden birisidir. 1951-1952, 1954-1955, 1961 ve son olarak 2009-2010 yıllarında 'nde geçici üye olarak görev yapmıştır."
bölgesel güç,https://tr.wikipedia.org/wiki/B%C3%B6lgesel_g%C3%BC%C3%A7,2,"Türkiye#19: Türkiye, askerî kapasitesi ve diplomatik girişimleri sayesinde kabul edilirken; ve kıtalarının kavşak noktasında yer alması nedeniyle olarak görülmektedir. | Türkiye#173: Günümüzde Türkiye, askerî kapasitesi ve diplomatik girişimleri sayesinde kabul edilirken; ve kıtalarının kavşak noktasında yer alması nedeniyle sahiptir."
Lidyalılar,https://tr.wikipedia.org/wiki/Lidyal%C4%B1lar,2,"Türkiye#5: Türkiye toprakları üzerinde bulunan ilk yerleşmeler 'nde başlar. 'da olmak üzere, , , ve sonucu 'dan kaçan tarafından kurulan medeniyeti gibi çeşitli eski ardından, kralı 'in egemenliğiyle ve fetihleriyle birlikte başladı. | Türkiye#43: Orta Anadolu üzerinde büyük bir hâkimiyet kurmuş olan 'nun da MÖ yaklaşık 1180'li yıllarda çöküşünün ardından, Hint-Avrupa milletlerinden kurdukları , MÖ 7. yüzyılda tarafından yapılan saldırılara kadar Anadolu'da üstünlük elde etti. Frigya'dan sonra , ve devletleri bölgede güç yakalayarak söz sahibi oldu. Ekonomi alanıyla ön plana , MÖ 546'da hükümdarı tarafından yıkılıncaya kadar Batı Anadolu'da varlığını sürdürdü."
Türkçe,https://tr.wikipedia.org/wiki/T%C3%BCrk%C3%A7e,2,Trabzon#55: 1949 yılında 5442 sayılı İl İdaresi Kanunu uygulamasıyla 'da bulunan 78 bin civarındaki yerleşim adından 28 bin kadarının adı Türkçe olmadığı gerekçesiyle değiştirilmiş olup büyük bölümü olan Trabzon köy adları da değiştirilerek yerlerine isimler konulmuştur. | TürkiyeCard#4: Liste KürtçeArapçaZazacaLazcadiğer
Türkçe,https://tr.wikipedia.org/wiki/T%C3%BCrk%C3%A7e,2,Trabzon#55: 1949 yılında 5442 sayılı İl İdaresi Kanunu uygulamasıyla 'da bulunan 78 bin civarındaki yerleşim adından 28 bin kadarının adı Türkçe olmadığı gerekçesiyle değiştirilmiş olup büyük bölümü olan Trabzon köy adları da değiştirilerek yerlerine isimler konulmuştur. | TürkiyeCard#4: Liste KürtçeArapçaZazacaLazcadiğer
modernleşme,https://tr.wikipedia.org/wiki/Modernle%C5%9Fme_teorisi,1,"Türkiye#12: 19. yüzyıla gelindiğinde imparatorluk, adı verilen ciddi bir sürecine girdi. 1876 yılında ilan edilip meclisin açılmasıyla başlayan devri, 1878 yılına kadar sürse de, 1908 yılında ilan edilerek tekrar yürürlüğe girdi."
Türk tarihinin ilk yazılı anayasasının,https://tr.wikipedia.org/wiki/K%C3%A2n%C3%BBn-%C4%B1_Es%C3%A2s%C3%AE,1,"Türkiye#12: 19. yüzyıla gelindiğinde imparatorluk, adı verilen ciddi bir sürecine girdi. 1876 yılında ilan edilip meclisin açılmasıyla başlayan devri, 1878 yılına kadar sürse de, 1908 yılında ilan edilerek tekrar yürürlüğe girdi."
Türk tarihinin ilk yazılı anayasasının,https://tr.wikipedia.org/wiki/K%C3%A2n%C3%BBn-%C4%B1_Es%C3%A2s%C3%AE,1,"Türkiye#12: 19. yüzyıla gelindiğinde imparatorluk, adı verilen ciddi bir sürecine girdi. 1876 yılında ilan edilip meclisin açılmasıyla başlayan devri, 1878 yılına kadar sürse de, 1908 yılında ilan edilerek tekrar yürürlüğe girdi."
I. Meşrutiyet,https://tr.wikipedia.org/wiki/Birinci_Me%C5%9Frutiyet,1,"Türkiye#12: 19. yüzyıla gelindiğinde imparatorluk, adı verilen ciddi bir sürecine girdi. 1876 yılında ilan edilip meclisin açılmasıyla başlayan devri, 1878 yılına kadar sürse de, 1908 yılında ilan edilerek tekrar yürürlüğe girdi."
I. Meşrutiyet,https://tr.wikipedia.org/wiki/Birinci_Me%C5%9Frutiyet,1,"Türkiye#12: 19. yüzyıla gelindiğinde imparatorluk, adı verilen ciddi bir sürecine girdi. 1876 yılında ilan edilip meclisin açılmasıyla başlayan devri, 1878 yılına kadar sürse de, 1908 yılında ilan edilerek tekrar yürürlüğe girdi."
dağılmasını,https://tr.wikipedia.org/wiki/Osmanl%C4%B1_%C4%B0mparatorlu%C4%9Fu_da%C4%9F%C4%B1lma_d%C3%B6nemi,1,"Türkiye#13: Ancak yapılan reformlar, imparatorluğun engelleyemedi. 1914 yılında başlayan 'na 'nin yanında giren imparatorluk, savaş sonucunda yenik düşerek 30 Ekim 1918 tarihinde tüm orduların teslim olması şartını kabul etti ve akabinde 'nce işgal edildi. 16 Mart 1920'de İtilaf Devletleri'nin bazı milletvekillerini tutuklayarak sürgüne göndermesi sonucunda 'ın kapanmasıyla önderliğinde 23 Nisan 1920 tarihinde 'da kuruldu."
dağılmasını,https://tr.wikipedia.org/wiki/Osmanl%C4%B1_%C4%B0mparatorlu%C4%9Fu_da%C4%9F%C4%B1lma_d%C3%B6nemi,1,"Türkiye#13: Ancak yapılan reformlar, imparatorluğun engelleyemedi. 1914 yılında başlayan 'na 'nin yanında giren imparatorluk, savaş sonucunda yenik düşerek 30 Ekim 1918 tarihinde tüm orduların teslim olması şartını kabul etti ve akabinde 'nce işgal edildi. 16 Mart 1920'de İtilaf Devletleri'nin bazı milletvekillerini tutuklayarak sürgüne göndermesi sonucunda 'ın kapanmasıyla önderliğinde 23 Nisan 1920 tarihinde 'da kuruldu."
İstanbul'u işgal edip,https://tr.wikipedia.org/wiki/%C4%B0stanbul%27un_%C4%B0%C5%9Fgali,1,"Türkiye#13: Ancak yapılan reformlar, imparatorluğun engelleyemedi. 1914 yılında başlayan 'na 'nin yanında giren imparatorluk, savaş sonucunda yenik düşerek 30 Ekim 1918 tarihinde tüm orduların teslim olması şartını kabul etti ve akabinde 'nce işgal edildi. 16 Mart 1920'de İtilaf Devletleri'nin bazı milletvekillerini tutuklayarak sürgüne göndermesi sonucunda 'ın kapanmasıyla önderliğinde 23 Nisan 1920 tarihinde 'da kuruldu."
İstanbul'u işgal edip,https://tr.wikipedia.org/wiki/%C4%B0stanbul%27un_%C4%B0%C5%9Fgali,1,"Türkiye#13: Ancak yapılan reformlar, imparatorluğun engelleyemedi. 1914 yılında başlayan 'na 'nin yanında giren imparatorluk, savaş sonucunda yenik düşerek 30 Ekim 1918 tarihinde tüm orduların teslim olması şartını kabul etti ve akabinde 'nce işgal edildi. 16 Mart 1920'de İtilaf Devletleri'nin bazı milletvekillerini tutuklayarak sürgüne göndermesi sonucunda 'ın kapanmasıyla önderliğinde 23 Nisan 1920 tarihinde 'da kuruldu."
Meclis-i Mebûsan,https://tr.wikipedia.org/wiki/Meclis-i_Meb%C3%BBsan,1,"Türkiye#13: Ancak yapılan reformlar, imparatorluğun engelleyemedi. 1914 yılında başlayan 'na 'nin yanında giren imparatorluk, savaş sonucunda yenik düşerek 30 Ekim 1918 tarihinde tüm orduların teslim olması şartını kabul etti ve akabinde 'nce işgal edildi. 16 Mart 1920'de İtilaf Devletleri'nin bazı milletvekillerini tutuklayarak sürgüne göndermesi sonucunda 'ın kapanmasıyla önderliğinde 23 Nisan 1920 tarihinde 'da kuruldu."
Meclis-i Mebûsan,https://tr.wikipedia.org/wiki/Meclis-i_Meb%C3%BBsan,1,"Türkiye#13: Ancak yapılan reformlar, imparatorluğun engelleyemedi. 1914 yılında başlayan 'na 'nin yanında giren imparatorluk, savaş sonucunda yenik düşerek 30 Ekim 1918 tarihinde tüm orduların teslim olması şartını kabul etti ve akabinde 'nce işgal edildi. 16 Mart 1920'de İtilaf Devletleri'nin bazı milletvekillerini tutuklayarak sürgüne göndermesi sonucunda 'ın kapanmasıyla önderliğinde 23 Nisan 1920 tarihinde 'da kuruldu."
Mustafa Kemal Paşa,https://tr.wikipedia.org/wiki/Mustafa_Kemal_Atat%C3%BCrk,1,"Türkiye#13: Ancak yapılan reformlar, imparatorluğun engelleyemedi. 1914 yılında başlayan 'na 'nin yanında giren imparatorluk, savaş sonucunda yenik düşerek 30 Ekim 1918 tarihinde tüm orduların teslim olması şartını kabul etti ve akabinde 'nce işgal edildi. 16 Mart 1920'de İtilaf Devletleri'nin bazı milletvekillerini tutuklayarak sürgüne göndermesi sonucunda 'ın kapanmasıyla önderliğinde 23 Nisan 1920 tarihinde 'da kuruldu."
Mustafa Kemal Paşa,https://tr.wikipedia.org/wiki/Mustafa_Kemal_Atat%C3%BCrk,1,"Türkiye#13: Ancak yapılan reformlar, imparatorluğun engelleyemedi. 1914 yılında başlayan 'na 'nin yanında giren imparatorluk, savaş sonucunda yenik düşerek 30 Ekim 1918 tarihinde tüm orduların teslim olması şartını kabul etti ve akabinde 'nce işgal edildi. 16 Mart 1920'de İtilaf Devletleri'nin bazı milletvekillerini tutuklayarak sürgüne göndermesi sonucunda 'ın kapanmasıyla önderliğinde 23 Nisan 1920 tarihinde 'da kuruldu."
Kurtuluş Savaşı,https://tr.wikipedia.org/wiki/T%C3%BCrk_Kurtulu%C5%9F_Sava%C5%9F%C4%B1,1,"Türkiye#14: Onun önderliğinde işgalci kuvvetlere karşı yapılan (1919-1922) başarıya ulaşarak, 1 Kasım 1922 tarihinde Türkiye Büyük Millet Meclisi tarafından Osmanlı monarşisi ve tarihe karıştı."
Kurtuluş Savaşı,https://tr.wikipedia.org/wiki/T%C3%BCrk_Kurtulu%C5%9F_Sava%C5%9F%C4%B1,1,"Türkiye#14: Onun önderliğinde işgalci kuvvetlere karşı yapılan (1919-1922) başarıya ulaşarak, 1 Kasım 1922 tarihinde Türkiye Büyük Millet Meclisi tarafından Osmanlı monarşisi ve tarihe karıştı."
saltanatın kaldırılmasıyla,https://tr.wikipedia.org/wiki/Saltanat%C4%B1n_kald%C4%B1r%C4%B1lmas%C4%B1,1,"Türkiye#14: Onun önderliğinde işgalci kuvvetlere karşı yapılan (1919-1922) başarıya ulaşarak, 1 Kasım 1922 tarihinde Türkiye Büyük Millet Meclisi tarafından Osmanlı monarşisi ve tarihe karıştı."
saltanatın kaldırılmasıyla,https://tr.wikipedia.org/wiki/Saltanat%C4%B1n_kald%C4%B1r%C4%B1lmas%C4%B1,1,"Türkiye#14: Onun önderliğinde işgalci kuvvetlere karşı yapılan (1919-1922) başarıya ulaşarak, 1 Kasım 1922 tarihinde Türkiye Büyük Millet Meclisi tarafından Osmanlı monarşisi ve tarihe karıştı."
Mustafa Kemal Atatürk,https://tr.wikipedia.org/wiki/Mustafa_Kemal_Atat%C3%BCrk,1,"Türkiye#15: Cumhuriyet, ülkenin ilk cumhurbaşkanı tarafından 29 Ekim 1923'te . 3 Mart 1924'te 'nın yurt dışına edilmesinden sonra, çağdaş Türkiye'nin oluşumunda önemli yer tutacak olan bir dizi devrim gerçekleştirildi."
Mustafa Kemal Atatürk,https://tr.wikipedia.org/wiki/Mustafa_Kemal_Atat%C3%BCrk,1,"Türkiye#15: Cumhuriyet, ülkenin ilk cumhurbaşkanı tarafından 29 Ekim 1923'te . 3 Mart 1924'te 'nın yurt dışına edilmesinden sonra, çağdaş Türkiye'nin oluşumunda önemli yer tutacak olan bir dizi devrim gerçekleştirildi."
ilan edildi,https://tr.wikipedia.org/wiki/T%C3%BCrkiye%27de_cumhuriyetin_ilan%C4%B1,1,"Türkiye#15: Cumhuriyet, ülkenin ilk cumhurbaşkanı tarafından 29 Ekim 1923'te . 3 Mart 1924'te 'nın yurt dışına edilmesinden sonra, çağdaş Türkiye'nin oluşumunda önemli yer tutacak olan bir dizi devrim gerçekleştirildi."
ilan edildi,https://tr.wikipedia.org/wiki/T%C3%BCrkiye%27de_cumhuriyetin_ilan%C4%B1,1,"Türkiye#15: Cumhuriyet, ülkenin ilk cumhurbaşkanı tarafından 29 Ekim 1923'te . 3 Mart 1924'te 'nın yurt dışına edilmesinden sonra, çağdaş Türkiye'nin oluşumunda önemli yer tutacak olan bir dizi devrim gerçekleştirildi."
hilafetin kaldırılıp,https://tr.wikipedia.org/wiki/Hil%C3%A2fetin_kald%C4%B1r%C4%B1lmas%C4%B1,1,"Türkiye#15: Cumhuriyet, ülkenin ilk cumhurbaşkanı tarafından 29 Ekim 1923'te . 3 Mart 1924'te 'nın yurt dışına edilmesinden sonra, çağdaş Türkiye'nin oluşumunda önemli yer tutacak olan bir dizi devrim gerçekleştirildi."
hilafetin kaldırılıp,https://tr.wikipedia.org/wiki/Hil%C3%A2fetin_kald%C4%B1r%C4%B1lmas%C4%B1,1,"Türkiye#15: Cumhuriyet, ülkenin ilk cumhurbaşkanı tarafından 29 Ekim 1923'te . 3 Mart 1924'te 'nın yurt dışına edilmesinden sonra, çağdaş Türkiye'nin oluşumunda önemli yer tutacak olan bir dizi devrim gerçekleştirildi."
Osmanlı Hanedanı,https://tr.wikipedia.org/wiki/Osmanl%C4%B1_Hanedan%C4%B1,1,"Türkiye#15: Cumhuriyet, ülkenin ilk cumhurbaşkanı tarafından 29 Ekim 1923'te . 3 Mart 1924'te 'nın yurt dışına edilmesinden sonra, çağdaş Türkiye'nin oluşumunda önemli yer tutacak olan bir dizi devrim gerçekleştirildi."
Osmanlı Hanedanı,https://tr.wikipedia.org/wiki/Osmanl%C4%B1_Hanedan%C4%B1,1,"Türkiye#15: Cumhuriyet, ülkenin ilk cumhurbaşkanı tarafından 29 Ekim 1923'te . 3 Mart 1924'te 'nın yurt dışına edilmesinden sonra, çağdaş Türkiye'nin oluşumunda önemli yer tutacak olan bir dizi devrim gerçekleştirildi."
sürgün,https://tr.wikipedia.org/wiki/S%C3%BCrg%C3%BCn_cezas%C4%B1,1,"Türkiye#15: Cumhuriyet, ülkenin ilk cumhurbaşkanı tarafından 29 Ekim 1923'te . 3 Mart 1924'te 'nın yurt dışına edilmesinden sonra, çağdaş Türkiye'nin oluşumunda önemli yer tutacak olan bir dizi devrim gerçekleştirildi."
sürgün,https://tr.wikipedia.org/wiki/S%C3%BCrg%C3%BCn_cezas%C4%B1,1,"Türkiye#15: Cumhuriyet, ülkenin ilk cumhurbaşkanı tarafından 29 Ekim 1923'te . 3 Mart 1924'te 'nın yurt dışına edilmesinden sonra, çağdaş Türkiye'nin oluşumunda önemli yer tutacak olan bir dizi devrim gerçekleştirildi."
cumhurbaşkanlığı sistemiyle,https://tr.wikipedia.org/wiki/Cumhurba%C5%9Fkanl%C4%B1%C4%9F%C4%B1_h%C3%BCk%C3%BBmet_sistemi,1,"Türkiye#16: Türkiye gelişmekte olan bir ülkedir ve yönetilen , ve bir ."
cumhurbaşkanlığı sistemiyle,https://tr.wikipedia.org/wiki/Cumhurba%C5%9Fkanl%C4%B1%C4%9F%C4%B1_h%C3%BCk%C3%BBmet_sistemi,1,"Türkiye#16: Türkiye gelişmekte olan bir ülkedir ve yönetilen , ve bir ."
demokratik,https://tr.wikipedia.org/wiki/Demokrasi,1,"Türkiye#16: Türkiye gelişmekte olan bir ülkedir ve yönetilen , ve bir ."
demokratik,https://tr.wikipedia.org/wiki/Demokrasi,1,"Türkiye#16: Türkiye gelişmekte olan bir ülkedir ve yönetilen , ve bir ."
anayasal cumhuriyettir,https://tr.wikipedia.org/wiki/Anayasal_cumhuriyet,1,"Türkiye#16: Türkiye gelişmekte olan bir ülkedir ve yönetilen , ve bir ."
anayasal cumhuriyettir,https://tr.wikipedia.org/wiki/Anayasal_cumhuriyet,1,"Türkiye#16: Türkiye gelişmekte olan bir ülkedir ve yönetilen , ve bir ."
Sünni,https://tr.wikipedia.org/wiki/S%C3%BCnnilik,1,"Türkiye#17: Resmî dili ve nüfusunun çoğunluğu 'dır. Türkiye, , ve 'nın kurucu üyesidir."
Sünni,https://tr.wikipedia.org/wiki/S%C3%BCnnilik,1,"Türkiye#17: Resmî dili ve nüfusunun çoğunluğu 'dır. Türkiye, , ve 'nın kurucu üyesidir."
G20,https://tr.wikipedia.org/wiki/G20,1,"Türkiye#17: Resmî dili ve nüfusunun çoğunluğu 'dır. Türkiye, , ve 'nın kurucu üyesidir."
G20,https://tr.wikipedia.org/wiki/G20,1,"Türkiye#17: Resmî dili ve nüfusunun çoğunluğu 'dır. Türkiye, , ve 'nın kurucu üyesidir."
TÜRKSOY,https://tr.wikipedia.org/wiki/Uluslararas%C4%B1_T%C3%BCrk_K%C3%BClt%C3%BCr%C3%BC_Te%C5%9Fkilat%C4%B1,1,"Türkiye#18: Türkiye 'nun ilk üyelerinden birisi ABD'nin ardından ittifak içinde ikinci en büyük askerî güce sahiptir. adayı olan Türkiye, AB Gümrük Birliği, , ve 'un bir parçasıdır."
TÜRKSOY,https://tr.wikipedia.org/wiki/Uluslararas%C4%B1_T%C3%BCrk_K%C3%BClt%C3%BCr%C3%BC_Te%C5%9Fkilat%C4%B1,1,"Türkiye#18: Türkiye 'nun ilk üyelerinden birisi ABD'nin ardından ittifak içinde ikinci en büyük askerî güce sahiptir. adayı olan Türkiye, AB Gümrük Birliği, , ve 'un bir parçasıdır."
önemli bir jeostratejik güç,https://tr.wikipedia.org/wiki/B%C3%B6lgesel_g%C3%BC%C3%A7,1,"Türkiye#19: Türkiye, askerî kapasitesi ve diplomatik girişimleri sayesinde kabul edilirken; ve kıtalarının kavşak noktasında yer alması nedeniyle olarak görülmektedir."
önemli bir jeostratejik güç,https://tr.wikipedia.org/wiki/B%C3%B6lgesel_g%C3%BC%C3%A7,1,"Türkiye#19: Türkiye, askerî kapasitesi ve diplomatik girişimleri sayesinde kabul edilirken; ve kıtalarının kavşak noktasında yer alması nedeniyle olarak görülmektedir."
UNESCO Dünya Mirası,https://tr.wikipedia.org/wiki/T%C3%BCrkiye%27deki_D%C3%BCnya_Miraslar%C4%B1_listesi,1,"Türkiye#20: Türkiye evrensel sağlık hizmetlerine, artan eğitim erişimi ve yenilikçiliğe sahiptir. 22 alanı, 30 ve ile Türkiye, dünyanın dördüncü ülkesidir."
UNESCO Dünya Mirası,https://tr.wikipedia.org/wiki/T%C3%BCrkiye%27deki_D%C3%BCnya_Miraslar%C4%B1_listesi,1,"Türkiye#20: Türkiye evrensel sağlık hizmetlerine, artan eğitim erişimi ve yenilikçiliğe sahiptir. 22 alanı, 30 ve ile Türkiye, dünyanın dördüncü ülkesidir."
UNESCO Somut Olmayan Kültürel Mirası,https://tr.wikipedia.org/wiki/UNESCO_Somut_Olmayan_K%C3%BClt%C3%BCrel_Miras_Listeleri,1,"Türkiye#20: Türkiye evrensel sağlık hizmetlerine, artan eğitim erişimi ve yenilikçiliğe sahiptir. 22 alanı, 30 ve ile Türkiye, dünyanın dördüncü ülkesidir."
UNESCO Somut Olmayan Kültürel Mirası,https://tr.wikipedia.org/wiki/UNESCO_Somut_Olmayan_K%C3%BClt%C3%BCrel_Miras_Listeleri,1,"Türkiye#20: Türkiye evrensel sağlık hizmetlerine, artan eğitim erişimi ve yenilikçiliğe sahiptir. 22 alanı, 30 ve ile Türkiye, dünyanın dördüncü ülkesidir."
zengin mutfağı,https://tr.wikipedia.org/wiki/T%C3%BCrk_mutfa%C4%9F%C4%B1,1,"Türkiye#20: Türkiye evrensel sağlık hizmetlerine, artan eğitim erişimi ve yenilikçiliğe sahiptir. 22 alanı, 30 ve ile Türkiye, dünyanın dördüncü ülkesidir."
zengin mutfağı,https://tr.wikipedia.org/wiki/T%C3%BCrk_mutfa%C4%9F%C4%B1,1,"Türkiye#20: Türkiye evrensel sağlık hizmetlerine, artan eğitim erişimi ve yenilikçiliğe sahiptir. 22 alanı, 30 ve ile Türkiye, dünyanın dördüncü ülkesidir."
en çok ziyaret edilen,https://tr.wikipedia.org/wiki/D%C3%BCnya_turizm_s%C4%B1ralamas%C4%B1,1,"Türkiye#20: Türkiye evrensel sağlık hizmetlerine, artan eğitim erişimi ve yenilikçiliğe sahiptir. 22 alanı, 30 ve ile Türkiye, dünyanın dördüncü ülkesidir."
en çok ziyaret edilen,https://tr.wikipedia.org/wiki/D%C3%BCnya_turizm_s%C4%B1ralamas%C4%B1,1,"Türkiye#20: Türkiye evrensel sağlık hizmetlerine, artan eğitim erişimi ve yenilikçiliğe sahiptir. 22 alanı, 30 ve ile Türkiye, dünyanın dördüncü ülkesidir."
İtalyanlar,https://tr.wikipedia.org/wiki/%C4%B0talyanlar,1,"Türkiye#22: Sözcüğün günümüzdeki hâlinin orijinali, bugünkü Türkiye toprakları için ilk kez 12. yüzyılda tarafından kullanılarak Turchia veya Turcmenia şekillerinde oluşturuldu."
İtalyanlar,https://tr.wikipedia.org/wiki/%C4%B0talyanlar,1,"Türkiye#22: Sözcüğün günümüzdeki hâlinin orijinali, bugünkü Türkiye toprakları için ilk kez 12. yüzyılda tarafından kullanılarak Turchia veya Turcmenia şekillerinde oluşturuldu."
Orta Çağ Latincesi,https://tr.wikipedia.org/wiki/Latince,1,"Türkiye#22: Sözcüğün günümüzdeki hâlinin orijinali, bugünkü Türkiye toprakları için ilk kez 12. yüzyılda tarafından kullanılarak Turchia veya Turcmenia şekillerinde oluşturuldu."
Orta Çağ Latincesi,https://tr.wikipedia.org/wiki/Latince,1,"Türkiye#22: Sözcüğün günümüzdeki hâlinin orijinali, bugünkü Türkiye toprakları için ilk kez 12. yüzyılda tarafından kullanılarak Turchia veya Turcmenia şekillerinde oluşturuldu."
Orta Çağ,https://tr.wikipedia.org/wiki/Orta_%C3%87a%C4%9F,1,"Türkiye#23: Bunların yanı sıra, 'ın seyyahları bölgeyi Turkei veya Tirkenland şeklinde, ise Turquie şeklinde andı."
Orta Çağ,https://tr.wikipedia.org/wiki/Orta_%C3%87a%C4%9F,1,"Türkiye#23: Bunların yanı sıra, 'ın seyyahları bölgeyi Turkei veya Tirkenland şeklinde, ise Turquie şeklinde andı."
Alman,https://tr.wikipedia.org/wiki/Almanlar,1,"Türkiye#23: Bunların yanı sıra, 'ın seyyahları bölgeyi Turkei veya Tirkenland şeklinde, ise Turquie şeklinde andı."
Alman,https://tr.wikipedia.org/wiki/Almanlar,1,"Türkiye#23: Bunların yanı sıra, 'ın seyyahları bölgeyi Turkei veya Tirkenland şeklinde, ise Turquie şeklinde andı."
Fransızlar,https://tr.wikipedia.org/wiki/Frans%C4%B1zlar,1,"Türkiye#23: Bunların yanı sıra, 'ın seyyahları bölgeyi Turkei veya Tirkenland şeklinde, ise Turquie şeklinde andı."
Fransızlar,https://tr.wikipedia.org/wiki/Frans%C4%B1zlar,1,"Türkiye#23: Bunların yanı sıra, 'ın seyyahları bölgeyi Turkei veya Tirkenland şeklinde, ise Turquie şeklinde andı."
VII. Konstantinos,https://tr.wikipedia.org/wiki/VII._Konstantinos,1,"Türkiye#24: Sözcüğün soydaşı olan Tourkia ( : Τουρκία ), İmparatoru ve bilgini tarafından De Administrando Imperio kitabında kullanıldı. ise, kendi çağdaşı olan diğer ülkeler tarafından ara ara şeklinde tanınırdı."
VII. Konstantinos,https://tr.wikipedia.org/wiki/VII._Konstantinos,1,"Türkiye#24: Sözcüğün soydaşı olan Tourkia ( : Τουρκία ), İmparatoru ve bilgini tarafından De Administrando Imperio kitabında kullanıldı. ise, kendi çağdaşı olan diğer ülkeler tarafından ara ara şeklinde tanınırdı."
Türkiye veya Türk İmparatorluğu,"https://tr.wikipedia.org/wiki/Osmanl%C4%B1_%C4%B0mparatorlu%C4%9Fu%27nun_isimleri#İmparatorluk_dönemi,_1453",1,"Türkiye#24: Sözcüğün soydaşı olan Tourkia ( : Τουρκία ), İmparatoru ve bilgini tarafından De Administrando Imperio kitabında kullanıldı. ise, kendi çağdaşı olan diğer ülkeler tarafından ara ara şeklinde tanınırdı."
Türkiye veya Türk İmparatorluğu,"https://tr.wikipedia.org/wiki/Osmanl%C4%B1_%C4%B0mparatorlu%C4%9Fu%27nun_isimleri#İmparatorluk_dönemi,_1453",1,"Türkiye#24: Sözcüğün soydaşı olan Tourkia ( : Τουρκία ), İmparatoru ve bilgini tarafından De Administrando Imperio kitabında kullanıldı. ise, kendi çağdaşı olan diğer ülkeler tarafından ara ara şeklinde tanınırdı."
Türkiye hükûmeti,https://tr.wikipedia.org/wiki/T%C3%BCrkiye_h%C3%BCk%C3%BBmeti,1,"Türkiye#28: Mayıs 2022'de , ve diğer uluslararası kuruluşlardan İngilizce olarak Turkey yerine Türkiye kullanılmasını talep etmiş ve bu talep Birleşmiş Milletler tarafından kabul edilmiştir."
Türkiye hükûmeti,https://tr.wikipedia.org/wiki/T%C3%BCrkiye_h%C3%BCk%C3%BBmeti,1,"Türkiye#28: Mayıs 2022'de , ve diğer uluslararası kuruluşlardan İngilizce olarak Turkey yerine Türkiye kullanılmasını talep etmiş ve bu talep Birleşmiş Milletler tarafından kabul edilmiştir."
Gediz Nehri,https://tr.wikipedia.org/wiki/Gediz_Nehri,1,"Türkiye#29: Günümüzdeki Türkiye topraklarının çoğunu oluşturan yarımadasındaki en eski arkeolojik bulgu, 'nde bulunan ve yaklaşık 1,24 ila 1,17 milyon yıla tarihlenen taş bir alettir."
Gediz Nehri,https://tr.wikipedia.org/wiki/Gediz_Nehri,1,"Türkiye#29: Günümüzdeki Türkiye topraklarının çoğunu oluşturan yarımadasındaki en eski arkeolojik bulgu, 'nde bulunan ve yaklaşık 1,24 ila 1,17 milyon yıla tarihlenen taş bir alettir."
Eski Taş Çağı,https://tr.wikipedia.org/wiki/Eski_Ta%C5%9F_%C3%87a%C4%9F%C4%B1,1,"Türkiye#30: Ülkenin güney ile güneydoğu kısımları başta olmak üzere Anadolu'daki bilinen ilk yerleşimler, 'na tarihlenir."
Eski Taş Çağı,https://tr.wikipedia.org/wiki/Eski_Ta%C5%9F_%C3%87a%C4%9F%C4%B1,1,"Türkiye#30: Ülkenin güney ile güneydoğu kısımları başta olmak üzere Anadolu'daki bilinen ilk yerleşimler, 'na tarihlenir."
Göbeklitepe,https://tr.wikipedia.org/wiki/G%C3%B6beklitepe,1,"Türkiye#31: Geçmişinin MÖ 9600 civarına kadar uzandığı tahmin edilen adlı arkeolojik sit alanı, dünyada bilinen en eski insan yapımı yapıdır."
Göbeklitepe,https://tr.wikipedia.org/wiki/G%C3%B6beklitepe,1,"Türkiye#31: Geçmişinin MÖ 9600 civarına kadar uzandığı tahmin edilen adlı arkeolojik sit alanı, dünyada bilinen en eski insan yapımı yapıdır."
Orta Anadolu,https://tr.wikipedia.org/wiki/%C4%B0%C3%A7_Anadolu_B%C3%B6lgesi,1,"Türkiye#32: MÖ 7500'e veya MÖ 5700'e dayandığı düşünülen 'daki , dünya üzerinde ile 'na ait en büyük ve en iyi korunmuş yerleşim yeridir."
Orta Anadolu,https://tr.wikipedia.org/wiki/%C4%B0%C3%A7_Anadolu_B%C3%B6lgesi,1,"Türkiye#32: MÖ 7500'e veya MÖ 5700'e dayandığı düşünülen 'daki , dünya üzerinde ile 'na ait en büyük ve en iyi korunmuş yerleşim yeridir."
Çatalhöyük,https://tr.wikipedia.org/wiki/%C3%87atalh%C3%B6y%C3%BCk,1,"Türkiye#32: MÖ 7500'e veya MÖ 5700'e dayandığı düşünülen 'daki , dünya üzerinde ile 'na ait en büyük ve en iyi korunmuş yerleşim yeridir."
Çatalhöyük,https://tr.wikipedia.org/wiki/%C3%87atalh%C3%B6y%C3%BCk,1,"Türkiye#32: MÖ 7500'e veya MÖ 5700'e dayandığı düşünülen 'daki , dünya üzerinde ile 'na ait en büyük ve en iyi korunmuş yerleşim yeridir."
Cilalı Taş Devri,https://tr.wikipedia.org/wiki/Cilal%C4%B1_Ta%C5%9F_Devri,1,"Türkiye#32: MÖ 7500'e veya MÖ 5700'e dayandığı düşünülen 'daki , dünya üzerinde ile 'na ait en büyük ve en iyi korunmuş yerleşim yeridir."
Cilalı Taş Devri,https://tr.wikipedia.org/wiki/Cilal%C4%B1_Ta%C5%9F_Devri,1,"Türkiye#32: MÖ 7500'e veya MÖ 5700'e dayandığı düşünülen 'daki , dünya üzerinde ile 'na ait en büyük ve en iyi korunmuş yerleşim yeridir."
Bakır Çağı,https://tr.wikipedia.org/wiki/Bak%C4%B1r_%C3%87a%C4%9F%C4%B1,1,"Türkiye#32: MÖ 7500'e veya MÖ 5700'e dayandığı düşünülen 'daki , dünya üzerinde ile 'na ait en büyük ve en iyi korunmuş yerleşim yeridir."
Bakır Çağı,https://tr.wikipedia.org/wiki/Bak%C4%B1r_%C3%87a%C4%9F%C4%B1,1,"Türkiye#32: MÖ 7500'e veya MÖ 5700'e dayandığı düşünülen 'daki , dünya üzerinde ile 'na ait en büyük ve en iyi korunmuş yerleşim yeridir."
Çayönü,https://tr.wikipedia.org/wiki/%C3%87ay%C3%B6n%C3%BC,1,"Türkiye#33: MÖ 8200 ila 6000 arasında kurulduğu tahmin edilen yerleşkesi de, bu yapılara yine örnek verilebilir. 'de bulunan 'da ise Cilalı Taş Devri'nde başlayan yerleşmeler, 'na kadar devam etmiştir."
Çayönü,https://tr.wikipedia.org/wiki/%C3%87ay%C3%B6n%C3%BC,1,"Türkiye#33: MÖ 8200 ila 6000 arasında kurulduğu tahmin edilen yerleşkesi de, bu yapılara yine örnek verilebilir. 'de bulunan 'da ise Cilalı Taş Devri'nde başlayan yerleşmeler, 'na kadar devam etmiştir."
Troya,https://tr.wikipedia.org/wiki/Troya,1,"Türkiye#33: MÖ 8200 ila 6000 arasında kurulduğu tahmin edilen yerleşkesi de, bu yapılara yine örnek verilebilir. 'de bulunan 'da ise Cilalı Taş Devri'nde başlayan yerleşmeler, 'na kadar devam etmiştir."
Troya,https://tr.wikipedia.org/wiki/Troya,1,"Türkiye#33: MÖ 8200 ila 6000 arasında kurulduğu tahmin edilen yerleşkesi de, bu yapılara yine örnek verilebilir. 'de bulunan 'da ise Cilalı Taş Devri'nde başlayan yerleşmeler, 'na kadar devam etmiştir."
Demir Çağı,https://tr.wikipedia.org/wiki/Demir_%C3%87a%C4%9F%C4%B1,1,"Türkiye#33: MÖ 8200 ila 6000 arasında kurulduğu tahmin edilen yerleşkesi de, bu yapılara yine örnek verilebilir. 'de bulunan 'da ise Cilalı Taş Devri'nde başlayan yerleşmeler, 'na kadar devam etmiştir."
Demir Çağı,https://tr.wikipedia.org/wiki/Demir_%C3%87a%C4%9F%C4%B1,1,"Türkiye#33: MÖ 8200 ila 6000 arasında kurulduğu tahmin edilen yerleşkesi de, bu yapılara yine örnek verilebilir. 'de bulunan 'da ise Cilalı Taş Devri'nde başlayan yerleşmeler, 'na kadar devam etmiştir."
Eski Anadolu,https://tr.wikipedia.org/wiki/Anadolu,1,"Türkiye#34: Çeşitli milletleri, bölgede Cilalı Taş Devri'nin başlangıcına kadar varlığını sürdürdü."
Eski Anadolu,https://tr.wikipedia.org/wiki/Anadolu,1,"Türkiye#34: Çeşitli milletleri, bölgede Cilalı Taş Devri'nin başlangıcına kadar varlığını sürdürdü."
Hint-Avrupa dil ailesinin,https://tr.wikipedia.org/wiki/Hint-Avrupa_dil_ailesi,1,Türkiye#35: Bu halkların çoğu bir kolu olarak kabul edilen konuştular.
Hint-Avrupa dil ailesinin,https://tr.wikipedia.org/wiki/Hint-Avrupa_dil_ailesi,1,Türkiye#35: Bu halkların çoğu bir kolu olarak kabul edilen konuştular.
Anadolu dillerini,https://tr.wikipedia.org/wiki/Anadolu_dilleri,1,Türkiye#35: Bu halkların çoğu bir kolu olarak kabul edilen konuştular.
Anadolu dillerini,https://tr.wikipedia.org/wiki/Anadolu_dilleri,1,Türkiye#35: Bu halkların çoğu bir kolu olarak kabul edilen konuştular.
Hitit dili,https://tr.wikipedia.org/wiki/Hitit%C3%A7e,1,"Türkiye#36: Bazı bilim insanları, Hint-Avrupa dillerinin, yine eski Anadolu dillerinden olan ve yayıldığını öne sürer."
Hitit dili,https://tr.wikipedia.org/wiki/Hitit%C3%A7e,1,"Türkiye#36: Bazı bilim insanları, Hint-Avrupa dillerinin, yine eski Anadolu dillerinden olan ve yayıldığını öne sürer."
Luvi dilinden,https://tr.wikipedia.org/wiki/Luvice,1,"Türkiye#36: Bazı bilim insanları, Hint-Avrupa dillerinin, yine eski Anadolu dillerinden olan ve yayıldığını öne sürer."
Luvi dilinden,https://tr.wikipedia.org/wiki/Luvice,1,"Türkiye#36: Bazı bilim insanları, Hint-Avrupa dillerinin, yine eski Anadolu dillerinden olan ve yayıldığını öne sürer."
Hatti,https://tr.wikipedia.org/wiki/Hatti,1,"Türkiye#38: Anadolu'nun bilinen ilk sakinleri, ve toplumlarıdır."
Hatti,https://tr.wikipedia.org/wiki/Hatti,1,"Türkiye#38: Anadolu'nun bilinen ilk sakinleri, ve toplumlarıdır."
Hurri,https://tr.wikipedia.org/wiki/Hurriler,1,"Türkiye#38: Anadolu'nun bilinen ilk sakinleri, ve toplumlarıdır."
Hurri,https://tr.wikipedia.org/wiki/Hurriler,1,"Türkiye#38: Anadolu'nun bilinen ilk sakinleri, ve toplumlarıdır."
Hititlerin,https://tr.wikipedia.org/wiki/Hititler,1,"Türkiye#40: Hatti ve Hurriler, Hint-Avrupa milletlerinden MÖ 2000-1700 yıllarında Anadolu'ya gelmesiyle yerini Hititlere bıraktı."
Hititlerin,https://tr.wikipedia.org/wiki/Hititler,1,"Türkiye#40: Hatti ve Hurriler, Hint-Avrupa milletlerinden MÖ 2000-1700 yıllarında Anadolu'ya gelmesiyle yerini Hititlere bıraktı."
Asurlular,https://tr.wikipedia.org/wiki/Asurlular,1,"Türkiye#41: Hititler, bölgedeki ilk büyük krallığı MÖ 13. yüzyılda kurdular. da, MÖ 1950'den MÖ 612'ye kadar günümüz Türkiye'sinin güneydoğu topraklarını fethetti ve oraya yerleşti. MÖ 9. yüzyılda Asurluların kuzeyindeki güçlü rakibi olduğu ise, Asur kitabeleri aracılığıyla öğrenildi."
Asurlular,https://tr.wikipedia.org/wiki/Asurlular,1,"Türkiye#41: Hititler, bölgedeki ilk büyük krallığı MÖ 13. yüzyılda kurdular. da, MÖ 1950'den MÖ 612'ye kadar günümüz Türkiye'sinin güneydoğu topraklarını fethetti ve oraya yerleşti. MÖ 9. yüzyılda Asurluların kuzeyindeki güçlü rakibi olduğu ise, Asur kitabeleri aracılığıyla öğrenildi."
Urartuların,https://tr.wikipedia.org/wiki/Urartular,1,"Türkiye#41: Hititler, bölgedeki ilk büyük krallığı MÖ 13. yüzyılda kurdular. da, MÖ 1950'den MÖ 612'ye kadar günümüz Türkiye'sinin güneydoğu topraklarını fethetti ve oraya yerleşti. MÖ 9. yüzyılda Asurluların kuzeyindeki güçlü rakibi olduğu ise, Asur kitabeleri aracılığıyla öğrenildi."
Urartuların,https://tr.wikipedia.org/wiki/Urartular,1,"Türkiye#41: Hititler, bölgedeki ilk büyük krallığı MÖ 13. yüzyılda kurdular. da, MÖ 1950'den MÖ 612'ye kadar günümüz Türkiye'sinin güneydoğu topraklarını fethetti ve oraya yerleşti. MÖ 9. yüzyılda Asurluların kuzeyindeki güçlü rakibi olduğu ise, Asur kitabeleri aracılığıyla öğrenildi."
Medler,https://tr.wikipedia.org/wiki/Medler,1,"Türkiye#42: MÖ 612'den itibaren herhangi ciddi bir etki gösteremeyen Urartular, MÖ 590 yılında 'dan gelen tarafından yıkıldı."
Medler,https://tr.wikipedia.org/wiki/Medler,1,"Türkiye#42: MÖ 612'den itibaren herhangi ciddi bir etki gösteremeyen Urartular, MÖ 590 yılında 'dan gelen tarafından yıkıldı."
Hitit İmparatorluğu,https://tr.wikipedia.org/wiki/Hititler,1,"Türkiye#43: Orta Anadolu üzerinde büyük bir hâkimiyet kurmuş olan 'nun da MÖ yaklaşık 1180'li yıllarda çöküşünün ardından, Hint-Avrupa milletlerinden kurdukları , MÖ 7. yüzyılda tarafından yapılan saldırılara kadar Anadolu'da üstünlük elde etti. Frigya'dan sonra , ve devletleri bölgede güç yakalayarak söz sahibi oldu. Ekonomi alanıyla ön plana , MÖ 546'da hükümdarı tarafından yıkılıncaya kadar Batı Anadolu'da varlığını sürdürdü."
Hitit İmparatorluğu,https://tr.wikipedia.org/wiki/Hititler,1,"Türkiye#43: Orta Anadolu üzerinde büyük bir hâkimiyet kurmuş olan 'nun da MÖ yaklaşık 1180'li yıllarda çöküşünün ardından, Hint-Avrupa milletlerinden kurdukları , MÖ 7. yüzyılda tarafından yapılan saldırılara kadar Anadolu'da üstünlük elde etti. Frigya'dan sonra , ve devletleri bölgede güç yakalayarak söz sahibi oldu. Ekonomi alanıyla ön plana , MÖ 546'da hükümdarı tarafından yıkılıncaya kadar Batı Anadolu'da varlığını sürdürdü."
Friglerin,https://tr.wikipedia.org/wiki/Frigler,1,"Türkiye#43: Orta Anadolu üzerinde büyük bir hâkimiyet kurmuş olan 'nun da MÖ yaklaşık 1180'li yıllarda çöküşünün ardından, Hint-Avrupa milletlerinden kurdukları , MÖ 7. yüzyılda tarafından yapılan saldırılara kadar Anadolu'da üstünlük elde etti. Frigya'dan sonra , ve devletleri bölgede güç yakalayarak söz sahibi oldu. Ekonomi alanıyla ön plana , MÖ 546'da hükümdarı tarafından yıkılıncaya kadar Batı Anadolu'da varlığını sürdürdü."
Friglerin,https://tr.wikipedia.org/wiki/Frigler,1,"Türkiye#43: Orta Anadolu üzerinde büyük bir hâkimiyet kurmuş olan 'nun da MÖ yaklaşık 1180'li yıllarda çöküşünün ardından, Hint-Avrupa milletlerinden kurdukları , MÖ 7. yüzyılda tarafından yapılan saldırılara kadar Anadolu'da üstünlük elde etti. Frigya'dan sonra , ve devletleri bölgede güç yakalayarak söz sahibi oldu. Ekonomi alanıyla ön plana , MÖ 546'da hükümdarı tarafından yıkılıncaya kadar Batı Anadolu'da varlığını sürdürdü."
Kimmerler,https://tr.wikipedia.org/wiki/Kimmerler,1,"Türkiye#43: Orta Anadolu üzerinde büyük bir hâkimiyet kurmuş olan 'nun da MÖ yaklaşık 1180'li yıllarda çöküşünün ardından, Hint-Avrupa milletlerinden kurdukları , MÖ 7. yüzyılda tarafından yapılan saldırılara kadar Anadolu'da üstünlük elde etti. Frigya'dan sonra , ve devletleri bölgede güç yakalayarak söz sahibi oldu. Ekonomi alanıyla ön plana , MÖ 546'da hükümdarı tarafından yıkılıncaya kadar Batı Anadolu'da varlığını sürdürdü."
Kimmerler,https://tr.wikipedia.org/wiki/Kimmerler,1,"Türkiye#43: Orta Anadolu üzerinde büyük bir hâkimiyet kurmuş olan 'nun da MÖ yaklaşık 1180'li yıllarda çöküşünün ardından, Hint-Avrupa milletlerinden kurdukları , MÖ 7. yüzyılda tarafından yapılan saldırılara kadar Anadolu'da üstünlük elde etti. Frigya'dan sonra , ve devletleri bölgede güç yakalayarak söz sahibi oldu. Ekonomi alanıyla ön plana , MÖ 546'da hükümdarı tarafından yıkılıncaya kadar Batı Anadolu'da varlığını sürdürdü."
Lidya,https://tr.wikipedia.org/wiki/Lidya,1,"Türkiye#43: Orta Anadolu üzerinde büyük bir hâkimiyet kurmuş olan 'nun da MÖ yaklaşık 1180'li yıllarda çöküşünün ardından, Hint-Avrupa milletlerinden kurdukları , MÖ 7. yüzyılda tarafından yapılan saldırılara kadar Anadolu'da üstünlük elde etti. Frigya'dan sonra , ve devletleri bölgede güç yakalayarak söz sahibi oldu. Ekonomi alanıyla ön plana , MÖ 546'da hükümdarı tarafından yıkılıncaya kadar Batı Anadolu'da varlığını sürdürdü."
Lidya,https://tr.wikipedia.org/wiki/Lidya,1,"Türkiye#43: Orta Anadolu üzerinde büyük bir hâkimiyet kurmuş olan 'nun da MÖ yaklaşık 1180'li yıllarda çöküşünün ardından, Hint-Avrupa milletlerinden kurdukları , MÖ 7. yüzyılda tarafından yapılan saldırılara kadar Anadolu'da üstünlük elde etti. Frigya'dan sonra , ve devletleri bölgede güç yakalayarak söz sahibi oldu. Ekonomi alanıyla ön plana , MÖ 546'da hükümdarı tarafından yıkılıncaya kadar Batı Anadolu'da varlığını sürdürdü."
Karya,https://tr.wikipedia.org/wiki/Karya,1,"Türkiye#43: Orta Anadolu üzerinde büyük bir hâkimiyet kurmuş olan 'nun da MÖ yaklaşık 1180'li yıllarda çöküşünün ardından, Hint-Avrupa milletlerinden kurdukları , MÖ 7. yüzyılda tarafından yapılan saldırılara kadar Anadolu'da üstünlük elde etti. Frigya'dan sonra , ve devletleri bölgede güç yakalayarak söz sahibi oldu. Ekonomi alanıyla ön plana , MÖ 546'da hükümdarı tarafından yıkılıncaya kadar Batı Anadolu'da varlığını sürdürdü."
Karya,https://tr.wikipedia.org/wiki/Karya,1,"Türkiye#43: Orta Anadolu üzerinde büyük bir hâkimiyet kurmuş olan 'nun da MÖ yaklaşık 1180'li yıllarda çöküşünün ardından, Hint-Avrupa milletlerinden kurdukları , MÖ 7. yüzyılda tarafından yapılan saldırılara kadar Anadolu'da üstünlük elde etti. Frigya'dan sonra , ve devletleri bölgede güç yakalayarak söz sahibi oldu. Ekonomi alanıyla ön plana , MÖ 546'da hükümdarı tarafından yıkılıncaya kadar Batı Anadolu'da varlığını sürdürdü."
Likya,https://tr.wikipedia.org/wiki/Likya,1,"Türkiye#43: Orta Anadolu üzerinde büyük bir hâkimiyet kurmuş olan 'nun da MÖ yaklaşık 1180'li yıllarda çöküşünün ardından, Hint-Avrupa milletlerinden kurdukları , MÖ 7. yüzyılda tarafından yapılan saldırılara kadar Anadolu'da üstünlük elde etti. Frigya'dan sonra , ve devletleri bölgede güç yakalayarak söz sahibi oldu. Ekonomi alanıyla ön plana , MÖ 546'da hükümdarı tarafından yıkılıncaya kadar Batı Anadolu'da varlığını sürdürdü."
Likya,https://tr.wikipedia.org/wiki/Likya,1,"Türkiye#43: Orta Anadolu üzerinde büyük bir hâkimiyet kurmuş olan 'nun da MÖ yaklaşık 1180'li yıllarda çöküşünün ardından, Hint-Avrupa milletlerinden kurdukları , MÖ 7. yüzyılda tarafından yapılan saldırılara kadar Anadolu'da üstünlük elde etti. Frigya'dan sonra , ve devletleri bölgede güç yakalayarak söz sahibi oldu. Ekonomi alanıyla ön plana , MÖ 546'da hükümdarı tarafından yıkılıncaya kadar Batı Anadolu'da varlığını sürdürdü."
Büyük Kiros,https://tr.wikipedia.org/wiki/II._Kiros,1,"Türkiye#43: Orta Anadolu üzerinde büyük bir hâkimiyet kurmuş olan 'nun da MÖ yaklaşık 1180'li yıllarda çöküşünün ardından, Hint-Avrupa milletlerinden kurdukları , MÖ 7. yüzyılda tarafından yapılan saldırılara kadar Anadolu'da üstünlük elde etti. Frigya'dan sonra , ve devletleri bölgede güç yakalayarak söz sahibi oldu. Ekonomi alanıyla ön plana , MÖ 546'da hükümdarı tarafından yıkılıncaya kadar Batı Anadolu'da varlığını sürdürdü."
Büyük Kiros,https://tr.wikipedia.org/wiki/II._Kiros,1,"Türkiye#43: Orta Anadolu üzerinde büyük bir hâkimiyet kurmuş olan 'nun da MÖ yaklaşık 1180'li yıllarda çöküşünün ardından, Hint-Avrupa milletlerinden kurdukları , MÖ 7. yüzyılda tarafından yapılan saldırılara kadar Anadolu'da üstünlük elde etti. Frigya'dan sonra , ve devletleri bölgede güç yakalayarak söz sahibi oldu. Ekonomi alanıyla ön plana , MÖ 546'da hükümdarı tarafından yıkılıncaya kadar Batı Anadolu'da varlığını sürdürdü."
Aiol,https://tr.wikipedia.org/wiki/Aiol,1,"Türkiye#44: Anadolu'nun sahil şeridinde MÖ 1200 yıllarında büyük ölçüde , ve yerleşimleri başladı."
Aiol,https://tr.wikipedia.org/wiki/Aiol,1,"Türkiye#44: Anadolu'nun sahil şeridinde MÖ 1200 yıllarında büyük ölçüde , ve yerleşimleri başladı."
Yunan,https://tr.wikipedia.org/wiki/Antik_Yunanistan,1,"Türkiye#44: Anadolu'nun sahil şeridinde MÖ 1200 yıllarında büyük ölçüde , ve yerleşimleri başladı."
Yunan,https://tr.wikipedia.org/wiki/Antik_Yunanistan,1,"Türkiye#44: Anadolu'nun sahil şeridinde MÖ 1200 yıllarında büyük ölçüde , ve yerleşimleri başladı."
Milet,https://tr.wikipedia.org/wiki/Milet,1,"Türkiye#45: Bu yerleşimciler tarafından , , ve gibi çok sayıda önemli şehir kuruldu."
Milet,https://tr.wikipedia.org/wiki/Milet,1,"Türkiye#45: Bu yerleşimciler tarafından , , ve gibi çok sayıda önemli şehir kuruldu."
Efes,https://tr.wikipedia.org/wiki/Efes,1,"Türkiye#45: Bu yerleşimciler tarafından , , ve gibi çok sayıda önemli şehir kuruldu."
Efes,https://tr.wikipedia.org/wiki/Efes,1,"Türkiye#45: Bu yerleşimciler tarafından , , ve gibi çok sayıda önemli şehir kuruldu."
Smyrna,https://tr.wikipedia.org/wiki/Smirni,1,"Türkiye#45: Bu yerleşimciler tarafından , , ve gibi çok sayıda önemli şehir kuruldu."
Smyrna,https://tr.wikipedia.org/wiki/Smirni,1,"Türkiye#45: Bu yerleşimciler tarafından , , ve gibi çok sayıda önemli şehir kuruldu."
Yunan,https://tr.wikipedia.org/wiki/Yunanlar,1,Türkiye#46: Son olarak koloniciler tarafından MÖ 657'de kenti ortaya çıkarıldı.
Yunan,https://tr.wikipedia.org/wiki/Yunanlar,1,Türkiye#46: Son olarak koloniciler tarafından MÖ 657'de kenti ortaya çıkarıldı.
Megara,https://tr.wikipedia.org/wiki/Megara,1,Türkiye#46: Son olarak koloniciler tarafından MÖ 657'de kenti ortaya çıkarıldı.
Megara,https://tr.wikipedia.org/wiki/Megara,1,Türkiye#46: Son olarak koloniciler tarafından MÖ 657'de kenti ortaya çıkarıldı.
Ermeni,https://tr.wikipedia.org/wiki/Ermeniler,1,"Türkiye#47: Yine bu dönemlerde, MÖ 6. yüzyılda, Türkiye'nin şu anki doğu toprakları üzerinde tarafından bir devlet kuruldu."
Ermeni,https://tr.wikipedia.org/wiki/Ermeniler,1,"Türkiye#47: Yine bu dönemlerde, MÖ 6. yüzyılda, Türkiye'nin şu anki doğu toprakları üzerinde tarafından bir devlet kuruldu."
Orontes Hanedanı,https://tr.wikipedia.org/wiki/Orontes_Hanedan%C4%B1,1,"Türkiye#47: Yine bu dönemlerde, MÖ 6. yüzyılda, Türkiye'nin şu anki doğu toprakları üzerinde tarafından bir devlet kuruldu."
Orontes Hanedanı,https://tr.wikipedia.org/wiki/Orontes_Hanedan%C4%B1,1,"Türkiye#47: Yine bu dönemlerde, MÖ 6. yüzyılda, Türkiye'nin şu anki doğu toprakları üzerinde tarafından bir devlet kuruldu."
Makedonya U:(https://tr.wikipedia.org/wiki/Makedonya_(antik_krall%C4%B1k))___ Kralı ___E:Büyük İskender,https://tr.wikipedia.org/wiki/%C4%B0skender,1,"Türkiye#48: Anadolu, MÖ 6. ve 5. yüzyıllarda bir devleti olan 'nun egemenliğine girdi ve bu egemenlik, MÖ 334 yılındaki Kralı 'in fetihlerine kadar devam etti. Anadolu'nun içlerine kadar ilerleyen İskender; , ve en son 'ya kadar ulaştı."
Makedonya U:(https://tr.wikipedia.org/wiki/Makedonya_(antik_krall%C4%B1k))___ Kralı ___E:Büyük İskender,https://tr.wikipedia.org/wiki/%C4%B0skender,1,"Türkiye#48: Anadolu, MÖ 6. ve 5. yüzyıllarda bir devleti olan 'nun egemenliğine girdi ve bu egemenlik, MÖ 334 yılındaki Kralı 'in fetihlerine kadar devam etti. Anadolu'nun içlerine kadar ilerleyen İskender; , ve en son 'ya kadar ulaştı."
Kapadokya,https://tr.wikipedia.org/wiki/Kapadokya,1,"Türkiye#48: Anadolu, MÖ 6. ve 5. yüzyıllarda bir devleti olan 'nun egemenliğine girdi ve bu egemenlik, MÖ 334 yılındaki Kralı 'in fetihlerine kadar devam etti. Anadolu'nun içlerine kadar ilerleyen İskender; , ve en son 'ya kadar ulaştı."
Kapadokya,https://tr.wikipedia.org/wiki/Kapadokya,1,"Türkiye#48: Anadolu, MÖ 6. ve 5. yüzyıllarda bir devleti olan 'nun egemenliğine girdi ve bu egemenlik, MÖ 334 yılındaki Kralı 'in fetihlerine kadar devam etti. Anadolu'nun içlerine kadar ilerleyen İskender; , ve en son 'ya kadar ulaştı."
Kilikya,https://tr.wikipedia.org/wiki/Kilikya,1,"Türkiye#48: Anadolu, MÖ 6. ve 5. yüzyıllarda bir devleti olan 'nun egemenliğine girdi ve bu egemenlik, MÖ 334 yılındaki Kralı 'in fetihlerine kadar devam etti. Anadolu'nun içlerine kadar ilerleyen İskender; , ve en son 'ya kadar ulaştı."
Kilikya,https://tr.wikipedia.org/wiki/Kilikya,1,"Türkiye#48: Anadolu, MÖ 6. ve 5. yüzyıllarda bir devleti olan 'nun egemenliğine girdi ve bu egemenlik, MÖ 334 yılındaki Kralı 'in fetihlerine kadar devam etti. Anadolu'nun içlerine kadar ilerleyen İskender; , ve en son 'ya kadar ulaştı."
İskenderun,https://tr.wikipedia.org/wiki/%C4%B0skenderun,1,"Türkiye#49: Ardından, civarında ( ) gerçekleşen 'nda ve akabinde civarında meydana gelen 'nde hükümdarı 'u perişan etti. Daha sonra Kralı 'u devirdi ve 'nu tamamen fethetti."
İskenderun,https://tr.wikipedia.org/wiki/%C4%B0skenderun,1,"Türkiye#49: Ardından, civarında ( ) gerçekleşen 'nda ve akabinde civarında meydana gelen 'nde hükümdarı 'u perişan etti. Daha sonra Kralı 'u devirdi ve 'nu tamamen fethetti."
Antakya,https://tr.wikipedia.org/wiki/Antakya,1,"Türkiye#49: Ardından, civarında ( ) gerçekleşen 'nda ve akabinde civarında meydana gelen 'nde hükümdarı 'u perişan etti. Daha sonra Kralı 'u devirdi ve 'nu tamamen fethetti."
Antakya,https://tr.wikipedia.org/wiki/Antakya,1,"Türkiye#49: Ardından, civarında ( ) gerçekleşen 'nda ve akabinde civarında meydana gelen 'nde hükümdarı 'u perişan etti. Daha sonra Kralı 'u devirdi ve 'nu tamamen fethetti."
İssos Savaşı,https://tr.wikipedia.org/wiki/%C4%B0ssos_Muharebesi,1,"Türkiye#49: Ardından, civarında ( ) gerçekleşen 'nda ve akabinde civarında meydana gelen 'nde hükümdarı 'u perişan etti. Daha sonra Kralı 'u devirdi ve 'nu tamamen fethetti."
İssos Savaşı,https://tr.wikipedia.org/wiki/%C4%B0ssos_Muharebesi,1,"Türkiye#49: Ardından, civarında ( ) gerçekleşen 'nda ve akabinde civarında meydana gelen 'nde hükümdarı 'u perişan etti. Daha sonra Kralı 'u devirdi ve 'nu tamamen fethetti."
Gaugamela Muharebesi,https://tr.wikipedia.org/wiki/Gaugamela_Muharebesi,1,"Türkiye#49: Ardından, civarında ( ) gerçekleşen 'nda ve akabinde civarında meydana gelen 'nde hükümdarı 'u perişan etti. Daha sonra Kralı 'u devirdi ve 'nu tamamen fethetti."
Gaugamela Muharebesi,https://tr.wikipedia.org/wiki/Gaugamela_Muharebesi,1,"Türkiye#49: Ardından, civarında ( ) gerçekleşen 'nda ve akabinde civarında meydana gelen 'nde hükümdarı 'u perişan etti. Daha sonra Kralı 'u devirdi ve 'nu tamamen fethetti."
Pers,https://tr.wikipedia.org/wiki/Ahameni%C5%9F_%C4%B0mparatorlu%C4%9Fu,1,"Türkiye#49: Ardından, civarında ( ) gerçekleşen 'nda ve akabinde civarında meydana gelen 'nde hükümdarı 'u perişan etti. Daha sonra Kralı 'u devirdi ve 'nu tamamen fethetti."
Pers,https://tr.wikipedia.org/wiki/Ahameni%C5%9F_%C4%B0mparatorlu%C4%9Fu,1,"Türkiye#49: Ardından, civarında ( ) gerçekleşen 'nda ve akabinde civarında meydana gelen 'nde hükümdarı 'u perişan etti. Daha sonra Kralı 'u devirdi ve 'nu tamamen fethetti."
Darius,https://tr.wikipedia.org/wiki/III._Darius,1,"Türkiye#50: Büyük bir yenilgiye uğrayan , 'ın doğusuna kadar sürüldü ve böylece Anadolu'daki Pers hâkimiyeti son bulmuş oldu."
Darius,https://tr.wikipedia.org/wiki/III._Darius,1,"Türkiye#50: Büyük bir yenilgiye uğrayan , 'ın doğusuna kadar sürüldü ve böylece Anadolu'daki Pers hâkimiyeti son bulmuş oldu."
Büyük İskender,https://tr.wikipedia.org/wiki/%C4%B0skender,1,Türkiye#51: döneminde kültürel kaynaşma ve hareketi başlatıldı.
Büyük İskender,https://tr.wikipedia.org/wiki/%C4%B0skender,1,Türkiye#51: döneminde kültürel kaynaşma ve hareketi başlatıldı.
Babil,https://tr.wikipedia.org/wiki/Babil,1,Türkiye#52: MÖ 323'te İskender'in 'deki ani ölümünün ardından Anadolu bölünerek küçük ortaya çıktı.
Babil,https://tr.wikipedia.org/wiki/Babil,1,Türkiye#52: MÖ 323'te İskender'in 'deki ani ölümünün ardından Anadolu bölünerek küçük ortaya çıktı.
Helenistik krallıklar,https://tr.wikipedia.org/wiki/Helenistik_D%C3%B6nem,1,Türkiye#52: MÖ 323'te İskender'in 'deki ani ölümünün ardından Anadolu bölünerek küçük ortaya çıktı.
Helenistik krallıklar,https://tr.wikipedia.org/wiki/Helenistik_D%C3%B6nem,1,Türkiye#52: MÖ 323'te İskender'in 'deki ani ölümünün ardından Anadolu bölünerek küçük ortaya çıktı.
Roma Cumhuriyeti,https://tr.wikipedia.org/wiki/Roma_Cumhuriyeti,1,"Türkiye#53: Tüm bu krallıklar, MÖ 1. yüzyıl ortalarında 'nin bir parçası hâline geldi."
Roma Cumhuriyeti,https://tr.wikipedia.org/wiki/Roma_Cumhuriyeti,1,"Türkiye#53: Tüm bu krallıklar, MÖ 1. yüzyıl ortalarında 'nin bir parçası hâline geldi."
Anadolu dilleri,https://tr.wikipedia.org/wiki/Anadolu_dilleri,1,Türkiye#55: Bu nedenle daha önceki yüzyıllarda var olan ve kültürlerinin nesli tükenerek yerini Yunan dil ve kültürüne bıraktı.
Anadolu dilleri,https://tr.wikipedia.org/wiki/Anadolu_dilleri,1,Türkiye#55: Bu nedenle daha önceki yüzyıllarda var olan ve kültürlerinin nesli tükenerek yerini Yunan dil ve kültürüne bıraktı.
Roma,https://tr.wikipedia.org/wiki/Roma_%C4%B0mparatorlu%C4%9Fu,1,"Türkiye#56: 324 yılında İmparatoru , imparatorluğun başkentini 'a taşıdı ve şehrin adını olarak değiştirdi."
Roma,https://tr.wikipedia.org/wiki/Roma_%C4%B0mparatorlu%C4%9Fu,1,"Türkiye#56: 324 yılında İmparatoru , imparatorluğun başkentini 'a taşıdı ve şehrin adını olarak değiştirdi."
I. Konstantin,https://tr.wikipedia.org/wiki/I._Konstantin,1,"Türkiye#56: 324 yılında İmparatoru , imparatorluğun başkentini 'a taşıdı ve şehrin adını olarak değiştirdi."
I. Konstantin,https://tr.wikipedia.org/wiki/I._Konstantin,1,"Türkiye#56: 324 yılında İmparatoru , imparatorluğun başkentini 'a taşıdı ve şehrin adını olarak değiştirdi."
Nova Roma,https://tr.wikipedia.org/wiki/Nova_Roma,1,"Türkiye#56: 324 yılında İmparatoru , imparatorluğun başkentini 'a taşıdı ve şehrin adını olarak değiştirdi."
Nova Roma,https://tr.wikipedia.org/wiki/Nova_Roma,1,"Türkiye#56: 324 yılında İmparatoru , imparatorluğun başkentini 'a taşıdı ve şehrin adını olarak değiştirdi."
I. Theodosius,https://tr.wikipedia.org/wiki/I._Theodosius,1,"Türkiye#57: İmparator 'un (379-395) iki erkek çocuğu, babalarının 395'te ölmesinin ardından 'nu Doğu ve Batı olmak üzere ikiye bölerek paylaştılar."
I. Theodosius,https://tr.wikipedia.org/wiki/I._Theodosius,1,"Türkiye#57: İmparator 'un (379-395) iki erkek çocuğu, babalarının 395'te ölmesinin ardından 'nu Doğu ve Batı olmak üzere ikiye bölerek paylaştılar."
Roma,https://tr.wikipedia.org/wiki/Roma,1,"Trabzon#8: 'a göre şehrin kuruluş tarihini MÖ 756 olmakla birlikte bu iddia Trabzon'u İstanbul, hatta, genel kanıya göre Trabzon ve diğer Doğu Karadeniz kolonizasyonunu gerçekleştiren 'tan daha eski bir kent yapmaktadır. | Türkiye#58: Başkenti olarak kalan , 476'da yıkıldı."
Roma,https://tr.wikipedia.org/wiki/Roma,1,"Trabzon#8: 'a göre şehrin kuruluş tarihini MÖ 756 olmakla birlikte bu iddia Trabzon'u İstanbul, hatta, genel kanıya göre Trabzon ve diğer Doğu Karadeniz kolonizasyonunu gerçekleştiren 'tan daha eski bir kent yapmaktadır. | Türkiye#58: Başkenti olarak kalan , 476'da yıkıldı."
Batı Roma İmparatorluğu,https://tr.wikipedia.org/wiki/Bat%C4%B1_Roma_%C4%B0mparatorlu%C4%9Fu,1,"Türkiye#58: Başkenti olarak kalan , 476'da yıkıldı."
Batı Roma İmparatorluğu,https://tr.wikipedia.org/wiki/Bat%C4%B1_Roma_%C4%B0mparatorlu%C4%9Fu,1,"Türkiye#58: Başkenti olarak kalan , 476'da yıkıldı."
Konstantinopolis,https://tr.wikipedia.org/wiki/Konstantinopolis,1,"Trabzon#20: Trabzon imparatorları başlangıçta diğer (Doğu Roma) imparatorları gibi çift başlı (aetos) figürünü sembol olarak kullanmışlarsa da Latin işgalinin sona ermesi ve 'te yeniden yasal yönetimin iktidarı ele geçirmesiyle, bir çatışmaya sebebiyet vermemek için bugün Trabzon kapısının üzerinde rölyefi bulunan tek başlı kartal sembolünü tercih etmişlerdir. ile , Moğollar ile Osmanlılar hatta çeşitli Türkmen ( kabile federasyonuna mensup) klanları ile denge politikası sürdürerek, varlığını sürdürebilen bu zengin liman kenti, İstanbul'un fethinden sekiz yıl sonra 1461 yılında tarafından Karadeniz'deki çeşitli beylikler, İtalyan kolonileri ve 'la birlikte ele geçirilerek stratejik anahtarının girmesi sağlanmıştır. | Türkiye#59: Halk arasında (İstanbul) olarak yaygınlaşan şehir ise, 'nun başkenti oldu. Doğu Roma İmparatorluğu, daha sonraki yıllarda olarak anılmaya başladı, günümüz Türkiye topraklarının önemli bir kısmında hâkimiyet kurdu ve İstanbul'u 1453 yılına kadar varlığını sürdürdü."
Konstantinopolis,https://tr.wikipedia.org/wiki/Konstantinopolis,1,"Trabzon#20: Trabzon imparatorları başlangıçta diğer (Doğu Roma) imparatorları gibi çift başlı (aetos) figürünü sembol olarak kullanmışlarsa da Latin işgalinin sona ermesi ve 'te yeniden yasal yönetimin iktidarı ele geçirmesiyle, bir çatışmaya sebebiyet vermemek için bugün Trabzon kapısının üzerinde rölyefi bulunan tek başlı kartal sembolünü tercih etmişlerdir. ile , Moğollar ile Osmanlılar hatta çeşitli Türkmen ( kabile federasyonuna mensup) klanları ile denge politikası sürdürerek, varlığını sürdürebilen bu zengin liman kenti, İstanbul'un fethinden sekiz yıl sonra 1461 yılında tarafından Karadeniz'deki çeşitli beylikler, İtalyan kolonileri ve 'la birlikte ele geçirilerek stratejik anahtarının girmesi sağlanmıştır. | Türkiye#59: Halk arasında (İstanbul) olarak yaygınlaşan şehir ise, 'nun başkenti oldu. Doğu Roma İmparatorluğu, daha sonraki yıllarda olarak anılmaya başladı, günümüz Türkiye topraklarının önemli bir kısmında hâkimiyet kurdu ve İstanbul'u 1453 yılına kadar varlığını sürdürdü."
Doğu Roma İmparatorluğu,https://tr.wikipedia.org/wiki/Bizans_%C4%B0mparatorlu%C4%9Fu,1,"Türkiye#59: Halk arasında (İstanbul) olarak yaygınlaşan şehir ise, 'nun başkenti oldu. Doğu Roma İmparatorluğu, daha sonraki yıllarda olarak anılmaya başladı, günümüz Türkiye topraklarının önemli bir kısmında hâkimiyet kurdu ve İstanbul'u 1453 yılına kadar varlığını sürdürdü."
Doğu Roma İmparatorluğu,https://tr.wikipedia.org/wiki/Bizans_%C4%B0mparatorlu%C4%9Fu,1,"Türkiye#59: Halk arasında (İstanbul) olarak yaygınlaşan şehir ise, 'nun başkenti oldu. Doğu Roma İmparatorluğu, daha sonraki yıllarda olarak anılmaya başladı, günümüz Türkiye topraklarının önemli bir kısmında hâkimiyet kurdu ve İstanbul'u 1453 yılına kadar varlığını sürdürdü."
Osmanlı Türklerinin,https://tr.wikipedia.org/wiki/Osmanl%C4%B1_%C4%B0mparatorlu%C4%9Fu,1,"Türkiye#59: Halk arasında (İstanbul) olarak yaygınlaşan şehir ise, 'nun başkenti oldu. Doğu Roma İmparatorluğu, daha sonraki yıllarda olarak anılmaya başladı, günümüz Türkiye topraklarının önemli bir kısmında hâkimiyet kurdu ve İstanbul'u 1453 yılına kadar varlığını sürdürdü."
Osmanlı Türklerinin,https://tr.wikipedia.org/wiki/Osmanl%C4%B1_%C4%B0mparatorlu%C4%9Fu,1,"Türkiye#59: Halk arasında (İstanbul) olarak yaygınlaşan şehir ise, 'nun başkenti oldu. Doğu Roma İmparatorluğu, daha sonraki yıllarda olarak anılmaya başladı, günümüz Türkiye topraklarının önemli bir kısmında hâkimiyet kurdu ve İstanbul'u 1453 yılına kadar varlığını sürdürdü."
ele geçirdiği,https://tr.wikipedia.org/wiki/%C4%B0stanbul%27un_Fethi,1,"Türkiye#59: Halk arasında (İstanbul) olarak yaygınlaşan şehir ise, 'nun başkenti oldu. Doğu Roma İmparatorluğu, daha sonraki yıllarda olarak anılmaya başladı, günümüz Türkiye topraklarının önemli bir kısmında hâkimiyet kurdu ve İstanbul'u 1453 yılına kadar varlığını sürdürdü."
ele geçirdiği,https://tr.wikipedia.org/wiki/%C4%B0stanbul%27un_Fethi,1,"Türkiye#59: Halk arasında (İstanbul) olarak yaygınlaşan şehir ise, 'nun başkenti oldu. Doğu Roma İmparatorluğu, daha sonraki yıllarda olarak anılmaya başladı, günümüz Türkiye topraklarının önemli bir kısmında hâkimiyet kurdu ve İstanbul'u 1453 yılına kadar varlığını sürdürdü."
Oğuz Türkleri,https://tr.wikipedia.org/wiki/O%C4%9Fuzlar,1,"Türkiye#60: , olduktan sonra çevrelerine daha yakın yerlerde ikamet ettiler ve 9. yüzyılda ile 'nün kuzeyine yerleşmeye başladılar. 10. yüzyıl itibarıyla , yurdunu da sınırları içine katarak, atalarının vatanı 'dan batıya doğru başladılar ve 'ni kurdular."
Oğuz Türkleri,https://tr.wikipedia.org/wiki/O%C4%9Fuzlar,1,"Türkiye#60: , olduktan sonra çevrelerine daha yakın yerlerde ikamet ettiler ve 9. yüzyılda ile 'nün kuzeyine yerleşmeye başladılar. 10. yüzyıl itibarıyla , yurdunu da sınırları içine katarak, atalarının vatanı 'dan batıya doğru başladılar ve 'ni kurdular."
İslam dünyası,https://tr.wikipedia.org/wiki/%C4%B0slam_d%C3%BCnyas%C4%B1,1,"Türkiye#60: , olduktan sonra çevrelerine daha yakın yerlerde ikamet ettiler ve 9. yüzyılda ile 'nün kuzeyine yerleşmeye başladılar. 10. yüzyıl itibarıyla , yurdunu da sınırları içine katarak, atalarının vatanı 'dan batıya doğru başladılar ve 'ni kurdular."
İslam dünyası,https://tr.wikipedia.org/wiki/%C4%B0slam_d%C3%BCnyas%C4%B1,1,"Türkiye#60: , olduktan sonra çevrelerine daha yakın yerlerde ikamet ettiler ve 9. yüzyılda ile 'nün kuzeyine yerleşmeye başladılar. 10. yüzyıl itibarıyla , yurdunu da sınırları içine katarak, atalarının vatanı 'dan batıya doğru başladılar ve 'ni kurdular."
Aral Gölü,https://tr.wikipedia.org/wiki/Aral_G%C3%B6l%C3%BC,1,"Türkiye#60: , olduktan sonra çevrelerine daha yakın yerlerde ikamet ettiler ve 9. yüzyılda ile 'nün kuzeyine yerleşmeye başladılar. 10. yüzyıl itibarıyla , yurdunu da sınırları içine katarak, atalarının vatanı 'dan batıya doğru başladılar ve 'ni kurdular."
Aral Gölü,https://tr.wikipedia.org/wiki/Aral_G%C3%B6l%C3%BC,1,"Türkiye#60: , olduktan sonra çevrelerine daha yakın yerlerde ikamet ettiler ve 9. yüzyılda ile 'nün kuzeyine yerleşmeye başladılar. 10. yüzyıl itibarıyla , yurdunu da sınırları içine katarak, atalarının vatanı 'dan batıya doğru başladılar ve 'ni kurdular."
göç etmeye,https://tr.wikipedia.org/wiki/T%C3%BCrk_g%C3%B6%C3%A7leri,1,"Türkiye#60: , olduktan sonra çevrelerine daha yakın yerlerde ikamet ettiler ve 9. yüzyılda ile 'nün kuzeyine yerleşmeye başladılar. 10. yüzyıl itibarıyla , yurdunu da sınırları içine katarak, atalarının vatanı 'dan batıya doğru başladılar ve 'ni kurdular."
göç etmeye,https://tr.wikipedia.org/wiki/T%C3%BCrk_g%C3%B6%C3%A7leri,1,"Türkiye#60: , olduktan sonra çevrelerine daha yakın yerlerde ikamet ettiler ve 9. yüzyılda ile 'nün kuzeyine yerleşmeye başladılar. 10. yüzyıl itibarıyla , yurdunu da sınırları içine katarak, atalarının vatanı 'dan batıya doğru başladılar ve 'ni kurdular."
Büyük Selçuklu Devleti,https://tr.wikipedia.org/wiki/B%C3%BCy%C3%BCk_Sel%C3%A7uklu_%C4%B0mparatorlu%C4%9Fu,1,"Türkiye#60: , olduktan sonra çevrelerine daha yakın yerlerde ikamet ettiler ve 9. yüzyılda ile 'nün kuzeyine yerleşmeye başladılar. 10. yüzyıl itibarıyla , yurdunu da sınırları içine katarak, atalarının vatanı 'dan batıya doğru başladılar ve 'ni kurdular."
Büyük Selçuklu Devleti,https://tr.wikipedia.org/wiki/B%C3%BCy%C3%BCk_Sel%C3%A7uklu_%C4%B0mparatorlu%C4%9Fu,1,"Türkiye#60: , olduktan sonra çevrelerine daha yakın yerlerde ikamet ettiler ve 9. yüzyılda ile 'nün kuzeyine yerleşmeye başladılar. 10. yüzyıl itibarıyla , yurdunu da sınırları içine katarak, atalarının vatanı 'dan batıya doğru başladılar ve 'ni kurdular."
Alp Arslan,https://tr.wikipedia.org/wiki/Alp_Arslan,1,"Türkiye#61: 11. yüzyılın ikinci yarısında , Anadolu'nun doğu bölgelerine yerleşmeye ve akınlar yapmaya başladılar. 1071'de, Sultan döneminde, Selçuklu Türkleri ile arasında yapılan 'nden sonra gelen Selçuklu zaferiyle birlikte Anadolu toprakları üzerinde ve hareketi başladı."
Alp Arslan,https://tr.wikipedia.org/wiki/Alp_Arslan,1,"Türkiye#61: 11. yüzyılın ikinci yarısında , Anadolu'nun doğu bölgelerine yerleşmeye ve akınlar yapmaya başladılar. 1071'de, Sultan döneminde, Selçuklu Türkleri ile arasında yapılan 'nden sonra gelen Selçuklu zaferiyle birlikte Anadolu toprakları üzerinde ve hareketi başladı."
Türkleştirme,https://tr.wikipedia.org/wiki/T%C3%BCrkle%C5%9Ftirme,1,"Türkiye#61: 11. yüzyılın ikinci yarısında , Anadolu'nun doğu bölgelerine yerleşmeye ve akınlar yapmaya başladılar. 1071'de, Sultan döneminde, Selçuklu Türkleri ile arasında yapılan 'nden sonra gelen Selçuklu zaferiyle birlikte Anadolu toprakları üzerinde ve hareketi başladı."
Türkleştirme,https://tr.wikipedia.org/wiki/T%C3%BCrkle%C5%9Ftirme,1,"Türkiye#61: 11. yüzyılın ikinci yarısında , Anadolu'nun doğu bölgelerine yerleşmeye ve akınlar yapmaya başladılar. 1071'de, Sultan döneminde, Selçuklu Türkleri ile arasında yapılan 'nden sonra gelen Selçuklu zaferiyle birlikte Anadolu toprakları üzerinde ve hareketi başladı."
Türk dilleri,https://tr.wikipedia.org/wiki/T%C3%BCrk_dilleri,1,Türkiye#62: Bu hareketle birlikte Anadolu'da ve tanıtılarak yaygın hâle geldi.
Türk dilleri,https://tr.wikipedia.org/wiki/T%C3%BCrk_dilleri,1,Türkiye#62: Bu hareketle birlikte Anadolu'da ve tanıtılarak yaygın hâle geldi.
Hristiyanlık,https://tr.wikipedia.org/wiki/Hristiyanl%C4%B1k,1,"Türkiye#63: Böylece bölgede yaygın olan ve , yerini yavaş yavaş İslam ve Türk kültürüne bıraktı."
Hristiyanlık,https://tr.wikipedia.org/wiki/Hristiyanl%C4%B1k,1,"Türkiye#63: Böylece bölgede yaygın olan ve , yerini yavaş yavaş İslam ve Türk kültürüne bıraktı."
Türk beyliklerinin,https://tr.wikipedia.org/wiki/Anadolu_beylikleri,1,"Türkiye#64: Büyük Selçuklu İmparatorluğu'nun parçalanmasının ardından, Anadolu'da diğer üzerinde hâkimiyet kuran , uzunca bir süre Anadolu'yu yönetti."
Türk beyliklerinin,https://tr.wikipedia.org/wiki/Anadolu_beylikleri,1,"Türkiye#64: Büyük Selçuklu İmparatorluğu'nun parçalanmasının ardından, Anadolu'da diğer üzerinde hâkimiyet kuran , uzunca bir süre Anadolu'yu yönetti."
Birinci Haçlı Seferi,https://tr.wikipedia.org/wiki/Birinci_Ha%C3%A7l%C4%B1_Seferi,1,"Türkiye#65: Başkenti İznik olan Anadolu Selçuklular, sırasında 'in Bizans'ın eline geçmesiyle Sultan tarafından 1097 tarihinde başkentini 'ya taşımıştır ve bu tarihten itibaren Konya, Selçuklu Devleti'nin başkenti olmuştur."
Birinci Haçlı Seferi,https://tr.wikipedia.org/wiki/Birinci_Ha%C3%A7l%C4%B1_Seferi,1,"Türkiye#65: Başkenti İznik olan Anadolu Selçuklular, sırasında 'in Bizans'ın eline geçmesiyle Sultan tarafından 1097 tarihinde başkentini 'ya taşımıştır ve bu tarihten itibaren Konya, Selçuklu Devleti'nin başkenti olmuştur."
İznik,https://tr.wikipedia.org/wiki/%C4%B0znik,1,"Türkiye#65: Başkenti İznik olan Anadolu Selçuklular, sırasında 'in Bizans'ın eline geçmesiyle Sultan tarafından 1097 tarihinde başkentini 'ya taşımıştır ve bu tarihten itibaren Konya, Selçuklu Devleti'nin başkenti olmuştur."
İznik,https://tr.wikipedia.org/wiki/%C4%B0znik,1,"Türkiye#65: Başkenti İznik olan Anadolu Selçuklular, sırasında 'in Bizans'ın eline geçmesiyle Sultan tarafından 1097 tarihinde başkentini 'ya taşımıştır ve bu tarihten itibaren Konya, Selçuklu Devleti'nin başkenti olmuştur."
I. Kılıç Arslan,https://tr.wikipedia.org/wiki/I._K%C4%B1l%C4%B1%C3%A7_Arslan,1,"Türkiye#65: Başkenti İznik olan Anadolu Selçuklular, sırasında 'in Bizans'ın eline geçmesiyle Sultan tarafından 1097 tarihinde başkentini 'ya taşımıştır ve bu tarihten itibaren Konya, Selçuklu Devleti'nin başkenti olmuştur."
I. Kılıç Arslan,https://tr.wikipedia.org/wiki/I._K%C4%B1l%C4%B1%C3%A7_Arslan,1,"Türkiye#65: Başkenti İznik olan Anadolu Selçuklular, sırasında 'in Bizans'ın eline geçmesiyle Sultan tarafından 1097 tarihinde başkentini 'ya taşımıştır ve bu tarihten itibaren Konya, Selçuklu Devleti'nin başkenti olmuştur."
I. Alâeddin Keykubad,https://tr.wikipedia.org/wiki/I._Al%C3%A2eddin_Keykubad,1,"Türkiye#66: Sultan döneminde altın çağını yaşayan Selçuklular, I. Alaeddin'in ölümünün ardından duraklama sürecine girdi."
I. Alâeddin Keykubad,https://tr.wikipedia.org/wiki/I._Al%C3%A2eddin_Keykubad,1,"Türkiye#66: Sultan döneminde altın çağını yaşayan Selçuklular, I. Alaeddin'in ölümünün ardından duraklama sürecine girdi."
Baycu Noyan,https://tr.wikipedia.org/wiki/Baycu_Noyan,1,"Türkiye#68: Nitekim 1243'te Anadolu Selçuklu Devleti ile komutasındaki arasında gerçekleşen sonucunda gelen yenilgiyle , Moğol hâkimiyetine girmiştir ve Anadolu Selçuklu Devleti zayıflayıp yerini Türk beyliklerine bırakmıştır."
Baycu Noyan,https://tr.wikipedia.org/wiki/Baycu_Noyan,1,"Türkiye#68: Nitekim 1243'te Anadolu Selçuklu Devleti ile komutasındaki arasında gerçekleşen sonucunda gelen yenilgiyle , Moğol hâkimiyetine girmiştir ve Anadolu Selçuklu Devleti zayıflayıp yerini Türk beyliklerine bırakmıştır."
Moğollar,https://tr.wikipedia.org/wiki/Mo%C4%9Fol_%C4%B0mparatorlu%C4%9Fu,1,"Türkiye#68: Nitekim 1243'te Anadolu Selçuklu Devleti ile komutasındaki arasında gerçekleşen sonucunda gelen yenilgiyle , Moğol hâkimiyetine girmiştir ve Anadolu Selçuklu Devleti zayıflayıp yerini Türk beyliklerine bırakmıştır."
Moğollar,https://tr.wikipedia.org/wiki/Mo%C4%9Fol_%C4%B0mparatorlu%C4%9Fu,1,"Türkiye#68: Nitekim 1243'te Anadolu Selçuklu Devleti ile komutasındaki arasında gerçekleşen sonucunda gelen yenilgiyle , Moğol hâkimiyetine girmiştir ve Anadolu Selçuklu Devleti zayıflayıp yerini Türk beyliklerine bırakmıştır."
Söğüt,"https://tr.wikipedia.org/wiki/S%C3%B6%C4%9F%C3%BCt,_Bilecik",1,"Türkiye#69: Bu beylikler arasında, ve çevresinde kurulu olan , 13. yüzyılın sonlarına doğru bağımsızlığını ilan etmiştir."
Söğüt,"https://tr.wikipedia.org/wiki/S%C3%B6%C4%9F%C3%BCt,_Bilecik",1,"Türkiye#69: Bu beylikler arasında, ve çevresinde kurulu olan , 13. yüzyılın sonlarına doğru bağımsızlığını ilan etmiştir."
Bilecik U:(https://tr.wikipedia.org/wiki/Bilecik_(il))___ çevresinde kurulu olan ___E:Osmanoğulları Beyliği,https://tr.wikipedia.org/wiki/Osmanl%C4%B1_%C4%B0mparatorlu%C4%9Fu,1,"Türkiye#69: Bu beylikler arasında, ve çevresinde kurulu olan , 13. yüzyılın sonlarına doğru bağımsızlığını ilan etmiştir."
Bilecik U:(https://tr.wikipedia.org/wiki/Bilecik_(il))___ çevresinde kurulu olan ___E:Osmanoğulları Beyliği,https://tr.wikipedia.org/wiki/Osmanl%C4%B1_%C4%B0mparatorlu%C4%9Fu,1,"Türkiye#69: Bu beylikler arasında, ve çevresinde kurulu olan , 13. yüzyılın sonlarına doğru bağımsızlığını ilan etmiştir."
Osman Gazi,https://tr.wikipedia.org/wiki/Osman_Gazi,1,"Türkiye#70: 'nin başında olduğu Osmanoğulları Beyliği, sonraki yıllarda gittikçe büyüyerek Anadolu, , ve üzerinde hâkimiyet kurdu. 1453 yılında, öncülüğünde Bizans İmparatorluğu'nun başkenti ve imparatorluk tarihe karıştı."
Osman Gazi,https://tr.wikipedia.org/wiki/Osman_Gazi,1,"Türkiye#70: 'nin başında olduğu Osmanoğulları Beyliği, sonraki yıllarda gittikçe büyüyerek Anadolu, , ve üzerinde hâkimiyet kurdu. 1453 yılında, öncülüğünde Bizans İmparatorluğu'nun başkenti ve imparatorluk tarihe karıştı."
Balkanlar,https://tr.wikipedia.org/wiki/Balkanlar,1,"Türkiye#70: 'nin başında olduğu Osmanoğulları Beyliği, sonraki yıllarda gittikçe büyüyerek Anadolu, , ve üzerinde hâkimiyet kurdu. 1453 yılında, öncülüğünde Bizans İmparatorluğu'nun başkenti ve imparatorluk tarihe karıştı."
Balkanlar,https://tr.wikipedia.org/wiki/Balkanlar,1,"Türkiye#70: 'nin başında olduğu Osmanoğulları Beyliği, sonraki yıllarda gittikçe büyüyerek Anadolu, , ve üzerinde hâkimiyet kurdu. 1453 yılında, öncülüğünde Bizans İmparatorluğu'nun başkenti ve imparatorluk tarihe karıştı."
Kuzey Afrika,https://tr.wikipedia.org/wiki/Kuzey_Afrika,1,"Türkiye#70: 'nin başında olduğu Osmanoğulları Beyliği, sonraki yıllarda gittikçe büyüyerek Anadolu, , ve üzerinde hâkimiyet kurdu. 1453 yılında, öncülüğünde Bizans İmparatorluğu'nun başkenti ve imparatorluk tarihe karıştı."
Kuzey Afrika,https://tr.wikipedia.org/wiki/Kuzey_Afrika,1,"Türkiye#70: 'nin başında olduğu Osmanoğulları Beyliği, sonraki yıllarda gittikçe büyüyerek Anadolu, , ve üzerinde hâkimiyet kurdu. 1453 yılında, öncülüğünde Bizans İmparatorluğu'nun başkenti ve imparatorluk tarihe karıştı."
Levant,https://tr.wikipedia.org/wiki/Levant,1,"Türkiye#70: 'nin başında olduğu Osmanoğulları Beyliği, sonraki yıllarda gittikçe büyüyerek Anadolu, , ve üzerinde hâkimiyet kurdu. 1453 yılında, öncülüğünde Bizans İmparatorluğu'nun başkenti ve imparatorluk tarihe karıştı."
Levant,https://tr.wikipedia.org/wiki/Levant,1,"Türkiye#70: 'nin başında olduğu Osmanoğulları Beyliği, sonraki yıllarda gittikçe büyüyerek Anadolu, , ve üzerinde hâkimiyet kurdu. 1453 yılında, öncülüğünde Bizans İmparatorluğu'nun başkenti ve imparatorluk tarihe karıştı."
Konstantinopolis fethedildi,https://tr.wikipedia.org/wiki/%C4%B0stanbul%27un_Fethi,1,"Türkiye#70: 'nin başında olduğu Osmanoğulları Beyliği, sonraki yıllarda gittikçe büyüyerek Anadolu, , ve üzerinde hâkimiyet kurdu. 1453 yılında, öncülüğünde Bizans İmparatorluğu'nun başkenti ve imparatorluk tarihe karıştı."
Konstantinopolis fethedildi,https://tr.wikipedia.org/wiki/%C4%B0stanbul%27un_Fethi,1,"Türkiye#70: 'nin başında olduğu Osmanoğulları Beyliği, sonraki yıllarda gittikçe büyüyerek Anadolu, , ve üzerinde hâkimiyet kurdu. 1453 yılında, öncülüğünde Bizans İmparatorluğu'nun başkenti ve imparatorluk tarihe karıştı."
I. Selim,https://tr.wikipedia.org/wiki/I._Selim,1,"Türkiye#72: 1514 yılında , ile hükümdarı 'i yenerek imparatorluğun sınırlarını doğu yönünde genişletti. 1517'de de ve 'i ele geçirdi ve Mısır'da hüküm süren 'nı yıkarak 'na geçmesini sağladı."
I. Selim,https://tr.wikipedia.org/wiki/I._Selim,1,"Türkiye#72: 1514 yılında , ile hükümdarı 'i yenerek imparatorluğun sınırlarını doğu yönünde genişletti. 1517'de de ve 'i ele geçirdi ve Mısır'da hüküm süren 'nı yıkarak 'na geçmesini sağladı."
Çaldıran Muharebesi,https://tr.wikipedia.org/wiki/%C3%87ald%C4%B1ran_Muharebesi,1,"Türkiye#72: 1514 yılında , ile hükümdarı 'i yenerek imparatorluğun sınırlarını doğu yönünde genişletti. 1517'de de ve 'i ele geçirdi ve Mısır'da hüküm süren 'nı yıkarak 'na geçmesini sağladı."
Çaldıran Muharebesi,https://tr.wikipedia.org/wiki/%C3%87ald%C4%B1ran_Muharebesi,1,"Türkiye#72: 1514 yılında , ile hükümdarı 'i yenerek imparatorluğun sınırlarını doğu yönünde genişletti. 1517'de de ve 'i ele geçirdi ve Mısır'da hüküm süren 'nı yıkarak 'na geçmesini sağladı."
Safevî,https://tr.wikipedia.org/wiki/Safev%C3%AEler,1,"Türkiye#72: 1514 yılında , ile hükümdarı 'i yenerek imparatorluğun sınırlarını doğu yönünde genişletti. 1517'de de ve 'i ele geçirdi ve Mısır'da hüküm süren 'nı yıkarak 'na geçmesini sağladı."
Safevî,https://tr.wikipedia.org/wiki/Safev%C3%AEler,1,"Türkiye#72: 1514 yılında , ile hükümdarı 'i yenerek imparatorluğun sınırlarını doğu yönünde genişletti. 1517'de de ve 'i ele geçirdi ve Mısır'da hüküm süren 'nı yıkarak 'na geçmesini sağladı."
Şah İsmail,https://tr.wikipedia.org/wiki/I._%C4%B0smail,1,"Türkiye#72: 1514 yılında , ile hükümdarı 'i yenerek imparatorluğun sınırlarını doğu yönünde genişletti. 1517'de de ve 'i ele geçirdi ve Mısır'da hüküm süren 'nı yıkarak 'na geçmesini sağladı."
Şah İsmail,https://tr.wikipedia.org/wiki/I._%C4%B0smail,1,"Türkiye#72: 1514 yılında , ile hükümdarı 'i yenerek imparatorluğun sınırlarını doğu yönünde genişletti. 1517'de de ve 'i ele geçirdi ve Mısır'da hüküm süren 'nı yıkarak 'na geçmesini sağladı."
"Levant, Mısır",https://tr.wikipedia.org/wiki/B%C3%BCy%C3%BCk_M%C4%B1s%C4%B1r_Seferi,1,"Türkiye#72: 1514 yılında , ile hükümdarı 'i yenerek imparatorluğun sınırlarını doğu yönünde genişletti. 1517'de de ve 'i ele geçirdi ve Mısır'da hüküm süren 'nı yıkarak 'na geçmesini sağladı."
"Levant, Mısır",https://tr.wikipedia.org/wiki/B%C3%BCy%C3%BCk_M%C4%B1s%C4%B1r_Seferi,1,"Türkiye#72: 1514 yılında , ile hükümdarı 'i yenerek imparatorluğun sınırlarını doğu yönünde genişletti. 1517'de de ve 'i ele geçirdi ve Mısır'da hüküm süren 'nı yıkarak 'na geçmesini sağladı."
Cezayir,https://tr.wikipedia.org/wiki/Cezayir,1,"Türkiye#72: 1514 yılında , ile hükümdarı 'i yenerek imparatorluğun sınırlarını doğu yönünde genişletti. 1517'de de ve 'i ele geçirdi ve Mısır'da hüküm süren 'nı yıkarak 'na geçmesini sağladı."
Cezayir,https://tr.wikipedia.org/wiki/Cezayir,1,"Türkiye#72: 1514 yılında , ile hükümdarı 'i yenerek imparatorluğun sınırlarını doğu yönünde genişletti. 1517'de de ve 'i ele geçirdi ve Mısır'da hüküm süren 'nı yıkarak 'na geçmesini sağladı."
Memlûk Sultanlığı,https://tr.wikipedia.org/wiki/Meml%C3%BBk_Devleti,1,"Türkiye#72: 1514 yılında , ile hükümdarı 'i yenerek imparatorluğun sınırlarını doğu yönünde genişletti. 1517'de de ve 'i ele geçirdi ve Mısır'da hüküm süren 'nı yıkarak 'na geçmesini sağladı."
Memlûk Sultanlığı,https://tr.wikipedia.org/wiki/Meml%C3%BBk_Devleti,1,"Türkiye#72: 1514 yılında , ile hükümdarı 'i yenerek imparatorluğun sınırlarını doğu yönünde genişletti. 1517'de de ve 'i ele geçirdi ve Mısır'da hüküm süren 'nı yıkarak 'na geçmesini sağladı."
halifeliğinin,https://tr.wikipedia.org/wiki/Hil%C3%A2fet,1,"Türkiye#72: 1514 yılında , ile hükümdarı 'i yenerek imparatorluğun sınırlarını doğu yönünde genişletti. 1517'de de ve 'i ele geçirdi ve Mısır'da hüküm süren 'nı yıkarak 'na geçmesini sağladı."
halifeliğinin,https://tr.wikipedia.org/wiki/Hil%C3%A2fet,1,"Türkiye#72: 1514 yılında , ile hükümdarı 'i yenerek imparatorluğun sınırlarını doğu yönünde genişletti. 1517'de de ve 'i ele geçirdi ve Mısır'da hüküm süren 'nı yıkarak 'na geçmesini sağladı."
Osmanlı İmparatorluğu,https://tr.wikipedia.org/wiki/Osmanl%C4%B1_Hanedan%C4%B1,1,"Türkiye#72: 1514 yılında , ile hükümdarı 'i yenerek imparatorluğun sınırlarını doğu yönünde genişletti. 1517'de de ve 'i ele geçirdi ve Mısır'da hüküm süren 'nı yıkarak 'na geçmesini sağladı."
Osmanlı İmparatorluğu,https://tr.wikipedia.org/wiki/Osmanl%C4%B1_Hanedan%C4%B1,1,"Türkiye#72: 1514 yılında , ile hükümdarı 'i yenerek imparatorluğun sınırlarını doğu yönünde genişletti. 1517'de de ve 'i ele geçirdi ve Mısır'da hüküm süren 'nı yıkarak 'na geçmesini sağladı."
Kızıldeniz,https://tr.wikipedia.org/wiki/K%C4%B1z%C4%B1ldeniz,1,"Türkiye#73: Ardından , ve üzerinde Osmanlı ve imparatorlukları arasında, 'nda üstünlüğü ele geçirmek için bazı yapıldı."
Kızıldeniz,https://tr.wikipedia.org/wiki/K%C4%B1z%C4%B1ldeniz,1,"Türkiye#73: Ardından , ve üzerinde Osmanlı ve imparatorlukları arasında, 'nda üstünlüğü ele geçirmek için bazı yapıldı."
Umman Denizi,https://tr.wikipedia.org/wiki/Umman_Denizi,1,"Türkiye#73: Ardından , ve üzerinde Osmanlı ve imparatorlukları arasında, 'nda üstünlüğü ele geçirmek için bazı yapıldı."
Umman Denizi,https://tr.wikipedia.org/wiki/Umman_Denizi,1,"Türkiye#73: Ardından , ve üzerinde Osmanlı ve imparatorlukları arasında, 'nda üstünlüğü ele geçirmek için bazı yapıldı."
Basra Körfezi,https://tr.wikipedia.org/wiki/Basra_K%C3%B6rfezi,1,"Türkiye#73: Ardından , ve üzerinde Osmanlı ve imparatorlukları arasında, 'nda üstünlüğü ele geçirmek için bazı yapıldı."
Basra Körfezi,https://tr.wikipedia.org/wiki/Basra_K%C3%B6rfezi,1,"Türkiye#73: Ardından , ve üzerinde Osmanlı ve imparatorlukları arasında, 'nda üstünlüğü ele geçirmek için bazı yapıldı."
Portekiz,https://tr.wikipedia.org/wiki/Portekiz_%C4%B0mparatorlu%C4%9Fu,1,"Türkiye#73: Ardından , ve üzerinde Osmanlı ve imparatorlukları arasında, 'nda üstünlüğü ele geçirmek için bazı yapıldı."
Portekiz,https://tr.wikipedia.org/wiki/Portekiz_%C4%B0mparatorlu%C4%9Fu,1,"Türkiye#73: Ardından , ve üzerinde Osmanlı ve imparatorlukları arasında, 'nda üstünlüğü ele geçirmek için bazı yapıldı."
Hint Okyanusu,https://tr.wikipedia.org/wiki/Hint_Okyanusu,1,"Türkiye#73: Ardından , ve üzerinde Osmanlı ve imparatorlukları arasında, 'nda üstünlüğü ele geçirmek için bazı yapıldı."
Hint Okyanusu,https://tr.wikipedia.org/wiki/Hint_Okyanusu,1,"Türkiye#73: Ardından , ve üzerinde Osmanlı ve imparatorlukları arasında, 'nda üstünlüğü ele geçirmek için bazı yapıldı."
çeşitli deniz muharebeleri,https://tr.wikipedia.org/wiki/Hint_deniz_seferleri,1,"Türkiye#73: Ardından , ve üzerinde Osmanlı ve imparatorlukları arasında, 'nda üstünlüğü ele geçirmek için bazı yapıldı."
çeşitli deniz muharebeleri,https://tr.wikipedia.org/wiki/Hint_deniz_seferleri,1,"Türkiye#73: Ardından , ve üzerinde Osmanlı ve imparatorlukları arasında, 'nda üstünlüğü ele geçirmek için bazı yapıldı."
Hindistan,https://tr.wikipedia.org/wiki/Hindistan,1,Türkiye#74: Portekizlilerin üzerinde egemenlik sağlaması Osmanlı tarafından bir tehdit olarak algılandı.
Hindistan,https://tr.wikipedia.org/wiki/Hindistan,1,Türkiye#74: Portekizlilerin üzerinde egemenlik sağlaması Osmanlı tarafından bir tehdit olarak algılandı.
Coğrafi Keşifler,https://tr.wikipedia.org/wiki/Co%C4%9Frafi_ke%C5%9Fifler,1,"Türkiye#75: Çünkü 15. yüzyıl sonlarındaki sayesinde ve kıtasının keşfedilmesi, Osmanlı'nın elinde tuttuğu ile arasında ticareti sağlayan önemini yitirmesine neden olup olumsuz yönde etkilemiştir."
Coğrafi Keşifler,https://tr.wikipedia.org/wiki/Co%C4%9Frafi_ke%C5%9Fifler,1,"Türkiye#75: Çünkü 15. yüzyıl sonlarındaki sayesinde ve kıtasının keşfedilmesi, Osmanlı'nın elinde tuttuğu ile arasında ticareti sağlayan önemini yitirmesine neden olup olumsuz yönde etkilemiştir."
Ümit Burnu,https://tr.wikipedia.org/wiki/%C3%9Cmit_Burnu,1,"Türkiye#75: Çünkü 15. yüzyıl sonlarındaki sayesinde ve kıtasının keşfedilmesi, Osmanlı'nın elinde tuttuğu ile arasında ticareti sağlayan önemini yitirmesine neden olup olumsuz yönde etkilemiştir."
Ümit Burnu,https://tr.wikipedia.org/wiki/%C3%9Cmit_Burnu,1,"Türkiye#75: Çünkü 15. yüzyıl sonlarındaki sayesinde ve kıtasının keşfedilmesi, Osmanlı'nın elinde tuttuğu ile arasında ticareti sağlayan önemini yitirmesine neden olup olumsuz yönde etkilemiştir."
16,https://tr.wikipedia.org/wiki/Nominal_GSY%C4%B0H_de%C4%9Ferlerine_g%C3%B6re_%C3%BClkeler_listesi,1,"TürkiyeCard#20: 1,570 trilyon $ (GSYİH; 2025) ( .)"
Doğu Asya,https://tr.wikipedia.org/wiki/Do%C4%9Fu_Asya,1,"Türkiye#75: Çünkü 15. yüzyıl sonlarındaki sayesinde ve kıtasının keşfedilmesi, Osmanlı'nın elinde tuttuğu ile arasında ticareti sağlayan önemini yitirmesine neden olup olumsuz yönde etkilemiştir."
Doğu Asya,https://tr.wikipedia.org/wiki/Do%C4%9Fu_Asya,1,"Türkiye#75: Çünkü 15. yüzyıl sonlarındaki sayesinde ve kıtasının keşfedilmesi, Osmanlı'nın elinde tuttuğu ile arasında ticareti sağlayan önemini yitirmesine neden olup olumsuz yönde etkilemiştir."
Batı Avrupa,https://tr.wikipedia.org/wiki/Bat%C4%B1_Avrupa,1,"Türkiye#75: Çünkü 15. yüzyıl sonlarındaki sayesinde ve kıtasının keşfedilmesi, Osmanlı'nın elinde tuttuğu ile arasında ticareti sağlayan önemini yitirmesine neden olup olumsuz yönde etkilemiştir."
Batı Avrupa,https://tr.wikipedia.org/wiki/Bat%C4%B1_Avrupa,1,"Türkiye#75: Çünkü 15. yüzyıl sonlarındaki sayesinde ve kıtasının keşfedilmesi, Osmanlı'nın elinde tuttuğu ile arasında ticareti sağlayan önemini yitirmesine neden olup olumsuz yönde etkilemiştir."
eski ticaret yollarının,https://tr.wikipedia.org/wiki/%C4%B0pek_Yolu,1,"Türkiye#75: Çünkü 15. yüzyıl sonlarındaki sayesinde ve kıtasının keşfedilmesi, Osmanlı'nın elinde tuttuğu ile arasında ticareti sağlayan önemini yitirmesine neden olup olumsuz yönde etkilemiştir."
eski ticaret yollarının,https://tr.wikipedia.org/wiki/%C4%B0pek_Yolu,1,"Türkiye#75: Çünkü 15. yüzyıl sonlarındaki sayesinde ve kıtasının keşfedilmesi, Osmanlı'nın elinde tuttuğu ile arasında ticareti sağlayan önemini yitirmesine neden olup olumsuz yönde etkilemiştir."
Osmanlı ekonomisini,https://tr.wikipedia.org/wiki/Osmanl%C4%B1_%C4%B0mparatorlu%C4%9Fu%27nun_ekonomik_tarihi,1,"Türkiye#75: Çünkü 15. yüzyıl sonlarındaki sayesinde ve kıtasının keşfedilmesi, Osmanlı'nın elinde tuttuğu ile arasında ticareti sağlayan önemini yitirmesine neden olup olumsuz yönde etkilemiştir."
Osmanlı ekonomisini,https://tr.wikipedia.org/wiki/Osmanl%C4%B1_%C4%B0mparatorlu%C4%9Fu%27nun_ekonomik_tarihi,1,"Türkiye#75: Çünkü 15. yüzyıl sonlarındaki sayesinde ve kıtasının keşfedilmesi, Osmanlı'nın elinde tuttuğu ile arasında ticareti sağlayan önemini yitirmesine neden olup olumsuz yönde etkilemiştir."
Kutsal Roma Cermen İmparatorluğu,https://tr.wikipedia.org/wiki/Kutsal_Roma_%C4%B0mparatorlu%C4%9Fu,1,"Türkiye#77: Bu dönemde batıda 'na doğru topraklar genişletilerek Balkanların tamamı, ve 'ın güney kısmı ele geçirildi. , denizde çeşitli rekabetlere girerek başarılar kazandı. 1538'de yapılan 'nde 'nın Haçlıları mağlup etmesinden sonra imparatorluğun 'deki kontrolü arttı."
Kutsal Roma Cermen İmparatorluğu,https://tr.wikipedia.org/wiki/Kutsal_Roma_%C4%B0mparatorlu%C4%9Fu,1,"Türkiye#77: Bu dönemde batıda 'na doğru topraklar genişletilerek Balkanların tamamı, ve 'ın güney kısmı ele geçirildi. , denizde çeşitli rekabetlere girerek başarılar kazandı. 1538'de yapılan 'nde 'nın Haçlıları mağlup etmesinden sonra imparatorluğun 'deki kontrolü arttı."
Orta Avrupa,https://tr.wikipedia.org/wiki/Orta_Avrupa,1,"Türkiye#77: Bu dönemde batıda 'na doğru topraklar genişletilerek Balkanların tamamı, ve 'ın güney kısmı ele geçirildi. , denizde çeşitli rekabetlere girerek başarılar kazandı. 1538'de yapılan 'nde 'nın Haçlıları mağlup etmesinden sonra imparatorluğun 'deki kontrolü arttı."
Orta Avrupa,https://tr.wikipedia.org/wiki/Orta_Avrupa,1,"Türkiye#77: Bu dönemde batıda 'na doğru topraklar genişletilerek Balkanların tamamı, ve 'ın güney kısmı ele geçirildi. , denizde çeşitli rekabetlere girerek başarılar kazandı. 1538'de yapılan 'nde 'nın Haçlıları mağlup etmesinden sonra imparatorluğun 'deki kontrolü arttı."
Lehistan,https://tr.wikipedia.org/wiki/Polonya-Litvanya_Birli%C4%9Fi,1,"Türkiye#77: Bu dönemde batıda 'na doğru topraklar genişletilerek Balkanların tamamı, ve 'ın güney kısmı ele geçirildi. , denizde çeşitli rekabetlere girerek başarılar kazandı. 1538'de yapılan 'nde 'nın Haçlıları mağlup etmesinden sonra imparatorluğun 'deki kontrolü arttı."
Lehistan,https://tr.wikipedia.org/wiki/Polonya-Litvanya_Birli%C4%9Fi,1,"Türkiye#77: Bu dönemde batıda 'na doğru topraklar genişletilerek Balkanların tamamı, ve 'ın güney kısmı ele geçirildi. , denizde çeşitli rekabetlere girerek başarılar kazandı. 1538'de yapılan 'nde 'nın Haçlıları mağlup etmesinden sonra imparatorluğun 'deki kontrolü arttı."
Osmanlı donanması,https://tr.wikipedia.org/wiki/Osmanl%C4%B1_donanmas%C4%B1,1,"Türkiye#77: Bu dönemde batıda 'na doğru topraklar genişletilerek Balkanların tamamı, ve 'ın güney kısmı ele geçirildi. , denizde çeşitli rekabetlere girerek başarılar kazandı. 1538'de yapılan 'nde 'nın Haçlıları mağlup etmesinden sonra imparatorluğun 'deki kontrolü arttı."
Osmanlı donanması,https://tr.wikipedia.org/wiki/Osmanl%C4%B1_donanmas%C4%B1,1,"Türkiye#77: Bu dönemde batıda 'na doğru topraklar genişletilerek Balkanların tamamı, ve 'ın güney kısmı ele geçirildi. , denizde çeşitli rekabetlere girerek başarılar kazandı. 1538'de yapılan 'nde 'nın Haçlıları mağlup etmesinden sonra imparatorluğun 'deki kontrolü arttı."
Preveze Deniz Muharebesi,https://tr.wikipedia.org/wiki/Preveze_Deniz_Muharebesi,1,"Türkiye#77: Bu dönemde batıda 'na doğru topraklar genişletilerek Balkanların tamamı, ve 'ın güney kısmı ele geçirildi. , denizde çeşitli rekabetlere girerek başarılar kazandı. 1538'de yapılan 'nde 'nın Haçlıları mağlup etmesinden sonra imparatorluğun 'deki kontrolü arttı."
Preveze Deniz Muharebesi,https://tr.wikipedia.org/wiki/Preveze_Deniz_Muharebesi,1,"Türkiye#77: Bu dönemde batıda 'na doğru topraklar genişletilerek Balkanların tamamı, ve 'ın güney kısmı ele geçirildi. , denizde çeşitli rekabetlere girerek başarılar kazandı. 1538'de yapılan 'nde 'nın Haçlıları mağlup etmesinden sonra imparatorluğun 'deki kontrolü arttı."
Barbaros Hayreddin Paşa,https://tr.wikipedia.org/wiki/Barbaros_Hayreddin_Pa%C5%9Fa,1,"Türkiye#77: Bu dönemde batıda 'na doğru topraklar genişletilerek Balkanların tamamı, ve 'ın güney kısmı ele geçirildi. , denizde çeşitli rekabetlere girerek başarılar kazandı. 1538'de yapılan 'nde 'nın Haçlıları mağlup etmesinden sonra imparatorluğun 'deki kontrolü arttı."
Barbaros Hayreddin Paşa,https://tr.wikipedia.org/wiki/Barbaros_Hayreddin_Pa%C5%9Fa,1,"Türkiye#77: Bu dönemde batıda 'na doğru topraklar genişletilerek Balkanların tamamı, ve 'ın güney kısmı ele geçirildi. , denizde çeşitli rekabetlere girerek başarılar kazandı. 1538'de yapılan 'nde 'nın Haçlıları mağlup etmesinden sonra imparatorluğun 'deki kontrolü arttı."
Safevî Devleti,https://tr.wikipedia.org/wiki/Safev%C3%AEler,1,"Türkiye#78: Doğuda ise ile mezhep farklılıklarından ve toprak anlaşmazlıklarından kaynaklanan bazı çatışmalar, zaman zaman savaşa dönüşerek 16. ve 18. yüzyıl arasında devam etti."
Safevî Devleti,https://tr.wikipedia.org/wiki/Safev%C3%AEler,1,"Türkiye#78: Doğuda ise ile mezhep farklılıklarından ve toprak anlaşmazlıklarından kaynaklanan bazı çatışmalar, zaman zaman savaşa dönüşerek 16. ve 18. yüzyıl arasında devam etti."
Rönesans,https://tr.wikipedia.org/wiki/R%C3%B6nesans,1,"Türkiye#79: , Batı Avrupa'da gerçekleşen , , ve gibi yeni gelişmeleri ülkesine getiremeyerek çağın gerisinde kaldı. 'nın bitmesiyle 1699'da imzalanan sonrasında Osmanlı İmparatorluğu yavaşça ."
Rönesans,https://tr.wikipedia.org/wiki/R%C3%B6nesans,1,"Türkiye#79: , Batı Avrupa'da gerçekleşen , , ve gibi yeni gelişmeleri ülkesine getiremeyerek çağın gerisinde kaldı. 'nın bitmesiyle 1699'da imzalanan sonrasında Osmanlı İmparatorluğu yavaşça ."
Bilimsel Devrim,https://tr.wikipedia.org/wiki/Bilimsel_devrim,1,"Türkiye#79: , Batı Avrupa'da gerçekleşen , , ve gibi yeni gelişmeleri ülkesine getiremeyerek çağın gerisinde kaldı. 'nın bitmesiyle 1699'da imzalanan sonrasında Osmanlı İmparatorluğu yavaşça ."
Bilimsel Devrim,https://tr.wikipedia.org/wiki/Bilimsel_devrim,1,"Türkiye#79: , Batı Avrupa'da gerçekleşen , , ve gibi yeni gelişmeleri ülkesine getiremeyerek çağın gerisinde kaldı. 'nın bitmesiyle 1699'da imzalanan sonrasında Osmanlı İmparatorluğu yavaşça ."
Aydınlanma Çağı,https://tr.wikipedia.org/wiki/Ayd%C4%B1nlanma_%C3%87a%C4%9F%C4%B1,1,"Türkiye#79: , Batı Avrupa'da gerçekleşen , , ve gibi yeni gelişmeleri ülkesine getiremeyerek çağın gerisinde kaldı. 'nın bitmesiyle 1699'da imzalanan sonrasında Osmanlı İmparatorluğu yavaşça ."
Aydınlanma Çağı,https://tr.wikipedia.org/wiki/Ayd%C4%B1nlanma_%C3%87a%C4%9F%C4%B1,1,"Türkiye#79: , Batı Avrupa'da gerçekleşen , , ve gibi yeni gelişmeleri ülkesine getiremeyerek çağın gerisinde kaldı. 'nın bitmesiyle 1699'da imzalanan sonrasında Osmanlı İmparatorluğu yavaşça ."
Sanayi Devrimi,https://tr.wikipedia.org/wiki/Sanayi_Devrimi,1,"Türkiye#79: , Batı Avrupa'da gerçekleşen , , ve gibi yeni gelişmeleri ülkesine getiremeyerek çağın gerisinde kaldı. 'nın bitmesiyle 1699'da imzalanan sonrasında Osmanlı İmparatorluğu yavaşça ."
Sanayi Devrimi,https://tr.wikipedia.org/wiki/Sanayi_Devrimi,1,"Türkiye#79: , Batı Avrupa'da gerçekleşen , , ve gibi yeni gelişmeleri ülkesine getiremeyerek çağın gerisinde kaldı. 'nın bitmesiyle 1699'da imzalanan sonrasında Osmanlı İmparatorluğu yavaşça ."
Karlofça Antlaşması,https://tr.wikipedia.org/wiki/Karlof%C3%A7a_Antla%C5%9Fmas%C4%B1,1,"Türkiye#79: , Batı Avrupa'da gerçekleşen , , ve gibi yeni gelişmeleri ülkesine getiremeyerek çağın gerisinde kaldı. 'nın bitmesiyle 1699'da imzalanan sonrasında Osmanlı İmparatorluğu yavaşça ."
Karlofça Antlaşması,https://tr.wikipedia.org/wiki/Karlof%C3%A7a_Antla%C5%9Fmas%C4%B1,1,"Türkiye#79: , Batı Avrupa'da gerçekleşen , , ve gibi yeni gelişmeleri ülkesine getiremeyerek çağın gerisinde kaldı. 'nın bitmesiyle 1699'da imzalanan sonrasında Osmanlı İmparatorluğu yavaşça ."
gerilemeye başladı,https://tr.wikipedia.org/wiki/Osmanl%C4%B1_%C4%B0mparatorlu%C4%9Fu_gerileme_d%C3%B6nemi,1,"Türkiye#79: , Batı Avrupa'da gerçekleşen , , ve gibi yeni gelişmeleri ülkesine getiremeyerek çağın gerisinde kaldı. 'nın bitmesiyle 1699'da imzalanan sonrasında Osmanlı İmparatorluğu yavaşça ."
gerilemeye başladı,https://tr.wikipedia.org/wiki/Osmanl%C4%B1_%C4%B0mparatorlu%C4%9Fu_gerileme_d%C3%B6nemi,1,"Türkiye#79: , Batı Avrupa'da gerçekleşen , , ve gibi yeni gelişmeleri ülkesine getiremeyerek çağın gerisinde kaldı. 'nın bitmesiyle 1699'da imzalanan sonrasında Osmanlı İmparatorluğu yavaşça ."
Tanzimat Fermanı,https://tr.wikipedia.org/wiki/Tanzimat_Ferman%C4%B1,1,"Türkiye#80: Yapılan pek çok ıslahat ve 19. yüzyılda ilan edilen , ülkenin modernleşmesini amaçladı; ancak başarılı olamadı."
Tanzimat Fermanı,https://tr.wikipedia.org/wiki/Tanzimat_Ferman%C4%B1,1,"Türkiye#80: Yapılan pek çok ıslahat ve 19. yüzyılda ilan edilen , ülkenin modernleşmesini amaçladı; ancak başarılı olamadı."
Osmanlıcılık,https://tr.wikipedia.org/wiki/Osmanl%C4%B1c%C4%B1l%C4%B1k,1,"Türkiye#81: Bunun yanı sıra, ülkede toprak bütünlüğünü korumak için geliştirilen, farklı dinî ve etnik kökenlere sahip kişilerin bir arada yaşaması fikrini içeren akımı da başarıya ulaşamayarak . 1854'te sırasında Osmanlı İmparatorluğu, ilk kez gitti; ancak alınan borçlar ödenemedi."
Osmanlıcılık,https://tr.wikipedia.org/wiki/Osmanl%C4%B1c%C4%B1l%C4%B1k,1,"Türkiye#81: Bunun yanı sıra, ülkede toprak bütünlüğünü korumak için geliştirilen, farklı dinî ve etnik kökenlere sahip kişilerin bir arada yaşaması fikrini içeren akımı da başarıya ulaşamayarak . 1854'te sırasında Osmanlı İmparatorluğu, ilk kez gitti; ancak alınan borçlar ödenemedi."
dağılmanın önüne geçemedi,https://tr.wikipedia.org/wiki/Osmanl%C4%B1_%C4%B0mparatorlu%C4%9Fu_da%C4%9F%C4%B1lma_d%C3%B6nemi,1,"Türkiye#81: Bunun yanı sıra, ülkede toprak bütünlüğünü korumak için geliştirilen, farklı dinî ve etnik kökenlere sahip kişilerin bir arada yaşaması fikrini içeren akımı da başarıya ulaşamayarak . 1854'te sırasında Osmanlı İmparatorluğu, ilk kez gitti; ancak alınan borçlar ödenemedi."
dağılmanın önüne geçemedi,https://tr.wikipedia.org/wiki/Osmanl%C4%B1_%C4%B0mparatorlu%C4%9Fu_da%C4%9F%C4%B1lma_d%C3%B6nemi,1,"Türkiye#81: Bunun yanı sıra, ülkede toprak bütünlüğünü korumak için geliştirilen, farklı dinî ve etnik kökenlere sahip kişilerin bir arada yaşaması fikrini içeren akımı da başarıya ulaşamayarak . 1854'te sırasında Osmanlı İmparatorluğu, ilk kez gitti; ancak alınan borçlar ödenemedi."
Kırım Savaşı,https://tr.wikipedia.org/wiki/K%C4%B1r%C4%B1m_Sava%C5%9F%C4%B1,1,"Türkiye#81: Bunun yanı sıra, ülkede toprak bütünlüğünü korumak için geliştirilen, farklı dinî ve etnik kökenlere sahip kişilerin bir arada yaşaması fikrini içeren akımı da başarıya ulaşamayarak . 1854'te sırasında Osmanlı İmparatorluğu, ilk kez gitti; ancak alınan borçlar ödenemedi."
Kırım Savaşı,https://tr.wikipedia.org/wiki/K%C4%B1r%C4%B1m_Sava%C5%9F%C4%B1,1,"Türkiye#81: Bunun yanı sıra, ülkede toprak bütünlüğünü korumak için geliştirilen, farklı dinî ve etnik kökenlere sahip kişilerin bir arada yaşaması fikrini içeren akımı da başarıya ulaşamayarak . 1854'te sırasında Osmanlı İmparatorluğu, ilk kez gitti; ancak alınan borçlar ödenemedi."
dış borçlanmaya,https://tr.wikipedia.org/wiki/D%C4%B1%C5%9F_bor%C3%A7,1,"Türkiye#81: Bunun yanı sıra, ülkede toprak bütünlüğünü korumak için geliştirilen, farklı dinî ve etnik kökenlere sahip kişilerin bir arada yaşaması fikrini içeren akımı da başarıya ulaşamayarak . 1854'te sırasında Osmanlı İmparatorluğu, ilk kez gitti; ancak alınan borçlar ödenemedi."
dış borçlanmaya,https://tr.wikipedia.org/wiki/D%C4%B1%C5%9F_bor%C3%A7,1,"Türkiye#81: Bunun yanı sıra, ülkede toprak bütünlüğünü korumak için geliştirilen, farklı dinî ve etnik kökenlere sahip kişilerin bir arada yaşaması fikrini içeren akımı da başarıya ulaşamayarak . 1854'te sırasında Osmanlı İmparatorluğu, ilk kez gitti; ancak alınan borçlar ödenemedi."
1875-78 Doğu Krizi,https://tr.wikipedia.org/wiki/Do%C4%9Fu_Sorunu,1,Türkiye#83: Bunu ve gibi felaketler izledi.
1875-78 Doğu Krizi,https://tr.wikipedia.org/wiki/Do%C4%9Fu_Sorunu,1,Türkiye#83: Bunu ve gibi felaketler izledi.
1877-78 Osmanlı-Rus Savaşı,https://tr.wikipedia.org/wiki/93_Harbi,1,Türkiye#83: Bunu ve gibi felaketler izledi.
1877-78 Osmanlı-Rus Savaşı,https://tr.wikipedia.org/wiki/93_Harbi,1,Türkiye#83: Bunu ve gibi felaketler izledi.
Düyun-u Umumiye,https://tr.wikipedia.org/wiki/D%C3%BCy%C3%BBn-%C4%B1_Um%C3%BBmiye,1,"Türkiye#84: Sonuç olarak Osmanlı ekonomisi, borçlarını ödeyemeyerek harap duruma gelince, alacaklı ülkeler tarafından 1881'de borçların tahsilatını sağlayacak kuruldu."
Düyun-u Umumiye,https://tr.wikipedia.org/wiki/D%C3%BCy%C3%BBn-%C4%B1_Um%C3%BBmiye,1,"Türkiye#84: Sonuç olarak Osmanlı ekonomisi, borçlarını ödeyemeyerek harap duruma gelince, alacaklı ülkeler tarafından 1881'de borçların tahsilatını sağlayacak kuruldu."
Avrupalı güçlerle,https://tr.wikipedia.org/wiki/B%C3%BCy%C3%BCk_g%C3%BC%C3%A7,1,"Türkiye#85: Böylece Osmanlı Devleti'nin gelirlerinin kontrolü, alacaklı ülkelerin eline geçti. 20. yüzyıl başlarında Osmanlı İmparatorluğu, karşılaştırıldığında sanayileşememiş ve gelişmemiş bir ülke konumuna geldi."
Avrupalı güçlerle,https://tr.wikipedia.org/wiki/B%C3%BCy%C3%BCk_g%C3%BC%C3%A7,1,"Türkiye#85: Böylece Osmanlı Devleti'nin gelirlerinin kontrolü, alacaklı ülkelerin eline geçti. 20. yüzyıl başlarında Osmanlı İmparatorluğu, karşılaştırıldığında sanayileşememiş ve gelişmemiş bir ülke konumuna geldi."
Açe Sultanlığı,https://tr.wikipedia.org/wiki/A%C3%A7e_Sultanl%C4%B1%C4%9F%C4%B1,1,"Türkiye#86: Yine de, Osmanlılar en uzak vasalları olan 'na asker gönderirken 'da bile nüfuz sahibiydiler."
Açe Sultanlığı,https://tr.wikipedia.org/wiki/A%C3%A7e_Sultanl%C4%B1%C4%9F%C4%B1,1,"Türkiye#86: Yine de, Osmanlılar en uzak vasalları olan 'na asker gönderirken 'da bile nüfuz sahibiydiler."
Güneydoğu Asya,https://tr.wikipedia.org/wiki/G%C3%BCneydo%C4%9Fu_Asya,1,"Türkiye#86: Yine de, Osmanlılar en uzak vasalları olan 'na asker gönderirken 'da bile nüfuz sahibiydiler."
Güneydoğu Asya,https://tr.wikipedia.org/wiki/G%C3%BCneydo%C4%9Fu_Asya,1,"Türkiye#86: Yine de, Osmanlılar en uzak vasalları olan 'na asker gönderirken 'da bile nüfuz sahibiydiler."
Balkanlarda,https://tr.wikipedia.org/wiki/Balkanlar,1,"Türkiye#87: Osmanlı İmparatorluğu'nun topraklarının sınırları, askerî gücü ve zenginlik düzeyi giderek azalınca, yaşayan Müslümanlar, gördükleri eziyetler sebebiyle Anadolu'ya göç etmeye başladı."
Balkanlarda,https://tr.wikipedia.org/wiki/Balkanlar,1,"Türkiye#87: Osmanlı İmparatorluğu'nun topraklarının sınırları, askerî gücü ve zenginlik düzeyi giderek azalınca, yaşayan Müslümanlar, gördükleri eziyetler sebebiyle Anadolu'ya göç etmeye başladı."
Rusların,https://tr.wikipedia.org/wiki/Rus_%C4%B0mparatorlu%C4%9Fu,1,Türkiye#88: Aynı şekilde topraklarını sonucunda buradaki Müslümanlar da Anadolu'ya yöneldi.
Rusların,https://tr.wikipedia.org/wiki/Rus_%C4%B0mparatorlu%C4%9Fu,1,Türkiye#88: Aynı şekilde topraklarını sonucunda buradaki Müslümanlar da Anadolu'ya yöneldi.
ele geçirmesi,https://tr.wikipedia.org/wiki/Kafkas_Sava%C5%9F%C4%B1,1,Türkiye#88: Aynı şekilde topraklarını sonucunda buradaki Müslümanlar da Anadolu'ya yöneldi.
ele geçirmesi,https://tr.wikipedia.org/wiki/Kafkas_Sava%C5%9F%C4%B1,1,Türkiye#88: Aynı şekilde topraklarını sonucunda buradaki Müslümanlar da Anadolu'ya yöneldi.
Ermeni Sorunu,https://tr.wikipedia.org/wiki/Ermeni_Sorunu,1,Türkiye#89: İmparatorluğun yine son zamanlarında isyanlarının çıkmasıyla milletler arasında çeşitli etnik gerginlikler yaşandı; bu etnik gerginlikler gibi çeşitli sorunları ortaya çıkardı.
Ermeni Sorunu,https://tr.wikipedia.org/wiki/Ermeni_Sorunu,1,Türkiye#89: İmparatorluğun yine son zamanlarında isyanlarının çıkmasıyla milletler arasında çeşitli etnik gerginlikler yaşandı; bu etnik gerginlikler gibi çeşitli sorunları ortaya çıkardı.
II. Abdülhamid,https://tr.wikipedia.org/wiki/II._Abd%C3%BClhamid,1,Türkiye#90: Sultan 'in aşırı otoriter yönetimine bir tepki olarak gelişen hareketinin 1908'de yaptığı devrimle ilan edildi.
II. Abdülhamid,https://tr.wikipedia.org/wiki/II._Abd%C3%BClhamid,1,Türkiye#90: Sultan 'in aşırı otoriter yönetimine bir tepki olarak gelişen hareketinin 1908'de yaptığı devrimle ilan edildi.
Jön Türk,https://tr.wikipedia.org/wiki/J%C3%B6n_T%C3%BCrkler,1,Türkiye#90: Sultan 'in aşırı otoriter yönetimine bir tepki olarak gelişen hareketinin 1908'de yaptığı devrimle ilan edildi.
Jön Türk,https://tr.wikipedia.org/wiki/J%C3%B6n_T%C3%BCrkler,1,Türkiye#90: Sultan 'in aşırı otoriter yönetimine bir tepki olarak gelişen hareketinin 1908'de yaptığı devrimle ilan edildi.
Bulgaristan'ın resmen bağımsız olması,https://tr.wikipedia.org/wiki/Bulgaristan_Ba%C4%9F%C4%B1ms%C4%B1zl%C4%B1k_Bildirgesi,1,"Türkiye#91: Ardından 5 Ekim 1908'de ve 6 Ekim 1908'de , ülkedeki kaos ortamını büyüttü."
Bulgaristan'ın resmen bağımsız olması,https://tr.wikipedia.org/wiki/Bulgaristan_Ba%C4%9F%C4%B1ms%C4%B1zl%C4%B1k_Bildirgesi,1,"Türkiye#91: Ardından 5 Ekim 1908'de ve 6 Ekim 1908'de , ülkedeki kaos ortamını büyüttü."
Avusturya-Macaristan'ın Bosna'yı tek taraflı ilhakı,https://tr.wikipedia.org/wiki/Bosna_Krizi,1,"Türkiye#91: Ardından 5 Ekim 1908'de ve 6 Ekim 1908'de , ülkedeki kaos ortamını büyüttü."
Avusturya-Macaristan'ın Bosna'yı tek taraflı ilhakı,https://tr.wikipedia.org/wiki/Bosna_Krizi,1,"Türkiye#91: Ardından 5 Ekim 1908'de ve 6 Ekim 1908'de , ülkedeki kaos ortamını büyüttü."
Trablusgarp Savaşı,https://tr.wikipedia.org/wiki/Trablusgarp_Sava%C5%9F%C4%B1,1,"Türkiye#92: Bu olayları, pek çok canın ve toprağın kaybına sebep olan (1911-12) ile (1912-13) izledi. 23 Ocak 1913'te, sırasında gerçekleşen , 'ı başa getirdi ve yönetimi ele geçirmelerine yol açtı."
Trablusgarp Savaşı,https://tr.wikipedia.org/wiki/Trablusgarp_Sava%C5%9F%C4%B1,1,"Türkiye#92: Bu olayları, pek çok canın ve toprağın kaybına sebep olan (1911-12) ile (1912-13) izledi. 23 Ocak 1913'te, sırasında gerçekleşen , 'ı başa getirdi ve yönetimi ele geçirmelerine yol açtı."
Balkan Savaşları,https://tr.wikipedia.org/wiki/Balkan_Sava%C5%9Flar%C4%B1,1,"Türkiye#92: Bu olayları, pek çok canın ve toprağın kaybına sebep olan (1911-12) ile (1912-13) izledi. 23 Ocak 1913'te, sırasında gerçekleşen , 'ı başa getirdi ve yönetimi ele geçirmelerine yol açtı."
Balkan Savaşları,https://tr.wikipedia.org/wiki/Balkan_Sava%C5%9Flar%C4%B1,1,"Türkiye#92: Bu olayları, pek çok canın ve toprağın kaybına sebep olan (1911-12) ile (1912-13) izledi. 23 Ocak 1913'te, sırasında gerçekleşen , 'ı başa getirdi ve yönetimi ele geçirmelerine yol açtı."
I. Balkan Savaşı,https://tr.wikipedia.org/wiki/Birinci_Balkan_Sava%C5%9F%C4%B1,1,"Türkiye#92: Bu olayları, pek çok canın ve toprağın kaybına sebep olan (1911-12) ile (1912-13) izledi. 23 Ocak 1913'te, sırasında gerçekleşen , 'ı başa getirdi ve yönetimi ele geçirmelerine yol açtı."
I. Balkan Savaşı,https://tr.wikipedia.org/wiki/Birinci_Balkan_Sava%C5%9F%C4%B1,1,"Türkiye#92: Bu olayları, pek çok canın ve toprağın kaybına sebep olan (1911-12) ile (1912-13) izledi. 23 Ocak 1913'te, sırasında gerçekleşen , 'ı başa getirdi ve yönetimi ele geçirmelerine yol açtı."
Bâb-ı Âli Baskını,https://tr.wikipedia.org/wiki/B%C3%A2b-%C4%B1_%C3%82li_Bask%C4%B1n%C4%B1,1,"Türkiye#92: Bu olayları, pek çok canın ve toprağın kaybına sebep olan (1911-12) ile (1912-13) izledi. 23 Ocak 1913'te, sırasında gerçekleşen , 'ı başa getirdi ve yönetimi ele geçirmelerine yol açtı."
Bâb-ı Âli Baskını,https://tr.wikipedia.org/wiki/B%C3%A2b-%C4%B1_%C3%82li_Bask%C4%B1n%C4%B1,1,"Türkiye#92: Bu olayları, pek çok canın ve toprağın kaybına sebep olan (1911-12) ile (1912-13) izledi. 23 Ocak 1913'te, sırasında gerçekleşen , 'ı başa getirdi ve yönetimi ele geçirmelerine yol açtı."
Üç Paşalar,https://tr.wikipedia.org/wiki/%C3%9C%C3%A7_Pa%C5%9Falar,1,"Türkiye#92: Bu olayları, pek çok canın ve toprağın kaybına sebep olan (1911-12) ile (1912-13) izledi. 23 Ocak 1913'te, sırasında gerçekleşen , 'ı başa getirdi ve yönetimi ele geçirmelerine yol açtı."
Üç Paşalar,https://tr.wikipedia.org/wiki/%C3%9C%C3%A7_Pa%C5%9Falar,1,"Türkiye#92: Bu olayları, pek çok canın ve toprağın kaybına sebep olan (1911-12) ile (1912-13) izledi. 23 Ocak 1913'te, sırasında gerçekleşen , 'ı başa getirdi ve yönetimi ele geçirmelerine yol açtı."
Tehcir Kanunu,https://tr.wikipedia.org/wiki/Tehcir_Kanunu,1,"Türkiye#94: Savaş sırasında Ermenilerle yaşanan etnik gerginliklerin tırmanması üzerine çıkarılan ile Ermeniler, 'nden 'ye devlet eliyle göç ettirildi."
Tehcir Kanunu,https://tr.wikipedia.org/wiki/Tehcir_Kanunu,1,"Türkiye#94: Savaş sırasında Ermenilerle yaşanan etnik gerginliklerin tırmanması üzerine çıkarılan ile Ermeniler, 'nden 'ye devlet eliyle göç ettirildi."
Doğu Anadolu Bölgesi,https://tr.wikipedia.org/wiki/Do%C4%9Fu_Anadolu_B%C3%B6lgesi,1,"Türkiye#94: Savaş sırasında Ermenilerle yaşanan etnik gerginliklerin tırmanması üzerine çıkarılan ile Ermeniler, 'nden 'ye devlet eliyle göç ettirildi."
Doğu Anadolu Bölgesi,https://tr.wikipedia.org/wiki/Do%C4%9Fu_Anadolu_B%C3%B6lgesi,1,"Türkiye#94: Savaş sırasında Ermenilerle yaşanan etnik gerginliklerin tırmanması üzerine çıkarılan ile Ermeniler, 'nden 'ye devlet eliyle göç ettirildi."
Ermeni Soykırımı,https://tr.wikipedia.org/wiki/Ermeni_K%C4%B1r%C4%B1m%C4%B1,1,"Türkiye#96: Bu ölümler, çeşitli kaynaklar tarafından olarak tanımlandı."
Ermeni Soykırımı,https://tr.wikipedia.org/wiki/Ermeni_K%C4%B1r%C4%B1m%C4%B1,1,"Türkiye#96: Bu ölümler, çeşitli kaynaklar tarafından olarak tanımlandı."
Rum,https://tr.wikipedia.org/wiki/Rum_K%C4%B1r%C4%B1m%C4%B1,1,"Türkiye#98: Ermenilerin yanı sıra, imparatorlukta savaş devam ederken ve ve bu olaylar da bazı kaynaklar tarafından soykırım olarak tanımlandı."
Rum,https://tr.wikipedia.org/wiki/Rum_K%C4%B1r%C4%B1m%C4%B1,1,"Türkiye#98: Ermenilerin yanı sıra, imparatorlukta savaş devam ederken ve ve bu olaylar da bazı kaynaklar tarafından soykırım olarak tanımlandı."
Süryaniler de öldürüldü,https://tr.wikipedia.org/wiki/S%C3%BCryani_K%C4%B1r%C4%B1m%C4%B1,1,"Türkiye#98: Ermenilerin yanı sıra, imparatorlukta savaş devam ederken ve ve bu olaylar da bazı kaynaklar tarafından soykırım olarak tanımlandı."
Süryaniler de öldürüldü,https://tr.wikipedia.org/wiki/S%C3%BCryani_K%C4%B1r%C4%B1m%C4%B1,1,"Türkiye#98: Ermenilerin yanı sıra, imparatorlukta savaş devam ederken ve ve bu olaylar da bazı kaynaklar tarafından soykırım olarak tanımlandı."
çeşitli yeni devletler,https://tr.wikipedia.org/wiki/Eski_Osmanl%C4%B1_topraklar%C4%B1nda_%C5%9Fu_an_bulunan_devletler_listesi,1,"Türkiye#99: Savaşın ardından imparatorluğa bağlı milletler ayrılarak kurdular. 30 Ekim 1918'de , ile 'ni imzaladı. 10 Ağustos 1920'de imzalanan ise Osmanlı topraklarını İtilaf Devletleri arasında paylaştırdı, ancak yürürlüğe giremedi."
çeşitli yeni devletler,https://tr.wikipedia.org/wiki/Eski_Osmanl%C4%B1_topraklar%C4%B1nda_%C5%9Fu_an_bulunan_devletler_listesi,1,"Türkiye#99: Savaşın ardından imparatorluğa bağlı milletler ayrılarak kurdular. 30 Ekim 1918'de , ile 'ni imzaladı. 10 Ağustos 1920'de imzalanan ise Osmanlı topraklarını İtilaf Devletleri arasında paylaştırdı, ancak yürürlüğe giremedi."
İzmir,https://tr.wikipedia.org/wiki/%C4%B0zmir%27in_%C4%B0%C5%9Fgali,1,"Türkiye#100: bitiminde imzalanan 'nden sonra İtilaf Devletleri tarafından , ve diğer Osmanlı topraklarının işgali, 'ni ortaya çıkardı. 'nın öne çıkan isimlerinden biri olan 'nın 19 Mayıs 1919'da ile 'nın getirdiği şartları iptal edip sınırları içinde kalan ülke topraklarının bütünlüğünü korumayı amaçlayan başlatıldı."
İzmir,https://tr.wikipedia.org/wiki/%C4%B0zmir%27in_%C4%B0%C5%9Fgali,1,"Türkiye#100: bitiminde imzalanan 'nden sonra İtilaf Devletleri tarafından , ve diğer Osmanlı topraklarının işgali, 'ni ortaya çıkardı. 'nın öne çıkan isimlerinden biri olan 'nın 19 Mayıs 1919'da ile 'nın getirdiği şartları iptal edip sınırları içinde kalan ülke topraklarının bütünlüğünü korumayı amaçlayan başlatıldı."
Anadolu Hareketi,https://tr.wikipedia.org/wiki/Anadolu_Hareketi,1,"Türkiye#100: bitiminde imzalanan 'nden sonra İtilaf Devletleri tarafından , ve diğer Osmanlı topraklarının işgali, 'ni ortaya çıkardı. 'nın öne çıkan isimlerinden biri olan 'nın 19 Mayıs 1919'da ile 'nın getirdiği şartları iptal edip sınırları içinde kalan ülke topraklarının bütünlüğünü korumayı amaçlayan başlatıldı."
Anadolu Hareketi,https://tr.wikipedia.org/wiki/Anadolu_Hareketi,1,"Türkiye#100: bitiminde imzalanan 'nden sonra İtilaf Devletleri tarafından , ve diğer Osmanlı topraklarının işgali, 'ni ortaya çıkardı. 'nın öne çıkan isimlerinden biri olan 'nın 19 Mayıs 1919'da ile 'nın getirdiği şartları iptal edip sınırları içinde kalan ülke topraklarının bütünlüğünü korumayı amaçlayan başlatıldı."
Çanakkale Savaşı,https://tr.wikipedia.org/wiki/%C3%87anakkale_Sava%C5%9F%C4%B1,1,"Türkiye#100: bitiminde imzalanan 'nden sonra İtilaf Devletleri tarafından , ve diğer Osmanlı topraklarının işgali, 'ni ortaya çıkardı. 'nın öne çıkan isimlerinden biri olan 'nın 19 Mayıs 1919'da ile 'nın getirdiği şartları iptal edip sınırları içinde kalan ülke topraklarının bütünlüğünü korumayı amaçlayan başlatıldı."
Çanakkale Savaşı,https://tr.wikipedia.org/wiki/%C3%87anakkale_Sava%C5%9F%C4%B1,1,"Türkiye#100: bitiminde imzalanan 'nden sonra İtilaf Devletleri tarafından , ve diğer Osmanlı topraklarının işgali, 'ni ortaya çıkardı. 'nın öne çıkan isimlerinden biri olan 'nın 19 Mayıs 1919'da ile 'nın getirdiği şartları iptal edip sınırları içinde kalan ülke topraklarının bütünlüğünü korumayı amaçlayan başlatıldı."
Mustafa Kemal,https://tr.wikipedia.org/wiki/Mustafa_Kemal_Atat%C3%BCrk,1,"Türkiye#100: bitiminde imzalanan 'nden sonra İtilaf Devletleri tarafından , ve diğer Osmanlı topraklarının işgali, 'ni ortaya çıkardı. 'nın öne çıkan isimlerinden biri olan 'nın 19 Mayıs 1919'da ile 'nın getirdiği şartları iptal edip sınırları içinde kalan ülke topraklarının bütünlüğünü korumayı amaçlayan başlatıldı."
Mustafa Kemal,https://tr.wikipedia.org/wiki/Mustafa_Kemal_Atat%C3%BCrk,1,"Türkiye#100: bitiminde imzalanan 'nden sonra İtilaf Devletleri tarafından , ve diğer Osmanlı topraklarının işgali, 'ni ortaya çıkardı. 'nın öne çıkan isimlerinden biri olan 'nın 19 Mayıs 1919'da ile 'nın getirdiği şartları iptal edip sınırları içinde kalan ülke topraklarının bütünlüğünü korumayı amaçlayan başlatıldı."
Paşa,https://tr.wikipedia.org/wiki/Pa%C5%9Fa,1,"Türkiye#100: bitiminde imzalanan 'nden sonra İtilaf Devletleri tarafından , ve diğer Osmanlı topraklarının işgali, 'ni ortaya çıkardı. 'nın öne çıkan isimlerinden biri olan 'nın 19 Mayıs 1919'da ile 'nın getirdiği şartları iptal edip sınırları içinde kalan ülke topraklarının bütünlüğünü korumayı amaçlayan başlatıldı."
Paşa,https://tr.wikipedia.org/wiki/Pa%C5%9Fa,1,"Türkiye#100: bitiminde imzalanan 'nden sonra İtilaf Devletleri tarafından , ve diğer Osmanlı topraklarının işgali, 'ni ortaya çıkardı. 'nın öne çıkan isimlerinden biri olan 'nın 19 Mayıs 1919'da ile 'nın getirdiği şartları iptal edip sınırları içinde kalan ülke topraklarının bütünlüğünü korumayı amaçlayan başlatıldı."
Samsun'a çıkışı,https://tr.wikipedia.org/wiki/Mustafa_Kemal%27in_Samsun%27a_%C3%A7%C4%B1k%C4%B1%C5%9F%C4%B1,1,"Türkiye#100: bitiminde imzalanan 'nden sonra İtilaf Devletleri tarafından , ve diğer Osmanlı topraklarının işgali, 'ni ortaya çıkardı. 'nın öne çıkan isimlerinden biri olan 'nın 19 Mayıs 1919'da ile 'nın getirdiği şartları iptal edip sınırları içinde kalan ülke topraklarının bütünlüğünü korumayı amaçlayan başlatıldı."
Samsun'a çıkışı,https://tr.wikipedia.org/wiki/Mustafa_Kemal%27in_Samsun%27a_%C3%A7%C4%B1k%C4%B1%C5%9F%C4%B1,1,"Türkiye#100: bitiminde imzalanan 'nden sonra İtilaf Devletleri tarafından , ve diğer Osmanlı topraklarının işgali, 'ni ortaya çıkardı. 'nın öne çıkan isimlerinden biri olan 'nın 19 Mayıs 1919'da ile 'nın getirdiği şartları iptal edip sınırları içinde kalan ülke topraklarının bütünlüğünü korumayı amaçlayan başlatıldı."
Mîsâk-ı Millî,https://tr.wikipedia.org/wiki/M%C3%AEs%C3%A2k-%C4%B1_Mill%C3%AE,1,"Türkiye#100: bitiminde imzalanan 'nden sonra İtilaf Devletleri tarafından , ve diğer Osmanlı topraklarının işgali, 'ni ortaya çıkardı. 'nın öne çıkan isimlerinden biri olan 'nın 19 Mayıs 1919'da ile 'nın getirdiği şartları iptal edip sınırları içinde kalan ülke topraklarının bütünlüğünü korumayı amaçlayan başlatıldı."
Mîsâk-ı Millî,https://tr.wikipedia.org/wiki/M%C3%AEs%C3%A2k-%C4%B1_Mill%C3%AE,1,"Türkiye#100: bitiminde imzalanan 'nden sonra İtilaf Devletleri tarafından , ve diğer Osmanlı topraklarının işgali, 'ni ortaya çıkardı. 'nın öne çıkan isimlerinden biri olan 'nın 19 Mayıs 1919'da ile 'nın getirdiği şartları iptal edip sınırları içinde kalan ülke topraklarının bütünlüğünü korumayı amaçlayan başlatıldı."
Ankara merkezli Türk rejimi,https://tr.wikipedia.org/wiki/Ankara_H%C3%BCk%C3%BBmeti,1,"Türkiye#101: Ankara'da 23 Nisan 1920'de kendisini ülkenin meşru hükûmeti ilan eden , eski Osmanlı'dan yeni Cumhuriyet siyasi sistemine yasal geçişi resmîleştirmeye başladı."
Ankara merkezli Türk rejimi,https://tr.wikipedia.org/wiki/Ankara_H%C3%BCk%C3%BBmeti,1,"Türkiye#101: Ankara'da 23 Nisan 1920'de kendisini ülkenin meşru hükûmeti ilan eden , eski Osmanlı'dan yeni Cumhuriyet siyasi sistemine yasal geçişi resmîleştirmeye başladı."
Mudanya Mütarekesi,https://tr.wikipedia.org/wiki/Mudanya_M%C3%BCtarekesi,1,"Türkiye#102: Ankara Hükûmeti silahlı ve diplomatik mücadeleye girişti. 1921-1923 yılları arasında Ermeni, Yunan, Fransız ve İngiliz orduları ülkeden kovuldu: Ankara Hükûmeti'nin askerî ilerleyişi ve diplomatik başarısı 11 Ekim 1922'de 'nin imzalanmasıyla sonuçlandı. ile Ankara Hükûmeti arasındaki 'nin (Eylül-Ekim 1922) ele alınışı, 19 Ekim 1922'de hükûmetinin çökmesine ve 'nın Birleşik Krallık'tan siyasi özerklik kazanmasına neden oldu. 1 Kasım 1922 tarihinde , ve 623 yıllık monarşik Osmanlı İmparatorluğu, resmen tarih sahnesinden silindi."
Mudanya Mütarekesi,https://tr.wikipedia.org/wiki/Mudanya_M%C3%BCtarekesi,1,"Türkiye#102: Ankara Hükûmeti silahlı ve diplomatik mücadeleye girişti. 1921-1923 yılları arasında Ermeni, Yunan, Fransız ve İngiliz orduları ülkeden kovuldu: Ankara Hükûmeti'nin askerî ilerleyişi ve diplomatik başarısı 11 Ekim 1922'de 'nin imzalanmasıyla sonuçlandı. ile Ankara Hükûmeti arasındaki 'nin (Eylül-Ekim 1922) ele alınışı, 19 Ekim 1922'de hükûmetinin çökmesine ve 'nın Birleşik Krallık'tan siyasi özerklik kazanmasına neden oldu. 1 Kasım 1922 tarihinde , ve 623 yıllık monarşik Osmanlı İmparatorluğu, resmen tarih sahnesinden silindi."
Birleşik Krallık,https://tr.wikipedia.org/wiki/B%C3%BCy%C3%BCk_Britanya_ve_%C4%B0rlanda_Birle%C5%9Fik_Krall%C4%B1%C4%9F%C4%B1,1,"Türkiye#102: Ankara Hükûmeti silahlı ve diplomatik mücadeleye girişti. 1921-1923 yılları arasında Ermeni, Yunan, Fransız ve İngiliz orduları ülkeden kovuldu: Ankara Hükûmeti'nin askerî ilerleyişi ve diplomatik başarısı 11 Ekim 1922'de 'nin imzalanmasıyla sonuçlandı. ile Ankara Hükûmeti arasındaki 'nin (Eylül-Ekim 1922) ele alınışı, 19 Ekim 1922'de hükûmetinin çökmesine ve 'nın Birleşik Krallık'tan siyasi özerklik kazanmasına neden oldu. 1 Kasım 1922 tarihinde , ve 623 yıllık monarşik Osmanlı İmparatorluğu, resmen tarih sahnesinden silindi."
Birleşik Krallık,https://tr.wikipedia.org/wiki/B%C3%BCy%C3%BCk_Britanya_ve_%C4%B0rlanda_Birle%C5%9Fik_Krall%C4%B1%C4%9F%C4%B1,1,"Türkiye#102: Ankara Hükûmeti silahlı ve diplomatik mücadeleye girişti. 1921-1923 yılları arasında Ermeni, Yunan, Fransız ve İngiliz orduları ülkeden kovuldu: Ankara Hükûmeti'nin askerî ilerleyişi ve diplomatik başarısı 11 Ekim 1922'de 'nin imzalanmasıyla sonuçlandı. ile Ankara Hükûmeti arasındaki 'nin (Eylül-Ekim 1922) ele alınışı, 19 Ekim 1922'de hükûmetinin çökmesine ve 'nın Birleşik Krallık'tan siyasi özerklik kazanmasına neden oldu. 1 Kasım 1922 tarihinde , ve 623 yıllık monarşik Osmanlı İmparatorluğu, resmen tarih sahnesinden silindi."
Çanakkale Krizi,https://tr.wikipedia.org/wiki/%C3%87anakkale_Krizi,1,"Türkiye#102: Ankara Hükûmeti silahlı ve diplomatik mücadeleye girişti. 1921-1923 yılları arasında Ermeni, Yunan, Fransız ve İngiliz orduları ülkeden kovuldu: Ankara Hükûmeti'nin askerî ilerleyişi ve diplomatik başarısı 11 Ekim 1922'de 'nin imzalanmasıyla sonuçlandı. ile Ankara Hükûmeti arasındaki 'nin (Eylül-Ekim 1922) ele alınışı, 19 Ekim 1922'de hükûmetinin çökmesine ve 'nın Birleşik Krallık'tan siyasi özerklik kazanmasına neden oldu. 1 Kasım 1922 tarihinde , ve 623 yıllık monarşik Osmanlı İmparatorluğu, resmen tarih sahnesinden silindi."
Çanakkale Krizi,https://tr.wikipedia.org/wiki/%C3%87anakkale_Krizi,1,"Türkiye#102: Ankara Hükûmeti silahlı ve diplomatik mücadeleye girişti. 1921-1923 yılları arasında Ermeni, Yunan, Fransız ve İngiliz orduları ülkeden kovuldu: Ankara Hükûmeti'nin askerî ilerleyişi ve diplomatik başarısı 11 Ekim 1922'de 'nin imzalanmasıyla sonuçlandı. ile Ankara Hükûmeti arasındaki 'nin (Eylül-Ekim 1922) ele alınışı, 19 Ekim 1922'de hükûmetinin çökmesine ve 'nın Birleşik Krallık'tan siyasi özerklik kazanmasına neden oldu. 1 Kasım 1922 tarihinde , ve 623 yıllık monarşik Osmanlı İmparatorluğu, resmen tarih sahnesinden silindi."
David Lloyd George,https://tr.wikipedia.org/wiki/David_Lloyd_George,1,"Türkiye#102: Ankara Hükûmeti silahlı ve diplomatik mücadeleye girişti. 1921-1923 yılları arasında Ermeni, Yunan, Fransız ve İngiliz orduları ülkeden kovuldu: Ankara Hükûmeti'nin askerî ilerleyişi ve diplomatik başarısı 11 Ekim 1922'de 'nin imzalanmasıyla sonuçlandı. ile Ankara Hükûmeti arasındaki 'nin (Eylül-Ekim 1922) ele alınışı, 19 Ekim 1922'de hükûmetinin çökmesine ve 'nın Birleşik Krallık'tan siyasi özerklik kazanmasına neden oldu. 1 Kasım 1922 tarihinde , ve 623 yıllık monarşik Osmanlı İmparatorluğu, resmen tarih sahnesinden silindi."
David Lloyd George,https://tr.wikipedia.org/wiki/David_Lloyd_George,1,"Türkiye#102: Ankara Hükûmeti silahlı ve diplomatik mücadeleye girişti. 1921-1923 yılları arasında Ermeni, Yunan, Fransız ve İngiliz orduları ülkeden kovuldu: Ankara Hükûmeti'nin askerî ilerleyişi ve diplomatik başarısı 11 Ekim 1922'de 'nin imzalanmasıyla sonuçlandı. ile Ankara Hükûmeti arasındaki 'nin (Eylül-Ekim 1922) ele alınışı, 19 Ekim 1922'de hükûmetinin çökmesine ve 'nın Birleşik Krallık'tan siyasi özerklik kazanmasına neden oldu. 1 Kasım 1922 tarihinde , ve 623 yıllık monarşik Osmanlı İmparatorluğu, resmen tarih sahnesinden silindi."
Kanada,https://tr.wikipedia.org/wiki/Kanada,1,"Türkiye#102: Ankara Hükûmeti silahlı ve diplomatik mücadeleye girişti. 1921-1923 yılları arasında Ermeni, Yunan, Fransız ve İngiliz orduları ülkeden kovuldu: Ankara Hükûmeti'nin askerî ilerleyişi ve diplomatik başarısı 11 Ekim 1922'de 'nin imzalanmasıyla sonuçlandı. ile Ankara Hükûmeti arasındaki 'nin (Eylül-Ekim 1922) ele alınışı, 19 Ekim 1922'de hükûmetinin çökmesine ve 'nın Birleşik Krallık'tan siyasi özerklik kazanmasına neden oldu. 1 Kasım 1922 tarihinde , ve 623 yıllık monarşik Osmanlı İmparatorluğu, resmen tarih sahnesinden silindi."
Kanada,https://tr.wikipedia.org/wiki/Kanada,1,"Türkiye#102: Ankara Hükûmeti silahlı ve diplomatik mücadeleye girişti. 1921-1923 yılları arasında Ermeni, Yunan, Fransız ve İngiliz orduları ülkeden kovuldu: Ankara Hükûmeti'nin askerî ilerleyişi ve diplomatik başarısı 11 Ekim 1922'de 'nin imzalanmasıyla sonuçlandı. ile Ankara Hükûmeti arasındaki 'nin (Eylül-Ekim 1922) ele alınışı, 19 Ekim 1922'de hükûmetinin çökmesine ve 'nın Birleşik Krallık'tan siyasi özerklik kazanmasına neden oldu. 1 Kasım 1922 tarihinde , ve 623 yıllık monarşik Osmanlı İmparatorluğu, resmen tarih sahnesinden silindi."
saltanatı kaldırdı,https://tr.wikipedia.org/wiki/Saltanat%C4%B1n_kald%C4%B1r%C4%B1lmas%C4%B1,1,"Türkiye#102: Ankara Hükûmeti silahlı ve diplomatik mücadeleye girişti. 1921-1923 yılları arasında Ermeni, Yunan, Fransız ve İngiliz orduları ülkeden kovuldu: Ankara Hükûmeti'nin askerî ilerleyişi ve diplomatik başarısı 11 Ekim 1922'de 'nin imzalanmasıyla sonuçlandı. ile Ankara Hükûmeti arasındaki 'nin (Eylül-Ekim 1922) ele alınışı, 19 Ekim 1922'de hükûmetinin çökmesine ve 'nın Birleşik Krallık'tan siyasi özerklik kazanmasına neden oldu. 1 Kasım 1922 tarihinde , ve 623 yıllık monarşik Osmanlı İmparatorluğu, resmen tarih sahnesinden silindi."
saltanatı kaldırdı,https://tr.wikipedia.org/wiki/Saltanat%C4%B1n_kald%C4%B1r%C4%B1lmas%C4%B1,1,"Türkiye#102: Ankara Hükûmeti silahlı ve diplomatik mücadeleye girişti. 1921-1923 yılları arasında Ermeni, Yunan, Fransız ve İngiliz orduları ülkeden kovuldu: Ankara Hükûmeti'nin askerî ilerleyişi ve diplomatik başarısı 11 Ekim 1922'de 'nin imzalanmasıyla sonuçlandı. ile Ankara Hükûmeti arasındaki 'nin (Eylül-Ekim 1922) ele alınışı, 19 Ekim 1922'de hükûmetinin çökmesine ve 'nın Birleşik Krallık'tan siyasi özerklik kazanmasına neden oldu. 1 Kasım 1922 tarihinde , ve 623 yıllık monarşik Osmanlı İmparatorluğu, resmen tarih sahnesinden silindi."
Lozan Antlaşması,https://tr.wikipedia.org/wiki/Lozan_Antla%C5%9Fmas%C4%B1,1,"Türkiye#103: 24 Temmuz 1923'te Sevr Antlaşması'nın yerine imzalanan , 'nun devamı niteliğindeki yeni Türk devletinin uluslararası alanda tanınmasını sağladı."
Lozan Antlaşması,https://tr.wikipedia.org/wiki/Lozan_Antla%C5%9Fmas%C4%B1,1,"Türkiye#103: 24 Temmuz 1923'te Sevr Antlaşması'nın yerine imzalanan , 'nun devamı niteliğindeki yeni Türk devletinin uluslararası alanda tanınmasını sağladı."
şehre girmesiyle,https://tr.wikipedia.org/wiki/%C4%B0stanbul%27un_Kurtulu%C5%9Fu,1,"Türkiye#104: Yeni antlaşma, Türkiye'nin kendi toprakları üzerindeki egemenliğine yol açtı. 'nin Türkiye'yi işgali, 4 Ekim 1923'te son İtilaf birliklerinin 'dan çekilmesi ve 6 Ekim 1923'te Türk birliklerinin sona erdi. 29 Ekim 1923'te yeni başkent 'da resmen ."
şehre girmesiyle,https://tr.wikipedia.org/wiki/%C4%B0stanbul%27un_Kurtulu%C5%9Fu,1,"Türkiye#104: Yeni antlaşma, Türkiye'nin kendi toprakları üzerindeki egemenliğine yol açtı. 'nin Türkiye'yi işgali, 4 Ekim 1923'te son İtilaf birliklerinin 'dan çekilmesi ve 6 Ekim 1923'te Türk birliklerinin sona erdi. 29 Ekim 1923'te yeni başkent 'da resmen ."
cumhuriyet ilan edildi,https://tr.wikipedia.org/wiki/T%C3%BCrkiye%27de_cumhuriyetin_ilan%C4%B1,1,"Türkiye#104: Yeni antlaşma, Türkiye'nin kendi toprakları üzerindeki egemenliğine yol açtı. 'nin Türkiye'yi işgali, 4 Ekim 1923'te son İtilaf birliklerinin 'dan çekilmesi ve 6 Ekim 1923'te Türk birliklerinin sona erdi. 29 Ekim 1923'te yeni başkent 'da resmen ."
cumhuriyet ilan edildi,https://tr.wikipedia.org/wiki/T%C3%BCrkiye%27de_cumhuriyetin_ilan%C4%B1,1,"Türkiye#104: Yeni antlaşma, Türkiye'nin kendi toprakları üzerindeki egemenliğine yol açtı. 'nin Türkiye'yi işgali, 4 Ekim 1923'te son İtilaf birliklerinin 'dan çekilmesi ve 6 Ekim 1923'te Türk birliklerinin sona erdi. 29 Ekim 1923'te yeni başkent 'da resmen ."
Türkiye-Yunanistan nüfus mübadelesi,https://tr.wikipedia.org/wiki/T%C3%BCrkiye-Yunanistan_n%C3%BCfus_m%C3%BCbadelesi,1,"Türkiye#105: Lozan Antlaşması sonrasında antlaşma maddeleri gereğince yapılan kapsamında Türkiye'deki 1,1 milyon ile 'daki 380 bin Türk yer değiştirdi."
Türkiye-Yunanistan nüfus mübadelesi,https://tr.wikipedia.org/wiki/T%C3%BCrkiye-Yunanistan_n%C3%BCfus_m%C3%BCbadelesi,1,"Türkiye#105: Lozan Antlaşması sonrasında antlaşma maddeleri gereğince yapılan kapsamında Türkiye'deki 1,1 milyon ile 'daki 380 bin Türk yer değiştirdi."
Rum,https://tr.wikipedia.org/wiki/Rum,1,"Trabzon#64: Bölgedeki nüfus 1923 yılında ve arasında yapılan "" "" ile gönderilmiştir. | Türkiye#105: Lozan Antlaşması sonrasında antlaşma maddeleri gereğince yapılan kapsamında Türkiye'deki 1,1 milyon ile 'daki 380 bin Türk yer değiştirdi."
Rum,https://tr.wikipedia.org/wiki/Rum,1,"Trabzon#64: Bölgedeki nüfus 1923 yılında ve arasında yapılan "" "" ile gönderilmiştir. | Türkiye#105: Lozan Antlaşması sonrasında antlaşma maddeleri gereğince yapılan kapsamında Türkiye'deki 1,1 milyon ile 'daki 380 bin Türk yer değiştirdi."
cumhurbaşkanı,https://tr.wikipedia.org/wiki/T%C3%BCrkiye_cumhurba%C5%9Fkan%C4%B1,1,"Türkiye#106: Türkiye Cumhuriyeti Devleti'nin kurucusu ve ilk olan Mustafa Kemal, eski Osmanlı monarşisini bir altında bir olarak yönetilecek bir Türk dönüştürme amacını içeren birçok yaptı."
cumhurbaşkanı,https://tr.wikipedia.org/wiki/T%C3%BCrkiye_cumhurba%C5%9Fkan%C4%B1,1,"Türkiye#106: Türkiye Cumhuriyeti Devleti'nin kurucusu ve ilk olan Mustafa Kemal, eski Osmanlı monarşisini bir altında bir olarak yönetilecek bir Türk dönüştürme amacını içeren birçok yaptı."
dine dayalı ve çok uluslu U:(https://tr.wikipedia.org/wiki/Millet_(Osmanl%C4%B1_%C4%B0mparatorlu%C4%9Fu))___ eski Osmanlı monarşisini ___E:laik,https://tr.wikipedia.org/wiki/Laiklik,1,"Türkiye#106: Türkiye Cumhuriyeti Devleti'nin kurucusu ve ilk olan Mustafa Kemal, eski Osmanlı monarşisini bir altında bir olarak yönetilecek bir Türk dönüştürme amacını içeren birçok yaptı."
dine dayalı ve çok uluslu U:(https://tr.wikipedia.org/wiki/Millet_(Osmanl%C4%B1_%C4%B0mparatorlu%C4%9Fu))___ eski Osmanlı monarşisini ___E:laik,https://tr.wikipedia.org/wiki/Laiklik,1,"Türkiye#106: Türkiye Cumhuriyeti Devleti'nin kurucusu ve ilk olan Mustafa Kemal, eski Osmanlı monarşisini bir altında bir olarak yönetilecek bir Türk dönüştürme amacını içeren birçok yaptı."
parlamenter,https://tr.wikipedia.org/wiki/Parlamenter_sistem,1,"Türkiye#106: Türkiye Cumhuriyeti Devleti'nin kurucusu ve ilk olan Mustafa Kemal, eski Osmanlı monarşisini bir altında bir olarak yönetilecek bir Türk dönüştürme amacını içeren birçok yaptı."
parlamenter,https://tr.wikipedia.org/wiki/Parlamenter_sistem,1,"Türkiye#106: Türkiye Cumhuriyeti Devleti'nin kurucusu ve ilk olan Mustafa Kemal, eski Osmanlı monarşisini bir altında bir olarak yönetilecek bir Türk dönüştürme amacını içeren birçok yaptı."
cumhuriyet,https://tr.wikipedia.org/wiki/Cumhuriyet,1,"Türkiye#106: Türkiye Cumhuriyeti Devleti'nin kurucusu ve ilk olan Mustafa Kemal, eski Osmanlı monarşisini bir altında bir olarak yönetilecek bir Türk dönüştürme amacını içeren birçok yaptı."
cumhuriyet,https://tr.wikipedia.org/wiki/Cumhuriyet,1,"Türkiye#106: Türkiye Cumhuriyeti Devleti'nin kurucusu ve ilk olan Mustafa Kemal, eski Osmanlı monarşisini bir altında bir olarak yönetilecek bir Türk dönüştürme amacını içeren birçok yaptı."
ulus devletine,https://tr.wikipedia.org/wiki/Ulus_devlet,1,"Türkiye#106: Türkiye Cumhuriyeti Devleti'nin kurucusu ve ilk olan Mustafa Kemal, eski Osmanlı monarşisini bir altında bir olarak yönetilecek bir Türk dönüştürme amacını içeren birçok yaptı."
ulus devletine,https://tr.wikipedia.org/wiki/Ulus_devlet,1,"Türkiye#106: Türkiye Cumhuriyeti Devleti'nin kurucusu ve ilk olan Mustafa Kemal, eski Osmanlı monarşisini bir altında bir olarak yönetilecek bir Türk dönüştürme amacını içeren birçok yaptı."
devrim,https://tr.wikipedia.org/wiki/Atat%C3%BCrk_Devrimleri,1,"Türkiye#106: Türkiye Cumhuriyeti Devleti'nin kurucusu ve ilk olan Mustafa Kemal, eski Osmanlı monarşisini bir altında bir olarak yönetilecek bir Türk dönüştürme amacını içeren birçok yaptı."
devrim,https://tr.wikipedia.org/wiki/Atat%C3%BCrk_Devrimleri,1,"Türkiye#106: Türkiye Cumhuriyeti Devleti'nin kurucusu ve ilk olan Mustafa Kemal, eski Osmanlı monarşisini bir altında bir olarak yönetilecek bir Türk dönüştürme amacını içeren birçok yaptı."
saltanat,https://tr.wikipedia.org/wiki/Saltanat%C4%B1n_kald%C4%B1r%C4%B1lmas%C4%B1,1,"Türkiye#107: Bu devrimlerin bir parçası olarak ve ardından kaldırıldı, , ve diğer birçok değişiklik yapıldı."
saltanat,https://tr.wikipedia.org/wiki/Saltanat%C4%B1n_kald%C4%B1r%C4%B1lmas%C4%B1,1,"Türkiye#107: Bu devrimlerin bir parçası olarak ve ardından kaldırıldı, , ve diğer birçok değişiklik yapıldı."
hilâfet,https://tr.wikipedia.org/wiki/Hil%C3%A2fetin_kald%C4%B1r%C4%B1lmas%C4%B1,1,"Türkiye#107: Bu devrimlerin bir parçası olarak ve ardından kaldırıldı, , ve diğer birçok değişiklik yapıldı."
hilâfet,https://tr.wikipedia.org/wiki/Hil%C3%A2fetin_kald%C4%B1r%C4%B1lmas%C4%B1,1,"Türkiye#107: Bu devrimlerin bir parçası olarak ve ardından kaldırıldı, , ve diğer birçok değişiklik yapıldı."
kadınlara seçme ve seçilme hakkı tanındı,https://tr.wikipedia.org/wiki/T%C3%BCrkiye%27de_kad%C4%B1nlara_se%C3%A7me_ve_se%C3%A7ilme_hakk%C4%B1n%C4%B1n_tan%C4%B1nmas%C4%B1,1,"Türkiye#107: Bu devrimlerin bir parçası olarak ve ardından kaldırıldı, , ve diğer birçok değişiklik yapıldı."
kadınlara seçme ve seçilme hakkı tanındı,https://tr.wikipedia.org/wiki/T%C3%BCrkiye%27de_kad%C4%B1nlara_se%C3%A7me_ve_se%C3%A7ilme_hakk%C4%B1n%C4%B1n_tan%C4%B1nmas%C4%B1,1,"Türkiye#107: Bu devrimlerin bir parçası olarak ve ardından kaldırıldı, , ve diğer birçok değişiklik yapıldı."
Latin alfabesi kullanılmaya başlandı,https://tr.wikipedia.org/wiki/Harf_Devrimi,1,"Türkiye#107: Bu devrimlerin bir parçası olarak ve ardından kaldırıldı, , ve diğer birçok değişiklik yapıldı."
Latin alfabesi kullanılmaya başlandı,https://tr.wikipedia.org/wiki/Harf_Devrimi,1,"Türkiye#107: Bu devrimlerin bir parçası olarak ve ardından kaldırıldı, , ve diğer birçok değişiklik yapıldı."
Soyadı Kanunu,https://tr.wikipedia.org/wiki/Soyad%C4%B1_Kanunu,1,"Türkiye#108: Türkiye Büyük Millet Meclisi, 1934 yılında çıkan ile kendisine ""Atatürk"" soyadını verdi. olarak adlandırılan toprak beyleri tarafından yönetilen ve feodal düzenleri olan ve aşiretleri ve ülkenin diğer yerlerinde bulunan çoğunlukla bazı gruplar, bu devrimlere itiraz etti ve laikliğe muhalefet nedeniyle çıkan ve isyanları ile nedeniyle çıkan , Türk güvenlik güçleri tarafından bastırıldı."
Soyadı Kanunu,https://tr.wikipedia.org/wiki/Soyad%C4%B1_Kanunu,1,"Türkiye#108: Türkiye Büyük Millet Meclisi, 1934 yılında çıkan ile kendisine ""Atatürk"" soyadını verdi. olarak adlandırılan toprak beyleri tarafından yönetilen ve feodal düzenleri olan ve aşiretleri ve ülkenin diğer yerlerinde bulunan çoğunlukla bazı gruplar, bu devrimlere itiraz etti ve laikliğe muhalefet nedeniyle çıkan ve isyanları ile nedeniyle çıkan , Türk güvenlik güçleri tarafından bastırıldı."
Ağa U:(https://tr.wikipedia.org/wiki/A%C4%9Fa_(%C3%BCnvan))___ olarak adlandırılan toprak beyleri tarafından yönetilen ve feodal düzenleri olan ___E:Kürt,https://tr.wikipedia.org/wiki/K%C3%BCrtler,1,"Türkiye#108: Türkiye Büyük Millet Meclisi, 1934 yılında çıkan ile kendisine ""Atatürk"" soyadını verdi. olarak adlandırılan toprak beyleri tarafından yönetilen ve feodal düzenleri olan ve aşiretleri ve ülkenin diğer yerlerinde bulunan çoğunlukla bazı gruplar, bu devrimlere itiraz etti ve laikliğe muhalefet nedeniyle çıkan ve isyanları ile nedeniyle çıkan , Türk güvenlik güçleri tarafından bastırıldı."
Ağa U:(https://tr.wikipedia.org/wiki/A%C4%9Fa_(%C3%BCnvan))___ olarak adlandırılan toprak beyleri tarafından yönetilen ve feodal düzenleri olan ___E:Kürt,https://tr.wikipedia.org/wiki/K%C3%BCrtler,1,"Türkiye#108: Türkiye Büyük Millet Meclisi, 1934 yılında çıkan ile kendisine ""Atatürk"" soyadını verdi. olarak adlandırılan toprak beyleri tarafından yönetilen ve feodal düzenleri olan ve aşiretleri ve ülkenin diğer yerlerinde bulunan çoğunlukla bazı gruplar, bu devrimlere itiraz etti ve laikliğe muhalefet nedeniyle çıkan ve isyanları ile nedeniyle çıkan , Türk güvenlik güçleri tarafından bastırıldı."
Zaza,https://tr.wikipedia.org/wiki/Zazalar,1,"Türkiye#108: Türkiye Büyük Millet Meclisi, 1934 yılında çıkan ile kendisine ""Atatürk"" soyadını verdi. olarak adlandırılan toprak beyleri tarafından yönetilen ve feodal düzenleri olan ve aşiretleri ve ülkenin diğer yerlerinde bulunan çoğunlukla bazı gruplar, bu devrimlere itiraz etti ve laikliğe muhalefet nedeniyle çıkan ve isyanları ile nedeniyle çıkan , Türk güvenlik güçleri tarafından bastırıldı."
Zaza,https://tr.wikipedia.org/wiki/Zazalar,1,"Türkiye#108: Türkiye Büyük Millet Meclisi, 1934 yılında çıkan ile kendisine ""Atatürk"" soyadını verdi. olarak adlandırılan toprak beyleri tarafından yönetilen ve feodal düzenleri olan ve aşiretleri ve ülkenin diğer yerlerinde bulunan çoğunlukla bazı gruplar, bu devrimlere itiraz etti ve laikliğe muhalefet nedeniyle çıkan ve isyanları ile nedeniyle çıkan , Türk güvenlik güçleri tarafından bastırıldı."
İslamcı,https://tr.wikipedia.org/wiki/%C4%B0slamc%C4%B1l%C4%B1k,1,"Türkiye#108: Türkiye Büyük Millet Meclisi, 1934 yılında çıkan ile kendisine ""Atatürk"" soyadını verdi. olarak adlandırılan toprak beyleri tarafından yönetilen ve feodal düzenleri olan ve aşiretleri ve ülkenin diğer yerlerinde bulunan çoğunlukla bazı gruplar, bu devrimlere itiraz etti ve laikliğe muhalefet nedeniyle çıkan ve isyanları ile nedeniyle çıkan , Türk güvenlik güçleri tarafından bastırıldı."
İslamcı,https://tr.wikipedia.org/wiki/%C4%B0slamc%C4%B1l%C4%B1k,1,"Türkiye#108: Türkiye Büyük Millet Meclisi, 1934 yılında çıkan ile kendisine ""Atatürk"" soyadını verdi. olarak adlandırılan toprak beyleri tarafından yönetilen ve feodal düzenleri olan ve aşiretleri ve ülkenin diğer yerlerinde bulunan çoğunlukla bazı gruplar, bu devrimlere itiraz etti ve laikliğe muhalefet nedeniyle çıkan ve isyanları ile nedeniyle çıkan , Türk güvenlik güçleri tarafından bastırıldı."
Şeyh Said,https://tr.wikipedia.org/wiki/%C5%9Eeyh_Said_%C4%B0syan%C4%B1,1,"Türkiye#108: Türkiye Büyük Millet Meclisi, 1934 yılında çıkan ile kendisine ""Atatürk"" soyadını verdi. olarak adlandırılan toprak beyleri tarafından yönetilen ve feodal düzenleri olan ve aşiretleri ve ülkenin diğer yerlerinde bulunan çoğunlukla bazı gruplar, bu devrimlere itiraz etti ve laikliğe muhalefet nedeniyle çıkan ve isyanları ile nedeniyle çıkan , Türk güvenlik güçleri tarafından bastırıldı."
Şeyh Said,https://tr.wikipedia.org/wiki/%C5%9Eeyh_Said_%C4%B0syan%C4%B1,1,"Türkiye#108: Türkiye Büyük Millet Meclisi, 1934 yılında çıkan ile kendisine ""Atatürk"" soyadını verdi. olarak adlandırılan toprak beyleri tarafından yönetilen ve feodal düzenleri olan ve aşiretleri ve ülkenin diğer yerlerinde bulunan çoğunlukla bazı gruplar, bu devrimlere itiraz etti ve laikliğe muhalefet nedeniyle çıkan ve isyanları ile nedeniyle çıkan , Türk güvenlik güçleri tarafından bastırıldı."
Menemen,https://tr.wikipedia.org/wiki/Menemen_Olay%C4%B1,1,"Türkiye#108: Türkiye Büyük Millet Meclisi, 1934 yılında çıkan ile kendisine ""Atatürk"" soyadını verdi. olarak adlandırılan toprak beyleri tarafından yönetilen ve feodal düzenleri olan ve aşiretleri ve ülkenin diğer yerlerinde bulunan çoğunlukla bazı gruplar, bu devrimlere itiraz etti ve laikliğe muhalefet nedeniyle çıkan ve isyanları ile nedeniyle çıkan , Türk güvenlik güçleri tarafından bastırıldı."
Menemen,https://tr.wikipedia.org/wiki/Menemen_Olay%C4%B1,1,"Türkiye#108: Türkiye Büyük Millet Meclisi, 1934 yılında çıkan ile kendisine ""Atatürk"" soyadını verdi. olarak adlandırılan toprak beyleri tarafından yönetilen ve feodal düzenleri olan ve aşiretleri ve ülkenin diğer yerlerinde bulunan çoğunlukla bazı gruplar, bu devrimlere itiraz etti ve laikliğe muhalefet nedeniyle çıkan ve isyanları ile nedeniyle çıkan , Türk güvenlik güçleri tarafından bastırıldı."
toprak reformu,https://tr.wikipedia.org/wiki/T%C3%BCrkiye%27de_toprak_reformu,1,"Türkiye#108: Türkiye Büyük Millet Meclisi, 1934 yılında çıkan ile kendisine ""Atatürk"" soyadını verdi. olarak adlandırılan toprak beyleri tarafından yönetilen ve feodal düzenleri olan ve aşiretleri ve ülkenin diğer yerlerinde bulunan çoğunlukla bazı gruplar, bu devrimlere itiraz etti ve laikliğe muhalefet nedeniyle çıkan ve isyanları ile nedeniyle çıkan , Türk güvenlik güçleri tarafından bastırıldı."
toprak reformu,https://tr.wikipedia.org/wiki/T%C3%BCrkiye%27de_toprak_reformu,1,"Türkiye#108: Türkiye Büyük Millet Meclisi, 1934 yılında çıkan ile kendisine ""Atatürk"" soyadını verdi. olarak adlandırılan toprak beyleri tarafından yönetilen ve feodal düzenleri olan ve aşiretleri ve ülkenin diğer yerlerinde bulunan çoğunlukla bazı gruplar, bu devrimlere itiraz etti ve laikliğe muhalefet nedeniyle çıkan ve isyanları ile nedeniyle çıkan , Türk güvenlik güçleri tarafından bastırıldı."
Dersim İsyanı,https://tr.wikipedia.org/wiki/Dersim_%C4%B0syan%C4%B1,1,"Türkiye#108: Türkiye Büyük Millet Meclisi, 1934 yılında çıkan ile kendisine ""Atatürk"" soyadını verdi. olarak adlandırılan toprak beyleri tarafından yönetilen ve feodal düzenleri olan ve aşiretleri ve ülkenin diğer yerlerinde bulunan çoğunlukla bazı gruplar, bu devrimlere itiraz etti ve laikliğe muhalefet nedeniyle çıkan ve isyanları ile nedeniyle çıkan , Türk güvenlik güçleri tarafından bastırıldı."
Dersim İsyanı,https://tr.wikipedia.org/wiki/Dersim_%C4%B0syan%C4%B1,1,"Türkiye#108: Türkiye Büyük Millet Meclisi, 1934 yılında çıkan ile kendisine ""Atatürk"" soyadını verdi. olarak adlandırılan toprak beyleri tarafından yönetilen ve feodal düzenleri olan ve aşiretleri ve ülkenin diğer yerlerinde bulunan çoğunlukla bazı gruplar, bu devrimlere itiraz etti ve laikliğe muhalefet nedeniyle çıkan ve isyanları ile nedeniyle çıkan , Türk güvenlik güçleri tarafından bastırıldı."
Müttefik Devletler,https://tr.wikipedia.org/wiki/M%C3%BCttefik_Devletler,1,"Türkiye#109: 'nda (1939-1945) Türkiye, uzun süre tarafsızlığını korudu; ancak savaşın son aylarında, 23 Şubat 1945 tarihinde 'in yanında yer aldı. 26 Haziran 1945'te ise 'in kurucu üyelerinden biri oldu. 'ndan sonra 'da çıkan bastırılmasında karşılaşılan zorluklar ve 'nin 'nda askerî üs talep etmesi, 'nin 1947'de 'ni ilanıyla sonuçlandı."
Müttefik Devletler,https://tr.wikipedia.org/wiki/M%C3%BCttefik_Devletler,1,"Türkiye#109: 'nda (1939-1945) Türkiye, uzun süre tarafsızlığını korudu; ancak savaşın son aylarında, 23 Şubat 1945 tarihinde 'in yanında yer aldı. 26 Haziran 1945'te ise 'in kurucu üyelerinden biri oldu. 'ndan sonra 'da çıkan bastırılmasında karşılaşılan zorluklar ve 'nin 'nda askerî üs talep etmesi, 'nin 1947'de 'ni ilanıyla sonuçlandı."
komünist isyanının,https://tr.wikipedia.org/wiki/Yunan_%C4%B0%C3%A7_Sava%C5%9F%C4%B1,1,"Türkiye#109: 'nda (1939-1945) Türkiye, uzun süre tarafsızlığını korudu; ancak savaşın son aylarında, 23 Şubat 1945 tarihinde 'in yanında yer aldı. 26 Haziran 1945'te ise 'in kurucu üyelerinden biri oldu. 'ndan sonra 'da çıkan bastırılmasında karşılaşılan zorluklar ve 'nin 'nda askerî üs talep etmesi, 'nin 1947'de 'ni ilanıyla sonuçlandı."
komünist isyanının,https://tr.wikipedia.org/wiki/Yunan_%C4%B0%C3%A7_Sava%C5%9F%C4%B1,1,"Türkiye#109: 'nda (1939-1945) Türkiye, uzun süre tarafsızlığını korudu; ancak savaşın son aylarında, 23 Şubat 1945 tarihinde 'in yanında yer aldı. 26 Haziran 1945'te ise 'in kurucu üyelerinden biri oldu. 'ndan sonra 'da çıkan bastırılmasında karşılaşılan zorluklar ve 'nin 'nda askerî üs talep etmesi, 'nin 1947'de 'ni ilanıyla sonuçlandı."
Türk Boğazları,https://tr.wikipedia.org/wiki/T%C3%BCrk_Bo%C4%9Fazlar%C4%B1,1,"Türkiye#109: 'nda (1939-1945) Türkiye, uzun süre tarafsızlığını korudu; ancak savaşın son aylarında, 23 Şubat 1945 tarihinde 'in yanında yer aldı. 26 Haziran 1945'te ise 'in kurucu üyelerinden biri oldu. 'ndan sonra 'da çıkan bastırılmasında karşılaşılan zorluklar ve 'nin 'nda askerî üs talep etmesi, 'nin 1947'de 'ni ilanıyla sonuçlandı."
Türk Boğazları,https://tr.wikipedia.org/wiki/T%C3%BCrk_Bo%C4%9Fazlar%C4%B1,1,"Türkiye#109: 'nda (1939-1945) Türkiye, uzun süre tarafsızlığını korudu; ancak savaşın son aylarında, 23 Şubat 1945 tarihinde 'in yanında yer aldı. 26 Haziran 1945'te ise 'in kurucu üyelerinden biri oldu. 'ndan sonra 'da çıkan bastırılmasında karşılaşılan zorluklar ve 'nin 'nda askerî üs talep etmesi, 'nin 1947'de 'ni ilanıyla sonuçlandı."
Truman Doktrini,https://tr.wikipedia.org/wiki/Truman_Doktrini,1,"Türkiye#109: 'nda (1939-1945) Türkiye, uzun süre tarafsızlığını korudu; ancak savaşın son aylarında, 23 Şubat 1945 tarihinde 'in yanında yer aldı. 26 Haziran 1945'te ise 'in kurucu üyelerinden biri oldu. 'ndan sonra 'da çıkan bastırılmasında karşılaşılan zorluklar ve 'nin 'nda askerî üs talep etmesi, 'nin 1947'de 'ni ilanıyla sonuçlandı."
Truman Doktrini,https://tr.wikipedia.org/wiki/Truman_Doktrini,1,"Türkiye#109: 'nda (1939-1945) Türkiye, uzun süre tarafsızlığını korudu; ancak savaşın son aylarında, 23 Şubat 1945 tarihinde 'in yanında yer aldı. 26 Haziran 1945'te ise 'in kurucu üyelerinden biri oldu. 'ndan sonra 'da çıkan bastırılmasında karşılaşılan zorluklar ve 'nin 'nda askerî üs talep etmesi, 'nin 1947'de 'ni ilanıyla sonuçlandı."
askerî ve ekonomik destek sağladı,https://tr.wikipedia.org/wiki/Amerika_Birle%C5%9Fik_Devletleri-T%C3%BCrkiye_ili%C5%9Fkileri,1,"Türkiye#110: Doktrin, Türkiye ve Yunanistan'ın güvenliğini sağlamayı amaçlayarak ."
askerî ve ekonomik destek sağladı,https://tr.wikipedia.org/wiki/Amerika_Birle%C5%9Fik_Devletleri-T%C3%BCrkiye_ili%C5%9Fkileri,1,"Türkiye#110: Doktrin, Türkiye ve Yunanistan'ın güvenliğini sağlamayı amaçlayarak ."
Marshall Planı,https://tr.wikipedia.org/wiki/Marshall_Plan%C4%B1,1,"Türkiye#111: Her iki ülke de 1948 yılında Avrupa ekonomisinin yeniden inşası için ve 'ye dâhil edildi, daha sonra 1961 yılında 'nin kurucu üyesi hâline geldi."
Marshall Planı,https://tr.wikipedia.org/wiki/Marshall_Plan%C4%B1,1,"Türkiye#111: Her iki ülke de 1948 yılında Avrupa ekonomisinin yeniden inşası için ve 'ye dâhil edildi, daha sonra 1961 yılında 'nin kurucu üyesi hâline geldi."
OEEC,https://tr.wikipedia.org/wiki/OECD,1,"Türkiye#111: Her iki ülke de 1948 yılında Avrupa ekonomisinin yeniden inşası için ve 'ye dâhil edildi, daha sonra 1961 yılında 'nin kurucu üyesi hâline geldi."
OEEC,https://tr.wikipedia.org/wiki/OECD,1,"Türkiye#111: Her iki ülke de 1948 yılında Avrupa ekonomisinin yeniden inşası için ve 'ye dâhil edildi, daha sonra 1961 yılında 'nin kurucu üyesi hâline geldi."
Kore Savaşı,https://tr.wikipedia.org/wiki/Kore_Sava%C5%9F%C4%B1,1,"Türkiye#112: 'na (1950-53) kuvvetleri ile birlikte katılan Türkiye, 1952 yılında 'ne karşı 'ya katıldı. , 'nin faaliyetleri, (adayı Yunanistan ile birleştirme) planları ve yaşanan toplumlar arası çatışmanın tırmanması sonucunda Türkiye, 20 Temmuz 1974'te ."
Kore Savaşı,https://tr.wikipedia.org/wiki/Kore_Sava%C5%9F%C4%B1,1,"Türkiye#112: 'na (1950-53) kuvvetleri ile birlikte katılan Türkiye, 1952 yılında 'ne karşı 'ya katıldı. , 'nin faaliyetleri, (adayı Yunanistan ile birleştirme) planları ve yaşanan toplumlar arası çatışmanın tırmanması sonucunda Türkiye, 20 Temmuz 1974'te ."
15 Temmuz 1974'te Kıbrıs'ta gerçekleşen darbe,https://tr.wikipedia.org/wiki/1974_K%C4%B1br%C4%B1s_Darbesi,1,"Türkiye#112: 'na (1950-53) kuvvetleri ile birlikte katılan Türkiye, 1952 yılında 'ne karşı 'ya katıldı. , 'nin faaliyetleri, (adayı Yunanistan ile birleştirme) planları ve yaşanan toplumlar arası çatışmanın tırmanması sonucunda Türkiye, 20 Temmuz 1974'te ."
15 Temmuz 1974'te Kıbrıs'ta gerçekleşen darbe,https://tr.wikipedia.org/wiki/1974_K%C4%B1br%C4%B1s_Darbesi,1,"Türkiye#112: 'na (1950-53) kuvvetleri ile birlikte katılan Türkiye, 1952 yılında 'ne karşı 'ya katıldı. , 'nin faaliyetleri, (adayı Yunanistan ile birleştirme) planları ve yaşanan toplumlar arası çatışmanın tırmanması sonucunda Türkiye, 20 Temmuz 1974'te ."
EOKA-B,https://tr.wikipedia.org/wiki/EOKA-B,1,"Türkiye#112: 'na (1950-53) kuvvetleri ile birlikte katılan Türkiye, 1952 yılında 'ne karşı 'ya katıldı. , 'nin faaliyetleri, (adayı Yunanistan ile birleştirme) planları ve yaşanan toplumlar arası çatışmanın tırmanması sonucunda Türkiye, 20 Temmuz 1974'te ."
EOKA-B,https://tr.wikipedia.org/wiki/EOKA-B,1,"Türkiye#112: 'na (1950-53) kuvvetleri ile birlikte katılan Türkiye, 1952 yılında 'ne karşı 'ya katıldı. , 'nin faaliyetleri, (adayı Yunanistan ile birleştirme) planları ve yaşanan toplumlar arası çatışmanın tırmanması sonucunda Türkiye, 20 Temmuz 1974'te ."
Enosis,https://tr.wikipedia.org/wiki/Enosis,1,"Türkiye#112: 'na (1950-53) kuvvetleri ile birlikte katılan Türkiye, 1952 yılında 'ne karşı 'ya katıldı. , 'nin faaliyetleri, (adayı Yunanistan ile birleştirme) planları ve yaşanan toplumlar arası çatışmanın tırmanması sonucunda Türkiye, 20 Temmuz 1974'te ."
Enosis,https://tr.wikipedia.org/wiki/Enosis,1,"Türkiye#112: 'na (1950-53) kuvvetleri ile birlikte katılan Türkiye, 1952 yılında 'ne karşı 'ya katıldı. , 'nin faaliyetleri, (adayı Yunanistan ile birleştirme) planları ve yaşanan toplumlar arası çatışmanın tırmanması sonucunda Türkiye, 20 Temmuz 1974'te ."
adaya asker çıkardı,https://tr.wikipedia.org/wiki/K%C4%B1br%C4%B1s_Harek%C3%A2t%C4%B1,1,"Türkiye#112: 'na (1950-53) kuvvetleri ile birlikte katılan Türkiye, 1952 yılında 'ne karşı 'ya katıldı. , 'nin faaliyetleri, (adayı Yunanistan ile birleştirme) planları ve yaşanan toplumlar arası çatışmanın tırmanması sonucunda Türkiye, 20 Temmuz 1974'te ."
adaya asker çıkardı,https://tr.wikipedia.org/wiki/K%C4%B1br%C4%B1s_Harek%C3%A2t%C4%B1,1,"Türkiye#112: 'na (1950-53) kuvvetleri ile birlikte katılan Türkiye, 1952 yılında 'ne karşı 'ya katıldı. , 'nin faaliyetleri, (adayı Yunanistan ile birleştirme) planları ve yaşanan toplumlar arası çatışmanın tırmanması sonucunda Türkiye, 20 Temmuz 1974'te ."
Türkiye Cumhuriyeti'nin tek partili dönemi,https://tr.wikipedia.org/wiki/T%C3%BCrkiye%27de_tek_partili_d%C3%B6nem,1,"Türkiye#114: , 1945 yılında son buldu."
Türkiye Cumhuriyeti'nin tek partili dönemi,https://tr.wikipedia.org/wiki/T%C3%BCrkiye%27de_tek_partili_d%C3%B6nem,1,"Türkiye#114: , 1945 yılında son buldu."
çok partili demokrasi,https://tr.wikipedia.org/wiki/T%C3%BCrkiye%27de_%C3%A7ok_partili_d%C3%B6nem,1,"Türkiye#115: Ardından gelen dönemi ve ve ve ile kesintiye uğradı. 1960 ile 20. yüzyılın sonu arasında Türk siyasetinde birden fazla seçim zaferi elde eden önde gelen liderler muhafazakâr-popülist , sosyal demokrat ve neoliberal reformcu 'dı. 1993 yılında Türkiye'nin ilk kadın başbakanı oldu."
çok partili demokrasi,https://tr.wikipedia.org/wiki/T%C3%BCrkiye%27de_%C3%A7ok_partili_d%C3%B6nem,1,"Türkiye#115: Ardından gelen dönemi ve ve ve ile kesintiye uğradı. 1960 ile 20. yüzyılın sonu arasında Türk siyasetinde birden fazla seçim zaferi elde eden önde gelen liderler muhafazakâr-popülist , sosyal demokrat ve neoliberal reformcu 'dı. 1993 yılında Türkiye'nin ilk kadın başbakanı oldu."
1960,https://tr.wikipedia.org/wiki/27_May%C4%B1s_Darbesi,1,"Türkiye#115: Ardından gelen dönemi ve ve ve ile kesintiye uğradı. 1960 ile 20. yüzyılın sonu arasında Türk siyasetinde birden fazla seçim zaferi elde eden önde gelen liderler muhafazakâr-popülist , sosyal demokrat ve neoliberal reformcu 'dı. 1993 yılında Türkiye'nin ilk kadın başbakanı oldu."
1960,https://tr.wikipedia.org/wiki/27_May%C4%B1s_Darbesi,1,"Türkiye#115: Ardından gelen dönemi ve ve ve ile kesintiye uğradı. 1960 ile 20. yüzyılın sonu arasında Türk siyasetinde birden fazla seçim zaferi elde eden önde gelen liderler muhafazakâr-popülist , sosyal demokrat ve neoliberal reformcu 'dı. 1993 yılında Türkiye'nin ilk kadın başbakanı oldu."
1980,https://tr.wikipedia.org/wiki/12_Eyl%C3%BCl_Darbesi,1,"Türkiye#115: Ardından gelen dönemi ve ve ve ile kesintiye uğradı. 1960 ile 20. yüzyılın sonu arasında Türk siyasetinde birden fazla seçim zaferi elde eden önde gelen liderler muhafazakâr-popülist , sosyal demokrat ve neoliberal reformcu 'dı. 1993 yılında Türkiye'nin ilk kadın başbakanı oldu."
1980,https://tr.wikipedia.org/wiki/12_Eyl%C3%BCl_Darbesi,1,"Türkiye#115: Ardından gelen dönemi ve ve ve ile kesintiye uğradı. 1960 ile 20. yüzyılın sonu arasında Türk siyasetinde birden fazla seçim zaferi elde eden önde gelen liderler muhafazakâr-popülist , sosyal demokrat ve neoliberal reformcu 'dı. 1993 yılında Türkiye'nin ilk kadın başbakanı oldu."
askerî darbeleri,https://tr.wikipedia.org/wiki/Darbe,1,"Türkiye#115: Ardından gelen dönemi ve ve ve ile kesintiye uğradı. 1960 ile 20. yüzyılın sonu arasında Türk siyasetinde birden fazla seçim zaferi elde eden önde gelen liderler muhafazakâr-popülist , sosyal demokrat ve neoliberal reformcu 'dı. 1993 yılında Türkiye'nin ilk kadın başbakanı oldu."
askerî darbeleri,https://tr.wikipedia.org/wiki/Darbe,1,"Türkiye#115: Ardından gelen dönemi ve ve ve ile kesintiye uğradı. 1960 ile 20. yüzyılın sonu arasında Türk siyasetinde birden fazla seçim zaferi elde eden önde gelen liderler muhafazakâr-popülist , sosyal demokrat ve neoliberal reformcu 'dı. 1993 yılında Türkiye'nin ilk kadın başbakanı oldu."
1971,https://tr.wikipedia.org/wiki/12_Mart_Muht%C4%B1ras%C4%B1,1,"Türkiye#115: Ardından gelen dönemi ve ve ve ile kesintiye uğradı. 1960 ile 20. yüzyılın sonu arasında Türk siyasetinde birden fazla seçim zaferi elde eden önde gelen liderler muhafazakâr-popülist , sosyal demokrat ve neoliberal reformcu 'dı. 1993 yılında Türkiye'nin ilk kadın başbakanı oldu."
1971,https://tr.wikipedia.org/wiki/12_Mart_Muht%C4%B1ras%C4%B1,1,"Türkiye#115: Ardından gelen dönemi ve ve ve ile kesintiye uğradı. 1960 ile 20. yüzyılın sonu arasında Türk siyasetinde birden fazla seçim zaferi elde eden önde gelen liderler muhafazakâr-popülist , sosyal demokrat ve neoliberal reformcu 'dı. 1993 yılında Türkiye'nin ilk kadın başbakanı oldu."
1997,https://tr.wikipedia.org/wiki/28_%C5%9Eubat_S%C3%BCreci,1,"Türkiye#115: Ardından gelen dönemi ve ve ve ile kesintiye uğradı. 1960 ile 20. yüzyılın sonu arasında Türk siyasetinde birden fazla seçim zaferi elde eden önde gelen liderler muhafazakâr-popülist , sosyal demokrat ve neoliberal reformcu 'dı. 1993 yılında Türkiye'nin ilk kadın başbakanı oldu."
1997,https://tr.wikipedia.org/wiki/28_%C5%9Eubat_S%C3%BCreci,1,"Türkiye#115: Ardından gelen dönemi ve ve ve ile kesintiye uğradı. 1960 ile 20. yüzyılın sonu arasında Türk siyasetinde birden fazla seçim zaferi elde eden önde gelen liderler muhafazakâr-popülist , sosyal demokrat ve neoliberal reformcu 'dı. 1993 yılında Türkiye'nin ilk kadın başbakanı oldu."
muhtıraları,https://tr.wikipedia.org/wiki/Muht%C4%B1ra,1,"Türkiye#115: Ardından gelen dönemi ve ve ve ile kesintiye uğradı. 1960 ile 20. yüzyılın sonu arasında Türk siyasetinde birden fazla seçim zaferi elde eden önde gelen liderler muhafazakâr-popülist , sosyal demokrat ve neoliberal reformcu 'dı. 1993 yılında Türkiye'nin ilk kadın başbakanı oldu."
muhtıraları,https://tr.wikipedia.org/wiki/Muht%C4%B1ra,1,"Türkiye#115: Ardından gelen dönemi ve ve ve ile kesintiye uğradı. 1960 ile 20. yüzyılın sonu arasında Türk siyasetinde birden fazla seçim zaferi elde eden önde gelen liderler muhafazakâr-popülist , sosyal demokrat ve neoliberal reformcu 'dı. 1993 yılında Türkiye'nin ilk kadın başbakanı oldu."
Süleyman Demirel,https://tr.wikipedia.org/wiki/S%C3%BCleyman_Demirel,1,"Türkiye#115: Ardından gelen dönemi ve ve ve ile kesintiye uğradı. 1960 ile 20. yüzyılın sonu arasında Türk siyasetinde birden fazla seçim zaferi elde eden önde gelen liderler muhafazakâr-popülist , sosyal demokrat ve neoliberal reformcu 'dı. 1993 yılında Türkiye'nin ilk kadın başbakanı oldu."
Süleyman Demirel,https://tr.wikipedia.org/wiki/S%C3%BCleyman_Demirel,1,"Türkiye#115: Ardından gelen dönemi ve ve ve ile kesintiye uğradı. 1960 ile 20. yüzyılın sonu arasında Türk siyasetinde birden fazla seçim zaferi elde eden önde gelen liderler muhafazakâr-popülist , sosyal demokrat ve neoliberal reformcu 'dı. 1993 yılında Türkiye'nin ilk kadın başbakanı oldu."
Bülent Ecevit,https://tr.wikipedia.org/wiki/B%C3%BClent_Ecevit,1,"Türkiye#115: Ardından gelen dönemi ve ve ve ile kesintiye uğradı. 1960 ile 20. yüzyılın sonu arasında Türk siyasetinde birden fazla seçim zaferi elde eden önde gelen liderler muhafazakâr-popülist , sosyal demokrat ve neoliberal reformcu 'dı. 1993 yılında Türkiye'nin ilk kadın başbakanı oldu."
Bülent Ecevit,https://tr.wikipedia.org/wiki/B%C3%BClent_Ecevit,1,"Türkiye#115: Ardından gelen dönemi ve ve ve ile kesintiye uğradı. 1960 ile 20. yüzyılın sonu arasında Türk siyasetinde birden fazla seçim zaferi elde eden önde gelen liderler muhafazakâr-popülist , sosyal demokrat ve neoliberal reformcu 'dı. 1993 yılında Türkiye'nin ilk kadın başbakanı oldu."
Tansu Çiller,https://tr.wikipedia.org/wiki/Tansu_%C3%87iller,1,"Türkiye#115: Ardından gelen dönemi ve ve ve ile kesintiye uğradı. 1960 ile 20. yüzyılın sonu arasında Türk siyasetinde birden fazla seçim zaferi elde eden önde gelen liderler muhafazakâr-popülist , sosyal demokrat ve neoliberal reformcu 'dı. 1993 yılında Türkiye'nin ilk kadın başbakanı oldu."
Tansu Çiller,https://tr.wikipedia.org/wiki/Tansu_%C3%87iller,1,"Türkiye#115: Ardından gelen dönemi ve ve ve ile kesintiye uğradı. 1960 ile 20. yüzyılın sonu arasında Türk siyasetinde birden fazla seçim zaferi elde eden önde gelen liderler muhafazakâr-popülist , sosyal demokrat ve neoliberal reformcu 'dı. 1993 yılında Türkiye'nin ilk kadın başbakanı oldu."
PKK,https://tr.wikipedia.org/wiki/PKK,1,"Türkiye#116: 1980'li yıllarda Türk ekonomisinin liberalleştirilmesinden bu yana ülke, ekonomik büyüme ve siyasi istikrar yakaladı. 1984'ten itibaren , Türk hükûmetlerine karşı başladı; tarafların çatışmaları sonucunda resmî verilere göre 40 binden fazla insan öldü. 2012'de taraflar arasında başladı, ancak 2015'te görüşmeler sona erdi ve dönüldü. 2013'te 'ndaki düzenlemeler nedeniyle başlayan , daha sonra hükûmet karşıtı protestolara dönüşerek birçok ilde patlak verdi ancak hükûmet tarafından bastırıldı. 28 Ağustos 2014'te doğrudan halk oyuyla ilk cumhurbaşkanı oldu. 15 Temmuz 2016'da, Türkiye'de bir meydana geldi. 2017'de yapılan ile parlamenter sistemin yerini icracı bir aldı. Başbakanlık makamı kaldırılarak yetki ve görevleri cumhurbaşkanına devredildi."
PKK,https://tr.wikipedia.org/wiki/PKK,1,"Türkiye#116: 1980'li yıllarda Türk ekonomisinin liberalleştirilmesinden bu yana ülke, ekonomik büyüme ve siyasi istikrar yakaladı. 1984'ten itibaren , Türk hükûmetlerine karşı başladı; tarafların çatışmaları sonucunda resmî verilere göre 40 binden fazla insan öldü. 2012'de taraflar arasında başladı, ancak 2015'te görüşmeler sona erdi ve dönüldü. 2013'te 'ndaki düzenlemeler nedeniyle başlayan , daha sonra hükûmet karşıtı protestolara dönüşerek birçok ilde patlak verdi ancak hükûmet tarafından bastırıldı. 28 Ağustos 2014'te doğrudan halk oyuyla ilk cumhurbaşkanı oldu. 15 Temmuz 2016'da, Türkiye'de bir meydana geldi. 2017'de yapılan ile parlamenter sistemin yerini icracı bir aldı. Başbakanlık makamı kaldırılarak yetki ve görevleri cumhurbaşkanına devredildi."
ayaklanma ve saldırı kampanyalarına,https://tr.wikipedia.org/wiki/T%C3%BCrkiye-PKK_%C3%A7at%C4%B1%C5%9Fmas%C4%B1,1,"Türkiye#116: 1980'li yıllarda Türk ekonomisinin liberalleştirilmesinden bu yana ülke, ekonomik büyüme ve siyasi istikrar yakaladı. 1984'ten itibaren , Türk hükûmetlerine karşı başladı; tarafların çatışmaları sonucunda resmî verilere göre 40 binden fazla insan öldü. 2012'de taraflar arasında başladı, ancak 2015'te görüşmeler sona erdi ve dönüldü. 2013'te 'ndaki düzenlemeler nedeniyle başlayan , daha sonra hükûmet karşıtı protestolara dönüşerek birçok ilde patlak verdi ancak hükûmet tarafından bastırıldı. 28 Ağustos 2014'te doğrudan halk oyuyla ilk cumhurbaşkanı oldu. 15 Temmuz 2016'da, Türkiye'de bir meydana geldi. 2017'de yapılan ile parlamenter sistemin yerini icracı bir aldı. Başbakanlık makamı kaldırılarak yetki ve görevleri cumhurbaşkanına devredildi."
ayaklanma ve saldırı kampanyalarına,https://tr.wikipedia.org/wiki/T%C3%BCrkiye-PKK_%C3%A7at%C4%B1%C5%9Fmas%C4%B1,1,"Türkiye#116: 1980'li yıllarda Türk ekonomisinin liberalleştirilmesinden bu yana ülke, ekonomik büyüme ve siyasi istikrar yakaladı. 1984'ten itibaren , Türk hükûmetlerine karşı başladı; tarafların çatışmaları sonucunda resmî verilere göre 40 binden fazla insan öldü. 2012'de taraflar arasında başladı, ancak 2015'te görüşmeler sona erdi ve dönüldü. 2013'te 'ndaki düzenlemeler nedeniyle başlayan , daha sonra hükûmet karşıtı protestolara dönüşerek birçok ilde patlak verdi ancak hükûmet tarafından bastırıldı. 28 Ağustos 2014'te doğrudan halk oyuyla ilk cumhurbaşkanı oldu. 15 Temmuz 2016'da, Türkiye'de bir meydana geldi. 2017'de yapılan ile parlamenter sistemin yerini icracı bir aldı. Başbakanlık makamı kaldırılarak yetki ve görevleri cumhurbaşkanına devredildi."
barış görüşmeleri,https://tr.wikipedia.org/wiki/%C3%87%C3%B6z%C3%BCm_S%C3%BCreci,1,"Türkiye#116: 1980'li yıllarda Türk ekonomisinin liberalleştirilmesinden bu yana ülke, ekonomik büyüme ve siyasi istikrar yakaladı. 1984'ten itibaren , Türk hükûmetlerine karşı başladı; tarafların çatışmaları sonucunda resmî verilere göre 40 binden fazla insan öldü. 2012'de taraflar arasında başladı, ancak 2015'te görüşmeler sona erdi ve dönüldü. 2013'te 'ndaki düzenlemeler nedeniyle başlayan , daha sonra hükûmet karşıtı protestolara dönüşerek birçok ilde patlak verdi ancak hükûmet tarafından bastırıldı. 28 Ağustos 2014'te doğrudan halk oyuyla ilk cumhurbaşkanı oldu. 15 Temmuz 2016'da, Türkiye'de bir meydana geldi. 2017'de yapılan ile parlamenter sistemin yerini icracı bir aldı. Başbakanlık makamı kaldırılarak yetki ve görevleri cumhurbaşkanına devredildi."
barış görüşmeleri,https://tr.wikipedia.org/wiki/%C3%87%C3%B6z%C3%BCm_S%C3%BCreci,1,"Türkiye#116: 1980'li yıllarda Türk ekonomisinin liberalleştirilmesinden bu yana ülke, ekonomik büyüme ve siyasi istikrar yakaladı. 1984'ten itibaren , Türk hükûmetlerine karşı başladı; tarafların çatışmaları sonucunda resmî verilere göre 40 binden fazla insan öldü. 2012'de taraflar arasında başladı, ancak 2015'te görüşmeler sona erdi ve dönüldü. 2013'te 'ndaki düzenlemeler nedeniyle başlayan , daha sonra hükûmet karşıtı protestolara dönüşerek birçok ilde patlak verdi ancak hükûmet tarafından bastırıldı. 28 Ağustos 2014'te doğrudan halk oyuyla ilk cumhurbaşkanı oldu. 15 Temmuz 2016'da, Türkiye'de bir meydana geldi. 2017'de yapılan ile parlamenter sistemin yerini icracı bir aldı. Başbakanlık makamı kaldırılarak yetki ve görevleri cumhurbaşkanına devredildi."
yeniden çatışma hâline U:(https://tr.wikipedia.org/wiki/T%C3%BCrkiye-PKK_%C3%A7at%C4%B1%C5%9Fmas%C4%B1_(2015-2025))___ dönüldü. 2013'te ___E:Gezi Parkı,https://tr.wikipedia.org/wiki/Taksim_Gezi_Park%C4%B1,1,"Türkiye#116: 1980'li yıllarda Türk ekonomisinin liberalleştirilmesinden bu yana ülke, ekonomik büyüme ve siyasi istikrar yakaladı. 1984'ten itibaren , Türk hükûmetlerine karşı başladı; tarafların çatışmaları sonucunda resmî verilere göre 40 binden fazla insan öldü. 2012'de taraflar arasında başladı, ancak 2015'te görüşmeler sona erdi ve dönüldü. 2013'te 'ndaki düzenlemeler nedeniyle başlayan , daha sonra hükûmet karşıtı protestolara dönüşerek birçok ilde patlak verdi ancak hükûmet tarafından bastırıldı. 28 Ağustos 2014'te doğrudan halk oyuyla ilk cumhurbaşkanı oldu. 15 Temmuz 2016'da, Türkiye'de bir meydana geldi. 2017'de yapılan ile parlamenter sistemin yerini icracı bir aldı. Başbakanlık makamı kaldırılarak yetki ve görevleri cumhurbaşkanına devredildi."
yeniden çatışma hâline U:(https://tr.wikipedia.org/wiki/T%C3%BCrkiye-PKK_%C3%A7at%C4%B1%C5%9Fmas%C4%B1_(2015-2025))___ dönüldü. 2013'te ___E:Gezi Parkı,https://tr.wikipedia.org/wiki/Taksim_Gezi_Park%C4%B1,1,"Türkiye#116: 1980'li yıllarda Türk ekonomisinin liberalleştirilmesinden bu yana ülke, ekonomik büyüme ve siyasi istikrar yakaladı. 1984'ten itibaren , Türk hükûmetlerine karşı başladı; tarafların çatışmaları sonucunda resmî verilere göre 40 binden fazla insan öldü. 2012'de taraflar arasında başladı, ancak 2015'te görüşmeler sona erdi ve dönüldü. 2013'te 'ndaki düzenlemeler nedeniyle başlayan , daha sonra hükûmet karşıtı protestolara dönüşerek birçok ilde patlak verdi ancak hükûmet tarafından bastırıldı. 28 Ağustos 2014'te doğrudan halk oyuyla ilk cumhurbaşkanı oldu. 15 Temmuz 2016'da, Türkiye'de bir meydana geldi. 2017'de yapılan ile parlamenter sistemin yerini icracı bir aldı. Başbakanlık makamı kaldırılarak yetki ve görevleri cumhurbaşkanına devredildi."
protestolar,https://tr.wikipedia.org/wiki/Gezi_Park%C4%B1_olaylar%C4%B1,1,"Türkiye#116: 1980'li yıllarda Türk ekonomisinin liberalleştirilmesinden bu yana ülke, ekonomik büyüme ve siyasi istikrar yakaladı. 1984'ten itibaren , Türk hükûmetlerine karşı başladı; tarafların çatışmaları sonucunda resmî verilere göre 40 binden fazla insan öldü. 2012'de taraflar arasında başladı, ancak 2015'te görüşmeler sona erdi ve dönüldü. 2013'te 'ndaki düzenlemeler nedeniyle başlayan , daha sonra hükûmet karşıtı protestolara dönüşerek birçok ilde patlak verdi ancak hükûmet tarafından bastırıldı. 28 Ağustos 2014'te doğrudan halk oyuyla ilk cumhurbaşkanı oldu. 15 Temmuz 2016'da, Türkiye'de bir meydana geldi. 2017'de yapılan ile parlamenter sistemin yerini icracı bir aldı. Başbakanlık makamı kaldırılarak yetki ve görevleri cumhurbaşkanına devredildi."
protestolar,https://tr.wikipedia.org/wiki/Gezi_Park%C4%B1_olaylar%C4%B1,1,"Türkiye#116: 1980'li yıllarda Türk ekonomisinin liberalleştirilmesinden bu yana ülke, ekonomik büyüme ve siyasi istikrar yakaladı. 1984'ten itibaren , Türk hükûmetlerine karşı başladı; tarafların çatışmaları sonucunda resmî verilere göre 40 binden fazla insan öldü. 2012'de taraflar arasında başladı, ancak 2015'te görüşmeler sona erdi ve dönüldü. 2013'te 'ndaki düzenlemeler nedeniyle başlayan , daha sonra hükûmet karşıtı protestolara dönüşerek birçok ilde patlak verdi ancak hükûmet tarafından bastırıldı. 28 Ağustos 2014'te doğrudan halk oyuyla ilk cumhurbaşkanı oldu. 15 Temmuz 2016'da, Türkiye'de bir meydana geldi. 2017'de yapılan ile parlamenter sistemin yerini icracı bir aldı. Başbakanlık makamı kaldırılarak yetki ve görevleri cumhurbaşkanına devredildi."
seçilen,https://tr.wikipedia.org/wiki/2014_T%C3%BCrkiye_cumhurba%C5%9Fkanl%C4%B1%C4%9F%C4%B1_se%C3%A7imi,1,"Türkiye#116: 1980'li yıllarda Türk ekonomisinin liberalleştirilmesinden bu yana ülke, ekonomik büyüme ve siyasi istikrar yakaladı. 1984'ten itibaren , Türk hükûmetlerine karşı başladı; tarafların çatışmaları sonucunda resmî verilere göre 40 binden fazla insan öldü. 2012'de taraflar arasında başladı, ancak 2015'te görüşmeler sona erdi ve dönüldü. 2013'te 'ndaki düzenlemeler nedeniyle başlayan , daha sonra hükûmet karşıtı protestolara dönüşerek birçok ilde patlak verdi ancak hükûmet tarafından bastırıldı. 28 Ağustos 2014'te doğrudan halk oyuyla ilk cumhurbaşkanı oldu. 15 Temmuz 2016'da, Türkiye'de bir meydana geldi. 2017'de yapılan ile parlamenter sistemin yerini icracı bir aldı. Başbakanlık makamı kaldırılarak yetki ve görevleri cumhurbaşkanına devredildi."
seçilen,https://tr.wikipedia.org/wiki/2014_T%C3%BCrkiye_cumhurba%C5%9Fkanl%C4%B1%C4%9F%C4%B1_se%C3%A7imi,1,"Türkiye#116: 1980'li yıllarda Türk ekonomisinin liberalleştirilmesinden bu yana ülke, ekonomik büyüme ve siyasi istikrar yakaladı. 1984'ten itibaren , Türk hükûmetlerine karşı başladı; tarafların çatışmaları sonucunda resmî verilere göre 40 binden fazla insan öldü. 2012'de taraflar arasında başladı, ancak 2015'te görüşmeler sona erdi ve dönüldü. 2013'te 'ndaki düzenlemeler nedeniyle başlayan , daha sonra hükûmet karşıtı protestolara dönüşerek birçok ilde patlak verdi ancak hükûmet tarafından bastırıldı. 28 Ağustos 2014'te doğrudan halk oyuyla ilk cumhurbaşkanı oldu. 15 Temmuz 2016'da, Türkiye'de bir meydana geldi. 2017'de yapılan ile parlamenter sistemin yerini icracı bir aldı. Başbakanlık makamı kaldırılarak yetki ve görevleri cumhurbaşkanına devredildi."
darbe girişimi,https://tr.wikipedia.org/wiki/15_Temmuz_Darbe_Giri%C5%9Fimi,1,"Türkiye#116: 1980'li yıllarda Türk ekonomisinin liberalleştirilmesinden bu yana ülke, ekonomik büyüme ve siyasi istikrar yakaladı. 1984'ten itibaren , Türk hükûmetlerine karşı başladı; tarafların çatışmaları sonucunda resmî verilere göre 40 binden fazla insan öldü. 2012'de taraflar arasında başladı, ancak 2015'te görüşmeler sona erdi ve dönüldü. 2013'te 'ndaki düzenlemeler nedeniyle başlayan , daha sonra hükûmet karşıtı protestolara dönüşerek birçok ilde patlak verdi ancak hükûmet tarafından bastırıldı. 28 Ağustos 2014'te doğrudan halk oyuyla ilk cumhurbaşkanı oldu. 15 Temmuz 2016'da, Türkiye'de bir meydana geldi. 2017'de yapılan ile parlamenter sistemin yerini icracı bir aldı. Başbakanlık makamı kaldırılarak yetki ve görevleri cumhurbaşkanına devredildi."
darbe girişimi,https://tr.wikipedia.org/wiki/15_Temmuz_Darbe_Giri%C5%9Fimi,1,"Türkiye#116: 1980'li yıllarda Türk ekonomisinin liberalleştirilmesinden bu yana ülke, ekonomik büyüme ve siyasi istikrar yakaladı. 1984'ten itibaren , Türk hükûmetlerine karşı başladı; tarafların çatışmaları sonucunda resmî verilere göre 40 binden fazla insan öldü. 2012'de taraflar arasında başladı, ancak 2015'te görüşmeler sona erdi ve dönüldü. 2013'te 'ndaki düzenlemeler nedeniyle başlayan , daha sonra hükûmet karşıtı protestolara dönüşerek birçok ilde patlak verdi ancak hükûmet tarafından bastırıldı. 28 Ağustos 2014'te doğrudan halk oyuyla ilk cumhurbaşkanı oldu. 15 Temmuz 2016'da, Türkiye'de bir meydana geldi. 2017'de yapılan ile parlamenter sistemin yerini icracı bir aldı. Başbakanlık makamı kaldırılarak yetki ve görevleri cumhurbaşkanına devredildi."
anayasa değişikliği referandumu,https://tr.wikipedia.org/wiki/2017_T%C3%BCrkiye_anayasa_de%C4%9Fi%C5%9Fikli%C4%9Fi_referandumu,1,"Türkiye#116: 1980'li yıllarda Türk ekonomisinin liberalleştirilmesinden bu yana ülke, ekonomik büyüme ve siyasi istikrar yakaladı. 1984'ten itibaren , Türk hükûmetlerine karşı başladı; tarafların çatışmaları sonucunda resmî verilere göre 40 binden fazla insan öldü. 2012'de taraflar arasında başladı, ancak 2015'te görüşmeler sona erdi ve dönüldü. 2013'te 'ndaki düzenlemeler nedeniyle başlayan , daha sonra hükûmet karşıtı protestolara dönüşerek birçok ilde patlak verdi ancak hükûmet tarafından bastırıldı. 28 Ağustos 2014'te doğrudan halk oyuyla ilk cumhurbaşkanı oldu. 15 Temmuz 2016'da, Türkiye'de bir meydana geldi. 2017'de yapılan ile parlamenter sistemin yerini icracı bir aldı. Başbakanlık makamı kaldırılarak yetki ve görevleri cumhurbaşkanına devredildi."
anayasa değişikliği referandumu,https://tr.wikipedia.org/wiki/2017_T%C3%BCrkiye_anayasa_de%C4%9Fi%C5%9Fikli%C4%9Fi_referandumu,1,"Türkiye#116: 1980'li yıllarda Türk ekonomisinin liberalleştirilmesinden bu yana ülke, ekonomik büyüme ve siyasi istikrar yakaladı. 1984'ten itibaren , Türk hükûmetlerine karşı başladı; tarafların çatışmaları sonucunda resmî verilere göre 40 binden fazla insan öldü. 2012'de taraflar arasında başladı, ancak 2015'te görüşmeler sona erdi ve dönüldü. 2013'te 'ndaki düzenlemeler nedeniyle başlayan , daha sonra hükûmet karşıtı protestolara dönüşerek birçok ilde patlak verdi ancak hükûmet tarafından bastırıldı. 28 Ağustos 2014'te doğrudan halk oyuyla ilk cumhurbaşkanı oldu. 15 Temmuz 2016'da, Türkiye'de bir meydana geldi. 2017'de yapılan ile parlamenter sistemin yerini icracı bir aldı. Başbakanlık makamı kaldırılarak yetki ve görevleri cumhurbaşkanına devredildi."
başkanlık sistemi,https://tr.wikipedia.org/wiki/Cumhurba%C5%9Fkanl%C4%B1%C4%9F%C4%B1_h%C3%BCk%C3%BBmet_sistemi,1,"Türkiye#116: 1980'li yıllarda Türk ekonomisinin liberalleştirilmesinden bu yana ülke, ekonomik büyüme ve siyasi istikrar yakaladı. 1984'ten itibaren , Türk hükûmetlerine karşı başladı; tarafların çatışmaları sonucunda resmî verilere göre 40 binden fazla insan öldü. 2012'de taraflar arasında başladı, ancak 2015'te görüşmeler sona erdi ve dönüldü. 2013'te 'ndaki düzenlemeler nedeniyle başlayan , daha sonra hükûmet karşıtı protestolara dönüşerek birçok ilde patlak verdi ancak hükûmet tarafından bastırıldı. 28 Ağustos 2014'te doğrudan halk oyuyla ilk cumhurbaşkanı oldu. 15 Temmuz 2016'da, Türkiye'de bir meydana geldi. 2017'de yapılan ile parlamenter sistemin yerini icracı bir aldı. Başbakanlık makamı kaldırılarak yetki ve görevleri cumhurbaşkanına devredildi."
başkanlık sistemi,https://tr.wikipedia.org/wiki/Cumhurba%C5%9Fkanl%C4%B1%C4%9F%C4%B1_h%C3%BCk%C3%BBmet_sistemi,1,"Türkiye#116: 1980'li yıllarda Türk ekonomisinin liberalleştirilmesinden bu yana ülke, ekonomik büyüme ve siyasi istikrar yakaladı. 1984'ten itibaren , Türk hükûmetlerine karşı başladı; tarafların çatışmaları sonucunda resmî verilere göre 40 binden fazla insan öldü. 2012'de taraflar arasında başladı, ancak 2015'te görüşmeler sona erdi ve dönüldü. 2013'te 'ndaki düzenlemeler nedeniyle başlayan , daha sonra hükûmet karşıtı protestolara dönüşerek birçok ilde patlak verdi ancak hükûmet tarafından bastırıldı. 28 Ağustos 2014'te doğrudan halk oyuyla ilk cumhurbaşkanı oldu. 15 Temmuz 2016'da, Türkiye'de bir meydana geldi. 2017'de yapılan ile parlamenter sistemin yerini icracı bir aldı. Başbakanlık makamı kaldırılarak yetki ve görevleri cumhurbaşkanına devredildi."
yasama,https://tr.wikipedia.org/wiki/Yasama_organ%C4%B1,1,"Türkiye#118: Devletin temel işleyişindeki üç güç olan , ve dikkate alındığında, yerel yönetimlerin hemen hemen herhangi bir gücü yoktur."
yasama,https://tr.wikipedia.org/wiki/Yasama_organ%C4%B1,1,"Türkiye#118: Devletin temel işleyişindeki üç güç olan , ve dikkate alındığında, yerel yönetimlerin hemen hemen herhangi bir gücü yoktur."
yürütme,https://tr.wikipedia.org/wiki/Y%C3%BCr%C3%BCtme_erki,1,"Türkiye#118: Devletin temel işleyişindeki üç güç olan , ve dikkate alındığında, yerel yönetimlerin hemen hemen herhangi bir gücü yoktur."
yürütme,https://tr.wikipedia.org/wiki/Y%C3%BCr%C3%BCtme_erki,1,"Türkiye#118: Devletin temel işleyişindeki üç güç olan , ve dikkate alındığında, yerel yönetimlerin hemen hemen herhangi bir gücü yoktur."
valiler,https://tr.wikipedia.org/wiki/Vali,1,"Türkiye#121: İllerin başında , ilçelerin başında yönetici olarak görevlidir."
valiler,https://tr.wikipedia.org/wiki/Vali,1,"Türkiye#121: İllerin başında , ilçelerin başında yönetici olarak görevlidir."
kaymakamlar,https://tr.wikipedia.org/wiki/Kaymakam,1,"Türkiye#121: İllerin başında , ilçelerin başında yönetici olarak görevlidir."
kaymakamlar,https://tr.wikipedia.org/wiki/Kaymakam,1,"Türkiye#121: İllerin başında , ilçelerin başında yönetici olarak görevlidir."
belediye başkanları,https://tr.wikipedia.org/wiki/Belediye_ba%C5%9Fkan%C4%B1,1,"Türkiye#122: Vali ve kaymakamın yanı sıra, merkezî yönetim ve tarafından atanan diğer üst düzey yetkililer de vardır."
belediye başkanları,https://tr.wikipedia.org/wiki/Belediye_ba%C5%9Fkan%C4%B1,1,"Türkiye#122: Vali ve kaymakamın yanı sıra, merkezî yönetim ve tarafından atanan diğer üst düzey yetkililer de vardır."
illerdir,https://tr.wikipedia.org/wiki/T%C3%BCrkiye%27nin_illeri,1,Türkiye#123: Türkiye'nin başkenti 'dır. Ülkenin en büyük idari birimleri ve 81 il vardır.
illerdir,https://tr.wikipedia.org/wiki/T%C3%BCrkiye%27nin_illeri,1,Türkiye#123: Türkiye'nin başkenti 'dır. Ülkenin en büyük idari birimleri ve 81 il vardır.
ilçelere,https://tr.wikipedia.org/wiki/T%C3%BCrkiye%27nin_il%C3%A7eleri,1,"Türkiye#124: Bu iller ayrılmıştır, toplamda 973 ilçe mevcuttur."
ilçelere,https://tr.wikipedia.org/wiki/T%C3%BCrkiye%27nin_il%C3%A7eleri,1,"Türkiye#124: Bu iller ayrılmıştır, toplamda 973 ilçe mevcuttur."
coğrafi,https://tr.wikipedia.org/wiki/Co%C4%9Frafya,1,"Türkiye#125: Ayrıca ülke , ve koşullar göz önüne alınarak idari anlam taşımayan ayrılmıştır."
coğrafi,https://tr.wikipedia.org/wiki/Co%C4%9Frafya,1,"Türkiye#125: Ayrıca ülke , ve koşullar göz önüne alınarak idari anlam taşımayan ayrılmıştır."
demografik,https://tr.wikipedia.org/wiki/Demografi,1,"Türkiye#125: Ayrıca ülke , ve koşullar göz önüne alınarak idari anlam taşımayan ayrılmıştır."
demografik,https://tr.wikipedia.org/wiki/Demografi,1,"Türkiye#125: Ayrıca ülke , ve koşullar göz önüne alınarak idari anlam taşımayan ayrılmıştır."
ekonomik,https://tr.wikipedia.org/wiki/Ekonomi,1,"Türkiye#125: Ayrıca ülke , ve koşullar göz önüne alınarak idari anlam taşımayan ayrılmıştır."
ekonomik,https://tr.wikipedia.org/wiki/Ekonomi,1,"Türkiye#125: Ayrıca ülke , ve koşullar göz önüne alınarak idari anlam taşımayan ayrılmıştır."
7 bölge ve 21 alt bölgeye,https://tr.wikipedia.org/wiki/T%C3%BCrkiye%27nin_co%C4%9Frafi_b%C3%B6lgeleri,1,"Türkiye#125: Ayrıca ülke , ve koşullar göz önüne alınarak idari anlam taşımayan ayrılmıştır."
7 bölge ve 21 alt bölgeye,https://tr.wikipedia.org/wiki/T%C3%BCrkiye%27nin_co%C4%9Frafi_b%C3%B6lgeleri,1,"Türkiye#125: Ayrıca ülke , ve koşullar göz önüne alınarak idari anlam taşımayan ayrılmıştır."
Bursa,https://tr.wikipedia.org/wiki/Bursa,1,Türkiye#127
Bursa,https://tr.wikipedia.org/wiki/Bursa,1,Türkiye#127
çok partili sisteme,https://tr.wikipedia.org/wiki/T%C3%BCrkiye%27de_%C3%A7ok_partili_d%C3%B6nem,1,"Türkiye#128: Türkiye, sahip uygulandığı . 1982'de ve hükûmetin yapısını belirlemekle birlikte, devletin ideallerini ve yönetim standartlarını ortaya koymaktadır."
çok partili sisteme,https://tr.wikipedia.org/wiki/T%C3%BCrkiye%27de_%C3%A7ok_partili_d%C3%B6nem,1,"Türkiye#128: Türkiye, sahip uygulandığı . 1982'de ve hükûmetin yapısını belirlemekle birlikte, devletin ideallerini ve yönetim standartlarını ortaya koymaktadır."
temsilî demokrasinin,https://tr.wikipedia.org/wiki/Temsil%C3%AE_demokrasi,1,"Türkiye#128: Türkiye, sahip uygulandığı . 1982'de ve hükûmetin yapısını belirlemekle birlikte, devletin ideallerini ve yönetim standartlarını ortaya koymaktadır."
temsilî demokrasinin,https://tr.wikipedia.org/wiki/Temsil%C3%AE_demokrasi,1,"Türkiye#128: Türkiye, sahip uygulandığı . 1982'de ve hükûmetin yapısını belirlemekle birlikte, devletin ideallerini ve yönetim standartlarını ortaya koymaktadır."
üniter devlettir,https://tr.wikipedia.org/wiki/T%C3%BCrkiye%27de_%C3%BCniter_devlet,1,"Türkiye#128: Türkiye, sahip uygulandığı . 1982'de ve hükûmetin yapısını belirlemekle birlikte, devletin ideallerini ve yönetim standartlarını ortaya koymaktadır."
üniter devlettir,https://tr.wikipedia.org/wiki/T%C3%BCrkiye%27de_%C3%BCniter_devlet,1,"Türkiye#128: Türkiye, sahip uygulandığı . 1982'de ve hükûmetin yapısını belirlemekle birlikte, devletin ideallerini ve yönetim standartlarını ortaya koymaktadır."
Mevcut anayasa,https://tr.wikipedia.org/wiki/T%C3%BCrkiye_Cumhuriyeti_Anayasas%C4%B1,1,"Türkiye#128: Türkiye, sahip uygulandığı . 1982'de ve hükûmetin yapısını belirlemekle birlikte, devletin ideallerini ve yönetim standartlarını ortaya koymaktadır."
Mevcut anayasa,https://tr.wikipedia.org/wiki/T%C3%BCrkiye_Cumhuriyeti_Anayasas%C4%B1,1,"Türkiye#128: Türkiye, sahip uygulandığı . 1982'de ve hükûmetin yapısını belirlemekle birlikte, devletin ideallerini ve yönetim standartlarını ortaya koymaktadır."
referandumla onaylandı,https://tr.wikipedia.org/wiki/1982_T%C3%BCrkiye_anayasa_referandumu,1,"Türkiye#128: Türkiye, sahip uygulandığı . 1982'de ve hükûmetin yapısını belirlemekle birlikte, devletin ideallerini ve yönetim standartlarını ortaya koymaktadır."
referandumla onaylandı,https://tr.wikipedia.org/wiki/1982_T%C3%BCrkiye_anayasa_referandumu,1,"Türkiye#128: Türkiye, sahip uygulandığı . 1982'de ve hükûmetin yapısını belirlemekle birlikte, devletin ideallerini ve yönetim standartlarını ortaya koymaktadır."
Yerel yönetimin,https://tr.wikipedia.org/wiki/Yerel_y%C3%B6netim,1,"Türkiye#130: Türk siyasi sisteminde vatandaşlar, ülkesel, il ve yerel olmak üzere üç yönetim düzeyine tabidir. görevleri genellikle belediye yönetimleri ve ilçeler arasında paylaştırılır."
Yerel yönetimin,https://tr.wikipedia.org/wiki/Yerel_y%C3%B6netim,1,"Türkiye#130: Türk siyasi sisteminde vatandaşlar, ülkesel, il ve yerel olmak üzere üç yönetim düzeyine tabidir. görevleri genellikle belediye yönetimleri ve ilçeler arasında paylaştırılır."
81 ile,https://tr.wikipedia.org/wiki/T%C3%BCrkiye%27nin_illeri,1,Türkiye#131: Türkiye idari amaçlarla bölünmüştür.
81 ile,https://tr.wikipedia.org/wiki/T%C3%BCrkiye%27nin_illeri,1,Türkiye#131: Türkiye idari amaçlarla bölünmüştür.
973 ilçe,https://tr.wikipedia.org/wiki/T%C3%BCrkiye%27nin_il%C3%A7eleri,1,"Türkiye#132: Her il, toplam olmak üzere ilçelere ayrılmıştır."
973 ilçe,https://tr.wikipedia.org/wiki/T%C3%BCrkiye%27nin_il%C3%A7eleri,1,"Türkiye#132: Her il, toplam olmak üzere ilçelere ayrılmıştır."
kuvvetler ayrılığı,https://tr.wikipedia.org/wiki/Kuvvetler_ayr%C4%B1l%C4%B1%C4%9F%C4%B1,1,"Türkiye#133: Devlet, anayasa tarafından tanımlanan bir sistemi ile düzenlenmiştir ve , ve olmak üzere üç kola ayrılmaktadır:"
kuvvetler ayrılığı,https://tr.wikipedia.org/wiki/Kuvvetler_ayr%C4%B1l%C4%B1%C4%9F%C4%B1,1,"Türkiye#133: Devlet, anayasa tarafından tanımlanan bir sistemi ile düzenlenmiştir ve , ve olmak üzere üç kola ayrılmaktadır:"
yasama,https://tr.wikipedia.org/wiki/Yasama,1,"Türkiye#133: Devlet, anayasa tarafından tanımlanan bir sistemi ile düzenlenmiştir ve , ve olmak üzere üç kola ayrılmaktadır:"
yasama,https://tr.wikipedia.org/wiki/Yasama,1,"Türkiye#133: Devlet, anayasa tarafından tanımlanan bir sistemi ile düzenlenmiştir ve , ve olmak üzere üç kola ayrılmaktadır:"
yürütme,https://tr.wikipedia.org/wiki/Y%C3%BCr%C3%BCtme,1,"Türkiye#133: Devlet, anayasa tarafından tanımlanan bir sistemi ile düzenlenmiştir ve , ve olmak üzere üç kola ayrılmaktadır:"
yürütme,https://tr.wikipedia.org/wiki/Y%C3%BCr%C3%BCtme,1,"Türkiye#133: Devlet, anayasa tarafından tanımlanan bir sistemi ile düzenlenmiştir ve , ve olmak üzere üç kola ayrılmaktadır:"
Meclise,https://tr.wikipedia.org/wiki/T%C3%BCrkiye_B%C3%BCy%C3%BCk_Millet_Meclisi,1,Türkiye#134: 600 milletvekili seçilir.
Meclise,https://tr.wikipedia.org/wiki/T%C3%BCrkiye_B%C3%BCy%C3%BCk_Millet_Meclisi,1,Türkiye#134: 600 milletvekili seçilir.
seçim bölgesini,https://tr.wikipedia.org/wiki/Se%C3%A7im_b%C3%B6lgesi,1,"Türkiye#135: Parlamento üyelerinin her biri beş yıllık bir dönem için bir temsil eder. Parlamentonun sandalye dağılımı, nüfus sayımına uygun olarak illere göre dağıtılır."
seçim bölgesini,https://tr.wikipedia.org/wiki/Se%C3%A7im_b%C3%B6lgesi,1,"Türkiye#135: Parlamento üyelerinin her biri beş yıllık bir dönem için bir temsil eder. Parlamentonun sandalye dağılımı, nüfus sayımına uygun olarak illere göre dağıtılır."
doğrudan halk tarafından,https://tr.wikipedia.org/wiki/Tek_dereceli_se%C3%A7im,1,Türkiye#136: Cumhurbaşkanı ise beş yıllık bir dönem için seçilir.
doğrudan halk tarafından,https://tr.wikipedia.org/wiki/Tek_dereceli_se%C3%A7im,1,Türkiye#136: Cumhurbaşkanı ise beş yıllık bir dönem için seçilir.
emekli,https://tr.wikipedia.org/wiki/Emeklilik,1,Türkiye#142: Anayasa Mahkemesi üyeleri altmış beş yaşını doldurduklarında olmak zorundadırlar.
emekli,https://tr.wikipedia.org/wiki/Emeklilik,1,Türkiye#142: Anayasa Mahkemesi üyeleri altmış beş yaşını doldurduklarında olmak zorundadırlar.
meclis seçimleri,https://tr.wikipedia.org/wiki/T%C3%BCrkiye_B%C3%BCy%C3%BCk_Millet_Meclisi,1,"Türkiye#143: Türkiye'de seçimler altı yönetim kademesi için yapılır: (ulusal), (ulusal), (yerel), (yerel), veya (yerel) ve (yerel)."
meclis seçimleri,https://tr.wikipedia.org/wiki/T%C3%BCrkiye_B%C3%BCy%C3%BCk_Millet_Meclisi,1,"Türkiye#143: Türkiye'de seçimler altı yönetim kademesi için yapılır: (ulusal), (ulusal), (yerel), (yerel), veya (yerel) ve (yerel)."
cumhurbaşkanlığı seçimleri,https://tr.wikipedia.org/wiki/T%C3%BCrkiye%27de_cumhurba%C5%9Fkanl%C4%B1%C4%9F%C4%B1_se%C3%A7imleri,1,"Türkiye#143: Türkiye'de seçimler altı yönetim kademesi için yapılır: (ulusal), (ulusal), (yerel), (yerel), veya (yerel) ve (yerel)."
cumhurbaşkanlığı seçimleri,https://tr.wikipedia.org/wiki/T%C3%BCrkiye%27de_cumhurba%C5%9Fkanl%C4%B1%C4%9F%C4%B1_se%C3%A7imleri,1,"Türkiye#143: Türkiye'de seçimler altı yönetim kademesi için yapılır: (ulusal), (ulusal), (yerel), (yerel), veya (yerel) ve (yerel)."
büyükşehir belediye başkanları,https://tr.wikipedia.org/wiki/T%C3%BCrkiye%27de_b%C3%BCy%C3%BCk%C5%9Fehir_belediyeleri,1,"Türkiye#143: Türkiye'de seçimler altı yönetim kademesi için yapılır: (ulusal), (ulusal), (yerel), (yerel), veya (yerel) ve (yerel)."
büyükşehir belediye başkanları,https://tr.wikipedia.org/wiki/T%C3%BCrkiye%27de_b%C3%BCy%C3%BCk%C5%9Fehir_belediyeleri,1,"Türkiye#143: Türkiye'de seçimler altı yönetim kademesi için yapılır: (ulusal), (ulusal), (yerel), (yerel), veya (yerel) ve (yerel)."
ilçe belediye başkanları,https://tr.wikipedia.org/wiki/T%C3%BCrkiye%27nin_il%C3%A7eleri,1,"Türkiye#143: Türkiye'de seçimler altı yönetim kademesi için yapılır: (ulusal), (ulusal), (yerel), (yerel), veya (yerel) ve (yerel)."
ilçe belediye başkanları,https://tr.wikipedia.org/wiki/T%C3%BCrkiye%27nin_il%C3%A7eleri,1,"Türkiye#143: Türkiye'de seçimler altı yönetim kademesi için yapılır: (ulusal), (ulusal), (yerel), (yerel), veya (yerel) ve (yerel)."
il,https://tr.wikipedia.org/wiki/T%C3%BCrkiye%27nin_illeri,1,"Türkiye#143: Türkiye'de seçimler altı yönetim kademesi için yapılır: (ulusal), (ulusal), (yerel), (yerel), veya (yerel) ve (yerel)."
il,https://tr.wikipedia.org/wiki/T%C3%BCrkiye%27nin_illeri,1,"Türkiye#143: Türkiye'de seçimler altı yönetim kademesi için yapılır: (ulusal), (ulusal), (yerel), (yerel), veya (yerel) ve (yerel)."
belediye meclisi üyeleri,https://tr.wikipedia.org/wiki/T%C3%BCrkiye%27nin_belediyeleri_listesi,1,"Türkiye#143: Türkiye'de seçimler altı yönetim kademesi için yapılır: (ulusal), (ulusal), (yerel), (yerel), veya (yerel) ve (yerel)."
belediye meclisi üyeleri,https://tr.wikipedia.org/wiki/T%C3%BCrkiye%27nin_belediyeleri_listesi,1,"Türkiye#143: Türkiye'de seçimler altı yönetim kademesi için yapılır: (ulusal), (ulusal), (yerel), (yerel), veya (yerel) ve (yerel)."
muhtarlar,https://tr.wikipedia.org/wiki/Muhtar,1,"Türkiye#143: Türkiye'de seçimler altı yönetim kademesi için yapılır: (ulusal), (ulusal), (yerel), (yerel), veya (yerel) ve (yerel)."
muhtarlar,https://tr.wikipedia.org/wiki/Muhtar,1,"Türkiye#143: Türkiye'de seçimler altı yönetim kademesi için yapılır: (ulusal), (ulusal), (yerel), (yerel), veya (yerel) ve (yerel)."
referandumlar,https://tr.wikipedia.org/wiki/Referandum,1,Türkiye#144: Seçimler dışında zaman zaman da düzenleniyor.
referandumlar,https://tr.wikipedia.org/wiki/Referandum,1,Türkiye#144: Seçimler dışında zaman zaman da düzenleniyor.
oy kullanma,https://tr.wikipedia.org/wiki/Oy_hakk%C4%B1,1,"Türkiye#145: 18 yaşını doldurmuş her Türk vatandaşı, seçimlerde ve aday olma hakkına sahiptir."
oy kullanma,https://tr.wikipedia.org/wiki/Oy_hakk%C4%B1,1,"Türkiye#145: 18 yaşını doldurmuş her Türk vatandaşı, seçimlerde ve aday olma hakkına sahiptir."
genel oy hakkı,https://tr.wikipedia.org/wiki/Genel_oy_hakk%C4%B1,1,Türkiye#146: Her iki cinsiyet için de Türkiye'nin her yerinde uygulanmaktadır.
genel oy hakkı,https://tr.wikipedia.org/wiki/Genel_oy_hakk%C4%B1,1,Türkiye#146: Her iki cinsiyet için de Türkiye'nin her yerinde uygulanmaktadır.
katılım oranları,https://tr.wikipedia.org/wiki/Se%C3%A7men_kat%C4%B1l%C4%B1m%C4%B1,1,Türkiye#147: Türkiye'de hem genel hem de yerel seçimlere yüzde 80'lerde bulunmaktadır.
katılım oranları,https://tr.wikipedia.org/wiki/Se%C3%A7men_kat%C4%B1l%C4%B1m%C4%B1,1,Türkiye#147: Türkiye'de hem genel hem de yerel seçimlere yüzde 80'lerde bulunmaktadır.
liste usulü çoğunluk seçim sistemi,https://tr.wikipedia.org/wiki/Liste_usul%C3%BC_%C3%A7o%C4%9Funluk_se%C3%A7im_sistemi,1,Türkiye#148: Türkiye'de 88 seçim bölgesi vardır ve bu seçim bölgelerinden aday olan 18 yaş üstü kişilerden 600 tanesi beş yıl aralıklarla yoluyla olarak seçilir.
liste usulü çoğunluk seçim sistemi,https://tr.wikipedia.org/wiki/Liste_usul%C3%BC_%C3%A7o%C4%9Funluk_se%C3%A7im_sistemi,1,Türkiye#148: Türkiye'de 88 seçim bölgesi vardır ve bu seçim bölgelerinden aday olan 18 yaş üstü kişilerden 600 tanesi beş yıl aralıklarla yoluyla olarak seçilir.
milletvekili,https://tr.wikipedia.org/wiki/Milletvekili,1,Türkiye#148: Türkiye'de 88 seçim bölgesi vardır ve bu seçim bölgelerinden aday olan 18 yaş üstü kişilerden 600 tanesi beş yıl aralıklarla yoluyla olarak seçilir.
milletvekili,https://tr.wikipedia.org/wiki/Milletvekili,1,Türkiye#148: Türkiye'de 88 seçim bölgesi vardır ve bu seçim bölgelerinden aday olan 18 yaş üstü kişilerden 600 tanesi beş yıl aralıklarla yoluyla olarak seçilir.
seçim barajı,https://tr.wikipedia.org/wiki/Se%C3%A7im_baraj%C4%B1,1,Türkiye#150: Ülkede %7 uygulaması vardır.
seçim barajı,https://tr.wikipedia.org/wiki/Se%C3%A7im_baraj%C4%B1,1,Türkiye#150: Ülkede %7 uygulaması vardır.
Bağımsız adaylar,https://tr.wikipedia.org/wiki/Ba%C4%9F%C4%B1ms%C4%B1z_siyaset%C3%A7i,1,Türkiye#152: İttifakın toplam oyunun %7'yi geçmesi yeterlidir. seçim barajına tabi değildir.
Bağımsız adaylar,https://tr.wikipedia.org/wiki/Ba%C4%9F%C4%B1ms%C4%B1z_siyaset%C3%A7i,1,Türkiye#152: İttifakın toplam oyunun %7'yi geçmesi yeterlidir. seçim barajına tabi değildir.
çok partili bir sistem,https://tr.wikipedia.org/wiki/T%C3%BCrkiye%27de_%C3%A7ok_partili_d%C3%B6nem,1,Türkiye#153: İkinci Dünya Savaşı'ndan sonra Türkiye'de siyaset altında faaliyet göstermiştir.
çok partili bir sistem,https://tr.wikipedia.org/wiki/T%C3%BCrkiye%27de_%C3%A7ok_partili_d%C3%B6nem,1,Türkiye#153: İkinci Dünya Savaşı'ndan sonra Türkiye'de siyaset altında faaliyet göstermiştir.
"Demokrat Parti U:(https://tr.wikipedia.org/wiki/Demokrat_Parti_(1946))___ (DP), (AP), ___E:Anavatan Partisi",https://tr.wikipedia.org/wiki/Anavatan_Partisi,1,"Türkiye#154: Türk siyasi yelpazesinin sağ tarafında (DP), (AP), (ANAP) ve (AK Parti) Türkiye'nin en büyük siyasi partileri oldular ve en büyük seçim başarılarını elde ederek siyasette baskın oldular."
"Demokrat Parti U:(https://tr.wikipedia.org/wiki/Demokrat_Parti_(1946))___ (DP), (AP), ___E:Anavatan Partisi",https://tr.wikipedia.org/wiki/Anavatan_Partisi,1,"Türkiye#154: Türk siyasi yelpazesinin sağ tarafında (DP), (AP), (ANAP) ve (AK Parti) Türkiye'nin en büyük siyasi partileri oldular ve en büyük seçim başarılarını elde ederek siyasette baskın oldular."
muhafazakârlık,https://tr.wikipedia.org/wiki/Muhafazak%C3%A2rl%C4%B1k,1,"Türkiye#155: Sağ partiler , , veya gibi siyasi ideolojilerin ilkelerini benimseme eğilimindedir."
muhafazakârlık,https://tr.wikipedia.org/wiki/Muhafazak%C3%A2rl%C4%B1k,1,"Türkiye#155: Sağ partiler , , veya gibi siyasi ideolojilerin ilkelerini benimseme eğilimindedir."
liberalizm,https://tr.wikipedia.org/wiki/Liberalizm,1,"Türkiye#155: Sağ partiler , , veya gibi siyasi ideolojilerin ilkelerini benimseme eğilimindedir."
liberalizm,https://tr.wikipedia.org/wiki/Liberalizm,1,"Türkiye#155: Sağ partiler , , veya gibi siyasi ideolojilerin ilkelerini benimseme eğilimindedir."
İslamcılık,https://tr.wikipedia.org/wiki/%C4%B0slamc%C4%B1l%C4%B1k,1,"Türkiye#155: Sağ partiler , , veya gibi siyasi ideolojilerin ilkelerini benimseme eğilimindedir."
İslamcılık,https://tr.wikipedia.org/wiki/%C4%B0slamc%C4%B1l%C4%B1k,1,"Türkiye#155: Sağ partiler , , veya gibi siyasi ideolojilerin ilkelerini benimseme eğilimindedir."
Sosyaldemokrat Halkçı Parti,https://tr.wikipedia.org/wiki/Sosyaldemokrat_Halk%C3%A7%C4%B1_Parti,1,"Türkiye#156: Yelpazenin sol tarafında (CHP), (SHP) ve (DSP) yerel ve genel seçimlerde büyük başarılar elde ettiler."
Sosyaldemokrat Halkçı Parti,https://tr.wikipedia.org/wiki/Sosyaldemokrat_Halk%C3%A7%C4%B1_Parti,1,"Türkiye#156: Yelpazenin sol tarafında (CHP), (SHP) ve (DSP) yerel ve genel seçimlerde büyük başarılar elde ettiler."
Demokratik Sol Parti,https://tr.wikipedia.org/wiki/Demokratik_Sol_Parti,1,"Türkiye#156: Yelpazenin sol tarafında (CHP), (SHP) ve (DSP) yerel ve genel seçimlerde büyük başarılar elde ettiler."
Demokratik Sol Parti,https://tr.wikipedia.org/wiki/Demokratik_Sol_Parti,1,"Türkiye#156: Yelpazenin sol tarafında (CHP), (SHP) ve (DSP) yerel ve genel seçimlerde büyük başarılar elde ettiler."
sosyalizm,https://tr.wikipedia.org/wiki/Sosyalizm,1,"Türkiye#157: Sol partiler , veya ilkelerini daha fazla benimseme eğilimindedir."
sosyalizm,https://tr.wikipedia.org/wiki/Sosyalizm,1,"Türkiye#157: Sol partiler , veya ilkelerini daha fazla benimseme eğilimindedir."
Kemalizm,https://tr.wikipedia.org/wiki/Kemalizm,1,"Türkiye#157: Sol partiler , veya ilkelerini daha fazla benimseme eğilimindedir."
Kemalizm,https://tr.wikipedia.org/wiki/Kemalizm,1,"Türkiye#157: Sol partiler , veya ilkelerini daha fazla benimseme eğilimindedir."
laiklik,https://tr.wikipedia.org/wiki/Laiklik,1,"Türkiye#157: Sol partiler , veya ilkelerini daha fazla benimseme eğilimindedir."
laiklik,https://tr.wikipedia.org/wiki/Laiklik,1,"Türkiye#157: Sol partiler , veya ilkelerini daha fazla benimseme eğilimindedir."
devlet,https://tr.wikipedia.org/wiki/Devlet_ba%C5%9Fkan%C4%B1,1,"Türkiye#158: 12. Cumhurbaşkanı şu anda ve olarak görev yapıyor. , Türkiye'nin . , 'dır."
devlet,https://tr.wikipedia.org/wiki/Devlet_ba%C5%9Fkan%C4%B1,1,"Türkiye#158: 12. Cumhurbaşkanı şu anda ve olarak görev yapıyor. , Türkiye'nin . , 'dır."
hükûmet başkanı,https://tr.wikipedia.org/wiki/H%C3%BCk%C3%BBmet_ba%C5%9Fkan%C4%B1,1,"Türkiye#158: 12. Cumhurbaşkanı şu anda ve olarak görev yapıyor. , Türkiye'nin . , 'dır."
hükûmet başkanı,https://tr.wikipedia.org/wiki/H%C3%BCk%C3%BBmet_ba%C5%9Fkan%C4%B1,1,"Türkiye#158: 12. Cumhurbaşkanı şu anda ve olarak görev yapıyor. , Türkiye'nin . , 'dır."
Özgür Özel,https://tr.wikipedia.org/wiki/%C3%96zg%C3%BCr_%C3%96zel,1,"Türkiye#158: 12. Cumhurbaşkanı şu anda ve olarak görev yapıyor. , Türkiye'nin . , 'dır."
Özgür Özel,https://tr.wikipedia.org/wiki/%C3%96zg%C3%BCr_%C3%96zel,1,"Türkiye#158: 12. Cumhurbaşkanı şu anda ve olarak görev yapıyor. , Türkiye'nin . , 'dır."
ana muhalefet lideridir,https://tr.wikipedia.org/wiki/Ana_muhalefet_partisi_lideri,1,"Türkiye#158: 12. Cumhurbaşkanı şu anda ve olarak görev yapıyor. , Türkiye'nin . , 'dır."
ana muhalefet lideridir,https://tr.wikipedia.org/wiki/Ana_muhalefet_partisi_lideri,1,"Türkiye#158: 12. Cumhurbaşkanı şu anda ve olarak görev yapıyor. , Türkiye'nin . , 'dır."
Türkiye Büyük Millet Meclisi Başkanı,https://tr.wikipedia.org/wiki/T%C3%BCrkiye_B%C3%BCy%C3%BCk_Millet_Meclisi_ba%C5%9Fkanlar%C4%B1_listesi,1,"Türkiye#158: 12. Cumhurbaşkanı şu anda ve olarak görev yapıyor. , Türkiye'nin . , 'dır."
Türkiye Büyük Millet Meclisi Başkanı,https://tr.wikipedia.org/wiki/T%C3%BCrkiye_B%C3%BCy%C3%BCk_Millet_Meclisi_ba%C5%9Fkanlar%C4%B1_listesi,1,"Türkiye#158: 12. Cumhurbaşkanı şu anda ve olarak görev yapıyor. , Türkiye'nin . , 'dır."
28. dönemi,https://tr.wikipedia.org/wiki/TBMM_28._d%C3%B6nem_milletvekilleri_listesi,1,"Türkiye#159: Meclisin , ardından başlamıştır ve başlangıçta milletvekili dağılımı şu şekilde belirlendi: (AKP) 268, (CHP) 169, (MHP) 50, Halkların Eşitlik ve Demokrasi Partisi (HEDEP) 57, 43, (YRP) 5, (TİP) 4 sandalye."
28. dönemi,https://tr.wikipedia.org/wiki/TBMM_28._d%C3%B6nem_milletvekilleri_listesi,1,"Türkiye#159: Meclisin , ardından başlamıştır ve başlangıçta milletvekili dağılımı şu şekilde belirlendi: (AKP) 268, (CHP) 169, (MHP) 50, Halkların Eşitlik ve Demokrasi Partisi (HEDEP) 57, 43, (YRP) 5, (TİP) 4 sandalye."
2023 genel seçimlerinin,https://tr.wikipedia.org/wiki/2023_T%C3%BCrkiye_genel_se%C3%A7imleri,1,"Türkiye#159: Meclisin , ardından başlamıştır ve başlangıçta milletvekili dağılımı şu şekilde belirlendi: (AKP) 268, (CHP) 169, (MHP) 50, Halkların Eşitlik ve Demokrasi Partisi (HEDEP) 57, 43, (YRP) 5, (TİP) 4 sandalye."
2023 genel seçimlerinin,https://tr.wikipedia.org/wiki/2023_T%C3%BCrkiye_genel_se%C3%A7imleri,1,"Türkiye#159: Meclisin , ardından başlamıştır ve başlangıçta milletvekili dağılımı şu şekilde belirlendi: (AKP) 268, (CHP) 169, (MHP) 50, Halkların Eşitlik ve Demokrasi Partisi (HEDEP) 57, 43, (YRP) 5, (TİP) 4 sandalye."
Milliyetçi Hareket Partisi,https://tr.wikipedia.org/wiki/Milliyet%C3%A7i_Hareket_Partisi,1,"Türkiye#159: Meclisin , ardından başlamıştır ve başlangıçta milletvekili dağılımı şu şekilde belirlendi: (AKP) 268, (CHP) 169, (MHP) 50, Halkların Eşitlik ve Demokrasi Partisi (HEDEP) 57, 43, (YRP) 5, (TİP) 4 sandalye."
Milliyetçi Hareket Partisi,https://tr.wikipedia.org/wiki/Milliyet%C3%A7i_Hareket_Partisi,1,"Türkiye#159: Meclisin , ardından başlamıştır ve başlangıçta milletvekili dağılımı şu şekilde belirlendi: (AKP) 268, (CHP) 169, (MHP) 50, Halkların Eşitlik ve Demokrasi Partisi (HEDEP) 57, 43, (YRP) 5, (TİP) 4 sandalye."
İYİ Parti,https://tr.wikipedia.org/wiki/%C4%B0Y%C4%B0_Parti,1,"Türkiye#159: Meclisin , ardından başlamıştır ve başlangıçta milletvekili dağılımı şu şekilde belirlendi: (AKP) 268, (CHP) 169, (MHP) 50, Halkların Eşitlik ve Demokrasi Partisi (HEDEP) 57, 43, (YRP) 5, (TİP) 4 sandalye."
İYİ Parti,https://tr.wikipedia.org/wiki/%C4%B0Y%C4%B0_Parti,1,"Türkiye#159: Meclisin , ardından başlamıştır ve başlangıçta milletvekili dağılımı şu şekilde belirlendi: (AKP) 268, (CHP) 169, (MHP) 50, Halkların Eşitlik ve Demokrasi Partisi (HEDEP) 57, 43, (YRP) 5, (TİP) 4 sandalye."
Yeniden Refah Partisi,https://tr.wikipedia.org/wiki/Yeniden_Refah_Partisi,1,"Türkiye#159: Meclisin , ardından başlamıştır ve başlangıçta milletvekili dağılımı şu şekilde belirlendi: (AKP) 268, (CHP) 169, (MHP) 50, Halkların Eşitlik ve Demokrasi Partisi (HEDEP) 57, 43, (YRP) 5, (TİP) 4 sandalye."
Yeniden Refah Partisi,https://tr.wikipedia.org/wiki/Yeniden_Refah_Partisi,1,"Türkiye#159: Meclisin , ardından başlamıştır ve başlangıçta milletvekili dağılımı şu şekilde belirlendi: (AKP) 268, (CHP) 169, (MHP) 50, Halkların Eşitlik ve Demokrasi Partisi (HEDEP) 57, 43, (YRP) 5, (TİP) 4 sandalye."
güçler ayrılığı,https://tr.wikipedia.org/wiki/G%C3%BC%C3%A7ler_ayr%C4%B1l%C4%B1%C4%9F%C4%B1,1,Türkiye#164: Türkiye'de ilkesi benimsenmiştir.
güçler ayrılığı,https://tr.wikipedia.org/wiki/G%C3%BC%C3%A7ler_ayr%C4%B1l%C4%B1%C4%9F%C4%B1,1,Türkiye#164: Türkiye'de ilkesi benimsenmiştir.
Türkiye Cumhuriyeti Anayasası,https://tr.wikipedia.org/wiki/T%C3%BCrkiye_Cumhuriyeti_Anayasas%C4%B1,1,"Türkiye#167: 'nın 142. maddesine göre mahkemelerin kuruluşu, görev ve yetkileri, işleyişi ile yargılama usulleri kanunla düzenlenir."
Türkiye Cumhuriyeti Anayasası,https://tr.wikipedia.org/wiki/T%C3%BCrkiye_Cumhuriyeti_Anayasas%C4%B1,1,"Türkiye#167: 'nın 142. maddesine göre mahkemelerin kuruluşu, görev ve yetkileri, işleyişi ile yargılama usulleri kanunla düzenlenir."
İdare Mahkemeleri,https://tr.wikipedia.org/wiki/%C4%B0dare_mahkemesi,1,"Türkiye#168: Bu yasada ve ilgili diğer anayasa maddeleri doğrultusunda Türkiye'deki mahkeme sistemi üç ana başlık altında toplanır: Yargı Mahkemeleri, ve ."
İdare Mahkemeleri,https://tr.wikipedia.org/wiki/%C4%B0dare_mahkemesi,1,"Türkiye#168: Bu yasada ve ilgili diğer anayasa maddeleri doğrultusunda Türkiye'deki mahkeme sistemi üç ana başlık altında toplanır: Yargı Mahkemeleri, ve ."
Askerî Mahkemeler,https://tr.wikipedia.org/wiki/Asker%C3%AE_mahkeme,1,"Türkiye#168: Bu yasada ve ilgili diğer anayasa maddeleri doğrultusunda Türkiye'deki mahkeme sistemi üç ana başlık altında toplanır: Yargı Mahkemeleri, ve ."
Askerî Mahkemeler,https://tr.wikipedia.org/wiki/Asker%C3%AE_mahkeme,1,"Türkiye#168: Bu yasada ve ilgili diğer anayasa maddeleri doğrultusunda Türkiye'deki mahkeme sistemi üç ana başlık altında toplanır: Yargı Mahkemeleri, ve ."
Emniyet Genel Müdürlüğü,https://tr.wikipedia.org/wiki/Emniyet_Genel_M%C3%BCd%C3%BCrl%C3%BC%C4%9F%C3%BC,1,Türkiye#171: Türkiye'de kolluk kuvvetleri ve gibi çeşitli birimlere ayrılmaktadır.
Emniyet Genel Müdürlüğü,https://tr.wikipedia.org/wiki/Emniyet_Genel_M%C3%BCd%C3%BCrl%C3%BC%C4%9F%C3%BC,1,Türkiye#171: Türkiye'de kolluk kuvvetleri ve gibi çeşitli birimlere ayrılmaktadır.
Jandarma Genel Komutanlığı,https://tr.wikipedia.org/wiki/Jandarma_Genel_Komutanl%C4%B1%C4%9F%C4%B1,1,Türkiye#171: Türkiye'de kolluk kuvvetleri ve gibi çeşitli birimlere ayrılmaktadır.
Jandarma Genel Komutanlığı,https://tr.wikipedia.org/wiki/Jandarma_Genel_Komutanl%C4%B1%C4%9F%C4%B1,1,Türkiye#171: Türkiye'de kolluk kuvvetleri ve gibi çeşitli birimlere ayrılmaktadır.
"İçişleri Bakanlığına U:(https://tr.wikipedia.org/wiki/%C4%B0%C3%A7i%C5%9Fleri_Bakanl%C4%B1%C4%9F%C4%B1_(T%C3%BCrkiye))___ bağlı olarak hareket eder. tarafından Kasım 2008'de açıklanan verilere göre, ___E:Türkiye cezaevlerinde",https://tr.wikipedia.org/wiki/T%C3%BCrkiye%27deki_cezaevleri,1,"Türkiye#172: Tüm bu kolluk kuvvetleri bağlı olarak hareket eder. tarafından Kasım 2008'de açıklanan verilere göre, bulunun kişi sayısı 100.000'i aşmıştır ve bu sayı 2000'lerin başındaki sayının iki katıdır."
"İçişleri Bakanlığına U:(https://tr.wikipedia.org/wiki/%C4%B0%C3%A7i%C5%9Fleri_Bakanl%C4%B1%C4%9F%C4%B1_(T%C3%BCrkiye))___ bağlı olarak hareket eder. tarafından Kasım 2008'de açıklanan verilere göre, ___E:Türkiye cezaevlerinde",https://tr.wikipedia.org/wiki/T%C3%BCrkiye%27deki_cezaevleri,1,"Türkiye#172: Tüm bu kolluk kuvvetleri bağlı olarak hareket eder. tarafından Kasım 2008'de açıklanan verilere göre, bulunun kişi sayısı 100.000'i aşmıştır ve bu sayı 2000'lerin başındaki sayının iki katıdır."
önemli bir jeostratejik güce,https://tr.wikipedia.org/wiki/B%C3%B6lgesel_g%C3%BC%C3%A7,1,"Türkiye#173: Günümüzde Türkiye, askerî kapasitesi ve diplomatik girişimleri sayesinde kabul edilirken; ve kıtalarının kavşak noktasında yer alması nedeniyle sahiptir."
önemli bir jeostratejik güce,https://tr.wikipedia.org/wiki/B%C3%B6lgesel_g%C3%BC%C3%A7,1,"Türkiye#173: Günümüzde Türkiye, askerî kapasitesi ve diplomatik girişimleri sayesinde kabul edilirken; ve kıtalarının kavşak noktasında yer alması nedeniyle sahiptir."
AGİT,https://tr.wikipedia.org/wiki/Avrupa_G%C3%BCvenlik_ve_%C4%B0%C5%9F_Birli%C4%9Fi_Te%C5%9Fkilat%C4%B1,1,"Türkiye#174: Ülke, (1945), (1961), (1969), (1973), (1985), (1992), (1997), (1999) ve (2009) gibi uluslararası örgütlerin kurucu üyelerinden birisidir. 1951-1952, 1954-1955, 1961 ve son olarak 2009-2010 yıllarında 'nde geçici üye olarak görev yapmıştır."
AGİT,https://tr.wikipedia.org/wiki/Avrupa_G%C3%BCvenlik_ve_%C4%B0%C5%9F_Birli%C4%9Fi_Te%C5%9Fkilat%C4%B1,1,"Türkiye#174: Ülke, (1945), (1961), (1969), (1973), (1985), (1992), (1997), (1999) ve (2009) gibi uluslararası örgütlerin kurucu üyelerinden birisidir. 1951-1952, 1954-1955, 1961 ve son olarak 2009-2010 yıllarında 'nde geçici üye olarak görev yapmıştır."
EİT,https://tr.wikipedia.org/wiki/Ekonomik_%C4%B0%C5%9Fbirli%C4%9Fi_Te%C5%9Fkilat%C4%B1,1,"Türkiye#174: Ülke, (1945), (1961), (1969), (1973), (1985), (1992), (1997), (1999) ve (2009) gibi uluslararası örgütlerin kurucu üyelerinden birisidir. 1951-1952, 1954-1955, 1961 ve son olarak 2009-2010 yıllarında 'nde geçici üye olarak görev yapmıştır."
EİT,https://tr.wikipedia.org/wiki/Ekonomik_%C4%B0%C5%9Fbirli%C4%9Fi_Te%C5%9Fkilat%C4%B1,1,"Türkiye#174: Ülke, (1945), (1961), (1969), (1973), (1985), (1992), (1997), (1999) ve (2009) gibi uluslararası örgütlerin kurucu üyelerinden birisidir. 1951-1952, 1954-1955, 1961 ve son olarak 2009-2010 yıllarında 'nde geçici üye olarak görev yapmıştır."
KEİ,https://tr.wikipedia.org/wiki/Karadeniz_Ekonomik_%C4%B0%C5%9Fbirli%C4%9Fi,1,"Türkiye#174: Ülke, (1945), (1961), (1969), (1973), (1985), (1992), (1997), (1999) ve (2009) gibi uluslararası örgütlerin kurucu üyelerinden birisidir. 1951-1952, 1954-1955, 1961 ve son olarak 2009-2010 yıllarında 'nde geçici üye olarak görev yapmıştır."
KEİ,https://tr.wikipedia.org/wiki/Karadeniz_Ekonomik_%C4%B0%C5%9Fbirli%C4%9Fi,1,"Türkiye#174: Ülke, (1945), (1961), (1969), (1973), (1985), (1992), (1997), (1999) ve (2009) gibi uluslararası örgütlerin kurucu üyelerinden birisidir. 1951-1952, 1954-1955, 1961 ve son olarak 2009-2010 yıllarında 'nde geçici üye olarak görev yapmıştır."
D-8,https://tr.wikipedia.org/wiki/D-8_Ekonomik_%C4%B0%C5%9Fbirli%C4%9Fi_Te%C5%9Fkilat%C4%B1,1,"Türkiye#174: Ülke, (1945), (1961), (1969), (1973), (1985), (1992), (1997), (1999) ve (2009) gibi uluslararası örgütlerin kurucu üyelerinden birisidir. 1951-1952, 1954-1955, 1961 ve son olarak 2009-2010 yıllarında 'nde geçici üye olarak görev yapmıştır."
D-8,https://tr.wikipedia.org/wiki/D-8_Ekonomik_%C4%B0%C5%9Fbirli%C4%9Fi_Te%C5%9Fkilat%C4%B1,1,"Türkiye#174: Ülke, (1945), (1961), (1969), (1973), (1985), (1992), (1997), (1999) ve (2009) gibi uluslararası örgütlerin kurucu üyelerinden birisidir. 1951-1952, 1954-1955, 1961 ve son olarak 2009-2010 yıllarında 'nde geçici üye olarak görev yapmıştır."
G-20,https://tr.wikipedia.org/wiki/G20,1,"Türkiye#174: Ülke, (1945), (1961), (1969), (1973), (1985), (1992), (1997), (1999) ve (2009) gibi uluslararası örgütlerin kurucu üyelerinden birisidir. 1951-1952, 1954-1955, 1961 ve son olarak 2009-2010 yıllarında 'nde geçici üye olarak görev yapmıştır."
G-20,https://tr.wikipedia.org/wiki/G20,1,"Türkiye#174: Ülke, (1945), (1961), (1969), (1973), (1985), (1992), (1997), (1999) ve (2009) gibi uluslararası örgütlerin kurucu üyelerinden birisidir. 1951-1952, 1954-1955, 1961 ve son olarak 2009-2010 yıllarında 'nde geçici üye olarak görev yapmıştır."
Birleşmiş Milletler Güvenlik Konseyi,https://tr.wikipedia.org/wiki/Birle%C5%9Fmi%C5%9F_Milletler_G%C3%BCvenlik_Konseyi,1,"Türkiye#174: Ülke, (1945), (1961), (1969), (1973), (1985), (1992), (1997), (1999) ve (2009) gibi uluslararası örgütlerin kurucu üyelerinden birisidir. 1951-1952, 1954-1955, 1961 ve son olarak 2009-2010 yıllarında 'nde geçici üye olarak görev yapmıştır."
Birleşmiş Milletler Güvenlik Konseyi,https://tr.wikipedia.org/wiki/Birle%C5%9Fmi%C5%9F_Milletler_G%C3%BCvenlik_Konseyi,1,"Türkiye#174: Ülke, (1945), (1961), (1969), (1973), (1985), (1992), (1997), (1999) ve (2009) gibi uluslararası örgütlerin kurucu üyelerinden birisidir. 1951-1952, 1954-1955, 1961 ve son olarak 2009-2010 yıllarında 'nde geçici üye olarak görev yapmıştır."
Avrupa Ekonomik Topluluğu,https://tr.wikipedia.org/wiki/Avrupa_Ekonomik_Toplulu%C4%9Fu,1,"Türkiye#175: Geleneksel Batı yönelimi doğrultusunda, Avrupa ile ilişkiler her zaman Türk dış politikasının merkezî bir parçası olmuştur. 1949 yılında 'ne üye olan ülke, 1963 yılında (sonradan 'ne dönüştü) ile kurdu."
Avrupa Ekonomik Topluluğu,https://tr.wikipedia.org/wiki/Avrupa_Ekonomik_Toplulu%C4%9Fu,1,"Türkiye#175: Geleneksel Batı yönelimi doğrultusunda, Avrupa ile ilişkiler her zaman Türk dış politikasının merkezî bir parçası olmuştur. 1949 yılında 'ne üye olan ülke, 1963 yılında (sonradan 'ne dönüştü) ile kurdu."
Batı Avrupa Birliği,https://tr.wikipedia.org/wiki/Bat%C4%B1_Avrupa_Birli%C4%9Fi,1,"Türkiye#176: Uzun yıllar devam eden siyasi görüşmelerin ardından, 1987 yılında AET'ye tam üyelik için başvurdu, 1992 yılında 'nin ortak üyesi oldu, 1995'te 'ne katıldı ve 2005 yılında Avrupa Birliği ile başladı."
Batı Avrupa Birliği,https://tr.wikipedia.org/wiki/Bat%C4%B1_Avrupa_Birli%C4%9Fi,1,"Türkiye#176: Uzun yıllar devam eden siyasi görüşmelerin ardından, 1987 yılında AET'ye tam üyelik için başvurdu, 1992 yılında 'nin ortak üyesi oldu, 1995'te 'ne katıldı ve 2005 yılında Avrupa Birliği ile başladı."
AB Gümrük Birliği,https://tr.wikipedia.org/wiki/Avrupa_Birli%C4%9Fi_G%C3%BCmr%C3%BCk_Birli%C4%9Fi,1,"Türkiye#176: Uzun yıllar devam eden siyasi görüşmelerin ardından, 1987 yılında AET'ye tam üyelik için başvurdu, 1992 yılında 'nin ortak üyesi oldu, 1995'te 'ne katıldı ve 2005 yılında Avrupa Birliği ile başladı."
AB Gümrük Birliği,https://tr.wikipedia.org/wiki/Avrupa_Birli%C4%9Fi_G%C3%BCmr%C3%BCk_Birli%C4%9Fi,1,"Türkiye#176: Uzun yıllar devam eden siyasi görüşmelerin ardından, 1987 yılında AET'ye tam üyelik için başvurdu, 1992 yılında 'nin ortak üyesi oldu, 1995'te 'ne katıldı ve 2005 yılında Avrupa Birliği ile başladı."
tam üyelik müzakerelerine,https://tr.wikipedia.org/wiki/T%C3%BCrkiye%27nin_Avrupa_Birli%C4%9Fi_%C3%BCyelik_s%C3%BCreci,1,"Türkiye#176: Uzun yıllar devam eden siyasi görüşmelerin ardından, 1987 yılında AET'ye tam üyelik için başvurdu, 1992 yılında 'nin ortak üyesi oldu, 1995'te 'ne katıldı ve 2005 yılında Avrupa Birliği ile başladı."
tam üyelik müzakerelerine,https://tr.wikipedia.org/wiki/T%C3%BCrkiye%27nin_Avrupa_Birli%C4%9Fi_%C3%BCyelik_s%C3%BCreci,1,"Türkiye#176: Uzun yıllar devam eden siyasi görüşmelerin ardından, 1987 yılında AET'ye tam üyelik için başvurdu, 1992 yılında 'nin ortak üyesi oldu, 1995'te 'ne katıldı ve 2005 yılında Avrupa Birliği ile başladı."
Kıbrıs Sorunu,https://tr.wikipedia.org/wiki/K%C4%B1br%C4%B1s_Sorunu,1,"Türkiye#177: Türkiye'nin 'nda AB üyelerinin aksine 'ni desteklemesi, AB ilişkilerini zorlaştırmakta ve ülkenin AB'ye üyelik sürecindeki önemli bir engel olmaya devam etmektedir."
Kıbrıs Sorunu,https://tr.wikipedia.org/wiki/K%C4%B1br%C4%B1s_Sorunu,1,"Türkiye#177: Türkiye'nin 'nda AB üyelerinin aksine 'ni desteklemesi, AB ilişkilerini zorlaştırmakta ve ülkenin AB'ye üyelik sürecindeki önemli bir engel olmaya devam etmektedir."
Soğuk Savaş,https://tr.wikipedia.org/wiki/So%C4%9Fuk_Sava%C5%9F,1,"Trabzon#109: imzalı dünyaca ünlü savaş oyunu serisi 'nin dönemini anlatan oyununun bazı sahneleri Trabzon'da geçmektedir. | Türkiye#179: Türkiye'nin dış ilişkilerinin bir diğer belirleyici unsuru ile ilişkiler olmuştur. 'nin oluşturduğu ortak tehdit sebebiyle Türkiye, 1952'de 'ya üye oldu ve boyunca hükûmetleri ile yakın ikili ilişkiler içinde bulundu."
Soğuk Savaş,https://tr.wikipedia.org/wiki/So%C4%9Fuk_Sava%C5%9F,1,"Trabzon#109: imzalı dünyaca ünlü savaş oyunu serisi 'nin dönemini anlatan oyununun bazı sahneleri Trabzon'da geçmektedir. | Türkiye#179: Türkiye'nin dış ilişkilerinin bir diğer belirleyici unsuru ile ilişkiler olmuştur. 'nin oluşturduğu ortak tehdit sebebiyle Türkiye, 1952'de 'ya üye oldu ve boyunca hükûmetleri ile yakın ikili ilişkiler içinde bulundu."
Washington,"https://tr.wikipedia.org/wiki/Washington,_DC",1,"Türkiye#179: Türkiye'nin dış ilişkilerinin bir diğer belirleyici unsuru ile ilişkiler olmuştur. 'nin oluşturduğu ortak tehdit sebebiyle Türkiye, 1952'de 'ya üye oldu ve boyunca hükûmetleri ile yakın ikili ilişkiler içinde bulundu."
Washington,"https://tr.wikipedia.org/wiki/Washington,_DC",1,"Türkiye#179: Türkiye'nin dış ilişkilerinin bir diğer belirleyici unsuru ile ilişkiler olmuştur. 'nin oluşturduğu ortak tehdit sebebiyle Türkiye, 1952'de 'ya üye oldu ve boyunca hükûmetleri ile yakın ikili ilişkiler içinde bulundu."
Orta Doğu,https://tr.wikipedia.org/wiki/Orta_Do%C4%9Fu,1,"Türkiye#181: Soğuk Savaş sonrasındaki dönemde Türkiye'nin jeostratejik önemi, çevresinde bulunan , ve coğrafyalarına doğru kaydı."
Orta Doğu,https://tr.wikipedia.org/wiki/Orta_Do%C4%9Fu,1,"Türkiye#181: Soğuk Savaş sonrasındaki dönemde Türkiye'nin jeostratejik önemi, çevresinde bulunan , ve coğrafyalarına doğru kaydı."
Sovyetler Birliği'nin dağılmasının,https://tr.wikipedia.org/wiki/Sovyetler_Birli%C4%9Fi%27nin_da%C4%9F%C4%B1lmas%C4%B1,1,Türkiye#182: 1991 yılında üzerine bağımsızlıklarını elde ettiler.
Sovyetler Birliği'nin dağılmasının,https://tr.wikipedia.org/wiki/Sovyetler_Birli%C4%9Fi%27nin_da%C4%9F%C4%B1lmas%C4%B1,1,Türkiye#182: 1991 yılında üzerine bağımsızlıklarını elde ettiler.
Türk Cumhuriyetleri,https://tr.wikipedia.org/wiki/T%C3%BCrk_devletleri_listesi,1,Türkiye#182: 1991 yılında üzerine bağımsızlıklarını elde ettiler.
Türk Cumhuriyetleri,https://tr.wikipedia.org/wiki/T%C3%BCrk_devletleri_listesi,1,Türkiye#182: 1991 yılında üzerine bağımsızlıklarını elde ettiler.
Bakü,https://tr.wikipedia.org/wiki/Bak%C3%BC,1,"Türkiye#184: Özellikle , Türkiye ile ilişkilerinin önemini vurguladı. 'den 'a uzanan (BTC), 'ndeki petrolü küresel pazara aktarmayı sağlamakta ve Türkiye'nin dış politika stratejisinin bir bölümünü oluşturmaktadır."
Bakü,https://tr.wikipedia.org/wiki/Bak%C3%BC,1,"Türkiye#184: Özellikle , Türkiye ile ilişkilerinin önemini vurguladı. 'den 'a uzanan (BTC), 'ndeki petrolü küresel pazara aktarmayı sağlamakta ve Türkiye'nin dış politika stratejisinin bir bölümünü oluşturmaktadır."
Ceyhan,https://tr.wikipedia.org/wiki/Ceyhan,1,"Türkiye#184: Özellikle , Türkiye ile ilişkilerinin önemini vurguladı. 'den 'a uzanan (BTC), 'ndeki petrolü küresel pazara aktarmayı sağlamakta ve Türkiye'nin dış politika stratejisinin bir bölümünü oluşturmaktadır."
Ceyhan,https://tr.wikipedia.org/wiki/Ceyhan,1,"Türkiye#184: Özellikle , Türkiye ile ilişkilerinin önemini vurguladı. 'den 'a uzanan (BTC), 'ndeki petrolü küresel pazara aktarmayı sağlamakta ve Türkiye'nin dış politika stratejisinin bir bölümünü oluşturmaktadır."
Bakü-Tiflis-Ceyhan Petrol Boru Hattı,https://tr.wikipedia.org/wiki/Bak%C3%BC-Tiflis-Ceyhan_Petrol_Boru_Hatt%C4%B1,1,"Türkiye#184: Özellikle , Türkiye ile ilişkilerinin önemini vurguladı. 'den 'a uzanan (BTC), 'ndeki petrolü küresel pazara aktarmayı sağlamakta ve Türkiye'nin dış politika stratejisinin bir bölümünü oluşturmaktadır."
Bakü-Tiflis-Ceyhan Petrol Boru Hattı,https://tr.wikipedia.org/wiki/Bak%C3%BC-Tiflis-Ceyhan_Petrol_Boru_Hatt%C4%B1,1,"Türkiye#184: Özellikle , Türkiye ile ilişkilerinin önemini vurguladı. 'den 'a uzanan (BTC), 'ndeki petrolü küresel pazara aktarmayı sağlamakta ve Türkiye'nin dış politika stratejisinin bir bölümünü oluşturmaktadır."
Karabağ Savaşı,https://tr.wikipedia.org/wiki/Birinci_Da%C4%9Fl%C4%B1k_Karaba%C4%9F_Sava%C5%9F%C4%B1,1,"Türkiye#185: Azerbaycan'ın ile yaptığı 'nda Azerbaycan'ı destekleyen Türkiye, savaş yıllarından bu yana Ermenistan ile var olan sınır kapılarını kapalı tutmaktadır."
Karabağ Savaşı,https://tr.wikipedia.org/wiki/Birinci_Da%C4%9Fl%C4%B1k_Karaba%C4%9F_Sava%C5%9F%C4%B1,1,"Türkiye#185: Azerbaycan'ın ile yaptığı 'nda Azerbaycan'ı destekleyen Türkiye, savaş yıllarından bu yana Ermenistan ile var olan sınır kapılarını kapalı tutmaktadır."
Yeni Osmanlıcılık,https://tr.wikipedia.org/wiki/Yeni_Osmanl%C4%B1c%C4%B1l%C4%B1k,1,"Türkiye#186: Günümüzde AK Parti hükûmeti dönemi, Türkiye'nin dönemi olarak adlandırıldı ve ülkenin etkisi stratejik konumuna bağlı olarak Orta Doğu'da arttı."
Yeni Osmanlıcılık,https://tr.wikipedia.org/wiki/Yeni_Osmanl%C4%B1c%C4%B1l%C4%B1k,1,"Türkiye#186: Günümüzde AK Parti hükûmeti dönemi, Türkiye'nin dönemi olarak adlandırıldı ve ülkenin etkisi stratejik konumuna bağlı olarak Orta Doğu'da arttı."
Suriye İç Savaşı,https://tr.wikipedia.org/wiki/Suriye_%C4%B0%C3%A7_Sava%C5%9F%C4%B1,1,"Türkiye#187: Bu politikalar Türkiye'nin çevresindeki Arap ülkeleriyle sorunlar yaşamasına yol açtı. Örneğin 'ndan sonra ile, sonra ile Türkiye'nin arası bozuldu."
Suriye İç Savaşı,https://tr.wikipedia.org/wiki/Suriye_%C4%B0%C3%A7_Sava%C5%9F%C4%B1,1,"Türkiye#187: Bu politikalar Türkiye'nin çevresindeki Arap ülkeleriyle sorunlar yaşamasına yol açtı. Örneğin 'ndan sonra ile, sonra ile Türkiye'nin arası bozuldu."
Muhammed Mursi'nin devrilmesinden,https://tr.wikipedia.org/wiki/2013_M%C4%B1s%C4%B1r_asker%C3%AE_darbesi,1,"Türkiye#187: Bu politikalar Türkiye'nin çevresindeki Arap ülkeleriyle sorunlar yaşamasına yol açtı. Örneğin 'ndan sonra ile, sonra ile Türkiye'nin arası bozuldu."
Muhammed Mursi'nin devrilmesinden,https://tr.wikipedia.org/wiki/2013_M%C4%B1s%C4%B1r_asker%C3%AE_darbesi,1,"Türkiye#187: Bu politikalar Türkiye'nin çevresindeki Arap ülkeleriyle sorunlar yaşamasına yol açtı. Örneğin 'ndan sonra ile, sonra ile Türkiye'nin arası bozuldu."
Mısır,https://tr.wikipedia.org/wiki/M%C4%B1s%C4%B1r,1,"Türkiye#187: Bu politikalar Türkiye'nin çevresindeki Arap ülkeleriyle sorunlar yaşamasına yol açtı. Örneğin 'ndan sonra ile, sonra ile Türkiye'nin arası bozuldu."
Mısır,https://tr.wikipedia.org/wiki/M%C4%B1s%C4%B1r,1,"Türkiye#187: Bu politikalar Türkiye'nin çevresindeki Arap ülkeleriyle sorunlar yaşamasına yol açtı. Örneğin 'ndan sonra ile, sonra ile Türkiye'nin arası bozuldu."
Somali,https://tr.wikipedia.org/wiki/Somali,1,"Türkiye#188: Türkiye, 1950'den bu yana ve bünyesi dâhilinde uluslararası alanda çeşitli güçlerin korunmasına yardımcı olmuştur. ile eski 'da barış ortamının korunmasına destek sağlamış ve 'nda koalisyon güçlerini desteklemiştir."
Somali,https://tr.wikipedia.org/wiki/Somali,1,"Türkiye#188: Türkiye, 1950'den bu yana ve bünyesi dâhilinde uluslararası alanda çeşitli güçlerin korunmasına yardımcı olmuştur. ile eski 'da barış ortamının korunmasına destek sağlamış ve 'nda koalisyon güçlerini desteklemiştir."
Yugoslavya,https://tr.wikipedia.org/wiki/Yugoslavya,1,"Türkiye#188: Türkiye, 1950'den bu yana ve bünyesi dâhilinde uluslararası alanda çeşitli güçlerin korunmasına yardımcı olmuştur. ile eski 'da barış ortamının korunmasına destek sağlamış ve 'nda koalisyon güçlerini desteklemiştir."
Yugoslavya,https://tr.wikipedia.org/wiki/Yugoslavya,1,"Türkiye#188: Türkiye, 1950'den bu yana ve bünyesi dâhilinde uluslararası alanda çeşitli güçlerin korunmasına yardımcı olmuştur. ile eski 'da barış ortamının korunmasına destek sağlamış ve 'nda koalisyon güçlerini desteklemiştir."
Birinci Körfez Savaşı,https://tr.wikipedia.org/wiki/K%C3%B6rfez_Sava%C5%9F%C4%B1,1,"Türkiye#188: Türkiye, 1950'den bu yana ve bünyesi dâhilinde uluslararası alanda çeşitli güçlerin korunmasına yardımcı olmuştur. ile eski 'da barış ortamının korunmasına destek sağlamış ve 'nda koalisyon güçlerini desteklemiştir."
Birinci Körfez Savaşı,https://tr.wikipedia.org/wiki/K%C3%B6rfez_Sava%C5%9F%C4%B1,1,"Türkiye#188: Türkiye, 1950'den bu yana ve bünyesi dâhilinde uluslararası alanda çeşitli güçlerin korunmasına yardımcı olmuştur. ile eski 'da barış ortamının korunmasına destek sağlamış ve 'nda koalisyon güçlerini desteklemiştir."
Afganistan,https://tr.wikipedia.org/wiki/Afganistan,1,"Türkiye#189: Bunun yanı sıra varlığı tartışmalı olsa da topraklarında 36.000 askerini bulundurmaktadır. 'da , yetkilisi ve 2001'den bu yana komutası altında 'nin bir parçası olarak bulunmaktadır. 2003'ten beri Türkiye, 'na askerî personel sağlamakta ve 'nda yer almaktadır."
Afganistan,https://tr.wikipedia.org/wiki/Afganistan,1,"Türkiye#189: Bunun yanı sıra varlığı tartışmalı olsa da topraklarında 36.000 askerini bulundurmaktadır. 'da , yetkilisi ve 2001'den bu yana komutası altında 'nin bir parçası olarak bulunmaktadır. 2003'ten beri Türkiye, 'na askerî personel sağlamakta ve 'nda yer almaktadır."
"Amerika Birleşik Devletleri'nin istikrar gücü U:(https://tr.wikipedia.org/wiki/Afganistan_Sava%C5%9F%C4%B1_(2001-2021))___ , ___E:BM",https://tr.wikipedia.org/wiki/Birle%C5%9Fmi%C5%9F_Milletler,1,"Türkiye#189: Bunun yanı sıra varlığı tartışmalı olsa da topraklarında 36.000 askerini bulundurmaktadır. 'da , yetkilisi ve 2001'den bu yana komutası altında 'nin bir parçası olarak bulunmaktadır. 2003'ten beri Türkiye, 'na askerî personel sağlamakta ve 'nda yer almaktadır."
"Amerika Birleşik Devletleri'nin istikrar gücü U:(https://tr.wikipedia.org/wiki/Afganistan_Sava%C5%9F%C4%B1_(2001-2021))___ , ___E:BM",https://tr.wikipedia.org/wiki/Birle%C5%9Fmi%C5%9F_Milletler,1,"Türkiye#189: Bunun yanı sıra varlığı tartışmalı olsa da topraklarında 36.000 askerini bulundurmaktadır. 'da , yetkilisi ve 2001'den bu yana komutası altında 'nin bir parçası olarak bulunmaktadır. 2003'ten beri Türkiye, 'na askerî personel sağlamakta ve 'nda yer almaktadır."
Uluslararası Güvenlik Yardım Kuvveti,https://tr.wikipedia.org/wiki/Uluslararas%C4%B1_G%C3%BCvenlik_Destek_G%C3%BCc%C3%BC,1,"Türkiye#189: Bunun yanı sıra varlığı tartışmalı olsa da topraklarında 36.000 askerini bulundurmaktadır. 'da , yetkilisi ve 2001'den bu yana komutası altında 'nin bir parçası olarak bulunmaktadır. 2003'ten beri Türkiye, 'na askerî personel sağlamakta ve 'nda yer almaktadır."
Uluslararası Güvenlik Yardım Kuvveti,https://tr.wikipedia.org/wiki/Uluslararas%C4%B1_G%C3%BCvenlik_Destek_G%C3%BCc%C3%BC,1,"Türkiye#189: Bunun yanı sıra varlığı tartışmalı olsa da topraklarında 36.000 askerini bulundurmaktadır. 'da , yetkilisi ve 2001'den bu yana komutası altında 'nin bir parçası olarak bulunmaktadır. 2003'ten beri Türkiye, 'na askerî personel sağlamakta ve 'nda yer almaktadır."
Avrupa Kolordusu,https://tr.wikipedia.org/wiki/Avrupa_Kolordusu,1,"Türkiye#189: Bunun yanı sıra varlığı tartışmalı olsa da topraklarında 36.000 askerini bulundurmaktadır. 'da , yetkilisi ve 2001'den bu yana komutası altında 'nin bir parçası olarak bulunmaktadır. 2003'ten beri Türkiye, 'na askerî personel sağlamakta ve 'nda yer almaktadır."
Avrupa Kolordusu,https://tr.wikipedia.org/wiki/Avrupa_Kolordusu,1,"Türkiye#189: Bunun yanı sıra varlığı tartışmalı olsa da topraklarında 36.000 askerini bulundurmaktadır. 'da , yetkilisi ve 2001'den bu yana komutası altında 'nin bir parçası olarak bulunmaktadır. 2003'ten beri Türkiye, 'na askerî personel sağlamakta ve 'nda yer almaktadır."
AB Savaş Grupları,https://tr.wikipedia.org/wiki/Avrupa_Birli%C4%9Fi_Sava%C5%9F_Gruplar%C4%B1,1,"Türkiye#189: Bunun yanı sıra varlığı tartışmalı olsa da topraklarında 36.000 askerini bulundurmaktadır. 'da , yetkilisi ve 2001'den bu yana komutası altında 'nin bir parçası olarak bulunmaktadır. 2003'ten beri Türkiye, 'na askerî personel sağlamakta ve 'nda yer almaktadır."
AB Savaş Grupları,https://tr.wikipedia.org/wiki/Avrupa_Birli%C4%9Fi_Sava%C5%9F_Gruplar%C4%B1,1,"Türkiye#189: Bunun yanı sıra varlığı tartışmalı olsa da topraklarında 36.000 askerini bulundurmaktadır. 'da , yetkilisi ve 2001'den bu yana komutası altında 'nin bir parçası olarak bulunmaktadır. 2003'ten beri Türkiye, 'na askerî personel sağlamakta ve 'nda yer almaktadır."
Türk Silahlı Kuvvetleri,https://tr.wikipedia.org/wiki/T%C3%BCrk_Silahl%C4%B1_Kuvvetleri,1,"Türkiye#190: üç bölümden oluşur: , ve ."
Türk Silahlı Kuvvetleri,https://tr.wikipedia.org/wiki/T%C3%BCrk_Silahl%C4%B1_Kuvvetleri,1,"Türkiye#190: üç bölümden oluşur: , ve ."
Kara Kuvvetleri,https://tr.wikipedia.org/wiki/T%C3%BCrk_Kara_Kuvvetleri,1,"Türkiye#190: üç bölümden oluşur: , ve ."
Kara Kuvvetleri,https://tr.wikipedia.org/wiki/T%C3%BCrk_Kara_Kuvvetleri,1,"Türkiye#190: üç bölümden oluşur: , ve ."
Deniz Kuvvetleri,https://tr.wikipedia.org/wiki/T%C3%BCrk_Deniz_Kuvvetleri,1,"Türkiye#190: üç bölümden oluşur: , ve ."
Deniz Kuvvetleri,https://tr.wikipedia.org/wiki/T%C3%BCrk_Deniz_Kuvvetleri,1,"Türkiye#190: üç bölümden oluşur: , ve ."
cumhurbaşkanlığı sistemli,https://tr.wikipedia.org/wiki/Cumhurba%C5%9Fkanl%C4%B1%C4%9F%C4%B1_h%C3%BCk%C3%BBmet_sistemi,1,TürkiyeCard#7
anayasal cumhuriyet,https://tr.wikipedia.org/wiki/Anayasal_cumhuriyet,1,TürkiyeCard#7
Jandarma,https://tr.wikipedia.org/wiki/Jandarma_Genel_Komutanl%C4%B1%C4%9F%C4%B1,1,"Türkiye#191: İç emniyeti sağlama ve askerî işlevleri olan ile , barış zamanında İçişleri Bakanlığına, savaş zamanında Kara ve Deniz kuvvetlerine bağlıdır."
Jandarma,https://tr.wikipedia.org/wiki/Jandarma_Genel_Komutanl%C4%B1%C4%9F%C4%B1,1,"Türkiye#191: İç emniyeti sağlama ve askerî işlevleri olan ile , barış zamanında İçişleri Bakanlığına, savaş zamanında Kara ve Deniz kuvvetlerine bağlıdır."
Sahil Güvenlik,https://tr.wikipedia.org/wiki/Sahil_G%C3%BCvenlik_Komutanl%C4%B1%C4%9F%C4%B1,1,"Türkiye#191: İç emniyeti sağlama ve askerî işlevleri olan ile , barış zamanında İçişleri Bakanlığına, savaş zamanında Kara ve Deniz kuvvetlerine bağlıdır."
Sahil Güvenlik,https://tr.wikipedia.org/wiki/Sahil_G%C3%BCvenlik_Komutanl%C4%B1%C4%9F%C4%B1,1,"Türkiye#191: İç emniyeti sağlama ve askerî işlevleri olan ile , barış zamanında İçişleri Bakanlığına, savaş zamanında Kara ve Deniz kuvvetlerine bağlıdır."
Genelkurmay Başkanı,https://tr.wikipedia.org/wiki/T%C3%BCrk_Silahl%C4%B1_Kuvvetleri_Genelkurmay_Ba%C5%9Fkanl%C4%B1%C4%9F%C4%B1,1,"Türkiye#192: Türk Silahlı Kuvvetlerini komuta edip yönlendiren en üst düzey birim olan , cumhurbaşkanı tarafından atanır ve bağlı ve sorumludur. , millî güvenlik ve ülke savunması için yeterli silahlı kuvvetlerin hazırlanması konularında meclise karşı sorumludur."
Genelkurmay Başkanı,https://tr.wikipedia.org/wiki/T%C3%BCrk_Silahl%C4%B1_Kuvvetleri_Genelkurmay_Ba%C5%9Fkanl%C4%B1%C4%9F%C4%B1,1,"Türkiye#192: Türk Silahlı Kuvvetlerini komuta edip yönlendiren en üst düzey birim olan , cumhurbaşkanı tarafından atanır ve bağlı ve sorumludur. , millî güvenlik ve ülke savunması için yeterli silahlı kuvvetlerin hazırlanması konularında meclise karşı sorumludur."
Millî Savunma bakanına U:(https://tr.wikipedia.org/wiki/Mill%C3%AE_Savunma_Bakanl%C4%B1%C4%9F%C4%B1_(T%C3%BCrkiye))___ bağlı ve sorumludur. ___E:Bakanlar Kurulu,https://tr.wikipedia.org/wiki/Bakanlar_kurulu,1,"Türkiye#192: Türk Silahlı Kuvvetlerini komuta edip yönlendiren en üst düzey birim olan , cumhurbaşkanı tarafından atanır ve bağlı ve sorumludur. , millî güvenlik ve ülke savunması için yeterli silahlı kuvvetlerin hazırlanması konularında meclise karşı sorumludur."
Millî Savunma bakanına U:(https://tr.wikipedia.org/wiki/Mill%C3%AE_Savunma_Bakanl%C4%B1%C4%9F%C4%B1_(T%C3%BCrkiye))___ bağlı ve sorumludur. ___E:Bakanlar Kurulu,https://tr.wikipedia.org/wiki/Bakanlar_kurulu,1,"Türkiye#192: Türk Silahlı Kuvvetlerini komuta edip yönlendiren en üst düzey birim olan , cumhurbaşkanı tarafından atanır ve bağlı ve sorumludur. , millî güvenlik ve ülke savunması için yeterli silahlı kuvvetlerin hazırlanması konularında meclise karşı sorumludur."
askerî hizmet yapması zorunludur,https://tr.wikipedia.org/wiki/Zorunlu_askerlik,1,Türkiye#194: Sağlık sorunu olmayan her erkek Türk vatandaşının eğitim durumu ve iş yerine bağlı olarak üç hafta ile altı ay arasında değişen bir süreliğine . uygulaması bulunmamaktadır ve askerlik yerine sivil bir alternatif sunulmamaktadır.
askerî hizmet yapması zorunludur,https://tr.wikipedia.org/wiki/Zorunlu_askerlik,1,Türkiye#194: Sağlık sorunu olmayan her erkek Türk vatandaşının eğitim durumu ve iş yerine bağlı olarak üç hafta ile altı ay arasında değişen bir süreliğine . uygulaması bulunmamaktadır ve askerlik yerine sivil bir alternatif sunulmamaktadır.
Türkiye'de vicdanî ret,https://tr.wikipedia.org/wiki/T%C3%BCrkiye%27de_vicdani_ret,1,Türkiye#194: Sağlık sorunu olmayan her erkek Türk vatandaşının eğitim durumu ve iş yerine bağlı olarak üç hafta ile altı ay arasında değişen bir süreliğine . uygulaması bulunmamaktadır ve askerlik yerine sivil bir alternatif sunulmamaktadır.
Türkiye'de vicdanî ret,https://tr.wikipedia.org/wiki/T%C3%BCrkiye%27de_vicdani_ret,1,Türkiye#194: Sağlık sorunu olmayan her erkek Türk vatandaşının eğitim durumu ve iş yerine bağlı olarak üç hafta ile altı ay arasında değişen bir süreliğine . uygulaması bulunmamaktadır ve askerlik yerine sivil bir alternatif sunulmamaktadır.
anayasal cumhuriyet,https://tr.wikipedia.org/wiki/Anayasal_cumhuriyet,1,TürkiyeCard#7
Cevdet Yılmaz,https://tr.wikipedia.org/wiki/Cevdet_Y%C4%B1lmaz,1,TürkiyeCard#9
Belçika,https://tr.wikipedia.org/wiki/Bel%C3%A7ika,1,"Türkiye#195: 2011 sayımlarına göre ülkenin tahminî 495.000 konuşlandırılabilir kuvveti bulunmaktadır. , , ve ile birlikte 'nun politikasının bir parçası olan beş ülkeden biridir. 'nde toplam 90 tane bulunmaktadır, bunlardan 40 tanesi nükleer bir çatışma durumunda NATO'dan onay almak şartıyla 'nin kullanması için tahsis edilmiştir."
Belçika,https://tr.wikipedia.org/wiki/Bel%C3%A7ika,1,"Türkiye#195: 2011 sayımlarına göre ülkenin tahminî 495.000 konuşlandırılabilir kuvveti bulunmaktadır. , , ve ile birlikte 'nun politikasının bir parçası olan beş ülkeden biridir. 'nde toplam 90 tane bulunmaktadır, bunlardan 40 tanesi nükleer bir çatışma durumunda NATO'dan onay almak şartıyla 'nin kullanması için tahsis edilmiştir."
Hollanda,https://tr.wikipedia.org/wiki/Hollanda,1,"Türkiye#195: 2011 sayımlarına göre ülkenin tahminî 495.000 konuşlandırılabilir kuvveti bulunmaktadır. , , ve ile birlikte 'nun politikasının bir parçası olan beş ülkeden biridir. 'nde toplam 90 tane bulunmaktadır, bunlardan 40 tanesi nükleer bir çatışma durumunda NATO'dan onay almak şartıyla 'nin kullanması için tahsis edilmiştir."
Hollanda,https://tr.wikipedia.org/wiki/Hollanda,1,"Türkiye#195: 2011 sayımlarına göre ülkenin tahminî 495.000 konuşlandırılabilir kuvveti bulunmaktadır. , , ve ile birlikte 'nun politikasının bir parçası olan beş ülkeden biridir. 'nde toplam 90 tane bulunmaktadır, bunlardan 40 tanesi nükleer bir çatışma durumunda NATO'dan onay almak şartıyla 'nin kullanması için tahsis edilmiştir."
Cevdet Yılmaz,https://tr.wikipedia.org/wiki/Cevdet_Y%C4%B1lmaz,1,TürkiyeCard#9
Kadir Özkaya,https://tr.wikipedia.org/wiki/Kadir_%C3%96zkaya,1,TürkiyeCard#11
nükleer paylaşım,https://tr.wikipedia.org/wiki/N%C3%BCkleer_payla%C5%9F%C4%B1m,1,"Türkiye#195: 2011 sayımlarına göre ülkenin tahminî 495.000 konuşlandırılabilir kuvveti bulunmaktadır. , , ve ile birlikte 'nun politikasının bir parçası olan beş ülkeden biridir. 'nde toplam 90 tane bulunmaktadır, bunlardan 40 tanesi nükleer bir çatışma durumunda NATO'dan onay almak şartıyla 'nin kullanması için tahsis edilmiştir."
nükleer paylaşım,https://tr.wikipedia.org/wiki/N%C3%BCkleer_payla%C5%9F%C4%B1m,1,"Türkiye#195: 2011 sayımlarına göre ülkenin tahminî 495.000 konuşlandırılabilir kuvveti bulunmaktadır. , , ve ile birlikte 'nun politikasının bir parçası olan beş ülkeden biridir. 'nde toplam 90 tane bulunmaktadır, bunlardan 40 tanesi nükleer bir çatışma durumunda NATO'dan onay almak şartıyla 'nin kullanması için tahsis edilmiştir."
İncirlik Hava Üssü,https://tr.wikipedia.org/wiki/%C4%B0ncirlik_Hava_%C3%9Css%C3%BC,1,"Türkiye#195: 2011 sayımlarına göre ülkenin tahminî 495.000 konuşlandırılabilir kuvveti bulunmaktadır. , , ve ile birlikte 'nun politikasının bir parçası olan beş ülkeden biridir. 'nde toplam 90 tane bulunmaktadır, bunlardan 40 tanesi nükleer bir çatışma durumunda NATO'dan onay almak şartıyla 'nin kullanması için tahsis edilmiştir."
İncirlik Hava Üssü,https://tr.wikipedia.org/wiki/%C4%B0ncirlik_Hava_%C3%9Css%C3%BC,1,"Türkiye#195: 2011 sayımlarına göre ülkenin tahminî 495.000 konuşlandırılabilir kuvveti bulunmaktadır. , , ve ile birlikte 'nun politikasının bir parçası olan beş ülkeden biridir. 'nde toplam 90 tane bulunmaktadır, bunlardan 40 tanesi nükleer bir çatışma durumunda NATO'dan onay almak şartıyla 'nin kullanması için tahsis edilmiştir."
B61 nükleer bombası,https://tr.wikipedia.org/wiki/B61,1,"Türkiye#195: 2011 sayımlarına göre ülkenin tahminî 495.000 konuşlandırılabilir kuvveti bulunmaktadır. , , ve ile birlikte 'nun politikasının bir parçası olan beş ülkeden biridir. 'nde toplam 90 tane bulunmaktadır, bunlardan 40 tanesi nükleer bir çatışma durumunda NATO'dan onay almak şartıyla 'nin kullanması için tahsis edilmiştir."
B61 nükleer bombası,https://tr.wikipedia.org/wiki/B61,1,"Türkiye#195: 2011 sayımlarına göre ülkenin tahminî 495.000 konuşlandırılabilir kuvveti bulunmaktadır. , , ve ile birlikte 'nun politikasının bir parçası olan beş ülkeden biridir. 'nde toplam 90 tane bulunmaktadır, bunlardan 40 tanesi nükleer bir çatışma durumunda NATO'dan onay almak şartıyla 'nin kullanması için tahsis edilmiştir."
Türkiye'de insan hakları,https://tr.wikipedia.org/wiki/T%C3%BCrkiye%27de_insan_haklar%C4%B1,1,"Türkiye#196: , çeşitli anlaşmaları ile koruma altına alınmıştır. 90. maddesine göre uluslararası hukuk kurallarının iç hukuka karşı üstünlüğü kabul edilmiştir."
Türkiye'de insan hakları,https://tr.wikipedia.org/wiki/T%C3%BCrkiye%27de_insan_haklar%C4%B1,1,"Türkiye#196: , çeşitli anlaşmaları ile koruma altına alınmıştır. 90. maddesine göre uluslararası hukuk kurallarının iç hukuka karşı üstünlüğü kabul edilmiştir."
uluslararası hukuk,https://tr.wikipedia.org/wiki/Uluslararas%C4%B1_hukuk,1,"Türkiye#196: , çeşitli anlaşmaları ile koruma altına alınmıştır. 90. maddesine göre uluslararası hukuk kurallarının iç hukuka karşı üstünlüğü kabul edilmiştir."
uluslararası hukuk,https://tr.wikipedia.org/wiki/Uluslararas%C4%B1_hukuk,1,"Türkiye#196: , çeşitli anlaşmaları ile koruma altına alınmıştır. 90. maddesine göre uluslararası hukuk kurallarının iç hukuka karşı üstünlüğü kabul edilmiştir."
1982 Anayasasının,https://tr.wikipedia.org/wiki/T%C3%BCrkiye_Cumhuriyeti_Anayasas%C4%B1,1,"Türkiye#196: , çeşitli anlaşmaları ile koruma altına alınmıştır. 90. maddesine göre uluslararası hukuk kurallarının iç hukuka karşı üstünlüğü kabul edilmiştir."
1982 Anayasasının,https://tr.wikipedia.org/wiki/T%C3%BCrkiye_Cumhuriyeti_Anayasas%C4%B1,1,"Türkiye#196: , çeşitli anlaşmaları ile koruma altına alınmıştır. 90. maddesine göre uluslararası hukuk kurallarının iç hukuka karşı üstünlüğü kabul edilmiştir."
Avrupa İnsan Hakları Mahkemesi,https://tr.wikipedia.org/wiki/Avrupa_%C4%B0nsan_Haklar%C4%B1_Mahkemesi,1,Türkiye#197: Fakat belli konularda sorunlar ve tartışmalar sürmektedir. 1998 ve 2008 yılları arasında tarafından özellikle yaşama hakkı olmak üzere genel insan hakları ihlalleri ve özgürlük ihlalleri nedeniyle Türkiye aleyhinde 1.600 karar alınmıştır.
Avrupa İnsan Hakları Mahkemesi,https://tr.wikipedia.org/wiki/Avrupa_%C4%B0nsan_Haklar%C4%B1_Mahkemesi,1,Türkiye#197: Fakat belli konularda sorunlar ve tartışmalar sürmektedir. 1998 ve 2008 yılları arasında tarafından özellikle yaşama hakkı olmak üzere genel insan hakları ihlalleri ve özgürlük ihlalleri nedeniyle Türkiye aleyhinde 1.600 karar alınmıştır.
LGBT,https://tr.wikipedia.org/wiki/LGBT,1,"Türkiye#198: Aynı zamanda Kürt hakları, kadın hakları, hakları ve basın özgürlüğü gibi diğer konular da tartışmalara sebep olmuştur."
LGBT,https://tr.wikipedia.org/wiki/LGBT,1,"Türkiye#198: Aynı zamanda Kürt hakları, kadın hakları, hakları ve basın özgürlüğü gibi diğer konular da tartışmalara sebep olmuştur."
Kadir Özkaya,https://tr.wikipedia.org/wiki/Kadir_%C3%96zkaya,1,TürkiyeCard#11
16,https://tr.wikipedia.org/wiki/Nominal_GSY%C4%B0H_de%C4%9Ferlerine_g%C3%B6re_%C3%BClkeler_listesi,1,"TürkiyeCard#20: 1,570 trilyon $ (GSYİH; 2025) ( .)"
AK Parti,https://tr.wikipedia.org/wiki/Adalet_ve_Kalk%C4%B1nma_Partisi,1,"TrabzonCard#2: ( ) | Türkiye#200: 'ne göre uzun yıllardır ülkeyi yöneten hükûmeti, basın özgürlüğü açısından dünyanın en büyük baskılarından birini uygulamaktadır."
AK Parti,https://tr.wikipedia.org/wiki/Adalet_ve_Kalk%C4%B1nma_Partisi,1,"TrabzonCard#2: ( ) | Türkiye#200: 'ne göre uzun yıllardır ülkeyi yöneten hükûmeti, basın özgürlüğü açısından dünyanın en büyük baskılarından birini uygulamaktadır."
Ergenekon U:(https://tr.wikipedia.org/wiki/Ergenekon_(%C3%B6rg%C3%BCt))___ ve ___E:Balyoz,https://tr.wikipedia.org/wiki/Balyoz_darbe_plan%C4%B1_iddias%C4%B1,1,"Türkiye#201: Ülkede çok sayıda gazeteci önceleri ve davaları gibi çeşitli davalar kapsamında, daha sonraları çerçevesinde ""terörizm"" ve ""devlet karşıtı faaliyetler"" ile suçlanarak tutuklandı. ""Türklüğü aşağılamak"" ve ""yargıyı etkilemek"" suçlarıyla da gazetecilere karşı çeşitli kovuşturmalar başlatıldı, ayrıca hükûmetin basındaki oto-sansürü içselleştirdiği iddia edildi. 2013 yılında , Türkiye'de 211 gazetecinin hapse atıldığını rapor ederek ülkenin bu rakamla en fazla gazeteci tutuklayan ülke sıralamasında İran, Eritre ve Çin'i geçerek tepeye yerleştirdiğini bildirdi."
Ergenekon U:(https://tr.wikipedia.org/wiki/Ergenekon_(%C3%B6rg%C3%BCt))___ ve ___E:Balyoz,https://tr.wikipedia.org/wiki/Balyoz_darbe_plan%C4%B1_iddias%C4%B1,1,"Türkiye#201: Ülkede çok sayıda gazeteci önceleri ve davaları gibi çeşitli davalar kapsamında, daha sonraları çerçevesinde ""terörizm"" ve ""devlet karşıtı faaliyetler"" ile suçlanarak tutuklandı. ""Türklüğü aşağılamak"" ve ""yargıyı etkilemek"" suçlarıyla da gazetecilere karşı çeşitli kovuşturmalar başlatıldı, ayrıca hükûmetin basındaki oto-sansürü içselleştirdiği iddia edildi. 2013 yılında , Türkiye'de 211 gazetecinin hapse atıldığını rapor ederek ülkenin bu rakamla en fazla gazeteci tutuklayan ülke sıralamasında İran, Eritre ve Çin'i geçerek tepeye yerleştirdiğini bildirdi."
2016 yılındaki darbe girişimi takip eden tasfiyeler,https://tr.wikipedia.org/wiki/2016-18_T%C3%BCrkiye_tasfiyeleri,1,"Türkiye#201: Ülkede çok sayıda gazeteci önceleri ve davaları gibi çeşitli davalar kapsamında, daha sonraları çerçevesinde ""terörizm"" ve ""devlet karşıtı faaliyetler"" ile suçlanarak tutuklandı. ""Türklüğü aşağılamak"" ve ""yargıyı etkilemek"" suçlarıyla da gazetecilere karşı çeşitli kovuşturmalar başlatıldı, ayrıca hükûmetin basındaki oto-sansürü içselleştirdiği iddia edildi. 2013 yılında , Türkiye'de 211 gazetecinin hapse atıldığını rapor ederek ülkenin bu rakamla en fazla gazeteci tutuklayan ülke sıralamasında İran, Eritre ve Çin'i geçerek tepeye yerleştirdiğini bildirdi."
2016 yılındaki darbe girişimi takip eden tasfiyeler,https://tr.wikipedia.org/wiki/2016-18_T%C3%BCrkiye_tasfiyeleri,1,"Türkiye#201: Ülkede çok sayıda gazeteci önceleri ve davaları gibi çeşitli davalar kapsamında, daha sonraları çerçevesinde ""terörizm"" ve ""devlet karşıtı faaliyetler"" ile suçlanarak tutuklandı. ""Türklüğü aşağılamak"" ve ""yargıyı etkilemek"" suçlarıyla da gazetecilere karşı çeşitli kovuşturmalar başlatıldı, ayrıca hükûmetin basındaki oto-sansürü içselleştirdiği iddia edildi. 2013 yılında , Türkiye'de 211 gazetecinin hapse atıldığını rapor ederek ülkenin bu rakamla en fazla gazeteci tutuklayan ülke sıralamasında İran, Eritre ve Çin'i geçerek tepeye yerleştirdiğini bildirdi."
Türkiye kadın millî voleybol takımı,https://tr.wikipedia.org/wiki/T%C3%BCrkiye_kad%C4%B1n_mill%C3%AE_voleybol_tak%C4%B1m%C4%B1,1,"Türkiye#408: Filenin sultanları olarak da bilinen 2023 yılı millî takım sezonunda; kupası, kupası ve adıyla oynanan kazandığı kupa olmak üzere 3 kupa birden kazanmıştır. , ve gibi kadın voleybol kulüpleri çok sayıda Avrupa şampiyonluğu ve madalya kazanmıştır."
18,https://tr.wikipedia.org/wiki/N%C3%BCfuslar%C4%B1na_g%C3%B6re_%C3%BClkeler_listesi,1,"TürkiyeCard#22: 85,664,944 ( .)"
18,https://tr.wikipedia.org/wiki/N%C3%BCfuslar%C4%B1na_g%C3%B6re_%C3%BClkeler_listesi,1,"TürkiyeCard#22: 85,664,944 ( .)"
83,https://tr.wikipedia.org/wiki/N%C3%BCfus_yo%C4%9Funluklar%C4%B1na_g%C3%B6re_%C3%BClkeler_listesi,1,TürkiyeCard#23: 111.4 /km 2 ( .)
83,https://tr.wikipedia.org/wiki/N%C3%BCfus_yo%C4%9Funluklar%C4%B1na_g%C3%B6re_%C3%BClkeler_listesi,1,TürkiyeCard#23: 111.4 /km 2 ( .)
63,https://tr.wikipedia.org/wiki/Ki%C5%9Fi_ba%C5%9F%C4%B1na_nominal_GSY%C4%B0H_de%C4%9Ferlerine_g%C3%B6re_%C3%BClkeler_listesi,1,TürkiyeCard#25: 18.200 $ ( 2025) ( .)
iki kıtada toprağı bulunan,https://tr.wikipedia.org/wiki/K%C4%B1talararas%C4%B1_%C3%BClke,1,"Türkiye#204: Türkiye, bir ülkesidir."
iki kıtada toprağı bulunan,https://tr.wikipedia.org/wiki/K%C4%B1talararas%C4%B1_%C3%BClke,1,"Türkiye#204: Türkiye, bir ülkesidir."
63,https://tr.wikipedia.org/wiki/Ki%C5%9Fi_ba%C5%9F%C4%B1na_nominal_GSY%C4%B0H_de%C4%9Ferlerine_g%C3%B6re_%C3%BClkeler_listesi,1,TürkiyeCard#25: 18.200 $ ( 2025) ( .)
45.,https://tr.wikipedia.org/wiki/%C4%B0nsani_Geli%C5%9Fme_Endeksi%27ne_g%C3%B6re_%C3%BClkeler_listesi,1,TürkiyeCard#28: 0.855 çok yüksek ·
Çanakkale,https://tr.wikipedia.org/wiki/%C3%87anakkale_Bo%C4%9Faz%C4%B1,1,"Türkiye#206: Kalan %3'lük kısım ise kıtasında kalır ve diye adlandırılır. , ve Anadolu'yu Trakya'dan, yani Asya'yı Avrupa'dan ayırır."
Çanakkale,https://tr.wikipedia.org/wiki/%C3%87anakkale_Bo%C4%9Faz%C4%B1,1,"Türkiye#206: Kalan %3'lük kısım ise kıtasında kalır ve diye adlandırılır. , ve Anadolu'yu Trakya'dan, yani Asya'yı Avrupa'dan ayırır."
36°,https://tr.wikipedia.org/wiki/36._kuzey_enlemi,1,"Türkiye#207: Türkiye toprakları kabaca bir dikdörtgen şeklini andırır, 1.600 kilometre (1.000 mi) uzunluğunda ve 800 km (500 mi) genişliğindedir. ve kuzey paralelleri ile ve doğu meridyenleri arasına yerleşmiştir. birlikte 783.562 kilometre karelik (300,948 sq mi) bir alanı kaplar."
36°,https://tr.wikipedia.org/wiki/36._kuzey_enlemi,1,"Türkiye#207: Türkiye toprakları kabaca bir dikdörtgen şeklini andırır, 1.600 kilometre (1.000 mi) uzunluğunda ve 800 km (500 mi) genişliğindedir. ve kuzey paralelleri ile ve doğu meridyenleri arasına yerleşmiştir. birlikte 783.562 kilometre karelik (300,948 sq mi) bir alanı kaplar."
42°,https://tr.wikipedia.org/wiki/42._kuzey_enlemi,1,"Türkiye#207: Türkiye toprakları kabaca bir dikdörtgen şeklini andırır, 1.600 kilometre (1.000 mi) uzunluğunda ve 800 km (500 mi) genişliğindedir. ve kuzey paralelleri ile ve doğu meridyenleri arasına yerleşmiştir. birlikte 783.562 kilometre karelik (300,948 sq mi) bir alanı kaplar."
42°,https://tr.wikipedia.org/wiki/42._kuzey_enlemi,1,"Türkiye#207: Türkiye toprakları kabaca bir dikdörtgen şeklini andırır, 1.600 kilometre (1.000 mi) uzunluğunda ve 800 km (500 mi) genişliğindedir. ve kuzey paralelleri ile ve doğu meridyenleri arasına yerleşmiştir. birlikte 783.562 kilometre karelik (300,948 sq mi) bir alanı kaplar."
26°,https://tr.wikipedia.org/wiki/26._do%C4%9Fu_meridyeni,1,"Türkiye#207: Türkiye toprakları kabaca bir dikdörtgen şeklini andırır, 1.600 kilometre (1.000 mi) uzunluğunda ve 800 km (500 mi) genişliğindedir. ve kuzey paralelleri ile ve doğu meridyenleri arasına yerleşmiştir. birlikte 783.562 kilometre karelik (300,948 sq mi) bir alanı kaplar."
26°,https://tr.wikipedia.org/wiki/26._do%C4%9Fu_meridyeni,1,"Türkiye#207: Türkiye toprakları kabaca bir dikdörtgen şeklini andırır, 1.600 kilometre (1.000 mi) uzunluğunda ve 800 km (500 mi) genişliğindedir. ve kuzey paralelleri ile ve doğu meridyenleri arasına yerleşmiştir. birlikte 783.562 kilometre karelik (300,948 sq mi) bir alanı kaplar."
45°,https://tr.wikipedia.org/wiki/45._do%C4%9Fu_meridyeni,1,"Türkiye#207: Türkiye toprakları kabaca bir dikdörtgen şeklini andırır, 1.600 kilometre (1.000 mi) uzunluğunda ve 800 km (500 mi) genişliğindedir. ve kuzey paralelleri ile ve doğu meridyenleri arasına yerleşmiştir. birlikte 783.562 kilometre karelik (300,948 sq mi) bir alanı kaplar."
45°,https://tr.wikipedia.org/wiki/45._do%C4%9Fu_meridyeni,1,"Türkiye#207: Türkiye toprakları kabaca bir dikdörtgen şeklini andırır, 1.600 kilometre (1.000 mi) uzunluğunda ve 800 km (500 mi) genişliğindedir. ve kuzey paralelleri ile ve doğu meridyenleri arasına yerleşmiştir. birlikte 783.562 kilometre karelik (300,948 sq mi) bir alanı kaplar."
Gölleriyle,https://tr.wikipedia.org/wiki/G%C3%B6l,1,"Türkiye#207: Türkiye toprakları kabaca bir dikdörtgen şeklini andırır, 1.600 kilometre (1.000 mi) uzunluğunda ve 800 km (500 mi) genişliğindedir. ve kuzey paralelleri ile ve doğu meridyenleri arasına yerleşmiştir. birlikte 783.562 kilometre karelik (300,948 sq mi) bir alanı kaplar."
Gölleriyle,https://tr.wikipedia.org/wiki/G%C3%B6l,1,"Türkiye#207: Türkiye toprakları kabaca bir dikdörtgen şeklini andırır, 1.600 kilometre (1.000 mi) uzunluğunda ve 800 km (500 mi) genişliğindedir. ve kuzey paralelleri ile ve doğu meridyenleri arasına yerleşmiştir. birlikte 783.562 kilometre karelik (300,948 sq mi) bir alanı kaplar."
yüzölçümü,https://tr.wikipedia.org/wiki/Alan,1,"Türkiye#209: Bu rakamlarla, açısından ."
yüzölçümü,https://tr.wikipedia.org/wiki/Alan,1,"Türkiye#209: Bu rakamlarla, açısından ."
dünyanın en büyük 37. ülkesidir,https://tr.wikipedia.org/wiki/Y%C3%BCz%C3%B6l%C3%A7%C3%BCmlerine_g%C3%B6re_%C3%BClkeler_listesi,1,"Türkiye#209: Bu rakamlarla, açısından ."
dünyanın en büyük 37. ülkesidir,https://tr.wikipedia.org/wiki/Y%C3%BCz%C3%B6l%C3%A7%C3%BCmlerine_g%C3%B6re_%C3%BClkeler_listesi,1,"Türkiye#209: Bu rakamlarla, açısından ."
Köroğlu,https://tr.wikipedia.org/wiki/K%C3%B6ro%C4%9Flu_Da%C4%9Flar%C4%B1,1,"Türkiye#214: Kuzeyde ve ile, güneyde ile çevrilmiştir."
Köroğlu,https://tr.wikipedia.org/wiki/K%C3%B6ro%C4%9Flu_Da%C4%9Flar%C4%B1,1,"Türkiye#214: Kuzeyde ve ile, güneyde ile çevrilmiştir."
45.,https://tr.wikipedia.org/wiki/%C4%B0nsani_Geli%C5%9Fme_Endeksi%27ne_g%C3%B6re_%C3%BClkeler_listesi,1,TürkiyeCard#28: 0.855 çok yüksek ·
Türk lirası,https://tr.wikipedia.org/wiki/T%C3%BCrk_liras%C4%B1,1,TürkiyeCard#29: ( · )
Toros Dağları,https://tr.wikipedia.org/wiki/Toros_Da%C4%9Flar%C4%B1,1,"Türkiye#214: Kuzeyde ve ile, güneyde ile çevrilmiştir."
Toros Dağları,https://tr.wikipedia.org/wiki/Toros_Da%C4%9Flar%C4%B1,1,"Türkiye#214: Kuzeyde ve ile, güneyde ile çevrilmiştir."
Dicle,https://tr.wikipedia.org/wiki/Dicle,1,"Türkiye#215: Türkiye'nin doğusuna gidildikçe yükselti artar ve burası , , gibi çeşitli nehirlerin kaynağıdır."
Dicle,https://tr.wikipedia.org/wiki/Dicle,1,"Türkiye#215: Türkiye'nin doğusuna gidildikçe yükselti artar ve burası , , gibi çeşitli nehirlerin kaynağıdır."
Aras,https://tr.wikipedia.org/wiki/Aras,1,"Türkiye#215: Türkiye'nin doğusuna gidildikçe yükselti artar ve burası , , gibi çeşitli nehirlerin kaynağıdır."
Aras,https://tr.wikipedia.org/wiki/Aras,1,"Türkiye#215: Türkiye'nin doğusuna gidildikçe yükselti artar ve burası , , gibi çeşitli nehirlerin kaynağıdır."
Ağrı Dağı,https://tr.wikipedia.org/wiki/A%C4%9Fr%C4%B1_Da%C4%9F%C4%B1,1,"Türkiye#216: Ayrıca 5.137 metre (16.854 ft) yüksekliğindeki Türkiye'nin en yüksek dağı olan ve en büyük gölü olan de Doğu Anadolu'da yer alır. Türkiye, Anadolu toprakları üzerinde kuzeydoğuda , doğuda , 'a bağlı ve , güneydoğuda ve ile sınır komşusudur."
Ağrı Dağı,https://tr.wikipedia.org/wiki/A%C4%9Fr%C4%B1_Da%C4%9F%C4%B1,1,"Türkiye#216: Ayrıca 5.137 metre (16.854 ft) yüksekliğindeki Türkiye'nin en yüksek dağı olan ve en büyük gölü olan de Doğu Anadolu'da yer alır. Türkiye, Anadolu toprakları üzerinde kuzeydoğuda , doğuda , 'a bağlı ve , güneydoğuda ve ile sınır komşusudur."
Van Gölü,https://tr.wikipedia.org/wiki/Van_G%C3%B6l%C3%BC,1,"Türkiye#216: Ayrıca 5.137 metre (16.854 ft) yüksekliğindeki Türkiye'nin en yüksek dağı olan ve en büyük gölü olan de Doğu Anadolu'da yer alır. Türkiye, Anadolu toprakları üzerinde kuzeydoğuda , doğuda , 'a bağlı ve , güneydoğuda ve ile sınır komşusudur."
Van Gölü,https://tr.wikipedia.org/wiki/Van_G%C3%B6l%C3%BC,1,"Türkiye#216: Ayrıca 5.137 metre (16.854 ft) yüksekliğindeki Türkiye'nin en yüksek dağı olan ve en büyük gölü olan de Doğu Anadolu'da yer alır. Türkiye, Anadolu toprakları üzerinde kuzeydoğuda , doğuda , 'a bağlı ve , güneydoğuda ve ile sınır komşusudur."
Nahçıvan Özerk Cumhuriyeti,https://tr.wikipedia.org/wiki/Nah%C3%A7%C4%B1van_%C3%96zerk_Cumhuriyeti,1,"Türkiye#216: Ayrıca 5.137 metre (16.854 ft) yüksekliğindeki Türkiye'nin en yüksek dağı olan ve en büyük gölü olan de Doğu Anadolu'da yer alır. Türkiye, Anadolu toprakları üzerinde kuzeydoğuda , doğuda , 'a bağlı ve , güneydoğuda ve ile sınır komşusudur."
Nahçıvan Özerk Cumhuriyeti,https://tr.wikipedia.org/wiki/Nah%C3%A7%C4%B1van_%C3%96zerk_Cumhuriyeti,1,"Türkiye#216: Ayrıca 5.137 metre (16.854 ft) yüksekliğindeki Türkiye'nin en yüksek dağı olan ve en büyük gölü olan de Doğu Anadolu'da yer alır. Türkiye, Anadolu toprakları üzerinde kuzeydoğuda , doğuda , 'a bağlı ve , güneydoğuda ve ile sınır komşusudur."
coğrafi bölgeye,https://tr.wikipedia.org/wiki/T%C3%BCrkiye%27nin_co%C4%9Frafi_b%C3%B6lgeleri,1,"Türkiye#217: Türkiye, yedi bölünmüştür."
coğrafi bölgeye,https://tr.wikipedia.org/wiki/T%C3%BCrkiye%27nin_co%C4%9Frafi_b%C3%B6lgeleri,1,"Türkiye#217: Türkiye, yedi bölünmüştür."
Akdeniz,https://tr.wikipedia.org/wiki/Akdeniz_B%C3%B6lgesi,1,"Türkiye#218: Bunlar , , , , , ve bölgeleridir."
Akdeniz,https://tr.wikipedia.org/wiki/Akdeniz_B%C3%B6lgesi,1,"Türkiye#218: Bunlar , , , , , ve bölgeleridir."
Türk lirası,https://tr.wikipedia.org/wiki/T%C3%BCrk_liras%C4%B1,1,TürkiyeCard#29: ( · )
TRY,https://tr.wikipedia.org/wiki/ISO_4217,1,TürkiyeCard#29: ( · )
TRY,https://tr.wikipedia.org/wiki/ISO_4217,1,TürkiyeCard#29: ( · )
₺,https://tr.wikipedia.org/wiki/Para_birimi_simgesi,1,TürkiyeCard#29: ( · )
₺,https://tr.wikipedia.org/wiki/Para_birimi_simgesi,1,TürkiyeCard#29: ( · )
TSİ,https://tr.wikipedia.org/wiki/T%C3%BCrkiye_Saati,1,TürkiyeCard#30: UTC+3 ( )
TSİ,https://tr.wikipedia.org/wiki/T%C3%BCrkiye_Saati,1,TürkiyeCard#30: UTC+3 ( )
miladi,https://tr.wikipedia.org/wiki/Mil%C3%A2d%C3%AE_takvim,1,TürkiyeCard#31: gg/aa/yyyy ( )
miladi,https://tr.wikipedia.org/wiki/Mil%C3%A2d%C3%AE_takvim,1,TürkiyeCard#31: gg/aa/yyyy ( )
230 V–50 Hz,https://tr.wikipedia.org/wiki/%C5%9Eebeke_gerilimi,1,TürkiyeCard#32
230 V–50 Hz,https://tr.wikipedia.org/wiki/%C5%9Eebeke_gerilimi,1,TürkiyeCard#32
TR,https://tr.wikipedia.org/wiki/ISO_3166-2:TR,1,TürkiyeCard#35
yaylacılığın,https://tr.wikipedia.org/wiki/Yayla,1,"Türkiye#220: Geleneksel bir eğilim olarak, doğuya doğru gidildikçe engebenin artmasına paralel olarak arttığı görülür."
yaylacılığın,https://tr.wikipedia.org/wiki/Yayla,1,"Türkiye#220: Geleneksel bir eğilim olarak, doğuya doğru gidildikçe engebenin artmasına paralel olarak arttığı görülür."
yer şekillerinin,https://tr.wikipedia.org/wiki/Yery%C3%BCz%C3%BC_%C5%9Fekli,1,"Türkiye#221: Türkiye'nin çeşitliliği, binlerce yıldır bölgenin arazisini şekillendiren yerin hareketliliğinin bir sonucudur."
yer şekillerinin,https://tr.wikipedia.org/wiki/Yery%C3%BCz%C3%BC_%C5%9Fekli,1,"Türkiye#221: Türkiye'nin çeşitliliği, binlerce yıldır bölgenin arazisini şekillendiren yerin hareketliliğinin bir sonucudur."
sönmüş volkanlar,https://tr.wikipedia.org/wiki/Yanarda%C4%9F,1,"Türkiye#222: Üzerinde bulundurur ve hâlâ daha sıklıkla depremler meydana gelmektedir. ve Boğazları, varlıklarını ülkedeki borçludurlar."
sönmüş volkanlar,https://tr.wikipedia.org/wiki/Yanarda%C4%9F,1,"Türkiye#222: Üzerinde bulundurur ve hâlâ daha sıklıkla depremler meydana gelmektedir. ve Boğazları, varlıklarını ülkedeki borçludurlar."
fay hatlarına,https://tr.wikipedia.org/wiki/Fay,1,"Türkiye#222: Üzerinde bulundurur ve hâlâ daha sıklıkla depremler meydana gelmektedir. ve Boğazları, varlıklarını ülkedeki borçludurlar."
fay hatlarına,https://tr.wikipedia.org/wiki/Fay,1,"Türkiye#222: Üzerinde bulundurur ve hâlâ daha sıklıkla depremler meydana gelmektedir. ve Boğazları, varlıklarını ülkedeki borçludurlar."
Kuzey Anadolu Fay Hattı,https://tr.wikipedia.org/wiki/Kuzey_Anadolu_Fay_Hatt%C4%B1,1,"Türkiye#223: Ülkenin kuzeyinde ve doğusunda günümüzde de depremlere sebep olan büyük fay hatları vardır. üzerinde 1999'da meydana gelen , binlerce insanın hayatını kaybetmesine sebep olmuştur."
Kuzey Anadolu Fay Hattı,https://tr.wikipedia.org/wiki/Kuzey_Anadolu_Fay_Hatt%C4%B1,1,"Türkiye#223: Ülkenin kuzeyinde ve doğusunda günümüzde de depremlere sebep olan büyük fay hatları vardır. üzerinde 1999'da meydana gelen , binlerce insanın hayatını kaybetmesine sebep olmuştur."
büyük Marmara depremi,https://tr.wikipedia.org/wiki/1999_G%C3%B6lc%C3%BCk_depremi,1,"Türkiye#223: Ülkenin kuzeyinde ve doğusunda günümüzde de depremlere sebep olan büyük fay hatları vardır. üzerinde 1999'da meydana gelen , binlerce insanın hayatını kaybetmesine sebep olmuştur."
büyük Marmara depremi,https://tr.wikipedia.org/wiki/1999_G%C3%B6lc%C3%BCk_depremi,1,"Türkiye#223: Ülkenin kuzeyinde ve doğusunda günümüzde de depremlere sebep olan büyük fay hatları vardır. üzerinde 1999'da meydana gelen , binlerce insanın hayatını kaybetmesine sebep olmuştur."
ekosistemi,https://tr.wikipedia.org/wiki/Ekosistem,1,"Türkiye#224: Türkiye'nin olağanüstü ve habitat çeşitliliği, ülkede önemli bir tür çeşitliliğinin oluşmasını sağlamıştır."
ekosistemi,https://tr.wikipedia.org/wiki/Ekosistem,1,"Türkiye#224: Türkiye'nin olağanüstü ve habitat çeşitliliği, ülkede önemli bir tür çeşitliliğinin oluşmasını sağlamıştır."
tarımın,https://tr.wikipedia.org/wiki/Tar%C4%B1m,1,"Türkiye#225: Anadolu, üzerinde yapılmaya başladığı yıllardan itibaren birçok bitkinin anavatanı olmuştur ve günümüzde bu bitkiler Türkiye'de yaşayan insanlar tarafından kullanılmaktadır."
tarımın,https://tr.wikipedia.org/wiki/Tar%C4%B1m,1,"Türkiye#225: Anadolu, üzerinde yapılmaya başladığı yıllardan itibaren birçok bitkinin anavatanı olmuştur ve günümüzde bu bitkiler Türkiye'de yaşayan insanlar tarafından kullanılmaktadır."
faunasının,https://tr.wikipedia.org/wiki/Fauna,1,"Türkiye#226: Türkiye'nin çeşitliliği, çeşitliliğinden bile büyüktür."
faunasının,https://tr.wikipedia.org/wiki/Fauna,1,"Türkiye#226: Türkiye'nin çeşitliliği, çeşitliliğinden bile büyüktür."
hayvan,https://tr.wikipedia.org/wiki/Hayvan,1,"Türkiye#227: Tüm Avrupa genelindeki türlerinin sayısı 60.000 iken, bu rakam Türkiye'de 80.000'den fazladır ve alt türler dâhil edildiğinde 100.000'i geçmektedir."
hayvan,https://tr.wikipedia.org/wiki/Hayvan,1,"Türkiye#227: Tüm Avrupa genelindeki türlerinin sayısı 60.000 iken, bu rakam Türkiye'de 80.000'den fazladır ve alt türler dâhil edildiğinde 100.000'i geçmektedir."
ekolojik bölge,https://tr.wikipedia.org/wiki/Ekolojik_b%C3%B6lge,1,"Türkiye#228: Kuzey Anadolu kozalaklı ve yaprak döken karışık ormanları, Türkiye'nin kuzeyindeki 'nın büyük bir bölümünü kaplar ve bir oluşturur."
ekolojik bölge,https://tr.wikipedia.org/wiki/Ekolojik_b%C3%B6lge,1,"Türkiye#228: Kuzey Anadolu kozalaklı ve yaprak döken karışık ormanları, Türkiye'nin kuzeyindeki 'nın büyük bir bölümünü kaplar ve bir oluşturur."
Kafkasya karışık ormanları,https://tr.wikipedia.org/wiki/Kafkasya_karma_ormanlar%C4%B1,1,"Türkiye#229: Bu dağların doğu ucunda yer alır. Bölge ayrıca yaban hayatına da ev sahipliği yapar. , , , , , ve gibi hayvanlar burada yaşar."
Kafkasya karışık ormanları,https://tr.wikipedia.org/wiki/Kafkasya_karma_ormanlar%C4%B1,1,"Türkiye#229: Bu dağların doğu ucunda yer alır. Bölge ayrıca yaban hayatına da ev sahipliği yapar. , , , , , ve gibi hayvanlar burada yaşar."
Bayağı atmaca,https://tr.wikipedia.org/wiki/Atmaca,1,"Türkiye#229: Bu dağların doğu ucunda yer alır. Bölge ayrıca yaban hayatına da ev sahipliği yapar. , , , , , ve gibi hayvanlar burada yaşar."
Bayağı atmaca,https://tr.wikipedia.org/wiki/Atmaca,1,"Türkiye#229: Bu dağların doğu ucunda yer alır. Bölge ayrıca yaban hayatına da ev sahipliği yapar. , , , , , ve gibi hayvanlar burada yaşar."
kaya kartalı,https://tr.wikipedia.org/wiki/Kaya_kartal%C4%B1,1,"Türkiye#229: Bu dağların doğu ucunda yer alır. Bölge ayrıca yaban hayatına da ev sahipliği yapar. , , , , , ve gibi hayvanlar burada yaşar."
kaya kartalı,https://tr.wikipedia.org/wiki/Kaya_kartal%C4%B1,1,"Türkiye#229: Bu dağların doğu ucunda yer alır. Bölge ayrıca yaban hayatına da ev sahipliği yapar. , , , , , ve gibi hayvanlar burada yaşar."
şah kartal,https://tr.wikipedia.org/wiki/%C5%9Eah_kartal,1,"Türkiye#229: Bu dağların doğu ucunda yer alır. Bölge ayrıca yaban hayatına da ev sahipliği yapar. , , , , , ve gibi hayvanlar burada yaşar."
şah kartal,https://tr.wikipedia.org/wiki/%C5%9Eah_kartal,1,"Türkiye#229: Bu dağların doğu ucunda yer alır. Bölge ayrıca yaban hayatına da ev sahipliği yapar. , , , , , ve gibi hayvanlar burada yaşar."
küçük orman kartalı,https://tr.wikipedia.org/w/index.php?title=K%C3%BC%C3%A7%C3%BCk_orman_kartal%C4%B1&action=edit&redlink=1,1,"Türkiye#229: Bu dağların doğu ucunda yer alır. Bölge ayrıca yaban hayatına da ev sahipliği yapar. , , , , , ve gibi hayvanlar burada yaşar."
küçük orman kartalı,https://tr.wikipedia.org/w/index.php?title=K%C3%BC%C3%A7%C3%BCk_orman_kartal%C4%B1&action=edit&redlink=1,1,"Türkiye#229: Bu dağların doğu ucunda yer alır. Bölge ayrıca yaban hayatına da ev sahipliği yapar. , , , , , ve gibi hayvanlar burada yaşar."
kafkas kara orman tavuğu,https://tr.wikipedia.org/wiki/Kafkas_kara_orman_tavu%C4%9Fu,1,"Türkiye#229: Bu dağların doğu ucunda yer alır. Bölge ayrıca yaban hayatına da ev sahipliği yapar. , , , , , ve gibi hayvanlar burada yaşar."
kafkas kara orman tavuğu,https://tr.wikipedia.org/wiki/Kafkas_kara_orman_tavu%C4%9Fu,1,"Türkiye#229: Bu dağların doğu ucunda yer alır. Bölge ayrıca yaban hayatına da ev sahipliği yapar. , , , , , ve gibi hayvanlar burada yaşar."
kara iskete,https://tr.wikipedia.org/wiki/Kara_iskete,1,"Türkiye#229: Bu dağların doğu ucunda yer alır. Bölge ayrıca yaban hayatına da ev sahipliği yapar. , , , , , ve gibi hayvanlar burada yaşar."
kara iskete,https://tr.wikipedia.org/wiki/Kara_iskete,1,"Türkiye#229: Bu dağların doğu ucunda yer alır. Bölge ayrıca yaban hayatına da ev sahipliği yapar. , , , , , ve gibi hayvanlar burada yaşar."
duvar tırmaşık kuşu,https://tr.wikipedia.org/wiki/Duvar_t%C4%B1rma%C5%9F%C4%B1k_ku%C5%9Fu,1,"Türkiye#229: Bu dağların doğu ucunda yer alır. Bölge ayrıca yaban hayatına da ev sahipliği yapar. , , , , , ve gibi hayvanlar burada yaşar."
duvar tırmaşık kuşu,https://tr.wikipedia.org/wiki/Duvar_t%C4%B1rma%C5%9F%C4%B1k_ku%C5%9Fu,1,"Türkiye#229: Bu dağların doğu ucunda yer alır. Bölge ayrıca yaban hayatına da ev sahipliği yapar. , , , , , ve gibi hayvanlar burada yaşar."
Euxine-Kolşik yaprak döken ormanlarına,https://tr.wikipedia.org/wiki/Euxine-Kol%C5%9Fik_yaprak_d%C3%B6ken_ormanlar,1,"Türkiye#230: Kuzey Anadolu Dağları ve Karadeniz arasındaki dar kıyı şeridinde, Dünya'da az sayıda bulunan ılıman yağmur ormanlarından biri olan rastlanır."
Euxine-Kolşik yaprak döken ormanlarına,https://tr.wikipedia.org/wiki/Euxine-Kol%C5%9Fik_yaprak_d%C3%B6ken_ormanlar,1,"Türkiye#230: Kuzey Anadolu Dağları ve Karadeniz arasındaki dar kıyı şeridinde, Dünya'da az sayıda bulunan ılıman yağmur ormanlarından biri olan rastlanır."
40 tane millî park,https://tr.wikipedia.org/wiki/T%C3%BCrkiye%27deki_mill%C3%AE_parklar_listesi,1,"Türkiye#231: Türkiye'de , 189 tane doğal park, 31 tane doğal koruma alanı, 80 tane yaban hayatını koruma alanı ve 109 tane doğal anıt bulunur."
40 tane millî park,https://tr.wikipedia.org/wiki/T%C3%BCrkiye%27deki_mill%C3%AE_parklar_listesi,1,"Türkiye#231: Türkiye'de , 189 tane doğal park, 31 tane doğal koruma alanı, 80 tane yaban hayatını koruma alanı ve 109 tane doğal anıt bulunur."
Ankara kedisi,https://tr.wikipedia.org/wiki/Ankara_kedisi,1,"Türkiye#232: Türkiye'nin başkenti , kendi adını taşıyan , ve gibi hayvanlarıyla ünlüdür."
Ankara kedisi,https://tr.wikipedia.org/wiki/Ankara_kedisi,1,"Türkiye#232: Türkiye'nin başkenti , kendi adını taşıyan , ve gibi hayvanlarıyla ünlüdür."
Ankara tavşanı,https://tr.wikipedia.org/wiki/Ankara_tav%C5%9Fan%C4%B1,1,"Türkiye#232: Türkiye'nin başkenti , kendi adını taşıyan , ve gibi hayvanlarıyla ünlüdür."
Ankara tavşanı,https://tr.wikipedia.org/wiki/Ankara_tav%C5%9Fan%C4%B1,1,"Türkiye#232: Türkiye'nin başkenti , kendi adını taşıyan , ve gibi hayvanlarıyla ünlüdür."
Ankara keçisi,https://tr.wikipedia.org/wiki/Ankara_ke%C3%A7isi,1,"Türkiye#232: Türkiye'nin başkenti , kendi adını taşıyan , ve gibi hayvanlarıyla ünlüdür."
Ankara keçisi,https://tr.wikipedia.org/wiki/Ankara_ke%C3%A7isi,1,"Türkiye#232: Türkiye'nin başkenti , kendi adını taşıyan , ve gibi hayvanlarıyla ünlüdür."
Van kedisidir,https://tr.wikipedia.org/wiki/Van_kedisi,1,"Türkiye#233: Ülkenin diğer ulusal sembollerinden biri ise ve adını Doğu Anadolu'da yer alan ilinden alır. Ayrıca Türkiye'ye has çeşitli köpek türleri de vardır: , , ve ."
Van kedisidir,https://tr.wikipedia.org/wiki/Van_kedisi,1,"Türkiye#233: Ülkenin diğer ulusal sembollerinden biri ise ve adını Doğu Anadolu'da yer alan ilinden alır. Ayrıca Türkiye'ye has çeşitli köpek türleri de vardır: , , ve ."
TR,https://tr.wikipedia.org/wiki/ISO_3166-2:TR,1,TürkiyeCard#35
.tr,https://tr.wikipedia.org/wiki/.tr,1,TürkiyeCard#36
Anadolu çoban köpeği,https://tr.wikipedia.org/wiki/Anadolu_%C3%A7oban_k%C3%B6pe%C4%9Fi,1,"Türkiye#233: Ülkenin diğer ulusal sembollerinden biri ise ve adını Doğu Anadolu'da yer alan ilinden alır. Ayrıca Türkiye'ye has çeşitli köpek türleri de vardır: , , ve ."
Anadolu çoban köpeği,https://tr.wikipedia.org/wiki/Anadolu_%C3%A7oban_k%C3%B6pe%C4%9Fi,1,"Türkiye#233: Ülkenin diğer ulusal sembollerinden biri ise ve adını Doğu Anadolu'da yer alan ilinden alır. Ayrıca Türkiye'ye has çeşitli köpek türleri de vardır: , , ve ."
Kangal,https://tr.wikipedia.org/wiki/Kangal_k%C3%B6pe%C4%9Fi,1,"Türkiye#233: Ülkenin diğer ulusal sembollerinden biri ise ve adını Doğu Anadolu'da yer alan ilinden alır. Ayrıca Türkiye'ye has çeşitli köpek türleri de vardır: , , ve ."
Kangal,https://tr.wikipedia.org/wiki/Kangal_k%C3%B6pe%C4%9Fi,1,"Türkiye#233: Ülkenin diğer ulusal sembollerinden biri ise ve adını Doğu Anadolu'da yer alan ilinden alır. Ayrıca Türkiye'ye has çeşitli köpek türleri de vardır: , , ve ."
Aksaray Malaklısı,https://tr.wikipedia.org/wiki/Aksaray_malakl%C4%B1s%C4%B1,1,"Türkiye#233: Ülkenin diğer ulusal sembollerinden biri ise ve adını Doğu Anadolu'da yer alan ilinden alır. Ayrıca Türkiye'ye has çeşitli köpek türleri de vardır: , , ve ."
Aksaray Malaklısı,https://tr.wikipedia.org/wiki/Aksaray_malakl%C4%B1s%C4%B1,1,"Türkiye#233: Ülkenin diğer ulusal sembollerinden biri ise ve adını Doğu Anadolu'da yer alan ilinden alır. Ayrıca Türkiye'ye has çeşitli köpek türleri de vardır: , , ve ."
Akdeniz ikliminde,https://tr.wikipedia.org/wiki/Akdeniz_iklimi,1,"Türkiye#235: Genel anlamda ile kıyılarında görülen yazlar sıcak ve kurak, kışları ılık ve yağışlıdır."
Akdeniz ikliminde,https://tr.wikipedia.org/wiki/Akdeniz_iklimi,1,"Türkiye#235: Genel anlamda ile kıyılarında görülen yazlar sıcak ve kurak, kışları ılık ve yağışlıdır."
makidir,https://tr.wikipedia.org/wiki/Maki,1,Türkiye#236: Bitki örtüsü .
makidir,https://tr.wikipedia.org/wiki/Maki,1,Türkiye#236: Bitki örtüsü .
ılıman okyanus iklim,https://tr.wikipedia.org/wiki/Okyanusal_iklim,1,"Türkiye#237: Karadeniz kıyılarında görülen bir tipi olan her mevsim yağış görülmektedir, doğal bitki örtüsü ."
ılıman okyanus iklim,https://tr.wikipedia.org/wiki/Okyanusal_iklim,1,"Türkiye#237: Karadeniz kıyılarında görülen bir tipi olan her mevsim yağış görülmektedir, doğal bitki örtüsü ."
Karadeniz ikliminde,https://tr.wikipedia.org/wiki/T%C3%BCrkiye%27de_Karadeniz_iklimi,1,"Türkiye#237: Karadeniz kıyılarında görülen bir tipi olan her mevsim yağış görülmektedir, doğal bitki örtüsü ."
Karadeniz ikliminde,https://tr.wikipedia.org/wiki/T%C3%BCrkiye%27de_Karadeniz_iklimi,1,"Türkiye#237: Karadeniz kıyılarında görülen bir tipi olan her mevsim yağış görülmektedir, doğal bitki örtüsü ."
ormandır,https://tr.wikipedia.org/wiki/Orman,1,"Türkiye#237: Karadeniz kıyılarında görülen bir tipi olan her mevsim yağış görülmektedir, doğal bitki örtüsü ."
ormandır,https://tr.wikipedia.org/wiki/Orman,1,"Türkiye#237: Karadeniz kıyılarında görülen bir tipi olan her mevsim yağış görülmektedir, doğal bitki örtüsü ."
.tr,https://tr.wikipedia.org/wiki/.tr,1,TürkiyeCard#36
Trakya,https://tr.wikipedia.org/wiki/Trakya,1,"Türkiye#3: Güneyini ve , batısını , kuzeyini ise çevreler. ise ve ile birlikte 'yu 'dan, yani 'yı 'dan ayırır."
Trakya,https://tr.wikipedia.org/wiki/Trakya,1,"Türkiye#3: Güneyini ve , batısını , kuzeyini ise çevreler. ise ve ile birlikte 'yu 'dan, yani 'yı 'dan ayırır."
Müslümandır,https://tr.wikipedia.org/wiki/M%C3%BCsl%C3%BCman,1,"Türkiye#4: Resmî olarak bir devlet olan Türkiye'de nüfusun çoğunluğu . , Türkiye'nin ve ikinci en kalabalık şehri; ise, Türkiye'nin en kalabalık şehri, ekonomik merkezi ve aynı zamanda 'nın en kalabalık şehridir."
kar,https://tr.wikipedia.org/wiki/Kar,1,"Türkiye#239: ile 'i birbirine bağlayan 'nin kıyılarında geçiş iklimi görülmektedir; denizin güneyinde Akdeniz, kuzeyinde Karadeniz ve kuzeybatısında rastlanmaktadır. ve bölgelerinde hemen hemen her yıl yağışı gözükse de kar ancak birkaç gün yerde kalır."
kar,https://tr.wikipedia.org/wiki/Kar,1,"Türkiye#239: ile 'i birbirine bağlayan 'nin kıyılarında geçiş iklimi görülmektedir; denizin güneyinde Akdeniz, kuzeyinde Karadeniz ve kuzeybatısında rastlanmaktadır. ve bölgelerinde hemen hemen her yıl yağışı gözükse de kar ancak birkaç gün yerde kalır."
İç Anadolu Bölgesi,https://tr.wikipedia.org/wiki/%C4%B0%C3%A7_Anadolu_B%C3%B6lgesi,1,"Türkiye#241: , ve bölgelerinde yani iç kesimlerde rastlanır."
İç Anadolu Bölgesi,https://tr.wikipedia.org/wiki/%C4%B0%C3%A7_Anadolu_B%C3%B6lgesi,1,"Türkiye#241: , ve bölgelerinde yani iç kesimlerde rastlanır."
sıcak,https://tr.wikipedia.org/wiki/S%C4%B1cakl%C4%B1k,1,"Türkiye#242: Bu iklimde yıllık ve günlük sıcaklık farkları yüksektir; yazlar ve kurak, kışlar ve kar yağışlıdır."
sıcak,https://tr.wikipedia.org/wiki/S%C4%B1cakl%C4%B1k,1,"Türkiye#242: Bu iklimde yıllık ve günlük sıcaklık farkları yüksektir; yazlar ve kurak, kışlar ve kar yağışlıdır."
soğuk,https://tr.wikipedia.org/wiki/So%C4%9Fuk,1,"Türkiye#242: Bu iklimde yıllık ve günlük sıcaklık farkları yüksektir; yazlar ve kurak, kışlar ve kar yağışlıdır."
soğuk,https://tr.wikipedia.org/wiki/So%C4%9Fuk,1,"Türkiye#242: Bu iklimde yıllık ve günlük sıcaklık farkları yüksektir; yazlar ve kurak, kışlar ve kar yağışlıdır."
yağışın,https://tr.wikipedia.org/wiki/Ya%C4%9F%C4%B1%C5%9F,1,"Türkiye#246: Yazları sıcak ve kurak, ülke genelinde genellikle Temmuz ve Ağustos en kurak ay iken Mayıs en çok alındığı aydır, sıcaklıklar gün içinde 30 °C (86 °F) üzerinde çıkabilmektedir."
yağışın,https://tr.wikipedia.org/wiki/Ya%C4%9F%C4%B1%C5%9F,1,"Türkiye#246: Yazları sıcak ve kurak, ülke genelinde genellikle Temmuz ve Ağustos en kurak ay iken Mayıs en çok alındığı aydır, sıcaklıklar gün içinde 30 °C (86 °F) üzerinde çıkabilmektedir."
GSYİH (SAGP) sıralamasında,https://tr.wikipedia.org/wiki/Sat%C4%B1n_alma_g%C3%BCc%C3%BC_paritelerine_g%C3%B6re_%C3%BClkeler_listesi,1,"Türkiye#247: Türkiye, 2023 yılında 11. sırada ve 20. sırada yer almaktadır. ile topluluklarının kurucu üyelerinden bir tanesidir."
GSYİH (SAGP) sıralamasında,https://tr.wikipedia.org/wiki/Sat%C4%B1n_alma_g%C3%BCc%C3%BC_paritelerine_g%C3%B6re_%C3%BClkeler_listesi,1,"Türkiye#247: Türkiye, 2023 yılında 11. sırada ve 20. sırada yer almaktadır. ile topluluklarının kurucu üyelerinden bir tanesidir."
GSYİH (nominal) sıralamasında,https://tr.wikipedia.org/wiki/Nominal_GSY%C4%B0H_de%C4%9Ferlerine_g%C3%B6re_%C3%BClkeler_listesi,1,"Türkiye#247: Türkiye, 2023 yılında 11. sırada ve 20. sırada yer almaktadır. ile topluluklarının kurucu üyelerinden bir tanesidir."
GSYİH (nominal) sıralamasında,https://tr.wikipedia.org/wiki/Nominal_GSY%C4%B0H_de%C4%9Ferlerine_g%C3%B6re_%C3%BClkeler_listesi,1,"Türkiye#247: Türkiye, 2023 yılında 11. sırada ve 20. sırada yer almaktadır. ile topluluklarının kurucu üyelerinden bir tanesidir."
G-20 büyük ekonomileri,https://tr.wikipedia.org/wiki/G20,1,"Türkiye#247: Türkiye, 2023 yılında 11. sırada ve 20. sırada yer almaktadır. ile topluluklarının kurucu üyelerinden bir tanesidir."
G-20 büyük ekonomileri,https://tr.wikipedia.org/wiki/G20,1,"Türkiye#247: Türkiye, 2023 yılında 11. sırada ve 20. sırada yer almaktadır. ile topluluklarının kurucu üyelerinden bir tanesidir."
Avrupa Birliği-Türkiye Gümrük Birliği,https://tr.wikipedia.org/wiki/Avrupa_Birli%C4%9Fi-T%C3%BCrkiye_G%C3%BCmr%C3%BCk_Birli%C4%9Fi,1,"Türkiye#248: 1995'te başlayan tarifeleriyle birlikte Türkiye'de geniş bir liberalleşme yolu açıldı ve bu gümrük birliği, ülkenin önemli taşlarından birini oluşturur hâle geldi."
Avrupa Birliği-Türkiye Gümrük Birliği,https://tr.wikipedia.org/wiki/Avrupa_Birli%C4%9Fi-T%C3%BCrkiye_G%C3%BCmr%C3%BCk_Birli%C4%9Fi,1,"Türkiye#248: 1995'te başlayan tarifeleriyle birlikte Türkiye'de geniş bir liberalleşme yolu açıldı ve bu gümrük birliği, ülkenin önemli taşlarından birini oluşturur hâle geldi."
dış ticaret politikasının,https://tr.wikipedia.org/wiki/D%C4%B1%C5%9F_ticaret_politikas%C4%B1,1,"Türkiye#248: 1995'te başlayan tarifeleriyle birlikte Türkiye'de geniş bir liberalleşme yolu açıldı ve bu gümrük birliği, ülkenin önemli taşlarından birini oluşturur hâle geldi."
dış ticaret politikasının,https://tr.wikipedia.org/wiki/D%C4%B1%C5%9F_ticaret_politikas%C4%B1,1,"Türkiye#248: 1995'te başlayan tarifeleriyle birlikte Türkiye'de geniş bir liberalleşme yolu açıldı ve bu gümrük birliği, ülkenin önemli taşlarından birini oluşturur hâle geldi."
Birleşik Krallık,https://tr.wikipedia.org/wiki/Birle%C5%9Fik_Krall%C4%B1k,1,"Türkiye#249: Türkiye'nin 2014'te ihracatı, önceki yıla göre %4 artarak $157,6 milyar oldu. En fazla ihracat yapılan ülkeler ise , , , ve olarak belirlendi."
Birleşik Krallık,https://tr.wikipedia.org/wiki/Birle%C5%9Fik_Krall%C4%B1k,1,"Türkiye#249: Türkiye'nin 2014'te ihracatı, önceki yıla göre %4 artarak $157,6 milyar oldu. En fazla ihracat yapılan ülkeler ise , , , ve olarak belirlendi."
dış ticaret açığı,https://tr.wikipedia.org/wiki/Ticaret_dengesi,1,"Türkiye#250: Ancak aynı yıl ithalatın $242,2 milyarı bulması sebebiyle $84,5 milyar tutarında oluştu."
dış ticaret açığı,https://tr.wikipedia.org/wiki/Ticaret_dengesi,1,"Türkiye#250: Ancak aynı yıl ithalatın $242,2 milyarı bulması sebebiyle $84,5 milyar tutarında oluştu."
otomotiv sanayisi,https://tr.wikipedia.org/wiki/T%C3%BCrk_otomotiv_sanayii,1,"Türkiye#253: Türkiye'nin büyük bir vardır. 2014'te Türkiye, ise $1,2 milyar gelir elde etmiştir."
otomotiv sanayisi,https://tr.wikipedia.org/wiki/T%C3%BCrk_otomotiv_sanayii,1,"Türkiye#253: Türkiye'nin büyük bir vardır. 2014'te Türkiye, ise $1,2 milyar gelir elde etmiştir."
gemi yapımından,https://tr.wikipedia.org/wiki/Gemi_in%C5%9Faat%C4%B1_ve_deniz_m%C3%BChendisli%C4%9Fi,1,"Türkiye#253: Türkiye'nin büyük bir vardır. 2014'te Türkiye, ise $1,2 milyar gelir elde etmiştir."
gemi yapımından,https://tr.wikipedia.org/wiki/Gemi_in%C5%9Faat%C4%B1_ve_deniz_m%C3%BChendisli%C4%9Fi,1,"Türkiye#253: Türkiye'nin büyük bir vardır. 2014'te Türkiye, ise $1,2 milyar gelir elde etmiştir."
Malta,https://tr.wikipedia.org/wiki/Malta,1,"Türkiye#254: Ülkenin bu konudaki en büyük pazarları , , Birleşik Krallık ve 'dır. 2012 verilerine göre 87 aktif Türk tersanesi bulunmaktadır ve bu tersanelerde farklı boyutlarda 15 yüzer havuz ve bir kuru havuz bulunmaktadır. , ve gemi inşa sektörünün başlıca merkezleridir."
Malta,https://tr.wikipedia.org/wiki/Malta,1,"Türkiye#254: Ülkenin bu konudaki en büyük pazarları , , Birleşik Krallık ve 'dır. 2012 verilerine göre 87 aktif Türk tersanesi bulunmaktadır ve bu tersanelerde farklı boyutlarda 15 yüzer havuz ve bir kuru havuz bulunmaktadır. , ve gemi inşa sektörünün başlıca merkezleridir."
Norveç,https://tr.wikipedia.org/wiki/Norve%C3%A7,1,"Türkiye#254: Ülkenin bu konudaki en büyük pazarları , , Birleşik Krallık ve 'dır. 2012 verilerine göre 87 aktif Türk tersanesi bulunmaktadır ve bu tersanelerde farklı boyutlarda 15 yüzer havuz ve bir kuru havuz bulunmaktadır. , ve gemi inşa sektörünün başlıca merkezleridir."
Norveç,https://tr.wikipedia.org/wiki/Norve%C3%A7,1,"Türkiye#254: Ülkenin bu konudaki en büyük pazarları , , Birleşik Krallık ve 'dır. 2012 verilerine göre 87 aktif Türk tersanesi bulunmaktadır ve bu tersanelerde farklı boyutlarda 15 yüzer havuz ve bir kuru havuz bulunmaktadır. , ve gemi inşa sektörünün başlıca merkezleridir."
Marshall Adaları,https://tr.wikipedia.org/wiki/Marshall_Adalar%C4%B1,1,"Türkiye#254: Ülkenin bu konudaki en büyük pazarları , , Birleşik Krallık ve 'dır. 2012 verilerine göre 87 aktif Türk tersanesi bulunmaktadır ve bu tersanelerde farklı boyutlarda 15 yüzer havuz ve bir kuru havuz bulunmaktadır. , ve gemi inşa sektörünün başlıca merkezleridir."
Marshall Adaları,https://tr.wikipedia.org/wiki/Marshall_Adalar%C4%B1,1,"Türkiye#254: Ülkenin bu konudaki en büyük pazarları , , Birleşik Krallık ve 'dır. 2012 verilerine göre 87 aktif Türk tersanesi bulunmaktadır ve bu tersanelerde farklı boyutlarda 15 yüzer havuz ve bir kuru havuz bulunmaktadır. , ve gemi inşa sektörünün başlıca merkezleridir."
Tuzla,"https://tr.wikipedia.org/wiki/Tuzla,_%C4%B0stanbul",1,"Türkiye#254: Ülkenin bu konudaki en büyük pazarları , , Birleşik Krallık ve 'dır. 2012 verilerine göre 87 aktif Türk tersanesi bulunmaktadır ve bu tersanelerde farklı boyutlarda 15 yüzer havuz ve bir kuru havuz bulunmaktadır. , ve gemi inşa sektörünün başlıca merkezleridir."
Tuzla,"https://tr.wikipedia.org/wiki/Tuzla,_%C4%B0stanbul",1,"Türkiye#254: Ülkenin bu konudaki en büyük pazarları , , Birleşik Krallık ve 'dır. 2012 verilerine göre 87 aktif Türk tersanesi bulunmaktadır ve bu tersanelerde farklı boyutlarda 15 yüzer havuz ve bir kuru havuz bulunmaktadır. , ve gemi inşa sektörünün başlıca merkezleridir."
Yalova,https://tr.wikipedia.org/wiki/Yalova,1,"Türkiye#254: Ülkenin bu konudaki en büyük pazarları , , Birleşik Krallık ve 'dır. 2012 verilerine göre 87 aktif Türk tersanesi bulunmaktadır ve bu tersanelerde farklı boyutlarda 15 yüzer havuz ve bir kuru havuz bulunmaktadır. , ve gemi inşa sektörünün başlıca merkezleridir."
Yalova,https://tr.wikipedia.org/wiki/Yalova,1,"Türkiye#254: Ülkenin bu konudaki en büyük pazarları , , Birleşik Krallık ve 'dır. 2012 verilerine göre 87 aktif Türk tersanesi bulunmaktadır ve bu tersanelerde farklı boyutlarda 15 yüzer havuz ve bir kuru havuz bulunmaktadır. , ve gemi inşa sektörünün başlıca merkezleridir."
İzmit,https://tr.wikipedia.org/wiki/%C4%B0zmit,1,"Türkiye#254: Ülkenin bu konudaki en büyük pazarları , , Birleşik Krallık ve 'dır. 2012 verilerine göre 87 aktif Türk tersanesi bulunmaktadır ve bu tersanelerde farklı boyutlarda 15 yüzer havuz ve bir kuru havuz bulunmaktadır. , ve gemi inşa sektörünün başlıca merkezleridir."
İzmit,https://tr.wikipedia.org/wiki/%C4%B0zmit,1,"Türkiye#254: Ülkenin bu konudaki en büyük pazarları , , Birleşik Krallık ve 'dır. 2012 verilerine göre 87 aktif Türk tersanesi bulunmaktadır ve bu tersanelerde farklı boyutlarda 15 yüzer havuz ve bir kuru havuz bulunmaktadır. , ve gemi inşa sektörünün başlıca merkezleridir."
Beko,https://tr.wikipedia.org/wiki/Beko,1,"Türkiye#255: ve gibi Türk markaları, 'nın en büyük ve üretim şirketlerindendir, bu sektörleri geliştirmek ve yeni bulmak konusunda önemli miktarda yatırımlar yapmaktadırlar."
Beko,https://tr.wikipedia.org/wiki/Beko,1,"Türkiye#255: ve gibi Türk markaları, 'nın en büyük ve üretim şirketlerindendir, bu sektörleri geliştirmek ve yeni bulmak konusunda önemli miktarda yatırımlar yapmaktadırlar."
Vestel,https://tr.wikipedia.org/wiki/Vestel,1,"Türkiye#255: ve gibi Türk markaları, 'nın en büyük ve üretim şirketlerindendir, bu sektörleri geliştirmek ve yeni bulmak konusunda önemli miktarda yatırımlar yapmaktadırlar."
Vestel,https://tr.wikipedia.org/wiki/Vestel,1,"Türkiye#255: ve gibi Türk markaları, 'nın en büyük ve üretim şirketlerindendir, bu sektörleri geliştirmek ve yeni bulmak konusunda önemli miktarda yatırımlar yapmaktadırlar."
beyaz eşya,https://tr.wikipedia.org/wiki/Beyaz_e%C5%9Fya,1,"Türkiye#255: ve gibi Türk markaları, 'nın en büyük ve üretim şirketlerindendir, bu sektörleri geliştirmek ve yeni bulmak konusunda önemli miktarda yatırımlar yapmaktadırlar."
beyaz eşya,https://tr.wikipedia.org/wiki/Beyaz_e%C5%9Fya,1,"Türkiye#255: ve gibi Türk markaları, 'nın en büyük ve üretim şirketlerindendir, bu sektörleri geliştirmek ve yeni bulmak konusunda önemli miktarda yatırımlar yapmaktadırlar."
tüketici elektroniği,https://tr.wikipedia.org/wiki/T%C3%BCketici_elektroni%C4%9Fi,1,"Türkiye#255: ve gibi Türk markaları, 'nın en büyük ve üretim şirketlerindendir, bu sektörleri geliştirmek ve yeni bulmak konusunda önemli miktarda yatırımlar yapmaktadırlar."
tüketici elektroniği,https://tr.wikipedia.org/wiki/T%C3%BCketici_elektroni%C4%9Fi,1,"Türkiye#255: ve gibi Türk markaları, 'nın en büyük ve üretim şirketlerindendir, bu sektörleri geliştirmek ve yeni bulmak konusunda önemli miktarda yatırımlar yapmaktadırlar."
teknolojiler,https://tr.wikipedia.org/wiki/Teknoloji,1,"Türkiye#255: ve gibi Türk markaları, 'nın en büyük ve üretim şirketlerindendir, bu sektörleri geliştirmek ve yeni bulmak konusunda önemli miktarda yatırımlar yapmaktadırlar."
teknolojiler,https://tr.wikipedia.org/wiki/Teknoloji,1,"Türkiye#255: ve gibi Türk markaları, 'nın en büyük ve üretim şirketlerindendir, bu sektörleri geliştirmek ve yeni bulmak konusunda önemli miktarda yatırımlar yapmaktadırlar."
bankacılık,https://tr.wikipedia.org/wiki/Banka,1,"Türkiye#256: Türk ekonomisinin diğer önemli bölümlerini ise , , , , , , ürünleri, , , - ve oluşturmaktadır. 2013 verilerine göre Türkiye'deki sektörel dağılım %8,9 tarım, %27,3 sanayi ve %63,8 hizmet şeklinde olmuştur."
bankacılık,https://tr.wikipedia.org/wiki/Banka,1,"Türkiye#256: Türk ekonomisinin diğer önemli bölümlerini ise , , , , , , ürünleri, , , - ve oluşturmaktadır. 2013 verilerine göre Türkiye'deki sektörel dağılım %8,9 tarım, %27,3 sanayi ve %63,8 hizmet şeklinde olmuştur."
inşaat,https://tr.wikipedia.org/wiki/%C4%B0n%C5%9Faat,1,"Türkiye#256: Türk ekonomisinin diğer önemli bölümlerini ise , , , , , , ürünleri, , , - ve oluşturmaktadır. 2013 verilerine göre Türkiye'deki sektörel dağılım %8,9 tarım, %27,3 sanayi ve %63,8 hizmet şeklinde olmuştur."
inşaat,https://tr.wikipedia.org/wiki/%C4%B0n%C5%9Faat,1,"Türkiye#256: Türk ekonomisinin diğer önemli bölümlerini ise , , , , , , ürünleri, , , - ve oluşturmaktadır. 2013 verilerine göre Türkiye'deki sektörel dağılım %8,9 tarım, %27,3 sanayi ve %63,8 hizmet şeklinde olmuştur."
ev aletleri,https://tr.wikipedia.org/wiki/Beyaz_e%C5%9Fya,1,"Türkiye#256: Türk ekonomisinin diğer önemli bölümlerini ise , , , , , , ürünleri, , , - ve oluşturmaktadır. 2013 verilerine göre Türkiye'deki sektörel dağılım %8,9 tarım, %27,3 sanayi ve %63,8 hizmet şeklinde olmuştur."
ev aletleri,https://tr.wikipedia.org/wiki/Beyaz_e%C5%9Fya,1,"Türkiye#256: Türk ekonomisinin diğer önemli bölümlerini ise , , , , , , ürünleri, , , - ve oluşturmaktadır. 2013 verilerine göre Türkiye'deki sektörel dağılım %8,9 tarım, %27,3 sanayi ve %63,8 hizmet şeklinde olmuştur."
elektronik,https://tr.wikipedia.org/wiki/Elektronik,1,"Türkiye#256: Türk ekonomisinin diğer önemli bölümlerini ise , , , , , , ürünleri, , , - ve oluşturmaktadır. 2013 verilerine göre Türkiye'deki sektörel dağılım %8,9 tarım, %27,3 sanayi ve %63,8 hizmet şeklinde olmuştur."
elektronik,https://tr.wikipedia.org/wiki/Elektronik,1,"Türkiye#256: Türk ekonomisinin diğer önemli bölümlerini ise , , , , , , ürünleri, , , - ve oluşturmaktadır. 2013 verilerine göre Türkiye'deki sektörel dağılım %8,9 tarım, %27,3 sanayi ve %63,8 hizmet şeklinde olmuştur."
tekstil,https://tr.wikipedia.org/wiki/Tekstil,1,"Türkiye#256: Türk ekonomisinin diğer önemli bölümlerini ise , , , , , , ürünleri, , , - ve oluşturmaktadır. 2013 verilerine göre Türkiye'deki sektörel dağılım %8,9 tarım, %27,3 sanayi ve %63,8 hizmet şeklinde olmuştur."
tekstil,https://tr.wikipedia.org/wiki/Tekstil,1,"Türkiye#256: Türk ekonomisinin diğer önemli bölümlerini ise , , , , , , ürünleri, , , - ve oluşturmaktadır. 2013 verilerine göre Türkiye'deki sektörel dağılım %8,9 tarım, %27,3 sanayi ve %63,8 hizmet şeklinde olmuştur."
petrol arıtma,https://tr.wikipedia.org/wiki/Petrol,1,"Türkiye#256: Türk ekonomisinin diğer önemli bölümlerini ise , , , , , , ürünleri, , , - ve oluşturmaktadır. 2013 verilerine göre Türkiye'deki sektörel dağılım %8,9 tarım, %27,3 sanayi ve %63,8 hizmet şeklinde olmuştur."
petrol arıtma,https://tr.wikipedia.org/wiki/Petrol,1,"Türkiye#256: Türk ekonomisinin diğer önemli bölümlerini ise , , , , , , ürünleri, , , - ve oluşturmaktadır. 2013 verilerine göre Türkiye'deki sektörel dağılım %8,9 tarım, %27,3 sanayi ve %63,8 hizmet şeklinde olmuştur."
petrokimya,https://tr.wikipedia.org/wiki/Petrokimya,1,"Türkiye#256: Türk ekonomisinin diğer önemli bölümlerini ise , , , , , , ürünleri, , , - ve oluşturmaktadır. 2013 verilerine göre Türkiye'deki sektörel dağılım %8,9 tarım, %27,3 sanayi ve %63,8 hizmet şeklinde olmuştur."
petrokimya,https://tr.wikipedia.org/wiki/Petrokimya,1,"Türkiye#256: Türk ekonomisinin diğer önemli bölümlerini ise , , , , , , ürünleri, , , - ve oluşturmaktadır. 2013 verilerine göre Türkiye'deki sektörel dağılım %8,9 tarım, %27,3 sanayi ve %63,8 hizmet şeklinde olmuştur."
gıda,https://tr.wikipedia.org/wiki/G%C4%B1da,1,"Türkiye#256: Türk ekonomisinin diğer önemli bölümlerini ise , , , , , , ürünleri, , , - ve oluşturmaktadır. 2013 verilerine göre Türkiye'deki sektörel dağılım %8,9 tarım, %27,3 sanayi ve %63,8 hizmet şeklinde olmuştur."
gıda,https://tr.wikipedia.org/wiki/G%C4%B1da,1,"Türkiye#256: Türk ekonomisinin diğer önemli bölümlerini ise , , , , , , ürünleri, , , - ve oluşturmaktadır. 2013 verilerine göre Türkiye'deki sektörel dağılım %8,9 tarım, %27,3 sanayi ve %63,8 hizmet şeklinde olmuştur."
madencilik,https://tr.wikipedia.org/wiki/Madencilik,1,"Türkiye#256: Türk ekonomisinin diğer önemli bölümlerini ise , , , , , , ürünleri, , , - ve oluşturmaktadır. 2013 verilerine göre Türkiye'deki sektörel dağılım %8,9 tarım, %27,3 sanayi ve %63,8 hizmet şeklinde olmuştur."
madencilik,https://tr.wikipedia.org/wiki/Madencilik,1,"Türkiye#256: Türk ekonomisinin diğer önemli bölümlerini ise , , , , , , ürünleri, , , - ve oluşturmaktadır. 2013 verilerine göre Türkiye'deki sektörel dağılım %8,9 tarım, %27,3 sanayi ve %63,8 hizmet şeklinde olmuştur."
demir,https://tr.wikipedia.org/wiki/Demir,1,"Türkiye#256: Türk ekonomisinin diğer önemli bölümlerini ise , , , , , , ürünleri, , , - ve oluşturmaktadır. 2013 verilerine göre Türkiye'deki sektörel dağılım %8,9 tarım, %27,3 sanayi ve %63,8 hizmet şeklinde olmuştur."
demir,https://tr.wikipedia.org/wiki/Demir,1,"Türkiye#256: Türk ekonomisinin diğer önemli bölümlerini ise , , , , , , ürünleri, , , - ve oluşturmaktadır. 2013 verilerine göre Türkiye'deki sektörel dağılım %8,9 tarım, %27,3 sanayi ve %63,8 hizmet şeklinde olmuştur."
çelik,https://tr.wikipedia.org/wiki/%C3%87elik,1,"Türkiye#256: Türk ekonomisinin diğer önemli bölümlerini ise , , , , , , ürünleri, , , - ve oluşturmaktadır. 2013 verilerine göre Türkiye'deki sektörel dağılım %8,9 tarım, %27,3 sanayi ve %63,8 hizmet şeklinde olmuştur."
çelik,https://tr.wikipedia.org/wiki/%C3%87elik,1,"Türkiye#256: Türk ekonomisinin diğer önemli bölümlerini ise , , , , , , ürünleri, , , - ve oluşturmaktadır. 2013 verilerine göre Türkiye'deki sektörel dağılım %8,9 tarım, %27,3 sanayi ve %63,8 hizmet şeklinde olmuştur."
makine sanayi,https://tr.wikipedia.org/wiki/Makine_sanayi,1,"Türkiye#256: Türk ekonomisinin diğer önemli bölümlerini ise , , , , , , ürünleri, , , - ve oluşturmaktadır. 2013 verilerine göre Türkiye'deki sektörel dağılım %8,9 tarım, %27,3 sanayi ve %63,8 hizmet şeklinde olmuştur."
makine sanayi,https://tr.wikipedia.org/wiki/Makine_sanayi,1,"Türkiye#256: Türk ekonomisinin diğer önemli bölümlerini ise , , , , , , ürünleri, , , - ve oluşturmaktadır. 2013 verilerine göre Türkiye'deki sektörel dağılım %8,9 tarım, %27,3 sanayi ve %63,8 hizmet şeklinde olmuştur."
Müslümandır,https://tr.wikipedia.org/wiki/M%C3%BCsl%C3%BCman,1,"Türkiye#4: Resmî olarak bir devlet olan Türkiye'de nüfusun çoğunluğu . , Türkiye'nin ve ikinci en kalabalık şehri; ise, Türkiye'nin en kalabalık şehri, ekonomik merkezi ve aynı zamanda 'nın en kalabalık şehridir."
başkenti,https://tr.wikipedia.org/wiki/Ba%C5%9Fkent,1,"Türkiye#4: Resmî olarak bir devlet olan Türkiye'de nüfusun çoğunluğu . , Türkiye'nin ve ikinci en kalabalık şehri; ise, Türkiye'nin en kalabalık şehri, ekonomik merkezi ve aynı zamanda 'nın en kalabalık şehridir."
tarım,https://tr.wikipedia.org/wiki/Tar%C4%B1m,1,Türkiye#257: Bu oranlara rağmen hâlâ daha nüfusun dörtte biri sektöründe çalışmaktadır. 2012 verilerine göre çalışan nüfusun sadece %30'u kadınlardan oluşmaktadır ve bu rakam üyesi ülkeler arasındaki en az orandır.
tarım,https://tr.wikipedia.org/wiki/Tar%C4%B1m,1,Türkiye#257: Bu oranlara rağmen hâlâ daha nüfusun dörtte biri sektöründe çalışmaktadır. 2012 verilerine göre çalışan nüfusun sadece %30'u kadınlardan oluşmaktadır ve bu rakam üyesi ülkeler arasındaki en az orandır.
yatırım,https://tr.wikipedia.org/wiki/Yat%C4%B1r%C4%B1m,1,"Türkiye#260: Türkiye, ekonomisine katkı sağlamak amacıyla 2017 yılında yoluyla vatandaşlık programını başlattı."
yatırım,https://tr.wikipedia.org/wiki/Yat%C4%B1r%C4%B1m,1,"Türkiye#260: Türkiye, ekonomisine katkı sağlamak amacıyla 2017 yılında yoluyla vatandaşlık programını başlattı."
gayrimenkul,https://tr.wikipedia.org/wiki/Gayrimenkul,1,Türkiye#261: Program 400.000 $'lık bir yatırımı karşılığında yabancı yatırımcılara alma imkanı sunuyor.
gayrimenkul,https://tr.wikipedia.org/wiki/Gayrimenkul,1,Türkiye#261: Program 400.000 $'lık bir yatırımı karşılığında yabancı yatırımcılara alma imkanı sunuyor.
vatandaşlık,https://tr.wikipedia.org/wiki/Vatanda%C5%9Fl%C4%B1k,1,Türkiye#261: Program 400.000 $'lık bir yatırımı karşılığında yabancı yatırımcılara alma imkanı sunuyor.
vatandaşlık,https://tr.wikipedia.org/wiki/Vatanda%C5%9Fl%C4%B1k,1,Türkiye#261: Program 400.000 $'lık bir yatırımı karşılığında yabancı yatırımcılara alma imkanı sunuyor.
devletçi,https://tr.wikipedia.org/wiki/Atat%C3%BCrk_%C4%B0lkeleri#Devletçilik,1,"Türkiye#262: ile sonrası ortaya çıkan cumhuriyetin ilk altmış yılında 1923 ve 1983 yılları arasında devlet, sıkı bir yarı- yaklaşımın içinde bulundu; özel sektör katılımı, dış ticaret, döviz akışı ve tutarı gibi konularda çeşitli sınırlamalar konuldu."
devletçi,https://tr.wikipedia.org/wiki/Atat%C3%BCrk_%C4%B0lkeleri#Devletçilik,1,"Türkiye#262: ile sonrası ortaya çıkan cumhuriyetin ilk altmış yılında 1923 ve 1983 yılları arasında devlet, sıkı bir yarı- yaklaşımın içinde bulundu; özel sektör katılımı, dış ticaret, döviz akışı ve tutarı gibi konularda çeşitli sınırlamalar konuldu."
doğrudan yabancı yatırım,https://tr.wikipedia.org/wiki/Do%C4%9Frudan_yabanc%C4%B1_yat%C4%B1r%C4%B1m,1,"Türkiye#262: ile sonrası ortaya çıkan cumhuriyetin ilk altmış yılında 1923 ve 1983 yılları arasında devlet, sıkı bir yarı- yaklaşımın içinde bulundu; özel sektör katılımı, dış ticaret, döviz akışı ve tutarı gibi konularda çeşitli sınırlamalar konuldu."
doğrudan yabancı yatırım,https://tr.wikipedia.org/wiki/Do%C4%9Frudan_yabanc%C4%B1_yat%C4%B1r%C4%B1m,1,"Türkiye#262: ile sonrası ortaya çıkan cumhuriyetin ilk altmış yılında 1923 ve 1983 yılları arasında devlet, sıkı bir yarı- yaklaşımın içinde bulundu; özel sektör katılımı, dış ticaret, döviz akışı ve tutarı gibi konularda çeşitli sınırlamalar konuldu."
Gölcük depremi,https://tr.wikipedia.org/wiki/1999_G%C3%B6lc%C3%BCk_depremi,1,"Türkiye#265: Büyük miktarlarda alınan dış kredilerle birlikte reformlar, hızlı bir ekonomik büyümenin önünü açtı fakat bu büyüme özellikle 1994, 1999 (o yıl gerçekleşen sonrası) ve 2001 yıllarında yaşanan finansal krizler ve durgunluklar sebebiyle sürekli kesintiye uğradı. 1981 ile 2003 yılları arasında ülkenin yıllık GSYİH büyüme ortalaması %4 olarak belirlendi."
Gölcük depremi,https://tr.wikipedia.org/wiki/1999_G%C3%B6lc%C3%BCk_depremi,1,"Türkiye#265: Büyük miktarlarda alınan dış kredilerle birlikte reformlar, hızlı bir ekonomik büyümenin önünü açtı fakat bu büyüme özellikle 1994, 1999 (o yıl gerçekleşen sonrası) ve 2001 yıllarında yaşanan finansal krizler ve durgunluklar sebebiyle sürekli kesintiye uğradı. 1981 ile 2003 yılları arasında ülkenin yıllık GSYİH büyüme ortalaması %4 olarak belirlendi."
makroekonomi,https://tr.wikipedia.org/wiki/Makroekonomi,1,"Türkiye#266: Büyüyen kamu açıkları ve yaygın yolsuzluk ile birlikte ek mali reformların eksikliği, yüksek enflasyon ve zayıf bankacılık sektörü, dalgalanmasının artmasına sebep oldu. 2001 yılındaki kriz sonrası dönemin maliye bakanı tarafından başlatılan reformlardan bu yana, enflasyon tek haneli rakamlara düştü, yatırımcı güveni ile yabancı yatırım arttı, işsizlik oranı geriledi."
makroekonomi,https://tr.wikipedia.org/wiki/Makroekonomi,1,"Türkiye#266: Büyüyen kamu açıkları ve yaygın yolsuzluk ile birlikte ek mali reformların eksikliği, yüksek enflasyon ve zayıf bankacılık sektörü, dalgalanmasının artmasına sebep oldu. 2001 yılındaki kriz sonrası dönemin maliye bakanı tarafından başlatılan reformlardan bu yana, enflasyon tek haneli rakamlara düştü, yatırımcı güveni ile yabancı yatırım arttı, işsizlik oranı geriledi."
Kemal Derviş,https://tr.wikipedia.org/wiki/Kemal_Dervi%C5%9F,1,"Türkiye#266: Büyüyen kamu açıkları ve yaygın yolsuzluk ile birlikte ek mali reformların eksikliği, yüksek enflasyon ve zayıf bankacılık sektörü, dalgalanmasının artmasına sebep oldu. 2001 yılındaki kriz sonrası dönemin maliye bakanı tarafından başlatılan reformlardan bu yana, enflasyon tek haneli rakamlara düştü, yatırımcı güveni ile yabancı yatırım arttı, işsizlik oranı geriledi."
Kemal Derviş,https://tr.wikipedia.org/wiki/Kemal_Dervi%C5%9F,1,"Türkiye#266: Büyüyen kamu açıkları ve yaygın yolsuzluk ile birlikte ek mali reformların eksikliği, yüksek enflasyon ve zayıf bankacılık sektörü, dalgalanmasının artmasına sebep oldu. 2001 yılındaki kriz sonrası dönemin maliye bakanı tarafından başlatılan reformlardan bu yana, enflasyon tek haneli rakamlara düştü, yatırımcı güveni ile yabancı yatırım arttı, işsizlik oranı geriledi."
özelleştirme,https://tr.wikipedia.org/wiki/%C3%96zelle%C5%9Ftirme,1,"Türkiye#267: Türkiye, dış ticaret üzerindeki devlet kontrolünü yavaş yavaş azaltarak ekonomik düzenlemeler yoluyla çeşitli pazarlar açtı, kamuya ait çeşitli kurumları yoluna gitti, birçok sektörün liberalleştirilmesi ile yabancı katılımı ise çeşitli siyasi tartışmalar arasında devam etti. Kamu borçlarının GSYİH'ye oranı, 2001 yılındaki durgunlukta seviyenin altına düşse de, 2010 yılının üçüncü yarısında %46'ya yükseldi. 2002 ve 2007 yılları arasındaki yıllık GSYİH büyüme oranı ise ortalama %6,8 olarak belirlendi; bu rakam Türkiye'yi o yılların en hızlı büyüyen ekonomilerinden biri hâline getirdi."
özelleştirme,https://tr.wikipedia.org/wiki/%C3%96zelle%C5%9Ftirme,1,"Türkiye#267: Türkiye, dış ticaret üzerindeki devlet kontrolünü yavaş yavaş azaltarak ekonomik düzenlemeler yoluyla çeşitli pazarlar açtı, kamuya ait çeşitli kurumları yoluna gitti, birçok sektörün liberalleştirilmesi ile yabancı katılımı ise çeşitli siyasi tartışmalar arasında devam etti. Kamu borçlarının GSYİH'ye oranı, 2001 yılındaki durgunlukta seviyenin altına düşse de, 2010 yılının üçüncü yarısında %46'ya yükseldi. 2002 ve 2007 yılları arasındaki yıllık GSYİH büyüme oranı ise ortalama %6,8 olarak belirlendi; bu rakam Türkiye'yi o yılların en hızlı büyüyen ekonomilerinden biri hâline getirdi."
Türk Lirası,https://tr.wikipedia.org/wiki/T%C3%BCrk_liras%C4%B1,1,"Türkiye#269: 2000'lerin ilk yıllarında ülkedeki yüksek enflasyon kontrol altına alındı ve bu yeni bir para biriminin piyasaya sunulmasına yol açtı; Yeni Türk Lirası, 1 Ocak 2005 tarihinde yürürlüğe girdi. 1 Ocak 2009'da Yeni Türk Lirası, yerini yeni banknot ve madeni paraların tanıtılmasıyla 'na bıraktı. 2012 yılında ülkedeki enflasyon rakamı %6,16, işsizlik oranı ise %9,2 olarak belirlendi."
Türk Lirası,https://tr.wikipedia.org/wiki/T%C3%BCrk_liras%C4%B1,1,"Türkiye#269: 2000'lerin ilk yıllarında ülkedeki yüksek enflasyon kontrol altına alındı ve bu yeni bir para biriminin piyasaya sunulmasına yol açtı; Yeni Türk Lirası, 1 Ocak 2005 tarihinde yürürlüğe girdi. 1 Ocak 2009'da Yeni Türk Lirası, yerini yeni banknot ve madeni paraların tanıtılmasıyla 'na bıraktı. 2012 yılında ülkedeki enflasyon rakamı %6,16, işsizlik oranı ise %9,2 olarak belirlendi."
Fosil yakıtlar,https://tr.wikipedia.org/wiki/Fosil_yak%C4%B1t,1,"Türkiye#270: Elektrik üretimi için kullanılan kaynaklar çeşitlilik gösterir. , toplam kurulu kapasitenin %56,2'sini oluştururken, %0'lık bir paya sahiptir. , toplam kurulu kapasitenin %3,8'ini oluştururken, %8,4'lük bir paya sahiptir."
Fosil yakıtlar,https://tr.wikipedia.org/wiki/Fosil_yak%C4%B1t,1,"Türkiye#270: Elektrik üretimi için kullanılan kaynaklar çeşitlilik gösterir. , toplam kurulu kapasitenin %56,2'sini oluştururken, %0'lık bir paya sahiptir. , toplam kurulu kapasitenin %3,8'ini oluştururken, %8,4'lük bir paya sahiptir."
nükleer enerji,https://tr.wikipedia.org/wiki/N%C3%BCkleer_enerji,1,"Türkiye#270: Elektrik üretimi için kullanılan kaynaklar çeşitlilik gösterir. , toplam kurulu kapasitenin %56,2'sini oluştururken, %0'lık bir paya sahiptir. , toplam kurulu kapasitenin %3,8'ini oluştururken, %8,4'lük bir paya sahiptir."
nükleer enerji,https://tr.wikipedia.org/wiki/N%C3%BCkleer_enerji,1,"Türkiye#270: Elektrik üretimi için kullanılan kaynaklar çeşitlilik gösterir. , toplam kurulu kapasitenin %56,2'sini oluştururken, %0'lık bir paya sahiptir. , toplam kurulu kapasitenin %3,8'ini oluştururken, %8,4'lük bir paya sahiptir."
Güneş enerjisi,https://tr.wikipedia.org/wiki/G%C3%BCne%C5%9F_enerjisi,1,"Türkiye#270: Elektrik üretimi için kullanılan kaynaklar çeşitlilik gösterir. , toplam kurulu kapasitenin %56,2'sini oluştururken, %0'lık bir paya sahiptir. , toplam kurulu kapasitenin %3,8'ini oluştururken, %8,4'lük bir paya sahiptir."
Güneş enerjisi,https://tr.wikipedia.org/wiki/G%C3%BCne%C5%9F_enerjisi,1,"Türkiye#270: Elektrik üretimi için kullanılan kaynaklar çeşitlilik gösterir. , toplam kurulu kapasitenin %56,2'sini oluştururken, %0'lık bir paya sahiptir. , toplam kurulu kapasitenin %3,8'ini oluştururken, %8,4'lük bir paya sahiptir."
rüzgar enerjisi,https://tr.wikipedia.org/wiki/R%C3%BCzg%C3%A2r_g%C3%BCc%C3%BC,1,"Türkiye#270: Elektrik üretimi için kullanılan kaynaklar çeşitlilik gösterir. , toplam kurulu kapasitenin %56,2'sini oluştururken, %0'lık bir paya sahiptir. , toplam kurulu kapasitenin %3,8'ini oluştururken, %8,4'lük bir paya sahiptir."
rüzgar enerjisi,https://tr.wikipedia.org/wiki/R%C3%BCzg%C3%A2r_g%C3%BCc%C3%BC,1,"Türkiye#270: Elektrik üretimi için kullanılan kaynaklar çeşitlilik gösterir. , toplam kurulu kapasitenin %56,2'sini oluştururken, %0'lık bir paya sahiptir. , toplam kurulu kapasitenin %3,8'ini oluştururken, %8,4'lük bir paya sahiptir."
jeotermal enerji,https://tr.wikipedia.org/wiki/Jeotermal_enerji,1,"Türkiye#272: Gelgit ve dalga enerjisi %0,4'lük bir paya sahipken, toplam kurulu kapasitenin %3,4'ünü oluşturur."
jeotermal enerji,https://tr.wikipedia.org/wiki/Jeotermal_enerji,1,"Türkiye#272: Gelgit ve dalga enerjisi %0,4'lük bir paya sahipken, toplam kurulu kapasitenin %3,4'ünü oluşturur."
Türkiye'de turizm,https://tr.wikipedia.org/wiki/T%C3%BCrkiye%27de_turizm,1,"Türkiye#274: , ekonominin önemli bir kısmını teşkil etmektedir ve son yirmi yılda hızlı bir büyüme yakalamıştır. 2024'te 56 milyondan fazla turist tarafından ziyaret edilen Türkiye, 'yı geride bırakarak ülkesi ve 'nın ise üçüncü en büyük turizm destinasyonudur."
Türkiye'de turizm,https://tr.wikipedia.org/wiki/T%C3%BCrkiye%27de_turizm,1,"Türkiye#274: , ekonominin önemli bir kısmını teşkil etmektedir ve son yirmi yılda hızlı bir büyüme yakalamıştır. 2024'te 56 milyondan fazla turist tarafından ziyaret edilen Türkiye, 'yı geride bırakarak ülkesi ve 'nın ise üçüncü en büyük turizm destinasyonudur."
dünyanın en çok ziyaret edilen dördüncü,https://tr.wikipedia.org/wiki/D%C3%BCnya_turizm_s%C4%B1ralamas%C4%B1,1,"Türkiye#274: , ekonominin önemli bir kısmını teşkil etmektedir ve son yirmi yılda hızlı bir büyüme yakalamıştır. 2024'te 56 milyondan fazla turist tarafından ziyaret edilen Türkiye, 'yı geride bırakarak ülkesi ve 'nın ise üçüncü en büyük turizm destinasyonudur."
dünyanın en çok ziyaret edilen dördüncü,https://tr.wikipedia.org/wiki/D%C3%BCnya_turizm_s%C4%B1ralamas%C4%B1,1,"Türkiye#274: , ekonominin önemli bir kısmını teşkil etmektedir ve son yirmi yılda hızlı bir büyüme yakalamıştır. 2024'te 56 milyondan fazla turist tarafından ziyaret edilen Türkiye, 'yı geride bırakarak ülkesi ve 'nın ise üçüncü en büyük turizm destinasyonudur."
UNESCO Dünya Mirası Alanı,https://tr.wikipedia.org/wiki/T%C3%BCrkiye%27deki_D%C3%BCnya_Miraslar%C4%B1_listesi,1,"Türkiye#275: Aynı yıl Türkiye ziyaretçilerden 56.3 milyar $ gelir elde etti. Türkiye, 22 , 79 geçici Dünya Mirasına sahiptir ve bu ülkeyi dünyada en çok kültürel mirasını tescil ettiren 14. ülke konumuna getirdi."
UNESCO Dünya Mirası Alanı,https://tr.wikipedia.org/wiki/T%C3%BCrkiye%27deki_D%C3%BCnya_Miraslar%C4%B1_listesi,1,"Türkiye#275: Aynı yıl Türkiye ziyaretçilerden 56.3 milyar $ gelir elde etti. Türkiye, 22 , 79 geçici Dünya Mirasına sahiptir ve bu ülkeyi dünyada en çok kültürel mirasını tescil ettiren 14. ülke konumuna getirdi."
Mavi Bayraklı plaja,https://tr.wikipedia.org/wiki/Mavi_Bayrak,1,"Türkiye#276: Türkiye, 625 ev sahipliği yaparak ve 'ın ardından dünyada üçüncü sırada yer almaktadır."
Mavi Bayraklı plaja,https://tr.wikipedia.org/wiki/Mavi_Bayrak,1,"Türkiye#276: Türkiye, 625 ev sahipliği yaparak ve 'ın ardından dünyada üçüncü sırada yer almaktadır."
İspanya,https://tr.wikipedia.org/wiki/%C4%B0spanya,1,"Türkiye#276: Türkiye, 625 ev sahipliği yaparak ve 'ın ardından dünyada üçüncü sırada yer almaktadır."
İspanya,https://tr.wikipedia.org/wiki/%C4%B0spanya,1,"Türkiye#276: Türkiye, 625 ev sahipliği yaparak ve 'ın ardından dünyada üçüncü sırada yer almaktadır."
Antalya,https://tr.wikipedia.org/wiki/Antalya,1,"Türkiye#277: Euromonitor International'ın raporuna göre, 2024 yılında dünyanın en çok ziyaret edilen 2. şehri, ""turizm başkenti"" kabul edilen ise Paris ve gibi metropolleri geride bırakarak 6. sırada yer aldı."
Antalya,https://tr.wikipedia.org/wiki/Antalya,1,"Türkiye#277: Euromonitor International'ın raporuna göre, 2024 yılında dünyanın en çok ziyaret edilen 2. şehri, ""turizm başkenti"" kabul edilen ise Paris ve gibi metropolleri geride bırakarak 6. sırada yer aldı."
Dubai,https://tr.wikipedia.org/wiki/Dubai,1,"Türkiye#277: Euromonitor International'ın raporuna göre, 2024 yılında dünyanın en çok ziyaret edilen 2. şehri, ""turizm başkenti"" kabul edilen ise Paris ve gibi metropolleri geride bırakarak 6. sırada yer aldı."
Dubai,https://tr.wikipedia.org/wiki/Dubai,1,"Türkiye#277: Euromonitor International'ın raporuna göre, 2024 yılında dünyanın en çok ziyaret edilen 2. şehri, ""turizm başkenti"" kabul edilen ise Paris ve gibi metropolleri geride bırakarak 6. sırada yer aldı."
Amerikan doları,https://tr.wikipedia.org/wiki/Amerikan_dolar%C4%B1,1,"Türkiye#278: Türkiye, 2023 yılında yaklaşık 1.154 trilyon ile dünyanın en büyük 17. ekonomisi, 'nın ise en büyük 7. ekonomisi olmuştur. 2013 yılında Türkiye'de 22 uluslararası havalimanı olmak üzere 98 havalimanı vardı. 'nın yılda 150 milyon yolcuya hizmet verme kapasitesiyle dünyanın en büyük havalimanı olması planlanıyor. 1933'ten bu yana Türkiye'nin bayrak taşıyıcı havayolu olan 'nın yanı sıra ülkede birçok havayolu şirketi faaliyet göstermektedir. , , ve 'da 315 noktaya tarifeli seferler gerçekleştiriyor ve bu da onu Dünyanın en çok yere sefer yapan havayolu firması yapıyor. ana aktarma merkezi olarak 90 milyon kapasiteli 'nı kullanıyor."
Amerikan doları,https://tr.wikipedia.org/wiki/Amerikan_dolar%C4%B1,1,"Türkiye#278: Türkiye, 2023 yılında yaklaşık 1.154 trilyon ile dünyanın en büyük 17. ekonomisi, 'nın ise en büyük 7. ekonomisi olmuştur. 2013 yılında Türkiye'de 22 uluslararası havalimanı olmak üzere 98 havalimanı vardı. 'nın yılda 150 milyon yolcuya hizmet verme kapasitesiyle dünyanın en büyük havalimanı olması planlanıyor. 1933'ten bu yana Türkiye'nin bayrak taşıyıcı havayolu olan 'nın yanı sıra ülkede birçok havayolu şirketi faaliyet göstermektedir. , , ve 'da 315 noktaya tarifeli seferler gerçekleştiriyor ve bu da onu Dünyanın en çok yere sefer yapan havayolu firması yapıyor. ana aktarma merkezi olarak 90 milyon kapasiteli 'nı kullanıyor."
başkenti,https://tr.wikipedia.org/wiki/Ba%C5%9Fkent,1,"Türkiye#4: Resmî olarak bir devlet olan Türkiye'de nüfusun çoğunluğu . , Türkiye'nin ve ikinci en kalabalık şehri; ise, Türkiye'nin en kalabalık şehri, ekonomik merkezi ve aynı zamanda 'nın en kalabalık şehridir."
Yontma Taş Devri,https://tr.wikipedia.org/wiki/Eski_Ta%C5%9F_%C3%87a%C4%9F%C4%B1,1,"Türkiye#5: Türkiye toprakları üzerinde bulunan ilk yerleşmeler 'nde başlar. 'da olmak üzere, , , ve sonucu 'dan kaçan tarafından kurulan medeniyeti gibi çeşitli eski ardından, kralı 'in egemenliğiyle ve fetihleriyle birlikte başladı."
Yontma Taş Devri,https://tr.wikipedia.org/wiki/Eski_Ta%C5%9F_%C3%87a%C4%9F%C4%B1,1,"Türkiye#5: Türkiye toprakları üzerinde bulunan ilk yerleşmeler 'nde başlar. 'da olmak üzere, , , ve sonucu 'dan kaçan tarafından kurulan medeniyeti gibi çeşitli eski ardından, kralı 'in egemenliğiyle ve fetihleriyle birlikte başladı."
Traklar,https://tr.wikipedia.org/wiki/Traklar,1,"Türkiye#5: Türkiye toprakları üzerinde bulunan ilk yerleşmeler 'nde başlar. 'da olmak üzere, , , ve sonucu 'dan kaçan tarafından kurulan medeniyeti gibi çeşitli eski ardından, kralı 'in egemenliğiyle ve fetihleriyle birlikte başladı."
Traklar,https://tr.wikipedia.org/wiki/Traklar,1,"Türkiye#5: Türkiye toprakları üzerinde bulunan ilk yerleşmeler 'nde başlar. 'da olmak üzere, , , ve sonucu 'dan kaçan tarafından kurulan medeniyeti gibi çeşitli eski ardından, kralı 'in egemenliğiyle ve fetihleriyle birlikte başladı."
Hititler,https://tr.wikipedia.org/wiki/Hititler,1,"Türkiye#5: Türkiye toprakları üzerinde bulunan ilk yerleşmeler 'nde başlar. 'da olmak üzere, , , ve sonucu 'dan kaçan tarafından kurulan medeniyeti gibi çeşitli eski ardından, kralı 'in egemenliğiyle ve fetihleriyle birlikte başladı."
Türkiye Cumhuriyeti Devlet Demiryolları,https://tr.wikipedia.org/wiki/T%C3%BCrkiye_Cumhuriyeti_Devlet_Demiryollar%C4%B1,1,"Türkiye#283: , 12.532 kilometre ray uzunluğu üzerinde hem konvansiyonel hem de yüksek hızlı tren işletmektedir."
Türkiye Cumhuriyeti Devlet Demiryolları,https://tr.wikipedia.org/wiki/T%C3%BCrkiye_Cumhuriyeti_Devlet_Demiryollar%C4%B1,1,"Türkiye#283: , 12.532 kilometre ray uzunluğu üzerinde hem konvansiyonel hem de yüksek hızlı tren işletmektedir."
Marmaray Tüneli,https://tr.wikipedia.org/wiki/Marmaray_T%C3%BCneli,1,"Türkiye#287: 2013 yılında hizmete açılan Boğaziçi'nin altındaki , İstanbul'un Avrupa ve Asya yakasındaki demiryolu ve metro hatlarını birbirine bağlar; yakındaki (2016) ise motorlu taşıtlar için denizaltı bağlantısı sağlıyor."
Marmaray Tüneli,https://tr.wikipedia.org/wiki/Marmaray_T%C3%BCneli,1,"Türkiye#287: 2013 yılında hizmete açılan Boğaziçi'nin altındaki , İstanbul'un Avrupa ve Asya yakasındaki demiryolu ve metro hatlarını birbirine bağlar; yakındaki (2016) ise motorlu taşıtlar için denizaltı bağlantısı sağlıyor."
Avrasya Tüneli,https://tr.wikipedia.org/wiki/Avrasya_T%C3%BCneli,1,"Türkiye#287: 2013 yılında hizmete açılan Boğaziçi'nin altındaki , İstanbul'un Avrupa ve Asya yakasındaki demiryolu ve metro hatlarını birbirine bağlar; yakındaki (2016) ise motorlu taşıtlar için denizaltı bağlantısı sağlıyor."
Avrasya Tüneli,https://tr.wikipedia.org/wiki/Avrasya_T%C3%BCneli,1,"Türkiye#287: 2013 yılında hizmete açılan Boğaziçi'nin altındaki , İstanbul'un Avrupa ve Asya yakasındaki demiryolu ve metro hatlarını birbirine bağlar; yakındaki (2016) ise motorlu taşıtlar için denizaltı bağlantısı sağlıyor."
Metro İstanbul,https://tr.wikipedia.org/wiki/Metro_%C4%B0stanbul,1,"Türkiye#288: , yıllık 495 milyon yolcu sayısı ile ülkedeki en büyük metro ağıdır."
Metro İstanbul,https://tr.wikipedia.org/wiki/Metro_%C4%B0stanbul,1,"Türkiye#288: , yıllık 495 milyon yolcu sayısı ile ülkedeki en büyük metro ağıdır."
15 Temmuz Şehitler Köprüsü,https://tr.wikipedia.org/wiki/15_Temmuz_%C5%9Eehitler_K%C3%B6pr%C3%BCs%C3%BC,1,"Türkiye#290: (1973), (1988) ve (2016), 'nın ve kıyılarını birbirine bağlayan üç asma köprüdür. (2016) 'nin kuzey ve güney kıyılarını birbirine bağlar."
15 Temmuz Şehitler Köprüsü,https://tr.wikipedia.org/wiki/15_Temmuz_%C5%9Eehitler_K%C3%B6pr%C3%BCs%C3%BC,1,"Türkiye#290: (1973), (1988) ve (2016), 'nın ve kıyılarını birbirine bağlayan üç asma köprüdür. (2016) 'nin kuzey ve güney kıyılarını birbirine bağlar."
Fatih Sultan Mehmet Köprüsü,https://tr.wikipedia.org/wiki/Fatih_Sultan_Mehmet_K%C3%B6pr%C3%BCs%C3%BC,1,"Türkiye#290: (1973), (1988) ve (2016), 'nın ve kıyılarını birbirine bağlayan üç asma köprüdür. (2016) 'nin kuzey ve güney kıyılarını birbirine bağlar."
Fatih Sultan Mehmet Köprüsü,https://tr.wikipedia.org/wiki/Fatih_Sultan_Mehmet_K%C3%B6pr%C3%BCs%C3%BC,1,"Türkiye#290: (1973), (1988) ve (2016), 'nın ve kıyılarını birbirine bağlayan üç asma köprüdür. (2016) 'nin kuzey ve güney kıyılarını birbirine bağlar."
Yavuz Sultan Selim Köprüsü,https://tr.wikipedia.org/wiki/Yavuz_Sultan_Selim_K%C3%B6pr%C3%BCs%C3%BC,1,"Türkiye#290: (1973), (1988) ve (2016), 'nın ve kıyılarını birbirine bağlayan üç asma köprüdür. (2016) 'nin kuzey ve güney kıyılarını birbirine bağlar."
Yavuz Sultan Selim Köprüsü,https://tr.wikipedia.org/wiki/Yavuz_Sultan_Selim_K%C3%B6pr%C3%BCs%C3%BC,1,"Türkiye#290: (1973), (1988) ve (2016), 'nın ve kıyılarını birbirine bağlayan üç asma köprüdür. (2016) 'nin kuzey ve güney kıyılarını birbirine bağlar."
Osmangazi Köprüsü,https://tr.wikipedia.org/wiki/Osmangazi_K%C3%B6pr%C3%BCs%C3%BC,1,"Türkiye#290: (1973), (1988) ve (2016), 'nın ve kıyılarını birbirine bağlayan üç asma köprüdür. (2016) 'nin kuzey ve güney kıyılarını birbirine bağlar."
Osmangazi Köprüsü,https://tr.wikipedia.org/wiki/Osmangazi_K%C3%B6pr%C3%BCs%C3%BC,1,"Türkiye#290: (1973), (1988) ve (2016), 'nın ve kıyılarını birbirine bağlayan üç asma köprüdür. (2016) 'nin kuzey ve güney kıyılarını birbirine bağlar."
İzmit Körfezi,https://tr.wikipedia.org/wiki/%C4%B0zmit_K%C3%B6rfezi,1,"Türkiye#290: (1973), (1988) ve (2016), 'nın ve kıyılarını birbirine bağlayan üç asma köprüdür. (2016) 'nin kuzey ve güney kıyılarını birbirine bağlar."
İzmit Körfezi,https://tr.wikipedia.org/wiki/%C4%B0zmit_K%C3%B6rfezi,1,"Türkiye#290: (1973), (1988) ve (2016), 'nın ve kıyılarını birbirine bağlayan üç asma köprüdür. (2016) 'nin kuzey ve güney kıyılarını birbirine bağlar."
1915 Çanakkale Köprüsü,https://tr.wikipedia.org/wiki/1915_%C3%87anakkale_K%C3%B6pr%C3%BCs%C3%BC,1,"Türkiye#291: Avrupa ve Asya'yı birbirine bağlayan üzerindeki , dünyanın en uzun asma köprüsüdür."
1915 Çanakkale Köprüsü,https://tr.wikipedia.org/wiki/1915_%C3%87anakkale_K%C3%B6pr%C3%BCs%C3%BC,1,"Türkiye#291: Avrupa ve Asya'yı birbirine bağlayan üzerindeki , dünyanın en uzun asma köprüsüdür."
Bakü-Tiflis-Ceyhan petrol boru hattı,https://tr.wikipedia.org/wiki/Bak%C3%BC-Tiflis-Ceyhan_Petrol_Boru_Hatt%C4%B1,1,"Türkiye#294: Dünyanın en uzun ikinci petrol boru hattı olan 2005 yılında açıldı. 2018 itibarıyla Türkiye 1700 terawatt saat (TW/h) petrol tüketiyor. yılda birincil enerji, kişi başına 20 megavat saatin (MW/h) biraz üzerinde."
Bakü-Tiflis-Ceyhan petrol boru hattı,https://tr.wikipedia.org/wiki/Bak%C3%BC-Tiflis-Ceyhan_Petrol_Boru_Hatt%C4%B1,1,"Türkiye#294: Dünyanın en uzun ikinci petrol boru hattı olan 2005 yılında açıldı. 2018 itibarıyla Türkiye 1700 terawatt saat (TW/h) petrol tüketiyor. yılda birincil enerji, kişi başına 20 megavat saatin (MW/h) biraz üzerinde."
sera gazı,https://tr.wikipedia.org/wiki/Sera_gazlar%C4%B1,1,"Türkiye#295: Türkiye'nin enerji politikası fosil yakıt ithalatını azaltmayı içermesine rağmen, Türkiye'deki kömür, Türkiye'nin emisyonlarının küresel toplamın %1'ini oluşturmasının en büyük ve tek nedenidir."
sera gazı,https://tr.wikipedia.org/wiki/Sera_gazlar%C4%B1,1,"Türkiye#295: Türkiye'nin enerji politikası fosil yakıt ithalatını azaltmayı içermesine rağmen, Türkiye'deki kömür, Türkiye'nin emisyonlarının küresel toplamın %1'ini oluşturmasının en büyük ve tek nedenidir."
TÜBİTAK,https://tr.wikipedia.org/wiki/T%C3%9CB%C4%B0TAK,1,"Türkiye#299: , politikalarını geliştiren lider kuruluştur. , Türkiye'de bilimsel faaliyetleri teşvik etmek için hareket eden özerk bir bilimsel topluluktur. , Türkiye'nin resmî nükleer enerji kuruluşudur."
TÜBİTAK,https://tr.wikipedia.org/wiki/T%C3%9CB%C4%B0TAK,1,"Türkiye#299: , politikalarını geliştiren lider kuruluştur. , Türkiye'de bilimsel faaliyetleri teşvik etmek için hareket eden özerk bir bilimsel topluluktur. , Türkiye'nin resmî nükleer enerji kuruluşudur."
"Türkiye'de bilim, teknoloji ve inovasyon",https://tr.wikipedia.org/wiki/T%C3%BCrkiye%27de_bilim_ve_teknoloji,1,"Türkiye#299: , politikalarını geliştiren lider kuruluştur. , Türkiye'de bilimsel faaliyetleri teşvik etmek için hareket eden özerk bir bilimsel topluluktur. , Türkiye'nin resmî nükleer enerji kuruluşudur."
"Türkiye'de bilim, teknoloji ve inovasyon",https://tr.wikipedia.org/wiki/T%C3%BCrkiye%27de_bilim_ve_teknoloji,1,"Türkiye#299: , politikalarını geliştiren lider kuruluştur. , Türkiye'de bilimsel faaliyetleri teşvik etmek için hareket eden özerk bir bilimsel topluluktur. , Türkiye'nin resmî nükleer enerji kuruluşudur."
TÜBA,https://tr.wikipedia.org/wiki/T%C3%BCrkiye_Bilimler_Akademisi,1,"Türkiye#299: , politikalarını geliştiren lider kuruluştur. , Türkiye'de bilimsel faaliyetleri teşvik etmek için hareket eden özerk bir bilimsel topluluktur. , Türkiye'nin resmî nükleer enerji kuruluşudur."
TÜBA,https://tr.wikipedia.org/wiki/T%C3%BCrkiye_Bilimler_Akademisi,1,"Türkiye#299: , politikalarını geliştiren lider kuruluştur. , Türkiye'de bilimsel faaliyetleri teşvik etmek için hareket eden özerk bir bilimsel topluluktur. , Türkiye'nin resmî nükleer enerji kuruluşudur."
TAEK,https://tr.wikipedia.org/wiki/T%C3%BCrkiye_Atom_Enerjisi_Kurumu,1,"Türkiye#299: , politikalarını geliştiren lider kuruluştur. , Türkiye'de bilimsel faaliyetleri teşvik etmek için hareket eden özerk bir bilimsel topluluktur. , Türkiye'nin resmî nükleer enerji kuruluşudur."
TAEK,https://tr.wikipedia.org/wiki/T%C3%BCrkiye_Atom_Enerjisi_Kurumu,1,"Türkiye#299: , politikalarını geliştiren lider kuruluştur. , Türkiye'de bilimsel faaliyetleri teşvik etmek için hareket eden özerk bir bilimsel topluluktur. , Türkiye'nin resmî nükleer enerji kuruluşudur."
Askerî teknoloji,https://tr.wikipedia.org/wiki/Asker%C3%AE_teknoloji,1,"Türkiye#301: alanında amacıyla kurulan devlet şirketleri arasında , , , ve bulunmaktadır. (USET), 'na ait ve Türk Havacılık ve Uzay Sanayii (TUSAŞ) tarafından işletilen bir uzay aracı üretim ve test tesisidir. (UFS), Türkiye'nin uydu fırlatma kabiliyetini geliştirmeye yönelik bir projedir."
Askerî teknoloji,https://tr.wikipedia.org/wiki/Asker%C3%AE_teknoloji,1,"Türkiye#301: alanında amacıyla kurulan devlet şirketleri arasında , , , ve bulunmaktadır. (USET), 'na ait ve Türk Havacılık ve Uzay Sanayii (TUSAŞ) tarafından işletilen bir uzay aracı üretim ve test tesisidir. (UFS), Türkiye'nin uydu fırlatma kabiliyetini geliştirmeye yönelik bir projedir."
araştırma ve geliştirme,https://tr.wikipedia.org/wiki/Ara%C5%9Ft%C4%B1rma_ve_geli%C5%9Ftirme,1,"Türkiye#301: alanında amacıyla kurulan devlet şirketleri arasında , , , ve bulunmaktadır. (USET), 'na ait ve Türk Havacılık ve Uzay Sanayii (TUSAŞ) tarafından işletilen bir uzay aracı üretim ve test tesisidir. (UFS), Türkiye'nin uydu fırlatma kabiliyetini geliştirmeye yönelik bir projedir."
araştırma ve geliştirme,https://tr.wikipedia.org/wiki/Ara%C5%9Ft%C4%B1rma_ve_geli%C5%9Ftirme,1,"Türkiye#301: alanında amacıyla kurulan devlet şirketleri arasında , , , ve bulunmaktadır. (USET), 'na ait ve Türk Havacılık ve Uzay Sanayii (TUSAŞ) tarafından işletilen bir uzay aracı üretim ve test tesisidir. (UFS), Türkiye'nin uydu fırlatma kabiliyetini geliştirmeye yönelik bir projedir."
TUSAŞ,https://tr.wikipedia.org/wiki/TUSA%C5%9E,1,"Türkiye#301: alanında amacıyla kurulan devlet şirketleri arasında , , , ve bulunmaktadır. (USET), 'na ait ve Türk Havacılık ve Uzay Sanayii (TUSAŞ) tarafından işletilen bir uzay aracı üretim ve test tesisidir. (UFS), Türkiye'nin uydu fırlatma kabiliyetini geliştirmeye yönelik bir projedir."
TUSAŞ,https://tr.wikipedia.org/wiki/TUSA%C5%9E,1,"Türkiye#301: alanında amacıyla kurulan devlet şirketleri arasında , , , ve bulunmaktadır. (USET), 'na ait ve Türk Havacılık ve Uzay Sanayii (TUSAŞ) tarafından işletilen bir uzay aracı üretim ve test tesisidir. (UFS), Türkiye'nin uydu fırlatma kabiliyetini geliştirmeye yönelik bir projedir."
ASELSAN,https://tr.wikipedia.org/wiki/ASELSAN,1,"Türkiye#301: alanında amacıyla kurulan devlet şirketleri arasında , , , ve bulunmaktadır. (USET), 'na ait ve Türk Havacılık ve Uzay Sanayii (TUSAŞ) tarafından işletilen bir uzay aracı üretim ve test tesisidir. (UFS), Türkiye'nin uydu fırlatma kabiliyetini geliştirmeye yönelik bir projedir."
ASELSAN,https://tr.wikipedia.org/wiki/ASELSAN,1,"Türkiye#301: alanında amacıyla kurulan devlet şirketleri arasında , , , ve bulunmaktadır. (USET), 'na ait ve Türk Havacılık ve Uzay Sanayii (TUSAŞ) tarafından işletilen bir uzay aracı üretim ve test tesisidir. (UFS), Türkiye'nin uydu fırlatma kabiliyetini geliştirmeye yönelik bir projedir."
HAVELSAN,https://tr.wikipedia.org/wiki/HAVELSAN,1,"Türkiye#301: alanında amacıyla kurulan devlet şirketleri arasında , , , ve bulunmaktadır. (USET), 'na ait ve Türk Havacılık ve Uzay Sanayii (TUSAŞ) tarafından işletilen bir uzay aracı üretim ve test tesisidir. (UFS), Türkiye'nin uydu fırlatma kabiliyetini geliştirmeye yönelik bir projedir."
HAVELSAN,https://tr.wikipedia.org/wiki/HAVELSAN,1,"Türkiye#301: alanında amacıyla kurulan devlet şirketleri arasında , , , ve bulunmaktadır. (USET), 'na ait ve Türk Havacılık ve Uzay Sanayii (TUSAŞ) tarafından işletilen bir uzay aracı üretim ve test tesisidir. (UFS), Türkiye'nin uydu fırlatma kabiliyetini geliştirmeye yönelik bir projedir."
ROKETSAN,https://tr.wikipedia.org/wiki/ROKETSAN,1,"Türkiye#301: alanında amacıyla kurulan devlet şirketleri arasında , , , ve bulunmaktadır. (USET), 'na ait ve Türk Havacılık ve Uzay Sanayii (TUSAŞ) tarafından işletilen bir uzay aracı üretim ve test tesisidir. (UFS), Türkiye'nin uydu fırlatma kabiliyetini geliştirmeye yönelik bir projedir."
ROKETSAN,https://tr.wikipedia.org/wiki/ROKETSAN,1,"Türkiye#301: alanında amacıyla kurulan devlet şirketleri arasında , , , ve bulunmaktadır. (USET), 'na ait ve Türk Havacılık ve Uzay Sanayii (TUSAŞ) tarafından işletilen bir uzay aracı üretim ve test tesisidir. (UFS), Türkiye'nin uydu fırlatma kabiliyetini geliştirmeye yönelik bir projedir."
MKE,https://tr.wikipedia.org/wiki/Makine_ve_Kimya_End%C3%BCstrisi,1,"Türkiye#301: alanında amacıyla kurulan devlet şirketleri arasında , , , ve bulunmaktadır. (USET), 'na ait ve Türk Havacılık ve Uzay Sanayii (TUSAŞ) tarafından işletilen bir uzay aracı üretim ve test tesisidir. (UFS), Türkiye'nin uydu fırlatma kabiliyetini geliştirmeye yönelik bir projedir."
MKE,https://tr.wikipedia.org/wiki/Makine_ve_Kimya_End%C3%BCstrisi,1,"Türkiye#301: alanında amacıyla kurulan devlet şirketleri arasında , , , ve bulunmaktadır. (USET), 'na ait ve Türk Havacılık ve Uzay Sanayii (TUSAŞ) tarafından işletilen bir uzay aracı üretim ve test tesisidir. (UFS), Türkiye'nin uydu fırlatma kabiliyetini geliştirmeye yönelik bir projedir."
Türkiye Uzay Sistemleri Entegrasyon ve Test Merkezi,https://tr.wikipedia.org/wiki/Uzay_Sistemleri_Entegrasyon_ve_Test_Merkezi,1,"Türkiye#301: alanında amacıyla kurulan devlet şirketleri arasında , , , ve bulunmaktadır. (USET), 'na ait ve Türk Havacılık ve Uzay Sanayii (TUSAŞ) tarafından işletilen bir uzay aracı üretim ve test tesisidir. (UFS), Türkiye'nin uydu fırlatma kabiliyetini geliştirmeye yönelik bir projedir."
Türkiye Uzay Sistemleri Entegrasyon ve Test Merkezi,https://tr.wikipedia.org/wiki/Uzay_Sistemleri_Entegrasyon_ve_Test_Merkezi,1,"Türkiye#301: alanında amacıyla kurulan devlet şirketleri arasında , , , ve bulunmaktadır. (USET), 'na ait ve Türk Havacılık ve Uzay Sanayii (TUSAŞ) tarafından işletilen bir uzay aracı üretim ve test tesisidir. (UFS), Türkiye'nin uydu fırlatma kabiliyetini geliştirmeye yönelik bir projedir."
Millî Savunma Bakanlığı U:(https://tr.wikipedia.org/wiki/Mill%C3%AE_Savunma_Bakanl%C4%B1%C4%9F%C4%B1_(T%C3%BCrkiye))___ 'na ait ve Türk Havacılık ve Uzay Sanayii (TUSAŞ) tarafından işletilen bir uzay aracı üretim ve test tesisidir. ___E:Uydu Fırlatma Sistemi,https://tr.wikipedia.org/wiki/Uydu_F%C4%B1rlatma_Sistemi,1,"Türkiye#301: alanında amacıyla kurulan devlet şirketleri arasında , , , ve bulunmaktadır. (USET), 'na ait ve Türk Havacılık ve Uzay Sanayii (TUSAŞ) tarafından işletilen bir uzay aracı üretim ve test tesisidir. (UFS), Türkiye'nin uydu fırlatma kabiliyetini geliştirmeye yönelik bir projedir."
Millî Savunma Bakanlığı U:(https://tr.wikipedia.org/wiki/Mill%C3%AE_Savunma_Bakanl%C4%B1%C4%9F%C4%B1_(T%C3%BCrkiye))___ 'na ait ve Türk Havacılık ve Uzay Sanayii (TUSAŞ) tarafından işletilen bir uzay aracı üretim ve test tesisidir. ___E:Uydu Fırlatma Sistemi,https://tr.wikipedia.org/wiki/Uydu_F%C4%B1rlatma_Sistemi,1,"Türkiye#301: alanında amacıyla kurulan devlet şirketleri arasında , , , ve bulunmaktadır. (USET), 'na ait ve Türk Havacılık ve Uzay Sanayii (TUSAŞ) tarafından işletilen bir uzay aracı üretim ve test tesisidir. (UFS), Türkiye'nin uydu fırlatma kabiliyetini geliştirmeye yönelik bir projedir."
uzay üssünün,https://tr.wikipedia.org/wiki/Uzay_%C3%BCss%C3%BC,1,"Türkiye#302: Proje bir inşasından, geliştirilmesinden ve yer istasyonlarının kurulmasından oluşur. , Türkiye'deki tek operatörüdür ve Türksat uydu serisini yörüngeye fırlatmıştır. , ve , Millî Savunma Bakanlığı tarafından işletilen Türkiye'nin keşif amaçlı . ve , tarafından işletilen Dünya gözlem uydularıdır."
uzay üssünün,https://tr.wikipedia.org/wiki/Uzay_%C3%BCss%C3%BC,1,"Türkiye#302: Proje bir inşasından, geliştirilmesinden ve yer istasyonlarının kurulmasından oluşur. , Türkiye'deki tek operatörüdür ve Türksat uydu serisini yörüngeye fırlatmıştır. , ve , Millî Savunma Bakanlığı tarafından işletilen Türkiye'nin keşif amaçlı . ve , tarafından işletilen Dünya gözlem uydularıdır."
uydu fırlatma araçlarının,https://tr.wikipedia.org/wiki/F%C4%B1rlatma_arac%C4%B1,1,"Türkiye#302: Proje bir inşasından, geliştirilmesinden ve yer istasyonlarının kurulmasından oluşur. , Türkiye'deki tek operatörüdür ve Türksat uydu serisini yörüngeye fırlatmıştır. , ve , Millî Savunma Bakanlığı tarafından işletilen Türkiye'nin keşif amaçlı . ve , tarafından işletilen Dünya gözlem uydularıdır."
uydu fırlatma araçlarının,https://tr.wikipedia.org/wiki/F%C4%B1rlatma_arac%C4%B1,1,"Türkiye#302: Proje bir inşasından, geliştirilmesinden ve yer istasyonlarının kurulmasından oluşur. , Türkiye'deki tek operatörüdür ve Türksat uydu serisini yörüngeye fırlatmıştır. , ve , Millî Savunma Bakanlığı tarafından işletilen Türkiye'nin keşif amaçlı . ve , tarafından işletilen Dünya gözlem uydularıdır."
Türksat,https://tr.wikipedia.org/wiki/T%C3%BCrksat,1,"Türkiye#302: Proje bir inşasından, geliştirilmesinden ve yer istasyonlarının kurulmasından oluşur. , Türkiye'deki tek operatörüdür ve Türksat uydu serisini yörüngeye fırlatmıştır. , ve , Millî Savunma Bakanlığı tarafından işletilen Türkiye'nin keşif amaçlı . ve , tarafından işletilen Dünya gözlem uydularıdır."
Türksat,https://tr.wikipedia.org/wiki/T%C3%BCrksat,1,"Türkiye#302: Proje bir inşasından, geliştirilmesinden ve yer istasyonlarının kurulmasından oluşur. , Türkiye'deki tek operatörüdür ve Türksat uydu serisini yörüngeye fırlatmıştır. , ve , Millî Savunma Bakanlığı tarafından işletilen Türkiye'nin keşif amaçlı . ve , tarafından işletilen Dünya gözlem uydularıdır."
haberleşme uydusu,https://tr.wikipedia.org/wiki/Haberle%C5%9Fme_uydusu,1,"Türkiye#302: Proje bir inşasından, geliştirilmesinden ve yer istasyonlarının kurulmasından oluşur. , Türkiye'deki tek operatörüdür ve Türksat uydu serisini yörüngeye fırlatmıştır. , ve , Millî Savunma Bakanlığı tarafından işletilen Türkiye'nin keşif amaçlı . ve , tarafından işletilen Dünya gözlem uydularıdır."
haberleşme uydusu,https://tr.wikipedia.org/wiki/Haberle%C5%9Fme_uydusu,1,"Türkiye#302: Proje bir inşasından, geliştirilmesinden ve yer istasyonlarının kurulmasından oluşur. , Türkiye'deki tek operatörüdür ve Türksat uydu serisini yörüngeye fırlatmıştır. , ve , Millî Savunma Bakanlığı tarafından işletilen Türkiye'nin keşif amaçlı . ve , tarafından işletilen Dünya gözlem uydularıdır."
Göktürk-1,https://tr.wikipedia.org/wiki/G%C3%B6kt%C3%BCrk-1,1,"Türkiye#302: Proje bir inşasından, geliştirilmesinden ve yer istasyonlarının kurulmasından oluşur. , Türkiye'deki tek operatörüdür ve Türksat uydu serisini yörüngeye fırlatmıştır. , ve , Millî Savunma Bakanlığı tarafından işletilen Türkiye'nin keşif amaçlı . ve , tarafından işletilen Dünya gözlem uydularıdır."
Göktürk-1,https://tr.wikipedia.org/wiki/G%C3%B6kt%C3%BCrk-1,1,"Türkiye#302: Proje bir inşasından, geliştirilmesinden ve yer istasyonlarının kurulmasından oluşur. , Türkiye'deki tek operatörüdür ve Türksat uydu serisini yörüngeye fırlatmıştır. , ve , Millî Savunma Bakanlığı tarafından işletilen Türkiye'nin keşif amaçlı . ve , tarafından işletilen Dünya gözlem uydularıdır."
Göktürk-2,https://tr.wikipedia.org/wiki/G%C3%B6kt%C3%BCrk-2,1,"Türkiye#302: Proje bir inşasından, geliştirilmesinden ve yer istasyonlarının kurulmasından oluşur. , Türkiye'deki tek operatörüdür ve Türksat uydu serisini yörüngeye fırlatmıştır. , ve , Millî Savunma Bakanlığı tarafından işletilen Türkiye'nin keşif amaçlı . ve , tarafından işletilen Dünya gözlem uydularıdır."
Göktürk-2,https://tr.wikipedia.org/wiki/G%C3%B6kt%C3%BCrk-2,1,"Türkiye#302: Proje bir inşasından, geliştirilmesinden ve yer istasyonlarının kurulmasından oluşur. , Türkiye'deki tek operatörüdür ve Türksat uydu serisini yörüngeye fırlatmıştır. , ve , Millî Savunma Bakanlığı tarafından işletilen Türkiye'nin keşif amaçlı . ve , tarafından işletilen Dünya gözlem uydularıdır."
Göktürk-3,https://tr.wikipedia.org/wiki/G%C3%B6kt%C3%BCrk-3,1,"Türkiye#302: Proje bir inşasından, geliştirilmesinden ve yer istasyonlarının kurulmasından oluşur. , Türkiye'deki tek operatörüdür ve Türksat uydu serisini yörüngeye fırlatmıştır. , ve , Millî Savunma Bakanlığı tarafından işletilen Türkiye'nin keşif amaçlı . ve , tarafından işletilen Dünya gözlem uydularıdır."
Göktürk-3,https://tr.wikipedia.org/wiki/G%C3%B6kt%C3%BCrk-3,1,"Türkiye#302: Proje bir inşasından, geliştirilmesinden ve yer istasyonlarının kurulmasından oluşur. , Türkiye'deki tek operatörüdür ve Türksat uydu serisini yörüngeye fırlatmıştır. , ve , Millî Savunma Bakanlığı tarafından işletilen Türkiye'nin keşif amaçlı . ve , tarafından işletilen Dünya gözlem uydularıdır."
yer gözlem uydularıdır,https://tr.wikipedia.org/wiki/Yer_g%C3%B6zlem_uydusu,1,"Türkiye#302: Proje bir inşasından, geliştirilmesinden ve yer istasyonlarının kurulmasından oluşur. , Türkiye'deki tek operatörüdür ve Türksat uydu serisini yörüngeye fırlatmıştır. , ve , Millî Savunma Bakanlığı tarafından işletilen Türkiye'nin keşif amaçlı . ve , tarafından işletilen Dünya gözlem uydularıdır."
yer gözlem uydularıdır,https://tr.wikipedia.org/wiki/Yer_g%C3%B6zlem_uydusu,1,"Türkiye#302: Proje bir inşasından, geliştirilmesinden ve yer istasyonlarının kurulmasından oluşur. , Türkiye'deki tek operatörüdür ve Türksat uydu serisini yörüngeye fırlatmıştır. , ve , Millî Savunma Bakanlığı tarafından işletilen Türkiye'nin keşif amaçlı . ve , tarafından işletilen Dünya gözlem uydularıdır."
BİLSAT,https://tr.wikipedia.org/wiki/B%C4%B0LSAT,1,"Türkiye#302: Proje bir inşasından, geliştirilmesinden ve yer istasyonlarının kurulmasından oluşur. , Türkiye'deki tek operatörüdür ve Türksat uydu serisini yörüngeye fırlatmıştır. , ve , Millî Savunma Bakanlığı tarafından işletilen Türkiye'nin keşif amaçlı . ve , tarafından işletilen Dünya gözlem uydularıdır."
BİLSAT,https://tr.wikipedia.org/wiki/B%C4%B0LSAT,1,"Türkiye#302: Proje bir inşasından, geliştirilmesinden ve yer istasyonlarının kurulmasından oluşur. , Türkiye'deki tek operatörüdür ve Türksat uydu serisini yörüngeye fırlatmıştır. , ve , Millî Savunma Bakanlığı tarafından işletilen Türkiye'nin keşif amaçlı . ve , tarafından işletilen Dünya gözlem uydularıdır."
RASAT,https://tr.wikipedia.org/wiki/RASAT,1,"Türkiye#302: Proje bir inşasından, geliştirilmesinden ve yer istasyonlarının kurulmasından oluşur. , Türkiye'deki tek operatörüdür ve Türksat uydu serisini yörüngeye fırlatmıştır. , ve , Millî Savunma Bakanlığı tarafından işletilen Türkiye'nin keşif amaçlı . ve , tarafından işletilen Dünya gözlem uydularıdır."
RASAT,https://tr.wikipedia.org/wiki/RASAT,1,"Türkiye#302: Proje bir inşasından, geliştirilmesinden ve yer istasyonlarının kurulmasından oluşur. , Türkiye'deki tek operatörüdür ve Türksat uydu serisini yörüngeye fırlatmıştır. , ve , Millî Savunma Bakanlığı tarafından işletilen Türkiye'nin keşif amaçlı . ve , tarafından işletilen Dünya gözlem uydularıdır."
TÜBİTAK Uzay Teknolojileri Araştırma Enstitüsü,https://tr.wikipedia.org/wiki/Uzay_Teknolojileri_Ara%C5%9Ft%C4%B1rma_Enstit%C3%BCs%C3%BC,1,"Türkiye#302: Proje bir inşasından, geliştirilmesinden ve yer istasyonlarının kurulmasından oluşur. , Türkiye'deki tek operatörüdür ve Türksat uydu serisini yörüngeye fırlatmıştır. , ve , Millî Savunma Bakanlığı tarafından işletilen Türkiye'nin keşif amaçlı . ve , tarafından işletilen Dünya gözlem uydularıdır."
TÜBİTAK Uzay Teknolojileri Araştırma Enstitüsü,https://tr.wikipedia.org/wiki/Uzay_Teknolojileri_Ara%C5%9Ft%C4%B1rma_Enstit%C3%BCs%C3%BC,1,"Türkiye#302: Proje bir inşasından, geliştirilmesinden ve yer istasyonlarının kurulmasından oluşur. , Türkiye'deki tek operatörüdür ve Türksat uydu serisini yörüngeye fırlatmıştır. , ve , Millî Savunma Bakanlığı tarafından işletilen Türkiye'nin keşif amaçlı . ve , tarafından işletilen Dünya gözlem uydularıdır."
Kuzey Carolina Üniversitesi,"https://tr.wikipedia.org/wiki/Kuzey_Karolina_%C3%9Cniversitesi,_Chapel_Hill",1,"Türkiye#303: 2015 yılında 'nde bir profesör olan , hücrelerin DNA'yı nasıl onardığı konusundaki çalışmaları nedeniyle ve ile birlikte 'nü kazandı."
Kuzey Carolina Üniversitesi,"https://tr.wikipedia.org/wiki/Kuzey_Karolina_%C3%9Cniversitesi,_Chapel_Hill",1,"Türkiye#303: 2015 yılında 'nde bir profesör olan , hücrelerin DNA'yı nasıl onardığı konusundaki çalışmaları nedeniyle ve ile birlikte 'nü kazandı."
Aziz Sancar,https://tr.wikipedia.org/wiki/Aziz_Sancar,1,"Türkiye#303: 2015 yılında 'nde bir profesör olan , hücrelerin DNA'yı nasıl onardığı konusundaki çalışmaları nedeniyle ve ile birlikte 'nü kazandı."
Aziz Sancar,https://tr.wikipedia.org/wiki/Aziz_Sancar,1,"Türkiye#303: 2015 yılında 'nde bir profesör olan , hücrelerin DNA'yı nasıl onardığı konusundaki çalışmaları nedeniyle ve ile birlikte 'nü kazandı."
Tomas Lindahl,https://tr.wikipedia.org/wiki/Tomas_Lindahl,1,"Türkiye#303: 2015 yılında 'nde bir profesör olan , hücrelerin DNA'yı nasıl onardığı konusundaki çalışmaları nedeniyle ve ile birlikte 'nü kazandı."
Tomas Lindahl,https://tr.wikipedia.org/wiki/Tomas_Lindahl,1,"Türkiye#303: 2015 yılında 'nde bir profesör olan , hücrelerin DNA'yı nasıl onardığı konusundaki çalışmaları nedeniyle ve ile birlikte 'nü kazandı."
Paul Modrich,https://tr.wikipedia.org/wiki/Paul_Modrich,1,"Türkiye#303: 2015 yılında 'nde bir profesör olan , hücrelerin DNA'yı nasıl onardığı konusundaki çalışmaları nedeniyle ve ile birlikte 'nü kazandı."
Paul Modrich,https://tr.wikipedia.org/wiki/Paul_Modrich,1,"Türkiye#303: 2015 yılında 'nde bir profesör olan , hücrelerin DNA'yı nasıl onardığı konusundaki çalışmaları nedeniyle ve ile birlikte 'nü kazandı."
Nobel Kimya Ödülü,https://tr.wikipedia.org/wiki/Nobel_Kimya_%C3%96d%C3%BCl%C3%BC,1,"Türkiye#303: 2015 yılında 'nde bir profesör olan , hücrelerin DNA'yı nasıl onardığı konusundaki çalışmaları nedeniyle ve ile birlikte 'nü kazandı."
Nobel Kimya Ödülü,https://tr.wikipedia.org/wiki/Nobel_Kimya_%C3%96d%C3%BCl%C3%BC,1,"Türkiye#303: 2015 yılında 'nde bir profesör olan , hücrelerin DNA'yı nasıl onardığı konusundaki çalışmaları nedeniyle ve ile birlikte 'nü kazandı."
Behçet hastalığını,https://tr.wikipedia.org/wiki/Beh%C3%A7et_hastal%C4%B1%C4%9F%C4%B1,1,Türkiye#304: Diğer Türk bilim adamları arasında keşfeden hekim ve tanımlayan matematikçi yer alıyor.
Behçet hastalığını,https://tr.wikipedia.org/wiki/Beh%C3%A7et_hastal%C4%B1%C4%9F%C4%B1,1,Türkiye#304: Diğer Türk bilim adamları arasında keşfeden hekim ve tanımlayan matematikçi yer alıyor.
Hulusi Behçet,https://tr.wikipedia.org/wiki/Hulusi_Beh%C3%A7et,1,Türkiye#304: Diğer Türk bilim adamları arasında keşfeden hekim ve tanımlayan matematikçi yer alıyor.
Hulusi Behçet,https://tr.wikipedia.org/wiki/Hulusi_Beh%C3%A7et,1,Türkiye#304: Diğer Türk bilim adamları arasında keşfeden hekim ve tanımlayan matematikçi yer alıyor.
Arf değişmezini,https://tr.wikipedia.org/wiki/Arf_de%C4%9Fi%C5%9Fmezi,1,Türkiye#304: Diğer Türk bilim adamları arasında keşfeden hekim ve tanımlayan matematikçi yer alıyor.
Arf değişmezini,https://tr.wikipedia.org/wiki/Arf_de%C4%9Fi%C5%9Fmezi,1,Türkiye#304: Diğer Türk bilim adamları arasında keşfeden hekim ve tanımlayan matematikçi yer alıyor.
Cahit Arf,https://tr.wikipedia.org/wiki/Cahit_Arf,1,Türkiye#304: Diğer Türk bilim adamları arasında keşfeden hekim ve tanımlayan matematikçi yer alıyor.
Cahit Arf,https://tr.wikipedia.org/wiki/Cahit_Arf,1,Türkiye#304: Diğer Türk bilim adamları arasında keşfeden hekim ve tanımlayan matematikçi yer alıyor.
Adrese Dayalı Nüfus Kayıt Sistemi,https://tr.wikipedia.org/wiki/Adrese_Dayal%C4%B1_N%C3%BCfus_Kay%C4%B1t_Sistemi,1,"Türkiye#306: sonucunda elde edilen verilere göre 2024 itibarıyla Türkiye'nin nüfusu 85.664.944'tür. Bu sayı, ilk resmî nüfus sayımının yapıldığı 1927 yılında 13,6 milyondu. 2024 yılındaki nüfus, 2022 yılından 292 bin 567 kişi fazladır ve ülkenin nüfusunun artış oranı binde 3,4'tür. Nüfusun %93'ü il ve ilçe merkezlerinde yaşamaktadır."
Adrese Dayalı Nüfus Kayıt Sistemi,https://tr.wikipedia.org/wiki/Adrese_Dayal%C4%B1_N%C3%BCfus_Kay%C4%B1t_Sistemi,1,"Türkiye#306: sonucunda elde edilen verilere göre 2024 itibarıyla Türkiye'nin nüfusu 85.664.944'tür. Bu sayı, ilk resmî nüfus sayımının yapıldığı 1927 yılında 13,6 milyondu. 2024 yılındaki nüfus, 2022 yılından 292 bin 567 kişi fazladır ve ülkenin nüfusunun artış oranı binde 3,4'tür. Nüfusun %93'ü il ve ilçe merkezlerinde yaşamaktadır."
ortanca yaşı,https://tr.wikipedia.org/wiki/Ortanca_ya%C5%9F,1,"Türkiye#310: Nüfusun 34,4'tür. Önceki yıllarla karşılaştırıldığında Türkiye nüfusunun yaşlandığı görülmektedir."
ortanca yaşı,https://tr.wikipedia.org/wiki/Ortanca_ya%C5%9F,1,"Türkiye#310: Nüfusun 34,4'tür. Önceki yıllarla karşılaştırıldığında Türkiye nüfusunun yaşlandığı görülmektedir."
etnik kökeni,https://tr.wikipedia.org/wiki/Etnik_grup,1,"Türkiye#313: Bu nedenle, Türkiye'de hukukî anlamda Türk sözcüğü, bir ifade etmekten ziyade ülkenin olan herkesi ifade etmektedir."
etnik kökeni,https://tr.wikipedia.org/wiki/Etnik_grup,1,"Türkiye#313: Bu nedenle, Türkiye'de hukukî anlamda Türk sözcüğü, bir ifade etmekten ziyade ülkenin olan herkesi ifade etmektedir."
vatandaşı,https://tr.wikipedia.org/wiki/Vatanda%C5%9Fl%C4%B1k,1,"Türkiye#313: Bu nedenle, Türkiye'de hukukî anlamda Türk sözcüğü, bir ifade etmekten ziyade ülkenin olan herkesi ifade etmektedir."
vatandaşı,https://tr.wikipedia.org/wiki/Vatanda%C5%9Fl%C4%B1k,1,"Türkiye#313: Bu nedenle, Türkiye'de hukukî anlamda Türk sözcüğü, bir ifade etmekten ziyade ülkenin olan herkesi ifade etmektedir."
CIA,https://tr.wikipedia.org/wiki/CIA,1,"Türkiye#314: Ülkenin büyük çoğunluğunun etnik kökeni 'tür. Ülke nüfusundaki Türklerin oranı 'e göre %70-75, Konda'ya göre %76 ve Konsensus'a göre %77'dir. Nüfusun etnik dağılımına ait pek çok veri olmasına rağmen, Türkiye'de yapılan resmî nüfus sayımları etnik kökene ait rakamlar vermediği için resmî veriler mevcut değildir."
CIA,https://tr.wikipedia.org/wiki/CIA,1,"Türkiye#314: Ülkenin büyük çoğunluğunun etnik kökeni 'tür. Ülke nüfusundaki Türklerin oranı 'e göre %70-75, Konda'ya göre %76 ve Konsensus'a göre %77'dir. Nüfusun etnik dağılımına ait pek çok veri olmasına rağmen, Türkiye'de yapılan resmî nüfus sayımları etnik kökene ait rakamlar vermediği için resmî veriler mevcut değildir."
Arnavutlar,https://tr.wikipedia.org/wiki/Arnavutlar,1,"Türkiye#315: Yapılan araştırmalara göre Türkiye'de , , , , , , , , , , ve dâhil olmak üzere pek çok etnik grup yaşasa da, ülkede resmen tanınan azınlıklar sadece , , , ."
Arnavutlar,https://tr.wikipedia.org/wiki/Arnavutlar,1,"Türkiye#315: Yapılan araştırmalara göre Türkiye'de , , , , , , , , , , ve dâhil olmak üzere pek çok etnik grup yaşasa da, ülkede resmen tanınan azınlıklar sadece , , , ."
Azeriler,https://tr.wikipedia.org/wiki/Azeriler,1,"Türkiye#315: Yapılan araştırmalara göre Türkiye'de , , , , , , , , , , ve dâhil olmak üzere pek çok etnik grup yaşasa da, ülkede resmen tanınan azınlıklar sadece , , , ."
Azeriler,https://tr.wikipedia.org/wiki/Azeriler,1,"Türkiye#315: Yapılan araştırmalara göre Türkiye'de , , , , , , , , , , ve dâhil olmak üzere pek çok etnik grup yaşasa da, ülkede resmen tanınan azınlıklar sadece , , , ."
Araplar,https://tr.wikipedia.org/wiki/Araplar,1,"Türkiye#315: Yapılan araştırmalara göre Türkiye'de , , , , , , , , , , ve dâhil olmak üzere pek çok etnik grup yaşasa da, ülkede resmen tanınan azınlıklar sadece , , , ."
Araplar,https://tr.wikipedia.org/wiki/Araplar,1,"Türkiye#315: Yapılan araştırmalara göre Türkiye'de , , , , , , , , , , ve dâhil olmak üzere pek çok etnik grup yaşasa da, ülkede resmen tanınan azınlıklar sadece , , , ."
Boşnaklar,https://tr.wikipedia.org/wiki/Bo%C5%9Fnaklar,1,"Türkiye#315: Yapılan araştırmalara göre Türkiye'de , , , , , , , , , , ve dâhil olmak üzere pek çok etnik grup yaşasa da, ülkede resmen tanınan azınlıklar sadece , , , ."
Boşnaklar,https://tr.wikipedia.org/wiki/Bo%C5%9Fnaklar,1,"Türkiye#315: Yapılan araştırmalara göre Türkiye'de , , , , , , , , , , ve dâhil olmak üzere pek çok etnik grup yaşasa da, ülkede resmen tanınan azınlıklar sadece , , , ."
Çerkesler,https://tr.wikipedia.org/wiki/%C3%87erkesler,1,"Türkiye#315: Yapılan araştırmalara göre Türkiye'de , , , , , , , , , , ve dâhil olmak üzere pek çok etnik grup yaşasa da, ülkede resmen tanınan azınlıklar sadece , , , ."
Çerkesler,https://tr.wikipedia.org/wiki/%C3%87erkesler,1,"Türkiye#315: Yapılan araştırmalara göre Türkiye'de , , , , , , , , , , ve dâhil olmak üzere pek çok etnik grup yaşasa da, ülkede resmen tanınan azınlıklar sadece , , , ."
Çingeneler,https://tr.wikipedia.org/wiki/%C3%87ingeneler,1,"Türkiye#315: Yapılan araştırmalara göre Türkiye'de , , , , , , , , , , ve dâhil olmak üzere pek çok etnik grup yaşasa da, ülkede resmen tanınan azınlıklar sadece , , , ."
Çingeneler,https://tr.wikipedia.org/wiki/%C3%87ingeneler,1,"Türkiye#315: Yapılan araştırmalara göre Türkiye'de , , , , , , , , , , ve dâhil olmak üzere pek çok etnik grup yaşasa da, ülkede resmen tanınan azınlıklar sadece , , , ."
Gürcüler,https://tr.wikipedia.org/wiki/G%C3%BCrc%C3%BCler,1,"Türkiye#315: Yapılan araştırmalara göre Türkiye'de , , , , , , , , , , ve dâhil olmak üzere pek çok etnik grup yaşasa da, ülkede resmen tanınan azınlıklar sadece , , , ."
Gürcüler,https://tr.wikipedia.org/wiki/G%C3%BCrc%C3%BCler,1,"Türkiye#315: Yapılan araştırmalara göre Türkiye'de , , , , , , , , , , ve dâhil olmak üzere pek çok etnik grup yaşasa da, ülkede resmen tanınan azınlıklar sadece , , , ."
Hemşinliler,https://tr.wikipedia.org/wiki/Hem%C5%9Finliler,1,"Türkiye#315: Yapılan araştırmalara göre Türkiye'de , , , , , , , , , , ve dâhil olmak üzere pek çok etnik grup yaşasa da, ülkede resmen tanınan azınlıklar sadece , , , ."
Hemşinliler,https://tr.wikipedia.org/wiki/Hem%C5%9Finliler,1,"Türkiye#315: Yapılan araştırmalara göre Türkiye'de , , , , , , , , , , ve dâhil olmak üzere pek çok etnik grup yaşasa da, ülkede resmen tanınan azınlıklar sadece , , , ."
Lazlar,https://tr.wikipedia.org/wiki/Lazlar,1,"Türkiye#315: Yapılan araştırmalara göre Türkiye'de , , , , , , , , , , ve dâhil olmak üzere pek çok etnik grup yaşasa da, ülkede resmen tanınan azınlıklar sadece , , , ."
Lazlar,https://tr.wikipedia.org/wiki/Lazlar,1,"Türkiye#315: Yapılan araştırmalara göre Türkiye'de , , , , , , , , , , ve dâhil olmak üzere pek çok etnik grup yaşasa da, ülkede resmen tanınan azınlıklar sadece , , , ."
Pomaklar,https://tr.wikipedia.org/wiki/Pomaklar,1,"Türkiye#315: Yapılan araştırmalara göre Türkiye'de , , , , , , , , , , ve dâhil olmak üzere pek çok etnik grup yaşasa da, ülkede resmen tanınan azınlıklar sadece , , , ."
Pomaklar,https://tr.wikipedia.org/wiki/Pomaklar,1,"Türkiye#315: Yapılan araştırmalara göre Türkiye'de , , , , , , , , , , ve dâhil olmak üzere pek çok etnik grup yaşasa da, ülkede resmen tanınan azınlıklar sadece , , , ."
Süryaniler,https://tr.wikipedia.org/wiki/S%C3%BCryaniler,1,"Türkiye#315: Yapılan araştırmalara göre Türkiye'de , , , , , , , , , , ve dâhil olmak üzere pek çok etnik grup yaşasa da, ülkede resmen tanınan azınlıklar sadece , , , ."
Süryaniler,https://tr.wikipedia.org/wiki/S%C3%BCryaniler,1,"Türkiye#315: Yapılan araştırmalara göre Türkiye'de , , , , , , , , , , ve dâhil olmak üzere pek çok etnik grup yaşasa da, ülkede resmen tanınan azınlıklar sadece , , , ."
Zazalar,https://tr.wikipedia.org/wiki/Zazalar,1,"Türkiye#315: Yapılan araştırmalara göre Türkiye'de , , , , , , , , , , ve dâhil olmak üzere pek çok etnik grup yaşasa da, ülkede resmen tanınan azınlıklar sadece , , , ."
Zazalar,https://tr.wikipedia.org/wiki/Zazalar,1,"Türkiye#315: Yapılan araştırmalara göre Türkiye'de , , , , , , , , , , ve dâhil olmak üzere pek çok etnik grup yaşasa da, ülkede resmen tanınan azınlıklar sadece , , , ."
Ermeniler,https://tr.wikipedia.org/wiki/T%C3%BCrkiye_Ermenileri,1,"Türkiye#315: Yapılan araştırmalara göre Türkiye'de , , , , , , , , , , ve dâhil olmak üzere pek çok etnik grup yaşasa da, ülkede resmen tanınan azınlıklar sadece , , , ."
Ermeniler,https://tr.wikipedia.org/wiki/T%C3%BCrkiye_Ermenileri,1,"Türkiye#315: Yapılan araştırmalara göre Türkiye'de , , , , , , , , , , ve dâhil olmak üzere pek çok etnik grup yaşasa da, ülkede resmen tanınan azınlıklar sadece , , , ."
Rumlar,https://tr.wikipedia.org/wiki/Rum,1,"Trabzon#30: Aynı tahrir kayıtlarına göre şehirde yaşayan halkın; %65,16'sı , %19,22'si Müslüman, %12,49'u , %3,13'ü ise Ceneviz ve Venedikliler'in oluşturduğu Latinler'den oluşmaktaydı. | Türkiye#315: Yapılan araştırmalara göre Türkiye'de , , , , , , , , , , ve dâhil olmak üzere pek çok etnik grup yaşasa da, ülkede resmen tanınan azınlıklar sadece , , , ."
Rumlar,https://tr.wikipedia.org/wiki/Rum,1,"Trabzon#30: Aynı tahrir kayıtlarına göre şehirde yaşayan halkın; %65,16'sı , %19,22'si Müslüman, %12,49'u , %3,13'ü ise Ceneviz ve Venedikliler'in oluşturduğu Latinler'den oluşmaktaydı. | Türkiye#315: Yapılan araştırmalara göre Türkiye'de , , , , , , , , , , ve dâhil olmak üzere pek çok etnik grup yaşasa da, ülkede resmen tanınan azınlıklar sadece , , , ."
Bulgarlar,https://tr.wikipedia.org/wiki/T%C3%BCrkiye%27deki_Bulgarlar,1,"Türkiye#315: Yapılan araştırmalara göre Türkiye'de , , , , , , , , , , ve dâhil olmak üzere pek çok etnik grup yaşasa da, ülkede resmen tanınan azınlıklar sadece , , , ."
Bulgarlar,https://tr.wikipedia.org/wiki/T%C3%BCrkiye%27deki_Bulgarlar,1,"Türkiye#315: Yapılan araştırmalara göre Türkiye'de , , , , , , , , , , ve dâhil olmak üzere pek çok etnik grup yaşasa da, ülkede resmen tanınan azınlıklar sadece , , , ."
Yahudilerdir,https://tr.wikipedia.org/wiki/T%C3%BCrkiye%27de_Yahudilik,1,"Türkiye#315: Yapılan araştırmalara göre Türkiye'de , , , , , , , , , , ve dâhil olmak üzere pek çok etnik grup yaşasa da, ülkede resmen tanınan azınlıklar sadece , , , ."
Yahudilerdir,https://tr.wikipedia.org/wiki/T%C3%BCrkiye%27de_Yahudilik,1,"Türkiye#315: Yapılan araştırmalara göre Türkiye'de , , , , , , , , , , ve dâhil olmak üzere pek çok etnik grup yaşasa da, ülkede resmen tanınan azınlıklar sadece , , , ."
Lozan Antlaşmasının,https://tr.wikipedia.org/wiki/Lozan_Antla%C5%9Fmas%C4%B1,1,Türkiye#316: Azınlık statülerini gayrimüslim azınlık hakları çerçevesinde elde etmişlerdir.
Lozan Antlaşmasının,https://tr.wikipedia.org/wiki/Lozan_Antla%C5%9Fmas%C4%B1,1,Türkiye#316: Azınlık statülerini gayrimüslim azınlık hakları çerçevesinde elde etmişlerdir.
Türkiye ile Bulgaristan Arasındaki Dostluk Antlaşması,https://tr.wikipedia.org/wiki/Bulgaristan-T%C3%BCrkiye_Dostluk_Antla%C5%9Fmas%C4%B1,1,"Türkiye#317: Ayrıca Türkiye'deki Bulgarlar'ın azınlık statüsü, uyarınca açıkça belirtilmiştir."
Türkiye ile Bulgaristan Arasındaki Dostluk Antlaşması,https://tr.wikipedia.org/wiki/Bulgaristan-T%C3%BCrkiye_Dostluk_Antla%C5%9Fmas%C4%B1,1,"Türkiye#317: Ayrıca Türkiye'deki Bulgarlar'ın azınlık statüsü, uyarınca açıkça belirtilmiştir."
2012/1746 esas ve 2013/952 kararla,https://tr.wikisource.org/wiki/Beyo%C4%9Flu_S%C3%BCryani_Kadim_Meryemana_Kilisesi_Vakf%C4%B1_2013,1,"Türkiye#318: Ankara 13. İdare Mahkemesi, 18.06.2013 tarih, , ilk kez Lozan'da azınlıklar için tanınan haklardan istifade edebileceği kayıt altına alınmıştır."
2012/1746 esas ve 2013/952 kararla,https://tr.wikisource.org/wiki/Beyo%C4%9Flu_S%C3%BCryani_Kadim_Meryemana_Kilisesi_Vakf%C4%B1_2013,1,"Türkiye#318: Ankara 13. İdare Mahkemesi, 18.06.2013 tarih, , ilk kez Lozan'da azınlıklar için tanınan haklardan istifade edebileceği kayıt altına alınmıştır."
Süryanilerin,https://tr.wikipedia.org/wiki/T%C3%BCrkiye_S%C3%BCryanileri,1,"Türkiye#318: Ankara 13. İdare Mahkemesi, 18.06.2013 tarih, , ilk kez Lozan'da azınlıklar için tanınan haklardan istifade edebileceği kayıt altına alınmıştır."
Süryanilerin,https://tr.wikipedia.org/wiki/T%C3%BCrkiye_S%C3%BCryanileri,1,"Türkiye#318: Ankara 13. İdare Mahkemesi, 18.06.2013 tarih, , ilk kez Lozan'da azınlıklar için tanınan haklardan istifade edebileceği kayıt altına alınmıştır."
Kürtlerdir,https://tr.wikipedia.org/wiki/T%C3%BCrkiye_K%C3%BCrtleri,1,"Türkiye#319: Türklerden sonra, ülkede yaşayan en büyük etnik grup ."
Kürtlerdir,https://tr.wikipedia.org/wiki/T%C3%BCrkiye_K%C3%BCrtleri,1,"Türkiye#319: Türklerden sonra, ülkede yaşayan en büyük etnik grup ."
Bingöl,https://tr.wikipedia.org/wiki/Bing%C3%B6l,1,"Türkiye#320: Kürtlerin nüfus içindeki oranı CIA'e göre %18, Konda'ya göre %15, Konsensus'a göre %14'tür. Kürtler ülkenin doğu ve güneydoğu kısımlarında yoğunlaşmıştır. , , , , , , , , ve illerinde Kürt nüfus çoğunluktadır; bunun yanı sıra 'da %47 ile nüfusun çoğunluğa yakınını ve , ve 'da büyük bir azınlık grubunu oluşturur."
Bingöl,https://tr.wikipedia.org/wiki/Bing%C3%B6l,1,"Türkiye#320: Kürtlerin nüfus içindeki oranı CIA'e göre %18, Konda'ya göre %15, Konsensus'a göre %14'tür. Kürtler ülkenin doğu ve güneydoğu kısımlarında yoğunlaşmıştır. , , , , , , , , ve illerinde Kürt nüfus çoğunluktadır; bunun yanı sıra 'da %47 ile nüfusun çoğunluğa yakınını ve , ve 'da büyük bir azınlık grubunu oluşturur."
Muş,https://tr.wikipedia.org/wiki/Mu%C5%9F,1,"Türkiye#320: Kürtlerin nüfus içindeki oranı CIA'e göre %18, Konda'ya göre %15, Konsensus'a göre %14'tür. Kürtler ülkenin doğu ve güneydoğu kısımlarında yoğunlaşmıştır. , , , , , , , , ve illerinde Kürt nüfus çoğunluktadır; bunun yanı sıra 'da %47 ile nüfusun çoğunluğa yakınını ve , ve 'da büyük bir azınlık grubunu oluşturur."
Hititler,https://tr.wikipedia.org/wiki/Hititler,1,"Türkiye#5: Türkiye toprakları üzerinde bulunan ilk yerleşmeler 'nde başlar. 'da olmak üzere, , , ve sonucu 'dan kaçan tarafından kurulan medeniyeti gibi çeşitli eski ardından, kralı 'in egemenliğiyle ve fetihleriyle birlikte başladı."
Diyarbakır,https://tr.wikipedia.org/wiki/Diyarbak%C4%B1r,1,"Türkiye#320: Kürtlerin nüfus içindeki oranı CIA'e göre %18, Konda'ya göre %15, Konsensus'a göre %14'tür. Kürtler ülkenin doğu ve güneydoğu kısımlarında yoğunlaşmıştır. , , , , , , , , ve illerinde Kürt nüfus çoğunluktadır; bunun yanı sıra 'da %47 ile nüfusun çoğunluğa yakınını ve , ve 'da büyük bir azınlık grubunu oluşturur."
Diyarbakır,https://tr.wikipedia.org/wiki/Diyarbak%C4%B1r,1,"Türkiye#320: Kürtlerin nüfus içindeki oranı CIA'e göre %18, Konda'ya göre %15, Konsensus'a göre %14'tür. Kürtler ülkenin doğu ve güneydoğu kısımlarında yoğunlaşmıştır. , , , , , , , , ve illerinde Kürt nüfus çoğunluktadır; bunun yanı sıra 'da %47 ile nüfusun çoğunluğa yakınını ve , ve 'da büyük bir azınlık grubunu oluşturur."
Batman,https://tr.wikipedia.org/wiki/Batman,1,"Türkiye#320: Kürtlerin nüfus içindeki oranı CIA'e göre %18, Konda'ya göre %15, Konsensus'a göre %14'tür. Kürtler ülkenin doğu ve güneydoğu kısımlarında yoğunlaşmıştır. , , , , , , , , ve illerinde Kürt nüfus çoğunluktadır; bunun yanı sıra 'da %47 ile nüfusun çoğunluğa yakınını ve , ve 'da büyük bir azınlık grubunu oluşturur."
Batman,https://tr.wikipedia.org/wiki/Batman,1,"Türkiye#320: Kürtlerin nüfus içindeki oranı CIA'e göre %18, Konda'ya göre %15, Konsensus'a göre %14'tür. Kürtler ülkenin doğu ve güneydoğu kısımlarında yoğunlaşmıştır. , , , , , , , , ve illerinde Kürt nüfus çoğunluktadır; bunun yanı sıra 'da %47 ile nüfusun çoğunluğa yakınını ve , ve 'da büyük bir azınlık grubunu oluşturur."
Şırnak,https://tr.wikipedia.org/wiki/%C5%9E%C4%B1rnak,1,"Türkiye#320: Kürtlerin nüfus içindeki oranı CIA'e göre %18, Konda'ya göre %15, Konsensus'a göre %14'tür. Kürtler ülkenin doğu ve güneydoğu kısımlarında yoğunlaşmıştır. , , , , , , , , ve illerinde Kürt nüfus çoğunluktadır; bunun yanı sıra 'da %47 ile nüfusun çoğunluğa yakınını ve , ve 'da büyük bir azınlık grubunu oluşturur."
Şırnak,https://tr.wikipedia.org/wiki/%C5%9E%C4%B1rnak,1,"Türkiye#320: Kürtlerin nüfus içindeki oranı CIA'e göre %18, Konda'ya göre %15, Konsensus'a göre %14'tür. Kürtler ülkenin doğu ve güneydoğu kısımlarında yoğunlaşmıştır. , , , , , , , , ve illerinde Kürt nüfus çoğunluktadır; bunun yanı sıra 'da %47 ile nüfusun çoğunluğa yakınını ve , ve 'da büyük bir azınlık grubunu oluşturur."
Bitlis,https://tr.wikipedia.org/wiki/Bitlis,1,"Türkiye#320: Kürtlerin nüfus içindeki oranı CIA'e göre %18, Konda'ya göre %15, Konsensus'a göre %14'tür. Kürtler ülkenin doğu ve güneydoğu kısımlarında yoğunlaşmıştır. , , , , , , , , ve illerinde Kürt nüfus çoğunluktadır; bunun yanı sıra 'da %47 ile nüfusun çoğunluğa yakınını ve , ve 'da büyük bir azınlık grubunu oluşturur."
Bitlis,https://tr.wikipedia.org/wiki/Bitlis,1,"Türkiye#320: Kürtlerin nüfus içindeki oranı CIA'e göre %18, Konda'ya göre %15, Konsensus'a göre %14'tür. Kürtler ülkenin doğu ve güneydoğu kısımlarında yoğunlaşmıştır. , , , , , , , , ve illerinde Kürt nüfus çoğunluktadır; bunun yanı sıra 'da %47 ile nüfusun çoğunluğa yakınını ve , ve 'da büyük bir azınlık grubunu oluşturur."
Mardin,https://tr.wikipedia.org/wiki/Mardin,1,"Türkiye#320: Kürtlerin nüfus içindeki oranı CIA'e göre %18, Konda'ya göre %15, Konsensus'a göre %14'tür. Kürtler ülkenin doğu ve güneydoğu kısımlarında yoğunlaşmıştır. , , , , , , , , ve illerinde Kürt nüfus çoğunluktadır; bunun yanı sıra 'da %47 ile nüfusun çoğunluğa yakınını ve , ve 'da büyük bir azınlık grubunu oluşturur."
Mardin,https://tr.wikipedia.org/wiki/Mardin,1,"Türkiye#320: Kürtlerin nüfus içindeki oranı CIA'e göre %18, Konda'ya göre %15, Konsensus'a göre %14'tür. Kürtler ülkenin doğu ve güneydoğu kısımlarında yoğunlaşmıştır. , , , , , , , , ve illerinde Kürt nüfus çoğunluktadır; bunun yanı sıra 'da %47 ile nüfusun çoğunluğa yakınını ve , ve 'da büyük bir azınlık grubunu oluşturur."
Siirt,https://tr.wikipedia.org/wiki/Siirt,1,"Türkiye#320: Kürtlerin nüfus içindeki oranı CIA'e göre %18, Konda'ya göre %15, Konsensus'a göre %14'tür. Kürtler ülkenin doğu ve güneydoğu kısımlarında yoğunlaşmıştır. , , , , , , , , ve illerinde Kürt nüfus çoğunluktadır; bunun yanı sıra 'da %47 ile nüfusun çoğunluğa yakınını ve , ve 'da büyük bir azınlık grubunu oluşturur."
Siirt,https://tr.wikipedia.org/wiki/Siirt,1,"Türkiye#320: Kürtlerin nüfus içindeki oranı CIA'e göre %18, Konda'ya göre %15, Konsensus'a göre %14'tür. Kürtler ülkenin doğu ve güneydoğu kısımlarında yoğunlaşmıştır. , , , , , , , , ve illerinde Kürt nüfus çoğunluktadır; bunun yanı sıra 'da %47 ile nüfusun çoğunluğa yakınını ve , ve 'da büyük bir azınlık grubunu oluşturur."
Hakkâri,https://tr.wikipedia.org/wiki/Hakk%C3%A2ri,1,"Türkiye#320: Kürtlerin nüfus içindeki oranı CIA'e göre %18, Konda'ya göre %15, Konsensus'a göre %14'tür. Kürtler ülkenin doğu ve güneydoğu kısımlarında yoğunlaşmıştır. , , , , , , , , ve illerinde Kürt nüfus çoğunluktadır; bunun yanı sıra 'da %47 ile nüfusun çoğunluğa yakınını ve , ve 'da büyük bir azınlık grubunu oluşturur."
Hakkâri,https://tr.wikipedia.org/wiki/Hakk%C3%A2ri,1,"Türkiye#320: Kürtlerin nüfus içindeki oranı CIA'e göre %18, Konda'ya göre %15, Konsensus'a göre %14'tür. Kürtler ülkenin doğu ve güneydoğu kısımlarında yoğunlaşmıştır. , , , , , , , , ve illerinde Kürt nüfus çoğunluktadır; bunun yanı sıra 'da %47 ile nüfusun çoğunluğa yakınını ve , ve 'da büyük bir azınlık grubunu oluşturur."
Şanlıurfa,https://tr.wikipedia.org/wiki/%C5%9Eanl%C4%B1urfa,1,"Türkiye#320: Kürtlerin nüfus içindeki oranı CIA'e göre %18, Konda'ya göre %15, Konsensus'a göre %14'tür. Kürtler ülkenin doğu ve güneydoğu kısımlarında yoğunlaşmıştır. , , , , , , , , ve illerinde Kürt nüfus çoğunluktadır; bunun yanı sıra 'da %47 ile nüfusun çoğunluğa yakınını ve , ve 'da büyük bir azınlık grubunu oluşturur."
Şanlıurfa,https://tr.wikipedia.org/wiki/%C5%9Eanl%C4%B1urfa,1,"Türkiye#320: Kürtlerin nüfus içindeki oranı CIA'e göre %18, Konda'ya göre %15, Konsensus'a göre %14'tür. Kürtler ülkenin doğu ve güneydoğu kısımlarında yoğunlaşmıştır. , , , , , , , , ve illerinde Kürt nüfus çoğunluktadır; bunun yanı sıra 'da %47 ile nüfusun çoğunluğa yakınını ve , ve 'da büyük bir azınlık grubunu oluşturur."
Ağrı,https://tr.wikipedia.org/wiki/A%C4%9Fr%C4%B1,1,"Türkiye#320: Kürtlerin nüfus içindeki oranı CIA'e göre %18, Konda'ya göre %15, Konsensus'a göre %14'tür. Kürtler ülkenin doğu ve güneydoğu kısımlarında yoğunlaşmıştır. , , , , , , , , ve illerinde Kürt nüfus çoğunluktadır; bunun yanı sıra 'da %47 ile nüfusun çoğunluğa yakınını ve , ve 'da büyük bir azınlık grubunu oluşturur."
Ağrı,https://tr.wikipedia.org/wiki/A%C4%9Fr%C4%B1,1,"Türkiye#320: Kürtlerin nüfus içindeki oranı CIA'e göre %18, Konda'ya göre %15, Konsensus'a göre %14'tür. Kürtler ülkenin doğu ve güneydoğu kısımlarında yoğunlaşmıştır. , , , , , , , , ve illerinde Kürt nüfus çoğunluktadır; bunun yanı sıra 'da %47 ile nüfusun çoğunluğa yakınını ve , ve 'da büyük bir azınlık grubunu oluşturur."
Kars,https://tr.wikipedia.org/wiki/Kars,1,"Türkiye#320: Kürtlerin nüfus içindeki oranı CIA'e göre %18, Konda'ya göre %15, Konsensus'a göre %14'tür. Kürtler ülkenin doğu ve güneydoğu kısımlarında yoğunlaşmıştır. , , , , , , , , ve illerinde Kürt nüfus çoğunluktadır; bunun yanı sıra 'da %47 ile nüfusun çoğunluğa yakınını ve , ve 'da büyük bir azınlık grubunu oluşturur."
Kars,https://tr.wikipedia.org/wiki/Kars,1,"Türkiye#320: Kürtlerin nüfus içindeki oranı CIA'e göre %18, Konda'ya göre %15, Konsensus'a göre %14'tür. Kürtler ülkenin doğu ve güneydoğu kısımlarında yoğunlaşmıştır. , , , , , , , , ve illerinde Kürt nüfus çoğunluktadır; bunun yanı sıra 'da %47 ile nüfusun çoğunluğa yakınını ve , ve 'da büyük bir azınlık grubunu oluşturur."
Iğdır,https://tr.wikipedia.org/wiki/I%C4%9Fd%C4%B1r,1,"Türkiye#320: Kürtlerin nüfus içindeki oranı CIA'e göre %18, Konda'ya göre %15, Konsensus'a göre %14'tür. Kürtler ülkenin doğu ve güneydoğu kısımlarında yoğunlaşmıştır. , , , , , , , , ve illerinde Kürt nüfus çoğunluktadır; bunun yanı sıra 'da %47 ile nüfusun çoğunluğa yakınını ve , ve 'da büyük bir azınlık grubunu oluşturur."
Iğdır,https://tr.wikipedia.org/wiki/I%C4%9Fd%C4%B1r,1,"Türkiye#320: Kürtlerin nüfus içindeki oranı CIA'e göre %18, Konda'ya göre %15, Konsensus'a göre %14'tür. Kürtler ülkenin doğu ve güneydoğu kısımlarında yoğunlaşmıştır. , , , , , , , , ve illerinde Kürt nüfus çoğunluktadır; bunun yanı sıra 'da %47 ile nüfusun çoğunluğa yakınını ve , ve 'da büyük bir azınlık grubunu oluşturur."
Frigler,https://tr.wikipedia.org/wiki/Frigler,1,"Türkiye#5: Türkiye toprakları üzerinde bulunan ilk yerleşmeler 'nde başlar. 'da olmak üzere, , , ve sonucu 'dan kaçan tarafından kurulan medeniyeti gibi çeşitli eski ardından, kralı 'in egemenliğiyle ve fetihleriyle birlikte başladı."
Frigler,https://tr.wikipedia.org/wiki/Frigler,1,"Türkiye#5: Türkiye toprakları üzerinde bulunan ilk yerleşmeler 'nde başlar. 'da olmak üzere, , , ve sonucu 'dan kaçan tarafından kurulan medeniyeti gibi çeşitli eski ardından, kralı 'in egemenliğiyle ve fetihleriyle birlikte başladı."
Kürtçe,https://tr.wikipedia.org/wiki/K%C3%BCrt%C3%A7e,1,"Türkiye#326: Nüfusun yaklaşık %12'si ise ana dil olarak konuşmaktadır. ve ana dil olarak konuşanların oranı da %1'den fazladır, bunun yanı sıra çeşitli bölgelerde küçük bir kesim tarafından ana dil olarak konuşulan diller de mevcuttur."
Kürtçe,https://tr.wikipedia.org/wiki/K%C3%BCrt%C3%A7e,1,"Türkiye#326: Nüfusun yaklaşık %12'si ise ana dil olarak konuşmaktadır. ve ana dil olarak konuşanların oranı da %1'den fazladır, bunun yanı sıra çeşitli bölgelerde küçük bir kesim tarafından ana dil olarak konuşulan diller de mevcuttur."
Arapça,https://tr.wikipedia.org/wiki/Arap%C3%A7a,1,"Türkiye#326: Nüfusun yaklaşık %12'si ise ana dil olarak konuşmaktadır. ve ana dil olarak konuşanların oranı da %1'den fazladır, bunun yanı sıra çeşitli bölgelerde küçük bir kesim tarafından ana dil olarak konuşulan diller de mevcuttur."
Arapça,https://tr.wikipedia.org/wiki/Arap%C3%A7a,1,"Türkiye#326: Nüfusun yaklaşık %12'si ise ana dil olarak konuşmaktadır. ve ana dil olarak konuşanların oranı da %1'den fazladır, bunun yanı sıra çeşitli bölgelerde küçük bir kesim tarafından ana dil olarak konuşulan diller de mevcuttur."
Zazacayı,https://tr.wikipedia.org/wiki/Zazaca,1,"Türkiye#326: Nüfusun yaklaşık %12'si ise ana dil olarak konuşmaktadır. ve ana dil olarak konuşanların oranı da %1'den fazladır, bunun yanı sıra çeşitli bölgelerde küçük bir kesim tarafından ana dil olarak konuşulan diller de mevcuttur."
Zazacayı,https://tr.wikipedia.org/wiki/Zazaca,1,"Türkiye#326: Nüfusun yaklaşık %12'si ise ana dil olarak konuşmaktadır. ve ana dil olarak konuşanların oranı da %1'den fazladır, bunun yanı sıra çeşitli bölgelerde küçük bir kesim tarafından ana dil olarak konuşulan diller de mevcuttur."
Türkiye'de konuşulan dillerden,https://tr.wikipedia.org/wiki/T%C3%BCrkiye%27de_konu%C5%9Fulan_diller,1,Türkiye#327: Ayrıca bazıları tehlike altındadır.
Türkiye'de konuşulan dillerden,https://tr.wikipedia.org/wiki/T%C3%BCrkiye%27de_konu%C5%9Fulan_diller,1,Türkiye#327: Ayrıca bazıları tehlike altındadır.
Abazaca,https://tr.wikipedia.org/wiki/Abazaca,1,"Türkiye#328: Bunlara , , , , , , , , , , , , ve örnek verilebilir."
Abazaca,https://tr.wikipedia.org/wiki/Abazaca,1,"Türkiye#328: Bunlara , , , , , , , , , , , , ve örnek verilebilir."
Abhazca,https://tr.wikipedia.org/wiki/Abhazca,1,"Türkiye#328: Bunlara , , , , , , , , , , , , ve örnek verilebilir."
Abhazca,https://tr.wikipedia.org/wiki/Abhazca,1,"Türkiye#328: Bunlara , , , , , , , , , , , , ve örnek verilebilir."
Batı Ermenicesi,https://tr.wikipedia.org/wiki/Bat%C4%B1_Ermenicesi,1,"Türkiye#328: Bunlara , , , , , , , , , , , , ve örnek verilebilir."
Batı Ermenicesi,https://tr.wikipedia.org/wiki/Bat%C4%B1_Ermenicesi,1,"Türkiye#328: Bunlara , , , , , , , , , , , , ve örnek verilebilir."
Çerkesçe,https://tr.wikipedia.org/wiki/%C3%87erkes_dilleri,1,"Türkiye#328: Bunlara , , , , , , , , , , , , ve örnek verilebilir."
Çerkesçe,https://tr.wikipedia.org/wiki/%C3%87erkes_dilleri,1,"Türkiye#328: Bunlara , , , , , , , , , , , , ve örnek verilebilir."
Çingenece,https://tr.wikipedia.org/wiki/%C3%87ingenece,1,"Türkiye#328: Bunlara , , , , , , , , , , , , ve örnek verilebilir."
Çingenece,https://tr.wikipedia.org/wiki/%C3%87ingenece,1,"Türkiye#328: Bunlara , , , , , , , , , , , , ve örnek verilebilir."
Doğu Çerkesçesi,https://tr.wikipedia.org/wiki/Kabardeyce,1,"Türkiye#328: Bunlara , , , , , , , , , , , , ve örnek verilebilir."
Doğu Çerkesçesi,https://tr.wikipedia.org/wiki/Kabardeyce,1,"Türkiye#328: Bunlara , , , , , , , , , , , , ve örnek verilebilir."
Hemşince,https://tr.wikipedia.org/wiki/Hem%C5%9Fince,1,"Türkiye#328: Bunlara , , , , , , , , , , , , ve örnek verilebilir."
Hemşince,https://tr.wikipedia.org/wiki/Hem%C5%9Fince,1,"Türkiye#328: Bunlara , , , , , , , , , , , , ve örnek verilebilir."
Hertevince,https://tr.wikipedia.org/wiki/Hertevince,1,"Türkiye#328: Bunlara , , , , , , , , , , , , ve örnek verilebilir."
Hertevince,https://tr.wikipedia.org/wiki/Hertevince,1,"Türkiye#328: Bunlara , , , , , , , , , , , , ve örnek verilebilir."
Kapadokya Yunancası,https://tr.wikipedia.org/wiki/Kapadokya_Rumcas%C4%B1,1,"Türkiye#328: Bunlara , , , , , , , , , , , , ve örnek verilebilir."
Kapadokya Yunancası,https://tr.wikipedia.org/wiki/Kapadokya_Rumcas%C4%B1,1,"Türkiye#328: Bunlara , , , , , , , , , , , , ve örnek verilebilir."
Lazca,https://tr.wikipedia.org/wiki/Lazca,1,"Türkiye#328: Bunlara , , , , , , , , , , , , ve örnek verilebilir."
Lazca,https://tr.wikipedia.org/wiki/Lazca,1,"Türkiye#328: Bunlara , , , , , , , , , , , , ve örnek verilebilir."
Pontus Rumcası,https://tr.wikipedia.org/wiki/Pontus_Rumcas%C4%B1,1,"Trabzon#6: Şehir tarih boyunca : طربزون, : Τραπεζοῦς, : Trapezus, : Տրապիզոնի, : Trabisonda, : Τραπεζούντα Trapezounta ve Lazca: T'rapuzani ya da T'amtra olarak adlandırılmıştır. | Trabzon#66: Ufak bir kısmı ise konuşmaktadır. | Türkiye#328: Bunlara , , , , , , , , , , , , ve örnek verilebilir."
Pontus Rumcası,https://tr.wikipedia.org/wiki/Pontus_Rumcas%C4%B1,1,"Trabzon#6: Şehir tarih boyunca : طربزون, : Τραπεζοῦς, : Trapezus, : Տրապիզոնի, : Trabisonda, : Τραπεζούντα Trapezounta ve Lazca: T'rapuzani ya da T'amtra olarak adlandırılmıştır. | Trabzon#66: Ufak bir kısmı ise konuşmaktadır. | Türkiye#328: Bunlara , , , , , , , , , , , , ve örnek verilebilir."
Ubıhça,https://tr.wikipedia.org/wiki/Ub%C4%B1h%C3%A7a,1,"Türkiye#328: Bunlara , , , , , , , , , , , , ve örnek verilebilir."
Ubıhça,https://tr.wikipedia.org/wiki/Ub%C4%B1h%C3%A7a,1,"Türkiye#328: Bunlara , , , , , , , , , , , , ve örnek verilebilir."
Yahudi İspanyolcası,https://tr.wikipedia.org/wiki/Yahudi_%C4%B0spanyolcas%C4%B1,1,"Türkiye#328: Bunlara , , , , , , , , , , , , ve örnek verilebilir."
Yahudi İspanyolcası,https://tr.wikipedia.org/wiki/Yahudi_%C4%B0spanyolcas%C4%B1,1,"Türkiye#328: Bunlara , , , , , , , , , , , , ve örnek verilebilir."
Zazaca,https://tr.wikipedia.org/wiki/Zazaca,1,"Türkiye#328: Bunlara , , , , , , , , , , , , ve örnek verilebilir."
Zazaca,https://tr.wikipedia.org/wiki/Zazaca,1,"Türkiye#328: Bunlara , , , , , , , , , , , , ve örnek verilebilir."
Körfez Savaşı,https://tr.wikipedia.org/wiki/K%C3%B6rfez_Sava%C5%9F%C4%B1,1,Türkiye#329: 1991'deki sırasında milyonlarca Kürt dağlardan Türkiye'ye ve İran'ın Kürt bölgelerine kaçtı.
Körfez Savaşı,https://tr.wikipedia.org/wiki/K%C3%B6rfez_Sava%C5%9F%C4%B1,1,Türkiye#329: 1991'deki sırasında milyonlarca Kürt dağlardan Türkiye'ye ve İran'ın Kürt bölgelerine kaçtı.
2010'larda ve 2020'lerin başında Türkiye'de yaşanan göçmen krizi,https://tr.wikipedia.org/wiki/T%C3%BCrkiye_g%C3%B6%C3%A7men_krizi,1,"Türkiye#330: Türkiye'ye göç, insanların ülkede ikamet etmek için Türkiye'ye göç ettikleri süreçtir. , milyonlarca mülteci ve göçmenin akınına neden oldu; 2014 itibarıyla, uluslararası göçmenler ülke nüfusunun %2,5'ini oluşturuyordu."
2010'larda ve 2020'lerin başında Türkiye'de yaşanan göçmen krizi,https://tr.wikipedia.org/wiki/T%C3%BCrkiye_g%C3%B6%C3%A7men_krizi,1,"Türkiye#330: Türkiye'ye göç, insanların ülkede ikamet etmek için Türkiye'ye göç ettikleri süreçtir. , milyonlarca mülteci ve göçmenin akınına neden oldu; 2014 itibarıyla, uluslararası göçmenler ülke nüfusunun %2,5'ini oluşturuyordu."
Orta Doğu'dan,https://tr.wikipedia.org/wiki/Orta_Do%C4%9Fu,1,"Türkiye#331: UNHCR'ye göre 2018'de Türkiye, ve toplam 3.564.919 kayıtlı mülteciye ev sahipliği yaptı ve bu, dünyadaki tüm mültecilerin %63,4'üne tekabül ediyor. 2020 itibarıyla resmî olarak 3,6 milyondan fazla ile dünyanın en çok Suriyeli mülteci barındıran ülkesi oldu. Türkiye'deki mülteci krizini yönetiyor."
Orta Doğu'dan,https://tr.wikipedia.org/wiki/Orta_Do%C4%9Fu,1,"Türkiye#331: UNHCR'ye göre 2018'de Türkiye, ve toplam 3.564.919 kayıtlı mülteciye ev sahipliği yaptı ve bu, dünyadaki tüm mültecilerin %63,4'üne tekabül ediyor. 2020 itibarıyla resmî olarak 3,6 milyondan fazla ile dünyanın en çok Suriyeli mülteci barındıran ülkesi oldu. Türkiye'deki mülteci krizini yönetiyor."
Suriyeli mülteci,https://tr.wikipedia.org/wiki/Suriye_%C4%B0%C3%A7_Sava%C5%9F%C4%B1%27nda_m%C3%BClteciler,1,"Türkiye#331: UNHCR'ye göre 2018'de Türkiye, ve toplam 3.564.919 kayıtlı mülteciye ev sahipliği yaptı ve bu, dünyadaki tüm mültecilerin %63,4'üne tekabül ediyor. 2020 itibarıyla resmî olarak 3,6 milyondan fazla ile dünyanın en çok Suriyeli mülteci barındıran ülkesi oldu. Türkiye'deki mülteci krizini yönetiyor."
Suriyeli mülteci,https://tr.wikipedia.org/wiki/Suriye_%C4%B0%C3%A7_Sava%C5%9F%C4%B1%27nda_m%C3%BClteciler,1,"Türkiye#331: UNHCR'ye göre 2018'de Türkiye, ve toplam 3.564.919 kayıtlı mülteciye ev sahipliği yaptı ve bu, dünyadaki tüm mültecilerin %63,4'üne tekabül ediyor. 2020 itibarıyla resmî olarak 3,6 milyondan fazla ile dünyanın en çok Suriyeli mülteci barındıran ülkesi oldu. Türkiye'deki mülteci krizini yönetiyor."
Afet ve Acil Durum Yönetimi Başkanlığı,https://tr.wikipedia.org/wiki/Afet_ve_Acil_Durum_Y%C3%B6netimi_Ba%C5%9Fkanl%C4%B1%C4%9F%C4%B1,1,"Türkiye#331: UNHCR'ye göre 2018'de Türkiye, ve toplam 3.564.919 kayıtlı mülteciye ev sahipliği yaptı ve bu, dünyadaki tüm mültecilerin %63,4'üne tekabül ediyor. 2020 itibarıyla resmî olarak 3,6 milyondan fazla ile dünyanın en çok Suriyeli mülteci barındıran ülkesi oldu. Türkiye'deki mülteci krizini yönetiyor."
Afet ve Acil Durum Yönetimi Başkanlığı,https://tr.wikipedia.org/wiki/Afet_ve_Acil_Durum_Y%C3%B6netimi_Ba%C5%9Fkanl%C4%B1%C4%9F%C4%B1,1,"Türkiye#331: UNHCR'ye göre 2018'de Türkiye, ve toplam 3.564.919 kayıtlı mülteciye ev sahipliği yaptı ve bu, dünyadaki tüm mültecilerin %63,4'üne tekabül ediyor. 2020 itibarıyla resmî olarak 3,6 milyondan fazla ile dünyanın en çok Suriyeli mülteci barındıran ülkesi oldu. Türkiye'deki mülteci krizini yönetiyor."
resmî dini,https://tr.wikipedia.org/wiki/Devlet_dini,1,"Türkiye#332: Türkiye, olmayan . , ülkenin anayasasıyla güvence altına alınmıştır."
resmî dini,https://tr.wikipedia.org/wiki/Devlet_dini,1,"Türkiye#332: Türkiye, olmayan . , ülkenin anayasasıyla güvence altına alınmıştır."
laik bir devlettir,https://tr.wikipedia.org/wiki/Sek%C3%BCler_devlet,1,"Türkiye#332: Türkiye, olmayan . , ülkenin anayasasıyla güvence altına alınmıştır."
laik bir devlettir,https://tr.wikipedia.org/wiki/Sek%C3%BCler_devlet,1,"Türkiye#332: Türkiye, olmayan . , ülkenin anayasasıyla güvence altına alınmıştır."
Din ve vicdan özgürlüğü,https://tr.wikipedia.org/wiki/Din_%C3%B6zg%C3%BCrl%C3%BC%C4%9F%C3%BC,1,"Türkiye#332: Türkiye, olmayan . , ülkenin anayasasıyla güvence altına alınmıştır."
Din ve vicdan özgürlüğü,https://tr.wikipedia.org/wiki/Din_%C3%B6zg%C3%BCrl%C3%BC%C4%9F%C3%BC,1,"Türkiye#332: Türkiye, olmayan . , ülkenin anayasasıyla güvence altına alınmıştır."
İslami siyaset sembolü,https://tr.wikipedia.org/wiki/%C4%B0slam%27da_siyasi_mezhepler,1,Türkiye#334: Ülkede kamu kurumlarında ve okullarda uzun yıllar boyunca olarak görüldüğü için .
İslami siyaset sembolü,https://tr.wikipedia.org/wiki/%C4%B0slam%27da_siyasi_mezhepler,1,Türkiye#334: Ülkede kamu kurumlarında ve okullarda uzun yıllar boyunca olarak görüldüğü için .
başörtüsü takılması yasaklandı,https://tr.wikipedia.org/wiki/T%C3%BCrkiye%27de_ba%C5%9F%C3%B6rt%C3%BCs%C3%BC_yasa%C4%9F%C4%B1,1,Türkiye#334: Ülkede kamu kurumlarında ve okullarda uzun yıllar boyunca olarak görüldüğü için .
başörtüsü takılması yasaklandı,https://tr.wikipedia.org/wiki/T%C3%BCrkiye%27de_ba%C5%9F%C3%B6rt%C3%BCs%C3%BC_yasa%C4%9F%C4%B1,1,Türkiye#334: Ülkede kamu kurumlarında ve okullarda uzun yıllar boyunca olarak görüldüğü için .
İslam'dır,https://tr.wikipedia.org/wiki/%C4%B0slam,1,Türkiye#336: Türkiye'de baskın din .
İslam'dır,https://tr.wikipedia.org/wiki/%C4%B0slam,1,Türkiye#336: Türkiye'de baskın din .
Sünnilik,https://tr.wikipedia.org/wiki/S%C3%BCnnilik,1,Türkiye#337: Yaygın mezhep ise mezheplerinden biri olan .
Sünnilik,https://tr.wikipedia.org/wiki/S%C3%BCnnilik,1,Türkiye#337: Yaygın mezhep ise mezheplerinden biri olan .
Hanefiliktir,https://tr.wikipedia.org/wiki/Hanefilik,1,Türkiye#337: Yaygın mezhep ise mezheplerinden biri olan .
Hanefiliktir,https://tr.wikipedia.org/wiki/Hanefilik,1,Türkiye#337: Yaygın mezhep ise mezheplerinden biri olan .
Diyanet İşleri Başkanlığı,https://tr.wikipedia.org/wiki/Diyanet_%C4%B0%C5%9Fleri_Ba%C5%9Fkanl%C4%B1%C4%9F%C4%B1,1,Türkiye#338: Ülkedeki en yüksek İslami makam 'dır ve Hanefi mezhebinin kurallarına göre dini yorumlar.
Diyanet İşleri Başkanlığı,https://tr.wikipedia.org/wiki/Diyanet_%C4%B0%C5%9Fleri_Ba%C5%9Fkanl%C4%B1%C4%9F%C4%B1,1,Türkiye#338: Ülkedeki en yüksek İslami makam 'dır ve Hanefi mezhebinin kurallarına göre dini yorumlar.
imamlardan,https://tr.wikipedia.org/wiki/%C4%B0mam,1,Türkiye#339: Ülke topraklarındaki 90.000'i aşkın kayıtlı camiden ve buralarda görevli da sorumludur.
imamlardan,https://tr.wikipedia.org/wiki/%C4%B0mam,1,Türkiye#339: Ülke topraklarındaki 90.000'i aşkın kayıtlı camiden ve buralarda görevli da sorumludur.
Alevilik,https://tr.wikipedia.org/wiki/Alevilik,1,Türkiye#340: Ayrıca ülkede de yer yer yaygındır ve akademisyenler Alevi sayısının 15-20 milyon arasında olduğunu öne sürmektedir.
Alevilik,https://tr.wikipedia.org/wiki/Alevilik,1,Türkiye#340: Ayrıca ülkede de yer yer yaygındır ve akademisyenler Alevi sayısının 15-20 milyon arasında olduğunu öne sürmektedir.
Türkiye'de Hristiyanların,https://tr.wikipedia.org/wiki/T%C3%BCrkiye%27de_Hristiyanl%C4%B1k,1,"Türkiye#341: oranı 1914'te %25-20 iken 1927'de %5-3'e geriledi ve bugün %0,4-0,3 arasında değişmektedir."
Türkiye'de Hristiyanların,https://tr.wikipedia.org/wiki/T%C3%BCrkiye%27de_Hristiyanl%C4%B1k,1,"Türkiye#341: oranı 1914'te %25-20 iken 1927'de %5-3'e geriledi ve bugün %0,4-0,3 arasında değişmektedir."
Rum Ortodoksluğu,https://tr.wikipedia.org/wiki/%C4%B0stanbul_Rum_Ortodoks_Patrikhanesi,1,"Türkiye#342: Günümüzde ülkede , , ve dâhil olmak üzere çeşitli mezheplerden birçok bulunmaktadır ve bu sayı yaklaşık olarak Türkiye'nin nüfusunun %0,3'ü kadardır."
Rum Ortodoksluğu,https://tr.wikipedia.org/wiki/%C4%B0stanbul_Rum_Ortodoks_Patrikhanesi,1,"Türkiye#342: Günümüzde ülkede , , ve dâhil olmak üzere çeşitli mezheplerden birçok bulunmaktadır ve bu sayı yaklaşık olarak Türkiye'nin nüfusunun %0,3'ü kadardır."
Katoliklik,https://tr.wikipedia.org/wiki/Katolik_Kilisesi,1,"Türkiye#342: Günümüzde ülkede , , ve dâhil olmak üzere çeşitli mezheplerden birçok bulunmaktadır ve bu sayı yaklaşık olarak Türkiye'nin nüfusunun %0,3'ü kadardır."
Katoliklik,https://tr.wikipedia.org/wiki/Katolik_Kilisesi,1,"Türkiye#342: Günümüzde ülkede , , ve dâhil olmak üzere çeşitli mezheplerden birçok bulunmaktadır ve bu sayı yaklaşık olarak Türkiye'nin nüfusunun %0,3'ü kadardır."
Protestanlık,https://tr.wikipedia.org/wiki/Protestanl%C4%B1k,1,"Türkiye#342: Günümüzde ülkede , , ve dâhil olmak üzere çeşitli mezheplerden birçok bulunmaktadır ve bu sayı yaklaşık olarak Türkiye'nin nüfusunun %0,3'ü kadardır."
Protestanlık,https://tr.wikipedia.org/wiki/Protestanl%C4%B1k,1,"Türkiye#342: Günümüzde ülkede , , ve dâhil olmak üzere çeşitli mezheplerden birçok bulunmaktadır ve bu sayı yaklaşık olarak Türkiye'nin nüfusunun %0,3'ü kadardır."
Mormonluk,https://tr.wikipedia.org/wiki/Mormonluk,1,"Türkiye#342: Günümüzde ülkede , , ve dâhil olmak üzere çeşitli mezheplerden birçok bulunmaktadır ve bu sayı yaklaşık olarak Türkiye'nin nüfusunun %0,3'ü kadardır."
Mormonluk,https://tr.wikipedia.org/wiki/Mormonluk,1,"Türkiye#342: Günümüzde ülkede , , ve dâhil olmak üzere çeşitli mezheplerden birçok bulunmaktadır ve bu sayı yaklaşık olarak Türkiye'nin nüfusunun %0,3'ü kadardır."
Hristiyan,https://tr.wikipedia.org/wiki/Hristiyanl%C4%B1k,1,"Trabzon#45: I. Dünya Savaşı sırasında 17 gemilik Rus donanması tarafından topa tutulan, 1916-1918 yılları Rus işgaline uğrayan kentin Rum nüfusu, savaşın bitiminden sonra ile Yunanistan'a gönderilmiştir. | Türkiye#342: Günümüzde ülkede , , ve dâhil olmak üzere çeşitli mezheplerden birçok bulunmaktadır ve bu sayı yaklaşık olarak Türkiye'nin nüfusunun %0,3'ü kadardır."
Hristiyan,https://tr.wikipedia.org/wiki/Hristiyanl%C4%B1k,1,"Trabzon#45: I. Dünya Savaşı sırasında 17 gemilik Rus donanması tarafından topa tutulan, 1916-1918 yılları Rus işgaline uğrayan kentin Rum nüfusu, savaşın bitiminden sonra ile Yunanistan'a gönderilmiştir. | Türkiye#342: Günümüzde ülkede , , ve dâhil olmak üzere çeşitli mezheplerden birçok bulunmaktadır ve bu sayı yaklaşık olarak Türkiye'nin nüfusunun %0,3'ü kadardır."
Doğu Ortodoks Kilisesi,https://tr.wikipedia.org/wiki/Do%C4%9Fu_Ortodoks_Kilisesi,1,"Türkiye#343: Ülkede açık olan kilise sayısı ise 398'dir. İstanbul, 4. yüzyıldan bu yana 'nin ."
Doğu Ortodoks Kilisesi,https://tr.wikipedia.org/wiki/Do%C4%9Fu_Ortodoks_Kilisesi,1,"Türkiye#343: Ülkede açık olan kilise sayısı ise 398'dir. İstanbul, 4. yüzyıldan bu yana 'nin ."
merkezi konumundadır,https://tr.wikipedia.org/wiki/%C4%B0stanbul_Rum_Ortodoks_Patrikhanesi,1,"Türkiye#343: Ülkede açık olan kilise sayısı ise 398'dir. İstanbul, 4. yüzyıldan bu yana 'nin ."
merkezi konumundadır,https://tr.wikipedia.org/wiki/%C4%B0stanbul_Rum_Ortodoks_Patrikhanesi,1,"Türkiye#343: Ülkede açık olan kilise sayısı ise 398'dir. İstanbul, 4. yüzyıldan bu yana 'nin ."
Sefarad,https://tr.wikipedia.org/wiki/Sefarad_Yahudileri,1,"Türkiye#344: Türkiye'de, çoğu kökenli olan 15.000 yaşamaktadır."
Sefarad,https://tr.wikipedia.org/wiki/Sefarad_Yahudileri,1,"Türkiye#344: Türkiye'de, çoğu kökenli olan 15.000 yaşamaktadır."
Yahudi,https://tr.wikipedia.org/wiki/T%C3%BCrkiye%27de_Yahudilik,1,"Türkiye#344: Türkiye'de, çoğu kökenli olan 15.000 yaşamaktadır."
Yahudi,https://tr.wikipedia.org/wiki/T%C3%BCrkiye%27de_Yahudilik,1,"Türkiye#344: Türkiye'de, çoğu kökenli olan 15.000 yaşamaktadır."
Yahudi toplulukları,https://tr.wikipedia.org/wiki/Romanyot,1,"Türkiye#345: MÖ 5. yüzyıldan itibaren Anadolu topraklarında yaşamaya başladı ve yirmi yüzyıl sonra, 15. yüzyıl sonlarında birlikte , bu Yahudilerin günümüzdeki Türkiye topraklarına yerleşmesine izin verdi."
Yahudi toplulukları,https://tr.wikipedia.org/wiki/Romanyot,1,"Türkiye#345: MÖ 5. yüzyıldan itibaren Anadolu topraklarında yaşamaya başladı ve yirmi yüzyıl sonra, 15. yüzyıl sonlarında birlikte , bu Yahudilerin günümüzdeki Türkiye topraklarına yerleşmesine izin verdi."
İspanyol ve Portekiz Yahudilerinin,https://tr.wikipedia.org/wiki/Sefarad_Yahudileri,1,"Türkiye#345: MÖ 5. yüzyıldan itibaren Anadolu topraklarında yaşamaya başladı ve yirmi yüzyıl sonra, 15. yüzyıl sonlarında birlikte , bu Yahudilerin günümüzdeki Türkiye topraklarına yerleşmesine izin verdi."
İspanyol ve Portekiz Yahudilerinin,https://tr.wikipedia.org/wiki/Sefarad_Yahudileri,1,"Türkiye#345: MÖ 5. yüzyıldan itibaren Anadolu topraklarında yaşamaya başladı ve yirmi yüzyıl sonra, 15. yüzyıl sonlarında birlikte , bu Yahudilerin günümüzdeki Türkiye topraklarına yerleşmesine izin verdi."
İspanya'dan kovulmasıyla,https://tr.wikipedia.org/wiki/Elhamra_Kararnamesi,1,"Türkiye#345: MÖ 5. yüzyıldan itibaren Anadolu topraklarında yaşamaya başladı ve yirmi yüzyıl sonra, 15. yüzyıl sonlarında birlikte , bu Yahudilerin günümüzdeki Türkiye topraklarına yerleşmesine izin verdi."
İspanya'dan kovulmasıyla,https://tr.wikipedia.org/wiki/Elhamra_Kararnamesi,1,"Türkiye#345: MÖ 5. yüzyıldan itibaren Anadolu topraklarında yaşamaya başladı ve yirmi yüzyıl sonra, 15. yüzyıl sonlarında birlikte , bu Yahudilerin günümüzdeki Türkiye topraklarına yerleşmesine izin verdi."
20. yüzyıldaki göçlere rağmen,https://tr.wikipedia.org/wiki/Aliyah,1,"Türkiye#346: Böylece Anadolu'daki Yahudi nüfusu arttı. , bugün hâlâ küçük bir Yahudi nüfusu Türkiye'de bulunmaktadır."
20. yüzyıldaki göçlere rağmen,https://tr.wikipedia.org/wiki/Aliyah,1,"Türkiye#346: Böylece Anadolu'daki Yahudi nüfusu arttı. , bugün hâlâ küçük bir Yahudi nüfusu Türkiye'de bulunmaktadır."
"Millî Eğitim Bakanlığı U:(https://tr.wikipedia.org/wiki/Mill%C3%AE_E%C4%9Fitim_Bakanl%C4%B1%C4%9F%C4%B1_(T%C3%BCrkiye))___ 'nın denetimindedir. 4 yıl ilkokul, 4 yıl ortaokul ve 4 yıl lise olmak üzere toplam 12 yıllık eğitim zorunludur. ___E:OECD",https://tr.wikipedia.org/wiki/OECD,1,"Türkiye#347: Türkiye'de üniversite öncesi eğitim 'nın denetimindedir. 4 yıl ilkokul, 4 yıl ortaokul ve 4 yıl lise olmak üzere toplam 12 yıllık eğitim zorunludur. raporlarına göre ülkede liseyi tamamlamayan 25-34 yaş grubuna dâhil kişiler, liseyi tamamlayan aynı yaş grubundan iş arkadaşlarının elde ettiği gelirin ortalama olarak sadece %80'ini almaktadırlar."
"Millî Eğitim Bakanlığı U:(https://tr.wikipedia.org/wiki/Mill%C3%AE_E%C4%9Fitim_Bakanl%C4%B1%C4%9F%C4%B1_(T%C3%BCrkiye))___ 'nın denetimindedir. 4 yıl ilkokul, 4 yıl ortaokul ve 4 yıl lise olmak üzere toplam 12 yıllık eğitim zorunludur. ___E:OECD",https://tr.wikipedia.org/wiki/OECD,1,"Türkiye#347: Türkiye'de üniversite öncesi eğitim 'nın denetimindedir. 4 yıl ilkokul, 4 yıl ortaokul ve 4 yıl lise olmak üzere toplam 12 yıllık eğitim zorunludur. raporlarına göre ülkede liseyi tamamlamayan 25-34 yaş grubuna dâhil kişiler, liseyi tamamlayan aynı yaş grubundan iş arkadaşlarının elde ettiği gelirin ortalama olarak sadece %80'ini almaktadırlar."
PISA,https://tr.wikipedia.org/wiki/Uluslararas%C4%B1_%C3%96%C4%9Frenci_De%C4%9Ferlendirme_Program%C4%B1,1,"Türkiye#349: Türkiye, OECD'nin programında 34 ülke arasında 32. sırada yer alır. Yüksek kalitedeki liselere giriş, büyük ölçüde ülke genelinde yapılan öğrenci yerleştirme sınavlarından alınan puana bağlıdır, bu yüzden ülkedeki özel ders alma yaşı 10'a kadar düşmüştür."
PISA,https://tr.wikipedia.org/wiki/Uluslararas%C4%B1_%C3%96%C4%9Frenci_De%C4%9Ferlendirme_Program%C4%B1,1,"Türkiye#349: Türkiye, OECD'nin programında 34 ülke arasında 32. sırada yer alır. Yüksek kalitedeki liselere giriş, büyük ölçüde ülke genelinde yapılan öğrenci yerleştirme sınavlarından alınan puana bağlıdır, bu yüzden ülkedeki özel ders alma yaşı 10'a kadar düşmüştür."
Türkiye'deki üniversite sayısı,https://tr.wikipedia.org/wiki/T%C3%BCrkiye%27deki_%C3%BCniversiteler_listesi,1,"Türkiye#351: 2019 itibarıyla 208'dir. Öğrenciler, iki oturumlu (YKS) sonucunda aldıkları puanlarla üniversiteye geçiş hakkı kazanır. Açıköğretim Fakültesi dışındaki tüm fakültelere giriş, lise mezunlarının YKS sonucuna bağlı olarak şekillenir. 2025 Türkiye'den ilk 200'e giren üniversite yoktur; en yüksek sıralamalı üniversiteler, 300-500 aralığında yer alan üç üniversite olan , ve ."
Türkiye'deki üniversite sayısı,https://tr.wikipedia.org/wiki/T%C3%BCrkiye%27deki_%C3%BCniversiteler_listesi,1,"Türkiye#351: 2019 itibarıyla 208'dir. Öğrenciler, iki oturumlu (YKS) sonucunda aldıkları puanlarla üniversiteye geçiş hakkı kazanır. Açıköğretim Fakültesi dışındaki tüm fakültelere giriş, lise mezunlarının YKS sonucuna bağlı olarak şekillenir. 2025 Türkiye'den ilk 200'e giren üniversite yoktur; en yüksek sıralamalı üniversiteler, 300-500 aralığında yer alan üç üniversite olan , ve ."
Yükseköğretim Kurumları Sınavı,https://tr.wikipedia.org/wiki/Y%C3%BCksek%C3%B6%C4%9Fretim_Kurumlar%C4%B1_S%C4%B1nav%C4%B1,1,"Türkiye#351: 2019 itibarıyla 208'dir. Öğrenciler, iki oturumlu (YKS) sonucunda aldıkları puanlarla üniversiteye geçiş hakkı kazanır. Açıköğretim Fakültesi dışındaki tüm fakültelere giriş, lise mezunlarının YKS sonucuna bağlı olarak şekillenir. 2025 Türkiye'den ilk 200'e giren üniversite yoktur; en yüksek sıralamalı üniversiteler, 300-500 aralığında yer alan üç üniversite olan , ve ."
Yükseköğretim Kurumları Sınavı,https://tr.wikipedia.org/wiki/Y%C3%BCksek%C3%B6%C4%9Fretim_Kurumlar%C4%B1_S%C4%B1nav%C4%B1,1,"Türkiye#351: 2019 itibarıyla 208'dir. Öğrenciler, iki oturumlu (YKS) sonucunda aldıkları puanlarla üniversiteye geçiş hakkı kazanır. Açıköğretim Fakültesi dışındaki tüm fakültelere giriş, lise mezunlarının YKS sonucuna bağlı olarak şekillenir. 2025 Türkiye'den ilk 200'e giren üniversite yoktur; en yüksek sıralamalı üniversiteler, 300-500 aralığında yer alan üç üniversite olan , ve ."
Anadolu Üniversitesinin,https://tr.wikipedia.org/wiki/Anadolu_%C3%9Cniversitesi,1,"Türkiye#351: 2019 itibarıyla 208'dir. Öğrenciler, iki oturumlu (YKS) sonucunda aldıkları puanlarla üniversiteye geçiş hakkı kazanır. Açıköğretim Fakültesi dışındaki tüm fakültelere giriş, lise mezunlarının YKS sonucuna bağlı olarak şekillenir. 2025 Türkiye'den ilk 200'e giren üniversite yoktur; en yüksek sıralamalı üniversiteler, 300-500 aralığında yer alan üç üniversite olan , ve ."
Anadolu Üniversitesinin,https://tr.wikipedia.org/wiki/Anadolu_%C3%9Cniversitesi,1,"Türkiye#351: 2019 itibarıyla 208'dir. Öğrenciler, iki oturumlu (YKS) sonucunda aldıkları puanlarla üniversiteye geçiş hakkı kazanır. Açıköğretim Fakültesi dışındaki tüm fakültelere giriş, lise mezunlarının YKS sonucuna bağlı olarak şekillenir. 2025 Türkiye'den ilk 200'e giren üniversite yoktur; en yüksek sıralamalı üniversiteler, 300-500 aralığında yer alan üç üniversite olan , ve ."
Times Higher Education Dünya Üniversiteler sıralamasında,https://tr.wikipedia.org/wiki/Times_Higher_Education_D%C3%BCnya_%C3%9Cniversiteler_s%C4%B1ralamas%C4%B1,1,"Türkiye#351: 2019 itibarıyla 208'dir. Öğrenciler, iki oturumlu (YKS) sonucunda aldıkları puanlarla üniversiteye geçiş hakkı kazanır. Açıköğretim Fakültesi dışındaki tüm fakültelere giriş, lise mezunlarının YKS sonucuna bağlı olarak şekillenir. 2025 Türkiye'den ilk 200'e giren üniversite yoktur; en yüksek sıralamalı üniversiteler, 300-500 aralığında yer alan üç üniversite olan , ve ."
Times Higher Education Dünya Üniversiteler sıralamasında,https://tr.wikipedia.org/wiki/Times_Higher_Education_D%C3%BCnya_%C3%9Cniversiteler_s%C4%B1ralamas%C4%B1,1,"Türkiye#351: 2019 itibarıyla 208'dir. Öğrenciler, iki oturumlu (YKS) sonucunda aldıkları puanlarla üniversiteye geçiş hakkı kazanır. Açıköğretim Fakültesi dışındaki tüm fakültelere giriş, lise mezunlarının YKS sonucuna bağlı olarak şekillenir. 2025 Türkiye'den ilk 200'e giren üniversite yoktur; en yüksek sıralamalı üniversiteler, 300-500 aralığında yer alan üç üniversite olan , ve ."
Koç Üniversitesi,https://tr.wikipedia.org/wiki/Ko%C3%A7_%C3%9Cniversitesi,1,"Türkiye#351: 2019 itibarıyla 208'dir. Öğrenciler, iki oturumlu (YKS) sonucunda aldıkları puanlarla üniversiteye geçiş hakkı kazanır. Açıköğretim Fakültesi dışındaki tüm fakültelere giriş, lise mezunlarının YKS sonucuna bağlı olarak şekillenir. 2025 Türkiye'den ilk 200'e giren üniversite yoktur; en yüksek sıralamalı üniversiteler, 300-500 aralığında yer alan üç üniversite olan , ve ."
Koç Üniversitesi,https://tr.wikipedia.org/wiki/Ko%C3%A7_%C3%9Cniversitesi,1,"Türkiye#351: 2019 itibarıyla 208'dir. Öğrenciler, iki oturumlu (YKS) sonucunda aldıkları puanlarla üniversiteye geçiş hakkı kazanır. Açıköğretim Fakültesi dışındaki tüm fakültelere giriş, lise mezunlarının YKS sonucuna bağlı olarak şekillenir. 2025 Türkiye'den ilk 200'e giren üniversite yoktur; en yüksek sıralamalı üniversiteler, 300-500 aralığında yer alan üç üniversite olan , ve ."
Orta Doğu Teknik Üniversitesi,https://tr.wikipedia.org/wiki/Orta_Do%C4%9Fu_Teknik_%C3%9Cniversitesi,1,"Türkiye#351: 2019 itibarıyla 208'dir. Öğrenciler, iki oturumlu (YKS) sonucunda aldıkları puanlarla üniversiteye geçiş hakkı kazanır. Açıköğretim Fakültesi dışındaki tüm fakültelere giriş, lise mezunlarının YKS sonucuna bağlı olarak şekillenir. 2025 Türkiye'den ilk 200'e giren üniversite yoktur; en yüksek sıralamalı üniversiteler, 300-500 aralığında yer alan üç üniversite olan , ve ."
Orta Doğu Teknik Üniversitesi,https://tr.wikipedia.org/wiki/Orta_Do%C4%9Fu_Teknik_%C3%9Cniversitesi,1,"Türkiye#351: 2019 itibarıyla 208'dir. Öğrenciler, iki oturumlu (YKS) sonucunda aldıkları puanlarla üniversiteye geçiş hakkı kazanır. Açıköğretim Fakültesi dışındaki tüm fakültelere giriş, lise mezunlarının YKS sonucuna bağlı olarak şekillenir. 2025 Türkiye'den ilk 200'e giren üniversite yoktur; en yüksek sıralamalı üniversiteler, 300-500 aralığında yer alan üç üniversite olan , ve ."
Sabancı Üniversitesidir,https://tr.wikipedia.org/wiki/Sabanc%C4%B1_%C3%9Cniversitesi,1,"Türkiye#351: 2019 itibarıyla 208'dir. Öğrenciler, iki oturumlu (YKS) sonucunda aldıkları puanlarla üniversiteye geçiş hakkı kazanır. Açıköğretim Fakültesi dışındaki tüm fakültelere giriş, lise mezunlarının YKS sonucuna bağlı olarak şekillenir. 2025 Türkiye'den ilk 200'e giren üniversite yoktur; en yüksek sıralamalı üniversiteler, 300-500 aralığında yer alan üç üniversite olan , ve ."
Sabancı Üniversitesidir,https://tr.wikipedia.org/wiki/Sabanc%C4%B1_%C3%9Cniversitesi,1,"Türkiye#351: 2019 itibarıyla 208'dir. Öğrenciler, iki oturumlu (YKS) sonucunda aldıkları puanlarla üniversiteye geçiş hakkı kazanır. Açıköğretim Fakültesi dışındaki tüm fakültelere giriş, lise mezunlarının YKS sonucuna bağlı olarak şekillenir. 2025 Türkiye'den ilk 200'e giren üniversite yoktur; en yüksek sıralamalı üniversiteler, 300-500 aralığında yer alan üç üniversite olan , ve ."
"Sağlık Bakanlığı U:(https://tr.wikipedia.org/wiki/Sa%C4%9Fl%C4%B1k_Bakanl%C4%B1%C4%9F%C4%B1_(T%C3%BCrkiye))___ tarafından merkezî bir devlet sistemiyle kontrol edilir. 2003 yılında hükûmet, sağlık hizmetlerine ayrılan bütçe oranını artıran ve nüfusun büyük bir bölümünü sağlık hizmetlerinden düşük masrafla yararlanabilir hâle getirmeyi amaçlayan geniş kapsamlı bir sağlık reformu programı başlattı. ___E:Türkiye İstatistik Kurumu",https://tr.wikipedia.org/wiki/T%C3%BCrkiye_%C4%B0statistik_Kurumu,1,"Türkiye#352: Türkiye'de sağlık hizmetleri tarafından merkezî bir devlet sistemiyle kontrol edilir. 2003 yılında hükûmet, sağlık hizmetlerine ayrılan bütçe oranını artıran ve nüfusun büyük bir bölümünü sağlık hizmetlerinden düşük masrafla yararlanabilir hâle getirmeyi amaçlayan geniş kapsamlı bir sağlık reformu programı başlattı. , 2012 yılında sağlık hizmetleri kapsamında 76,3 milyar TL harcandığını açıkladı; hizmet bedellerinin %79,6'sı tarafından karşılanırken geriye kalan %15,4'ü hastalar tarafından doğrudan ödendi. 2018 yılı rakamlarına göre Türkiye'de 34.559 sağlık kurumu bulunmaktadır ve doktor başına ortalama 536 hasta düşmektedir."
"Sağlık Bakanlığı U:(https://tr.wikipedia.org/wiki/Sa%C4%9Fl%C4%B1k_Bakanl%C4%B1%C4%9F%C4%B1_(T%C3%BCrkiye))___ tarafından merkezî bir devlet sistemiyle kontrol edilir. 2003 yılında hükûmet, sağlık hizmetlerine ayrılan bütçe oranını artıran ve nüfusun büyük bir bölümünü sağlık hizmetlerinden düşük masrafla yararlanabilir hâle getirmeyi amaçlayan geniş kapsamlı bir sağlık reformu programı başlattı. ___E:Türkiye İstatistik Kurumu",https://tr.wikipedia.org/wiki/T%C3%BCrkiye_%C4%B0statistik_Kurumu,1,"Türkiye#352: Türkiye'de sağlık hizmetleri tarafından merkezî bir devlet sistemiyle kontrol edilir. 2003 yılında hükûmet, sağlık hizmetlerine ayrılan bütçe oranını artıran ve nüfusun büyük bir bölümünü sağlık hizmetlerinden düşük masrafla yararlanabilir hâle getirmeyi amaçlayan geniş kapsamlı bir sağlık reformu programı başlattı. , 2012 yılında sağlık hizmetleri kapsamında 76,3 milyar TL harcandığını açıkladı; hizmet bedellerinin %79,6'sı tarafından karşılanırken geriye kalan %15,4'ü hastalar tarafından doğrudan ödendi. 2018 yılı rakamlarına göre Türkiye'de 34.559 sağlık kurumu bulunmaktadır ve doktor başına ortalama 536 hasta düşmektedir."
Sosyal Güvenlik Kurumu,https://tr.wikipedia.org/wiki/T%C3%BCrkiye_Cumhuriyeti_Sosyal_G%C3%BCvenlik_Kurumu,1,"Türkiye#352: Türkiye'de sağlık hizmetleri tarafından merkezî bir devlet sistemiyle kontrol edilir. 2003 yılında hükûmet, sağlık hizmetlerine ayrılan bütçe oranını artıran ve nüfusun büyük bir bölümünü sağlık hizmetlerinden düşük masrafla yararlanabilir hâle getirmeyi amaçlayan geniş kapsamlı bir sağlık reformu programı başlattı. , 2012 yılında sağlık hizmetleri kapsamında 76,3 milyar TL harcandığını açıkladı; hizmet bedellerinin %79,6'sı tarafından karşılanırken geriye kalan %15,4'ü hastalar tarafından doğrudan ödendi. 2018 yılı rakamlarına göre Türkiye'de 34.559 sağlık kurumu bulunmaktadır ve doktor başına ortalama 536 hasta düşmektedir."
Sosyal Güvenlik Kurumu,https://tr.wikipedia.org/wiki/T%C3%BCrkiye_Cumhuriyeti_Sosyal_G%C3%BCvenlik_Kurumu,1,"Türkiye#352: Türkiye'de sağlık hizmetleri tarafından merkezî bir devlet sistemiyle kontrol edilir. 2003 yılında hükûmet, sağlık hizmetlerine ayrılan bütçe oranını artıran ve nüfusun büyük bir bölümünü sağlık hizmetlerinden düşük masrafla yararlanabilir hâle getirmeyi amaçlayan geniş kapsamlı bir sağlık reformu programı başlattı. , 2012 yılında sağlık hizmetleri kapsamında 76,3 milyar TL harcandığını açıkladı; hizmet bedellerinin %79,6'sı tarafından karşılanırken geriye kalan %15,4'ü hastalar tarafından doğrudan ödendi. 2018 yılı rakamlarına göre Türkiye'de 34.559 sağlık kurumu bulunmaktadır ve doktor başına ortalama 536 hasta düşmektedir."
beklenen yaşam süresi,https://tr.wikipedia.org/wiki/Beklenen_ya%C5%9Fam_s%C3%BCresi,1,"Türkiye#354: Türkiye'de erkeklerde 71,1 yıl ve kadınlarda 75,2 yıl olmakla birlikte, toplam nüfus ortalamasının beklenen yaşam süresi 73,2 yıldır."
beklenen yaşam süresi,https://tr.wikipedia.org/wiki/Beklenen_ya%C5%9Fam_s%C3%BCresi,1,"Türkiye#354: Türkiye'de erkeklerde 71,1 yıl ve kadınlarda 75,2 yıl olmakla birlikte, toplam nüfus ortalamasının beklenen yaşam süresi 73,2 yıldır."
ülkelere göre sağlık endeksi,https://tr.wikipedia.org/wiki/%C3%9Clkelere_g%C3%B6re_sa%C4%9Fl%C4%B1k_endeksi,1,"Türkiye#356: Türkiye, 2020 yılı ortası itibarıyla Numbeo sağlık araştırmaları şirketine göre 100 üzerinden 70.36 puan ile sıralamasına 28. sırada yer almaktadır."
ülkelere göre sağlık endeksi,https://tr.wikipedia.org/wiki/%C3%9Clkelere_g%C3%B6re_sa%C4%9Fl%C4%B1k_endeksi,1,"Türkiye#356: Türkiye, 2020 yılı ortası itibarıyla Numbeo sağlık araştırmaları şirketine göre 100 üzerinden 70.36 puan ile sıralamasına 28. sırada yer almaktadır."
Oğuz,https://tr.wikipedia.org/wiki/T%C3%BCrk_halklar%C4%B1,1,"Türkiye#357: Türkiye; , , ( ve bir devamıydı) ve ile geleneklerinin karışımıyla ortaya çıkan çok çeşitli kültürleri barındırır."
Oğuz,https://tr.wikipedia.org/wiki/T%C3%BCrk_halklar%C4%B1,1,"Türkiye#357: Türkiye; , , ( ve bir devamıydı) ve ile geleneklerinin karışımıyla ortaya çıkan çok çeşitli kültürleri barındırır."
Osmanlı,https://tr.wikipedia.org/wiki/Osmanl%C4%B1_k%C3%BClt%C3%BCr%C3%BC,1,"Türkiye#357: Türkiye; , , ( ve bir devamıydı) ve ile geleneklerinin karışımıyla ortaya çıkan çok çeşitli kültürleri barındırır."
Osmanlı,https://tr.wikipedia.org/wiki/Osmanl%C4%B1_k%C3%BClt%C3%BCr%C3%BC,1,"Türkiye#357: Türkiye; , , ( ve bir devamıydı) ve ile geleneklerinin karışımıyla ortaya çıkan çok çeşitli kültürleri barındırır."
Greko-Romen,https://tr.wikipedia.org/wiki/Greko-Romen,1,"Türkiye#357: Türkiye; , , ( ve bir devamıydı) ve ile geleneklerinin karışımıyla ortaya çıkan çok çeşitli kültürleri barındırır."
Greko-Romen,https://tr.wikipedia.org/wiki/Greko-Romen,1,"Türkiye#357: Türkiye; , , ( ve bir devamıydı) ve ile geleneklerinin karışımıyla ortaya çıkan çok çeşitli kültürleri barındırır."
İslami kültürlerin,https://tr.wikipedia.org/wiki/%C4%B0slam_k%C3%BClt%C3%BCr%C3%BC,1,"Türkiye#357: Türkiye; , , ( ve bir devamıydı) ve ile geleneklerinin karışımıyla ortaya çıkan çok çeşitli kültürleri barındırır."
İslami kültürlerin,https://tr.wikipedia.org/wiki/%C4%B0slam_k%C3%BClt%C3%BCr%C3%BC,1,"Türkiye#357: Türkiye; , , ( ve bir devamıydı) ve ile geleneklerinin karışımıyla ortaya çıkan çok çeşitli kültürleri barındırır."
Avrupa kültürü,https://tr.wikipedia.org/wiki/Avrupa_k%C3%BClt%C3%BCr%C3%BC,1,"Türkiye#357: Türkiye; , , ( ve bir devamıydı) ve ile geleneklerinin karışımıyla ortaya çıkan çok çeşitli kültürleri barındırır."
Avrupa kültürü,https://tr.wikipedia.org/wiki/Avrupa_k%C3%BClt%C3%BCr%C3%BC,1,"Türkiye#357: Türkiye; , , ( ve bir devamıydı) ve ile geleneklerinin karışımıyla ortaya çıkan çok çeşitli kültürleri barındırır."
Türk göçleri,https://tr.wikipedia.org/wiki/T%C3%BCrk_g%C3%B6%C3%A7leri,1,"Türkiye#358: Ülke coğrafyasındaki kültürel kaynaşma, 'dan Anadolu'ya doğru gerçekleşen sırasında Türklerin göç yolları üzerindeki kültürlerle kendi kültürlerini birleştirmesi sonucunda başladı."
Türk göçleri,https://tr.wikipedia.org/wiki/T%C3%BCrk_g%C3%B6%C3%A7leri,1,"Türkiye#358: Ülke coğrafyasındaki kültürel kaynaşma, 'dan Anadolu'ya doğru gerçekleşen sırasında Türklerin göç yolları üzerindeki kültürlerle kendi kültürlerini birleştirmesi sonucunda başladı."
Batılılaşma,https://tr.wikipedia.org/wiki/Bat%C4%B1l%C4%B1la%C5%9Fma,1,"Türkiye#359: Ülkedeki hareketi ise başladı ve bugüne kadar sürmeye devam etti. Sonuç olarak günümüz , geleneksel inançları ve tarihî değerleri koruyarak ""çağdaş"" bir Batı devleti olma çabası sonucunda şekillendi."
Batılılaşma,https://tr.wikipedia.org/wiki/Bat%C4%B1l%C4%B1la%C5%9Fma,1,"Türkiye#359: Ülkedeki hareketi ise başladı ve bugüne kadar sürmeye devam etti. Sonuç olarak günümüz , geleneksel inançları ve tarihî değerleri koruyarak ""çağdaş"" bir Batı devleti olma çabası sonucunda şekillendi."
Osmanlı İmparatorluğu'nun Tanzimat döneminde,https://tr.wikipedia.org/wiki/Tanzimat,1,"Türkiye#359: Ülkedeki hareketi ise başladı ve bugüne kadar sürmeye devam etti. Sonuç olarak günümüz , geleneksel inançları ve tarihî değerleri koruyarak ""çağdaş"" bir Batı devleti olma çabası sonucunda şekillendi."
Osmanlı İmparatorluğu'nun Tanzimat döneminde,https://tr.wikipedia.org/wiki/Tanzimat,1,"Türkiye#359: Ülkedeki hareketi ise başladı ve bugüne kadar sürmeye devam etti. Sonuç olarak günümüz , geleneksel inançları ve tarihî değerleri koruyarak ""çağdaş"" bir Batı devleti olma çabası sonucunda şekillendi."
Türk kültürü,https://tr.wikipedia.org/wiki/T%C3%BCrk_k%C3%BClt%C3%BCr%C3%BC,1,"Türkiye#359: Ülkedeki hareketi ise başladı ve bugüne kadar sürmeye devam etti. Sonuç olarak günümüz , geleneksel inançları ve tarihî değerleri koruyarak ""çağdaş"" bir Batı devleti olma çabası sonucunda şekillendi."
Türk kültürü,https://tr.wikipedia.org/wiki/T%C3%BCrk_k%C3%BClt%C3%BCr%C3%BC,1,"Türkiye#359: Ülkedeki hareketi ise başladı ve bugüne kadar sürmeye devam etti. Sonuç olarak günümüz , geleneksel inançları ve tarihî değerleri koruyarak ""çağdaş"" bir Batı devleti olma çabası sonucunda şekillendi."
Türkiye'de resim,https://tr.wikipedia.org/wiki/T%C3%BCrkiye%27de_resim,1,"Türkiye#361: Batılı anlamda sanatı, 19. yüzyılın ortalarından itibaren etkin bir gelişme göstermeye başladı."
Türkiye'de resim,https://tr.wikipedia.org/wiki/T%C3%BCrkiye%27de_resim,1,"Türkiye#361: Batılı anlamda sanatı, 19. yüzyılın ortalarından itibaren etkin bir gelişme göstermeye başladı."
İstanbul Teknik Üniversitesi,https://tr.wikipedia.org/wiki/%C4%B0stanbul_Teknik_%C3%9Cniversitesi,1,"Türkiye#362: Resim dersleri ilk olarak teknik ihtiyaçlar için 1793 yılında şu anki 'nde verilmeye başlandı. 19. yüzyılın sonlarında, Batılı anlamda insan tasvirleri özellikle ile birlikte Türk resminde kullanılmaya başlandı."
İstanbul Teknik Üniversitesi,https://tr.wikipedia.org/wiki/%C4%B0stanbul_Teknik_%C3%9Cniversitesi,1,"Türkiye#362: Resim dersleri ilk olarak teknik ihtiyaçlar için 1793 yılında şu anki 'nde verilmeye başlandı. 19. yüzyılın sonlarında, Batılı anlamda insan tasvirleri özellikle ile birlikte Türk resminde kullanılmaya başlandı."
Osman Hamdi Bey,https://tr.wikipedia.org/wiki/Osman_Hamdi_Bey,1,"Türkiye#362: Resim dersleri ilk olarak teknik ihtiyaçlar için 1793 yılında şu anki 'nde verilmeye başlandı. 19. yüzyılın sonlarında, Batılı anlamda insan tasvirleri özellikle ile birlikte Türk resminde kullanılmaya başlandı."
Osman Hamdi Bey,https://tr.wikipedia.org/wiki/Osman_Hamdi_Bey,1,"Türkiye#362: Resim dersleri ilk olarak teknik ihtiyaçlar için 1793 yılında şu anki 'nde verilmeye başlandı. 19. yüzyılın sonlarında, Batılı anlamda insan tasvirleri özellikle ile birlikte Türk resminde kullanılmaya başlandı."
empresyonizm,https://tr.wikipedia.org/wiki/%C4%B0zlenimcilik,1,"Türkiye#363: Çağdaş eğilimlerle birlikte de gelişim gösterdi ve resimlerinde empresyonizmi kullandı. 1926'da Avrupa'ya gönderilen Türk sanatçılar, Türkiye'ye geri döndüklerinde çalışmalarında , ve hatta akımlarından yararlandılar."
empresyonizm,https://tr.wikipedia.org/wiki/%C4%B0zlenimcilik,1,"Türkiye#363: Çağdaş eğilimlerle birlikte de gelişim gösterdi ve resimlerinde empresyonizmi kullandı. 1926'da Avrupa'ya gönderilen Türk sanatçılar, Türkiye'ye geri döndüklerinde çalışmalarında , ve hatta akımlarından yararlandılar."
Halil Paşa,https://tr.wikipedia.org/wiki/Ressam_Halil_Pa%C5%9Fa,1,"Türkiye#363: Çağdaş eğilimlerle birlikte de gelişim gösterdi ve resimlerinde empresyonizmi kullandı. 1926'da Avrupa'ya gönderilen Türk sanatçılar, Türkiye'ye geri döndüklerinde çalışmalarında , ve hatta akımlarından yararlandılar."
Halil Paşa,https://tr.wikipedia.org/wiki/Ressam_Halil_Pa%C5%9Fa,1,"Türkiye#363: Çağdaş eğilimlerle birlikte de gelişim gösterdi ve resimlerinde empresyonizmi kullandı. 1926'da Avrupa'ya gönderilen Türk sanatçılar, Türkiye'ye geri döndüklerinde çalışmalarında , ve hatta akımlarından yararlandılar."
Fovizm,https://tr.wikipedia.org/wiki/Fovizm,1,"Türkiye#363: Çağdaş eğilimlerle birlikte de gelişim gösterdi ve resimlerinde empresyonizmi kullandı. 1926'da Avrupa'ya gönderilen Türk sanatçılar, Türkiye'ye geri döndüklerinde çalışmalarında , ve hatta akımlarından yararlandılar."
Fovizm,https://tr.wikipedia.org/wiki/Fovizm,1,"Türkiye#363: Çağdaş eğilimlerle birlikte de gelişim gösterdi ve resimlerinde empresyonizmi kullandı. 1926'da Avrupa'ya gönderilen Türk sanatçılar, Türkiye'ye geri döndüklerinde çalışmalarında , ve hatta akımlarından yararlandılar."
Kübizm,https://tr.wikipedia.org/wiki/K%C3%BCbizm,1,"Türkiye#363: Çağdaş eğilimlerle birlikte de gelişim gösterdi ve resimlerinde empresyonizmi kullandı. 1926'da Avrupa'ya gönderilen Türk sanatçılar, Türkiye'ye geri döndüklerinde çalışmalarında , ve hatta akımlarından yararlandılar."
Kübizm,https://tr.wikipedia.org/wiki/K%C3%BCbizm,1,"Türkiye#363: Çağdaş eğilimlerle birlikte de gelişim gösterdi ve resimlerinde empresyonizmi kullandı. 1926'da Avrupa'ya gönderilen Türk sanatçılar, Türkiye'ye geri döndüklerinde çalışmalarında , ve hatta akımlarından yararlandılar."
Ekspresyonizm,https://tr.wikipedia.org/wiki/D%C4%B1%C5%9Favurumculuk,1,"Türkiye#363: Çağdaş eğilimlerle birlikte de gelişim gösterdi ve resimlerinde empresyonizmi kullandı. 1926'da Avrupa'ya gönderilen Türk sanatçılar, Türkiye'ye geri döndüklerinde çalışmalarında , ve hatta akımlarından yararlandılar."
Ekspresyonizm,https://tr.wikipedia.org/wiki/D%C4%B1%C5%9Favurumculuk,1,"Türkiye#363: Çağdaş eğilimlerle birlikte de gelişim gösterdi ve resimlerinde empresyonizmi kullandı. 1926'da Avrupa'ya gönderilen Türk sanatçılar, Türkiye'ye geri döndüklerinde çalışmalarında , ve hatta akımlarından yararlandılar."
D Grubu,https://tr.wikipedia.org/wiki/D_Grubu,1,"Türkiye#364: Sonraki yıllarda sanatçılarından ve dâhil olmak üzere , , , ve gibi sanatçılar son 30 yıl boyunca Batı'da gelişen bazı eğilimleri tanıttılar."
D Grubu,https://tr.wikipedia.org/wiki/D_Grubu,1,"Türkiye#364: Sonraki yıllarda sanatçılarından ve dâhil olmak üzere , , , ve gibi sanatçılar son 30 yıl boyunca Batı'da gelişen bazı eğilimleri tanıttılar."
Abidin Dino,https://tr.wikipedia.org/wiki/Abidin_Dino,1,"Türkiye#364: Sonraki yıllarda sanatçılarından ve dâhil olmak üzere , , , ve gibi sanatçılar son 30 yıl boyunca Batı'da gelişen bazı eğilimleri tanıttılar."
Abidin Dino,https://tr.wikipedia.org/wiki/Abidin_Dino,1,"Türkiye#364: Sonraki yıllarda sanatçılarından ve dâhil olmak üzere , , , ve gibi sanatçılar son 30 yıl boyunca Batı'da gelişen bazı eğilimleri tanıttılar."
Cemal Tollu,https://tr.wikipedia.org/wiki/Cemal_Tollu,1,"Türkiye#364: Sonraki yıllarda sanatçılarından ve dâhil olmak üzere , , , ve gibi sanatçılar son 30 yıl boyunca Batı'da gelişen bazı eğilimleri tanıttılar."
Cemal Tollu,https://tr.wikipedia.org/wiki/Cemal_Tollu,1,"Türkiye#364: Sonraki yıllarda sanatçılarından ve dâhil olmak üzere , , , ve gibi sanatçılar son 30 yıl boyunca Batı'da gelişen bazı eğilimleri tanıttılar."
Fikret Mualla,https://tr.wikipedia.org/wiki/Fikret_Muall%C3%A2,1,"Türkiye#364: Sonraki yıllarda sanatçılarından ve dâhil olmak üzere , , , ve gibi sanatçılar son 30 yıl boyunca Batı'da gelişen bazı eğilimleri tanıttılar."
Fikret Mualla,https://tr.wikipedia.org/wiki/Fikret_Muall%C3%A2,1,"Türkiye#364: Sonraki yıllarda sanatçılarından ve dâhil olmak üzere , , , ve gibi sanatçılar son 30 yıl boyunca Batı'da gelişen bazı eğilimleri tanıttılar."
Fahrelnisa Zeid,https://tr.wikipedia.org/wiki/Fahr%C3%BCnnisa_Zeyd,1,"Türkiye#364: Sonraki yıllarda sanatçılarından ve dâhil olmak üzere , , , ve gibi sanatçılar son 30 yıl boyunca Batı'da gelişen bazı eğilimleri tanıttılar."
Fahrelnisa Zeid,https://tr.wikipedia.org/wiki/Fahr%C3%BCnnisa_Zeyd,1,"Türkiye#364: Sonraki yıllarda sanatçılarından ve dâhil olmak üzere , , , ve gibi sanatçılar son 30 yıl boyunca Batı'da gelişen bazı eğilimleri tanıttılar."
Bedri Rahmi Eyüboğlu,https://tr.wikipedia.org/wiki/Bedri_Rahmi_Ey%C3%BCbo%C4%9Flu,1,"Türkiye#364: Sonraki yıllarda sanatçılarından ve dâhil olmak üzere , , , ve gibi sanatçılar son 30 yıl boyunca Batı'da gelişen bazı eğilimleri tanıttılar."
Bedri Rahmi Eyüboğlu,https://tr.wikipedia.org/wiki/Bedri_Rahmi_Ey%C3%BCbo%C4%9Flu,1,"Türkiye#364: Sonraki yıllarda sanatçılarından ve dâhil olmak üzere , , , ve gibi sanatçılar son 30 yıl boyunca Batı'da gelişen bazı eğilimleri tanıttılar."
Adnan Çoker,https://tr.wikipedia.org/wiki/Adnan_%C3%87oker,1,"Türkiye#364: Sonraki yıllarda sanatçılarından ve dâhil olmak üzere , , , ve gibi sanatçılar son 30 yıl boyunca Batı'da gelişen bazı eğilimleri tanıttılar."
Adnan Çoker,https://tr.wikipedia.org/wiki/Adnan_%C3%87oker,1,"Türkiye#364: Sonraki yıllarda sanatçılarından ve dâhil olmak üzere , , , ve gibi sanatçılar son 30 yıl boyunca Batı'da gelişen bazı eğilimleri tanıttılar."
Burhan Doğançay,https://tr.wikipedia.org/wiki/Burhan_Do%C4%9Fan%C3%A7ay,1,"Türkiye#364: Sonraki yıllarda sanatçılarından ve dâhil olmak üzere , , , ve gibi sanatçılar son 30 yıl boyunca Batı'da gelişen bazı eğilimleri tanıttılar."
Burhan Doğançay,https://tr.wikipedia.org/wiki/Burhan_Do%C4%9Fan%C3%A7ay,1,"Türkiye#364: Sonraki yıllarda sanatçılarından ve dâhil olmak üzere , , , ve gibi sanatçılar son 30 yıl boyunca Batı'da gelişen bazı eğilimleri tanıttılar."
Yeniler Grubu,https://tr.wikipedia.org/wiki/Yeniler_Grubu,1,"Türkiye#365: Bunların yanı sıra 1930'larda, 1940'larda, Yeni Dal Grubu 1950'lerde ve 1960'larda ortaya çıkarak çağdaş Türk resminin diğer önemli hareketleri olarak tanındılar."
Yeniler Grubu,https://tr.wikipedia.org/wiki/Yeniler_Grubu,1,"Türkiye#365: Bunların yanı sıra 1930'larda, 1940'larda, Yeni Dal Grubu 1950'lerde ve 1960'larda ortaya çıkarak çağdaş Türk resminin diğer önemli hareketleri olarak tanındılar."
Onlar Grubu,https://tr.wikipedia.org/wiki/10%27lar_Grubu,1,"Türkiye#365: Bunların yanı sıra 1930'larda, 1940'larda, Yeni Dal Grubu 1950'lerde ve 1960'larda ortaya çıkarak çağdaş Türk resminin diğer önemli hareketleri olarak tanındılar."
Onlar Grubu,https://tr.wikipedia.org/wiki/10%27lar_Grubu,1,"Türkiye#365: Bunların yanı sıra 1930'larda, 1940'larda, Yeni Dal Grubu 1950'lerde ve 1960'larda ortaya çıkarak çağdaş Türk resminin diğer önemli hareketleri olarak tanındılar."
Siyah Kalem Grubu,https://tr.wikipedia.org/wiki/Siyah_Kalem_Grubu,1,"Türkiye#365: Bunların yanı sıra 1930'larda, 1940'larda, Yeni Dal Grubu 1950'lerde ve 1960'larda ortaya çıkarak çağdaş Türk resminin diğer önemli hareketleri olarak tanındılar."
Siyah Kalem Grubu,https://tr.wikipedia.org/wiki/Siyah_Kalem_Grubu,1,"Türkiye#365: Bunların yanı sıra 1930'larda, 1940'larda, Yeni Dal Grubu 1950'lerde ve 1960'larda ortaya çıkarak çağdaş Türk resminin diğer önemli hareketleri olarak tanındılar."
Türk müziği,https://tr.wikipedia.org/wiki/T%C3%BCrk_m%C3%BCzi%C4%9Fi,1,"Türkiye#366: ve , çeşitli kültürlerin izlerini taşır."
Türk müziği,https://tr.wikipedia.org/wiki/T%C3%BCrk_m%C3%BCzi%C4%9Fi,1,"Türkiye#366: ve , çeşitli kültürlerin izlerini taşır."
edebiyatı,https://tr.wikipedia.org/wiki/T%C3%BCrk_edebiyat%C4%B1,1,"Türkiye#366: ve , çeşitli kültürlerin izlerini taşır."
edebiyatı,https://tr.wikipedia.org/wiki/T%C3%BCrk_edebiyat%C4%B1,1,"Türkiye#366: ve , çeşitli kültürlerin izlerini taşır."
Avrupa,https://tr.wikipedia.org/wiki/Avrupa_Birli%C4%9Fi,1,"Türkiye#367: Osmanlı İmparatorluğu'nun yanı sıra dünyası ile 'nın etkileşimi sonucunda Türk, İslam ve Avrupa gelenekleri birleşerek günümüz Türk müziğini ve edebiyatını ortaya çıkarmıştır."
Avrupa,https://tr.wikipedia.org/wiki/Avrupa_Birli%C4%9Fi,1,"Türkiye#367: Osmanlı İmparatorluğu'nun yanı sıra dünyası ile 'nın etkileşimi sonucunda Türk, İslam ve Avrupa gelenekleri birleşerek günümüz Türk müziğini ve edebiyatını ortaya çıkarmıştır."
İran,https://tr.wikipedia.org/wiki/Fars_edebiyat%C4%B1,1,"Türkiye#368: Osmanlı döneminde Türk edebiyatı, ve edebiyatlarının fazlasıyla etkisi altında kaldı. 'taki yeniliklerle birlikte daha önceden bilinmeyen ve gibi edebi türler Türk edebiyatına giriş yaptı."
İran,https://tr.wikipedia.org/wiki/Fars_edebiyat%C4%B1,1,"Türkiye#368: Osmanlı döneminde Türk edebiyatı, ve edebiyatlarının fazlasıyla etkisi altında kaldı. 'taki yeniliklerle birlikte daha önceden bilinmeyen ve gibi edebi türler Türk edebiyatına giriş yaptı."
Arap,https://tr.wikipedia.org/wiki/Arap_edebiyat%C4%B1,1,"Türkiye#368: Osmanlı döneminde Türk edebiyatı, ve edebiyatlarının fazlasıyla etkisi altında kaldı. 'taki yeniliklerle birlikte daha önceden bilinmeyen ve gibi edebi türler Türk edebiyatına giriş yaptı."
Arap,https://tr.wikipedia.org/wiki/Arap_edebiyat%C4%B1,1,"Türkiye#368: Osmanlı döneminde Türk edebiyatı, ve edebiyatlarının fazlasıyla etkisi altında kaldı. 'taki yeniliklerle birlikte daha önceden bilinmeyen ve gibi edebi türler Türk edebiyatına giriş yaptı."
roman,https://tr.wikipedia.org/wiki/Roman,1,"Türkiye#368: Osmanlı döneminde Türk edebiyatı, ve edebiyatlarının fazlasıyla etkisi altında kaldı. 'taki yeniliklerle birlikte daha önceden bilinmeyen ve gibi edebi türler Türk edebiyatına giriş yaptı."
roman,https://tr.wikipedia.org/wiki/Roman,1,"Türkiye#368: Osmanlı döneminde Türk edebiyatı, ve edebiyatlarının fazlasıyla etkisi altında kaldı. 'taki yeniliklerle birlikte daha önceden bilinmeyen ve gibi edebi türler Türk edebiyatına giriş yaptı."
öykü,https://tr.wikipedia.org/wiki/Hik%C3%A2ye,1,"Türkiye#368: Osmanlı döneminde Türk edebiyatı, ve edebiyatlarının fazlasıyla etkisi altında kaldı. 'taki yeniliklerle birlikte daha önceden bilinmeyen ve gibi edebi türler Türk edebiyatına giriş yaptı."
öykü,https://tr.wikipedia.org/wiki/Hik%C3%A2ye,1,"Türkiye#368: Osmanlı döneminde Türk edebiyatı, ve edebiyatlarının fazlasıyla etkisi altında kaldı. 'taki yeniliklerle birlikte daha önceden bilinmeyen ve gibi edebi türler Türk edebiyatına giriş yaptı."
Namık Kemal,https://tr.wikipedia.org/wiki/Nam%C4%B1k_Kemal,1,"Türkiye#369: Çeşitli yazarlar Türk edebiyatındaki ilkleri bu dönemde verdiler; ilk edebi roman olan İntibah 'ı (1876) yazarken, gazeteci ilk özel gazeteyi çıkardı ve ilk tiyatro olan Şair Evlenmesi 'ni (1860) yazdı."
Namık Kemal,https://tr.wikipedia.org/wiki/Nam%C4%B1k_Kemal,1,"Türkiye#369: Çeşitli yazarlar Türk edebiyatındaki ilkleri bu dönemde verdiler; ilk edebi roman olan İntibah 'ı (1876) yazarken, gazeteci ilk özel gazeteyi çıkardı ve ilk tiyatro olan Şair Evlenmesi 'ni (1860) yazdı."
Şinasi,https://tr.wikipedia.org/wiki/%C5%9Ein%C3%A2si,1,"Türkiye#369: Çeşitli yazarlar Türk edebiyatındaki ilkleri bu dönemde verdiler; ilk edebi roman olan İntibah 'ı (1876) yazarken, gazeteci ilk özel gazeteyi çıkardı ve ilk tiyatro olan Şair Evlenmesi 'ni (1860) yazdı."
Şinasi,https://tr.wikipedia.org/wiki/%C5%9Ein%C3%A2si,1,"Türkiye#369: Çeşitli yazarlar Türk edebiyatındaki ilkleri bu dönemde verdiler; ilk edebi roman olan İntibah 'ı (1876) yazarken, gazeteci ilk özel gazeteyi çıkardı ve ilk tiyatro olan Şair Evlenmesi 'ni (1860) yazdı."
Servet-i Fünûn,https://tr.wikipedia.org/wiki/Servet-i_F%C3%BCn%C3%BBn_edebiyat%C4%B1,1,"Türkiye#371: Bu arada , ve gibi çeşitli edebiyat hareketleri ortaya çıktı. 20. yüzyılda , şiirler yazarak Türk şiirine radikal değişikler getirdi."
Servet-i Fünûn,https://tr.wikipedia.org/wiki/Servet-i_F%C3%BCn%C3%BBn_edebiyat%C4%B1,1,"Türkiye#371: Bu arada , ve gibi çeşitli edebiyat hareketleri ortaya çıktı. 20. yüzyılda , şiirler yazarak Türk şiirine radikal değişikler getirdi."
Fecr-i Ati,https://tr.wikipedia.org/wiki/Fecr-i_%C3%82t%C3%AE,1,"Türkiye#371: Bu arada , ve gibi çeşitli edebiyat hareketleri ortaya çıktı. 20. yüzyılda , şiirler yazarak Türk şiirine radikal değişikler getirdi."
Fecr-i Ati,https://tr.wikipedia.org/wiki/Fecr-i_%C3%82t%C3%AE,1,"Türkiye#371: Bu arada , ve gibi çeşitli edebiyat hareketleri ortaya çıktı. 20. yüzyılda , şiirler yazarak Türk şiirine radikal değişikler getirdi."
Millî Edebiyat,https://tr.wikipedia.org/wiki/Mill%C3%AE_Edebiyat,1,"Türkiye#371: Bu arada , ve gibi çeşitli edebiyat hareketleri ortaya çıktı. 20. yüzyılda , şiirler yazarak Türk şiirine radikal değişikler getirdi."
Millî Edebiyat,https://tr.wikipedia.org/wiki/Mill%C3%AE_Edebiyat,1,"Türkiye#371: Bu arada , ve gibi çeşitli edebiyat hareketleri ortaya çıktı. 20. yüzyılda , şiirler yazarak Türk şiirine radikal değişikler getirdi."
Nâzım Hikmet,https://tr.wikipedia.org/wiki/N%C3%A2z%C4%B1m_Hikmet,1,"Türkiye#371: Bu arada , ve gibi çeşitli edebiyat hareketleri ortaya çıktı. 20. yüzyılda , şiirler yazarak Türk şiirine radikal değişikler getirdi."
Nâzım Hikmet,https://tr.wikipedia.org/wiki/N%C3%A2z%C4%B1m_Hikmet,1,"Türkiye#371: Bu arada , ve gibi çeşitli edebiyat hareketleri ortaya çıktı. 20. yüzyılda , şiirler yazarak Türk şiirine radikal değişikler getirdi."
serbest nazımla,https://tr.wikipedia.org/wiki/Serbest_%C3%B6l%C3%A7%C3%BC,1,"Türkiye#371: Bu arada , ve gibi çeşitli edebiyat hareketleri ortaya çıktı. 20. yüzyılda , şiirler yazarak Türk şiirine radikal değişikler getirdi."
serbest nazımla,https://tr.wikipedia.org/wiki/Serbest_%C3%B6l%C3%A7%C3%BC,1,"Türkiye#371: Bu arada , ve gibi çeşitli edebiyat hareketleri ortaya çıktı. 20. yüzyılda , şiirler yazarak Türk şiirine radikal değişikler getirdi."
Garipçiler,https://tr.wikipedia.org/wiki/Garip_hareketi,1,Türkiye#372: Şiirdeki bir başka devrim ise 1941'de tarafından yapıldı.
Muş,https://tr.wikipedia.org/wiki/Mu%C5%9F,1,"Türkiye#320: Kürtlerin nüfus içindeki oranı CIA'e göre %18, Konda'ya göre %15, Konsensus'a göre %14'tür. Kürtler ülkenin doğu ve güneydoğu kısımlarında yoğunlaşmıştır. , , , , , , , , ve illerinde Kürt nüfus çoğunluktadır; bunun yanı sıra 'da %47 ile nüfusun çoğunluğa yakınını ve , ve 'da büyük bir azınlık grubunu oluşturur."
Orhan Pamuk,https://tr.wikipedia.org/wiki/Orhan_Pamuk,1,"Türkiye#374: Örneğin romanlarında ""kültürlerin birbiriyle çatışması ve örülmesi için yeni simgeler bulan"" , 2006 yılında 'ne layık görülmüştür. 'na Türk müziğindeki çeşitli kültürlerin izlerini taşıyan "" "" şarkısıyla katılan ise yarışmanın birincisi olarak Avrupa'da adından bahsettirmiştir."
Orhan Pamuk,https://tr.wikipedia.org/wiki/Orhan_Pamuk,1,"Türkiye#374: Örneğin romanlarında ""kültürlerin birbiriyle çatışması ve örülmesi için yeni simgeler bulan"" , 2006 yılında 'ne layık görülmüştür. 'na Türk müziğindeki çeşitli kültürlerin izlerini taşıyan "" "" şarkısıyla katılan ise yarışmanın birincisi olarak Avrupa'da adından bahsettirmiştir."
Nobel Edebiyat Ödülü,https://tr.wikipedia.org/wiki/Nobel_Edebiyat_%C3%96d%C3%BCl%C3%BC,1,"Türkiye#374: Örneğin romanlarında ""kültürlerin birbiriyle çatışması ve örülmesi için yeni simgeler bulan"" , 2006 yılında 'ne layık görülmüştür. 'na Türk müziğindeki çeşitli kültürlerin izlerini taşıyan "" "" şarkısıyla katılan ise yarışmanın birincisi olarak Avrupa'da adından bahsettirmiştir."
Nobel Edebiyat Ödülü,https://tr.wikipedia.org/wiki/Nobel_Edebiyat_%C3%96d%C3%BCl%C3%BC,1,"Türkiye#374: Örneğin romanlarında ""kültürlerin birbiriyle çatışması ve örülmesi için yeni simgeler bulan"" , 2006 yılında 'ne layık görülmüştür. 'na Türk müziğindeki çeşitli kültürlerin izlerini taşıyan "" "" şarkısıyla katılan ise yarışmanın birincisi olarak Avrupa'da adından bahsettirmiştir."
2003 Eurovision Şarkı Yarışması,https://tr.wikipedia.org/wiki/2003_Eurovision_%C5%9Eark%C4%B1_Yar%C4%B1%C5%9Fmas%C4%B1,1,"Türkiye#374: Örneğin romanlarında ""kültürlerin birbiriyle çatışması ve örülmesi için yeni simgeler bulan"" , 2006 yılında 'ne layık görülmüştür. 'na Türk müziğindeki çeşitli kültürlerin izlerini taşıyan "" "" şarkısıyla katılan ise yarışmanın birincisi olarak Avrupa'da adından bahsettirmiştir."
2003 Eurovision Şarkı Yarışması,https://tr.wikipedia.org/wiki/2003_Eurovision_%C5%9Eark%C4%B1_Yar%C4%B1%C5%9Fmas%C4%B1,1,"Türkiye#374: Örneğin romanlarında ""kültürlerin birbiriyle çatışması ve örülmesi için yeni simgeler bulan"" , 2006 yılında 'ne layık görülmüştür. 'na Türk müziğindeki çeşitli kültürlerin izlerini taşıyan "" "" şarkısıyla katılan ise yarışmanın birincisi olarak Avrupa'da adından bahsettirmiştir."
Everyway That I Can,https://tr.wikipedia.org/wiki/Everyway_That_I_Can,1,"Türkiye#374: Örneğin romanlarında ""kültürlerin birbiriyle çatışması ve örülmesi için yeni simgeler bulan"" , 2006 yılında 'ne layık görülmüştür. 'na Türk müziğindeki çeşitli kültürlerin izlerini taşıyan "" "" şarkısıyla katılan ise yarışmanın birincisi olarak Avrupa'da adından bahsettirmiştir."
Everyway That I Can,https://tr.wikipedia.org/wiki/Everyway_That_I_Can,1,"Türkiye#374: Örneğin romanlarında ""kültürlerin birbiriyle çatışması ve örülmesi için yeni simgeler bulan"" , 2006 yılında 'ne layık görülmüştür. 'na Türk müziğindeki çeşitli kültürlerin izlerini taşıyan "" "" şarkısıyla katılan ise yarışmanın birincisi olarak Avrupa'da adından bahsettirmiştir."
Sertab Erener,https://tr.wikipedia.org/wiki/Sertab_Erener,1,"Türkiye#374: Örneğin romanlarında ""kültürlerin birbiriyle çatışması ve örülmesi için yeni simgeler bulan"" , 2006 yılında 'ne layık görülmüştür. 'na Türk müziğindeki çeşitli kültürlerin izlerini taşıyan "" "" şarkısıyla katılan ise yarışmanın birincisi olarak Avrupa'da adından bahsettirmiştir."
Sertab Erener,https://tr.wikipedia.org/wiki/Sertab_Erener,1,"Türkiye#374: Örneğin romanlarında ""kültürlerin birbiriyle çatışması ve örülmesi için yeni simgeler bulan"" , 2006 yılında 'ne layık görülmüştür. 'na Türk müziğindeki çeşitli kültürlerin izlerini taşıyan "" "" şarkısıyla katılan ise yarışmanın birincisi olarak Avrupa'da adından bahsettirmiştir."
halk oyunları,https://tr.wikipedia.org/wiki/T%C3%BCrk_halk_oyunlar%C4%B1,1,"Türkiye#375: Türk kültüründe önemli bir yer tutar. 'da ; , ve 'da ; 'de ; İç-Batı Anadolu, , Güney Marmara ve Doğu Akdeniz'de ile ; ve 'de ; ve İç Anadolu'da ; Kuzeydoğu Anadolu'da ve halk oyunları yaygındır."
halk oyunları,https://tr.wikipedia.org/wiki/T%C3%BCrk_halk_oyunlar%C4%B1,1,"Türkiye#375: Türk kültüründe önemli bir yer tutar. 'da ; , ve 'da ; 'de ; İç-Batı Anadolu, , Güney Marmara ve Doğu Akdeniz'de ile ; ve 'de ; ve İç Anadolu'da ; Kuzeydoğu Anadolu'da ve halk oyunları yaygındır."
Hora,https://tr.wikipedia.org/wiki/Hora,1,"Türkiye#375: Türk kültüründe önemli bir yer tutar. 'da ; , ve 'da ; 'de ; İç-Batı Anadolu, , Güney Marmara ve Doğu Akdeniz'de ile ; ve 'de ; ve İç Anadolu'da ; Kuzeydoğu Anadolu'da ve halk oyunları yaygındır."
Hora,https://tr.wikipedia.org/wiki/Hora,1,"Türkiye#375: Türk kültüründe önemli bir yer tutar. 'da ; , ve 'da ; 'de ; İç-Batı Anadolu, , Güney Marmara ve Doğu Akdeniz'de ile ; ve 'de ; ve İç Anadolu'da ; Kuzeydoğu Anadolu'da ve halk oyunları yaygındır."
Güney Marmara,https://tr.wikipedia.org/wiki/Marmara_B%C3%B6lgesi,1,"Türkiye#375: Türk kültüründe önemli bir yer tutar. 'da ; , ve 'da ; 'de ; İç-Batı Anadolu, , Güney Marmara ve Doğu Akdeniz'de ile ; ve 'de ; ve İç Anadolu'da ; Kuzeydoğu Anadolu'da ve halk oyunları yaygındır."
Güney Marmara,https://tr.wikipedia.org/wiki/Marmara_B%C3%B6lgesi,1,"Türkiye#375: Türk kültüründe önemli bir yer tutar. 'da ; , ve 'da ; 'de ; İç-Batı Anadolu, , Güney Marmara ve Doğu Akdeniz'de ile ; ve 'de ; ve İç Anadolu'da ; Kuzeydoğu Anadolu'da ve halk oyunları yaygındır."
Zeybek U:(https://tr.wikipedia.org/wiki/Zeybek_(oyun))___ ; ___E:Batı Akdeniz,https://tr.wikipedia.org/wiki/Akdeniz_B%C3%B6lgesi,1,"Türkiye#375: Türk kültüründe önemli bir yer tutar. 'da ; , ve 'da ; 'de ; İç-Batı Anadolu, , Güney Marmara ve Doğu Akdeniz'de ile ; ve 'de ; ve İç Anadolu'da ; Kuzeydoğu Anadolu'da ve halk oyunları yaygındır."
Zeybek U:(https://tr.wikipedia.org/wiki/Zeybek_(oyun))___ ; ___E:Batı Akdeniz,https://tr.wikipedia.org/wiki/Akdeniz_B%C3%B6lgesi,1,"Türkiye#375: Türk kültüründe önemli bir yer tutar. 'da ; , ve 'da ; 'de ; İç-Batı Anadolu, , Güney Marmara ve Doğu Akdeniz'de ile ; ve 'de ; ve İç Anadolu'da ; Kuzeydoğu Anadolu'da ve halk oyunları yaygındır."
Teke,https://tr.wikipedia.org/wiki/Teke_zortlatmas%C4%B1,1,"Türkiye#375: Türk kültüründe önemli bir yer tutar. 'da ; , ve 'da ; 'de ; İç-Batı Anadolu, , Güney Marmara ve Doğu Akdeniz'de ile ; ve 'de ; ve İç Anadolu'da ; Kuzeydoğu Anadolu'da ve halk oyunları yaygındır."
Teke,https://tr.wikipedia.org/wiki/Teke_zortlatmas%C4%B1,1,"Türkiye#375: Türk kültüründe önemli bir yer tutar. 'da ; , ve 'da ; 'de ; İç-Batı Anadolu, , Güney Marmara ve Doğu Akdeniz'de ile ; ve 'de ; ve İç Anadolu'da ; Kuzeydoğu Anadolu'da ve halk oyunları yaygındır."
Batı Karadeniz,https://tr.wikipedia.org/wiki/Karadeniz_B%C3%B6lgesi,1,"Türkiye#375: Türk kültüründe önemli bir yer tutar. 'da ; , ve 'da ; 'de ; İç-Batı Anadolu, , Güney Marmara ve Doğu Akdeniz'de ile ; ve 'de ; ve İç Anadolu'da ; Kuzeydoğu Anadolu'da ve halk oyunları yaygındır."
Batı Karadeniz,https://tr.wikipedia.org/wiki/Karadeniz_B%C3%B6lgesi,1,"Türkiye#375: Türk kültüründe önemli bir yer tutar. 'da ; , ve 'da ; 'de ; İç-Batı Anadolu, , Güney Marmara ve Doğu Akdeniz'de ile ; ve 'de ; ve İç Anadolu'da ; Kuzeydoğu Anadolu'da ve halk oyunları yaygındır."
Kaşık oyunları,https://tr.wikipedia.org/wiki/Ka%C5%9F%C4%B1k_oyunlar%C4%B1,1,"Türkiye#375: Türk kültüründe önemli bir yer tutar. 'da ; , ve 'da ; 'de ; İç-Batı Anadolu, , Güney Marmara ve Doğu Akdeniz'de ile ; ve 'de ; ve İç Anadolu'da ; Kuzeydoğu Anadolu'da ve halk oyunları yaygındır."
Kaşık oyunları,https://tr.wikipedia.org/wiki/Ka%C5%9F%C4%B1k_oyunlar%C4%B1,1,"Türkiye#375: Türk kültüründe önemli bir yer tutar. 'da ; , ve 'da ; 'de ; İç-Batı Anadolu, , Güney Marmara ve Doğu Akdeniz'de ile ; ve 'de ; ve İç Anadolu'da ; Kuzeydoğu Anadolu'da ve halk oyunları yaygındır."
Karşılama,https://tr.wikipedia.org/wiki/Kar%C5%9F%C4%B1lama_oyunlar%C4%B1,1,"Türkiye#375: Türk kültüründe önemli bir yer tutar. 'da ; , ve 'da ; 'de ; İç-Batı Anadolu, , Güney Marmara ve Doğu Akdeniz'de ile ; ve 'de ; ve İç Anadolu'da ; Kuzeydoğu Anadolu'da ve halk oyunları yaygındır."
Karşılama,https://tr.wikipedia.org/wiki/Kar%C5%9F%C4%B1lama_oyunlar%C4%B1,1,"Türkiye#375: Türk kültüründe önemli bir yer tutar. 'da ; , ve 'da ; 'de ; İç-Batı Anadolu, , Güney Marmara ve Doğu Akdeniz'de ile ; ve 'de ; ve İç Anadolu'da ; Kuzeydoğu Anadolu'da ve halk oyunları yaygındır."
Orta,https://tr.wikipedia.org/wiki/Karadeniz_B%C3%B6lgesi,1,"Türkiye#375: Türk kültüründe önemli bir yer tutar. 'da ; , ve 'da ; 'de ; İç-Batı Anadolu, , Güney Marmara ve Doğu Akdeniz'de ile ; ve 'de ; ve İç Anadolu'da ; Kuzeydoğu Anadolu'da ve halk oyunları yaygındır."
Orta,https://tr.wikipedia.org/wiki/Karadeniz_B%C3%B6lgesi,1,"Türkiye#375: Türk kültüründe önemli bir yer tutar. 'da ; , ve 'da ; 'de ; İç-Batı Anadolu, , Güney Marmara ve Doğu Akdeniz'de ile ; ve 'de ; ve İç Anadolu'da ; Kuzeydoğu Anadolu'da ve halk oyunları yaygındır."
Horon,https://tr.wikipedia.org/wiki/Horon,1,"Türkiye#375: Türk kültüründe önemli bir yer tutar. 'da ; , ve 'da ; 'de ; İç-Batı Anadolu, , Güney Marmara ve Doğu Akdeniz'de ile ; ve 'de ; ve İç Anadolu'da ; Kuzeydoğu Anadolu'da ve halk oyunları yaygındır."
Horon,https://tr.wikipedia.org/wiki/Horon,1,"Türkiye#375: Türk kültüründe önemli bir yer tutar. 'da ; , ve 'da ; 'de ; İç-Batı Anadolu, , Güney Marmara ve Doğu Akdeniz'de ile ; ve 'de ; ve İç Anadolu'da ; Kuzeydoğu Anadolu'da ve halk oyunları yaygındır."
Doğu,https://tr.wikipedia.org/wiki/Do%C4%9Fu_Anadolu_B%C3%B6lgesi,1,"Türkiye#375: Türk kültüründe önemli bir yer tutar. 'da ; , ve 'da ; 'de ; İç-Batı Anadolu, , Güney Marmara ve Doğu Akdeniz'de ile ; ve 'de ; ve İç Anadolu'da ; Kuzeydoğu Anadolu'da ve halk oyunları yaygındır."
Doğu,https://tr.wikipedia.org/wiki/Do%C4%9Fu_Anadolu_B%C3%B6lgesi,1,"Türkiye#375: Türk kültüründe önemli bir yer tutar. 'da ; , ve 'da ; 'de ; İç-Batı Anadolu, , Güney Marmara ve Doğu Akdeniz'de ile ; ve 'de ; ve İç Anadolu'da ; Kuzeydoğu Anadolu'da ve halk oyunları yaygındır."
Halay,https://tr.wikipedia.org/wiki/Halay,1,"Türkiye#375: Türk kültüründe önemli bir yer tutar. 'da ; , ve 'da ; 'de ; İç-Batı Anadolu, , Güney Marmara ve Doğu Akdeniz'de ile ; ve 'de ; ve İç Anadolu'da ; Kuzeydoğu Anadolu'da ve halk oyunları yaygındır."
Halay,https://tr.wikipedia.org/wiki/Halay,1,"Türkiye#375: Türk kültüründe önemli bir yer tutar. 'da ; , ve 'da ; 'de ; İç-Batı Anadolu, , Güney Marmara ve Doğu Akdeniz'de ile ; ve 'de ; ve İç Anadolu'da ; Kuzeydoğu Anadolu'da ve halk oyunları yaygındır."
Bar U:(https://tr.wikipedia.org/wiki/Bar_(halk_oyunu))___ ve ___E:Lezginka,https://tr.wikipedia.org/wiki/Lezginka,1,"Türkiye#375: Türk kültüründe önemli bir yer tutar. 'da ; , ve 'da ; 'de ; İç-Batı Anadolu, , Güney Marmara ve Doğu Akdeniz'de ile ; ve 'de ; ve İç Anadolu'da ; Kuzeydoğu Anadolu'da ve halk oyunları yaygındır."
Bar U:(https://tr.wikipedia.org/wiki/Bar_(halk_oyunu))___ ve ___E:Lezginka,https://tr.wikipedia.org/wiki/Lezginka,1,"Türkiye#375: Türk kültüründe önemli bir yer tutar. 'da ; , ve 'da ; 'de ; İç-Batı Anadolu, , Güney Marmara ve Doğu Akdeniz'de ile ; ve 'de ; ve İç Anadolu'da ; Kuzeydoğu Anadolu'da ve halk oyunları yaygındır."
Türk mutfağı,https://tr.wikipedia.org/wiki/T%C3%BCrk_mutfa%C4%9F%C4%B1,1,"Türkiye#376: , ve mutfaklarıyla beraber dünyanın en zengin mutfaklarındandır."
Türk mutfağı,https://tr.wikipedia.org/wiki/T%C3%BCrk_mutfa%C4%9F%C4%B1,1,"Türkiye#376: , ve mutfaklarıyla beraber dünyanın en zengin mutfaklarındandır."
Çin,https://tr.wikipedia.org/wiki/%C3%87in_mutfa%C4%9F%C4%B1,1,"Türkiye#376: , ve mutfaklarıyla beraber dünyanın en zengin mutfaklarındandır."
Çin,https://tr.wikipedia.org/wiki/%C3%87in_mutfa%C4%9F%C4%B1,1,"Türkiye#376: , ve mutfaklarıyla beraber dünyanın en zengin mutfaklarındandır."
Fransız,https://tr.wikipedia.org/wiki/Fransa,1,"Türkiye#376: , ve mutfaklarıyla beraber dünyanın en zengin mutfaklarındandır."
Fransız,https://tr.wikipedia.org/wiki/Fransa,1,"Türkiye#376: , ve mutfaklarıyla beraber dünyanın en zengin mutfaklarındandır."
Mezopotamya,https://tr.wikipedia.org/wiki/Mezopotamya,1,"Türkiye#378: Türk mutfağı, ve mutfaklarıyla etkileşime girmiştir, saray mutfağı da Türk mutfağının önemli bir kısmını oluşturur."
Mezopotamya,https://tr.wikipedia.org/wiki/Mezopotamya,1,"Türkiye#378: Türk mutfağı, ve mutfaklarıyla etkileşime girmiştir, saray mutfağı da Türk mutfağının önemli bir kısmını oluşturur."
Dor istilası,https://tr.wikipedia.org/wiki/Dor_istilas%C4%B1,1,"Türkiye#5: Türkiye toprakları üzerinde bulunan ilk yerleşmeler 'nde başlar. 'da olmak üzere, , , ve sonucu 'dan kaçan tarafından kurulan medeniyeti gibi çeşitli eski ardından, kralı 'in egemenliğiyle ve fetihleriyle birlikte başladı."
Dor istilası,https://tr.wikipedia.org/wiki/Dor_istilas%C4%B1,1,"Türkiye#5: Türkiye toprakları üzerinde bulunan ilk yerleşmeler 'nde başlar. 'da olmak üzere, , , ve sonucu 'dan kaçan tarafından kurulan medeniyeti gibi çeşitli eski ardından, kralı 'in egemenliğiyle ve fetihleriyle birlikte başladı."
Osmanlı Saray Mutfağı,https://tr.wikipedia.org/wiki/Osmanl%C4%B1_saray_mutfa%C4%9F%C4%B1,1,"Türkiye#379: 'nda çok çeşitli çorba, zeytinyağlı sebze, etli yemek, balık, börek, tatlı menüleri mevcuttur."
Osmanlı Saray Mutfağı,https://tr.wikipedia.org/wiki/Osmanl%C4%B1_saray_mutfa%C4%9F%C4%B1,1,"Türkiye#379: 'nda çok çeşitli çorba, zeytinyağlı sebze, etli yemek, balık, börek, tatlı menüleri mevcuttur."
yerli sineması,https://tr.wikipedia.org/wiki/T%C3%BCrk_sinemas%C4%B1,1,"Türkiye#385: Yüzlerce televizyon kanalı, binlerce yerel ve ulusal radyo istasyonu, onlarca gazetesi, kâr sağlayan üretken ve hızlı büyüyen internet kullanımı ile Türkiye'nin oldukça canlı bir medya sektörü vardır. 2014 yılında ülkede faal durumda olan radyo ve televizyon kurumu sayısı 1.190 olarak açıklanmıştır."
yerli sineması,https://tr.wikipedia.org/wiki/T%C3%BCrk_sinemas%C4%B1,1,"Türkiye#385: Yüzlerce televizyon kanalı, binlerce yerel ve ulusal radyo istasyonu, onlarca gazetesi, kâr sağlayan üretken ve hızlı büyüyen internet kullanımı ile Türkiye'nin oldukça canlı bir medya sektörü vardır. 2014 yılında ülkede faal durumda olan radyo ve televizyon kurumu sayısı 1.190 olarak açıklanmıştır."
geniş bant,https://tr.wikipedia.org/wiki/Geni%C5%9F_bant,1,"Türkiye#385: Yüzlerce televizyon kanalı, binlerce yerel ve ulusal radyo istasyonu, onlarca gazetesi, kâr sağlayan üretken ve hızlı büyüyen internet kullanımı ile Türkiye'nin oldukça canlı bir medya sektörü vardır. 2014 yılında ülkede faal durumda olan radyo ve televizyon kurumu sayısı 1.190 olarak açıklanmıştır."
geniş bant,https://tr.wikipedia.org/wiki/Geni%C5%9F_bant,1,"Türkiye#385: Yüzlerce televizyon kanalı, binlerce yerel ve ulusal radyo istasyonu, onlarca gazetesi, kâr sağlayan üretken ve hızlı büyüyen internet kullanımı ile Türkiye'nin oldukça canlı bir medya sektörü vardır. 2014 yılında ülkede faal durumda olan radyo ve televizyon kurumu sayısı 1.190 olarak açıklanmıştır."
Kanal D,https://tr.wikipedia.org/wiki/Kanal_D,1,"Türkiye#387: Devlet kanalı ile , , ve gibi özel kanallar, izleyici tarafından en çok takip edilen kanallardır."
Kanal D,https://tr.wikipedia.org/wiki/Kanal_D,1,"Türkiye#387: Devlet kanalı ile , , ve gibi özel kanallar, izleyici tarafından en çok takip edilen kanallardır."
Show TV,https://tr.wikipedia.org/wiki/Show_TV,1,"Türkiye#387: Devlet kanalı ile , , ve gibi özel kanallar, izleyici tarafından en çok takip edilen kanallardır."
Show TV,https://tr.wikipedia.org/wiki/Show_TV,1,"Türkiye#387: Devlet kanalı ile , , ve gibi özel kanallar, izleyici tarafından en çok takip edilen kanallardır."
Atv U:(https://tr.wikipedia.org/wiki/Atv_(T%C3%BCrkiye))___ ve ___E:Star TV,https://tr.wikipedia.org/wiki/Star_TV,1,"Türkiye#387: Devlet kanalı ile , , ve gibi özel kanallar, izleyici tarafından en çok takip edilen kanallardır."
Atv U:(https://tr.wikipedia.org/wiki/Atv_(T%C3%BCrkiye))___ ve ___E:Star TV,https://tr.wikipedia.org/wiki/Star_TV,1,"Türkiye#387: Devlet kanalı ile , , ve gibi özel kanallar, izleyici tarafından en çok takip edilen kanallardır."
uydu antenleri U:(https://tr.wikipedia.org/wiki/Anten_(elektronik))___ ve ___E:kablo,https://tr.wikipedia.org/wiki/Kablolu_televizyon,1,"Türkiye#389: Ülkedeki yayın kuruluşları, ve sistemi ile geniş bir alana yayılarak erişilebilir hâle gelmiştir. , ülkenin televizyon ve radyolarını hükûmet gözetiminde denetleyen yetkili kuruluştur."
uydu antenleri U:(https://tr.wikipedia.org/wiki/Anten_(elektronik))___ ve ___E:kablo,https://tr.wikipedia.org/wiki/Kablolu_televizyon,1,"Türkiye#389: Ülkedeki yayın kuruluşları, ve sistemi ile geniş bir alana yayılarak erişilebilir hâle gelmiştir. , ülkenin televizyon ve radyolarını hükûmet gözetiminde denetleyen yetkili kuruluştur."
Radyo ve Televizyon Üst Kurulu (RTÜK),https://tr.wikipedia.org/wiki/Radyo_ve_Televizyon_%C3%9Cst_Kurulu,1,"Türkiye#389: Ülkedeki yayın kuruluşları, ve sistemi ile geniş bir alana yayılarak erişilebilir hâle gelmiştir. , ülkenin televizyon ve radyolarını hükûmet gözetiminde denetleyen yetkili kuruluştur."
Radyo ve Televizyon Üst Kurulu (RTÜK),https://tr.wikipedia.org/wiki/Radyo_ve_Televizyon_%C3%9Cst_Kurulu,1,"Türkiye#389: Ülkedeki yayın kuruluşları, ve sistemi ile geniş bir alana yayılarak erişilebilir hâle gelmiştir. , ülkenin televizyon ve radyolarını hükûmet gözetiminde denetleyen yetkili kuruluştur."
Özgür Değil,https://tr.wikipedia.org/wiki/T%C3%BCrkiye%27de_sans%C3%BCr,1,"Türkiye#390: Tiraj rakamlarına göre ülkenin en popüler ilk beş gazetesi Hürriyet , Sabah , Posta , Sözcü ve Habertürk 'tür. , Türkiye'de basından "" "" şeklinde bahsederken internet ortamından ""Kısmen Özgür"" şeklinde bahseder."
Özgür Değil,https://tr.wikipedia.org/wiki/T%C3%BCrkiye%27de_sans%C3%BCr,1,"Türkiye#390: Tiraj rakamlarına göre ülkenin en popüler ilk beş gazetesi Hürriyet , Sabah , Posta , Sözcü ve Habertürk 'tür. , Türkiye'de basından "" "" şeklinde bahsederken internet ortamından ""Kısmen Özgür"" şeklinde bahseder."
futboldur,https://tr.wikipedia.org/wiki/Futbol,1,Türkiye#391: Türkiye'de en çok sevilen sporlardan biri .
futboldur,https://tr.wikipedia.org/wiki/Futbol,1,Türkiye#391: Türkiye'de en çok sevilen sporlardan biri .
Süper Lig,https://tr.wikipedia.org/wiki/S%C3%BCper_Lig,1,"Türkiye#392: Futbol ligler hâlinde oynanmakta ve bunların en büyüğü 'dir. Lig şampiyonu olabilmiş olan takımların dördü ( , , ve ) takımı, iki tanesi ( ve ) ise takımıdır."
Süper Lig,https://tr.wikipedia.org/wiki/S%C3%BCper_Lig,1,"Türkiye#392: Futbol ligler hâlinde oynanmakta ve bunların en büyüğü 'dir. Lig şampiyonu olabilmiş olan takımların dördü ( , , ve ) takımı, iki tanesi ( ve ) ise takımıdır."
"Galatasaray U:(https://tr.wikipedia.org/wiki/Galatasaray_(futbol_tak%C4%B1m%C4%B1))___ , , ve ___E:İstanbul Başakşehir",https://tr.wikipedia.org/wiki/%C4%B0stanbul_Ba%C5%9Fak%C5%9Fehir_FK,1,"Türkiye#392: Futbol ligler hâlinde oynanmakta ve bunların en büyüğü 'dir. Lig şampiyonu olabilmiş olan takımların dördü ( , , ve ) takımı, iki tanesi ( ve ) ise takımıdır."
"Galatasaray U:(https://tr.wikipedia.org/wiki/Galatasaray_(futbol_tak%C4%B1m%C4%B1))___ , , ve ___E:İstanbul Başakşehir",https://tr.wikipedia.org/wiki/%C4%B0stanbul_Ba%C5%9Fak%C5%9Fehir_FK,1,"Türkiye#392: Futbol ligler hâlinde oynanmakta ve bunların en büyüğü 'dir. Lig şampiyonu olabilmiş olan takımların dördü ( , , ve ) takımı, iki tanesi ( ve ) ise takımıdır."
Trabzonspor U:(https://tr.wikipedia.org/wiki/Trabzonspor_(futbol_tak%C4%B1m%C4%B1))___ ve ) ise ___E:Anadolu,https://tr.wikipedia.org/wiki/Anadolu,1,"Türkiye#392: Futbol ligler hâlinde oynanmakta ve bunların en büyüğü 'dir. Lig şampiyonu olabilmiş olan takımların dördü ( , , ve ) takımı, iki tanesi ( ve ) ise takımıdır."
Trabzonspor U:(https://tr.wikipedia.org/wiki/Trabzonspor_(futbol_tak%C4%B1m%C4%B1))___ ve ) ise ___E:Anadolu,https://tr.wikipedia.org/wiki/Anadolu,1,"Türkiye#392: Futbol ligler hâlinde oynanmakta ve bunların en büyüğü 'dir. Lig şampiyonu olabilmiş olan takımların dördü ( , , ve ) takımı, iki tanesi ( ve ) ise takımıdır."
Türkiye Futbol Federasyonu,https://tr.wikipedia.org/wiki/T%C3%BCrkiye_Futbol_Federasyonu,1,Türkiye#393: Futbol kulüpleri çatısı altında toplanmıştır.
Türkiye Futbol Federasyonu,https://tr.wikipedia.org/wiki/T%C3%BCrkiye_Futbol_Federasyonu,1,Türkiye#393: Futbol kulüpleri çatısı altında toplanmıştır.
UEFA Kupası,https://tr.wikipedia.org/wiki/UEFA_Avrupa_Ligi,1,"Türkiye#394: Galatasaray 'da kupa kazanan ilk ve tek Türk futbol takımıdır. 2000 yılında ve 'nı kazanmıştır. altıncı, 'nda ve 'nda üçüncü olmuş, yarı final oynamış, yedinci olmuştur."
UEFA Kupası,https://tr.wikipedia.org/wiki/UEFA_Avrupa_Ligi,1,"Türkiye#394: Galatasaray 'da kupa kazanan ilk ve tek Türk futbol takımıdır. 2000 yılında ve 'nı kazanmıştır. altıncı, 'nda ve 'nda üçüncü olmuş, yarı final oynamış, yedinci olmuştur."
UEFA Süper Kupası,https://tr.wikipedia.org/wiki/UEFA_S%C3%BCper_Kupas%C4%B1,1,"Türkiye#394: Galatasaray 'da kupa kazanan ilk ve tek Türk futbol takımıdır. 2000 yılında ve 'nı kazanmıştır. altıncı, 'nda ve 'nda üçüncü olmuş, yarı final oynamış, yedinci olmuştur."
UEFA Süper Kupası,https://tr.wikipedia.org/wiki/UEFA_S%C3%BCper_Kupas%C4%B1,1,"Türkiye#394: Galatasaray 'da kupa kazanan ilk ve tek Türk futbol takımıdır. 2000 yılında ve 'nı kazanmıştır. altıncı, 'nda ve 'nda üçüncü olmuş, yarı final oynamış, yedinci olmuştur."
Türkiye millî futbol takımı,https://tr.wikipedia.org/wiki/T%C3%BCrkiye_mill%C3%AE_futbol_tak%C4%B1m%C4%B1,1,"Türkiye#394: Galatasaray 'da kupa kazanan ilk ve tek Türk futbol takımıdır. 2000 yılında ve 'nı kazanmıştır. altıncı, 'nda ve 'nda üçüncü olmuş, yarı final oynamış, yedinci olmuştur."
Türkiye millî futbol takımı,https://tr.wikipedia.org/wiki/T%C3%BCrkiye_mill%C3%AE_futbol_tak%C4%B1m%C4%B1,1,"Türkiye#394: Galatasaray 'da kupa kazanan ilk ve tek Türk futbol takımıdır. 2000 yılında ve 'nı kazanmıştır. altıncı, 'nda ve 'nda üçüncü olmuş, yarı final oynamış, yedinci olmuştur."
2000 Avrupa Futbol Şampiyonasında,https://tr.wikipedia.org/wiki/2000_Avrupa_Futbol_%C5%9Eampiyonas%C4%B1,1,"Türkiye#394: Galatasaray 'da kupa kazanan ilk ve tek Türk futbol takımıdır. 2000 yılında ve 'nı kazanmıştır. altıncı, 'nda ve 'nda üçüncü olmuş, yarı final oynamış, yedinci olmuştur."
2000 Avrupa Futbol Şampiyonasında,https://tr.wikipedia.org/wiki/2000_Avrupa_Futbol_%C5%9Eampiyonas%C4%B1,1,"Türkiye#394: Galatasaray 'da kupa kazanan ilk ve tek Türk futbol takımıdır. 2000 yılında ve 'nı kazanmıştır. altıncı, 'nda ve 'nda üçüncü olmuş, yarı final oynamış, yedinci olmuştur."
2002 FIFA Dünya Kupası,https://tr.wikipedia.org/wiki/2002_FIFA_D%C3%BCnya_Kupas%C4%B1,1,"Türkiye#394: Galatasaray 'da kupa kazanan ilk ve tek Türk futbol takımıdır. 2000 yılında ve 'nı kazanmıştır. altıncı, 'nda ve 'nda üçüncü olmuş, yarı final oynamış, yedinci olmuştur."
2002 FIFA Dünya Kupası,https://tr.wikipedia.org/wiki/2002_FIFA_D%C3%BCnya_Kupas%C4%B1,1,"Türkiye#394: Galatasaray 'da kupa kazanan ilk ve tek Türk futbol takımıdır. 2000 yılında ve 'nı kazanmıştır. altıncı, 'nda ve 'nda üçüncü olmuş, yarı final oynamış, yedinci olmuştur."
2003 FIFA Konfederasyonlar Kupası,https://tr.wikipedia.org/wiki/2003_FIFA_Konfederasyonlar_Kupas%C4%B1,1,"Türkiye#394: Galatasaray 'da kupa kazanan ilk ve tek Türk futbol takımıdır. 2000 yılında ve 'nı kazanmıştır. altıncı, 'nda ve 'nda üçüncü olmuş, yarı final oynamış, yedinci olmuştur."
2003 FIFA Konfederasyonlar Kupası,https://tr.wikipedia.org/wiki/2003_FIFA_Konfederasyonlar_Kupas%C4%B1,1,"Türkiye#394: Galatasaray 'da kupa kazanan ilk ve tek Türk futbol takımıdır. 2000 yılında ve 'nı kazanmıştır. altıncı, 'nda ve 'nda üçüncü olmuş, yarı final oynamış, yedinci olmuştur."
2008 Avrupa Futbol Şampiyonasında,https://tr.wikipedia.org/wiki/2008_Avrupa_Futbol_%C5%9Eampiyonas%C4%B1,1,"Türkiye#394: Galatasaray 'da kupa kazanan ilk ve tek Türk futbol takımıdır. 2000 yılında ve 'nı kazanmıştır. altıncı, 'nda ve 'nda üçüncü olmuş, yarı final oynamış, yedinci olmuştur."
2008 Avrupa Futbol Şampiyonasında,https://tr.wikipedia.org/wiki/2008_Avrupa_Futbol_%C5%9Eampiyonas%C4%B1,1,"Türkiye#394: Galatasaray 'da kupa kazanan ilk ve tek Türk futbol takımıdır. 2000 yılında ve 'nı kazanmıştır. altıncı, 'nda ve 'nda üçüncü olmuş, yarı final oynamış, yedinci olmuştur."
2024 Avrupa Futbol Şampiyonasında,https://tr.wikipedia.org/wiki/2024_Avrupa_Futbol_%C5%9Eampiyonas%C4%B1,1,"Türkiye#394: Galatasaray 'da kupa kazanan ilk ve tek Türk futbol takımıdır. 2000 yılında ve 'nı kazanmıştır. altıncı, 'nda ve 'nda üçüncü olmuş, yarı final oynamış, yedinci olmuştur."
2024 Avrupa Futbol Şampiyonasında,https://tr.wikipedia.org/wiki/2024_Avrupa_Futbol_%C5%9Eampiyonas%C4%B1,1,"Türkiye#394: Galatasaray 'da kupa kazanan ilk ve tek Türk futbol takımıdır. 2000 yılında ve 'nı kazanmıştır. altıncı, 'nda ve 'nda üçüncü olmuş, yarı final oynamış, yedinci olmuştur."
UEFA,https://tr.wikipedia.org/wiki/UEFA,1,"Türkiye#395: Türkiye, tarafından düzenlenen birçok önemli futbol organizasyonuna ev sahipliği yapmıştır. ve yıllarında finalleri İstanbul'daki 'nda oynanmıştır. yılında finali 'nda düzenlenmiştir. yılında ise mücadelesi 'ta gerçekleştirilmiştir. yılında Türkiye'de düzenlenmiş, turnuvanın maçı İstanbul'daki 'nde oynanmıştır. yılında düzenlenecek olan Avrupa Futbol Şampiyonasının Türkiye ve ile ortaklaşa düzenleneceği açıklanmıştır."
UEFA,https://tr.wikipedia.org/wiki/UEFA,1,"Türkiye#395: Türkiye, tarafından düzenlenen birçok önemli futbol organizasyonuna ev sahipliği yapmıştır. ve yıllarında finalleri İstanbul'daki 'nda oynanmıştır. yılında finali 'nda düzenlenmiştir. yılında ise mücadelesi 'ta gerçekleştirilmiştir. yılında Türkiye'de düzenlenmiş, turnuvanın maçı İstanbul'daki 'nde oynanmıştır. yılında düzenlenecek olan Avrupa Futbol Şampiyonasının Türkiye ve ile ortaklaşa düzenleneceği açıklanmıştır."
2005,https://tr.wikipedia.org/wiki/2005_UEFA_%C5%9Eampiyonlar_Ligi_finali,1,"Türkiye#395: Türkiye, tarafından düzenlenen birçok önemli futbol organizasyonuna ev sahipliği yapmıştır. ve yıllarında finalleri İstanbul'daki 'nda oynanmıştır. yılında finali 'nda düzenlenmiştir. yılında ise mücadelesi 'ta gerçekleştirilmiştir. yılında Türkiye'de düzenlenmiş, turnuvanın maçı İstanbul'daki 'nde oynanmıştır. yılında düzenlenecek olan Avrupa Futbol Şampiyonasının Türkiye ve ile ortaklaşa düzenleneceği açıklanmıştır."
2005,https://tr.wikipedia.org/wiki/2005_UEFA_%C5%9Eampiyonlar_Ligi_finali,1,"Türkiye#395: Türkiye, tarafından düzenlenen birçok önemli futbol organizasyonuna ev sahipliği yapmıştır. ve yıllarında finalleri İstanbul'daki 'nda oynanmıştır. yılında finali 'nda düzenlenmiştir. yılında ise mücadelesi 'ta gerçekleştirilmiştir. yılında Türkiye'de düzenlenmiş, turnuvanın maçı İstanbul'daki 'nde oynanmıştır. yılında düzenlenecek olan Avrupa Futbol Şampiyonasının Türkiye ve ile ortaklaşa düzenleneceği açıklanmıştır."
2023,https://tr.wikipedia.org/wiki/2023_UEFA_%C5%9Eampiyonlar_Ligi_finali,1,"Türkiye#395: Türkiye, tarafından düzenlenen birçok önemli futbol organizasyonuna ev sahipliği yapmıştır. ve yıllarında finalleri İstanbul'daki 'nda oynanmıştır. yılında finali 'nda düzenlenmiştir. yılında ise mücadelesi 'ta gerçekleştirilmiştir. yılında Türkiye'de düzenlenmiş, turnuvanın maçı İstanbul'daki 'nde oynanmıştır. yılında düzenlenecek olan Avrupa Futbol Şampiyonasının Türkiye ve ile ortaklaşa düzenleneceği açıklanmıştır."
2023,https://tr.wikipedia.org/wiki/2023_UEFA_%C5%9Eampiyonlar_Ligi_finali,1,"Türkiye#395: Türkiye, tarafından düzenlenen birçok önemli futbol organizasyonuna ev sahipliği yapmıştır. ve yıllarında finalleri İstanbul'daki 'nda oynanmıştır. yılında finali 'nda düzenlenmiştir. yılında ise mücadelesi 'ta gerçekleştirilmiştir. yılında Türkiye'de düzenlenmiş, turnuvanın maçı İstanbul'daki 'nde oynanmıştır. yılında düzenlenecek olan Avrupa Futbol Şampiyonasının Türkiye ve ile ortaklaşa düzenleneceği açıklanmıştır."
UEFA Şampiyonlar Ligi,https://tr.wikipedia.org/wiki/UEFA_%C5%9Eampiyonlar_Ligi,1,"Türkiye#395: Türkiye, tarafından düzenlenen birçok önemli futbol organizasyonuna ev sahipliği yapmıştır. ve yıllarında finalleri İstanbul'daki 'nda oynanmıştır. yılında finali 'nda düzenlenmiştir. yılında ise mücadelesi 'ta gerçekleştirilmiştir. yılında Türkiye'de düzenlenmiş, turnuvanın maçı İstanbul'daki 'nde oynanmıştır. yılında düzenlenecek olan Avrupa Futbol Şampiyonasının Türkiye ve ile ortaklaşa düzenleneceği açıklanmıştır."
UEFA Şampiyonlar Ligi,https://tr.wikipedia.org/wiki/UEFA_%C5%9Eampiyonlar_Ligi,1,"Türkiye#395: Türkiye, tarafından düzenlenen birçok önemli futbol organizasyonuna ev sahipliği yapmıştır. ve yıllarında finalleri İstanbul'daki 'nda oynanmıştır. yılında finali 'nda düzenlenmiştir. yılında ise mücadelesi 'ta gerçekleştirilmiştir. yılında Türkiye'de düzenlenmiş, turnuvanın maçı İstanbul'daki 'nde oynanmıştır. yılında düzenlenecek olan Avrupa Futbol Şampiyonasının Türkiye ve ile ortaklaşa düzenleneceği açıklanmıştır."
Atatürk Olimpiyat Stadyumu,https://tr.wikipedia.org/wiki/Atat%C3%BCrk_Olimpiyat_Stadyumu,1,"Türkiye#395: Türkiye, tarafından düzenlenen birçok önemli futbol organizasyonuna ev sahipliği yapmıştır. ve yıllarında finalleri İstanbul'daki 'nda oynanmıştır. yılında finali 'nda düzenlenmiştir. yılında ise mücadelesi 'ta gerçekleştirilmiştir. yılında Türkiye'de düzenlenmiş, turnuvanın maçı İstanbul'daki 'nde oynanmıştır. yılında düzenlenecek olan Avrupa Futbol Şampiyonasının Türkiye ve ile ortaklaşa düzenleneceği açıklanmıştır."
Atatürk Olimpiyat Stadyumu,https://tr.wikipedia.org/wiki/Atat%C3%BCrk_Olimpiyat_Stadyumu,1,"Türkiye#395: Türkiye, tarafından düzenlenen birçok önemli futbol organizasyonuna ev sahipliği yapmıştır. ve yıllarında finalleri İstanbul'daki 'nda oynanmıştır. yılında finali 'nda düzenlenmiştir. yılında ise mücadelesi 'ta gerçekleştirilmiştir. yılında Türkiye'de düzenlenmiş, turnuvanın maçı İstanbul'daki 'nde oynanmıştır. yılında düzenlenecek olan Avrupa Futbol Şampiyonasının Türkiye ve ile ortaklaşa düzenleneceği açıklanmıştır."
2009,https://tr.wikipedia.org/wiki/2009_UEFA_Kupas%C4%B1_finali,1,"Türkiye#395: Türkiye, tarafından düzenlenen birçok önemli futbol organizasyonuna ev sahipliği yapmıştır. ve yıllarında finalleri İstanbul'daki 'nda oynanmıştır. yılında finali 'nda düzenlenmiştir. yılında ise mücadelesi 'ta gerçekleştirilmiştir. yılında Türkiye'de düzenlenmiş, turnuvanın maçı İstanbul'daki 'nde oynanmıştır. yılında düzenlenecek olan Avrupa Futbol Şampiyonasının Türkiye ve ile ortaklaşa düzenleneceği açıklanmıştır."
2009,https://tr.wikipedia.org/wiki/2009_UEFA_Kupas%C4%B1_finali,1,"Türkiye#395: Türkiye, tarafından düzenlenen birçok önemli futbol organizasyonuna ev sahipliği yapmıştır. ve yıllarında finalleri İstanbul'daki 'nda oynanmıştır. yılında finali 'nda düzenlenmiştir. yılında ise mücadelesi 'ta gerçekleştirilmiştir. yılında Türkiye'de düzenlenmiş, turnuvanın maçı İstanbul'daki 'nde oynanmıştır. yılında düzenlenecek olan Avrupa Futbol Şampiyonasının Türkiye ve ile ortaklaşa düzenleneceği açıklanmıştır."
UEFA,https://tr.wikipedia.org/wiki/UEFA_Avrupa_Ligi,1,"Türkiye#395: Türkiye, tarafından düzenlenen birçok önemli futbol organizasyonuna ev sahipliği yapmıştır. ve yıllarında finalleri İstanbul'daki 'nda oynanmıştır. yılında finali 'nda düzenlenmiştir. yılında ise mücadelesi 'ta gerçekleştirilmiştir. yılında Türkiye'de düzenlenmiş, turnuvanın maçı İstanbul'daki 'nde oynanmıştır. yılında düzenlenecek olan Avrupa Futbol Şampiyonasının Türkiye ve ile ortaklaşa düzenleneceği açıklanmıştır."
UEFA,https://tr.wikipedia.org/wiki/UEFA_Avrupa_Ligi,1,"Türkiye#395: Türkiye, tarafından düzenlenen birçok önemli futbol organizasyonuna ev sahipliği yapmıştır. ve yıllarında finalleri İstanbul'daki 'nda oynanmıştır. yılında finali 'nda düzenlenmiştir. yılında ise mücadelesi 'ta gerçekleştirilmiştir. yılında Türkiye'de düzenlenmiş, turnuvanın maçı İstanbul'daki 'nde oynanmıştır. yılında düzenlenecek olan Avrupa Futbol Şampiyonasının Türkiye ve ile ortaklaşa düzenleneceği açıklanmıştır."
Kupası,https://tr.wikipedia.org/wiki/UEFA_Avrupa_Ligi,1,"Türkiye#395: Türkiye, tarafından düzenlenen birçok önemli futbol organizasyonuna ev sahipliği yapmıştır. ve yıllarında finalleri İstanbul'daki 'nda oynanmıştır. yılında finali 'nda düzenlenmiştir. yılında ise mücadelesi 'ta gerçekleştirilmiştir. yılında Türkiye'de düzenlenmiş, turnuvanın maçı İstanbul'daki 'nde oynanmıştır. yılında düzenlenecek olan Avrupa Futbol Şampiyonasının Türkiye ve ile ortaklaşa düzenleneceği açıklanmıştır."
Kupası,https://tr.wikipedia.org/wiki/UEFA_Avrupa_Ligi,1,"Türkiye#395: Türkiye, tarafından düzenlenen birçok önemli futbol organizasyonuna ev sahipliği yapmıştır. ve yıllarında finalleri İstanbul'daki 'nda oynanmıştır. yılında finali 'nda düzenlenmiştir. yılında ise mücadelesi 'ta gerçekleştirilmiştir. yılında Türkiye'de düzenlenmiş, turnuvanın maçı İstanbul'daki 'nde oynanmıştır. yılında düzenlenecek olan Avrupa Futbol Şampiyonasının Türkiye ve ile ortaklaşa düzenleneceği açıklanmıştır."
Şükrü Saracoğlu Stadyumu,https://tr.wikipedia.org/wiki/Fenerbah%C3%A7e_%C5%9E%C3%BCkr%C3%BC_Saraco%C4%9Flu_Stadyumu,1,"Türkiye#395: Türkiye, tarafından düzenlenen birçok önemli futbol organizasyonuna ev sahipliği yapmıştır. ve yıllarında finalleri İstanbul'daki 'nda oynanmıştır. yılında finali 'nda düzenlenmiştir. yılında ise mücadelesi 'ta gerçekleştirilmiştir. yılında Türkiye'de düzenlenmiş, turnuvanın maçı İstanbul'daki 'nde oynanmıştır. yılında düzenlenecek olan Avrupa Futbol Şampiyonasının Türkiye ve ile ortaklaşa düzenleneceği açıklanmıştır."
Şükrü Saracoğlu Stadyumu,https://tr.wikipedia.org/wiki/Fenerbah%C3%A7e_%C5%9E%C3%BCkr%C3%BC_Saraco%C4%9Flu_Stadyumu,1,"Türkiye#395: Türkiye, tarafından düzenlenen birçok önemli futbol organizasyonuna ev sahipliği yapmıştır. ve yıllarında finalleri İstanbul'daki 'nda oynanmıştır. yılında finali 'nda düzenlenmiştir. yılında ise mücadelesi 'ta gerçekleştirilmiştir. yılında Türkiye'de düzenlenmiş, turnuvanın maçı İstanbul'daki 'nde oynanmıştır. yılında düzenlenecek olan Avrupa Futbol Şampiyonasının Türkiye ve ile ortaklaşa düzenleneceği açıklanmıştır."
2019,https://tr.wikipedia.org/wiki/2019_UEFA_S%C3%BCper_Kupas%C4%B1,1,"Türkiye#395: Türkiye, tarafından düzenlenen birçok önemli futbol organizasyonuna ev sahipliği yapmıştır. ve yıllarında finalleri İstanbul'daki 'nda oynanmıştır. yılında finali 'nda düzenlenmiştir. yılında ise mücadelesi 'ta gerçekleştirilmiştir. yılında Türkiye'de düzenlenmiş, turnuvanın maçı İstanbul'daki 'nde oynanmıştır. yılında düzenlenecek olan Avrupa Futbol Şampiyonasının Türkiye ve ile ortaklaşa düzenleneceği açıklanmıştır."
2019,https://tr.wikipedia.org/wiki/2019_UEFA_S%C3%BCper_Kupas%C4%B1,1,"Türkiye#395: Türkiye, tarafından düzenlenen birçok önemli futbol organizasyonuna ev sahipliği yapmıştır. ve yıllarında finalleri İstanbul'daki 'nda oynanmıştır. yılında finali 'nda düzenlenmiştir. yılında ise mücadelesi 'ta gerçekleştirilmiştir. yılında Türkiye'de düzenlenmiş, turnuvanın maçı İstanbul'daki 'nde oynanmıştır. yılında düzenlenecek olan Avrupa Futbol Şampiyonasının Türkiye ve ile ortaklaşa düzenleneceği açıklanmıştır."
UEFA Süper Kupa,https://tr.wikipedia.org/wiki/UEFA_S%C3%BCper_Kupas%C4%B1,1,"Türkiye#395: Türkiye, tarafından düzenlenen birçok önemli futbol organizasyonuna ev sahipliği yapmıştır. ve yıllarında finalleri İstanbul'daki 'nda oynanmıştır. yılında finali 'nda düzenlenmiştir. yılında ise mücadelesi 'ta gerçekleştirilmiştir. yılında Türkiye'de düzenlenmiş, turnuvanın maçı İstanbul'daki 'nde oynanmıştır. yılında düzenlenecek olan Avrupa Futbol Şampiyonasının Türkiye ve ile ortaklaşa düzenleneceği açıklanmıştır."
UEFA Süper Kupa,https://tr.wikipedia.org/wiki/UEFA_S%C3%BCper_Kupas%C4%B1,1,"Türkiye#395: Türkiye, tarafından düzenlenen birçok önemli futbol organizasyonuna ev sahipliği yapmıştır. ve yıllarında finalleri İstanbul'daki 'nda oynanmıştır. yılında finali 'nda düzenlenmiştir. yılında ise mücadelesi 'ta gerçekleştirilmiştir. yılında Türkiye'de düzenlenmiş, turnuvanın maçı İstanbul'daki 'nde oynanmıştır. yılında düzenlenecek olan Avrupa Futbol Şampiyonasının Türkiye ve ile ortaklaşa düzenleneceği açıklanmıştır."
Beşiktaş Park,https://tr.wikipedia.org/wiki/Be%C5%9Fikta%C5%9F_Park,1,"Türkiye#395: Türkiye, tarafından düzenlenen birçok önemli futbol organizasyonuna ev sahipliği yapmıştır. ve yıllarında finalleri İstanbul'daki 'nda oynanmıştır. yılında finali 'nda düzenlenmiştir. yılında ise mücadelesi 'ta gerçekleştirilmiştir. yılında Türkiye'de düzenlenmiş, turnuvanın maçı İstanbul'daki 'nde oynanmıştır. yılında düzenlenecek olan Avrupa Futbol Şampiyonasının Türkiye ve ile ortaklaşa düzenleneceği açıklanmıştır."
Beşiktaş Park,https://tr.wikipedia.org/wiki/Be%C5%9Fikta%C5%9F_Park,1,"Türkiye#395: Türkiye, tarafından düzenlenen birçok önemli futbol organizasyonuna ev sahipliği yapmıştır. ve yıllarında finalleri İstanbul'daki 'nda oynanmıştır. yılında finali 'nda düzenlenmiştir. yılında ise mücadelesi 'ta gerçekleştirilmiştir. yılında Türkiye'de düzenlenmiş, turnuvanın maçı İstanbul'daki 'nde oynanmıştır. yılında düzenlenecek olan Avrupa Futbol Şampiyonasının Türkiye ve ile ortaklaşa düzenleneceği açıklanmıştır."
2013,https://tr.wikipedia.org/wiki/2013_FIFA_20_Ya%C5%9F_Alt%C4%B1_D%C3%BCnya_Kupas%C4%B1,1,"Türkiye#395: Türkiye, tarafından düzenlenen birçok önemli futbol organizasyonuna ev sahipliği yapmıştır. ve yıllarında finalleri İstanbul'daki 'nda oynanmıştır. yılında finali 'nda düzenlenmiştir. yılında ise mücadelesi 'ta gerçekleştirilmiştir. yılında Türkiye'de düzenlenmiş, turnuvanın maçı İstanbul'daki 'nde oynanmıştır. yılında düzenlenecek olan Avrupa Futbol Şampiyonasının Türkiye ve ile ortaklaşa düzenleneceği açıklanmıştır."
2013,https://tr.wikipedia.org/wiki/2013_FIFA_20_Ya%C5%9F_Alt%C4%B1_D%C3%BCnya_Kupas%C4%B1,1,"Türkiye#395: Türkiye, tarafından düzenlenen birçok önemli futbol organizasyonuna ev sahipliği yapmıştır. ve yıllarında finalleri İstanbul'daki 'nda oynanmıştır. yılında finali 'nda düzenlenmiştir. yılında ise mücadelesi 'ta gerçekleştirilmiştir. yılında Türkiye'de düzenlenmiş, turnuvanın maçı İstanbul'daki 'nde oynanmıştır. yılında düzenlenecek olan Avrupa Futbol Şampiyonasının Türkiye ve ile ortaklaşa düzenleneceği açıklanmıştır."
FIFA 20 Yaş Altı Dünya Kupası,https://tr.wikipedia.org/wiki/FIFA_20_Ya%C5%9F_Alt%C4%B1_D%C3%BCnya_Kupas%C4%B1,1,"Türkiye#395: Türkiye, tarafından düzenlenen birçok önemli futbol organizasyonuna ev sahipliği yapmıştır. ve yıllarında finalleri İstanbul'daki 'nda oynanmıştır. yılında finali 'nda düzenlenmiştir. yılında ise mücadelesi 'ta gerçekleştirilmiştir. yılında Türkiye'de düzenlenmiş, turnuvanın maçı İstanbul'daki 'nde oynanmıştır. yılında düzenlenecek olan Avrupa Futbol Şampiyonasının Türkiye ve ile ortaklaşa düzenleneceği açıklanmıştır."
FIFA 20 Yaş Altı Dünya Kupası,https://tr.wikipedia.org/wiki/FIFA_20_Ya%C5%9F_Alt%C4%B1_D%C3%BCnya_Kupas%C4%B1,1,"Türkiye#395: Türkiye, tarafından düzenlenen birçok önemli futbol organizasyonuna ev sahipliği yapmıştır. ve yıllarında finalleri İstanbul'daki 'nda oynanmıştır. yılında finali 'nda düzenlenmiştir. yılında ise mücadelesi 'ta gerçekleştirilmiştir. yılında Türkiye'de düzenlenmiş, turnuvanın maçı İstanbul'daki 'nde oynanmıştır. yılında düzenlenecek olan Avrupa Futbol Şampiyonasının Türkiye ve ile ortaklaşa düzenleneceği açıklanmıştır."
final,https://tr.wikipedia.org/wiki/2013_FIFA_20_Ya%C5%9F_Alt%C4%B1_D%C3%BCnya_Kupas%C4%B1_finali,1,"Türkiye#395: Türkiye, tarafından düzenlenen birçok önemli futbol organizasyonuna ev sahipliği yapmıştır. ve yıllarında finalleri İstanbul'daki 'nda oynanmıştır. yılında finali 'nda düzenlenmiştir. yılında ise mücadelesi 'ta gerçekleştirilmiştir. yılında Türkiye'de düzenlenmiş, turnuvanın maçı İstanbul'daki 'nde oynanmıştır. yılında düzenlenecek olan Avrupa Futbol Şampiyonasının Türkiye ve ile ortaklaşa düzenleneceği açıklanmıştır."
final,https://tr.wikipedia.org/wiki/2013_FIFA_20_Ya%C5%9F_Alt%C4%B1_D%C3%BCnya_Kupas%C4%B1_finali,1,"Türkiye#395: Türkiye, tarafından düzenlenen birçok önemli futbol organizasyonuna ev sahipliği yapmıştır. ve yıllarında finalleri İstanbul'daki 'nda oynanmıştır. yılında finali 'nda düzenlenmiştir. yılında ise mücadelesi 'ta gerçekleştirilmiştir. yılında Türkiye'de düzenlenmiş, turnuvanın maçı İstanbul'daki 'nde oynanmıştır. yılında düzenlenecek olan Avrupa Futbol Şampiyonasının Türkiye ve ile ortaklaşa düzenleneceği açıklanmıştır."
Ali Sami Yen Spor Kompleksi,https://tr.wikipedia.org/wiki/Ali_Sami_Yen_Spor_Kompleksi,1,"Türkiye#395: Türkiye, tarafından düzenlenen birçok önemli futbol organizasyonuna ev sahipliği yapmıştır. ve yıllarında finalleri İstanbul'daki 'nda oynanmıştır. yılında finali 'nda düzenlenmiştir. yılında ise mücadelesi 'ta gerçekleştirilmiştir. yılında Türkiye'de düzenlenmiş, turnuvanın maçı İstanbul'daki 'nde oynanmıştır. yılında düzenlenecek olan Avrupa Futbol Şampiyonasının Türkiye ve ile ortaklaşa düzenleneceği açıklanmıştır."
Ali Sami Yen Spor Kompleksi,https://tr.wikipedia.org/wiki/Ali_Sami_Yen_Spor_Kompleksi,1,"Türkiye#395: Türkiye, tarafından düzenlenen birçok önemli futbol organizasyonuna ev sahipliği yapmıştır. ve yıllarında finalleri İstanbul'daki 'nda oynanmıştır. yılında finali 'nda düzenlenmiştir. yılında ise mücadelesi 'ta gerçekleştirilmiştir. yılında Türkiye'de düzenlenmiş, turnuvanın maçı İstanbul'daki 'nde oynanmıştır. yılında düzenlenecek olan Avrupa Futbol Şampiyonasının Türkiye ve ile ortaklaşa düzenleneceği açıklanmıştır."
2032,https://tr.wikipedia.org/wiki/2032_Avrupa_Futbol_%C5%9Eampiyonas%C4%B1,1,"Türkiye#395: Türkiye, tarafından düzenlenen birçok önemli futbol organizasyonuna ev sahipliği yapmıştır. ve yıllarında finalleri İstanbul'daki 'nda oynanmıştır. yılında finali 'nda düzenlenmiştir. yılında ise mücadelesi 'ta gerçekleştirilmiştir. yılında Türkiye'de düzenlenmiş, turnuvanın maçı İstanbul'daki 'nde oynanmıştır. yılında düzenlenecek olan Avrupa Futbol Şampiyonasının Türkiye ve ile ortaklaşa düzenleneceği açıklanmıştır."
2032,https://tr.wikipedia.org/wiki/2032_Avrupa_Futbol_%C5%9Eampiyonas%C4%B1,1,"Türkiye#395: Türkiye, tarafından düzenlenen birçok önemli futbol organizasyonuna ev sahipliği yapmıştır. ve yıllarında finalleri İstanbul'daki 'nda oynanmıştır. yılında finali 'nda düzenlenmiştir. yılında ise mücadelesi 'ta gerçekleştirilmiştir. yılında Türkiye'de düzenlenmiş, turnuvanın maçı İstanbul'daki 'nde oynanmıştır. yılında düzenlenecek olan Avrupa Futbol Şampiyonasının Türkiye ve ile ortaklaşa düzenleneceği açıklanmıştır."
Basketbol,https://tr.wikipedia.org/wiki/Basketbol,1,Türkiye#396: Türkiye'de en çok ilgi gören sporlardan biridir.
Basketbol,https://tr.wikipedia.org/wiki/Basketbol,1,Türkiye#396: Türkiye'de en çok ilgi gören sporlardan biridir.
Basketbol Süper Ligi,https://tr.wikipedia.org/wiki/Basketbol_S%C3%BCper_Ligi,1,"Türkiye#397: Basketbolun en büyük ligi 'dir. , , , ve gibi takımlar 'de, ve diğer özel turnuvalarda çok büyük başarılar göstermişlerdir."
Basketbol Süper Ligi,https://tr.wikipedia.org/wiki/Basketbol_S%C3%BCper_Ligi,1,"Türkiye#397: Basketbolun en büyük ligi 'dir. , , , ve gibi takımlar 'de, ve diğer özel turnuvalarda çok büyük başarılar göstermişlerdir."
Anadolu Efes,https://tr.wikipedia.org/wiki/Anadolu_Efes_SK,1,"Türkiye#397: Basketbolun en büyük ligi 'dir. , , , ve gibi takımlar 'de, ve diğer özel turnuvalarda çok büyük başarılar göstermişlerdir."
Anadolu Efes,https://tr.wikipedia.org/wiki/Anadolu_Efes_SK,1,"Türkiye#397: Basketbolun en büyük ligi 'dir. , , , ve gibi takımlar 'de, ve diğer özel turnuvalarda çok büyük başarılar göstermişlerdir."
"Fenerbahçe U:(https://tr.wikipedia.org/wiki/Fenerbah%C3%A7e_(basketbol_tak%C4%B1m%C4%B1))___ , , ve gibi takımlar ___E:EuroLeague",https://tr.wikipedia.org/wiki/EuroLeague,1,"Türkiye#397: Basketbolun en büyük ligi 'dir. , , , ve gibi takımlar 'de, ve diğer özel turnuvalarda çok büyük başarılar göstermişlerdir."
"Fenerbahçe U:(https://tr.wikipedia.org/wiki/Fenerbah%C3%A7e_(basketbol_tak%C4%B1m%C4%B1))___ , , ve gibi takımlar ___E:EuroLeague",https://tr.wikipedia.org/wiki/EuroLeague,1,"Türkiye#397: Basketbolun en büyük ligi 'dir. , , , ve gibi takımlar 'de, ve diğer özel turnuvalarda çok büyük başarılar göstermişlerdir."
Basketbol Şampiyonlar Ligi,https://tr.wikipedia.org/wiki/Basketbol_%C5%9Eampiyonlar_Ligi,1,"Türkiye#397: Basketbolun en büyük ligi 'dir. , , , ve gibi takımlar 'de, ve diğer özel turnuvalarda çok büyük başarılar göstermişlerdir."
Basketbol Şampiyonlar Ligi,https://tr.wikipedia.org/wiki/Basketbol_%C5%9Eampiyonlar_Ligi,1,"Türkiye#397: Basketbolun en büyük ligi 'dir. , , , ve gibi takımlar 'de, ve diğer özel turnuvalarda çok büyük başarılar göstermişlerdir."
Koraç Kupası,https://tr.wikipedia.org/wiki/Kora%C3%A7_Kupas%C4%B1,1,"Türkiye#398: Ayrıca Anadolu Efes 1996 yılında 'nı kazanarak, Avrupa Kupası kazanan ilk Türk takımı olma unvanını elde etmiştir. 2012 yılında Şampiyonluğu kupasını kazanan Beşiktaş Milangaz Avrupa'da kupa kazanabilen ikinci Türk takımıdır."
Koraç Kupası,https://tr.wikipedia.org/wiki/Kora%C3%A7_Kupas%C4%B1,1,"Türkiye#398: Ayrıca Anadolu Efes 1996 yılında 'nı kazanarak, Avrupa Kupası kazanan ilk Türk takımı olma unvanını elde etmiştir. 2012 yılında Şampiyonluğu kupasını kazanan Beşiktaş Milangaz Avrupa'da kupa kazanabilen ikinci Türk takımıdır."
FIBA EuroChallenge,https://tr.wikipedia.org/wiki/EuroChallenge,1,"Türkiye#398: Ayrıca Anadolu Efes 1996 yılında 'nı kazanarak, Avrupa Kupası kazanan ilk Türk takımı olma unvanını elde etmiştir. 2012 yılında Şampiyonluğu kupasını kazanan Beşiktaş Milangaz Avrupa'da kupa kazanabilen ikinci Türk takımıdır."
FIBA EuroChallenge,https://tr.wikipedia.org/wiki/EuroChallenge,1,"Türkiye#398: Ayrıca Anadolu Efes 1996 yılında 'nı kazanarak, Avrupa Kupası kazanan ilk Türk takımı olma unvanını elde etmiştir. 2012 yılında Şampiyonluğu kupasını kazanan Beşiktaş Milangaz Avrupa'da kupa kazanabilen ikinci Türk takımıdır."
2016,https://tr.wikipedia.org/wiki/2015-16_ULEB_EuroCup,1,"Türkiye#399: Galatasaray yılında, ise yılında 'u kazanmıştır."
2016,https://tr.wikipedia.org/wiki/2015-16_ULEB_EuroCup,1,"Türkiye#399: Galatasaray yılında, ise yılında 'u kazanmıştır."
Darüşşafaka U:(https://tr.wikipedia.org/wiki/Dar%C3%BC%C5%9F%C5%9Fafaka_(basketbol_tak%C4%B1m%C4%B1))___ ise ___E:2018,https://tr.wikipedia.org/wiki/2017-18_EuroCup,1,"Türkiye#399: Galatasaray yılında, ise yılında 'u kazanmıştır."
Darüşşafaka U:(https://tr.wikipedia.org/wiki/Dar%C3%BC%C5%9F%C5%9Fafaka_(basketbol_tak%C4%B1m%C4%B1))___ ise ___E:2018,https://tr.wikipedia.org/wiki/2017-18_EuroCup,1,"Türkiye#399: Galatasaray yılında, ise yılında 'u kazanmıştır."
Akalar,https://tr.wikipedia.org/wiki/Akalar,1,"Türkiye#5: Türkiye toprakları üzerinde bulunan ilk yerleşmeler 'nde başlar. 'da olmak üzere, , , ve sonucu 'dan kaçan tarafından kurulan medeniyeti gibi çeşitli eski ardından, kralı 'in egemenliğiyle ve fetihleriyle birlikte başladı."
Akalar,https://tr.wikipedia.org/wiki/Akalar,1,"Türkiye#5: Türkiye toprakları üzerinde bulunan ilk yerleşmeler 'nde başlar. 'da olmak üzere, , , ve sonucu 'dan kaçan tarafından kurulan medeniyeti gibi çeşitli eski ardından, kralı 'in egemenliğiyle ve fetihleriyle birlikte başladı."
Türkiye millî basketbol takımı,https://tr.wikipedia.org/wiki/T%C3%BCrkiye_mill%C3%AE_basketbol_tak%C4%B1m%C4%B1,1,Türkiye#401: Ayrıca Anadolu Efes de 2021 ve 2022 yılında kupasını kazanmıştır. da turnuvalarda büyük başarı elde etmiştir.
Türkiye millî basketbol takımı,https://tr.wikipedia.org/wiki/T%C3%BCrkiye_mill%C3%AE_basketbol_tak%C4%B1m%C4%B1,1,Türkiye#401: Ayrıca Anadolu Efes de 2021 ve 2022 yılında kupasını kazanmıştır. da turnuvalarda büyük başarı elde etmiştir.
2001 Avrupa Basketbol Şampiyonası,https://tr.wikipedia.org/wiki/2001_Avrupa_Basketbol_%C5%9Eampiyonas%C4%B1,1,"Türkiye#402: Örneğin gümüş madalya ve gümüş gibi. 2010 FIBA Dünya Basketbol Şampiyonası, 28 Ağustos ve 12 Eylül tarihleri arasında Türkiye'de gerçekleştirilmiştir."
2001 Avrupa Basketbol Şampiyonası,https://tr.wikipedia.org/wiki/2001_Avrupa_Basketbol_%C5%9Eampiyonas%C4%B1,1,"Türkiye#402: Örneğin gümüş madalya ve gümüş gibi. 2010 FIBA Dünya Basketbol Şampiyonası, 28 Ağustos ve 12 Eylül tarihleri arasında Türkiye'de gerçekleştirilmiştir."
2010 FIBA Dünya Basketbol Şampiyonası,https://tr.wikipedia.org/wiki/2010_FIBA_D%C3%BCnya_Basketbol_%C5%9Eampiyonas%C4%B1,1,"Türkiye#402: Örneğin gümüş madalya ve gümüş gibi. 2010 FIBA Dünya Basketbol Şampiyonası, 28 Ağustos ve 12 Eylül tarihleri arasında Türkiye'de gerçekleştirilmiştir."
2010 FIBA Dünya Basketbol Şampiyonası,https://tr.wikipedia.org/wiki/2010_FIBA_D%C3%BCnya_Basketbol_%C5%9Eampiyonas%C4%B1,1,"Türkiye#402: Örneğin gümüş madalya ve gümüş gibi. 2010 FIBA Dünya Basketbol Şampiyonası, 28 Ağustos ve 12 Eylül tarihleri arasında Türkiye'de gerçekleştirilmiştir."
Türkiye Basketbol Federasyonu,https://tr.wikipedia.org/wiki/T%C3%BCrkiye_Basketbol_Federasyonu,1,"Türkiye#403: Şampiyonayı FIBA, ve 2010 Organizasyon Komitesi ortaklaşa organize etmiştir ve ikinci olmuştur. 1986'dan beri üçüncü defa 24 ülkenin katıldığı turnuvanın takım karşılaşmaları İstanbul, Ankara, İzmir ve Kayseri'de, bitiş aşaması İstanbul 'nda oynanmış, kazanan ise bitişte Türkiye'yi 64-81 mağlup eden olmuştur."
Türkiye Basketbol Federasyonu,https://tr.wikipedia.org/wiki/T%C3%BCrkiye_Basketbol_Federasyonu,1,"Türkiye#403: Şampiyonayı FIBA, ve 2010 Organizasyon Komitesi ortaklaşa organize etmiştir ve ikinci olmuştur. 1986'dan beri üçüncü defa 24 ülkenin katıldığı turnuvanın takım karşılaşmaları İstanbul, Ankara, İzmir ve Kayseri'de, bitiş aşaması İstanbul 'nda oynanmış, kazanan ise bitişte Türkiye'yi 64-81 mağlup eden olmuştur."
Sinan Erdem Spor Salonu,https://tr.wikipedia.org/wiki/Sinan_Erdem_Spor_Salonu,1,"Türkiye#403: Şampiyonayı FIBA, ve 2010 Organizasyon Komitesi ortaklaşa organize etmiştir ve ikinci olmuştur. 1986'dan beri üçüncü defa 24 ülkenin katıldığı turnuvanın takım karşılaşmaları İstanbul, Ankara, İzmir ve Kayseri'de, bitiş aşaması İstanbul 'nda oynanmış, kazanan ise bitişte Türkiye'yi 64-81 mağlup eden olmuştur."
Sinan Erdem Spor Salonu,https://tr.wikipedia.org/wiki/Sinan_Erdem_Spor_Salonu,1,"Türkiye#403: Şampiyonayı FIBA, ve 2010 Organizasyon Komitesi ortaklaşa organize etmiştir ve ikinci olmuştur. 1986'dan beri üçüncü defa 24 ülkenin katıldığı turnuvanın takım karşılaşmaları İstanbul, Ankara, İzmir ve Kayseri'de, bitiş aşaması İstanbul 'nda oynanmış, kazanan ise bitişte Türkiye'yi 64-81 mağlup eden olmuştur."
Türkiye kadın millî basketbol takımı,https://tr.wikipedia.org/wiki/T%C3%BCrkiye_kad%C4%B1n_mill%C3%AE_basketbol_tak%C4%B1m%C4%B1,1,Türkiye#404: 2011 Avrupa Kadınlar Şampiyonası'nda ikinci olmuştur.
Türkiye kadın millî basketbol takımı,https://tr.wikipedia.org/wiki/T%C3%BCrkiye_kad%C4%B1n_mill%C3%AE_basketbol_tak%C4%B1m%C4%B1,1,Türkiye#404: 2011 Avrupa Kadınlar Şampiyonası'nda ikinci olmuştur.
Galatasaray U:(https://tr.wikipedia.org/wiki/Galatasaray_(kad%C4%B1n_basketbol_tak%C4%B1m%C4%B1))___ kadın basketbol takımı 2008-09 ve 2017-18 sezonlarında ___E:EuroCup Women,https://tr.wikipedia.org/wiki/EuroCup_Kad%C4%B1nlar,1,Türkiye#405: Ayrıca 2013 Akdeniz Oyunlarında erkek millî basketbol takımı altın madalya almıştır. kadın basketbol takımı 2008-09 ve 2017-18 sezonlarında 'ı kazandı. finali iki Türk takımı Galatasaray ve arasında oynandı ve Galatasaray kazandı.
Galatasaray U:(https://tr.wikipedia.org/wiki/Galatasaray_(kad%C4%B1n_basketbol_tak%C4%B1m%C4%B1))___ kadın basketbol takımı 2008-09 ve 2017-18 sezonlarında ___E:EuroCup Women,https://tr.wikipedia.org/wiki/EuroCup_Kad%C4%B1nlar,1,Türkiye#405: Ayrıca 2013 Akdeniz Oyunlarında erkek millî basketbol takımı altın madalya almıştır. kadın basketbol takımı 2008-09 ve 2017-18 sezonlarında 'ı kazandı. finali iki Türk takımı Galatasaray ve arasında oynandı ve Galatasaray kazandı.
2013-14 EuroLeague Women,https://tr.wikipedia.org/wiki/2013-14_EuroLeague_Women,1,Türkiye#405: Ayrıca 2013 Akdeniz Oyunlarında erkek millî basketbol takımı altın madalya almıştır. kadın basketbol takımı 2008-09 ve 2017-18 sezonlarında 'ı kazandı. finali iki Türk takımı Galatasaray ve arasında oynandı ve Galatasaray kazandı.
2013-14 EuroLeague Women,https://tr.wikipedia.org/wiki/2013-14_EuroLeague_Women,1,Türkiye#405: Ayrıca 2013 Akdeniz Oyunlarında erkek millî basketbol takımı altın madalya almıştır. kadın basketbol takımı 2008-09 ve 2017-18 sezonlarında 'ı kazandı. finali iki Türk takımı Galatasaray ve arasında oynandı ve Galatasaray kazandı.
2022-23,https://tr.wikipedia.org/wiki/2022-23_EuroLeague_Women,1,"Türkiye#406: Fenerbahçe, ve sezonlarında üst üste iki şampiyonluğunun ardından 2023 'ı kazandı."
2022-23,https://tr.wikipedia.org/wiki/2022-23_EuroLeague_Women,1,"Türkiye#406: Fenerbahçe, ve sezonlarında üst üste iki şampiyonluğunun ardından 2023 'ı kazandı."
2023-24,https://tr.wikipedia.org/wiki/2023-24_EuroLeague_Women,1,"Türkiye#406: Fenerbahçe, ve sezonlarında üst üste iki şampiyonluğunun ardından 2023 'ı kazandı."
2023-24,https://tr.wikipedia.org/wiki/2023-24_EuroLeague_Women,1,"Türkiye#406: Fenerbahçe, ve sezonlarında üst üste iki şampiyonluğunun ardından 2023 'ı kazandı."
Euroleague,https://tr.wikipedia.org/wiki/EuroLeague_Women,1,"Türkiye#406: Fenerbahçe, ve sezonlarında üst üste iki şampiyonluğunun ardından 2023 'ı kazandı."
Euroleague,https://tr.wikipedia.org/wiki/EuroLeague_Women,1,"Türkiye#406: Fenerbahçe, ve sezonlarında üst üste iki şampiyonluğunun ardından 2023 'ı kazandı."
Women,https://tr.wikipedia.org/wiki/EuroLeague_Women,1,"Türkiye#406: Fenerbahçe, ve sezonlarında üst üste iki şampiyonluğunun ardından 2023 'ı kazandı."
Women,https://tr.wikipedia.org/wiki/EuroLeague_Women,1,"Türkiye#406: Fenerbahçe, ve sezonlarında üst üste iki şampiyonluğunun ardından 2023 'ı kazandı."
Anadolu medeniyetlerinin,https://tr.wikipedia.org/wiki/Anadolu_tarihi,1,"Türkiye#5: Türkiye toprakları üzerinde bulunan ilk yerleşmeler 'nde başlar. 'da olmak üzere, , , ve sonucu 'dan kaçan tarafından kurulan medeniyeti gibi çeşitli eski ardından, kralı 'in egemenliğiyle ve fetihleriyle birlikte başladı."
Anadolu medeniyetlerinin,https://tr.wikipedia.org/wiki/Anadolu_tarihi,1,"Türkiye#5: Türkiye toprakları üzerinde bulunan ilk yerleşmeler 'nde başlar. 'da olmak üzere, , , ve sonucu 'dan kaçan tarafından kurulan medeniyeti gibi çeşitli eski ardından, kralı 'in egemenliğiyle ve fetihleriyle birlikte başladı."
Güneydoğu Avrupa,https://tr.wikipedia.org/wiki/G%C3%BCneydo%C4%9Fu_Avrupa,1,"Türkiye#1: Türkiye , resmî adıyla Türkiye Cumhuriyeti , topraklarının büyük bölümü 'da 'da, diğer bir bölümü ise 'nın uzantısı 'da olan bir ülkedir."
Güneydoğu Avrupa,https://tr.wikipedia.org/wiki/G%C3%BCneydo%C4%9Fu_Avrupa,1,"Türkiye#1: Türkiye , resmî adıyla Türkiye Cumhuriyeti , topraklarının büyük bölümü 'da 'da, diğer bir bölümü ise 'nın uzantısı 'da olan bir ülkedir."
Makedonya U:(https://tr.wikipedia.org/wiki/Makedonya_(antik_krall%C4%B1k))___ kralı ___E:Büyük İskender,https://tr.wikipedia.org/wiki/%C4%B0skender,1,"Türkiye#5: Türkiye toprakları üzerinde bulunan ilk yerleşmeler 'nde başlar. 'da olmak üzere, , , ve sonucu 'dan kaçan tarafından kurulan medeniyeti gibi çeşitli eski ardından, kralı 'in egemenliğiyle ve fetihleriyle birlikte başladı."
Makedonya U:(https://tr.wikipedia.org/wiki/Makedonya_(antik_krall%C4%B1k))___ kralı ___E:Büyük İskender,https://tr.wikipedia.org/wiki/%C4%B0skender,1,"Türkiye#5: Türkiye toprakları üzerinde bulunan ilk yerleşmeler 'nde başlar. 'da olmak üzere, , , ve sonucu 'dan kaçan tarafından kurulan medeniyeti gibi çeşitli eski ardından, kralı 'in egemenliğiyle ve fetihleriyle birlikte başladı."
kıtalararası,https://tr.wikipedia.org/wiki/K%C4%B1talararas%C4%B1_%C3%BClkeler_listesi,1,"Türkiye#1: Türkiye , resmî adıyla Türkiye Cumhuriyeti , topraklarının büyük bölümü 'da 'da, diğer bir bölümü ise 'nın uzantısı 'da olan bir ülkedir."
kıtalararası,https://tr.wikipedia.org/wiki/K%C4%B1talararas%C4%B1_%C3%BClkeler_listesi,1,"Türkiye#1: Türkiye , resmî adıyla Türkiye Cumhuriyeti , topraklarının büyük bölümü 'da 'da, diğer bir bölümü ise 'nın uzantısı 'da olan bir ülkedir."
Helenistik Dönem,https://tr.wikipedia.org/wiki/Helenistik_D%C3%B6nem,1,"Türkiye#5: Türkiye toprakları üzerinde bulunan ilk yerleşmeler 'nde başlar. 'da olmak üzere, , , ve sonucu 'dan kaçan tarafından kurulan medeniyeti gibi çeşitli eski ardından, kralı 'in egemenliğiyle ve fetihleriyle birlikte başladı."
Helenistik Dönem,https://tr.wikipedia.org/wiki/Helenistik_D%C3%B6nem,1,"Türkiye#5: Türkiye toprakları üzerinde bulunan ilk yerleşmeler 'nde başlar. 'da olmak üzere, , , ve sonucu 'dan kaçan tarafından kurulan medeniyeti gibi çeşitli eski ardından, kralı 'in egemenliğiyle ve fetihleriyle birlikte başladı."
Hristiyanlaştığı,https://tr.wikipedia.org/wiki/Hristiyanl%C4%B1k,1,"Türkiye#6: Daha sonra, sırasıyla ve 'nun dönemleri yaşandı. 1071 yılında Bizans'a karşı kazandığı ile Anadolu'daki Bizans üstünlüğü büyük ölçüde kırılarak Anadolu, kısa süre içerisinde bağlı Türk beyleri tarafından ele geçirildi ve Anadolu toprakları üzerinde ve faaliyetleri başladı."
Hristiyanlaştığı,https://tr.wikipedia.org/wiki/Hristiyanl%C4%B1k,1,"Türkiye#6: Daha sonra, sırasıyla ve 'nun dönemleri yaşandı. 1071 yılında Bizans'a karşı kazandığı ile Anadolu'daki Bizans üstünlüğü büyük ölçüde kırılarak Anadolu, kısa süre içerisinde bağlı Türk beyleri tarafından ele geçirildi ve Anadolu toprakları üzerinde ve faaliyetleri başladı."
Selçuklu Türklerinin,https://tr.wikipedia.org/wiki/B%C3%BCy%C3%BCk_Sel%C3%A7uklu_%C4%B0mparatorlu%C4%9Fu,1,"Türkiye#6: Daha sonra, sırasıyla ve 'nun dönemleri yaşandı. 1071 yılında Bizans'a karşı kazandığı ile Anadolu'daki Bizans üstünlüğü büyük ölçüde kırılarak Anadolu, kısa süre içerisinde bağlı Türk beyleri tarafından ele geçirildi ve Anadolu toprakları üzerinde ve faaliyetleri başladı."
Selçuklu Türklerinin,https://tr.wikipedia.org/wiki/B%C3%BCy%C3%BCk_Sel%C3%A7uklu_%C4%B0mparatorlu%C4%9Fu,1,"Türkiye#6: Daha sonra, sırasıyla ve 'nun dönemleri yaşandı. 1071 yılında Bizans'a karşı kazandığı ile Anadolu'daki Bizans üstünlüğü büyük ölçüde kırılarak Anadolu, kısa süre içerisinde bağlı Türk beyleri tarafından ele geçirildi ve Anadolu toprakları üzerinde ve faaliyetleri başladı."
Selçuklulara,https://tr.wikipedia.org/wiki/Sel%C3%A7uklu_Hanedan%C4%B1,1,"Türkiye#6: Daha sonra, sırasıyla ve 'nun dönemleri yaşandı. 1071 yılında Bizans'a karşı kazandığı ile Anadolu'daki Bizans üstünlüğü büyük ölçüde kırılarak Anadolu, kısa süre içerisinde bağlı Türk beyleri tarafından ele geçirildi ve Anadolu toprakları üzerinde ve faaliyetleri başladı."
Selçuklulara,https://tr.wikipedia.org/wiki/Sel%C3%A7uklu_Hanedan%C4%B1,1,"Türkiye#6: Daha sonra, sırasıyla ve 'nun dönemleri yaşandı. 1071 yılında Bizans'a karşı kazandığı ile Anadolu'daki Bizans üstünlüğü büyük ölçüde kırılarak Anadolu, kısa süre içerisinde bağlı Türk beyleri tarafından ele geçirildi ve Anadolu toprakları üzerinde ve faaliyetleri başladı."
Türkleşme,https://tr.wikipedia.org/wiki/T%C3%BCrkle%C5%9Ftirme,1,"Türkiye#6: Daha sonra, sırasıyla ve 'nun dönemleri yaşandı. 1071 yılında Bizans'a karşı kazandığı ile Anadolu'daki Bizans üstünlüğü büyük ölçüde kırılarak Anadolu, kısa süre içerisinde bağlı Türk beyleri tarafından ele geçirildi ve Anadolu toprakları üzerinde ve faaliyetleri başladı."
Türkleşme,https://tr.wikipedia.org/wiki/T%C3%BCrkle%C5%9Ftirme,1,"Türkiye#6: Daha sonra, sırasıyla ve 'nun dönemleri yaşandı. 1071 yılında Bizans'a karşı kazandığı ile Anadolu'daki Bizans üstünlüğü büyük ölçüde kırılarak Anadolu, kısa süre içerisinde bağlı Türk beyleri tarafından ele geçirildi ve Anadolu toprakları üzerinde ve faaliyetleri başladı."
Moğollara,https://tr.wikipedia.org/wiki/Mo%C4%9Fol_%C4%B0mparatorlu%C4%9Fu,1,"Türkiye#7: Kısa sürede Anadolu'daki diğer Türk beyliklerinin üzerinde hâkimiyet kuran merkezli , 1243 yılındaki karşı kaybedilen 'ne kadar Anadolu'yu yönetti."
Moğollara,https://tr.wikipedia.org/wiki/Mo%C4%9Fol_%C4%B0mparatorlu%C4%9Fu,1,"Türkiye#7: Kısa sürede Anadolu'daki diğer Türk beyliklerinin üzerinde hâkimiyet kuran merkezli , 1243 yılındaki karşı kaybedilen 'ne kadar Anadolu'yu yönetti."
Moğol istilalarından,https://tr.wikipedia.org/wiki/Mo%C4%9Fol_istilalar%C4%B1,1,"Türkiye#8: Anadolu'daki sonra zayıf duruma düşen Anadolu Selçuklu Devleti, Anadolu'da yerini yeni Türk beyliklerine bıraktı."
Moğol istilalarından,https://tr.wikipedia.org/wiki/Mo%C4%9Fol_istilalar%C4%B1,1,"Türkiye#8: Anadolu'daki sonra zayıf duruma düşen Anadolu Selçuklu Devleti, Anadolu'da yerini yeni Türk beyliklerine bıraktı."
Batı Anadolu,https://tr.wikipedia.org/wiki/Bat%C4%B1_Anadolu,1,"Türkiye#9: 13. yüzyılın sonlarından itibaren 'daki Türk beyliklerinden biri olarak ön plana çıkan ve bağımsızlık kazanan , 14. yüzyılda topraklarında gerçekleştirdiği fetihlerle büyük bir güç hâline geldi ve 'daki diğer Türk beylikleri üzerinde de hâkimiyet kurdu."
Batı Anadolu,https://tr.wikipedia.org/wiki/Bat%C4%B1_Anadolu,1,"Türkiye#9: 13. yüzyılın sonlarından itibaren 'daki Türk beyliklerinden biri olarak ön plana çıkan ve bağımsızlık kazanan , 14. yüzyılda topraklarında gerçekleştirdiği fetihlerle büyük bir güç hâline geldi ve 'daki diğer Türk beylikleri üzerinde de hâkimiyet kurdu."
Kıbrıs,https://tr.wikipedia.org/wiki/K%C4%B1br%C4%B1s,1,"Türkiye#3: Güneyini ve , batısını , kuzeyini ise çevreler. ise ve ile birlikte 'yu 'dan, yani 'yı 'dan ayırır."
Kıbrıs,https://tr.wikipedia.org/wiki/K%C4%B1br%C4%B1s,1,"Türkiye#3: Güneyini ve , batısını , kuzeyini ise çevreler. ise ve ile birlikte 'yu 'dan, yani 'yı 'dan ayırır."
Osmanlılar,https://tr.wikipedia.org/wiki/Osmanl%C4%B1_%C4%B0mparatorlu%C4%9Fu,1,"Türkiye#9: 13. yüzyılın sonlarından itibaren 'daki Türk beyliklerinden biri olarak ön plana çıkan ve bağımsızlık kazanan , 14. yüzyılda topraklarında gerçekleştirdiği fetihlerle büyük bir güç hâline geldi ve 'daki diğer Türk beylikleri üzerinde de hâkimiyet kurdu."
Osmanlılar,https://tr.wikipedia.org/wiki/Osmanl%C4%B1_%C4%B0mparatorlu%C4%9Fu,1,"Türkiye#9: 13. yüzyılın sonlarından itibaren 'daki Türk beyliklerinden biri olarak ön plana çıkan ve bağımsızlık kazanan , 14. yüzyılda topraklarında gerçekleştirdiği fetihlerle büyük bir güç hâline geldi ve 'daki diğer Türk beylikleri üzerinde de hâkimiyet kurdu."
İstanbul'u fethederek,https://tr.wikipedia.org/wiki/%C4%B0stanbul%27un_Fethi,1,"Türkiye#10: Osmanlılar, 1453 yılında 'in 'na son vermesiyle hâline geldi."
İstanbul'u fethederek,https://tr.wikipedia.org/wiki/%C4%B0stanbul%27un_Fethi,1,"Türkiye#10: Osmanlılar, 1453 yılında 'in 'na son vermesiyle hâline geldi."
II. Viyana Kuşatması,https://tr.wikipedia.org/wiki/II._Viyana_Ku%C5%9Fatmas%C4%B1,1,"Türkiye#11: İmparatorluk, zirvesini 16. yüzyılda, özellikle döneminde yaşadı. 1683 yılındaki sonrasında gelen bozgun ve 15 sene süren sonucunda 'nun 'ya karşı üstünlüğü sona erdi."
Batı Asya,https://tr.wikipedia.org/wiki/Bat%C4%B1_Asya,1,"Türkiye#1: Türkiye , resmî adıyla Türkiye Cumhuriyeti , topraklarının büyük bölümü 'da 'da, diğer bir bölümü ise 'nın uzantısı 'da olan bir ülkedir."
FIBA Europe SuperCup Women,https://tr.wikipedia.org/wiki/SuperCup_Kad%C4%B1nlar,1,"Türkiye#406: Fenerbahçe, ve sezonlarında üst üste iki şampiyonluğunun ardından 2023 'ı kazandı."
FIBA Europe SuperCup Women,https://tr.wikipedia.org/wiki/SuperCup_Kad%C4%B1nlar,1,"Türkiye#406: Fenerbahçe, ve sezonlarında üst üste iki şampiyonluğunun ardından 2023 'ı kazandı."
Türkiye'de voleybol,https://tr.wikipedia.org/wiki/T%C3%BCrkiye%27de_voleybol,1,"Türkiye#407: , özellikle de kadın voleybolu, popüler bir ."
Türkiye'de voleybol,https://tr.wikipedia.org/wiki/T%C3%BCrkiye%27de_voleybol,1,"Türkiye#407: , özellikle de kadın voleybolu, popüler bir ."
spordur,https://tr.wikipedia.org/wiki/Spor,1,"Türkiye#407: , özellikle de kadın voleybolu, popüler bir ."
spordur,https://tr.wikipedia.org/wiki/Spor,1,"Türkiye#407: , özellikle de kadın voleybolu, popüler bir ."
Türkiye kadın millî voleybol takımı,https://tr.wikipedia.org/wiki/T%C3%BCrkiye_kad%C4%B1n_mill%C3%AE_voleybol_tak%C4%B1m%C4%B1,1,"Türkiye#408: Filenin sultanları olarak da bilinen 2023 yılı millî takım sezonunda; kupası, kupası ve adıyla oynanan kazandığı kupa olmak üzere 3 kupa birden kazanmıştır. , ve gibi kadın voleybol kulüpleri çok sayıda Avrupa şampiyonluğu ve madalya kazanmıştır."
Batı Asya,https://tr.wikipedia.org/wiki/Bat%C4%B1_Asya,1,"Türkiye#1: Türkiye , resmî adıyla Türkiye Cumhuriyeti , topraklarının büyük bölümü 'da 'da, diğer bir bölümü ise 'nın uzantısı 'da olan bir ülkedir."
Milletler Ligi Şampiyonluğu,https://tr.wikipedia.org/wiki/2023_FIVB_Kad%C4%B1nlar_Voleybol_Milletler_Ligi,1,"Türkiye#408: Filenin sultanları olarak da bilinen 2023 yılı millî takım sezonunda; kupası, kupası ve adıyla oynanan kazandığı kupa olmak üzere 3 kupa birden kazanmıştır. , ve gibi kadın voleybol kulüpleri çok sayıda Avrupa şampiyonluğu ve madalya kazanmıştır."
Milletler Ligi Şampiyonluğu,https://tr.wikipedia.org/wiki/2023_FIVB_Kad%C4%B1nlar_Voleybol_Milletler_Ligi,1,"Türkiye#408: Filenin sultanları olarak da bilinen 2023 yılı millî takım sezonunda; kupası, kupası ve adıyla oynanan kazandığı kupa olmak üzere 3 kupa birden kazanmıştır. , ve gibi kadın voleybol kulüpleri çok sayıda Avrupa şampiyonluğu ve madalya kazanmıştır."
Avrupa Şampiyonluğu,https://tr.wikipedia.org/wiki/2023_Avrupa_Kad%C4%B1nlar_Voleybol_%C5%9Eampiyonas%C4%B1,1,"Türkiye#408: Filenin sultanları olarak da bilinen 2023 yılı millî takım sezonunda; kupası, kupası ve adıyla oynanan kazandığı kupa olmak üzere 3 kupa birden kazanmıştır. , ve gibi kadın voleybol kulüpleri çok sayıda Avrupa şampiyonluğu ve madalya kazanmıştır."
Avrupa Şampiyonluğu,https://tr.wikipedia.org/wiki/2023_Avrupa_Kad%C4%B1nlar_Voleybol_%C5%9Eampiyonas%C4%B1,1,"Türkiye#408: Filenin sultanları olarak da bilinen 2023 yılı millî takım sezonunda; kupası, kupası ve adıyla oynanan kazandığı kupa olmak üzere 3 kupa birden kazanmıştır. , ve gibi kadın voleybol kulüpleri çok sayıda Avrupa şampiyonluğu ve madalya kazanmıştır."
Dünya Kupası,https://tr.wikipedia.org/wiki/Kad%C4%B1nlar_Voleybol_D%C3%BCnya_Kupas%C4%B1,1,"Türkiye#408: Filenin sultanları olarak da bilinen 2023 yılı millî takım sezonunda; kupası, kupası ve adıyla oynanan kazandığı kupa olmak üzere 3 kupa birden kazanmıştır. , ve gibi kadın voleybol kulüpleri çok sayıda Avrupa şampiyonluğu ve madalya kazanmıştır."
Dünya Kupası,https://tr.wikipedia.org/wiki/Kad%C4%B1nlar_Voleybol_D%C3%BCnya_Kupas%C4%B1,1,"Türkiye#408: Filenin sultanları olarak da bilinen 2023 yılı millî takım sezonunda; kupası, kupası ve adıyla oynanan kazandığı kupa olmak üzere 3 kupa birden kazanmıştır. , ve gibi kadın voleybol kulüpleri çok sayıda Avrupa şampiyonluğu ve madalya kazanmıştır."
Olimpiyat Elemelerinde,https://tr.wikipedia.org/wiki/2023_FIVB_Kad%C4%B1nlar_Voleybol_Olimpiyat_Eleme_Turnuvalar%C4%B1,1,"Türkiye#408: Filenin sultanları olarak da bilinen 2023 yılı millî takım sezonunda; kupası, kupası ve adıyla oynanan kazandığı kupa olmak üzere 3 kupa birden kazanmıştır. , ve gibi kadın voleybol kulüpleri çok sayıda Avrupa şampiyonluğu ve madalya kazanmıştır."
Olimpiyat Elemelerinde,https://tr.wikipedia.org/wiki/2023_FIVB_Kad%C4%B1nlar_Voleybol_Olimpiyat_Eleme_Turnuvalar%C4%B1,1,"Türkiye#408: Filenin sultanları olarak da bilinen 2023 yılı millî takım sezonunda; kupası, kupası ve adıyla oynanan kazandığı kupa olmak üzere 3 kupa birden kazanmıştır. , ve gibi kadın voleybol kulüpleri çok sayıda Avrupa şampiyonluğu ve madalya kazanmıştır."
VakıfBank S.K.,https://tr.wikipedia.org/wiki/Vak%C4%B1fBank_SK,1,"Türkiye#408: Filenin sultanları olarak da bilinen 2023 yılı millî takım sezonunda; kupası, kupası ve adıyla oynanan kazandığı kupa olmak üzere 3 kupa birden kazanmıştır. , ve gibi kadın voleybol kulüpleri çok sayıda Avrupa şampiyonluğu ve madalya kazanmıştır."
VakıfBank S.K.,https://tr.wikipedia.org/wiki/Vak%C4%B1fBank_SK,1,"Türkiye#408: Filenin sultanları olarak da bilinen 2023 yılı millî takım sezonunda; kupası, kupası ve adıyla oynanan kazandığı kupa olmak üzere 3 kupa birden kazanmıştır. , ve gibi kadın voleybol kulüpleri çok sayıda Avrupa şampiyonluğu ve madalya kazanmıştır."
güreşin,https://tr.wikipedia.org/wiki/G%C3%BCre%C5%9F,1,Türkiye#409: Geleneksel bir Türk sporu olan en önemli karşılaşması 'dir. Türklerin MÖ 4. yüzyıldan beri güreş yaptıkları bilinmektedir.
güreşin,https://tr.wikipedia.org/wiki/G%C3%BCre%C5%9F,1,Türkiye#409: Geleneksel bir Türk sporu olan en önemli karşılaşması 'dir. Türklerin MÖ 4. yüzyıldan beri güreş yaptıkları bilinmektedir.
Kırkpınar Yağlı Güreşleri,https://tr.wikipedia.org/wiki/K%C4%B1rkp%C4%B1nar_Ya%C4%9Fl%C4%B1_G%C3%BCre%C5%9Fleri,1,Türkiye#409: Geleneksel bir Türk sporu olan en önemli karşılaşması 'dir. Türklerin MÖ 4. yüzyıldan beri güreş yaptıkları bilinmektedir.
Kırkpınar Yağlı Güreşleri,https://tr.wikipedia.org/wiki/K%C4%B1rkp%C4%B1nar_Ya%C4%9Fl%C4%B1_G%C3%BCre%C5%9Fleri,1,Türkiye#409: Geleneksel bir Türk sporu olan en önemli karşılaşması 'dir. Türklerin MÖ 4. yüzyıldan beri güreş yaptıkları bilinmektedir.
Tenise,https://tr.wikipedia.org/wiki/Tenis,1,"Türkiye#411: olan ilginin de zamanla arttığı Türkiye, Avrupa Tenis Federasyonu verilerine göre tenis adına 141 turnuva ile Avrupa'da 2022 yılında en fazla uluslararası turnuva düzenleyen ikinci ülke oldu. 2023 Avrupa Tenis Federasyonu Genel Kurulunda Türkiye'ye ""En Fazla Gelişen Ülke Ödülü"" verildi."
Tenise,https://tr.wikipedia.org/wiki/Tenis,1,"Türkiye#411: olan ilginin de zamanla arttığı Türkiye, Avrupa Tenis Federasyonu verilerine göre tenis adına 141 turnuva ile Avrupa'da 2022 yılında en fazla uluslararası turnuva düzenleyen ikinci ülke oldu. 2023 Avrupa Tenis Federasyonu Genel Kurulunda Türkiye'ye ""En Fazla Gelişen Ülke Ödülü"" verildi."
II. Viyana Kuşatması,https://tr.wikipedia.org/wiki/II._Viyana_Ku%C5%9Fatmas%C4%B1,1,"Türkiye#11: İmparatorluk, zirvesini 16. yüzyılda, özellikle döneminde yaşadı. 1683 yılındaki sonrasında gelen bozgun ve 15 sene süren sonucunda 'nun 'ya karşı üstünlüğü sona erdi."
modernleşme,https://tr.wikipedia.org/wiki/Modernle%C5%9Fme_teorisi,1,"Türkiye#12: 19. yüzyıla gelindiğinde imparatorluk, adı verilen ciddi bir sürecine girdi. 1876 yılında ilan edilip meclisin açılmasıyla başlayan devri, 1878 yılına kadar sürse de, 1908 yılında ilan edilerek tekrar yürürlüğe girdi."
Türk,https://tr.wikipedia.org/wiki/T%C3%BCrk_vatanda%C5%9Fl%C4%B1%C4%9F%C4%B1,1,TürkiyeCard#6
Türk,https://tr.wikipedia.org/wiki/T%C3%BCrk_vatanda%C5%9Fl%C4%B1%C4%9F%C4%B1,1,TürkiyeCard#6
Üniter,https://tr.wikipedia.org/wiki/%C3%9Cniter_devlet,1,TürkiyeCard#7
Üniter,https://tr.wikipedia.org/wiki/%C3%9Cniter_devlet,1,TürkiyeCard#7
cumhurbaşkanlığı sistemli,https://tr.wikipedia.org/wiki/Cumhurba%C5%9Fkanl%C4%B1%C4%9F%C4%B1_h%C3%BCk%C3%BBmet_sistemi,1,TürkiyeCard#7
Garipçiler,https://tr.wikipedia.org/wiki/Garip_hareketi,1,Türkiye#372: Şiirdeki bir başka devrim ise 1941'de tarafından yapıldı.
