E,U,Frekans,Kaynak_IDler
AK Parti | AK Partili | Adalet ve Kalkınma Partisi,https://tr.wikipedia.org/wiki/Adalet_ve_Kalk%C4%B1nma_Partisi,35,"2007 Türkiye genel seçimleri#7: 2007 cumhurbaşkanlığı seçimleri, CHP 'li ve AK Partili politikacılar arasındaki gerilimlerin doruğa çıkmasıyla bir siyasi krize dönüştü. | Cumhuriyet Halk Partisi#80: 2007 cumhurbaşkanlığı seçimleri , CHP'li ve AK Partili politikacılar arasındaki gerilimlerin doruğa çıkmasıyla bir siyasi krize dönüştü. | TrabzonCard#2: Ahmet Metin Genç ( AK Parti ) | Türkiye#200: Gazetecileri Koruma Komitesi 'ne göre uzun yıllardır ülkeyi yöneten AK Parti hükûmeti, basın özgürlüğü açısından dünyanın en büyük baskılarından birini uygulamaktadır. | Kasım 2015 Türkiye genel seçimleri#1: Ahmet Davutoğlu AK Parti | Kasım 2015 Türkiye genel seçimleri#2: Ahmet Davutoğlu AK Parti | AraklıCard#5: Hüseyin Avni Çoşkun Çebi ( AK Parti ) | 2011 Türkiye genel seçimleri#61: Yapılan son anketlerde (Mart-Nisan 2011) AK Parti %48,2 ile %51,2, CHP %24,4 ile %28,8, MHP %10,7 ile %15,0 ve BDP %4,3 ile %6,6 arasında değişen oy almaktadır. | 2018 Türkiye genel seçimleri#1: İsmail Kahraman AK Parti | 2018 Türkiye genel seçimleri#2: Binali Yıldırım AK Parti | 2007 Türkiye genel seçimleri#1: Recep Tayyip Erdoğan AK Parti | 2007 Türkiye genel seçimleri#2: Recep Tayyip Erdoğan AK Parti | Haziran 2015 Türkiye genel seçimleri#1: Ahmet Davutoğlu AK Parti | Haziran 2015 Türkiye genel seçimleri#2: Ahmet Davutoğlu AK Parti | Haziran 2015 Türkiye genel seçimleri#52: Cumhurbaşkanı Recep Tayyip Erdoğan hükûmeti kurma görevini 10 Temmuz 2015'te birinci parti olan Adalet ve Kalkınma Partisi 'nin genel başkanı Ahmet Davutoğlu 'na verdi. | 2002 Türkiye genel seçimleri#2: Abdullah Gül AK Parti | Cumhuriyet Halk Partisi#95: İlk doğrudan cumhurbaşkanlığı seçimi olan 2014 cumhurbaşkanlığı seçimi , 2013 Türkiye yolsuzluk skandalının ardından gerçekleştirildi. | Türkiye#154: Türk siyasi yelpazesinin sağ tarafında Demokrat Parti (DP), Adalet Partisi (AP), Anavatan Partisi (ANAP) ve Adalet ve Kalkınma Partisi (AK Parti) Türkiye'nin en büyük siyasi partileri oldular ve en büyük seçim başarılarını elde ederek siyasette baskın oldular. | Türkiye#159: Meclisin 28. dönemi , 2023 genel seçimlerinin ardından başlamıştır ve başlangıçta milletvekili dağılımı şu şekilde belirlendi: Adalet ve Kalkınma Partisi (AKP) 268, Cumhuriyet Halk Partisi (CHP) 169, Milliyetçi Hareket Partisi (MHP) 50, Halkların Eşitlik ve Demokrasi Partisi (HEDEP) 57, İYİ Parti 43, Yeniden Refah Partisi (YRP) 5, Türkiye İşçi Partisi (TİP) 4 sandalye. | 2011 Türkiye genel seçimleri#10: Adalet ve Kalkınma Partisi , 186 milyon 544 bin; Cumhuriyet Halk Partisi , 83 milyon 608 bin; Milliyetçi Hareket Partisi , 57 milyon 148 bin lira seçim yardımı aldı. | 2011 Türkiye genel seçimleri#20: Ayrıca, eski futbolcu Hakan Şükür , Adalet ve Kalkınma Partisi İstanbul 3. Bölge 4. sıra adayı; eski futbolcu Saffet Sancaklı , Milliyetçi Hareket Partisi İstanbul 2. Bölge 5. sıra adayı; eski futbolcu Metin Kurt , Türkiye Komünist Partisi İstanbul 2. Bölge 2. sıra adayı ve eski hakem Selçuk Dereli , Cumhuriyet Halk Partisi Mersin 7. sıra adayı olarak seçimlere katıldı. | 2011 Türkiye genel seçimleri#32: Çok sayıda milletvekili adaylığı başvurusu, genel seçimler öncesinde iktidardaki Adalet ve Kalkınma Partisi 'ne yaklaşık 15 milyon Türk lirası gelir sağladı. | 2018 Türkiye genel seçimleri#8: Kasım 2017'de Milliyetçi Hareket Partisi Genel Başkanı Devlet Bahçeli 'nin Adalet ve Kalkınma Partisi ile ittifak yapmayı önermesi sonucunda Şubat 2018'de Cumhur İttifakı kuruldu. | 2018 Türkiye genel seçimleri#22: Yüksek Seçim Kurulu , 22 Nisan 2018 tarihinde yapılan açıklama ile seçimlere on partinin katılabileceğini ilan etti. | 2018 Türkiye genel seçimleri#24: Anayasa değişikliği referandumunda ""Evet"" cephesinde yer alan Adalet ve Kalkınma Partisi , Milliyetçi Hareket Partisi ve Büyük Birlik Partisi , "" Cumhur İttifakı "" adı altında seçimlere katılacaklarını ve cumhurbaşkanı adayı olarak da Recep Tayyip Erdoğan 'ı destekleyeceklerini açıkladılar. | 2018 Türkiye genel seçimleri#39: Cumhur İttifakı bileşeni olan Adalet ve Kalkınma Partisi listelerinin 18 sırası Büyük Birlik Partisi'ne ayrıldı. | 2018 Türkiye genel seçimleri#40: Kontenjanda Büyük Birlik Partisi Genel Başkanı Mustafa Destici'de yer aldı. | Haziran 2015 Türkiye genel seçimleri#6: 2002 yılından beri iktidarda olan Adalet ve Kalkınma Partisi (AK Parti) meclis çoğunluğunu kaybetti fakat %40,9 oy oranı ve 258 sandalye sayısı ile seçimlerden birinci parti olarak çıktı. | Haziran 2015 Türkiye genel seçimleri#45: 15 Nisan'da açıklanan geçici aday listelerine göre Adalet ve Kalkınma Partisi , Anadolu Partisi , Bağımsız Türkiye Partisi , Cumhuriyet Halk Partisi , Demokrat Parti , Demokratik Sol Parti , Halkın Kurtuluş Partisi , Halkların Demokratik Partisi , Komünist Parti , Milliyetçi Hareket Partisi , Millet Partisi , Saadet Partisi ve Vatan Partisi 85, Hak ve Özgürlükler Partisi 75, Merkez Parti 73, Liberal Demokrat Parti 58, Doğru Yol Partisi ve Yurt Partisi 56, Toplumsal Uzlaşma Reform ve Kalkınma Partisi 55, Hak ve Adalet Partisi 43 seçim çevresinde aday göstererek seçime girdi. | 2002 Türkiye genel seçimleri#5: Türkiye genelinde uygulanan yüzde 10 seçim barajlı d'Hondt sistemi nedeniyle, seçime katılan 18 siyasi partiden yalnızca Adalet ve Kalkınma Partisi (AK Parti) ve Cumhuriyet Halk Partisi (CHP) bu barajı aşarak meclise milletvekili sokmayı başarmışlardır. | 2002 Türkiye genel seçimleri#41: Demokrat Türkiye Partisi ve Aydınlık Türkiye Partisi , Doğru Yol Partisi listelerinden, Halkın Demokrasi Partisi , Emek Partisi ve Sosyalist Demokrasi Partisi de Demokratik Halk Partisi listelerinden seçime girdiler. | 2002 Türkiye genel seçimleri#45: Yüzde 10'luk ülke barajı nedeniyle geçerli oyların yaklaşık yüzde 45'i TBMM 'ye yansıyamadı; seçimlere katılan 18 siyasi partiden yalnızca Adalet ve Kalkınma Partisi ile Cumhuriyet Halk Partisi yüzde 10'luk ülke barajını aşarak TBMM'de temsil edilmeyi başardı, böylece 1946'dan sonra ikinci kez TBMM'de yalnızca iki parti temsil edildi. | Cumhuriyet Halk Partisi#6: Şu anda 138 milletvekili ile iktidardaki muhafazakâr Adalet ve Kalkınma Partisi 'nin (AK Parti) ardından Türkiye Büyük Millet Meclisi 'ndeki en büyük ikinci partidir. | Cumhuriyet Halk Partisi#13: Yeniden kuruluşundan beri en uzun süre görev yapan genel başkan Kemal Kılıçdaroğlu , mevcut genel başkan ise Özgür Özel 'dir. | Cumhuriyet Halk Partisi#75: 3 Kasım 2002 genel seçimlerinde Recep Tayyip Erdoğan liderliğinde Adalet ve Kalkınma Partisi tek başına iktidara geldi."
"CHP | Cumhuriyet Halk Partisi | Cumhuriyet Halk Partisine | Devrimci Halk Partisi U:(https://tr.wikipedia.org/wiki/Devrimci_Halk_Partisi_(2011))___ (DEV-PARTİ), yapılan seçimlerde ___E:Cumhuriyet Halk Partisi",https://tr.wikipedia.org/wiki/Cumhuriyet_Halk_Partisi,19,"Haziran 2015 Türkiye genel seçimleri#47: 6 Nisan 2015 tarihinde Türkiye Sosyalist İşçi Partisi (TSİP) ve Devrimci Halk Partisi (DEV-PARTİ), yapılan seçimlerde Cumhuriyet Halk Partisi 'ni (CHP) destekleme kararı aldıklarını açıkladılar. | Akif HamzaçebiCard#5: Cumhuriyet Halk Partisi | Cumhuriyet Halk Partisi genel sekreterleri listesi#1: Cumhuriyet Halk Partisi genel sekreterleri listesidir. | Türkiye#156: Yelpazenin sol tarafında Cumhuriyet Halk Partisi (CHP), Sosyaldemokrat Halkçı Parti (SHP) ve Demokratik Sol Parti (DSP) yerel ve genel seçimlerde büyük başarılar elde ettiler. | Türkiye#159: Meclisin 28. dönemi , 2023 genel seçimlerinin ardından başlamıştır ve başlangıçta milletvekili dağılımı şu şekilde belirlendi: Adalet ve Kalkınma Partisi (AKP) 268, Cumhuriyet Halk Partisi (CHP) 169, Milliyetçi Hareket Partisi (MHP) 50, Halkların Eşitlik ve Demokrasi Partisi (HEDEP) 57, İYİ Parti 43, Yeniden Refah Partisi (YRP) 5, Türkiye İşçi Partisi (TİP) 4 sandalye. | 2011 Türkiye genel seçimleri#10: Adalet ve Kalkınma Partisi , 186 milyon 544 bin; Cumhuriyet Halk Partisi , 83 milyon 608 bin; Milliyetçi Hareket Partisi , 57 milyon 148 bin lira seçim yardımı aldı. | 2011 Türkiye genel seçimleri#20: Ayrıca, eski futbolcu Hakan Şükür , Adalet ve Kalkınma Partisi İstanbul 3. Bölge 4. sıra adayı; eski futbolcu Saffet Sancaklı , Milliyetçi Hareket Partisi İstanbul 2. Bölge 5. sıra adayı; eski futbolcu Metin Kurt , Türkiye Komünist Partisi İstanbul 2. Bölge 2. sıra adayı ve eski hakem Selçuk Dereli , Cumhuriyet Halk Partisi Mersin 7. sıra adayı olarak seçimlere katıldı. | 2011 Türkiye genel seçimleri#46: 2011 genel seçimleri, Kemal Kılıçdaroğlu 'nun Cumhuriyet Halk Partisi (CHP) lideri olarak katıldığı ilk genel seçim olmuştur. | 2018 Türkiye genel seçimleri#26: Anayasa değişikliği referandumunda ""Hayır"" cephesinde yer alan Cumhuriyet Halk Partisi , İYİ Parti , Saadet Partisi ve Demokrat Parti milletvekili seçimlerinde ittifak yapma kararı aldılar. | 2018 Türkiye genel seçimleri#35: Cumhuriyet Halk Partisi sözcüsü Engin Altay , 22 Nisan 2018 tarihinde yaptığı açıklamayla YSK 'nın baskı altında olduğunu, seçimlerin ve demokrasinin sekteye uğramaması adına genel başkan Kemal Kılıçdaroğlu 'nun direktifiyle 15 CHP'li vekilin İYİ Parti 'ye geçtiğini açıkladı. | 2018 Türkiye genel seçimleri#41: Millet İttifakı bileşeni olan Cumhuriyet Halk Partisi listelerinin 5 sırası Saadet Partisi'ne ayrıldı. | 2007 Türkiye genel seçimleri#15: TBMM'de grubu bulunan muhalefet partilerinden Cumhuriyet Halk Partisi 'nin (CHP) ve Anavatan Partisi 'nin (ANAP) boykot ettiği ve 361 milletvekilinin katıldığı ilk tura tek aday olarak katılan AK Parti Kayseri milletvekili ve Dışişleri Bakanı Abdullah Gül 357 oy aldı. | Haziran 2015 Türkiye genel seçimleri#6: 2002 yılından beri iktidarda olan Adalet ve Kalkınma Partisi (AK Parti) meclis çoğunluğunu kaybetti fakat %40,9 oy oranı ve 258 sandalye sayısı ile seçimlerden birinci parti olarak çıktı. | Haziran 2015 Türkiye genel seçimleri#45: 15 Nisan'da açıklanan geçici aday listelerine göre Adalet ve Kalkınma Partisi , Anadolu Partisi , Bağımsız Türkiye Partisi , Cumhuriyet Halk Partisi , Demokrat Parti , Demokratik Sol Parti , Halkın Kurtuluş Partisi , Halkların Demokratik Partisi , Komünist Parti , Milliyetçi Hareket Partisi , Millet Partisi , Saadet Partisi ve Vatan Partisi 85, Hak ve Özgürlükler Partisi 75, Merkez Parti 73, Liberal Demokrat Parti 58, Doğru Yol Partisi ve Yurt Partisi 56, Toplumsal Uzlaşma Reform ve Kalkınma Partisi 55, Hak ve Adalet Partisi 43 seçim çevresinde aday göstererek seçime girdi. | 2002 Türkiye genel seçimleri#5: Türkiye genelinde uygulanan yüzde 10 seçim barajlı d'Hondt sistemi nedeniyle, seçime katılan 18 siyasi partiden yalnızca Adalet ve Kalkınma Partisi (AK Parti) ve Cumhuriyet Halk Partisi (CHP) bu barajı aşarak meclise milletvekili sokmayı başarmışlardır. | 2002 Türkiye genel seçimleri#45: Yüzde 10'luk ülke barajı nedeniyle geçerli oyların yaklaşık yüzde 45'i TBMM 'ye yansıyamadı; seçimlere katılan 18 siyasi partiden yalnızca Adalet ve Kalkınma Partisi ile Cumhuriyet Halk Partisi yüzde 10'luk ülke barajını aşarak TBMM'de temsil edilmeyi başardı, böylece 1946'dan sonra ikinci kez TBMM'de yalnızca iki parti temsil edildi. | Haziran 2015 Türkiye genel seçimleri#52: Cumhurbaşkanı Recep Tayyip Erdoğan hükûmeti kurma görevini 10 Temmuz 2015'te birinci parti olan Adalet ve Kalkınma Partisi 'nin genel başkanı Ahmet Davutoğlu 'na verdi. | 2011 Türkiye genel seçimleri#61: Yapılan son anketlerde (Mart-Nisan 2011) AK Parti %48,2 ile %51,2, CHP %24,4 ile %28,8, MHP %10,7 ile %15,0 ve BDP %4,3 ile %6,6 arasında değişen oy almaktadır. | 2007 Türkiye genel seçimleri#7: 2007 cumhurbaşkanlığı seçimleri, CHP 'li ve AK Partili politikacılar arasındaki gerilimlerin doruğa çıkmasıyla bir siyasi krize dönüştü."
Bilecik U:(https://tr.wikipedia.org/wiki/Bilecik_(il))___ çevresinde kurulu olan ___E:Osmanoğulları Beyliği | Osmanlı | Osmanlı Devleti | Osmanlı Türklerinin | Osmanlı İmparatorluğu | Osmanlı İmparatorluğunun | Osmanlılar,https://tr.wikipedia.org/wiki/Osmanl%C4%B1_%C4%B0mparatorlu%C4%9Fu,17,"Türkiye#378: Türk mutfağı, Mezopotamya ve Balkan mutfaklarıyla etkileşime girmiştir, İstanbul Osmanlı saray mutfağı da Türk mutfağının önemli bir kısmını oluşturur. | Türkiye#380: Saray mutfağı, Bizans İmparatorluğu 'ndan Osmanlı 'ya yüzyılların saray zevki ve tecrübesiyle oluşan elit bir mutfaktır. | Türkiye#11: İmparatorluk, zirvesini 16. yüzyılda, özellikle I. | Türkiye#14: Onun önderliğinde işgalci kuvvetlere karşı yapılan Kurtuluş Savaşı (1919-1922) başarıya ulaşarak, 1 Kasım 1922 tarihinde Türkiye Büyük Millet Meclisi tarafından saltanatın kaldırılmasıyla Osmanlı monarşisi ve Osmanlı İmparatorluğu tarihe karıştı. | Türkiye#24: Sözcüğün Yunanca soydaşı olan Tourkia ( Yunanca : Τουρκία ), Bizans İmparatoru ve bilgini VII. | Türkiye#79: Osmanlı İmparatorluğu , Batı Avrupa'da gerçekleşen Rönesans , Bilimsel Devrim , Aydınlanma Çağı ve Sanayi Devrimi gibi yeni gelişmeleri ülkesine getiremeyerek çağın gerisinde kaldı. | Türkiye#99: Savaşın ardından imparatorluğa bağlı milletler ayrılarak çeşitli yeni devletler kurdular. | Türkiye#103: 24 Temmuz 1923'te Sevr Antlaşması'nın yerine imzalanan Lozan Antlaşması , Osmanlı İmparatorluğu 'nun devamı niteliğindeki yeni Türk devletinin uluslararası alanda tanınmasını sağladı. | Türkiye#345: MÖ 5. yüzyıldan itibaren Anadolu topraklarında Yahudi toplulukları yaşamaya başladı ve yirmi yüzyıl sonra, 15. yüzyıl sonlarında İspanyol ve Portekiz Yahudilerinin İspanya'dan kovulmasıyla birlikte Osmanlı İmparatorluğu , bu Yahudilerin günümüzdeki Türkiye topraklarına yerleşmesine izin verdi. | Türkiye#9: 13. yüzyılın sonlarından itibaren Batı Anadolu 'daki Türk beyliklerinden biri olarak ön plana çıkan ve bağımsızlık kazanan Osmanlılar , 14. yüzyılda Balkan topraklarında gerçekleştirdiği fetihlerle büyük bir güç hâline geldi ve Anadolu 'daki diğer Türk beylikleri üzerinde de hâkimiyet kurdu. | Trabzon#106: Osmanlı İmparatorluğunun son döneminde Trabzon'da eğitim kuruluşu olarak sekiz medrese , eğitim süresi dört yıl olan beş adet ilkokul , bir adet sanat yurdu, bir adet askeri rüştiye , bir adet idadi ve bir adet Darülmuallimin bulunmaktaydı. | Türkiye#59: Halk arasında Konstantinopolis (İstanbul) olarak yaygınlaşan şehir ise, Doğu Roma İmparatorluğu 'nun başkenti oldu. | Türkiye#69: Bu beylikler arasında, Söğüt ve Bilecik çevresinde kurulu olan Osmanoğulları Beyliği , 13. yüzyılın sonlarına doğru bağımsızlığını ilan etmiştir. | Trabzon#46: Canlı bir ticaret kenti olan Trabzon'un köklü Rum ve Müslüman ailelerden oluşan eşrafı aktif olarak siyasetle uğraşmaktaydı. | Maliye#13: Devletin görevlerini icra edbilmesi için gerekli olan gelirleri toplayan ve giderlerin yapılmasını sağlayan Beytülmal'ın gelir ve giderleri devlet yönetiminin başı tarafından kontrol edilmekteydi. | Ankara Üniversitesi Siyasal Bilgiler Fakültesi#1: Ankara Üniversitesi Siyasal Bilgiler Fakültesi ( Mekteb-i Mülkiye-i Fünun-u Şahane , Mekteb-i Mülkiye veya kısaca Mülkiye ), Ankara Üniversitesi Cebeci Yerleşkesi'nde eğitim ve öğretim veren, Ankara Üniversitesine bağlı bir fakültedir. | Ankara Üniversitesi Siyasal Bilgiler Fakültesi#3: Osmanlı Devleti 'nde ilk Mekteb-i Mülkiye; devletin idârî kademelerinde görev alacak kimseleri yetiştirmek maksadıyla, İstanbul ’da Fatih semtinde, “ Ticarethane ” denen yerde kuruldu."
Ankara,https://tr.wikipedia.org/wiki/Ankara,16,"Türkiye Voleybol FederasyonuCard#6: Ankara | Türkiye#4: Resmî olarak laik bir devlet olan Türkiye'de nüfusun çoğunluğu Müslümandır . | Türkiye#13: Ancak yapılan reformlar, imparatorluğun dağılmasını engelleyemedi. | Türkiye#104: Yeni antlaşma, Türkiye'nin kendi toprakları üzerindeki egemenliğine yol açtı. | Türkiye#123: Türkiye'nin başkenti Ankara 'dır. | Türkiye#126: Ankara | Türkiye#232: Türkiye'nin başkenti Ankara , kendi adını taşıyan Ankara kedisi , Ankara tavşanı ve Ankara keçisi gibi hayvanlarıyla ünlüdür. | TürkiyeCard#1: Ankara .mw-parser-output .geo-default,.mw-parser-output .geo-dms,.mw-parser-output .geo-dec{display:inline}.mw-parser-output .geo-nondefault,.mw-parser-output .geo-multi-punct,.mw-parser-output .geo-inline-hidden{display:none}.mw-parser-output .longitude,.mw-parser-output .latitude{white-space:nowrap} 39°56′K 32°50′D﻿ / ﻿39.933°K 32.833°D﻿ / 39.933; 32.833 | Türk Patent ve Marka KurumuCard#3: Ankara | Gazi Üniversitesi#1: Gazi Üniversitesi , Ankara 'da bulunan köklü bir devlet üniversitesidir. | Gazi Üniversitesi#7: Gazi Üniversitesinin kuruluşu, cumhuriyetin ilanından hemen sonra Mustafa Kemal Atatürk ve arkadaşlarının Ankara 'da bir enstitü kurulması girişimiyle başlar. | Gazi Üniversitesi#8: Kurulacak bu enstitünün temel amacı yeni Türkiye'nin öğretmen ihtiyacını karşılamaktır. | Gazi Üniversitesi#34: Taşınmaz Kültür ve Tabiat Varlıkları Yüksek Kurulunun 1984 yılında aldığı kararla Gazi Üniversitesine devredilen bu bina, bugün üniversitenin Rektörlüğü, Gazi Eğitim Fakültesi Dekanlığı, laboratuvarlar, Resim Heykel Müzesi ve Sanat Galerisi olarak kullanılmaktadır, ayrıca binanın üstünde bir gözlemevi bulunmaktadır; ancak şu an faaliyette değildir. | Ankara Üniversitesi Siyasal Bilgiler Fakültesi#2: 1859 yılında ( Abdülmecid devrinde) İstanbul ’da kurulan Mekteb-i Mülkiye, cumhuriyet devrinde Ankara ’ya taşınmıştır ve günümüzde, Ankara Üniversitesi Siyasal Bilgiler Fakültesi ne dönüşmüş olarak eğitimini sürdürmektedir. | Ankara Üniversitesi Siyasal Bilgiler FakültesiCard#8: Cebeci , Ankara , Türkiye | Cumhuriyet Halk PartisiCard#12: Çankaya , Ankara , Türkiye"
Avrupa,https://tr.wikipedia.org/wiki/Avrupa,16,"Türkiye#3: Güneyini Kıbrıs ve Akdeniz , batısını Ege Denizi , kuzeyini ise Karadeniz çevreler. | Türkiye#4: Resmî olarak laik bir devlet olan Türkiye'de nüfusun çoğunluğu Müslümandır . | Türkiye#11: İmparatorluk, zirvesini 16. yüzyılda, özellikle I. | Türkiye#19: Türkiye, askerî kapasitesi ve diplomatik girişimleri sayesinde bölgesel güç kabul edilirken; Avrupa ve Asya kıtalarının kavşak noktasında yer alması nedeniyle önemli bir jeostratejik güç olarak görülmektedir. | Türkiye#37: Ayrıca Türkiye'nin Avrupa kıtasında kalan küçük bir bölümünü oluşturan Doğu Trakya ise, 40 bin yıl öncesine dayanan bir yerleşim tarihine sahiptir ve bölgenin sakinleri de tarıma başlayarak milattan 6000 yıl önce Cilalı Taş Devri'ne geçmiştir. | Türkiye#173: Günümüzde Türkiye, askerî kapasitesi ve diplomatik girişimleri sayesinde bölgesel güç kabul edilirken; Avrupa ve Asya kıtalarının kavşak noktasında yer alması nedeniyle önemli bir jeostratejik güce sahiptir. | Türkiye#206: Kalan %3'lük kısım ise Avrupa kıtasında kalır ve Doğu Trakya diye adlandırılır. | Türkiye#213: Türkiye'nin Avrupa 'daki kısmı olan Doğu Trakya 'da Yunanistan ve Bulgaristan ile sınırı bulunmaktadır. | Türkiye#255: Beko ve Vestel gibi Türk markaları, Avrupa 'nın en büyük beyaz eşya ve tüketici elektroniği üretim şirketlerindendir, bu sektörleri geliştirmek ve yeni teknolojiler bulmak konusunda önemli miktarda yatırımlar yapmaktadırlar. | Türkiye#274: Türkiye'de turizm , ekonominin önemli bir kısmını teşkil etmektedir ve son yirmi yılda hızlı bir büyüme yakalamıştır. | Türkiye#278: Türkiye, 2023 yılında yaklaşık 1.154 trilyon Amerikan doları GSYİH ile dünyanın en büyük 17. ekonomisi, Avrupa 'nın ise en büyük 7. ekonomisi olmuştur. | Türkiye#290: 15 Temmuz Şehitler Köprüsü (1973), Fatih Sultan Mehmet Köprüsü (1988) ve Yavuz Sultan Selim Köprüsü (2016), İstanbul Boğazı 'nın Avrupa ve Asya kıyılarını birbirine bağlayan üç asma köprüdür. | Türkiye#311: Türkiye'nin en gelişmiş ve en kalabalık şehri İstanbul 'dur. | Türkiye#394: Galatasaray Avrupa 'da kupa kazanan ilk ve tek Türk futbol takımıdır. | Maliye#7: Maliye'nin bir bilim olarak ortaya çıkışı, insanlık tarihi açısından yeni sayılır. | Araklı#55: Ayrıca 2006-2007 sezonunda Türkiye 'nin tek, Avrupa 'nın ise 7 yenilgisiz takımından biri olmayı başarmıştır."
Demokratik Halk Partisi U:(https://tr.wikipedia.org/wiki/Demokratik_Halk_Partisi_(T%C3%BCrkiye))___ listelerinden seçime girdiler. 'nin katılmasıyla ___E:Türkiye | Türkiye | Türkiye Cumhuriyeti,https://tr.wikipedia.org/wiki/T%C3%BCrkiye,16,"2002 Türkiye genel seçimleri#41: Demokrat Türkiye Partisi ve Aydınlık Türkiye Partisi , Doğru Yol Partisi listelerinden, Halkın Demokrasi Partisi , Emek Partisi ve Sosyalist Demokrasi Partisi de Demokratik Halk Partisi listelerinden seçime girdiler. | Trabzon#52: Kent, 1923 yılında yeni kurulan Türkiye Cumhuriyeti devletinin 61. il merkezi olarak yerini almış, 1926 yılında ilk Halk Kütüphanesi ve Ziraat Bankası , 1929'da Visera Hidroelektrik santrali , 1938'de Trabzon içme suyu tesisleri, 1942'de Trabzon Lisesi , 1947'de Trabzon Numune Hastanesi, 1949'da Göğüs Hastalıkları Hastanesi, 1954'te Trabzon limanı , 1957'de Trabzon Havaalanı , 1958'de SSK Hastanesi, 1964'te Ayasofya Müzesi , 1967'de çimento fabrikası açılmış, 1976 yılında Trabzonspor futbol takımı Türkiye 1. Ligi şampiyonluğunu kazanarak bu unvanı İstanbul'dan Anadolu 'ya taşımayı başaran ilk futbol takımı olmuştur. | Akif HamzaçebiCard#4: 1 Aralık 1953 (71 yaşında) Araklı , Trabzon , Türkiye | Trabzon#1: Trabzon ( Romeika : Τραπεζούντα , Trapezounta), Türkiye 'nin Trabzon ilinin merkezi olan şehirdir. | Trabzon#64: Bölgedeki Rum nüfus 1923 yılında Yunanistan ve Türkiye arasında yapılan "" Nüfus Mübadelesi "" ile gönderilmiştir. | Araklı#55: Ayrıca 2006-2007 sezonunda Türkiye 'nin tek, Avrupa 'nın ise 7 yenilgisiz takımından biri olmayı başarmıştır. | AraklıCard#1: Türkiye | 2011 Türkiye genel seçimleri#70: Türkiye geneli seçim sonuçları | Gazi Üniversitesi#12: Gazi Üniversitesi Türkiye 'nin öğretmen yetiştiren ilk eğitim kurumudur. | Ankara Üniversitesi Siyasal Bilgiler FakültesiCard#8: Cebeci , Ankara , Türkiye | 2007 Türkiye genel seçimleri#4: Görev süresi dolan Türkiye 'nin 10. Cumhurbaşkanı Ahmet Necdet Sezer 'in yerine 11. Cumhurbaşkanının seçilememesi üzerine TBMM Genel Kuruluda 3 Mayıs 2007 tarihinde milletvekilliği seçimlerinin 22 Temmuz 2007 günü yapılması karara bağlandı. | Bakırköy Anadolu LisesiCard#3: Türkiye | 2002 Türkiye genel seçimleri#3: 2002 Türkiye genel seçimleri , 3 Kasım 2002 günü Türkiye genelinde yapılan erken genel seçimdir. | Cumhuriyet Halk Partisi#1: Cumhuriyet Halk Partisi , Türkiye 'de faaliyet gösteren sosyal demokrat bir siyasi partidir . | Cumhuriyet Halk Partisi#15: 4-11 Eylül 1919 tarihleri arasında toplanan Sivas Kongresi 'nde, Türkiye 'nin çeşitli bölgelerinde kurulan müdâfaa-i hukuk cemiyetleri , Anadolu ve Rumeli Müdâfaa-i Hukuk Cemiyeti (ARMHC) adı altında birleştirilmiştir. | Cumhuriyet Halk PartisiCard#12: Çankaya , Ankara , Türkiye"
Recep Tayyip Erdoğan,https://tr.wikipedia.org/wiki/Recep_Tayyip_Erdo%C4%9Fan,15,"Türkiye#25: Aralık 2021'de cumhurbaşkanı Recep Tayyip Erdoğan , ihracatta ""Made in Türkiye"" ibaresinin kullanılmasına ilişkin bir genelge yayımladı. | Türkiye#116: 1980'li yıllarda Türk ekonomisinin liberalleştirilmesinden bu yana ülke, ekonomik büyüme ve siyasi istikrar yakaladı. | Türkiye#158: 12. Cumhurbaşkanı Recep Tayyip Erdoğan şu anda devlet ve hükûmet başkanı olarak görev yapıyor. | TürkiyeCard#8: Recep Tayyip Erdoğan | 2011 Türkiye genel seçimleri#3: Başbakan Recep Tayyip Erdoğan 3 Ekim 2010 günü yaptığı açıklamada genel seçimlerin normal tarihinden bir ay önce -Haziran ayı başında- yapılacağını duyurdu. | 2018 Türkiye genel seçimleri#4: Seçimlerin erkene alınmasının nedeni, Cumhurbaşkanı Recep Tayyip Erdoğan ve MHP Genel Başkanı Devlet Bahçeli tarafından 2017 referandumda kabul gören anayasa değişikliğinin yürürlüğe girmesi için daha fazla beklenmemesi gerekçe olarak gösterilmiştir. | 2018 Türkiye genel seçimleri#9: Seçimin normal şartlarda 3 Kasım 2019'da yapılması gerekiyordu ancak, Bahçeli'nin 17 Nisan 2018 tarihinde partisinin TBMM'deki grup toplantısında erken seçimi gerekli gördüğünü belirtmesi ve Cumhurbaşkanı Recep Tayyip Erdoğan 'ın ertesi gün buna olumlu yaklaştığını açıklaması ile seçim tarihi erkene alındı. | 2018 Türkiye genel seçimleri#24: Anayasa değişikliği referandumunda ""Evet"" cephesinde yer alan Adalet ve Kalkınma Partisi , Milliyetçi Hareket Partisi ve Büyük Birlik Partisi , "" Cumhur İttifakı "" adı altında seçimlere katılacaklarını ve cumhurbaşkanı adayı olarak da Recep Tayyip Erdoğan 'ı destekleyeceklerini açıkladılar. | 2007 Türkiye genel seçimleri#1: Recep Tayyip Erdoğan AK Parti | 2007 Türkiye genel seçimleri#2: Recep Tayyip Erdoğan AK Parti | Haziran 2015 Türkiye genel seçimleri#52: Cumhurbaşkanı Recep Tayyip Erdoğan hükûmeti kurma görevini 10 Temmuz 2015'te birinci parti olan Adalet ve Kalkınma Partisi 'nin genel başkanı Ahmet Davutoğlu 'na verdi. | 2002 Türkiye genel seçimleri#41: Demokrat Türkiye Partisi ve Aydınlık Türkiye Partisi , Doğru Yol Partisi listelerinden, Halkın Demokrasi Partisi , Emek Partisi ve Sosyalist Demokrasi Partisi de Demokratik Halk Partisi listelerinden seçime girdiler. | 2002 Türkiye genel seçimleri#53: 14 Kasım 2002 tarihinde Cumhurbaşkanı Ahmet Necdet Sezer ile Adalet ve Kalkınma Partisi Genel Başkanı Recep Tayyip Erdoğan arasındaki görüşmeden sonra, Erdoğan'ın milletvekili olmaması nedeniyle, 16 Kasım 2002 tarihinde Adalet ve Kalkınma Partisi genel başkan yardımcısı Abdullah Gül , Sezer tarafından hükûmeti kurmakla görevlendirildi. | Cumhuriyet Halk Partisi#75: 3 Kasım 2002 genel seçimlerinde Recep Tayyip Erdoğan liderliğinde Adalet ve Kalkınma Partisi tek başına iktidara geldi. | Cumhuriyet Halk Partisi#95: İlk doğrudan cumhurbaşkanlığı seçimi olan 2014 cumhurbaşkanlığı seçimi , 2013 Türkiye yolsuzluk skandalının ardından gerçekleştirildi."
"Anadolu | Ayasofya Müzesi U:(https://tr.wikipedia.org/wiki/Ayasofya_(Trabzon))___ , 1967'de çimento fabrikası açılmış, 1976 yılında futbol takımı Türkiye 1. Ligi şampiyonluğunu kazanarak bu unvanı İstanbul'dan ___E:Anadolu | Eski Anadolu | Trabzonspor U:(https://tr.wikipedia.org/wiki/Trabzonspor_(futbol_tak%C4%B1m%C4%B1))___ ve ) ise ___E:Anadolu",https://tr.wikipedia.org/wiki/Anadolu,14,"Türkiye#34: Çeşitli Eski Anadolu milletleri, bölgede Cilalı Taş Devri'nin başlangıcına kadar varlığını sürdürdü. | Trabzon#13: Pontus İmparatoru Mithridatis 'in Roma İmparatorluğu ile giriştiği bir dizi savaşı kaybetmesinin ardından Anadolu topraklarının yanı sıra Trabzon da Roma hakimiyetine girmiştir. | Trabzon#55: 1949 yılında 5442 sayılı İl İdaresi Kanunu uygulamasıyla Anadolu 'da bulunan 78 bin civarındaki yerleşim adından 28 bin kadarının adı Türkçe olmadığı gerekçesiyle değiştirilmiş olup büyük bölümü Romeika olan Trabzon köy adları da değiştirilerek yerlerine Türkçe isimler konulmuştur. | Türkiye#1: Türkiye , resmî adıyla Türkiye Cumhuriyeti , topraklarının büyük bölümü Batı Asya 'da Anadolu 'da, diğer bir bölümü ise Güneydoğu Avrupa 'nın uzantısı Doğu Trakya 'da olan kıtalararası bir ülkedir. | Türkiye#3: Güneyini Kıbrıs ve Akdeniz , batısını Ege Denizi , kuzeyini ise Karadeniz çevreler. | Türkiye#6: Daha sonra, sırasıyla Roma İmparatorluğu ve Anadolu 'nun Hristiyanlaştığı Bizans dönemleri yaşandı. | Türkiye#9: 13. yüzyılın sonlarından itibaren Batı Anadolu 'daki Türk beyliklerinden biri olarak ön plana çıkan ve bağımsızlık kazanan Osmanlılar , 14. yüzyılda Balkan topraklarında gerçekleştirdiği fetihlerle büyük bir güç hâline geldi ve Anadolu 'daki diğer Türk beylikleri üzerinde de hâkimiyet kurdu. | Türkiye#29: Günümüzdeki Türkiye topraklarının çoğunu oluşturan Anadolu yarımadasındaki en eski arkeolojik bulgu, Gediz Nehri 'nde bulunan ve yaklaşık 1,24 ila 1,17 milyon yıla tarihlenen taş bir alettir. | Türkiye#68: Nitekim 1243'te Anadolu Selçuklu Devleti ile Baycu Noyan komutasındaki Moğollar arasında gerçekleşen Kösedağ Muharebesi sonucunda gelen yenilgiyle Anadolu , Moğol hâkimiyetine girmiştir ve Anadolu Selçuklu Devleti zayıflayıp yerini Türk beyliklerine bırakmıştır. | Türkiye#205: Topraklarının %97'si Asya üzerinde bulunur ve bu kısım Anadolu diye adlandırılır. | Türkiye#213: Türkiye'nin Avrupa 'daki kısmı olan Doğu Trakya 'da Yunanistan ve Bulgaristan ile sınırı bulunmaktadır. | Türkiye#357: Türkiye; Oğuz , Anadolu , Osmanlı ( Greko-Romen ve İslami kültürlerin bir devamıydı) ve Avrupa kültürü ile geleneklerinin karışımıyla ortaya çıkan çok çeşitli kültürleri barındırır. | Trabzon#52: Kent, 1923 yılında yeni kurulan Türkiye Cumhuriyeti devletinin 61. il merkezi olarak yerini almış, 1926 yılında ilk Halk Kütüphanesi ve Ziraat Bankası , 1929'da Visera Hidroelektrik santrali , 1938'de Trabzon içme suyu tesisleri, 1942'de Trabzon Lisesi , 1947'de Trabzon Numune Hastanesi, 1949'da Göğüs Hastalıkları Hastanesi, 1954'te Trabzon limanı , 1957'de Trabzon Havaalanı , 1958'de SSK Hastanesi, 1964'te Ayasofya Müzesi , 1967'de çimento fabrikası açılmış, 1976 yılında Trabzonspor futbol takımı Türkiye 1. Ligi şampiyonluğunu kazanarak bu unvanı İstanbul'dan Anadolu 'ya taşımayı başaran ilk futbol takımı olmuştur. | Türkiye#392: Futbol ligler hâlinde oynanmakta ve bunların en büyüğü Süper Lig 'dir."
"Komünist Parti U:(https://tr.wikipedia.org/wiki/Kom%C3%BCnist_Parti_(T%C3%BCrkiye))___ , ___E:Milliyetçi Hareket Partisi | MHP | Milliyetçi Hareket Partisi",https://tr.wikipedia.org/wiki/Milliyet%C3%A7i_Hareket_Partisi,13,"Haziran 2015 Türkiye genel seçimleri#45: 15 Nisan'da açıklanan geçici aday listelerine göre Adalet ve Kalkınma Partisi , Anadolu Partisi , Bağımsız Türkiye Partisi , Cumhuriyet Halk Partisi , Demokrat Parti , Demokratik Sol Parti , Halkın Kurtuluş Partisi , Halkların Demokratik Partisi , Komünist Parti , Milliyetçi Hareket Partisi , Millet Partisi , Saadet Partisi ve Vatan Partisi 85, Hak ve Özgürlükler Partisi 75, Merkez Parti 73, Liberal Demokrat Parti 58, Doğru Yol Partisi ve Yurt Partisi 56, Toplumsal Uzlaşma Reform ve Kalkınma Partisi 55, Hak ve Adalet Partisi 43 seçim çevresinde aday göstererek seçime girdi. | Türkiye#159: Meclisin 28. dönemi , 2023 genel seçimlerinin ardından başlamıştır ve başlangıçta milletvekili dağılımı şu şekilde belirlendi: Adalet ve Kalkınma Partisi (AKP) 268, Cumhuriyet Halk Partisi (CHP) 169, Milliyetçi Hareket Partisi (MHP) 50, Halkların Eşitlik ve Demokrasi Partisi (HEDEP) 57, İYİ Parti 43, Yeniden Refah Partisi (YRP) 5, Türkiye İşçi Partisi (TİP) 4 sandalye. | 2011 Türkiye genel seçimleri#10: Adalet ve Kalkınma Partisi , 186 milyon 544 bin; Cumhuriyet Halk Partisi , 83 milyon 608 bin; Milliyetçi Hareket Partisi , 57 milyon 148 bin lira seçim yardımı aldı. | 2011 Türkiye genel seçimleri#20: Ayrıca, eski futbolcu Hakan Şükür , Adalet ve Kalkınma Partisi İstanbul 3. Bölge 4. sıra adayı; eski futbolcu Saffet Sancaklı , Milliyetçi Hareket Partisi İstanbul 2. Bölge 5. sıra adayı; eski futbolcu Metin Kurt , Türkiye Komünist Partisi İstanbul 2. Bölge 2. sıra adayı ve eski hakem Selçuk Dereli , Cumhuriyet Halk Partisi Mersin 7. sıra adayı olarak seçimlere katıldı. | 2018 Türkiye genel seçimleri#8: Kasım 2017'de Milliyetçi Hareket Partisi Genel Başkanı Devlet Bahçeli 'nin Adalet ve Kalkınma Partisi ile ittifak yapmayı önermesi sonucunda Şubat 2018'de Cumhur İttifakı kuruldu. | 2018 Türkiye genel seçimleri#24: Anayasa değişikliği referandumunda ""Evet"" cephesinde yer alan Adalet ve Kalkınma Partisi , Milliyetçi Hareket Partisi ve Büyük Birlik Partisi , "" Cumhur İttifakı "" adı altında seçimlere katılacaklarını ve cumhurbaşkanı adayı olarak da Recep Tayyip Erdoğan 'ı destekleyeceklerini açıkladılar. | Haziran 2015 Türkiye genel seçimleri#6: 2002 yılından beri iktidarda olan Adalet ve Kalkınma Partisi (AK Parti) meclis çoğunluğunu kaybetti fakat %40,9 oy oranı ve 258 sandalye sayısı ile seçimlerden birinci parti olarak çıktı. | Haziran 2015 Türkiye genel seçimleri#47: 6 Nisan 2015 tarihinde Türkiye Sosyalist İşçi Partisi (TSİP) ve Devrimci Halk Partisi (DEV-PARTİ), yapılan seçimlerde Cumhuriyet Halk Partisi 'ni (CHP) destekleme kararı aldıklarını açıkladılar. | 2002 Türkiye genel seçimleri#7: İktidardaki Demokratik Sol Parti , Milliyetçi Hareket Partisi ve Anavatan Partisi 'nin yanı sıra önceki dönemde TBMM'de temsil edilen muhalefet partilerinden Doğru Yol Partisi , Saadet Partisi ve Yeni Türkiye Partisi 'nin de seçim barajını aşamayarak TBMM'ye giremediği seçimler, Türkiye'nin siyasetini temelinden sarsan büyük bir değişim olarak nitelendirildi. | 2002 Türkiye genel seçimleri#10: Bu gelişmeler sırasında koalisyon hükûmetinin ikinci büyük ortağı Milliyetçi Hareket Partisi 'nin (MHP) Genel Başkanı Devlet Bahçeli , 7 Temmuz 2002 günü, partisinin Bursa İl teşkilatının Keles ilçesinde düzenlediği 11. Kocayayla Türkmen Kurultayı'nda yaptığı açıklamada 3 Kasım 2002 tarihinde erken seçim yapılmasını istedi. | 2011 Türkiye genel seçimleri#61: Yapılan son anketlerde (Mart-Nisan 2011) AK Parti %48,2 ile %51,2, CHP %24,4 ile %28,8, MHP %10,7 ile %15,0 ve BDP %4,3 ile %6,6 arasında değişen oy almaktadır. | Haziran 2015 Türkiye genel seçimleri#56: AK Parti heyeti 14 Temmuzda MHP heyeti ile görüşme kararı aldı. | Cumhuriyet Halk Partisi#95: İlk doğrudan cumhurbaşkanlığı seçimi olan 2014 cumhurbaşkanlığı seçimi , 2013 Türkiye yolsuzluk skandalının ardından gerçekleştirildi."
Meclise | TBMM | Türkiye Büyük Millet Meclisi | Türkiye Büyük Millet Meclisi'nde | Türkiye Büyük Millet Meclisinde | Türkiye Büyük Millet Meclisinin | Ulus U:(https://tr.wikipedia.org/wiki/Ulus_(semt))___ 'a yürüyüş yapıldı; korteji hükûmet ve meclis adına ___E:TBMM | meclis seçimleri,https://tr.wikipedia.org/wiki/T%C3%BCrkiye_B%C3%BCy%C3%BCk_Millet_Meclisi,13,"2018 Türkiye genel seçimleri#36: Böylelikle önceden 5 milletvekili bulunan İYİ Parti 'nin TBMM 'de grup kurması sağlanarak 36. maddesi yerine getirilmesi sağlandı. | 2002 Türkiye genel seçimleri#45: Yüzde 10'luk ülke barajı nedeniyle geçerli oyların yaklaşık yüzde 45'i TBMM 'ye yansıyamadı; seçimlere katılan 18 siyasi partiden yalnızca Adalet ve Kalkınma Partisi ile Cumhuriyet Halk Partisi yüzde 10'luk ülke barajını aşarak TBMM'de temsil edilmeyi başardı, böylece 1946'dan sonra ikinci kez TBMM'de yalnızca iki parti temsil edildi. | Haziran 2015 Türkiye genel seçimleri#7: Seçimlere ilk kez katılan Halkların Demokratik Partisi (HDP) %10 seçim barajını geçerek, aldığı %13,1 oy oranı ile Türkiye Büyük Millet Meclisinde 80 milletvekili ile temsil edilmeye hak kazandı. | Türkiye#13: Ancak yapılan reformlar, imparatorluğun dağılmasını engelleyemedi. | Türkiye#102: Ankara Hükûmeti silahlı ve diplomatik mücadeleye girişti. | TürkiyeCard#12: Türkiye Büyük Millet Meclisi | Cumhuriyet Halk Partisi#6: Şu anda 138 milletvekili ile iktidardaki muhafazakâr Adalet ve Kalkınma Partisi 'nin (AK Parti) ardından Türkiye Büyük Millet Meclisi 'ndeki en büyük ikinci partidir. | Cumhuriyet Halk Partisi#15: 4-11 Eylül 1919 tarihleri arasında toplanan Sivas Kongresi 'nde, Türkiye 'nin çeşitli bölgelerinde kurulan müdâfaa-i hukuk cemiyetleri , Anadolu ve Rumeli Müdâfaa-i Hukuk Cemiyeti (ARMHC) adı altında birleştirilmiştir. | Ankara Üniversitesi Siyasal Bilgiler Fakültesi#56: Ertesi gün Ankara Garı ’ndan Muhafız Alayı Bandosu eşliğinde Ulus 'a yürüyüş yapıldı; korteji hükûmet ve meclis adına TBMM Başkanı Mustafa Abdülhalik Renda karşıladı. | 2018 Türkiye genel seçimleri#3: 2018 Türkiye genel seçimleri , 24 Haziran 2018'de yapılan ve Türkiye Büyük Millet Meclisinin 27. döneminin 600 yeni üyesinin belirlendiği seçimlerdir. | Türkiye#134: Meclise 600 milletvekili seçilir. | Türkiye#143: Türkiye'de seçimler altı yönetim kademesi için yapılır: meclis seçimleri (ulusal), cumhurbaşkanlığı seçimleri (ulusal), büyükşehir belediye başkanları (yerel), ilçe belediye başkanları (yerel), il veya belediye meclisi üyeleri (yerel) ve muhtarlar (yerel). | 2018 Türkiye genel seçimleri#10: Aynı gün olağanüstü hâl seçim tarihini de içine alacak şekilde üç ay daha uzatıldı."
İstanbul,https://tr.wikipedia.org/wiki/%C4%B0stanbul,10,"Türkiye#4: Resmî olarak laik bir devlet olan Türkiye'de nüfusun çoğunluğu Müslümandır . | Türkiye#222: Üzerinde sönmüş volkanlar bulundurur ve hâlâ daha sıklıkla depremler meydana gelmektedir. | Türkiye#277: Euromonitor International'ın raporuna göre, 2024 yılında İstanbul dünyanın en çok ziyaret edilen 2. şehri, ""turizm başkenti"" kabul edilen Antalya ise Paris ve Dubai gibi metropolleri geride bırakarak 6. sırada yer aldı. | Türkiye#311: Türkiye'nin en gelişmiş ve en kalabalık şehri İstanbul 'dur. | Türkiye#322: Özellikle İstanbul 'da yaklaşık 3 milyon Kürt yaşamaktadır ve bu durum şehri, dünya üzerinde en fazla Kürt nüfusuna sahip şehir yapmaktadır. | Türkiye#378: Türk mutfağı, Mezopotamya ve Balkan mutfaklarıyla etkileşime girmiştir, İstanbul Osmanlı saray mutfağı da Türk mutfağının önemli bir kısmını oluşturur. | Türkiye#392: Futbol ligler hâlinde oynanmakta ve bunların en büyüğü Süper Lig 'dir. | TürkiyeCard#2: İstanbul 41°1′K 28°57′D﻿ / ﻿41.017°K 28.950°D﻿ / 41.017; 28.950 | Ankara Üniversitesi Siyasal Bilgiler Fakültesi#2: 1859 yılında ( Abdülmecid devrinde) İstanbul ’da kurulan Mekteb-i Mülkiye, cumhuriyet devrinde Ankara ’ya taşınmıştır ve günümüzde, Ankara Üniversitesi Siyasal Bilgiler Fakültesi ne dönüşmüş olarak eğitimini sürdürmektedir. | Ankara Üniversitesi Siyasal Bilgiler Fakültesi#3: Osmanlı Devleti 'nde ilk Mekteb-i Mülkiye; devletin idârî kademelerinde görev alacak kimseleri yetiştirmek maksadıyla, İstanbul ’da Fatih semtinde, “ Ticarethane ” denen yerde kuruldu."
Saadet Partisi | Saadet Partisi'ne,https://tr.wikipedia.org/wiki/Saadet_Partisi,9,"2011 Türkiye genel seçimleri#19: Seçimde dikkat çeken adaylardan biri de Saadet Partisi Denizli 5. sıra milletvekili adayı Haşim Ahmet Abdülbaki Buğra Bahadır Nebioğulları oldu. | 2018 Türkiye genel seçimleri#26: Anayasa değişikliği referandumunda ""Hayır"" cephesinde yer alan Cumhuriyet Halk Partisi , İYİ Parti , Saadet Partisi ve Demokrat Parti milletvekili seçimlerinde ittifak yapma kararı aldılar. | 2018 Türkiye genel seçimleri#41: Millet İttifakı bileşeni olan Cumhuriyet Halk Partisi listelerinin 5 sırası Saadet Partisi'ne ayrıldı. | Haziran 2015 Türkiye genel seçimleri#43: Seçime girme hakkı olan Özgürlük ve Dayanışma Partisi seçimlere girmeyip ""ilerici güçleri"" destekleyeceğinden, Emek Partisi Halkların Demokratik Partisi ile ittifak kararı aldığından, Büyük Birlik Partisi ile Saadet Partisi ile ittifak yaptığından , Demokratik Gelişim Partisi genel başkan istifasından dolayı seçime girmeyeceklerinden aday listesi sunmadılar. | Haziran 2015 Türkiye genel seçimleri#45: 15 Nisan'da açıklanan geçici aday listelerine göre Adalet ve Kalkınma Partisi , Anadolu Partisi , Bağımsız Türkiye Partisi , Cumhuriyet Halk Partisi , Demokrat Parti , Demokratik Sol Parti , Halkın Kurtuluş Partisi , Halkların Demokratik Partisi , Komünist Parti , Milliyetçi Hareket Partisi , Millet Partisi , Saadet Partisi ve Vatan Partisi 85, Hak ve Özgürlükler Partisi 75, Merkez Parti 73, Liberal Demokrat Parti 58, Doğru Yol Partisi ve Yurt Partisi 56, Toplumsal Uzlaşma Reform ve Kalkınma Partisi 55, Hak ve Adalet Partisi 43 seçim çevresinde aday göstererek seçime girdi. | Haziran 2015 Türkiye genel seçimleri#47: 6 Nisan 2015 tarihinde Türkiye Sosyalist İşçi Partisi (TSİP) ve Devrimci Halk Partisi (DEV-PARTİ), yapılan seçimlerde Cumhuriyet Halk Partisi 'ni (CHP) destekleme kararı aldıklarını açıkladılar. | 2002 Türkiye genel seçimleri#7: İktidardaki Demokratik Sol Parti , Milliyetçi Hareket Partisi ve Anavatan Partisi 'nin yanı sıra önceki dönemde TBMM'de temsil edilen muhalefet partilerinden Doğru Yol Partisi , Saadet Partisi ve Yeni Türkiye Partisi 'nin de seçim barajını aşamayarak TBMM'ye giremediği seçimler, Türkiye'nin siyasetini temelinden sarsan büyük bir değişim olarak nitelendirildi. | 2002 Türkiye genel seçimleri#48: 1999 genel seçimlerinden sonra kurulup 2002 seçimlerine kadar ülkeyi yöneten koalisyon hükûmetinin ortaklarından Demokratik Sol Parti, Milliyetçi Hareket Partisi ve Anavatan Partisi 'nin yanı sıra muhalefetteki Doğru Yol Partisi , Saadet Partisi ve Yeni Türkiye Partisi barajı aşamayarak TBMM dışında kaldı. | Cumhuriyet Halk Partisi#99: Kılıçdaroğlu İYİ Parti'nin seçimlere katılması için 15 milletvekili transfer ederek yeni partinin yükselişini kolaylaştırdı."
Demokrat Parti U:(https://tr.wikipedia.org/wiki/Demokrat_Parti_(2007))___ ise ___E:İYİ Parti | İYİ Parti | İyi Parti,https://tr.wikipedia.org/wiki/%C4%B0Y%C4%B0_Parti,9,"2018 Türkiye genel seçimleri#22: Yüksek Seçim Kurulu , 22 Nisan 2018 tarihinde yapılan açıklama ile seçimlere on partinin katılabileceğini ilan etti. | 2018 Türkiye genel seçimleri#42: Millet İttifakı bileşeni olan İyi Parti listelerinin 4 sırası Demokrat Parti'ye ayrıldı. | 2018 Türkiye genel seçimleri#43: Kontenjanda Demokrat Parti Genel Başkanı Gültekin Uysal yer aldı. | Türkiye#159: Meclisin 28. dönemi , 2023 genel seçimlerinin ardından başlamıştır ve başlangıçta milletvekili dağılımı şu şekilde belirlendi: Adalet ve Kalkınma Partisi (AKP) 268, Cumhuriyet Halk Partisi (CHP) 169, Milliyetçi Hareket Partisi (MHP) 50, Halkların Eşitlik ve Demokrasi Partisi (HEDEP) 57, İYİ Parti 43, Yeniden Refah Partisi (YRP) 5, Türkiye İşçi Partisi (TİP) 4 sandalye. | 2018 Türkiye genel seçimleri#26: Anayasa değişikliği referandumunda ""Hayır"" cephesinde yer alan Cumhuriyet Halk Partisi , İYİ Parti , Saadet Partisi ve Demokrat Parti milletvekili seçimlerinde ittifak yapma kararı aldılar. | 2018 Türkiye genel seçimleri#32: Seçim kararı alındıktan sonra Meral Akşener önderliğinde kurulan İYİ Parti 'nin seçime katılıp katılamayacağı konusu tartışılmaya başladı. | 2018 Türkiye genel seçimleri#35: Cumhuriyet Halk Partisi sözcüsü Engin Altay , 22 Nisan 2018 tarihinde yaptığı açıklamayla YSK 'nın baskı altında olduğunu, seçimlerin ve demokrasinin sekteye uğramaması adına genel başkan Kemal Kılıçdaroğlu 'nun direktifiyle 15 CHP'li vekilin İYİ Parti 'ye geçtiğini açıkladı. | 2018 Türkiye genel seçimleri#36: Böylelikle önceden 5 milletvekili bulunan İYİ Parti 'nin TBMM 'de grup kurması sağlanarak 36. maddesi yerine getirilmesi sağlandı. | Cumhuriyet Halk Partisi#98: 2017'ye gelindiğinde, MHP'den ayrılan muhalifler İYİ Parti 'yi kurdu."
Atatürk | Mustafa Kemal | Mustafa Kemal Atatürk | Mustafa Kemal Paşa,https://tr.wikipedia.org/wiki/Mustafa_Kemal_Atat%C3%BCrk,8,"Trabzon#53: Atatürk , Cumhuriyet döneminde Trabzon'a üç kez gelir: 1924, 1930 ve 1937 yıllarında. | Türkiye#15: Cumhuriyet, ülkenin ilk cumhurbaşkanı Mustafa Kemal Atatürk tarafından 29 Ekim 1923'te ilan edildi . | Gazi Üniversitesi#7: Gazi Üniversitesinin kuruluşu, cumhuriyetin ilanından hemen sonra Mustafa Kemal Atatürk ve arkadaşlarının Ankara 'da bir enstitü kurulması girişimiyle başlar. | Cumhuriyet Halk Partisi#3: Türkiye Cumhuriyeti'nin kurucusu ve ilk cumhurbaşkanı Mustafa Kemal Atatürk tarafından kurulan parti, Türkiye'nin en eski siyasi partisidir. | Cumhuriyet Halk Partisi#135: Mustafa Kemal Atatürk 'ün vasiyetle Türkiye İş Bankası 'nın kendine ait olan %28.1 oranındaki hissesini partiye bırakmıştır. | Cumhuriyet Halk PartisiCard#5: Mustafa Kemal Atatürk | Türkiye#100: I. | Türkiye#13: Ancak yapılan reformlar, imparatorluğun dağılmasını engelleyemedi."
Yunanistan,https://tr.wikipedia.org/wiki/Yunanistan,8,"Trabzon#64: Bölgedeki Rum nüfus 1923 yılında Yunanistan ve Türkiye arasında yapılan "" Nüfus Mübadelesi "" ile gönderilmiştir. | Türkiye#2: Batıda Bulgaristan ve Yunanistan , doğuda Gürcistan , Ermenistan , İran ve Azerbaycan , güneyde ise Irak ve Suriye ile sınır komşusudur. | Türkiye#5: Türkiye toprakları üzerinde bulunan ilk yerleşmeler Yontma Taş Devri 'nde başlar. | Türkiye#105: Lozan Antlaşması sonrasında antlaşma maddeleri gereğince yapılan Türkiye-Yunanistan nüfus mübadelesi kapsamında Türkiye'deki 1,1 milyon Rum ile Yunanistan 'daki 380 bin Türk yer değiştirdi. | Türkiye#109: II. | Türkiye#213: Türkiye'nin Avrupa 'daki kısmı olan Doğu Trakya 'da Yunanistan ve Bulgaristan ile sınırı bulunmaktadır. | Türkiye#276: Türkiye, 625 Mavi Bayraklı plaja ev sahipliği yaparak İspanya ve Yunanistan 'ın ardından dünyada üçüncü sırada yer almaktadır. | 2002 Türkiye genel seçimleri#36: Dönemin Sağlık Bakanı Osman Durmuş 'un Yunanistan ve Ermenistan 'ın yardımlarını kabul etmemesi büyük tepki çekti ve Durmuş'un istifası istendi."
"Kemal Kılıçdaroğlu | YSK U:(https://tr.wikipedia.org/wiki/Y%C3%BCksek_Se%C3%A7im_Kurulu_(T%C3%BCrkiye))___ 'nın baskı altında olduğunu, seçimlerin ve demokrasinin sekteye uğramaması adına genel başkan ___E:Kemal Kılıçdaroğlu",https://tr.wikipedia.org/wiki/Kemal_K%C4%B1l%C4%B1%C3%A7daro%C4%9Flu,8,"2018 Türkiye genel seçimleri#35: Cumhuriyet Halk Partisi sözcüsü Engin Altay , 22 Nisan 2018 tarihinde yaptığı açıklamayla YSK 'nın baskı altında olduğunu, seçimlerin ve demokrasinin sekteye uğramaması adına genel başkan Kemal Kılıçdaroğlu 'nun direktifiyle 15 CHP'li vekilin İYİ Parti 'ye geçtiğini açıkladı. | Cumhuriyet Halk Partisi 36. Olağan Kurultayı#1: Kemal Kılıçdaroğlu | Cumhuriyet Halk Partisi 36. Olağan Kurultayı#2: Kemal Kılıçdaroğlu | Cumhuriyet Halk Partisi 36. Olağan Kurultayı#6: Genel başkanlığa adaylığını açıklayan beş kişi arasından sadece Kemal Kılıçdaroğlu ve Muharrem İnce , delege üyelerinden resmî olarak adaylık için gereken 127 imzayı topladılar. | 2011 Türkiye genel seçimleri#46: 2011 genel seçimleri, Kemal Kılıçdaroğlu 'nun Cumhuriyet Halk Partisi (CHP) lideri olarak katıldığı ilk genel seçim olmuştur. | Haziran 2015 Türkiye genel seçimleri#60: Yaklaşık 1 saat 37 dakika süren görüşmenin ardından Ömer Çelik çıkışta görüşmenin detaylarını basın mensupları ile paylaştı. | Cumhuriyet Halk Partisi#13: Yeniden kuruluşundan beri en uzun süre görev yapan genel başkan Kemal Kılıçdaroğlu , mevcut genel başkan ise Özgür Özel 'dir. | Cumhuriyet Halk Partisi#89: Baykal bir kasetin internete sızdırılmasının ardından parti genel başkanlığından istifa ettiğini açıkladı."
Ahmet Davutoğlu,https://tr.wikipedia.org/wiki/Ahmet_Davuto%C4%9Flu,8,"Kasım 2015 Türkiye genel seçimleri#1: Ahmet Davutoğlu AK Parti | Kasım 2015 Türkiye genel seçimleri#2: Ahmet Davutoğlu AK Parti | Kasım 2015 Türkiye genel seçimleri#11: Son olarak, 13 Ağustos'ta AK Parti-CHP arasındaki koalisyon görüşmelerinin bir sonuca ulaşmadığının duyurulmasıyla, erken seçim yapılması Başbakan Ahmet Davutoğlu tarafından tek ihtimal olarak nitelendirildi. | Haziran 2015 Türkiye genel seçimleri#1: Ahmet Davutoğlu AK Parti | Haziran 2015 Türkiye genel seçimleri#2: Ahmet Davutoğlu AK Parti | Haziran 2015 Türkiye genel seçimleri#52: Cumhurbaşkanı Recep Tayyip Erdoğan hükûmeti kurma görevini 10 Temmuz 2015'te birinci parti olan Adalet ve Kalkınma Partisi 'nin genel başkanı Ahmet Davutoğlu 'na verdi. | Haziran 2015 Türkiye genel seçimleri#57: Görüşmeye ilişkin açıklama yapan Ahmet Davutoğlu , MHP Lideri Devlet Bahçeli ve MHP heyeti'nin gösterdikleri misafirperverlik için teşekkür etti. | Haziran 2015 Türkiye genel seçimleri#60: Yaklaşık 1 saat 37 dakika süren görüşmenin ardından Ömer Çelik çıkışta görüşmenin detaylarını basın mensupları ile paylaştı."
"DSP | Demokrat Parti U:(https://tr.wikipedia.org/wiki/Demokrat_Parti_(2007))___ , ___E:Demokratik Sol Parti | Demokratik Sol Parti",https://tr.wikipedia.org/wiki/Demokratik_Sol_Parti,8,"2002 Türkiye genel seçimleri#1: Bülent Ecevit DSP | Haziran 2015 Türkiye genel seçimleri#45: 15 Nisan'da açıklanan geçici aday listelerine göre Adalet ve Kalkınma Partisi , Anadolu Partisi , Bağımsız Türkiye Partisi , Cumhuriyet Halk Partisi , Demokrat Parti , Demokratik Sol Parti , Halkın Kurtuluş Partisi , Halkların Demokratik Partisi , Komünist Parti , Milliyetçi Hareket Partisi , Millet Partisi , Saadet Partisi ve Vatan Partisi 85, Hak ve Özgürlükler Partisi 75, Merkez Parti 73, Liberal Demokrat Parti 58, Doğru Yol Partisi ve Yurt Partisi 56, Toplumsal Uzlaşma Reform ve Kalkınma Partisi 55, Hak ve Adalet Partisi 43 seçim çevresinde aday göstererek seçime girdi. | Türkiye#156: Yelpazenin sol tarafında Cumhuriyet Halk Partisi (CHP), Sosyaldemokrat Halkçı Parti (SHP) ve Demokratik Sol Parti (DSP) yerel ve genel seçimlerde büyük başarılar elde ettiler. | 2007 Türkiye genel seçimleri#25: Hürriyet ve Değişim Partisi , Demokratik Sol Parti , Demokratik Toplum Partisi ve Sosyaldemokrat Halk Partisi seçime katılma hakları olmasına rağmen seçime katılmayacaklarını açıkladılar. | 2007 Türkiye genel seçimleri#29: ANAVATAN aday listelerini geç verdiği gerekçesiyle genel seçimlere de katılamadı. | 2002 Türkiye genel seçimleri#7: İktidardaki Demokratik Sol Parti , Milliyetçi Hareket Partisi ve Anavatan Partisi 'nin yanı sıra önceki dönemde TBMM'de temsil edilen muhalefet partilerinden Doğru Yol Partisi , Saadet Partisi ve Yeni Türkiye Partisi 'nin de seçim barajını aşamayarak TBMM'ye giremediği seçimler, Türkiye'nin siyasetini temelinden sarsan büyük bir değişim olarak nitelendirildi. | 2002 Türkiye genel seçimleri#9: Tartışmalar Demokratik Sol Parti 'nin (DSP) içine de yansıdı; 8 Temmuz'da Hüsamettin Özkan 'ın Başbakan Yardımcılığı ve DSP'den ayrılmasıyla başlayan istifa dalgasıyla temmuz ayı içinde DSP meclis grubunun sayısı yarı yarıya düştü. | Cumhuriyet Halk Partisi#70: 1981 yılında Cumhuriyet Halk Partisi diğer tüm siyasi partilerle beraber kapatıldı."
Bülent Ecevit | Ecevit,https://tr.wikipedia.org/wiki/B%C3%BClent_Ecevit,8,"Türkiye#115: Ardından gelen çok partili demokrasi dönemi 1960 ve 1980 askerî darbeleri ve 1971 ve 1997 muhtıraları ile kesintiye uğradı. | 2002 Türkiye genel seçimleri#1: Bülent Ecevit DSP | 2002 Türkiye genel seçimleri#8: 4 Mayıs 2002'de Başbakan Bülent Ecevit 'in rahatsızlanarak hastaneye kaldırılması üzerine, ilerleyen yaşının da etkisiyle görevine devam edip edemeyeceği yönünde tartışmalar başladı. | Cumhuriyet Halk Partisi#10: II. | Cumhuriyet Halk Partisi#60: Dönemin çalışma bakanı Bülent Ecevit , işçilere grev hakkı ve toplu sözleşme hakkı tanımada etkili oldu, partideki Demokratik Sol hareketin lideri olarak, CHP'nin Ortanın solu programını benimsemesine katkıda bulundu. | Cumhuriyet Halk Partisi#70: 1981 yılında Cumhuriyet Halk Partisi diğer tüm siyasi partilerle beraber kapatıldı. | Cumhuriyet Halk Partisi#140: İlk kurulan gençlik kolları yönetiminde, daha sonra CHP Genel Başkanı ve Başbakan olacak olan Bülent Ecevit de yer almaktadır. | Cumhuriyet Halk Partisi#64: İnönü muhalefet lideri ve CHP'nin lideri olarak 8 Mayıs 1972'ye kadar görev yaptı, ancak 1971 Muhtırası 'na yaklaşımı nedeniyle yerine kurultayda Ecevit seçildi."
Türkçe | Türkçedir | Türkçeye,https://tr.wikipedia.org/wiki/T%C3%BCrk%C3%A7e,8,"Türkiye#17: Resmî dili Türkçedir ve nüfusunun çoğunluğu Sünni Müslüman 'dır. | Türkiye#325: Türkiye'nin resmî dili, aynı zamanda nüfusun %85'inin anadili olan Türkçedir . | Trabzon#55: 1949 yılında 5442 sayılı İl İdaresi Kanunu uygulamasıyla Anadolu 'da bulunan 78 bin civarındaki yerleşim adından 28 bin kadarının adı Türkçe olmadığı gerekçesiyle değiştirilmiş olup büyük bölümü Romeika olan Trabzon köy adları da değiştirilerek yerlerine Türkçe isimler konulmuştur. | TürkiyeCard#3: Türkçe | TürkiyeCard#4: Türkçe Liste KürtçeArapçaZazacaLazcadiğer | Gazi ÜniversitesiCard#4: Türkçe , İngilizce | Bakırköy Anadolu LisesiCard#7: Türkçe | Maliye#6: Kelimenin kökü ise "" mal "" teriminden kaynaklanmaktadır."
DYP | Doğru Yol Partisi,https://tr.wikipedia.org/wiki/Do%C4%9Fru_Yol_Partisi,8,"2011 Türkiye genel seçimleri#21: Seçimlere katılamayan Hak ve Hakikat Partisi , Doğru Yol Partisi ile ittifak yaparak Doğru Yol Partisi'ne katıldı. | 2011 Türkiye genel seçimleri#55: CHP'nin aday listesinde daha önce Anavatan Partisi , Doğru Yol Partisi ve Türkiye Partisi gibi merkez sağ partilerde yer almış 11 siyasetçi de yer aldı. | 2007 Türkiye genel seçimleri#26: Anavatan Partisi ve Doğru Yol Partisi (DYP) 6 Mayıs'ta birleşme kararı aldıklarını ve seçime Demokrat Parti (DP) adıyla gireceklerini açıkladı. | 2002 Türkiye genel seçimleri#7: İktidardaki Demokratik Sol Parti , Milliyetçi Hareket Partisi ve Anavatan Partisi 'nin yanı sıra önceki dönemde TBMM'de temsil edilen muhalefet partilerinden Doğru Yol Partisi , Saadet Partisi ve Yeni Türkiye Partisi 'nin de seçim barajını aşamayarak TBMM'ye giremediği seçimler, Türkiye'nin siyasetini temelinden sarsan büyük bir değişim olarak nitelendirildi. | 2002 Türkiye genel seçimleri#16: Mart 1996'da Anavatan Partisi ile Doğru Yol Partisi arasında kurulan koalisyon hükûmeti, Refah Partisi lideri Necmettin Erbakan 'ın Tansu Çiller 'i yolsuzlukla suçlaması nedeniyle büyük zarar gördü ve sadece 90 gün sürdü. | 2002 Türkiye genel seçimleri#41: Demokrat Türkiye Partisi ve Aydınlık Türkiye Partisi , Doğru Yol Partisi listelerinden, Halkın Demokrasi Partisi , Emek Partisi ve Sosyalist Demokrasi Partisi de Demokratik Halk Partisi listelerinden seçime girdiler. | 2002 Türkiye genel seçimleri#48: 1999 genel seçimlerinden sonra kurulup 2002 seçimlerine kadar ülkeyi yöneten koalisyon hükûmetinin ortaklarından Demokratik Sol Parti, Milliyetçi Hareket Partisi ve Anavatan Partisi 'nin yanı sıra muhalefetteki Doğru Yol Partisi , Saadet Partisi ve Yeni Türkiye Partisi barajı aşamayarak TBMM dışında kaldı. | Cumhuriyet Halk Partisi#73: 1991'den 1996'ya kadar SHP ve ardından CHP, DYP ile koalisyon hükûmet lerinde yer aldı."
2002 | 2002 Türkiye genel seçimlerinden | 3 Kasım 2002 genel seçimlerinde | Türkiye Genel Seçimlerinde | genel,https://tr.wikipedia.org/wiki/2002_T%C3%BCrkiye_genel_se%C3%A7imleri,7,"Akif Hamzaçebi#12: Gelirler Genel Müdürlüğü görevini yürütürken istifa ederek siyasete girdi. | Akif HamzaçebiCard#3: 2002 – Trabzon 2007 – Trabzon 2011 – İstanbul (I) Haziran 2015 – İstanbul (I) Kasım 2015 – İstanbul (I) 2018 – İstanbul (I) | Haziran 2015 Türkiye genel seçimleri#6: 2002 yılından beri iktidarda olan Adalet ve Kalkınma Partisi (AK Parti) meclis çoğunluğunu kaybetti fakat %40,9 oy oranı ve 258 sandalye sayısı ile seçimlerden birinci parti olarak çıktı. | Cumhuriyet Halk Partisi#13: Yeniden kuruluşundan beri en uzun süre görev yapan genel başkan Kemal Kılıçdaroğlu , mevcut genel başkan ise Özgür Özel 'dir. | Kasım 2015 Türkiye genel seçimleri#8: 7 Haziran 2015 seçimlerinde , 2002 Türkiye genel seçimlerinden bu yana ilk defa bir parti tek başına iktidar olamadı. | Cumhuriyet Halk Partisi#88: 2002 ve 2010 yılları arasında Türkiye'de iki genel seçim ve iki yerel seçim yapılmış ve bu seçimlerin tamamında CHP %18 ila %23 arasında oy almıştır. | Cumhuriyet Halk Partisi#75: 3 Kasım 2002 genel seçimlerinde Recep Tayyip Erdoğan liderliğinde Adalet ve Kalkınma Partisi tek başına iktidara geldi."
2015 seçimlerinde | 7 Haziran 2015 seçimlerinde | 7 Haziran 2015'te yapılan genel seçimlerden | Haziran 2015 | Haziran 2015 Türkiye genel seçimleri | Haziran 2015 genel seçimlerinde | Haziran 2015 seçimlerinde,https://tr.wikipedia.org/wiki/Haziran_2015_T%C3%BCrkiye_genel_se%C3%A7imleri,7,"Akif HamzaçebiCard#3: 2002 – Trabzon 2007 – Trabzon 2011 – İstanbul (I) Haziran 2015 – İstanbul (I) Kasım 2015 – İstanbul (I) 2018 – İstanbul (I) | Kasım 2015 Türkiye genel seçimleri#3: Kasım 2015 Türkiye genel seçimleri , 7 Haziran 2015'te yapılan genel seçimlerden sonra yapılan erken genel seçimlerdir. | Kasım 2015 Türkiye genel seçimleri#8: 7 Haziran 2015 seçimlerinde , 2002 Türkiye genel seçimlerinden bu yana ilk defa bir parti tek başına iktidar olamadı. | Cumhuriyet Halk Partisi#95: İlk doğrudan cumhurbaşkanlığı seçimi olan 2014 cumhurbaşkanlığı seçimi , 2013 Türkiye yolsuzluk skandalının ardından gerçekleştirildi. | Kasım 2015 Türkiye genel seçimleri#24: Bu seçimlerde pek çok kamuoyu araştırma şirketi, Haziran 2015 Türkiye genel seçimleri 'nin aksine isabetli sonuç elde edememiştir. | 2011 Türkiye genel seçimleri#68: Halbuki bu oranlar Tunceli'de 55 bin, Hakkâri'de ise 40 bin oldu. | Kasım 2015 Türkiye genel seçimleri#31: Aşağıdaki tabloda, Haziran 2015 seçimlerinde seçilen 25. dönem TBMM 'nin milletvekili dağılımı, seçimlerin hemen öncesindeki 25. dönem TBMM 'nin milletvekili dağılımı ve yeni seçilen 26. dönem TBMM 'nin milletvekili dağılımı verilmiştir."
NATO,https://tr.wikipedia.org/wiki/NATO,7,"Türkiye#18: Türkiye NATO 'nun ilk üyelerinden birisi ABD'nin ardından ittifak içinde ikinci en büyük askerî güce sahiptir. | Türkiye#112: Kore Savaşı 'na (1950-53) Birleşmiş Milletler kuvvetleri ile birlikte katılan Türkiye, 1952 yılında Sovyetler Birliği 'ne karşı NATO 'ya katıldı. | Türkiye#179: Türkiye'nin dış ilişkilerinin bir diğer belirleyici unsuru Amerika Birleşik Devletleri ile ilişkiler olmuştur. | Türkiye#188: Türkiye, 1950'den bu yana Birleşmiş Milletler ve NATO bünyesi dâhilinde uluslararası alanda çeşitli güçlerin korunmasına yardımcı olmuştur. | Türkiye#189: Bunun yanı sıra varlığı tartışmalı olsa da Kuzey Kıbrıs Türk Cumhuriyeti topraklarında 36.000 askerini bulundurmaktadır. | Türkiye#195: 2011 NATO sayımlarına göre ülkenin tahminî 495.000 konuşlandırılabilir kuvveti bulunmaktadır. | Cumhuriyet Halk Partisi#125: Cumhuriyet Halk Partisi, Türkiye'nin Avrupa Birliği üyeliğini , Türkiye'nin NATO üyeliğini ve ittifakın genişlemesini desteklemektedir."
Baykal | Deniz Baykal,https://tr.wikipedia.org/wiki/Deniz_Baykal,7,"Cumhuriyet Halk Partisi#74: Kasım 1998'de Türkbank skandalı sırasında Mesut Yılmaz tartışmaya açılınca CHP hükûmete gensoru verdi ve koalisyonu düşürdü. | 2011 Türkiye genel seçimleri#47: CHP'nin eski lideri Deniz Baykal Mayıs 2010'da görevinden istifa etmiş ve o dönemde kamuoyu yoklamalarına göre %26 oyla CHP'den ayrılmıştı. | 2011 Türkiye genel seçimleri#52: Adaylar arasında eski CHP lideri Deniz Baykal ile Mustafa Balbay ve Mehmet Haberal gibi tutuklu Ergenekon sanıkları da vardı. | 2002 Türkiye genel seçimleri#6: Oyların yüzde 34,3'ünü alarak kazandığı 363 milletvekilliği ile tek başına iktidar olan AK Parti, TBMM'nin üyelik sayısının yaklaşık yüzde 66'sını alarak liste usulü çoğunluk sisteminin uygulandığı 1950'li yıllardan sonra TBMM'deki en büyük temsil gücünü elde eden siyasi parti oldu. | 2002 Türkiye genel seçimleri#57: Siirt'te yapılacak ara seçim öncesinde Deniz Baykal liderliğindeki CHP'nin desteğiyle yapılan anayasa değişikliğiyle Erdoğan'ın milletvekili seçilmesinin önündeki engel kaldırdı. | Cumhuriyet Halk Partisi#12: Parti, 9 Eylül 1992'de Deniz Baykal tarafından, 1980 öncesi üyelerinin çoğunluğunun katılımıyla, yeniden ve orijinal adıyla kuruldu. | Cumhuriyet Halk Partisi#71: 1980 öncesi siyasetçilerin siyasi yasaklarının kaldırılmasının ardından Deniz Baykal ve parti kapatılmadan önce parti yönetimini oluşturan isimler isim hakları konusundaki yasağın kaldırılmasıyla beraber Cumhuriyet Halk Partisi'ni 1992'de yeniden faaliyete geçirdi."
Asya,https://tr.wikipedia.org/wiki/Asya,7,"Türkiye#3: Güneyini Kıbrıs ve Akdeniz , batısını Ege Denizi , kuzeyini ise Karadeniz çevreler. | Türkiye#19: Türkiye, askerî kapasitesi ve diplomatik girişimleri sayesinde bölgesel güç kabul edilirken; Avrupa ve Asya kıtalarının kavşak noktasında yer alması nedeniyle önemli bir jeostratejik güç olarak görülmektedir. | Türkiye#173: Günümüzde Türkiye, askerî kapasitesi ve diplomatik girişimleri sayesinde bölgesel güç kabul edilirken; Avrupa ve Asya kıtalarının kavşak noktasında yer alması nedeniyle önemli bir jeostratejik güce sahiptir. | Türkiye#205: Topraklarının %97'si Asya üzerinde bulunur ve bu kısım Anadolu diye adlandırılır. | Türkiye#213: Türkiye'nin Avrupa 'daki kısmı olan Doğu Trakya 'da Yunanistan ve Bulgaristan ile sınırı bulunmaktadır. | Türkiye#278: Türkiye, 2023 yılında yaklaşık 1.154 trilyon Amerikan doları GSYİH ile dünyanın en büyük 17. ekonomisi, Avrupa 'nın ise en büyük 7. ekonomisi olmuştur. | Türkiye#290: 15 Temmuz Şehitler Köprüsü (1973), Fatih Sultan Mehmet Köprüsü (1988) ve Yavuz Sultan Selim Köprüsü (2016), İstanbul Boğazı 'nın Avrupa ve Asya kıyılarını birbirine bağlayan üç asma köprüdür."
Bizans | Bizans İmparatorluğu | Doğu Roma İmparatorluğu,https://tr.wikipedia.org/wiki/Bizans_%C4%B0mparatorlu%C4%9Fu,7,"Trabzon#20: Trabzon imparatorları başlangıçta diğer Bizans (Doğu Roma) imparatorları gibi çift başlı (aetos) figürünü sembol olarak kullanmışlarsa da Latin işgalinin sona ermesi ve Konstantinopolis 'te yeniden yasal yönetimin iktidarı ele geçirmesiyle, bir çatışmaya sebebiyet vermemek için bugün Trabzon Ayasofya kapısının üzerinde rölyefi bulunan tek başlı kartal sembolünü tercih etmişlerdir. | Türkiye#6: Daha sonra, sırasıyla Roma İmparatorluğu ve Anadolu 'nun Hristiyanlaştığı Bizans dönemleri yaşandı. | Türkiye#24: Sözcüğün Yunanca soydaşı olan Tourkia ( Yunanca : Τουρκία ), Bizans İmparatoru ve bilgini VII. | Türkiye#59: Halk arasında Konstantinopolis (İstanbul) olarak yaygınlaşan şehir ise, Doğu Roma İmparatorluğu 'nun başkenti oldu. | Türkiye#10: Osmanlılar, 1453 yılında II. | Türkiye#61: 11. yüzyılın ikinci yarısında Selçuklular , Anadolu'nun doğu bölgelerine yerleşmeye ve akınlar yapmaya başladılar. | Türkiye#380: Saray mutfağı, Bizans İmparatorluğu 'ndan Osmanlı 'ya yüzyılların saray zevki ve tecrübesiyle oluşan elit bir mutfaktır."
I. Dünya Savaşı,https://tr.wikipedia.org/wiki/I._D%C3%BCnya_Sava%C5%9F%C4%B1,7,"Trabzon#40: 1867 yılında Trabzon'da büyük bir yangın çıkmış, birçok kamu binası da bu sırada yanmış ve kent daha sonra yeniden düzenlenmiştir. | Türkiye#13: Ancak yapılan reformlar, imparatorluğun dağılmasını engelleyemedi. | Türkiye#93: Osmanlı İmparatorluğu, I. | Türkiye#100: I. | Türkiye#262: I. | Araklı#24: Yeşilyurt'ta, I. | Ankara Üniversitesi Siyasal Bilgiler Fakültesi#41: 56 yıl boyunca öğrenime devam eden okul 24 Ağustos 1915’te kapatıldı, I."
"Amerika Birleşik Devletleri'nin istikrar gücü U:(https://tr.wikipedia.org/wiki/Afganistan_Sava%C5%9F%C4%B1_(2001-2021))___ , ___E:BM | Birleşmiş Milletler",https://tr.wikipedia.org/wiki/Birle%C5%9Fmi%C5%9F_Milletler,6,"Türkiye#189: Bunun yanı sıra varlığı tartışmalı olsa da Kuzey Kıbrıs Türk Cumhuriyeti topraklarında 36.000 askerini bulundurmaktadır. | Türkiye#28: Mayıs 2022'de Türkiye hükûmeti , Birleşmiş Milletler ve diğer uluslararası kuruluşlardan İngilizce olarak Turkey yerine Türkiye kullanılmasını talep etmiş ve bu talep Birleşmiş Milletler tarafından kabul edilmiştir. | Türkiye#109: II. | Türkiye#112: Kore Savaşı 'na (1950-53) Birleşmiş Milletler kuvvetleri ile birlikte katılan Türkiye, 1952 yılında Sovyetler Birliği 'ne karşı NATO 'ya katıldı. | Türkiye#174: Ülke, Birleşmiş Milletler (1945), OECD (1961), İslam İşbirliği Teşkilatı (1969), AGİT (1973), EİT (1985), KEİ (1992), D-8 (1997), G-20 (1999) ve Türk Devletleri Teşkilatı (2009) gibi uluslararası örgütlerin kurucu üyelerinden birisidir. | Türkiye#188: Türkiye, 1950'den bu yana Birleşmiş Milletler ve NATO bünyesi dâhilinde uluslararası alanda çeşitli güçlerin korunmasına yardımcı olmuştur."
"Millî Eğitim Bakanlığı U:(https://tr.wikipedia.org/wiki/Mill%C3%AE_E%C4%9Fitim_Bakanl%C4%B1%C4%9F%C4%B1_(T%C3%BCrkiye))___ 'nın denetimindedir. 4 yıl ilkokul, 4 yıl ortaokul ve 4 yıl lise olmak üzere toplam 12 yıllık eğitim zorunludur. ___E:OECD | OECD | OEEC",https://tr.wikipedia.org/wiki/OECD,6,"Türkiye#111: Her iki ülke de 1948 yılında Avrupa ekonomisinin yeniden inşası için Marshall Planı ve OEEC 'ye dâhil edildi, daha sonra 1961 yılında OECD 'nin kurucu üyesi hâline geldi. | Türkiye#347: Türkiye'de üniversite öncesi eğitim Millî Eğitim Bakanlığı 'nın denetimindedir. | Türkiye#17: Resmî dili Türkçedir ve nüfusunun çoğunluğu Sünni Müslüman 'dır. | Türkiye#174: Ülke, Birleşmiş Milletler (1945), OECD (1961), İslam İşbirliği Teşkilatı (1969), AGİT (1973), EİT (1985), KEİ (1992), D-8 (1997), G-20 (1999) ve Türk Devletleri Teşkilatı (2009) gibi uluslararası örgütlerin kurucu üyelerinden birisidir. | Türkiye#247: Türkiye, 2023 yılında GSYİH (SAGP) sıralamasında 11. sırada ve GSYİH (nominal) sıralamasında 20. sırada yer almaktadır. | Türkiye#257: Bu oranlara rağmen hâlâ daha nüfusun dörtte biri tarım sektöründe çalışmaktadır."
2011 | 2011 Türkiye genel seçimlerine | 2011 genel seçimlerine | 2011 seçimlerinde | 2011'deki ilk seçimde | Bir önceki milletvekili seçimi | bir önceki seçimlere,https://tr.wikipedia.org/wiki/2011_T%C3%BCrkiye_genel_se%C3%A7imleri,6,"Haziran 2015 Türkiye genel seçimleri#6: 2002 yılından beri iktidarda olan Adalet ve Kalkınma Partisi (AK Parti) meclis çoğunluğunu kaybetti fakat %40,9 oy oranı ve 258 sandalye sayısı ile seçimlerden birinci parti olarak çıktı. | Haziran 2015 Türkiye genel seçimleri#28: Bu açıklamada 2011 Türkiye genel seçimlerine göre Elazığ, Kütahya, Manisa, Muş ve Ordu illerinin milletvekilleri sayısı birer azalırken, Ankara ve Bayburt'un milletvekili sayısı 1, İstanbul ilinin milletvekili sayısı ise 3 adet artmıştır. | Haziran 2015 Türkiye genel seçimleri#8: Bir önceki milletvekili seçimi 12 Haziran 2011 Pazar günü gerçekleştirildiği için 25. Dönem Milletvekili Genel Seçimi'nin 7 Haziran 2015 Pazar günü yapılacağı 22 Ocak 2015 tarihinde resmen ilan edilmiştir. | Akif HamzaçebiCard#3: 2002 – Trabzon 2007 – Trabzon 2011 – İstanbul (I) Haziran 2015 – İstanbul (I) Kasım 2015 – İstanbul (I) 2018 – İstanbul (I) | Haziran 2015 Türkiye genel seçimleri#51: Aşağıdaki tabloda, 2011 seçimlerinde seçilen 24. dönem TBMM 'nin milletvekili dağılımı, seçimlerin hemen öncesindeki 24. dönem TBMM 'nin milletvekili dağılımı ve yeni seçilen 25. dönem TBMM 'nin milletvekili dağılımı verilmiştir. | Cumhuriyet Halk Partisi#93: Kılıçdaroğlu liderliğinde girilen 2011'deki ilk seçimde partinin desteği %25'e çıktı, ancak bu oy oranı partinin seçimleri kazanması için yeterli olmadı."
2017 Türkiye anayasa değişikliği referandumu | 2017 Türkiye anayasa değişikliği referandumunda | 2017 anayasa referandumunda | 2017 referandumda | anayasa değişikliği referandumu,https://tr.wikipedia.org/wiki/2017_T%C3%BCrkiye_anayasa_de%C4%9Fi%C5%9Fikli%C4%9Fi_referandumu,6,"Cumhuriyet Halk Partisi#97: Kılıçdaroğlu döneminde parti, 2017 anayasa referandumunda ""hayır"" kampanyasına öncülük etmiştir. | 2018 Türkiye genel seçimleri#3: 2018 Türkiye genel seçimleri , 24 Haziran 2018'de yapılan ve Türkiye Büyük Millet Meclisinin 27. döneminin 600 yeni üyesinin belirlendiği seçimlerdir. | 2018 Türkiye genel seçimleri#6: 2016 Türkiye askerî darbe girişiminin ardından ülkede olağanüstü hâl ilan edildi. | 2018 Türkiye genel seçimleri#19: 2017 Türkiye anayasa değişikliği referandumu sonrası kabul edilen kararla TBMM üye sayısı 550'den 600 vekile çıkarılmıştır. | 2018 Türkiye genel seçimleri#4: Seçimlerin erkene alınmasının nedeni, Cumhurbaşkanı Recep Tayyip Erdoğan ve MHP Genel Başkanı Devlet Bahçeli tarafından 2017 referandumda kabul gören anayasa değişikliğinin yürürlüğe girmesi için daha fazla beklenmemesi gerekçe olarak gösterilmiştir. | Türkiye#116: 1980'li yıllarda Türk ekonomisinin liberalleştirilmesinden bu yana ülke, ekonomik büyüme ve siyasi istikrar yakaladı."
"dine dayalı ve çok uluslu U:(https://tr.wikipedia.org/wiki/Millet_(Osmanl%C4%B1_%C4%B0mparatorlu%C4%9Fu))___ eski Osmanlı monarşisini ___E:laik | iskân kanunu U:(https://tr.wikipedia.org/wiki/%C4%B0sk%C3%A2n_Kanunu_(1934))___ , ___E:laiklik | laik | laikiz | laiklik",https://tr.wikipedia.org/wiki/Laiklik,6,"Cumhuriyet Halk Partisi#27: Bu reformlar arasında İsviçre ve İtalyan hukuk ve ceza kanunlarının benimsenmesi, sanayileşmenin hızlandırılması, toprak reformu ve kırsal kalkınma programları, iskân kanunu , laiklik , kadınların seçme ve seçilme hakkı ve Latin harflerine geçilmesini sağlayan Harf Devrimi gibi birçok adım bulunuyordu. | Cumhuriyet Halk Partisi#90: Kılıçdaroğlu CHP'yi geleneksel sosyal demokrat imajına geri döndürdü ve partinin laik - muhafazakar karakterini bir kenara bıraktı. | Cumhuriyet Halk Partisi#62: Ecevit'i neden desteklediği sorulduğunda İnönü ""Aslında laikiz dediğimiz günden beri ortanın solundayız"" şeklinde yanıt verdi. | Türkiye#157: Sol partiler sosyalizm , Kemalizm veya laiklik ilkelerini daha fazla benimseme eğilimindedir. | Cumhuriyet Halk Partisi#31: Bu dönemde parti tarihsel görüşlerden ayrılarak cumhuriyetçilik , milliyetçilik , laiklik , devrimcilik , halkçılık ve devletçilik ilkelerini benimsedi. | Türkiye#106: Türkiye Cumhuriyeti Devleti'nin kurucusu ve ilk cumhurbaşkanı olan Mustafa Kemal, dine dayalı ve çok uluslu eski Osmanlı monarşisini laik bir anayasa altında parlamenter bir cumhuriyet olarak yönetilecek bir Türk ulus devletine dönüştürme amacını içeren birçok devrim yaptı."
Batı Karadeniz | Doğu Karadeniz | Karadeniz | Karadeniz Bölgesi | Orta | Trabzon U:(https://tr.wikipedia.org/wiki/Trabzon_(il))___ ilinin merkezi olan şehirdir. ___E:Karadeniz Bölgesi,https://tr.wikipedia.org/wiki/Karadeniz_B%C3%B6lgesi,6,"Türkiye#238: Karadeniz kıyıları, Türkiye'nin yıl boyunca yüksek yağış alan tek bölgesidir ve Doğu Karadeniz bölümü yıllık 2000-2500 milimetre yağış almaktadır. | Türkiye#375: Türk kültüründe halk oyunları önemli bir yer tutar. | Türkiye#218: Bunlar Akdeniz , Doğu Anadolu , Ege , Güneydoğu Anadolu , İç Anadolu , Karadeniz ve Marmara bölgeleridir. | Türkiye#239: Ege Denizi ile Karadeniz 'i birbirine bağlayan Marmara Denizi 'nin kıyılarında geçiş iklimi görülmektedir; denizin güneyinde Akdeniz, kuzeyinde Karadeniz ve kuzeybatısında karasal iklime rastlanmaktadır. | AraklıCard#3: Karadeniz Bölgesi | Trabzon#1: Trabzon ( Romeika : Τραπεζούντα , Trapezounta), Türkiye 'nin Trabzon ilinin merkezi olan şehirdir."
Ermenistan,https://tr.wikipedia.org/wiki/Ermenistan,6,"Trabzon#12: Merkezinde Yunanların çevre köylerinde bugünkü Lazların (Tzanlar) ataları olan Kolhislilerin ve yaşadığı Trabzon, Antik çağ ve sonrasında Zigana geçidi üzerinden Ermenistan ve Euphrates ( Fırat ) civarında üretilen ticari malların takas edildiği ticaret merkezi ve dış ülkelere satıldığı bir ihraç limanı özelliğindeydi. | Trabzon#46: Canlı bir ticaret kenti olan Trabzon'un köklü Rum ve Müslüman ailelerden oluşan eşrafı aktif olarak siyasetle uğraşmaktaydı. | Türkiye#2: Batıda Bulgaristan ve Yunanistan , doğuda Gürcistan , Ermenistan , İran ve Azerbaycan , güneyde ise Irak ve Suriye ile sınır komşusudur. | Türkiye#185: Azerbaycan'ın Ermenistan ile yaptığı Karabağ Savaşı 'nda Azerbaycan'ı destekleyen Türkiye, savaş yıllarından bu yana Ermenistan ile var olan sınır kapılarını kapalı tutmaktadır. | Türkiye#216: Ayrıca 5.137 metre (16.854 ft) yüksekliğindeki Türkiye'nin en yüksek dağı olan Ağrı Dağı ve en büyük gölü olan Van Gölü de Doğu Anadolu'da yer alır. | 2002 Türkiye genel seçimleri#36: Dönemin Sağlık Bakanı Osman Durmuş 'un Yunanistan ve Ermenistan 'ın yardımlarını kabul etmemesi büyük tepki çekti ve Durmuş'un istifası istendi."
Ankara İktisadi ve Ticari İlimler Akademisi | İktisadi ve İdari Bilimler Fakültesi,https://tr.wikipedia.org/wiki/Ankara_Hac%C4%B1_Bayram_Veli_%C3%9Cniversitesi,6,"Gazi Üniversitesi#23: Akademiyi oluşturan Ekonomi, İşletme, Maliye ve Yönetim Bilimleri Fakülteleri, Mali Bilimler ve Muhasebe Yüksekokulu ile Bankacılık ve Sigortacılık Yüksekokulu, 1982 yılında Yükseköğretim Kurumları Teşkilatı Hakkında Kanun Hükmünde Kararname'nin değiştirilerek kabulüne dair 2809 sayılı kanunla, Gazi Üniversitesi bünyesine alınarak bugünkü İktisadi ve İdari Bilimler Fakültesi 'ni oluşturmuştur. | Gazi Üniversitesi#11: 1968 yılında kurulan Ankara Diş Hekimliği Yüksekokulu olarak kurulan Gazi Üniversitesi Diş Hekimliği Fakültesi , 1978 Ankara İktisadi ve Ticari İlimler Akademisi 'ne bağlanmış ve adı Diş Hekimliği Fakültesi olarak değiştirilmiş ve Gazi Üniversitesine bağlanmıştır. | Gazi Üniversitesi#13: 1971 yılında Ankara Eczacılık Özel Yüksek Okulu Ankara İktisadi ve Ticari İlimler Akademisi 'ne başlanmıştır. | Gazi Üniversitesi#16: Gazi Üniversitesinin çatısı altında Ankara İktisadi ve Ticari İlimler Akademisi , Ankara Devlet Mühendislik Mimarlık Akademisi , Ankara Yüksek Teknik Öğretmen ve Ankara Kız Teknik Yüksek Öğretmen Okulları yer alır. | Gazi Üniversitesi#20: Bu üç yüksek okul, 1971 yılında Ankara İktisadi ve Ticari İlimler Akademisi 'nin bünyesine katılıp, “Ankara Mühendislik ve Mimarlık Yüksek okulu” olarak birleştirilmiş ve aynı yıl kurulan “Ankara Devlet Mühendislik ve Mimarlık Akademisine” bağlanmıştır. | Gazi Üniversitesi#22: Ankara'da 1955 yılında eğitime başlayan Ankara İktisadi ve Ticari İlimler Akademisi , 1971 yılında yürürlüğe giren 1472 sayılı yasa gereği, kendisine muadil özel yüksekokulların bağlanması ile eğitim-öğretim kapasitesini genişletmiştir."
Pontus Rumcası | Romeika,https://tr.wikipedia.org/wiki/Pontus_Rumcas%C4%B1,6,"Trabzon#6: Şehir tarih boyunca Osmanlıca : طربزون, Antik Yunanca : Τραπεζοῦς, Latince : Trapezus, Ermenice : Տրապիզոնի, Cenevizce : Trabisonda, Pontus Rumcası : Τραπεζούντα Trapezounta ve Lazca: T'rapuzani ya da T'amtra olarak adlandırılmıştır. | Trabzon#66: Ufak bir kısmı ise Pontus Rumcası konuşmaktadır. | Türkiye#328: Bunlara Abazaca , Abhazca , Batı Ermenicesi , Çerkesçe , Çingenece , Doğu Çerkesçesi , Hemşince , Hertevince , Kapadokya Yunancası , Lazca , Pontus Rumcası , Ubıhça , Yahudi İspanyolcası ve Zazaca örnek verilebilir. | Trabzon#1: Trabzon ( Romeika : Τραπεζούντα , Trapezounta), Türkiye 'nin Trabzon ilinin merkezi olan şehirdir. | Trabzon#55: 1949 yılında 5442 sayılı İl İdaresi Kanunu uygulamasıyla Anadolu 'da bulunan 78 bin civarındaki yerleşim adından 28 bin kadarının adı Türkçe olmadığı gerekçesiyle değiştirilmiş olup büyük bölümü Romeika olan Trabzon köy adları da değiştirilerek yerlerine Türkçe isimler konulmuştur. | Trabzon#70: Trabzon'da ayrıca sayısı tam bilinmemekle beraber 5.000 civarında olduğu tahmin edilen konuşucu tarafından da Romeika (Antik Roma Dili/Rumca) konuşulmaktadır."
"Anavatan Partisi | Demokrat Parti U:(https://tr.wikipedia.org/wiki/Demokrat_Parti_(1946))___ (DP), (AP), ___E:Anavatan Partisi",https://tr.wikipedia.org/wiki/Anavatan_Partisi,6,"2011 Türkiye genel seçimleri#55: CHP'nin aday listesinde daha önce Anavatan Partisi , Doğru Yol Partisi ve Türkiye Partisi gibi merkez sağ partilerde yer almış 11 siyasetçi de yer aldı. | 2007 Türkiye genel seçimleri#15: TBMM'de grubu bulunan muhalefet partilerinden Cumhuriyet Halk Partisi 'nin (CHP) ve Anavatan Partisi 'nin (ANAP) boykot ettiği ve 361 milletvekilinin katıldığı ilk tura tek aday olarak katılan AK Parti Kayseri milletvekili ve Dışişleri Bakanı Abdullah Gül 357 oy aldı. | 2002 Türkiye genel seçimleri#7: İktidardaki Demokratik Sol Parti , Milliyetçi Hareket Partisi ve Anavatan Partisi 'nin yanı sıra önceki dönemde TBMM'de temsil edilen muhalefet partilerinden Doğru Yol Partisi , Saadet Partisi ve Yeni Türkiye Partisi 'nin de seçim barajını aşamayarak TBMM'ye giremediği seçimler, Türkiye'nin siyasetini temelinden sarsan büyük bir değişim olarak nitelendirildi. | 2002 Türkiye genel seçimleri#16: Mart 1996'da Anavatan Partisi ile Doğru Yol Partisi arasında kurulan koalisyon hükûmeti, Refah Partisi lideri Necmettin Erbakan 'ın Tansu Çiller 'i yolsuzlukla suçlaması nedeniyle büyük zarar gördü ve sadece 90 gün sürdü. | 2002 Türkiye genel seçimleri#48: 1999 genel seçimlerinden sonra kurulup 2002 seçimlerine kadar ülkeyi yöneten koalisyon hükûmetinin ortaklarından Demokratik Sol Parti, Milliyetçi Hareket Partisi ve Anavatan Partisi 'nin yanı sıra muhalefetteki Doğru Yol Partisi , Saadet Partisi ve Yeni Türkiye Partisi barajı aşamayarak TBMM dışında kaldı. | Türkiye#154: Türk siyasi yelpazesinin sağ tarafında Demokrat Parti (DP), Adalet Partisi (AP), Anavatan Partisi (ANAP) ve Adalet ve Kalkınma Partisi (AK Parti) Türkiye'nin en büyük siyasi partileri oldular ve en büyük seçim başarılarını elde ederek siyasette baskın oldular."
Özgür Özel,https://tr.wikipedia.org/wiki/%C3%96zg%C3%BCr_%C3%96zel,6,"Türkiye#158: 12. Cumhurbaşkanı Recep Tayyip Erdoğan şu anda devlet ve hükûmet başkanı olarak görev yapıyor. | Cumhuriyet Halk Partisi#7: Partinin genel başkanı Özgür Özel , genel sekreteri Selin Sayek Böke 'dir. | Cumhuriyet Halk Partisi#13: Yeniden kuruluşundan beri en uzun süre görev yapan genel başkan Kemal Kılıçdaroğlu , mevcut genel başkan ise Özgür Özel 'dir. | Cumhuriyet Halk Partisi#106: Seçimden sonra düzenlenen 38. Olağan Kurultay 'da, Özgür Özel , 2010'dan beri bu görevi sürdüren Kılıçdaroğlu'nu yenerek CHP'nin genel başkanı seçildi. | Cumhuriyet Halk Partisi#146: 23 Kasım 2023 tarihinde Gençlik Kolları Genel Merkezi, 2014 yılından beridir faaliyette bulunan CHP Lise Komisyonlarının feshedilmesine ve örgütlenmenin Halkçı Liseliler (Kısaltma: Halk-Lis) adıyla kurulacak yapılanma üzerinden devam etmesine Cumhuriyet Halk Partisi genel başkanı Özgür Özel , gençlik kolları genel başkanı Gençosman Killik ve Halkçı Liseliler genel başkanı Bertuğ Diler ile yapılan görüşmeler sonucu resmî olarak karar vermiştir. | Cumhuriyet Halk PartisiCard#2: Özgür Özel"
Doğu Trakya,https://tr.wikipedia.org/wiki/Do%C4%9Fu_Trakya,6,"Türkiye#1: Türkiye , resmî adıyla Türkiye Cumhuriyeti , topraklarının büyük bölümü Batı Asya 'da Anadolu 'da, diğer bir bölümü ise Güneydoğu Avrupa 'nın uzantısı Doğu Trakya 'da olan kıtalararası bir ülkedir. | Türkiye#5: Türkiye toprakları üzerinde bulunan ilk yerleşmeler Yontma Taş Devri 'nde başlar. | Türkiye#37: Ayrıca Türkiye'nin Avrupa kıtasında kalan küçük bir bölümünü oluşturan Doğu Trakya ise, 40 bin yıl öncesine dayanan bir yerleşim tarihine sahiptir ve bölgenin sakinleri de tarıma başlayarak milattan 6000 yıl önce Cilalı Taş Devri'ne geçmiştir. | Türkiye#206: Kalan %3'lük kısım ise Avrupa kıtasında kalır ve Doğu Trakya diye adlandırılır. | Türkiye#213: Türkiye'nin Avrupa 'daki kısmı olan Doğu Trakya 'da Yunanistan ve Bulgaristan ile sınırı bulunmaktadır. | Türkiye#375: Türk kültüründe halk oyunları önemli bir yer tutar."
Millet İttifakı,https://tr.wikipedia.org/wiki/Millet_%C4%B0ttifak%C4%B1,6,"2018 Türkiye genel seçimleri#29: Adı "" Millet İttifakı "" olarak belirlenen ittifakın protokolü 5 Mayıs 2018'de YSK'ya verildi. | 2018 Türkiye genel seçimleri#41: Millet İttifakı bileşeni olan Cumhuriyet Halk Partisi listelerinin 5 sırası Saadet Partisi'ne ayrıldı. | 2018 Türkiye genel seçimleri#42: Millet İttifakı bileşeni olan İyi Parti listelerinin 4 sırası Demokrat Parti'ye ayrıldı. | Cumhuriyet Halk Partisi#99: Kılıçdaroğlu İYİ Parti'nin seçimlere katılması için 15 milletvekili transfer ederek yeni partinin yükselişini kolaylaştırdı. | Cumhuriyet Halk Partisi#103: Kılıçdaroğlu, 2023 cumhurbaşkanlığı seçimi için CHP ve Millet İttifakı 'nın adayı olarak gösterildi. | Cumhuriyet Halk PartisiCard#20: Millet İttifakı (2018-2023)"
Büyük Birlik Partisi | Büyük Birlik Partisi'ne,https://tr.wikipedia.org/wiki/B%C3%BCy%C3%BCk_Birlik_Partisi,6,"2018 Türkiye genel seçimleri#22: Yüksek Seçim Kurulu , 22 Nisan 2018 tarihinde yapılan açıklama ile seçimlere on partinin katılabileceğini ilan etti. | 2018 Türkiye genel seçimleri#24: Anayasa değişikliği referandumunda ""Evet"" cephesinde yer alan Adalet ve Kalkınma Partisi , Milliyetçi Hareket Partisi ve Büyük Birlik Partisi , "" Cumhur İttifakı "" adı altında seçimlere katılacaklarını ve cumhurbaşkanı adayı olarak da Recep Tayyip Erdoğan 'ı destekleyeceklerini açıkladılar. | 2018 Türkiye genel seçimleri#40: Kontenjanda Büyük Birlik Partisi Genel Başkanı Mustafa Destici'de yer aldı. | Haziran 2015 Türkiye genel seçimleri#43: Seçime girme hakkı olan Özgürlük ve Dayanışma Partisi seçimlere girmeyip ""ilerici güçleri"" destekleyeceğinden, Emek Partisi Halkların Demokratik Partisi ile ittifak kararı aldığından, Büyük Birlik Partisi ile Saadet Partisi ile ittifak yaptığından , Demokratik Gelişim Partisi genel başkan istifasından dolayı seçime girmeyeceklerinden aday listesi sunmadılar. | Haziran 2015 Türkiye genel seçimleri#47: 6 Nisan 2015 tarihinde Türkiye Sosyalist İşçi Partisi (TSİP) ve Devrimci Halk Partisi (DEV-PARTİ), yapılan seçimlerde Cumhuriyet Halk Partisi 'ni (CHP) destekleme kararı aldıklarını açıkladılar. | 2018 Türkiye genel seçimleri#39: Cumhur İttifakı bileşeni olan Adalet ve Kalkınma Partisi listelerinin 18 sırası Büyük Birlik Partisi'ne ayrıldı."
Müslüman | Müslümandır,https://tr.wikipedia.org/wiki/M%C3%BCsl%C3%BCman,6,"Trabzon#32: 1523 tahririnde şehirdeki Müslüman nüfusun azaldığı görülürken, tahminen 7000 kişinin yaşadığı şehrin yaklaşık %14,3'ü Müslümanlardan oluşmaktaydı. | Trabzon#65: Ancak bir kısmı Müslüman olmuş fakat zaman içerisinde Türkleşmiştir. | Türkiye#17: Resmî dili Türkçedir ve nüfusunun çoğunluğu Sünni Müslüman 'dır. | Türkiye#60: Oğuz Türkleri , Müslüman olduktan sonra İslam dünyası çevrelerine daha yakın yerlerde ikamet ettiler ve 9. yüzyılda Hazar Denizi ile Aral Gölü 'nün kuzeyine yerleşmeye başladılar. | Maliye#12: Türklerin İslamiyet 'e ilk geçişleri döneminde Müslüman ülkelerde devletin malî işlerini göre "" Beyt-ül mal "" bulunmaktaydı. | Türkiye#4: Resmî olarak laik bir devlet olan Türkiye'de nüfusun çoğunluğu Müslümandır ."
Devlet Bahçeli,https://tr.wikipedia.org/wiki/Devlet_Bah%C3%A7eli,6,"Kasım 2015 Türkiye genel seçimleri#9: Bu hemen seçim ertesinde erken seçim senaryolarının anılmasına neden oldu. | 2018 Türkiye genel seçimleri#4: Seçimlerin erkene alınmasının nedeni, Cumhurbaşkanı Recep Tayyip Erdoğan ve MHP Genel Başkanı Devlet Bahçeli tarafından 2017 referandumda kabul gören anayasa değişikliğinin yürürlüğe girmesi için daha fazla beklenmemesi gerekçe olarak gösterilmiştir. | 2018 Türkiye genel seçimleri#8: Kasım 2017'de Milliyetçi Hareket Partisi Genel Başkanı Devlet Bahçeli 'nin Adalet ve Kalkınma Partisi ile ittifak yapmayı önermesi sonucunda Şubat 2018'de Cumhur İttifakı kuruldu. | Haziran 2015 Türkiye genel seçimleri#56: AK Parti heyeti 14 Temmuzda MHP heyeti ile görüşme kararı aldı. | 2002 Türkiye genel seçimleri#10: Bu gelişmeler sırasında koalisyon hükûmetinin ikinci büyük ortağı Milliyetçi Hareket Partisi 'nin (MHP) Genel Başkanı Devlet Bahçeli , 7 Temmuz 2002 günü, partisinin Bursa İl teşkilatının Keles ilçesinde düzenlediği 11. Kocayayla Türkmen Kurultayı'nda yaptığı açıklamada 3 Kasım 2002 tarihinde erken seçim yapılmasını istedi. | 2002 Türkiye genel seçimleri#49: Milliyetçi Hareket Partisi lideri Devlet Bahçeli aday olduğu Osmaniye 'den %29,19 (58.622), ANAP lideri Mesut Yılmaz aday olduğu Rize 'den %28,58 (46.577), Genç Parti lideri Cem Uzan aday olduğu Sakarya 'dan %25,21 (108.822) ve Doğru Yol Partisi lideri Tansu Çiller aday olduğu Muğla 'dan %22,66 (87.454) oy almalarına rağmen partileri baraja takıldığından milletvekili seçilemediler."
"Genç Parti | Yeni Parti U:(https://tr.wikipedia.org/wiki/Yeni_Parti_(2008))___ , 3 Nisan 2011'de seçimlere katılmayacağını açıkladı. ___E:Genç Parti",https://tr.wikipedia.org/wiki/Gen%C3%A7_Parti,5,"2011 Türkiye genel seçimleri#14: Liste vermeyen partiler: Alternatif Parti , Bağımsız Türkiye Partisi , Eşitlik ve Demokrasi Partisi , Genç Parti , Halkın Yükselişi Partisi , Türkiye Partisi . | Haziran 2015 Türkiye genel seçimleri#44: Bunun dışında Halkın Yükselişi Partisi , Muhafazakâr Yükseliş Partisi , Genç Parti ve Türkiye Komünist Partisi de milletvekili aday listelerini YSK'ya getirmediler. | 2002 Türkiye genel seçimleri#49: Milliyetçi Hareket Partisi lideri Devlet Bahçeli aday olduğu Osmaniye 'den %29,19 (58.622), ANAP lideri Mesut Yılmaz aday olduğu Rize 'den %28,58 (46.577), Genç Parti lideri Cem Uzan aday olduğu Sakarya 'dan %25,21 (108.822) ve Doğru Yol Partisi lideri Tansu Çiller aday olduğu Muğla 'dan %22,66 (87.454) oy almalarına rağmen partileri baraja takıldığından milletvekili seçilemediler. | 2002 Türkiye genel seçimleri#52: Seçimlerden kısa süre önce iş insanı Cem Uzan tarafından kurulan ve hemen hemen hiçbir siyasi geleneğe dayanmayan Genç Parti ise aldığı 7,25 oy oranıyla, yoğun propaganda faaliyetine rağmen yine de sürpriz sayılabilecek bir başarı kazandı. | 2011 Türkiye genel seçimleri#22: Öte yandan, bazı partiler seçimlere katılmama kararı aldı."
Bağımsız Türkiye Partisi,https://tr.wikipedia.org/wiki/Ba%C4%9F%C4%B1ms%C4%B1z_T%C3%BCrkiye_Partisi,5,"2011 Türkiye genel seçimleri#14: Liste vermeyen partiler: Alternatif Parti , Bağımsız Türkiye Partisi , Eşitlik ve Demokrasi Partisi , Genç Parti , Halkın Yükselişi Partisi , Türkiye Partisi . | 2011 Türkiye genel seçimleri#21: Seçimlere katılamayan Hak ve Hakikat Partisi , Doğru Yol Partisi ile ittifak yaparak Doğru Yol Partisi'ne katıldı. | 2011 Türkiye genel seçimleri#22: Öte yandan, bazı partiler seçimlere katılmama kararı aldı. | 2018 Türkiye genel seçimleri#22: Yüksek Seçim Kurulu , 22 Nisan 2018 tarihinde yapılan açıklama ile seçimlere on partinin katılabileceğini ilan etti. | Haziran 2015 Türkiye genel seçimleri#45: 15 Nisan'da açıklanan geçici aday listelerine göre Adalet ve Kalkınma Partisi , Anadolu Partisi , Bağımsız Türkiye Partisi , Cumhuriyet Halk Partisi , Demokrat Parti , Demokratik Sol Parti , Halkın Kurtuluş Partisi , Halkların Demokratik Partisi , Komünist Parti , Milliyetçi Hareket Partisi , Millet Partisi , Saadet Partisi ve Vatan Partisi 85, Hak ve Özgürlükler Partisi 75, Merkez Parti 73, Liberal Demokrat Parti 58, Doğru Yol Partisi ve Yurt Partisi 56, Toplumsal Uzlaşma Reform ve Kalkınma Partisi 55, Hak ve Adalet Partisi 43 seçim çevresinde aday göstererek seçime girdi."
Sürmene | Sürmeneli,https://tr.wikipedia.org/wiki/S%C3%BCrmene,5,"Trabzon#49: 1831 Osmanlı nüfus sayımına göre Trabzon merkez kazada 6.300, Vakfıkebir 19.512, Polathane'de ( Akçaabat ) 8.432, Yümerek'te ( Yomra ) 6.775, Tonya 'da 1.910, Sürmene 'de 12.985, Of'ta 18.940 erkek yaşamakta olup buna Trabzon sancağındaki 11.473 reaya eklenince toplam 86.327 erkek yaşamaktaydı. | Araklı#2: Batısında Arsin , doğusunda Sürmene ilçeleri ile çevrilidir. | Araklı#4: Mevcut ismin kayıtlara geçmiş en eski formu 15. yüzyıla ait bir Trabzon İmparatorluğu belgesinde ""Herakleia"" şeklinde ve Sürmene bandonuna bağlı bir köyün adı olarak geçer. | Araklı#19: İlçe, 1916 yılında Rus işgaline uğramış ve 1918 yılında bu işgal sona ermiştir. | Trabzon#33: Celali ayaklanmaları , Kazancık cemaati gibi soyguncu aşiretler, yolsuzluk yapan sancak beyleri, bölgeyi arpalık olarak kullanan beylerbeyleri ( Ahmet Paşa , 1603 gibi), 1624, 1625, 1631 yıllarındaki Kazak yağmaları ve 18. ve 19. yüzyılda Rizeli Tuzcuoğlu Memiş Ağa ve Sürmeneli Deli Ahmet Ağa gibi ayanlıktan gelme yerel derebeylerin ayaklanmaları bu dönemin önemli olaylarıdır."
İslam | İslam'dır | İslamiyet,https://tr.wikipedia.org/wiki/%C4%B0slam,5,"Türkiye#62: Bu hareketle birlikte Anadolu'da Türk dilleri ve İslam tanıtılarak yaygın hâle geldi. | Türkiye#72: 1514 yılında I. | Türkiye#367: Osmanlı İmparatorluğu'nun yanı sıra İslam dünyası ile Avrupa 'nın etkileşimi sonucunda Türk, İslam ve Avrupa gelenekleri birleşerek günümüz Türk müziğini ve edebiyatını ortaya çıkarmıştır. | Türkiye#336: Türkiye'de baskın din İslam'dır . | Maliye#12: Türklerin İslamiyet 'e ilk geçişleri döneminde Müslüman ülkelerde devletin malî işlerini göre "" Beyt-ül mal "" bulunmaktaydı."
Suriye,https://tr.wikipedia.org/wiki/Suriye,5,"Türkiye#2: Batıda Bulgaristan ve Yunanistan , doğuda Gürcistan , Ermenistan , İran ve Azerbaycan , güneyde ise Irak ve Suriye ile sınır komşusudur. | Türkiye#94: Savaş sırasında Ermenilerle yaşanan etnik gerginliklerin tırmanması üzerine çıkarılan Tehcir Kanunu ile Ermeniler, Doğu Anadolu Bölgesi 'nden Suriye 'ye devlet eliyle göç ettirildi. | Türkiye#187: Bu politikalar Türkiye'nin çevresindeki Arap ülkeleriyle sorunlar yaşamasına yol açtı. | Türkiye#216: Ayrıca 5.137 metre (16.854 ft) yüksekliğindeki Türkiye'nin en yüksek dağı olan Ağrı Dağı ve en büyük gölü olan Van Gölü de Doğu Anadolu'da yer alır. | Cumhuriyet Halk Partisi#114: CHP'nin resmi göç (sığınmacılar, kaçak göçmenler) politikası, Suriye 'de kalıcı barışın sağlanması, Suriye'nin güvenli hale getirilmesiyle Suriyeliler'in ""evlerine dönmesi"" şeklindedir."
Balkan | Balkanlar | Balkanlarda,https://tr.wikipedia.org/wiki/Balkanlar,5,"Türkiye#87: Osmanlı İmparatorluğu'nun topraklarının sınırları, askerî gücü ve zenginlik düzeyi giderek azalınca, Balkanlarda yaşayan Müslümanlar, gördükleri eziyetler sebebiyle Anadolu'ya göç etmeye başladı. | Türkiye#9: 13. yüzyılın sonlarından itibaren Batı Anadolu 'daki Türk beyliklerinden biri olarak ön plana çıkan ve bağımsızlık kazanan Osmanlılar , 14. yüzyılda Balkan topraklarında gerçekleştirdiği fetihlerle büyük bir güç hâline geldi ve Anadolu 'daki diğer Türk beylikleri üzerinde de hâkimiyet kurdu. | Türkiye#181: Soğuk Savaş sonrasındaki dönemde Türkiye'nin jeostratejik önemi, çevresinde bulunan Orta Doğu , Kafkasya ve Balkan coğrafyalarına doğru kaydı. | Türkiye#378: Türk mutfağı, Mezopotamya ve Balkan mutfaklarıyla etkileşime girmiştir, İstanbul Osmanlı saray mutfağı da Türk mutfağının önemli bir kısmını oluşturur. | Türkiye#70: Osman Gazi 'nin başında olduğu Osmanoğulları Beyliği, sonraki yıllarda gittikçe büyüyerek Anadolu, Balkanlar , Kuzey Afrika ve Levant üzerinde hâkimiyet kurdu."
Amerika Birleşik Devletleri,https://tr.wikipedia.org/wiki/Amerika_Birle%C5%9Fik_Devletleri,5,"Türkiye#109: II. | Türkiye#179: Türkiye'nin dış ilişkilerinin bir diğer belirleyici unsuru Amerika Birleşik Devletleri ile ilişkiler olmuştur. | Türkiye#252: Bu ülkeyi sırasıyla Almanya, Rusya ve Amerika Birleşik Devletleri takip etti. | Türkiye#403: Şampiyonayı FIBA, Türkiye Basketbol Federasyonu ve 2010 Organizasyon Komitesi ortaklaşa organize etmiştir ve ikinci olmuştur. | Cumhuriyet Halk Partisi#44: Demokrat Parti'nin muhalefeti ve Amerika Birleşik Devletleri 'nin çabalarıyla, parti komünizme karşı bir tavır aldı ve bazı kırsal kalkınma programlarını durdurdu."
Akdeniz,https://tr.wikipedia.org/wiki/Akdeniz,5,"Türkiye#3: Güneyini Kıbrıs ve Akdeniz , batısını Ege Denizi , kuzeyini ise Karadeniz çevreler. | Türkiye#77: Bu dönemde batıda Kutsal Roma Cermen İmparatorluğu 'na doğru topraklar genişletilerek Balkanların tamamı, Orta Avrupa ve Lehistan 'ın güney kısmı ele geçirildi. | Türkiye#211: Batısında Ege Denizi , kuzeyinde Karadeniz ve güneyinde Akdeniz bulunmaktadır. | Türkiye#235: Genel anlamda Ege Denizi ile Akdeniz kıyılarında görülen Akdeniz ikliminde yazlar sıcak ve kurak, kışları ılık ve yağışlıdır. | Türkiye#240: Ülkede, Karadeniz ve Akdeniz kıyılarına paralel uzanan dağlar, denizlerden gelen ılıman hava kütlelerinin iç kesimlere ulaşmasını engeller."
Doğu Karadeniz Bölümü U:(https://tr.wikipedia.org/wiki/Do%C4%9Fu_Karadeniz_(istatistiki_b%C3%B6lge))___ 'nde yer alan ilin ___E:Karadeniz | Karadeniz,https://tr.wikipedia.org/wiki/Karadeniz,5,"Trabzon#1: Trabzon ( Romeika : Τραπεζούντα , Trapezounta), Türkiye 'nin Trabzon ilinin merkezi olan şehirdir. | Türkiye#3: Güneyini Kıbrıs ve Akdeniz , batısını Ege Denizi , kuzeyini ise Karadeniz çevreler. | Türkiye#211: Batısında Ege Denizi , kuzeyinde Karadeniz ve güneyinde Akdeniz bulunmaktadır. | Türkiye#239: Ege Denizi ile Karadeniz 'i birbirine bağlayan Marmara Denizi 'nin kıyılarında geçiş iklimi görülmektedir; denizin güneyinde Akdeniz, kuzeyinde Karadeniz ve kuzeybatısında karasal iklime rastlanmaktadır. | Türkiye#292: Birçok doğal gaz boru hattı ülke topraklarını kapsıyor."
Kemalist | Kemalizm,https://tr.wikipedia.org/wiki/Kemalizm,5,"Türkiye#157: Sol partiler sosyalizm , Kemalizm veya laiklik ilkelerini daha fazla benimseme eğilimindedir. | Cumhuriyet Halk Partisi#5: Logosu, Kemalizm 'in temel ilkelerini temsil eden Altı Ok 'tan oluşmaktadır: cumhuriyetçilik , inkılapçılık , laiklik , halkçılık , milliyetçilik ve devletçilik . | Cumhuriyet Halk Partisi#111: CHP sosyal demokrasi ve Kemalizm 'i benimseyen merkez sol bir siyasi partidir. | Cumhuriyet Halk PartisiCard#18: Sosyal demokrasi Kemalizm İlericilik Pro-Avrupacılık Parti içi düşünceler: Ulusalcılık Demokratik sosyalizm Sosyal liberalizm | Cumhuriyet Halk Partisi#49: DP ve CHP rakip olsalar da DP iktidarı çoğunlukla Kemalist politikaları sürdürdü."
1982 Anayasasının | Mevcut anayasa | Türkiye Anayasası | Türkiye Cumhuriyeti Anayasası,https://tr.wikipedia.org/wiki/T%C3%BCrkiye_Cumhuriyeti_Anayasas%C4%B1,5,"Türkiye#128: Türkiye, çok partili sisteme sahip temsilî demokrasinin uygulandığı üniter devlettir . | Türkiye#167: Türkiye Cumhuriyeti Anayasası 'nın 142. maddesine göre mahkemelerin kuruluşu, görev ve yetkileri, işleyişi ile yargılama usulleri kanunla düzenlenir. | Türkiye#166: Mahkemelerin bağımsızlığı ve kuruluşu, hâkim ve savcıların görev süreleri boyunca güvenliklerinin sağlanması, hâkim ve savcıların görevleri, hâkim ve savcıların denetlenmesi, askerî mahkemeler ve kuruluşu, yüksek mahkemelerin yetki ve görevleri Türkiye Anayasası ile belirlenir. | Türkiye#312: Türkiye Anayasası 'nın 66. maddesi, ""Türk Devletine vatandaşlık bağı ile bağlı olan"" herkesi, bir ""Türk"" olarak tanımlar. | Türkiye#196: Türkiye'de insan hakları , çeşitli uluslararası hukuk anlaşmaları ile koruma altına alınmıştır."
Trabzon,https://tr.wikipedia.org/wiki/Trabzon,5,"Akif Hamzaçebi#1: Mehmet Akif Hamzaçebi (1 Aralık 1953, Araklı , Trabzon ), Türk maliyeci, ekonomist, spor yöneticisi, politikacı. | Akif Hamzaçebi#2: 1 Aralık 1953'te Trabzon 'un Araklı ilçesinde doğdu. | Akif HamzaçebiCard#4: 1 Aralık 1953 (71 yaşında) Araklı , Trabzon , Türkiye | Araklı#1: Araklı , Trabzon ilinin bir ilçesidir . | AraklıCard#2: Trabzon"
Sosyal demokrasi | sosyal demokrasi | sosyal demokrasiye | sosyal demokrat,https://tr.wikipedia.org/wiki/Sosyal_demokrasi,5,"Cumhuriyet Halk Partisi#47: Bu durum CHP'nin 10 yıl boyunca muhalefette kalmasına neden oldu. | Cumhuriyet Halk Partisi#111: CHP sosyal demokrasi ve Kemalizm 'i benimseyen merkez sol bir siyasi partidir. | Cumhuriyet Halk Partisi#1: Cumhuriyet Halk Partisi , Türkiye 'de faaliyet gösteren sosyal demokrat bir siyasi partidir . | Cumhuriyet Halk Partisi#90: Kılıçdaroğlu CHP'yi geleneksel sosyal demokrat imajına geri döndürdü ve partinin laik - muhafazakar karakterini bir kenara bıraktı. | Cumhuriyet Halk PartisiCard#18: Sosyal demokrasi Kemalizm İlericilik Pro-Avrupacılık Parti içi düşünceler: Ulusalcılık Demokratik sosyalizm Sosyal liberalizm"
Abdullah Gül,https://tr.wikipedia.org/wiki/Abdullah_G%C3%BCl,5,"2007 Türkiye genel seçimleri#8: Baykal döneminde CHP, ordu ve yargının ""demokratik olmayan"" girişimlerine destek verdi. | 2007 Türkiye genel seçimleri#15: TBMM'de grubu bulunan muhalefet partilerinden Cumhuriyet Halk Partisi 'nin (CHP) ve Anavatan Partisi 'nin (ANAP) boykot ettiği ve 361 milletvekilinin katıldığı ilk tura tek aday olarak katılan AK Parti Kayseri milletvekili ve Dışişleri Bakanı Abdullah Gül 357 oy aldı. | 2002 Türkiye genel seçimleri#2: Abdullah Gül AK Parti | 2002 Türkiye genel seçimleri#53: 14 Kasım 2002 tarihinde Cumhurbaşkanı Ahmet Necdet Sezer ile Adalet ve Kalkınma Partisi Genel Başkanı Recep Tayyip Erdoğan arasındaki görüşmeden sonra, Erdoğan'ın milletvekili olmaması nedeniyle, 16 Kasım 2002 tarihinde Adalet ve Kalkınma Partisi genel başkan yardımcısı Abdullah Gül , Sezer tarafından hükûmeti kurmakla görevlendirildi. | Cumhuriyet Halk Partisi#82: Cumhurbaşkanı adayı Abdullah Gül 'e karşı ortaya çıkan protestolar; Gül'ün İslamcı siyaset geçmişi ve eşinin başörtüsü takması gibi popüler nedenlerle düzenlendi."
Halkların Demokratik Partisi,https://tr.wikipedia.org/wiki/Halklar%C4%B1n_Demokratik_Partisi,5,"2018 Türkiye genel seçimleri#44: Halkların Demokratik Partisi listelerinin 2 sırası Türkiye İşçi Partisi'ne ayrıldı. | Haziran 2015 Türkiye genel seçimleri#7: Seçimlere ilk kez katılan Halkların Demokratik Partisi (HDP) %10 seçim barajını geçerek, aldığı %13,1 oy oranı ile Türkiye Büyük Millet Meclisinde 80 milletvekili ile temsil edilmeye hak kazandı. | Haziran 2015 Türkiye genel seçimleri#43: Seçime girme hakkı olan Özgürlük ve Dayanışma Partisi seçimlere girmeyip ""ilerici güçleri"" destekleyeceğinden, Emek Partisi Halkların Demokratik Partisi ile ittifak kararı aldığından, Büyük Birlik Partisi ile Saadet Partisi ile ittifak yaptığından , Demokratik Gelişim Partisi genel başkan istifasından dolayı seçime girmeyeceklerinden aday listesi sunmadılar. | Haziran 2015 Türkiye genel seçimleri#45: 15 Nisan'da açıklanan geçici aday listelerine göre Adalet ve Kalkınma Partisi , Anadolu Partisi , Bağımsız Türkiye Partisi , Cumhuriyet Halk Partisi , Demokrat Parti , Demokratik Sol Parti , Halkın Kurtuluş Partisi , Halkların Demokratik Partisi , Komünist Parti , Milliyetçi Hareket Partisi , Millet Partisi , Saadet Partisi ve Vatan Partisi 85, Hak ve Özgürlükler Partisi 75, Merkez Parti 73, Liberal Demokrat Parti 58, Doğru Yol Partisi ve Yurt Partisi 56, Toplumsal Uzlaşma Reform ve Kalkınma Partisi 55, Hak ve Adalet Partisi 43 seçim çevresinde aday göstererek seçime girdi. | Cumhuriyet Halk Partisi#95: İlk doğrudan cumhurbaşkanlığı seçimi olan 2014 cumhurbaşkanlığı seçimi , 2013 Türkiye yolsuzluk skandalının ardından gerçekleştirildi."
1999 depreminden | Gölcük Depremi | Gölcük depremi | büyük Marmara depremi,https://tr.wikipedia.org/wiki/1999_G%C3%B6lc%C3%BCk_depremi,4,"2002 Türkiye genel seçimleri#26: 17 Ağustos 1999'da meydana gelen Gölcük Depremi , Türkiye'nin yakın tarihindeki en yıkıcı depremlerden biri olarak kayıtlara geçti. | Türkiye#265: Büyük miktarlarda alınan dış kredilerle birlikte reformlar, hızlı bir ekonomik büyümenin önünü açtı fakat bu büyüme özellikle 1994, 1999 (o yıl gerçekleşen Gölcük depremi sonrası) ve 2001 yıllarında yaşanan finansal krizler ve durgunluklar sebebiyle sürekli kesintiye uğradı. | 2002 Türkiye genel seçimleri#21: 2000 yılı, Türkiye için hem ekonomik canlanma hem de çöküş yılı oldu. | Türkiye#223: Ülkenin kuzeyinde ve doğusunda günümüzde de depremlere sebep olan büyük fay hatları vardır."
"Yeni Türkiye Partisi U:(https://tr.wikipedia.org/wiki/Yeni_T%C3%BCrkiye_Partisi_(2002))___ 'nin de seçim barajını aşamayarak TBMM'ye giremediği seçimler, Türkiye'nin siyasetini temelinden sarsan büyük bir değişim olarak nitelendirildi. [kaynak belirtilmeli] ___E:Seçim barajı | seçim barajlı | seçim barajı | seçim barajını",https://tr.wikipedia.org/wiki/Se%C3%A7im_baraj%C4%B1,4,"2002 Türkiye genel seçimleri#5: Türkiye genelinde uygulanan yüzde 10 seçim barajlı d'Hondt sistemi nedeniyle, seçime katılan 18 siyasi partiden yalnızca Adalet ve Kalkınma Partisi (AK Parti) ve Cumhuriyet Halk Partisi (CHP) bu barajı aşarak meclise milletvekili sokmayı başarmışlardır. | Haziran 2015 Türkiye genel seçimleri#7: Seçimlere ilk kez katılan Halkların Demokratik Partisi (HDP) %10 seçim barajını geçerek, aldığı %13,1 oy oranı ile Türkiye Büyük Millet Meclisinde 80 milletvekili ile temsil edilmeye hak kazandı. | 2002 Türkiye genel seçimleri#7: İktidardaki Demokratik Sol Parti , Milliyetçi Hareket Partisi ve Anavatan Partisi 'nin yanı sıra önceki dönemde TBMM'de temsil edilen muhalefet partilerinden Doğru Yol Partisi , Saadet Partisi ve Yeni Türkiye Partisi 'nin de seçim barajını aşamayarak TBMM'ye giremediği seçimler, Türkiye'nin siyasetini temelinden sarsan büyük bir değişim olarak nitelendirildi. | Türkiye#150: Ülkede %7 seçim barajı uygulaması vardır."
Irak,https://tr.wikipedia.org/wiki/Irak,4,"Türkiye#2: Batıda Bulgaristan ve Yunanistan , doğuda Gürcistan , Ermenistan , İran ve Azerbaycan , güneyde ise Irak ve Suriye ile sınır komşusudur. | Türkiye#49: Ardından, İskenderun civarında ( Antakya ) gerçekleşen İssos Savaşı 'nda ve akabinde Irak civarında meydana gelen Gaugamela Muharebesi 'nde Ahameniş hükümdarı III. | Türkiye#216: Ayrıca 5.137 metre (16.854 ft) yüksekliğindeki Türkiye'nin en yüksek dağı olan Ağrı Dağı ve en büyük gölü olan Van Gölü de Doğu Anadolu'da yer alır. | Türkiye#249: Türkiye'nin 2014'te ihracatı, önceki yıla göre %4 artarak $157,6 milyar oldu."
Hitit | Hitit İmparatorluğu | Hititler | Hititlerin,https://tr.wikipedia.org/wiki/Hititler,4,"Türkiye#40: Hatti ve Hurriler, Hint-Avrupa milletlerinden Hititlerin MÖ 2000-1700 yıllarında Anadolu'ya gelmesiyle yerini Hititlere bıraktı. | Trabzon#7: Bölgede çeşitli dönemlerde yapılan arkeolojik kazı ve yüzey taramalarında Yontma Taş (Alt Paleolitik dönem) Çağı'na ait Acheulien ve Mousterien tipi (el baltaları, kazıyıcılar, yonga aletler), Orta Taş Çağı (Mezolitik) 'e ait mağaralar Kalkolitik Çağ 'a ait yerleşim izlerine rastlanmıştır. | Türkiye#5: Türkiye toprakları üzerinde bulunan ilk yerleşmeler Yontma Taş Devri 'nde başlar. | Türkiye#43: Orta Anadolu üzerinde büyük bir hâkimiyet kurmuş olan Hitit İmparatorluğu 'nun da MÖ yaklaşık 1180'li yıllarda çöküşünün ardından, Hint-Avrupa milletlerinden Friglerin kurdukları Frigya , MÖ 7. yüzyılda Kimmerler tarafından yapılan saldırılara kadar Anadolu'da üstünlük elde etti."
Türkiye'nin çok partili dönemini | çok partili bir sistem | çok partili demokrasi | çok partili sisteme,https://tr.wikipedia.org/wiki/T%C3%BCrkiye%27de_%C3%A7ok_partili_d%C3%B6nem,4,"Cumhuriyet Halk Partisi#10: II. | Türkiye#153: İkinci Dünya Savaşı'ndan sonra Türkiye'de siyaset çok partili bir sistem altında faaliyet göstermiştir. | Türkiye#115: Ardından gelen çok partili demokrasi dönemi 1960 ve 1980 askerî darbeleri ve 1971 ve 1997 muhtıraları ile kesintiye uğradı. | Türkiye#128: Türkiye, çok partili sisteme sahip temsilî demokrasinin uygulandığı üniter devlettir ."
Türk | Türk vatandaşlarının | Türklerin,https://tr.wikipedia.org/wiki/T%C3%BCrkler,4,"Türkiye#21: Türkiye'nin adı, "" Türk "" etnik kimliği adından gelir. | Türkiye#314: Ülkenin büyük çoğunluğunun etnik kökeni Türk 'tür. | Haziran 2015 Türkiye genel seçimleri#11: YSK 2014 Türkiye cumhurbaşkanlığı seçimlerinde yurt dışı temsilciliklerde randevu ile oy kullanma prosedürünü genel seçimler öncesi 2014 yılının Aralık ayında iptal etti. | Maliye#12: Türklerin İslamiyet 'e ilk geçişleri döneminde Müslüman ülkelerde devletin malî işlerini göre "" Beyt-ül mal "" bulunmaktaydı."
Tüm Liste,https://tr.wikipedia.org#Belediye_başkanları,4,Cumhuriyet Halk PartisiCard#26: 13 / 30 Tüm Liste | Cumhuriyet Halk PartisiCard#27: 21 / 51 Tüm Liste | Cumhuriyet Halk PartisiCard#28: 301 / 922 Tüm Liste | Cumhuriyet Halk PartisiCard#29: 63 / 390 Tüm Liste
Altı Ok | altı ok ilkeleri,https://tr.wikipedia.org/wiki/Alt%C4%B1_Ok,4,"Cumhuriyet Halk Partisi#5: Logosu, Kemalizm 'in temel ilkelerini temsil eden Altı Ok 'tan oluşmaktadır: cumhuriyetçilik , inkılapçılık , laiklik , halkçılık , milliyetçilik ve devletçilik . | Cumhuriyet Halk Partisi#30: Partinin 1927'deki ikinci olağan kongresinde, Atatürk Türk tarihindeki son on yılın belirleyiciliğine bir konuşma yaparak gençlere Cumhuriyet'i koruma çağrısında bulundu. | Cumhuriyet Halk Partisi#131: Altı Ok , Cumhuriyet Halk Partisi'nin temel ilkelerini temsil eden simgedir . | Cumhuriyet Halk Partisi#112: Cumhuriyet Halk Partisi, programının temel ideolojik dayanaklarının üç ana veçhesi olduğunu bunların ise: Atatürk'ün modernleşme devrimi ve altı ok ilkeleri , sosyal demokrasinin evrensel ilkeleri ve Anadolu ve Trakya'nın tarihsel birikimi olduğunu belirtmiştir."
Ege Denizi,https://tr.wikipedia.org/wiki/Ege_Denizi,4,"Türkiye#3: Güneyini Kıbrıs ve Akdeniz , batısını Ege Denizi , kuzeyini ise Karadeniz çevreler. | Türkiye#211: Batısında Ege Denizi , kuzeyinde Karadeniz ve güneyinde Akdeniz bulunmaktadır. | Türkiye#235: Genel anlamda Ege Denizi ile Akdeniz kıyılarında görülen Akdeniz ikliminde yazlar sıcak ve kurak, kışları ılık ve yağışlıdır. | Türkiye#239: Ege Denizi ile Karadeniz 'i birbirine bağlayan Marmara Denizi 'nin kıyılarında geçiş iklimi görülmektedir; denizin güneyinde Akdeniz, kuzeyinde Karadeniz ve kuzeybatısında karasal iklime rastlanmaktadır."
Hristiyan | Hristiyanlaştığı | Hristiyanlık,https://tr.wikipedia.org/wiki/Hristiyanl%C4%B1k,4,"Türkiye#63: Böylece bölgede yaygın olan Hristiyanlık ve Yunanca , yerini yavaş yavaş İslam ve Türk kültürüne bıraktı. | Türkiye#6: Daha sonra, sırasıyla Roma İmparatorluğu ve Anadolu 'nun Hristiyanlaştığı Bizans dönemleri yaşandı. | Trabzon#45: I. | Türkiye#342: Günümüzde ülkede Rum Ortodoksluğu , Katoliklik , Protestanlık ve Mormonluk dâhil olmak üzere çeşitli mezheplerden birçok Hristiyan bulunmaktadır ve bu sayı yaklaşık olarak Türkiye'nin nüfusunun %0,3'ü kadardır."
Roma | Roma İmparatorluğu,https://tr.wikipedia.org/wiki/Roma_%C4%B0mparatorlu%C4%9Fu,4,"Trabzon#13: Pontus İmparatoru Mithridatis 'in Roma İmparatorluğu ile giriştiği bir dizi savaşı kaybetmesinin ardından Anadolu topraklarının yanı sıra Trabzon da Roma hakimiyetine girmiştir. | Türkiye#6: Daha sonra, sırasıyla Roma İmparatorluğu ve Anadolu 'nun Hristiyanlaştığı Bizans dönemleri yaşandı. | Türkiye#57: İmparator I. | Türkiye#56: 324 yılında Roma İmparatoru I."
Türk Lirası | Türk lirası,https://tr.wikipedia.org/wiki/T%C3%BCrk_liras%C4%B1,4,"TürkiyeCard#29: Türk lirası ( TRY · ₺ ) | Gazi Üniversitesi#34: Taşınmaz Kültür ve Tabiat Varlıkları Yüksek Kurulunun 1984 yılında aldığı kararla Gazi Üniversitesine devredilen bu bina, bugün üniversitenin Rektörlüğü, Gazi Eğitim Fakültesi Dekanlığı, laboratuvarlar, Resim Heykel Müzesi ve Sanat Galerisi olarak kullanılmaktadır, ayrıca binanın üstünde bir gözlemevi bulunmaktadır; ancak şu an faaliyette değildir. | 2002 Türkiye genel seçimleri#18: Türkiye, 1994 yılında en derin ekonomik krizlerinden birini yaşadı. | Türkiye#269: 2000'lerin ilk yıllarında ülkedeki yüksek enflasyon kontrol altına alındı ve bu yeni bir para biriminin piyasaya sunulmasına yol açtı; Yeni Türk Lirası, 1 Ocak 2005 tarihinde yürürlüğe girdi."
Rum | Rumlar,https://tr.wikipedia.org/wiki/Rum,4,"Trabzon#64: Bölgedeki Rum nüfus 1923 yılında Yunanistan ve Türkiye arasında yapılan "" Nüfus Mübadelesi "" ile gönderilmiştir. | Türkiye#105: Lozan Antlaşması sonrasında antlaşma maddeleri gereğince yapılan Türkiye-Yunanistan nüfus mübadelesi kapsamında Türkiye'deki 1,1 milyon Rum ile Yunanistan 'daki 380 bin Türk yer değiştirdi. | Trabzon#30: Aynı tahrir kayıtlarına göre şehirde yaşayan halkın; %65,16'sı Rumlar , %19,22'si Müslüman, %12,49'u Ermeniler , %3,13'ü ise Ceneviz ve Venedikliler'in oluşturduğu Latinler'den oluşmaktaydı. | Türkiye#315: Yapılan araştırmalara göre Türkiye'de Arnavutlar , Azeriler , Araplar , Boşnaklar , Çerkesler , Çingeneler , Gürcüler , Hemşinliler , Lazlar , Pomaklar , Süryaniler ve Zazalar dâhil olmak üzere pek çok etnik grup yaşasa da, ülkede resmen tanınan azınlıklar sadece Ermeniler , Rumlar , Bulgarlar , Yahudilerdir ."
12 Eylül 1980 darbesine | 1980 | 1980 Askeri Darbesi | 1980 askeri darbesi,https://tr.wikipedia.org/wiki/12_Eyl%C3%BCl_Darbesi,4,"Türkiye#115: Ardından gelen çok partili demokrasi dönemi 1960 ve 1980 askerî darbeleri ve 1971 ve 1997 muhtıraları ile kesintiye uğradı. | Cumhuriyet Halk Partisi#68: Ecevit ve rakibi Süleyman Demirel siyasi istikrarsızlık döneminde sürekli ardı ardına hükûmetler kurdu. | Cumhuriyet Halk Partisi#11: CHP, dönemin diğer tüm partileriyle birlikte 1980 askeri darbesi sonrasında kapatıldı. | Cumhuriyet Halk Partisi#140: İlk kurulan gençlik kolları yönetiminde, daha sonra CHP Genel Başkanı ve Başbakan olacak olan Bülent Ecevit de yer almaktadır."
Fatih Sultan Mehmed | Fatih Sultan Mehmet | II. Mehmed,https://tr.wikipedia.org/wiki/II._Mehmed,4,"Trabzon#20: Trabzon imparatorları başlangıçta diğer Bizans (Doğu Roma) imparatorları gibi çift başlı (aetos) figürünü sembol olarak kullanmışlarsa da Latin işgalinin sona ermesi ve Konstantinopolis 'te yeniden yasal yönetimin iktidarı ele geçirmesiyle, bir çatışmaya sebebiyet vermemek için bugün Trabzon Ayasofya kapısının üzerinde rölyefi bulunan tek başlı kartal sembolünü tercih etmişlerdir. | Trabzon#4: İrem bağları gibi süslü bir şehirdir burası.'' Fatih Sultan Mehmed ise Trabzon'u kuşattığı vakit şöyle söylemiştir: ''Trabzon fethedilmeden İstanbul fethedilmiş sayılmaz.'' | Türkiye#10: Osmanlılar, 1453 yılında II. | Türkiye#70: Osman Gazi 'nin başında olduğu Osmanoğulları Beyliği, sonraki yıllarda gittikçe büyüyerek Anadolu, Balkanlar , Kuzey Afrika ve Levant üzerinde hâkimiyet kurdu."
İtalya,https://tr.wikipedia.org/wiki/%C4%B0talya,4,"Türkiye#195: 2011 NATO sayımlarına göre ülkenin tahminî 495.000 konuşlandırılabilir kuvveti bulunmaktadır. | Türkiye#249: Türkiye'nin 2014'te ihracatı, önceki yıla göre %4 artarak $157,6 milyar oldu. | Türkiye#274: Türkiye'de turizm , ekonominin önemli bir kısmını teşkil etmektedir ve son yirmi yılda hızlı bir büyüme yakalamıştır. | Türkiye#395: Türkiye, UEFA tarafından düzenlenen birçok önemli futbol organizasyonuna ev sahipliği yapmıştır."
Güney Marmara | Marmara | Marmara Bölgesi,https://tr.wikipedia.org/wiki/Marmara_B%C3%B6lgesi,4,"Türkiye#375: Türk kültüründe halk oyunları önemli bir yer tutar. | 2002 Türkiye genel seçimleri#26: 17 Ağustos 1999'da meydana gelen Gölcük Depremi , Türkiye'nin yakın tarihindeki en yıkıcı depremlerden biri olarak kayıtlara geçti. | Türkiye#218: Bunlar Akdeniz , Doğu Anadolu , Ege , Güneydoğu Anadolu , İç Anadolu , Karadeniz ve Marmara bölgeleridir. | Türkiye#239: Ege Denizi ile Karadeniz 'i birbirine bağlayan Marmara Denizi 'nin kıyılarında geçiş iklimi görülmektedir; denizin güneyinde Akdeniz, kuzeyinde Karadeniz ve kuzeybatısında karasal iklime rastlanmaktadır."
Doğu | Doğu Anadolu | Doğu Anadolu Bölgesi,https://tr.wikipedia.org/wiki/Do%C4%9Fu_Anadolu_B%C3%B6lgesi,4,"Türkiye#218: Bunlar Akdeniz , Doğu Anadolu , Ege , Güneydoğu Anadolu , İç Anadolu , Karadeniz ve Marmara bölgeleridir. | Türkiye#241: İç Anadolu Bölgesi , Doğu Anadolu ve Güneydoğu Anadolu bölgelerinde yani iç kesimlerde karasal iklime rastlanır. | Türkiye#94: Savaş sırasında Ermenilerle yaşanan etnik gerginliklerin tırmanması üzerine çıkarılan Tehcir Kanunu ile Ermeniler, Doğu Anadolu Bölgesi 'nden Suriye 'ye devlet eliyle göç ettirildi. | Türkiye#375: Türk kültüründe halk oyunları önemli bir yer tutar."
milliyetçilik,https://tr.wikipedia.org/wiki/Milliyet%C3%A7ilik,4,"Türkiye#89: İmparatorluğun yine son zamanlarında milliyetçilik isyanlarının çıkmasıyla milletler arasında çeşitli etnik gerginlikler yaşandı; bu etnik gerginlikler Ermeni Sorunu gibi çeşitli sorunları ortaya çıkardı. | Türkiye#155: Sağ partiler muhafazakârlık , milliyetçilik , liberalizm veya İslamcılık gibi siyasi ideolojilerin ilkelerini benimseme eğilimindedir. | Cumhuriyet Halk Partisi#5: Logosu, Kemalizm 'in temel ilkelerini temsil eden Altı Ok 'tan oluşmaktadır: cumhuriyetçilik , inkılapçılık , laiklik , halkçılık , milliyetçilik ve devletçilik . | Cumhuriyet Halk Partisi#31: Bu dönemde parti tarihsel görüşlerden ayrılarak cumhuriyetçilik , milliyetçilik , laiklik , devrimcilik , halkçılık ve devletçilik ilkelerini benimsedi."
"Cumhur İttifakı | Demokrat Parti U:(https://tr.wikipedia.org/wiki/Demokrat_Parti_(2007))___ , AK Parti ve MHP'den oluşan ___E:Cumhur İttifakı",https://tr.wikipedia.org/wiki/Cumhur_%C4%B0ttifak%C4%B1,4,"2018 Türkiye genel seçimleri#8: Kasım 2017'de Milliyetçi Hareket Partisi Genel Başkanı Devlet Bahçeli 'nin Adalet ve Kalkınma Partisi ile ittifak yapmayı önermesi sonucunda Şubat 2018'de Cumhur İttifakı kuruldu. | 2018 Türkiye genel seçimleri#24: Anayasa değişikliği referandumunda ""Evet"" cephesinde yer alan Adalet ve Kalkınma Partisi , Milliyetçi Hareket Partisi ve Büyük Birlik Partisi , "" Cumhur İttifakı "" adı altında seçimlere katılacaklarını ve cumhurbaşkanı adayı olarak da Recep Tayyip Erdoğan 'ı destekleyeceklerini açıkladılar. | 2018 Türkiye genel seçimleri#39: Cumhur İttifakı bileşeni olan Adalet ve Kalkınma Partisi listelerinin 18 sırası Büyük Birlik Partisi'ne ayrıldı. | Cumhuriyet Halk Partisi#99: Kılıçdaroğlu İYİ Parti'nin seçimlere katılması için 15 milletvekili transfer ederek yeni partinin yükselişini kolaylaştırdı."
İran,https://tr.wikipedia.org/wiki/%C4%B0ran,4,"Trabzon#29: Trabzon, Osmanlı döneminde de gerek Doğu Anadolu ve İran 'ın gerekse Baharat yolu 'nun Batı'ya açıldığı liman kenti olarak stratejik önemini sürdürmüş dahası İran ve Kafkasya seferlerinde askeri üs noktası olarak kullanılmıştır. | Türkiye#2: Batıda Bulgaristan ve Yunanistan , doğuda Gürcistan , Ermenistan , İran ve Azerbaycan , güneyde ise Irak ve Suriye ile sınır komşusudur. | Türkiye#42: MÖ 612'den itibaren herhangi ciddi bir etki gösteremeyen Urartular, MÖ 590 yılında İran 'dan gelen Medler tarafından yıkıldı. | Türkiye#216: Ayrıca 5.137 metre (16.854 ft) yüksekliğindeki Türkiye'nin en yüksek dağı olan Ağrı Dağı ve en büyük gölü olan Van Gölü de Doğu Anadolu'da yer alır."
2007 | 2007 cumhurbaşkanlığı seçimleri | 2007 genel seçimlerinde | seçim,https://tr.wikipedia.org/wiki/2007_T%C3%BCrkiye_genel_se%C3%A7imleri,4,"Cumhuriyet Halk Partisi#80: 2007 cumhurbaşkanlığı seçimleri , CHP'li ve AK Partili politikacılar arasındaki gerilimlerin doruğa çıkmasıyla bir siyasi krize dönüştü. | 2011 Türkiye genel seçimleri#67: 2007 genel seçimlerinde Türkiye ortalamasında her bir milletvekiline 78 bin seçmen düşerken, nüfusu az olan Şırnak, Hakkâri, Bayburt gibi illerde 20 binin üzerinde oy alan adaylar Meclis'e girmişti. | Cumhuriyet Halk Partisi#88: 2002 ve 2010 yılları arasında Türkiye'de iki genel seçim ve iki yerel seçim yapılmış ve bu seçimlerin tamamında CHP %18 ila %23 arasında oy almıştır. | Akif HamzaçebiCard#3: 2002 – Trabzon 2007 – Trabzon 2011 – İstanbul (I) Haziran 2015 – İstanbul (I) Kasım 2015 – İstanbul (I) 2018 – İstanbul (I)"
II. Dünya Savaşı,https://tr.wikipedia.org/wiki/II._D%C3%BCnya_Sava%C5%9F%C4%B1,4,"Türkiye#109: II. | Cumhuriyet Halk Partisi#10: II. | Cumhuriyet Halk Partisi#39: İnönü, Türkiye'yi II. | Cumhuriyet Halk Partisi#41: II."
Kuzey Kıbrıs | Kuzey Kıbrıs Türk Cumhuriyeti,https://tr.wikipedia.org/wiki/Kuzey_K%C4%B1br%C4%B1s_T%C3%BCrk_Cumhuriyeti,4,"Cumhuriyet Halk Partisi#128: Ayrıca parti, 2014 yılında Sosyalist Enternasyonal'i Kuzey Kıbrıs 'ta bulunan Cumhuriyetçi Türk Partisi 'ni tam üye olarak kabul etmeye çağırmıştır. | Türkiye#113: Dokuz yıl sonra Kuzey Kıbrıs Türk Cumhuriyeti kurularak ada ikiye bölünse de, KKTC yalnızca Türkiye tarafından resmen tanındı. | Türkiye#177: Türkiye'nin Kıbrıs Sorunu 'nda AB üyelerinin aksine Kuzey Kıbrıs Türk Cumhuriyeti 'ni desteklemesi, AB ilişkilerini zorlaştırmakta ve ülkenin AB'ye üyelik sürecindeki önemli bir engel olmaya devam etmektedir. | Türkiye#189: Bunun yanı sıra varlığı tartışmalı olsa da Kuzey Kıbrıs Türk Cumhuriyeti topraklarında 36.000 askerini bulundurmaktadır."
Marmara Denizi,https://tr.wikipedia.org/wiki/Marmara_Denizi,4,"Türkiye#3: Güneyini Kıbrıs ve Akdeniz , batısını Ege Denizi , kuzeyini ise Karadeniz çevreler. | Türkiye#206: Kalan %3'lük kısım ise Avrupa kıtasında kalır ve Doğu Trakya diye adlandırılır. | Türkiye#212: Kuzeybatısında ise Marmara Denizi yer alır. | Türkiye#239: Ege Denizi ile Karadeniz 'i birbirine bağlayan Marmara Denizi 'nin kıyılarında geçiş iklimi görülmektedir; denizin güneyinde Akdeniz, kuzeyinde Karadeniz ve kuzeybatısında karasal iklime rastlanmaktadır."
Avrupa | Avrupa Birliği,https://tr.wikipedia.org/wiki/Avrupa_Birli%C4%9Fi,4,"Türkiye#367: Osmanlı İmparatorluğu'nun yanı sıra İslam dünyası ile Avrupa 'nın etkileşimi sonucunda Türk, İslam ve Avrupa gelenekleri birleşerek günümüz Türk müziğini ve edebiyatını ortaya çıkarmıştır. | Türkiye#18: Türkiye NATO 'nun ilk üyelerinden birisi ABD'nin ardından ittifak içinde ikinci en büyük askerî güce sahiptir. | Türkiye#175: Geleneksel Batı yönelimi doğrultusunda, Avrupa ile ilişkiler her zaman Türk dış politikasının merkezî bir parçası olmuştur. | Türkiye#180: Türkiye, Avrupa Birliği 'ne üyelik gibi önemli konular da dâhil olmak üzere Amerika Birleşik Devletleri'nin siyasi, ekonomik ve diplomatik desteğinden yararlandı."
Türkiye Cumhuriyeti'nin kuruluşunu | cumhuriyet ilan edildi | ilan edildi,https://tr.wikipedia.org/wiki/T%C3%BCrkiye%27de_cumhuriyetin_ilan%C4%B1,4,"Cumhuriyet Halk Partisi#9: Mustafa Kemal Atatürk'ün liderliğinde bu gruplar, Anadolu ve Rumeli Müdâfaa-i Hukuk Cemiyeti adıyla 1919'daki Sivas Kongresi 'nde birleşti. | Türkiye#15: Cumhuriyet, ülkenin ilk cumhurbaşkanı Mustafa Kemal Atatürk tarafından 29 Ekim 1923'te ilan edildi . | Türkiye#104: Yeni antlaşma, Türkiye'nin kendi toprakları üzerindeki egemenliğine yol açtı. | Cumhuriyet Halk Partisi#20: İkinci dönem için görev yapan mecliste Lozan Antlaşması kabul edildi, cumhuriyet ilan edildi ve halifelik kaldırıldı ."
Eğitim | Gazi Eğitim Enstitüsü | Gazi Eğitim Fakültesi,https://tr.wikipedia.org/wiki/Gazi_E%C4%9Fitim_Fak%C3%BCltesi,4,"Gazi Üniversitesi#2: Tıp , Diş Hekimliği , Eğitim , Fen , Mühendislik ve Teknoloji Fakültesi önemli fakülteleridir. | Gazi Üniversitesi#34: Taşınmaz Kültür ve Tabiat Varlıkları Yüksek Kurulunun 1984 yılında aldığı kararla Gazi Üniversitesine devredilen bu bina, bugün üniversitenin Rektörlüğü, Gazi Eğitim Fakültesi Dekanlığı, laboratuvarlar, Resim Heykel Müzesi ve Sanat Galerisi olarak kullanılmaktadır, ayrıca binanın üstünde bir gözlemevi bulunmaktadır; ancak şu an faaliyette değildir. | Gazi Üniversitesi#9: Daha sonraki yıllarda Okul, bünyesinde açılan pedagoji ve filoloji bölümleriyle kısa sürede öğretmen yetiştirmede ülkenin öncü ve önder bir eğitim kurumu olur. | Gazi Üniversitesi#15: 1926 yılında Gazi Eğitim Enstitüsü olarak kurulan Gazi Eğitim Enstitüsü 1982 yılında 2809 sayılı kanunla, Gazi Üniversitesine dönüştürülür."
Orta Anadolu | İç Anadolu | İç Anadolu Bölgesi,https://tr.wikipedia.org/wiki/%C4%B0%C3%A7_Anadolu_B%C3%B6lgesi,4,"Türkiye#241: İç Anadolu Bölgesi , Doğu Anadolu ve Güneydoğu Anadolu bölgelerinde yani iç kesimlerde karasal iklime rastlanır. | Türkiye#218: Bunlar Akdeniz , Doğu Anadolu , Ege , Güneydoğu Anadolu , İç Anadolu , Karadeniz ve Marmara bölgeleridir. | Türkiye#375: Türk kültüründe halk oyunları önemli bir yer tutar. | Türkiye#32: MÖ 7500'e veya MÖ 5700'e dayandığı düşünülen Orta Anadolu 'daki Çatalhöyük , dünya üzerinde Cilalı Taş Devri ile Bakır Çağı 'na ait en büyük ve en iyi korunmuş yerleşim yeridir."
Kurtuluş Savaşı | Türk Kurtuluş Savaşı,https://tr.wikipedia.org/wiki/T%C3%BCrk_Kurtulu%C5%9F_Sava%C5%9F%C4%B1,4,"Türkiye#100: I. | Türkiye#262: I. | Cumhuriyet Halk Partisi#8: Cumhuriyet Halk Partisi'nin kökeni, Türk Kurtuluş Savaşı sırasında kurulan çeşitli direniş gruplarına dayanır; bu grupların çoğu daha önce İttihat ve Terakki Cemiyeti ile bağlantılı kişilerden oluşuyordu. | Türkiye#14: Onun önderliğinde işgalci kuvvetlere karşı yapılan Kurtuluş Savaşı (1919-1922) başarıya ulaşarak, 1 Kasım 1922 tarihinde Türkiye Büyük Millet Meclisi tarafından saltanatın kaldırılmasıyla Osmanlı monarşisi ve Osmanlı İmparatorluğu tarihe karıştı."
Lozan Antlaşması | Lozan Antlaşmasının,https://tr.wikipedia.org/wiki/Lozan_Antla%C5%9Fmas%C4%B1,3,"Türkiye#316: Azınlık statülerini Lozan Antlaşmasının gayrimüslim azınlık hakları çerçevesinde elde etmişlerdir. | Türkiye#103: 24 Temmuz 1923'te Sevr Antlaşması'nın yerine imzalanan Lozan Antlaşması , Osmanlı İmparatorluğu 'nun devamı niteliğindeki yeni Türk devletinin uluslararası alanda tanınmasını sağladı. | Cumhuriyet Halk Partisi#17: İkinci grup, azınlık olsa da parlamentoda güçlü bir muhalefet oluşturdu."
Araklı,https://tr.wikipedia.org/wiki/Arakl%C4%B1,3,"Akif Hamzaçebi#1: Mehmet Akif Hamzaçebi (1 Aralık 1953, Araklı , Trabzon ), Türk maliyeci, ekonomist, spor yöneticisi, politikacı. | Akif Hamzaçebi#2: 1 Aralık 1953'te Trabzon 'un Araklı ilçesinde doğdu. | Akif HamzaçebiCard#4: 1 Aralık 1953 (71 yaşında) Araklı , Trabzon , Türkiye"
"EuroLeague | Fenerbahçe U:(https://tr.wikipedia.org/wiki/Fenerbah%C3%A7e_(basketbol_tak%C4%B1m%C4%B1))___ , , ve gibi takımlar ___E:EuroLeague",https://tr.wikipedia.org/wiki/EuroLeague,3,"Türkiye#397: Basketbolun en büyük ligi Basketbol Süper Ligi 'dir. | Türkiye#400: Fenerbahçe, 2017 yılında EuroLeague kupasını kazanarak Avrupa Kupalarında spor kulüplerinin kazanabileceği en büyük kupayı kazanan ilk Türk erkek basketbol takımı olmuştur. | Türkiye#401: Ayrıca Anadolu Efes de 2021 ve 2022 yılında EuroLeague kupasını kazanmıştır."
eski ticaret yollarının | İpek Yolunun | İpek yolunun,https://tr.wikipedia.org/wiki/%C4%B0pek_Yolu,3,"Türkiye#75: Çünkü 15. yüzyıl sonlarındaki Coğrafi Keşifler sayesinde Ümit Burnu ve Amerika kıtasının keşfedilmesi, Osmanlı'nın elinde tuttuğu Doğu Asya ile Batı Avrupa arasında ticareti sağlayan eski ticaret yollarının önemini yitirmesine neden olup Osmanlı ekonomisini olumsuz yönde etkilemiştir. | Trabzon#20: Trabzon imparatorları başlangıçta diğer Bizans (Doğu Roma) imparatorları gibi çift başlı (aetos) figürünü sembol olarak kullanmışlarsa da Latin işgalinin sona ermesi ve Konstantinopolis 'te yeniden yasal yönetimin iktidarı ele geçirmesiyle, bir çatışmaya sebebiyet vermemek için bugün Trabzon Ayasofya kapısının üzerinde rölyefi bulunan tek başlı kartal sembolünü tercih etmişlerdir. | Araklı#12: Ancak binyıllar boyunca Doğu-Batı ticaretinin en canlı güzergâhı olan İpek Yolunun Karadeniz'e Ulaştığı toprakların üzerinde kurulmuş olması ticari değerinin yanında askeri ve jeostratejik değerlere sahip olması ilçedeki yerleşimin Trabzon'dan çok sonra olmadığını düşündürtmektedir."
Fırat,https://tr.wikipedia.org/wiki/F%C4%B1rat,3,"Trabzon#12: Merkezinde Yunanların çevre köylerinde bugünkü Lazların (Tzanlar) ataları olan Kolhislilerin ve yaşadığı Trabzon, Antik çağ ve sonrasında Zigana geçidi üzerinden Ermenistan ve Euphrates ( Fırat ) civarında üretilen ticari malların takas edildiği ticaret merkezi ve dış ülkelere satıldığı bir ihraç limanı özelliğindeydi. | Türkiye#50: Büyük bir yenilgiye uğrayan Darius , Fırat 'ın doğusuna kadar sürüldü ve böylece Anadolu'daki Pers hâkimiyeti son bulmuş oldu. | Türkiye#215: Türkiye'nin doğusuna gidildikçe yükselti artar ve burası Fırat , Dicle , Aras gibi çeşitli nehirlerin kaynağıdır."
Çanakkale | Çanakkale Boğazı,https://tr.wikipedia.org/wiki/%C3%87anakkale_Bo%C4%9Faz%C4%B1,3,"Türkiye#206: Kalan %3'lük kısım ise Avrupa kıtasında kalır ve Doğu Trakya diye adlandırılır. | Türkiye#3: Güneyini Kıbrıs ve Akdeniz , batısını Ege Denizi , kuzeyini ise Karadeniz çevreler. | Türkiye#291: Avrupa ve Asya'yı birbirine bağlayan Çanakkale Boğazı üzerindeki 1915 Çanakkale Köprüsü , dünyanın en uzun asma köprüsüdür."
laik | laik bir devlettir,https://tr.wikipedia.org/wiki/Sek%C3%BCler_devlet,3,"Türkiye#332: Türkiye, resmî dini olmayan laik bir devlettir . | Türkiye#4: Resmî olarak laik bir devlet olan Türkiye'de nüfusun çoğunluğu Müslümandır . | Türkiye#16: Türkiye gelişmekte olan bir ülkedir ve cumhurbaşkanlığı sistemiyle yönetilen demokratik , laik ve üniter bir anayasal cumhuriyettir ."
Merkez sol | merkez sol,https://tr.wikipedia.org/wiki/Merkez_sol,3,"Cumhuriyet Halk PartisiCard#19: Merkez sol [a] | Cumhuriyet Halk Partisi#10: II. | Cumhuriyet Halk Partisi#63: Feyzioğlu'nun ayrılmasıyla CHP 1969 seçimlerine merkez sol bir programla katıldı, ancak partiye olan algı nedeniyle benzer bir sonuç elde etti; Bu algıya göre parti öncelikle eğitimli kentsel elitlere hitap ediyordu."
başkanlık sistemi | cumhurbaşkanlığı sistemiyle | cumhurbaşkanlığı sistemli,https://tr.wikipedia.org/wiki/Cumhurba%C5%9Fkanl%C4%B1%C4%9F%C4%B1_h%C3%BCk%C3%BBmet_sistemi,3,"TürkiyeCard#7: Üniter cumhurbaşkanlığı sistemli anayasal cumhuriyet | Türkiye#16: Türkiye gelişmekte olan bir ülkedir ve cumhurbaşkanlığı sistemiyle yönetilen demokratik , laik ve üniter bir anayasal cumhuriyettir . | Türkiye#116: 1980'li yıllarda Türk ekonomisinin liberalleştirilmesinden bu yana ülke, ekonomik büyüme ve siyasi istikrar yakaladı."
Kafkasya,https://tr.wikipedia.org/wiki/Kafkasya,3,"Trabzon#29: Trabzon, Osmanlı döneminde de gerek Doğu Anadolu ve İran 'ın gerekse Baharat yolu 'nun Batı'ya açıldığı liman kenti olarak stratejik önemini sürdürmüş dahası İran ve Kafkasya seferlerinde askeri üs noktası olarak kullanılmıştır. | Türkiye#88: Aynı şekilde Rusların Kafkasya topraklarını ele geçirmesi sonucunda buradaki Müslümanlar da Anadolu'ya yöneldi. | Türkiye#181: Soğuk Savaş sonrasındaki dönemde Türkiye'nin jeostratejik önemi, çevresinde bulunan Orta Doğu , Kafkasya ve Balkan coğrafyalarına doğru kaydı."
1960 | 1960 askeri darbesini | 27 Mayıs 1960,https://tr.wikipedia.org/wiki/27_May%C4%B1s_Darbesi,3,Cumhuriyet Halk Partisi#54: Süreci takiben 27 Mayıs 1960 tarihinde Türkiye tarihinde ilk askeri darbe yapıldı. | Cumhuriyet Halk Partisi#10: II. | Türkiye#115: Ardından gelen çok partili demokrasi dönemi 1960 ve 1980 askerî darbeleri ve 1971 ve 1997 muhtıraları ile kesintiye uğradı.
Büyük İskender | Makedonya U:(https://tr.wikipedia.org/wiki/Makedonya_(antik_krall%C4%B1k))___ Kralı ___E:Büyük İskender | Makedonya U:(https://tr.wikipedia.org/wiki/Makedonya_(antik_krall%C4%B1k))___ kralı ___E:Büyük İskender,https://tr.wikipedia.org/wiki/%C4%B0skender,3,"Türkiye#51: Büyük İskender döneminde kültürel kaynaşma ve Helenleştirme hareketi başlatıldı. | Türkiye#48: Anadolu, MÖ 6. ve 5. yüzyıllarda bir Pers devleti olan Ahameniş İmparatorluğu 'nun egemenliğine girdi ve bu egemenlik, MÖ 334 yılındaki Makedonya Kralı Büyük İskender 'in fetihlerine kadar devam etti. | Türkiye#5: Türkiye toprakları üzerinde bulunan ilk yerleşmeler Yontma Taş Devri 'nde başlar."
2014 Türkiye cumhurbaşkanlığı seçimlerinde | 2014 cumhurbaşkanlığı seçimi | seçilen,https://tr.wikipedia.org/wiki/2014_T%C3%BCrkiye_cumhurba%C5%9Fkanl%C4%B1%C4%9F%C4%B1_se%C3%A7imi,3,"Türkiye#116: 1980'li yıllarda Türk ekonomisinin liberalleştirilmesinden bu yana ülke, ekonomik büyüme ve siyasi istikrar yakaladı. | Haziran 2015 Türkiye genel seçimleri#11: YSK 2014 Türkiye cumhurbaşkanlığı seçimlerinde yurt dışı temsilciliklerde randevu ile oy kullanma prosedürünü genel seçimler öncesi 2014 yılının Aralık ayında iptal etti. | Cumhuriyet Halk Partisi#95: İlk doğrudan cumhurbaşkanlığı seçimi olan 2014 cumhurbaşkanlığı seçimi , 2013 Türkiye yolsuzluk skandalının ardından gerçekleştirildi."
İlerici İttifak,https://tr.wikipedia.org/wiki/%C4%B0lerici_%C4%B0ttifak,3,"Cumhuriyet Halk Partisi#14: Parti, İlerici İttifak ve Sosyalist Enternasyonal 'in tam üyesidir ve Avrupa Sosyalistler Partisi 'nin ilişkili üyesidir. | Cumhuriyet Halk Partisi#127: Parti, Sosyalist Enternasyonal ve İlerici İttifak içinde önemli bir konuma sahiptir ve Avrupa Sosyalistler Partisi'nin ilişkili üyesidir. | Cumhuriyet Halk PartisiCard#22: Sosyalist Enternasyonal İlerici İttifak Tarihsel: Radikal Enternasyonal (ilişkili)"
Ahameniş | Ahameniş İmparatorluğu | Pers,https://tr.wikipedia.org/wiki/Ahameni%C5%9F_%C4%B0mparatorlu%C4%9Fu,3,"Türkiye#49: Ardından, İskenderun civarında ( Antakya ) gerçekleşen İssos Savaşı 'nda ve akabinde Irak civarında meydana gelen Gaugamela Muharebesi 'nde Ahameniş hükümdarı III. | Türkiye#48: Anadolu, MÖ 6. ve 5. yüzyıllarda bir Pers devleti olan Ahameniş İmparatorluğu 'nun egemenliğine girdi ve bu egemenlik, MÖ 334 yılındaki Makedonya Kralı Büyük İskender 'in fetihlerine kadar devam etti. | Türkiye#43: Orta Anadolu üzerinde büyük bir hâkimiyet kurmuş olan Hitit İmparatorluğu 'nun da MÖ yaklaşık 1180'li yıllarda çöküşünün ardından, Hint-Avrupa milletlerinden Friglerin kurdukları Frigya , MÖ 7. yüzyılda Kimmerler tarafından yapılan saldırılara kadar Anadolu'da üstünlük elde etti."
Mondros Mütarekesi,https://tr.wikipedia.org/wiki/Mondros_M%C3%BCtarekesi,3,Trabzon#46: Canlı bir ticaret kenti olan Trabzon'un köklü Rum ve Müslüman ailelerden oluşan eşrafı aktif olarak siyasetle uğraşmaktaydı. | Türkiye#99: Savaşın ardından imparatorluğa bağlı milletler ayrılarak çeşitli yeni devletler kurdular. | Türkiye#100: I.
Nüfus Mübadelesi | Türkiye-Yunanistan nüfus mübadelesi | mübadele,https://tr.wikipedia.org/wiki/T%C3%BCrkiye-Yunanistan_n%C3%BCfus_m%C3%BCbadelesi,3,"Türkiye#105: Lozan Antlaşması sonrasında antlaşma maddeleri gereğince yapılan Türkiye-Yunanistan nüfus mübadelesi kapsamında Türkiye'deki 1,1 milyon Rum ile Yunanistan 'daki 380 bin Türk yer değiştirdi. | Trabzon#64: Bölgedeki Rum nüfus 1923 yılında Yunanistan ve Türkiye arasında yapılan "" Nüfus Mübadelesi "" ile gönderilmiştir. | Trabzon#45: I."
"Atatürk'ün modernleşme devrimi | devrim | siyasi, kültürel, sosyal ve ekonomik reformların",https://tr.wikipedia.org/wiki/Atat%C3%BCrk_Devrimleri,3,"Cumhuriyet Halk Partisi#112: Cumhuriyet Halk Partisi, programının temel ideolojik dayanaklarının üç ana veçhesi olduğunu bunların ise: Atatürk'ün modernleşme devrimi ve altı ok ilkeleri , sosyal demokrasinin evrensel ilkeleri ve Anadolu ve Trakya'nın tarihsel birikimi olduğunu belirtmiştir. | Türkiye#106: Türkiye Cumhuriyeti Devleti'nin kurucusu ve ilk cumhurbaşkanı olan Mustafa Kemal, dine dayalı ve çok uluslu eski Osmanlı monarşisini laik bir anayasa altında parlamenter bir cumhuriyet olarak yönetilecek bir Türk ulus devletine dönüştürme amacını içeren birçok devrim yaptı. | Cumhuriyet Halk Partisi#9: Mustafa Kemal Atatürk'ün liderliğinde bu gruplar, Anadolu ve Rumeli Müdâfaa-i Hukuk Cemiyeti adıyla 1919'daki Sivas Kongresi 'nde birleşti."
İstanbul | İstanbul'u işgal edip,https://tr.wikipedia.org/wiki/%C4%B0stanbul%27un_%C4%B0%C5%9Fgali,3,"Türkiye#100: I. | Türkiye#104: Yeni antlaşma, Türkiye'nin kendi toprakları üzerindeki egemenliğine yol açtı. | Türkiye#13: Ancak yapılan reformlar, imparatorluğun dağılmasını engelleyemedi."
saltanat | saltanatı kaldırdı | saltanatın kaldırılmasıyla,https://tr.wikipedia.org/wiki/Saltanat%C4%B1n_kald%C4%B1r%C4%B1lmas%C4%B1,3,"Türkiye#107: Bu devrimlerin bir parçası olarak saltanat ve ardından hilâfet kaldırıldı, kadınlara seçme ve seçilme hakkı tanındı , Latin alfabesi kullanılmaya başlandı ve diğer birçok değişiklik yapıldı. | Türkiye#102: Ankara Hükûmeti silahlı ve diplomatik mücadeleye girişti. | Türkiye#14: Onun önderliğinde işgalci kuvvetlere karşı yapılan Kurtuluş Savaşı (1919-1922) başarıya ulaşarak, 1 Kasım 1922 tarihinde Türkiye Büyük Millet Meclisi tarafından saltanatın kaldırılmasıyla Osmanlı monarşisi ve Osmanlı İmparatorluğu tarihe karıştı."
II. Meşrutiyet | Meşrutiyet’in İlanı,https://tr.wikipedia.org/wiki/%C4%B0kinci_Me%C5%9Frutiyet,3,"Türkiye#12: 19. yüzyıla gelindiğinde imparatorluk, Tanzimat adı verilen ciddi bir modernleşme sürecine girdi. | Türkiye#90: Sultan II. | Ankara Üniversitesi Siyasal Bilgiler Fakültesi#24: Abdurrahman Şeref Efendi’nin, Galatasaray Sultanisi müdürlüğüne getirilmesi üzerine yerine gelen Hacı Recai Bey Meşrutiyet’in İlanı ile emekli edilinceye kadar geçen 14 sene boyunca okulun müdürlüğünü sürdürdü."
Konstantinopolis fethedildi | ele geçirdiği | İstanbul'u fethederek,https://tr.wikipedia.org/wiki/%C4%B0stanbul%27un_Fethi,3,"Türkiye#10: Osmanlılar, 1453 yılında II. | Türkiye#70: Osman Gazi 'nin başında olduğu Osmanoğulları Beyliği, sonraki yıllarda gittikçe büyüyerek Anadolu, Balkanlar , Kuzey Afrika ve Levant üzerinde hâkimiyet kurdu. | Türkiye#59: Halk arasında Konstantinopolis (İstanbul) olarak yaygınlaşan şehir ise, Doğu Roma İmparatorluğu 'nun başkenti oldu."
II. Abdülhamid | II. Abdülhamit,https://tr.wikipedia.org/wiki/II._Abd%C3%BClhamid,3,Türkiye#90: Sultan II. | Ankara Üniversitesi Siyasal Bilgiler Fakültesi#25: Sultan II. | Ankara Üniversitesi Siyasal Bilgiler Fakültesi#42: Kapatılma nedenleri arasında savaş nedeniyle bütçede tasarrufa gidilmek istenmesi; Mülkiye’deki ders programının Darülfünun Hukuk Mektebi 'nde daha kuvvetli okutulduğu görüşünün mebus ve nazırlar arasında yaygın olması ve uzun süre Sultan II.
Azerbaycan,https://tr.wikipedia.org/wiki/Azerbaycan,3,"Türkiye#2: Batıda Bulgaristan ve Yunanistan , doğuda Gürcistan , Ermenistan , İran ve Azerbaycan , güneyde ise Irak ve Suriye ile sınır komşusudur. | Türkiye#184: Özellikle Azerbaycan , Türkiye ile ilişkilerinin önemini vurguladı. | Türkiye#216: Ayrıca 5.137 metre (16.854 ft) yüksekliğindeki Türkiye'nin en yüksek dağı olan Ağrı Dağı ve en büyük gölü olan Van Gölü de Doğu Anadolu'da yer alır."
İtilaf Devletleri,https://tr.wikipedia.org/wiki/%C4%B0tilaf_Devletleri,3,"Türkiye#13: Ancak yapılan reformlar, imparatorluğun dağılmasını engelleyemedi. | Türkiye#99: Savaşın ardından imparatorluğa bağlı milletler ayrılarak çeşitli yeni devletler kurdular. | Türkiye#104: Yeni antlaşma, Türkiye'nin kendi toprakları üzerindeki egemenliğine yol açtı."
Sovyetler Birliği,https://tr.wikipedia.org/wiki/Sovyetler_Birli%C4%9Fi,3,"Türkiye#109: II. | Türkiye#112: Kore Savaşı 'na (1950-53) Birleşmiş Milletler kuvvetleri ile birlikte katılan Türkiye, 1952 yılında Sovyetler Birliği 'ne karşı NATO 'ya katıldı. | Türkiye#179: Türkiye'nin dış ilişkilerinin bir diğer belirleyici unsuru Amerika Birleşik Devletleri ile ilişkiler olmuştur."
Tansu Çiller,https://tr.wikipedia.org/wiki/Tansu_%C3%87iller,3,"Türkiye#115: Ardından gelen çok partili demokrasi dönemi 1960 ve 1980 askerî darbeleri ve 1971 ve 1997 muhtıraları ile kesintiye uğradı. | 2002 Türkiye genel seçimleri#16: Mart 1996'da Anavatan Partisi ile Doğru Yol Partisi arasında kurulan koalisyon hükûmeti, Refah Partisi lideri Necmettin Erbakan 'ın Tansu Çiller 'i yolsuzlukla suçlaması nedeniyle büyük zarar gördü ve sadece 90 gün sürdü. | 2002 Türkiye genel seçimleri#49: Milliyetçi Hareket Partisi lideri Devlet Bahçeli aday olduğu Osmaniye 'den %29,19 (58.622), ANAP lideri Mesut Yılmaz aday olduğu Rize 'den %28,58 (46.577), Genç Parti lideri Cem Uzan aday olduğu Sakarya 'dan %25,21 (108.822) ve Doğru Yol Partisi lideri Tansu Çiller aday olduğu Muğla 'dan %22,66 (87.454) oy almalarına rağmen partileri baraja takıldığından milletvekili seçilemediler."
İstanbul Boğazı,https://tr.wikipedia.org/wiki/%C4%B0stanbul_Bo%C4%9Faz%C4%B1,3,"Türkiye#3: Güneyini Kıbrıs ve Akdeniz , batısını Ege Denizi , kuzeyini ise Karadeniz çevreler. | Türkiye#206: Kalan %3'lük kısım ise Avrupa kıtasında kalır ve Doğu Trakya diye adlandırılır. | Türkiye#290: 15 Temmuz Şehitler Köprüsü (1973), Fatih Sultan Mehmet Köprüsü (1988) ve Yavuz Sultan Selim Köprüsü (2016), İstanbul Boğazı 'nın Avrupa ve Asya kıyılarını birbirine bağlayan üç asma köprüdür."
ekonomik,https://tr.wikipedia.org/wiki/Ekonomi,3,"Türkiye#125: Ayrıca ülke coğrafi , demografik ve ekonomik koşullar göz önüne alınarak idari anlam taşımayan 7 bölge ve 21 alt bölgeye ayrılmıştır. | Maliye#2: Kamu maliyesi, devletin gelirlerinin ve harcamalarının ekonomik faaliyetler üzerindeki etkilerini incelemektedir. | Cumhuriyet Halk Partisi#26: Türkiye, Serbest Cumhuriyet Fırkası 'nın kurulduğu dönem dışında 1946 yılına kadar tek partili rejimde yönetildi."
Çepniler,https://tr.wikipedia.org/wiki/%C3%87epniler,3,"Trabzon#26: Osmanlı yönetimine geçmesiyle şehirde yaşayanların bir kısmı İstanbul, Edirne ve diğer şehirlere gönderilirken, Trabzon'a da Çepniler ve diğer Türkmen toplulukları yerleştirilmiştir. | Trabzon#59: Trabzon'da çeşitli Türk boyları yaşamaktadır. | Trabzon#67: Şalpazarı , Ağasar vadisindeki Çepniler yöreye 13.-14. yüzyıllar arasında yerleştiler."
Numan Kurtulmuş,https://tr.wikipedia.org/wiki/Numan_Kurtulmu%C5%9F,3,"Türkiye#158: 12. Cumhurbaşkanı Recep Tayyip Erdoğan şu anda devlet ve hükûmet başkanı olarak görev yapıyor. | TürkiyeCard#10: Numan Kurtulmuş | Haziran 2015 Türkiye genel seçimleri#53: AK Parti görüşme heyetinde Başbakan Yardımcısı Numan Kurtulmuş , Kültür ve Turizm Bakanı Ömer Çelik , Kalkınma Bakanı Cevdet Yılmaz ve AK Parti İstanbul Milletvekili Ayşe Nur Bahçekapılı 'nın görüşmede olacakları açıklandı."
Üniter | üniter,https://tr.wikipedia.org/wiki/%C3%9Cniter_devlet,3,"TürkiyeCard#7: Üniter cumhurbaşkanlığı sistemli anayasal cumhuriyet | Türkiye#16: Türkiye gelişmekte olan bir ülkedir ve cumhurbaşkanlığı sistemiyle yönetilen demokratik , laik ve üniter bir anayasal cumhuriyettir . | Türkiye#117: Türkiye, idari açıdan üniter bir yapıya sahiptir ve bu durum Türk kamu yönetimine şekil veren en önemli etkenlerdendir."
TRS | TSİ,https://tr.wikipedia.org/wiki/T%C3%BCrkiye_Saati,3,TrabzonCard#4: TRS (+03.00) | TürkiyeCard#30: UTC+3 ( TSİ ) | AraklıCard#10: UTC+03.00 ( TSİ )
muhafazakar | muhafazakâr | muhafazakârlık,https://tr.wikipedia.org/wiki/Muhafazak%C3%A2rl%C4%B1k,3,"Cumhuriyet Halk Partisi#6: Şu anda 138 milletvekili ile iktidardaki muhafazakâr Adalet ve Kalkınma Partisi 'nin (AK Parti) ardından Türkiye Büyük Millet Meclisi 'ndeki en büyük ikinci partidir. | Türkiye#155: Sağ partiler muhafazakârlık , milliyetçilik , liberalizm veya İslamcılık gibi siyasi ideolojilerin ilkelerini benimseme eğilimindedir. | Cumhuriyet Halk Partisi#90: Kılıçdaroğlu CHP'yi geleneksel sosyal demokrat imajına geri döndürdü ve partinin laik - muhafazakar karakterini bir kenara bıraktı."
Konya,https://tr.wikipedia.org/wiki/Konya,3,"Türkiye#7: Kısa sürede Anadolu'daki diğer Türk beyliklerinin üzerinde hâkimiyet kuran Konya merkezli Anadolu Selçuklu Sultanlığı , 1243 yılındaki Moğollara karşı kaybedilen Kösedağ Muharebesi 'ne kadar Anadolu'yu yönetti. | Türkiye#65: Başkenti İznik olan Anadolu Selçuklular, Birinci Haçlı Seferi sırasında İznik 'in Bizans'ın eline geçmesiyle Sultan I. | Gazi Üniversitesi#8: Kurulacak bu enstitünün temel amacı yeni Türkiye'nin öğretmen ihtiyacını karşılamaktır."
Selçuklular | Selçuklulara,https://tr.wikipedia.org/wiki/Sel%C3%A7uklu_Hanedan%C4%B1,3,"Türkiye#60: Oğuz Türkleri , Müslüman olduktan sonra İslam dünyası çevrelerine daha yakın yerlerde ikamet ettiler ve 9. yüzyılda Hazar Denizi ile Aral Gölü 'nün kuzeyine yerleşmeye başladılar. | Türkiye#61: 11. yüzyılın ikinci yarısında Selçuklular , Anadolu'nun doğu bölgelerine yerleşmeye ve akınlar yapmaya başladılar. | Türkiye#6: Daha sonra, sırasıyla Roma İmparatorluğu ve Anadolu 'nun Hristiyanlaştığı Bizans dönemleri yaşandı."
SHP | Sosyaldemokrat Halkçı Parti,https://tr.wikipedia.org/wiki/Sosyaldemokrat_Halk%C3%A7%C4%B1_Parti,3,"Cumhuriyet Halk Partisi#73: 1991'den 1996'ya kadar SHP ve ardından CHP, DYP ile koalisyon hükûmet lerinde yer aldı. | Türkiye#156: Yelpazenin sol tarafında Cumhuriyet Halk Partisi (CHP), Sosyaldemokrat Halkçı Parti (SHP) ve Demokratik Sol Parti (DSP) yerel ve genel seçimlerde büyük başarılar elde ettiler. | Cumhuriyet Halk Partisi#70: 1981 yılında Cumhuriyet Halk Partisi diğer tüm siyasi partilerle beraber kapatıldı."
973 ilçe | ilçe belediye başkanları | ilçelere,https://tr.wikipedia.org/wiki/T%C3%BCrkiye%27nin_il%C3%A7eleri,3,"Türkiye#132: Her il, toplam 973 ilçe olmak üzere ilçelere ayrılmıştır. | Türkiye#124: Bu iller ilçelere ayrılmıştır, toplamda 973 ilçe mevcuttur. | Türkiye#143: Türkiye'de seçimler altı yönetim kademesi için yapılır: meclis seçimleri (ulusal), cumhurbaşkanlığı seçimleri (ulusal), büyükşehir belediye başkanları (yerel), ilçe belediye başkanları (yerel), il veya belediye meclisi üyeleri (yerel) ve muhtarlar (yerel)."
Muharrem İnce,https://tr.wikipedia.org/wiki/Muharrem_%C4%B0nce,3,"Cumhuriyet Halk Partisi 36. Olağan Kurultayı#6: Genel başkanlığa adaylığını açıklayan beş kişi arasından sadece Kemal Kılıçdaroğlu ve Muharrem İnce , delege üyelerinden resmî olarak adaylık için gereken 127 imzayı topladılar. | Cumhuriyet Halk Partisi 36. Olağan Kurultayı#9: Ankara Arena'daki izleyiciler, kurultayın ilk gününde gerçekleşen genel başkanlık yarışında genel başkan adayı Muharrem İnce için çok heyecanlıydı. | Cumhuriyet Halk Partisi#100: CHP'nin oy oranının %22 olmasına rağmen, Millet İttifakı toplamda %33 oy aldı."
25. dönem TBMM | 550 | Türkiye Büyük Millet Meclisi 25. Dönemi,https://tr.wikipedia.org/wiki/TBMM_25._d%C3%B6nem_milletvekilleri_listesi,3,"Haziran 2015 Türkiye genel seçimleri#3: Haziran 2015 Türkiye genel seçimleri , 7 Haziran 2015 tarihinde Türkiye Büyük Millet Meclisi 25. Dönemi 'nin 550 yeni üyesini belirlemek için yapılan genel seçimlerdir. | Kasım 2015 Türkiye genel seçimleri#31: Aşağıdaki tabloda, Haziran 2015 seçimlerinde seçilen 25. dönem TBMM 'nin milletvekili dağılımı, seçimlerin hemen öncesindeki 25. dönem TBMM 'nin milletvekili dağılımı ve yeni seçilen 26. dönem TBMM 'nin milletvekili dağılımı verilmiştir. | Haziran 2015 Türkiye genel seçimleri#51: Aşağıdaki tabloda, 2011 seçimlerinde seçilen 24. dönem TBMM 'nin milletvekili dağılımı, seçimlerin hemen öncesindeki 24. dönem TBMM 'nin milletvekili dağılımı ve yeni seçilen 25. dönem TBMM 'nin milletvekili dağılımı verilmiştir."
Emek Partisi,https://tr.wikipedia.org/wiki/Emek_Partisi,3,"Kasım 2015 Türkiye genel seçimleri#17: Yüksek Seçim Kurulu , 28 Ağustos 2015 tarihinde yapılan açıklama ile Kasım 2015 Türkiye genel seçimleri'ne katılma yeterliliğini taşıyan 29 partinin katılabileceğini bildirmiştir. | Haziran 2015 Türkiye genel seçimleri#43: Seçime girme hakkı olan Özgürlük ve Dayanışma Partisi seçimlere girmeyip ""ilerici güçleri"" destekleyeceğinden, Emek Partisi Halkların Demokratik Partisi ile ittifak kararı aldığından, Büyük Birlik Partisi ile Saadet Partisi ile ittifak yaptığından , Demokratik Gelişim Partisi genel başkan istifasından dolayı seçime girmeyeceklerinden aday listesi sunmadılar. | 2002 Türkiye genel seçimleri#41: Demokrat Türkiye Partisi ve Aydınlık Türkiye Partisi , Doğru Yol Partisi listelerinden, Halkın Demokrasi Partisi , Emek Partisi ve Sosyalist Demokrasi Partisi de Demokratik Halk Partisi listelerinden seçime girdiler."
Eski Taş Çağı | Yontma Taş (Alt Paleolitik dönem) | Yontma Taş Devri,https://tr.wikipedia.org/wiki/Eski_Ta%C5%9F_%C3%87a%C4%9F%C4%B1,3,"Türkiye#5: Türkiye toprakları üzerinde bulunan ilk yerleşmeler Yontma Taş Devri 'nde başlar. | Türkiye#30: Ülkenin güney ile güneydoğu kısımları başta olmak üzere Anadolu'daki bilinen ilk yerleşimler, Eski Taş Çağı 'na tarihlenir. | Trabzon#7: Bölgede çeşitli dönemlerde yapılan arkeolojik kazı ve yüzey taramalarında Yontma Taş (Alt Paleolitik dönem) Çağı'na ait Acheulien ve Mousterien tipi (el baltaları, kazıyıcılar, yonga aletler), Orta Taş Çağı (Mezolitik) 'e ait mağaralar Kalkolitik Çağ 'a ait yerleşim izlerine rastlanmıştır."
2011 Türkiye genel seçimleri için yapılan anketler | Anketlere | son anketlerde,https://tr.wikipedia.org/wiki/2011_T%C3%BCrkiye_genel_se%C3%A7imleri_i%C3%A7in_yap%C4%B1lan_anketler,3,"2011 Türkiye genel seçimleri#61: Yapılan son anketlerde (Mart-Nisan 2011) AK Parti %48,2 ile %51,2, CHP %24,4 ile %28,8, MHP %10,7 ile %15,0 ve BDP %4,3 ile %6,6 arasında değişen oy almaktadır. | 2011 Türkiye genel seçimleri#59: Anketlere genel olarak bakıldığında, seçim yaklaştıkça vatandaşların baraj altında kalan partilerden büyük partilere doğru yöneldiği ortaya çıkmaktadır. | 2011 Türkiye genel seçimleri#58: Bu anketlerden bazılarının sonuçları 2011 Türkiye genel seçimleri için yapılan anketler sayfasında toplanmıştır."
Osmanlı İmparatorluğu'nun Tanzimat döneminde | Tanzimat,https://tr.wikipedia.org/wiki/Tanzimat,3,"Türkiye#359: Ülkedeki Batılılaşma hareketi ise Osmanlı İmparatorluğu'nun Tanzimat döneminde başladı ve bugüne kadar sürmeye devam etti. | Türkiye#12: 19. yüzyıla gelindiğinde imparatorluk, Tanzimat adı verilen ciddi bir modernleşme sürecine girdi. | Türkiye#368: Osmanlı döneminde Türk edebiyatı, İran ve Arap edebiyatlarının fazlasıyla etkisi altında kaldı."
"Hak ve Özgürlükler Partisi | Vatan Partisi U:(https://tr.wikipedia.org/wiki/Vatan_Partisi_(2015))___ 85, ___E:Hak ve Özgürlükler Partisi | Yüksek Seçim Kurulu U:(https://tr.wikipedia.org/wiki/Y%C3%BCksek_Se%C3%A7im_Kurulu_(T%C3%BCrkiye))___ 'na bildirdiler. ___E:Hak ve Özgürlükler Partisi",https://tr.wikipedia.org/wiki/Hak_ve_%C3%96zg%C3%BCrl%C3%BCkler_Partisi,3,"Haziran 2015 Türkiye genel seçimleri#45: 15 Nisan'da açıklanan geçici aday listelerine göre Adalet ve Kalkınma Partisi , Anadolu Partisi , Bağımsız Türkiye Partisi , Cumhuriyet Halk Partisi , Demokrat Parti , Demokratik Sol Parti , Halkın Kurtuluş Partisi , Halkların Demokratik Partisi , Komünist Parti , Milliyetçi Hareket Partisi , Millet Partisi , Saadet Partisi ve Vatan Partisi 85, Hak ve Özgürlükler Partisi 75, Merkez Parti 73, Liberal Demokrat Parti 58, Doğru Yol Partisi ve Yurt Partisi 56, Toplumsal Uzlaşma Reform ve Kalkınma Partisi 55, Hak ve Adalet Partisi 43 seçim çevresinde aday göstererek seçime girdi. | 2011 Türkiye genel seçimleri#14: Liste vermeyen partiler: Alternatif Parti , Bağımsız Türkiye Partisi , Eşitlik ve Demokrasi Partisi , Genç Parti , Halkın Yükselişi Partisi , Türkiye Partisi . | 2011 Türkiye genel seçimleri#22: Öte yandan, bazı partiler seçimlere katılmama kararı aldı."
Türkiye Partisi,https://tr.wikipedia.org/wiki/T%C3%BCrkiye_Partisi,3,"2011 Türkiye genel seçimleri#14: Liste vermeyen partiler: Alternatif Parti , Bağımsız Türkiye Partisi , Eşitlik ve Demokrasi Partisi , Genç Parti , Halkın Yükselişi Partisi , Türkiye Partisi . | 2011 Türkiye genel seçimleri#22: Öte yandan, bazı partiler seçimlere katılmama kararı aldı. | 2011 Türkiye genel seçimleri#55: CHP'nin aday listesinde daha önce Anavatan Partisi , Doğru Yol Partisi ve Türkiye Partisi gibi merkez sağ partilerde yer almış 11 siyasetçi de yer aldı."
halifelik kaldırıldı | hilafetin kaldırılıp | hilâfet,https://tr.wikipedia.org/wiki/Hil%C3%A2fetin_kald%C4%B1r%C4%B1lmas%C4%B1,3,"Türkiye#15: Cumhuriyet, ülkenin ilk cumhurbaşkanı Mustafa Kemal Atatürk tarafından 29 Ekim 1923'te ilan edildi . | Cumhuriyet Halk Partisi#20: İkinci dönem için görev yapan mecliste Lozan Antlaşması kabul edildi, cumhuriyet ilan edildi ve halifelik kaldırıldı . | Türkiye#107: Bu devrimlerin bir parçası olarak saltanat ve ardından hilâfet kaldırıldı, kadınlara seçme ve seçilme hakkı tanındı , Latin alfabesi kullanılmaya başlandı ve diğer birçok değişiklik yapıldı."
21 Ekim 2007 tarihli referandum | halk oylamasında,https://tr.wikipedia.org/wiki/2007_T%C3%BCrkiye_anayasa_de%C4%9Fi%C5%9Fikli%C4%9Fi_referandumu,3,"2011 Türkiye genel seçimleri#2: 21 Ekim 2007 tarihli referandum ile birlikte yürürlüğe giren anayasa değişiklikleri uyarınca genel seçim süresi 5 yıldan 4 yıla indirildi. | 2007 Türkiye genel seçimleri#12: Anayasa değişiklikleri, 21 Ekim 2007 tarihinde yapılan halk oylamasında , %68,95'lik kabul oyuyla yürürlüğe girdi. | Cumhuriyet Halk Partisi#86: Anayasa değişiklikleri, 21 Ekim 2007 tarihinde yapılan halk oylamasında , %68,95'lik kabul oyuyla yürürlüğe girdi."
1997 | 28 Şubat Süreci,https://tr.wikipedia.org/wiki/28_%C5%9Eubat_S%C3%BCreci,3,"Türkiye#115: Ardından gelen çok partili demokrasi dönemi 1960 ve 1980 askerî darbeleri ve 1971 ve 1997 muhtıraları ile kesintiye uğradı. | 2002 Türkiye genel seçimleri#16: Mart 1996'da Anavatan Partisi ile Doğru Yol Partisi arasında kurulan koalisyon hükûmeti, Refah Partisi lideri Necmettin Erbakan 'ın Tansu Çiller 'i yolsuzlukla suçlaması nedeniyle büyük zarar gördü ve sadece 90 gün sürdü. | Cumhuriyet Halk Partisi#73: 1991'den 1996'ya kadar SHP ve ardından CHP, DYP ile koalisyon hükûmet lerinde yer aldı."
Sivas Kongresi,https://tr.wikipedia.org/wiki/Sivas_Kongresi,3,"Trabzon#47: Görüş ayrılıkları derinleşince Heyet-i Temsiliye'nin Trabzonlu üyeleri Sivas Kongresi 'ne katılmamışlardı. | Cumhuriyet Halk Partisi#9: Mustafa Kemal Atatürk'ün liderliğinde bu gruplar, Anadolu ve Rumeli Müdâfaa-i Hukuk Cemiyeti adıyla 1919'daki Sivas Kongresi 'nde birleşti. | Cumhuriyet Halk Partisi#15: 4-11 Eylül 1919 tarihleri arasında toplanan Sivas Kongresi 'nde, Türkiye 'nin çeşitli bölgelerinde kurulan müdâfaa-i hukuk cemiyetleri , Anadolu ve Rumeli Müdâfaa-i Hukuk Cemiyeti (ARMHC) adı altında birleştirilmiştir."
Halkın Yükselişi Partisi,https://tr.wikipedia.org/wiki/Halk%C4%B1n_Y%C3%BCkseli%C5%9Fi_Partisi,3,"2011 Türkiye genel seçimleri#14: Liste vermeyen partiler: Alternatif Parti , Bağımsız Türkiye Partisi , Eşitlik ve Demokrasi Partisi , Genç Parti , Halkın Yükselişi Partisi , Türkiye Partisi . | 2011 Türkiye genel seçimleri#22: Öte yandan, bazı partiler seçimlere katılmama kararı aldı. | Haziran 2015 Türkiye genel seçimleri#44: Bunun dışında Halkın Yükselişi Partisi , Muhafazakâr Yükseliş Partisi , Genç Parti ve Türkiye Komünist Partisi de milletvekili aday listelerini YSK'ya getirmediler."
Ankara Üniversitesi | Ankara Üniversitesine,https://tr.wikipedia.org/wiki/Ankara_%C3%9Cniversitesi,3,"Ankara Üniversitesi Siyasal Bilgiler Fakültesi#1: Ankara Üniversitesi Siyasal Bilgiler Fakültesi ( Mekteb-i Mülkiye-i Fünun-u Şahane , Mekteb-i Mülkiye veya kısaca Mülkiye ), Ankara Üniversitesi Cebeci Yerleşkesi'nde eğitim ve öğretim veren, Ankara Üniversitesine bağlı bir fakültedir. | Ankara Üniversitesi Siyasal Bilgiler Fakültesi#58: Okulun adı 4 Aralık 1938’de “ Siyasal Bilgiler Okulu ” olarak değişti. | Ankara Üniversitesi Siyasal Bilgiler FakültesiCard#5: Ankara Üniversitesi"
E-muhtıra,https://tr.wikipedia.org/wiki/E-muht%C4%B1ra,3,2007 Türkiye genel seçimleri#9: CHP'nin seçimi boykot etmesiyle beraber 367 Krizi çıktı. | 2007 Türkiye genel seçimleri#16: Aynı günün gece saatlerinde Genelkurmay Başkanlığının internet sitesinde laiklik uyarısı içeren bir mesaj yayınlandı ( E-muhtıra ). | Cumhuriyet Halk Partisi#83: CHP'nin seçimi boykot etmesiyle beraber 367 Krizi çıktı.
28 Ağustos 2007 tarihinde | seçimin,https://tr.wikipedia.org/wiki/2007_T%C3%BCrkiye_cumhurba%C5%9Fkanl%C4%B1%C4%9F%C4%B1_se%C3%A7imi,3,"2007 Türkiye genel seçimleri#12: Anayasa değişiklikleri, 21 Ekim 2007 tarihinde yapılan halk oylamasında , %68,95'lik kabul oyuyla yürürlüğe girdi. | Cumhuriyet Halk Partisi#86: Anayasa değişiklikleri, 21 Ekim 2007 tarihinde yapılan halk oylamasında , %68,95'lik kabul oyuyla yürürlüğe girdi. | 2007 Türkiye genel seçimleri#14: 16 Mayıs 2007 tarihinde görev süresi dolacak olan Cumhurbaşkanı Ahmet Necdet Sezer'in halefini belirlemek için yapılan seçimin ilk turu 27 Nisan 2007'de TBMM'de yapıldı."
1991 Körfez Krizi | Birinci Körfez Savaşı | Körfez Savaşı,https://tr.wikipedia.org/wiki/K%C3%B6rfez_Sava%C5%9F%C4%B1,3,"Türkiye#188: Türkiye, 1950'den bu yana Birleşmiş Milletler ve NATO bünyesi dâhilinde uluslararası alanda çeşitli güçlerin korunmasına yardımcı olmuştur. | 2002 Türkiye genel seçimleri#18: Türkiye, 1994 yılında en derin ekonomik krizlerinden birini yaşadı. | Türkiye#329: 1991'deki Körfez Savaşı sırasında milyonlarca Kürt dağlardan Türkiye'ye ve İran'ın Kürt bölgelerine kaçtı."
Selin Sayek Böke,https://tr.wikipedia.org/wiki/Selin_Sayek_B%C3%B6ke,3,"Haziran 2015 Türkiye genel seçimleri#54: CHP görüşme heyetinde CHP Genel Başkan Yardımcıları Haluk Koç , Selin Sayek Böke ve Faik Öztrak ile İstanbul Milletvekili Akif Hamzaçebi görüşmede olacakları açıklandı. | Cumhuriyet Halk Partisi#7: Partinin genel başkanı Özgür Özel , genel sekreteri Selin Sayek Böke 'dir. | Cumhuriyet Halk PartisiCard#3: Selin Sayek Böke"
Ömer Çelik,https://tr.wikipedia.org/wiki/%C3%96mer_%C3%87elik,3,"Haziran 2015 Türkiye genel seçimleri#53: AK Parti görüşme heyetinde Başbakan Yardımcısı Numan Kurtulmuş , Kültür ve Turizm Bakanı Ömer Çelik , Kalkınma Bakanı Cevdet Yılmaz ve AK Parti İstanbul Milletvekili Ayşe Nur Bahçekapılı 'nın görüşmede olacakları açıklandı. | Haziran 2015 Türkiye genel seçimleri#55: AK Parti'de Ömer Çelik , CHP'de ise Haluk Koç koordinasyonu sağlama kararı aldı. | Haziran 2015 Türkiye genel seçimleri#59: Barış, Demokrasi ve Adalet kapsamında görüşüldü."
Haluk Koç,https://tr.wikipedia.org/wiki/Haluk_Ko%C3%A7,3,"Haziran 2015 Türkiye genel seçimleri#54: CHP görüşme heyetinde CHP Genel Başkan Yardımcıları Haluk Koç , Selin Sayek Böke ve Faik Öztrak ile İstanbul Milletvekili Akif Hamzaçebi görüşmede olacakları açıklandı. | Haziran 2015 Türkiye genel seçimleri#55: AK Parti'de Ömer Çelik , CHP'de ise Haluk Koç koordinasyonu sağlama kararı aldı. | Haziran 2015 Türkiye genel seçimleri#59: Barış, Demokrasi ve Adalet kapsamında görüşüldü."
İsmet İnönü,https://tr.wikipedia.org/wiki/%C4%B0smet_%C4%B0n%C3%B6n%C3%BC,3,"Cumhuriyet Halk Partisi#10: II. | Cumhuriyet Halk Partisi#37: Atatürk'ün ölümünden bir gün sonra, İsmet İnönü ikinci cumhurbaşkanı seçildi ve Cumhuriyet Halk Partisi'nin liderliğini üstlendi. | Cumhuriyet Halk Partisi#70: 1981 yılında Cumhuriyet Halk Partisi diğer tüm siyasi partilerle beraber kapatıldı."
1999 genel seçimlerinde | 1999 genel seçimlerinden | 1999 seçimlerinde,https://tr.wikipedia.org/wiki/1999_T%C3%BCrkiye_genel_se%C3%A7imleri,3,"2002 Türkiye genel seçimleri#48: 1999 genel seçimlerinden sonra kurulup 2002 seçimlerine kadar ülkeyi yöneten koalisyon hükûmetinin ortaklarından Demokratik Sol Parti, Milliyetçi Hareket Partisi ve Anavatan Partisi 'nin yanı sıra muhalefetteki Doğru Yol Partisi , Saadet Partisi ve Yeni Türkiye Partisi barajı aşamayarak TBMM dışında kaldı. | Cumhuriyet Halk Partisi#74: Kasım 1998'de Türkbank skandalı sırasında Mesut Yılmaz tartışmaya açılınca CHP hükûmete gensoru verdi ve koalisyonu düşürdü. | Haziran 2015 Türkiye genel seçimleri#64: Milletvekili seçilen 21 başörtülü milletvekili ilk kez Meclis kürsüsünde yemin etti."
Mesut Yılmaz,https://tr.wikipedia.org/wiki/Mesut_Y%C4%B1lmaz,3,"2002 Türkiye genel seçimleri#49: Milliyetçi Hareket Partisi lideri Devlet Bahçeli aday olduğu Osmaniye 'den %29,19 (58.622), ANAP lideri Mesut Yılmaz aday olduğu Rize 'den %28,58 (46.577), Genç Parti lideri Cem Uzan aday olduğu Sakarya 'dan %25,21 (108.822) ve Doğru Yol Partisi lideri Tansu Çiller aday olduğu Muğla 'dan %22,66 (87.454) oy almalarına rağmen partileri baraja takıldığından milletvekili seçilemediler. | Cumhuriyet Halk Partisi#73: 1991'den 1996'ya kadar SHP ve ardından CHP, DYP ile koalisyon hükûmet lerinde yer aldı. | Cumhuriyet Halk Partisi#74: Kasım 1998'de Türkbank skandalı sırasında Mesut Yılmaz tartışmaya açılınca CHP hükûmete gensoru verdi ve koalisyonu düşürdü."
Necmettin Erbakan,https://tr.wikipedia.org/wiki/Necmettin_Erbakan,3,"2002 Türkiye genel seçimleri#16: Mart 1996'da Anavatan Partisi ile Doğru Yol Partisi arasında kurulan koalisyon hükûmeti, Refah Partisi lideri Necmettin Erbakan 'ın Tansu Çiller 'i yolsuzlukla suçlaması nedeniyle büyük zarar gördü ve sadece 90 gün sürdü. | 2002 Türkiye genel seçimleri#42: Erdoğan ile birlikte kapatılan Refah Partisi (RP) Genel Başkanı Necmettin Erbakan , Sosyalist Demokrasi Partisi (SDP) Lideri Akın Birdal ve Halkın Demokrasi Partisi (HADEP) eski Genel Başkanı Murat Bozlak 'ın da aralarında bulunduğu 60 kişinin adaylığı YSK tarafından reddedildi. | Cumhuriyet Halk Partisi#73: 1991'den 1996'ya kadar SHP ve ardından CHP, DYP ile koalisyon hükûmet lerinde yer aldı."
Sosyalist Enternasyonal,https://tr.wikipedia.org/wiki/Sosyalist_Enternasyonal,3,"Cumhuriyet Halk Partisi#14: Parti, İlerici İttifak ve Sosyalist Enternasyonal 'in tam üyesidir ve Avrupa Sosyalistler Partisi 'nin ilişkili üyesidir. | Cumhuriyet Halk Partisi#127: Parti, Sosyalist Enternasyonal ve İlerici İttifak içinde önemli bir konuma sahiptir ve Avrupa Sosyalistler Partisi'nin ilişkili üyesidir. | Cumhuriyet Halk PartisiCard#22: Sosyalist Enternasyonal İlerici İttifak Tarihsel: Radikal Enternasyonal (ilişkili)"
Anadolu ve Rumeli Müdâfaa-i Hukuk Cemiyeti,https://tr.wikipedia.org/wiki/Anadolu_ve_Rumeli_M%C3%BCd%C3%A2faa-i_Hukuk_Cemiyeti,3,"Cumhuriyet Halk Partisi#9: Mustafa Kemal Atatürk'ün liderliğinde bu gruplar, Anadolu ve Rumeli Müdâfaa-i Hukuk Cemiyeti adıyla 1919'daki Sivas Kongresi 'nde birleşti. | Cumhuriyet Halk Partisi#15: 4-11 Eylül 1919 tarihleri arasında toplanan Sivas Kongresi 'nde, Türkiye 'nin çeşitli bölgelerinde kurulan müdâfaa-i hukuk cemiyetleri , Anadolu ve Rumeli Müdâfaa-i Hukuk Cemiyeti (ARMHC) adı altında birleştirilmiştir. | Cumhuriyet Halk PartisiCard#10: Anadolu ve Rumeli Müdâfaa-i Hukuk Cemiyeti"
Avrupa Sosyalistler Partisi | Avrupa Sosyalistler Partisi'nin,https://tr.wikipedia.org/wiki/Avrupa_Sosyalistler_Partisi,3,"Cumhuriyet Halk Partisi#14: Parti, İlerici İttifak ve Sosyalist Enternasyonal 'in tam üyesidir ve Avrupa Sosyalistler Partisi 'nin ilişkili üyesidir. | Cumhuriyet Halk PartisiCard#21: Avrupa Sosyalistler Partisi (ilişkili) | Cumhuriyet Halk Partisi#127: Parti, Sosyalist Enternasyonal ve İlerici İttifak içinde önemli bir konuma sahiptir ve Avrupa Sosyalistler Partisi'nin ilişkili üyesidir."
G-20 | G-20 büyük ekonomileri | G20,https://tr.wikipedia.org/wiki/G20,3,"Türkiye#17: Resmî dili Türkçedir ve nüfusunun çoğunluğu Sünni Müslüman 'dır. | Türkiye#174: Ülke, Birleşmiş Milletler (1945), OECD (1961), İslam İşbirliği Teşkilatı (1969), AGİT (1973), EİT (1985), KEİ (1992), D-8 (1997), G-20 (1999) ve Türk Devletleri Teşkilatı (2009) gibi uluslararası örgütlerin kurucu üyelerinden birisidir. | Türkiye#247: Türkiye, 2023 yılında GSYİH (SAGP) sıralamasında 11. sırada ve GSYİH (nominal) sıralamasında 20. sırada yer almaktadır."
Rusya,https://tr.wikipedia.org/wiki/Rusya,3,"Türkiye#202: Freemuse ise dokuz müzisyenin çalışmaları yüzünden hapse atıldığını belirleyerek müzisyenlerin hapsedilmesi bakımından ise ülkenin Rusya ve Çin 'den sonra üçüncü sırada olduğunu açıkladı. | Türkiye#252: Bu ülkeyi sırasıyla Almanya, Rusya ve Amerika Birleşik Devletleri takip etti. | Türkiye#292: Birçok doğal gaz boru hattı ülke topraklarını kapsıyor."
81 ile | il | illerdir,https://tr.wikipedia.org/wiki/T%C3%BCrkiye%27nin_illeri,3,"Türkiye#143: Türkiye'de seçimler altı yönetim kademesi için yapılır: meclis seçimleri (ulusal), cumhurbaşkanlığı seçimleri (ulusal), büyükşehir belediye başkanları (yerel), ilçe belediye başkanları (yerel), il veya belediye meclisi üyeleri (yerel) ve muhtarlar (yerel). | Türkiye#123: Türkiye'nin başkenti Ankara 'dır. | Türkiye#131: Türkiye idari amaçlarla 81 ile bölünmüştür."
Balyoz | Balyoz davası | Ergenekon U:(https://tr.wikipedia.org/wiki/Ergenekon_(%C3%B6rg%C3%BCt))___ ve ___E:Balyoz,https://tr.wikipedia.org/wiki/Balyoz_darbe_plan%C4%B1_iddias%C4%B1,3,"Türkiye#201: Ülkede çok sayıda gazeteci önceleri Ergenekon ve Balyoz davaları gibi çeşitli davalar kapsamında, daha sonraları 2016 yılındaki darbe girişimi takip eden tasfiyeler çerçevesinde ""terörizm"" ve ""devlet karşıtı faaliyetler"" ile suçlanarak tutuklandı. | 2011 Türkiye genel seçimleri#23: Tutuklu sanık milletvekili adayları da seçim sürecinde önemli bir gündem maddesi oldu. | 2011 Türkiye genel seçimleri#28: Balyoz davası tutuklu sanığı Engin Alan , MHP'nin İstanbul 1. Bölge 1. sıra adayı oldu."
Orta Asya,https://tr.wikipedia.org/wiki/Orta_Asya,3,"Türkiye#60: Oğuz Türkleri , Müslüman olduktan sonra İslam dünyası çevrelerine daha yakın yerlerde ikamet ettiler ve 9. yüzyılda Hazar Denizi ile Aral Gölü 'nün kuzeyine yerleşmeye başladılar. | Türkiye#183: Türkiye, Ön ve Orta Asya 'da bulunan bu cumhuriyetler ile ikili ilişkilerini, aralarında bulunan derin kültürel ve dilsel bağ sebebiyle ilerletme çabası içine girdi. | Türkiye#358: Ülke coğrafyasındaki kültürel kaynaşma, Orta Asya 'dan Anadolu'ya doğru gerçekleşen Türk göçleri sırasında Türklerin göç yolları üzerindeki kültürlerle kendi kültürlerini birleştirmesi sonucunda başladı."
GSYİH,https://tr.wikipedia.org/wiki/Gayrisafi_yurt_i%C3%A7i_has%C4%B1la,3,"Türkiye#256: Türk ekonomisinin diğer önemli bölümlerini ise bankacılık , inşaat , ev aletleri , elektronik , tekstil , petrol arıtma , petrokimya ürünleri, gıda , madencilik , demir - çelik ve makine sanayi oluşturmaktadır. | Türkiye#278: Türkiye, 2023 yılında yaklaşık 1.154 trilyon Amerikan doları GSYİH ile dünyanın en büyük 17. ekonomisi, Avrupa 'nın ise en büyük 7. ekonomisi olmuştur. | TürkiyeCard#25: 18.200 $ ( GSYİH 2025) ( 63 .)"
Fransa | Fransız,https://tr.wikipedia.org/wiki/Fransa,3,"Türkiye#163: İdare Hukuku kuralları Fransa 'daki muadili ile benzerlikler taşır, Ceza Kanunu ise İtalya'dan alınmıştır. | Türkiye#249: Türkiye'nin 2014'te ihracatı, önceki yıla göre %4 artarak $157,6 milyar oldu. | Türkiye#376: Türk mutfağı , Çin ve Fransız mutfaklarıyla beraber dünyanın en zengin mutfaklarındandır."
Trabzon Krallığı | Trabzon İmparatorluğu,https://tr.wikipedia.org/wiki/Trabzon_%C4%B0mparatorlu%C4%9Fu,3,"Trabzon#21: I. | Trabzon#18: Daha sonra yeni kurulan Haldia Bölgesinin ana kenti oldu. | Araklı#4: Mevcut ismin kayıtlara geçmiş en eski formu 15. yüzyıla ait bir Trabzon İmparatorluğu belgesinde ""Herakleia"" şeklinde ve Sürmene bandonuna bağlı bir köyün adı olarak geçer."
Sünni | Sünnilik,https://tr.wikipedia.org/wiki/S%C3%BCnnilik,2,Türkiye#337: Yaygın mezhep ise Sünnilik mezheplerinden biri olan Hanefiliktir . | Türkiye#17: Resmî dili Türkçedir ve nüfusunun çoğunluğu Sünni Müslüman 'dır.
Avrasya,https://tr.wikipedia.org/wiki/Avrasya,2,"Türkiye#204: Türkiye, iki kıtada toprağı bulunan bir Avrasya ülkesidir. | Türkiye#229: Bu dağların doğu ucunda Kafkasya karışık ormanları yer alır."
yargı,https://tr.wikipedia.org/wiki/Yarg%C4%B1,2,"Türkiye#118: Devletin temel işleyişindeki üç güç olan yasama , yürütme ve yargı dikkate alındığında, yerel yönetimlerin hemen hemen herhangi bir gücü yoktur. | Türkiye#133: Devlet, anayasa tarafından tanımlanan bir kuvvetler ayrılığı sistemi ile düzenlenmiştir ve yasama , yürütme ve yargı olmak üzere üç kola ayrılmaktadır:"
2018 | 2018 genel seçiminde,https://tr.wikipedia.org/wiki/2018_T%C3%BCrkiye_genel_se%C3%A7imleri,2,Akif HamzaçebiCard#3: 2002 – Trabzon 2007 – Trabzon 2011 – İstanbul (I) Haziran 2015 – İstanbul (I) Kasım 2015 – İstanbul (I) 2018 – İstanbul (I) | Cumhuriyet Halk Partisi#99: Kılıçdaroğlu İYİ Parti'nin seçimlere katılması için 15 milletvekili transfer ederek yeni partinin yükselişini kolaylaştırdı.
Samsun,https://tr.wikipedia.org/wiki/Samsun,2,"Trabzon#2: Günümüzde Karadeniz Bölgesi'nin Samsun 'dan sonra ikinci büyük kentidir. | Trabzon#111: Ulaşımda nakit para ve ""Trabzon Kart"" isimli akıllı kartla ödeme sistemi kullanılmaktadır."
Büyük Selçuklu Devleti | Selçuklu Türklerinin,https://tr.wikipedia.org/wiki/B%C3%BCy%C3%BCk_Sel%C3%A7uklu_%C4%B0mparatorlu%C4%9Fu,2,"Türkiye#6: Daha sonra, sırasıyla Roma İmparatorluğu ve Anadolu 'nun Hristiyanlaştığı Bizans dönemleri yaşandı. | Türkiye#60: Oğuz Türkleri , Müslüman olduktan sonra İslam dünyası çevrelerine daha yakın yerlerde ikamet ettiler ve 9. yüzyılda Hazar Denizi ile Aral Gölü 'nün kuzeyine yerleşmeye başladılar."
Çin,https://tr.wikipedia.org/wiki/%C3%87in,2,"Türkiye#202: Freemuse ise dokuz müzisyenin çalışmaları yüzünden hapse atıldığını belirleyerek müzisyenlerin hapsedilmesi bakımından ise ülkenin Rusya ve Çin 'den sonra üçüncü sırada olduğunu açıkladı. | Türkiye#251: Bu rakam, bir önceki yıl $99,8 milyar idi."
PKK,https://tr.wikipedia.org/wiki/PKK,2,"Türkiye#116: 1980'li yıllarda Türk ekonomisinin liberalleştirilmesinden bu yana ülke, ekonomik büyüme ve siyasi istikrar yakaladı. | 2011 Türkiye genel seçimleri#45: Erdoğan'ın 4 Mayıs'ta Kastamonu'da yaptığı mitingin ardından saldırganlar polis konvoyuna pusu kurarak bir kişinin ölümüne, bir kişinin de yaralanmasına neden oldu."
Komninos Hanedanı,https://tr.wikipedia.org/wiki/Komninos_Hanedan%C4%B1,2,"Trabzon#18: Daha sonra yeni kurulan Haldia Bölgesinin ana kenti oldu. | Trabzon#19: Komninos Hanedanı 'dan Aleksios Latin işgali nedeniyle Trabzon'a gelerek teyzesi Gürcü Kraliçesi Tamar 'ın desteğiyle kendini Roma İmparatoru ilan etmişse de Batı özellikle Vatikan , Trabzon İmparatorunu küçümseyerek ""Laz hükümdarı"" olarak tanımlamıştır."
Malazgirt Meydan Muharebesi,https://tr.wikipedia.org/wiki/Malazgirt_Meydan_Muharebesi,2,"Türkiye#6: Daha sonra, sırasıyla Roma İmparatorluğu ve Anadolu 'nun Hristiyanlaştığı Bizans dönemleri yaşandı. | Türkiye#61: 11. yüzyılın ikinci yarısında Selçuklular , Anadolu'nun doğu bölgelerine yerleşmeye ve akınlar yapmaya başladılar."
vatandaşlık | vatandaşı,https://tr.wikipedia.org/wiki/Vatanda%C5%9Fl%C4%B1k,2,"Türkiye#313: Bu nedenle, Türkiye'de hukukî anlamda Türk sözcüğü, bir etnik kökeni ifade etmekten ziyade ülkenin vatandaşı olan herkesi ifade etmektedir. | Türkiye#261: Program 400.000 $'lık bir gayrimenkul yatırımı karşılığında yabancı yatırımcılara vatandaşlık alma imkanı sunuyor."
Süleyman Demirel,https://tr.wikipedia.org/wiki/S%C3%BCleyman_Demirel,2,Türkiye#115: Ardından gelen çok partili demokrasi dönemi 1960 ve 1980 askerî darbeleri ve 1971 ve 1997 muhtıraları ile kesintiye uğradı. | Cumhuriyet Halk Partisi#68: Ecevit ve rakibi Süleyman Demirel siyasi istikrarsızlık döneminde sürekli ardı ardına hükûmetler kurdu.
Zazaca | Zazacayı,https://tr.wikipedia.org/wiki/Zazaca,2,"Türkiye#326: Nüfusun yaklaşık %12'si ise ana dil olarak Kürtçe konuşmaktadır. | Türkiye#328: Bunlara Abazaca , Abhazca , Batı Ermenicesi , Çerkesçe , Çingenece , Doğu Çerkesçesi , Hemşince , Hertevince , Kapadokya Yunancası , Lazca , Pontus Rumcası , Ubıhça , Yahudi İspanyolcası ve Zazaca örnek verilebilir."
Mithridatis,https://tr.wikipedia.org/wiki/VI._Mithridatis,2,"Trabzon#13: Pontus İmparatoru Mithridatis 'in Roma İmparatorluğu ile giriştiği bir dizi savaşı kaybetmesinin ardından Anadolu topraklarının yanı sıra Trabzon da Roma hakimiyetine girmiştir. | Trabzon#14: Pompeius 'a karşı mücadelesinde Mithridatis 'e destek vermeyen Trabzon, Roma döneminde ödüllendirilerek serbest şehir statüsü kazandırılmıştır."
Kupası | UEFA | UEFA Kupası,https://tr.wikipedia.org/wiki/UEFA_Avrupa_Ligi,2,"Türkiye#395: Türkiye, UEFA tarafından düzenlenen birçok önemli futbol organizasyonuna ev sahipliği yapmıştır. | Türkiye#394: Galatasaray Avrupa 'da kupa kazanan ilk ve tek Türk futbol takımıdır."
Türk Hava Kuvvetleri,https://tr.wikipedia.org/wiki/T%C3%BCrk_Hava_Kuvvetleri,2,"Türkiye#190: Türk Silahlı Kuvvetleri üç bölümden oluşur: Kara Kuvvetleri , Deniz Kuvvetleri ve Türk Hava Kuvvetleri . | Türkiye#195: 2011 NATO sayımlarına göre ülkenin tahminî 495.000 konuşlandırılabilir kuvveti bulunmaktadır."
Türk Devletleri Teşkilatı,https://tr.wikipedia.org/wiki/T%C3%BCrk_Devletleri_Te%C5%9Fkilat%C4%B1,2,"Türkiye#17: Resmî dili Türkçedir ve nüfusunun çoğunluğu Sünni Müslüman 'dır. | Türkiye#174: Ülke, Birleşmiş Milletler (1945), OECD (1961), İslam İşbirliği Teşkilatı (1969), AGİT (1973), EİT (1985), KEİ (1992), D-8 (1997), G-20 (1999) ve Türk Devletleri Teşkilatı (2009) gibi uluslararası örgütlerin kurucu üyelerinden birisidir."
TRT,https://tr.wikipedia.org/wiki/T%C3%BCrkiye_Radyo_Televizyon_Kurumu,2,"Türkiye#324: Hukukî anlamda azınlıkları tanımasa da devlet, resmî kanalı TRT 'ye, azınlıkların konuştuğu çeşitli dillerde radyo ve televizyon programları yapması konusunda izin vermektedir. | Türkiye#387: Devlet kanalı TRT ile Kanal D , Show TV , Atv ve Star TV gibi özel kanallar, izleyici tarafından en çok takip edilen kanallardır."
Safevî | Safevî Devleti,https://tr.wikipedia.org/wiki/Safev%C3%AEler,2,"Türkiye#78: Doğuda ise Safevî Devleti ile mezhep farklılıklarından ve toprak anlaşmazlıklarından kaynaklanan bazı çatışmalar, zaman zaman savaşa dönüşerek 16. ve 18. yüzyıl arasında devam etti. | Türkiye#72: 1514 yılında I."
Anadolu dilleri | Anadolu dillerini,https://tr.wikipedia.org/wiki/Anadolu_dilleri,2,Türkiye#55: Bu nedenle daha önceki yüzyıllarda var olan Anadolu dilleri ve kültürlerinin nesli tükenerek yerini Yunan dil ve kültürüne bıraktı. | Türkiye#35: Bu halkların çoğu Hint-Avrupa dil ailesinin bir kolu olarak kabul edilen Anadolu dillerini konuştular.
dağılmanın önüne geçemedi | dağılmasını,https://tr.wikipedia.org/wiki/Osmanl%C4%B1_%C4%B0mparatorlu%C4%9Fu_da%C4%9F%C4%B1lma_d%C3%B6nemi,2,"Türkiye#81: Bunun yanı sıra, ülkede toprak bütünlüğünü korumak için geliştirilen, farklı dinî ve etnik kökenlere sahip kişilerin bir arada yaşaması fikrini içeren Osmanlıcılık akımı da başarıya ulaşamayarak dağılmanın önüne geçemedi . | Türkiye#13: Ancak yapılan reformlar, imparatorluğun dağılmasını engelleyemedi."
Ege,https://tr.wikipedia.org/wiki/Ege_B%C3%B6lgesi,2,"Türkiye#218: Bunlar Akdeniz , Doğu Anadolu , Ege , Güneydoğu Anadolu , İç Anadolu , Karadeniz ve Marmara bölgeleridir. | Türkiye#375: Türk kültüründe halk oyunları önemli bir yer tutar."
2013 Gezi Parkı protestolarına | protestolar,https://tr.wikipedia.org/wiki/Gezi_Park%C4%B1_olaylar%C4%B1,2,"Cumhuriyet Halk Partisi#94: Kılıçdaroğlu döneminde CHP, 2013 Gezi Parkı protestolarına büyük bir destek verdi. | Türkiye#116: 1980'li yıllarda Türk ekonomisinin liberalleştirilmesinden bu yana ülke, ekonomik büyüme ve siyasi istikrar yakaladı."
Ermeni | Ermeniler,https://tr.wikipedia.org/wiki/Ermeniler,2,"Trabzon#30: Aynı tahrir kayıtlarına göre şehirde yaşayan halkın; %65,16'sı Rumlar , %19,22'si Müslüman, %12,49'u Ermeniler , %3,13'ü ise Ceneviz ve Venedikliler'in oluşturduğu Latinler'den oluşmaktaydı. | Türkiye#47: Yine bu dönemlerde, MÖ 6. yüzyılda, Türkiye'nin şu anki doğu toprakları üzerinde Ermeni Orontes Hanedanı tarafından bir devlet kuruldu."
Osmanlı Hanedanı | Osmanlı İmparatorluğu,https://tr.wikipedia.org/wiki/Osmanl%C4%B1_Hanedan%C4%B1,2,"Türkiye#15: Cumhuriyet, ülkenin ilk cumhurbaşkanı Mustafa Kemal Atatürk tarafından 29 Ekim 1923'te ilan edildi . | Türkiye#72: 1514 yılında I."
Hadrianus,https://tr.wikipedia.org/wiki/Hadrianus,2,"Trabzon#16: Roma İmparatoru Hadrianus döneminde restore edilen kent, Trajan döneminde Pontus Kapadokyası eyaletinin başkenti olmuş ve kente yeni bir liman inşa edilmiştir. | Trabzon#111: Ulaşımda nakit para ve ""Trabzon Kart"" isimli akıllı kartla ödeme sistemi kullanılmaktadır."
Çanakkale,https://tr.wikipedia.org/wiki/%C3%87anakkale,2,"Türkiye#33: MÖ 8200 ila 6000 arasında kurulduğu tahmin edilen Çayönü yerleşkesi de, bu yapılara yine örnek verilebilir. | Türkiye#222: Üzerinde sönmüş volkanlar bulundurur ve hâlâ daha sıklıkla depremler meydana gelmektedir."
2023 cumhurbaşkanlığı seçimi | 2023 genel seçimlerinin,https://tr.wikipedia.org/wiki/2023_T%C3%BCrkiye_genel_se%C3%A7imleri,2,"Cumhuriyet Halk Partisi#103: Kılıçdaroğlu, 2023 cumhurbaşkanlığı seçimi için CHP ve Millet İttifakı 'nın adayı olarak gösterildi. | Türkiye#159: Meclisin 28. dönemi , 2023 genel seçimlerinin ardından başlamıştır ve başlangıçta milletvekili dağılımı şu şekilde belirlendi: Adalet ve Kalkınma Partisi (AKP) 268, Cumhuriyet Halk Partisi (CHP) 169, Milliyetçi Hareket Partisi (MHP) 50, Halkların Eşitlik ve Demokrasi Partisi (HEDEP) 57, İYİ Parti 43, Yeniden Refah Partisi (YRP) 5, Türkiye İşçi Partisi (TİP) 4 sandalye."
Moğollar | Moğollara,https://tr.wikipedia.org/wiki/Mo%C4%9Fol_%C4%B0mparatorlu%C4%9Fu,2,"Türkiye#7: Kısa sürede Anadolu'daki diğer Türk beyliklerinin üzerinde hâkimiyet kuran Konya merkezli Anadolu Selçuklu Sultanlığı , 1243 yılındaki Moğollara karşı kaybedilen Kösedağ Muharebesi 'ne kadar Anadolu'yu yönetti. | Türkiye#68: Nitekim 1243'te Anadolu Selçuklu Devleti ile Baycu Noyan komutasındaki Moğollar arasında gerçekleşen Kösedağ Muharebesi sonucunda gelen yenilgiyle Anadolu , Moğol hâkimiyetine girmiştir ve Anadolu Selçuklu Devleti zayıflayıp yerini Türk beyliklerine bırakmıştır."
Türkiye Cumhuriyeti'nin tek partili dönemi | Türkiye'nin tek parti dönemine,https://tr.wikipedia.org/wiki/T%C3%BCrkiye%27de_tek_partili_d%C3%B6nem,2,"Cumhuriyet Halk Partisi#9: Mustafa Kemal Atatürk'ün liderliğinde bu gruplar, Anadolu ve Rumeli Müdâfaa-i Hukuk Cemiyeti adıyla 1919'daki Sivas Kongresi 'nde birleşti. | Türkiye#114: Türkiye Cumhuriyeti'nin tek partili dönemi , 1945 yılında son buldu."
liste usulü çoğunluk seçim sistemi | liste usulü çoğunluk sisteminin,https://tr.wikipedia.org/wiki/Liste_usul%C3%BC_%C3%A7o%C4%9Funluk_se%C3%A7im_sistemi,2,"2002 Türkiye genel seçimleri#6: Oyların yüzde 34,3'ünü alarak kazandığı 363 milletvekilliği ile tek başına iktidar olan AK Parti, TBMM'nin üyelik sayısının yaklaşık yüzde 66'sını alarak liste usulü çoğunluk sisteminin uygulandığı 1950'li yıllardan sonra TBMM'deki en büyük temsil gücünü elde eden siyasi parti oldu. | Türkiye#148: Türkiye'de 88 seçim bölgesi vardır ve bu seçim bölgelerinden aday olan 18 yaş üstü kişilerden 600 tanesi beş yıl aralıklarla liste usulü çoğunluk seçim sistemi yoluyla milletvekili olarak seçilir."
İslamlaşma,https://tr.wikipedia.org/wiki/M%C3%BCsl%C3%BCmanla%C5%9Fma,2,"Türkiye#6: Daha sonra, sırasıyla Roma İmparatorluğu ve Anadolu 'nun Hristiyanlaştığı Bizans dönemleri yaşandı. | Türkiye#61: 11. yüzyılın ikinci yarısında Selçuklular , Anadolu'nun doğu bölgelerine yerleşmeye ve akınlar yapmaya başladılar."
anayasa,https://tr.wikipedia.org/wiki/Anayasa,2,"Türkiye#12: 19. yüzyıla gelindiğinde imparatorluk, Tanzimat adı verilen ciddi bir modernleşme sürecine girdi. | Türkiye#106: Türkiye Cumhuriyeti Devleti'nin kurucusu ve ilk cumhurbaşkanı olan Mustafa Kemal, dine dayalı ve çok uluslu eski Osmanlı monarşisini laik bir anayasa altında parlamenter bir cumhuriyet olarak yönetilecek bir Türk ulus devletine dönüştürme amacını içeren birçok devrim yaptı."
Türk göçleri | göç etmeye,https://tr.wikipedia.org/wiki/T%C3%BCrk_g%C3%B6%C3%A7leri,2,"Türkiye#60: Oğuz Türkleri , Müslüman olduktan sonra İslam dünyası çevrelerine daha yakın yerlerde ikamet ettiler ve 9. yüzyılda Hazar Denizi ile Aral Gölü 'nün kuzeyine yerleşmeye başladılar. | Türkiye#358: Ülke coğrafyasındaki kültürel kaynaşma, Orta Asya 'dan Anadolu'ya doğru gerçekleşen Türk göçleri sırasında Türklerin göç yolları üzerindeki kültürlerle kendi kültürlerini birleştirmesi sonucunda başladı."
karasal iklime,https://tr.wikipedia.org/wiki/Karasal_iklim,2,"Türkiye#239: Ege Denizi ile Karadeniz 'i birbirine bağlayan Marmara Denizi 'nin kıyılarında geçiş iklimi görülmektedir; denizin güneyinde Akdeniz, kuzeyinde Karadeniz ve kuzeybatısında karasal iklime rastlanmaktadır. | Türkiye#241: İç Anadolu Bölgesi , Doğu Anadolu ve Güneydoğu Anadolu bölgelerinde yani iç kesimlerde karasal iklime rastlanır."
Amerika,https://tr.wikipedia.org/wiki/Amerika,2,"Türkiye#75: Çünkü 15. yüzyıl sonlarındaki Coğrafi Keşifler sayesinde Ümit Burnu ve Amerika kıtasının keşfedilmesi, Osmanlı'nın elinde tuttuğu Doğu Asya ile Batı Avrupa arasında ticareti sağlayan eski ticaret yollarının önemini yitirmesine neden olup Osmanlı ekonomisini olumsuz yönde etkilemiştir. | Türkiye#278: Türkiye, 2023 yılında yaklaşık 1.154 trilyon Amerikan doları GSYİH ile dünyanın en büyük 17. ekonomisi, Avrupa 'nın ise en büyük 7. ekonomisi olmuştur."
Latince | Orta Çağ Latincesi,https://tr.wikipedia.org/wiki/Latince,2,"Trabzon#6: Şehir tarih boyunca Osmanlıca : طربزون, Antik Yunanca : Τραπεζοῦς, Latince : Trapezus, Ermenice : Տրապիզոնի, Cenevizce : Trabisonda, Pontus Rumcası : Τραπεζούντα Trapezounta ve Lazca: T'rapuzani ya da T'amtra olarak adlandırılmıştır. | Türkiye#22: Sözcüğün günümüzdeki hâlinin orijinali, bugünkü Türkiye toprakları için ilk kez 12. yüzyılda İtalyanlar tarafından Orta Çağ Latincesi kullanılarak Turchia veya Turcmenia şekillerinde oluşturuldu."
Zigana Geçidi | Zigana geçidi,https://tr.wikipedia.org/wiki/Zigana_Ge%C3%A7idi,2,"Trabzon#112: Trabzon il merkezinden başlayarak, Zigana Geçidi üzerinden Gümüşhane'ye oradan Kop Geçidini aşarak Erzurum 'a bağlanan yol ise eski önemini kaybetmiştir. | Trabzon#12: Merkezinde Yunanların çevre köylerinde bugünkü Lazların (Tzanlar) ataları olan Kolhislilerin ve yaşadığı Trabzon, Antik çağ ve sonrasında Zigana geçidi üzerinden Ermenistan ve Euphrates ( Fırat ) civarında üretilen ticari malların takas edildiği ticaret merkezi ve dış ülkelere satıldığı bir ihraç limanı özelliğindeydi."
Kazak U:(https://tr.wikipedia.org/wiki/Kazaklar_(Slav))___ yağmaları ve 18. ve 19. yüzyılda ___E:Rizeli | Rize,https://tr.wikipedia.org/wiki/Rize,2,"2002 Türkiye genel seçimleri#49: Milliyetçi Hareket Partisi lideri Devlet Bahçeli aday olduğu Osmaniye 'den %29,19 (58.622), ANAP lideri Mesut Yılmaz aday olduğu Rize 'den %28,58 (46.577), Genç Parti lideri Cem Uzan aday olduğu Sakarya 'dan %25,21 (108.822) ve Doğru Yol Partisi lideri Tansu Çiller aday olduğu Muğla 'dan %22,66 (87.454) oy almalarına rağmen partileri baraja takıldığından milletvekili seçilemediler. | Trabzon#33: Celali ayaklanmaları , Kazancık cemaati gibi soyguncu aşiretler, yolsuzluk yapan sancak beyleri, bölgeyi arpalık olarak kullanan beylerbeyleri ( Ahmet Paşa , 1603 gibi), 1624, 1625, 1631 yıllarındaki Kazak yağmaları ve 18. ve 19. yüzyılda Rizeli Tuzcuoğlu Memiş Ağa ve Sürmeneli Deli Ahmet Ağa gibi ayanlıktan gelme yerel derebeylerin ayaklanmaları bu dönemin önemli olaylarıdır."
Orta Doğu | Orta Doğu'dan,https://tr.wikipedia.org/wiki/Orta_Do%C4%9Fu,2,"Türkiye#331: UNHCR'ye göre 2018'de Türkiye, Afrika ve Orta Doğu'dan toplam 3.564.919 kayıtlı mülteciye ev sahipliği yaptı ve bu, dünyadaki tüm mültecilerin %63,4'üne tekabül ediyor. | Türkiye#181: Soğuk Savaş sonrasındaki dönemde Türkiye'nin jeostratejik önemi, çevresinde bulunan Orta Doğu , Kafkasya ve Balkan coğrafyalarına doğru kaydı."
Ofspor,https://tr.wikipedia.org/wiki/Ofspor,2,"Trabzon#98: Trabzon'un 3. Lig takımlarından 1461 Trabzon FK 2. Lige çıkarken, 1461 Trabzon küme düşmüştür. | Trabzon#101: 2018-2019 Ziraat Türkiye Kupası 'nda Ofspor ve 1461 Trabzon FK katıldıkları 2.turda elenmişlerdir."
Hazar Denizi,https://tr.wikipedia.org/wiki/Hazar_Denizi,2,"Türkiye#60: Oğuz Türkleri , Müslüman olduktan sonra İslam dünyası çevrelerine daha yakın yerlerde ikamet ettiler ve 9. yüzyılda Hazar Denizi ile Aral Gölü 'nün kuzeyine yerleşmeye başladılar. | Türkiye#184: Özellikle Azerbaycan , Türkiye ile ilişkilerinin önemini vurguladı."
Lazistan,https://tr.wikipedia.org/wiki/Lazistan,2,"Trabzon#28: Trabzon sancağı 1582 yılında merkezi Batum olan Lazistan Sancağı ile birleştirilerek eyalete dönüştürülmüş ve Trabzon bu yeni idari birimin merkezi olmuştur. | Trabzon#40: 1867 yılında Trabzon'da büyük bir yangın çıkmış, birçok kamu binası da bu sırada yanmış ve kent daha sonra yeniden düzenlenmiştir."
Kösedağ Muharebesi,https://tr.wikipedia.org/wiki/K%C3%B6seda%C4%9F_Muharebesi,2,"Türkiye#7: Kısa sürede Anadolu'daki diğer Türk beyliklerinin üzerinde hâkimiyet kuran Konya merkezli Anadolu Selçuklu Sultanlığı , 1243 yılındaki Moğollara karşı kaybedilen Kösedağ Muharebesi 'ne kadar Anadolu'yu yönetti. | Türkiye#68: Nitekim 1243'te Anadolu Selçuklu Devleti ile Baycu Noyan komutasındaki Moğollar arasında gerçekleşen Kösedağ Muharebesi sonucunda gelen yenilgiyle Anadolu , Moğol hâkimiyetine girmiştir ve Anadolu Selçuklu Devleti zayıflayıp yerini Türk beyliklerine bırakmıştır."
Pers,https://tr.wikipedia.org/wiki/Farslar,2,"Türkiye#48: Anadolu, MÖ 6. ve 5. yüzyıllarda bir Pers devleti olan Ahameniş İmparatorluğu 'nun egemenliğine girdi ve bu egemenlik, MÖ 334 yılındaki Makedonya Kralı Büyük İskender 'in fetihlerine kadar devam etti. | Türkiye#60: Oğuz Türkleri , Müslüman olduktan sonra İslam dünyası çevrelerine daha yakın yerlerde ikamet ettiler ve 9. yüzyılda Hazar Denizi ile Aral Gölü 'nün kuzeyine yerleşmeye başladılar."
bankacılık,https://tr.wikipedia.org/wiki/Banka,2,"Türkiye#256: Türk ekonomisinin diğer önemli bölümlerini ise bankacılık , inşaat , ev aletleri , elektronik , tekstil , petrol arıtma , petrokimya ürünleri, gıda , madencilik , demir - çelik ve makine sanayi oluşturmaktadır. | Ekonomist#2: Bunlara ek olarak ekonomistler; bankacılık , finans , muhasebe , ticaret , pazarlama , işletme , lobicilik sektörlerinde görev alabilmektedirler."
Türkiye'nin Avrupa Birliği üyeliğini | tam üyelik müzakerelerine,https://tr.wikipedia.org/wiki/T%C3%BCrkiye%27nin_Avrupa_Birli%C4%9Fi_%C3%BCyelik_s%C3%BCreci,2,"Türkiye#176: Uzun yıllar devam eden siyasi görüşmelerin ardından, 1987 yılında AET'ye tam üyelik için başvurdu, 1992 yılında Batı Avrupa Birliği 'nin ortak üyesi oldu, 1995'te AB Gümrük Birliği 'ne katıldı ve 2005 yılında Avrupa Birliği ile tam üyelik müzakerelerine başladı. | Cumhuriyet Halk Partisi#125: Cumhuriyet Halk Partisi, Türkiye'nin Avrupa Birliği üyeliğini , Türkiye'nin NATO üyeliğini ve ittifakın genişlemesini desteklemektedir."
Rum Ortodoksluğu | merkezi konumundadır,https://tr.wikipedia.org/wiki/%C4%B0stanbul_Rum_Ortodoks_Patrikhanesi,2,"Türkiye#342: Günümüzde ülkede Rum Ortodoksluğu , Katoliklik , Protestanlık ve Mormonluk dâhil olmak üzere çeşitli mezheplerden birçok Hristiyan bulunmaktadır ve bu sayı yaklaşık olarak Türkiye'nin nüfusunun %0,3'ü kadardır. | Türkiye#343: Ülkede açık olan kilise sayısı ise 398'dir."
Turgut Özal,https://tr.wikipedia.org/wiki/Turgut_%C3%96zal,2,"Türkiye#115: Ardından gelen çok partili demokrasi dönemi 1960 ve 1980 askerî darbeleri ve 1971 ve 1997 muhtıraları ile kesintiye uğradı. | Türkiye#264: Ancak 1983 yılına gelindiğinde Başbakan Turgut Özal , özel sektörü daha ön plana çıkaran bir dizi reform başlattı."
Yunanca,https://tr.wikipedia.org/wiki/Yunanca,2,"Türkiye#24: Sözcüğün Yunanca soydaşı olan Tourkia ( Yunanca : Τουρκία ), Bizans İmparatoru ve bilgini VII. | Türkiye#63: Böylece bölgede yaygın olan Hristiyanlık ve Yunanca , yerini yavaş yavaş İslam ve Türk kültürüne bıraktı."
İttifak Devletleri,https://tr.wikipedia.org/wiki/%C4%B0ttifak_Devletleri,2,"Türkiye#13: Ancak yapılan reformlar, imparatorluğun dağılmasını engelleyemedi. | Türkiye#93: Osmanlı İmparatorluğu, I."
futbol | futboldur,https://tr.wikipedia.org/wiki/Futbol,2,"Türkiye#391: Türkiye'de en çok sevilen sporlardan biri futboldur . | Trabzon#52: Kent, 1923 yılında yeni kurulan Türkiye Cumhuriyeti devletinin 61. il merkezi olarak yerini almış, 1926 yılında ilk Halk Kütüphanesi ve Ziraat Bankası , 1929'da Visera Hidroelektrik santrali , 1938'de Trabzon içme suyu tesisleri, 1942'de Trabzon Lisesi , 1947'de Trabzon Numune Hastanesi, 1949'da Göğüs Hastalıkları Hastanesi, 1954'te Trabzon limanı , 1957'de Trabzon Havaalanı , 1958'de SSK Hastanesi, 1964'te Ayasofya Müzesi , 1967'de çimento fabrikası açılmış, 1976 yılında Trabzonspor futbol takımı Türkiye 1. Ligi şampiyonluğunu kazanarak bu unvanı İstanbul'dan Anadolu 'ya taşımayı başaran ilk futbol takımı olmuştur."
ticaret,https://tr.wikipedia.org/wiki/Ticaret,2,"Trabzon#46: Canlı bir ticaret kenti olan Trabzon'un köklü Rum ve Müslüman ailelerden oluşan eşrafı aktif olarak siyasetle uğraşmaktaydı. | Ekonomist#2: Bunlara ek olarak ekonomistler; bankacılık , finans , muhasebe , ticaret , pazarlama , işletme , lobicilik sektörlerinde görev alabilmektedirler."
Yahudi | Yahudilerdir,https://tr.wikipedia.org/wiki/T%C3%BCrkiye%27de_Yahudilik,2,"Türkiye#315: Yapılan araştırmalara göre Türkiye'de Arnavutlar , Azeriler , Araplar , Boşnaklar , Çerkesler , Çingeneler , Gürcüler , Hemşinliler , Lazlar , Pomaklar , Süryaniler ve Zazalar dâhil olmak üzere pek çok etnik grup yaşasa da, ülkede resmen tanınan azınlıklar sadece Ermeniler , Rumlar , Bulgarlar , Yahudilerdir . | Türkiye#344: Türkiye'de, çoğu Sefarad kökenli olan 15.000 Yahudi yaşamaktadır."
Ortahisar,https://tr.wikipedia.org/wiki/Ortahisar,2,Trabzon#2: Günümüzde Karadeniz Bölgesi'nin Samsun 'dan sonra ikinci büyük kentidir. | Trabzon#57: 2012 yılında Trabzon büyükşehir statüsü kazanıp ilin tamamı büyükşehir sınırlarına girmiştir ve merkez ilçenin ismi Ortahisar olarak değiştirilmiştir.
Oğuz Türkleri | Oğuzlar,https://tr.wikipedia.org/wiki/O%C4%9Fuzlar,2,"Trabzon#62: Fatih zamanında Oğuzlar 'ın Avşar boyundan olan Karamanoğulları Beyliğinden gelen Türkmenler ile Halep-Irak bölgesinden gelen Türkmenler de Trabzon'a yerleştirilmişlerdir. | Türkiye#60: Oğuz Türkleri , Müslüman olduktan sonra İslam dünyası çevrelerine daha yakın yerlerde ikamet ettiler ve 9. yüzyılda Hazar Denizi ile Aral Gölü 'nün kuzeyine yerleşmeye başladılar."
Frigya,https://tr.wikipedia.org/wiki/Frigya,2,"Türkiye#43: Orta Anadolu üzerinde büyük bir hâkimiyet kurmuş olan Hitit İmparatorluğu 'nun da MÖ yaklaşık 1180'li yıllarda çöküşünün ardından, Hint-Avrupa milletlerinden Friglerin kurdukları Frigya , MÖ 7. yüzyılda Kimmerler tarafından yapılan saldırılara kadar Anadolu'da üstünlük elde etti. | Türkiye#48: Anadolu, MÖ 6. ve 5. yüzyıllarda bir Pers devleti olan Ahameniş İmparatorluğu 'nun egemenliğine girdi ve bu egemenlik, MÖ 334 yılındaki Makedonya Kralı Büyük İskender 'in fetihlerine kadar devam etti."
Lidyalılar,https://tr.wikipedia.org/wiki/Lidyal%C4%B1lar,2,"Türkiye#5: Türkiye toprakları üzerinde bulunan ilk yerleşmeler Yontma Taş Devri 'nde başlar. | Türkiye#43: Orta Anadolu üzerinde büyük bir hâkimiyet kurmuş olan Hitit İmparatorluğu 'nun da MÖ yaklaşık 1180'li yıllarda çöküşünün ardından, Hint-Avrupa milletlerinden Friglerin kurdukları Frigya , MÖ 7. yüzyılda Kimmerler tarafından yapılan saldırılara kadar Anadolu'da üstünlük elde etti."
dünyanın en çok ziyaret edilen dördüncü | en çok ziyaret edilen,https://tr.wikipedia.org/wiki/D%C3%BCnya_turizm_s%C4%B1ralamas%C4%B1,2,"Türkiye#274: Türkiye'de turizm , ekonominin önemli bir kısmını teşkil etmektedir ve son yirmi yılda hızlı bir büyüme yakalamıştır. | Türkiye#20: Türkiye evrensel sağlık hizmetlerine, artan eğitim erişimi ve yenilikçiliğe sahiptir."
Şeyh Said | Şeyh Said İsyanı,https://tr.wikipedia.org/wiki/%C5%9Eeyh_Said_%C4%B0syan%C4%B1,2,"Cumhuriyet Halk Partisi#24: Terakkiperver Cumhuriyet Fırkası, Şeyh Said İsyanı 'na karışmak ve Atatürk'e suikast planlamakla suçlandı. | Türkiye#108: Türkiye Büyük Millet Meclisi, 1934 yılında çıkan Soyadı Kanunu ile kendisine ""Atatürk"" soyadını verdi."
UEFA Süper Kupa | UEFA Süper Kupası,https://tr.wikipedia.org/wiki/UEFA_S%C3%BCper_Kupas%C4%B1,2,"Türkiye#395: Türkiye, UEFA tarafından düzenlenen birçok önemli futbol organizasyonuna ev sahipliği yapmıştır. | Türkiye#394: Galatasaray Avrupa 'da kupa kazanan ilk ve tek Türk futbol takımıdır."
Yalova,https://tr.wikipedia.org/wiki/Yalova,2,"Türkiye#254: Ülkenin bu konudaki en büyük pazarları Malta , Norveç , Birleşik Krallık ve Marshall Adaları 'dır. | Cumhuriyet Halk Partisi 36. Olağan Kurultayı#8: 3 Şubat 2018 tarihinde yapılan genel başkanlık seçiminde mevcut genel başkan ve İzmir milletvekili Kemal Kılıçdaroğlu 790 oy aldı ve yeniden genel başkan seçildi."
Sefarad | İspanyol ve Portekiz Yahudilerinin,https://tr.wikipedia.org/wiki/Sefarad_Yahudileri,2,"Türkiye#344: Türkiye'de, çoğu Sefarad kökenli olan 15.000 Yahudi yaşamaktadır. | Türkiye#345: MÖ 5. yüzyıldan itibaren Anadolu topraklarında Yahudi toplulukları yaşamaya başladı ve yirmi yüzyıl sonra, 15. yüzyıl sonlarında İspanyol ve Portekiz Yahudilerinin İspanya'dan kovulmasıyla birlikte Osmanlı İmparatorluğu , bu Yahudilerin günümüzdeki Türkiye topraklarına yerleşmesine izin verdi."
Byzantium,https://tr.wikipedia.org/wiki/Bizantion,2,"Türkiye#45: Bu yerleşimciler tarafından Milet , Efes , Smyrna ve Byzantium gibi çok sayıda önemli şehir kuruldu. | Türkiye#56: 324 yılında Roma İmparatoru I."
Almanya,https://tr.wikipedia.org/wiki/Almanya,2,"Türkiye#195: 2011 NATO sayımlarına göre ülkenin tahminî 495.000 konuşlandırılabilir kuvveti bulunmaktadır. | Türkiye#249: Türkiye'nin 2014'te ihracatı, önceki yıla göre %4 artarak $157,6 milyar oldu."
Medler,https://tr.wikipedia.org/wiki/Medler,2,"Türkiye#42: MÖ 612'den itibaren herhangi ciddi bir etki gösteremeyen Urartular, MÖ 590 yılında İran 'dan gelen Medler tarafından yıkıldı. | Araklı#16: Ancak bu yıllarda Kafkasya üzerinden başlayan Kimmer akınları sebebiyle sömürgeciler bölge yerleşmeye fırsat bulamadılar."
UNESCO Dünya Mirası | UNESCO Dünya Mirası Alanı,https://tr.wikipedia.org/wiki/T%C3%BCrkiye%27deki_D%C3%BCnya_Miraslar%C4%B1_listesi,2,"Türkiye#275: Aynı yıl Türkiye ziyaretçilerden 56.3 milyar $ gelir elde etti. | Türkiye#20: Türkiye evrensel sağlık hizmetlerine, artan eğitim erişimi ve yenilikçiliğe sahiptir."
Van,https://tr.wikipedia.org/wiki/Van,2,"Türkiye#233: Ülkenin diğer ulusal sembollerinden biri ise Van kedisidir ve adını Doğu Anadolu'da yer alan Van ilinden alır. | Türkiye#320: Kürtlerin nüfus içindeki oranı CIA'e göre %18, Konda'ya göre %15, Konsensus'a göre %14'tür."
Güneydoğu Anadolu,https://tr.wikipedia.org/wiki/G%C3%BCneydo%C4%9Fu_Anadolu_B%C3%B6lgesi,2,"Türkiye#218: Bunlar Akdeniz , Doğu Anadolu , Ege , Güneydoğu Anadolu , İç Anadolu , Karadeniz ve Marmara bölgeleridir. | Türkiye#241: İç Anadolu Bölgesi , Doğu Anadolu ve Güneydoğu Anadolu bölgelerinde yani iç kesimlerde karasal iklime rastlanır."
Freedom House,https://tr.wikipedia.org/wiki/Freedom_House,2,"Türkiye#203: Türkiye, Freedom House tarafından 'Kısmen Özgür' sınıfında değerlendirilir. | Türkiye#390: Tiraj rakamlarına göre ülkenin en popüler ilk beş gazetesi Hürriyet , Sabah , Posta , Sözcü ve Habertürk 'tür."
Horon | horondur,https://tr.wikipedia.org/wiki/Horon,2,Trabzon#85: Sayısız çeşidi olup kadın ve erkekler tarafından toplu oynanan geleneksel dansların adı ise horondur . | Türkiye#375: Türk kültüründe halk oyunları önemli bir yer tutar.
Sevr Antlaşması,https://tr.wikipedia.org/wiki/Sevr_Antla%C5%9Fmas%C4%B1,2,Türkiye#99: Savaşın ardından imparatorluğa bağlı milletler ayrılarak çeşitli yeni devletler kurdular. | Türkiye#100: I.
İyon,https://tr.wikipedia.org/wiki/%C4%B0yonya,2,"Türkiye#5: Türkiye toprakları üzerinde bulunan ilk yerleşmeler Yontma Taş Devri 'nde başlar. | Türkiye#44: Anadolu'nun sahil şeridinde MÖ 1200 yıllarında büyük ölçüde Aiol , İyon ve Yunan yerleşimleri başladı."
Kutsal İttifak Savaşları,https://tr.wikipedia.org/wiki/Osmanl%C4%B1-Kutsal_%C4%B0ttifak_sava%C5%9Flar%C4%B1,2,"Türkiye#11: İmparatorluk, zirvesini 16. yüzyılda, özellikle I. | Türkiye#79: Osmanlı İmparatorluğu , Batı Avrupa'da gerçekleşen Rönesans , Bilimsel Devrim , Aydınlanma Çağı ve Sanayi Devrimi gibi yeni gelişmeleri ülkesine getiremeyerek çağın gerisinde kaldı."
"Sağlık Bakanlığı U:(https://tr.wikipedia.org/wiki/Sa%C4%9Fl%C4%B1k_Bakanl%C4%B1%C4%9F%C4%B1_(T%C3%BCrkiye))___ tarafından merkezî bir devlet sistemiyle kontrol edilir. 2003 yılında hükûmet, sağlık hizmetlerine ayrılan bütçe oranını artıran ve nüfusun büyük bir bölümünü sağlık hizmetlerinden düşük masrafla yararlanabilir hâle getirmeyi amaçlayan geniş kapsamlı bir sağlık reformu programı başlattı. ___E:Türkiye İstatistik Kurumu | Yüksek Seçim Kurulu U:(https://tr.wikipedia.org/wiki/Y%C3%BCksek_Se%C3%A7im_Kurulu_(T%C3%BCrkiye))___ 2 Mart 2011'de ___E:Türkiye İstatistik Kurumunun",https://tr.wikipedia.org/wiki/T%C3%BCrkiye_%C4%B0statistik_Kurumu,2,Türkiye#352: Türkiye'de sağlık hizmetleri Sağlık Bakanlığı tarafından merkezî bir devlet sistemiyle kontrol edilir. | 2011 Türkiye genel seçimleri#63: Yüksek Seçim Kurulu 2 Mart 2011'de Türkiye İstatistik Kurumunun 2010 Nüfus Sayımı sonuçlarını baz alarak seçim çevrelerinin çıkaracağı milletvekili sayısını yayımladı.
Gazetecileri Koruma Komitesi,https://tr.wikipedia.org/wiki/Gazetecileri_Koruma_Komitesi,2,"Türkiye#200: Gazetecileri Koruma Komitesi 'ne göre uzun yıllardır ülkeyi yöneten AK Parti hükûmeti, basın özgürlüğü açısından dünyanın en büyük baskılarından birini uygulamaktadır. | Türkiye#201: Ülkede çok sayıda gazeteci önceleri Ergenekon ve Balyoz davaları gibi çeşitli davalar kapsamında, daha sonraları 2016 yılındaki darbe girişimi takip eden tasfiyeler çerçevesinde ""terörizm"" ve ""devlet karşıtı faaliyetler"" ile suçlanarak tutuklandı."
Anadolu Selçuklu Sultanlığı,https://tr.wikipedia.org/wiki/Anadolu_Sel%C3%A7uklu_Devleti,2,"Türkiye#7: Kısa sürede Anadolu'daki diğer Türk beyliklerinin üzerinde hâkimiyet kuran Konya merkezli Anadolu Selçuklu Sultanlığı , 1243 yılındaki Moğollara karşı kaybedilen Kösedağ Muharebesi 'ne kadar Anadolu'yu yönetti. | Türkiye#64: Büyük Selçuklu İmparatorluğu'nun parçalanmasının ardından, Anadolu'da diğer Türk beyliklerinin üzerinde hâkimiyet kuran Anadolu Selçuklu Sultanlığı , uzunca bir süre Anadolu'yu yönetti."
Jön Türk | Jön Türkler,https://tr.wikipedia.org/wiki/J%C3%B6n_T%C3%BCrkler,2,"Cumhuriyet Halk Partisi#22: Türkiye'nin siyasi tarihinde, pratikte Cumhuriyet Halk Partisi Jön Türkler ve İttihat ve Terakki 'nin devamı olarak değerlendirilmiştir. | Türkiye#90: Sultan II."
2016 Türkiye askerî darbe girişiminin | darbe girişimi,https://tr.wikipedia.org/wiki/15_Temmuz_Darbe_Giri%C5%9Fimi,2,"Türkiye#116: 1980'li yıllarda Türk ekonomisinin liberalleştirilmesinden bu yana ülke, ekonomik büyüme ve siyasi istikrar yakaladı. | 2018 Türkiye genel seçimleri#6: 2016 Türkiye askerî darbe girişiminin ardından ülkede olağanüstü hâl ilan edildi."
Kemal Derviş,https://tr.wikipedia.org/wiki/Kemal_Dervi%C5%9F,2,"Türkiye#266: Büyüyen kamu açıkları ve yaygın yolsuzluk ile birlikte ek mali reformların eksikliği, yüksek enflasyon ve zayıf bankacılık sektörü, makroekonomi dalgalanmasının artmasına sebep oldu. | 2002 Türkiye genel seçimleri#24: Mayıs 2001'de Kemal Derviş 'in açıkladığı ""Güçlü Ekonomiye Geçiş Programı"" ile IMF ve Dünya Bankası kredileriyle desteklenen program, ekonominin stabilizasyon sürecine girmesine yardımcı oldu."
imparatorluk,https://tr.wikipedia.org/wiki/%C4%B0mparatorluk,2,"Türkiye#10: Osmanlılar, 1453 yılında II. | Türkiye#71: Bu olaydan sonra Osmanlılar, bir imparatorluk hâline geldi."
I. Süleyman,https://tr.wikipedia.org/wiki/I._S%C3%BCleyman,2,"Türkiye#11: İmparatorluk, zirvesini 16. yüzyılda, özellikle I. | Türkiye#76: Osmanlı İmparatorluğu, 16. ve 17. yüzyılda, özellikle I."
Kimmerler,https://tr.wikipedia.org/wiki/Kimmerler,2,"Türkiye#43: Orta Anadolu üzerinde büyük bir hâkimiyet kurmuş olan Hitit İmparatorluğu 'nun da MÖ yaklaşık 1180'li yıllarda çöküşünün ardından, Hint-Avrupa milletlerinden Friglerin kurdukları Frigya , MÖ 7. yüzyılda Kimmerler tarafından yapılan saldırılara kadar Anadolu'da üstünlük elde etti. | Araklı#16: Ancak bu yıllarda Kafkasya üzerinden başlayan Kimmer akınları sebebiyle sömürgeciler bölge yerleşmeye fırsat bulamadılar."
Harf Devrimi | Latin alfabesi kullanılmaya başlandı,https://tr.wikipedia.org/wiki/Harf_Devrimi,2,"Cumhuriyet Halk Partisi#27: Bu reformlar arasında İsviçre ve İtalyan hukuk ve ceza kanunlarının benimsenmesi, sanayileşmenin hızlandırılması, toprak reformu ve kırsal kalkınma programları, iskân kanunu , laiklik , kadınların seçme ve seçilme hakkı ve Latin harflerine geçilmesini sağlayan Harf Devrimi gibi birçok adım bulunuyordu. | Türkiye#107: Bu devrimlerin bir parçası olarak saltanat ve ardından hilâfet kaldırıldı, kadınlara seçme ve seçilme hakkı tanındı , Latin alfabesi kullanılmaya başlandı ve diğer birçok değişiklik yapıldı."
Kuzey Anadolu Dağları,https://tr.wikipedia.org/wiki/Kuzey_Anadolu_Da%C4%9Flar%C4%B1,2,"Türkiye#214: Kuzeyde Köroğlu ve Kuzey Anadolu Dağları ile, güneyde Toros Dağları ile çevrilmiştir. | Türkiye#228: Kuzey Anadolu kozalaklı ve yaprak döken karışık ormanları, Türkiye'nin kuzeyindeki Kuzey Anadolu Dağları 'nın büyük bir bölümünü kaplar ve bir ekolojik bölge oluşturur."
16 | GSYİH (nominal) sıralamasında,https://tr.wikipedia.org/wiki/Nominal_GSY%C4%B0H_de%C4%9Ferlerine_g%C3%B6re_%C3%BClkeler_listesi,2,"TürkiyeCard#20: 1,570 trilyon $ (GSYİH; 2025) ( 16 .) | Türkiye#247: Türkiye, 2023 yılında GSYİH (SAGP) sıralamasında 11. sırada ve GSYİH (nominal) sıralamasında 20. sırada yer almaktadır."
İzmir,https://tr.wikipedia.org/wiki/%C4%B0zmir,2,"Cumhuriyet Halk Partisi 36. Olağan Kurultayı#8: 3 Şubat 2018 tarihinde yapılan genel başkanlık seçiminde mevcut genel başkan ve İzmir milletvekili Kemal Kılıçdaroğlu 790 oy aldı ve yeniden genel başkan seçildi. | 2018 Türkiye genel seçimleri#46: Adalet ve Kalkınma Partisi Genel Başkanı Recep Tayyip Erdoğan, ilk mitingini 28 Nisan 2018'de İzmir 'de yaptı."
Darius | III. Darius,https://tr.wikipedia.org/wiki/III._Darius,2,"Türkiye#50: Büyük bir yenilgiye uğrayan Darius , Fırat 'ın doğusuna kadar sürüldü ve böylece Anadolu'daki Pers hâkimiyeti son bulmuş oldu. | Türkiye#49: Ardından, İskenderun civarında ( Antakya ) gerçekleşen İssos Savaşı 'nda ve akabinde Irak civarında meydana gelen Gaugamela Muharebesi 'nde Ahameniş hükümdarı III."
1929 ekonomik buhranı | Büyük Buhran,https://tr.wikipedia.org/wiki/B%C3%BCy%C3%BCk_Buhran,2,"Maliye#7: Maliye'nin bir bilim olarak ortaya çıkışı, insanlık tarihi açısından yeni sayılır. | Cumhuriyet Halk Partisi#34: Büyük Buhran 'ın başlamasıyla birlikte, parti, Başbakan İnönü ve maliye bakanı Celal Bayar tarafından savunulan devletçi ve liberal fraksiyonlara ayrıldı."
İngilizce | İngilizcede,https://tr.wikipedia.org/wiki/%C4%B0ngilizce,2,"Maliye#4: Maliye; İngilizcede ""public finance"", Fransızcada ise ""finance publique"" olarak kullanılmaktadır. | Bakırköy Anadolu LisesiCard#8: İngilizce almanca"
Demokratik Gelişim Partisi | Yüksek Seçim Kurulu U:(https://tr.wikipedia.org/wiki/Y%C3%BCksek_Se%C3%A7im_Kurulu_(T%C3%BCrkiye))___ seçime katılabilecek siyasi partilerin oy pusulasındaki yerlerini belirlemiştir. ___E:Demokratik Gelişim Partisi,https://tr.wikipedia.org/wiki/Demokratik_Geli%C5%9Fim_Partisi,2,"Haziran 2015 Türkiye genel seçimleri#43: Seçime girme hakkı olan Özgürlük ve Dayanışma Partisi seçimlere girmeyip ""ilerici güçleri"" destekleyeceğinden, Emek Partisi Halkların Demokratik Partisi ile ittifak kararı aldığından, Büyük Birlik Partisi ile Saadet Partisi ile ittifak yaptığından , Demokratik Gelişim Partisi genel başkan istifasından dolayı seçime girmeyeceklerinden aday listesi sunmadılar. | Kasım 2015 Türkiye genel seçimleri#17: Yüksek Seçim Kurulu , 28 Ağustos 2015 tarihinde yapılan açıklama ile Kasım 2015 Türkiye genel seçimleri'ne katılma yeterliliğini taşıyan 29 partinin katılabileceğini bildirmiştir."
"Anadolu Partisi | Yüksek Seçim Kurulu U:(https://tr.wikipedia.org/wiki/Y%C3%BCksek_Se%C3%A7im_Kurulu_(T%C3%BCrkiye))___ , 28 Ağustos 2015 tarihinde yapılan açıklama ile Kasım 2015 Türkiye genel seçimleri'ne katılma yeterliliğini taşıyan 29 partinin katılabileceğini bildirmiştir. 9 Eylül 2015 tarihinde ___E:Anadolu Partisi",https://tr.wikipedia.org/wiki/Anadolu_Partisi,2,"Kasım 2015 Türkiye genel seçimleri#17: Yüksek Seçim Kurulu , 28 Ağustos 2015 tarihinde yapılan açıklama ile Kasım 2015 Türkiye genel seçimleri'ne katılma yeterliliğini taşıyan 29 partinin katılabileceğini bildirmiştir. | Haziran 2015 Türkiye genel seçimleri#45: 15 Nisan'da açıklanan geçici aday listelerine göre Adalet ve Kalkınma Partisi , Anadolu Partisi , Bağımsız Türkiye Partisi , Cumhuriyet Halk Partisi , Demokrat Parti , Demokratik Sol Parti , Halkın Kurtuluş Partisi , Halkların Demokratik Partisi , Komünist Parti , Milliyetçi Hareket Partisi , Millet Partisi , Saadet Partisi ve Vatan Partisi 85, Hak ve Özgürlükler Partisi 75, Merkez Parti 73, Liberal Demokrat Parti 58, Doğru Yol Partisi ve Yurt Partisi 56, Toplumsal Uzlaşma Reform ve Kalkınma Partisi 55, Hak ve Adalet Partisi 43 seçim çevresinde aday göstererek seçime girdi."
Türk mutfağı | zengin mutfağı,https://tr.wikipedia.org/wiki/T%C3%BCrk_mutfa%C4%9F%C4%B1,2,"Türkiye#376: Türk mutfağı , Çin ve Fransız mutfaklarıyla beraber dünyanın en zengin mutfaklarındandır. | Türkiye#20: Türkiye evrensel sağlık hizmetlerine, artan eğitim erişimi ve yenilikçiliğe sahiptir."
Bulgaristan,https://tr.wikipedia.org/wiki/Bulgaristan,2,"Türkiye#2: Batıda Bulgaristan ve Yunanistan , doğuda Gürcistan , Ermenistan , İran ve Azerbaycan , güneyde ise Irak ve Suriye ile sınır komşusudur. | Türkiye#213: Türkiye'nin Avrupa 'daki kısmı olan Doğu Trakya 'da Yunanistan ve Bulgaristan ile sınırı bulunmaktadır."
Toplumsal Uzlaşma Reform ve Kalkınma Partisi,https://tr.wikipedia.org/wiki/Toplumsal_Uzla%C5%9Fma_Reform_ve_Kalk%C4%B1nma_Partisi,2,"Kasım 2015 Türkiye genel seçimleri#20: Teşkilatlanmasını tamamlayamayan Toplumsal Uzlaşma Reform ve Kalkınma Partisi ve Merkez Parti YSK tarafından seçime katılma izni alamamıştır. | Haziran 2015 Türkiye genel seçimleri#45: 15 Nisan'da açıklanan geçici aday listelerine göre Adalet ve Kalkınma Partisi , Anadolu Partisi , Bağımsız Türkiye Partisi , Cumhuriyet Halk Partisi , Demokrat Parti , Demokratik Sol Parti , Halkın Kurtuluş Partisi , Halkların Demokratik Partisi , Komünist Parti , Milliyetçi Hareket Partisi , Millet Partisi , Saadet Partisi ve Vatan Partisi 85, Hak ve Özgürlükler Partisi 75, Merkez Parti 73, Liberal Demokrat Parti 58, Doğru Yol Partisi ve Yurt Partisi 56, Toplumsal Uzlaşma Reform ve Kalkınma Partisi 55, Hak ve Adalet Partisi 43 seçim çevresinde aday göstererek seçime girdi."
Merkez Parti,https://tr.wikipedia.org/wiki/Merkez_Parti,2,"Kasım 2015 Türkiye genel seçimleri#20: Teşkilatlanmasını tamamlayamayan Toplumsal Uzlaşma Reform ve Kalkınma Partisi ve Merkez Parti YSK tarafından seçime katılma izni alamamıştır. | Haziran 2015 Türkiye genel seçimleri#45: 15 Nisan'da açıklanan geçici aday listelerine göre Adalet ve Kalkınma Partisi , Anadolu Partisi , Bağımsız Türkiye Partisi , Cumhuriyet Halk Partisi , Demokrat Parti , Demokratik Sol Parti , Halkın Kurtuluş Partisi , Halkların Demokratik Partisi , Komünist Parti , Milliyetçi Hareket Partisi , Millet Partisi , Saadet Partisi ve Vatan Partisi 85, Hak ve Özgürlükler Partisi 75, Merkez Parti 73, Liberal Demokrat Parti 58, Doğru Yol Partisi ve Yurt Partisi 56, Toplumsal Uzlaşma Reform ve Kalkınma Partisi 55, Hak ve Adalet Partisi 43 seçim çevresinde aday göstererek seçime girdi."
askerî hizmet yapması zorunludur | zorunlu askerlik,https://tr.wikipedia.org/wiki/Zorunlu_askerlik,2,"Türkiye#194: Sağlık sorunu olmayan her erkek Türk vatandaşının eğitim durumu ve iş yerine bağlı olarak üç hafta ile altı ay arasında değişen bir süreliğine askerî hizmet yapması zorunludur . | Cumhuriyet Halk Partisi#39: İnönü, Türkiye'yi II."
Türkmen,https://tr.wikipedia.org/wiki/T%C3%BCrkmenler,2,"Trabzon#59: Trabzon'da çeşitli Türk boyları yaşamaktadır. | Trabzon#67: Şalpazarı , Ağasar vadisindeki Çepniler yöreye 13.-14. yüzyıllar arasında yerleştiler."
Frigler | Friglerin,https://tr.wikipedia.org/wiki/Frigler,2,"Türkiye#5: Türkiye toprakları üzerinde bulunan ilk yerleşmeler Yontma Taş Devri 'nde başlar. | Türkiye#43: Orta Anadolu üzerinde büyük bir hâkimiyet kurmuş olan Hitit İmparatorluğu 'nun da MÖ yaklaşık 1180'li yıllarda çöküşünün ardından, Hint-Avrupa milletlerinden Friglerin kurdukları Frigya , MÖ 7. yüzyılda Kimmerler tarafından yapılan saldırılara kadar Anadolu'da üstünlük elde etti."
Çerkes | Çerkesler,https://tr.wikipedia.org/wiki/%C3%87erkesler,2,"Trabzon#35: 1859-1864 yılları arasında Kuzey Kafkasya'da süregelen Kafkas-Rus savaşı, Çerkes ve Abhaza halklarının yenilgisi ile sonuçlanmış ve şehre çok sayıda göçmenin yığılmasına yol açmıştır. | Türkiye#315: Yapılan araştırmalara göre Türkiye'de Arnavutlar , Azeriler , Araplar , Boşnaklar , Çerkesler , Çingeneler , Gürcüler , Hemşinliler , Lazlar , Pomaklar , Süryaniler ve Zazalar dâhil olmak üzere pek çok etnik grup yaşasa da, ülkede resmen tanınan azınlıklar sadece Ermeniler , Rumlar , Bulgarlar , Yahudilerdir ."
Helenistik Dönem | Helenistik krallıklar,https://tr.wikipedia.org/wiki/Helenistik_D%C3%B6nem,2,Türkiye#52: MÖ 323'te İskender'in Babil 'deki ani ölümünün ardından Anadolu bölünerek küçük Helenistik krallıklar ortaya çıktı. | Türkiye#5: Türkiye toprakları üzerinde bulunan ilk yerleşmeler Yontma Taş Devri 'nde başlar.
Mehmet Haberal,https://tr.wikipedia.org/wiki/Mehmet_Haberal,2,"2011 Türkiye genel seçimleri#24: CHP, Ergenekon davaları tutuklu sanıklarından Mustafa Balbay 'ı İzmir 2. Bölge'den ve Mehmet Haberal 'ı Zonguldak'tan aday gösterdi. | 2011 Türkiye genel seçimleri#52: Adaylar arasında eski CHP lideri Deniz Baykal ile Mustafa Balbay ve Mehmet Haberal gibi tutuklu Ergenekon sanıkları da vardı."
Cevdet Yılmaz,https://tr.wikipedia.org/wiki/Cevdet_Y%C4%B1lmaz,2,"TürkiyeCard#9: Cevdet Yılmaz | Haziran 2015 Türkiye genel seçimleri#53: AK Parti görüşme heyetinde Başbakan Yardımcısı Numan Kurtulmuş , Kültür ve Turizm Bakanı Ömer Çelik , Kalkınma Bakanı Cevdet Yılmaz ve AK Parti İstanbul Milletvekili Ayşe Nur Bahçekapılı 'nın görüşmede olacakları açıklandı."
7 bölge ve 21 alt bölgeye | coğrafi bölgeye,https://tr.wikipedia.org/wiki/T%C3%BCrkiye%27nin_co%C4%9Frafi_b%C3%B6lgeleri,2,"Türkiye#217: Türkiye, yedi coğrafi bölgeye bölünmüştür. | Türkiye#125: Ayrıca ülke coğrafi , demografik ve ekonomik koşullar göz önüne alınarak idari anlam taşımayan 7 bölge ve 21 alt bölgeye ayrılmıştır."
Eşitlik ve Demokrasi Partisi,https://tr.wikipedia.org/wiki/E%C5%9Fitlik_ve_Demokrasi_Partisi,2,"2011 Türkiye genel seçimleri#14: Liste vermeyen partiler: Alternatif Parti , Bağımsız Türkiye Partisi , Eşitlik ve Demokrasi Partisi , Genç Parti , Halkın Yükselişi Partisi , Türkiye Partisi . | 2011 Türkiye genel seçimleri#22: Öte yandan, bazı partiler seçimlere katılmama kararı aldı."
Alternatif Parti,https://tr.wikipedia.org/wiki/Teknoloji_Kalk%C4%B1nma_Partisi,2,"2011 Türkiye genel seçimleri#14: Liste vermeyen partiler: Alternatif Parti , Bağımsız Türkiye Partisi , Eşitlik ve Demokrasi Partisi , Genç Parti , Halkın Yükselişi Partisi , Türkiye Partisi . | 2011 Türkiye genel seçimleri#22: Öte yandan, bazı partiler seçimlere katılmama kararı aldı."
Türkleşme | Türkleştirme,https://tr.wikipedia.org/wiki/T%C3%BCrkle%C5%9Ftirme,2,"Türkiye#6: Daha sonra, sırasıyla Roma İmparatorluğu ve Anadolu 'nun Hristiyanlaştığı Bizans dönemleri yaşandı. | Türkiye#61: 11. yüzyılın ikinci yarısında Selçuklular , Anadolu'nun doğu bölgelerine yerleşmeye ve akınlar yapmaya başladılar."
Yayla | yaylacılığın,https://tr.wikipedia.org/wiki/Yayla,2,"Araklı#47: Böylece yeni istihdam alanları oluşturulmuştur. | Türkiye#220: Geleneksel bir eğilim olarak, doğuya doğru gidildikçe engebenin artmasına paralel olarak yaylacılığın arttığı görülür."
BDP | Barış ve Demokrasi Partisi,https://tr.wikipedia.org/wiki/Bar%C4%B1%C5%9F_ve_Demokrasi_Partisi,2,"2011 Türkiye genel seçimleri#61: Yapılan son anketlerde (Mart-Nisan 2011) AK Parti %48,2 ile %51,2, CHP %24,4 ile %28,8, MHP %10,7 ile %15,0 ve BDP %4,3 ile %6,6 arasında değişen oy almaktadır. | 2011 Türkiye genel seçimleri#12: Bu partilerden Barış ve Demokrasi Partisi , İşçi Partisi ve Yeni Parti oy pusulası sıralaması için yapılan kura öncesinde seçime katılmama kararı aldı ve oy pusulası sıralamasına 24 parti girdi."
İslamcı | İslamcılık,https://tr.wikipedia.org/wiki/%C4%B0slamc%C4%B1l%C4%B1k,2,"Türkiye#108: Türkiye Büyük Millet Meclisi, 1934 yılında çıkan Soyadı Kanunu ile kendisine ""Atatürk"" soyadını verdi. | Türkiye#155: Sağ partiler muhafazakârlık , milliyetçilik , liberalizm veya İslamcılık gibi siyasi ideolojilerin ilkelerini benimseme eğilimindedir."
Mustafa Balbay,https://tr.wikipedia.org/wiki/Mustafa_Balbay,2,"2011 Türkiye genel seçimleri#24: CHP, Ergenekon davaları tutuklu sanıklarından Mustafa Balbay 'ı İzmir 2. Bölge'den ve Mehmet Haberal 'ı Zonguldak'tan aday gösterdi. | 2011 Türkiye genel seçimleri#52: Adaylar arasında eski CHP lideri Deniz Baykal ile Mustafa Balbay ve Mehmet Haberal gibi tutuklu Ergenekon sanıkları da vardı."
24. dönem TBMM | Türkiye Büyük Millet Meclisi 24. Dönem üyelerinin,https://tr.wikipedia.org/wiki/TBMM_24._d%C3%B6nem_milletvekilleri_listesi,2,"2011 Türkiye genel seçimleri#1: 2011 Türkiye genel seçimleri , Türkiye Büyük Millet Meclisi 24. Dönem üyelerinin seçilmesi için 12 Haziran 2011'de yapılan genel seçimlerdir. | Haziran 2015 Türkiye genel seçimleri#51: Aşağıdaki tabloda, 2011 seçimlerinde seçilen 24. dönem TBMM 'nin milletvekili dağılımı, seçimlerin hemen öncesindeki 24. dönem TBMM 'nin milletvekili dağılımı ve yeni seçilen 25. dönem TBMM 'nin milletvekili dağılımı verilmiştir."
Devrimci Karargâh,https://tr.wikipedia.org/wiki/Devrimci_Kararg%C3%A2h,2,"2011 Türkiye genel seçimleri#23: Tutuklu sanık milletvekili adayları da seçim sürecinde önemli bir gündem maddesi oldu. | 2011 Türkiye genel seçimleri#28: Balyoz davası tutuklu sanığı Engin Alan , MHP'nin İstanbul 1. Bölge 1. sıra adayı oldu."
Helenleştirme,https://tr.wikipedia.org/wiki/Helenle%C5%9Ftirme,2,"Türkiye#51: Büyük İskender döneminde kültürel kaynaşma ve Helenleştirme hareketi başlatıldı. | Türkiye#54: Büyük İskender'in, fetihleriyle başlatmış olduğu Helenleştirme hareketi ise Roma İmparatorluğu döneminde hızlandırıldı."
Bakır Çağı | Kalkolitik Çağ,https://tr.wikipedia.org/wiki/Bak%C4%B1r_%C3%87a%C4%9F%C4%B1,2,"Trabzon#7: Bölgede çeşitli dönemlerde yapılan arkeolojik kazı ve yüzey taramalarında Yontma Taş (Alt Paleolitik dönem) Çağı'na ait Acheulien ve Mousterien tipi (el baltaları, kazıyıcılar, yonga aletler), Orta Taş Çağı (Mezolitik) 'e ait mağaralar Kalkolitik Çağ 'a ait yerleşim izlerine rastlanmıştır. | Türkiye#32: MÖ 7500'e veya MÖ 5700'e dayandığı düşünülen Orta Anadolu 'daki Çatalhöyük , dünya üzerinde Cilalı Taş Devri ile Bakır Çağı 'na ait en büyük ve en iyi korunmuş yerleşim yeridir."
Doğru Yol Partisi U:(https://tr.wikipedia.org/wiki/Do%C4%9Fru_Yol_Partisi_(2007))___ ve ___E:Yurt Partisi | Özgürlük ve Dayanışma Partisi U:(https://tr.wikipedia.org/wiki/Sol_Parti_(T%C3%BCrkiye))___ ve ___E:Yurt Partisi,https://tr.wikipedia.org/wiki/Yurt_Partisi,2,"Haziran 2015 Türkiye genel seçimleri#45: 15 Nisan'da açıklanan geçici aday listelerine göre Adalet ve Kalkınma Partisi , Anadolu Partisi , Bağımsız Türkiye Partisi , Cumhuriyet Halk Partisi , Demokrat Parti , Demokratik Sol Parti , Halkın Kurtuluş Partisi , Halkların Demokratik Partisi , Komünist Parti , Milliyetçi Hareket Partisi , Millet Partisi , Saadet Partisi ve Vatan Partisi 85, Hak ve Özgürlükler Partisi 75, Merkez Parti 73, Liberal Demokrat Parti 58, Doğru Yol Partisi ve Yurt Partisi 56, Toplumsal Uzlaşma Reform ve Kalkınma Partisi 55, Hak ve Adalet Partisi 43 seçim çevresinde aday göstererek seçime girdi. | 2011 Türkiye genel seçimleri#14: Liste vermeyen partiler: Alternatif Parti , Bağımsız Türkiye Partisi , Eşitlik ve Demokrasi Partisi , Genç Parti , Halkın Yükselişi Partisi , Türkiye Partisi ."
Oğuz | Türk boyları,https://tr.wikipedia.org/wiki/T%C3%BCrk_halklar%C4%B1,2,"Türkiye#357: Türkiye; Oğuz , Anadolu , Osmanlı ( Greko-Romen ve İslami kültürlerin bir devamıydı) ve Avrupa kültürü ile geleneklerinin karışımıyla ortaya çıkan çok çeşitli kültürleri barındırır. | Trabzon#59: Trabzon'da çeşitli Türk boyları yaşamaktadır."
"Türkiye Komünist Partisi U:(https://tr.wikipedia.org/wiki/T%C3%BCrkiye_Kom%C3%BCnist_Partisi_(2001))___ de milletvekili aday listelerini YSK'ya getirmediler. ___E:Hür Dava Partisi | Yüksek Seçim Kurulu U:(https://tr.wikipedia.org/wiki/Y%C3%BCksek_Se%C3%A7im_Kurulu_(T%C3%BCrkiye))___ , 22 Nisan 2018 tarihinde yapılan açıklama ile seçimlere on partinin katılabileceğini ilan etti. 25 Nisan 2018 tarihinde de ___E:Hür Dava Partisi",https://tr.wikipedia.org/wiki/H%C3%BCr_Dava_Partisi,2,"Haziran 2015 Türkiye genel seçimleri#44: Bunun dışında Halkın Yükselişi Partisi , Muhafazakâr Yükseliş Partisi , Genç Parti ve Türkiye Komünist Partisi de milletvekili aday listelerini YSK'ya getirmediler. | 2018 Türkiye genel seçimleri#22: Yüksek Seçim Kurulu , 22 Nisan 2018 tarihinde yapılan açıklama ile seçimlere on partinin katılabileceğini ilan etti."
Protestan | Protestanlık,https://tr.wikipedia.org/wiki/Protestanl%C4%B1k,2,"Trabzon#49: 1831 Osmanlı nüfus sayımına göre Trabzon merkez kazada 6.300, Vakfıkebir 19.512, Polathane'de ( Akçaabat ) 8.432, Yümerek'te ( Yomra ) 6.775, Tonya 'da 1.910, Sürmene 'de 12.985, Of'ta 18.940 erkek yaşamakta olup buna Trabzon sancağındaki 11.473 reaya eklenince toplam 86.327 erkek yaşamaktaydı. | Türkiye#342: Günümüzde ülkede Rum Ortodoksluğu , Katoliklik , Protestanlık ve Mormonluk dâhil olmak üzere çeşitli mezheplerden birçok Hristiyan bulunmaktadır ve bu sayı yaklaşık olarak Türkiye'nin nüfusunun %0,3'ü kadardır."
liberal | liberalizm,https://tr.wikipedia.org/wiki/Liberalizm,2,"Siyasetçi#11: Birçok bilim insanı, siyasetçilerin özelliklerini yerel ve ulusal düzeylerde karşılaştırarak ve daha liberal olanları veya daha muhafazakâr olanları kıyaslayarak seçimler açısından daha başarılı ve daha az başarılı olanları karşılaştırırlar. | Türkiye#155: Sağ partiler muhafazakârlık , milliyetçilik , liberalizm veya İslamcılık gibi siyasi ideolojilerin ilkelerini benimseme eğilimindedir."
bölgesel güç | önemli bir jeostratejik güce | önemli bir jeostratejik güç,https://tr.wikipedia.org/wiki/B%C3%B6lgesel_g%C3%BC%C3%A7,2,"Türkiye#19: Türkiye, askerî kapasitesi ve diplomatik girişimleri sayesinde bölgesel güç kabul edilirken; Avrupa ve Asya kıtalarının kavşak noktasında yer alması nedeniyle önemli bir jeostratejik güç olarak görülmektedir. | Türkiye#173: Günümüzde Türkiye, askerî kapasitesi ve diplomatik girişimleri sayesinde bölgesel güç kabul edilirken; Avrupa ve Asya kıtalarının kavşak noktasında yer alması nedeniyle önemli bir jeostratejik güce sahiptir."
Ankara Devlet Mühendislik Mimarlık Akademisi,https://tr.wikipedia.org/wiki/Ankara_Devlet_M%C3%BChendislik_Mimarl%C4%B1k_Akademisi,2,"Gazi Üniversitesi#16: Gazi Üniversitesinin çatısı altında Ankara İktisadi ve Ticari İlimler Akademisi , Ankara Devlet Mühendislik Mimarlık Akademisi , Ankara Yüksek Teknik Öğretmen ve Ankara Kız Teknik Yüksek Öğretmen Okulları yer alır. | Gazi Üniversitesi#31: Yine aynı yıl 3 Ekim 2009 tarihinde Gazi Üniversitesi Senatosu tarafından alınan kararla Gazi Üniversitesi Mühendislik ve Mimarlık Fakültesi eski adıyla Ankara Devlet Mühendislik Mimarlık Akademisi iki ayrı fakülte haline getirilmiştir."
Avrupa Konseyi,https://tr.wikipedia.org/wiki/Avrupa_Konseyi,2,"Türkiye#18: Türkiye NATO 'nun ilk üyelerinden birisi ABD'nin ardından ittifak içinde ikinci en büyük askerî güce sahiptir. | Türkiye#175: Geleneksel Batı yönelimi doğrultusunda, Avrupa ile ilişkiler her zaman Türk dış politikasının merkezî bir parçası olmuştur."
Afrika,https://tr.wikipedia.org/wiki/Afrika,2,"Türkiye#278: Türkiye, 2023 yılında yaklaşık 1.154 trilyon Amerikan doları GSYİH ile dünyanın en büyük 17. ekonomisi, Avrupa 'nın ise en büyük 7. ekonomisi olmuştur. | Türkiye#331: UNHCR'ye göre 2018'de Türkiye, Afrika ve Orta Doğu'dan toplam 3.564.919 kayıtlı mülteciye ev sahipliği yaptı ve bu, dünyadaki tüm mültecilerin %63,4'üne tekabül ediyor."
Diş Hekimliği | Gazi Üniversitesi Diş Hekimliği Fakültesi,https://tr.wikipedia.org/wiki/Gazi_%C3%9Cniversitesi_Di%C5%9F_Hekimli%C4%9Fi_Fak%C3%BCltesi,2,"Gazi Üniversitesi#2: Tıp , Diş Hekimliği , Eğitim , Fen , Mühendislik ve Teknoloji Fakültesi önemli fakülteleridir. | Gazi Üniversitesi#11: 1968 yılında kurulan Ankara Diş Hekimliği Yüksekokulu olarak kurulan Gazi Üniversitesi Diş Hekimliği Fakültesi , 1978 Ankara İktisadi ve Ticari İlimler Akademisi 'ne bağlanmış ve adı Diş Hekimliği Fakültesi olarak değiştirilmiş ve Gazi Üniversitesine bağlanmıştır."
Çankaya,https://tr.wikipedia.org/wiki/%C3%87ankaya,2,"Gazi Üniversitesi#4: Bunların dışında Gazi Üniversitesinin Ankara OSTİM , Kahramankazan , Çankaya , Kızılay ve Polatlı ilçelerinde de meslek yüksekokulları ve yüksekokulları bulunmaktadır. | Cumhuriyet Halk PartisiCard#12: Çankaya , Ankara , Türkiye"
Gazi Üniversitesi Tıp Fakültesi | Tıp,https://tr.wikipedia.org/wiki/Gazi_%C3%9Cniversitesi_T%C4%B1p_Fak%C3%BCltesi,2,"Gazi Üniversitesi#14: 1976 yılında Ankara İktisadi ve Ticari İlimler Akademisine bağlı olarak Ankara'da kurulan Gazi Üniversitesi Tıp Fakültesi Dr. | Gazi Üniversitesi#2: Tıp , Diş Hekimliği , Eğitim , Fen , Mühendislik ve Teknoloji Fakültesi önemli fakülteleridir."
Merkez Bankası | Türkiye Cumhuriyet Merkez Bankası,https://tr.wikipedia.org/wiki/T%C3%BCrkiye_Cumhuriyet_Merkez_Bankas%C4%B1,2,"Gazi Üniversitesi#34: Taşınmaz Kültür ve Tabiat Varlıkları Yüksek Kurulunun 1984 yılında aldığı kararla Gazi Üniversitesine devredilen bu bina, bugün üniversitenin Rektörlüğü, Gazi Eğitim Fakültesi Dekanlığı, laboratuvarlar, Resim Heykel Müzesi ve Sanat Galerisi olarak kullanılmaktadır, ayrıca binanın üstünde bir gözlemevi bulunmaktadır; ancak şu an faaliyette değildir. | 2002 Türkiye genel seçimleri#18: Türkiye, 1994 yılında en derin ekonomik krizlerinden birini yaşadı."
Musa Süreyya Bey,https://tr.wikipedia.org/wiki/Musa_S%C3%BCreyya_Bey,2,"Ankara Üniversitesi Siyasal Bilgiler Fakültesi#49: Şiiri Musa Süreyya Bey besteledi. | Ankara Üniversitesi Siyasal Bilgiler Fakültesi#61: Bestesi Musa Süreyya Bey 'e, güftesi ise Cemal Edhem (Yeşil) 'e ait olan Mülkiye Marşı'nın sözleri şu şekildedir:"
Akçaabat,https://tr.wikipedia.org/wiki/Ak%C3%A7aabat,2,"Trabzon#43: Öte yandan, batıdan doğuya doğru kayan ve Karadağ'da toplanan Türk milis güçleri, Akçaabat 'a inerek Yüzbaşı Kahraman Bey'in komutasında üç koldan Trabzon'a doğru yürürler ve 24 Şubat 1918 tarihinde Trabzon'a girer. | Trabzon#49: 1831 Osmanlı nüfus sayımına göre Trabzon merkez kazada 6.300, Vakfıkebir 19.512, Polathane'de ( Akçaabat ) 8.432, Yümerek'te ( Yomra ) 6.775, Tonya 'da 1.910, Sürmene 'de 12.985, Of'ta 18.940 erkek yaşamakta olup buna Trabzon sancağındaki 11.473 reaya eklenince toplam 86.327 erkek yaşamaktaydı."
Dârülfünûn,https://tr.wikipedia.org/wiki/D%C3%A2r%C3%BClf%C3%BCn%C3%BBn,2,Ankara Üniversitesi Siyasal Bilgiler Fakültesi#32: İdadi kısım Mercan'daki binaya yerleşerek “ Mercan İdadisi ” adını aldı. | Ankara Üniversitesi Siyasal Bilgiler Fakültesi#37: 1900 yılında Dârülfünûn ’un dört şubesi Mülkiye Mektebinin çatısı altında açılmıştı.
Cebeci,"https://tr.wikipedia.org/wiki/Cebeci,_%C3%87ankaya",2,"Ankara Üniversitesi Siyasal Bilgiler Fakültesi#53: İnşaat, Cebeci 'de başladı. | Ankara Üniversitesi Siyasal Bilgiler FakültesiCard#8: Cebeci , Ankara , Türkiye"
Anayasa Mahkemesi | Anayasa Mahkemesine,https://tr.wikipedia.org/wiki/T%C3%BCrkiye_Cumhuriyeti_Anayasa_Mahkemesi,2,Cumhuriyet Halk Partisi#72: Ayrıca parti Anayasa Mahkemesi 'nin kararıyla birlikte 1981 yılında Hazine'ye devredilen varlıklarını geri aldı. | 2007 Türkiye genel seçimleri#15: TBMM'de grubu bulunan muhalefet partilerinden Cumhuriyet Halk Partisi 'nin (CHP) ve Anavatan Partisi 'nin (ANAP) boykot ettiği ve 361 milletvekilinin katıldığı ilk tura tek aday olarak katılan AK Parti Kayseri milletvekili ve Dışişleri Bakanı Abdullah Gül 357 oy aldı.
I. Selim | Yavuz Sultan Selim,https://tr.wikipedia.org/wiki/I._Selim,2,"Trabzon#27: 1470 yılında sancak beyliği küçük yaşta Şehzade Abdullah'a verilmiş; Abdullah, annesi Şirin Hatunla birlikte 1479 yılına kadar Trabzon'da yaşamıştır. | Türkiye#72: 1514 yılında I."
Ahmet Necdet Sezer,https://tr.wikipedia.org/wiki/Ahmet_Necdet_Sezer,2,"2007 Türkiye genel seçimleri#4: Görev süresi dolan Türkiye 'nin 10. Cumhurbaşkanı Ahmet Necdet Sezer 'in yerine 11. Cumhurbaşkanının seçilememesi üzerine TBMM Genel Kuruluda 3 Mayıs 2007 tarihinde milletvekilliği seçimlerinin 22 Temmuz 2007 günü yapılması karara bağlandı. | 2002 Türkiye genel seçimleri#53: 14 Kasım 2002 tarihinde Cumhurbaşkanı Ahmet Necdet Sezer ile Adalet ve Kalkınma Partisi Genel Başkanı Recep Tayyip Erdoğan arasındaki görüşmeden sonra, Erdoğan'ın milletvekili olmaması nedeniyle, 16 Kasım 2002 tarihinde Adalet ve Kalkınma Partisi genel başkan yardımcısı Abdullah Gül , Sezer tarafından hükûmeti kurmakla görevlendirildi."
Genelkurmay Başkanı,https://tr.wikipedia.org/wiki/T%C3%BCrk_Silahl%C4%B1_Kuvvetleri_genelkurmay_ba%C5%9Fkanlar%C4%B1_listesi,2,2007 Türkiye genel seçimleri#13: Yemin töreni CHP ve Genelkurmay Başkanı Yaşar Büyükanıt tarafından boykot edildi. | Cumhuriyet Halk Partisi#87: Yemin töreni CHP ve Genelkurmay Başkanı Orgeneral Yaşar Büyükanıt tarafından boykot edildi.
Müttefik | Müttefik Devletler,https://tr.wikipedia.org/wiki/M%C3%BCttefik_Devletler,2,"Türkiye#109: II. | Cumhuriyet Halk Partisi#39: İnönü, Türkiye'yi II."
Konstantinopolis,https://tr.wikipedia.org/wiki/Konstantinopolis,2,"Trabzon#20: Trabzon imparatorları başlangıçta diğer Bizans (Doğu Roma) imparatorları gibi çift başlı (aetos) figürünü sembol olarak kullanmışlarsa da Latin işgalinin sona ermesi ve Konstantinopolis 'te yeniden yasal yönetimin iktidarı ele geçirmesiyle, bir çatışmaya sebebiyet vermemek için bugün Trabzon Ayasofya kapısının üzerinde rölyefi bulunan tek başlı kartal sembolünü tercih etmişlerdir. | Türkiye#59: Halk arasında Konstantinopolis (İstanbul) olarak yaygınlaşan şehir ise, Doğu Roma İmparatorluğu 'nun başkenti oldu."
anayasal cumhuriyet | anayasal cumhuriyettir,https://tr.wikipedia.org/wiki/Anayasal_cumhuriyet,2,"TürkiyeCard#7: Üniter cumhurbaşkanlığı sistemli anayasal cumhuriyet | Türkiye#16: Türkiye gelişmekte olan bir ülkedir ve cumhurbaşkanlığı sistemiyle yönetilen demokratik , laik ve üniter bir anayasal cumhuriyettir ."
"Bakırköy, İstanbul","https://tr.wikipedia.org/wiki/Bak%C4%B1rk%C3%B6y,_%C4%B0stanbul",2,"Bakırköy Anadolu Lisesi#1: Bakırköy Anadolu Lisesi ya da eski adıyla Bakırköy Lisesi , Bakırköy, İstanbul 'da yer alan; İstanbul'un sur dışı ilk ortaöğretim kurumu olma özelliğini taşıyan bir lisedir. | Bakırköy Anadolu LisesiCard#4: Bakırköy, İstanbul"
"Ankara U:(https://tr.wikipedia.org/wiki/Ankara_(il))___ 3 seçim çevresine bölünürken, ___E:Bursa | Bursa",https://tr.wikipedia.org/wiki/Bursa,2,Türkiye#127: Bursa | 2018 Türkiye genel seçimleri#19: 2017 Türkiye anayasa değişikliği referandumu sonrası kabul edilen kararla TBMM üye sayısı 550'den 600 vekile çıkarılmıştır.
faaliyet gösteren | siyasi parti,https://tr.wikipedia.org/wiki/T%C3%BCrkiye%27deki_siyasi_partiler_listesi,2,"Cumhuriyet Halk Partisi#1: Cumhuriyet Halk Partisi , Türkiye 'de faaliyet gösteren sosyal demokrat bir siyasi partidir . | Haziran 2015 Türkiye genel seçimleri#5: Seçim sonuçlarına göre, hiçbir siyasi parti tek başına iktidar olabilmek için gerekli olan 276 sandalye sayısına ulaşamadı."
1971 | 1971 Muhtırası,https://tr.wikipedia.org/wiki/12_Mart_Muht%C4%B1ras%C4%B1,2,"Cumhuriyet Halk Partisi#64: İnönü muhalefet lideri ve CHP'nin lideri olarak 8 Mayıs 1972'ye kadar görev yaptı, ancak 1971 Muhtırası 'na yaklaşımı nedeniyle yerine kurultayda Ecevit seçildi. | Türkiye#115: Ardından gelen çok partili demokrasi dönemi 1960 ve 1980 askerî darbeleri ve 1971 ve 1997 muhtıraları ile kesintiye uğradı."
Bağımsız adaylar | bağımsız adayların,https://tr.wikipedia.org/wiki/Ba%C4%9F%C4%B1ms%C4%B1z_siyaset%C3%A7i,2,"2007 Türkiye genel seçimleri#23: Mayıs 2007'de Cumhurbaşkanı Ahmet Necdet Sezer, genel seçimlerde bağımsız adayların birleşik oy pusulasında yer almasına ilişkin Anayasa'ya geçici madde eklenmesini onayladı. | Türkiye#152: İttifakın toplam oyunun %7'yi geçmesi yeterlidir."
Muhafazakâr Yükseliş Partisi,https://tr.wikipedia.org/wiki/Muhafazak%C3%A2r_Y%C3%BCkseli%C5%9F_Partisi,2,"Haziran 2015 Türkiye genel seçimleri#44: Bunun dışında Halkın Yükselişi Partisi , Muhafazakâr Yükseliş Partisi , Genç Parti ve Türkiye Komünist Partisi de milletvekili aday listelerini YSK'ya getirmediler. | Haziran 2015 Türkiye genel seçimleri#47: 6 Nisan 2015 tarihinde Türkiye Sosyalist İşçi Partisi (TSİP) ve Devrimci Halk Partisi (DEV-PARTİ), yapılan seçimlerde Cumhuriyet Halk Partisi 'ni (CHP) destekleme kararı aldıklarını açıkladılar."
Akdeniz | Zeybek U:(https://tr.wikipedia.org/wiki/Zeybek_(oyun))___ ; ___E:Batı Akdeniz,https://tr.wikipedia.org/wiki/Akdeniz_B%C3%B6lgesi,2,"Türkiye#218: Bunlar Akdeniz , Doğu Anadolu , Ege , Güneydoğu Anadolu , İç Anadolu , Karadeniz ve Marmara bölgeleridir. | Türkiye#375: Türk kültüründe halk oyunları önemli bir yer tutar."
İlkeler ve Değerler Partisi,https://tr.wikipedia.org/wiki/%C4%B0lkeler_ve_De%C4%9Ferler_Partisi,2,"Haziran 2015 Türkiye genel seçimleri#40: İlk yayınlanan listede yer almamasına rağmen, YSK'ya Komünist Parti tarafından yapılan itiraz kabul edilmiş, partinin seçime girme yeterliliğine sahip olduğu kararlaştırılmıştır. | Haziran 2015 Türkiye genel seçimleri#44: Bunun dışında Halkın Yükselişi Partisi , Muhafazakâr Yükseliş Partisi , Genç Parti ve Türkiye Komünist Partisi de milletvekili aday listelerini YSK'ya getirmediler."
ara seçimlerden | seçimler,https://tr.wikipedia.org/wiki/2003_T%C3%BCrkiye_milletvekili_ara_se%C3%A7imleri,2,"2002 Türkiye genel seçimleri#46: Geçerli oyların yüzde 34,29'unu alan Adalet ve Kalkınma Partisi elde ettiği 363 milletvekilliği ile (9 Mart 2003'te düzenlenen ara seçimlerden sonra 365'e yükseldi) tek başına hükûmeti kuracak çoğunluğu sağlarken, oyların yüzde 19,38'ini alan Cumhuriyet Halk Partisi ise kazandığı 178 milletvekilliği ile mecliste temsil edilen tek muhalefet partisi oldu. | 2002 Türkiye genel seçimleri#57: Siirt'te yapılacak ara seçim öncesinde Deniz Baykal liderliğindeki CHP'nin desteğiyle yapılan anayasa değişikliğiyle Erdoğan'ın milletvekili seçilmesinin önündeki engel kaldırdı."
İslam İşbirliği Teşkilatı,https://tr.wikipedia.org/wiki/%C4%B0slam_%C4%B0%C5%9Fbirli%C4%9Fi_Te%C5%9Fkilat%C4%B1,2,"Türkiye#18: Türkiye NATO 'nun ilk üyelerinden birisi ABD'nin ardından ittifak içinde ikinci en büyük askerî güce sahiptir. | Türkiye#174: Ülke, Birleşmiş Milletler (1945), OECD (1961), İslam İşbirliği Teşkilatı (1969), AGİT (1973), EİT (1985), KEİ (1992), D-8 (1997), G-20 (1999) ve Türk Devletleri Teşkilatı (2009) gibi uluslararası örgütlerin kurucu üyelerinden birisidir."
IMF | Uluslararası Para Fonu,https://tr.wikipedia.org/wiki/Uluslararas%C4%B1_Para_Fonu,2,"2002 Türkiye genel seçimleri#24: Mayıs 2001'de Kemal Derviş 'in açıkladığı ""Güçlü Ekonomiye Geçiş Programı"" ile IMF ve Dünya Bankası kredileriyle desteklenen program, ekonominin stabilizasyon sürecine girmesine yardımcı oldu. | 2002 Türkiye genel seçimleri#18: Türkiye, 1994 yılında en derin ekonomik krizlerinden birini yaşadı."
kadınlara seçme ve seçilme hakkı tanındı | kadınların seçme ve seçilme hakkı,https://tr.wikipedia.org/wiki/T%C3%BCrkiye%27de_kad%C4%B1nlara_se%C3%A7me_ve_se%C3%A7ilme_hakk%C4%B1n%C4%B1n_tan%C4%B1nmas%C4%B1,2,"Türkiye#107: Bu devrimlerin bir parçası olarak saltanat ve ardından hilâfet kaldırıldı, kadınlara seçme ve seçilme hakkı tanındı , Latin alfabesi kullanılmaya başlandı ve diğer birçok değişiklik yapıldı. | Cumhuriyet Halk Partisi#27: Bu reformlar arasında İsviçre ve İtalyan hukuk ve ceza kanunlarının benimsenmesi, sanayileşmenin hızlandırılması, toprak reformu ve kırsal kalkınma programları, iskân kanunu , laiklik , kadınların seçme ve seçilme hakkı ve Latin harflerine geçilmesini sağlayan Harf Devrimi gibi birçok adım bulunuyordu."
Refah Partisi,https://tr.wikipedia.org/wiki/Refah_Partisi,2,"2002 Türkiye genel seçimleri#16: Mart 1996'da Anavatan Partisi ile Doğru Yol Partisi arasında kurulan koalisyon hükûmeti, Refah Partisi lideri Necmettin Erbakan 'ın Tansu Çiller 'i yolsuzlukla suçlaması nedeniyle büyük zarar gördü ve sadece 90 gün sürdü. | 2002 Türkiye genel seçimleri#42: Erdoğan ile birlikte kapatılan Refah Partisi (RP) Genel Başkanı Necmettin Erbakan , Sosyalist Demokrasi Partisi (SDP) Lideri Akın Birdal ve Halkın Demokrasi Partisi (HADEP) eski Genel Başkanı Murat Bozlak 'ın da aralarında bulunduğu 60 kişinin adaylığı YSK tarafından reddedildi."
Sosyalist Demokrasi Partisi,https://tr.wikipedia.org/wiki/Sosyalist_Demokrasi_Partisi,2,"2002 Türkiye genel seçimleri#41: Demokrat Türkiye Partisi ve Aydınlık Türkiye Partisi , Doğru Yol Partisi listelerinden, Halkın Demokrasi Partisi , Emek Partisi ve Sosyalist Demokrasi Partisi de Demokratik Halk Partisi listelerinden seçime girdiler. | 2002 Türkiye genel seçimleri#42: Erdoğan ile birlikte kapatılan Refah Partisi (RP) Genel Başkanı Necmettin Erbakan , Sosyalist Demokrasi Partisi (SDP) Lideri Akın Birdal ve Halkın Demokrasi Partisi (HADEP) eski Genel Başkanı Murat Bozlak 'ın da aralarında bulunduğu 60 kişinin adaylığı YSK tarafından reddedildi."
Cem Uzan,https://tr.wikipedia.org/wiki/Cem_Uzan,2,"2002 Türkiye genel seçimleri#49: Milliyetçi Hareket Partisi lideri Devlet Bahçeli aday olduğu Osmaniye 'den %29,19 (58.622), ANAP lideri Mesut Yılmaz aday olduğu Rize 'den %28,58 (46.577), Genç Parti lideri Cem Uzan aday olduğu Sakarya 'dan %25,21 (108.822) ve Doğru Yol Partisi lideri Tansu Çiller aday olduğu Muğla 'dan %22,66 (87.454) oy almalarına rağmen partileri baraja takıldığından milletvekili seçilemediler. | 2002 Türkiye genel seçimleri#52: Seçimlerden kısa süre önce iş insanı Cem Uzan tarafından kurulan ve hemen hemen hiçbir siyasi geleneğe dayanmayan Genç Parti ise aldığı 7,25 oy oranıyla, yoğun propaganda faaliyetine rağmen yine de sürpriz sayılabilecek bir başarı kazandı."
parti | siyasi partidir,https://tr.wikipedia.org/wiki/Siyasi_parti,2,"Cumhuriyet Halk Partisi#1: Cumhuriyet Halk Partisi , Türkiye 'de faaliyet gösteren sosyal demokrat bir siyasi partidir . | Siyasetçi#1: Siyasetçi veya politikacı , parti politikasında etkin olan bir kişi ya da hükûmette herhangi bir görevi elinde bulunduran bir kişi."
1950 | genel seçimlerini,https://tr.wikipedia.org/wiki/1950_T%C3%BCrkiye_genel_se%C3%A7imleri,2,"Cumhuriyet Halk Partisi#10: II. | Cumhuriyet Halk Partisi#44: Demokrat Parti'nin muhalefeti ve Amerika Birleşik Devletleri 'nin çabalarıyla, parti komünizme karşı bir tavır aldı ve bazı kırsal kalkınma programlarını durdurdu."
Soğuk Savaş,https://tr.wikipedia.org/wiki/So%C4%9Fuk_Sava%C5%9F,2,Trabzon#109: Activision imzalı dünyaca ünlü savaş oyunu serisi Call of Duty 'nin Soğuk Savaş dönemini anlatan Call of Duty: Black ops Cold War oyununun bazı sahneleri Trabzon'da geçmektedir. | Türkiye#179: Türkiye'nin dış ilişkilerinin bir diğer belirleyici unsuru Amerika Birleşik Devletleri ile ilişkiler olmuştur.
direniş gruplarına | müdâfaa-i hukuk cemiyetleri,https://tr.wikipedia.org/wiki/M%C3%BCd%C3%A2faa-i_hukuk_cemiyetleri,2,"Cumhuriyet Halk Partisi#15: 4-11 Eylül 1919 tarihleri arasında toplanan Sivas Kongresi 'nde, Türkiye 'nin çeşitli bölgelerinde kurulan müdâfaa-i hukuk cemiyetleri , Anadolu ve Rumeli Müdâfaa-i Hukuk Cemiyeti (ARMHC) adı altında birleştirilmiştir. | Cumhuriyet Halk Partisi#8: Cumhuriyet Halk Partisi'nin kökeni, Türk Kurtuluş Savaşı sırasında kurulan çeşitli direniş gruplarına dayanır; bu grupların çoğu daha önce İttihat ve Terakki Cemiyeti ile bağlantılı kişilerden oluşuyordu."
Trabzon limanı | Trabzon limanına,https://tr.wikipedia.org/wiki/Trabzon_Liman%C4%B1,2,"Trabzon#52: Kent, 1923 yılında yeni kurulan Türkiye Cumhuriyeti devletinin 61. il merkezi olarak yerini almış, 1926 yılında ilk Halk Kütüphanesi ve Ziraat Bankası , 1929'da Visera Hidroelektrik santrali , 1938'de Trabzon içme suyu tesisleri, 1942'de Trabzon Lisesi , 1947'de Trabzon Numune Hastanesi, 1949'da Göğüs Hastalıkları Hastanesi, 1954'te Trabzon limanı , 1957'de Trabzon Havaalanı , 1958'de SSK Hastanesi, 1964'te Ayasofya Müzesi , 1967'de çimento fabrikası açılmış, 1976 yılında Trabzonspor futbol takımı Türkiye 1. Ligi şampiyonluğunu kazanarak bu unvanı İstanbul'dan Anadolu 'ya taşımayı başaran ilk futbol takımı olmuştur. | Trabzon#36: Dönemin raporlarına göre, sadece Kasım 1863-Temmuz 1864 arasında Trabzon limanına 180.000 göçmen gelmiştir."
beyaz eşya | ev aletleri,https://tr.wikipedia.org/wiki/Beyaz_e%C5%9Fya,2,"Türkiye#255: Beko ve Vestel gibi Türk markaları, Avrupa 'nın en büyük beyaz eşya ve tüketici elektroniği üretim şirketlerindendir, bu sektörleri geliştirmek ve yeni teknolojiler bulmak konusunda önemli miktarda yatırımlar yapmaktadırlar. | Türkiye#256: Türk ekonomisinin diğer önemli bölümlerini ise bankacılık , inşaat , ev aletleri , elektronik , tekstil , petrol arıtma , petrokimya ürünleri, gıda , madencilik , demir - çelik ve makine sanayi oluşturmaktadır."
İttihat ve Terakki | İttihat ve Terakki Cemiyeti,https://tr.wikipedia.org/wiki/%C4%B0ttihat_ve_Terakki,2,"Cumhuriyet Halk Partisi#22: Türkiye'nin siyasi tarihinde, pratikte Cumhuriyet Halk Partisi Jön Türkler ve İttihat ve Terakki 'nin devamı olarak değerlendirilmiştir. | Cumhuriyet Halk Partisi#8: Cumhuriyet Halk Partisi'nin kökeni, Türk Kurtuluş Savaşı sırasında kurulan çeşitli direniş gruplarına dayanır; bu grupların çoğu daha önce İttihat ve Terakki Cemiyeti ile bağlantılı kişilerden oluşuyordu."
Milliyetçilik ilkesi | milliyetçilik,https://tr.wikipedia.org/wiki/Atat%C3%BCrk_milliyet%C3%A7ili%C4%9Fi,2,"Cumhuriyet Halk Partisi#29: Bu süreçte milliyetçilik ilkesinin benimsenmesi, Dil Devrimi ve sözdebilimsel teorilerin ( Güneş-Dil Teorisi ve Türk Tarih Tezi ) ortaya konulmasıyla Türk milliyetçiliği ideolojisi yayıldı. | Cumhuriyet Halk Partisi#120: Parti programında bu ilkeler şöyle tanımlanmıştır: Cumhuriyetçilik ilkesi, egemenliğin ulusta olduğunu ve milli iradenin temel alındığı bir devlet düzenini savunur."
devletçilik,https://tr.wikipedia.org/wiki/Devlet%C3%A7ilik,2,"Cumhuriyet Halk Partisi#5: Logosu, Kemalizm 'in temel ilkelerini temsil eden Altı Ok 'tan oluşmaktadır: cumhuriyetçilik , inkılapçılık , laiklik , halkçılık , milliyetçilik ve devletçilik . | Cumhuriyet Halk Partisi#31: Bu dönemde parti tarihsel görüşlerden ayrılarak cumhuriyetçilik , milliyetçilik , laiklik , devrimcilik , halkçılık ve devletçilik ilkelerini benimsedi."
CHP Gençlik Kolları | Gençlik Kolları,https://tr.wikipedia.org/wiki/Cumhuriyet_Halk_Partisi_Gen%C3%A7lik_Kollar%C4%B1,2,"Cumhuriyet Halk PartisiCard#15: CHP Gençlik Kolları | Cumhuriyet Halk Partisi#139: 17 Şubat 1954 tarihli CHP Genel İdare Kurulu toplantısında Suphi Baykam 'ın başkanlığında Gençlik Kolları Merkez Yönetim Kurulunun atanmasıyla resmen kurulan ve Türkiye'nin ilk gençlik örgütlenmesi olan CHP Gençlik Kolları, ilk kurultayını 1-2 Ağustos 1961 tarihinde gerçekleştirmiştir."
milletvekili,https://tr.wikipedia.org/wiki/Milletvekili,2,"Türkiye#148: Türkiye'de 88 seçim bölgesi vardır ve bu seçim bölgelerinden aday olan 18 yaş üstü kişilerden 600 tanesi beş yıl aralıklarla liste usulü çoğunluk seçim sistemi yoluyla milletvekili olarak seçilir. | Haziran 2015 Türkiye genel seçimleri#6: 2002 yılından beri iktidarda olan Adalet ve Kalkınma Partisi (AK Parti) meclis çoğunluğunu kaybetti fakat %40,9 oy oranı ve 258 sandalye sayısı ile seçimlerden birinci parti olarak çıktı."
Zaza | Zazalar,https://tr.wikipedia.org/wiki/Zazalar,2,"Türkiye#315: Yapılan araştırmalara göre Türkiye'de Arnavutlar , Azeriler , Araplar , Boşnaklar , Çerkesler , Çingeneler , Gürcüler , Hemşinliler , Lazlar , Pomaklar , Süryaniler ve Zazalar dâhil olmak üzere pek çok etnik grup yaşasa da, ülkede resmen tanınan azınlıklar sadece Ermeniler , Rumlar , Bulgarlar , Yahudilerdir . | Türkiye#108: Türkiye Büyük Millet Meclisi, 1934 yılında çıkan Soyadı Kanunu ile kendisine ""Atatürk"" soyadını verdi."
Cumhuriyet Halk Partisi Genel Sekreterliği | genel sekreteri,https://tr.wikipedia.org/wiki/Cumhuriyet_Halk_Partisi_genel_sekreterleri_listesi,2,"Akif Hamzaçebi#17: Cumhuriyet Halk Partisi'nin 3-4 Şubat 2018 tarihlerinde yapılan 36. Olağan Adalet ve Cesaret Kurultayında delegelerin oylarıyla Parti Meclisine seçilmiş, 12 Şubat 2018 tarihinde Cumhuriyet Halk Partisi Genel Sekreterliği görevine getirilmiştir. | Cumhuriyet Halk Partisi#7: Partinin genel başkanı Özgür Özel , genel sekreteri Selin Sayek Böke 'dir."
Kasım 2015 | Kasım ayında yapılan erken seçimde,https://tr.wikipedia.org/wiki/Kas%C4%B1m_2015_T%C3%BCrkiye_genel_se%C3%A7imleri,2,Cumhuriyet Halk Partisi#96: CHP ise haftalar süren müzakerelerin ardından AK Parti ile hükûmet kurmayı reddetti. | Akif HamzaçebiCard#3: 2002 – Trabzon 2007 – Trabzon 2011 – İstanbul (I) Haziran 2015 – İstanbul (I) Kasım 2015 – İstanbul (I) 2018 – İstanbul (I)
Ankara Üniversitesi Siyasal Bilgiler Fakültesi,https://tr.wikipedia.org/wiki/Ankara_%C3%9Cniversitesi_Siyasal_Bilgiler_Fak%C3%BCltesi,2,"Akif Hamzaçebi#5: 1970 yılında İstanbul Bakırköy Lisesi 'nden, 1974 yılında Ankara Üniversitesi Siyasal Bilgiler Fakültesi İktisat ve Maliye Bölümünden mezun oldu. | Akif HamzaçebiCard#6: Bakırköy Lisesi Ankara Üniversitesi Siyasal Bilgiler Fakültesi Gazi Üniversitesi Sosyal Bilimler Enstitüsü"
Gürcistan,https://tr.wikipedia.org/wiki/G%C3%BCrcistan,2,"Türkiye#2: Batıda Bulgaristan ve Yunanistan , doğuda Gürcistan , Ermenistan , İran ve Azerbaycan , güneyde ise Irak ve Suriye ile sınır komşusudur. | Türkiye#216: Ayrıca 5.137 metre (16.854 ft) yüksekliğindeki Türkiye'nin en yüksek dağı olan Ağrı Dağı ve en büyük gölü olan Van Gölü de Doğu Anadolu'da yer alır."
Bakırköy Lisesi,https://tr.wikipedia.org/wiki/Bak%C4%B1rk%C3%B6y_Lisesi,2,"Akif Hamzaçebi#5: 1970 yılında İstanbul Bakırköy Lisesi 'nden, 1974 yılında Ankara Üniversitesi Siyasal Bilgiler Fakültesi İktisat ve Maliye Bölümünden mezun oldu. | Akif HamzaçebiCard#6: Bakırköy Lisesi Ankara Üniversitesi Siyasal Bilgiler Fakültesi Gazi Üniversitesi Sosyal Bilimler Enstitüsü"
tarım | tarımın,https://tr.wikipedia.org/wiki/Tar%C4%B1m,2,"Türkiye#257: Bu oranlara rağmen hâlâ daha nüfusun dörtte biri tarım sektöründe çalışmaktadır. | Türkiye#225: Anadolu, üzerinde tarımın yapılmaya başladığı yıllardan itibaren birçok bitkinin anavatanı olmuştur ve günümüzde bu bitkiler Türkiye'de yaşayan insanlar tarafından kullanılmaktadır."
Gazi Üniversitesi,https://tr.wikipedia.org/wiki/Gazi_%C3%9Cniversitesi,2,"Akif Hamzaçebi#5: 1970 yılında İstanbul Bakırköy Lisesi 'nden, 1974 yılında Ankara Üniversitesi Siyasal Bilgiler Fakültesi İktisat ve Maliye Bölümünden mezun oldu. | Gazi Üniversitesi Sosyal Bilimler Enstitüsü#5: Enstitü Gazi Üniversitesi Beşevler Kampüsünde İktisadi ve İdari Bilimler Fakültesi binasında bulunmaktadır."
Jandarma | Jandarma Genel Komutanlığı,https://tr.wikipedia.org/wiki/Jandarma_Genel_Komutanl%C4%B1%C4%9F%C4%B1,2,"Türkiye#171: Türkiye'de kolluk kuvvetleri Emniyet Genel Müdürlüğü ve Jandarma Genel Komutanlığı gibi çeşitli birimlere ayrılmaktadır. | Türkiye#191: İç emniyeti sağlama ve askerî işlevleri olan Jandarma ile Sahil Güvenlik , barış zamanında İçişleri Bakanlığına, savaş zamanında Kara ve Deniz kuvvetlerine bağlıdır."
Evliya Çelebi,https://tr.wikipedia.org/wiki/Evliya_%C3%87elebi,2,"Trabzon#3: Trabzon iki il ile birlikte de "" şehzadeler şehri"" olarak anılır. | Trabzon#61: Ayrıca Evliya Çelebi , eserinde Trabzon bölgesi için ""20.000 Çepni Türkmen çadırının bulunduğu yer."" olarak bahsetmektedir."
Roma,https://tr.wikipedia.org/wiki/Roma,2,"Trabzon#8: Eusebius 'a göre şehrin kuruluş tarihini MÖ 756 olmakla birlikte bu iddia Trabzon'u İstanbul, Roma hatta, genel kanıya göre Trabzon ve diğer Doğu Karadeniz kolonizasyonunu gerçekleştiren Sinop 'tan daha eski bir kent yapmaktadır. | Türkiye#58: Başkenti Roma olarak kalan Batı Roma İmparatorluğu , 476'da yıkıldı."
cumhurbaşkanı,https://tr.wikipedia.org/wiki/T%C3%BCrkiye_cumhurba%C5%9Fkan%C4%B1,2,"Türkiye#106: Türkiye Cumhuriyeti Devleti'nin kurucusu ve ilk cumhurbaşkanı olan Mustafa Kemal, dine dayalı ve çok uluslu eski Osmanlı monarşisini laik bir anayasa altında parlamenter bir cumhuriyet olarak yönetilecek bir Türk ulus devletine dönüştürme amacını içeren birçok devrim yaptı. | Cumhuriyet Halk Partisi#3: Türkiye Cumhuriyeti'nin kurucusu ve ilk cumhurbaşkanı Mustafa Kemal Atatürk tarafından kurulan parti, Türkiye'nin en eski siyasi partisidir."
cumhuriyetçilik,https://tr.wikipedia.org/wiki/Cumhuriyet%C3%A7ilik,2,"Cumhuriyet Halk Partisi#5: Logosu, Kemalizm 'in temel ilkelerini temsil eden Altı Ok 'tan oluşmaktadır: cumhuriyetçilik , inkılapçılık , laiklik , halkçılık , milliyetçilik ve devletçilik . | Cumhuriyet Halk Partisi#31: Bu dönemde parti tarihsel görüşlerden ayrılarak cumhuriyetçilik , milliyetçilik , laiklik , devrimcilik , halkçılık ve devletçilik ilkelerini benimsedi."
Bakü-Tiflis-Ceyhan Petrol Boru Hattı | Bakü-Tiflis-Ceyhan petrol boru hattı,https://tr.wikipedia.org/wiki/Bak%C3%BC-Tiflis-Ceyhan_Petrol_Boru_Hatt%C4%B1,2,"Türkiye#184: Özellikle Azerbaycan , Türkiye ile ilişkilerinin önemini vurguladı. | Türkiye#294: Dünyanın en uzun ikinci petrol boru hattı olan Bakü-Tiflis-Ceyhan petrol boru hattı 2005 yılında açıldı."
38. Olağan Kurultay | kurultayda,https://tr.wikipedia.org/wiki/Cumhuriyet_Halk_Partisi_38._Ola%C4%9Fan_Kurultay%C4%B1,2,"Cumhuriyet Halk Partisi#106: Seçimden sonra düzenlenen 38. Olağan Kurultay 'da, Özgür Özel , 2010'dan beri bu görevi sürdüren Kılıçdaroğlu'nu yenerek CHP'nin genel başkanı seçildi. | Cumhuriyet Halk Partisi#107: Özel, 5 Kasım 2023 tarihinde gerçekleştirilen kurultayda Kemal Kılıçdaroğlu karşısında 2. turda 812 oy ile CHP genel başkanı seçildi."
Yaşar Büyükanıt,https://tr.wikipedia.org/wiki/Ya%C5%9Far_B%C3%BCy%C3%BCkan%C4%B1t,2,2007 Türkiye genel seçimleri#13: Yemin töreni CHP ve Genelkurmay Başkanı Yaşar Büyükanıt tarafından boykot edildi. | Cumhuriyet Halk Partisi#87: Yemin töreni CHP ve Genelkurmay Başkanı Orgeneral Yaşar Büyükanıt tarafından boykot edildi.
voleybol,https://tr.wikipedia.org/wiki/Voleybol,1,Türkiye Voleybol FederasyonuCard#1: voleybol plaj voleybolu
Avrupa Voleybol Konfederasyonu (CEV),https://tr.wikipedia.org/wiki/Avrupa_Voleybol_Konfederasyonu,1,"Türkiye Voleybol Federasyonu#1: Türkiye Voleybol Federasyonu , 1958'de Voleybol-Eltopu Federasyonu adıyla kuruldu."
Deniz Kuvvetleri,https://tr.wikipedia.org/wiki/T%C3%BCrk_Deniz_Kuvvetleri,1,"Türkiye#190: Türk Silahlı Kuvvetleri üç bölümden oluşur: Kara Kuvvetleri , Deniz Kuvvetleri ve Türk Hava Kuvvetleri ."
Göktürk-2,https://tr.wikipedia.org/wiki/G%C3%B6kt%C3%BCrk-2,1,"Türkiye#302: Proje bir uzay üssünün inşasından, uydu fırlatma araçlarının geliştirilmesinden ve yer istasyonlarının kurulmasından oluşur."
Beşiktaş Park,https://tr.wikipedia.org/wiki/Be%C5%9Fikta%C5%9F_Park,1,"Türkiye#395: Türkiye, UEFA tarafından düzenlenen birçok önemli futbol organizasyonuna ev sahipliği yapmıştır."
empresyonizm,https://tr.wikipedia.org/wiki/%C4%B0zlenimcilik,1,Türkiye#363: Çağdaş eğilimlerle birlikte empresyonizm de gelişim gösterdi ve Halil Paşa resimlerinde empresyonizmi kullandı.
2022-23,https://tr.wikipedia.org/wiki/2022-23_EuroLeague_Women,1,"Türkiye#406: Fenerbahçe, 2022-23 ve 2023-24 sezonlarında üst üste iki Euroleague Women şampiyonluğunun ardından 2023 FIBA Europe SuperCup Women 'ı kazandı."
Aksaray Malaklısı,https://tr.wikipedia.org/wiki/Aksaray_malakl%C4%B1s%C4%B1,1,Türkiye#233: Ülkenin diğer ulusal sembollerinden biri ise Van kedisidir ve adını Doğu Anadolu'da yer alan Van ilinden alır.
duvar tırmaşık kuşu,https://tr.wikipedia.org/wiki/Duvar_t%C4%B1rma%C5%9F%C4%B1k_ku%C5%9Fu,1,Türkiye#229: Bu dağların doğu ucunda Kafkasya karışık ormanları yer alır.
Gölleriyle,https://tr.wikipedia.org/wiki/G%C3%B6l,1,"Türkiye#207: Türkiye toprakları kabaca bir dikdörtgen şeklini andırır, 1.600 kilometre (1.000 mi) uzunluğunda ve 800 km (500 mi) genişliğindedir."
Batı Ermenicesi,https://tr.wikipedia.org/wiki/Bat%C4%B1_Ermenicesi,1,"Türkiye#328: Bunlara Abazaca , Abhazca , Batı Ermenicesi , Çerkesçe , Çingenece , Doğu Çerkesçesi , Hemşince , Hertevince , Kapadokya Yunancası , Lazca , Pontus Rumcası , Ubıhça , Yahudi İspanyolcası ve Zazaca örnek verilebilir."
Hemşince,https://tr.wikipedia.org/wiki/Hem%C5%9Fince,1,"Türkiye#328: Bunlara Abazaca , Abhazca , Batı Ermenicesi , Çerkesçe , Çingenece , Doğu Çerkesçesi , Hemşince , Hertevince , Kapadokya Yunancası , Lazca , Pontus Rumcası , Ubıhça , Yahudi İspanyolcası ve Zazaca örnek verilebilir."
Batılılaşma,https://tr.wikipedia.org/wiki/Bat%C4%B1l%C4%B1la%C5%9Fma,1,Türkiye#359: Ülkedeki Batılılaşma hareketi ise Osmanlı İmparatorluğu'nun Tanzimat döneminde başladı ve bugüne kadar sürmeye devam etti.
İslam dünyası,https://tr.wikipedia.org/wiki/%C4%B0slam_d%C3%BCnyas%C4%B1,1,"Türkiye#60: Oğuz Türkleri , Müslüman olduktan sonra İslam dünyası çevrelerine daha yakın yerlerde ikamet ettiler ve 9. yüzyılda Hazar Denizi ile Aral Gölü 'nün kuzeyine yerleşmeye başladılar."
Doğu Çerkesçesi,https://tr.wikipedia.org/wiki/Kabardeyce,1,"Türkiye#328: Bunlara Abazaca , Abhazca , Batı Ermenicesi , Çerkesçe , Çingenece , Doğu Çerkesçesi , Hemşince , Hertevince , Kapadokya Yunancası , Lazca , Pontus Rumcası , Ubıhça , Yahudi İspanyolcası ve Zazaca örnek verilebilir."
Tanzimat Fermanı,https://tr.wikipedia.org/wiki/Tanzimat_Ferman%C4%B1,1,"Türkiye#80: Yapılan pek çok ıslahat ve 19. yüzyılda ilan edilen Tanzimat Fermanı , ülkenin modernleşmesini amaçladı; ancak başarılı olamadı."
başkenti,https://tr.wikipedia.org/wiki/Ba%C5%9Fkent,1,Türkiye#4: Resmî olarak laik bir devlet olan Türkiye'de nüfusun çoğunluğu Müslümandır .
Afganistan,https://tr.wikipedia.org/wiki/Afganistan,1,Türkiye#189: Bunun yanı sıra varlığı tartışmalı olsa da Kuzey Kıbrıs Türk Cumhuriyeti topraklarında 36.000 askerini bulundurmaktadır.
36°,https://tr.wikipedia.org/wiki/36._kuzey_enlemi,1,"Türkiye#207: Türkiye toprakları kabaca bir dikdörtgen şeklini andırır, 1.600 kilometre (1.000 mi) uzunluğunda ve 800 km (500 mi) genişliğindedir."
askerî darbeleri,https://tr.wikipedia.org/wiki/Darbe,1,Türkiye#115: Ardından gelen çok partili demokrasi dönemi 1960 ve 1980 askerî darbeleri ve 1971 ve 1997 muhtıraları ile kesintiye uğradı.
Van Gölü,https://tr.wikipedia.org/wiki/Van_G%C3%B6l%C3%BC,1,Türkiye#216: Ayrıca 5.137 metre (16.854 ft) yüksekliğindeki Türkiye'nin en yüksek dağı olan Ağrı Dağı ve en büyük gölü olan Van Gölü de Doğu Anadolu'da yer alır.
Türkiye veya Türk İmparatorluğu,"https://tr.wikipedia.org/wiki/Osmanl%C4%B1_%C4%B0mparatorlu%C4%9Fu%27nun_isimleri#İmparatorluk_dönemi,_1453",1,"Türkiye#24: Sözcüğün Yunanca soydaşı olan Tourkia ( Yunanca : Τουρκία ), Bizans İmparatoru ve bilgini VII."
Servet-i Fünûn,https://tr.wikipedia.org/wiki/Servet-i_F%C3%BCn%C3%BBn_edebiyat%C4%B1,1,"Türkiye#371: Bu arada Servet-i Fünûn , Fecr-i Ati ve Millî Edebiyat gibi çeşitli edebiyat hareketleri ortaya çıktı."
Şah İsmail,https://tr.wikipedia.org/wiki/I._%C4%B0smail,1,Türkiye#72: 1514 yılında I.
Hindistan,https://tr.wikipedia.org/wiki/Hindistan,1,Türkiye#74: Portekizlilerin Hindistan üzerinde egemenlik sağlaması Osmanlı tarafından bir tehdit olarak algılandı.
2016 yılındaki darbe girişimi takip eden tasfiyeler,https://tr.wikipedia.org/wiki/2016-18_T%C3%BCrkiye_tasfiyeleri,1,"Türkiye#201: Ülkede çok sayıda gazeteci önceleri Ergenekon ve Balyoz davaları gibi çeşitli davalar kapsamında, daha sonraları 2016 yılındaki darbe girişimi takip eden tasfiyeler çerçevesinde ""terörizm"" ve ""devlet karşıtı faaliyetler"" ile suçlanarak tutuklandı."
Siirt,https://tr.wikipedia.org/wiki/Siirt,1,"Türkiye#320: Kürtlerin nüfus içindeki oranı CIA'e göre %18, Konda'ya göre %15, Konsensus'a göre %14'tür."
İstanbul Teknik Üniversitesi,https://tr.wikipedia.org/wiki/%C4%B0stanbul_Teknik_%C3%9Cniversitesi,1,Türkiye#362: Resim dersleri ilk olarak teknik ihtiyaçlar için 1793 yılında şu anki İstanbul Teknik Üniversitesi 'nde verilmeye başlandı.
26°,https://tr.wikipedia.org/wiki/26._do%C4%9Fu_meridyeni,1,"Türkiye#207: Türkiye toprakları kabaca bir dikdörtgen şeklini andırır, 1.600 kilometre (1.000 mi) uzunluğunda ve 800 km (500 mi) genişliğindedir."
Avrupa Birliği-Türkiye Gümrük Birliği,https://tr.wikipedia.org/wiki/Avrupa_Birli%C4%9Fi-T%C3%BCrkiye_G%C3%BCmr%C3%BCk_Birli%C4%9Fi,1,"Türkiye#248: 1995'te başlayan Avrupa Birliği-Türkiye Gümrük Birliği tarifeleriyle birlikte Türkiye'de geniş bir liberalleşme yolu açıldı ve bu gümrük birliği, ülkenin dış ticaret politikasının önemli taşlarından birini oluşturur hâle geldi."
dış ticaret açığı,https://tr.wikipedia.org/wiki/Ticaret_dengesi,1,"Türkiye#250: Ancak aynı yıl ithalatın $242,2 milyarı bulması sebebiyle $84,5 milyar tutarında dış ticaret açığı oluştu."
Azeriler,https://tr.wikipedia.org/wiki/Azeriler,1,"Türkiye#315: Yapılan araştırmalara göre Türkiye'de Arnavutlar , Azeriler , Araplar , Boşnaklar , Çerkesler , Çingeneler , Gürcüler , Hemşinliler , Lazlar , Pomaklar , Süryaniler ve Zazalar dâhil olmak üzere pek çok etnik grup yaşasa da, ülkede resmen tanınan azınlıklar sadece Ermeniler , Rumlar , Bulgarlar , Yahudilerdir ."
Times Higher Education Dünya Üniversiteler sıralamasında,https://tr.wikipedia.org/wiki/Times_Higher_Education_D%C3%BCnya_%C3%9Cniversiteler_s%C4%B1ralamas%C4%B1,1,Türkiye#351: 2019 itibarıyla Türkiye'deki üniversite sayısı 208'dir.
Hint Okyanusu,https://tr.wikipedia.org/wiki/Hint_Okyanusu,1,"Türkiye#73: Ardından Kızıldeniz , Umman Denizi ve Basra Körfezi üzerinde Osmanlı ve Portekiz imparatorlukları arasında, Hint Okyanusu 'nda üstünlüğü ele geçirmek için bazı çeşitli deniz muharebeleri yapıldı."
ekosistemi,https://tr.wikipedia.org/wiki/Ekosistem,1,"Türkiye#224: Türkiye'nin olağanüstü ekosistemi ve habitat çeşitliliği, ülkede önemli bir tür çeşitliliğinin oluşmasını sağlamıştır."
Paşa,https://tr.wikipedia.org/wiki/Pa%C5%9Fa,1,Türkiye#100: I.
Anadolu Üniversitesinin,https://tr.wikipedia.org/wiki/Anadolu_%C3%9Cniversitesi,1,Türkiye#351: 2019 itibarıyla Türkiye'deki üniversite sayısı 208'dir.
Fikret Mualla,https://tr.wikipedia.org/wiki/Fikret_Muall%C3%A2,1,"Türkiye#364: Sonraki yıllarda D Grubu sanatçılarından Abidin Dino ve Cemal Tollu dâhil olmak üzere Fikret Mualla , Fahrelnisa Zeid , Bedri Rahmi Eyüboğlu , Adnan Çoker ve Burhan Doğançay gibi sanatçılar son 30 yıl boyunca Batı'da gelişen bazı eğilimleri tanıttılar."
Türkiye kadın millî voleybol takımı,https://tr.wikipedia.org/wiki/T%C3%BCrkiye_kad%C4%B1n_mill%C3%AE_voleybol_tak%C4%B1m%C4%B1,1,"Türkiye#408: Filenin sultanları olarak da bilinen Türkiye kadın millî voleybol takımı 2023 yılı millî takım sezonunda; Milletler Ligi Şampiyonluğu kupası, Avrupa Şampiyonluğu kupası ve Dünya Kupası adıyla oynanan Olimpiyat Elemelerinde kazandığı kupa olmak üzere 3 kupa birden kazanmıştır."
Sinan Erdem Spor Salonu,https://tr.wikipedia.org/wiki/Sinan_Erdem_Spor_Salonu,1,"Türkiye#403: Şampiyonayı FIBA, Türkiye Basketbol Federasyonu ve 2010 Organizasyon Komitesi ortaklaşa organize etmiştir ve ikinci olmuştur."
Süper Lig,https://tr.wikipedia.org/wiki/S%C3%BCper_Lig,1,Türkiye#392: Futbol ligler hâlinde oynanmakta ve bunların en büyüğü Süper Lig 'dir.
Millî Savunma Bakanlığı U:(https://tr.wikipedia.org/wiki/Mill%C3%AE_Savunma_Bakanl%C4%B1%C4%9F%C4%B1_(T%C3%BCrkiye))___ 'na ait ve Türk Havacılık ve Uzay Sanayii (TUSAŞ) tarafından işletilen bir uzay aracı üretim ve test tesisidir. ___E:Uydu Fırlatma Sistemi,https://tr.wikipedia.org/wiki/Uydu_F%C4%B1rlatma_Sistemi,1,"Türkiye#301: Askerî teknoloji alanında araştırma ve geliştirme amacıyla kurulan devlet şirketleri arasında TUSAŞ , ASELSAN , HAVELSAN , ROKETSAN ve MKE bulunmaktadır."
Yükseköğretim Kurumları Sınavı,https://tr.wikipedia.org/wiki/Y%C3%BCksek%C3%B6%C4%9Fretim_Kurumlar%C4%B1_S%C4%B1nav%C4%B1,1,Türkiye#351: 2019 itibarıyla Türkiye'deki üniversite sayısı 208'dir.
Osmanlıcılık,https://tr.wikipedia.org/wiki/Osmanl%C4%B1c%C4%B1l%C4%B1k,1,"Türkiye#81: Bunun yanı sıra, ülkede toprak bütünlüğünü korumak için geliştirilen, farklı dinî ve etnik kökenlere sahip kişilerin bir arada yaşaması fikrini içeren Osmanlıcılık akımı da başarıya ulaşamayarak dağılmanın önüne geçemedi ."
Kafkasya karışık ormanları,https://tr.wikipedia.org/wiki/Kafkasya_karma_ormanlar%C4%B1,1,Türkiye#229: Bu dağların doğu ucunda Kafkasya karışık ormanları yer alır.
Anadolu medeniyetlerinin,https://tr.wikipedia.org/wiki/Anadolu_tarihi,1,Türkiye#5: Türkiye toprakları üzerinde bulunan ilk yerleşmeler Yontma Taş Devri 'nde başlar.
üniter devlettir,https://tr.wikipedia.org/wiki/T%C3%BCrkiye%27de_%C3%BCniter_devlet,1,"Türkiye#128: Türkiye, çok partili sisteme sahip temsilî demokrasinin uygulandığı üniter devlettir ."
İspanya,https://tr.wikipedia.org/wiki/%C4%B0spanya,1,"Türkiye#276: Türkiye, 625 Mavi Bayraklı plaja ev sahipliği yaparak İspanya ve Yunanistan 'ın ardından dünyada üçüncü sırada yer almaktadır."
Karşılama,https://tr.wikipedia.org/wiki/Kar%C5%9F%C4%B1lama_oyunlar%C4%B1,1,Türkiye#375: Türk kültüründe halk oyunları önemli bir yer tutar.
final,https://tr.wikipedia.org/wiki/2013_FIFA_20_Ya%C5%9F_Alt%C4%B1_D%C3%BCnya_Kupas%C4%B1_finali,1,"Türkiye#395: Türkiye, UEFA tarafından düzenlenen birçok önemli futbol organizasyonuna ev sahipliği yapmıştır."
coğrafi,https://tr.wikipedia.org/wiki/Co%C4%9Frafya,1,"Türkiye#125: Ayrıca ülke coğrafi , demografik ve ekonomik koşullar göz önüne alınarak idari anlam taşımayan 7 bölge ve 21 alt bölgeye ayrılmıştır."
Bayağı atmaca,https://tr.wikipedia.org/wiki/Atmaca,1,Türkiye#229: Bu dağların doğu ucunda Kafkasya karışık ormanları yer alır.
2002 FIFA Dünya Kupası,https://tr.wikipedia.org/wiki/2002_FIFA_D%C3%BCnya_Kupas%C4%B1,1,Türkiye#394: Galatasaray Avrupa 'da kupa kazanan ilk ve tek Türk futbol takımıdır.
2023,https://tr.wikipedia.org/wiki/2023_UEFA_%C5%9Eampiyonlar_Ligi_finali,1,"Türkiye#395: Türkiye, UEFA tarafından düzenlenen birçok önemli futbol organizasyonuna ev sahipliği yapmıştır."
Fosil yakıtlar,https://tr.wikipedia.org/wiki/Fosil_yak%C4%B1t,1,Türkiye#270: Elektrik üretimi için kullanılan kaynaklar çeşitlilik gösterir.
ülkelere göre sağlık endeksi,https://tr.wikipedia.org/wiki/%C3%9Clkelere_g%C3%B6re_sa%C4%9Fl%C4%B1k_endeksi,1,"Türkiye#356: Türkiye, 2020 yılı ortası itibarıyla Numbeo sağlık araştırmaları şirketine göre 100 üzerinden 70.36 puan ile ülkelere göre sağlık endeksi sıralamasına 28. sırada yer almaktadır."
Türkiye hükûmeti,https://tr.wikipedia.org/wiki/T%C3%BCrkiye_h%C3%BCk%C3%BBmeti,1,"Türkiye#28: Mayıs 2022'de Türkiye hükûmeti , Birleşmiş Milletler ve diğer uluslararası kuruluşlardan İngilizce olarak Turkey yerine Türkiye kullanılmasını talep etmiş ve bu talep Birleşmiş Milletler tarafından kabul edilmiştir."
Amerikan doları,https://tr.wikipedia.org/wiki/Amerikan_dolar%C4%B1,1,"Türkiye#278: Türkiye, 2023 yılında yaklaşık 1.154 trilyon Amerikan doları GSYİH ile dünyanın en büyük 17. ekonomisi, Avrupa 'nın ise en büyük 7. ekonomisi olmuştur."
Gaugamela Muharebesi,https://tr.wikipedia.org/wiki/Gaugamela_Muharebesi,1,"Türkiye#49: Ardından, İskenderun civarında ( Antakya ) gerçekleşen İssos Savaşı 'nda ve akabinde Irak civarında meydana gelen Gaugamela Muharebesi 'nde Ahameniş hükümdarı III."
Adrese Dayalı Nüfus Kayıt Sistemi,https://tr.wikipedia.org/wiki/Adrese_Dayal%C4%B1_N%C3%BCfus_Kay%C4%B1t_Sistemi,1,Türkiye#306: Adrese Dayalı Nüfus Kayıt Sistemi sonucunda elde edilen verilere göre 2024 itibarıyla Türkiye'nin nüfusu 85.664.944'tür.
İzmit Körfezi,https://tr.wikipedia.org/wiki/%C4%B0zmit_K%C3%B6rfezi,1,"Türkiye#290: 15 Temmuz Şehitler Köprüsü (1973), Fatih Sultan Mehmet Köprüsü (1988) ve Yavuz Sultan Selim Köprüsü (2016), İstanbul Boğazı 'nın Avrupa ve Asya kıyılarını birbirine bağlayan üç asma köprüdür."
Sovyetler Birliği'nin dağılmasının,https://tr.wikipedia.org/wiki/Sovyetler_Birli%C4%9Fi%27nin_da%C4%9F%C4%B1lmas%C4%B1,1,Türkiye#182: 1991 yılında Sovyetler Birliği'nin dağılmasının üzerine Türk Cumhuriyetleri bağımsızlıklarını elde ettiler.
Türk Hava Yolları,https://tr.wikipedia.org/wiki/T%C3%BCrk_Hava_Yollar%C4%B1,1,"Türkiye#278: Türkiye, 2023 yılında yaklaşık 1.154 trilyon Amerikan doları GSYİH ile dünyanın en büyük 17. ekonomisi, Avrupa 'nın ise en büyük 7. ekonomisi olmuştur."
kaymakamlar,https://tr.wikipedia.org/wiki/Kaymakam,1,"Türkiye#121: İllerin başında valiler , ilçelerin başında kaymakamlar yönetici olarak görevlidir."
Kanada,https://tr.wikipedia.org/wiki/Kanada,1,Türkiye#102: Ankara Hükûmeti silahlı ve diplomatik mücadeleye girişti.
Osmangazi Köprüsü,https://tr.wikipedia.org/wiki/Osmangazi_K%C3%B6pr%C3%BCs%C3%BC,1,"Türkiye#290: 15 Temmuz Şehitler Köprüsü (1973), Fatih Sultan Mehmet Köprüsü (1988) ve Yavuz Sultan Selim Köprüsü (2016), İstanbul Boğazı 'nın Avrupa ve Asya kıyılarını birbirine bağlayan üç asma köprüdür."
oy kullanma,https://tr.wikipedia.org/wiki/Oy_hakk%C4%B1,1,"Türkiye#145: 18 yaşını doldurmuş her Türk vatandaşı, seçimlerde oy kullanma ve aday olma hakkına sahiptir."
Dubai,https://tr.wikipedia.org/wiki/Dubai,1,"Türkiye#277: Euromonitor International'ın raporuna göre, 2024 yılında İstanbul dünyanın en çok ziyaret edilen 2. şehri, ""turizm başkenti"" kabul edilen Antalya ise Paris ve Dubai gibi metropolleri geride bırakarak 6. sırada yer aldı."
Babil,https://tr.wikipedia.org/wiki/Babil,1,Türkiye#52: MÖ 323'te İskender'in Babil 'deki ani ölümünün ardından Anadolu bölünerek küçük Helenistik krallıklar ortaya çıktı.
Türkiye'de vicdanî ret,https://tr.wikipedia.org/wiki/T%C3%BCrkiye%27de_vicdani_ret,1,Türkiye#194: Sağlık sorunu olmayan her erkek Türk vatandaşının eğitim durumu ve iş yerine bağlı olarak üç hafta ile altı ay arasında değişen bir süreliğine askerî hizmet yapması zorunludur .
kuvvetler ayrılığı,https://tr.wikipedia.org/wiki/Kuvvetler_ayr%C4%B1l%C4%B1%C4%9F%C4%B1,1,"Türkiye#133: Devlet, anayasa tarafından tanımlanan bir kuvvetler ayrılığı sistemi ile düzenlenmiştir ve yasama , yürütme ve yargı olmak üzere üç kola ayrılmaktadır:"
Fatih Sultan Mehmet Köprüsü,https://tr.wikipedia.org/wiki/Fatih_Sultan_Mehmet_K%C3%B6pr%C3%BCs%C3%BC,1,"Türkiye#290: 15 Temmuz Şehitler Köprüsü (1973), Fatih Sultan Mehmet Köprüsü (1988) ve Yavuz Sultan Selim Köprüsü (2016), İstanbul Boğazı 'nın Avrupa ve Asya kıyılarını birbirine bağlayan üç asma köprüdür."
geniş bant,https://tr.wikipedia.org/wiki/Geni%C5%9F_bant,1,"Türkiye#385: Yüzlerce televizyon kanalı, binlerce yerel ve ulusal radyo istasyonu, onlarca gazetesi, kâr sağlayan üretken yerli sineması ve hızlı büyüyen geniş bant internet kullanımı ile Türkiye'nin oldukça canlı bir medya sektörü vardır."
sürgün,https://tr.wikipedia.org/wiki/S%C3%BCrg%C3%BCn_cezas%C4%B1,1,"Türkiye#15: Cumhuriyet, ülkenin ilk cumhurbaşkanı Mustafa Kemal Atatürk tarafından 29 Ekim 1923'te ilan edildi ."
İznik,https://tr.wikipedia.org/wiki/%C4%B0znik,1,"Türkiye#65: Başkenti İznik olan Anadolu Selçuklular, Birinci Haçlı Seferi sırasında İznik 'in Bizans'ın eline geçmesiyle Sultan I."
Vestel,https://tr.wikipedia.org/wiki/Vestel,1,"Türkiye#255: Beko ve Vestel gibi Türk markaları, Avrupa 'nın en büyük beyaz eşya ve tüketici elektroniği üretim şirketlerindendir, bu sektörleri geliştirmek ve yeni teknolojiler bulmak konusunda önemli miktarda yatırımlar yapmaktadırlar."
Somali,https://tr.wikipedia.org/wiki/Somali,1,"Türkiye#188: Türkiye, 1950'den bu yana Birleşmiş Milletler ve NATO bünyesi dâhilinde uluslararası alanda çeşitli güçlerin korunmasına yardımcı olmuştur."
Ankara kedisi,https://tr.wikipedia.org/wiki/Ankara_kedisi,1,"Türkiye#232: Türkiye'nin başkenti Ankara , kendi adını taşıyan Ankara kedisi , Ankara tavşanı ve Ankara keçisi gibi hayvanlarıyla ünlüdür."
Anadolu Efes,https://tr.wikipedia.org/wiki/Anadolu_Efes_SK,1,Türkiye#397: Basketbolun en büyük ligi Basketbol Süper Ligi 'dir.
Alman,https://tr.wikipedia.org/wiki/Almanlar,1,"Türkiye#23: Bunların yanı sıra, Orta Çağ 'ın Alman seyyahları bölgeyi Turkei veya Tirkenland şeklinde, Fransızlar ise Turquie şeklinde andı."
Orhan Pamuk,https://tr.wikipedia.org/wiki/Orhan_Pamuk,1,"Türkiye#374: Örneğin romanlarında ""kültürlerin birbiriyle çatışması ve örülmesi için yeni simgeler bulan"" Orhan Pamuk , 2006 yılında Nobel Edebiyat Ödülü 'ne layık görülmüştür."
Megara,https://tr.wikipedia.org/wiki/Megara,1,Türkiye#46: Son olarak Yunan koloniciler tarafından MÖ 657'de Megara kenti ortaya çıkarıldı.
adaya asker çıkardı,https://tr.wikipedia.org/wiki/K%C4%B1br%C4%B1s_Harek%C3%A2t%C4%B1,1,"Türkiye#112: Kore Savaşı 'na (1950-53) Birleşmiş Milletler kuvvetleri ile birlikte katılan Türkiye, 1952 yılında Sovyetler Birliği 'ne karşı NATO 'ya katıldı."
Arapça,https://tr.wikipedia.org/wiki/Arap%C3%A7a,1,Türkiye#326: Nüfusun yaklaşık %12'si ise ana dil olarak Kürtçe konuşmaktadır.
öykü,https://tr.wikipedia.org/wiki/Hik%C3%A2ye,1,"Türkiye#368: Osmanlı döneminde Türk edebiyatı, İran ve Arap edebiyatlarının fazlasıyla etkisi altında kaldı."
Milletler Ligi Şampiyonluğu,https://tr.wikipedia.org/wiki/2023_FIVB_Kad%C4%B1nlar_Voleybol_Milletler_Ligi,1,"Türkiye#408: Filenin sultanları olarak da bilinen Türkiye kadın millî voleybol takımı 2023 yılı millî takım sezonunda; Milletler Ligi Şampiyonluğu kupası, Avrupa Şampiyonluğu kupası ve Dünya Kupası adıyla oynanan Olimpiyat Elemelerinde kazandığı kupa olmak üzere 3 kupa birden kazanmıştır."
Avusturya-Macaristan'ın Bosna'yı tek taraflı ilhakı,https://tr.wikipedia.org/wiki/Bosna_Krizi,1,"Türkiye#91: Ardından 5 Ekim 1908'de Bulgaristan'ın resmen bağımsız olması ve 6 Ekim 1908'de Avusturya-Macaristan'ın Bosna'yı tek taraflı ilhakı , ülkedeki kaos ortamını büyüttü."
Mudanya Mütarekesi,https://tr.wikipedia.org/wiki/Mudanya_M%C3%BCtarekesi,1,Türkiye#102: Ankara Hükûmeti silahlı ve diplomatik mücadeleye girişti.
I. Alâeddin Keykubad,https://tr.wikipedia.org/wiki/I._Al%C3%A2eddin_Keykubad,1,Türkiye#66: Sultan I.
yasama,https://tr.wikipedia.org/wiki/Yasama_organ%C4%B1,1,"Türkiye#118: Devletin temel işleyişindeki üç güç olan yasama , yürütme ve yargı dikkate alındığında, yerel yönetimlerin hemen hemen herhangi bir gücü yoktur."
I. Konstantin,https://tr.wikipedia.org/wiki/I._Konstantin,1,Türkiye#56: 324 yılında Roma İmparatoru I.
doğrudan yabancı yatırım,https://tr.wikipedia.org/wiki/Do%C4%9Frudan_yabanc%C4%B1_yat%C4%B1r%C4%B1m,1,Türkiye#262: I.
Luvi dilinden,https://tr.wikipedia.org/wiki/Luvice,1,"Türkiye#36: Bazı bilim insanları, Hint-Avrupa dillerinin, yine eski Anadolu dillerinden olan Hitit dili ve Luvi dilinden yayıldığını öne sürer."
Arf değişmezini,https://tr.wikipedia.org/wiki/Arf_de%C4%9Fi%C5%9Fmezi,1,Türkiye#304: Diğer Türk bilim adamları arasında Behçet hastalığını keşfeden hekim Hulusi Behçet ve Arf değişmezini tanımlayan matematikçi Cahit Arf yer alıyor.
Göktürk-1,https://tr.wikipedia.org/wiki/G%C3%B6kt%C3%BCrk-1,1,"Türkiye#302: Proje bir uzay üssünün inşasından, uydu fırlatma araçlarının geliştirilmesinden ve yer istasyonlarının kurulmasından oluşur."
₺,https://tr.wikipedia.org/wiki/Para_birimi_simgesi,1,TürkiyeCard#29: Türk lirası ( TRY · ₺ )
Yavuz Sultan Selim Köprüsü,https://tr.wikipedia.org/wiki/Yavuz_Sultan_Selim_K%C3%B6pr%C3%BCs%C3%BC,1,"Türkiye#290: 15 Temmuz Şehitler Köprüsü (1973), Fatih Sultan Mehmet Köprüsü (1988) ve Yavuz Sultan Selim Köprüsü (2016), İstanbul Boğazı 'nın Avrupa ve Asya kıyılarını birbirine bağlayan üç asma köprüdür."
Meclis-i Mebûsan,https://tr.wikipedia.org/wiki/Meclis-i_Meb%C3%BBsan,1,"Türkiye#13: Ancak yapılan reformlar, imparatorluğun dağılmasını engelleyemedi."
Atv U:(https://tr.wikipedia.org/wiki/Atv_(T%C3%BCrkiye))___ ve ___E:Star TV,https://tr.wikipedia.org/wiki/Star_TV,1,"Türkiye#387: Devlet kanalı TRT ile Kanal D , Show TV , Atv ve Star TV gibi özel kanallar, izleyici tarafından en çok takip edilen kanallardır."
İssos Savaşı,https://tr.wikipedia.org/wiki/%C4%B0ssos_Muharebesi,1,"Türkiye#49: Ardından, İskenderun civarında ( Antakya ) gerçekleşen İssos Savaşı 'nda ve akabinde Irak civarında meydana gelen Gaugamela Muharebesi 'nde Ahameniş hükümdarı III."
güreşin,https://tr.wikipedia.org/wiki/G%C3%BCre%C5%9F,1,Türkiye#409: Geleneksel bir Türk sporu olan güreşin en önemli karşılaşması Kırkpınar Yağlı Güreşleri 'dir.
gayrimenkul,https://tr.wikipedia.org/wiki/Gayrimenkul,1,Türkiye#261: Program 400.000 $'lık bir gayrimenkul yatırımı karşılığında yabancı yatırımcılara vatandaşlık alma imkanı sunuyor.
Basketbol Şampiyonlar Ligi,https://tr.wikipedia.org/wiki/Basketbol_%C5%9Eampiyonlar_Ligi,1,Türkiye#397: Basketbolun en büyük ligi Basketbol Süper Ligi 'dir.
I. Meşrutiyet,https://tr.wikipedia.org/wiki/Birinci_Me%C5%9Frutiyet,1,"Türkiye#12: 19. yüzyıla gelindiğinde imparatorluk, Tanzimat adı verilen ciddi bir modernleşme sürecine girdi."
Uluslararası Güvenlik Yardım Kuvveti,https://tr.wikipedia.org/wiki/Uluslararas%C4%B1_G%C3%BCvenlik_Destek_G%C3%BCc%C3%BC,1,Türkiye#189: Bunun yanı sıra varlığı tartışmalı olsa da Kuzey Kıbrıs Türk Cumhuriyeti topraklarında 36.000 askerini bulundurmaktadır.
Aras,https://tr.wikipedia.org/wiki/Aras,1,"Türkiye#215: Türkiye'nin doğusuna gidildikçe yükselti artar ve burası Fırat , Dicle , Aras gibi çeşitli nehirlerin kaynağıdır."
Birinci Haçlı Seferi,https://tr.wikipedia.org/wiki/Birinci_Ha%C3%A7l%C4%B1_Seferi,1,"Türkiye#65: Başkenti İznik olan Anadolu Selçuklular, Birinci Haçlı Seferi sırasında İznik 'in Bizans'ın eline geçmesiyle Sultan I."
Çanakkale Savaşı,https://tr.wikipedia.org/wiki/%C3%87anakkale_Sava%C5%9F%C4%B1,1,Türkiye#100: I.
Alp Arslan,https://tr.wikipedia.org/wiki/Alp_Arslan,1,"Türkiye#61: 11. yüzyılın ikinci yarısında Selçuklular , Anadolu'nun doğu bölgelerine yerleşmeye ve akınlar yapmaya başladılar."
Çatalhöyük,https://tr.wikipedia.org/wiki/%C3%87atalh%C3%B6y%C3%BCk,1,"Türkiye#32: MÖ 7500'e veya MÖ 5700'e dayandığı düşünülen Orta Anadolu 'daki Çatalhöyük , dünya üzerinde Cilalı Taş Devri ile Bakır Çağı 'na ait en büyük ve en iyi korunmuş yerleşim yeridir."
Türkiye Uzay Sistemleri Entegrasyon ve Test Merkezi,https://tr.wikipedia.org/wiki/Uzay_Sistemleri_Entegrasyon_ve_Test_Merkezi,1,"Türkiye#301: Askerî teknoloji alanında araştırma ve geliştirme amacıyla kurulan devlet şirketleri arasında TUSAŞ , ASELSAN , HAVELSAN , ROKETSAN ve MKE bulunmaktadır."
Muhammed Mursi'nin devrilmesinden,https://tr.wikipedia.org/wiki/2013_M%C4%B1s%C4%B1r_asker%C3%AE_darbesi,1,Türkiye#187: Bu politikalar Türkiye'nin çevresindeki Arap ülkeleriyle sorunlar yaşamasına yol açtı.
Suriye İç Savaşı,https://tr.wikipedia.org/wiki/Suriye_%C4%B0%C3%A7_Sava%C5%9F%C4%B1,1,Türkiye#187: Bu politikalar Türkiye'nin çevresindeki Arap ülkeleriyle sorunlar yaşamasına yol açtı.
2013,https://tr.wikipedia.org/wiki/2013_FIFA_20_Ya%C5%9F_Alt%C4%B1_D%C3%BCnya_Kupas%C4%B1,1,"Türkiye#395: Türkiye, UEFA tarafından düzenlenen birçok önemli futbol organizasyonuna ev sahipliği yapmıştır."
Basra Körfezi,https://tr.wikipedia.org/wiki/Basra_K%C3%B6rfezi,1,"Türkiye#73: Ardından Kızıldeniz , Umman Denizi ve Basra Körfezi üzerinde Osmanlı ve Portekiz imparatorlukları arasında, Hint Okyanusu 'nda üstünlüğü ele geçirmek için bazı çeşitli deniz muharebeleri yapıldı."
AB Gümrük Birliği,https://tr.wikipedia.org/wiki/Avrupa_Birli%C4%9Fi_G%C3%BCmr%C3%BCk_Birli%C4%9Fi,1,"Türkiye#176: Uzun yıllar devam eden siyasi görüşmelerin ardından, 1987 yılında AET'ye tam üyelik için başvurdu, 1992 yılında Batı Avrupa Birliği 'nin ortak üyesi oldu, 1995'te AB Gümrük Birliği 'ne katıldı ve 2005 yılında Avrupa Birliği ile tam üyelik müzakerelerine başladı."
Sanayi Devrimi,https://tr.wikipedia.org/wiki/Sanayi_Devrimi,1,"Türkiye#79: Osmanlı İmparatorluğu , Batı Avrupa'da gerçekleşen Rönesans , Bilimsel Devrim , Aydınlanma Çağı ve Sanayi Devrimi gibi yeni gelişmeleri ülkesine getiremeyerek çağın gerisinde kaldı."
I. Theodosius,https://tr.wikipedia.org/wiki/I._Theodosius,1,Türkiye#57: İmparator I.
Lehistan,https://tr.wikipedia.org/wiki/Polonya-Litvanya_Birli%C4%9Fi,1,"Türkiye#77: Bu dönemde batıda Kutsal Roma Cermen İmparatorluğu 'na doğru topraklar genişletilerek Balkanların tamamı, Orta Avrupa ve Lehistan 'ın güney kısmı ele geçirildi."
Kore Savaşı,https://tr.wikipedia.org/wiki/Kore_Sava%C5%9F%C4%B1,1,"Türkiye#112: Kore Savaşı 'na (1950-53) Birleşmiş Milletler kuvvetleri ile birlikte katılan Türkiye, 1952 yılında Sovyetler Birliği 'ne karşı NATO 'ya katıldı."
Mısır,https://tr.wikipedia.org/wiki/M%C4%B1s%C4%B1r,1,Türkiye#187: Bu politikalar Türkiye'nin çevresindeki Arap ülkeleriyle sorunlar yaşamasına yol açtı.
özelleştirme,https://tr.wikipedia.org/wiki/%C3%96zelle%C5%9Ftirme,1,"Türkiye#267: Türkiye, dış ticaret üzerindeki devlet kontrolünü yavaş yavaş azaltarak ekonomik düzenlemeler yoluyla çeşitli pazarlar açtı, kamuya ait çeşitli kurumları özelleştirme yoluna gitti, birçok sektörün liberalleştirilmesi ile yabancı katılımı ise çeşitli siyasi tartışmalar arasında devam etti."
Arnavutlar,https://tr.wikipedia.org/wiki/Arnavutlar,1,"Türkiye#315: Yapılan araştırmalara göre Türkiye'de Arnavutlar , Azeriler , Araplar , Boşnaklar , Çerkesler , Çingeneler , Gürcüler , Hemşinliler , Lazlar , Pomaklar , Süryaniler ve Zazalar dâhil olmak üzere pek çok etnik grup yaşasa da, ülkede resmen tanınan azınlıklar sadece Ermeniler , Rumlar , Bulgarlar , Yahudilerdir ."
2032,https://tr.wikipedia.org/wiki/2032_Avrupa_Futbol_%C5%9Eampiyonas%C4%B1,1,"Türkiye#395: Türkiye, UEFA tarafından düzenlenen birçok önemli futbol organizasyonuna ev sahipliği yapmıştır."
Antakya,https://tr.wikipedia.org/wiki/Antakya,1,"Türkiye#49: Ardından, İskenderun civarında ( Antakya ) gerçekleşen İssos Savaşı 'nda ve akabinde Irak civarında meydana gelen Gaugamela Muharebesi 'nde Ahameniş hükümdarı III."
Ağrı,https://tr.wikipedia.org/wiki/A%C4%9Fr%C4%B1,1,"Türkiye#320: Kürtlerin nüfus içindeki oranı CIA'e göre %18, Konda'ya göre %15, Konsensus'a göre %14'tür."
İdare Mahkemeleri,https://tr.wikipedia.org/wiki/%C4%B0dare_mahkemesi,1,"Türkiye#168: Bu yasada ve ilgili diğer anayasa maddeleri doğrultusunda Türkiye'deki mahkeme sistemi üç ana başlık altında toplanır: Yargı Mahkemeleri, İdare Mahkemeleri ve Askerî Mahkemeler ."
Soyadı Kanunu,https://tr.wikipedia.org/wiki/Soyad%C4%B1_Kanunu,1,"Türkiye#108: Türkiye Büyük Millet Meclisi, 1934 yılında çıkan Soyadı Kanunu ile kendisine ""Atatürk"" soyadını verdi."
Çin,https://tr.wikipedia.org/wiki/%C3%87in_mutfa%C4%9F%C4%B1,1,"Türkiye#376: Türk mutfağı , Çin ve Fransız mutfaklarıyla beraber dünyanın en zengin mutfaklarındandır."
VakıfBank S.K.,https://tr.wikipedia.org/wiki/Vak%C4%B1fBank_SK,1,"Türkiye#408: Filenin sultanları olarak da bilinen Türkiye kadın millî voleybol takımı 2023 yılı millî takım sezonunda; Milletler Ligi Şampiyonluğu kupası, Avrupa Şampiyonluğu kupası ve Dünya Kupası adıyla oynanan Olimpiyat Elemelerinde kazandığı kupa olmak üzere 3 kupa birden kazanmıştır."
Türk dilleri,https://tr.wikipedia.org/wiki/T%C3%BCrk_dilleri,1,Türkiye#62: Bu hareketle birlikte Anadolu'da Türk dilleri ve İslam tanıtılarak yaygın hâle geldi.
Everyway That I Can,https://tr.wikipedia.org/wiki/Everyway_That_I_Can,1,"Türkiye#374: Örneğin romanlarında ""kültürlerin birbiriyle çatışması ve örülmesi için yeni simgeler bulan"" Orhan Pamuk , 2006 yılında Nobel Edebiyat Ödülü 'ne layık görülmüştür."
Türk Boğazları,https://tr.wikipedia.org/wiki/T%C3%BCrk_Bo%C4%9Fazlar%C4%B1,1,Türkiye#109: II.
20. yüzyıldaki göçlere rağmen,https://tr.wikipedia.org/wiki/Aliyah,1,Türkiye#346: Böylece Anadolu'daki Yahudi nüfusu arttı.
otomotiv sanayisi,https://tr.wikipedia.org/wiki/T%C3%BCrk_otomotiv_sanayii,1,Türkiye#253: Türkiye'nin büyük bir otomotiv sanayisi vardır.
Lazca,https://tr.wikipedia.org/wiki/Lazca,1,"Türkiye#328: Bunlara Abazaca , Abhazca , Batı Ermenicesi , Çerkesçe , Çingenece , Doğu Çerkesçesi , Hemşince , Hertevince , Kapadokya Yunancası , Lazca , Pontus Rumcası , Ubıhça , Yahudi İspanyolcası ve Zazaca örnek verilebilir."
İncirlik Hava Üssü,https://tr.wikipedia.org/wiki/%C4%B0ncirlik_Hava_%C3%9Css%C3%BC,1,Türkiye#195: 2011 NATO sayımlarına göre ülkenin tahminî 495.000 konuşlandırılabilir kuvveti bulunmaktadır.
Avrasya Tüneli,https://tr.wikipedia.org/wiki/Avrasya_T%C3%BCneli,1,"Türkiye#287: 2013 yılında hizmete açılan Boğaziçi'nin altındaki Marmaray Tüneli , İstanbul'un Avrupa ve Asya yakasındaki demiryolu ve metro hatlarını birbirine bağlar; yakındaki Avrasya Tüneli (2016) ise motorlu taşıtlar için denizaltı bağlantısı sağlıyor."
Avrupa İnsan Hakları Mahkemesi,https://tr.wikipedia.org/wiki/Avrupa_%C4%B0nsan_Haklar%C4%B1_Mahkemesi,1,Türkiye#197: Fakat belli konularda sorunlar ve tartışmalar sürmektedir.
Yugoslavya,https://tr.wikipedia.org/wiki/Yugoslavya,1,"Türkiye#188: Türkiye, 1950'den bu yana Birleşmiş Milletler ve NATO bünyesi dâhilinde uluslararası alanda çeşitli güçlerin korunmasına yardımcı olmuştur."
Karadeniz ikliminde,https://tr.wikipedia.org/wiki/T%C3%BCrkiye%27de_Karadeniz_iklimi,1,"Türkiye#237: Karadeniz kıyılarında görülen bir ılıman okyanus iklim tipi olan Karadeniz ikliminde her mevsim yağış görülmektedir, doğal bitki örtüsü ormandır ."
Abidin Dino,https://tr.wikipedia.org/wiki/Abidin_Dino,1,"Türkiye#364: Sonraki yıllarda D Grubu sanatçılarından Abidin Dino ve Cemal Tollu dâhil olmak üzere Fikret Mualla , Fahrelnisa Zeid , Bedri Rahmi Eyüboğlu , Adnan Çoker ve Burhan Doğançay gibi sanatçılar son 30 yıl boyunca Batı'da gelişen bazı eğilimleri tanıttılar."
Nâzım Hikmet,https://tr.wikipedia.org/wiki/N%C3%A2z%C4%B1m_Hikmet,1,"Türkiye#371: Bu arada Servet-i Fünûn , Fecr-i Ati ve Millî Edebiyat gibi çeşitli edebiyat hareketleri ortaya çıktı."
serbest nazımla,https://tr.wikipedia.org/wiki/Serbest_%C3%B6l%C3%A7%C3%BC,1,"Türkiye#371: Bu arada Servet-i Fünûn , Fecr-i Ati ve Millî Edebiyat gibi çeşitli edebiyat hareketleri ortaya çıktı."
TAEK,https://tr.wikipedia.org/wiki/T%C3%BCrkiye_Atom_Enerjisi_Kurumu,1,"Türkiye#299: TÜBİTAK , Türkiye'de bilim, teknoloji ve inovasyon politikalarını geliştiren lider kuruluştur."
Kuzey Afrika,https://tr.wikipedia.org/wiki/Kuzey_Afrika,1,"Türkiye#70: Osman Gazi 'nin başında olduğu Osmanoğulları Beyliği, sonraki yıllarda gittikçe büyüyerek Anadolu, Balkanlar , Kuzey Afrika ve Levant üzerinde hâkimiyet kurdu."
Kadir Özkaya,https://tr.wikipedia.org/wiki/Kadir_%C3%96zkaya,1,TürkiyeCard#11: Kadir Özkaya
Doğu Ortodoks Kilisesi,https://tr.wikipedia.org/wiki/Do%C4%9Fu_Ortodoks_Kilisesi,1,Türkiye#343: Ülkede açık olan kilise sayısı ise 398'dir.
Osman Gazi,https://tr.wikipedia.org/wiki/Osman_Gazi,1,"Türkiye#70: Osman Gazi 'nin başında olduğu Osmanoğulları Beyliği, sonraki yıllarda gittikçe büyüyerek Anadolu, Balkanlar , Kuzey Afrika ve Levant üzerinde hâkimiyet kurdu."
Marmaray Tüneli,https://tr.wikipedia.org/wiki/Marmaray_T%C3%BCneli,1,"Türkiye#287: 2013 yılında hizmete açılan Boğaziçi'nin altındaki Marmaray Tüneli , İstanbul'un Avrupa ve Asya yakasındaki demiryolu ve metro hatlarını birbirine bağlar; yakındaki Avrasya Tüneli (2016) ise motorlu taşıtlar için denizaltı bağlantısı sağlıyor."
Hatti,https://tr.wikipedia.org/wiki/Hatti,1,"Türkiye#38: Anadolu'nun bilinen ilk sakinleri, Hatti ve Hurri toplumlarıdır."
Süryaniler,https://tr.wikipedia.org/wiki/S%C3%BCryaniler,1,"Türkiye#315: Yapılan araştırmalara göre Türkiye'de Arnavutlar , Azeriler , Araplar , Boşnaklar , Çerkesler , Çingeneler , Gürcüler , Hemşinliler , Lazlar , Pomaklar , Süryaniler ve Zazalar dâhil olmak üzere pek çok etnik grup yaşasa da, ülkede resmen tanınan azınlıklar sadece Ermeniler , Rumlar , Bulgarlar , Yahudilerdir ."
Fransızlar,https://tr.wikipedia.org/wiki/Frans%C4%B1zlar,1,"Türkiye#23: Bunların yanı sıra, Orta Çağ 'ın Alman seyyahları bölgeyi Turkei veya Tirkenland şeklinde, Fransızlar ise Turquie şeklinde andı."
ılıman okyanus iklim,https://tr.wikipedia.org/wiki/Okyanusal_iklim,1,"Türkiye#237: Karadeniz kıyılarında görülen bir ılıman okyanus iklim tipi olan Karadeniz ikliminde her mevsim yağış görülmektedir, doğal bitki örtüsü ormandır ."
Göktürk-3,https://tr.wikipedia.org/wiki/G%C3%B6kt%C3%BCrk-3,1,"Türkiye#302: Proje bir uzay üssünün inşasından, uydu fırlatma araçlarının geliştirilmesinden ve yer istasyonlarının kurulmasından oluşur."
Cahit Arf,https://tr.wikipedia.org/wiki/Cahit_Arf,1,Türkiye#304: Diğer Türk bilim adamları arasında Behçet hastalığını keşfeden hekim Hulusi Behçet ve Arf değişmezini tanımlayan matematikçi Cahit Arf yer alıyor.
AB Savaş Grupları,https://tr.wikipedia.org/wiki/Avrupa_Birli%C4%9Fi_Sava%C5%9F_Gruplar%C4%B1,1,Türkiye#189: Bunun yanı sıra varlığı tartışmalı olsa da Kuzey Kıbrıs Türk Cumhuriyeti topraklarında 36.000 askerini bulundurmaktadır.
Preveze Deniz Muharebesi,https://tr.wikipedia.org/wiki/Preveze_Deniz_Muharebesi,1,"Türkiye#77: Bu dönemde batıda Kutsal Roma Cermen İmparatorluğu 'na doğru topraklar genişletilerek Balkanların tamamı, Orta Avrupa ve Lehistan 'ın güney kısmı ele geçirildi."
çelik,https://tr.wikipedia.org/wiki/%C3%87elik,1,"Türkiye#256: Türk ekonomisinin diğer önemli bölümlerini ise bankacılık , inşaat , ev aletleri , elektronik , tekstil , petrol arıtma , petrokimya ürünleri, gıda , madencilik , demir - çelik ve makine sanayi oluşturmaktadır."
HAVELSAN,https://tr.wikipedia.org/wiki/HAVELSAN,1,"Türkiye#301: Askerî teknoloji alanında araştırma ve geliştirme amacıyla kurulan devlet şirketleri arasında TUSAŞ , ASELSAN , HAVELSAN , ROKETSAN ve MKE bulunmaktadır."
etnik kökeni,https://tr.wikipedia.org/wiki/Etnik_grup,1,"Türkiye#313: Bu nedenle, Türkiye'de hukukî anlamda Türk sözcüğü, bir etnik kökeni ifade etmekten ziyade ülkenin vatandaşı olan herkesi ifade etmektedir."
Euroleague | Women,https://tr.wikipedia.org/wiki/EuroLeague_Women,1,"Türkiye#406: Fenerbahçe, 2022-23 ve 2023-24 sezonlarında üst üste iki Euroleague Women şampiyonluğunun ardından 2023 FIBA Europe SuperCup Women 'ı kazandı."
Cemal Tollu,https://tr.wikipedia.org/wiki/Cemal_Tollu,1,"Türkiye#364: Sonraki yıllarda D Grubu sanatçılarından Abidin Dino ve Cemal Tollu dâhil olmak üzere Fikret Mualla , Fahrelnisa Zeid , Bedri Rahmi Eyüboğlu , Adnan Çoker ve Burhan Doğançay gibi sanatçılar son 30 yıl boyunca Batı'da gelişen bazı eğilimleri tanıttılar."
Basketbol,https://tr.wikipedia.org/wiki/Basketbol,1,Türkiye#396: Basketbol Türkiye'de en çok ilgi gören sporlardan biridir.
Ermeni Sorunu,https://tr.wikipedia.org/wiki/Ermeni_Sorunu,1,Türkiye#89: İmparatorluğun yine son zamanlarında milliyetçilik isyanlarının çıkmasıyla milletler arasında çeşitli etnik gerginlikler yaşandı; bu etnik gerginlikler Ermeni Sorunu gibi çeşitli sorunları ortaya çıkardı.
2005,https://tr.wikipedia.org/wiki/2005_UEFA_%C5%9Eampiyonlar_Ligi_finali,1,"Türkiye#395: Türkiye, UEFA tarafından düzenlenen birçok önemli futbol organizasyonuna ev sahipliği yapmıştır."
Moğol istilalarından,https://tr.wikipedia.org/wiki/Mo%C4%9Fol_istilalar%C4%B1,1,"Türkiye#8: Anadolu'daki Moğol istilalarından sonra zayıf duruma düşen Anadolu Selçuklu Devleti, Anadolu'da yerini yeni Türk beyliklerine bıraktı."
yatırım,https://tr.wikipedia.org/wiki/Yat%C4%B1r%C4%B1m,1,"Türkiye#260: Türkiye, ekonomisine katkı sağlamak amacıyla 2017 yılında yatırım yoluyla vatandaşlık programını başlattı."
Kıbrıs,https://tr.wikipedia.org/wiki/K%C4%B1br%C4%B1s,1,"Türkiye#3: Güneyini Kıbrıs ve Akdeniz , batısını Ege Denizi , kuzeyini ise Karadeniz çevreler."
Orontes Hanedanı,https://tr.wikipedia.org/wiki/Orontes_Hanedan%C4%B1,1,"Türkiye#47: Yine bu dönemlerde, MÖ 6. yüzyılda, Türkiye'nin şu anki doğu toprakları üzerinde Ermeni Orontes Hanedanı tarafından bir devlet kuruldu."
Bingöl,https://tr.wikipedia.org/wiki/Bing%C3%B6l,1,"Türkiye#320: Kürtlerin nüfus içindeki oranı CIA'e göre %18, Konda'ya göre %15, Konsensus'a göre %14'tür."
Hint-Avrupa dil ailesinin,https://tr.wikipedia.org/wiki/Hint-Avrupa_dil_ailesi,1,Türkiye#35: Bu halkların çoğu Hint-Avrupa dil ailesinin bir kolu olarak kabul edilen Anadolu dillerini konuştular.
referandumlar,https://tr.wikipedia.org/wiki/Referandum,1,Türkiye#144: Seçimler dışında zaman zaman referandumlar da düzenleniyor.
Şükrü Saracoğlu Stadyumu,https://tr.wikipedia.org/wiki/Fenerbah%C3%A7e_%C5%9E%C3%BCkr%C3%BC_Saraco%C4%9Flu_Stadyumu,1,"Türkiye#395: Türkiye, UEFA tarafından düzenlenen birçok önemli futbol organizasyonuna ev sahipliği yapmıştır."
Türkiye Büyük Millet Meclisi Başkanı,https://tr.wikipedia.org/wiki/T%C3%BCrkiye_B%C3%BCy%C3%BCk_Millet_Meclisi_ba%C5%9Fkanlar%C4%B1_listesi,1,Türkiye#158: 12. Cumhurbaşkanı Recep Tayyip Erdoğan şu anda devlet ve hükûmet başkanı olarak görev yapıyor.
40 tane millî park,https://tr.wikipedia.org/wiki/T%C3%BCrkiye%27deki_mill%C3%AE_parklar_listesi,1,"Türkiye#231: Türkiye'de 40 tane millî park , 189 tane doğal park, 31 tane doğal koruma alanı, 80 tane yaban hayatını koruma alanı ve 109 tane doğal anıt bulunur."
VII. Konstantinos,https://tr.wikipedia.org/wiki/VII._Konstantinos,1,"Türkiye#24: Sözcüğün Yunanca soydaşı olan Tourkia ( Yunanca : Τουρκία ), Bizans İmparatoru ve bilgini VII."
Olimpiyat Elemelerinde,https://tr.wikipedia.org/wiki/2023_FIVB_Kad%C4%B1nlar_Voleybol_Olimpiyat_Eleme_Turnuvalar%C4%B1,1,"Türkiye#408: Filenin sultanları olarak da bilinen Türkiye kadın millî voleybol takımı 2023 yılı millî takım sezonunda; Milletler Ligi Şampiyonluğu kupası, Avrupa Şampiyonluğu kupası ve Dünya Kupası adıyla oynanan Olimpiyat Elemelerinde kazandığı kupa olmak üzere 3 kupa birden kazanmıştır."
parlamenter,https://tr.wikipedia.org/wiki/Parlamenter_sistem,1,"Türkiye#106: Türkiye Cumhuriyeti Devleti'nin kurucusu ve ilk cumhurbaşkanı olan Mustafa Kemal, dine dayalı ve çok uluslu eski Osmanlı monarşisini laik bir anayasa altında parlamenter bir cumhuriyet olarak yönetilecek bir Türk ulus devletine dönüştürme amacını içeren birçok devrim yaptı."
Avrupa Şampiyonluğu,https://tr.wikipedia.org/wiki/2023_Avrupa_Kad%C4%B1nlar_Voleybol_%C5%9Eampiyonas%C4%B1,1,"Türkiye#408: Filenin sultanları olarak da bilinen Türkiye kadın millî voleybol takımı 2023 yılı millî takım sezonunda; Milletler Ligi Şampiyonluğu kupası, Avrupa Şampiyonluğu kupası ve Dünya Kupası adıyla oynanan Olimpiyat Elemelerinde kazandığı kupa olmak üzere 3 kupa birden kazanmıştır."
teknolojiler,https://tr.wikipedia.org/wiki/Teknoloji,1,"Türkiye#255: Beko ve Vestel gibi Türk markaları, Avrupa 'nın en büyük beyaz eşya ve tüketici elektroniği üretim şirketlerindendir, bu sektörleri geliştirmek ve yeni teknolojiler bulmak konusunda önemli miktarda yatırımlar yapmaktadırlar."
tüketici elektroniği,https://tr.wikipedia.org/wiki/T%C3%BCketici_elektroni%C4%9Fi,1,"Türkiye#255: Beko ve Vestel gibi Türk markaları, Avrupa 'nın en büyük beyaz eşya ve tüketici elektroniği üretim şirketlerindendir, bu sektörleri geliştirmek ve yeni teknolojiler bulmak konusunda önemli miktarda yatırımlar yapmaktadırlar."
sönmüş volkanlar,https://tr.wikipedia.org/wiki/Yanarda%C4%9F,1,Türkiye#222: Üzerinde sönmüş volkanlar bulundurur ve hâlâ daha sıklıkla depremler meydana gelmektedir.
ulus devletine,https://tr.wikipedia.org/wiki/Ulus_devlet,1,"Türkiye#106: Türkiye Cumhuriyeti Devleti'nin kurucusu ve ilk cumhurbaşkanı olan Mustafa Kemal, dine dayalı ve çok uluslu eski Osmanlı monarşisini laik bir anayasa altında parlamenter bir cumhuriyet olarak yönetilecek bir Türk ulus devletine dönüştürme amacını içeren birçok devrim yaptı."
Güneş enerjisi,https://tr.wikipedia.org/wiki/G%C3%BCne%C5%9F_enerjisi,1,Türkiye#270: Elektrik üretimi için kullanılan kaynaklar çeşitlilik gösterir.
Yahudi toplulukları,https://tr.wikipedia.org/wiki/Romanyot,1,"Türkiye#345: MÖ 5. yüzyıldan itibaren Anadolu topraklarında Yahudi toplulukları yaşamaya başladı ve yirmi yüzyıl sonra, 15. yüzyıl sonlarında İspanyol ve Portekiz Yahudilerinin İspanya'dan kovulmasıyla birlikte Osmanlı İmparatorluğu , bu Yahudilerin günümüzdeki Türkiye topraklarına yerleşmesine izin verdi."
FIBA EuroChallenge,https://tr.wikipedia.org/wiki/EuroChallenge,1,"Türkiye#398: Ayrıca Anadolu Efes 1996 yılında Koraç Kupası 'nı kazanarak, Avrupa Kupası kazanan ilk Türk takımı olma unvanını elde etmiştir."
Baycu Noyan,https://tr.wikipedia.org/wiki/Baycu_Noyan,1,"Türkiye#68: Nitekim 1243'te Anadolu Selçuklu Devleti ile Baycu Noyan komutasındaki Moğollar arasında gerçekleşen Kösedağ Muharebesi sonucunda gelen yenilgiyle Anadolu , Moğol hâkimiyetine girmiştir ve Anadolu Selçuklu Devleti zayıflayıp yerini Türk beyliklerine bırakmıştır."
Ermeniler,https://tr.wikipedia.org/wiki/T%C3%BCrkiye_Ermenileri,1,"Türkiye#315: Yapılan araştırmalara göre Türkiye'de Arnavutlar , Azeriler , Araplar , Boşnaklar , Çerkesler , Çingeneler , Gürcüler , Hemşinliler , Lazlar , Pomaklar , Süryaniler ve Zazalar dâhil olmak üzere pek çok etnik grup yaşasa da, ülkede resmen tanınan azınlıklar sadece Ermeniler , Rumlar , Bulgarlar , Yahudilerdir ."
Mormonluk,https://tr.wikipedia.org/wiki/Mormonluk,1,"Türkiye#342: Günümüzde ülkede Rum Ortodoksluğu , Katoliklik , Protestanlık ve Mormonluk dâhil olmak üzere çeşitli mezheplerden birçok Hristiyan bulunmaktadır ve bu sayı yaklaşık olarak Türkiye'nin nüfusunun %0,3'ü kadardır."
Anadolu Hareketi,https://tr.wikipedia.org/wiki/Anadolu_Hareketi,1,Türkiye#100: I.
Avrupalı güçlerle,https://tr.wikipedia.org/wiki/B%C3%BCy%C3%BCk_g%C3%BC%C3%A7,1,"Türkiye#85: Böylece Osmanlı Devleti'nin gelirlerinin kontrolü, alacaklı ülkelerin eline geçti."
Diyarbakır,https://tr.wikipedia.org/wiki/Diyarbak%C4%B1r,1,"Türkiye#320: Kürtlerin nüfus içindeki oranı CIA'e göre %18, Konda'ya göre %15, Konsensus'a göre %14'tür."
Birleşik Krallık,https://tr.wikipedia.org/wiki/Birle%C5%9Fik_Krall%C4%B1k,1,"Türkiye#249: Türkiye'nin 2014'te ihracatı, önceki yıla göre %4 artarak $157,6 milyar oldu."
Avrupa Ekonomik Topluluğu,https://tr.wikipedia.org/wiki/Avrupa_Ekonomik_Toplulu%C4%9Fu,1,"Türkiye#175: Geleneksel Batı yönelimi doğrultusunda, Avrupa ile ilişkiler her zaman Türk dış politikasının merkezî bir parçası olmuştur."
Cezayir,https://tr.wikipedia.org/wiki/Cezayir,1,Türkiye#72: 1514 yılında I.
Üç Paşalar,https://tr.wikipedia.org/wiki/%C3%9C%C3%A7_Pa%C5%9Falar,1,"Türkiye#92: Bu olayları, pek çok canın ve toprağın kaybına sebep olan Trablusgarp Savaşı (1911-12) ile Balkan Savaşları (1912-13) izledi."
halifeliğinin,https://tr.wikipedia.org/wiki/Hil%C3%A2fet,1,Türkiye#72: 1514 yılında I.
Gediz Nehri,https://tr.wikipedia.org/wiki/Gediz_Nehri,1,"Türkiye#29: Günümüzdeki Türkiye topraklarının çoğunu oluşturan Anadolu yarımadasındaki en eski arkeolojik bulgu, Gediz Nehri 'nde bulunan ve yaklaşık 1,24 ila 1,17 milyon yıla tarihlenen taş bir alettir."
Urartuların,https://tr.wikipedia.org/wiki/Urartular,1,"Türkiye#41: Hititler, bölgedeki ilk büyük krallığı MÖ 13. yüzyılda kurdular."
Türk tarihinin ilk yazılı anayasasının,https://tr.wikipedia.org/wiki/K%C3%A2n%C3%BBn-%C4%B1_Es%C3%A2s%C3%AE,1,"Türkiye#12: 19. yüzyıla gelindiğinde imparatorluk, Tanzimat adı verilen ciddi bir modernleşme sürecine girdi."
Tehcir Kanunu,https://tr.wikipedia.org/wiki/Tehcir_Kanunu,1,"Türkiye#94: Savaş sırasında Ermenilerle yaşanan etnik gerginliklerin tırmanması üzerine çıkarılan Tehcir Kanunu ile Ermeniler, Doğu Anadolu Bölgesi 'nden Suriye 'ye devlet eliyle göç ettirildi."
Karabağ Savaşı,https://tr.wikipedia.org/wiki/Birinci_Da%C4%9Fl%C4%B1k_Karaba%C4%9F_Sava%C5%9F%C4%B1,1,"Türkiye#185: Azerbaycan'ın Ermenistan ile yaptığı Karabağ Savaşı 'nda Azerbaycan'ı destekleyen Türkiye, savaş yıllarından bu yana Ermenistan ile var olan sınır kapılarını kapalı tutmaktadır."
Efes,https://tr.wikipedia.org/wiki/Efes,1,"Türkiye#45: Bu yerleşimciler tarafından Milet , Efes , Smyrna ve Byzantium gibi çok sayıda önemli şehir kuruldu."
TÜBİTAK,https://tr.wikipedia.org/wiki/T%C3%9CB%C4%B0TAK,1,"Türkiye#299: TÜBİTAK , Türkiye'de bilim, teknoloji ve inovasyon politikalarını geliştiren lider kuruluştur."
Sabancı Üniversitesidir,https://tr.wikipedia.org/wiki/Sabanc%C4%B1_%C3%9Cniversitesi,1,Türkiye#351: 2019 itibarıyla Türkiye'deki üniversite sayısı 208'dir.
uydu fırlatma araçlarının,https://tr.wikipedia.org/wiki/F%C4%B1rlatma_arac%C4%B1,1,"Türkiye#302: Proje bir uzay üssünün inşasından, uydu fırlatma araçlarının geliştirilmesinden ve yer istasyonlarının kurulmasından oluşur."
Abazaca,https://tr.wikipedia.org/wiki/Abazaca,1,"Türkiye#328: Bunlara Abazaca , Abhazca , Batı Ermenicesi , Çerkesçe , Çingenece , Doğu Çerkesçesi , Hemşince , Hertevince , Kapadokya Yunancası , Lazca , Pontus Rumcası , Ubıhça , Yahudi İspanyolcası ve Zazaca örnek verilebilir."
Türkiye'deki üniversite sayısı,https://tr.wikipedia.org/wiki/T%C3%BCrkiye%27deki_%C3%BCniversiteler_listesi,1,Türkiye#351: 2019 itibarıyla Türkiye'deki üniversite sayısı 208'dir.
Lidya,https://tr.wikipedia.org/wiki/Lidya,1,"Türkiye#43: Orta Anadolu üzerinde büyük bir hâkimiyet kurmuş olan Hitit İmparatorluğu 'nun da MÖ yaklaşık 1180'li yıllarda çöküşünün ardından, Hint-Avrupa milletlerinden Friglerin kurdukları Frigya , MÖ 7. yüzyılda Kimmerler tarafından yapılan saldırılara kadar Anadolu'da üstünlük elde etti."
sera gazı,https://tr.wikipedia.org/wiki/Sera_gazlar%C4%B1,1,"Türkiye#295: Türkiye'nin enerji politikası fosil yakıt ithalatını azaltmayı içermesine rağmen, Türkiye'deki kömür, Türkiye'nin sera gazı emisyonlarının küresel toplamın %1'ini oluşturmasının en büyük ve tek nedenidir."
Bitlis,https://tr.wikipedia.org/wiki/Bitlis,1,"Türkiye#320: Kürtlerin nüfus içindeki oranı CIA'e göre %18, Konda'ya göre %15, Konsensus'a göre %14'tür."
Lazlar,https://tr.wikipedia.org/wiki/Lazlar,1,"Türkiye#315: Yapılan araştırmalara göre Türkiye'de Arnavutlar , Azeriler , Araplar , Boşnaklar , Çerkesler , Çingeneler , Gürcüler , Hemşinliler , Lazlar , Pomaklar , Süryaniler ve Zazalar dâhil olmak üzere pek çok etnik grup yaşasa da, ülkede resmen tanınan azınlıklar sadece Ermeniler , Rumlar , Bulgarlar , Yahudilerdir ."
madencilik,https://tr.wikipedia.org/wiki/Madencilik,1,"Türkiye#256: Türk ekonomisinin diğer önemli bölümlerini ise bankacılık , inşaat , ev aletleri , elektronik , tekstil , petrol arıtma , petrokimya ürünleri, gıda , madencilik , demir - çelik ve makine sanayi oluşturmaktadır."
Dor istilası,https://tr.wikipedia.org/wiki/Dor_istilas%C4%B1,1,Türkiye#5: Türkiye toprakları üzerinde bulunan ilk yerleşmeler Yontma Taş Devri 'nde başlar.
İskenderun,https://tr.wikipedia.org/wiki/%C4%B0skenderun,1,"Türkiye#49: Ardından, İskenderun civarında ( Antakya ) gerçekleşen İssos Savaşı 'nda ve akabinde Irak civarında meydana gelen Gaugamela Muharebesi 'nde Ahameniş hükümdarı III."
Karlofça Antlaşması,https://tr.wikipedia.org/wiki/Karlof%C3%A7a_Antla%C5%9Fmas%C4%B1,1,"Türkiye#79: Osmanlı İmparatorluğu , Batı Avrupa'da gerçekleşen Rönesans , Bilimsel Devrim , Aydınlanma Çağı ve Sanayi Devrimi gibi yeni gelişmeleri ülkesine getiremeyerek çağın gerisinde kaldı."
Namık Kemal,https://tr.wikipedia.org/wiki/Nam%C4%B1k_Kemal,1,"Türkiye#369: Çeşitli yazarlar Türk edebiyatındaki ilkleri bu dönemde verdiler; Namık Kemal ilk edebi roman olan İntibah 'ı (1876) yazarken, gazeteci Şinasi ilk özel gazeteyi çıkardı ve ilk tiyatro olan Şair Evlenmesi 'ni (1860) yazdı."
Garipçiler,https://tr.wikipedia.org/wiki/Garip_hareketi,1,Türkiye#372: Şiirdeki bir başka devrim ise 1941'de Garipçiler tarafından yapıldı.
2016,https://tr.wikipedia.org/wiki/2015-16_ULEB_EuroCup,1,"Türkiye#399: Galatasaray 2016 yılında, Darüşşafaka ise 2018 yılında EuroCup 'u kazanmıştır."
Mezopotamya,https://tr.wikipedia.org/wiki/Mezopotamya,1,"Türkiye#378: Türk mutfağı, Mezopotamya ve Balkan mutfaklarıyla etkileşime girmiştir, İstanbul Osmanlı saray mutfağı da Türk mutfağının önemli bir kısmını oluşturur."
2024 Avrupa Futbol Şampiyonasında,https://tr.wikipedia.org/wiki/2024_Avrupa_Futbol_%C5%9Eampiyonas%C4%B1,1,Türkiye#394: Galatasaray Avrupa 'da kupa kazanan ilk ve tek Türk futbol takımıdır.
roman,https://tr.wikipedia.org/wiki/Roman,1,"Türkiye#368: Osmanlı döneminde Türk edebiyatı, İran ve Arap edebiyatlarının fazlasıyla etkisi altında kaldı."
sosyalizm,https://tr.wikipedia.org/wiki/Sosyalizm,1,"Türkiye#157: Sol partiler sosyalizm , Kemalizm veya laiklik ilkelerini daha fazla benimseme eğilimindedir."
başörtüsü takılması yasaklandı,https://tr.wikipedia.org/wiki/T%C3%BCrkiye%27de_ba%C5%9F%C3%B6rt%C3%BCs%C3%BC_yasa%C4%9F%C4%B1,1,Türkiye#334: Ülkede kamu kurumlarında ve okullarda uzun yıllar boyunca İslami siyaset sembolü olarak görüldüğü için başörtüsü takılması yasaklandı .
Kangal,https://tr.wikipedia.org/wiki/Kangal_k%C3%B6pe%C4%9Fi,1,Türkiye#233: Ülkenin diğer ulusal sembollerinden biri ise Van kedisidir ve adını Doğu Anadolu'da yer alan Van ilinden alır.
Rum,https://tr.wikipedia.org/wiki/Rum_K%C4%B1r%C4%B1m%C4%B1,1,"Türkiye#98: Ermenilerin yanı sıra, imparatorlukta savaş devam ederken Rum ve Süryaniler de öldürüldü ve bu olaylar da bazı kaynaklar tarafından soykırım olarak tanımlandı."
seçim bölgesini,https://tr.wikipedia.org/wiki/Se%C3%A7im_b%C3%B6lgesi,1,Türkiye#135: Parlamento üyelerinin her biri beş yıllık bir dönem için bir seçim bölgesini temsil eder.
İstanbul Havalimanı,https://tr.wikipedia.org/wiki/%C4%B0stanbul_Havaliman%C4%B1,1,"Türkiye#278: Türkiye, 2023 yılında yaklaşık 1.154 trilyon Amerikan doları GSYİH ile dünyanın en büyük 17. ekonomisi, Avrupa 'nın ise en büyük 7. ekonomisi olmuştur."
makroekonomi,https://tr.wikipedia.org/wiki/Makroekonomi,1,"Türkiye#266: Büyüyen kamu açıkları ve yaygın yolsuzluk ile birlikte ek mali reformların eksikliği, yüksek enflasyon ve zayıf bankacılık sektörü, makroekonomi dalgalanmasının artmasına sebep oldu."
Köroğlu,https://tr.wikipedia.org/wiki/K%C3%B6ro%C4%9Flu_Da%C4%9Flar%C4%B1,1,"Türkiye#214: Kuzeyde Köroğlu ve Kuzey Anadolu Dağları ile, güneyde Toros Dağları ile çevrilmiştir."
kaya kartalı,https://tr.wikipedia.org/wiki/Kaya_kartal%C4%B1,1,Türkiye#229: Bu dağların doğu ucunda Kafkasya karışık ormanları yer alır.
Samsun'a çıkışı,https://tr.wikipedia.org/wiki/Mustafa_Kemal%27in_Samsun%27a_%C3%A7%C4%B1k%C4%B1%C5%9F%C4%B1,1,Türkiye#100: I.
Göbeklitepe,https://tr.wikipedia.org/wiki/G%C3%B6beklitepe,1,"Türkiye#31: Geçmişinin MÖ 9600 civarına kadar uzandığı tahmin edilen Göbeklitepe adlı arkeolojik sit alanı, dünyada bilinen en eski insan yapımı yapıdır."
2003 Eurovision Şarkı Yarışması,https://tr.wikipedia.org/wiki/2003_Eurovision_%C5%9Eark%C4%B1_Yar%C4%B1%C5%9Fmas%C4%B1,1,"Türkiye#374: Örneğin romanlarında ""kültürlerin birbiriyle çatışması ve örülmesi için yeni simgeler bulan"" Orhan Pamuk , 2006 yılında Nobel Edebiyat Ödülü 'ne layık görülmüştür."
muhtıraları,https://tr.wikipedia.org/wiki/Muht%C4%B1ra,1,Türkiye#115: Ardından gelen çok partili demokrasi dönemi 1960 ve 1980 askerî darbeleri ve 1971 ve 1997 muhtıraları ile kesintiye uğradı.
Türk Cumhuriyetleri,https://tr.wikipedia.org/wiki/T%C3%BCrk_devletleri_listesi,1,Türkiye#182: 1991 yılında Sovyetler Birliği'nin dağılmasının üzerine Türk Cumhuriyetleri bağımsızlıklarını elde ettiler.
şehre girmesiyle,https://tr.wikipedia.org/wiki/%C4%B0stanbul%27un_Kurtulu%C5%9Fu,1,"Türkiye#104: Yeni antlaşma, Türkiye'nin kendi toprakları üzerindeki egemenliğine yol açtı."
Yunan,https://tr.wikipedia.org/wiki/Yunanlar,1,Türkiye#46: Son olarak Yunan koloniciler tarafından MÖ 657'de Megara kenti ortaya çıkarıldı.
Levant,https://tr.wikipedia.org/wiki/Levant,1,"Türkiye#70: Osman Gazi 'nin başında olduğu Osmanoğulları Beyliği, sonraki yıllarda gittikçe büyüyerek Anadolu, Balkanlar , Kuzey Afrika ve Levant üzerinde hâkimiyet kurdu."
Birleşmiş Milletler Güvenlik Konseyi,https://tr.wikipedia.org/wiki/Birle%C5%9Fmi%C5%9F_Milletler_G%C3%BCvenlik_Konseyi,1,"Türkiye#174: Ülke, Birleşmiş Milletler (1945), OECD (1961), İslam İşbirliği Teşkilatı (1969), AGİT (1973), EİT (1985), KEİ (1992), D-8 (1997), G-20 (1999) ve Türk Devletleri Teşkilatı (2009) gibi uluslararası örgütlerin kurucu üyelerinden birisidir."
LGBT,https://tr.wikipedia.org/wiki/LGBT,1,"Türkiye#198: Aynı zamanda Kürt hakları, kadın hakları, LGBT hakları ve basın özgürlüğü gibi diğer konular da tartışmalara sebep olmuştur."
Araplar,https://tr.wikipedia.org/wiki/Araplar,1,"Türkiye#315: Yapılan araştırmalara göre Türkiye'de Arnavutlar , Azeriler , Araplar , Boşnaklar , Çerkesler , Çingeneler , Gürcüler , Hemşinliler , Lazlar , Pomaklar , Süryaniler ve Zazalar dâhil olmak üzere pek çok etnik grup yaşasa da, ülkede resmen tanınan azınlıklar sadece Ermeniler , Rumlar , Bulgarlar , Yahudilerdir ."
Mîsâk-ı Millî,https://tr.wikipedia.org/wiki/M%C3%AEs%C3%A2k-%C4%B1_Mill%C3%AE,1,Türkiye#100: I.
Aral Gölü,https://tr.wikipedia.org/wiki/Aral_G%C3%B6l%C3%BC,1,"Türkiye#60: Oğuz Türkleri , Müslüman olduktan sonra İslam dünyası çevrelerine daha yakın yerlerde ikamet ettiler ve 9. yüzyılda Hazar Denizi ile Aral Gölü 'nün kuzeyine yerleşmeye başladılar."
temsilî demokrasinin,https://tr.wikipedia.org/wiki/Temsil%C3%AE_demokrasi,1,"Türkiye#128: Türkiye, çok partili sisteme sahip temsilî demokrasinin uygulandığı üniter devlettir ."
Kanal D,https://tr.wikipedia.org/wiki/Kanal_D,1,"Türkiye#387: Devlet kanalı TRT ile Kanal D , Show TV , Atv ve Star TV gibi özel kanallar, izleyici tarafından en çok takip edilen kanallardır."
Batı Anadolu,https://tr.wikipedia.org/wiki/Bat%C4%B1_Anadolu,1,"Türkiye#9: 13. yüzyılın sonlarından itibaren Batı Anadolu 'daki Türk beyliklerinden biri olarak ön plana çıkan ve bağımsızlık kazanan Osmanlılar , 14. yüzyılda Balkan topraklarında gerçekleştirdiği fetihlerle büyük bir güç hâline geldi ve Anadolu 'daki diğer Türk beylikleri üzerinde de hâkimiyet kurdu."
miladi,https://tr.wikipedia.org/wiki/Mil%C3%A2d%C3%AE_takvim,1,TürkiyeCard#31: gg/aa/yyyy ( miladi )
Hanefiliktir,https://tr.wikipedia.org/wiki/Hanefilik,1,Türkiye#337: Yaygın mezhep ise Sünnilik mezheplerinden biri olan Hanefiliktir .
Roma Cumhuriyeti,https://tr.wikipedia.org/wiki/Roma_Cumhuriyeti,1,"Türkiye#53: Tüm bu krallıklar, MÖ 1. yüzyıl ortalarında Roma Cumhuriyeti 'nin bir parçası hâline geldi."
1877-78 Osmanlı-Rus Savaşı,https://tr.wikipedia.org/wiki/93_Harbi,1,Türkiye#83: Bunu 1875-78 Doğu Krizi ve 1877-78 Osmanlı-Rus Savaşı gibi felaketler izledi.
Halil Paşa,https://tr.wikipedia.org/wiki/Ressam_Halil_Pa%C5%9Fa,1,Türkiye#363: Çağdaş eğilimlerle birlikte empresyonizm de gelişim gösterdi ve Halil Paşa resimlerinde empresyonizmi kullandı.
David Lloyd George,https://tr.wikipedia.org/wiki/David_Lloyd_George,1,Türkiye#102: Ankara Hükûmeti silahlı ve diplomatik mücadeleye girişti.
Yeniler Grubu,https://tr.wikipedia.org/wiki/Yeniler_Grubu,1,"Türkiye#365: Bunların yanı sıra Yeniler Grubu 1930'larda, Onlar Grubu 1940'larda, Yeni Dal Grubu 1950'lerde ve Siyah Kalem Grubu 1960'larda ortaya çıkarak çağdaş Türk resminin diğer önemli hareketleri olarak tanındılar."
küçük orman kartalı,https://tr.wikipedia.org/w/index.php?title=K%C3%BC%C3%A7%C3%BCk_orman_kartal%C4%B1&action=edit&redlink=1,1,Türkiye#229: Bu dağların doğu ucunda Kafkasya karışık ormanları yer alır.
jeotermal enerji,https://tr.wikipedia.org/wiki/Jeotermal_enerji,1,"Türkiye#272: Gelgit ve dalga enerjisi %0,4'lük bir paya sahipken, jeotermal enerji toplam kurulu kapasitenin %3,4'ünü oluşturur."
çeşitli yeni devletler,https://tr.wikipedia.org/wiki/Eski_Osmanl%C4%B1_topraklar%C4%B1nda_%C5%9Fu_an_bulunan_devletler_listesi,1,Türkiye#99: Savaşın ardından imparatorluğa bağlı milletler ayrılarak çeşitli yeni devletler kurdular.
Akdeniz ikliminde,https://tr.wikipedia.org/wiki/Akdeniz_iklimi,1,"Türkiye#235: Genel anlamda Ege Denizi ile Akdeniz kıyılarında görülen Akdeniz ikliminde yazlar sıcak ve kurak, kışları ılık ve yağışlıdır."
D-8,https://tr.wikipedia.org/wiki/D-8_Ekonomik_%C4%B0%C5%9Fbirli%C4%9Fi_Te%C5%9Fkilat%C4%B1,1,"Türkiye#174: Ülke, Birleşmiş Milletler (1945), OECD (1961), İslam İşbirliği Teşkilatı (1969), AGİT (1973), EİT (1985), KEİ (1992), D-8 (1997), G-20 (1999) ve Türk Devletleri Teşkilatı (2009) gibi uluslararası örgütlerin kurucu üyelerinden birisidir."
Açe Sultanlığı,https://tr.wikipedia.org/wiki/A%C3%A7e_Sultanl%C4%B1%C4%9F%C4%B1,1,"Türkiye#86: Yine de, Osmanlılar en uzak vasalları olan Açe Sultanlığı 'na asker gönderirken Güneydoğu Asya 'da bile nüfuz sahibiydiler."
Şırnak,https://tr.wikipedia.org/wiki/%C5%9E%C4%B1rnak,1,"Türkiye#320: Kürtlerin nüfus içindeki oranı CIA'e göre %18, Konda'ya göre %15, Konsensus'a göre %14'tür."
"Türkiye'de bilim, teknoloji ve inovasyon",https://tr.wikipedia.org/wiki/T%C3%BCrkiye%27de_bilim_ve_teknoloji,1,"Türkiye#299: TÜBİTAK , Türkiye'de bilim, teknoloji ve inovasyon politikalarını geliştiren lider kuruluştur."
büyükşehir belediye başkanları,https://tr.wikipedia.org/wiki/T%C3%BCrkiye%27de_b%C3%BCy%C3%BCk%C5%9Fehir_belediyeleri,1,"Türkiye#143: Türkiye'de seçimler altı yönetim kademesi için yapılır: meclis seçimleri (ulusal), cumhurbaşkanlığı seçimleri (ulusal), büyükşehir belediye başkanları (yerel), ilçe belediye başkanları (yerel), il veya belediye meclisi üyeleri (yerel) ve muhtarlar (yerel)."
Çerkesçe,https://tr.wikipedia.org/wiki/%C3%87erkes_dilleri,1,"Türkiye#328: Bunlara Abazaca , Abhazca , Batı Ermenicesi , Çerkesçe , Çingenece , Doğu Çerkesçesi , Hemşince , Hertevince , Kapadokya Yunancası , Lazca , Pontus Rumcası , Ubıhça , Yahudi İspanyolcası ve Zazaca örnek verilebilir."
ana muhalefet lideridir,https://tr.wikipedia.org/wiki/Ana_muhalefet_partisi_lideri,1,Türkiye#158: 12. Cumhurbaşkanı Recep Tayyip Erdoğan şu anda devlet ve hükûmet başkanı olarak görev yapıyor.
Dicle,https://tr.wikipedia.org/wiki/Dicle,1,"Türkiye#215: Türkiye'nin doğusuna gidildikçe yükselti artar ve burası Fırat , Dicle , Aras gibi çeşitli nehirlerin kaynağıdır."
Kuzey Carolina Üniversitesi,"https://tr.wikipedia.org/wiki/Kuzey_Karolina_%C3%9Cniversitesi,_Chapel_Hill",1,"Türkiye#303: 2015 yılında Kuzey Carolina Üniversitesi 'nde bir profesör olan Aziz Sancar , hücrelerin DNA'yı nasıl onardığı konusundaki çalışmaları nedeniyle Tomas Lindahl ve Paul Modrich ile birlikte Nobel Kimya Ödülü 'nü kazandı."
Hulusi Behçet,https://tr.wikipedia.org/wiki/Hulusi_Beh%C3%A7et,1,Türkiye#304: Diğer Türk bilim adamları arasında Behçet hastalığını keşfeden hekim Hulusi Behçet ve Arf değişmezini tanımlayan matematikçi Cahit Arf yer alıyor.
Batı Asya,https://tr.wikipedia.org/wiki/Bat%C4%B1_Asya,1,"Türkiye#1: Türkiye , resmî adıyla Türkiye Cumhuriyeti , topraklarının büyük bölümü Batı Asya 'da Anadolu 'da, diğer bir bölümü ise Güneydoğu Avrupa 'nın uzantısı Doğu Trakya 'da olan kıtalararası bir ülkedir."
haberleşme uydusu,https://tr.wikipedia.org/wiki/Haberle%C5%9Fme_uydusu,1,"Türkiye#302: Proje bir uzay üssünün inşasından, uydu fırlatma araçlarının geliştirilmesinden ve yer istasyonlarının kurulmasından oluşur."
FIBA Europe SuperCup Women,https://tr.wikipedia.org/wiki/SuperCup_Kad%C4%B1nlar,1,"Türkiye#406: Fenerbahçe, 2022-23 ve 2023-24 sezonlarında üst üste iki Euroleague Women şampiyonluğunun ardından 2023 FIBA Europe SuperCup Women 'ı kazandı."
Bilimsel Devrim,https://tr.wikipedia.org/wiki/Bilimsel_devrim,1,"Türkiye#79: Osmanlı İmparatorluğu , Batı Avrupa'da gerçekleşen Rönesans , Bilimsel Devrim , Aydınlanma Çağı ve Sanayi Devrimi gibi yeni gelişmeleri ülkesine getiremeyerek çağın gerisinde kaldı."
42°,https://tr.wikipedia.org/wiki/42._kuzey_enlemi,1,"Türkiye#207: Türkiye toprakları kabaca bir dikdörtgen şeklini andırır, 1.600 kilometre (1.000 mi) uzunluğunda ve 800 km (500 mi) genişliğindedir."
2008 Avrupa Futbol Şampiyonasında,https://tr.wikipedia.org/wiki/2008_Avrupa_Futbol_%C5%9Eampiyonas%C4%B1,1,Türkiye#394: Galatasaray Avrupa 'da kupa kazanan ilk ve tek Türk futbol takımıdır.
Türkiye millî basketbol takımı,https://tr.wikipedia.org/wiki/T%C3%BCrkiye_mill%C3%AE_basketbol_tak%C4%B1m%C4%B1,1,Türkiye#401: Ayrıca Anadolu Efes de 2021 ve 2022 yılında EuroLeague kupasını kazanmıştır.
1915 Çanakkale Köprüsü,https://tr.wikipedia.org/wiki/1915_%C3%87anakkale_K%C3%B6pr%C3%BCs%C3%BC,1,"Türkiye#291: Avrupa ve Asya'yı birbirine bağlayan Çanakkale Boğazı üzerindeki 1915 Çanakkale Köprüsü , dünyanın en uzun asma köprüsüdür."
petrol arıtma,https://tr.wikipedia.org/wiki/Petrol,1,"Türkiye#256: Türk ekonomisinin diğer önemli bölümlerini ise bankacılık , inşaat , ev aletleri , elektronik , tekstil , petrol arıtma , petrokimya ürünleri, gıda , madencilik , demir - çelik ve makine sanayi oluşturmaktadır."
KEİ,https://tr.wikipedia.org/wiki/Karadeniz_Ekonomik_%C4%B0%C5%9Fbirli%C4%9Fi,1,"Türkiye#174: Ülke, Birleşmiş Milletler (1945), OECD (1961), İslam İşbirliği Teşkilatı (1969), AGİT (1973), EİT (1985), KEİ (1992), D-8 (1997), G-20 (1999) ve Türk Devletleri Teşkilatı (2009) gibi uluslararası örgütlerin kurucu üyelerinden birisidir."
Genelkurmay Başkanı,https://tr.wikipedia.org/wiki/T%C3%BCrk_Silahl%C4%B1_Kuvvetleri_Genelkurmay_Ba%C5%9Fkanl%C4%B1%C4%9F%C4%B1,1,"Türkiye#192: Türk Silahlı Kuvvetlerini komuta edip yönlendiren en üst düzey birim olan Genelkurmay Başkanı , cumhurbaşkanı tarafından atanır ve Millî Savunma bakanına bağlı ve sorumludur."
çeşitli deniz muharebeleri,https://tr.wikipedia.org/wiki/Hint_deniz_seferleri,1,"Türkiye#73: Ardından Kızıldeniz , Umman Denizi ve Basra Körfezi üzerinde Osmanlı ve Portekiz imparatorlukları arasında, Hint Okyanusu 'nda üstünlüğü ele geçirmek için bazı çeşitli deniz muharebeleri yapıldı."
Çanakkale Krizi,https://tr.wikipedia.org/wiki/%C3%87anakkale_Krizi,1,Türkiye#102: Ankara Hükûmeti silahlı ve diplomatik mücadeleye girişti.
Fecr-i Ati,https://tr.wikipedia.org/wiki/Fecr-i_%C3%82t%C3%AE,1,"Türkiye#371: Bu arada Servet-i Fünûn , Fecr-i Ati ve Millî Edebiyat gibi çeşitli edebiyat hareketleri ortaya çıktı."
Enosis,https://tr.wikipedia.org/wiki/Enosis,1,"Türkiye#112: Kore Savaşı 'na (1950-53) Birleşmiş Milletler kuvvetleri ile birlikte katılan Türkiye, 1952 yılında Sovyetler Birliği 'ne karşı NATO 'ya katıldı."
Barbaros Hayreddin Paşa,https://tr.wikipedia.org/wiki/Barbaros_Hayreddin_Pa%C5%9Fa,1,"Türkiye#77: Bu dönemde batıda Kutsal Roma Cermen İmparatorluğu 'na doğru topraklar genişletilerek Balkanların tamamı, Orta Avrupa ve Lehistan 'ın güney kısmı ele geçirildi."
yağışın,https://tr.wikipedia.org/wiki/Ya%C4%9F%C4%B1%C5%9F,1,"Türkiye#246: Yazları sıcak ve kurak, ülke genelinde genellikle Temmuz ve Ağustos en kurak ay iken Mayıs en çok yağışın alındığı aydır, sıcaklıklar gün içinde 30 °C (86 °F) üzerinde çıkabilmektedir."
petrokimya,https://tr.wikipedia.org/wiki/Petrokimya,1,"Türkiye#256: Türk ekonomisinin diğer önemli bölümlerini ise bankacılık , inşaat , ev aletleri , elektronik , tekstil , petrol arıtma , petrokimya ürünleri, gıda , madencilik , demir - çelik ve makine sanayi oluşturmaktadır."
kar,https://tr.wikipedia.org/wiki/Kar,1,"Türkiye#239: Ege Denizi ile Karadeniz 'i birbirine bağlayan Marmara Denizi 'nin kıyılarında geçiş iklimi görülmektedir; denizin güneyinde Akdeniz, kuzeyinde Karadeniz ve kuzeybatısında karasal iklime rastlanmaktadır."
Türkiye Basketbol Federasyonu,https://tr.wikipedia.org/wiki/T%C3%BCrkiye_Basketbol_Federasyonu,1,"Türkiye#403: Şampiyonayı FIBA, Türkiye Basketbol Federasyonu ve 2010 Organizasyon Komitesi ortaklaşa organize etmiştir ve ikinci olmuştur."
Orta Doğu Teknik Üniversitesi,https://tr.wikipedia.org/wiki/Orta_Do%C4%9Fu_Teknik_%C3%9Cniversitesi,1,Türkiye#351: 2019 itibarıyla Türkiye'deki üniversite sayısı 208'dir.
soğuk,https://tr.wikipedia.org/wiki/So%C4%9Fuk,1,"Türkiye#242: Bu iklimde yıllık ve günlük sıcaklık farkları yüksektir; yazlar sıcak ve kurak, kışlar soğuk ve kar yağışlıdır."
Rusların,https://tr.wikipedia.org/wiki/Rus_%C4%B0mparatorlu%C4%9Fu,1,Türkiye#88: Aynı şekilde Rusların Kafkasya topraklarını ele geçirmesi sonucunda buradaki Müslümanlar da Anadolu'ya yöneldi.
Kapadokya Yunancası,https://tr.wikipedia.org/wiki/Kapadokya_Rumcas%C4%B1,1,"Türkiye#328: Bunlara Abazaca , Abhazca , Batı Ermenicesi , Çerkesçe , Çingenece , Doğu Çerkesçesi , Hemşince , Hertevince , Kapadokya Yunancası , Lazca , Pontus Rumcası , Ubıhça , Yahudi İspanyolcası ve Zazaca örnek verilebilir."
tekstil,https://tr.wikipedia.org/wiki/Tekstil,1,"Türkiye#256: Türk ekonomisinin diğer önemli bölümlerini ise bankacılık , inşaat , ev aletleri , elektronik , tekstil , petrol arıtma , petrokimya ürünleri, gıda , madencilik , demir - çelik ve makine sanayi oluşturmaktadır."
güçler ayrılığı,https://tr.wikipedia.org/wiki/G%C3%BC%C3%A7ler_ayr%C4%B1l%C4%B1%C4%9F%C4%B1,1,Türkiye#164: Türkiye'de güçler ayrılığı ilkesi benimsenmiştir.
Malta,https://tr.wikipedia.org/wiki/Malta,1,"Türkiye#254: Ülkenin bu konudaki en büyük pazarları Malta , Norveç , Birleşik Krallık ve Marshall Adaları 'dır."
rüzgar enerjisi,https://tr.wikipedia.org/wiki/R%C3%BCzg%C3%A2r_g%C3%BCc%C3%BC,1,Türkiye#270: Elektrik üretimi için kullanılan kaynaklar çeşitlilik gösterir.
TR,https://tr.wikipedia.org/wiki/ISO_3166-2:TR,1,TürkiyeCard#35: TR
Yeni Osmanlıcılık,https://tr.wikipedia.org/wiki/Yeni_Osmanl%C4%B1c%C4%B1l%C4%B1k,1,"Türkiye#186: Günümüzde AK Parti hükûmeti dönemi, Türkiye'nin Yeni Osmanlıcılık dönemi olarak adlandırıldı ve ülkenin etkisi stratejik konumuna bağlı olarak Orta Doğu'da arttı."
Hurri,https://tr.wikipedia.org/wiki/Hurriler,1,"Türkiye#38: Anadolu'nun bilinen ilk sakinleri, Hatti ve Hurri toplumlarıdır."
Euxine-Kolşik yaprak döken ormanlarına,https://tr.wikipedia.org/wiki/Euxine-Kol%C5%9Fik_yaprak_d%C3%B6ken_ormanlar,1,"Türkiye#230: Kuzey Anadolu Dağları ve Karadeniz arasındaki dar kıyı şeridinde, Dünya'da az sayıda bulunan ılıman yağmur ormanlarından biri olan Euxine-Kolşik yaprak döken ormanlarına rastlanır."
İran,https://tr.wikipedia.org/wiki/Fars_edebiyat%C4%B1,1,"Türkiye#368: Osmanlı döneminde Türk edebiyatı, İran ve Arap edebiyatlarının fazlasıyla etkisi altında kaldı."
Türkiye'de voleybol,https://tr.wikipedia.org/wiki/T%C3%BCrkiye%27de_voleybol,1,"Türkiye#407: Türkiye'de voleybol , özellikle de kadın voleybolu, popüler bir spordur ."
Hora,https://tr.wikipedia.org/wiki/Hora,1,Türkiye#375: Türk kültüründe halk oyunları önemli bir yer tutar.
Osmanlı ekonomisini,https://tr.wikipedia.org/wiki/Osmanl%C4%B1_%C4%B0mparatorlu%C4%9Fu%27nun_ekonomik_tarihi,1,"Türkiye#75: Çünkü 15. yüzyıl sonlarındaki Coğrafi Keşifler sayesinde Ümit Burnu ve Amerika kıtasının keşfedilmesi, Osmanlı'nın elinde tuttuğu Doğu Asya ile Batı Avrupa arasında ticareti sağlayan eski ticaret yollarının önemini yitirmesine neden olup Osmanlı ekonomisini olumsuz yönde etkilemiştir."
Anadolu çoban köpeği,https://tr.wikipedia.org/wiki/Anadolu_%C3%A7oban_k%C3%B6pe%C4%9Fi,1,Türkiye#233: Ülkenin diğer ulusal sembollerinden biri ise Van kedisidir ve adını Doğu Anadolu'da yer alan Van ilinden alır.
yürütme,https://tr.wikipedia.org/wiki/Y%C3%BCr%C3%BCtme,1,"Türkiye#133: Devlet, anayasa tarafından tanımlanan bir kuvvetler ayrılığı sistemi ile düzenlenmiştir ve yasama , yürütme ve yargı olmak üzere üç kola ayrılmaktadır:"
Nahçıvan Özerk Cumhuriyeti,https://tr.wikipedia.org/wiki/Nah%C3%A7%C4%B1van_%C3%96zerk_Cumhuriyeti,1,Türkiye#216: Ayrıca 5.137 metre (16.854 ft) yüksekliğindeki Türkiye'nin en yüksek dağı olan Ağrı Dağı ve en büyük gölü olan Van Gölü de Doğu Anadolu'da yer alır.
yer gözlem uydularıdır,https://tr.wikipedia.org/wiki/Yer_g%C3%B6zlem_uydusu,1,"Türkiye#302: Proje bir uzay üssünün inşasından, uydu fırlatma araçlarının geliştirilmesinden ve yer istasyonlarının kurulmasından oluşur."
imamlardan,https://tr.wikipedia.org/wiki/%C4%B0mam,1,Türkiye#339: Ülke topraklarındaki 90.000'i aşkın kayıtlı camiden ve buralarda görevli imamlardan da sorumludur.
TÜBİTAK Uzay Teknolojileri Araştırma Enstitüsü,https://tr.wikipedia.org/wiki/Uzay_Teknolojileri_Ara%C5%9Ft%C4%B1rma_Enstit%C3%BCs%C3%BC,1,"Türkiye#302: Proje bir uzay üssünün inşasından, uydu fırlatma araçlarının geliştirilmesinden ve yer istasyonlarının kurulmasından oluşur."
FIFA 20 Yaş Altı Dünya Kupası,https://tr.wikipedia.org/wiki/FIFA_20_Ya%C5%9F_Alt%C4%B1_D%C3%BCnya_Kupas%C4%B1,1,"Türkiye#395: Türkiye, UEFA tarafından düzenlenen birçok önemli futbol organizasyonuna ev sahipliği yapmıştır."
Osman Hamdi Bey,https://tr.wikipedia.org/wiki/Osman_Hamdi_Bey,1,Türkiye#362: Resim dersleri ilk olarak teknik ihtiyaçlar için 1793 yılında şu anki İstanbul Teknik Üniversitesi 'nde verilmeye başlandı.
halk oyunları,https://tr.wikipedia.org/wiki/T%C3%BCrk_halk_oyunlar%C4%B1,1,Türkiye#375: Türk kültüründe halk oyunları önemli bir yer tutar.
230 V–50 Hz,https://tr.wikipedia.org/wiki/%C5%9Eebeke_gerilimi,1,TürkiyeCard#32: 230 V–50 Hz
cumhuriyet,https://tr.wikipedia.org/wiki/Cumhuriyet,1,"Türkiye#106: Türkiye Cumhuriyeti Devleti'nin kurucusu ve ilk cumhurbaşkanı olan Mustafa Kemal, dine dayalı ve çok uluslu eski Osmanlı monarşisini laik bir anayasa altında parlamenter bir cumhuriyet olarak yönetilecek bir Türk ulus devletine dönüştürme amacını içeren birçok devrim yaptı."
Yunan,https://tr.wikipedia.org/wiki/Antik_Yunanistan,1,"Türkiye#44: Anadolu'nun sahil şeridinde MÖ 1200 yıllarında büyük ölçüde Aiol , İyon ve Yunan yerleşimleri başladı."
Memlûk Sultanlığı,https://tr.wikipedia.org/wiki/Meml%C3%BBk_Devleti,1,Türkiye#72: 1514 yılında I.
Belçika,https://tr.wikipedia.org/wiki/Bel%C3%A7ika,1,Türkiye#195: 2011 NATO sayımlarına göre ülkenin tahminî 495.000 konuşlandırılabilir kuvveti bulunmaktadır.
Türkiye ile Bulgaristan Arasındaki Dostluk Antlaşması,https://tr.wikipedia.org/wiki/Bulgaristan-T%C3%BCrkiye_Dostluk_Antla%C5%9Fmas%C4%B1,1,"Türkiye#317: Ayrıca Türkiye'deki Bulgarlar'ın azınlık statüsü, Türkiye ile Bulgaristan Arasındaki Dostluk Antlaşması uyarınca açıkça belirtilmiştir."
Osmanlı,https://tr.wikipedia.org/wiki/Osmanl%C4%B1_k%C3%BClt%C3%BCr%C3%BC,1,"Türkiye#357: Türkiye; Oğuz , Anadolu , Osmanlı ( Greko-Romen ve İslami kültürlerin bir devamıydı) ve Avrupa kültürü ile geleneklerinin karışımıyla ortaya çıkan çok çeşitli kültürleri barındırır."
hayvan,https://tr.wikipedia.org/wiki/Hayvan,1,"Türkiye#227: Tüm Avrupa genelindeki hayvan türlerinin sayısı 60.000 iken, bu rakam Türkiye'de 80.000'den fazladır ve alt türler dâhil edildiğinde 100.000'i geçmektedir."
Türk,https://tr.wikipedia.org/wiki/T%C3%BCrk_vatanda%C5%9Fl%C4%B1%C4%9F%C4%B1,1,TürkiyeCard#6: Türk
makidir,https://tr.wikipedia.org/wiki/Maki,1,Türkiye#236: Bitki örtüsü makidir .
2023-24,https://tr.wikipedia.org/wiki/2023-24_EuroLeague_Women,1,"Türkiye#406: Fenerbahçe, 2022-23 ve 2023-24 sezonlarında üst üste iki Euroleague Women şampiyonluğunun ardından 2023 FIBA Europe SuperCup Women 'ı kazandı."
devletçi,https://tr.wikipedia.org/wiki/Atat%C3%BCrk_%C4%B0lkeleri#Devletçilik,1,Türkiye#262: I.
belediye başkanları,https://tr.wikipedia.org/wiki/Belediye_ba%C5%9Fkan%C4%B1,1,"Türkiye#122: Vali ve kaymakamın yanı sıra, merkezî yönetim ve belediye başkanları tarafından atanan diğer üst düzey yetkililer de vardır."
Smyrna,https://tr.wikipedia.org/wiki/Smirni,1,"Türkiye#45: Bu yerleşimciler tarafından Milet , Efes , Smyrna ve Byzantium gibi çok sayıda önemli şehir kuruldu."
Yerel yönetimin,https://tr.wikipedia.org/wiki/Yerel_y%C3%B6netim,1,"Türkiye#130: Türk siyasi sisteminde vatandaşlar, ülkesel, il ve yerel olmak üzere üç yönetim düzeyine tabidir."
Avrupa kültürü,https://tr.wikipedia.org/wiki/Avrupa_k%C3%BClt%C3%BCr%C3%BC,1,"Türkiye#357: Türkiye; Oğuz , Anadolu , Osmanlı ( Greko-Romen ve İslami kültürlerin bir devamıydı) ve Avrupa kültürü ile geleneklerinin karışımıyla ortaya çıkan çok çeşitli kültürleri barındırır."
Ali Sami Yen Spor Kompleksi,https://tr.wikipedia.org/wiki/Ali_Sami_Yen_Spor_Kompleksi,1,"Türkiye#395: Türkiye, UEFA tarafından düzenlenen birçok önemli futbol organizasyonuna ev sahipliği yapmıştır."
Cilalı Taş Devri,https://tr.wikipedia.org/wiki/Cilal%C4%B1_Ta%C5%9F_Devri,1,"Türkiye#32: MÖ 7500'e veya MÖ 5700'e dayandığı düşünülen Orta Anadolu 'daki Çatalhöyük , dünya üzerinde Cilalı Taş Devri ile Bakır Çağı 'na ait en büyük ve en iyi korunmuş yerleşim yeridir."
Toros Dağları,https://tr.wikipedia.org/wiki/Toros_Da%C4%9Flar%C4%B1,1,"Türkiye#214: Kuzeyde Köroğlu ve Kuzey Anadolu Dağları ile, güneyde Toros Dağları ile çevrilmiştir."
dünyanın en büyük 37. ülkesidir,https://tr.wikipedia.org/wiki/Y%C3%BCz%C3%B6l%C3%A7%C3%BCmlerine_g%C3%B6re_%C3%BClkeler_listesi,1,"Türkiye#209: Bu rakamlarla, yüzölçümü açısından dünyanın en büyük 37. ülkesidir ."
Truman Doktrini,https://tr.wikipedia.org/wiki/Truman_Doktrini,1,Türkiye#109: II.
askerî ve ekonomik destek sağladı,https://tr.wikipedia.org/wiki/Amerika_Birle%C5%9Fik_Devletleri-T%C3%BCrkiye_ili%C5%9Fkileri,1,"Türkiye#110: Doktrin, Türkiye ve Yunanistan'ın güvenliğini sağlamayı amaçlayarak askerî ve ekonomik destek sağladı ."
Tenise,https://tr.wikipedia.org/wiki/Tenis,1,"Türkiye#411: Tenise olan ilginin de zamanla arttığı Türkiye, Avrupa Tenis Federasyonu verilerine göre tenis adına 141 turnuva ile Avrupa'da 2022 yılında en fazla uluslararası turnuva düzenleyen ikinci ülke oldu."
Fovizm,https://tr.wikipedia.org/wiki/Fovizm,1,Türkiye#363: Çağdaş eğilimlerle birlikte empresyonizm de gelişim gösterdi ve Halil Paşa resimlerinde empresyonizmi kullandı.
fay hatlarına,https://tr.wikipedia.org/wiki/Fay,1,Türkiye#222: Üzerinde sönmüş volkanlar bulundurur ve hâlâ daha sıklıkla depremler meydana gelmektedir.
Osmanlı donanması,https://tr.wikipedia.org/wiki/Osmanl%C4%B1_donanmas%C4%B1,1,"Türkiye#77: Bu dönemde batıda Kutsal Roma Cermen İmparatorluğu 'na doğru topraklar genişletilerek Balkanların tamamı, Orta Avrupa ve Lehistan 'ın güney kısmı ele geçirildi."
AGİT,https://tr.wikipedia.org/wiki/Avrupa_G%C3%BCvenlik_ve_%C4%B0%C5%9F_Birli%C4%9Fi_Te%C5%9Fkilat%C4%B1,1,"Türkiye#174: Ülke, Birleşmiş Milletler (1945), OECD (1961), İslam İşbirliği Teşkilatı (1969), AGİT (1973), EİT (1985), KEİ (1992), D-8 (1997), G-20 (1999) ve Türk Devletleri Teşkilatı (2009) gibi uluslararası örgütlerin kurucu üyelerinden birisidir."
"Levant, Mısır",https://tr.wikipedia.org/wiki/B%C3%BCy%C3%BCk_M%C4%B1s%C4%B1r_Seferi,1,Türkiye#72: 1514 yılında I.
Güneydoğu Asya,https://tr.wikipedia.org/wiki/G%C3%BCneydo%C4%9Fu_Asya,1,"Türkiye#86: Yine de, Osmanlılar en uzak vasalları olan Açe Sultanlığı 'na asker gönderirken Güneydoğu Asya 'da bile nüfuz sahibiydiler."
doğrudan halk tarafından,https://tr.wikipedia.org/wiki/Tek_dereceli_se%C3%A7im,1,Türkiye#136: Cumhurbaşkanı ise beş yıllık bir dönem için doğrudan halk tarafından seçilir.
Batman,https://tr.wikipedia.org/wiki/Batman,1,"Türkiye#320: Kürtlerin nüfus içindeki oranı CIA'e göre %18, Konda'ya göre %15, Konsensus'a göre %14'tür."
Koç Üniversitesi,https://tr.wikipedia.org/wiki/Ko%C3%A7_%C3%9Cniversitesi,1,Türkiye#351: 2019 itibarıyla Türkiye'deki üniversite sayısı 208'dir.
Sahil Güvenlik,https://tr.wikipedia.org/wiki/Sahil_G%C3%BCvenlik_Komutanl%C4%B1%C4%9F%C4%B1,1,"Türkiye#191: İç emniyeti sağlama ve askerî işlevleri olan Jandarma ile Sahil Güvenlik , barış zamanında İçişleri Bakanlığına, savaş zamanında Kara ve Deniz kuvvetlerine bağlıdır."
45.,https://tr.wikipedia.org/wiki/%C4%B0nsani_Geli%C5%9Fme_Endeksi%27ne_g%C3%B6re_%C3%BClkeler_listesi,1,TürkiyeCard#28: 0.855 çok yüksek · 45.
UNESCO Somut Olmayan Kültürel Mirası,https://tr.wikipedia.org/wiki/UNESCO_Somut_Olmayan_K%C3%BClt%C3%BCrel_Miras_Listeleri,1,"Türkiye#20: Türkiye evrensel sağlık hizmetlerine, artan eğitim erişimi ve yenilikçiliğe sahiptir."
Kapadokya,https://tr.wikipedia.org/wiki/Kapadokya,1,"Türkiye#48: Anadolu, MÖ 6. ve 5. yüzyıllarda bir Pers devleti olan Ahameniş İmparatorluğu 'nun egemenliğine girdi ve bu egemenlik, MÖ 334 yılındaki Makedonya Kralı Büyük İskender 'in fetihlerine kadar devam etti."
gemi yapımından,https://tr.wikipedia.org/wiki/Gemi_in%C5%9Faat%C4%B1_ve_deniz_m%C3%BChendisli%C4%9Fi,1,Türkiye#253: Türkiye'nin büyük bir otomotiv sanayisi vardır.
Mavi Bayraklı plaja,https://tr.wikipedia.org/wiki/Mavi_Bayrak,1,"Türkiye#276: Türkiye, 625 Mavi Bayraklı plaja ev sahipliği yaparak İspanya ve Yunanistan 'ın ardından dünyada üçüncü sırada yer almaktadır."
"Galatasaray U:(https://tr.wikipedia.org/wiki/Galatasaray_(futbol_tak%C4%B1m%C4%B1))___ , , ve ___E:İstanbul Başakşehir",https://tr.wikipedia.org/wiki/%C4%B0stanbul_Ba%C5%9Fak%C5%9Fehir_FK,1,Türkiye#392: Futbol ligler hâlinde oynanmakta ve bunların en büyüğü Süper Lig 'dir.
2013-14 EuroLeague Women,https://tr.wikipedia.org/wiki/2013-14_EuroLeague_Women,1,Türkiye#405: Ayrıca 2013 Akdeniz Oyunlarında erkek millî basketbol takımı altın madalya almıştır.
Ekspresyonizm,https://tr.wikipedia.org/wiki/D%C4%B1%C5%9Favurumculuk,1,Türkiye#363: Çağdaş eğilimlerle birlikte empresyonizm de gelişim gösterdi ve Halil Paşa resimlerinde empresyonizmi kullandı.
Millî Edebiyat,https://tr.wikipedia.org/wiki/Mill%C3%AE_Edebiyat,1,"Türkiye#371: Bu arada Servet-i Fünûn , Fecr-i Ati ve Millî Edebiyat gibi çeşitli edebiyat hareketleri ortaya çıktı."
Kürtlerdir,https://tr.wikipedia.org/wiki/T%C3%BCrkiye_K%C3%BCrtleri,1,"Türkiye#319: Türklerden sonra, ülkede yaşayan en büyük etnik grup Kürtlerdir ."
ASELSAN,https://tr.wikipedia.org/wiki/ASELSAN,1,"Türkiye#301: Askerî teknoloji alanında araştırma ve geliştirme amacıyla kurulan devlet şirketleri arasında TUSAŞ , ASELSAN , HAVELSAN , ROKETSAN ve MKE bulunmaktadır."
Kilikya,https://tr.wikipedia.org/wiki/Kilikya,1,"Türkiye#48: Anadolu, MÖ 6. ve 5. yüzyıllarda bir Pers devleti olan Ahameniş İmparatorluğu 'nun egemenliğine girdi ve bu egemenlik, MÖ 334 yılındaki Makedonya Kralı Büyük İskender 'in fetihlerine kadar devam etti."
ortanca yaşı,https://tr.wikipedia.org/wiki/Ortanca_ya%C5%9F,1,"Türkiye#310: Nüfusun ortanca yaşı 34,4'tür."
spordur,https://tr.wikipedia.org/wiki/Spor,1,"Türkiye#407: Türkiye'de voleybol , özellikle de kadın voleybolu, popüler bir spordur ."
yasama,https://tr.wikipedia.org/wiki/Yasama,1,"Türkiye#133: Devlet, anayasa tarafından tanımlanan bir kuvvetler ayrılığı sistemi ile düzenlenmiştir ve yasama , yürütme ve yargı olmak üzere üç kola ayrılmaktadır:"
2019,https://tr.wikipedia.org/wiki/2019_UEFA_S%C3%BCper_Kupas%C4%B1,1,"Türkiye#395: Türkiye, UEFA tarafından düzenlenen birçok önemli futbol organizasyonuna ev sahipliği yapmıştır."
Troya,https://tr.wikipedia.org/wiki/Troya,1,"Türkiye#33: MÖ 8200 ila 6000 arasında kurulduğu tahmin edilen Çayönü yerleşkesi de, bu yapılara yine örnek verilebilir."
barış görüşmeleri,https://tr.wikipedia.org/wiki/%C3%87%C3%B6z%C3%BCm_S%C3%BCreci,1,"Türkiye#116: 1980'li yıllarda Türk ekonomisinin liberalleştirilmesinden bu yana ülke, ekonomik büyüme ve siyasi istikrar yakaladı."
ROKETSAN,https://tr.wikipedia.org/wiki/ROKETSAN,1,"Türkiye#301: Askerî teknoloji alanında araştırma ve geliştirme amacıyla kurulan devlet şirketleri arasında TUSAŞ , ASELSAN , HAVELSAN , ROKETSAN ve MKE bulunmaktadır."
Çayönü,https://tr.wikipedia.org/wiki/%C3%87ay%C3%B6n%C3%BC,1,"Türkiye#33: MÖ 8200 ila 6000 arasında kurulduğu tahmin edilen Çayönü yerleşkesi de, bu yapılara yine örnek verilebilir."
28. dönemi,https://tr.wikipedia.org/wiki/TBMM_28._d%C3%B6nem_milletvekilleri_listesi,1,"Türkiye#159: Meclisin 28. dönemi , 2023 genel seçimlerinin ardından başlamıştır ve başlangıçta milletvekili dağılımı şu şekilde belirlendi: Adalet ve Kalkınma Partisi (AKP) 268, Cumhuriyet Halk Partisi (CHP) 169, Milliyetçi Hareket Partisi (MHP) 50, Halkların Eşitlik ve Demokrasi Partisi (HEDEP) 57, İYİ Parti 43, Yeniden Refah Partisi (YRP) 5, Türkiye İşçi Partisi (TİP) 4 sandalye."
şah kartal,https://tr.wikipedia.org/wiki/%C5%9Eah_kartal,1,Türkiye#229: Bu dağların doğu ucunda Kafkasya karışık ormanları yer alır.
Irkçılık-Turancılık Davası,https://tr.wikipedia.org/wiki/Irk%C3%A7%C4%B1l%C4%B1k-Turanc%C4%B1l%C4%B1k_Davas%C4%B1,1,"Cumhuriyet Halk Partisi#40: Savaşın ilerleyen sürecinde, Irkçılık-Turancılık Davası 'yla beraber Pan-Türkistler partiden uzaklaştırıldı."
Fahrelnisa Zeid,https://tr.wikipedia.org/wiki/Fahr%C3%BCnnisa_Zeyd,1,"Türkiye#364: Sonraki yıllarda D Grubu sanatçılarından Abidin Dino ve Cemal Tollu dâhil olmak üzere Fikret Mualla , Fahrelnisa Zeid , Bedri Rahmi Eyüboğlu , Adnan Çoker ve Burhan Doğançay gibi sanatçılar son 30 yıl boyunca Batı'da gelişen bazı eğilimleri tanıttılar."
Mardin,https://tr.wikipedia.org/wiki/Mardin,1,"Türkiye#320: Kürtlerin nüfus içindeki oranı CIA'e göre %18, Konda'ya göre %15, Konsensus'a göre %14'tür."
toprak reformu,https://tr.wikipedia.org/wiki/T%C3%BCrkiye%27de_toprak_reformu,1,"Türkiye#108: Türkiye Büyük Millet Meclisi, 1934 yılında çıkan Soyadı Kanunu ile kendisine ""Atatürk"" soyadını verdi."
Adnan Çoker,https://tr.wikipedia.org/wiki/Adnan_%C3%87oker,1,"Türkiye#364: Sonraki yıllarda D Grubu sanatçılarından Abidin Dino ve Cemal Tollu dâhil olmak üzere Fikret Mualla , Fahrelnisa Zeid , Bedri Rahmi Eyüboğlu , Adnan Çoker ve Burhan Doğançay gibi sanatçılar son 30 yıl boyunca Batı'da gelişen bazı eğilimleri tanıttılar."
gerilemeye başladı,https://tr.wikipedia.org/wiki/Osmanl%C4%B1_%C4%B0mparatorlu%C4%9Fu_gerileme_d%C3%B6nemi,1,"Türkiye#79: Osmanlı İmparatorluğu , Batı Avrupa'da gerçekleşen Rönesans , Bilimsel Devrim , Aydınlanma Çağı ve Sanayi Devrimi gibi yeni gelişmeleri ülkesine getiremeyerek çağın gerisinde kaldı."
Marshall Planı,https://tr.wikipedia.org/wiki/Marshall_Plan%C4%B1,1,"Türkiye#111: Her iki ülke de 1948 yılında Avrupa ekonomisinin yeniden inşası için Marshall Planı ve OEEC 'ye dâhil edildi, daha sonra 1961 yılında OECD 'nin kurucu üyesi hâline geldi."
www.akifhamzacebi.com,http://www.akifhamzacebi.com/,1,Akif HamzaçebiCard#8: www.akifhamzacebi.com
Türk Patent ve Marka Kurumu,https://tr.wikipedia.org/wiki/T%C3%BCrk_Patent_ve_Marka_Kurumu,1,"Akif Hamzaçebi#8: Bu görevleri sırasında Sualtı Sporları Federasyonu , Voleybol Federasyonu , Gayrimenkul Ekspertiz ve Değerleme A.Ş."
TUSAŞ,https://tr.wikipedia.org/wiki/TUSA%C5%9E,1,"Türkiye#301: Askerî teknoloji alanında araştırma ve geliştirme amacıyla kurulan devlet şirketleri arasında TUSAŞ , ASELSAN , HAVELSAN , ROKETSAN ve MKE bulunmaktadır."
Paul Modrich,https://tr.wikipedia.org/wiki/Paul_Modrich,1,"Türkiye#303: 2015 yılında Kuzey Carolina Üniversitesi 'nde bir profesör olan Aziz Sancar , hücrelerin DNA'yı nasıl onardığı konusundaki çalışmaları nedeniyle Tomas Lindahl ve Paul Modrich ile birlikte Nobel Kimya Ödülü 'nü kazandı."
Kars,https://tr.wikipedia.org/wiki/Kars,1,"Türkiye#320: Kürtlerin nüfus içindeki oranı CIA'e göre %18, Konda'ya göre %15, Konsensus'a göre %14'tür."
Basketbol Süper Ligi,https://tr.wikipedia.org/wiki/Basketbol_S%C3%BCper_Ligi,1,Türkiye#397: Basketbolun en büyük ligi Basketbol Süper Ligi 'dir.
Ubıhça,https://tr.wikipedia.org/wiki/Ub%C4%B1h%C3%A7a,1,"Türkiye#328: Bunlara Abazaca , Abhazca , Batı Ermenicesi , Çerkesçe , Çingenece , Doğu Çerkesçesi , Hemşince , Hertevince , Kapadokya Yunancası , Lazca , Pontus Rumcası , Ubıhça , Yahudi İspanyolcası ve Zazaca örnek verilebilir."
Sosyal Güvenlik Kurumu,https://tr.wikipedia.org/wiki/T%C3%BCrkiye_Cumhuriyeti_Sosyal_G%C3%BCvenlik_Kurumu,1,Türkiye#352: Türkiye'de sağlık hizmetleri Sağlık Bakanlığı tarafından merkezî bir devlet sistemiyle kontrol edilir.
Finansal Forum,https://tr.wikipedia.org/w/index.php?title=Finansal_Forum&action=edit&redlink=1,1,Akif Hamzaçebi#7: Gelirler Genel Müdürlüğü döneminde Finansal Forum gazetesinde ekonomik konularda köşe yazıları yazdı.
Norveç,https://tr.wikipedia.org/wiki/Norve%C3%A7,1,"Türkiye#254: Ülkenin bu konudaki en büyük pazarları Malta , Norveç , Birleşik Krallık ve Marshall Adaları 'dır."
Kırım Savaşı,https://tr.wikipedia.org/wiki/K%C4%B1r%C4%B1m_Sava%C5%9F%C4%B1,1,"Türkiye#81: Bunun yanı sıra, ülkede toprak bütünlüğünü korumak için geliştirilen, farklı dinî ve etnik kökenlere sahip kişilerin bir arada yaşaması fikrini içeren Osmanlıcılık akımı da başarıya ulaşamayarak dağılmanın önüne geçemedi ."
Bulgarlar,https://tr.wikipedia.org/wiki/T%C3%BCrkiye%27deki_Bulgarlar,1,"Türkiye#315: Yapılan araştırmalara göre Türkiye'de Arnavutlar , Azeriler , Araplar , Boşnaklar , Çerkesler , Çingeneler , Gürcüler , Hemşinliler , Lazlar , Pomaklar , Süryaniler ve Zazalar dâhil olmak üzere pek çok etnik grup yaşasa da, ülkede resmen tanınan azınlıklar sadece Ermeniler , Rumlar , Bulgarlar , Yahudilerdir ."
Aziz Sancar,https://tr.wikipedia.org/wiki/Aziz_Sancar,1,"Türkiye#303: 2015 yılında Kuzey Carolina Üniversitesi 'nde bir profesör olan Aziz Sancar , hücrelerin DNA'yı nasıl onardığı konusundaki çalışmaları nedeniyle Tomas Lindahl ve Paul Modrich ile birlikte Nobel Kimya Ödülü 'nü kazandı."
Asurlular,https://tr.wikipedia.org/wiki/Asurlular,1,"Türkiye#41: Hititler, bölgedeki ilk büyük krallığı MÖ 13. yüzyılda kurdular."
Tomas Lindahl,https://tr.wikipedia.org/wiki/Tomas_Lindahl,1,"Türkiye#303: 2015 yılında Kuzey Carolina Üniversitesi 'nde bir profesör olan Aziz Sancar , hücrelerin DNA'yı nasıl onardığı konusundaki çalışmaları nedeniyle Tomas Lindahl ve Paul Modrich ile birlikte Nobel Kimya Ödülü 'nü kazandı."
Hertevince,https://tr.wikipedia.org/wiki/Hertevince,1,"Türkiye#328: Bunlara Abazaca , Abhazca , Batı Ermenicesi , Çerkesçe , Çingenece , Doğu Çerkesçesi , Hemşince , Hertevince , Kapadokya Yunancası , Lazca , Pontus Rumcası , Ubıhça , Yahudi İspanyolcası ve Zazaca örnek verilebilir."
2010'larda ve 2020'lerin başında Türkiye'de yaşanan göçmen krizi,https://tr.wikipedia.org/wiki/T%C3%BCrkiye_g%C3%B6%C3%A7men_krizi,1,"Türkiye#330: Türkiye'ye göç, insanların ülkede ikamet etmek için Türkiye'ye göç ettikleri süreçtir."
Afet ve Acil Durum Yönetimi Başkanlığı,https://tr.wikipedia.org/wiki/Afet_ve_Acil_Durum_Y%C3%B6netimi_Ba%C5%9Fkanl%C4%B1%C4%9F%C4%B1,1,"Türkiye#331: UNHCR'ye göre 2018'de Türkiye, Afrika ve Orta Doğu'dan toplam 3.564.919 kayıtlı mülteciye ev sahipliği yaptı ve bu, dünyadaki tüm mültecilerin %63,4'üne tekabül ediyor."
Maliyeci,https://tr.wikipedia.org/wiki/Maliyeci,1,"Akif HamzaçebiCard#7: Maliyeci , Ekonomist , Siyasetçi"
Söğüt,"https://tr.wikipedia.org/wiki/S%C3%B6%C4%9F%C3%BCt,_Bilecik",1,"Türkiye#69: Bu beylikler arasında, Söğüt ve Bilecik çevresinde kurulu olan Osmanoğulları Beyliği , 13. yüzyılın sonlarına doğru bağımsızlığını ilan etmiştir."
Voleybol Federasyonu,https://tr.wikipedia.org/wiki/T%C3%BCrkiye_Voleybol_Federasyonu,1,"Akif Hamzaçebi#8: Bu görevleri sırasında Sualtı Sporları Federasyonu , Voleybol Federasyonu , Gayrimenkul Ekspertiz ve Değerleme A.Ş."
Bakü,https://tr.wikipedia.org/wiki/Bak%C3%BC,1,"Türkiye#184: Özellikle Azerbaycan , Türkiye ile ilişkilerinin önemini vurguladı."
Kübizm,https://tr.wikipedia.org/wiki/K%C3%BCbizm,1,Türkiye#363: Çağdaş eğilimlerle birlikte empresyonizm de gelişim gösterdi ve Halil Paşa resimlerinde empresyonizmi kullandı.
Türk Silahlı Kuvvetleri,https://tr.wikipedia.org/wiki/T%C3%BCrk_Silahl%C4%B1_Kuvvetleri,1,"Türkiye#190: Türk Silahlı Kuvvetleri üç bölümden oluşur: Kara Kuvvetleri , Deniz Kuvvetleri ve Türk Hava Kuvvetleri ."
kıtalararası,https://tr.wikipedia.org/wiki/K%C4%B1talararas%C4%B1_%C3%BClkeler_listesi,1,"Türkiye#1: Türkiye , resmî adıyla Türkiye Cumhuriyeti , topraklarının büyük bölümü Batı Asya 'da Anadolu 'da, diğer bir bölümü ise Güneydoğu Avrupa 'nın uzantısı Doğu Trakya 'da olan kıtalararası bir ülkedir."
Galatasaray U:(https://tr.wikipedia.org/wiki/Galatasaray_(kad%C4%B1n_basketbol_tak%C4%B1m%C4%B1))___ kadın basketbol takımı 2008-09 ve 2017-18 sezonlarında ___E:EuroCup Women,https://tr.wikipedia.org/wiki/EuroCup_Kad%C4%B1nlar,1,Türkiye#405: Ayrıca 2013 Akdeniz Oyunlarında erkek millî basketbol takımı altın madalya almıştır.
İzmit,https://tr.wikipedia.org/wiki/%C4%B0zmit,1,"Türkiye#254: Ülkenin bu konudaki en büyük pazarları Malta , Norveç , Birleşik Krallık ve Marshall Adaları 'dır."
Demokratik sosyalizm,https://tr.wikipedia.org/wiki/Demokratik_sosyalizm,1,Cumhuriyet Halk PartisiCard#18: Sosyal demokrasi Kemalizm İlericilik Pro-Avrupacılık Parti içi düşünceler: Ulusalcılık Demokratik sosyalizm Sosyal liberalizm
Dünya Kupası,https://tr.wikipedia.org/wiki/Kad%C4%B1nlar_Voleybol_D%C3%BCnya_Kupas%C4%B1,1,"Türkiye#408: Filenin sultanları olarak da bilinen Türkiye kadın millî voleybol takımı 2023 yılı millî takım sezonunda; Milletler Ligi Şampiyonluğu kupası, Avrupa Şampiyonluğu kupası ve Dünya Kupası adıyla oynanan Olimpiyat Elemelerinde kazandığı kupa olmak üzere 3 kupa birden kazanmıştır."
Kaşık oyunları,https://tr.wikipedia.org/wiki/Ka%C5%9F%C4%B1k_oyunlar%C4%B1,1,Türkiye#375: Türk kültüründe halk oyunları önemli bir yer tutar.
Kırkpınar Yağlı Güreşleri,https://tr.wikipedia.org/wiki/K%C4%B1rkp%C4%B1nar_Ya%C4%9Fl%C4%B1_G%C3%BCre%C5%9Fleri,1,Türkiye#409: Geleneksel bir Türk sporu olan güreşin en önemli karşılaşması Kırkpınar Yağlı Güreşleri 'dir.
Batı Avrupa,https://tr.wikipedia.org/wiki/Bat%C4%B1_Avrupa,1,"Türkiye#75: Çünkü 15. yüzyıl sonlarındaki Coğrafi Keşifler sayesinde Ümit Burnu ve Amerika kıtasının keşfedilmesi, Osmanlı'nın elinde tuttuğu Doğu Asya ile Batı Avrupa arasında ticareti sağlayan eski ticaret yollarının önemini yitirmesine neden olup Osmanlı ekonomisini olumsuz yönde etkilemiştir."
BİLSAT,https://tr.wikipedia.org/wiki/B%C4%B0LSAT,1,"Türkiye#302: Proje bir uzay üssünün inşasından, uydu fırlatma araçlarının geliştirilmesinden ve yer istasyonlarının kurulmasından oluşur."
gıda,https://tr.wikipedia.org/wiki/G%C4%B1da,1,"Türkiye#256: Türk ekonomisinin diğer önemli bölümlerini ise bankacılık , inşaat , ev aletleri , elektronik , tekstil , petrol arıtma , petrokimya ürünleri, gıda , madencilik , demir - çelik ve makine sanayi oluşturmaktadır."
dış borçlanmaya,https://tr.wikipedia.org/wiki/D%C4%B1%C5%9F_bor%C3%A7,1,"Türkiye#81: Bunun yanı sıra, ülkede toprak bütünlüğünü korumak için geliştirilen, farklı dinî ve etnik kökenlere sahip kişilerin bir arada yaşaması fikrini içeren Osmanlıcılık akımı da başarıya ulaşamayarak dağılmanın önüne geçemedi ."
D Grubu,https://tr.wikipedia.org/wiki/D_Grubu,1,"Türkiye#364: Sonraki yıllarda D Grubu sanatçılarından Abidin Dino ve Cemal Tollu dâhil olmak üzere Fikret Mualla , Fahrelnisa Zeid , Bedri Rahmi Eyüboğlu , Adnan Çoker ve Burhan Doğançay gibi sanatçılar son 30 yıl boyunca Batı'da gelişen bazı eğilimleri tanıttılar."
demografik,https://tr.wikipedia.org/wiki/Demografi,1,"Türkiye#125: Ayrıca ülke coğrafi , demografik ve ekonomik koşullar göz önüne alınarak idari anlam taşımayan 7 bölge ve 21 alt bölgeye ayrılmıştır."
nükleer enerji,https://tr.wikipedia.org/wiki/N%C3%BCkleer_enerji,1,Türkiye#270: Elektrik üretimi için kullanılan kaynaklar çeşitlilik gösterir.
Bar U:(https://tr.wikipedia.org/wiki/Bar_(halk_oyunu))___ ve ___E:Lezginka,https://tr.wikipedia.org/wiki/Lezginka,1,Türkiye#375: Türk kültüründe halk oyunları önemli bir yer tutar.
makine sanayi,https://tr.wikipedia.org/wiki/Makine_sanayi,1,"Türkiye#256: Türk ekonomisinin diğer önemli bölümlerini ise bankacılık , inşaat , ev aletleri , elektronik , tekstil , petrol arıtma , petrokimya ürünleri, gıda , madencilik , demir - çelik ve makine sanayi oluşturmaktadır."
Koraç Kupası,https://tr.wikipedia.org/wiki/Kora%C3%A7_Kupas%C4%B1,1,"Türkiye#398: Ayrıca Anadolu Efes 1996 yılında Koraç Kupası 'nı kazanarak, Avrupa Kupası kazanan ilk Türk takımı olma unvanını elde etmiştir."
ele geçirmesi,https://tr.wikipedia.org/wiki/Kafkas_Sava%C5%9F%C4%B1,1,Türkiye#88: Aynı şekilde Rusların Kafkasya topraklarını ele geçirmesi sonucunda buradaki Müslümanlar da Anadolu'ya yöneldi.
uzay üssünün,https://tr.wikipedia.org/wiki/Uzay_%C3%BCss%C3%BC,1,"Türkiye#302: Proje bir uzay üssünün inşasından, uydu fırlatma araçlarının geliştirilmesinden ve yer istasyonlarının kurulmasından oluşur."
dış ticaret politikasının,https://tr.wikipedia.org/wiki/D%C4%B1%C5%9F_ticaret_politikas%C4%B1,1,"Türkiye#248: 1995'te başlayan Avrupa Birliği-Türkiye Gümrük Birliği tarifeleriyle birlikte Türkiye'de geniş bir liberalleşme yolu açıldı ve bu gümrük birliği, ülkenin dış ticaret politikasının önemli taşlarından birini oluşturur hâle geldi."
Emniyet Genel Müdürlüğü,https://tr.wikipedia.org/wiki/Emniyet_Genel_M%C3%BCd%C3%BCrl%C3%BC%C4%9F%C3%BC,1,Türkiye#171: Türkiye'de kolluk kuvvetleri Emniyet Genel Müdürlüğü ve Jandarma Genel Komutanlığı gibi çeşitli birimlere ayrılmaktadır.
Türk kültürü,https://tr.wikipedia.org/wiki/T%C3%BCrk_k%C3%BClt%C3%BCr%C3%BC,1,Türkiye#359: Ülkedeki Batılılaşma hareketi ise Osmanlı İmparatorluğu'nun Tanzimat döneminde başladı ve bugüne kadar sürmeye devam etti.
valiler,https://tr.wikipedia.org/wiki/Vali,1,"Türkiye#121: İllerin başında valiler , ilçelerin başında kaymakamlar yönetici olarak görevlidir."
Arap,https://tr.wikipedia.org/wiki/Arap_edebiyat%C4%B1,1,"Türkiye#368: Osmanlı döneminde Türk edebiyatı, İran ve Arap edebiyatlarının fazlasıyla etkisi altında kaldı."
Halay,https://tr.wikipedia.org/wiki/Halay,1,Türkiye#375: Türk kültüründe halk oyunları önemli bir yer tutar.
MSP,https://tr.wikipedia.org/wiki/Mill%C3%AE_Selamet_Partisi,1,Cumhuriyet Halk Partisi#66: CHP- MSP koalisyonu kuruldu.
Ceyhan,https://tr.wikipedia.org/wiki/Ceyhan,1,"Türkiye#184: Özellikle Azerbaycan , Türkiye ile ilişkilerinin önemini vurguladı."
Umman Denizi,https://tr.wikipedia.org/wiki/Umman_Denizi,1,"Türkiye#73: Ardından Kızıldeniz , Umman Denizi ve Basra Körfezi üzerinde Osmanlı ve Portekiz imparatorlukları arasında, Hint Okyanusu 'nda üstünlüğü ele geçirmek için bazı çeşitli deniz muharebeleri yapıldı."
TÜRKSOY,https://tr.wikipedia.org/wiki/Uluslararas%C4%B1_T%C3%BCrk_K%C3%BClt%C3%BCr%C3%BC_Te%C5%9Fkilat%C4%B1,1,Türkiye#18: Türkiye NATO 'nun ilk üyelerinden birisi ABD'nin ardından ittifak içinde ikinci en büyük askerî güce sahiptir.
Bulgaristan'ın resmen bağımsız olması,https://tr.wikipedia.org/wiki/Bulgaristan_Ba%C4%9F%C4%B1ms%C4%B1zl%C4%B1k_Bildirgesi,1,"Türkiye#91: Ardından 5 Ekim 1908'de Bulgaristan'ın resmen bağımsız olması ve 6 Ekim 1908'de Avusturya-Macaristan'ın Bosna'yı tek taraflı ilhakı , ülkedeki kaos ortamını büyüttü."
Ermeni Soykırımı,https://tr.wikipedia.org/wiki/Ermeni_K%C4%B1r%C4%B1m%C4%B1,1,"Türkiye#96: Bu ölümler, çeşitli kaynaklar tarafından Ermeni Soykırımı olarak tanımlandı."
lerinde,https://tr.wikipedia.org/wiki/52._T%C3%BCrkiye_H%C3%BCk%C3%BBmeti,1,"Cumhuriyet Halk Partisi#73: 1991'den 1996'ya kadar SHP ve ardından CHP, DYP ile koalisyon hükûmet lerinde yer aldı."
Metro İstanbul,https://tr.wikipedia.org/wiki/Metro_%C4%B0stanbul,1,"Türkiye#288: Metro İstanbul , yıllık 495 milyon yolcu sayısı ile ülkedeki en büyük metro ağıdır."
15 Temmuz Şehitler Köprüsü,https://tr.wikipedia.org/wiki/15_Temmuz_%C5%9Eehitler_K%C3%B6pr%C3%BCs%C3%BC,1,"Türkiye#290: 15 Temmuz Şehitler Köprüsü (1973), Fatih Sultan Mehmet Köprüsü (1988) ve Yavuz Sultan Selim Köprüsü (2016), İstanbul Boğazı 'nın Avrupa ve Asya kıyılarını birbirine bağlayan üç asma köprüdür."
Ağa U:(https://tr.wikipedia.org/wiki/A%C4%9Fa_(%C3%BCnvan))___ olarak adlandırılan toprak beyleri tarafından yönetilen ve feodal düzenleri olan ___E:Kürt,https://tr.wikipedia.org/wiki/K%C3%BCrtler,1,"Türkiye#108: Türkiye Büyük Millet Meclisi, 1934 yılında çıkan Soyadı Kanunu ile kendisine ""Atatürk"" soyadını verdi."
yerel,https://tr.wikipedia.org/wiki/2004_T%C3%BCrkiye_yerel_se%C3%A7imleri,1,Cumhuriyet Halk Partisi#88: 2002 ve 2010 yılları arasında Türkiye'de iki genel seçim ve iki yerel seçim yapılmış ve bu seçimlerin tamamında CHP %18 ila %23 arasında oy almıştır.
46 yıl aradan sonra,https://tr.wikipedia.org/wiki/1977_T%C3%BCrkiye_yerel_se%C3%A7imleri,1,"Cumhuriyet Halk Partisi#110: 2024 yılında Özgür Özel liderliğinde parti, 46 yıl aradan sonra birinci parti oldu ve ülke genelinde 22 yıl sonra ilk kez AK Parti'yi geçti."
sıcak,https://tr.wikipedia.org/wiki/S%C4%B1cakl%C4%B1k,1,"Türkiye#242: Bu iklimde yıllık ve günlük sıcaklık farkları yüksektir; yazlar sıcak ve kurak, kışlar soğuk ve kar yağışlıdır."
Türk Tarih Kurumu,https://tr.wikipedia.org/wiki/T%C3%BCrk_Tarih_Kurumu,1,Cumhuriyet Halk Partisi#136: Fakat bankanın elde ettiği gelirin CHP'ye düşen kısmı partiye değil Türk Dil Kurumu 'na ve Türk Tarih Kurumu 'na aktarılmaktadır.
"Ekonomik krize U:(https://tr.wikipedia.org/wiki/T%C3%BCrkiye_ekonomik_krizi_(2018-g%C3%BCn%C3%BCm%C3%BCz))___ , ___E:COVID-19 pandemisinin",https://tr.wikipedia.org/wiki/COVID-19_pandemisi,1,"Cumhuriyet Halk Partisi#104: İstanbul ve Ankara büyükşehir belediye başkanları Ekrem İmamoğlu ve Mansur Yavaş , Millet İttifakı'ndaki diğer parti liderleriyle birlikte cumhurbaşkanı yardımcısı adaylığıyla kampanyaya dahil oldu."
araştırma ve geliştirme,https://tr.wikipedia.org/wiki/Ara%C5%9Ft%C4%B1rma_ve_geli%C5%9Ftirme,1,"Türkiye#301: Askerî teknoloji alanında araştırma ve geliştirme amacıyla kurulan devlet şirketleri arasında TUSAŞ , ASELSAN , HAVELSAN , ROKETSAN ve MKE bulunmaktadır."
Kıbrıs Sorunu,https://tr.wikipedia.org/wiki/K%C4%B1br%C4%B1s_Sorunu,1,"Türkiye#177: Türkiye'nin Kıbrıs Sorunu 'nda AB üyelerinin aksine Kuzey Kıbrıs Türk Cumhuriyeti 'ni desteklemesi, AB ilişkilerini zorlaştırmakta ve ülkenin AB'ye üyelik sürecindeki önemli bir engel olmaya devam etmektedir."
faunasının,https://tr.wikipedia.org/wiki/Fauna,1,"Türkiye#226: Türkiye'nin faunasının çeşitliliği, florasının çeşitliliğinden bile büyüktür."
Atatürk kişi kültünün,https://tr.wikipedia.org/wiki/Atat%C3%BCrk_ki%C5%9Fi_k%C3%BClt%C3%BC,1,"Cumhuriyet Halk Partisi#30: Partinin 1927'deki ikinci olağan kongresinde, Atatürk Türk tarihindeki son on yılın belirleyiciliğine bir konuşma yaparak gençlere Cumhuriyet'i koruma çağrısında bulundu."
Orta Çağ,https://tr.wikipedia.org/wiki/Orta_%C3%87a%C4%9F,1,"Türkiye#23: Bunların yanı sıra, Orta Çağ 'ın Alman seyyahları bölgeyi Turkei veya Tirkenland şeklinde, Fransızlar ise Turquie şeklinde andı."
Kutsal Roma Cermen İmparatorluğu,https://tr.wikipedia.org/wiki/Kutsal_Roma_%C4%B0mparatorlu%C4%9Fu,1,"Türkiye#77: Bu dönemde batıda Kutsal Roma Cermen İmparatorluğu 'na doğru topraklar genişletilerek Balkanların tamamı, Orta Avrupa ve Lehistan 'ın güney kısmı ele geçirildi."
Serbest Cumhuriyet Fırkası,https://tr.wikipedia.org/wiki/Serbest_Cumhuriyet_F%C4%B1rkas%C4%B1,1,"Cumhuriyet Halk Partisi#26: Türkiye, Serbest Cumhuriyet Fırkası 'nın kurulduğu dönem dışında 1946 yılına kadar tek partili rejimde yönetildi."
İslami siyaset sembolü,https://tr.wikipedia.org/wiki/%C4%B0slam%27da_siyasi_mezhepler,1,Türkiye#334: Ülkede kamu kurumlarında ve okullarda uzun yıllar boyunca İslami siyaset sembolü olarak görüldüğü için başörtüsü takılması yasaklandı .
koalisyonu,https://tr.wikipedia.org/wiki/37._T%C3%BCrkiye_H%C3%BCk%C3%BBmeti,1,Cumhuriyet Halk Partisi#66: CHP- MSP koalisyonu kuruldu.
edebiyatı,https://tr.wikipedia.org/wiki/T%C3%BCrk_edebiyat%C4%B1,1,"Türkiye#366: Türk müziği ve edebiyatı , çeşitli kültürlerin izlerini taşır."
iki kıtada toprağı bulunan,https://tr.wikipedia.org/wiki/K%C4%B1talararas%C4%B1_%C3%BClke,1,"Türkiye#204: Türkiye, iki kıtada toprağı bulunan bir Avrasya ülkesidir."
kültürel,https://tr.wikipedia.org/wiki/K%C3%BClt%C3%BCr,1,"Cumhuriyet Halk Partisi#26: Türkiye, Serbest Cumhuriyet Fırkası 'nın kurulduğu dönem dışında 1946 yılına kadar tek partili rejimde yönetildi."
Kara Kuvvetleri,https://tr.wikipedia.org/wiki/T%C3%BCrk_Kara_Kuvvetleri,1,"Türkiye#190: Türk Silahlı Kuvvetleri üç bölümden oluşur: Kara Kuvvetleri , Deniz Kuvvetleri ve Türk Hava Kuvvetleri ."
Muş,https://tr.wikipedia.org/wiki/Mu%C5%9F,1,"Türkiye#320: Kürtlerin nüfus içindeki oranı CIA'e göre %18, Konda'ya göre %15, Konsensus'a göre %14'tür."
Çingeneler,https://tr.wikipedia.org/wiki/%C3%87ingeneler,1,"Türkiye#315: Yapılan araştırmalara göre Türkiye'de Arnavutlar , Azeriler , Araplar , Boşnaklar , Çerkesler , Çingeneler , Gürcüler , Hemşinliler , Lazlar , Pomaklar , Süryaniler ve Zazalar dâhil olmak üzere pek çok etnik grup yaşasa da, ülkede resmen tanınan azınlıklar sadece Ermeniler , Rumlar , Bulgarlar , Yahudilerdir ."
Diyanet İşleri Başkanlığı,https://tr.wikipedia.org/wiki/Diyanet_%C4%B0%C5%9Fleri_Ba%C5%9Fkanl%C4%B1%C4%9F%C4%B1,1,Türkiye#338: Ülkedeki en yüksek İslami makam Diyanet İşleri Başkanlığı 'dır ve Hanefi mezhebinin kurallarına göre dini yorumlar.
Türk beyliklerinin,https://tr.wikipedia.org/wiki/Anadolu_beylikleri,1,"Türkiye#64: Büyük Selçuklu İmparatorluğu'nun parçalanmasının ardından, Anadolu'da diğer Türk beyliklerinin üzerinde hâkimiyet kuran Anadolu Selçuklu Sultanlığı , uzunca bir süre Anadolu'yu yönetti."
modernleşme,https://tr.wikipedia.org/wiki/Modernle%C5%9Fme_teorisi,1,"Türkiye#12: 19. yüzyıla gelindiğinde imparatorluk, Tanzimat adı verilen ciddi bir modernleşme sürecine girdi."
Van kedisidir,https://tr.wikipedia.org/wiki/Van_kedisi,1,Türkiye#233: Ülkenin diğer ulusal sembollerinden biri ise Van kedisidir ve adını Doğu Anadolu'da yer alan Van ilinden alır.
Türkiye İş Bankası,https://tr.wikipedia.org/wiki/T%C3%BCrkiye_%C4%B0%C5%9F_Bankas%C4%B1,1,Cumhuriyet Halk Partisi#135: Mustafa Kemal Atatürk 'ün vasiyetle Türkiye İş Bankası 'nın kendine ait olan %28.1 oranındaki hissesini partiye bırakmıştır.
simgedir,https://tr.wikipedia.org/wiki/Simge,1,"Cumhuriyet Halk Partisi#131: Altı Ok , Cumhuriyet Halk Partisi'nin temel ilkelerini temsil eden simgedir ."
Aydınlanma Çağı,https://tr.wikipedia.org/wiki/Ayd%C4%B1nlanma_%C3%87a%C4%9F%C4%B1,1,"Türkiye#79: Osmanlı İmparatorluğu , Batı Avrupa'da gerçekleşen Rönesans , Bilimsel Devrim , Aydınlanma Çağı ve Sanayi Devrimi gibi yeni gelişmeleri ülkesine getiremeyerek çağın gerisinde kaldı."
kasetin,https://tr.wikipedia.org/wiki/Deniz_Baykal_kaset_skandal%C4%B1,1,Cumhuriyet Halk Partisi#89: Baykal bir kasetin internete sızdırılmasının ardından parti genel başkanlığından istifa ettiğini açıkladı.
1969 seçimlerine,https://tr.wikipedia.org/wiki/1969_T%C3%BCrkiye_genel_se%C3%A7imleri,1,"Cumhuriyet Halk Partisi#63: Feyzioğlu'nun ayrılmasıyla CHP 1969 seçimlerine merkez sol bir programla katıldı, ancak partiye olan algı nedeniyle benzer bir sonuç elde etti; Bu algıya göre parti öncelikle eğitimli kentsel elitlere hitap ediyordu."
Orgeneral,https://tr.wikipedia.org/wiki/Orgeneral,1,Cumhuriyet Halk Partisi#87: Yemin töreni CHP ve Genelkurmay Başkanı Orgeneral Yaşar Büyükanıt tarafından boykot edildi.
elektronik,https://tr.wikipedia.org/wiki/Elektronik,1,"Türkiye#256: Türk ekonomisinin diğer önemli bölümlerini ise bankacılık , inşaat , ev aletleri , elektronik , tekstil , petrol arıtma , petrokimya ürünleri, gıda , madencilik , demir - çelik ve makine sanayi oluşturmaktadır."
Türkiye'de Hristiyanların,https://tr.wikipedia.org/wiki/T%C3%BCrkiye%27de_Hristiyanl%C4%B1k,1,"Türkiye#341: Türkiye'de Hristiyanların oranı 1914'te %25-20 iken 1927'de %5-3'e geriledi ve bugün %0,4-0,3 arasında değişmektedir."
Ankara,https://tr.wikipedia.org/wiki/Ankara%27da_2019_T%C3%BCrkiye_yerel_se%C3%A7imleri,1,"Cumhuriyet Halk Partisi#102: Diğer siyasi partilerle yapılan ittifak, CHP'nin İstanbul ve Ankara 'yı 25 yılın ardından kazanmasını sağladı."
referandumla onaylandı,https://tr.wikipedia.org/wiki/1982_T%C3%BCrkiye_anayasa_referandumu,1,"Türkiye#128: Türkiye, çok partili sisteme sahip temsilî demokrasinin uygulandığı üniter devlettir ."
Bursa,https://tr.wikipedia.org/wiki/Bursa_B%C3%BCy%C3%BCk%C5%9Fehir_Belediyesi,1,"Cumhuriyet Halk Partisi#110: 2024 yılında Özgür Özel liderliğinde parti, 46 yıl aradan sonra birinci parti oldu ve ülke genelinde 22 yıl sonra ilk kez AK Parti'yi geçti."
UEFA,https://tr.wikipedia.org/wiki/UEFA,1,"Türkiye#395: Türkiye, UEFA tarafından düzenlenen birçok önemli futbol organizasyonuna ev sahipliği yapmıştır."
Filistin halkına,https://tr.wikipedia.org/wiki/Filistinliler,1,"Cumhuriyet Halk Partisi#129: Partinin lideri Özgür Özel, İsrail 'in Filistin halkına karşı devlet terörü uyguladığını iddia ederek, ""Türk solu asla ve asla Filistin davasına uzak değildir."" şeklinde açıklamada bulunmuştur."
83,https://tr.wikipedia.org/wiki/N%C3%BCfus_yo%C4%9Funluklar%C4%B1na_g%C3%B6re_%C3%BClkeler_listesi,1,TürkiyeCard#23: 111.4 /km 2 ( 83 .)
Akalar,https://tr.wikipedia.org/wiki/Akalar,1,Türkiye#5: Türkiye toprakları üzerinde bulunan ilk yerleşmeler Yontma Taş Devri 'nde başlar.
Atatürk'ün ölümünden,https://tr.wikipedia.org/wiki/Mustafa_Kemal_Atat%C3%BCrk%27%C3%BCn_%C3%B6l%C3%BCm%C3%BC_ve_devlet_cenaze_t%C3%B6reni,1,"Cumhuriyet Halk Partisi#37: Atatürk'ün ölümünden bir gün sonra, İsmet İnönü ikinci cumhurbaşkanı seçildi ve Cumhuriyet Halk Partisi'nin liderliğini üstlendi."
2003 FIFA Konfederasyonlar Kupası,https://tr.wikipedia.org/wiki/2003_FIFA_Konfederasyonlar_Kupas%C4%B1,1,Türkiye#394: Galatasaray Avrupa 'da kupa kazanan ilk ve tek Türk futbol takımıdır.
EOKA-B,https://tr.wikipedia.org/wiki/EOKA-B,1,"Türkiye#112: Kore Savaşı 'na (1950-53) Birleşmiş Milletler kuvvetleri ile birlikte katılan Türkiye, 1952 yılında Sovyetler Birliği 'ne karşı NATO 'ya katıldı."
ulus inşasına,https://tr.wikipedia.org/wiki/Ulus_in%C5%9Fas%C4%B1,1,Cumhuriyet Halk Partisi#28: Bu dönemde ulus inşasına öncelik verildi.
Siyah Kalem Grubu,https://tr.wikipedia.org/wiki/Siyah_Kalem_Grubu,1,"Türkiye#365: Bunların yanı sıra Yeniler Grubu 1930'larda, Onlar Grubu 1940'larda, Yeni Dal Grubu 1950'lerde ve Siyah Kalem Grubu 1960'larda ortaya çıkarak çağdaş Türk resminin diğer önemli hareketleri olarak tanındılar."
cumhurbaşkanlığı seçimleri,https://tr.wikipedia.org/wiki/T%C3%BCrkiye%27de_cumhurba%C5%9Fkanl%C4%B1%C4%9F%C4%B1_se%C3%A7imleri,1,"Türkiye#143: Türkiye'de seçimler altı yönetim kademesi için yapılır: meclis seçimleri (ulusal), cumhurbaşkanlığı seçimleri (ulusal), büyükşehir belediye başkanları (yerel), ilçe belediye başkanları (yerel), il veya belediye meclisi üyeleri (yerel) ve muhtarlar (yerel)."
Burhan Doğançay,https://tr.wikipedia.org/wiki/Burhan_Do%C4%9Fan%C3%A7ay,1,"Türkiye#364: Sonraki yıllarda D Grubu sanatçılarından Abidin Dino ve Cemal Tollu dâhil olmak üzere Fikret Mualla , Fahrelnisa Zeid , Bedri Rahmi Eyüboğlu , Adnan Çoker ve Burhan Doğançay gibi sanatçılar son 30 yıl boyunca Batı'da gelişen bazı eğilimleri tanıttılar."
yürütme,https://tr.wikipedia.org/wiki/Y%C3%BCr%C3%BCtme_erki,1,"Türkiye#118: Devletin temel işleyişindeki üç güç olan yasama , yürütme ve yargı dikkate alındığında, yerel yönetimlerin hemen hemen herhangi bir gücü yoktur."
I. Kılıç Arslan,https://tr.wikipedia.org/wiki/I._K%C4%B1l%C4%B1%C3%A7_Arslan,1,"Türkiye#65: Başkenti İznik olan Anadolu Selçuklular, Birinci Haçlı Seferi sırasında İznik 'in Bizans'ın eline geçmesiyle Sultan I."
dokuzuncu kurultayda,https://tr.wikipedia.org/w/index.php?title=Cumhuriyet_Halk_Partisi_9._Ola%C4%9Fan_Kurultay%C4%B1&action=edit&redlink=1,1,"Cumhuriyet Halk Partisi#48: İsmet İnönü, iktidarı kaybetmeden önce işçi haklarını yasalaştırdı."
18,https://tr.wikipedia.org/wiki/N%C3%BCfuslar%C4%B1na_g%C3%B6re_%C3%BClkeler_listesi,1,"TürkiyeCard#22: 85,664,944 ( 18 .)"
uydu antenleri U:(https://tr.wikipedia.org/wiki/Anten_(elektronik))___ ve ___E:kablo,https://tr.wikipedia.org/wiki/Kablolu_televizyon,1,"Türkiye#389: Ülkedeki yayın kuruluşları, uydu antenleri ve kablo sistemi ile geniş bir alana yayılarak erişilebilir hâle gelmiştir."
Tuzla,"https://tr.wikipedia.org/wiki/Tuzla,_%C4%B0stanbul",1,"Türkiye#254: Ülkenin bu konudaki en büyük pazarları Malta , Norveç , Birleşik Krallık ve Marshall Adaları 'dır."
CIA,https://tr.wikipedia.org/wiki/CIA,1,Türkiye#314: Ülkenin büyük çoğunluğunun etnik kökeni Türk 'tür.
PISA,https://tr.wikipedia.org/wiki/Uluslararas%C4%B1_%C3%96%C4%9Frenci_De%C4%9Ferlendirme_Program%C4%B1,1,"Türkiye#349: Türkiye, OECD'nin PISA programında 34 ülke arasında 32. sırada yer alır."
Frank-Walter Steinmeier,https://tr.wikipedia.org/wiki/Frank-Walter_Steinmeier,1,"Cumhuriyet Halk Partisi#115: Genel başkan Özel, Almanya cumhurbaşkanı Frank-Walter Steinmeier ile Almanya'nın Ankara Büyükelçiliğinde yaptığı görüşmede sorunun Türkiye ile Avrupa ülkeleri arasındaki anlaşmalar ve maddi destekle ve Suriyeliler'in Türkiye'de kalması ile çözülemeyeceğini, aksine bunların sorunu daha da büyüteceğini ifade etmiştir."
2009,https://tr.wikipedia.org/wiki/2009_UEFA_Kupas%C4%B1_finali,1,"Türkiye#395: Türkiye, UEFA tarafından düzenlenen birçok önemli futbol organizasyonuna ev sahipliği yapmıştır."
TÜBA,https://tr.wikipedia.org/wiki/T%C3%BCrkiye_Bilimler_Akademisi,1,"Türkiye#299: TÜBİTAK , Türkiye'de bilim, teknoloji ve inovasyon politikalarını geliştiren lider kuruluştur."
hukuki,https://tr.wikipedia.org/wiki/Hukuk,1,"Cumhuriyet Halk Partisi#26: Türkiye, Serbest Cumhuriyet Fırkası 'nın kurulduğu dönem dışında 1946 yılına kadar tek partili rejimde yönetildi."
Latin harflerine,https://tr.wikipedia.org/wiki/Latin_harfleri,1,"Cumhuriyet Halk Partisi#27: Bu reformlar arasında İsviçre ve İtalyan hukuk ve ceza kanunlarının benimsenmesi, sanayileşmenin hızlandırılması, toprak reformu ve kırsal kalkınma programları, iskân kanunu , laiklik , kadınların seçme ve seçilme hakkı ve Latin harflerine geçilmesini sağlayan Harf Devrimi gibi birçok adım bulunuyordu."
kurultayda,https://tr.wikipedia.org/wiki/Cumhuriyet_Halk_Partisi_6._Ola%C4%9Fan%C3%BCst%C3%BC_Kurultay%C4%B1,1,"Cumhuriyet Halk Partisi#64: İnönü muhalefet lideri ve CHP'nin lideri olarak 8 Mayıs 1972'ye kadar görev yaptı, ancak 1971 Muhtırası 'na yaklaşımı nedeniyle yerine kurultayda Ecevit seçildi."
Ankara keçisi,https://tr.wikipedia.org/wiki/Ankara_ke%C3%A7isi,1,"Türkiye#232: Türkiye'nin başkenti Ankara , kendi adını taşıyan Ankara kedisi , Ankara tavşanı ve Ankara keçisi gibi hayvanlarıyla ünlüdür."
Avrupa Kolordusu,https://tr.wikipedia.org/wiki/Avrupa_Kolordusu,1,Türkiye#189: Bunun yanı sıra varlığı tartışmalı olsa da Kuzey Kıbrıs Türk Cumhuriyeti topraklarında 36.000 askerini bulundurmaktadır.
Türkiye'de resim,https://tr.wikipedia.org/wiki/T%C3%BCrkiye%27de_resim,1,"Türkiye#361: Batılı anlamda Türkiye'de resim sanatı, 19. yüzyılın ortalarından itibaren etkin bir gelişme göstermeye başladı."
Atatürk Olimpiyat Stadyumu,https://tr.wikipedia.org/wiki/Atat%C3%BCrk_Olimpiyat_Stadyumu,1,"Türkiye#395: Türkiye, UEFA tarafından düzenlenen birçok önemli futbol organizasyonuna ev sahipliği yapmıştır."
2010 anayasa referandumunda,https://tr.wikipedia.org/wiki/2010_T%C3%BCrkiye_anayasa_de%C4%9Fi%C5%9Fikli%C4%9Fi_referandumu,1,"Cumhuriyet Halk Partisi#92: Kılıçdaroğlu liderliğindeki CHP, beş seçim boyunca milletvekili seçimlerinde %22 ila %26 arasında oy aldı."
uluslararası hukuk,https://tr.wikipedia.org/wiki/Uluslararas%C4%B1_hukuk,1,"Türkiye#196: Türkiye'de insan hakları , çeşitli uluslararası hukuk anlaşmaları ile koruma altına alınmıştır."
TRY,https://tr.wikipedia.org/wiki/ISO_4217,1,TürkiyeCard#29: Türk lirası ( TRY · ₺ )
Washington,"https://tr.wikipedia.org/wiki/Washington,_DC",1,Türkiye#179: Türkiye'nin dış ilişkilerinin bir diğer belirleyici unsuru Amerika Birleşik Devletleri ile ilişkiler olmuştur.
Kâzım Karabekir,https://tr.wikipedia.org/wiki/K%C3%A2z%C4%B1m_Karabekir,1,"Cumhuriyet Halk Partisi#23: Partinin kuruluşunun ardından 1924'te, radikal devrimlere karşı çıkan muhalifler, Kâzım Karabekir liderliğinde Terakkiperver Cumhuriyet Fırkası 'nı kurdu."
Ankara merkezli Türk rejimi,https://tr.wikipedia.org/wiki/Ankara_H%C3%BCk%C3%BBmeti,1,"Türkiye#101: Ankara'da 23 Nisan 1920'de kendisini ülkenin meşru hükûmeti ilan eden Ankara merkezli Türk rejimi , eski Osmanlı'dan yeni Cumhuriyet siyasi sistemine yasal geçişi resmîleştirmeye başladı."
İslami kültürlerin,https://tr.wikipedia.org/wiki/%C4%B0slam_k%C3%BClt%C3%BCr%C3%BC,1,"Türkiye#357: Türkiye; Oğuz , Anadolu , Osmanlı ( Greko-Romen ve İslami kültürlerin bir devamıydı) ve Avrupa kültürü ile geleneklerinin karışımıyla ortaya çıkan çok çeşitli kültürleri barındırır."
Bedri Rahmi Eyüboğlu,https://tr.wikipedia.org/wiki/Bedri_Rahmi_Ey%C3%BCbo%C4%9Flu,1,"Türkiye#364: Sonraki yıllarda D Grubu sanatçılarından Abidin Dino ve Cemal Tollu dâhil olmak üzere Fikret Mualla , Fahrelnisa Zeid , Bedri Rahmi Eyüboğlu , Adnan Çoker ve Burhan Doğançay gibi sanatçılar son 30 yıl boyunca Batı'da gelişen bazı eğilimleri tanıttılar."
Greko-Romen,https://tr.wikipedia.org/wiki/Greko-Romen,1,"Türkiye#357: Türkiye; Oğuz , Anadolu , Osmanlı ( Greko-Romen ve İslami kültürlerin bir devamıydı) ve Avrupa kültürü ile geleneklerinin karışımıyla ortaya çıkan çok çeşitli kültürleri barındırır."
Süryanilerin,https://tr.wikipedia.org/wiki/T%C3%BCrkiye_S%C3%BCryanileri,1,"Türkiye#318: Ankara 13. İdare Mahkemesi, 18.06.2013 tarih, 2012/1746 esas ve 2013/952 kararla , ilk kez Süryanilerin Lozan'da azınlıklar için tanınan haklardan istifade edebileceği kayıt altına alınmıştır."
demir,https://tr.wikipedia.org/wiki/Demir,1,"Türkiye#256: Türk ekonomisinin diğer önemli bölümlerini ise bankacılık , inşaat , ev aletleri , elektronik , tekstil , petrol arıtma , petrokimya ürünleri, gıda , madencilik , demir - çelik ve makine sanayi oluşturmaktadır."
Türkiye kadın millî basketbol takımı,https://tr.wikipedia.org/wiki/T%C3%BCrkiye_kad%C4%B1n_mill%C3%AE_basketbol_tak%C4%B1m%C4%B1,1,Türkiye#404: Türkiye kadın millî basketbol takımı 2011 Avrupa Kadınlar Şampiyonası'nda ikinci olmuştur.
Batı Roma İmparatorluğu,https://tr.wikipedia.org/wiki/Bat%C4%B1_Roma_%C4%B0mparatorlu%C4%9Fu,1,"Türkiye#58: Başkenti Roma olarak kalan Batı Roma İmparatorluğu , 476'da yıkıldı."
belediye meclisi üyeleri,https://tr.wikipedia.org/wiki/T%C3%BCrkiye%27nin_belediyeleri_listesi,1,"Türkiye#143: Türkiye'de seçimler altı yönetim kademesi için yapılır: meclis seçimleri (ulusal), cumhurbaşkanlığı seçimleri (ulusal), büyükşehir belediye başkanları (yerel), ilçe belediye başkanları (yerel), il veya belediye meclisi üyeleri (yerel) ve muhtarlar (yerel)."
Iğdır,https://tr.wikipedia.org/wiki/I%C4%9Fd%C4%B1r,1,"Türkiye#320: Kürtlerin nüfus içindeki oranı CIA'e göre %18, Konda'ya göre %15, Konsensus'a göre %14'tür."
devlet,https://tr.wikipedia.org/wiki/Devlet_ba%C5%9Fkan%C4%B1,1,Türkiye#158: 12. Cumhurbaşkanı Recep Tayyip Erdoğan şu anda devlet ve hükûmet başkanı olarak görev yapıyor.
Karya,https://tr.wikipedia.org/wiki/Karya,1,"Türkiye#43: Orta Anadolu üzerinde büyük bir hâkimiyet kurmuş olan Hitit İmparatorluğu 'nun da MÖ yaklaşık 1180'li yıllarda çöküşünün ardından, Hint-Avrupa milletlerinden Friglerin kurdukları Frigya , MÖ 7. yüzyılda Kimmerler tarafından yapılan saldırılara kadar Anadolu'da üstünlük elde etti."
Antalya,https://tr.wikipedia.org/wiki/Antalya,1,"Türkiye#277: Euromonitor International'ın raporuna göre, 2024 yılında İstanbul dünyanın en çok ziyaret edilen 2. şehri, ""turizm başkenti"" kabul edilen Antalya ise Paris ve Dubai gibi metropolleri geride bırakarak 6. sırada yer aldı."
Düyun-u Umumiye,https://tr.wikipedia.org/wiki/D%C3%BCy%C3%BBn-%C4%B1_Um%C3%BBmiye,1,"Türkiye#84: Sonuç olarak Osmanlı ekonomisi, borçlarını ödeyemeyerek harap duruma gelince, alacaklı ülkeler tarafından 1881'de borçların tahsilatını sağlayacak Düyun-u Umumiye kuruldu."
EİT,https://tr.wikipedia.org/wiki/Ekonomik_%C4%B0%C5%9Fbirli%C4%9Fi_Te%C5%9Fkilat%C4%B1,1,"Türkiye#174: Ülke, Birleşmiş Milletler (1945), OECD (1961), İslam İşbirliği Teşkilatı (1969), AGİT (1973), EİT (1985), KEİ (1992), D-8 (1997), G-20 (1999) ve Türk Devletleri Teşkilatı (2009) gibi uluslararası örgütlerin kurucu üyelerinden birisidir."
I. Balkan Savaşı,https://tr.wikipedia.org/wiki/Birinci_Balkan_Sava%C5%9F%C4%B1,1,"Türkiye#92: Bu olayları, pek çok canın ve toprağın kaybına sebep olan Trablusgarp Savaşı (1911-12) ile Balkan Savaşları (1912-13) izledi."
İspanya'dan kovulmasıyla,https://tr.wikipedia.org/wiki/Elhamra_Kararnamesi,1,"Türkiye#345: MÖ 5. yüzyıldan itibaren Anadolu topraklarında Yahudi toplulukları yaşamaya başladı ve yirmi yüzyıl sonra, 15. yüzyıl sonlarında İspanyol ve Portekiz Yahudilerinin İspanya'dan kovulmasıyla birlikte Osmanlı İmparatorluğu , bu Yahudilerin günümüzdeki Türkiye topraklarına yerleşmesine izin verdi."
GSYİH (SAGP) sıralamasında,https://tr.wikipedia.org/wiki/Sat%C4%B1n_alma_g%C3%BCc%C3%BC_paritelerine_g%C3%B6re_%C3%BClkeler_listesi,1,"Türkiye#247: Türkiye, 2023 yılında GSYİH (SAGP) sıralamasında 11. sırada ve GSYİH (nominal) sıralamasında 20. sırada yer almaktadır."
Beko,https://tr.wikipedia.org/wiki/Beko,1,"Türkiye#255: Beko ve Vestel gibi Türk markaları, Avrupa 'nın en büyük beyaz eşya ve tüketici elektroniği üretim şirketlerindendir, bu sektörleri geliştirmek ve yeni teknolojiler bulmak konusunda önemli miktarda yatırımlar yapmaktadırlar."
Dörtlü Takrir,https://tr.wikipedia.org/wiki/D%C3%B6rtl%C3%BC_Takrir,1,"Cumhuriyet Halk Partisi#42: Savaşın sona ermesiyle birlikte, liberal ve devletçi fraksiyonlar arasındaki tartışmalar yeniden ortaya çıktı."
genel başkanı,https://tr.wikipedia.org/wiki/Cumhuriyet_Halk_Partisi_genel_ba%C5%9Fkanlar%C4%B1_listesi,1,"Cumhuriyet Halk Partisi#7: Partinin genel başkanı Özgür Özel , genel sekreteri Selin Sayek Böke 'dir."
Birleşik Krallık,https://tr.wikipedia.org/wiki/B%C3%BCy%C3%BCk_Britanya_ve_%C4%B0rlanda_Birle%C5%9Fik_Krall%C4%B1%C4%9F%C4%B1,1,Türkiye#102: Ankara Hükûmeti silahlı ve diplomatik mücadeleye girişti.
Alevilik,https://tr.wikipedia.org/wiki/Alevilik,1,Türkiye#340: Ayrıca ülkede Alevilik de yer yer yaygındır ve akademisyenler Alevi sayısının 15-20 milyon arasında olduğunu öne sürmektedir.
Osmanlıca,https://tr.wikipedia.org/wiki/Osmanl%C4%B1ca,1,"Trabzon#6: Şehir tarih boyunca Osmanlıca : طربزون, Antik Yunanca : Τραπεζοῦς, Latince : Trapezus, Ermenice : Տրապիզոնի, Cenevizce : Trabisonda, Pontus Rumcası : Τραπεζούντα Trapezounta ve Lazca: T'rapuzani ya da T'amtra olarak adlandırılmıştır."
Antik Çağ,https://tr.wikipedia.org/wiki/Antik_%C3%87a%C4%9F,1,"Trabzon#111: Ulaşımda nakit para ve ""Trabzon Kart"" isimli akıllı kartla ödeme sistemi kullanılmaktadır."
Radyo ve Televizyon Üst Kurulu (RTÜK),https://tr.wikipedia.org/wiki/Radyo_ve_Televizyon_%C3%9Cst_Kurulu,1,"Türkiye#389: Ülkedeki yayın kuruluşları, uydu antenleri ve kablo sistemi ile geniş bir alana yayılarak erişilebilir hâle gelmiştir."
Pomaklar,https://tr.wikipedia.org/wiki/Pomaklar,1,"Türkiye#315: Yapılan araştırmalara göre Türkiye'de Arnavutlar , Azeriler , Araplar , Boşnaklar , Çerkesler , Çingeneler , Gürcüler , Hemşinliler , Lazlar , Pomaklar , Süryaniler ve Zazalar dâhil olmak üzere pek çok etnik grup yaşasa da, ülkede resmen tanınan azınlıklar sadece Ermeniler , Rumlar , Bulgarlar , Yahudilerdir ."
Coğrafi Keşifler,https://tr.wikipedia.org/wiki/Co%C4%9Frafi_ke%C5%9Fifler,1,"Türkiye#75: Çünkü 15. yüzyıl sonlarındaki Coğrafi Keşifler sayesinde Ümit Burnu ve Amerika kıtasının keşfedilmesi, Osmanlı'nın elinde tuttuğu Doğu Asya ile Batı Avrupa arasında ticareti sağlayan eski ticaret yollarının önemini yitirmesine neden olup Osmanlı ekonomisini olumsuz yönde etkilemiştir."
Türkiye Komünist Fırkası,https://tr.wikipedia.org/wiki/T%C3%BCrkiye_Kom%C3%BCnist_F%C4%B1rkas%C4%B1,1,Trabzon#48: Saltanat yanlısı Trabzon valisi Galip Bey'in tutuklanması ve Türkiye Komünist Fırkası başkanı Mustafa Suphi ve 18 arkadaşının Trabzonlu kayıkçıların reisi Kahya Yahya tarafından 28-29 Ocak 1921 katli Cumhuriyet öncesi dönemin son olaylarındandır.
Traklar,https://tr.wikipedia.org/wiki/Traklar,1,Türkiye#5: Türkiye toprakları üzerinde bulunan ilk yerleşmeler Yontma Taş Devri 'nde başlar.
Menemen,https://tr.wikipedia.org/wiki/Menemen_Olay%C4%B1,1,"Türkiye#108: Türkiye Büyük Millet Meclisi, 1934 yılında çıkan Soyadı Kanunu ile kendisine ""Atatürk"" soyadını verdi."
Türkiye'de insan hakları,https://tr.wikipedia.org/wiki/T%C3%BCrkiye%27de_insan_haklar%C4%B1,1,"Türkiye#196: Türkiye'de insan hakları , çeşitli uluslararası hukuk anlaşmaları ile koruma altına alınmıştır."
Türkiye Futbol Federasyonu,https://tr.wikipedia.org/wiki/T%C3%BCrkiye_Futbol_Federasyonu,1,Türkiye#393: Futbol kulüpleri Türkiye Futbol Federasyonu çatısı altında toplanmıştır.
B61 nükleer bombası,https://tr.wikipedia.org/wiki/B61,1,Türkiye#195: 2011 NATO sayımlarına göre ülkenin tahminî 495.000 konuşlandırılabilir kuvveti bulunmaktadır.
Arrian,https://tr.wikipedia.org/wiki/Flavius_Arrianus,1,"Trabzon#15: Bizzat kente gelen Arrian , Trapezus'un Roma döneminde Güney Karadeniz'deki en önemli liman kenti olduğunu belirtmiştir."
Türk müziği,https://tr.wikipedia.org/wiki/T%C3%BCrk_m%C3%BCzi%C4%9Fi,1,"Türkiye#366: Türk müziği ve edebiyatı , çeşitli kültürlerin izlerini taşır."
Trablusgarp Savaşı,https://tr.wikipedia.org/wiki/Trablusgarp_Sava%C5%9F%C4%B1,1,"Türkiye#92: Bu olayları, pek çok canın ve toprağın kaybına sebep olan Trablusgarp Savaşı (1911-12) ile Balkan Savaşları (1912-13) izledi."
ekolojik bölge,https://tr.wikipedia.org/wiki/Ekolojik_b%C3%B6lge,1,"Türkiye#228: Kuzey Anadolu kozalaklı ve yaprak döken karışık ormanları, Türkiye'nin kuzeyindeki Kuzey Anadolu Dağları 'nın büyük bir bölümünü kaplar ve bir ekolojik bölge oluşturur."
Abhazca,https://tr.wikipedia.org/wiki/Abhazca,1,"Türkiye#328: Bunlara Abazaca , Abhazca , Batı Ermenicesi , Çerkesçe , Çingenece , Doğu Çerkesçesi , Hemşince , Hertevince , Kapadokya Yunancası , Lazca , Pontus Rumcası , Ubıhça , Yahudi İspanyolcası ve Zazaca örnek verilebilir."
muhtarlar,https://tr.wikipedia.org/wiki/Muhtar,1,"Türkiye#143: Türkiye'de seçimler altı yönetim kademesi için yapılır: meclis seçimleri (ulusal), cumhurbaşkanlığı seçimleri (ulusal), büyükşehir belediye başkanları (yerel), ilçe belediye başkanları (yerel), il veya belediye meclisi üyeleri (yerel) ve muhtarlar (yerel)."
Marshall Adaları,https://tr.wikipedia.org/wiki/Marshall_Adalar%C4%B1,1,"Türkiye#254: Ülkenin bu konudaki en büyük pazarları Malta , Norveç , Birleşik Krallık ve Marshall Adaları 'dır."
Askerî teknoloji,https://tr.wikipedia.org/wiki/Asker%C3%AE_teknoloji,1,"Türkiye#301: Askerî teknoloji alanında araştırma ve geliştirme amacıyla kurulan devlet şirketleri arasında TUSAŞ , ASELSAN , HAVELSAN , ROKETSAN ve MKE bulunmaktadır."
Şanlıurfa,https://tr.wikipedia.org/wiki/%C5%9Eanl%C4%B1urfa,1,"Türkiye#320: Kürtlerin nüfus içindeki oranı CIA'e göre %18, Konda'ya göre %15, Konsensus'a göre %14'tür."
kafkas kara orman tavuğu,https://tr.wikipedia.org/wiki/Kafkas_kara_orman_tavu%C4%9Fu,1,Türkiye#229: Bu dağların doğu ucunda Kafkasya karışık ormanları yer alır.
medrese,https://tr.wikipedia.org/wiki/Medrese,1,"Trabzon#106: Osmanlı İmparatorluğunun son döneminde Trabzon'da eğitim kuruluşu olarak sekiz medrese , eğitim süresi dört yıl olan beş adet ilkokul , bir adet sanat yurdu, bir adet askeri rüştiye , bir adet idadi ve bir adet Darülmuallimin bulunmaktaydı."
BAL,https://tr.wikipedia.org/wiki/B%C3%B6lgesel_Amat%C3%B6r_Lig,1,"Trabzon#98: Trabzon'un 3. Lig takımlarından 1461 Trabzon FK 2. Lige çıkarken, 1461 Trabzon küme düşmüştür."
Orta Avrupa,https://tr.wikipedia.org/wiki/Orta_Avrupa,1,"Türkiye#77: Bu dönemde batıda Kutsal Roma Cermen İmparatorluğu 'na doğru topraklar genişletilerek Balkanların tamamı, Orta Avrupa ve Lehistan 'ın güney kısmı ele geçirildi."
yer şekillerinin,https://tr.wikipedia.org/wiki/Yery%C3%BCz%C3%BC_%C5%9Fekli,1,"Türkiye#221: Türkiye'nin yer şekillerinin çeşitliliği, binlerce yıldır bölgenin arazisini şekillendiren yerin hareketliliğinin bir sonucudur."
Venedikliler,https://tr.wikipedia.org/wiki/Venedik,1,"Trabzon#20: Trabzon imparatorları başlangıçta diğer Bizans (Doğu Roma) imparatorları gibi çift başlı (aetos) figürünü sembol olarak kullanmışlarsa da Latin işgalinin sona ermesi ve Konstantinopolis 'te yeniden yasal yönetimin iktidarı ele geçirmesiyle, bir çatışmaya sebebiyet vermemek için bugün Trabzon Ayasofya kapısının üzerinde rölyefi bulunan tek başlı kartal sembolünü tercih etmişlerdir."
Türkiye millî futbol takımı,https://tr.wikipedia.org/wiki/T%C3%BCrkiye_mill%C3%AE_futbol_tak%C4%B1m%C4%B1,1,Türkiye#394: Galatasaray Avrupa 'da kupa kazanan ilk ve tek Türk futbol takımıdır.
2000 Avrupa Futbol Şampiyonasında,https://tr.wikipedia.org/wiki/2000_Avrupa_Futbol_%C5%9Eampiyonas%C4%B1,1,Türkiye#394: Galatasaray Avrupa 'da kupa kazanan ilk ve tek Türk futbol takımıdır.
.tr,https://tr.wikipedia.org/wiki/.tr,1,TürkiyeCard#36: .tr
Rönesans,https://tr.wikipedia.org/wiki/R%C3%B6nesans,1,"Türkiye#79: Osmanlı İmparatorluğu , Batı Avrupa'da gerçekleşen Rönesans , Bilimsel Devrim , Aydınlanma Çağı ve Sanayi Devrimi gibi yeni gelişmeleri ülkesine getiremeyerek çağın gerisinde kaldı."
2001 Avrupa Basketbol Şampiyonası,https://tr.wikipedia.org/wiki/2001_Avrupa_Basketbol_%C5%9Eampiyonas%C4%B1,1,Türkiye#402: Örneğin 2001 Avrupa Basketbol Şampiyonası gümüş madalya ve 2010 FIBA Dünya Basketbol Şampiyonası gümüş gibi.
Doğu Asya,https://tr.wikipedia.org/wiki/Do%C4%9Fu_Asya,1,"Türkiye#75: Çünkü 15. yüzyıl sonlarındaki Coğrafi Keşifler sayesinde Ümit Burnu ve Amerika kıtasının keşfedilmesi, Osmanlı'nın elinde tuttuğu Doğu Asya ile Batı Avrupa arasında ticareti sağlayan eski ticaret yollarının önemini yitirmesine neden olup Osmanlı ekonomisini olumsuz yönde etkilemiştir."
Milet,https://tr.wikipedia.org/wiki/Milet,1,"Türkiye#45: Bu yerleşimciler tarafından Milet , Efes , Smyrna ve Byzantium gibi çok sayıda önemli şehir kuruldu."
emekli,https://tr.wikipedia.org/wiki/Emeklilik,1,Türkiye#142: Anayasa Mahkemesi üyeleri altmış beş yaşını doldurduklarında emekli olmak zorundadırlar.
Darüşşafaka U:(https://tr.wikipedia.org/wiki/Dar%C3%BC%C5%9F%C5%9Fafaka_(basketbol_tak%C4%B1m%C4%B1))___ ise ___E:2018,https://tr.wikipedia.org/wiki/2017-18_EuroCup,1,"Türkiye#399: Galatasaray 2016 yılında, Darüşşafaka ise 2018 yılında EuroCup 'u kazanmıştır."
Ağrı Dağı,https://tr.wikipedia.org/wiki/A%C4%9Fr%C4%B1_Da%C4%9F%C4%B1,1,Türkiye#216: Ayrıca 5.137 metre (16.854 ft) yüksekliğindeki Türkiye'nin en yüksek dağı olan Ağrı Dağı ve en büyük gölü olan Van Gölü de Doğu Anadolu'da yer alır.
Türkiye'de konuşulan dillerden,https://tr.wikipedia.org/wiki/T%C3%BCrkiye%27de_konu%C5%9Fulan_diller,1,Türkiye#327: Ayrıca Türkiye'de konuşulan dillerden bazıları tehlike altındadır.
Show TV,https://tr.wikipedia.org/wiki/Show_TV,1,"Türkiye#387: Devlet kanalı TRT ile Kanal D , Show TV , Atv ve Star TV gibi özel kanallar, izleyici tarafından en çok takip edilen kanallardır."
Süryaniler de öldürüldü,https://tr.wikipedia.org/wiki/S%C3%BCryani_K%C4%B1r%C4%B1m%C4%B1,1,"Türkiye#98: Ermenilerin yanı sıra, imparatorlukta savaş devam ederken Rum ve Süryaniler de öldürüldü ve bu olaylar da bazı kaynaklar tarafından soykırım olarak tanımlandı."
kaval,https://tr.wikipedia.org/wiki/Kaval,1,"Trabzon#84: Trabzon bölgesinin geleneksel çalgıları şimşir kaval , kemençe , davul - zurna ve yörede zimpona , dankiyo adlarıyla da bilinen tulumdur ."
Büyük Kiros,https://tr.wikipedia.org/wiki/II._Kiros,1,"Türkiye#43: Orta Anadolu üzerinde büyük bir hâkimiyet kurmuş olan Hitit İmparatorluğu 'nun da MÖ yaklaşık 1180'li yıllarda çöküşünün ardından, Hint-Avrupa milletlerinden Friglerin kurdukları Frigya , MÖ 7. yüzyılda Kimmerler tarafından yapılan saldırılara kadar Anadolu'da üstünlük elde etti."
genel oy hakkı,https://tr.wikipedia.org/wiki/Genel_oy_hakk%C4%B1,1,Türkiye#146: Her iki cinsiyet için de genel oy hakkı Türkiye'nin her yerinde uygulanmaktadır.
Demir Çağı,https://tr.wikipedia.org/wiki/Demir_%C3%87a%C4%9F%C4%B1,1,"Türkiye#33: MÖ 8200 ila 6000 arasında kurulduğu tahmin edilen Çayönü yerleşkesi de, bu yapılara yine örnek verilebilir."
Gürcüler,https://tr.wikipedia.org/wiki/G%C3%BCrc%C3%BCler,1,"Türkiye#315: Yapılan araştırmalara göre Türkiye'de Arnavutlar , Azeriler , Araplar , Boşnaklar , Çerkesler , Çingeneler , Gürcüler , Hemşinliler , Lazlar , Pomaklar , Süryaniler ve Zazalar dâhil olmak üzere pek çok etnik grup yaşasa da, ülkede resmen tanınan azınlıklar sadece Ermeniler , Rumlar , Bulgarlar , Yahudilerdir ."
"İçişleri Bakanlığına U:(https://tr.wikipedia.org/wiki/%C4%B0%C3%A7i%C5%9Fleri_Bakanl%C4%B1%C4%9F%C4%B1_(T%C3%BCrkiye))___ bağlı olarak hareket eder. tarafından Kasım 2008'de açıklanan verilere göre, ___E:Türkiye cezaevlerinde",https://tr.wikipedia.org/wiki/T%C3%BCrkiye%27deki_cezaevleri,1,Türkiye#172: Tüm bu kolluk kuvvetleri İçişleri Bakanlığına bağlı olarak hareket eder.
Osmanlı Saray Mutfağı,https://tr.wikipedia.org/wiki/Osmanl%C4%B1_saray_mutfa%C4%9F%C4%B1,1,"Türkiye#379: Osmanlı Saray Mutfağı 'nda çok çeşitli çorba, zeytinyağlı sebze, etli yemek, balık, börek, tatlı menüleri mevcuttur."
inşaat,https://tr.wikipedia.org/wiki/%C4%B0n%C5%9Faat,1,"Türkiye#256: Türk ekonomisinin diğer önemli bölümlerini ise bankacılık , inşaat , ev aletleri , elektronik , tekstil , petrol arıtma , petrokimya ürünleri, gıda , madencilik , demir - çelik ve makine sanayi oluşturmaktadır."
komünist isyanının,https://tr.wikipedia.org/wiki/Yunan_%C4%B0%C3%A7_Sava%C5%9F%C4%B1,1,Türkiye#109: II.
İtalyanlar,https://tr.wikipedia.org/wiki/%C4%B0talyanlar,1,"Türkiye#22: Sözcüğün günümüzdeki hâlinin orijinali, bugünkü Türkiye toprakları için ilk kez 12. yüzyılda İtalyanlar tarafından Orta Çağ Latincesi kullanılarak Turchia veya Turcmenia şekillerinde oluşturuldu."
Pompeius,https://tr.wikipedia.org/wiki/Gnaeus_Pompeius_Magnus,1,"Trabzon#14: Pompeius 'a karşı mücadelesinde Mithridatis 'e destek vermeyen Trabzon, Roma döneminde ödüllendirilerek serbest şehir statüsü kazandırılmıştır."
Hollanda,https://tr.wikipedia.org/wiki/Hollanda,1,Türkiye#195: 2011 NATO sayımlarına göre ülkenin tahminî 495.000 konuşlandırılabilir kuvveti bulunmaktadır.
resmî dini,https://tr.wikipedia.org/wiki/Devlet_dini,1,"Türkiye#332: Türkiye, resmî dini olmayan laik bir devlettir ."
Güneydoğu Avrupa,https://tr.wikipedia.org/wiki/G%C3%BCneydo%C4%9Fu_Avrupa,1,"Türkiye#1: Türkiye , resmî adıyla Türkiye Cumhuriyeti , topraklarının büyük bölümü Batı Asya 'da Anadolu 'da, diğer bir bölümü ise Güneydoğu Avrupa 'nın uzantısı Doğu Trakya 'da olan kıtalararası bir ülkedir."
"mısır U:(https://tr.wikipedia.org/wiki/M%C4%B1s%C4%B1r_(bitki))___ , ___E:hamsi",https://tr.wikipedia.org/wiki/Hamsi,1,"Trabzon#91: Samsun-Batum arasında yer alan bölge mutfağının ayırıcı temel besinleri karalahana , mısır , hamsi ve çay olup bu üçlünün çorbasından ekmeğine dek sayısız kombinasyonu bulunmaktadır."
ayaklanma ve saldırı kampanyalarına,https://tr.wikipedia.org/wiki/T%C3%BCrkiye-PKK_%C3%A7at%C4%B1%C5%9Fmas%C4%B1,1,"Türkiye#116: 1980'li yıllarda Türk ekonomisinin liberalleştirilmesinden bu yana ülke, ekonomik büyüme ve siyasi istikrar yakaladı."
Millî Savunma bakanına U:(https://tr.wikipedia.org/wiki/Mill%C3%AE_Savunma_Bakanl%C4%B1%C4%9F%C4%B1_(T%C3%BCrkiye))___ bağlı ve sorumludur. ___E:Bakanlar Kurulu,https://tr.wikipedia.org/wiki/Bakanlar_kurulu,1,"Türkiye#192: Türk Silahlı Kuvvetlerini komuta edip yönlendiren en üst düzey birim olan Genelkurmay Başkanı , cumhurbaşkanı tarafından atanır ve Millî Savunma bakanına bağlı ve sorumludur."
Nova Roma,https://tr.wikipedia.org/wiki/Nova_Roma,1,Türkiye#56: 324 yılında Roma İmparatoru I.
63,https://tr.wikipedia.org/wiki/Ki%C5%9Fi_ba%C5%9F%C4%B1na_nominal_GSY%C4%B0H_de%C4%9Ferlerine_g%C3%B6re_%C3%BClkeler_listesi,1,TürkiyeCard#25: 18.200 $ ( GSYİH 2025) ( 63 .)
Trabzon Havaalanı,https://tr.wikipedia.org/wiki/Trabzon_Havaliman%C4%B1,1,"Trabzon#52: Kent, 1923 yılında yeni kurulan Türkiye Cumhuriyeti devletinin 61. il merkezi olarak yerini almış, 1926 yılında ilk Halk Kütüphanesi ve Ziraat Bankası , 1929'da Visera Hidroelektrik santrali , 1938'de Trabzon içme suyu tesisleri, 1942'de Trabzon Lisesi , 1947'de Trabzon Numune Hastanesi, 1949'da Göğüs Hastalıkları Hastanesi, 1954'te Trabzon limanı , 1957'de Trabzon Havaalanı , 1958'de SSK Hastanesi, 1964'te Ayasofya Müzesi , 1967'de çimento fabrikası açılmış, 1976 yılında Trabzonspor futbol takımı Türkiye 1. Ligi şampiyonluğunu kazanarak bu unvanı İstanbul'dan Anadolu 'ya taşımayı başaran ilk futbol takımı olmuştur."
Türksat,https://tr.wikipedia.org/wiki/T%C3%BCrksat,1,"Türkiye#302: Proje bir uzay üssünün inşasından, uydu fırlatma araçlarının geliştirilmesinden ve yer istasyonlarının kurulmasından oluşur."
Askerî Mahkemeler,https://tr.wikipedia.org/wiki/Asker%C3%AE_mahkeme,1,"Türkiye#168: Bu yasada ve ilgili diğer anayasa maddeleri doğrultusunda Türkiye'deki mahkeme sistemi üç ana başlık altında toplanır: Yargı Mahkemeleri, İdare Mahkemeleri ve Askerî Mahkemeler ."
Kürtçe,https://tr.wikipedia.org/wiki/K%C3%BCrt%C3%A7e,1,Türkiye#326: Nüfusun yaklaşık %12'si ise ana dil olarak Kürtçe konuşmaktadır.
2012/1746 esas ve 2013/952 kararla,https://tr.wikisource.org/wiki/Beyo%C4%9Flu_S%C3%BCryani_Kadim_Meryemana_Kilisesi_Vakf%C4%B1_2013,1,"Türkiye#318: Ankara 13. İdare Mahkemesi, 18.06.2013 tarih, 2012/1746 esas ve 2013/952 kararla , ilk kez Süryanilerin Lozan'da azınlıklar için tanınan haklardan istifade edebileceği kayıt altına alınmıştır."
Çaldıran Muharebesi,https://tr.wikipedia.org/wiki/%C3%87ald%C4%B1ran_Muharebesi,1,Türkiye#72: 1514 yılında I.
Türkiye Cumhuriyeti Devlet Demiryolları,https://tr.wikipedia.org/wiki/T%C3%BCrkiye_Cumhuriyeti_Devlet_Demiryollar%C4%B1,1,"Türkiye#283: Türkiye Cumhuriyeti Devlet Demiryolları , 12.532 kilometre ray uzunluğu üzerinde hem konvansiyonel hem de yüksek hızlı tren işletmektedir."
Trakya,https://tr.wikipedia.org/wiki/Trakya,1,"Türkiye#3: Güneyini Kıbrıs ve Akdeniz , batısını Ege Denizi , kuzeyini ise Karadeniz çevreler."
Dede Korkut,https://tr.wikipedia.org/wiki/Korkut_Ata,1,"Trabzon#67: Şalpazarı , Ağasar vadisindeki Çepniler yöreye 13.-14. yüzyıllar arasında yerleştiler."
Hakkâri,https://tr.wikipedia.org/wiki/Hakk%C3%A2ri,1,"Türkiye#320: Kürtlerin nüfus içindeki oranı CIA'e göre %18, Konda'ya göre %15, Konsensus'a göre %14'tür."
nükleer paylaşım,https://tr.wikipedia.org/wiki/N%C3%BCkleer_payla%C5%9F%C4%B1m,1,Türkiye#195: 2011 NATO sayımlarına göre ülkenin tahminî 495.000 konuşlandırılabilir kuvveti bulunmaktadır.
yüzölçümü,https://tr.wikipedia.org/wiki/Alan,1,"Türkiye#209: Bu rakamlarla, yüzölçümü açısından dünyanın en büyük 37. ülkesidir ."
Suriyeli mülteci,https://tr.wikipedia.org/wiki/Suriye_%C4%B0%C3%A7_Sava%C5%9F%C4%B1%27nda_m%C3%BClteciler,1,"Türkiye#331: UNHCR'ye göre 2018'de Türkiye, Afrika ve Orta Doğu'dan toplam 3.564.919 kayıtlı mülteciye ev sahipliği yaptı ve bu, dünyadaki tüm mültecilerin %63,4'üne tekabül ediyor."
Latinler,https://tr.wikipedia.org/wiki/Latin,1,Trabzon#18: Daha sonra yeni kurulan Haldia Bölgesinin ana kenti oldu.
Sertab Erener,https://tr.wikipedia.org/wiki/Sertab_Erener,1,"Türkiye#374: Örneğin romanlarında ""kültürlerin birbiriyle çatışması ve örülmesi için yeni simgeler bulan"" Orhan Pamuk , 2006 yılında Nobel Edebiyat Ödülü 'ne layık görülmüştür."
demokratik,https://tr.wikipedia.org/wiki/Demokrasi,1,"Türkiye#16: Türkiye gelişmekte olan bir ülkedir ve cumhurbaşkanlığı sistemiyle yönetilen demokratik , laik ve üniter bir anayasal cumhuriyettir ."
Ziraat Bankası,https://tr.wikipedia.org/wiki/Ziraat_Bankas%C4%B1,1,"Trabzon#52: Kent, 1923 yılında yeni kurulan Türkiye Cumhuriyeti devletinin 61. il merkezi olarak yerini almış, 1926 yılında ilk Halk Kütüphanesi ve Ziraat Bankası , 1929'da Visera Hidroelektrik santrali , 1938'de Trabzon içme suyu tesisleri, 1942'de Trabzon Lisesi , 1947'de Trabzon Numune Hastanesi, 1949'da Göğüs Hastalıkları Hastanesi, 1954'te Trabzon limanı , 1957'de Trabzon Havaalanı , 1958'de SSK Hastanesi, 1964'te Ayasofya Müzesi , 1967'de çimento fabrikası açılmış, 1976 yılında Trabzonspor futbol takımı Türkiye 1. Ligi şampiyonluğunu kazanarak bu unvanı İstanbul'dan Anadolu 'ya taşımayı başaran ilk futbol takımı olmuştur."
Balkan Savaşları,https://tr.wikipedia.org/wiki/Balkan_Sava%C5%9Flar%C4%B1,1,"Türkiye#92: Bu olayları, pek çok canın ve toprağın kaybına sebep olan Trablusgarp Savaşı (1911-12) ile Balkan Savaşları (1912-13) izledi."
Portekiz,https://tr.wikipedia.org/wiki/Portekiz_%C4%B0mparatorlu%C4%9Fu,1,"Türkiye#73: Ardından Kızıldeniz , Umman Denizi ve Basra Körfezi üzerinde Osmanlı ve Portekiz imparatorlukları arasında, Hint Okyanusu 'nda üstünlüğü ele geçirmek için bazı çeşitli deniz muharebeleri yapıldı."
Çingenece,https://tr.wikipedia.org/wiki/%C3%87ingenece,1,"Türkiye#328: Bunlara Abazaca , Abhazca , Batı Ermenicesi , Çerkesçe , Çingenece , Doğu Çerkesçesi , Hemşince , Hertevince , Kapadokya Yunancası , Lazca , Pontus Rumcası , Ubıhça , Yahudi İspanyolcası ve Zazaca örnek verilebilir."
Aiol,https://tr.wikipedia.org/wiki/Aiol,1,"Türkiye#44: Anadolu'nun sahil şeridinde MÖ 1200 yıllarında büyük ölçüde Aiol , İyon ve Yunan yerleşimleri başladı."
Erzurum Kongresi,https://tr.wikipedia.org/wiki/Erzurum_Kongresi,1,Trabzon#46: Canlı bir ticaret kenti olan Trabzon'un köklü Rum ve Müslüman ailelerden oluşan eşrafı aktif olarak siyasetle uğraşmaktaydı.
Nobel Edebiyat Ödülü,https://tr.wikipedia.org/wiki/Nobel_Edebiyat_%C3%96d%C3%BCl%C3%BC,1,"Türkiye#374: Örneğin romanlarında ""kültürlerin birbiriyle çatışması ve örülmesi için yeni simgeler bulan"" Orhan Pamuk , 2006 yılında Nobel Edebiyat Ödülü 'ne layık görülmüştür."
Kuzey Anadolu Fay Hattı,https://tr.wikipedia.org/wiki/Kuzey_Anadolu_Fay_Hatt%C4%B1,1,Türkiye#223: Ülkenin kuzeyinde ve doğusunda günümüzde de depremlere sebep olan büyük fay hatları vardır.
Onlar Grubu,https://tr.wikipedia.org/wiki/10%27lar_Grubu,1,"Türkiye#365: Bunların yanı sıra Yeniler Grubu 1930'larda, Onlar Grubu 1940'larda, Yeni Dal Grubu 1950'lerde ve Siyah Kalem Grubu 1960'larda ortaya çıkarak çağdaş Türk resminin diğer önemli hareketleri olarak tanındılar."
Nobel Kimya Ödülü,https://tr.wikipedia.org/wiki/Nobel_Kimya_%C3%96d%C3%BCl%C3%BC,1,"Türkiye#303: 2015 yılında Kuzey Carolina Üniversitesi 'nde bir profesör olan Aziz Sancar , hücrelerin DNA'yı nasıl onardığı konusundaki çalışmaları nedeniyle Tomas Lindahl ve Paul Modrich ile birlikte Nobel Kimya Ödülü 'nü kazandı."
Yahudi İspanyolcası,https://tr.wikipedia.org/wiki/Yahudi_%C4%B0spanyolcas%C4%B1,1,"Türkiye#328: Bunlara Abazaca , Abhazca , Batı Ermenicesi , Çerkesçe , Çingenece , Doğu Çerkesçesi , Hemşince , Hertevince , Kapadokya Yunancası , Lazca , Pontus Rumcası , Ubıhça , Yahudi İspanyolcası ve Zazaca örnek verilebilir."
Likya,https://tr.wikipedia.org/wiki/Likya,1,"Türkiye#43: Orta Anadolu üzerinde büyük bir hâkimiyet kurmuş olan Hitit İmparatorluğu 'nun da MÖ yaklaşık 1180'li yıllarda çöküşünün ardından, Hint-Avrupa milletlerinden Friglerin kurdukları Frigya , MÖ 7. yüzyılda Kimmerler tarafından yapılan saldırılara kadar Anadolu'da üstünlük elde etti."
Kızıldeniz,https://tr.wikipedia.org/wiki/K%C4%B1z%C4%B1ldeniz,1,"Türkiye#73: Ardından Kızıldeniz , Umman Denizi ve Basra Körfezi üzerinde Osmanlı ve Portekiz imparatorlukları arasında, Hint Okyanusu 'nda üstünlüğü ele geçirmek için bazı çeşitli deniz muharebeleri yapıldı."
2010 FIBA Dünya Basketbol Şampiyonası,https://tr.wikipedia.org/wiki/2010_FIBA_D%C3%BCnya_Basketbol_%C5%9Eampiyonas%C4%B1,1,Türkiye#402: Örneğin 2001 Avrupa Basketbol Şampiyonası gümüş madalya ve 2010 FIBA Dünya Basketbol Şampiyonası gümüş gibi.
RASAT,https://tr.wikipedia.org/wiki/RASAT,1,"Türkiye#302: Proje bir uzay üssünün inşasından, uydu fırlatma araçlarının geliştirilmesinden ve yer istasyonlarının kurulmasından oluşur."
Behçet hastalığını,https://tr.wikipedia.org/wiki/Beh%C3%A7et_hastal%C4%B1%C4%9F%C4%B1,1,Türkiye#304: Diğer Türk bilim adamları arasında Behçet hastalığını keşfeden hekim Hulusi Behçet ve Arf değişmezini tanımlayan matematikçi Cahit Arf yer alıyor.
Hemşinliler,https://tr.wikipedia.org/wiki/Hem%C5%9Finliler,1,"Türkiye#315: Yapılan araştırmalara göre Türkiye'de Arnavutlar , Azeriler , Araplar , Boşnaklar , Çerkesler , Çingeneler , Gürcüler , Hemşinliler , Lazlar , Pomaklar , Süryaniler ve Zazalar dâhil olmak üzere pek çok etnik grup yaşasa da, ülkede resmen tanınan azınlıklar sadece Ermeniler , Rumlar , Bulgarlar , Yahudilerdir ."
UEFA Şampiyonlar Ligi,https://tr.wikipedia.org/wiki/UEFA_%C5%9Eampiyonlar_Ligi,1,"Türkiye#395: Türkiye, UEFA tarafından düzenlenen birçok önemli futbol organizasyonuna ev sahipliği yapmıştır."
karalahana,https://tr.wikipedia.org/wiki/Karalahana,1,"Trabzon#91: Samsun-Batum arasında yer alan bölge mutfağının ayırıcı temel besinleri karalahana , mısır , hamsi ve çay olup bu üçlünün çorbasından ekmeğine dek sayısız kombinasyonu bulunmaktadır."
Katoliklik,https://tr.wikipedia.org/wiki/Katolik_Kilisesi,1,"Türkiye#342: Günümüzde ülkede Rum Ortodoksluğu , Katoliklik , Protestanlık ve Mormonluk dâhil olmak üzere çeşitli mezheplerden birçok Hristiyan bulunmaktadır ve bu sayı yaklaşık olarak Türkiye'nin nüfusunun %0,3'ü kadardır."
katılım oranları,https://tr.wikipedia.org/wiki/Se%C3%A7men_kat%C4%B1l%C4%B1m%C4%B1,1,Türkiye#147: Türkiye'de hem genel hem de yerel seçimlere katılım oranları yüzde 80'lerde bulunmaktadır.
Batı Avrupa Birliği,https://tr.wikipedia.org/wiki/Bat%C4%B1_Avrupa_Birli%C4%9Fi,1,"Türkiye#176: Uzun yıllar devam eden siyasi görüşmelerin ardından, 1987 yılında AET'ye tam üyelik için başvurdu, 1992 yılında Batı Avrupa Birliği 'nin ortak üyesi oldu, 1995'te AB Gümrük Birliği 'ne katıldı ve 2005 yılında Avrupa Birliği ile tam üyelik müzakerelerine başladı."
45°,https://tr.wikipedia.org/wiki/45._do%C4%9Fu_meridyeni,1,"Türkiye#207: Türkiye toprakları kabaca bir dikdörtgen şeklini andırır, 1.600 kilometre (1.000 mi) uzunluğunda ve 800 km (500 mi) genişliğindedir."
Teke,https://tr.wikipedia.org/wiki/Teke_zortlatmas%C4%B1,1,Türkiye#375: Türk kültüründe halk oyunları önemli bir yer tutar.
kara iskete,https://tr.wikipedia.org/wiki/Kara_iskete,1,Türkiye#229: Bu dağların doğu ucunda Kafkasya karışık ormanları yer alır.
hükûmet başkanı,https://tr.wikipedia.org/wiki/H%C3%BCk%C3%BBmet_ba%C5%9Fkan%C4%B1,1,Türkiye#158: 12. Cumhurbaşkanı Recep Tayyip Erdoğan şu anda devlet ve hükûmet başkanı olarak görev yapıyor.
EYOF 2011 Avrupa Gençlik Olimpik Oyunları,https://tr.wikipedia.org/w/index.php?title=EYOF_2011_Avrupa_Gen%C3%A7lik_Olimpik_Oyunlar%C4%B1&action=edit&redlink=1,1,"Trabzon#105: Önemli spor tesisleri: Akyazı Stadyumu (41.460), Hayri Gür Spor Salonu (7.500), M.Akif Ersoy Olimpik Yüzme Havuzu (1.400)."
Ümit Burnu,https://tr.wikipedia.org/wiki/%C3%9Cmit_Burnu,1,"Türkiye#75: Çünkü 15. yüzyıl sonlarındaki Coğrafi Keşifler sayesinde Ümit Burnu ve Amerika kıtasının keşfedilmesi, Osmanlı'nın elinde tuttuğu Doğu Asya ile Batı Avrupa arasında ticareti sağlayan eski ticaret yollarının önemini yitirmesine neden olup Osmanlı ekonomisini olumsuz yönde etkilemiştir."
15 Temmuz 1974'te Kıbrıs'ta gerçekleşen darbe,https://tr.wikipedia.org/wiki/1974_K%C4%B1br%C4%B1s_Darbesi,1,"Türkiye#112: Kore Savaşı 'na (1950-53) Birleşmiş Milletler kuvvetleri ile birlikte katılan Türkiye, 1952 yılında Sovyetler Birliği 'ne karşı NATO 'ya katıldı."
yeniden çatışma hâline U:(https://tr.wikipedia.org/wiki/T%C3%BCrkiye-PKK_%C3%A7at%C4%B1%C5%9Fmas%C4%B1_(2015-2025))___ dönüldü. 2013'te ___E:Gezi Parkı,https://tr.wikipedia.org/wiki/Taksim_Gezi_Park%C4%B1,1,"Türkiye#116: 1980'li yıllarda Türk ekonomisinin liberalleştirilmesinden bu yana ülke, ekonomik büyüme ve siyasi istikrar yakaladı."
I. Bayezid,https://tr.wikipedia.org/wiki/I._Bayezid,1,Trabzon#21: I.
Dersim İsyanı,https://tr.wikipedia.org/wiki/Dersim_%C4%B0syan%C4%B1,1,"Türkiye#108: Türkiye Büyük Millet Meclisi, 1934 yılında çıkan Soyadı Kanunu ile kendisine ""Atatürk"" soyadını verdi."
beklenen yaşam süresi,https://tr.wikipedia.org/wiki/Beklenen_ya%C5%9Fam_s%C3%BCresi,1,"Türkiye#354: Türkiye'de beklenen yaşam süresi erkeklerde 71,1 yıl ve kadınlarda 75,2 yıl olmakla birlikte, toplam nüfus ortalamasının beklenen yaşam süresi 73,2 yıldır."
Call of Duty,https://tr.wikipedia.org/wiki/Call_of_Duty,1,Trabzon#109: Activision imzalı dünyaca ünlü savaş oyunu serisi Call of Duty 'nin Soğuk Savaş dönemini anlatan Call of Duty: Black ops Cold War oyununun bazı sahneleri Trabzon'da geçmektedir.
Hidroelektrik santrali,https://tr.wikipedia.org/wiki/Hidroelektrik_santrali,1,"Trabzon#52: Kent, 1923 yılında yeni kurulan Türkiye Cumhuriyeti devletinin 61. il merkezi olarak yerini almış, 1926 yılında ilk Halk Kütüphanesi ve Ziraat Bankası , 1929'da Visera Hidroelektrik santrali , 1938'de Trabzon içme suyu tesisleri, 1942'de Trabzon Lisesi , 1947'de Trabzon Numune Hastanesi, 1949'da Göğüs Hastalıkları Hastanesi, 1954'te Trabzon limanı , 1957'de Trabzon Havaalanı , 1958'de SSK Hastanesi, 1964'te Ayasofya Müzesi , 1967'de çimento fabrikası açılmış, 1976 yılında Trabzonspor futbol takımı Türkiye 1. Ligi şampiyonluğunu kazanarak bu unvanı İstanbul'dan Anadolu 'ya taşımayı başaran ilk futbol takımı olmuştur."
Ahmet Paşa,https://tr.wikipedia.org/wiki/Ahmed_Pa%C5%9Fa,1,"Trabzon#33: Celali ayaklanmaları , Kazancık cemaati gibi soyguncu aşiretler, yolsuzluk yapan sancak beyleri, bölgeyi arpalık olarak kullanan beylerbeyleri ( Ahmet Paşa , 1603 gibi), 1624, 1625, 1631 yıllarındaki Kazak yağmaları ve 18. ve 19. yüzyılda Rizeli Tuzcuoğlu Memiş Ağa ve Sürmeneli Deli Ahmet Ağa gibi ayanlıktan gelme yerel derebeylerin ayaklanmaları bu dönemin önemli olaylarıdır."
II. Viyana Kuşatması,https://tr.wikipedia.org/wiki/II._Viyana_Ku%C5%9Fatmas%C4%B1,1,"Türkiye#11: İmparatorluk, zirvesini 16. yüzyılda, özellikle I."
Ankara tavşanı,https://tr.wikipedia.org/wiki/Ankara_tav%C5%9Fan%C4%B1,1,"Türkiye#232: Türkiye'nin başkenti Ankara , kendi adını taşıyan Ankara kedisi , Ankara tavşanı ve Ankara keçisi gibi hayvanlarıyla ünlüdür."
Türkiye'de turizm,https://tr.wikipedia.org/wiki/T%C3%BCrkiye%27de_turizm,1,"Türkiye#274: Türkiye'de turizm , ekonominin önemli bir kısmını teşkil etmektedir ve son yirmi yılda hızlı bir büyüme yakalamıştır."
Boşnaklar,https://tr.wikipedia.org/wiki/Bo%C5%9Fnaklar,1,"Türkiye#315: Yapılan araştırmalara göre Türkiye'de Arnavutlar , Azeriler , Araplar , Boşnaklar , Çerkesler , Çingeneler , Gürcüler , Hemşinliler , Lazlar , Pomaklar , Süryaniler ve Zazalar dâhil olmak üzere pek çok etnik grup yaşasa da, ülkede resmen tanınan azınlıklar sadece Ermeniler , Rumlar , Bulgarlar , Yahudilerdir ."
Şinasi,https://tr.wikipedia.org/wiki/%C5%9Ein%C3%A2si,1,"Türkiye#369: Çeşitli yazarlar Türk edebiyatındaki ilkleri bu dönemde verdiler; Namık Kemal ilk edebi roman olan İntibah 'ı (1876) yazarken, gazeteci Şinasi ilk özel gazeteyi çıkardı ve ilk tiyatro olan Şair Evlenmesi 'ni (1860) yazdı."
MKE,https://tr.wikipedia.org/wiki/Makine_ve_Kimya_End%C3%BCstrisi,1,"Türkiye#301: Askerî teknoloji alanında araştırma ve geliştirme amacıyla kurulan devlet şirketleri arasında TUSAŞ , ASELSAN , HAVELSAN , ROKETSAN ve MKE bulunmaktadır."
Din ve vicdan özgürlüğü,https://tr.wikipedia.org/wiki/Din_%C3%B6zg%C3%BCrl%C3%BC%C4%9F%C3%BC,1,"Türkiye#332: Türkiye, resmî dini olmayan laik bir devlettir ."
Özgür Değil,https://tr.wikipedia.org/wiki/T%C3%BCrkiye%27de_sans%C3%BCr,1,"Türkiye#390: Tiraj rakamlarına göre ülkenin en popüler ilk beş gazetesi Hürriyet , Sabah , Posta , Sözcü ve Habertürk 'tür."
Devlet Klasik Türk müziği Topluluğu,https://tr.wikipedia.org/w/index.php?title=Devlet_Klasik_T%C3%BCrk_m%C3%BCzi%C4%9Fi_Toplulu%C4%9Fu&action=edit&redlink=1,1,Trabzon#89: Müzik alanında çalışmalar yapan Devlet Klasik Türk müziği Topluluğu 'nun yanı sıra karikatür ve resim çalışmaları Belediye Sergi Salonu'nda sergilenmektedir.
Yeniden Refah Partisi,https://tr.wikipedia.org/wiki/Yeniden_Refah_Partisi,1,"Türkiye#159: Meclisin 28. dönemi , 2023 genel seçimlerinin ardından başlamıştır ve başlangıçta milletvekili dağılımı şu şekilde belirlendi: Adalet ve Kalkınma Partisi (AKP) 268, Cumhuriyet Halk Partisi (CHP) 169, Milliyetçi Hareket Partisi (MHP) 50, Halkların Eşitlik ve Demokrasi Partisi (HEDEP) 57, İYİ Parti 43, Yeniden Refah Partisi (YRP) 5, Türkiye İşçi Partisi (TİP) 4 sandalye."
zibun,https://tr.wikipedia.org/w/index.php?title=Zibun&action=edit&redlink=1,1,"Trabzon#78: İçte kamis adı verilen yakasız Trabzon bezinden gömlek, başta keşan peştamal, alltta etek veya üçetek elbise ( zibun ) ve rengi yöreden yöreye değişen peştamal vardır."
Sinop,https://tr.wikipedia.org/wiki/Sinop,1,"Trabzon#8: Eusebius 'a göre şehrin kuruluş tarihini MÖ 756 olmakla birlikte bu iddia Trabzon'u İstanbul, Roma hatta, genel kanıya göre Trabzon ve diğer Doğu Karadeniz kolonizasyonunu gerçekleştiren Sinop 'tan daha eski bir kent yapmaktadır."
yerli sineması,https://tr.wikipedia.org/wiki/T%C3%BCrk_sinemas%C4%B1,1,"Türkiye#385: Yüzlerce televizyon kanalı, binlerce yerel ve ulusal radyo istasyonu, onlarca gazetesi, kâr sağlayan üretken yerli sineması ve hızlı büyüyen geniş bant internet kullanımı ile Türkiye'nin oldukça canlı bir medya sektörü vardır."
Bâb-ı Âli Baskını,https://tr.wikipedia.org/wiki/B%C3%A2b-%C4%B1_%C3%82li_Bask%C4%B1n%C4%B1,1,"Türkiye#92: Bu olayları, pek çok canın ve toprağın kaybına sebep olan Trablusgarp Savaşı (1911-12) ile Balkan Savaşları (1912-13) izledi."
1875-78 Doğu Krizi,https://tr.wikipedia.org/wiki/Do%C4%9Fu_Sorunu,1,Türkiye#83: Bunu 1875-78 Doğu Krizi ve 1877-78 Osmanlı-Rus Savaşı gibi felaketler izledi.
İzmir,https://tr.wikipedia.org/wiki/%C4%B0zmir%27in_%C4%B0%C5%9Fgali,1,Türkiye#100: I.
ormandır,https://tr.wikipedia.org/wiki/Orman,1,"Türkiye#237: Karadeniz kıyılarında görülen bir ılıman okyanus iklim tipi olan Karadeniz ikliminde her mevsim yağış görülmektedir, doğal bitki örtüsü ormandır ."
Hitit dili,https://tr.wikipedia.org/wiki/Hitit%C3%A7e,1,"Türkiye#36: Bazı bilim insanları, Hint-Avrupa dillerinin, yine eski Anadolu dillerinden olan Hitit dili ve Luvi dilinden yayıldığını öne sürer."
Tuzcuoğlu Memiş Ağa,https://tr.wikipedia.org/wiki/Tuzcuo%C4%9Flu_Memi%C5%9F_A%C4%9Fa,1,"Trabzon#33: Celali ayaklanmaları , Kazancık cemaati gibi soyguncu aşiretler, yolsuzluk yapan sancak beyleri, bölgeyi arpalık olarak kullanan beylerbeyleri ( Ahmet Paşa , 1603 gibi), 1624, 1625, 1631 yıllarındaki Kazak yağmaları ve 18. ve 19. yüzyılda Rizeli Tuzcuoğlu Memiş Ağa ve Sürmeneli Deli Ahmet Ağa gibi ayanlıktan gelme yerel derebeylerin ayaklanmaları bu dönemin önemli olaylarıdır."
Kırım Türkleri,https://tr.wikipedia.org/wiki/K%C4%B1r%C4%B1m_Tatarlar%C4%B1,1,"Trabzon#63: Trabzon, Osmanlı'nın dağılmasından sonra Kırım Türkleri tarafından da yerleşim yeri olarak seçilmiştir."
Trabzon Devlet Tiyatrosu,https://tr.wikipedia.org/wiki/Trabzon_Devlet_Tiyatrosu,1,Trabzon#87: Trabzon ilinde tiyatro etkinlikleri Trabzon Belediye Tiyatrosu ve Trabzon Devlet Tiyatrosu tarafından yürütülmektedir.
Klasik liberal,https://tr.wikipedia.org/wiki/Klasik_liberalizm,1,"Maliye#7: Maliye'nin bir bilim olarak ortaya çıkışı, insanlık tarihi açısından yeni sayılır."
Bolşevik Devrimi,https://tr.wikipedia.org/wiki/Ekim_Devrimi,1,Trabzon#42: 1917'de Rusya'da “ Bolşevik Devrimi ” sonrasında Çarlık yönetiminin yıkılmasını takip eden süreç sonrasında Rus ordusu Trabzon'dan çekilmiştir.
Fransızcada,https://tr.wikipedia.org/wiki/Frans%C4%B1zca,1,"Maliye#4: Maliye; İngilizcede ""public finance"", Fransızcada ise ""finance publique"" olarak kullanılmaktadır."
Rum,https://tr.wikipedia.org/wiki/Pontus_Rumlar%C4%B1,1,Trabzon#44: Bu olayların yaşanmasından sonra Trabzon'da nüfusun az bir kısmını oluşturan Rum ve Ermeniler şehirden çıkarılmıştır.
Henry Carter Adams,https://tr.wikipedia.org/wiki/Henry_Carter_Adams,1,Maliye#9: Maliye'ye yönelik en ayrıntılı tanımlama Henry Carter Adams 'a aittir.
Beyt-ül mal,https://tr.wikipedia.org/wiki/Beyt%C3%BC%27l-mal,1,"Maliye#12: Türklerin İslamiyet 'e ilk geçişleri döneminde Müslüman ülkelerde devletin malî işlerini göre "" Beyt-ül mal "" bulunmaktaydı."
Louis Trotabas,https://tr.wikipedia.org/w/index.php?title=Trotabas&action=edit&redlink=1,1,"Maliye#11: Maliye, gelişim süreci içerisinde pek çok bilim insanı tarafından bağımsız bir disiplin olarak ele alınmış olmasına rağmen, Louis Trotabas gibi bazı bilim adamlarınca maliye kamu hukuku içerisinde ele alınmıştır."
mal,https://tr.wikipedia.org/wiki/Mal,1,"Maliye#6: Kelimenin kökü ise "" mal "" teriminden kaynaklanmaktadır."
Akyazı Stadyumu,https://tr.wikipedia.org/wiki/%C5%9Eenol_G%C3%BCne%C5%9F_Spor_Kompleksi,1,"Trabzon#105: Önemli spor tesisleri: Akyazı Stadyumu (41.460), Hayri Gür Spor Salonu (7.500), M.Akif Ersoy Olimpik Yüzme Havuzu (1.400)."
26. dönem TBMM,https://tr.wikipedia.org/wiki/TBMM_26._d%C3%B6nem_milletvekilleri_listesi,1,"Kasım 2015 Türkiye genel seçimleri#31: Aşağıdaki tabloda, Haziran 2015 seçimlerinde seçilen 25. dönem TBMM 'nin milletvekili dağılımı, seçimlerin hemen öncesindeki 25. dönem TBMM 'nin milletvekili dağılımı ve yeni seçilen 26. dönem TBMM 'nin milletvekili dağılımı verilmiştir."
Yomra,https://tr.wikipedia.org/wiki/Yomra,1,"Trabzon#49: 1831 Osmanlı nüfus sayımına göre Trabzon merkez kazada 6.300, Vakfıkebir 19.512, Polathane'de ( Akçaabat ) 8.432, Yümerek'te ( Yomra ) 6.775, Tonya 'da 1.910, Sürmene 'de 12.985, Of'ta 18.940 erkek yaşamakta olup buna Trabzon sancağındaki 11.473 reaya eklenince toplam 86.327 erkek yaşamaktaydı."
zurna,https://tr.wikipedia.org/wiki/Zurna,1,"Trabzon#84: Trabzon bölgesinin geleneksel çalgıları şimşir kaval , kemençe , davul - zurna ve yörede zimpona , dankiyo adlarıyla da bilinen tulumdur ."
Akkoyunlu,https://tr.wikipedia.org/wiki/Akkoyunlular,1,"Trabzon#20: Trabzon imparatorları başlangıçta diğer Bizans (Doğu Roma) imparatorları gibi çift başlı (aetos) figürünü sembol olarak kullanmışlarsa da Latin işgalinin sona ermesi ve Konstantinopolis 'te yeniden yasal yönetimin iktidarı ele geçirmesiyle, bir çatışmaya sebebiyet vermemek için bugün Trabzon Ayasofya kapısının üzerinde rölyefi bulunan tek başlı kartal sembolünü tercih etmişlerdir."
Kop Geçidini,https://tr.wikipedia.org/wiki/Kop_Ge%C3%A7idi,1,"Trabzon#112: Trabzon il merkezinden başlayarak, Zigana Geçidi üzerinden Gümüşhane'ye oradan Kop Geçidini aşarak Erzurum 'a bağlanan yol ise eski önemini kaybetmiştir."
Avrasya Üniversitesi,https://tr.wikipedia.org/wiki/Avrasya_%C3%9Cniversitesi,1,"Trabzon#107: Günümüzde Trabzon ilinde; 815 ilköğretim okulu, 86 lise ve dengi okul ile 20 Mayıs 1955 tarihinde öğretime açılan Karadeniz Teknik Üniversitesi , 2011 yılında öğretime açılan Özel Avrasya Üniversitesi ve 18.05.2018 tarihli ve 30425 sayılı Resmî Gazetede yayımlanan 7141 sayılı kanun ile Trabzon Akçaabat'ta kurulan Trabzon Üniversitesi bulunmaktadır."
dankiyo,https://tr.wikipedia.org/wiki/Dankiyo,1,"Trabzon#84: Trabzon bölgesinin geleneksel çalgıları şimşir kaval , kemençe , davul - zurna ve yörede zimpona , dankiyo adlarıyla da bilinen tulumdur ."
Kahya Yahya,https://tr.wikipedia.org/w/index.php?title=Kahya_Yahya&action=edit&redlink=1,1,Trabzon#48: Saltanat yanlısı Trabzon valisi Galip Bey'in tutuklanması ve Türkiye Komünist Fırkası başkanı Mustafa Suphi ve 18 arkadaşının Trabzonlu kayıkçıların reisi Kahya Yahya tarafından 28-29 Ocak 1921 katli Cumhuriyet öncesi dönemin son olaylarındandır.
Sanayi ve Teknoloji Bakanlığı,https://tr.wikipedia.org/wiki/Sanayi_ve_Teknoloji_Bakanl%C4%B1%C4%9F%C4%B1,1,"Türk Patent ve Marka Kurumu#1: Türk Patent ve Marka Kurumu , Sanayi ve Teknoloji Bakanlığı 'na bağlı, özel bütçeli, bağımsız yasal bir kuruluştur."
http://www.turkpatent.gov.tr/,http://www.turkpatent.gov.tr/,1,Türk Patent ve Marka KurumuCard#7: http://www.turkpatent.gov.tr/
Muhammed Zeki Durak,https://tr.wikipedia.org/w/index.php?title=Muhammed_Zeki_Durak&action=edit&redlink=1,1,Türk Patent ve Marka KurumuCard#5: Muhammed Zeki Durak
Arsin,"https://tr.wikipedia.org/wiki/Arsin,_Trabzon",1,"Araklı#2: Batısında Arsin , doğusunda Sürmene ilçeleri ile çevrilidir."
MÖ 750 yıllarında,https://tr.wikipedia.org/wiki/M%C3%96_750%27ler,1,Araklı#15: Bölge ilk sömürgeci ziyaretini MÖ 750 yıllarında Miletliler vasıtasıyla yaşadı.
Bulancakspor,https://tr.wikipedia.org/wiki/Bulancakspor,1,"Araklı#54: Kendi grubunda lider olan Araklıspor 2006-2007 sezonunda 15 Nisan 2007 Pazar günü kendi sahasında konuk ettiği Bulancakspor 'la 1-1 berabere kalarak, 2. Lig B kategorisine çıkmayı garantilemiştir."
Martina U:(https://tr.wikipedia.org/wiki/Martina_(Herakleios%27un_e%C5%9Fi))___ ’dan olan oğlu ___E:Heraklonas,https://tr.wikipedia.org/wiki/Heraklonas,1,"Araklı#7: Bizantolog Anthony Bryer , Herakleios'un 626 yılında tarihi Sürmene yerleşiminde konaklarken eşi Martina ’dan olan oğlu Heraklonas ’ın burada doğduğunu ve Herakleia isminin de buradan geldiğini iddia etmiştir."
MÖ 400,https://tr.wikipedia.org/wiki/M%C3%96_400,1,Araklı#17: Trabzon çevresindeki halklardan bunların özelliklerine yaşama biçimlerine yetiştirdikleri karakterlere dair bilgilerden söz eden Ksenophon MÖ 400 yılında Bayburt-Trabzon yolculuğunda bölgenin yerli halkları olan Kolhlar Makronlarla savaşlarını eseri Anabasis 'te yazar.
ilçesidir,https://tr.wikipedia.org/wiki/%C4%B0l%C3%A7e,1,"Araklı#1: Araklı , Trabzon ilinin bir ilçesidir ."
Araklıspor,https://tr.wikipedia.org/wiki/Arakl%C4%B1spor,1,"Araklı#50: Araklıspor , 3. Lig 2. grupta oynayan bir futbol takımıdır."
Pazarcık,https://tr.wikipedia.org/wiki/Pazarc%C4%B1k,1,Araklı#43: İlçe sınırları içerisinde bulunan Pazarcık mevkiinin Turizm bakanlığınca birinci dereceden turizm bölgesi ilan edilmesinin ardından bölgeye olan ilgi daha da artmıştır.
Persler,https://tr.wikipedia.org/wiki/Persler,1,Araklı#16: Ancak bu yıllarda Kafkasya üzerinden başlayan Kimmer akınları sebebiyle sömürgeciler bölge yerleşmeye fırsat bulamadılar.
Kalecik Kalesi,https://tr.wikipedia.org/wiki/Kalecik_Kalesi,1,Araklı#49: Ayrıca Araklı'dan Trabzon istikametine doğru yaklaşık 3 km uzakta tarihi Kalecik Kalesi bulunmaktadır ki kale Canayer Kalesi 'nin bir uzantısıdır.
Herakleios,https://tr.wikipedia.org/wiki/Herakleios,1,Araklı#5: Herakleia isminin 626 yılında Trabzon'da bulunduğu bilinen Doğu Roma İmparatoru Herakleios ile ilgili olduğu düşünülmektedir.
yayla turizmi,https://tr.wikipedia.org/w/index.php?title=Yayla_turizmi&action=edit&redlink=1,1,Araklı#48: Geldiğimiz aşamada çok büyük etkisi olmamakla birlikte yayla turizmi hızla gelişmektedir.
Arak,https://tr.wikipedia.org/wiki/Arak,1,"Araklı#10: Dönüştürülen bu ismin kökü olan Arak genel olarak damıtılmış içkileri, özelde ise rakıyı ifade eden Osmanlıca bir terimdir."
Canayer Kalesi,https://tr.wikipedia.org/wiki/Canayer_Kalesi,1,Araklı#49: Ayrıca Araklı'dan Trabzon istikametine doğru yaklaşık 3 km uzakta tarihi Kalecik Kalesi bulunmaktadır ki kale Canayer Kalesi 'nin bir uzantısıdır.
Doğu Roma İmparatoru,https://tr.wikipedia.org/wiki/Do%C4%9Fu_Roma_%C4%B0mparatorlu%C4%9Fu,1,Araklı#5: Herakleia isminin 626 yılında Trabzon'da bulunduğu bilinen Doğu Roma İmparatoru Herakleios ile ilgili olduğu düşünülmektedir.
Anthony Bryer,https://tr.wikipedia.org/wiki/Anthony_Bryer,1,"Araklı#7: Bizantolog Anthony Bryer , Herakleios'un 626 yılında tarihi Sürmene yerleşiminde konaklarken eşi Martina ’dan olan oğlu Heraklonas ’ın burada doğduğunu ve Herakleia isminin de buradan geldiğini iddia etmiştir."
İskitler,https://tr.wikipedia.org/wiki/%C4%B0skitler,1,Araklı#16: Ancak bu yıllarda Kafkasya üzerinden başlayan Kimmer akınları sebebiyle sömürgeciler bölge yerleşmeye fırsat bulamadılar.
UTC+03.00,https://tr.wikipedia.org/wiki/UTC%2B03.00,1,AraklıCard#10: UTC+03.00 ( TSİ )
Turizm,https://tr.wikipedia.org/wiki/Turizm,1,Araklı#43: İlçe sınırları içerisinde bulunan Pazarcık mevkiinin Turizm bakanlığınca birinci dereceden turizm bölgesi ilan edilmesinin ardından bölgeye olan ilgi daha da artmıştır.
sayfayı yenileyin,https://tr.wikipedia.org/w/index.php?action=edit&redlink=1&title=Halit_Demir&venoscript=1,1,"""Halit Demir"" sayfasını oluşturmaktasınız#2: Birkaç saniye sonra bu iletiyi görmeye devam ederseniz, lütfen sayfayı yenileyin ."
Ankara İktisadi ve Ticari İlimler Akademisi,https://tr.wikipedia.org/wiki/Ankara_%C4%B0ktisadi_ve_Ticari_%C4%B0limler_Akademisi,1,Gazi Üniversitesi Sosyal Bilimler Enstitüsü#2: Enstitünün köklü bir geçmişi vardır.
İktisadi ve İdari Bilimler Fakültesi,https://tr.wikipedia.org/wiki/Gazi_%C3%9Cniversitesi_%C4%B0ktisadi_ve_%C4%B0dari_Bilimler_Fak%C3%BCltesi,1,Gazi Üniversitesi Sosyal Bilimler Enstitüsü#5: Enstitü Gazi Üniversitesi Beşevler Kampüsünde İktisadi ve İdari Bilimler Fakültesi binasında bulunmaktadır.
"İstanbul U:(https://tr.wikipedia.org/wiki/%C4%B0stanbul_(il))___ , 1 ile de en az milletvekilini ___E:Bayburt",https://tr.wikipedia.org/wiki/Bayburt,1,"2011 Türkiye genel seçimleri#65: Yine bu düzenlemeyle 85 ile en çok milletvekilini İstanbul , 1 ile de en az milletvekilini Bayburt çıkardı."
Ergenekon,https://tr.wikipedia.org/wiki/Ergenekon_davalar%C4%B1,1,2011 Türkiye genel seçimleri#23: Tutuklu sanık milletvekili adayları da seçim sürecinde önemli bir gündem maddesi oldu.
Tuncay Özkan,https://tr.wikipedia.org/wiki/Tuncay_%C3%96zkan,1,2011 Türkiye genel seçimleri#25: Ancak Tuncay Özkan 'ı aday yapmadı.
Muammer Güler,https://tr.wikipedia.org/wiki/Muammer_G%C3%BCler,1,2011 Türkiye genel seçimleri#39: AK Parti'den aday olmak için başvuran önemli isimler arasında Türkiye'nin gelecekteki Avrupa Birliği Başmüzakerecisi Büyükelçi Volkan Bozkır ve eski İstanbul Valisi Muammer Güler de bulunmaktaydı.
arkeolojik,https://tr.wikipedia.org/wiki/Arkeoloji,1,"Trabzon#7: Bölgede çeşitli dönemlerde yapılan arkeolojik kazı ve yüzey taramalarında Yontma Taş (Alt Paleolitik dönem) Çağı'na ait Acheulien ve Mousterien tipi (el baltaları, kazıyıcılar, yonga aletler), Orta Taş Çağı (Mezolitik) 'e ait mağaralar Kalkolitik Çağ 'a ait yerleşim izlerine rastlanmıştır."
zipka,https://tr.wikipedia.org/w/index.php?title=Zipka&action=edit&redlink=1,1,Trabzon#77: Altta bacak arası körüklü bacak kısmı dar zipka adı verilen siyah şalvar vardır.
kendir,https://tr.wikipedia.org/wiki/Kendir,1,"Trabzon#7: Bölgede çeşitli dönemlerde yapılan arkeolojik kazı ve yüzey taramalarında Yontma Taş (Alt Paleolitik dönem) Çağı'na ait Acheulien ve Mousterien tipi (el baltaları, kazıyıcılar, yonga aletler), Orta Taş Çağı (Mezolitik) 'e ait mağaralar Kalkolitik Çağ 'a ait yerleşim izlerine rastlanmıştır."
Engin Alan,https://tr.wikipedia.org/wiki/Engin_Alan,1,"2011 Türkiye genel seçimleri#28: Balyoz davası tutuklu sanığı Engin Alan , MHP'nin İstanbul 1. Bölge 1. sıra adayı oldu."
Darülmuallimin,https://tr.wikipedia.org/wiki/D%C3%A2r%C3%BClmuallim%C3%AEn,1,"Trabzon#106: Osmanlı İmparatorluğunun son döneminde Trabzon'da eğitim kuruluşu olarak sekiz medrese , eğitim süresi dört yıl olan beş adet ilkokul , bir adet sanat yurdu, bir adet askeri rüştiye , bir adet idadi ve bir adet Darülmuallimin bulunmaktaydı."
Trabzon Vilayet Salnamesi,https://tr.wikipedia.org/w/index.php?title=Trabzon_Vilayet_Salnamesi&action=edit&redlink=1,1,"Trabzon#49: 1831 Osmanlı nüfus sayımına göre Trabzon merkez kazada 6.300, Vakfıkebir 19.512, Polathane'de ( Akçaabat ) 8.432, Yümerek'te ( Yomra ) 6.775, Tonya 'da 1.910, Sürmene 'de 12.985, Of'ta 18.940 erkek yaşamakta olup buna Trabzon sancağındaki 11.473 reaya eklenince toplam 86.327 erkek yaşamaktaydı."
şalvar,https://tr.wikipedia.org/wiki/%C5%9Ealvar,1,Trabzon#83: Tek istisna Şalpazarı bölgesinde olup Çepni kadınları şalvar giymekte ve ucu püsküllü kırmızı ya da pembe belbağı takmaktadır.
aynı durum,https://tr.wikipedia.org/wiki/Haziran_2015_T%C3%BCrkiye_genel_se%C3%A7imleri#İllere_göre_milletvekili_çıkarmak_için_gereken_seçmen,1,"2011 Türkiye genel seçimleri#68: Halbuki bu oranlar Tunceli'de 55 bin, Hakkâri'de ise 40 bin oldu."
Ruslar,https://tr.wikipedia.org/wiki/Ruslar,1,"Trabzon#40: 1867 yılında Trabzon'da büyük bir yangın çıkmış, birçok kamu binası da bu sırada yanmış ve kent daha sonra yeniden düzenlenmiştir."
Trabzon Muhafaza-i Hukuk-u Milliye Cemiyeti,https://tr.wikipedia.org/wiki/Trabzon_Muh%C3%A2faza-i_Hukuk-%C4%B1_Milliye_Cemiyeti,1,Trabzon#46: Canlı bir ticaret kenti olan Trabzon'un köklü Rum ve Müslüman ailelerden oluşan eşrafı aktif olarak siyasetle uğraşmaktaydı.
Hanefi Avcı,https://tr.wikipedia.org/wiki/Hanefi_Avc%C4%B1,1,"2011 Türkiye genel seçimleri#28: Balyoz davası tutuklu sanığı Engin Alan , MHP'nin İstanbul 1. Bölge 1. sıra adayı oldu."
Türkiye Komünist Partisi U:(https://tr.wikipedia.org/wiki/T%C3%BCrkiye_Kom%C3%BCnist_Partisi_(2001))___ İstanbul 2. Bölge 2. sıra adayı ve eski hakem ___E:Selçuk Dereli,https://tr.wikipedia.org/wiki/Sel%C3%A7uk_Dereli,1,"2011 Türkiye genel seçimleri#20: Ayrıca, eski futbolcu Hakan Şükür , Adalet ve Kalkınma Partisi İstanbul 3. Bölge 4. sıra adayı; eski futbolcu Saffet Sancaklı , Milliyetçi Hareket Partisi İstanbul 2. Bölge 5. sıra adayı; eski futbolcu Metin Kurt , Türkiye Komünist Partisi İstanbul 2. Bölge 2. sıra adayı ve eski hakem Selçuk Dereli , Cumhuriyet Halk Partisi Mersin 7. sıra adayı olarak seçimlere katıldı."
Mustafa Suphi,https://tr.wikipedia.org/wiki/Mustafa_Suphi,1,Trabzon#48: Saltanat yanlısı Trabzon valisi Galip Bey'in tutuklanması ve Türkiye Komünist Fırkası başkanı Mustafa Suphi ve 18 arkadaşının Trabzonlu kayıkçıların reisi Kahya Yahya tarafından 28-29 Ocak 1921 katli Cumhuriyet öncesi dönemin son olaylarındandır.
Avşar boyundan,https://tr.wikipedia.org/wiki/Af%C5%9Far_boyu,1,Trabzon#62: Fatih zamanında Oğuzlar 'ın Avşar boyundan olan Karamanoğulları Beyliğinden gelen Türkmenler ile Halep-Irak bölgesinden gelen Türkmenler de Trabzon'a yerleştirilmişlerdir.
Hasan Atilla Uğur,https://tr.wikipedia.org/wiki/Hasan_Atilla_U%C4%9Fur,1,"2011 Türkiye genel seçimleri#28: Balyoz davası tutuklu sanığı Engin Alan , MHP'nin İstanbul 1. Bölge 1. sıra adayı oldu."
Cumhuriyet Güçbirliği,https://tr.wikipedia.org/wiki/Cumhuriyet_G%C3%BC%C3%A7birli%C4%9Fi,1,"2011 Türkiye genel seçimleri#28: Balyoz davası tutuklu sanığı Engin Alan , MHP'nin İstanbul 1. Bölge 1. sıra adayı oldu."
Activision,https://tr.wikipedia.org/wiki/Activision,1,Trabzon#109: Activision imzalı dünyaca ünlü savaş oyunu serisi Call of Duty 'nin Soğuk Savaş dönemini anlatan Call of Duty: Black ops Cold War oyununun bazı sahneleri Trabzon'da geçmektedir.
Volkan Bozkır,https://tr.wikipedia.org/wiki/Volkan_Bozk%C4%B1r,1,2011 Türkiye genel seçimleri#39: AK Parti'den aday olmak için başvuran önemli isimler arasında Türkiye'nin gelecekteki Avrupa Birliği Başmüzakerecisi Büyükelçi Volkan Bozkır ve eski İstanbul Valisi Muammer Güler de bulunmaktaydı.
Hakan Şükür,https://tr.wikipedia.org/wiki/Hakan_%C5%9E%C3%BCk%C3%BCr,1,"2011 Türkiye genel seçimleri#20: Ayrıca, eski futbolcu Hakan Şükür , Adalet ve Kalkınma Partisi İstanbul 3. Bölge 4. sıra adayı; eski futbolcu Saffet Sancaklı , Milliyetçi Hareket Partisi İstanbul 2. Bölge 5. sıra adayı; eski futbolcu Metin Kurt , Türkiye Komünist Partisi İstanbul 2. Bölge 2. sıra adayı ve eski hakem Selçuk Dereli , Cumhuriyet Halk Partisi Mersin 7. sıra adayı olarak seçimlere katıldı."
Metin Kurt,https://tr.wikipedia.org/wiki/Metin_Kurt,1,"2011 Türkiye genel seçimleri#20: Ayrıca, eski futbolcu Hakan Şükür , Adalet ve Kalkınma Partisi İstanbul 3. Bölge 4. sıra adayı; eski futbolcu Saffet Sancaklı , Milliyetçi Hareket Partisi İstanbul 2. Bölge 5. sıra adayı; eski futbolcu Metin Kurt , Türkiye Komünist Partisi İstanbul 2. Bölge 2. sıra adayı ve eski hakem Selçuk Dereli , Cumhuriyet Halk Partisi Mersin 7. sıra adayı olarak seçimlere katıldı."
Hak ve Hakikat Partisi,https://tr.wikipedia.org/wiki/Hak_ve_Hakikat_Partisi,1,"2011 Türkiye genel seçimleri#21: Seçimlere katılamayan Hak ve Hakikat Partisi , Doğru Yol Partisi ile ittifak yaparak Doğru Yol Partisi'ne katıldı."
Saffet Sancaklı,https://tr.wikipedia.org/wiki/Saffet_Sancakl%C4%B1,1,"2011 Türkiye genel seçimleri#20: Ayrıca, eski futbolcu Hakan Şükür , Adalet ve Kalkınma Partisi İstanbul 3. Bölge 4. sıra adayı; eski futbolcu Saffet Sancaklı , Milliyetçi Hareket Partisi İstanbul 2. Bölge 5. sıra adayı; eski futbolcu Metin Kurt , Türkiye Komünist Partisi İstanbul 2. Bölge 2. sıra adayı ve eski hakem Selçuk Dereli , Cumhuriyet Halk Partisi Mersin 7. sıra adayı olarak seçimlere katıldı."
Atinalı Ksenophon,https://tr.wikipedia.org/wiki/Ksenofon,1,Trabzon#11: Trabzon şehrinden ilk defa MÖ 400 yılında şehri gören Atinalı Ksenophon tarafından bahsedilmiştir.
I. Justinianus,https://tr.wikipedia.org/wiki/I._Justinianus,1,"Trabzon#16: Roma İmparatoru Hadrianus döneminde restore edilen kent, Trajan döneminde Pontus Kapadokyası eyaletinin başkenti olmuş ve kente yeni bir liman inşa edilmiştir."
lahor,https://tr.wikipedia.org/wiki/Lahor,1,"Trabzon#81: İçte kamis , üzerine zibun (üçetek) belde peştamal, lahor veya trablus ."
Kolhis,https://tr.wikipedia.org/wiki/Kolhis,1,"Trabzon#10: Anabasis 'te geçen ""Pontos Euksenios kıyısındaki bu şehir Sinope'nin Lazların ataları olan Kolhis ülkesindeki kolonisidir"" ifadesi daha sonra Arrian ve Peripleus tarafından da onaylanmıştır."
ön seçim,https://tr.wikipedia.org/wiki/%C3%96n_se%C3%A7im,1,2011 Türkiye genel seçimleri#53: Parti 29 ilde ön seçim yaptı.
İlhan Cihaner,https://tr.wikipedia.org/wiki/%C4%B0lhan_Cihaner,1,2011 Türkiye genel seçimleri#26: Eski Erzincan Cumhuriyet Başsavcısı ve Ergenekon davası tutuksuz sanığı İlhan Cihaner ise CHP'den aday adayı olmuş ancak bu parti tarafından aday gösterilmemişti.
KCK,https://tr.wikipedia.org/wiki/KCK,1,2011 Türkiye genel seçimleri#23: Tutuklu sanık milletvekili adayları da seçim sürecinde önemli bir gündem maddesi oldu.
Doğu Perinçek,https://tr.wikipedia.org/wiki/Do%C4%9Fu_Perin%C3%A7ek,1,"2011 Türkiye genel seçimleri#28: Balyoz davası tutuklu sanığı Engin Alan , MHP'nin İstanbul 1. Bölge 1. sıra adayı oldu."
Cenevizce,https://tr.wikipedia.org/w/index.php?title=Ligurca&action=edit&redlink=1,1,"Trabzon#6: Şehir tarih boyunca Osmanlıca : طربزون, Antik Yunanca : Τραπεζοῦς, Latince : Trapezus, Ermenice : Տրապիզոնի, Cenevizce : Trabisonda, Pontus Rumcası : Τραπεζούντα Trapezounta ve Lazca: T'rapuzani ya da T'amtra olarak adlandırılmıştır."
Trajan,https://tr.wikipedia.org/wiki/Trajan,1,"Trabzon#16: Roma İmparatoru Hadrianus döneminde restore edilen kent, Trajan döneminde Pontus Kapadokyası eyaletinin başkenti olmuş ve kente yeni bir liman inşa edilmiştir."
Çetin Doğan,https://tr.wikipedia.org/wiki/%C3%87etin_Do%C4%9Fan,1,"2011 Türkiye genel seçimleri#28: Balyoz davası tutuklu sanığı Engin Alan , MHP'nin İstanbul 1. Bölge 1. sıra adayı oldu."
Karadeniz Teknik Üniversitesi,https://tr.wikipedia.org/wiki/Karadeniz_Teknik_%C3%9Cniversitesi,1,"Trabzon#107: Günümüzde Trabzon ilinde; 815 ilköğretim okulu, 86 lise ve dengi okul ile 20 Mayıs 1955 tarihinde öğretime açılan Karadeniz Teknik Üniversitesi , 2011 yılında öğretime açılan Özel Avrasya Üniversitesi ve 18.05.2018 tarihli ve 30425 sayılı Resmî Gazetede yayımlanan 7141 sayılı kanun ile Trabzon Akçaabat'ta kurulan Trabzon Üniversitesi bulunmaktadır."
"Emek, Demokrasi ve Özgürlük Bloku","https://tr.wikipedia.org/wiki/Emek,_Demokrasi_ve_%C3%96zg%C3%BCrl%C3%BCk_Bloku",1,"2011 Türkiye genel seçimleri#29: BDP destekli, bağımsız adaylardan oluşan Emek, Demokrasi ve Özgürlük Bloku 'nda yer alan ve KCK davasından tutuklu yargılanan adaylar arasında Hatip Dicle, Kemal Aktaş, Selma Irmak, Faysal Sarıyıldız, İbrahim Ayhan ve Gülseren Yıldırım bulunuyordu."
Türkiye Dışişleri Bakanlığı,https://tr.wikipedia.org/wiki/T%C3%BCrkiye_D%C4%B1%C5%9Fi%C5%9Fleri_Bakanl%C4%B1%C4%9F%C4%B1,1,"2018 Türkiye genel seçimleri#30: Erken seçim kararının açıklanmasından iki gün sonra Amerika Birleşik Devletleri Dışişleri Bakanlığı Sözcüsü Heather Nauert , olağanüstü hâl yürürlükteyken özgür, adil ve şeffaf bir seçim düzenlemenin zor olduğunu belirtti."
Ağasar vadisindeki,https://tr.wikipedia.org/wiki/A%C4%9Fasar_Vadisi,1,"Trabzon#67: Şalpazarı , Ağasar vadisindeki Çepniler yöreye 13.-14. yüzyıllar arasında yerleştiler."
başkanlık sisteminin ilk hükûmeti,https://tr.wikipedia.org/wiki/66._T%C3%BCrkiye_H%C3%BCk%C3%BBmeti,1,"2018 Türkiye genel seçimleri#5: Bunu takiben, 2018 seçimleri ile birlikte başbakanlık makamı kalktı ve başkanlık sisteminin ilk hükûmeti göreve başladı."
başbakanlık,https://tr.wikipedia.org/wiki/T%C3%BCrkiye_ba%C5%9Fbakan%C4%B1,1,"2018 Türkiye genel seçimleri#5: Bunu takiben, 2018 seçimleri ile birlikte başbakanlık makamı kalktı ve başkanlık sisteminin ilk hükûmeti göreve başladı."
Binali Yıldırım,https://tr.wikipedia.org/wiki/Binali_Y%C4%B1ld%C4%B1r%C4%B1m,1,2018 Türkiye genel seçimleri#2: Binali Yıldırım AK Parti
milletvekili dağılım hesabında,https://tr.wikipedia.org/wiki/D%27Hondt_y%C3%B6ntemi,1,"2018 Türkiye genel seçimleri#20: Ayrıca ittifaktaki partiler için bu seçimde milletvekili dağılım hesabında öncelikle toplam ittifak oyu esas alınmış; ittifakın kazandığı milletvekili sayısı, ittifakta partilerin oy oranına göre kendi içinde dağıtılmıştır."
Demokrat Parti U:(https://tr.wikipedia.org/wiki/Demokrat_Parti_(2007))___ ___E:1 | Demokrat U:(https://tr.wikipedia.org/wiki/Demokrat_Parti_(2007))___ Genel Başkanı ___E:Gültekin Uysal,https://tr.wikipedia.org/wiki/G%C3%BCltekin_Uysal,1,2018 Türkiye genel seçimleri#43: Kontenjanda Demokrat Parti Genel Başkanı Gültekin Uysal yer aldı.
Baharat yolu,https://tr.wikipedia.org/wiki/Baharat_Yolu,1,"Trabzon#29: Trabzon, Osmanlı döneminde de gerek Doğu Anadolu ve İran 'ın gerekse Baharat yolu 'nun Batı'ya açıldığı liman kenti olarak stratejik önemini sürdürmüş dahası İran ve Kafkasya seferlerinde askeri üs noktası olarak kullanılmıştır."
Saraybosna,https://tr.wikipedia.org/wiki/Saraybosna,1,2018 Türkiye genel seçimleri#49: Ayrıca 20 Mayıs 2018'de Avrupa'da yaşayan Türklerle buluşmak için Bosna-Hersek 'in başkenti Saraybosna 'da miting yaptı.
Meral Akşener,https://tr.wikipedia.org/wiki/Meral_Ak%C5%9Fener,1,2018 Türkiye genel seçimleri#32: Seçim kararı alındıktan sonra Meral Akşener önderliğinde kurulan İYİ Parti 'nin seçime katılıp katılamayacağı konusu tartışılmaya başladı.
1 | Mustafa Destici'de,https://tr.wikipedia.org/wiki/Mustafa_Destici,1,2018 Türkiye genel seçimleri#40: Kontenjanda Büyük Birlik Partisi Genel Başkanı Mustafa Destici'de yer aldı.
Türkiye İşçi Partisi'ne U:(https://tr.wikipedia.org/wiki/T%C3%BCrkiye_%C4%B0%C5%9F%C3%A7i_Partisi_(2017))___ ayrıldı. ___E:SYKP,https://tr.wikipedia.org/wiki/Sosyalist_Yeniden_Kurulu%C5%9F_Partisi,1,2018 Türkiye genel seçimleri#44: Halkların Demokratik Partisi listelerinin 2 sırası Türkiye İşçi Partisi'ne ayrıldı.
Bosna-Hersek,https://tr.wikipedia.org/wiki/Bosna-Hersek,1,2018 Türkiye genel seçimleri#49: Ayrıca 20 Mayıs 2018'de Avrupa'da yaşayan Türklerle buluşmak için Bosna-Hersek 'in başkenti Saraybosna 'da miting yaptı.
Cumhurbaşkanlığı seçiminin,https://tr.wikipedia.org/wiki/2018_T%C3%BCrkiye_cumhurba%C5%9Fkanl%C4%B1%C4%9F%C4%B1_se%C3%A7imi,1,"2018 Türkiye genel seçimleri#3: 2018 Türkiye genel seçimleri , 24 Haziran 2018'de yapılan ve Türkiye Büyük Millet Meclisinin 27. döneminin 600 yeni üyesinin belirlendiği seçimlerdir."
anayasa değişikliğinin,https://tr.wikipedia.org/wiki/Ba%C5%9Fkanl%C4%B1k_sistemi,1,"2018 Türkiye genel seçimleri#4: Seçimlerin erkene alınmasının nedeni, Cumhurbaşkanı Recep Tayyip Erdoğan ve MHP Genel Başkanı Devlet Bahçeli tarafından 2017 referandumda kabul gören anayasa değişikliğinin yürürlüğe girmesi için daha fazla beklenmemesi gerekçe olarak gösterilmiştir."
Tülay Hatimoğulları,https://tr.wikipedia.org/wiki/T%C3%BClay_Hatimo%C4%9Fullar%C4%B1,1,2018 Türkiye genel seçimleri#44: Halkların Demokratik Partisi listelerinin 2 sırası Türkiye İşçi Partisi'ne ayrıldı.
olağanüstü hâl,https://tr.wikipedia.org/wiki/Ola%C4%9Fan%C3%BCst%C3%BC_h%C3%A2l,1,2018 Türkiye genel seçimleri#6: 2016 Türkiye askerî darbe girişiminin ardından ülkede olağanüstü hâl ilan edildi.
27. döneminin,https://tr.wikipedia.org/wiki/TBMM_27._d%C3%B6nem_milletvekilleri_listesi,1,"2018 Türkiye genel seçimleri#3: 2018 Türkiye genel seçimleri , 24 Haziran 2018'de yapılan ve Türkiye Büyük Millet Meclisinin 27. döneminin 600 yeni üyesinin belirlendiği seçimlerdir."
Amerika Birleşik Devletleri Dışişleri Bakanlığı U:(https://tr.wikipedia.org/wiki/D%C4%B1%C5%9Fi%C5%9Fleri_Bakanl%C4%B1%C4%9F%C4%B1_(Amerika_Birle%C5%9Fik_Devletleri))___ Sözcüsü ___E:Heather Nauert,https://tr.wikipedia.org/wiki/Heather_Nauert,1,"2018 Türkiye genel seçimleri#30: Erken seçim kararının açıklanmasından iki gün sonra Amerika Birleşik Devletleri Dışişleri Bakanlığı Sözcüsü Heather Nauert , olağanüstü hâl yürürlükteyken özgür, adil ve şeffaf bir seçim düzenlemenin zor olduğunu belirtti."
Gotlar,https://tr.wikipedia.org/wiki/Gotlar,1,"Trabzon#16: Roma İmparatoru Hadrianus döneminde restore edilen kent, Trajan döneminde Pontus Kapadokyası eyaletinin başkenti olmuş ve kente yeni bir liman inşa edilmiştir."
"David Komninos U:(https://tr.wikipedia.org/wiki/David_(Trabzon_imparatoru))___ iktidarı döneminde (1458-1461) vergi ödemeyi durdurarak, önceden ödediklerini de Akkoyunlu Devleti Sultanı ___E:Uzun Hasan",https://tr.wikipedia.org/wiki/Uzun_Hasan,1,Trabzon#21: I.
Avrupa Konseyi Parlamenter Meclisi,https://tr.wikipedia.org/wiki/Avrupa_Konseyi_Parlamenter_Meclisi,1,"2018 Türkiye genel seçimleri#30: Erken seçim kararının açıklanmasından iki gün sonra Amerika Birleşik Devletleri Dışişleri Bakanlığı Sözcüsü Heather Nauert , olağanüstü hâl yürürlükteyken özgür, adil ve şeffaf bir seçim düzenlemenin zor olduğunu belirtti."
İsmail Kahraman,https://tr.wikipedia.org/wiki/%C4%B0smail_Kahraman,1,2018 Türkiye genel seçimleri#1: İsmail Kahraman AK Parti
Engin Altay,https://tr.wikipedia.org/wiki/Engin_Altay,1,"2018 Türkiye genel seçimleri#35: Cumhuriyet Halk Partisi sözcüsü Engin Altay , 22 Nisan 2018 tarihinde yaptığı açıklamayla YSK 'nın baskı altında olduğunu, seçimlerin ve demokrasinin sekteye uğramaması adına genel başkan Kemal Kılıçdaroğlu 'nun direktifiyle 15 CHP'li vekilin İYİ Parti 'ye geçtiğini açıkladı."
trablus,https://tr.wikipedia.org/wiki/Trablus,1,"Trabzon#81: İçte kamis , üzerine zibun (üçetek) belde peştamal, lahor veya trablus ."
Gelir Uzmanı ve Gelir Uzman Yardımcısı,https://tr.wikipedia.org/wiki/T%C3%BCrkiye%27de_gelir_uzman%C4%B1,1,"Gelir İdaresi Başkanlığı#7: Gelir İdaresi Başkanlığı, ülke genelinde 442 Vergi Dairesi ve 20.000 A kadro kariyer kadro Gelir Uzmanı ve Gelir Uzman Yardımcısı ve 22.126 büro memuru, şoför, güvenlik, veznedar ve hizmetli personel çalışanı ile kayıtlı vergi mükelleflerine yüz yüze ve internet ortamında hizmet vermektedir."
Türkiye Cumhuriyeti Hazine ve Maliye Bakanlığına,https://tr.wikipedia.org/wiki/T%C3%BCrkiye_Cumhuriyeti_Hazine_ve_Maliye_Bakanl%C4%B1%C4%9F%C4%B1,1,"Gelir İdaresi Başkanlığı#1: Gelir İdaresi Başkanlığı eski adıyla Gelirler Genel Müdürlüğü , vergiler ile diğer gelirleri tahsil etmekle sorumlu olan, Türkiye Cumhuriyeti Hazine ve Maliye Bakanlığına bağlı bir devlet kurumudur."
sayfayı yenileyin,https://tr.wikipedia.org/w/index.php?action=edit&redlink=1&title=Sualt%C4%B1_Sporlar%C4%B1_Federasyonu&venoscript=1,1,"""Sualtı Sporları Federasyonu"" sayfasını oluşturmaktasınız#2: Birkaç saniye sonra bu iletiyi görmeye devam ederseniz, lütfen sayfayı yenileyin ."
Resim Heykel Müzesi,https://tr.wikipedia.org/wiki/Gazi_%C3%9Cniversitesi_Resim_Heykel_M%C3%BCzesi,1,"Gazi Üniversitesi#34: Taşınmaz Kültür ve Tabiat Varlıkları Yüksek Kurulunun 1984 yılında aldığı kararla Gazi Üniversitesine devredilen bu bina, bugün üniversitenin Rektörlüğü, Gazi Eğitim Fakültesi Dekanlığı, laboratuvarlar, Resim Heykel Müzesi ve Sanat Galerisi olarak kullanılmaktadır, ayrıca binanın üstünde bir gözlemevi bulunmaktadır; ancak şu an faaliyette değildir."
Maltepe,https://tr.wikipedia.org/wiki/Maltepe,1,Gazi Üniversitesi#81: 1998 yılında Gazi Üniversitesi Vakfı Bünyesinde kurulan özel okullar Gazi Üniversitesi Maltepe Kampüsünde bulunmaktadır.
Gölbaşı,https://tr.wikipedia.org/w/index.php?title=Gazi_%C3%9Cniversitesi_G%C3%B6lba%C5%9F%C4%B1_Kamp%C3%BCs%C3%BC&action=edit&redlink=1,1,"Gazi Üniversitesi#3: Üniversitenin Beşevler , Emek , Maltepe , Gölbaşı ve Çubuk 'ta yerleşkeleri bulunmaktadır."
Rum Ortodoks,https://tr.wikipedia.org/wiki/Osmanl%C4%B1_Rumlar%C4%B1,1,"Trabzon#49: 1831 Osmanlı nüfus sayımına göre Trabzon merkez kazada 6.300, Vakfıkebir 19.512, Polathane'de ( Akçaabat ) 8.432, Yümerek'te ( Yomra ) 6.775, Tonya 'da 1.910, Sürmene 'de 12.985, Of'ta 18.940 erkek yaşamakta olup buna Trabzon sancağındaki 11.473 reaya eklenince toplam 86.327 erkek yaşamaktaydı."
askeri,https://tr.wikipedia.org/wiki/Askeri,1,Gazi Üniversitesi#74: Gazi Üniversitesi STARLAB (Semiconductor Technologies Advanced Research Laboratory) Yarı İletken Teknolojileri Araştırma Laboratuvarı 2001 yılında sivil ve askeri amaçlar için geliştirilecek elektro-optik cihazların temel malzemesi olan yarı iletken malzemelerin üretilmesi ve bu alanda araştırmacıların yetiştirilmesi amacıyla Devlet Planlama Teşkilatı desteğiyle kurulmuştur.
Fen,https://tr.wikipedia.org/wiki/Gazi_%C3%9Cniversitesi_Fen_Fak%C3%BCltesi,1,"Gazi Üniversitesi#2: Tıp , Diş Hekimliği , Eğitim , Fen , Mühendislik ve Teknoloji Fakültesi önemli fakülteleridir."
Beşevler,https://tr.wikipedia.org/wiki/Gazi_%C3%9Cniversitesi_Rekt%C3%B6rl%C3%BCk_Kamp%C3%BCs%C3%BC,1,"Gazi Üniversitesi#3: Üniversitenin Beşevler , Emek , Maltepe , Gölbaşı ve Çubuk 'ta yerleşkeleri bulunmaktadır."
köklü,https://gazi.edu.tr/view/page/169255/gazi-universitesi-tarihi,1,"Gazi Üniversitesi#1: Gazi Üniversitesi , Ankara 'da bulunan köklü bir devlet üniversitesidir."
davul,https://tr.wikipedia.org/wiki/Davul,1,"Trabzon#84: Trabzon bölgesinin geleneksel çalgıları şimşir kaval , kemençe , davul - zurna ve yörede zimpona , dankiyo adlarıyla da bilinen tulumdur ."
yerleşkesinde,https://tr.wikipedia.org/wiki/Yerle%C5%9Fke,1,Gazi Üniversitesi#33: Gazi Üniversitesinin merkez yerleşkesinde bulunan Gazi Üniversitesi Rektörlük binasının temeli 8 Ağustos 1927 yılında atılmış ve 1930 yıllarda da bitirilmiştir.
Trabzon Lisesi,https://tr.wikipedia.org/wiki/Trabzon_Merkez_Fen_Lisesi,1,"Trabzon#52: Kent, 1923 yılında yeni kurulan Türkiye Cumhuriyeti devletinin 61. il merkezi olarak yerini almış, 1926 yılında ilk Halk Kütüphanesi ve Ziraat Bankası , 1929'da Visera Hidroelektrik santrali , 1938'de Trabzon içme suyu tesisleri, 1942'de Trabzon Lisesi , 1947'de Trabzon Numune Hastanesi, 1949'da Göğüs Hastalıkları Hastanesi, 1954'te Trabzon limanı , 1957'de Trabzon Havaalanı , 1958'de SSK Hastanesi, 1964'te Ayasofya Müzesi , 1967'de çimento fabrikası açılmış, 1976 yılında Trabzonspor futbol takımı Türkiye 1. Ligi şampiyonluğunu kazanarak bu unvanı İstanbul'dan Anadolu 'ya taşımayı başaran ilk futbol takımı olmuştur."
Gazi Üniversitesi SK,https://tr.wikipedia.org/wiki/Gazi_%C3%9Cniversitesi_SK,1,Gazi ÜniversitesiCard#12: Gazi Üniversitesi SK
Musiki Muallim Mektebi,https://tr.wikipedia.org/wiki/Musiki_Muallim_Mektebi,1,Gazi Üniversitesi#8: Kurulacak bu enstitünün temel amacı yeni Türkiye'nin öğretmen ihtiyacını karşılamaktır.
Sanat Galerisi,https://tr.wikipedia.org/w/index.php?title=Gazi_%C3%9Cniversitesi_Sanat_Galerisi&action=edit&redlink=1,1,"Gazi Üniversitesi#34: Taşınmaz Kültür ve Tabiat Varlıkları Yüksek Kurulunun 1984 yılında aldığı kararla Gazi Üniversitesine devredilen bu bina, bugün üniversitenin Rektörlüğü, Gazi Eğitim Fakültesi Dekanlığı, laboratuvarlar, Resim Heykel Müzesi ve Sanat Galerisi olarak kullanılmaktadır, ayrıca binanın üstünde bir gözlemevi bulunmaktadır; ancak şu an faaliyette değildir."
Çankırı Karatekin,https://tr.wikipedia.org/wiki/%C3%87ank%C4%B1r%C4%B1_Karatekin_%C3%9Cniversitesi,1,"Gazi Üniversitesi#28: Bu okullar 2006 yılında kurulan Ahi Evran Üniversitesi , Kastamonu Üniversitesi , Hitit Üniversitesi , Nevşehir Üniversitesi ve Çankırı Karatekin Üniversitelerinin temellerini oluşturdu."
Ahi Evran Üniversitesi,https://tr.wikipedia.org/wiki/K%C4%B1r%C5%9Fehir_Ahi_Evran_%C3%9Cniversitesi,1,"Gazi Üniversitesi#28: Bu okullar 2006 yılında kurulan Ahi Evran Üniversitesi , Kastamonu Üniversitesi , Hitit Üniversitesi , Nevşehir Üniversitesi ve Çankırı Karatekin Üniversitelerinin temellerini oluşturdu."
Fen-Edebiyat Fakültesi,https://tr.wikipedia.org/wiki/Gazi_%C3%9Cniversitesi_Fen_Edebiyat_Fak%C3%BCltesi,1,"Gazi Üniversitesi#75: Bünyesinde 9 ileri araştırma laboratuvarı bulunan STARLAB ""İleri Araştırma ve Eğitim Programları"" projesi kapsamında Fen-Edebiyat Fakültesi Fizik Bölümünde kurulan bir laboratuvarlar bütünüdür."
enstitü,https://tr.wikipedia.org/wiki/Enstit%C3%BC,1,"Gazi Üniversitesi#7: Gazi Üniversitesinin kuruluşu, cumhuriyetin ilanından hemen sonra Mustafa Kemal Atatürk ve arkadaşlarının Ankara 'da bir enstitü kurulması girişimiyle başlar."
Gazi Yüksek Öğretmen Okulu,https://tr.wikipedia.org/w/index.php?title=Gazi_Y%C3%BCksek_%C3%96%C4%9Fretmen_Okulu&action=edit&redlink=1,1,"Gazi Üniversitesi#10: Gazi Eğitim Enstitüsüne bağlı olarak Müzik Eğitimi Bölümü 1937 yılında, 1941 yılında Fransızca Eğitimi, 1944 yılında İngilizce Eğitimi bölümü açıldı."
Emek,https://tr.wikipedia.org/w/index.php?title=Gazi_%C3%9Cniversitesi_Emek_Kamp%C3%BCs%C3%BC&action=edit&redlink=1,1,"Gazi Üniversitesi#3: Üniversitenin Beşevler , Emek , Maltepe , Gölbaşı ve Çubuk 'ta yerleşkeleri bulunmaktadır."
Kahramankazan,https://tr.wikipedia.org/wiki/Kahramankazan,1,"Gazi Üniversitesi#4: Bunların dışında Gazi Üniversitesinin Ankara OSTİM , Kahramankazan , Çankaya , Kızılay ve Polatlı ilçelerinde de meslek yüksekokulları ve yüksekokulları bulunmaktadır."
Kırım,https://tr.wikipedia.org/wiki/K%C4%B1r%C4%B1m_Hanl%C4%B1%C4%9F%C4%B1,1,"Trabzon#20: Trabzon imparatorları başlangıçta diğer Bizans (Doğu Roma) imparatorları gibi çift başlı (aetos) figürünü sembol olarak kullanmışlarsa da Latin işgalinin sona ermesi ve Konstantinopolis 'te yeniden yasal yönetimin iktidarı ele geçirmesiyle, bir çatışmaya sebebiyet vermemek için bugün Trabzon Ayasofya kapısının üzerinde rölyefi bulunan tek başlı kartal sembolünü tercih etmişlerdir."
gazi.edu.tr,https://www.gazi.edu.tr/,1,Gazi ÜniversitesiCard#13: gazi.edu.tr
Pontus Devleti,https://tr.wikipedia.org/wiki/Pontus,1,Trabzon#46: Canlı bir ticaret kenti olan Trabzon'un köklü Rum ve Müslüman ailelerden oluşan eşrafı aktif olarak siyasetle uğraşmaktaydı.
Yükseköğretim Kurumları Teşkilatı,https://tr.wikipedia.org/w/index.php?title=Y%C3%BCksek%C3%B6%C4%9Fretim_Kurumlar%C4%B1_Te%C5%9Fkilat%C4%B1&action=edit&redlink=1,1,"Gazi Üniversitesi#23: Akademiyi oluşturan Ekonomi, İşletme, Maliye ve Yönetim Bilimleri Fakülteleri, Mali Bilimler ve Muhasebe Yüksekokulu ile Bankacılık ve Sigortacılık Yüksekokulu, 1982 yılında Yükseköğretim Kurumları Teşkilatı Hakkında Kanun Hükmünde Kararname'nin değiştirilerek kabulüne dair 2809 sayılı kanunla, Gazi Üniversitesi bünyesine alınarak bugünkü İktisadi ve İdari Bilimler Fakültesi 'ni oluşturmuştur."
Mühendislik,https://tr.wikipedia.org/wiki/Gazi_%C3%9Cniversitesi_M%C3%BChendislik_Fak%C3%BCltesi,1,"Gazi Üniversitesi#2: Tıp , Diş Hekimliği , Eğitim , Fen , Mühendislik ve Teknoloji Fakültesi önemli fakülteleridir."
Kızılay,https://tr.wikipedia.org/wiki/K%C4%B1z%C4%B1lay,1,"Gazi Üniversitesi#4: Bunların dışında Gazi Üniversitesinin Ankara OSTİM , Kahramankazan , Çankaya , Kızılay ve Polatlı ilçelerinde de meslek yüksekokulları ve yüksekokulları bulunmaktadır."
Nevşehir Üniversitesi,https://tr.wikipedia.org/wiki/Nev%C5%9Fehir_Hac%C4%B1_Bekta%C5%9F_Veli_%C3%9Cniversitesi,1,"Gazi Üniversitesi#28: Bu okullar 2006 yılında kurulan Ahi Evran Üniversitesi , Kastamonu Üniversitesi , Hitit Üniversitesi , Nevşehir Üniversitesi ve Çankırı Karatekin Üniversitelerinin temellerini oluşturdu."
Devlet,https://tr.wikipedia.org/wiki/Devlet_%C3%BCniversitesi,1,Gazi ÜniversitesiCard#3: Devlet
Yükseköğretim Kurulu,https://tr.wikipedia.org/wiki/Y%C3%BCksek%C3%B6%C4%9Fretim_Kurulu,1,Gazi ÜniversitesiCard#5: Yükseköğretim Kurulu
OSTİM,https://tr.wikipedia.org/wiki/OST%C4%B0M,1,"Gazi Üniversitesi#4: Bunların dışında Gazi Üniversitesinin Ankara OSTİM , Kahramankazan , Çankaya , Kızılay ve Polatlı ilçelerinde de meslek yüksekokulları ve yüksekokulları bulunmaktadır."
tahrir,https://tr.wikipedia.org/wiki/Tahrir,1,"Trabzon#29: Trabzon, Osmanlı döneminde de gerek Doğu Anadolu ve İran 'ın gerekse Baharat yolu 'nun Batı'ya açıldığı liman kenti olarak stratejik önemini sürdürmüş dahası İran ve Kafkasya seferlerinde askeri üs noktası olarak kullanılmıştır."
Çubuk,https://tr.wikipedia.org/w/index.php?title=Gazi_%C3%9Cniversitesi_%C3%87ubuk_Kamp%C3%BCs%C3%BC&action=edit&redlink=1,1,"Gazi Üniversitesi#3: Üniversitenin Beşevler , Emek , Maltepe , Gölbaşı ve Çubuk 'ta yerleşkeleri bulunmaktadır."
Maltepe,https://tr.wikipedia.org/wiki/Gazi_%C3%9Cniversitesi_Maltepe_Kamp%C3%BCs%C3%BC,1,"Gazi Üniversitesi#3: Üniversitenin Beşevler , Emek , Maltepe , Gölbaşı ve Çubuk 'ta yerleşkeleri bulunmaktadır."
Devlet Planlama Teşkilatı,https://tr.wikipedia.org/wiki/Devlet_Planlama_Te%C5%9Fkilat%C4%B1,1,Gazi Üniversitesi#74: Gazi Üniversitesi STARLAB (Semiconductor Technologies Advanced Research Laboratory) Yarı İletken Teknolojileri Araştırma Laboratuvarı 2001 yılında sivil ve askeri amaçlar için geliştirilecek elektro-optik cihazların temel malzemesi olan yarı iletken malzemelerin üretilmesi ve bu alanda araştırmacıların yetiştirilmesi amacıyla Devlet Planlama Teşkilatı desteğiyle kurulmuştur.
Pontus Kapadokyası,https://tr.wikipedia.org/w/index.php?title=Pontus_Kapadokyas%C4%B1&action=edit&redlink=1,1,"Trabzon#16: Roma İmparatoru Hadrianus döneminde restore edilen kent, Trajan döneminde Pontus Kapadokyası eyaletinin başkenti olmuş ve kente yeni bir liman inşa edilmiştir."
Uğur Ünal,https://tr.wikipedia.org/wiki/U%C4%9Fur_%C3%9Cnal,1,Gazi ÜniversitesiCard#6: Prof.
Hitit Üniversitesi,https://tr.wikipedia.org/wiki/Hitit_%C3%9Cniversitesi,1,"Gazi Üniversitesi#28: Bu okullar 2006 yılında kurulan Ahi Evran Üniversitesi , Kastamonu Üniversitesi , Hitit Üniversitesi , Nevşehir Üniversitesi ve Çankırı Karatekin Üniversitelerinin temellerini oluşturdu."
böcek,https://tr.wikipedia.org/wiki/B%C3%B6cek,1,Gazi Üniversitesi#46: Müzenin böcek ve diğer karasal eklem bacaklıları içine alan koleksiyonunda yaklaşık 300.000 civarında örnek bulunmaktadır.
Mimar Kemaleddin,https://tr.wikipedia.org/wiki/Mimar_Kemaleddin,1,Gazi Üniversitesi#33: Gazi Üniversitesinin merkez yerleşkesinde bulunan Gazi Üniversitesi Rektörlük binasının temeli 8 Ağustos 1927 yılında atılmış ve 1930 yıllarda da bitirilmiştir.
Mümin Deligezer,https://tr.wikipedia.org/w/index.php?title=M%C3%BCmin_Deligezer&action=edit&redlink=1,1,Gazi Üniversitesi#73: Endüstri sekterliğinin Mümin Deligezer yapmaktadır.
Gazi Üniversitesi Eczacılık Fakültesi,https://tr.wikipedia.org/wiki/Gazi_%C3%9Cniversitesi_Eczac%C4%B1l%C4%B1k_Fak%C3%BCltesi,1,Gazi Üniversitesi#24: 1968 yılında Anadolu Eczacılık Özel Yüksekokulu olarak faaliyete başlayan okul 1982 Gazi Üniversitesi Eczacılık Fakültesi adıyla üniversiteye bağlanmıştır.
sivil,https://tr.wikipedia.org/wiki/Sivil,1,Gazi Üniversitesi#74: Gazi Üniversitesi STARLAB (Semiconductor Technologies Advanced Research Laboratory) Yarı İletken Teknolojileri Araştırma Laboratuvarı 2001 yılında sivil ve askeri amaçlar için geliştirilecek elektro-optik cihazların temel malzemesi olan yarı iletken malzemelerin üretilmesi ve bu alanda araştırmacıların yetiştirilmesi amacıyla Devlet Planlama Teşkilatı desteğiyle kurulmuştur.
Kastamonu Üniversitesi,https://tr.wikipedia.org/wiki/Kastamonu_%C3%9Cniversitesi,1,"Gazi Üniversitesi#28: Bu okullar 2006 yılında kurulan Ahi Evran Üniversitesi , Kastamonu Üniversitesi , Hitit Üniversitesi , Nevşehir Üniversitesi ve Çankırı Karatekin Üniversitelerinin temellerini oluşturdu."
devlet,https://tr.wikipedia.org/wiki/Devlet,1,"Gazi Üniversitesi#1: Gazi Üniversitesi , Ankara 'da bulunan köklü bir devlet üniversitesidir."
Gazi Eğitim Fakültesi,https://tr.wikipedia.org/w/index.php?title=Gazi_%C4%B0lk_Muallim_Mektebi&action=edit&redlink=1,1,Gazi Üniversitesi#33: Gazi Üniversitesinin merkez yerleşkesinde bulunan Gazi Üniversitesi Rektörlük binasının temeli 8 Ağustos 1927 yılında atılmış ve 1930 yıllarda da bitirilmiştir.
okulöncesi,https://tr.wikipedia.org/w/index.php?title=Okul%C3%B6ncesi&action=edit&redlink=1,1,Gazi Üniversitesi#83: 1950 yılından beri hizmet veren Gazi Üniversitesi Anaokulları okulöncesi eğitimde farklı modellerin denendiği ve birçok başarılı meslek elemanı yetiştiren öncü kuruluşlardan biridir.
sayfayı yenileyin,https://tr.wikipedia.org/w/index.php?action=edit&redlink=1&title=Mill%C3%AE_Emlak_Genel_M%C3%BCd%C3%BCrl%C3%BC%C4%9F%C3%BC&venoscript=1,1,"""Millî Emlak Genel Müdürlüğü"" sayfasını oluşturmaktasınız#2: Birkaç saniye sonra bu iletiyi görmeye devam ederseniz, lütfen sayfayı yenileyin ."
Sadrazam Âli Paşa,https://tr.wikipedia.org/wiki/Mehmed_Emin_%C3%82l%C3%AE_Pa%C5%9Fa,1,Ankara Üniversitesi Siyasal Bilgiler Fakültesi#4: Okulun resmi adı “ Mekteb-i Fünun-u Mülkiye ” idi.
Vefa’daki,"https://tr.wikipedia.org/wiki/Vefa,_Fatih",1,"Ankara Üniversitesi Siyasal Bilgiler Fakültesi#16: Okul, 1862'de Ticarethane'den başka bir daireye; 1864'te Fatih'teki ""Nuri Efendi Konağı""’na taşındı."
Zeynep Hanım Konağı,https://tr.wikipedia.org/wiki/Zeynep_Han%C4%B1m_Kona%C4%9F%C4%B1,1,Ankara Üniversitesi Siyasal Bilgiler Fakültesi#37: 1900 yılında Dârülfünûn ’un dört şubesi Mülkiye Mektebinin çatısı altında açılmıştı.
Yıldız,"https://tr.wikipedia.org/wiki/Y%C4%B1ld%C4%B1z,_Be%C5%9Fikta%C5%9F",1,"Ankara Üniversitesi Siyasal Bilgiler Fakültesi#6: Daha sonra okul, Yıldız 'da bugün Yıldız Teknik Üniversitesi Yıldız Yerleşkesi olarak kullanılan bölgeye taşınmıştır."
Beyazıt’ta,https://tr.wikipedia.org/wiki/Beyaz%C4%B1t,1,Ankara Üniversitesi Siyasal Bilgiler Fakültesi#37: 1900 yılında Dârülfünûn ’un dört şubesi Mülkiye Mektebinin çatısı altında açılmıştı.
Cağaloğlu Anadolu Lisesi,https://tr.wikipedia.org/wiki/Ca%C4%9Falo%C4%9Flu_Anadolu_Lisesi,1,"Ankara Üniversitesi Siyasal Bilgiler Fakültesi#22: Müşir Ali Nizamî Paşa “ Mektep Nazırlığı ”’na getirildi; açılan sınav sonucu birinci sınıfa (idadi kısmına) 50 kişi, ve 4. sınıfa (okulun âli kısmına) 13 öğrenci kabul edildi; okul Eminönü 'ndeki eski Maarif Nezareti binasına taşındı ve 1908’e kadar orada kaldı (Binada hâlen Cağaloğlu Anadolu Lisesi bulunmaktadır)."
Fındıklı,"https://tr.wikipedia.org/wiki/F%C4%B1nd%C4%B1kl%C4%B1,_Beyo%C4%9Flu",1,"Ankara Üniversitesi Siyasal Bilgiler Fakültesi#47: Okul binası, Yıldız Sarayı ’ndaki Yaveran Dairesi’nin bir bölümü idi."
Yıldız Sarayı,https://tr.wikipedia.org/wiki/Y%C4%B1ld%C4%B1z_Saray%C4%B1,1,"Ankara Üniversitesi Siyasal Bilgiler Fakültesi#47: Okul binası, Yıldız Sarayı ’ndaki Yaveran Dairesi’nin bir bölümü idi."
Şalpazarı,https://tr.wikipedia.org/wiki/%C5%9Ealpazar%C4%B1,1,"Trabzon#67: Şalpazarı , Ağasar vadisindeki Çepniler yöreye 13.-14. yüzyıllar arasında yerleştiler."
Mithat Paşa,https://tr.wikipedia.org/wiki/Midhat_Pa%C5%9Fa,1,Ankara Üniversitesi Siyasal Bilgiler Fakültesi#17: Mülkiye Mektebinin bir şubesi 1866’da Bosna ’da Mithat Paşa tarafından açıldı.
Ernst Arnold Egli,https://tr.wikipedia.org/wiki/Ernst_Arnold_Egli,1,"Ankara Üniversitesi Siyasal Bilgiler Fakültesi#54: Yapının mimarı, Avusturya kökenli İsviçreli mimar, kent plancı ve eğitimci olan Ernst Arnold Egli ’ye yaptırılan bina, 1936 yılının Ekim ayında okul müdürlüğüne teslim edildi."
zimpona,https://tr.wikipedia.org/w/index.php?title=Zimpona&action=edit&redlink=1,1,"Trabzon#84: Trabzon bölgesinin geleneksel çalgıları şimşir kaval , kemençe , davul - zurna ve yörede zimpona , dankiyo adlarıyla da bilinen tulumdur ."
Kolbastı,https://tr.wikipedia.org/wiki/Kolbast%C4%B1,1,Trabzon#85: Sayısız çeşidi olup kadın ve erkekler tarafından toplu oynanan geleneksel dansların adı ise horondur .
Ayaspaşa’dan,https://tr.wikipedia.org/wiki/Ayaspa%C5%9Fa,1,Ankara Üniversitesi Siyasal Bilgiler Fakültesi#55: 5 Kasım 1936’da okulun öğrencileri şehir bandosu eşliğinde Ayaspaşa’dan Taksim ’e yürüdüler ve Haydarpaşa Garı ’ndan kalkan özel bir trenle Ankara’ya hareket ettiler.
Yıldız Teknik Üniversitesi Yıldız Yerleşkesi,https://tr.wikipedia.org/wiki/Y%C4%B1ld%C4%B1z_Teknik_%C3%9Cniversitesi_Y%C4%B1ld%C4%B1z_Yerle%C5%9Fkesi,1,"Ankara Üniversitesi Siyasal Bilgiler Fakültesi#6: Daha sonra okul, Yıldız 'da bugün Yıldız Teknik Üniversitesi Yıldız Yerleşkesi olarak kullanılan bölgeye taşınmıştır."
Bosna,https://tr.wikipedia.org/wiki/Bosna,1,Ankara Üniversitesi Siyasal Bilgiler Fakültesi#17: Mülkiye Mektebinin bir şubesi 1866’da Bosna ’da Mithat Paşa tarafından açıldı.
siyaset bilimi,https://tr.wikipedia.org/wiki/Siyaset_bilimi,1,"Ankara Üniversitesi Siyasal Bilgiler Fakültesi#1: Ankara Üniversitesi Siyasal Bilgiler Fakültesi ( Mekteb-i Mülkiye-i Fünun-u Şahane , Mekteb-i Mülkiye veya kısaca Mülkiye ), Ankara Üniversitesi Cebeci Yerleşkesi'nde eğitim ve öğretim veren, Ankara Üniversitesine bağlı bir fakültedir."
Edebiyat,https://tr.wikipedia.org/wiki/Edebiyat,1,Ankara Üniversitesi Siyasal Bilgiler Fakültesi#32: İdadi kısım Mercan'daki binaya yerleşerek “ Mercan İdadisi ” adını aldı.
iktisadın,https://tr.wikipedia.org/wiki/%C4%B0ktisat,1,"Ankara Üniversitesi Siyasal Bilgiler Fakültesi#1: Ankara Üniversitesi Siyasal Bilgiler Fakültesi ( Mekteb-i Mülkiye-i Fünun-u Şahane , Mekteb-i Mülkiye veya kısaca Mülkiye ), Ankara Üniversitesi Cebeci Yerleşkesi'nde eğitim ve öğretim veren, Ankara Üniversitesine bağlı bir fakültedir."
Tarihçi Murat Bey,https://tr.wikipedia.org/wiki/Mizanc%C4%B1_Murad,1,"Ankara Üniversitesi Siyasal Bilgiler Fakültesi#24: Abdurrahman Şeref Efendi’nin, Galatasaray Sultanisi müdürlüğüne getirilmesi üzerine yerine gelen Hacı Recai Bey Meşrutiyet’in İlanı ile emekli edilinceye kadar geçen 14 sene boyunca okulun müdürlüğünü sürdürdü."
Mülkiye,https://tr.wikipedia.org/wiki/M%C3%BClkiye,1,"Ankara Üniversitesi Siyasal Bilgiler FakültesiCard#3: Mekteb-i Mülkiye-i Fünun-u Şahane, Mülkiye , Siyasal Bilgiler Okulu"
yükseköğrenim,https://tr.wikipedia.org/wiki/Y%C3%BCksek%C3%B6%C4%9Frenim,1,"Ankara Üniversitesi Siyasal Bilgiler Fakültesi#1: Ankara Üniversitesi Siyasal Bilgiler Fakültesi ( Mekteb-i Mülkiye-i Fünun-u Şahane , Mekteb-i Mülkiye veya kısaca Mülkiye ), Ankara Üniversitesi Cebeci Yerleşkesi'nde eğitim ve öğretim veren, Ankara Üniversitesine bağlı bir fakültedir."
Matematik,https://tr.wikipedia.org/wiki/Matematik,1,Ankara Üniversitesi Siyasal Bilgiler Fakültesi#32: İdadi kısım Mercan'daki binaya yerleşerek “ Mercan İdadisi ” adını aldı.
Ankara Garı,https://tr.wikipedia.org/wiki/Ankara_Gar%C4%B1,1,Ankara Üniversitesi Siyasal Bilgiler Fakültesi#56: Ertesi gün Ankara Garı ’ndan Muhafız Alayı Bandosu eşliğinde Ulus 'a yürüyüş yapıldı; korteji hükûmet ve meclis adına TBMM Başkanı Mustafa Abdülhalik Renda karşıladı.
Mülkiye Marşı,https://tr.wikipedia.org/wiki/M%C3%BClkiye_Mar%C5%9F%C4%B1,1,"Ankara Üniversitesi Siyasal Bilgiler Fakültesi#60: Mülkiye Marşı , bazı kaynaklarda Vatan Marşı olarak da geçmektedir."
Eminönü,https://tr.wikipedia.org/wiki/Emin%C3%B6n%C3%BC,1,"Ankara Üniversitesi Siyasal Bilgiler Fakültesi#22: Müşir Ali Nizamî Paşa “ Mektep Nazırlığı ”’na getirildi; açılan sınav sonucu birinci sınıfa (idadi kısmına) 50 kişi, ve 4. sınıfa (okulun âli kısmına) 13 öğrenci kabul edildi; okul Eminönü 'ndeki eski Maarif Nezareti binasına taşındı ve 1908’e kadar orada kaldı (Binada hâlen Cağaloğlu Anadolu Lisesi bulunmaktadır)."
Cemal Edhem (Yeşil),https://tr.wikipedia.org/wiki/Cemal_Ye%C5%9Fil,1,"Ankara Üniversitesi Siyasal Bilgiler Fakültesi#61: Bestesi Musa Süreyya Bey 'e, güftesi ise Cemal Edhem (Yeşil) 'e ait olan Mülkiye Marşı'nın sözleri şu şekildedir:"
Cağaloğlu’ndaki,https://tr.wikipedia.org/wiki/Ca%C4%9Falo%C4%9Flu,1,"Ankara Üniversitesi Siyasal Bilgiler Fakültesi#38: Mülkiye, 1912’de ise diğer şubelerden ayrılarak Cağaloğlu’ndaki ""Hasan Fehmi Paşa Konağı""’na taşındı."
Darülfünun Hukuk Mektebi,https://tr.wikipedia.org/wiki/%C4%B0stanbul_%C3%9Cniversitesi_Hukuk_Fak%C3%BCltesi,1,Ankara Üniversitesi Siyasal Bilgiler Fakültesi#42: Kapatılma nedenleri arasında savaş nedeniyle bütçede tasarrufa gidilmek istenmesi; Mülkiye’deki ders programının Darülfünun Hukuk Mektebi 'nde daha kuvvetli okutulduğu görüşünün mebus ve nazırlar arasında yaygın olması ve uzun süre Sultan II.
Abdülmecid,https://tr.wikipedia.org/wiki/Abd%C3%BClmecid,1,"Ankara Üniversitesi Siyasal Bilgiler Fakültesi#2: 1859 yılında ( Abdülmecid devrinde) İstanbul ’da kurulan Mekteb-i Mülkiye, cumhuriyet devrinde Ankara ’ya taşınmıştır ve günümüzde, Ankara Üniversitesi Siyasal Bilgiler Fakültesi ne dönüşmüş olarak eğitimini sürdürmektedir."
Recaizade Ekrem Bey,https://tr.wikipedia.org/wiki/Recaizade_Mahmud_Ekrem,1,"Ankara Üniversitesi Siyasal Bilgiler Fakültesi#24: Abdurrahman Şeref Efendi’nin, Galatasaray Sultanisi müdürlüğüne getirilmesi üzerine yerine gelen Hacı Recai Bey Meşrutiyet’in İlanı ile emekli edilinceye kadar geçen 14 sene boyunca okulun müdürlüğünü sürdürdü."
politics.ankara.edu.tr,http://www.politics.ankara.edu.tr/index.php,1,Ankara Üniversitesi Siyasal Bilgiler FakültesiCard#9: politics.ankara.edu.tr
İlahiyat,https://tr.wikipedia.org/wiki/%C4%B0lahiyat,1,Ankara Üniversitesi Siyasal Bilgiler Fakültesi#32: İdadi kısım Mercan'daki binaya yerleşerek “ Mercan İdadisi ” adını aldı.
Taksim,https://tr.wikipedia.org/wiki/Taksim_Meydan%C4%B1,1,Ankara Üniversitesi Siyasal Bilgiler Fakültesi#55: 5 Kasım 1936’da okulun öğrencileri şehir bandosu eşliğinde Ayaspaşa’dan Taksim ’e yürüdüler ve Haydarpaşa Garı ’ndan kalkan özel bir trenle Ankara’ya hareket ettiler.
Jeoloji,https://tr.wikipedia.org/wiki/Jeoloji,1,Ankara Üniversitesi Siyasal Bilgiler Fakültesi#32: İdadi kısım Mercan'daki binaya yerleşerek “ Mercan İdadisi ” adını aldı.
Talat Paşa,https://tr.wikipedia.org/wiki/Talat_Pa%C5%9Fa,1,Ankara Üniversitesi Siyasal Bilgiler Fakültesi#43: Savaşın son yılında devrin sadrazamı ve dahiliye nazırı Talat Paşa ’nın isteği üzerine “ Mekteb-i Mülkiye’nin Yeniden Tesisi ” hakkında bir kanun teklifi hazırlanıp mecliste kabul edildi.
Kabataş’taki,"https://tr.wikipedia.org/wiki/Kabata%C5%9F,_Beyo%C4%9Flu",1,"Ankara Üniversitesi Siyasal Bilgiler Fakültesi#47: Okul binası, Yıldız Sarayı ’ndaki Yaveran Dairesi’nin bir bölümü idi."
Mustafa Abdülhalik Renda,https://tr.wikipedia.org/wiki/Abd%C3%BClhalik_Renda,1,Ankara Üniversitesi Siyasal Bilgiler Fakültesi#56: Ertesi gün Ankara Garı ’ndan Muhafız Alayı Bandosu eşliğinde Ulus 'a yürüyüş yapıldı; korteji hükûmet ve meclis adına TBMM Başkanı Mustafa Abdülhalik Renda karşıladı.
Siyasal Bilgiler Okulu,https://tr.wikipedia.org/wiki/Siyasal_Bilgiler_Fak%C3%BCltesi,1,"Ankara Üniversitesi Siyasal Bilgiler FakültesiCard#3: Mekteb-i Mülkiye-i Fünun-u Şahane, Mülkiye , Siyasal Bilgiler Okulu"
Erzurum,https://tr.wikipedia.org/wiki/Erzurum,1,"Trabzon#112: Trabzon il merkezinden başlayarak, Zigana Geçidi üzerinden Gümüşhane'ye oradan Kop Geçidini aşarak Erzurum 'a bağlanan yol ise eski önemini kaybetmiştir."
Fatih,https://tr.wikipedia.org/wiki/Fatih,1,"Ankara Üniversitesi Siyasal Bilgiler Fakültesi#3: Osmanlı Devleti 'nde ilk Mekteb-i Mülkiye; devletin idârî kademelerinde görev alacak kimseleri yetiştirmek maksadıyla, İstanbul ’da Fatih semtinde, “ Ticarethane ” denen yerde kuruldu."
Haydarpaşa Garı,https://tr.wikipedia.org/wiki/Haydarpa%C5%9Fa_Gar%C4%B1,1,Ankara Üniversitesi Siyasal Bilgiler Fakültesi#55: 5 Kasım 1936’da okulun öğrencileri şehir bandosu eşliğinde Ayaspaşa’dan Taksim ’e yürüdüler ve Haydarpaşa Garı ’ndan kalkan özel bir trenle Ankara’ya hareket ettiler.
Bin Umut Adayları,https://tr.wikipedia.org/wiki/Bin_Umut_Adaylar%C4%B1,1,2007 Türkiye genel seçimleri#29: ANAVATAN aday listelerini geç verdiği gerekçesiyle genel seçimlere de katılamadı.
Tonya,https://tr.wikipedia.org/wiki/Tonya,1,"Trabzon#49: 1831 Osmanlı nüfus sayımına göre Trabzon merkez kazada 6.300, Vakfıkebir 19.512, Polathane'de ( Akçaabat ) 8.432, Yümerek'te ( Yomra ) 6.775, Tonya 'da 1.910, Sürmene 'de 12.985, Of'ta 18.940 erkek yaşamakta olup buna Trabzon sancağındaki 11.473 reaya eklenince toplam 86.327 erkek yaşamaktaydı."
Genelkurmay Başkanlığının,https://tr.wikipedia.org/wiki/Genelkurmay_Ba%C5%9Fkanl%C4%B1%C4%9F%C4%B1,1,2007 Türkiye genel seçimleri#16: Aynı günün gece saatlerinde Genelkurmay Başkanlığının internet sitesinde laiklik uyarısı içeren bir mesaj yayınlandı ( E-muhtıra ).
Hürriyet ve Değişim Partisi,https://tr.wikipedia.org/wiki/H%C3%BCrriyet_ve_De%C4%9Fi%C5%9Fim_Partisi,1,"2007 Türkiye genel seçimleri#25: Hürriyet ve Değişim Partisi , Demokratik Sol Parti , Demokratik Toplum Partisi ve Sosyaldemokrat Halk Partisi seçime katılma hakları olmasına rağmen seçime katılmayacaklarını açıkladılar."
Demokratik Toplum Partisi,https://tr.wikipedia.org/wiki/Demokratik_Toplum_Partisi,1,"2007 Türkiye genel seçimleri#25: Hürriyet ve Değişim Partisi , Demokratik Sol Parti , Demokratik Toplum Partisi ve Sosyaldemokrat Halk Partisi seçime katılma hakları olmasına rağmen seçime katılmayacaklarını açıkladılar."
Trabzon Üniversitesi,https://tr.wikipedia.org/wiki/Trabzon_%C3%9Cniversitesi,1,"Trabzon#107: Günümüzde Trabzon ilinde; 815 ilköğretim okulu, 86 lise ve dengi okul ile 20 Mayıs 1955 tarihinde öğretime açılan Karadeniz Teknik Üniversitesi , 2011 yılında öğretime açılan Özel Avrasya Üniversitesi ve 18.05.2018 tarihli ve 30425 sayılı Resmî Gazetede yayımlanan 7141 sayılı kanun ile Trabzon Akçaabat'ta kurulan Trabzon Üniversitesi bulunmaktadır."
Veli Mahmud Paşa,https://tr.wikipedia.org/wiki/Veli_Mahmud_Pa%C5%9Fa,1,"Trabzon#22: Bunun üzerine Fatih Sultan Mehmet 23 Mart 1461'de Edirne'den sefere çıkmış ve bir süre denizden kuşatılan şehir, Trabzon kralı David Komninos'un Veli Mahmud Paşa 'nın yakını olan başmabeyincisi Yorgi Amiruki 'nin aracılığıyla direnmeden teslim olmuştur."
Karadeniz Sahil Yolu,https://tr.wikipedia.org/wiki/D_010,1,"Trabzon#111: Ulaşımda nakit para ve ""Trabzon Kart"" isimli akıllı kartla ödeme sistemi kullanılmaktadır."
Kazancık cemaati,https://tr.wikipedia.org/w/index.php?title=Kazanc%C4%B1k_cemaati&action=edit&redlink=1,1,"Trabzon#33: Celali ayaklanmaları , Kazancık cemaati gibi soyguncu aşiretler, yolsuzluk yapan sancak beyleri, bölgeyi arpalık olarak kullanan beylerbeyleri ( Ahmet Paşa , 1603 gibi), 1624, 1625, 1631 yıllarındaki Kazak yağmaları ve 18. ve 19. yüzyılda Rizeli Tuzcuoğlu Memiş Ağa ve Sürmeneli Deli Ahmet Ağa gibi ayanlıktan gelme yerel derebeylerin ayaklanmaları bu dönemin önemli olaylarıdır."
Resmi Gazete,https://tr.wikipedia.org/wiki/T.C._Resm%C3%AE_Gazete,1,2007 Türkiye genel seçimleri#24: Değişikliği yapan 5659 sayılı yasanın Resmi Gazete 'de yayınlanarak yürürlüğe girmesiyle bağımsız adayların isimleri ilk kez bu seçimde birleşik oy pusulalarında yer aldı.
DEHAP,https://tr.wikipedia.org/wiki/DEHAP,1,2007 Türkiye genel seçimleri#29: ANAVATAN aday listelerini geç verdiği gerekçesiyle genel seçimlere de katılamadı.
askeri rüştiye,https://tr.wikipedia.org/w/index.php?title=Askeri_r%C3%BC%C5%9Ftiye&action=edit&redlink=1,1,"Trabzon#106: Osmanlı İmparatorluğunun son döneminde Trabzon'da eğitim kuruluşu olarak sekiz medrese , eğitim süresi dört yıl olan beş adet ilkokul , bir adet sanat yurdu, bir adet askeri rüştiye , bir adet idadi ve bir adet Darülmuallimin bulunmaktaydı."
Ayasofya U:(https://tr.wikipedia.org/wiki/Ayasofya_(Trabzon))___ kapısının üzerinde rölyefi bulunan tek başlı kartal sembolünü tercih etmişlerdir. ___E:Cenevizliler,https://tr.wikipedia.org/wiki/Ceneviz_Cumhuriyeti,1,"Trabzon#20: Trabzon imparatorları başlangıçta diğer Bizans (Doğu Roma) imparatorları gibi çift başlı (aetos) figürünü sembol olarak kullanmışlarsa da Latin işgalinin sona ermesi ve Konstantinopolis 'te yeniden yasal yönetimin iktidarı ele geçirmesiyle, bir çatışmaya sebebiyet vermemek için bugün Trabzon Ayasofya kapısının üzerinde rölyefi bulunan tek başlı kartal sembolünü tercih etmişlerdir."
Ortak Bağımsız Aday Platformu,https://tr.wikipedia.org/wiki/Ortak_Ba%C4%9F%C4%B1ms%C4%B1z_Aday_Platformu,1,"2007 Türkiye genel seçimleri#39: Sol görüşlü küçük partilerin ve herhangi bir partiyle bağlantısı olmayan gerçekten bağımsız adayların bir araya gelerek kurduğu Ortak Bağımsız Aday Platformu , bu seçimlerde bağımsız adayların büyük çaplı bir iş birliği oldu."
TBMM 23. dönem,https://tr.wikipedia.org/wiki/TBMM_23._d%C3%B6nem_milletvekilleri_listesi,1,"2007 Türkiye genel seçimleri#3: 2007 Türkiye genel seçimleri , 22 Temmuz 2007 tarihinde TBMM 23. dönem üyelerini belirlemek için yapılan seçimdir."
Sosyaldemokrat Halk Partisi,https://tr.wikipedia.org/wiki/Sosyaldemokrat_Halk_Partisi,1,"2007 Türkiye genel seçimleri#25: Hürriyet ve Değişim Partisi , Demokratik Sol Parti , Demokratik Toplum Partisi ve Sosyaldemokrat Halk Partisi seçime katılma hakları olmasına rağmen seçime katılmayacaklarını açıkladılar."
almanca,https://tr.wikipedia.org/wiki/Almanca,1,Bakırköy Anadolu LisesiCard#8: İngilizce almanca
Marmara Depremi,https://tr.wikipedia.org/wiki/Marmara_Depremi,1,Bakırköy Anadolu Lisesi#7: 17 Ağustos 1999 Marmara Depremi ile büyük derecede hasar gören bina yıkıldığı için 1999-2000 öğretim dönemi Bakırköy Gürlek Nakioğlu Lisesi 'nde yürütülmüştür.
Bakırköy Gürlek Nakioğlu Lisesi,https://tr.wikipedia.org/w/index.php?title=Bak%C4%B1rk%C3%B6y_G%C3%BCrlek_Nakio%C4%9Flu_Lisesi&action=edit&redlink=1,1,Bakırköy Anadolu Lisesi#7: 17 Ağustos 1999 Marmara Depremi ile büyük derecede hasar gören bina yıkıldığı için 1999-2000 öğretim dönemi Bakırköy Gürlek Nakioğlu Lisesi 'nde yürütülmüştür.
kemençe,https://tr.wikipedia.org/wiki/Kemen%C3%A7e,1,"Trabzon#84: Trabzon bölgesinin geleneksel çalgıları şimşir kaval , kemençe , davul - zurna ve yörede zimpona , dankiyo adlarıyla da bilinen tulumdur ."
Kartaltepe İlkokulu,https://tr.wikipedia.org/w/index.php?title=Kartaltepe_%C4%B0lkokulu&action=edit&redlink=1,1,Bakırköy Anadolu Lisesi#4: Fakat eğitimin yapılacağı okul binasını bulmak konusunda sorun yaşanmıştır.
Ertuğrul Özkaya,https://tr.wikipedia.org/w/index.php?title=Ertu%C4%9Frul_%C3%96zkaya&action=edit&redlink=1,1,Bakırköy Anadolu LisesiCard#6: Ertuğrul Özkaya
Yavuz Evler İlkokulu,https://tr.wikipedia.org/w/index.php?title=Yavuz_Evler_%C4%B0lkokulu&action=edit&redlink=1,1,Bakırköy Anadolu Lisesi#4: Fakat eğitimin yapılacağı okul binasını bulmak konusunda sorun yaşanmıştır.
Anadolu Lisesi,https://tr.wikipedia.org/wiki/Anadolu_Lisesi,1,Bakırköy Anadolu LisesiCard#5: Anadolu Lisesi
www.bakirkoylisesi.k12.tr,http://www.bakirkoylisesi.k12.tr/,1,Bakırköy Anadolu LisesiCard#10: www.bakirkoylisesi.k12.tr
Türkiye Sosyalist İşçi Partisi,https://tr.wikipedia.org/wiki/T%C3%BCrkiye_Sosyalist_%C4%B0%C5%9F%C3%A7i_Partisi,1,"Haziran 2015 Türkiye genel seçimleri#47: 6 Nisan 2015 tarihinde Türkiye Sosyalist İşçi Partisi (TSİP) ve Devrimci Halk Partisi (DEV-PARTİ), yapılan seçimlerde Cumhuriyet Halk Partisi 'ni (CHP) destekleme kararı aldıklarını açıkladılar."
Halkın Kurtuluş Partisi,https://tr.wikipedia.org/wiki/Halk%C4%B1n_Kurtulu%C5%9F_Partisi,1,"Haziran 2015 Türkiye genel seçimleri#45: 15 Nisan'da açıklanan geçici aday listelerine göre Adalet ve Kalkınma Partisi , Anadolu Partisi , Bağımsız Türkiye Partisi , Cumhuriyet Halk Partisi , Demokrat Parti , Demokratik Sol Parti , Halkın Kurtuluş Partisi , Halkların Demokratik Partisi , Komünist Parti , Milliyetçi Hareket Partisi , Millet Partisi , Saadet Partisi ve Vatan Partisi 85, Hak ve Özgürlükler Partisi 75, Merkez Parti 73, Liberal Demokrat Parti 58, Doğru Yol Partisi ve Yurt Partisi 56, Toplumsal Uzlaşma Reform ve Kalkınma Partisi 55, Hak ve Adalet Partisi 43 seçim çevresinde aday göstererek seçime girdi."
Merve Kavakçı,https://tr.wikipedia.org/wiki/Merve_Kavakc%C4%B1,1,Haziran 2015 Türkiye genel seçimleri#64: Milletvekili seçilen 21 başörtülü milletvekili ilk kez Meclis kürsüsünde yemin etti.
Mousterien,https://tr.wikipedia.org/wiki/Musteryen,1,"Trabzon#7: Bölgede çeşitli dönemlerde yapılan arkeolojik kazı ve yüzey taramalarında Yontma Taş (Alt Paleolitik dönem) Çağı'na ait Acheulien ve Mousterien tipi (el baltaları, kazıyıcılar, yonga aletler), Orta Taş Çağı (Mezolitik) 'e ait mağaralar Kalkolitik Çağ 'a ait yerleşim izlerine rastlanmıştır."
Devlet Malzeme Ofisinden,https://tr.wikipedia.org/wiki/Devlet_Malzeme_Ofisi,1,Haziran 2015 Türkiye genel seçimleri#15: 12 Nisan 2015 tarihinde Devlet Malzeme Ofisinden yapılan açıklamada toplam 56.6 milyon seçmen için 74 milyon adet oy pusulası basıldığı belirtildi.
Fazilet Partisi,https://tr.wikipedia.org/wiki/Fazilet_Partisi,1,Haziran 2015 Türkiye genel seçimleri#64: Milletvekili seçilen 21 başörtülü milletvekili ilk kez Meclis kürsüsünde yemin etti.
Sena Nur Çelik,https://tr.wikipedia.org/wiki/Sena_Nur_%C3%87elik,1,Haziran 2015 Türkiye genel seçimleri#64: Milletvekili seçilen 21 başörtülü milletvekili ilk kez Meclis kürsüsünde yemin etti.
Ayşe Nur Bahçekapılı,https://tr.wikipedia.org/wiki/Ay%C5%9Fe_Nur_Bah%C3%A7ekap%C4%B1l%C4%B1,1,"Haziran 2015 Türkiye genel seçimleri#53: AK Parti görüşme heyetinde Başbakan Yardımcısı Numan Kurtulmuş , Kültür ve Turizm Bakanı Ömer Çelik , Kalkınma Bakanı Cevdet Yılmaz ve AK Parti İstanbul Milletvekili Ayşe Nur Bahçekapılı 'nın görüşmede olacakları açıklandı."
Hayri Gür Spor Salonu,https://tr.wikipedia.org/wiki/Hayri_G%C3%BCr_Spor_Salonu,1,"Trabzon#105: Önemli spor tesisleri: Akyazı Stadyumu (41.460), Hayri Gür Spor Salonu (7.500), M.Akif Ersoy Olimpik Yüzme Havuzu (1.400)."
ilkokul,https://tr.wikipedia.org/wiki/%C4%B0lkokul,1,"Trabzon#106: Osmanlı İmparatorluğunun son döneminde Trabzon'da eğitim kuruluşu olarak sekiz medrese , eğitim süresi dört yıl olan beş adet ilkokul , bir adet sanat yurdu, bir adet askeri rüştiye , bir adet idadi ve bir adet Darülmuallimin bulunmaktaydı."
24. genel seçimleridir,https://tr.wikipedia.org/wiki/T%C3%BCrkiye%27de_se%C3%A7imler,1,"Haziran 2015 Türkiye genel seçimleri#4: Seçim, Türkiye Cumhuriyeti siyasi tarihi 'nin 24. genel seçimleridir ."
Lütfiye Selva Çam,https://tr.wikipedia.org/wiki/L%C3%BCtfiye_Selva_%C3%87am,1,Haziran 2015 Türkiye genel seçimleri#64: Milletvekili seçilen 21 başörtülü milletvekili ilk kez Meclis kürsüsünde yemin etti.
Türkiye Cumhuriyeti siyasi tarihi,https://tr.wikipedia.org/wiki/T%C3%BCrkiye_siyasi_tarihi,1,"Haziran 2015 Türkiye genel seçimleri#4: Seçim, Türkiye Cumhuriyeti siyasi tarihi 'nin 24. genel seçimleridir ."
İçişleri Bakanlığı,https://tr.wikipedia.org/wiki/T%C3%BCrkiye_Cumhuriyeti_%C4%B0%C3%A7i%C5%9Fleri_Bakanl%C4%B1%C4%9F%C4%B1,1,Haziran 2015 Türkiye genel seçimleri#19: 14 Nisan 2015 tarihinde İçişleri Bakanlığı seçim güvenliği ile ilgili genelge yayınladı.
Yusuf Halaçoğlu,https://tr.wikipedia.org/wiki/Yusuf_Hala%C3%A7o%C4%9Flu,1,Haziran 2015 Türkiye genel seçimleri#38: Seçimlerden önce Yusuf Halaçoğlu 'nun dağılımın seçmen sayısına göre yapılması için verdiği kanun teklifi kabul edilmedi.
Liberal Demokrat Parti,https://tr.wikipedia.org/wiki/Liberal_Demokrat_Parti,1,"Haziran 2015 Türkiye genel seçimleri#45: 15 Nisan'da açıklanan geçici aday listelerine göre Adalet ve Kalkınma Partisi , Anadolu Partisi , Bağımsız Türkiye Partisi , Cumhuriyet Halk Partisi , Demokrat Parti , Demokratik Sol Parti , Halkın Kurtuluş Partisi , Halkların Demokratik Partisi , Komünist Parti , Milliyetçi Hareket Partisi , Millet Partisi , Saadet Partisi ve Vatan Partisi 85, Hak ve Özgürlükler Partisi 75, Merkez Parti 73, Liberal Demokrat Parti 58, Doğru Yol Partisi ve Yurt Partisi 56, Toplumsal Uzlaşma Reform ve Kalkınma Partisi 55, Hak ve Adalet Partisi 43 seçim çevresinde aday göstererek seçime girdi."
kamis,https://tr.wikipedia.org/wiki/Kamis,1,"Trabzon#81: İçte kamis , üzerine zibun (üçetek) belde peştamal, lahor veya trablus ."
Hak ve Eşitlik Partisi,https://tr.wikipedia.org/wiki/Hak_ve_E%C5%9Fitlik_Partisi,1,"Haziran 2015 Türkiye genel seçimleri#44: Bunun dışında Halkın Yükselişi Partisi , Muhafazakâr Yükseliş Partisi , Genç Parti ve Türkiye Komünist Partisi de milletvekili aday listelerini YSK'ya getirmediler."
"Komünist Parti U:(https://tr.wikipedia.org/wiki/Kom%C3%BCnist_Parti_(T%C3%BCrkiye))___ tarafından yapılan itiraz kabul edilmiş, partinin seçime girme yeterliliğine sahip olduğu kararlaştırılmıştır. 15 Şubat 2015 tarihinde düzenlediği kongrede ismini olarak değiştirmiş ve ___E:Alternatif Parti",https://tr.wikipedia.org/wiki/Alternatif_Parti,1,"Haziran 2015 Türkiye genel seçimleri#40: İlk yayınlanan listede yer almamasına rağmen, YSK'ya Komünist Parti tarafından yapılan itiraz kabul edilmiş, partinin seçime girme yeterliliğine sahip olduğu kararlaştırılmıştır."
peştamal,https://tr.wikipedia.org/wiki/Pe%C5%9Ftemal,1,"Trabzon#78: İçte kamis adı verilen yakasız Trabzon bezinden gömlek, başta keşan peştamal, alltta etek veya üçetek elbise ( zibun ) ve rengi yöreden yöreye değişen peştamal vardır."
"Faik Öztrak U:(https://tr.wikipedia.org/wiki/Faik_%C3%96ztrak_(siyaset%C3%A7i,_1954))___ ile İstanbul Milletvekili ___E:Akif Hamzaçebi",https://tr.wikipedia.org/wiki/Akif_Hamza%C3%A7ebi,1,"Haziran 2015 Türkiye genel seçimleri#54: CHP görüşme heyetinde CHP Genel Başkan Yardımcıları Haluk Koç , Selin Sayek Böke ve Faik Öztrak ile İstanbul Milletvekili Akif Hamzaçebi görüşmede olacakları açıklandı."
Özgürlük ve Dayanışma Partisi,https://tr.wikipedia.org/wiki/%C3%96zg%C3%BCrl%C3%BCk_ve_Dayan%C4%B1%C5%9Fma_Partisi,1,"Haziran 2015 Türkiye genel seçimleri#43: Seçime girme hakkı olan Özgürlük ve Dayanışma Partisi seçimlere girmeyip ""ilerici güçleri"" destekleyeceğinden, Emek Partisi Halkların Demokratik Partisi ile ittifak kararı aldığından, Büyük Birlik Partisi ile Saadet Partisi ile ittifak yaptığından , Demokratik Gelişim Partisi genel başkan istifasından dolayı seçime girmeyeceklerinden aday listesi sunmadılar."
Batum,https://tr.wikipedia.org/wiki/Batum,1,Trabzon#28: Trabzon sancağı 1582 yılında merkezi Batum olan Lazistan Sancağı ile birleştirilerek eyalete dönüştürülmüş ve Trabzon bu yeni idari birimin merkezi olmuştur.
Hak ve Adalet Partisi,https://tr.wikipedia.org/wiki/Hak_ve_Adalet_Partisi,1,"Haziran 2015 Türkiye genel seçimleri#45: 15 Nisan'da açıklanan geçici aday listelerine göre Adalet ve Kalkınma Partisi , Anadolu Partisi , Bağımsız Türkiye Partisi , Cumhuriyet Halk Partisi , Demokrat Parti , Demokratik Sol Parti , Halkın Kurtuluş Partisi , Halkların Demokratik Partisi , Komünist Parti , Milliyetçi Hareket Partisi , Millet Partisi , Saadet Partisi ve Vatan Partisi 85, Hak ve Özgürlükler Partisi 75, Merkez Parti 73, Liberal Demokrat Parti 58, Doğru Yol Partisi ve Yurt Partisi 56, Toplumsal Uzlaşma Reform ve Kalkınma Partisi 55, Hak ve Adalet Partisi 43 seçim çevresinde aday göstererek seçime girdi."
Avustralya,https://tr.wikipedia.org/wiki/Avustralya,1,Haziran 2015 Türkiye genel seçimleri#12: İlk oy saat farkı nedeniyle Avustralya 'daki sandıklarda kullanıldı.
Millet Partisi,https://tr.wikipedia.org/wiki/Millet_Partisi,1,"Haziran 2015 Türkiye genel seçimleri#45: 15 Nisan'da açıklanan geçici aday listelerine göre Adalet ve Kalkınma Partisi , Anadolu Partisi , Bağımsız Türkiye Partisi , Cumhuriyet Halk Partisi , Demokrat Parti , Demokratik Sol Parti , Halkın Kurtuluş Partisi , Halkların Demokratik Partisi , Komünist Parti , Milliyetçi Hareket Partisi , Millet Partisi , Saadet Partisi ve Vatan Partisi 85, Hak ve Özgürlükler Partisi 75, Merkez Parti 73, Liberal Demokrat Parti 58, Doğru Yol Partisi ve Yurt Partisi 56, Toplumsal Uzlaşma Reform ve Kalkınma Partisi 55, Hak ve Adalet Partisi 43 seçim çevresinde aday göstererek seçime girdi."
Haziran 2015 Türkiye genel seçimleri için yapılan anketler,https://tr.wikipedia.org/wiki/Haziran_2015_T%C3%BCrkiye_genel_se%C3%A7imleri_i%C3%A7in_yap%C4%B1lan_anketler,1,Haziran 2015 Türkiye genel seçimleri#49: Bu anketlerden bazılarının sonuçları Haziran 2015 Türkiye genel seçimleri için yapılan anketler sayfasında toplanmıştır.
Vatikan,https://tr.wikipedia.org/wiki/Vatikan,1,"Trabzon#19: Komninos Hanedanı 'dan Aleksios Latin işgali nedeniyle Trabzon'a gelerek teyzesi Gürcü Kraliçesi Tamar 'ın desteğiyle kendini Roma İmparatoru ilan etmişse de Batı özellikle Vatikan , Trabzon İmparatorunu küçümseyerek ""Laz hükümdarı"" olarak tanımlamıştır."
2014 Türkiye nüfus sayımı,https://tr.wikipedia.org/wiki/2014_T%C3%BCrkiye_n%C3%BCfus_say%C4%B1m%C4%B1,1,Haziran 2015 Türkiye genel seçimleri#27: 5 Şubat 2015 tarihinde Yüksek Seçim Kurulu 2014 Türkiye nüfus sayımı sonuçlarına göre illerin çıkartabildiği milletvekili sayılarını açıklamıştır.
işletme,https://tr.wikipedia.org/wiki/%C4%B0%C5%9Fletme,1,"Ekonomist#2: Bunlara ek olarak ekonomistler; bankacılık , finans , muhasebe , ticaret , pazarlama , işletme , lobicilik sektörlerinde görev alabilmektedirler."
pazarlama,https://tr.wikipedia.org/wiki/Pazarlama,1,"Ekonomist#2: Bunlara ek olarak ekonomistler; bankacılık , finans , muhasebe , ticaret , pazarlama , işletme , lobicilik sektörlerinde görev alabilmektedirler."
sosyal bilimlerin,https://tr.wikipedia.org/wiki/Sosyal_bilimler,1,"Ekonomist#1: Ekonomist veya iktisatçı , sosyal bilimlerin bir dalı olan ekonomi alanında uzmanlaşan kişi."
lobicilik,https://tr.wikipedia.org/wiki/Lobicilik,1,"Ekonomist#2: Bunlara ek olarak ekonomistler; bankacılık , finans , muhasebe , ticaret , pazarlama , işletme , lobicilik sektörlerinde görev alabilmektedirler."
finans,https://tr.wikipedia.org/wiki/Finans,1,"Ekonomist#2: Bunlara ek olarak ekonomistler; bankacılık , finans , muhasebe , ticaret , pazarlama , işletme , lobicilik sektörlerinde görev alabilmektedirler."
muhasebe,https://tr.wikipedia.org/wiki/Muhasebe,1,"Ekonomist#2: Bunlara ek olarak ekonomistler; bankacılık , finans , muhasebe , ticaret , pazarlama , işletme , lobicilik sektörlerinde görev alabilmektedirler."
Trabzon bezinden,https://tr.wikipedia.org/w/index.php?title=Trabzon_bezi&action=edit&redlink=1,1,"Trabzon#78: İçte kamis adı verilen yakasız Trabzon bezinden gömlek, başta keşan peştamal, alltta etek veya üçetek elbise ( zibun ) ve rengi yöreden yöreye değişen peştamal vardır."
"Antalyaspor U:(https://tr.wikipedia.org/wiki/Antalyaspor_(futbol_tak%C4%B1m%C4%B1))___ 'a, 1461 Trabzon 5.turda ___E:Ümraniyespor",https://tr.wikipedia.org/wiki/%C3%9Cmraniyespor,1,"Trabzon#102: Yomraspor 4.turda Antalyaspor 'a, 1461 Trabzon 5.turda Ümraniyespor 'a elenmiştir."
Sakarya,https://tr.wikipedia.org/wiki/Sakarya,1,"2002 Türkiye genel seçimleri#49: Milliyetçi Hareket Partisi lideri Devlet Bahçeli aday olduğu Osmaniye 'den %29,19 (58.622), ANAP lideri Mesut Yılmaz aday olduğu Rize 'den %28,58 (46.577), Genç Parti lideri Cem Uzan aday olduğu Sakarya 'dan %25,21 (108.822) ve Doğru Yol Partisi lideri Tansu Çiller aday olduğu Muğla 'dan %22,66 (87.454) oy almalarına rağmen partileri baraja takıldığından milletvekili seçilemediler."
Siirt U:(https://tr.wikipedia.org/wiki/Siirt_(il))___ 'in ___E:Pervari,https://tr.wikipedia.org/wiki/Pervari,1,"2002 Türkiye genel seçimleri#54: Adalet ve Kalkınma Partisi, Siirt 'in Pervari ilçesine bağlı Doğanköy'de sandık kurullarının oluşturulmaması ve bir sandığın kırılması nedeniyle Siirt'teki seçimlerin iptali için Yüksek Seçim Kuruluna başvurdu."
Osman Durmuş,https://tr.wikipedia.org/wiki/Osman_Durmu%C5%9F,1,2002 Türkiye genel seçimleri#36: Dönemin Sağlık Bakanı Osman Durmuş 'un Yunanistan ve Ermenistan 'ın yardımlarını kabul etmemesi büyük tepki çekti ve Durmuş'un istifası istendi.
Rahşan Affı,https://tr.wikipedia.org/wiki/Rah%C5%9Fan_Aff%C4%B1,1,"2002 Türkiye genel seçimleri#32: Bu davaların büyük bir kısmı, kamuoyunda "" Rahşan Affı "" olarak bilinen Şartlı Salıverme ve Erteleme Yasası ile cezasız sonuçlandı."
ABD Başkanı,https://tr.wikipedia.org/wiki/Amerika_Birle%C5%9Fik_Devletleri_ba%C5%9Fkan%C4%B1,1,"2002 Türkiye genel seçimleri#37: Dönemin ABD Başkanı Bill Clinton , eşi ve kızı ile birlikte İzmit'e gelerek Doğukışla'daki çadır kentini ziyaret etti."
1997,https://tr.wikipedia.org/wiki/1997_Asya_mali_krizi,1,"2002 Türkiye genel seçimleri#19: 1997 - 1998 yılında Asya ekonomilerinde meydana gelen ekonomik kriz, Türkiye'yi de etkiledi ve Uzak Doğu sermayeli şirketler ülkeyi terk etmeye başladı."
Muğla,https://tr.wikipedia.org/wiki/Mu%C4%9Fla,1,"2002 Türkiye genel seçimleri#49: Milliyetçi Hareket Partisi lideri Devlet Bahçeli aday olduğu Osmaniye 'den %29,19 (58.622), ANAP lideri Mesut Yılmaz aday olduğu Rize 'den %28,58 (46.577), Genç Parti lideri Cem Uzan aday olduğu Sakarya 'dan %25,21 (108.822) ve Doğru Yol Partisi lideri Tansu Çiller aday olduğu Muğla 'dan %22,66 (87.454) oy almalarına rağmen partileri baraja takıldığından milletvekili seçilemediler."
58. Hükûmetin,https://tr.wikipedia.org/wiki/58._T%C3%BCrkiye_H%C3%BCk%C3%BBmeti,1,"2002 Türkiye genel seçimleri#53: 14 Kasım 2002 tarihinde Cumhurbaşkanı Ahmet Necdet Sezer ile Adalet ve Kalkınma Partisi Genel Başkanı Recep Tayyip Erdoğan arasındaki görüşmeden sonra, Erdoğan'ın milletvekili olmaması nedeniyle, 16 Kasım 2002 tarihinde Adalet ve Kalkınma Partisi genel başkan yardımcısı Abdullah Gül , Sezer tarafından hükûmeti kurmakla görevlendirildi."
Mervan Gül,https://tr.wikipedia.org/wiki/Mervan_G%C3%BCl,1,"2002 Türkiye genel seçimleri#56: İptal kararıyla, 3 Kasım'daki seçimde Siirt'ten milletvekili seçilen, AK Parti'den Mervan Gül , CHP'den Ekrem Bilek ile bağımsız Fadıl Akgündüz 'ün üyelikleri düştü."
Halkın Demokrasi Partisi,https://tr.wikipedia.org/wiki/Halk%C4%B1n_Demokrasi_Partisi,1,"2002 Türkiye genel seçimleri#41: Demokrat Türkiye Partisi ve Aydınlık Türkiye Partisi , Doğru Yol Partisi listelerinden, Halkın Demokrasi Partisi , Emek Partisi ve Sosyalist Demokrasi Partisi de Demokratik Halk Partisi listelerinden seçime girdiler."
Ahmet Metin Genç,https://tr.wikipedia.org/wiki/Ahmet_Metin_Gen%C3%A7,1,TrabzonCard#2: Ahmet Metin Genç ( AK Parti )
Murat Bozlak,https://tr.wikipedia.org/wiki/Murat_Bozlak,1,"2002 Türkiye genel seçimleri#42: Erdoğan ile birlikte kapatılan Refah Partisi (RP) Genel Başkanı Necmettin Erbakan , Sosyalist Demokrasi Partisi (SDP) Lideri Akın Birdal ve Halkın Demokrasi Partisi (HADEP) eski Genel Başkanı Murat Bozlak 'ın da aralarında bulunduğu 60 kişinin adaylığı YSK tarafından reddedildi."
Bill Clinton,https://tr.wikipedia.org/wiki/Bill_Clinton,1,"2002 Türkiye genel seçimleri#37: Dönemin ABD Başkanı Bill Clinton , eşi ve kızı ile birlikte İzmit'e gelerek Doğukışla'daki çadır kentini ziyaret etti."
Ekrem Bilek,https://tr.wikipedia.org/w/index.php?title=Ekrem_Bilek&action=edit&redlink=1,1,"2002 Türkiye genel seçimleri#56: İptal kararıyla, 3 Kasım'daki seçimde Siirt'ten milletvekili seçilen, AK Parti'den Mervan Gül , CHP'den Ekrem Bilek ile bağımsız Fadıl Akgündüz 'ün üyelikleri düştü."
Aydınlık Türkiye Partisi,https://tr.wikipedia.org/wiki/Ayd%C4%B1nl%C4%B1k_T%C3%BCrkiye_Partisi,1,"2002 Türkiye genel seçimleri#41: Demokrat Türkiye Partisi ve Aydınlık Türkiye Partisi , Doğru Yol Partisi listelerinden, Halkın Demokrasi Partisi , Emek Partisi ve Sosyalist Demokrasi Partisi de Demokratik Halk Partisi listelerinden seçime girdiler."
Abhaza,https://tr.wikipedia.org/wiki/Abhazya,1,"Trabzon#35: 1859-1864 yılları arasında Kuzey Kafkasya'da süregelen Kafkas-Rus savaşı, Çerkes ve Abhaza halklarının yenilgisi ile sonuçlanmış ve şehre çok sayıda göçmenin yığılmasına yol açmıştır."
Hüsamettin Özkan,https://tr.wikipedia.org/wiki/H%C3%BCsamettin_%C3%96zkan,1,2002 Türkiye genel seçimleri#9: Tartışmalar Demokratik Sol Parti 'nin (DSP) içine de yansıdı; 8 Temmuz'da Hüsamettin Özkan 'ın Başbakan Yardımcılığı ve DSP'den ayrılmasıyla başlayan istifa dalgasıyla temmuz ayı içinde DSP meclis grubunun sayısı yarı yarıya düştü.
1461 Trabzon FK,https://tr.wikipedia.org/wiki/1461_Trabzon_FK,1,"Trabzon#98: Trabzon'un 3. Lig takımlarından 1461 Trabzon FK 2. Lige çıkarken, 1461 Trabzon küme düşmüştür."
Osmaniye,https://tr.wikipedia.org/wiki/Osmaniye,1,"2002 Türkiye genel seçimleri#49: Milliyetçi Hareket Partisi lideri Devlet Bahçeli aday olduğu Osmaniye 'den %29,19 (58.622), ANAP lideri Mesut Yılmaz aday olduğu Rize 'den %28,58 (46.577), Genç Parti lideri Cem Uzan aday olduğu Sakarya 'dan %25,21 (108.822) ve Doğru Yol Partisi lideri Tansu Çiller aday olduğu Muğla 'dan %22,66 (87.454) oy almalarına rağmen partileri baraja takıldığından milletvekili seçilemediler."
Fadıl Akgündüz,https://tr.wikipedia.org/wiki/Fad%C4%B1l_Akg%C3%BCnd%C3%BCz,1,"2002 Türkiye genel seçimleri#56: İptal kararıyla, 3 Kasım'daki seçimde Siirt'ten milletvekili seçilen, AK Parti'den Mervan Gül , CHP'den Ekrem Bilek ile bağımsız Fadıl Akgündüz 'ün üyelikleri düştü."
Dünya Bankası,https://tr.wikipedia.org/wiki/D%C3%BCnya_Bankas%C4%B1,1,"2002 Türkiye genel seçimleri#24: Mayıs 2001'de Kemal Derviş 'in açıkladığı ""Güçlü Ekonomiye Geçiş Programı"" ile IMF ve Dünya Bankası kredileriyle desteklenen program, ekonominin stabilizasyon sürecine girmesine yardımcı oldu."
komünist,https://tr.wikipedia.org/wiki/Kom%C3%BCnizm,1,"2002 Türkiye genel seçimleri#41: Demokrat Türkiye Partisi ve Aydınlık Türkiye Partisi , Doğru Yol Partisi listelerinden, Halkın Demokrasi Partisi , Emek Partisi ve Sosyalist Demokrasi Partisi de Demokratik Halk Partisi listelerinden seçime girdiler."
Keles,https://tr.wikipedia.org/wiki/Keles,1,"2002 Türkiye genel seçimleri#10: Bu gelişmeler sırasında koalisyon hükûmetinin ikinci büyük ortağı Milliyetçi Hareket Partisi 'nin (MHP) Genel Başkanı Devlet Bahçeli , 7 Temmuz 2002 günü, partisinin Bursa İl teşkilatının Keles ilçesinde düzenlediği 11. Kocayayla Türkmen Kurultayı'nda yaptığı açıklamada 3 Kasım 2002 tarihinde erken seçim yapılmasını istedi."
yeniçeri,https://tr.wikipedia.org/wiki/Yeni%C3%A7eri,1,"Trabzon#31: Bunun yanı sıra şehirde 400 yeniçeri , 203 kale muhafızı ile idareciler ve maiyetindeki insanlarda bulunmaktaydı."
Demokrat Türkiye Partisi,https://tr.wikipedia.org/wiki/Demokrat_T%C3%BCrkiye_Partisi,1,"2002 Türkiye genel seçimleri#41: Demokrat Türkiye Partisi ve Aydınlık Türkiye Partisi , Doğru Yol Partisi listelerinden, Halkın Demokrasi Partisi , Emek Partisi ve Sosyalist Demokrasi Partisi de Demokratik Halk Partisi listelerinden seçime girdiler."
Mehmet Ağar,https://tr.wikipedia.org/wiki/Mehmet_A%C4%9Far,1,"2002 Türkiye genel seçimleri#51: Elazığ'dan bağımsız milletvekili seçilerek TBMM'ye giren Mehmet Ağar , aralık ayında yapılan kongrede DYP Genel Başkanlığına seçildi."
Trabzon Belediye Tiyatrosu,https://tr.wikipedia.org/w/index.php?title=Trabzon_Belediye_Tiyatrosu&action=edit&redlink=1,1,Trabzon#87: Trabzon ilinde tiyatro etkinlikleri Trabzon Belediye Tiyatrosu ve Trabzon Devlet Tiyatrosu tarafından yürütülmektedir.
d'Hondt sistemi,https://tr.wikipedia.org/wiki/D%27Hondt_sistemi,1,"2002 Türkiye genel seçimleri#5: Türkiye genelinde uygulanan yüzde 10 seçim barajlı d'Hondt sistemi nedeniyle, seçime katılan 18 siyasi partiden yalnızca Adalet ve Kalkınma Partisi (AK Parti) ve Cumhuriyet Halk Partisi (CHP) bu barajı aşarak meclise milletvekili sokmayı başarmışlardır."
1998,https://tr.wikipedia.org/wiki/1998_Rusya_ekonomik_krizi,1,"2002 Türkiye genel seçimleri#19: 1997 - 1998 yılında Asya ekonomilerinde meydana gelen ekonomik kriz, Türkiye'yi de etkiledi ve Uzak Doğu sermayeli şirketler ülkeyi terk etmeye başladı."
Türkiye Büyük Millet Meclisi 22. dönem milletvekilleri,https://tr.wikipedia.org/wiki/TBMM_22._d%C3%B6nem_milletvekilleri_listesi,1,2002 Türkiye genel seçimleri#4: Bu genel seçim ile Türkiye Büyük Millet Meclisi 22. dönem milletvekilleri seçilmiştir.
Akın Birdal,https://tr.wikipedia.org/wiki/Ak%C4%B1n_Birdal,1,"2002 Türkiye genel seçimleri#42: Erdoğan ile birlikte kapatılan Refah Partisi (RP) Genel Başkanı Necmettin Erbakan , Sosyalist Demokrasi Partisi (SDP) Lideri Akın Birdal ve Halkın Demokrasi Partisi (HADEP) eski Genel Başkanı Murat Bozlak 'ın da aralarında bulunduğu 60 kişinin adaylığı YSK tarafından reddedildi."
bürokratik,https://tr.wikipedia.org/wiki/B%C3%BCrokratik,1,"Siyasetçi#2: Politikacı, herhangi bir bürokratik kurumda, politik iktidara ulaşmaya çalışan herhangi biri de olabilir."
Şerifler,https://tr.wikipedia.org/wiki/%C5%9Eerif,1,"Siyasetçi#4: Siyasetçilerin pozisyonları yerel ofislerden, bölgesel ve ulusal hükûmetlerin yürütme, yasama ve yargı dairelerine kadar uzanmaktadır."
hükûmette,https://tr.wikipedia.org/wiki/H%C3%BCk%C3%BBmet,1,"Siyasetçi#1: Siyasetçi veya politikacı , parti politikasında etkin olan bir kişi ya da hükûmette herhangi bir görevi elinde bulunduran bir kişi."
yozlaşmış,https://tr.wikipedia.org/wiki/Usuls%C3%BCzl%C3%BCk,1,"Siyasetçi#19: Politikacılar kamu işleri ve halk için çalışmak yerine, mal veya hizmet karşılığında para alarak rüşvetçi ve yozlaşmış olarak düşünülürler."
Osmanlı hakimiyetine,https://tr.wikipedia.org/wiki/Trabzon%27un_Fethi,1,"Trabzon#20: Trabzon imparatorları başlangıçta diğer Bizans (Doğu Roma) imparatorları gibi çift başlı (aetos) figürünü sembol olarak kullanmışlarsa da Latin işgalinin sona ermesi ve Konstantinopolis 'te yeniden yasal yönetimin iktidarı ele geçirmesiyle, bir çatışmaya sebebiyet vermemek için bugün Trabzon Ayasofya kapısının üzerinde rölyefi bulunan tek başlı kartal sembolünü tercih etmişlerdir."
politikasında,https://tr.wikipedia.org/wiki/Politika,1,"Siyasetçi#1: Siyasetçi veya politikacı , parti politikasında etkin olan bir kişi ya da hükûmette herhangi bir görevi elinde bulunduran bir kişi."
Tüm Liste,https://tr.wikipedia.org#Milletvekilleri,1,Cumhuriyet Halk PartisiCard#25: 138 / 600 Tüm Liste
1961 seçimlerinden,https://tr.wikipedia.org/wiki/1961_T%C3%BCrkiye_genel_se%C3%A7imleri,1,Cumhuriyet Halk Partisi#57: CHP 1961 seçimlerinden birinci parti olarak çıktı ve DP'nin halefi Adalet Partisi ile koalisyon kurdu.
çoğunluk sisteminden,https://tr.wikipedia.org/wiki/%C3%87o%C4%9Funluk_sistemi,1,"Cumhuriyet Halk Partisi#46: 1950'lerde uygulanan çoğunluk sisteminden dolayı, DP nispeten yakın oy oranları almasına rağmen açık ara farkla meclisi kazandı."
Finlandiya,https://tr.wikipedia.org/wiki/Finlandiya,1,Cumhuriyet Halk Partisi#126: Parti milletvekilleri hem Finlandiya 'nın hem de İsveç 'in NATO'ya katılımı lehine ezici bir çoğunlukla oy kullandılar.
2013 Türkiye yolsuzluk skandalının,https://tr.wikipedia.org/wiki/17-25_Aral%C4%B1k_Yolsuzluk_ve_R%C3%BC%C5%9Fvet_Operasyonu,1,"Cumhuriyet Halk Partisi#95: İlk doğrudan cumhurbaşkanlığı seçimi olan 2014 cumhurbaşkanlığı seçimi , 2013 Türkiye yolsuzluk skandalının ardından gerçekleştirildi."
koalisyon,https://tr.wikipedia.org/wiki/49._T%C3%BCrkiye_H%C3%BCk%C3%BBmeti,1,"Cumhuriyet Halk Partisi#73: 1991'den 1996'ya kadar SHP ve ardından CHP, DYP ile koalisyon hükûmet lerinde yer aldı."
Demokratik Sol,https://tr.wikipedia.org/wiki/Demokratik_sol,1,"Cumhuriyet Halk Partisi#60: Dönemin çalışma bakanı Bülent Ecevit , işçilere grev hakkı ve toplu sözleşme hakkı tanımada etkili oldu, partideki Demokratik Sol hareketin lideri olarak, CHP'nin Ortanın solu programını benimsemesine katkıda bulundu."
Haldia,https://tr.wikipedia.org/wiki/Haldia,1,Trabzon#18: Daha sonra yeni kurulan Haldia Bölgesinin ana kenti oldu.
devrimcilik,https://tr.wikipedia.org/wiki/Devrimcilik,1,"Cumhuriyet Halk Partisi#31: Bu dönemde parti tarihsel görüşlerden ayrılarak cumhuriyetçilik , milliyetçilik , laiklik , devrimcilik , halkçılık ve devletçilik ilkelerini benimsedi."
Türk milliyetçiliği,https://tr.wikipedia.org/wiki/T%C3%BCrk_milliyet%C3%A7ili%C4%9Fi,1,"Cumhuriyet Halk Partisi#29: Bu süreçte milliyetçilik ilkesinin benimsenmesi, Dil Devrimi ve sözdebilimsel teorilerin ( Güneş-Dil Teorisi ve Türk Tarih Tezi ) ortaya konulmasıyla Türk milliyetçiliği ideolojisi yayıldı."
Hatay Devleti,https://tr.wikipedia.org/wiki/Hatay_Devleti,1,"Cumhuriyet Halk Partisi#38: İnönü döneminde, ekonomiye devlet müdahalesi politikası benimsendi ve Köy Enstitüleri gibi kırsal kalkınma girişimleri yapıldı."
Halkçı Parti,https://tr.wikipedia.org/wiki/Halk%C3%A7%C4%B1_Parti,1,Cumhuriyet Halk Partisi#70: 1981 yılında Cumhuriyet Halk Partisi diğer tüm siyasi partilerle beraber kapatıldı.
Köy Enstitüleri,https://tr.wikipedia.org/wiki/K%C3%B6y_enstit%C3%BCs%C3%BC,1,"Cumhuriyet Halk Partisi#38: İnönü döneminde, ekonomiye devlet müdahalesi politikası benimsendi ve Köy Enstitüleri gibi kırsal kalkınma girişimleri yapıldı."
2024 yerel seçimlerinde,https://tr.wikipedia.org/wiki/2024_T%C3%BCrkiye_yerel_se%C3%A7imleri,1,"Cumhuriyet Halk Partisi#110: 2024 yılında Özgür Özel liderliğinde parti, 46 yıl aradan sonra birinci parti oldu ve ülke genelinde 22 yıl sonra ilk kez AK Parti'yi geçti."
Radikal Enternasyonal,https://tr.wikipedia.org/wiki/Radikal_ve_Benzeri_Demokratik_Partilerin_Uluslararas%C4%B1_Birli%C4%9Fi,1,Cumhuriyet Halk PartisiCard#22: Sosyalist Enternasyonal İlerici İttifak Tarihsel: Radikal Enternasyonal (ilişkili)
halkçılık,https://tr.wikipedia.org/wiki/Pop%C3%BClizm,1,"Cumhuriyet Halk Partisi#5: Logosu, Kemalizm 'in temel ilkelerini temsil eden Altı Ok 'tan oluşmaktadır: cumhuriyetçilik , inkılapçılık , laiklik , halkçılık , milliyetçilik ve devletçilik ."
laiklik,https://tr.wikipedia.org/wiki/T%C3%BCrkiye%27de_laiklik,1,"Cumhuriyet Halk Partisi#5: Logosu, Kemalizm 'in temel ilkelerini temsil eden Altı Ok 'tan oluşmaktadır: cumhuriyetçilik , inkılapçılık , laiklik , halkçılık , milliyetçilik ve devletçilik ."
Türk Dil Kurumu,https://tr.wikipedia.org/wiki/T%C3%BCrk_Dil_Kurumu,1,Cumhuriyet Halk Partisi#136: Fakat bankanın elde ettiği gelirin CHP'ye düşen kısmı partiye değil Türk Dil Kurumu 'na ve Türk Tarih Kurumu 'na aktarılmaktadır.
1957 seçimlerinde,https://tr.wikipedia.org/wiki/1957_T%C3%BCrkiye_genel_se%C3%A7imleri,1,Cumhuriyet Halk Partisi#53: CHP'nin 1957 seçimlerinde muhalefet partileriyle seçim ittifakı kurmasını engellendi.
Call of Duty: Black ops Cold War,https://tr.wikipedia.org/wiki/Call_of_Duty:_Black_Ops_Cold_War,1,Trabzon#109: Activision imzalı dünyaca ünlü savaş oyunu serisi Call of Duty 'nin Soğuk Savaş dönemini anlatan Call of Duty: Black ops Cold War oyununun bazı sahneleri Trabzon'da geçmektedir.
Bronz Çağı,https://tr.wikipedia.org/wiki/Tun%C3%A7_%C3%87a%C4%9F%C4%B1,1,"Trabzon#7: Bölgede çeşitli dönemlerde yapılan arkeolojik kazı ve yüzey taramalarında Yontma Taş (Alt Paleolitik dönem) Çağı'na ait Acheulien ve Mousterien tipi (el baltaları, kazıyıcılar, yonga aletler), Orta Taş Çağı (Mezolitik) 'e ait mağaralar Kalkolitik Çağ 'a ait yerleşim izlerine rastlanmıştır."
Karamanoğulları Beyliğinden,https://tr.wikipedia.org/wiki/Karamano%C4%9Fullar%C4%B1_Beyli%C4%9Fi,1,Trabzon#62: Fatih zamanında Oğuzlar 'ın Avşar boyundan olan Karamanoğulları Beyliğinden gelen Türkmenler ile Halep-Irak bölgesinden gelen Türkmenler de Trabzon'a yerleştirilmişlerdir.
Kıbrıs'a müdahale,https://tr.wikipedia.org/wiki/T%C3%BCrkiye%27nin_K%C4%B1br%C4%B1s_%C3%A7%C4%B1karmas%C4%B1,1,Cumhuriyet Halk Partisi#67: Bu dönemde Kıbrıs'a müdahale kararı alındı.
Güven Partisi,https://tr.wikipedia.org/wiki/Cumhuriyet%C3%A7i_G%C3%BCven_Partisi,1,Cumhuriyet Halk Partisi#61: İnönü'nün Ecevit'in politikalarını desteklemesinin ardından Turhan Feyzioğlu CHP'den ayrılarak Güven Partisi 'ni kurdu.
Manisa,https://tr.wikipedia.org/wiki/Manisa_B%C3%BCy%C3%BCk%C5%9Fehir_Belediyesi,1,"Cumhuriyet Halk Partisi#110: 2024 yılında Özgür Özel liderliğinde parti, 46 yıl aradan sonra birinci parti oldu ve ülke genelinde 22 yıl sonra ilk kez AK Parti'yi geçti."
Suphi Baykam,https://tr.wikipedia.org/wiki/Suphi_Baykam,1,"Cumhuriyet Halk Partisi#139: 17 Şubat 1954 tarihli CHP Genel İdare Kurulu toplantısında Suphi Baykam 'ın başkanlığında Gençlik Kolları Merkez Yönetim Kurulunun atanmasıyla resmen kurulan ve Türkiye'nin ilk gençlik örgütlenmesi olan CHP Gençlik Kolları, ilk kurultayını 1-2 Ağustos 1961 tarihinde gerçekleştirmiştir."
Hatay,https://tr.wikipedia.org/wiki/Hatay_B%C3%BCy%C3%BCk%C5%9Fehir_Belediyesi,1,"Cumhuriyet Halk Partisi#110: 2024 yılında Özgür Özel liderliğinde parti, 46 yıl aradan sonra birinci parti oldu ve ülke genelinde 22 yıl sonra ilk kez AK Parti'yi geçti."
22 Mayıs 2010,https://tr.wikipedia.org/wiki/Cumhuriyet_Halk_Partisi_33._Ola%C4%9Fan_Kurultay%C4%B1,1,Cumhuriyet Halk Partisi#89: Baykal bir kasetin internete sızdırılmasının ardından parti genel başkanlığından istifa ettiğini açıkladı.
Yorgi Amiruki,https://tr.wikipedia.org/w/index.php?title=Yorgi_Amiruki&action=edit&redlink=1,1,"Trabzon#22: Bunun üzerine Fatih Sultan Mehmet 23 Mart 1461'de Edirne'den sefere çıkmış ve bir süre denizden kuşatılan şehir, Trabzon kralı David Komninos'un Veli Mahmud Paşa 'nın yakını olan başmabeyincisi Yorgi Amiruki 'nin aracılığıyla direnmeden teslim olmuştur."
2019 yerel seçimleri,https://tr.wikipedia.org/wiki/2019_T%C3%BCrkiye_yerel_se%C3%A7imleri,1,"Cumhuriyet Halk Partisi#101: Millet İttifakı, CHP'nin büyük kazançlar elde ettiği 2019 yerel seçimleri için yeniden kuruldu, bu seçimde CHP'nin neredeyse %30 oy aldığı görüldü."
Balıkesir,https://tr.wikipedia.org/wiki/Bal%C4%B1kesir_B%C3%BCy%C3%BCk%C5%9Fehir_Belediyesi,1,"Cumhuriyet Halk Partisi#110: 2024 yılında Özgür Özel liderliğinde parti, 46 yıl aradan sonra birinci parti oldu ve ülke genelinde 22 yıl sonra ilk kez AK Parti'yi geçti."
İsveç,https://tr.wikipedia.org/wiki/%C4%B0sve%C3%A7,1,Cumhuriyet Halk Partisi#126: Parti milletvekilleri hem Finlandiya 'nın hem de İsveç 'in NATO'ya katılımı lehine ezici bir çoğunlukla oy kullandılar.
Kaşkalar,https://tr.wikipedia.org/wiki/Ka%C5%9Fkalar,1,"Trabzon#7: Bölgede çeşitli dönemlerde yapılan arkeolojik kazı ve yüzey taramalarında Yontma Taş (Alt Paleolitik dönem) Çağı'na ait Acheulien ve Mousterien tipi (el baltaları, kazıyıcılar, yonga aletler), Orta Taş Çağı (Mezolitik) 'e ait mağaralar Kalkolitik Çağ 'a ait yerleşim izlerine rastlanmıştır."
2014 Türkiye yerel seçimlerinin,https://tr.wikipedia.org/wiki/2014_T%C3%BCrkiye_yerel_se%C3%A7imleri,1,Trabzon#56: 2012 yılında çıkarılan 6360 sayılı kanun ile Trabzon'da sınırları il mülki sınırları olan büyükşehir belediyesi kuruldu ve 2014 Türkiye yerel seçimlerinin ardından büyükşehir belediyesi çalışmalarına başladı.
1973 seçimlerine,https://tr.wikipedia.org/wiki/1973_T%C3%BCrkiye_genel_se%C3%A7imleri,1,Cumhuriyet Halk Partisi#65: Ecevit belirgin olarak sol siyasi politikaları benimsedi.
Deli Ahmet Ağa,https://tr.wikipedia.org/wiki/Deli_Ahmet_A%C4%9Fa,1,"Trabzon#33: Celali ayaklanmaları , Kazancık cemaati gibi soyguncu aşiretler, yolsuzluk yapan sancak beyleri, bölgeyi arpalık olarak kullanan beylerbeyleri ( Ahmet Paşa , 1603 gibi), 1624, 1625, 1631 yıllarındaki Kazak yağmaları ve 18. ve 19. yüzyılda Rizeli Tuzcuoğlu Memiş Ağa ve Sürmeneli Deli Ahmet Ağa gibi ayanlıktan gelme yerel derebeylerin ayaklanmaları bu dönemin önemli olaylarıdır."
idadi,https://tr.wikipedia.org/wiki/Lise,1,"Trabzon#106: Osmanlı İmparatorluğunun son döneminde Trabzon'da eğitim kuruluşu olarak sekiz medrese , eğitim süresi dört yıl olan beş adet ilkokul , bir adet sanat yurdu, bir adet askeri rüştiye , bir adet idadi ve bir adet Darülmuallimin bulunmaktaydı."
Erdal İnönü,https://tr.wikipedia.org/wiki/Erdal_%C4%B0n%C3%B6n%C3%BC,1,Cumhuriyet Halk Partisi#70: 1981 yılında Cumhuriyet Halk Partisi diğer tüm siyasi partilerle beraber kapatıldı.
Ekmeleddin İhsanoğlu,https://tr.wikipedia.org/wiki/Ekmeleddin_%C4%B0hsano%C4%9Flu,1,"Cumhuriyet Halk Partisi#95: İlk doğrudan cumhurbaşkanlığı seçimi olan 2014 cumhurbaşkanlığı seçimi , 2013 Türkiye yolsuzluk skandalının ardından gerçekleştirildi."
sözdebilimsel,https://tr.wikipedia.org/wiki/S%C3%B6zdebilim,1,"Cumhuriyet Halk Partisi#29: Bu süreçte milliyetçilik ilkesinin benimsenmesi, Dil Devrimi ve sözdebilimsel teorilerin ( Güneş-Dil Teorisi ve Türk Tarih Tezi ) ortaya konulmasıyla Türk milliyetçiliği ideolojisi yayıldı."
halkçılık,https://tr.wikipedia.org/wiki/Halk%C3%A7%C4%B1l%C4%B1k,1,"Cumhuriyet Halk Partisi#31: Bu dönemde parti tarihsel görüşlerden ayrılarak cumhuriyetçilik , milliyetçilik , laiklik , devrimcilik , halkçılık ve devletçilik ilkelerini benimsedi."
hükûmet,https://tr.wikipedia.org/wiki/50._T%C3%BCrkiye_H%C3%BCk%C3%BBmeti,1,"Cumhuriyet Halk Partisi#73: 1991'den 1996'ya kadar SHP ve ardından CHP, DYP ile koalisyon hükûmet lerinde yer aldı."
Antik Yunanca,https://tr.wikipedia.org/wiki/Grek%C3%A7e,1,"Trabzon#6: Şehir tarih boyunca Osmanlıca : طربزون, Antik Yunanca : Τραπεζοῦς, Latince : Trapezus, Ermenice : Տրապիզոնի, Cenevizce : Trabisonda, Pontus Rumcası : Τραπεζούντα Trapezounta ve Lazca: T'rapuzani ya da T'amtra olarak adlandırılmıştır."
seçim,https://tr.wikipedia.org/wiki/2009_T%C3%BCrkiye_yerel_se%C3%A7imleri,1,Cumhuriyet Halk Partisi#88: 2002 ve 2010 yılları arasında Türkiye'de iki genel seçim ve iki yerel seçim yapılmış ve bu seçimlerin tamamında CHP %18 ila %23 arasında oy almıştır.
Celal Bayar,https://tr.wikipedia.org/wiki/Cel%C3%A2l_Bayar,1,"Cumhuriyet Halk Partisi#34: Büyük Buhran 'ın başlamasıyla birlikte, parti, Başbakan İnönü ve maliye bakanı Celal Bayar tarafından savunulan devletçi ve liberal fraksiyonlara ayrıldı."
Orta Taş Çağı (Mezolitik),https://tr.wikipedia.org/wiki/Orta_Ta%C5%9F_%C3%87a%C4%9F%C4%B1,1,"Trabzon#7: Bölgede çeşitli dönemlerde yapılan arkeolojik kazı ve yüzey taramalarında Yontma Taş (Alt Paleolitik dönem) Çağı'na ait Acheulien ve Mousterien tipi (el baltaları, kazıyıcılar, yonga aletler), Orta Taş Çağı (Mezolitik) 'e ait mağaralar Kalkolitik Çağ 'a ait yerleşim izlerine rastlanmıştır."
4. Kurultay,https://tr.wikipedia.org/w/index.php?title=Cumhuriyet_Halk_Partisi_4._Ola%C4%9Fan_Kurultay%C4%B1&action=edit&redlink=1,1,"Cumhuriyet Halk Partisi#32: 29 Mayıs 1935 tarihinde toplanan 4. Kurultay 'da partinin adı, Dil Devrimi doğrultusunda Cumhuriyet Halk Partisi olarak değiştirildi."
Sosyal Demokrasi Partisi,https://tr.wikipedia.org/wiki/Sosyal_Demokrasi_Partisi,1,Cumhuriyet Halk Partisi#70: 1981 yılında Cumhuriyet Halk Partisi diğer tüm siyasi partilerle beraber kapatıldı.
Sosyal liberalizm,https://tr.wikipedia.org/wiki/Sosyal_liberalizm,1,Cumhuriyet Halk PartisiCard#18: Sosyal demokrasi Kemalizm İlericilik Pro-Avrupacılık Parti içi düşünceler: Ulusalcılık Demokratik sosyalizm Sosyal liberalizm
Kahramanmaraş depremlerine,https://tr.wikipedia.org/wiki/2023_Kahramanmara%C5%9F_depremleri,1,"Cumhuriyet Halk Partisi#104: İstanbul ve Ankara büyükşehir belediye başkanları Ekrem İmamoğlu ve Mansur Yavaş , Millet İttifakı'ndaki diğer parti liderleriyle birlikte cumhurbaşkanı yardımcısı adaylığıyla kampanyaya dahil oldu."
Pro-Avrupacılık,https://tr.wikipedia.org/wiki/Pro-Avrupac%C4%B1l%C4%B1k,1,Cumhuriyet Halk PartisiCard#18: Sosyal demokrasi Kemalizm İlericilik Pro-Avrupacılık Parti içi düşünceler: Ulusalcılık Demokratik sosyalizm Sosyal liberalizm
Ulusalcılık,https://tr.wikipedia.org/wiki/Ulusalc%C4%B1l%C4%B1k,1,Cumhuriyet Halk PartisiCard#18: Sosyal demokrasi Kemalizm İlericilik Pro-Avrupacılık Parti içi düşünceler: Ulusalcılık Demokratik sosyalizm Sosyal liberalizm
tek partili rejimde,https://tr.wikipedia.org/wiki/Tek_parti_rejimi,1,"Cumhuriyet Halk Partisi#26: Türkiye, Serbest Cumhuriyet Fırkası 'nın kurulduğu dönem dışında 1946 yılına kadar tek partili rejimde yönetildi."
1965 seçimlerine,https://tr.wikipedia.org/wiki/1965_T%C3%BCrkiye_genel_se%C3%A7imleri,1,Cumhuriyet Halk Partisi#59: İnönü 1965 seçimlerine kadar diğer iki kere daha hükûmet kurdu.
Dil Devrimi,https://tr.wikipedia.org/wiki/Dil_Devrimi,1,"Cumhuriyet Halk Partisi#29: Bu süreçte milliyetçilik ilkesinin benimsenmesi, Dil Devrimi ve sözdebilimsel teorilerin ( Güneş-Dil Teorisi ve Türk Tarih Tezi ) ortaya konulmasıyla Türk milliyetçiliği ideolojisi yayıldı."
Rahşan Ecevit,https://tr.wikipedia.org/wiki/Rah%C5%9Fan_Ecevit,1,Cumhuriyet Halk Partisi#70: 1981 yılında Cumhuriyet Halk Partisi diğer tüm siyasi partilerle beraber kapatıldı.
Terakkiperver Cumhuriyet Fırkası,https://tr.wikipedia.org/wiki/Terakkiperver_Cumhuriyet_F%C4%B1rkas%C4%B1,1,"Cumhuriyet Halk Partisi#23: Partinin kuruluşunun ardından 1924'te, radikal devrimlere karşı çıkan muhalifler, Kâzım Karabekir liderliğinde Terakkiperver Cumhuriyet Fırkası 'nı kurdu."
Güneş-Dil Teorisi,https://tr.wikipedia.org/wiki/G%C3%BCne%C5%9F-Dil_Teorisi,1,"Cumhuriyet Halk Partisi#29: Bu süreçte milliyetçilik ilkesinin benimsenmesi, Dil Devrimi ve sözdebilimsel teorilerin ( Güneş-Dil Teorisi ve Türk Tarih Tezi ) ortaya konulmasıyla Türk milliyetçiliği ideolojisi yayıldı."
Millî Emlak Genel Müdürü,https://tr.wikipedia.org/w/index.php?title=Mill%C3%AE_Emlak_Genel_M%C3%BCd%C3%BCrl%C3%BC%C4%9F%C3%BC&action=edit&redlink=1,1,Akif Hamzaçebi#6: Maliye Bakanlığı Gelirler Genel Müdürlüğünde memur olarak göreve başladı.
Özcal Korkmaz,https://tr.wikipedia.org/w/index.php?title=%C3%96zcal_Korkmaz&action=edit&redlink=1,1,Akif HamzaçebiCard#1: Özcal Korkmaz
Halit Demir,https://tr.wikipedia.org/w/index.php?title=Halit_Demir&action=edit&redlink=1,1,Akif HamzaçebiCard#2: Halit Demir
Gelirler Genel Müdürü | Maliye Bakanlığı Gelirler Genel Müdürlüğünde,https://tr.wikipedia.org/wiki/Gelir_%C4%B0daresi_Ba%C5%9Fkanl%C4%B1%C4%9F%C4%B1,1,Akif Hamzaçebi#6: Maliye Bakanlığı Gelirler Genel Müdürlüğünde memur olarak göreve başladı.
şehzadeler,https://tr.wikipedia.org/wiki/%C5%9Eehzade,1,"Trabzon#3: Trabzon iki il ile birlikte de "" şehzadeler şehri"" olarak anılır."
Eusebius,https://tr.wikipedia.org/wiki/Eusebios,1,"Trabzon#8: Eusebius 'a göre şehrin kuruluş tarihini MÖ 756 olmakla birlikte bu iddia Trabzon'u İstanbul, Roma hatta, genel kanıya göre Trabzon ve diğer Doğu Karadeniz kolonizasyonunu gerçekleştiren Sinop 'tan daha eski bir kent yapmaktadır."
Ekonomist,https://tr.wikipedia.org/wiki/Ekonomist,1,"Akif HamzaçebiCard#7: Maliyeci , Ekonomist , Siyasetçi"
Gallienus,https://tr.wikipedia.org/wiki/Gallienus,1,"Trabzon#16: Roma İmparatoru Hadrianus döneminde restore edilen kent, Trajan döneminde Pontus Kapadokyası eyaletinin başkenti olmuş ve kente yeni bir liman inşa edilmiştir."
36. Olağan Adalet ve Cesaret Kurultayında,https://tr.wikipedia.org/wiki/36._Cumhuriyet_Halk_Partisi_Ola%C4%9Fan_Kurultay%C4%B1,1,"Akif Hamzaçebi#17: Cumhuriyet Halk Partisi'nin 3-4 Şubat 2018 tarihlerinde yapılan 36. Olağan Adalet ve Cesaret Kurultayında delegelerin oylarıyla Parti Meclisine seçilmiş, 12 Şubat 2018 tarihinde Cumhuriyet Halk Partisi Genel Sekreterliği görevine getirilmiştir."
Sarp sınır kapısı,https://tr.wikipedia.org/wiki/Sarp_S%C4%B1n%C4%B1r_Kap%C4%B1s%C4%B1,1,"Trabzon#111: Ulaşımda nakit para ve ""Trabzon Kart"" isimli akıllı kartla ödeme sistemi kullanılmaktadır."
Ermenice,https://tr.wikipedia.org/wiki/Ermenice,1,"Trabzon#6: Şehir tarih boyunca Osmanlıca : طربزون, Antik Yunanca : Τραπεζοῦς, Latince : Trapezus, Ermenice : Տրապիզոնի, Cenevizce : Trabisonda, Pontus Rumcası : Τραπεζούντα Trapezounta ve Lazca: T'rapuzani ya da T'amtra olarak adlandırılmıştır."
Germen,https://tr.wikipedia.org/wiki/Cermenler,1,"Trabzon#16: Roma İmparatoru Hadrianus döneminde restore edilen kent, Trajan döneminde Pontus Kapadokyası eyaletinin başkenti olmuş ve kente yeni bir liman inşa edilmiştir."
TVF,https://tr.wikipedia.org/wiki/TVF,1,Türkiye Voleybol FederasyonuCard#2: TVF
Gazi Üniversitesi Sosyal Bilimler Enstitüsü,https://tr.wikipedia.org/wiki/Gazi_%C3%9Cniversitesi_Sosyal_Bilimler_Enstit%C3%BCs%C3%BC,1,Akif HamzaçebiCard#6: Bakırköy Lisesi Ankara Üniversitesi Siyasal Bilgiler Fakültesi Gazi Üniversitesi Sosyal Bilimler Enstitüsü
Siyasetçi,https://tr.wikipedia.org/wiki/Siyaset%C3%A7i,1,"Akif HamzaçebiCard#7: Maliyeci , Ekonomist , Siyasetçi"
sayfayı yenileyin,https://tr.wikipedia.org/w/index.php?action=edit&redlink=1&title=Finansal_Forum&venoscript=1,1,"""Finansal Forum"" sayfasını oluşturmaktasınız#2: Birkaç saniye sonra bu iletiyi görmeye devam ederseniz, lütfen sayfayı yenileyin ."
sayfayı yenileyin,https://tr.wikipedia.org/w/index.php?action=edit&redlink=1&title=%C3%96zcal_Korkmaz&venoscript=1,1,"""Özcal Korkmaz"" sayfasını oluşturmaktasınız#2: Birkaç saniye sonra bu iletiyi görmeye devam ederseniz, lütfen sayfayı yenileyin ."
üçetek,https://tr.wikipedia.org/wiki/%C3%9C%C3%A7_etek,1,"Trabzon#78: İçte kamis adı verilen yakasız Trabzon bezinden gömlek, başta keşan peştamal, alltta etek veya üçetek elbise ( zibun ) ve rengi yöreden yöreye değişen peştamal vardır."
Yomraspor,https://tr.wikipedia.org/wiki/Yomraspor,1,"Trabzon#98: Trabzon'un 3. Lig takımlarından 1461 Trabzon FK 2. Lige çıkarken, 1461 Trabzon küme düşmüştür."
tepelik,https://tr.wikipedia.org/w/index.php?title=Tepelik&action=edit&redlink=1,1,"Trabzon#80: Başta tepelik , Tapla, Koursi, hotoz adı verilen gümüş ya da altın sırmalı yuvarlak tepelik."
Acheulien,https://tr.wikipedia.org/wiki/A%C5%9F%C3%B6lyen,1,"Trabzon#7: Bölgede çeşitli dönemlerde yapılan arkeolojik kazı ve yüzey taramalarında Yontma Taş (Alt Paleolitik dönem) Çağı'na ait Acheulien ve Mousterien tipi (el baltaları, kazıyıcılar, yonga aletler), Orta Taş Çağı (Mezolitik) 'e ait mağaralar Kalkolitik Çağ 'a ait yerleşim izlerine rastlanmıştır."
CEV,https://www.cev.eu/,1,Türkiye Voleybol FederasyonuCard#4: FİVB CEV
Celali ayaklanmaları,https://tr.wikipedia.org/wiki/Cel%C3%A2l%C3%AE_isyanlar%C4%B1,1,"Trabzon#33: Celali ayaklanmaları , Kazancık cemaati gibi soyguncu aşiretler, yolsuzluk yapan sancak beyleri, bölgeyi arpalık olarak kullanan beylerbeyleri ( Ahmet Paşa , 1603 gibi), 1624, 1625, 1631 yıllarındaki Kazak yağmaları ve 18. ve 19. yüzyılda Rizeli Tuzcuoğlu Memiş Ağa ve Sürmeneli Deli Ahmet Ağa gibi ayanlıktan gelme yerel derebeylerin ayaklanmaları bu dönemin önemli olaylarıdır."
Aleksios U:(https://tr.wikipedia.org/wiki/I._Aleksios_(Trabzon_imparatoru))___ Latin işgali nedeniyle Trabzon'a gelerek teyzesi Gürcü Kraliçesi ___E:Tamar,https://tr.wikipedia.org/wiki/Tamar,1,"Trabzon#19: Komninos Hanedanı 'dan Aleksios Latin işgali nedeniyle Trabzon'a gelerek teyzesi Gürcü Kraliçesi Tamar 'ın desteğiyle kendini Roma İmparatoru ilan etmişse de Batı özellikle Vatikan , Trabzon İmparatorunu küçümseyerek ""Laz hükümdarı"" olarak tanımlamıştır."
Ermeni Gregoryen,https://tr.wikipedia.org/wiki/Osmanl%C4%B1_Ermenileri,1,"Trabzon#49: 1831 Osmanlı nüfus sayımına göre Trabzon merkez kazada 6.300, Vakfıkebir 19.512, Polathane'de ( Akçaabat ) 8.432, Yümerek'te ( Yomra ) 6.775, Tonya 'da 1.910, Sürmene 'de 12.985, Of'ta 18.940 erkek yaşamakta olup buna Trabzon sancağındaki 11.473 reaya eklenince toplam 86.327 erkek yaşamaktaydı."
Sasaniler,https://tr.wikipedia.org/wiki/Sasani_%C4%B0mparatorlu%C4%9Fu,1,"Trabzon#17: Bizans'ın 6. yüzyılda Sasaniler ile yapılan savaşlar, 7. yüzyılda da Arap akınları nedeniyle şehir yeniden önem kazandı."
Barutçuzade Faik Ahmet Bey,https://tr.wikipedia.org/w/index.php?title=Barut%C3%A7uzade_Faik_Ahmet_Bey&action=edit&redlink=1,1,Trabzon#46: Canlı bir ticaret kenti olan Trabzon'un köklü Rum ve Müslüman ailelerden oluşan eşrafı aktif olarak siyasetle uğraşmaktaydı.
FİVB,https://www.fivb.com,1,Türkiye Voleybol FederasyonuCard#4: FİVB CEV
BVA,http://www.balkanvolleyball.org/,1,Türkiye Voleybol FederasyonuCard#5: BVA
Mehmet Akif Üstündağ,https://tr.wikipedia.org/w/index.php?title=Mehmet_Akif_%C3%9Cst%C3%BCnda%C4%9F&action=edit&redlink=1,1,Türkiye Voleybol FederasyonuCard#7: Mehmet Akif Üstündağ
Vakfıkebir,https://tr.wikipedia.org/wiki/Vakf%C4%B1kebir,1,"Trabzon#49: 1831 Osmanlı nüfus sayımına göre Trabzon merkez kazada 6.300, Vakfıkebir 19.512, Polathane'de ( Akçaabat ) 8.432, Yümerek'te ( Yomra ) 6.775, Tonya 'da 1.910, Sürmene 'de 12.985, Of'ta 18.940 erkek yaşamakta olup buna Trabzon sancağındaki 11.473 reaya eklenince toplam 86.327 erkek yaşamaktaydı."
Uluslararası Voleybol Federasyonu (FIVB),https://tr.wikipedia.org/wiki/Uluslararas%C4%B1_Voleybol_Federasyonu,1,"Türkiye Voleybol Federasyonu#1: Türkiye Voleybol Federasyonu , 1958'de Voleybol-Eltopu Federasyonu adıyla kuruldu."
İsrail,https://tr.wikipedia.org/wiki/%C4%B0srail,1,"Cumhuriyet Halk Partisi#129: Partinin lideri Özgür Özel, İsrail 'in Filistin halkına karşı devlet terörü uyguladığını iddia ederek, ""Türk solu asla ve asla Filistin davasına uzak değildir."" şeklinde açıklamada bulunmuştur."
Cumhuriyetçi Türk Partisi,https://tr.wikipedia.org/wiki/Cumhuriyet%C3%A7i_T%C3%BCrk_Partisi,1,"Cumhuriyet Halk Partisi#128: Ayrıca parti, 2014 yılında Sosyalist Enternasyonal'i Kuzey Kıbrıs 'ta bulunan Cumhuriyetçi Türk Partisi 'ni tam üye olarak kabul etmeye çağırmıştır."
1977,https://tr.wikipedia.org/wiki/1977_T%C3%BCrkiye_genel_se%C3%A7imleri,1,Cumhuriyet Halk Partisi#67: Bu dönemde Kıbrıs'a müdahale kararı alındı.
Mansur Yavaş,https://tr.wikipedia.org/wiki/Mansur_Yava%C5%9F,1,"Cumhuriyet Halk Partisi#104: İstanbul ve Ankara büyükşehir belediye başkanları Ekrem İmamoğlu ve Mansur Yavaş , Millet İttifakı'ndaki diğer parti liderleriyle birlikte cumhurbaşkanı yardımcısı adaylığıyla kampanyaya dahil oldu."
Denizli,https://tr.wikipedia.org/wiki/Denizli_B%C3%BCy%C3%BCk%C5%9Fehir_Belediyesi,1,"Cumhuriyet Halk Partisi#110: 2024 yılında Özgür Özel liderliğinde parti, 46 yıl aradan sonra birinci parti oldu ve ülke genelinde 22 yıl sonra ilk kez AK Parti'yi geçti."
İstanbul,https://tr.wikipedia.org/wiki/2019_%C4%B0stanbul_ara_yerel_se%C3%A7imi,1,"Cumhuriyet Halk Partisi#102: Diğer siyasi partilerle yapılan ittifak, CHP'nin İstanbul ve Ankara 'yı 25 yılın ardından kazanmasını sağladı."
devlet terörü,https://tr.wikipedia.org/wiki/Devlet_ter%C3%B6r%C3%BC,1,"Cumhuriyet Halk Partisi#129: Partinin lideri Özgür Özel, İsrail 'in Filistin halkına karşı devlet terörü uyguladığını iddia ederek, ""Türk solu asla ve asla Filistin davasına uzak değildir."" şeklinde açıklamada bulunmuştur."
Ziraat Türkiye Kupası,https://tr.wikipedia.org/wiki/T%C3%BCrkiye_Kupas%C4%B1,1,Trabzon#101: 2018-2019 Ziraat Türkiye Kupası 'nda Ofspor ve 1461 Trabzon FK katıldıkları 2.turda elenmişlerdir.
Adnan Menderes,https://tr.wikipedia.org/wiki/Adnan_Menderes,1,Cumhuriyet Halk Partisi#55: Askeri yönetim döneminde DP kapatıldı ve Başbakan Adnan Menderes idam edildi.
Daniele Santarelli,https://tr.wikipedia.org/wiki/Daniele_Santarelli,1,Türkiye Voleybol FederasyonuCard#9: Daniele Santarelli
Türk Tarih Tezi,https://tr.wikipedia.org/wiki/T%C3%BCrk_Tarih_Tezi,1,"Cumhuriyet Halk Partisi#29: Bu süreçte milliyetçilik ilkesinin benimsenmesi, Dil Devrimi ve sözdebilimsel teorilerin ( Güneş-Dil Teorisi ve Türk Tarih Tezi ) ortaya konulmasıyla Türk milliyetçiliği ideolojisi yayıldı."
İkinci Grup,https://tr.wikipedia.org/wiki/%C4%B0kinci_Grup,1,"Cumhuriyet Halk Partisi#15: 4-11 Eylül 1919 tarihleri arasında toplanan Sivas Kongresi 'nde, Türkiye 'nin çeşitli bölgelerinde kurulan müdâfaa-i hukuk cemiyetleri , Anadolu ve Rumeli Müdâfaa-i Hukuk Cemiyeti (ARMHC) adı altında birleştirilmiştir."
Ortanın solu,https://tr.wikipedia.org/wiki/Ortan%C4%B1n_solu,1,"Cumhuriyet Halk Partisi#60: Dönemin çalışma bakanı Bülent Ecevit , işçilere grev hakkı ve toplu sözleşme hakkı tanımada etkili oldu, partideki Demokratik Sol hareketin lideri olarak, CHP'nin Ortanın solu programını benimsemesine katkıda bulundu."
gölge kabine U:(https://tr.wikipedia.org/wiki/G%C3%B6lge_Kabine_(T%C3%BCrkiye))___ ' yapısını duyurarak ___E:I. Türkiye Gölge Kabinesi,https://tr.wikipedia.org/wiki/%C3%96zel_G%C3%B6lge_Kabinesi,1,"Cumhuriyet Halk Partisi#109: Özgür Özel, 11 Kasım 2023 tarihinde Türkiye'de ana muhalefet partisi tarafından ilk kez kurulan ' gölge kabine ' yapısını duyurarak I."
Turhan Feyzioğlu,https://tr.wikipedia.org/wiki/Turhan_Feyzio%C4%9Flu,1,Cumhuriyet Halk Partisi#61: İnönü'nün Ecevit'in politikalarını desteklemesinin ardından Turhan Feyzioğlu CHP'den ayrılarak Güven Partisi 'ni kurdu.
plaj voleybolu,https://tr.wikipedia.org/wiki/Plaj_voleybolu,1,Türkiye Voleybol FederasyonuCard#1: voleybol plaj voleybolu
barışçıl bir şekilde devrederek,https://tr.wikipedia.org/wiki/Bar%C4%B1%C5%9F%C3%A7%C4%B1l_iktidar_ge%C3%A7i%C5%9Fi,1,Cumhuriyet Halk Partisi#10: II.
Türkbank skandalı,https://tr.wikipedia.org/wiki/T%C3%BCrkbank_skandal%C4%B1,1,Cumhuriyet Halk Partisi#74: Kasım 1998'de Türkbank skandalı sırasında Mesut Yılmaz tartışmaya açılınca CHP hükûmete gensoru verdi ve koalisyonu düşürdü.
sol,https://tr.wikipedia.org/wiki/Solculuk,1,Cumhuriyet Halk Partisi#65: Ecevit belirgin olarak sol siyasi politikaları benimsedi.
Almanya cumhurbaşkanı,https://tr.wikipedia.org/wiki/Almanya_cumhurba%C5%9Fkan%C4%B1,1,"Cumhuriyet Halk Partisi#115: Genel başkan Özel, Almanya cumhurbaşkanı Frank-Walter Steinmeier ile Almanya'nın Ankara Büyükelçiliğinde yaptığı görüşmede sorunun Türkiye ile Avrupa ülkeleri arasındaki anlaşmalar ve maddi destekle ve Suriyeliler'in Türkiye'de kalması ile çözülemeyeceğini, aksine bunların sorunu daha da büyüteceğini ifade etmiştir."
İlericilik,https://tr.wikipedia.org/wiki/%C4%B0lerlemecilik,1,Cumhuriyet Halk PartisiCard#18: Sosyal demokrasi Kemalizm İlericilik Pro-Avrupacılık Parti içi düşünceler: Ulusalcılık Demokratik sosyalizm Sosyal liberalizm
Dokuz Umde,https://tr.wikipedia.org/wiki/Dokuz_Umde,1,"Cumhuriyet Halk Partisi#17: İkinci grup, azınlık olsa da parlamentoda güçlü bir muhalefet oluşturdu."
Pan-Türkistler,https://tr.wikipedia.org/wiki/T%C3%BCrk%C3%A7%C3%BCl%C3%BCk,1,"Cumhuriyet Halk Partisi#40: Savaşın ilerleyen sürecinde, Irkçılık-Turancılık Davası 'yla beraber Pan-Türkistler partiden uzaklaştırıldı."
koalisyon hükûmetini,https://tr.wikipedia.org/wiki/55._T%C3%BCrkiye_H%C3%BCk%C3%BBmeti,1,"Cumhuriyet Halk Partisi#73: 1991'den 1996'ya kadar SHP ve ardından CHP, DYP ile koalisyon hükûmet lerinde yer aldı."
Ekrem İmamoğlu,https://tr.wikipedia.org/wiki/Ekrem_%C4%B0mamo%C4%9Flu,1,"Cumhuriyet Halk Partisi#104: İstanbul ve Ankara büyükşehir belediye başkanları Ekrem İmamoğlu ve Mansur Yavaş , Millet İttifakı'ndaki diğer parti liderleriyle birlikte cumhurbaşkanı yardımcısı adaylığıyla kampanyaya dahil oldu."
inkılapçılık,https://tr.wikipedia.org/wiki/Reformizm,1,"Cumhuriyet Halk Partisi#5: Logosu, Kemalizm 'in temel ilkelerini temsil eden Altı Ok 'tan oluşmaktadır: cumhuriyetçilik , inkılapçılık , laiklik , halkçılık , milliyetçilik ve devletçilik ."
Mihver,https://tr.wikipedia.org/wiki/Mihver_Devletleri,1,"Cumhuriyet Halk Partisi#39: İnönü, Türkiye'yi II."
Balkan Voleybol Birliği (BVA),https://tr.wikipedia.org/w/index.php?title=Balkan_Voleybol_Birli%C4%9Fi&action=edit&redlink=1,1,"Türkiye Voleybol Federasyonu#1: Türkiye Voleybol Federasyonu , 1958'de Voleybol-Eltopu Federasyonu adıyla kuruldu."
1923 seçimlerinden,https://tr.wikipedia.org/wiki/1923_T%C3%BCrkiye_genel_se%C3%A7imleri,1,"Cumhuriyet Halk Partisi#19: Halk Fırkası, 1923 seçimlerinden sonra resmi olarak kuruldu."
sosyal,https://tr.wikipedia.org/wiki/Sosyoloji,1,"Cumhuriyet Halk Partisi#26: Türkiye, Serbest Cumhuriyet Fırkası 'nın kurulduğu dönem dışında 1946 yılına kadar tek partili rejimde yönetildi."
toprak reformu,https://tr.wikipedia.org/wiki/Toprak_reformu,1,"Cumhuriyet Halk Partisi#27: Bu reformlar arasında İsviçre ve İtalyan hukuk ve ceza kanunlarının benimsenmesi, sanayileşmenin hızlandırılması, toprak reformu ve kırsal kalkınma programları, iskân kanunu , laiklik , kadınların seçme ve seçilme hakkı ve Latin harflerine geçilmesini sağlayan Harf Devrimi gibi birçok adım bulunuyordu."
Sualtı Sporları Federasyonu,https://tr.wikipedia.org/w/index.php?title=Sualt%C4%B1_Sporlar%C4%B1_Federasyonu&action=edit&redlink=1,1,"Akif Hamzaçebi#8: Bu görevleri sırasında Sualtı Sporları Federasyonu , Voleybol Federasyonu , Gayrimenkul Ekspertiz ve Değerleme A.Ş."
