E,U,Frekans,Kaynak_IDler
Arjantin | Arjantin millî futbol takımıin | Arjantin millî futbol takımında | Arjantin millî futbol takımının | Arjantin millî takımı | Arjantin millî takımının,(https://tr.wikipedia.org/wiki/Arjantin_mill%C3%AE_futbol_tak%C4%B1m%C4%B1),10,"Lionel Messi#198: Messi, 2014 FIFA Dünya Kupası 'da Arjantin millî futbol takımının kadrosunda kaptan olarak kendine yer buldu. | Lionel Messi#201: 2021 Copa América , Messi için millî takım kariyerindeki en önemli an sayılabilir. 34 yaşına kadar Arjantin millî takımı ile hiçbir şampiyonluk elde edemeyen Messi, kariyerinin ilk millî takım şampiyonluğunu bu turnuvada elde etmiştir. | Lionel Messi#159: Arjantin millî futbol takımında ise ilk maçına 17 Ağustos 2005'te, 18 yaşında Macaristan 'a karşı çıktı. 63. dakikada oyuna girdiği maçta, formasını çeken Vilmos Vanczák 'a attığı dirsek yüzünden 2 dakika içinde hakem Markus Merk tarafından oyundan atıldı. | Lionel Messi#92: Messi, 2014 FIFA Ballon d'Or 'da Cristiano Ronaldo 'nun arkasında ikinci oldu. Bu ikincilik büyük ölçüde Arjantin 'in Dünya Kupası 'nda elde ettiği ikincilik başarısı sayesindedir. | Lionel Messi#145: Messi'nin normal sezondaki ilk golü, oyların %89,7'sini alarak Maç Gününün Golünü kazandırdı. 30 Ekim'de, Arjantin 'le kazandığı Dünya Kupası ve PSG ile Ligue 1 kupasını kazanan Messi, rekora imza atan sekizinci Ballon d'Or ile ödüllendirildi. | Lionel Messi#199: Grup aşamasında attığı 4 Gol ile takımının son 16'ya kalmasında büyük rol oynadı. Arjantin bu şekilde finale kadar yükseldi; ancak finalde Almanya'ya Mario Götze 'nin uzatmalarda attığı gol ile 1-0 mağlup oldu ve 2014 FIFA Dünya Kupası 'nı 2. olarak tamamladı. | Lionel Messi#207: Uzatmalar sonrası 2-2 biten ve penaltılara giden maçı Arjantin 4-3 kazanırken takımın ilk seri penaltı vuruşunu Messi kullandı. | Lionel MessiCard#19: Arjantin | Lionel Messi#196: Messi, 2011 Copa América turnuvasında Arjantin millî futbol takımıin kadrosunda yer aldı. Turnuvada Messi 3 asist yaptı ama gol atmayı başaramadı. 1-1 berabere kaldıkları Bolivya ve 3-0 kazandıkları Kosta Rika maçlarında maçın adamı seçildi. | Lionel Messi#1: Lionel Andrés Messi [a] (d. 24 Haziran 1987, Rosario ), ayrıca Leo Messi olarak da bilinir, Major League Soccer takımlarından Inter Miami 'de forma giyen ve Arjantin millî takımının kaptanlığını yapan Arjantinli futbolcudur ."
Barcelona,(https://tr.wikipedia.org/wiki/FC_Barcelona),9,"Lionel Messi#4: Kulüpten ayrılmadan önce bütün profesyonel kariyerini Barcelona 'da geçirmiş; orada on La Liga şampiyonluğu, yedi Copa del Rey ve dört UEFA Şampiyonlar Ligi de dâhil olmak üzere 35 kupa kazanmış, toplamda ise 46 kupa kazanmıştır. La Liga'da en çok gol (474) atan, en çok Hat trick (36) yapan ve en çok asist (192) yapan oyuncu rekorlarını elinde tutmaktadır. | Lionel Messi#22: Messi 5 yaşında, babasının antrenörlüğünü yaptığı Grandoli adlı futbol takımında forma giymeye başladı. 1995'te, doğduğu şehir Rosairo'nun takımı Newell's Old Boys 'un altyapısına geçti. 11 yaşında kendisine büyüme hormonu eksikliği teşhisi konuldu. Primera División (Arjantin) ekiplerinden River Plate , Messi'nin tedavisine yardım etmek istese de aylık 900 $'lık tedavi masrafını karşılayacak paraları olmadığını söylediler. Barcelona 'nın sportif direktörü Carles Rexach , Messi'nin Lleida , Katalonya 'daki akrabaları sayesinde kendisinin yeteneğinden haberdardı ve bir müddet sonra oyuncu ile babasına deneme süreci önerdi. | Lionel Messi#25: Messi, Barcelona forması altındaki ilk maçına 16 Kasım 2003 tarihinde daha 16 yaş 145 günlükken hazırlık maçında Porto 'ya karşı çıktı. | Lionel Messi#33: 16 Eylül 2005'te, 3 ay içinde ikinci kez, Barcelona , Messi'nin kontratını uzattığını açıkladı. | Lionel Messi#73: 2011 UEFA Süper Kupası 'nda ise Barcelona , Porto 'yu 2-0 yenerken maçın ilk golünü atan Messi, ikinci golde de Fabregas 'a asist yapan yapan isim oldu. Bu sonuçla 2009 'dan sonra kariyerinde ikinci kez bu kupayı kazanmış oldu. | Lionel Messi#140: PSG 'den ayrıldığının doğrulanmasının ardından, 5 Haziran 2023'e kadar Barcelona başkanı Joan Laporta 'ya iletildi. | Lionel Messi#224: Aynı zamanda Barcelona takımının da UNICEF ile birlikte güçlü bir ilişkisi de bulunmaktadır. | Lionel MessiCard#10: Barcelona | Lionel MessiCard#14: Barcelona"
Real Madrid | Real Madrid'i,(https://tr.wikipedia.org/wiki/Real_Madrid_CF),8,"Lionel Messi#42: Messi, bir frikik golü ve bir asist yaparak, Barça'nın maçı 6-1 kazanmasına yardım etti. Messi, Sevilla maçında da 23 metreden attığı vole golü ve sonra kaleciyi çalımlayıp, dar açıdan attığı golle dikkat çekti. 13 Aralık 2008 tarihindeki ilk El Clasico 'da Barcelona, Real Madrid 'i 2-0 yenerken, Messi ikinci golü kaydetti. | Lionel Messi#47: La Liga'nın 28. haftasında Messi, Malaga 'yı 6-0 yenerlerken sezon içindeki 30. golünü attı. 8 Nisan 2009 tarihinde Şampiyonlar Ligi'nde Bayern Münih 'e iki gol atarken, bu turnuvada 8 gol atarak kendi rekorunu kırdı. 18 Nisan 2009 tarihinde Getafe 'yi 1-0 yenerlerken, 20. lig golünü atmış oldu. Böylece ligde Barcelona ile Real Madrid 'in arasında 6 puan fark olmasını ve Barcelona'nın Real Madrid ile yapacağı maç öncesinde haftaya avantajlı girmesini sağladı. | Lionel Messi#63: Bu maç sonunda Şampiyonlar Ligi'nde en çok gol atan Barcelonalı unvanını Rivaldo 'dan kaptı. 10 Nisan 2010 tarihinde 2-0 kazandıkları Real Madrid maçında bir gol kaydetti ve sezonun 40. golünü attı. Messi, 1 Mayıs 2010 tarihinde ise Villareal 'e karşı 4-1 kazandıkları maçta 2 gol attı. 4 Mayıs 2010 tarihinde Tenerife'ye karşı 4-1 kazandıkları maçta yine 2 gol kaydetti. 8 Mayıs 2010 tarihinde ise Sevilla'ya karşı sezonun 32. golünü kaydetti ve ligin son haftasında Valladolid 'e karşı 2 gol daha attı. Messi, böylece Ronaldo 'nun 1996-97 sezonunda (yani bir sezonda) attığı 34 gollük rekorunu egale etti ve 3 Haziran 2010 tarihinde kendisinden 4 gol önde olan Telmo Zarra adına düzenlenen La Liga Yılın Oyuncusu ödülüne layık görüldü. | Lionel Messi#72: Barcelona, iki maçın sonunda Real Madrid 'i 5-4 yendi ve Supercopa de España 'yın sahibi oldu. | Lionel Messi#89: 16 Mart'ta Osasuna 'ya karşı hat-trick yaptı ve Paulino Alcantara 'yı geçerek Barcelona tarihinin en golcü oyuncusu oldu. 23 Mart'ta Real Madrid 'e karşı hat-trick yaparak El Clasico'nun en skorer oyuncusu ve Hugo Sanchez 'i geçerek La Liga tarihinin en golcü 2. oyuncusu oldu. | Lionel Messi#105: 2019-20 sezonunda Barcelona, Supercopa de España 'da yarı finalde Atlético Madrid 'e, Copa del Rey 'de çeyrek finalde Athletic Bilbao 'ya elendi; La Liga şampiyonluğunu Real Madrid 'e kaptırdı. Şampiyonlar Ligi 'nde ise Bayern Münih 'e çeyrek finalde 2-8 mağlup olarak büyük bir hezimet yaşadı. | Lionel Messi#130: 2 Ocak 2022'de PSG, Messi'nin COVID-19 testinin pozitif çıktığını ve bunun sonucunda iki lig ve bir kupa maçını kaçıracağını duyurdu. 23 Ocak'ta takıma geri dönen Messi, yedekten girdiği maçta Reims 'i 4-0 mağlup ettikleri maçta 1 asist yapmayı başardı. UEFA Şampiyonlar Ligi 'nde son 16 turunda İspanyol takımı Real Madrid 'e elenmelerinin ardından 13 Mart'ta ligde oynadıkları Bordeaux maçında takım arkadaşı Neymar ile birlikte bazı PSG taraftarları tarafından yuhalandı. | Lionel Messi#94: Messi, 2015-16 sezonunu, UEFA Süper Kupası'nda Barcelona'nın Sevilla'ya karşı 5-4 galibiyetinde (uzatmaların ardından) serbest vuruşlardan iki gol atarak açtı. 16 Eylül'de, deplasmanda Roma ile 1-1 berabere kaldığı UEFA Şampiyonlar Ligi'nde 100 maça çıkan en genç oyuncu oldu. Dizinden sakatlandıktan sonra 21 Kasım'da sahaya döndü ve El Clásico'da Barcelona'nın deplasmanda Real Madrid'i 4-0 yendiği maçta yedek oyuncu olarak yer aldı. Messi, 2015 FIFA Kulüpler Dünya Kupası Finalini kazanarak yılı kapattı. 20 Aralık'ta, Barcelona'nın Yokohama'da River Plate'i 3-0 mağlup etmesiyle 2015'in beşinci kulüp kupasını topladı. 30 Aralık'ta Messi, Barcelona formasıyla 500. kez Real Betis'i 4-0 yendikleri maçta gol attı."
Cristiano Ronaldo | Cristiano Ronaldo'nun,(https://tr.wikipedia.org/wiki/Cristiano_Ronaldo),7,"Lionel Messi#96: Messi, yılı 51 golle tamamlayarak Zlatan Ibrahimović'in bir önünde Avrupa'nın en çok gol atan oyuncusu oldu. 2016 Ballon d'Or'da ikinci olduktan sonra, 9 Ocak 2017'de Messi, 2016 En İyi FIFA Erkek Oyuncu Ödülü'nü bir kez daha Cristiano Ronaldo'nun arkasında ikinci sırada tamamladı. | Lionel Messi#57: İkinci gelen Cristiano Ronaldo 233 puan alırken, Messi 473 oy almıştı. | Lionel Messi#59: 19 Aralık 2009 tarihinde Messi, FIFA Kulüpler Dünya Kupası finalinde Abu Dabi 'de Estudiantes 'e galibiyet golünü attı ve bu kupayı takımına kazandırdı. 2 gün sonra, FIFA Dünyada Yılın Futbolcusu Ödülü'nü Cristiano Ronaldo , Xavi , Kaká ve Iniesta 'yı geçerek aldı. | Lionel Messi#75: Messi, 2011 yılında takım arkadaşı Xavi ve Cristiano Ronaldo 'yu geçerek "" UEFA Avrupa'da En İyi Oyuncu Ödülü ""'nü kazandı. | Lionel Messi#82: Messi, Cristiano Ronaldo ve Franck Ribery ile birlikte üst üste 3. kez UEFA En iyi oyuncu ödüllerine aday gösterildi. | Lionel Messi#92: Messi, 2014 FIFA Ballon d'Or 'da Cristiano Ronaldo 'nun arkasında ikinci oldu. Bu ikincilik büyük ölçüde Arjantin 'in Dünya Kupası 'nda elde ettiği ikincilik başarısı sayesindedir. | Lionel Messi#137: Bu gol, onun kariyerinde attığı 700. kulüp golüydü. 8 Nisan'da, ligde Nice 'ı 2-1 yendikleri maçta gol atan Messi, böylece Cristiano Ronaldo 'yu geride bırakarak 702 golle Avrupa kulüp futbolunda en çok gol atan futbolcu olmayı başardı. 2 Mayıs'ta Messi, tanıtım amaçlı bir ticari anlaşmanın parçası olarak ailesiyle Suudi Arabistan 'a izinsiz bir gezi yaptığı için takımdan iki hafta süreyle uzaklaştırıldı ve para cezasına çarptırıldı. 3 Mayıs'ta, Messi'nin sözleşmesinin bitmesiyle kulüpten ayrılacağı bildirildi."
PSG | Paris Saint-Germain,(https://tr.wikipedia.org/wiki/Paris_Saint-Germain_FC),7,"Lionel Messi#9: Sözleşmesinin bitişiyle beraber Ağustos 2021'de Paris Saint-Germain 'le anlaştı. | Lionel Messi#124: 10 Ağustos 2021'de Ligue 1 takımlarından Paris Saint-Germain 'e transfer oldu ve 2+1 yıllık sözleşme imzaladı. | Lionel Messi#139: 1 Haziran'da teknik direktör Christophe Galtier , Clermont ile oynanacak maçın Messi'nin kulüpteki son maçı olacağını doğruladı. 3 Haziran 2023 tarihinde Paris Saint-Germain ile sözleşmesi bittiği için resmi olarak ayrılığı kulüp başkanı Nasır el-Halifi tarafından duyuruldu. | Lionel MessiCard#15: Paris Saint-Germain | Lionel Messi#136: Messi, 26 Şubat'ta PSG 'nin Marsilya 'yı 3-0 yendiği maçta bir gol atmayı başardı. | Lionel Messi#140: PSG 'den ayrıldığının doğrulanmasının ardından, 5 Haziran 2023'e kadar Barcelona başkanı Joan Laporta 'ya iletildi. | Lionel Messi#145: Messi'nin normal sezondaki ilk golü, oyların %89,7'sini alarak Maç Gününün Golünü kazandırdı. 30 Ekim'de, Arjantin 'le kazandığı Dünya Kupası ve PSG ile Ligue 1 kupasını kazanan Messi, rekora imza atan sekizinci Ballon d'Or ile ödüllendirildi."
UEFA Şampiyonlar Ligi | Şampiyonlar Ligi,(https://tr.wikipedia.org/wiki/UEFA_%C5%9Eampiyonlar_Ligi),6,"Lionel Messi#4: Kulüpten ayrılmadan önce bütün profesyonel kariyerini Barcelona 'da geçirmiş; orada on La Liga şampiyonluğu, yedi Copa del Rey ve dört UEFA Şampiyonlar Ligi de dâhil olmak üzere 35 kupa kazanmış, toplamda ise 46 kupa kazanmıştır. La Liga'da en çok gol (474) atan, en çok Hat trick (36) yapan ve en çok asist (192) yapan oyuncu rekorlarını elinde tutmaktadır. | Lionel Messi#128: Paris ekibiyle ilk UEFA Şampiyonlar Ligi maçına 15 Eylül'de oynanan ve 1-1'lik sonuçla tamamlanan Club Brugge maçında çıktı. | Lionel Messi#130: 2 Ocak 2022'de PSG, Messi'nin COVID-19 testinin pozitif çıktığını ve bunun sonucunda iki lig ve bir kupa maçını kaçıracağını duyurdu. 23 Ocak'ta takıma geri dönen Messi, yedekten girdiği maçta Reims 'i 4-0 mağlup ettikleri maçta 1 asist yapmayı başardı. UEFA Şampiyonlar Ligi 'nde son 16 turunda İspanyol takımı Real Madrid 'e elenmelerinin ardından 13 Mart'ta ligde oynadıkları Bordeaux maçında takım arkadaşı Neymar ile birlikte bazı PSG taraftarları tarafından yuhalandı. | Lionel Messi#135: 5 Ekim'de UEFA Şampiyonlar Ligi 'nde Benfica 'ya karşı oynayan Messi, maçta bir gol kaydederek Şampiyonlar Ligi tarihinde 40 farklı takıma gol atan ilk futbolcu olarak tarihe geçti. | Lionel Messi#35: Messi, 26 Eylül 2005 tarihinde İspanya vatandaşlığı hakkını kazandı. 27 Eylül'de İtalyan kulüp Udinese 'ye karşı oynadığı ilk Şampiyonlar Ligi maçına kendi evinde çıktı. | Lionel Messi#105: 2019-20 sezonunda Barcelona, Supercopa de España 'da yarı finalde Atlético Madrid 'e, Copa del Rey 'de çeyrek finalde Athletic Bilbao 'ya elendi; La Liga şampiyonluğunu Real Madrid 'e kaptırdı. Şampiyonlar Ligi 'nde ise Bayern Münih 'e çeyrek finalde 2-8 mağlup olarak büyük bir hezimet yaşadı."
La Liga | La Liga'da,(https://tr.wikipedia.org/wiki/La_Liga),6,"Lionel Messi#4: Kulüpten ayrılmadan önce bütün profesyonel kariyerini Barcelona 'da geçirmiş; orada on La Liga şampiyonluğu, yedi Copa del Rey ve dört UEFA Şampiyonlar Ligi de dâhil olmak üzere 35 kupa kazanmış, toplamda ise 46 kupa kazanmıştır. La Liga'da en çok gol (474) atan, en çok Hat trick (36) yapan ve en çok asist (192) yapan oyuncu rekorlarını elinde tutmaktadır. | Lionel Messi#27: Messi, böylece La Liga maçına çıkan en genç oyuncu oldu. Bu rekor Eylül 2007'de Bojan Krkić tarafından kırılacaktı. | Lionel Messi#105: 2019-20 sezonunda Barcelona, Supercopa de España 'da yarı finalde Atlético Madrid 'e, Copa del Rey 'de çeyrek finalde Athletic Bilbao 'ya elendi; La Liga şampiyonluğunu Real Madrid 'e kaptırdı. Şampiyonlar Ligi 'nde ise Bayern Münih 'e çeyrek finalde 2-8 mağlup olarak büyük bir hezimet yaşadı. | Lionel Messi#114: Aynı gün La Liga yönetimi, Messi'nin yalnızca 700 milyon avroluk serbest kalma bedeli ödendiğinde Barcelona'dan ayrılabileceğini açıkladı. | Lionel Messi#233: Bir yılda en çok gol atan futbolcu (91) gol ile, La Liga tarihinin bir sezonda en çok gol atan futbolcusu (50) | Lionel Messi#91: Yeni teknik direktör ve eski kaptan Luis Enrique yönetiminde Messi, 2014-15 sezonuna büyük ölçüde sakatlıksız bir başlangıç yaptı ve yılın sonuna doğru uzun süredir devam eden üç rekor daha kırmasına izin verdi. 22 Kasım'da Sevilla'ya karşı attığı bir hat-trick, onu La Liga'da tüm zamanların en çok gol atan oyuncusu yaptı ve Telmo Zarra'nın elinde tuttuğu 251 lig golüyle 59 yıllık rekoru geride bıraktı. 7 Aralık'ta şehirdeki rakipleri Espanyol'a karşı attığı üçüncü bir hat-trick, Derbi barceloní'de 12 golle tüm zamanların en çok gol atan oyuncusu olarak César Rodríguez 'i geçmesini sağladı."
Rosario,(https://tr.wikipedia.org/wiki/Rosario),5,"Lionel Messi#1: Lionel Andrés Messi [a] (d. 24 Haziran 1987, Rosario ), ayrıca Leo Messi olarak da bilinir, Major League Soccer takımlarından Inter Miami 'de forma giyen ve Arjantin millî takımının kaptanlığını yapan Arjantinli futbolcudur . | Lionel Messi#6: Arjantin 'in Rosario şehrinde dünyaya gelen Messi, futbola sekiz yaşındayken şehrin takımı olan Newell's Old Boys 'da başladı. 13 yaşındayken büyüme hormonu eksikliği tedavisi görmesi ve futbola Barcelona'da devam etmesi için İspanya 'nın Barselona şehrine taşındı. | Lionel Messi#19: Messi, 24 Haziran 1987 tarihinde Arjantin 'in Santa Fe eyaletine bağlı Rosario şehrinde dünyaya geldi. | Lionel Messi#211: Messi ilk olarak doğum yeri Rosario 'dan Macarena Lemos ile aşk yaşadı. 2006 FIFA Dünya Kupası öncesi, Rosario'da tedavi gördüğü sıra, Lemos'un babası tarafından tanıştırıldığı söylendi. | Lionel MessiCard#3: Rosario , Arjantin"
Inter Miami,(https://tr.wikipedia.org/wiki/Inter_Miami_CF),5,"Lionel Messi#1: Lionel Andrés Messi [a] (d. 24 Haziran 1987, Rosario ), ayrıca Leo Messi olarak da bilinir, Major League Soccer takımlarından Inter Miami 'de forma giyen ve Arjantin millî takımının kaptanlığını yapan Arjantinli futbolcudur . | Lionel Messi#141: Fakat mali kısıtlamalar nedeniyle onu kadrosuna katamadı. 15 Temmuz 2023'te MLS takımlarından Inter Miami 'ye transfer oldu ve 2025'e kadar sözleşme imzaladı. | Lionel Messi#148: Inter Miami 'nin Şubat 2024'teki sezon öncesi hazırlık döneminde Messi, Hong Kong Stadyumu 'nda Hong Kong Ligi oyuncularıyla bir gösteri maçı oynayacaktı. | Lionel MessiCard#6: Inter Miami | Lionel MessiCard#16: Inter Miami"
Andrés Iniesta | Iniesta,(https://tr.wikipedia.org/wiki/Andr%C3%A9s_Iniesta),5,"Lionel Messi#8: Takip eden üç sezonda da Ballon d'Or kazanarak tarihte bu ödülü üst üste dört kez kazanan ilk ve tek futbolcu oldu. 2011-12 sezonunda lig ve Avrupa için toplamda 73 gol atarak rekor kırarken aynı sezon Barcelona tarihinin en golcü futbolcusu oldu. Sonraki iki sezonun Ballon d'Or listesinde Ronaldo'nun arkasında yer aldı. 2014-15 sezonunda yeniden Şampiyonlar Ligi'ni kazanarak sezonu üç kupayla bitirdi ve beşinci Ballon d'Or'unu kazandı. Andrés Iniesta 'nın takımdan ayrılmasıyla 2018'de Barcelona kaptanı olan Messi, 2019'da altıncı kez Ballon d'Or ödülünü kazandı. | Lionel Messi#50: Messi, Şampiyonlar Ligi yarı finalinde Andrés Iniesta 'nın duraklama dakikalarında attığı golün hazırlanışında yer aldı ve Chelsea 'yi geçen Barcelona, finalde Manchester United 'ın rakibi oldu. 13 Mayıs'ta, Copa del Rey finalinde Athletic Bilbao 'yu 4-1 yenerlerken, Messi, bir gol iki asist yaptı ve ilk Copa del Rey 'i kazandı. | Lionel Messi#101: Mayıs 2018'de eski kaptan Andrés Iniesta 'nın ayrılmasıyla Messi, bir sonraki sezon için takımın yeni kaptanı seçildi. 12 Ağustos'ta, Sevilla'ya karşı 2-1 galibiyetin ardından Barcelona'nın kaptanı Supercopa de España olarak ilk unvanını kaldırdı. 19 Ağustos'ta Messi, Barcelona'nın sezonun ilk La Liga maçında Alavés'i 3-0 mağlup etmesine yardımcı olmak için iki gol attı ve ilk golü, zıplayan Alavés duvarının altından yuvarladığı bir serbest vuruşla Barcelona'nın 6000. golü olarak tarihe geçti. 1 | Lionel Messi#59: 19 Aralık 2009 tarihinde Messi, FIFA Kulüpler Dünya Kupası finalinde Abu Dabi 'de Estudiantes 'e galibiyet golünü attı ve bu kupayı takımına kazandırdı. 2 gün sonra, FIFA Dünyada Yılın Futbolcusu Ödülü'nü Cristiano Ronaldo , Xavi , Kaká ve Iniesta 'yı geçerek aldı. | Lionel Messi#65: Messi, takım arkadaşları; Xavi ve Iniesta 'yı geçerek FIFA Yılın Oyuncusu ödülüne layık görüldü."
2014 Dünya Kupası | 2014 FIFA Dünya Kupası | Dünya Kupası,(https://tr.wikipedia.org/wiki/2014_FIFA_D%C3%BCnya_Kupas%C4%B1),5,"Lionel Messi#12: Oyun tarzlarındaki benzerlik sebebiyle vatandaşı Diego Maradona 'yla karşılaştırıldı ve onun halefi olarak görülmeye başlandı. 2005 Ağustos'tan beri millî takım forması giyen Messi; 2006 'da bir Dünya Kupası 'nda oynayan ve gol atan en genç Arjantinli oldu. Turnuvanın en iyi genç oyuncusu seçildiği 2007 Copa América 'da finalde Brezilya 'ya 3-0 kaybetti. 2008 Yaz Olimpiyatları 'nda takımıyla bir altın madalya kazandı. 2011'de millî takım kaptanı olmasından itibaren takımını 2014 Dünya Kupası 'nda; 2015 ve 2016 Copa América'da finale taşıdı; ilk ikisinde turnuvanın en iyi oyuncusu seçildi ancak oynadığı üç finali de kaybetti. 2016'da millî takımdan emekliliğini duyurmasının ardından kararından geri dönerek takımını 2018 Dünya Kupası 'na götürdü, 2019 Copa América 'da üçüncü oldu ve 2021 Copa América 'da finalde Brezilya'yı yenerek ilk şampiyonluğunu kazandı. | Lionel Messi#92: Messi, 2014 FIFA Ballon d'Or 'da Cristiano Ronaldo 'nun arkasında ikinci oldu. Bu ikincilik büyük ölçüde Arjantin 'in Dünya Kupası 'nda elde ettiği ikincilik başarısı sayesindedir. | Lionel Messi#198: Messi, 2014 FIFA Dünya Kupası 'da Arjantin millî futbol takımının kadrosunda kaptan olarak kendine yer buldu. | Lionel Messi#199: Grup aşamasında attığı 4 Gol ile takımının son 16'ya kalmasında büyük rol oynadı. Arjantin bu şekilde finale kadar yükseldi; ancak finalde Almanya'ya Mario Götze 'nin uzatmalarda attığı gol ile 1-0 mağlup oldu ve 2014 FIFA Dünya Kupası 'nı 2. olarak tamamladı. | Lionel Messi#200: Messi, 2014 FIFA Dünya Kupası 'nın en iyi futbolcusu seçilerek Altın Top Ödülü 'nü kazanmıştır."
İspanya,(https://tr.wikipedia.org/wiki/%C4%B0spanya),5,"Lionel Messi#6: Arjantin 'in Rosario şehrinde dünyaya gelen Messi, futbola sekiz yaşındayken şehrin takımı olan Newell's Old Boys 'da başladı. 13 yaşındayken büyüme hormonu eksikliği tedavisi görmesi ve futbola Barcelona'da devam etmesi için İspanya 'nın Barselona şehrine taşındı. | Lionel Messi#23: Deneme sürecinin ardından Messi'ye, İspanya 'ya taşınması hâlinde sağlık masraflarını karşılayacağını yazan bir sözleşme önerdi. | Lionel Messi#35: Messi, 26 Eylül 2005 tarihinde İspanya vatandaşlığı hakkını kazandı. 27 Eylül'de İtalyan kulüp Udinese 'ye karşı oynadığı ilk Şampiyonlar Ligi maçına kendi evinde çıktı. | Lionel Messi#216: Kuzenlerinden Maxi Biancucchi , Paraguay 'ın Club Olimpia takımında, Emanuel Biancucchi ise İspanya 'nın Independiente takımında oynamaktadır. | Lionel Messi#220: Fundación Leo Messi; merkezi İspanya 'da ve Arjantinli fakir çocuklara yiyecek, içecek, eğitim, sağlık, ulaşım, tedavi, vs. masraflarını karşılıyor."
Ligue 1,(https://tr.wikipedia.org/wiki/Ligue_1),5,"Lionel Messi#124: 10 Ağustos 2021'de Ligue 1 takımlarından Paris Saint-Germain 'e transfer oldu ve 2+1 yıllık sözleşme imzaladı. | Lionel Messi#127: Messi, kulüpteki ilk maçına 29 Ağustos'ta Ligue 1 'de deplasmanda 2-0 kazandıkları Reims maçında yedekten oyuna girerek çıktı. | Lionel Messi#129: Kulüpteki ilk golünü 28 Eylül'de UEFA Şampiyonlar Ligi'nde oynadıkları ve 2-0 kazandıkları Manchester City maçında kaydetti. Ligue 1 'deki ilk golünü 21 Kasım'da 3-1 kazandıkları Nantes maçında attı. 29 Kasım'da yedinci kez Ballon d'Or ödülünü kazandı. | Lionel Messi#132: Messi, ilk sezonunda Ligue 1 'de 6 gol kaydetti ve 2005-2006 sezonundan bu yana ligde ilk kez çift haneli gol sayısına ulaşamadı. | Lionel Messi#145: Messi'nin normal sezondaki ilk golü, oyların %89,7'sini alarak Maç Gününün Golünü kazandırdı. 30 Ekim'de, Arjantin 'le kazandığı Dünya Kupası ve PSG ile Ligue 1 kupasını kazanan Messi, rekora imza atan sekizinci Ballon d'Or ile ödüllendirildi."
Copa del Rey,(https://tr.wikipedia.org/wiki/Copa_del_Rey),4,"Lionel Messi#4: Kulüpten ayrılmadan önce bütün profesyonel kariyerini Barcelona 'da geçirmiş; orada on La Liga şampiyonluğu, yedi Copa del Rey ve dört UEFA Şampiyonlar Ligi de dâhil olmak üzere 35 kupa kazanmış, toplamda ise 46 kupa kazanmıştır. La Liga'da en çok gol (474) atan, en çok Hat trick (36) yapan ve en çok asist (192) yapan oyuncu rekorlarını elinde tutmaktadır. | Lionel Messi#44: Messi 2009 yılında ilk hat-trick'ini Copa del Rey maçında Atletico Madrid'i 3-1 yenerlerken kaydetti. | Lionel Messi#50: Messi, Şampiyonlar Ligi yarı finalinde Andrés Iniesta 'nın duraklama dakikalarında attığı golün hazırlanışında yer aldı ve Chelsea 'yi geçen Barcelona, finalde Manchester United 'ın rakibi oldu. 13 Mayıs'ta, Copa del Rey finalinde Athletic Bilbao 'yu 4-1 yenerlerken, Messi, bir gol iki asist yaptı ve ilk Copa del Rey 'i kazandı. | Lionel Messi#105: 2019-20 sezonunda Barcelona, Supercopa de España 'da yarı finalde Atlético Madrid 'e, Copa del Rey 'de çeyrek finalde Athletic Bilbao 'ya elendi; La Liga şampiyonluğunu Real Madrid 'e kaptırdı. Şampiyonlar Ligi 'nde ise Bayern Münih 'e çeyrek finalde 2-8 mağlup olarak büyük bir hezimet yaşadı."
Meksika,(https://tr.wikipedia.org/wiki/Meksika_mill%C3%AE_futbol_tak%C4%B1m%C4%B1),4,"Lionel Messi#172: Sonraki Meksika maçında, Messi 84. dakikada oyuna girdi. | Lionel Messi#182: Yarı finalde de Meksika karşısında alınan 3-0'lık galibiyette Messi, Oswaldo Sánchez 'in üstünden aşırttığı topla golü buldu. | Lionel Messi#192: Messi, Son 16'da Arjantin - Meksika maçında Carlos Tevez 'e asist yaptı ve Arjantin, Meksika karşısında maçı 3-1 kazandı. | Lionel Messi#203: Turnuvada takımın birinci kaptanı olan Messi, grup aşamasının ilk maçında Suudi Arabistan 'a karşı bir penaltı golü attı. Ardından Meksika maçında ceza sahası dışından yerden vurduğu şutla takımını öne geçirdi; ikinci golün asistini yaptı."
MLS | Major League Soccer,(https://tr.wikipedia.org/wiki/Major_League_Soccer),4,"Lionel Messi#112: Messi, Pep Guardiola ile görüştü ve Manchester City 'de oynamak istediğini söyledi. 27 Ağustos tarihli habere göre Messi, Manchester City ile anlaştı. 3 yıllık sözleşme imzalayacak, Barça'da aldığı ücreti alacak ve 10 numarayı giyecekti. 3 yılın ardından MLS takımlarından New York City 'ye transfer olacak ve orada da 2 yıl oynadıktan sonra futbolu bırakacaktı. | Lionel Messi#141: Fakat mali kısıtlamalar nedeniyle onu kadrosuna katamadı. 15 Temmuz 2023'te MLS takımlarından Inter Miami 'ye transfer oldu ve 2025'e kadar sözleşme imzaladı. | Lionel Messi#144: Messi, MLS 'deki ilk maçına 26 Ağustos'ta çıktı, 60. dakikada yedek olarak oyuna girdi ve deplasmanda New York Red Bulls 'a karşı alınan 2-0'lık galibiyette geç bir gol atarak Inter Miami'nin ligdeki on bir maçlık galibiyet serisine son verdi. | Lionel Messi#1: Lionel Andrés Messi [a] (d. 24 Haziran 1987, Rosario ), ayrıca Leo Messi olarak da bilinir, Major League Soccer takımlarından Inter Miami 'de forma giyen ve Arjantin millî takımının kaptanlığını yapan Arjantinli futbolcudur ."
Arjantin | Arjantinli,(https://tr.wikipedia.org/wiki/Arjantin),4,"Lionel Messi#220: Fundación Leo Messi; merkezi İspanya 'da ve Arjantinli fakir çocuklara yiyecek, içecek, eğitim, sağlık, ulaşım, tedavi, vs. masraflarını karşılıyor. | Lionel Messi#6: Arjantin 'in Rosario şehrinde dünyaya gelen Messi, futbola sekiz yaşındayken şehrin takımı olan Newell's Old Boys 'da başladı. 13 yaşındayken büyüme hormonu eksikliği tedavisi görmesi ve futbola Barcelona'da devam etmesi için İspanya 'nın Barselona şehrine taşındı. | Lionel Messi#19: Messi, 24 Haziran 1987 tarihinde Arjantin 'in Santa Fe eyaletine bağlı Rosario şehrinde dünyaya geldi. | Lionel MessiCard#3: Rosario , Arjantin"
Atletico Madrid | Atlético Madrid,(https://tr.wikipedia.org/wiki/Atl%C3%A9tico_Madrid),4,"Lionel Messi#85: 28 Ağustos'ta Barcelona 11. kez İspanya süper kupasını Atletico Madrid karşısında kazandı. | Lionel Messi#41: Sonraki lig maçı Messi ile çok yakın arkadaşı Sergio Agüero 'nun karşı karşıya geldiği Barcelona - Atlético Madrid maçıydı. | Lionel Messi#66: Messi, bu ödülde üst üste 4 yıl aday gösterilmişti. 5 Şubat 2011 tarihinde Barcelona, evinde Atlético Madrid 'i 3-0 yendi ve 16 maçlık yenilmezlik serisi sonrasında Barcelona, yenilmezlik rekorunu kırdı. | Lionel Messi#105: 2019-20 sezonunda Barcelona, Supercopa de España 'da yarı finalde Atlético Madrid 'e, Copa del Rey 'de çeyrek finalde Athletic Bilbao 'ya elendi; La Liga şampiyonluğunu Real Madrid 'e kaptırdı. Şampiyonlar Ligi 'nde ise Bayern Münih 'e çeyrek finalde 2-8 mağlup olarak büyük bir hezimet yaşadı."
Ballon d'Or,(https://tr.wikipedia.org/wiki/Ballon_d%27Or),4,"Lionel Messi#3: Sekiz Ballon d'Or ve altı Altın Ayakkabı kazanarak iki ödülde de rekor kıran oyuncu, 2020 yılında Ballon d'Or Rüya Takımına seçilmiştir. | Lionel Messi#56: 1 Aralık 2009 tarihinde ise Messi, Ballon d'Or 'nu kazandı. | Lionel Messi#129: Kulüpteki ilk golünü 28 Eylül'de UEFA Şampiyonlar Ligi'nde oynadıkları ve 2-0 kazandıkları Manchester City maçında kaydetti. Ligue 1 'deki ilk golünü 21 Kasım'da 3-1 kazandıkları Nantes maçında attı. 29 Kasım'da yedinci kez Ballon d'Or ödülünü kazandı. | Lionel Messi#145: Messi'nin normal sezondaki ilk golü, oyların %89,7'sini alarak Maç Gününün Golünü kazandırdı. 30 Ekim'de, Arjantin 'le kazandığı Dünya Kupası ve PSG ile Ligue 1 kupasını kazanan Messi, rekora imza atan sekizinci Ballon d'Or ile ödüllendirildi."
2006 | 2006 FIFA Dünya Kupası | Dünya Kupası,(https://tr.wikipedia.org/wiki/2006_FIFA_D%C3%BCnya_Kupas%C4%B1),3,"Lionel Messi#166: 2005-06 sezonunun sonunda sakatlığı nedeniyle iki ay forma giyemeyen Messi'nin bu sakatlığı Dünya Kupası 'na katılmasını tehlikeye sokmuştu. | Lionel Messi#12: Oyun tarzlarındaki benzerlik sebebiyle vatandaşı Diego Maradona 'yla karşılaştırıldı ve onun halefi olarak görülmeye başlandı. 2005 Ağustos'tan beri millî takım forması giyen Messi; 2006 'da bir Dünya Kupası 'nda oynayan ve gol atan en genç Arjantinli oldu. Turnuvanın en iyi genç oyuncusu seçildiği 2007 Copa América 'da finalde Brezilya 'ya 3-0 kaybetti. 2008 Yaz Olimpiyatları 'nda takımıyla bir altın madalya kazandı. 2011'de millî takım kaptanı olmasından itibaren takımını 2014 Dünya Kupası 'nda; 2015 ve 2016 Copa América'da finale taşıdı; ilk ikisinde turnuvanın en iyi oyuncusu seçildi ancak oynadığı üç finali de kaybetti. 2016'da millî takımdan emekliliğini duyurmasının ardından kararından geri dönerek takımını 2018 Dünya Kupası 'na götürdü, 2019 Copa América 'da üçüncü oldu ve 2021 Copa América 'da finalde Brezilya'yı yenerek ilk şampiyonluğunu kazandı. | Lionel Messi#211: Messi ilk olarak doğum yeri Rosario 'dan Macarena Lemos ile aşk yaşadı. 2006 FIFA Dünya Kupası öncesi, Rosario'da tedavi gördüğü sıra, Lemos'un babası tarafından tanıştırıldığı söylendi."
Newell's Old Boys,(https://tr.wikipedia.org/wiki/CA_Newell%27s_Old_Boys),3,"Lionel Messi#6: Arjantin 'in Rosario şehrinde dünyaya gelen Messi, futbola sekiz yaşındayken şehrin takımı olan Newell's Old Boys 'da başladı. 13 yaşındayken büyüme hormonu eksikliği tedavisi görmesi ve futbola Barcelona'da devam etmesi için İspanya 'nın Barselona şehrine taşındı. | Lionel Messi#22: Messi 5 yaşında, babasının antrenörlüğünü yaptığı Grandoli adlı futbol takımında forma giymeye başladı. 1995'te, doğduğu şehir Rosairo'nun takımı Newell's Old Boys 'un altyapısına geçti. 11 yaşında kendisine büyüme hormonu eksikliği teşhisi konuldu. Primera División (Arjantin) ekiplerinden River Plate , Messi'nin tedavisine yardım etmek istese de aylık 900 $'lık tedavi masrafını karşılayacak paraları olmadığını söylediler. Barcelona 'nın sportif direktörü Carles Rexach , Messi'nin Lleida , Katalonya 'daki akrabaları sayesinde kendisinin yeteneğinden haberdardı ve bir müddet sonra oyuncu ile babasına deneme süreci önerdi. | Lionel MessiCard#9: Newell's Old Boys"
Espanyol | Espanyol'a,(https://tr.wikipedia.org/wiki/RCD_Espanyol),3,"Lionel Messi#91: Yeni teknik direktör ve eski kaptan Luis Enrique yönetiminde Messi, 2014-15 sezonuna büyük ölçüde sakatlıksız bir başlangıç yaptı ve yılın sonuna doğru uzun süredir devam eden üç rekor daha kırmasına izin verdi. 22 Kasım'da Sevilla'ya karşı attığı bir hat-trick, onu La Liga'da tüm zamanların en çok gol atan oyuncusu yaptı ve Telmo Zarra'nın elinde tuttuğu 251 lig golüyle 59 yıllık rekoru geride bıraktı. 7 Aralık'ta şehirdeki rakipleri Espanyol'a karşı attığı üçüncü bir hat-trick, Derbi barceloní'de 12 golle tüm zamanların en çok gol atan oyuncusu olarak César Rodríguez 'i geçmesini sağladı. | Lionel Messi#26: Bundan bir yıl sonra Frank Rijkaard , 16 Ekim 2004 tarihinde Espanyol maçında Messi'ye forma şansı verdi ve Messi, daha 17 yaş 114 günlükken ilk lig maçına çıktı. | Lionel Messi#81: 2 Mayıs 2012 tarihinde ise Malaga karşısında yine hat-trick yaptı ve 68. golüne ulaşarak Gerd Müller 'in 1972-73 sezonunda attığı 67 golün rekorunu kırarak Avrupa 'da bir sezonda en çok gol atan futbolcu unvanını elinde bulundurdu. 5 Mayıs 2012 tarihinde Barselona derbisi mücadelesinde Espanyol karşısında 4-0 kazanılan maçta ikisi penaltıdan olmak üzere dördünü de (aynı zamanda 72. golünü) attı ve böylece 1924-25 sezonunda Dünyada toplam 70 gol atan Archie Stark 'ın da rekorunu kırmış oldu."
Xavi,(https://tr.wikipedia.org/wiki/Xavi),3,"Lionel Messi#59: 19 Aralık 2009 tarihinde Messi, FIFA Kulüpler Dünya Kupası finalinde Abu Dabi 'de Estudiantes 'e galibiyet golünü attı ve bu kupayı takımına kazandırdı. 2 gün sonra, FIFA Dünyada Yılın Futbolcusu Ödülü'nü Cristiano Ronaldo , Xavi , Kaká ve Iniesta 'yı geçerek aldı. | Lionel Messi#65: Messi, takım arkadaşları; Xavi ve Iniesta 'yı geçerek FIFA Yılın Oyuncusu ödülüne layık görüldü. | Lionel Messi#75: Messi, 2011 yılında takım arkadaşı Xavi ve Cristiano Ronaldo 'yu geçerek "" UEFA Avrupa'da En İyi Oyuncu Ödülü ""'nü kazandı."
Brezilya,(https://tr.wikipedia.org/wiki/Brezilya_mill%C3%AE_futbol_tak%C4%B1m%C4%B1),3,"Lionel Messi#12: Oyun tarzlarındaki benzerlik sebebiyle vatandaşı Diego Maradona 'yla karşılaştırıldı ve onun halefi olarak görülmeye başlandı. 2005 Ağustos'tan beri millî takım forması giyen Messi; 2006 'da bir Dünya Kupası 'nda oynayan ve gol atan en genç Arjantinli oldu. Turnuvanın en iyi genç oyuncusu seçildiği 2007 Copa América 'da finalde Brezilya 'ya 3-0 kaybetti. 2008 Yaz Olimpiyatları 'nda takımıyla bir altın madalya kazandı. 2011'de millî takım kaptanı olmasından itibaren takımını 2014 Dünya Kupası 'nda; 2015 ve 2016 Copa América'da finale taşıdı; ilk ikisinde turnuvanın en iyi oyuncusu seçildi ancak oynadığı üç finali de kaybetti. 2016'da millî takımdan emekliliğini duyurmasının ardından kararından geri dönerek takımını 2018 Dünya Kupası 'na götürdü, 2019 Copa América 'da üçüncü oldu ve 2021 Copa América 'da finalde Brezilya'yı yenerek ilk şampiyonluğunu kazandı. | Lionel Messi#163: Messi, 17 Kasım 2010 tarihinde Katar 'ın Doha şehrinde yapılan hazırlık maçında Brezilya 'ya karşı son dakikalarda gol attı ve Arjantin maçı 1-0 kazandı. | Lionel Messi#183: Ancak Messi'nin de ilk 11'de başladığı final maçında Brezilya 'ya 3-0 yenildiler."
Avrupa | Avrupa'nın,(https://tr.wikipedia.org/wiki/Avrupa),3,"Lionel Messi#24: Kısa süre sonra ailesiyle birlikte Avrupa 'ya taşındı ve kulübün genç takımında oynamaya başladı. | Lionel Messi#81: 2 Mayıs 2012 tarihinde ise Malaga karşısında yine hat-trick yaptı ve 68. golüne ulaşarak Gerd Müller 'in 1972-73 sezonunda attığı 67 golün rekorunu kırarak Avrupa 'da bir sezonda en çok gol atan futbolcu unvanını elinde bulundurdu. 5 Mayıs 2012 tarihinde Barselona derbisi mücadelesinde Espanyol karşısında 4-0 kazanılan maçta ikisi penaltıdan olmak üzere dördünü de (aynı zamanda 72. golünü) attı ve böylece 1924-25 sezonunda Dünyada toplam 70 gol atan Archie Stark 'ın da rekorunu kırmış oldu. | Lionel Messi#96: Messi, yılı 51 golle tamamlayarak Zlatan Ibrahimović'in bir önünde Avrupa'nın en çok gol atan oyuncusu oldu. 2016 Ballon d'Or'da ikinci olduktan sonra, 9 Ocak 2017'de Messi, 2016 En İyi FIFA Erkek Oyuncu Ödülü'nü bir kez daha Cristiano Ronaldo'nun arkasında ikinci sırada tamamladı."
Christophe Galtier,(https://tr.wikipedia.org/wiki/Christophe_Galtier),2,"Lionel Messi#133: Messi, takımın yeni teknik direktörü Christophe Galtier 'in gelmesiyle Neymar ve Kylian Mbappé 'nin arkasında ""oyun kurucu"" rolüne geçti. | Lionel Messi#139: 1 Haziran'da teknik direktör Christophe Galtier , Clermont ile oynanacak maçın Messi'nin kulüpteki son maçı olacağını doğruladı. 3 Haziran 2023 tarihinde Paris Saint-Germain ile sözleşmesi bittiği için resmi olarak ayrılığı kulüp başkanı Nasır el-Halifi tarafından duyuruldu."
Arjantinli,(https://tr.wikipedia.org/wiki/Arjantinliler),2,"Lionel Messi#1: Lionel Andrés Messi [a] (d. 24 Haziran 1987, Rosario ), ayrıca Leo Messi olarak da bilinir, Major League Soccer takımlarından Inter Miami 'de forma giyen ve Arjantin millî takımının kaptanlığını yapan Arjantinli futbolcudur . | Lionel Messi#212: Eskiden Arjantinli model Luciana Salazar ile aşk yaşadığı söylentileri de çıktı."
Malaga,(https://tr.wikipedia.org/wiki/M%C3%A1laga_CF),2,"Lionel Messi#47: La Liga'nın 28. haftasında Messi, Malaga 'yı 6-0 yenerlerken sezon içindeki 30. golünü attı. 8 Nisan 2009 tarihinde Şampiyonlar Ligi'nde Bayern Münih 'e iki gol atarken, bu turnuvada 8 gol atarak kendi rekorunu kırdı. 18 Nisan 2009 tarihinde Getafe 'yi 1-0 yenerlerken, 20. lig golünü atmış oldu. Böylece ligde Barcelona ile Real Madrid 'in arasında 6 puan fark olmasını ve Barcelona'nın Real Madrid ile yapacağı maç öncesinde haftaya avantajlı girmesini sağladı. | Lionel Messi#81: 2 Mayıs 2012 tarihinde ise Malaga karşısında yine hat-trick yaptı ve 68. golüne ulaşarak Gerd Müller 'in 1972-73 sezonunda attığı 67 golün rekorunu kırarak Avrupa 'da bir sezonda en çok gol atan futbolcu unvanını elinde bulundurdu. 5 Mayıs 2012 tarihinde Barselona derbisi mücadelesinde Espanyol karşısında 4-0 kazanılan maçta ikisi penaltıdan olmak üzere dördünü de (aynı zamanda 72. golünü) attı ve böylece 1924-25 sezonunda Dünyada toplam 70 gol atan Archie Stark 'ın da rekorunu kırmış oldu."
Real Betis | Real Betis'i,(https://tr.wikipedia.org/wiki/Real_Betis),2,"Lionel Messi#86: Messi 10 Kasım'da Real Betis 'i 4-1 yendikleri maçta sakatlandı ve Ocak 2014'te kadar sahalardan uzak kaldı. | Lionel Messi#94: Messi, 2015-16 sezonunu, UEFA Süper Kupası'nda Barcelona'nın Sevilla'ya karşı 5-4 galibiyetinde (uzatmaların ardından) serbest vuruşlardan iki gol atarak açtı. 16 Eylül'de, deplasmanda Roma ile 1-1 berabere kaldığı UEFA Şampiyonlar Ligi'nde 100 maça çıkan en genç oyuncu oldu. Dizinden sakatlandıktan sonra 21 Kasım'da sahaya döndü ve El Clásico'da Barcelona'nın deplasmanda Real Madrid'i 4-0 yendiği maçta yedek oyuncu olarak yer aldı. Messi, 2015 FIFA Kulüpler Dünya Kupası Finalini kazanarak yılı kapattı. 20 Aralık'ta, Barcelona'nın Yokohama'da River Plate'i 3-0 mağlup etmesiyle 2015'in beşinci kulüp kupasını topladı. 30 Aralık'ta Messi, Barcelona formasıyla 500. kez Real Betis'i 4-0 yendikleri maçta gol attı."
2021 Copa América,(https://tr.wikipedia.org/wiki/2021_Copa_Am%C3%A9rica),2,"Lionel Messi#12: Oyun tarzlarındaki benzerlik sebebiyle vatandaşı Diego Maradona 'yla karşılaştırıldı ve onun halefi olarak görülmeye başlandı. 2005 Ağustos'tan beri millî takım forması giyen Messi; 2006 'da bir Dünya Kupası 'nda oynayan ve gol atan en genç Arjantinli oldu. Turnuvanın en iyi genç oyuncusu seçildiği 2007 Copa América 'da finalde Brezilya 'ya 3-0 kaybetti. 2008 Yaz Olimpiyatları 'nda takımıyla bir altın madalya kazandı. 2011'de millî takım kaptanı olmasından itibaren takımını 2014 Dünya Kupası 'nda; 2015 ve 2016 Copa América'da finale taşıdı; ilk ikisinde turnuvanın en iyi oyuncusu seçildi ancak oynadığı üç finali de kaybetti. 2016'da millî takımdan emekliliğini duyurmasının ardından kararından geri dönerek takımını 2018 Dünya Kupası 'na götürdü, 2019 Copa América 'da üçüncü oldu ve 2021 Copa América 'da finalde Brezilya'yı yenerek ilk şampiyonluğunu kazandı. | Lionel Messi#201: 2021 Copa América , Messi için millî takım kariyerindeki en önemli an sayılabilir. 34 yaşına kadar Arjantin millî takımı ile hiçbir şampiyonluk elde edemeyen Messi, kariyerinin ilk millî takım şampiyonluğunu bu turnuvada elde etmiştir."
Neymar,(https://tr.wikipedia.org/wiki/Neymar),2,"Lionel Messi#130: 2 Ocak 2022'de PSG, Messi'nin COVID-19 testinin pozitif çıktığını ve bunun sonucunda iki lig ve bir kupa maçını kaçıracağını duyurdu. 23 Ocak'ta takıma geri dönen Messi, yedekten girdiği maçta Reims 'i 4-0 mağlup ettikleri maçta 1 asist yapmayı başardı. UEFA Şampiyonlar Ligi 'nde son 16 turunda İspanyol takımı Real Madrid 'e elenmelerinin ardından 13 Mart'ta ligde oynadıkları Bordeaux maçında takım arkadaşı Neymar ile birlikte bazı PSG taraftarları tarafından yuhalandı. | Lionel Messi#133: Messi, takımın yeni teknik direktörü Christophe Galtier 'in gelmesiyle Neymar ve Kylian Mbappé 'nin arkasında ""oyun kurucu"" rolüne geçti."
Sevilla | Sevilla'ya,(https://tr.wikipedia.org/wiki/Sevilla_FC),2,"Lionel Messi#91: Yeni teknik direktör ve eski kaptan Luis Enrique yönetiminde Messi, 2014-15 sezonuna büyük ölçüde sakatlıksız bir başlangıç yaptı ve yılın sonuna doğru uzun süredir devam eden üç rekor daha kırmasına izin verdi. 22 Kasım'da Sevilla'ya karşı attığı bir hat-trick, onu La Liga'da tüm zamanların en çok gol atan oyuncusu yaptı ve Telmo Zarra'nın elinde tuttuğu 251 lig golüyle 59 yıllık rekoru geride bıraktı. 7 Aralık'ta şehirdeki rakipleri Espanyol'a karşı attığı üçüncü bir hat-trick, Derbi barceloní'de 12 golle tüm zamanların en çok gol atan oyuncusu olarak César Rodríguez 'i geçmesini sağladı. | Lionel Messi#42: Messi, bir frikik golü ve bir asist yaparak, Barça'nın maçı 6-1 kazanmasına yardım etti. Messi, Sevilla maçında da 23 metreden attığı vole golü ve sonra kaleciyi çalımlayıp, dar açıdan attığı golle dikkat çekti. 13 Aralık 2008 tarihindeki ilk El Clasico 'da Barcelona, Real Madrid 'i 2-0 yenerken, Messi ikinci golü kaydetti."
Adidas,(https://tr.wikipedia.org/wiki/Adidas),2,"Lionel Messi#14: Messi, 2006'dan beri spor giyim markası Adidas 'ın sözleşmeli sporcusudur. | Lionel Messi#225: Messi, video oyunları olan Pro Evolution Soccer 2009 ve Pro Evolution Soccer 2011 oyunlarının kapağında yer aldı. Messi, Pro Evolution Soccer 2010 oyununda ise Fernando Torres ile birlikte oyunun kapağında yer aldı. Messi, Alman spor markası Adidas ile sponsorluk anlaşması imzaladı."
futbolcudur,(https://tr.wikipedia.org/wiki/Futbolcu),2,"Lionel Messi#1: Lionel Andrés Messi [a] (d. 24 Haziran 1987, Rosario ), ayrıca Leo Messi olarak da bilinir, Major League Soccer takımlarından Inter Miami 'de forma giyen ve Arjantin millî takımının kaptanlığını yapan Arjantinli futbolcudur . | Lionel Messi#215: Messi'nin iki kuzeni futbolcudur ."
Joan Laporta,(https://tr.wikipedia.org/wiki/Joan_Laporta),2,"Lionel Messi#122: Barcelona'nın başkan adayı Joan Laporta ise yaptığı açıklamada, Messi'nin kazandığından çok daha fazlasını kulübe kazandırdığını öne sürdü. | Lionel Messi#140: PSG 'den ayrıldığının doğrulanmasının ardından, 5 Haziran 2023'e kadar Barcelona başkanı Joan Laporta 'ya iletildi."
2007 Copa América,(https://tr.wikipedia.org/wiki/2007_Copa_Am%C3%A9rica),2,"Lionel Messi#12: Oyun tarzlarındaki benzerlik sebebiyle vatandaşı Diego Maradona 'yla karşılaştırıldı ve onun halefi olarak görülmeye başlandı. 2005 Ağustos'tan beri millî takım forması giyen Messi; 2006 'da bir Dünya Kupası 'nda oynayan ve gol atan en genç Arjantinli oldu. Turnuvanın en iyi genç oyuncusu seçildiği 2007 Copa América 'da finalde Brezilya 'ya 3-0 kaybetti. 2008 Yaz Olimpiyatları 'nda takımıyla bir altın madalya kazandı. 2011'de millî takım kaptanı olmasından itibaren takımını 2014 Dünya Kupası 'nda; 2015 ve 2016 Copa América'da finale taşıdı; ilk ikisinde turnuvanın en iyi oyuncusu seçildi ancak oynadığı üç finali de kaybetti. 2016'da millî takımdan emekliliğini duyurmasının ardından kararından geri dönerek takımını 2018 Dünya Kupası 'na götürdü, 2019 Copa América 'da üçüncü oldu ve 2021 Copa América 'da finalde Brezilya'yı yenerek ilk şampiyonluğunu kazandı. | Lionel Messi#176: Messi, 2007 Copa América turnuvasındaki ilk maçına 29 Haziran 2007 tarihinde 4-1 yendikleri maçta ABD karşısında çıktı."
Manchester City,(https://tr.wikipedia.org/wiki/Manchester_City_FC),2,"Lionel Messi#112: Messi, Pep Guardiola ile görüştü ve Manchester City 'de oynamak istediğini söyledi. 27 Ağustos tarihli habere göre Messi, Manchester City ile anlaştı. 3 yıllık sözleşme imzalayacak, Barça'da aldığı ücreti alacak ve 10 numarayı giyecekti. 3 yılın ardından MLS takımlarından New York City 'ye transfer olacak ve orada da 2 yıl oynadıktan sonra futbolu bırakacaktı. | Lionel Messi#129: Kulüpteki ilk golünü 28 Eylül'de UEFA Şampiyonlar Ligi'nde oynadıkları ve 2-0 kazandıkları Manchester City maçında kaydetti. Ligue 1 'deki ilk golünü 21 Kasım'da 3-1 kazandıkları Nantes maçında attı. 29 Kasım'da yedinci kez Ballon d'Or ödülünü kazandı."
Barselona,(https://tr.wikipedia.org/wiki/Barselona),2,"Lionel Messi#6: Arjantin 'in Rosario şehrinde dünyaya gelen Messi, futbola sekiz yaşındayken şehrin takımı olan Newell's Old Boys 'da başladı. 13 yaşındayken büyüme hormonu eksikliği tedavisi görmesi ve futbola Barcelona'da devam etmesi için İspanya 'nın Barselona şehrine taşındı. | Lionel Messi#118: Çocukları da Barselona 'da doğan ve yetişen Messi, 2021'de sözleşmesi sona erdiğinde takımdan ayrılacaktı. Goal 'e verdiği röportajda da Barcelona'da kalacağını açıkladı."
Herbalife,(https://tr.wikipedia.org/wiki/Herbalife),2,"Lionel Messi#221: Vakfın ek yardımı; Herbalife tarafından desteklenmektedir. | Lionel Messi#226: Haziran 2010'da Messi, Herbalife ile 3 yıllık sponsor anlaşmasına vardı."
Manchester United,(https://tr.wikipedia.org/wiki/Manchester_United_FC),2,"Lionel Messi#50: Messi, Şampiyonlar Ligi yarı finalinde Andrés Iniesta 'nın duraklama dakikalarında attığı golün hazırlanışında yer aldı ve Chelsea 'yi geçen Barcelona, finalde Manchester United 'ın rakibi oldu. 13 Mayıs'ta, Copa del Rey finalinde Athletic Bilbao 'yu 4-1 yenerlerken, Messi, bir gol iki asist yaptı ve ilk Copa del Rey 'i kazandı. | Lionel Messi#70: Messi, Wembley Stadyumu 'nda Manchester United 'ı 3-1 yendikleri final maçında ise 1 gol attı ve Barcelona forması altındaki 6. yılında 3. kez Şampiyonlar Ligi'ni kazandı."
César Rodríguez | César Rodríguez Álvarez,(https://tr.wikipedia.org/wiki/C%C3%A9sar_Rodr%C3%ADguez_%C3%81lvarez),2,"Lionel Messi#91: Yeni teknik direktör ve eski kaptan Luis Enrique yönetiminde Messi, 2014-15 sezonuna büyük ölçüde sakatlıksız bir başlangıç yaptı ve yılın sonuna doğru uzun süredir devam eden üç rekor daha kırmasına izin verdi. 22 Kasım'da Sevilla'ya karşı attığı bir hat-trick, onu La Liga'da tüm zamanların en çok gol atan oyuncusu yaptı ve Telmo Zarra'nın elinde tuttuğu 251 lig golüyle 59 yıllık rekoru geride bıraktı. 7 Aralık'ta şehirdeki rakipleri Espanyol'a karşı attığı üçüncü bir hat-trick, Derbi barceloní'de 12 golle tüm zamanların en çok gol atan oyuncusu olarak César Rodríguez 'i geçmesini sağladı. | Lionel Messi#78: Messi, 20 Mart 2012 tarihinde 5-3 kazanılan Granada maçında hat-trick yaparak rekoru 232 gollü César Rodríguez Álvarez 'in elinden alarak adını bir kez daha Barcelona kulüp tarihine yazdırdı."
FIFA 20 Yaş Altı Dünya Kupası,(https://tr.wikipedia.org/wiki/FIFA_20_Ya%C5%9F_Alt%C4%B1_D%C3%BCnya_Kupas%C4%B1),2,"Lionel Messi#11: Messi, Arjantin millî takımı için en çok maça çıkan ve en çok gol atan oyuncu konumundadır. 2005 FIFA 20 Yaş Altı Dünya Kupası 'nda şampiyonluk yaşadı; turnuvanın en golcü oyuncusu olurken aynı zamanda en iyi oyuncusu seçildi. | Lionel Messi#157: Haziran 2004 tarihinde, Paraguay 'a karşı oynadığı bir 20 Yaş altı hazırlık maçı ile birlikte Messi ilk kez Arjantin forması giydi. 2005 yılında Arjantin U-20 millî takımı ile Hollanda 'da FIFA 20 Yaş Altı Dünya Kupası 'nı kazandı."
Bayern Münih,(https://tr.wikipedia.org/wiki/FC_Bayern_M%C3%BCnchen),2,"Lionel Messi#47: La Liga'nın 28. haftasında Messi, Malaga 'yı 6-0 yenerlerken sezon içindeki 30. golünü attı. 8 Nisan 2009 tarihinde Şampiyonlar Ligi'nde Bayern Münih 'e iki gol atarken, bu turnuvada 8 gol atarak kendi rekorunu kırdı. 18 Nisan 2009 tarihinde Getafe 'yi 1-0 yenerlerken, 20. lig golünü atmış oldu. Böylece ligde Barcelona ile Real Madrid 'in arasında 6 puan fark olmasını ve Barcelona'nın Real Madrid ile yapacağı maç öncesinde haftaya avantajlı girmesini sağladı. | Lionel Messi#105: 2019-20 sezonunda Barcelona, Supercopa de España 'da yarı finalde Atlético Madrid 'e, Copa del Rey 'de çeyrek finalde Athletic Bilbao 'ya elendi; La Liga şampiyonluğunu Real Madrid 'e kaptırdı. Şampiyonlar Ligi 'nde ise Bayern Münih 'e çeyrek finalde 2-8 mağlup olarak büyük bir hezimet yaşadı."
Arjantin U-20 | Arjantin U-20 millî takım,(https://tr.wikipedia.org/wiki/Arjantin_20_ya%C5%9F_alt%C4%B1_mill%C3%AE_futbol_tak%C4%B1m%C4%B1),2,Lionel MessiCard#13: Arjantin U-20 | Lionel Messi#168: Dünya Kupası öncesi son maçında Arjantin U-20 millî takım ile Angola karşısında oynanan maçta 64. dakikada oyuna dâhil oldu.
Paraguay,(https://tr.wikipedia.org/wiki/Paraguay_mill%C3%AE_futbol_tak%C4%B1m%C4%B1),2,"Lionel Messi#157: Haziran 2004 tarihinde, Paraguay 'a karşı oynadığı bir 20 Yaş altı hazırlık maçı ile birlikte Messi ilk kez Arjantin forması giydi. 2005 yılında Arjantin U-20 millî takımı ile Hollanda 'da FIFA 20 Yaş Altı Dünya Kupası 'nı kazandı. | Lionel Messi#180: Paraguay 'la oynanan üçüncü maçta, çeyrek final garantilendiği için Messi dinlendirildi. 64. dakikada Esteban Cambiasso 'nun yerine oyuna giren Messi, 79. dakikada Javier Mascherano 'nun golünü hazırladı."
TIME 100 | dünyadaki en etkili 100 kişiden,(https://tr.wikipedia.org/wiki/Time_100),2,"Lionel Messi#17: Time ise Messi'yi 2011, 2012 ve 2023'te dünyadaki en etkili 100 kişiden biri arasına koymuştur. 2020 ve 2023'te Laureus Yılın Erkek Sporcusu seçilerek bu ödülü kazanan ilk ve tek futbolcu olmuştur. | Lionel Messi#228: Messi, Nisan 2011 tarihinde TIME 100 adındaki magazin dergisi tarafından 2011 yılının en etkileyici 100 kişiden birisi olarak seçildi."
Pep Guardiola,(https://tr.wikipedia.org/wiki/Pep_Guardiola),2,"Lionel Messi#112: Messi, Pep Guardiola ile görüştü ve Manchester City 'de oynamak istediğini söyledi. 27 Ağustos tarihli habere göre Messi, Manchester City ile anlaştı. 3 yıllık sözleşme imzalayacak, Barça'da aldığı ücreti alacak ve 10 numarayı giyecekti. 3 yılın ardından MLS takımlarından New York City 'ye transfer olacak ve orada da 2 yıl oynadıktan sonra futbolu bırakacaktı. | Lionel Messi#184: 2008 Olimpiyatları için önce Messi'nin gitmesine izin vermeyen Barcelona, Pep Guardiola ile yapılan konuşmalar sonucu Messi, Guardiola sayesinde 2008 Yaz Olimpiyatları 'na katıldı."
2022 Dünya Kupası | 2022 FIFA Dünya Kupası,(https://tr.wikipedia.org/wiki/2022_FIFA_D%C3%BCnya_Kupas%C4%B1),2,"Lionel Messi#13: Şampiyonluğun yanı sıra, turnuvanın en iyi oyuncusu seçildi ve dört golle gol kralı oldu. Bu başarı, Messi'nin yedinci Ballon d'Or'unu kazanmasına neden oldu. 2022 Dünya Kupası 'nda, Arjantin'in 36 sene sonra gelen dünya şampiyonluğuna yedi gol üç asistle katkı verdi ve ikinci kez turnuvanın en iyi oyuncusu seçildi; bunun üzerine 2023 Ballon d'Or kazananı olarak ödül sayısını sekize çıkardı. 2024 Copa América şampiyonluğuyla birlikte üst üste üçüncü uluslararası turnuvasını kazandı. | Lionel Messi#210: Finalde ise maç uzatmalar sonunda 3-3 sona erdi ve Messi bu bölümde 2 gol attı. Ardından ise penaltı atışlarında Arjantin Fransa 'yı 4-2 yendi ve 2022 FIFA Dünya Kupası 'nın sahibi oldu."
El Clasico,(https://tr.wikipedia.org/wiki/El_Cl%C3%A1sico),2,"Lionel Messi#42: Messi, bir frikik golü ve bir asist yaparak, Barça'nın maçı 6-1 kazanmasına yardım etti. Messi, Sevilla maçında da 23 metreden attığı vole golü ve sonra kaleciyi çalımlayıp, dar açıdan attığı golle dikkat çekti. 13 Aralık 2008 tarihindeki ilk El Clasico 'da Barcelona, Real Madrid 'i 2-0 yenerken, Messi ikinci golü kaydetti. | Lionel Messi#48: Barcelona, Real Madrid'in Santiago Bernabéu Stadyumu 'nda oynadıkları El Clasico 'yu 6-2 kazandı ve 1930'dan beri Real Madrid'in aldığı en büyük yenilgi oldu. Bu maçta Messi, 2 tane de gol kaydetti."
Supercopa de España,(https://tr.wikipedia.org/wiki/Supercopa_de_Espa%C3%B1a),2,"Lionel Messi#72: Barcelona, iki maçın sonunda Real Madrid 'i 5-4 yendi ve Supercopa de España 'yın sahibi oldu. | Lionel Messi#105: 2019-20 sezonunda Barcelona, Supercopa de España 'da yarı finalde Atlético Madrid 'e, Copa del Rey 'de çeyrek finalde Athletic Bilbao 'ya elendi; La Liga şampiyonluğunu Real Madrid 'e kaptırdı. Şampiyonlar Ligi 'nde ise Bayern Münih 'e çeyrek finalde 2-8 mağlup olarak büyük bir hezimet yaşadı."
Ronaldinho,(https://tr.wikipedia.org/wiki/Ronaldinho),2,"Lionel Messi#36: Messi, oyundan alınırken, topla soğuk kanlı oyunu ve Ronaldinho ile pas trafiğinin getirdiği galibiyeti nedeniyle alkış yağmuruna tutuldu. | Lionel Messi#40: Ronaldinho 'nun takımdan ayrılması ile Messi, 10 numaralı formayı giymeye başladı. 1 Ekim 2008 tarihinde, Shakhtar Donetsk 'e karşı oynanan Şampiyonlar Ligi maçında Thierry Henry 'nin yerine girerek, 0-1 giden maçı son 7 dakikada attığı iki golle 2-1 galibiyete çevirdi."
FIFA Dünya Kupası Altın Top Ödülü | turnuvanın en iyi oyuncusu,(https://tr.wikipedia.org/wiki/FIFA_D%C3%BCnya_Kupas%C4%B1_%C3%B6d%C3%BClleri#Altın_Top_Ödülü),2,"Lionel Messi#13: Şampiyonluğun yanı sıra, turnuvanın en iyi oyuncusu seçildi ve dört golle gol kralı oldu. Bu başarı, Messi'nin yedinci Ballon d'Or'unu kazanmasına neden oldu. 2022 Dünya Kupası 'nda, Arjantin'in 36 sene sonra gelen dünya şampiyonluğuna yedi gol üç asistle katkı verdi ve ikinci kez turnuvanın en iyi oyuncusu seçildi; bunun üzerine 2023 Ballon d'Or kazananı olarak ödül sayısını sekize çıkardı. 2024 Copa América şampiyonluğuyla birlikte üst üste üçüncü uluslararası turnuvasını kazandı. | Lionel Messi#195: Messi, FIFA Dünya Kupası Altın Top Ödülü 'ne aday olan on oyuncudan birisiydi ve adaylık sırasında Messi'yi; ""Olağanüstü ekibi, muhteşem, verimli, top sürme, hızı ve yaratıcılığıyla ön planda."" sözüyle övdüler."
Athletic Bilbao,(https://tr.wikipedia.org/wiki/Athletic_Bilbao),2,"Lionel Messi#50: Messi, Şampiyonlar Ligi yarı finalinde Andrés Iniesta 'nın duraklama dakikalarında attığı golün hazırlanışında yer aldı ve Chelsea 'yi geçen Barcelona, finalde Manchester United 'ın rakibi oldu. 13 Mayıs'ta, Copa del Rey finalinde Athletic Bilbao 'yu 4-1 yenerlerken, Messi, bir gol iki asist yaptı ve ilk Copa del Rey 'i kazandı. | Lionel Messi#105: 2019-20 sezonunda Barcelona, Supercopa de España 'da yarı finalde Atlético Madrid 'e, Copa del Rey 'de çeyrek finalde Athletic Bilbao 'ya elendi; La Liga şampiyonluğunu Real Madrid 'e kaptırdı. Şampiyonlar Ligi 'nde ise Bayern Münih 'e çeyrek finalde 2-8 mağlup olarak büyük bir hezimet yaşadı."
Porto,(https://tr.wikipedia.org/wiki/FC_Porto),2,"Lionel Messi#25: Messi, Barcelona forması altındaki ilk maçına 16 Kasım 2003 tarihinde daha 16 yaş 145 günlükken hazırlık maçında Porto 'ya karşı çıktı. | Lionel Messi#73: 2011 UEFA Süper Kupası 'nda ise Barcelona , Porto 'yu 2-0 yenerken maçın ilk golünü atan Messi, ikinci golde de Fabregas 'a asist yapan yapan isim oldu. Bu sonuçla 2009 'dan sonra kariyerinde ikinci kez bu kupayı kazanmış oldu."
Diego Maradona,(https://tr.wikipedia.org/wiki/Diego_Maradona),2,"Lionel Messi#12: Oyun tarzlarındaki benzerlik sebebiyle vatandaşı Diego Maradona 'yla karşılaştırıldı ve onun halefi olarak görülmeye başlandı. 2005 Ağustos'tan beri millî takım forması giyen Messi; 2006 'da bir Dünya Kupası 'nda oynayan ve gol atan en genç Arjantinli oldu. Turnuvanın en iyi genç oyuncusu seçildiği 2007 Copa América 'da finalde Brezilya 'ya 3-0 kaybetti. 2008 Yaz Olimpiyatları 'nda takımıyla bir altın madalya kazandı. 2011'de millî takım kaptanı olmasından itibaren takımını 2014 Dünya Kupası 'nda; 2015 ve 2016 Copa América'da finale taşıdı; ilk ikisinde turnuvanın en iyi oyuncusu seçildi ancak oynadığı üç finali de kaybetti. 2016'da millî takımdan emekliliğini duyurmasının ardından kararından geri dönerek takımını 2018 Dünya Kupası 'na götürdü, 2019 Copa América 'da üçüncü oldu ve 2021 Copa América 'da finalde Brezilya'yı yenerek ilk şampiyonluğunu kazandı. | Lionel Messi#161: Bu maç ayrıca Diego Maradona 'nın Arjantin teknik direktörü olarak sahaya çıktığı ilk resmî maçtı."
Dünya Kupası,(https://tr.wikipedia.org/wiki/FIFA_D%C3%BCnya_Kupas%C4%B1),2,"Lionel Messi#12: Oyun tarzlarındaki benzerlik sebebiyle vatandaşı Diego Maradona 'yla karşılaştırıldı ve onun halefi olarak görülmeye başlandı. 2005 Ağustos'tan beri millî takım forması giyen Messi; 2006 'da bir Dünya Kupası 'nda oynayan ve gol atan en genç Arjantinli oldu. Turnuvanın en iyi genç oyuncusu seçildiği 2007 Copa América 'da finalde Brezilya 'ya 3-0 kaybetti. 2008 Yaz Olimpiyatları 'nda takımıyla bir altın madalya kazandı. 2011'de millî takım kaptanı olmasından itibaren takımını 2014 Dünya Kupası 'nda; 2015 ve 2016 Copa América'da finale taşıdı; ilk ikisinde turnuvanın en iyi oyuncusu seçildi ancak oynadığı üç finali de kaybetti. 2016'da millî takımdan emekliliğini duyurmasının ardından kararından geri dönerek takımını 2018 Dünya Kupası 'na götürdü, 2019 Copa América 'da üçüncü oldu ve 2021 Copa América 'da finalde Brezilya'yı yenerek ilk şampiyonluğunu kazandı. | Lionel Messi#145: Messi'nin normal sezondaki ilk golü, oyların %89,7'sini alarak Maç Gününün Golünü kazandırdı. 30 Ekim'de, Arjantin 'le kazandığı Dünya Kupası ve PSG ile Ligue 1 kupasını kazanan Messi, rekora imza atan sekizinci Ballon d'Or ile ödüllendirildi."
Reims,(https://tr.wikipedia.org/wiki/Stade_de_Reims),2,"Lionel Messi#127: Messi, kulüpteki ilk maçına 29 Ağustos'ta Ligue 1 'de deplasmanda 2-0 kazandıkları Reims maçında yedekten oyuna girerek çıktı. | Lionel Messi#130: 2 Ocak 2022'de PSG, Messi'nin COVID-19 testinin pozitif çıktığını ve bunun sonucunda iki lig ve bir kupa maçını kaçıracağını duyurdu. 23 Ocak'ta takıma geri dönen Messi, yedekten girdiği maçta Reims 'i 4-0 mağlup ettikleri maçta 1 asist yapmayı başardı. UEFA Şampiyonlar Ligi 'nde son 16 turunda İspanyol takımı Real Madrid 'e elenmelerinin ardından 13 Mart'ta ligde oynadıkları Bordeaux maçında takım arkadaşı Neymar ile birlikte bazı PSG taraftarları tarafından yuhalandı."
New York Red Bulls,(https://tr.wikipedia.org/wiki/New_York_Red_Bulls),2,"Lionel Messi#144: Messi, MLS 'deki ilk maçına 26 Ağustos'ta çıktı, 60. dakikada yedek olarak oyuna girdi ve deplasmanda New York Red Bulls 'a karşı alınan 2-0'lık galibiyette geç bir gol atarak Inter Miami'nin ligdeki on bir maçlık galibiyet serisine son verdi. | Lionel Messi#154: Üç gün sonra Messi, deplasmanda Sporting KC'yi 3-2 yenerken bir gol ve bir asist yaparak Arrowhead Stadyumu 'nda 72.610 seyirciyle bugüne kadarki en yüksek seyirci sayısına ulaştı. 27 Nisan'da Messi, deplasmanda New England Revolution 'a karşı kazandığı 4-1 galibiyette iki gol atarak 16. gol katkısını kaydetti ve yedinci görünümünde bunu yapan ilk MLS oyuncusu oldu. 4 Mayıs'ta Messi, beş asistle tek bir MLS maçında en fazla asist rekorunu kırdı ve aynı zamanda New York Red Bulls 'a karşı alınan 6-2'lik galibiyette altı asistle bir MLS maçında en çok gol katkısı rekorunu da kırdı."
büyüme hormonu,(https://tr.wikipedia.org/wiki/B%C3%BCy%C3%BCme_hormonu),2,"Lionel Messi#6: Arjantin 'in Rosario şehrinde dünyaya gelen Messi, futbola sekiz yaşındayken şehrin takımı olan Newell's Old Boys 'da başladı. 13 yaşındayken büyüme hormonu eksikliği tedavisi görmesi ve futbola Barcelona'da devam etmesi için İspanya 'nın Barselona şehrine taşındı. | Lionel Messi#22: Messi 5 yaşında, babasının antrenörlüğünü yaptığı Grandoli adlı futbol takımında forma giymeye başladı. 1995'te, doğduğu şehir Rosairo'nun takımı Newell's Old Boys 'un altyapısına geçti. 11 yaşında kendisine büyüme hormonu eksikliği teşhisi konuldu. Primera División (Arjantin) ekiplerinden River Plate , Messi'nin tedavisine yardım etmek istese de aylık 900 $'lık tedavi masrafını karşılayacak paraları olmadığını söylediler. Barcelona 'nın sportif direktörü Carles Rexach , Messi'nin Lleida , Katalonya 'daki akrabaları sayesinde kendisinin yeteneğinden haberdardı ve bir müddet sonra oyuncu ile babasına deneme süreci önerdi."
Carlos Tevez,(https://tr.wikipedia.org/wiki/Carlos_Tevez),2,"Lionel Messi#177: Bu maçta Messi, ""oyun kurucu"" bölgesinde oynadı. Carlos Tevez , maçın 79. dakikasında Messi'nin yerine oyuna girdi ve bir dakika sonra gol atmayı başardı. | Lionel Messi#192: Messi, Son 16'da Arjantin - Meksika maçında Carlos Tevez 'e asist yaptı ve Arjantin, Meksika karşısında maçı 3-1 kazandı."
Alfredo Di Stéfano | Alfredo di Stefano,(https://tr.wikipedia.org/wiki/Alfredo_Di_St%C3%A9fano),2,"Lionel Messi#67: Lionel Messi, bu maçta hat-trick yaptı ve maçtan sonra; "" Alfredo Di Stéfano gibi büyük bir futbolcunun rekorunu kırmak büyük bir onur."" ve ""Bunu başarmak çok karmaşık. | Lionel Messi#88: 13 Ocak'ta 2013 FIFA Ballon d'Or ödüllerinde Cristiano Ronaldo'nun ardından 2. oldu. 15 Şubat'ta Rayo Vallecano 'yu 6-0 yendikleri maçta 2 gol attı ve Arjantinli Alfredo di Stefano 'yu geride bırakarak 228 golle La Liga tarihinin en çok gol atan 3. oyuncusu oldu."
Almanya,(https://tr.wikipedia.org/wiki/Almanya_mill%C3%AE_futbol_tak%C4%B1m%C4%B1),2,"Lionel Messi#174: Çeyrek finalde Almanya ile oynadıkları maçta teknik adam José Pekerman tarafından yedek kulübesinde tutuldu. | Lionel Messi#194: Ancak çeyrek finalde Arjantin, Almanya 'ya 4-0 yenildi ve Messi, gol bile atamadan Arjantin turnuvadan elendi."
Colorado Rapids,(https://tr.wikipedia.org/wiki/Colorado_Rapids_SC),1,"Lionel Messi#153: Sakatlıktan dönüşünde dört maç kaçıran Messi, 6 Nisan'da Colorado Rapids ile oynanan 2-2'lik lig beraberliğinde Inter Miami adına gol attı. 10 Nisan'da Messi ve Inter Miami, Monterrey'e toplamda 5-3 mağlup olduktan sonra Şampiyonlar Kupası'ndan elendi."
Ángel Di María,(https://tr.wikipedia.org/wiki/%C3%81ngel_Di_Mar%C3%ADa),1,Lionel Messi#185: Fildişi Sahili'ni 2-1 yendikleri maçta ilk golü attı. Hollanda'yı uzatmalarda 2-1 yendikleri maçta ilk golü attı ve Ángel Di María 'nın golünün asistini yaptı.
COVID-19,(https://tr.wikipedia.org/wiki/COVID-19),1,"Lionel Messi#130: 2 Ocak 2022'de PSG, Messi'nin COVID-19 testinin pozitif çıktığını ve bunun sonucunda iki lig ve bir kupa maçını kaçıracağını duyurdu. 23 Ocak'ta takıma geri dönen Messi, yedekten girdiği maçta Reims 'i 4-0 mağlup ettikleri maçta 1 asist yapmayı başardı. UEFA Şampiyonlar Ligi 'nde son 16 turunda İspanyol takımı Real Madrid 'e elenmelerinin ardından 13 Mart'ta ligde oynadıkları Bordeaux maçında takım arkadaşı Neymar ile birlikte bazı PSG taraftarları tarafından yuhalandı."
La Liga Yılın Oyuncusu,(https://tr.wikipedia.org/wiki/Trofeo_Alfredo_di_St%C3%A9fano),1,"Lionel Messi#63: Bu maç sonunda Şampiyonlar Ligi'nde en çok gol atan Barcelonalı unvanını Rivaldo 'dan kaptı. 10 Nisan 2010 tarihinde 2-0 kazandıkları Real Madrid maçında bir gol kaydetti ve sezonun 40. golünü attı. Messi, 1 Mayıs 2010 tarihinde ise Villareal 'e karşı 4-1 kazandıkları maçta 2 gol attı. 4 Mayıs 2010 tarihinde Tenerife'ye karşı 4-1 kazandıkları maçta yine 2 gol kaydetti. 8 Mayıs 2010 tarihinde ise Sevilla'ya karşı sezonun 32. golünü kaydetti ve ligin son haftasında Valladolid 'e karşı 2 gol daha attı. Messi, böylece Ronaldo 'nun 1996-97 sezonunda (yani bir sezonda) attığı 34 gollük rekorunu egale etti ve 3 Haziran 2010 tarihinde kendisinden 4 gol önde olan Telmo Zarra adına düzenlenen La Liga Yılın Oyuncusu ödülüne layık görüldü."
Frank Rijkaard,(https://tr.wikipedia.org/wiki/Frank_Rijkaard),1,"Lionel Messi#26: Bundan bir yıl sonra Frank Rijkaard , 16 Ekim 2004 tarihinde Espanyol maçında Messi'ye forma şansı verdi ve Messi, daha 17 yaş 114 günlükken ilk lig maçına çıktı."
Nahuel Molina,(https://tr.wikipedia.org/wiki/Nahuel_Molina),1,Lionel Messi#206: Çeyrek finaldeki Hollanda mücadelesinde Arjantin adına ilk golü atan Nahuel Molina 'ya verdiği ara pasla golün asistini yapmış oldu; ikinci yarıda da penaltıyı gole çevirdi.
Gonzalo Higuaín,(https://tr.wikipedia.org/wiki/Gonzalo_Higua%C3%ADn),1,"Lionel Messi#191: Bütün gollerde asist yaptı ve Gonzalo Higuaín 'in 3 gol atmasında yani hat-trick yapmasında büyük katkısı oldu. Messi, 3. maçına ise 2-0 kazandıkları maçta Yunanistan karşısında kaptan olarak çıktı ve Messi, bu maçta maçın adamı seçildi."
Sergio Agüero,(https://tr.wikipedia.org/wiki/Sergio_Ag%C3%BCero),1,Lionel Messi#41: Sonraki lig maçı Messi ile çok yakın arkadaşı Sergio Agüero 'nun karşı karşıya geldiği Barcelona - Atlético Madrid maçıydı.
Arsenal,(https://tr.wikipedia.org/wiki/Arsenal_FC),1,Lionel Messi#62: Bu golleri Arsenal 'e karşı Şampiyonlar Ligi çeyrek final ikinci maçlarında kendi evlerinde aldıkları 4-1'lik galibiyetle kaydetti.
FIFA Kulüpler Dünya Kupası,(https://tr.wikipedia.org/wiki/FIFA_Kul%C3%BCpler_D%C3%BCnya_Kupas%C4%B1),1,"Lionel Messi#59: 19 Aralık 2009 tarihinde Messi, FIFA Kulüpler Dünya Kupası finalinde Abu Dabi 'de Estudiantes 'e galibiyet golünü attı ve bu kupayı takımına kazandırdı. 2 gün sonra, FIFA Dünyada Yılın Futbolcusu Ödülü'nü Cristiano Ronaldo , Xavi , Kaká ve Iniesta 'yı geçerek aldı."
Kylian Mbappé,(https://tr.wikipedia.org/wiki/Kylian_Mbapp%C3%A9),1,"Lionel Messi#133: Messi, takımın yeni teknik direktörü Christophe Galtier 'in gelmesiyle Neymar ve Kylian Mbappé 'nin arkasında ""oyun kurucu"" rolüne geçti."
Club Olimpia,(https://tr.wikipedia.org/wiki/Olimpia),1,"Lionel Messi#216: Kuzenlerinden Maxi Biancucchi , Paraguay 'ın Club Olimpia takımında, Emanuel Biancucchi ise İspanya 'nın Independiente takımında oynamaktadır."
2011 Supercopa de España,(https://tr.wikipedia.org/wiki/2011_Supercopa_de_Espa%C3%B1a),1,"Lionel Messi#71: Messi, 2011 Supercopa de España 'da 3 gol ve 2 asistlik bir performans sergiledi."
Nijerya,(https://tr.wikipedia.org/wiki/Nijerya_mill%C3%AE_futbol_tak%C4%B1m%C4%B1),1,"Lionel Messi#188: Messi, 2010 FIFA Dünya Kupası'nda Arjantin forması altındaki ilk maçına 1-0 kazandıkları maçta Nijerya karşısında çıktı."
Katalonya,(https://tr.wikipedia.org/wiki/Katalonya),1,"Lionel Messi#22: Messi 5 yaşında, babasının antrenörlüğünü yaptığı Grandoli adlı futbol takımında forma giymeye başladı. 1995'te, doğduğu şehir Rosairo'nun takımı Newell's Old Boys 'un altyapısına geçti. 11 yaşında kendisine büyüme hormonu eksikliği teşhisi konuldu. Primera División (Arjantin) ekiplerinden River Plate , Messi'nin tedavisine yardım etmek istese de aylık 900 $'lık tedavi masrafını karşılayacak paraları olmadığını söylediler. Barcelona 'nın sportif direktörü Carles Rexach , Messi'nin Lleida , Katalonya 'daki akrabaları sayesinde kendisinin yeteneğinden haberdardı ve bir müddet sonra oyuncu ile babasına deneme süreci önerdi."
Ancona,(https://tr.wikipedia.org/wiki/Ancona),1,"Lionel Messi#20: Babası, 1958 doğumlu fabrika işçisi Jorge Horacio Messi; annesi ise yarı zamanlı temizlikçi Celia Maria Cuccittini'ydi. Babasının ataları İtalya şehri Ancona kökenliydi ve bu atalardan Angelo Messi, 1883'te Arjantin'e göçmüştü."
vakfını,(https://tr.wikipedia.org/wiki/Vak%C4%B1f),1,"Lionel Messi#217: Messi, 2007 yılında fakir çocukların eğitim ve sağlık ihtiyaçlarını karşılamak için ""Fundación Leo Messi"" (Türkçesi: Leo Messi Vakfı) vakfını kurdu."
Julián Álvarez,(https://tr.wikipedia.org/wiki/Juli%C3%A1n_%C3%81lvarez),1,"Lionel Messi#208: Yarı finalde Hırvatistan karşısında turnuvadaki yirmi beşinci maçına çıkarak Lothar Matthäus 'un ""Dünya Kupaları tarihinde en çok maça çıkan oyuncu"" rekoruna ortak oldu. Açılış golünü penaltıyla atarken üçüncü golde Julián Álvarez 'e asist yaptı."
Doha,(https://tr.wikipedia.org/wiki/Doha),1,"Lionel Messi#163: Messi, 17 Kasım 2010 tarihinde Katar 'ın Doha şehrinde yapılan hazırlık maçında Brezilya 'ya karşı son dakikalarda gol attı ve Arjantin maçı 1-0 kazandı."
Chelsea,(https://tr.wikipedia.org/wiki/Chelsea_FC),1,"Lionel Messi#50: Messi, Şampiyonlar Ligi yarı finalinde Andrés Iniesta 'nın duraklama dakikalarında attığı golün hazırlanışında yer aldı ve Chelsea 'yi geçen Barcelona, finalde Manchester United 'ın rakibi oldu. 13 Mayıs'ta, Copa del Rey finalinde Athletic Bilbao 'yu 4-1 yenerlerken, Messi, bir gol iki asist yaptı ve ilk Copa del Rey 'i kazandı."
Peru,(https://tr.wikipedia.org/wiki/Peru_mill%C3%AE_futbol_tak%C4%B1m%C4%B1),1,"Lionel Messi#181: Çeyrek finalde Peru 'yu 4-0 yenerlerken, Messi, Riquelme'nin asistiyle takımının 2. golünü kaydetti."
Javier Mascherano,(https://tr.wikipedia.org/wiki/Javier_Mascherano),1,"Lionel Messi#180: Paraguay 'la oynanan üçüncü maçta, çeyrek final garantilendiği için Messi dinlendirildi. 64. dakikada Esteban Cambiasso 'nun yerine oyuna giren Messi, 79. dakikada Javier Mascherano 'nun golünü hazırladı."
2008 Yaz Olimpiyatları,(https://tr.wikipedia.org/wiki/2008_Yaz_Olimpiyatlar%C4%B1),1,"Lionel Messi#184: 2008 Olimpiyatları için önce Messi'nin gitmesine izin vermeyen Barcelona, Pep Guardiola ile yapılan konuşmalar sonucu Messi, Guardiola sayesinde 2008 Yaz Olimpiyatları 'na katıldı."
Ligue 1 şampiyonluğu,(https://tr.wikipedia.org/wiki/Fransa_futbol_%C5%9Fampiyonlar%C4%B1_listesi),1,Lionel Messi#10: Takımıyla iki sezonda iki Ligue 1 şampiyonluğu kazandıktan sonra sözleşme yenilemedi ve Inter Miami'nin teklifini kabul etti.
France Football,(https://tr.wikipedia.org/wiki/France_Football),1,"Lionel Messi#58: Bu fark, tarihin en büyük farkı oldu. France Football dergisine yaptığı açıklamada, Messi ödülü ailesine ithaf ettiğini söyledi ve ""Ne zaman onlara ihtiyacım olsa benimleydiler ve hatta bazen duygularını benden daha çok gösterdiler."" dedi."
Hollanda,(https://tr.wikipedia.org/wiki/Hollanda),1,"Lionel Messi#157: Haziran 2004 tarihinde, Paraguay 'a karşı oynadığı bir 20 Yaş altı hazırlık maçı ile birlikte Messi ilk kez Arjantin forması giydi. 2005 yılında Arjantin U-20 millî takımı ile Hollanda 'da FIFA 20 Yaş Altı Dünya Kupası 'nı kazandı."
Bolivya,(https://tr.wikipedia.org/wiki/Bolivya_mill%C3%AE_futbol_tak%C4%B1m%C4%B1),1,"Lionel Messi#196: Messi, 2011 Copa América turnuvasında Arjantin millî futbol takımıin kadrosunda yer aldı. Turnuvada Messi 3 asist yaptı ama gol atmayı başaramadı. 1-1 berabere kaldıkları Bolivya ve 3-0 kazandıkları Kosta Rika maçlarında maçın adamı seçildi."
Primera División (Arjantin),(https://tr.wikipedia.org/wiki/Primera_Divisi%C3%B3n_(Arjantin)),1,"Lionel Messi#22: Messi 5 yaşında, babasının antrenörlüğünü yaptığı Grandoli adlı futbol takımında forma giymeye başladı. 1995'te, doğduğu şehir Rosairo'nun takımı Newell's Old Boys 'un altyapısına geçti. 11 yaşında kendisine büyüme hormonu eksikliği teşhisi konuldu. Primera División (Arjantin) ekiplerinden River Plate , Messi'nin tedavisine yardım etmek istese de aylık 900 $'lık tedavi masrafını karşılayacak paraları olmadığını söylediler. Barcelona 'nın sportif direktörü Carles Rexach , Messi'nin Lleida , Katalonya 'daki akrabaları sayesinde kendisinin yeteneğinden haberdardı ve bir müddet sonra oyuncu ile babasına deneme süreci önerdi."
Benfica,(https://tr.wikipedia.org/wiki/SL_Benfica),1,"Lionel Messi#135: 5 Ekim'de UEFA Şampiyonlar Ligi 'nde Benfica 'ya karşı oynayan Messi, maçta bir gol kaydederek Şampiyonlar Ligi tarihinde 40 farklı takıma gol atan ilk futbolcu olarak tarihe geçti."
Maxi Biancucchi,(https://tr.wikipedia.org/wiki/Maxi_Biancucchi),1,"Lionel Messi#216: Kuzenlerinden Maxi Biancucchi , Paraguay 'ın Club Olimpia takımında, Emanuel Biancucchi ise İspanya 'nın Independiente takımında oynamaktadır."
Portekiz,(https://tr.wikipedia.org/wiki/Portekiz_mill%C3%AE_futbol_tak%C4%B1m%C4%B1),1,Lionel Messi#164: Messi böylece A millî takım formasıyla ilk kez Brezilya'ya karşı gol atmış oldu. 9 Şubat 2011 tarihinde ise İsviçre 'nin Cenevre şehrinde yine hazırlık maçında Portekiz 'e karşı yine son dakikalarda penaltıdan gol kaydetti ve Arjantin maçı 2-1 kazandı. 27 Haziran 2016'da millî takımı bıraktığını açıklamıştır.
2011-12 sezonunda,(https://tr.wikipedia.org/wiki/FC_Barcelona_2011-12_sezonu),1,"Lionel Messi#8: Takip eden üç sezonda da Ballon d'Or kazanarak tarihte bu ödülü üst üste dört kez kazanan ilk ve tek futbolcu oldu. 2011-12 sezonunda lig ve Avrupa için toplamda 73 gol atarak rekor kırarken aynı sezon Barcelona tarihinin en golcü futbolcusu oldu. Sonraki iki sezonun Ballon d'Or listesinde Ronaldo'nun arkasında yer aldı. 2014-15 sezonunda yeniden Şampiyonlar Ligi'ni kazanarak sezonu üç kupayla bitirdi ve beşinci Ballon d'Or'unu kazandı. Andrés Iniesta 'nın takımdan ayrılmasıyla 2018'de Barcelona kaptanı olan Messi, 2019'da altıncı kez Ballon d'Or ödülünü kazandı."
Frajil X sendromu,(https://tr.wikipedia.org/wiki/Frajil_X_sendromu),1,"Lionel Messi#49: Her golünden sonra kameralara giden Messi, formasını kaldırıp, ""Sindrome X Fragil"" (Katalanca: Frajil X sendromu ) yazan tişörtünü gösterdi ve bu hastalığa yakalanmış çocuklara desteğini gösterdi."
Udinese,(https://tr.wikipedia.org/wiki/Udinese_Calcio),1,"Lionel Messi#35: Messi, 26 Eylül 2005 tarihinde İspanya vatandaşlığı hakkını kazandı. 27 Eylül'de İtalyan kulüp Udinese 'ye karşı oynadığı ilk Şampiyonlar Ligi maçına kendi evinde çıktı."
Arjantin U-23,(https://tr.wikipedia.org/wiki/Arjantin_23_ya%C5%9F_alt%C4%B1_mill%C3%AE_futbol_tak%C4%B1m%C4%B1),1,Lionel MessiCard#18: Arjantin U-23
Michel Platini,(https://tr.wikipedia.org/wiki/Michel_Platini),1,"Lionel Messi#76: Ayrıca aynı yılda da takım arkadaşı Xavi ve Cristano Ronaldo'yu geçerek FIFA Ballon d'Or ödülünü 3. kez- kazandı. Johan Cruyff , Michel Platini ve Marco van Basten 'in ardından FIFA Ballon d'Or ödülünü 3 kez kazanan dördüncü futbolcu oldu."
Ronaldo,(https://tr.wikipedia.org/wiki/Ronaldo_(Brezilyal%C4%B1_futbolcu)),1,"Lionel Messi#63: Bu maç sonunda Şampiyonlar Ligi'nde en çok gol atan Barcelonalı unvanını Rivaldo 'dan kaptı. 10 Nisan 2010 tarihinde 2-0 kazandıkları Real Madrid maçında bir gol kaydetti ve sezonun 40. golünü attı. Messi, 1 Mayıs 2010 tarihinde ise Villareal 'e karşı 4-1 kazandıkları maçta 2 gol attı. 4 Mayıs 2010 tarihinde Tenerife'ye karşı 4-1 kazandıkları maçta yine 2 gol kaydetti. 8 Mayıs 2010 tarihinde ise Sevilla'ya karşı sezonun 32. golünü kaydetti ve ligin son haftasında Valladolid 'e karşı 2 gol daha attı. Messi, böylece Ronaldo 'nun 1996-97 sezonunda (yani bir sezonda) attığı 34 gollük rekorunu egale etti ve 3 Haziran 2010 tarihinde kendisinden 4 gol önde olan Telmo Zarra adına düzenlenen La Liga Yılın Oyuncusu ödülüne layık görüldü."
Santa Fe,(https://tr.wikipedia.org/wiki/Santa_Fe_(eyalet)),1,"Lionel Messi#19: Messi, 24 Haziran 1987 tarihinde Arjantin 'in Santa Fe eyaletine bağlı Rosario şehrinde dünyaya geldi."
UNICEF,(https://tr.wikipedia.org/wiki/UNICEF),1,"Lionel Messi#222: 11 Mart 2010 tarihinde Messi, UNICEF tarafından ""iyi niyet elçisi"" seçildi."
Clermont,(https://tr.wikipedia.org/wiki/Clermont_Foot_63),1,"Lionel Messi#139: 1 Haziran'da teknik direktör Christophe Galtier , Clermont ile oynanacak maçın Messi'nin kulüpteki son maçı olacağını doğruladı. 3 Haziran 2023 tarihinde Paris Saint-Germain ile sözleşmesi bittiği için resmi olarak ayrılığı kulüp başkanı Nasır el-Halifi tarafından duyuruldu."
Santos,(https://tr.wikipedia.org/wiki/Santos_FC),1,"Lionel Messi#74: Messi, 2011 FIFA Kulüpler Dünya Kupası finalinde Santos karşısında gösterdiği performansla ""maçın yıldızı"" seçildi ve turnuvada ""altın top"" ödülünü kazandı."
Rayo Vallecano,(https://tr.wikipedia.org/wiki/Rayo_Vallecano),1,Lionel Messi#88: 13 Ocak'ta 2013 FIFA Ballon d'Or ödüllerinde Cristiano Ronaldo'nun ardından 2. oldu. 15 Şubat'ta Rayo Vallecano 'yu 6-0 yendikleri maçta 2 gol attı ve Arjantinli Alfredo di Stefano 'yu geride bırakarak 228 golle La Liga tarihinin en çok gol atan 3. oyuncusu oldu.
turnuvada,(https://tr.wikipedia.org/wiki/2011_FIFA_Kul%C3%BCpler_D%C3%BCnya_Kupas%C4%B1),1,"Lionel Messi#74: Messi, 2011 FIFA Kulüpler Dünya Kupası finalinde Santos karşısında gösterdiği performansla ""maçın yıldızı"" seçildi ve turnuvada ""altın top"" ödülünü kazandı."
Carles Rexach,(https://tr.wikipedia.org/wiki/Carles_Rexach),1,"Lionel Messi#22: Messi 5 yaşında, babasının antrenörlüğünü yaptığı Grandoli adlı futbol takımında forma giymeye başladı. 1995'te, doğduğu şehir Rosairo'nun takımı Newell's Old Boys 'un altyapısına geçti. 11 yaşında kendisine büyüme hormonu eksikliği teşhisi konuldu. Primera División (Arjantin) ekiplerinden River Plate , Messi'nin tedavisine yardım etmek istese de aylık 900 $'lık tedavi masrafını karşılayacak paraları olmadığını söylediler. Barcelona 'nın sportif direktörü Carles Rexach , Messi'nin Lleida , Katalonya 'daki akrabaları sayesinde kendisinin yeteneğinden haberdardı ve bir müddet sonra oyuncu ile babasına deneme süreci önerdi."
Ruud van Nistelrooy,(https://tr.wikipedia.org/wiki/Ruud_van_Nistelrooy),1,"Lionel Messi#79: Messi, çeyrek final rövanş maçında da Milan 'a karşı iki gol atarak José Altafini 'nin Şampiyonlar Ligi'nde (Şampiyon Kulüpler Kupası adıyla da dâhil olmak üzere) bir sezonda attığı 14 gollük rekoru da egale etmiş oldu ve Şampiyonlar Ligi adıyla ise 2002-03 sezonunda 12 gol atan Ruud van Nistelrooy 'un da rekorunu kırdı."
Franck Ribery,(https://tr.wikipedia.org/wiki/Franck_Rib%C3%A9ry),1,"Lionel Messi#82: Messi, Cristiano Ronaldo ve Franck Ribery ile birlikte üst üste 3. kez UEFA En iyi oyuncu ödüllerine aday gösterildi."
José Altafini,(https://tr.wikipedia.org/wiki/Jos%C3%A9_Altafini),1,"Lionel Messi#79: Messi, çeyrek final rövanş maçında da Milan 'a karşı iki gol atarak José Altafini 'nin Şampiyonlar Ligi'nde (Şampiyon Kulüpler Kupası adıyla da dâhil olmak üzere) bir sezonda attığı 14 gollük rekoru da egale etmiş oldu ve Şampiyonlar Ligi adıyla ise 2002-03 sezonunda 12 gol atan Ruud van Nistelrooy 'un da rekorunu kırdı."
Cenevre,(https://tr.wikipedia.org/wiki/Cenevre),1,Lionel Messi#164: Messi böylece A millî takım formasıyla ilk kez Brezilya'ya karşı gol atmış oldu. 9 Şubat 2011 tarihinde ise İsviçre 'nin Cenevre şehrinde yine hazırlık maçında Portekiz 'e karşı yine son dakikalarda penaltıdan gol kaydetti ve Arjantin maçı 2-1 kazandı. 27 Haziran 2016'da millî takımı bıraktığını açıklamıştır.
Thierry Henry,(https://tr.wikipedia.org/wiki/Thierry_Henry),1,"Lionel Messi#40: Ronaldinho 'nun takımdan ayrılması ile Messi, 10 numaralı formayı giymeye başladı. 1 Ekim 2008 tarihinde, Shakhtar Donetsk 'e karşı oynanan Şampiyonlar Ligi maçında Thierry Henry 'nin yerine girerek, 0-1 giden maçı son 7 dakikada attığı iki golle 2-1 galibiyete çevirdi."
Johan Cruyff,(https://tr.wikipedia.org/wiki/Johan_Cruyff),1,"Lionel Messi#76: Ayrıca aynı yılda da takım arkadaşı Xavi ve Cristano Ronaldo'yu geçerek FIFA Ballon d'Or ödülünü 3. kez- kazandı. Johan Cruyff , Michel Platini ve Marco van Basten 'in ardından FIFA Ballon d'Or ödülünü 3 kez kazanan dördüncü futbolcu oldu."
800'den fazla gol,(https://tr.wikipedia.org/wiki/500_veya_daha_fazla_gol_atan_futbolcular_listesi),1,Lionel Messi#5: Kulüp ve ülke kariyerinde 800'den fazla gol atmış ve bir kulüp için en fazla gol (672) atan oyuncu olmuştur.
Oswaldo Sánchez,(https://tr.wikipedia.org/wiki/Oswaldo_S%C3%A1nchez),1,"Lionel Messi#182: Yarı finalde de Meksika karşısında alınan 3-0'lık galibiyette Messi, Oswaldo Sánchez 'in üstünden aşırttığı topla golü buldu."
2015 FIFA Kulüpler Dünya Kupası,(https://tr.wikipedia.org/wiki/2015_FIFA_Kul%C3%BCpler_D%C3%BCnya_Kupas%C4%B1),1,"Lionel Messi#94: Messi, 2015-16 sezonunu, UEFA Süper Kupası'nda Barcelona'nın Sevilla'ya karşı 5-4 galibiyetinde (uzatmaların ardından) serbest vuruşlardan iki gol atarak açtı. 16 Eylül'de, deplasmanda Roma ile 1-1 berabere kaldığı UEFA Şampiyonlar Ligi'nde 100 maça çıkan en genç oyuncu oldu. Dizinden sakatlandıktan sonra 21 Kasım'da sahaya döndü ve El Clásico'da Barcelona'nın deplasmanda Real Madrid'i 4-0 yendiği maçta yedek oyuncu olarak yer aldı. Messi, 2015 FIFA Kulüpler Dünya Kupası Finalini kazanarak yılı kapattı. 20 Aralık'ta, Barcelona'nın Yokohama'da River Plate'i 3-0 mağlup etmesiyle 2015'in beşinci kulüp kupasını topladı. 30 Aralık'ta Messi, Barcelona formasıyla 500. kez Real Betis'i 4-0 yendikleri maçta gol attı."
Çin Futbol Federasyonu,(https://tr.wikipedia.org/wiki/%C3%87in_Futbol_Federasyonu),1,"Lionel Messi#150: Hong Kong Hükûmeti de Messi'nin yokluğundan duyduğu büyük hayal kırıklığını dile getirerek ve 16 milyon HK$ tutarındaki sponsorluk fonunu iptal etmeyi düşündüğünü iki kez ifade etti. Olaydan kısa bir süre sonra Messi, 7 Şubat'ta Vissel Kobe 'ye karşı hazırlık maçında geri dönüşünü kutlamadan önce Japonya 'da antrenman yaparken görüldü, bu da birçok kişinin onun daha önce yaralanmadığı yönünde spekülasyon yapmasına neden oldu. Sonuç olarak Çin Futbol Federasyonu , olay nedeniyle 8 Şubat'ta Arjantin Futbol Federasyonu ile ortaklığını geçici olarak durdurdu."
Independiente,(https://tr.wikipedia.org/wiki/Independiente_FBC),1,"Lionel Messi#216: Kuzenlerinden Maxi Biancucchi , Paraguay 'ın Club Olimpia takımında, Emanuel Biancucchi ise İspanya 'nın Independiente takımında oynamaktadır."
Villareal,(https://tr.wikipedia.org/wiki/Villarreal_CF),1,"Lionel Messi#63: Bu maç sonunda Şampiyonlar Ligi'nde en çok gol atan Barcelonalı unvanını Rivaldo 'dan kaptı. 10 Nisan 2010 tarihinde 2-0 kazandıkları Real Madrid maçında bir gol kaydetti ve sezonun 40. golünü attı. Messi, 1 Mayıs 2010 tarihinde ise Villareal 'e karşı 4-1 kazandıkları maçta 2 gol attı. 4 Mayıs 2010 tarihinde Tenerife'ye karşı 4-1 kazandıkları maçta yine 2 gol kaydetti. 8 Mayıs 2010 tarihinde ise Sevilla'ya karşı sezonun 32. golünü kaydetti ve ligin son haftasında Valladolid 'e karşı 2 gol daha attı. Messi, böylece Ronaldo 'nun 1996-97 sezonunda (yani bir sezonda) attığı 34 gollük rekorunu egale etti ve 3 Haziran 2010 tarihinde kendisinden 4 gol önde olan Telmo Zarra adına düzenlenen La Liga Yılın Oyuncusu ödülüne layık görüldü."
Zlatan Ibrahimović'in,(https://tr.wikipedia.org/wiki/Zlatan_Ibrahimovi%C4%87),1,"Lionel Messi#96: Messi, yılı 51 golle tamamlayarak Zlatan Ibrahimović'in bir önünde Avrupa'nın en çok gol atan oyuncusu oldu. 2016 Ballon d'Or'da ikinci olduktan sonra, 9 Ocak 2017'de Messi, 2016 En İyi FIFA Erkek Oyuncu Ödülü'nü bir kez daha Cristiano Ronaldo'nun arkasında ikinci sırada tamamladı."
Villarreal,(https://tr.wikipedia.org/wiki/Villarreal),1,"Lionel Messi#100: Sezonu bir kez daha La Liga'da 34 golle en çok gol atan oyuncu olarak tamamladı ve bu aynı zamanda beşinci Altın Ayakkabı ödülünü kazandığını gördü. 21 Nisan'da Messi, 2018 Kral Kupası Finalinde Sevilla'yı 5-0 yendikleri maçta Barcelona'nın ikinci golünü sezonun 40. golünü attı ve daha sonra Suárez'in ikinci golünü de belirledi; bu, Barcelona'nın üst üste dördüncü ve genel olarak 30. şampiyonluğuydu. 29 Nisan'da Messi, Deportivo de La Coruña'yı deplasmanda 4-2 yendikleri maçta hat-trick yaptı ve Barcelona 25. lig şampiyonluğunu kazandı. 9 Mayıs'ta Messi, Barcelona'yı yenerken gol attı. Villarreal 5-1, La Liga tarihindeki en uzun yenilmezlik serisini (43 maç) belirledi."
Vilmos Vanczák,(https://tr.wikipedia.org/wiki/Vilmos_Vancz%C3%A1k),1,"Lionel Messi#159: Arjantin millî futbol takımında ise ilk maçına 17 Ağustos 2005'te, 18 yaşında Macaristan 'a karşı çıktı. 63. dakikada oyuna girdiği maçta, formasını çeken Vilmos Vanczák 'a attığı dirsek yüzünden 2 dakika içinde hakem Markus Merk tarafından oyundan atıldı."
İtalya,(https://tr.wikipedia.org/wiki/%C4%B0talya),1,"Lionel Messi#20: Babası, 1958 doğumlu fabrika işçisi Jorge Horacio Messi; annesi ise yarı zamanlı temizlikçi Celia Maria Cuccittini'ydi. Babasının ataları İtalya şehri Ancona kökenliydi ve bu atalardan Angelo Messi, 1883'te Arjantin'e göçmüştü."
Shakhtar Donetsk,(https://tr.wikipedia.org/wiki/FK_%C5%9Eahtar),1,"Lionel Messi#40: Ronaldinho 'nun takımdan ayrılması ile Messi, 10 numaralı formayı giymeye başladı. 1 Ekim 2008 tarihinde, Shakhtar Donetsk 'e karşı oynanan Şampiyonlar Ligi maçında Thierry Henry 'nin yerine girerek, 0-1 giden maçı son 7 dakikada attığı iki golle 2-1 galibiyete çevirdi."
ABD,(https://tr.wikipedia.org/wiki/Amerika_Birle%C5%9Fik_Devletleri),1,"Lionel Messi#103: 5 Ağustos 2019'da Messi'nin sağ baldırından sakatlandıktan sonra Barcelona'nın ABD turunu kaçıracağı açıklandı. 19 Ağustos'ta Messi'nin Real Betis'e karşı ceza sahasının kenarından attığı gol, 2019 FIFA Puskás Ödülü'ne aday gösterildi."
Archie Stark,(https://tr.wikipedia.org/wiki/Archie_Stark),1,Lionel Messi#81: 2 Mayıs 2012 tarihinde ise Malaga karşısında yine hat-trick yaptı ve 68. golüne ulaşarak Gerd Müller 'in 1972-73 sezonunda attığı 67 golün rekorunu kırarak Avrupa 'da bir sezonda en çok gol atan futbolcu unvanını elinde bulundurdu. 5 Mayıs 2012 tarihinde Barselona derbisi mücadelesinde Espanyol karşısında 4-0 kazanılan maçta ikisi penaltıdan olmak üzere dördünü de (aynı zamanda 72. golünü) attı ve böylece 1924-25 sezonunda Dünyada toplam 70 gol atan Archie Stark 'ın da rekorunu kırmış oldu.
Şampiyonlar Ligi finalinde,(https://tr.wikipedia.org/wiki/2009_UEFA_%C5%9Eampiyonlar_Ligi_finali),1,"Lionel Messi#52: Barcelona 27 Mayıs 2009 tarihinde Şampiyonlar Ligi finalinde 2-0'lık galibiyetle, 3. kupasını kazandı."
Avustralya,(https://tr.wikipedia.org/wiki/Avustralya_mill%C3%AE_futbol_tak%C4%B1m%C4%B1),1,"Lionel Messi#205: Son 16 turunda, profesyonel kariyerinin 1000. maçına Avustralya karşısında çıktı ve maçtaki ilk golü kaydetti."
Uruguay,(https://tr.wikipedia.org/wiki/Uruguay_mill%C3%AE_futbol_tak%C4%B1m%C4%B1),1,"Lionel Messi#197: Arjantin, çeyrek finalde normal süresi 1-1 biten maçta Uruguay 'a penaltılar sonucu yenilerek kupaya veda etti. Messi, penaltı atışlarında Arjantin adına gol atan iki isimden biriydi."
Paraguay,(https://tr.wikipedia.org/wiki/Paraguay),1,"Lionel Messi#216: Kuzenlerinden Maxi Biancucchi , Paraguay 'ın Club Olimpia takımında, Emanuel Biancucchi ise İspanya 'nın Independiente takımında oynamaktadır."
Markus Merk,(https://tr.wikipedia.org/wiki/Markus_Merk),1,"Lionel Messi#159: Arjantin millî futbol takımında ise ilk maçına 17 Ağustos 2005'te, 18 yaşında Macaristan 'a karşı çıktı. 63. dakikada oyuna girdiği maçta, formasını çeken Vilmos Vanczák 'a attığı dirsek yüzünden 2 dakika içinde hakem Markus Merk tarafından oyundan atıldı."
New England Revolution,(https://tr.wikipedia.org/wiki/New_England_Revolution),1,"Lionel Messi#154: Üç gün sonra Messi, deplasmanda Sporting KC'yi 3-2 yenerken bir gol ve bir asist yaparak Arrowhead Stadyumu 'nda 72.610 seyirciyle bugüne kadarki en yüksek seyirci sayısına ulaştı. 27 Nisan'da Messi, deplasmanda New England Revolution 'a karşı kazandığı 4-1 galibiyette iki gol atarak 16. gol katkısını kaydetti ve yedinci görünümünde bunu yapan ilk MLS oyuncusu oldu. 4 Mayıs'ta Messi, beş asistle tek bir MLS maçında en fazla asist rekorunu kırdı ve aynı zamanda New York Red Bulls 'a karşı alınan 6-2'lik galibiyette altı asistle bir MLS maçında en çok gol katkısı rekorunu da kırdı."
Milan,(https://tr.wikipedia.org/wiki/AC_Milan),1,"Lionel Messi#79: Messi, çeyrek final rövanş maçında da Milan 'a karşı iki gol atarak José Altafini 'nin Şampiyonlar Ligi'nde (Şampiyon Kulüpler Kupası adıyla da dâhil olmak üzere) bir sezonda attığı 14 gollük rekoru da egale etmiş oldu ve Şampiyonlar Ligi adıyla ise 2002-03 sezonunda 12 gol atan Ruud van Nistelrooy 'un da rekorunu kırdı."
eğitim,(https://tr.wikipedia.org/wiki/E%C4%9Fitim),1,"Lionel Messi#217: Messi, 2007 yılında fakir çocukların eğitim ve sağlık ihtiyaçlarını karşılamak için ""Fundación Leo Messi"" (Türkçesi: Leo Messi Vakfı) vakfını kurdu."
Sitges,(https://tr.wikipedia.org/wiki/Sitges),1,"Lionel Messi#213: Ocak 2009'da ""Hat Trick Barça"" adlı Canal 33 programında ""Bir kız arkadaşım var ve Arjantin'de yaşıyor, rahat ve mutluyum"" dedi. Kız arkadaşı Antonela Roccuzzo ile Barcelona-Espanyol derbisi sonrası Sitges 'teki bir karnavalda görüldü."
Gerd Müller,(https://tr.wikipedia.org/wiki/Gerd_M%C3%BCller),1,Lionel Messi#81: 2 Mayıs 2012 tarihinde ise Malaga karşısında yine hat-trick yaptı ve 68. golüne ulaşarak Gerd Müller 'in 1972-73 sezonunda attığı 67 golün rekorunu kırarak Avrupa 'da bir sezonda en çok gol atan futbolcu unvanını elinde bulundurdu. 5 Mayıs 2012 tarihinde Barselona derbisi mücadelesinde Espanyol karşısında 4-0 kazanılan maçta ikisi penaltıdan olmak üzere dördünü de (aynı zamanda 72. golünü) attı ve böylece 1924-25 sezonunda Dünyada toplam 70 gol atan Archie Stark 'ın da rekorunu kırmış oldu.
Emanuel Biancucchi,(https://tr.wikipedia.org/wiki/Emanuel_Biancucchi),1,"Lionel Messi#216: Kuzenlerinden Maxi Biancucchi , Paraguay 'ın Club Olimpia takımında, Emanuel Biancucchi ise İspanya 'nın Independiente takımında oynamaktadır."
Antonela Roccuzzo,(https://tr.wikipedia.org/wiki/Antonela_Roccuzzo),1,"Lionel Messi#213: Ocak 2009'da ""Hat Trick Barça"" adlı Canal 33 programında ""Bir kız arkadaşım var ve Arjantin'de yaşıyor, rahat ve mutluyum"" dedi. Kız arkadaşı Antonela Roccuzzo ile Barcelona-Espanyol derbisi sonrası Sitges 'teki bir karnavalda görüldü."
Paco Alcácer,(https://tr.wikipedia.org/wiki/Francisco_Alc%C3%A1cer),1,"Lionel Messi#98: Unutulmaz kutlaması, Barcelona gömleğini çıkarıp öfkeli Real Madrid taraftarlarına tuttuğunu gördü. 27 Mayıs'ta Messi bir gol attı ve 2017 Kral Kupası Finalinde Paco Alcácer için bir gol daha ayarlayarak Barcelona'nın Alavés'e karşı 3-1 galibiyet almasına yardımcı oldu ve seçildi."
2019 Copa América,(https://tr.wikipedia.org/wiki/2019_Copa_Am%C3%A9rica),1,"Lionel Messi#12: Oyun tarzlarındaki benzerlik sebebiyle vatandaşı Diego Maradona 'yla karşılaştırıldı ve onun halefi olarak görülmeye başlandı. 2005 Ağustos'tan beri millî takım forması giyen Messi; 2006 'da bir Dünya Kupası 'nda oynayan ve gol atan en genç Arjantinli oldu. Turnuvanın en iyi genç oyuncusu seçildiği 2007 Copa América 'da finalde Brezilya 'ya 3-0 kaybetti. 2008 Yaz Olimpiyatları 'nda takımıyla bir altın madalya kazandı. 2011'de millî takım kaptanı olmasından itibaren takımını 2014 Dünya Kupası 'nda; 2015 ve 2016 Copa América'da finale taşıdı; ilk ikisinde turnuvanın en iyi oyuncusu seçildi ancak oynadığı üç finali de kaybetti. 2016'da millî takımdan emekliliğini duyurmasının ardından kararından geri dönerek takımını 2018 Dünya Kupası 'na götürdü, 2019 Copa América 'da üçüncü oldu ve 2021 Copa América 'da finalde Brezilya'yı yenerek ilk şampiyonluğunu kazandı."
Arjantin Futbol Federasyonu,(https://tr.wikipedia.org/wiki/Arjantin_Futbol_Federasyonu),1,"Lionel Messi#150: Hong Kong Hükûmeti de Messi'nin yokluğundan duyduğu büyük hayal kırıklığını dile getirerek ve 16 milyon HK$ tutarındaki sponsorluk fonunu iptal etmeyi düşündüğünü iki kez ifade etti. Olaydan kısa bir süre sonra Messi, 7 Şubat'ta Vissel Kobe 'ye karşı hazırlık maçında geri dönüşünü kutlamadan önce Japonya 'da antrenman yaparken görüldü, bu da birçok kişinin onun daha önce yaralanmadığı yönünde spekülasyon yapmasına neden oldu. Sonuç olarak Çin Futbol Federasyonu , olay nedeniyle 8 Şubat'ta Arjantin Futbol Federasyonu ile ortaklığını geçici olarak durdurdu."
Japonya,(https://tr.wikipedia.org/wiki/Japonya),1,"Lionel Messi#150: Hong Kong Hükûmeti de Messi'nin yokluğundan duyduğu büyük hayal kırıklığını dile getirerek ve 16 milyon HK$ tutarındaki sponsorluk fonunu iptal etmeyi düşündüğünü iki kez ifade etti. Olaydan kısa bir süre sonra Messi, 7 Şubat'ta Vissel Kobe 'ye karşı hazırlık maçında geri dönüşünü kutlamadan önce Japonya 'da antrenman yaparken görüldü, bu da birçok kişinin onun daha önce yaralanmadığı yönünde spekülasyon yapmasına neden oldu. Sonuç olarak Çin Futbol Federasyonu , olay nedeniyle 8 Şubat'ta Arjantin Futbol Federasyonu ile ortaklığını geçici olarak durdurdu."
2018 Dünya Kupası,(https://tr.wikipedia.org/wiki/2018_FIFA_D%C3%BCnya_Kupas%C4%B1),1,"Lionel Messi#12: Oyun tarzlarındaki benzerlik sebebiyle vatandaşı Diego Maradona 'yla karşılaştırıldı ve onun halefi olarak görülmeye başlandı. 2005 Ağustos'tan beri millî takım forması giyen Messi; 2006 'da bir Dünya Kupası 'nda oynayan ve gol atan en genç Arjantinli oldu. Turnuvanın en iyi genç oyuncusu seçildiği 2007 Copa América 'da finalde Brezilya 'ya 3-0 kaybetti. 2008 Yaz Olimpiyatları 'nda takımıyla bir altın madalya kazandı. 2011'de millî takım kaptanı olmasından itibaren takımını 2014 Dünya Kupası 'nda; 2015 ve 2016 Copa América'da finale taşıdı; ilk ikisinde turnuvanın en iyi oyuncusu seçildi ancak oynadığı üç finali de kaybetti. 2016'da millî takımdan emekliliğini duyurmasının ardından kararından geri dönerek takımını 2018 Dünya Kupası 'na götürdü, 2019 Copa América 'da üçüncü oldu ve 2021 Copa América 'da finalde Brezilya'yı yenerek ilk şampiyonluğunu kazandı."
La Liga'da en çok gol,(https://tr.wikipedia.org/wiki/La_Liga_gol_krallar%C4%B1_listesi),1,"Lionel Messi#4: Kulüpten ayrılmadan önce bütün profesyonel kariyerini Barcelona 'da geçirmiş; orada on La Liga şampiyonluğu, yedi Copa del Rey ve dört UEFA Şampiyonlar Ligi de dâhil olmak üzere 35 kupa kazanmış, toplamda ise 46 kupa kazanmıştır. La Liga'da en çok gol (474) atan, en çok Hat trick (36) yapan ve en çok asist (192) yapan oyuncu rekorlarını elinde tutmaktadır."
Fildişi Sahili,(https://tr.wikipedia.org/wiki/Fildi%C5%9Fi_Sahili_mill%C3%AE_futbol_tak%C4%B1m%C4%B1),1,"Lionel Messi#169: Fildişi Sahili ile oynanan ilk maçtaki galibiyete Messi, yedek kulübesinden tanıklık etti. İkinci maç olan Sırbistan maçında, Messi 74. dakikada Maxi Rodríguez 'in yerine girerek, Dünya Kupalarında Arjantin'i temsil eden en genç futbolcu oldu. Oyuna girdiği dakikada Hernán Crespo 'nun golünün asistini yaptı ve 6-0'lık galibiyetin son golünü de kaydetti."
Hugo Sanchez,(https://tr.wikipedia.org/wiki/Hugo_S%C3%A1nchez),1,Lionel Messi#89: 16 Mart'ta Osasuna 'ya karşı hat-trick yaptı ve Paulino Alcantara 'yı geçerek Barcelona tarihinin en golcü oyuncusu oldu. 23 Mart'ta Real Madrid 'e karşı hat-trick yaparak El Clasico'nun en skorer oyuncusu ve Hugo Sanchez 'i geçerek La Liga tarihinin en golcü 2. oyuncusu oldu.
LA Galaxy,(https://tr.wikipedia.org/wiki/Los_Angeles_Galaxy),1,"Lionel Messi#152: 2024 sezonundaki iki maçın ve Barselona'nın eski takım arkadaşı Luis Suárez 'in kendisine katılmasının ardından, Messi, sezonun ilk golünü, 26 Şubat'ta LA Galaxy ile 1-1 biten lig beraberliğinde eşitliği sağlamak için duraklama süresinde attı. Mart ayında Messi, Şampiyonlar Kupası'nın 16. Turunda Nashville'e karşı oynanan maçta rahatsızlık yaşadıktan sonra sağ diz dizinden sakatlanarak kadro dışı kalmıştı."
maçın adamı,(https://tr.wikipedia.org/wiki/2010_FIFA_D%C3%BCnya_Kupas%C4%B1_B_Grubu#Yunanistan_-_Arjantin),1,"Lionel Messi#191: Bütün gollerde asist yaptı ve Gonzalo Higuaín 'in 3 gol atmasında yani hat-trick yapmasında büyük katkısı oldu. Messi, 3. maçına ise 2-0 kazandıkları maçta Yunanistan karşısında kaptan olarak çıktı ve Messi, bu maçta maçın adamı seçildi."
José Pekerman,(https://tr.wikipedia.org/wiki/Jos%C3%A9_P%C3%A9kerman),1,Lionel Messi#174: Çeyrek finalde Almanya ile oynadıkları maçta teknik adam José Pekerman tarafından yedek kulübesinde tutuldu.
Nantes,(https://tr.wikipedia.org/wiki/FC_Nantes),1,Lionel Messi#129: Kulüpteki ilk golünü 28 Eylül'de UEFA Şampiyonlar Ligi'nde oynadıkları ve 2-0 kazandıkları Manchester City maçında kaydetti. Ligue 1 'deki ilk golünü 21 Kasım'da 3-1 kazandıkları Nantes maçında attı. 29 Kasım'da yedinci kez Ballon d'Or ödülünü kazandı.
Fransa,(https://tr.wikipedia.org/wiki/Fransa_mill%C3%AE_futbol_tak%C4%B1m%C4%B1),1,Lionel Messi#210: Finalde ise maç uzatmalar sonunda 3-3 sona erdi ve Messi bu bölümde 2 gol attı. Ardından ise penaltı atışlarında Arjantin Fransa 'yı 4-2 yendi ve 2022 FIFA Dünya Kupası 'nın sahibi oldu.
2008 Yaz Olimpiyatları,(https://tr.wikipedia.org/wiki/2008_Yaz_Olimpiyatlar%C4%B1%27nda_futbol),1,"Lionel Messi#12: Oyun tarzlarındaki benzerlik sebebiyle vatandaşı Diego Maradona 'yla karşılaştırıldı ve onun halefi olarak görülmeye başlandı. 2005 Ağustos'tan beri millî takım forması giyen Messi; 2006 'da bir Dünya Kupası 'nda oynayan ve gol atan en genç Arjantinli oldu. Turnuvanın en iyi genç oyuncusu seçildiği 2007 Copa América 'da finalde Brezilya 'ya 3-0 kaybetti. 2008 Yaz Olimpiyatları 'nda takımıyla bir altın madalya kazandı. 2011'de millî takım kaptanı olmasından itibaren takımını 2014 Dünya Kupası 'nda; 2015 ve 2016 Copa América'da finale taşıdı; ilk ikisinde turnuvanın en iyi oyuncusu seçildi ancak oynadığı üç finali de kaybetti. 2016'da millî takımdan emekliliğini duyurmasının ardından kararından geri dönerek takımını 2018 Dünya Kupası 'na götürdü, 2019 Copa América 'da üçüncü oldu ve 2021 Copa América 'da finalde Brezilya'yı yenerek ilk şampiyonluğunu kazandı."
Rivaldo,(https://tr.wikipedia.org/wiki/Rivaldo),1,"Lionel Messi#63: Bu maç sonunda Şampiyonlar Ligi'nde en çok gol atan Barcelonalı unvanını Rivaldo 'dan kaptı. 10 Nisan 2010 tarihinde 2-0 kazandıkları Real Madrid maçında bir gol kaydetti ve sezonun 40. golünü attı. Messi, 1 Mayıs 2010 tarihinde ise Villareal 'e karşı 4-1 kazandıkları maçta 2 gol attı. 4 Mayıs 2010 tarihinde Tenerife'ye karşı 4-1 kazandıkları maçta yine 2 gol kaydetti. 8 Mayıs 2010 tarihinde ise Sevilla'ya karşı sezonun 32. golünü kaydetti ve ligin son haftasında Valladolid 'e karşı 2 gol daha attı. Messi, böylece Ronaldo 'nun 1996-97 sezonunda (yani bir sezonda) attığı 34 gollük rekorunu egale etti ve 3 Haziran 2010 tarihinde kendisinden 4 gol önde olan Telmo Zarra adına düzenlenen La Liga Yılın Oyuncusu ödülüne layık görüldü."
Osasuna,(https://tr.wikipedia.org/wiki/CA_Osasuna),1,Lionel Messi#89: 16 Mart'ta Osasuna 'ya karşı hat-trick yaptı ve Paulino Alcantara 'yı geçerek Barcelona tarihinin en golcü oyuncusu oldu. 23 Mart'ta Real Madrid 'e karşı hat-trick yaparak El Clasico'nun en skorer oyuncusu ve Hugo Sanchez 'i geçerek La Liga tarihinin en golcü 2. oyuncusu oldu.
Hat trick,(https://tr.wikipedia.org/wiki/Hat_trick),1,"Lionel Messi#4: Kulüpten ayrılmadan önce bütün profesyonel kariyerini Barcelona 'da geçirmiş; orada on La Liga şampiyonluğu, yedi Copa del Rey ve dört UEFA Şampiyonlar Ligi de dâhil olmak üzere 35 kupa kazanmış, toplamda ise 46 kupa kazanmıştır. La Liga'da en çok gol (474) atan, en çok Hat trick (36) yapan ve en çok asist (192) yapan oyuncu rekorlarını elinde tutmaktadır."
Vissel Kobe,(https://tr.wikipedia.org/wiki/Vissel_Kobe),1,"Lionel Messi#150: Hong Kong Hükûmeti de Messi'nin yokluğundan duyduğu büyük hayal kırıklığını dile getirerek ve 16 milyon HK$ tutarındaki sponsorluk fonunu iptal etmeyi düşündüğünü iki kez ifade etti. Olaydan kısa bir süre sonra Messi, 7 Şubat'ta Vissel Kobe 'ye karşı hazırlık maçında geri dönüşünü kutlamadan önce Japonya 'da antrenman yaparken görüldü, bu da birçok kişinin onun daha önce yaralanmadığı yönünde spekülasyon yapmasına neden oldu. Sonuç olarak Çin Futbol Federasyonu , olay nedeniyle 8 Şubat'ta Arjantin Futbol Federasyonu ile ortaklığını geçici olarak durdurdu."
Mario Götze,(https://tr.wikipedia.org/wiki/Mario_G%C3%B6tze),1,Lionel Messi#199: Grup aşamasında attığı 4 Gol ile takımının son 16'ya kalmasında büyük rol oynadı. Arjantin bu şekilde finale kadar yükseldi; ancak finalde Almanya'ya Mario Götze 'nin uzatmalarda attığı gol ile 1-0 mağlup oldu ve 2014 FIFA Dünya Kupası 'nı 2. olarak tamamladı.
Goal,(https://tr.wikipedia.org/wiki/Goal_(web_sitesi)),1,"Lionel Messi#118: Çocukları da Barselona 'da doğan ve yetişen Messi, 2021'de sözleşmesi sona erdiğinde takımdan ayrılacaktı. Goal 'e verdiği röportajda da Barcelona'da kalacağını açıkladı."
Granada,(https://tr.wikipedia.org/wiki/Granada_CF),1,"Lionel Messi#78: Messi, 20 Mart 2012 tarihinde 5-3 kazanılan Granada maçında hat-trick yaparak rekoru 232 gollü César Rodríguez Álvarez 'in elinden alarak adını bir kez daha Barcelona kulüp tarihine yazdırdı."
Hırvatistan,(https://tr.wikipedia.org/wiki/H%C4%B1rvatistan_mill%C3%AE_futbol_tak%C4%B1m%C4%B1),1,"Lionel Messi#208: Yarı finalde Hırvatistan karşısında turnuvadaki yirmi beşinci maçına çıkarak Lothar Matthäus 'un ""Dünya Kupaları tarihinde en çok maça çıkan oyuncu"" rekoruna ortak oldu. Açılış golünü penaltıyla atarken üçüncü golde Julián Álvarez 'e asist yaptı."
Macaristan,(https://tr.wikipedia.org/wiki/Macaristan_mill%C3%AE_futbol_tak%C4%B1m%C4%B1),1,"Lionel Messi#159: Arjantin millî futbol takımında ise ilk maçına 17 Ağustos 2005'te, 18 yaşında Macaristan 'a karşı çıktı. 63. dakikada oyuna girdiği maçta, formasını çeken Vilmos Vanczák 'a attığı dirsek yüzünden 2 dakika içinde hakem Markus Merk tarafından oyundan atıldı."
Wembley Stadyumu,(https://tr.wikipedia.org/wiki/Wembley_Stadyumu),1,"Lionel Messi#70: Messi, Wembley Stadyumu 'nda Manchester United 'ı 3-1 yendikleri final maçında ise 1 gol attı ve Barcelona forması altındaki 6. yılında 3. kez Şampiyonlar Ligi'ni kazandı."
Nasır el-Halifi,(https://tr.wikipedia.org/wiki/Nas%C4%B1r_el-Halifi),1,"Lionel Messi#139: 1 Haziran'da teknik direktör Christophe Galtier , Clermont ile oynanacak maçın Messi'nin kulüpteki son maçı olacağını doğruladı. 3 Haziran 2023 tarihinde Paris Saint-Germain ile sözleşmesi bittiği için resmi olarak ayrılığı kulüp başkanı Nasır el-Halifi tarafından duyuruldu."
Nice,(https://tr.wikipedia.org/wiki/OGC_Nice),1,"Lionel Messi#137: Bu gol, onun kariyerinde attığı 700. kulüp golüydü. 8 Nisan'da, ligde Nice 'ı 2-1 yendikleri maçta gol atan Messi, böylece Cristiano Ronaldo 'yu geride bırakarak 702 golle Avrupa kulüp futbolunda en çok gol atan futbolcu olmayı başardı. 2 Mayıs'ta Messi, tanıtım amaçlı bir ticari anlaşmanın parçası olarak ailesiyle Suudi Arabistan 'a izinsiz bir gezi yaptığı için takımdan iki hafta süreyle uzaklaştırıldı ve para cezasına çarptırıldı. 3 Mayıs'ta, Messi'nin sözleşmesinin bitmesiyle kulüpten ayrılacağı bildirildi."
2011 FIFA Kulüpler Dünya Kupası finalinde,(https://tr.wikipedia.org/wiki/2011_FIFA_Kul%C3%BCpler_D%C3%BCnya_Kupas%C4%B1_finali),1,"Lionel Messi#74: Messi, 2011 FIFA Kulüpler Dünya Kupası finalinde Santos karşısında gösterdiği performansla ""maçın yıldızı"" seçildi ve turnuvada ""altın top"" ödülünü kazandı."
2005-06 sezonunda,(https://tr.wikipedia.org/wiki/2005-06_La_Liga),1,Lionel Messi#7: Takımın formasını ilk kez 2004-05 sezonunda giydi; 2005-06 sezonunda La Liga ve Şampiyonlar Ligi şampiyonluğu yaşadı. 2008-09 sezonunda ilk kez ellinin üzerinde maça çıkarak kulübün üç kupa kazanmasında merkezî rol alan oyuncu; o sene 22 yaşındayken ilk Ballon d'Or'unu kazandı.
COVID-19 pandemisi,(https://tr.wikipedia.org/wiki/COVID-19_pandemisi),1,"Lionel Messi#108: Messi ise COVID-19 pandemisi nedeniyle bu sürenin Ağustos'a kadar uzadığını, gerekirse hukuki yollara başvuracağını belirtti."
Yunanistan,(https://tr.wikipedia.org/wiki/Yunanistan_mill%C3%AE_futbol_tak%C4%B1m%C4%B1),1,"Lionel Messi#191: Bütün gollerde asist yaptı ve Gonzalo Higuaín 'in 3 gol atmasında yani hat-trick yapmasında büyük katkısı oldu. Messi, 3. maçına ise 2-0 kazandıkları maçta Yunanistan karşısında kaptan olarak çıktı ve Messi, bu maçta maçın adamı seçildi."
2011 Copa América,(https://tr.wikipedia.org/wiki/2011_Copa_Am%C3%A9rica),1,"Lionel Messi#196: Messi, 2011 Copa América turnuvasında Arjantin millî futbol takımıin kadrosunda yer aldı. Turnuvada Messi 3 asist yaptı ama gol atmayı başaramadı. 1-1 berabere kaldıkları Bolivya ve 3-0 kazandıkları Kosta Rika maçlarında maçın adamı seçildi."
sağlık,(https://tr.wikipedia.org/wiki/Sa%C4%9Fl%C4%B1k),1,"Lionel Messi#217: Messi, 2007 yılında fakir çocukların eğitim ve sağlık ihtiyaçlarını karşılamak için ""Fundación Leo Messi"" (Türkçesi: Leo Messi Vakfı) vakfını kurdu."
Venezuela,(https://tr.wikipedia.org/wiki/Venezuela_mill%C3%AE_futbol_tak%C4%B1m%C4%B1),1,"Lionel Messi#160: Bu tartışmalı pozisyon sonrası Maradona, bu kartın önceden tasarlandığını iddia etti. Messi takıma 3 Eylül'de Paraguay'a 1-0 yenildikleri maçta geri döndü. 28 Mart 2009'da Venezuela ile oynanan Dünya Kupası eleme maçında Messi, ilk kez 10 numaralı Arjantin formasını giydi."
Santiago Bernabéu Stadyumu,(https://tr.wikipedia.org/wiki/Santiago_Bernab%C3%A9u_Stadyumu),1,"Lionel Messi#48: Barcelona, Real Madrid'in Santiago Bernabéu Stadyumu 'nda oynadıkları El Clasico 'yu 6-2 kazandı ve 1930'dan beri Real Madrid'in aldığı en büyük yenilgi oldu. Bu maçta Messi, 2 tane de gol kaydetti."
2008 FIFA Dünya'da Yılın Oyuncusu Ödülü,(https://tr.wikipedia.org/wiki/2008_FIFA_D%C3%BCnyada_Y%C4%B1l%C4%B1n_Futbolcusu),1,"Lionel Messi#43: Ayrıca 2008 FIFA Dünya'da Yılın Oyuncusu Ödülü ikincisi olup, 678 puan topladı."
Güney Kore,(https://tr.wikipedia.org/wiki/G%C3%BCney_Kore_mill%C3%AE_futbol_tak%C4%B1m%C4%B1),1,"Lionel Messi#190: Messi, 2. maçına 4-1 kazandıkları maçta Güney Kore karşısında çıktı."
Abu Dabi,(https://tr.wikipedia.org/wiki/Abu_Dabi),1,"Lionel Messi#59: 19 Aralık 2009 tarihinde Messi, FIFA Kulüpler Dünya Kupası finalinde Abu Dabi 'de Estudiantes 'e galibiyet golünü attı ve bu kupayı takımına kazandırdı. 2 gün sonra, FIFA Dünyada Yılın Futbolcusu Ödülü'nü Cristiano Ronaldo , Xavi , Kaká ve Iniesta 'yı geçerek aldı."
1996-97,(https://tr.wikipedia.org/wiki/1996-97_La_Liga),1,"Lionel Messi#63: Bu maç sonunda Şampiyonlar Ligi'nde en çok gol atan Barcelonalı unvanını Rivaldo 'dan kaptı. 10 Nisan 2010 tarihinde 2-0 kazandıkları Real Madrid maçında bir gol kaydetti ve sezonun 40. golünü attı. Messi, 1 Mayıs 2010 tarihinde ise Villareal 'e karşı 4-1 kazandıkları maçta 2 gol attı. 4 Mayıs 2010 tarihinde Tenerife'ye karşı 4-1 kazandıkları maçta yine 2 gol kaydetti. 8 Mayıs 2010 tarihinde ise Sevilla'ya karşı sezonun 32. golünü kaydetti ve ligin son haftasında Valladolid 'e karşı 2 gol daha attı. Messi, böylece Ronaldo 'nun 1996-97 sezonunda (yani bir sezonda) attığı 34 gollük rekorunu egale etti ve 3 Haziran 2010 tarihinde kendisinden 4 gol önde olan Telmo Zarra adına düzenlenen La Liga Yılın Oyuncusu ödülüne layık görüldü."
Arrowhead Stadyumu,(https://tr.wikipedia.org/wiki/Arrowhead_Stadyumu),1,"Lionel Messi#154: Üç gün sonra Messi, deplasmanda Sporting KC'yi 3-2 yenerken bir gol ve bir asist yaparak Arrowhead Stadyumu 'nda 72.610 seyirciyle bugüne kadarki en yüksek seyirci sayısına ulaştı. 27 Nisan'da Messi, deplasmanda New England Revolution 'a karşı kazandığı 4-1 galibiyette iki gol atarak 16. gol katkısını kaydetti ve yedinci görünümünde bunu yapan ilk MLS oyuncusu oldu. 4 Mayıs'ta Messi, beş asistle tek bir MLS maçında en fazla asist rekorunu kırdı ve aynı zamanda New York Red Bulls 'a karşı alınan 6-2'lik galibiyette altı asistle bir MLS maçında en çok gol katkısı rekorunu da kırdı."
Kaká,(https://tr.wikipedia.org/wiki/Kak%C3%A1),1,"Lionel Messi#59: 19 Aralık 2009 tarihinde Messi, FIFA Kulüpler Dünya Kupası finalinde Abu Dabi 'de Estudiantes 'e galibiyet golünü attı ve bu kupayı takımına kazandırdı. 2 gün sonra, FIFA Dünyada Yılın Futbolcusu Ödülü'nü Cristiano Ronaldo , Xavi , Kaká ve Iniesta 'yı geçerek aldı."
Fabregas,(https://tr.wikipedia.org/wiki/Cesc_F%C3%A0bregas),1,"Lionel Messi#73: 2011 UEFA Süper Kupası 'nda ise Barcelona , Porto 'yu 2-0 yenerken maçın ilk golünü atan Messi, ikinci golde de Fabregas 'a asist yapan yapan isim oldu. Bu sonuçla 2009 'dan sonra kariyerinde ikinci kez bu kupayı kazanmış oldu."
2024 Copa América,(https://tr.wikipedia.org/wiki/2024_Copa_Am%C3%A9rica),1,"Lionel Messi#13: Şampiyonluğun yanı sıra, turnuvanın en iyi oyuncusu seçildi ve dört golle gol kralı oldu. Bu başarı, Messi'nin yedinci Ballon d'Or'unu kazanmasına neden oldu. 2022 Dünya Kupası 'nda, Arjantin'in 36 sene sonra gelen dünya şampiyonluğuna yedi gol üç asistle katkı verdi ve ikinci kez turnuvanın en iyi oyuncusu seçildi; bunun üzerine 2023 Ballon d'Or kazananı olarak ödül sayısını sekize çıkardı. 2024 Copa América şampiyonluğuyla birlikte üst üste üçüncü uluslararası turnuvasını kazandı."
Fernando Torres,(https://tr.wikipedia.org/wiki/Fernando_Torres),1,"Lionel Messi#225: Messi, video oyunları olan Pro Evolution Soccer 2009 ve Pro Evolution Soccer 2011 oyunlarının kapağında yer aldı. Messi, Pro Evolution Soccer 2010 oyununda ise Fernando Torres ile birlikte oyunun kapağında yer aldı. Messi, Alman spor markası Adidas ile sponsorluk anlaşması imzaladı."
FIFA Dünyada Yılın Futbolcusu,(https://tr.wikipedia.org/wiki/FIFA_D%C3%BCnyada_Y%C4%B1l%C4%B1n_Futbolcusu),1,"Lionel Messi#59: 19 Aralık 2009 tarihinde Messi, FIFA Kulüpler Dünya Kupası finalinde Abu Dabi 'de Estudiantes 'e galibiyet golünü attı ve bu kupayı takımına kazandırdı. 2 gün sonra, FIFA Dünyada Yılın Futbolcusu Ödülü'nü Cristiano Ronaldo , Xavi , Kaká ve Iniesta 'yı geçerek aldı."
İsviçre,(https://tr.wikipedia.org/wiki/%C4%B0svi%C3%A7re),1,Lionel Messi#164: Messi böylece A millî takım formasıyla ilk kez Brezilya'ya karşı gol atmış oldu. 9 Şubat 2011 tarihinde ise İsviçre 'nin Cenevre şehrinde yine hazırlık maçında Portekiz 'e karşı yine son dakikalarda penaltıdan gol kaydetti ve Arjantin maçı 2-1 kazandı. 27 Haziran 2016'da millî takımı bıraktığını açıklamıştır.
Esteban Cambiasso,(https://tr.wikipedia.org/wiki/Esteban_Cambiasso),1,"Lionel Messi#180: Paraguay 'la oynanan üçüncü maçta, çeyrek final garantilendiği için Messi dinlendirildi. 64. dakikada Esteban Cambiasso 'nun yerine oyuna giren Messi, 79. dakikada Javier Mascherano 'nun golünü hazırladı."
Estudiantes,(https://tr.wikipedia.org/wiki/Estudiantes_de_La_Plata),1,"Lionel Messi#59: 19 Aralık 2009 tarihinde Messi, FIFA Kulüpler Dünya Kupası finalinde Abu Dabi 'de Estudiantes 'e galibiyet golünü attı ve bu kupayı takımına kazandırdı. 2 gün sonra, FIFA Dünyada Yılın Futbolcusu Ödülü'nü Cristiano Ronaldo , Xavi , Kaká ve Iniesta 'yı geçerek aldı."
2009,(https://tr.wikipedia.org/wiki/2009_UEFA_S%C3%BCper_Kupas%C4%B1),1,"Lionel Messi#73: 2011 UEFA Süper Kupası 'nda ise Barcelona , Porto 'yu 2-0 yenerken maçın ilk golünü atan Messi, ikinci golde de Fabregas 'a asist yapan yapan isim oldu. Bu sonuçla 2009 'dan sonra kariyerinde ikinci kez bu kupayı kazanmış oldu."
Floyd Mayweather,"(https://tr.wikipedia.org/wiki/Floyd_Mayweather,_Jr.)",1,"Lionel Messi#16: Aynı dergi, Messi'nin 2010-2019 arasındaki on yıllık dönemde 750 milyon dolar kazandığını; Floyd Mayweather ve Ronaldo'nun ardından en çok kazanan üçüncü sporcu olduğunu açıklamıştır."
UEFA Avrupa'da En İyi Oyuncu Ödülü,(https://tr.wikipedia.org/wiki/UEFA_Avrupa%27da_En_%C4%B0yi_Oyuncu_%C3%96d%C3%BCl%C3%BC),1,"Lionel Messi#75: Messi, 2011 yılında takım arkadaşı Xavi ve Cristiano Ronaldo 'yu geçerek "" UEFA Avrupa'da En İyi Oyuncu Ödülü ""'nü kazandı."
Luis Enrique,(https://tr.wikipedia.org/wiki/Luis_Enrique),1,"Lionel Messi#91: Yeni teknik direktör ve eski kaptan Luis Enrique yönetiminde Messi, 2014-15 sezonuna büyük ölçüde sakatlıksız bir başlangıç yaptı ve yılın sonuna doğru uzun süredir devam eden üç rekor daha kırmasına izin verdi. 22 Kasım'da Sevilla'ya karşı attığı bir hat-trick, onu La Liga'da tüm zamanların en çok gol atan oyuncusu yaptı ve Telmo Zarra'nın elinde tuttuğu 251 lig golüyle 59 yıllık rekoru geride bıraktı. 7 Aralık'ta şehirdeki rakipleri Espanyol'a karşı attığı üçüncü bir hat-trick, Derbi barceloní'de 12 golle tüm zamanların en çok gol atan oyuncusu olarak César Rodríguez 'i geçmesini sağladı."
Maxi Rodríguez,(https://tr.wikipedia.org/wiki/Maxi_Rodr%C3%ADguez),1,"Lionel Messi#169: Fildişi Sahili ile oynanan ilk maçtaki galibiyete Messi, yedek kulübesinden tanıklık etti. İkinci maç olan Sırbistan maçında, Messi 74. dakikada Maxi Rodríguez 'in yerine girerek, Dünya Kupalarında Arjantin'i temsil eden en genç futbolcu oldu. Oyuna girdiği dakikada Hernán Crespo 'nun golünün asistini yaptı ve 6-0'lık galibiyetin son golünü de kaydetti."
Luis Suárez,(https://tr.wikipedia.org/wiki/Luis_Su%C3%A1rez),1,"Lionel Messi#152: 2024 sezonundaki iki maçın ve Barselona'nın eski takım arkadaşı Luis Suárez 'in kendisine katılmasının ardından, Messi, sezonun ilk golünü, 26 Şubat'ta LA Galaxy ile 1-1 biten lig beraberliğinde eşitliği sağlamak için duraklama süresinde attı. Mart ayında Messi, Şampiyonlar Kupası'nın 16. Turunda Nashville'e karşı oynanan maçta rahatsızlık yaşadıktan sonra sağ diz dizinden sakatlanarak kadro dışı kalmıştı."
Altın Top Ödülü,(https://tr.wikipedia.org/wiki/FIFA_D%C3%BCnya_Kupas%C4%B1_%C3%B6d%C3%BClleri),1,"Lionel Messi#200: Messi, 2014 FIFA Dünya Kupası 'nın en iyi futbolcusu seçilerek Altın Top Ödülü 'nü kazanmıştır."
Marsilya,(https://tr.wikipedia.org/wiki/Olympique_de_Marseille),1,"Lionel Messi#136: Messi, 26 Şubat'ta PSG 'nin Marsilya 'yı 3-0 yendiği maçta bir gol atmayı başardı."
Lothar Matthäus,(https://tr.wikipedia.org/wiki/Lothar_Matth%C3%A4us),1,"Lionel Messi#208: Yarı finalde Hırvatistan karşısında turnuvadaki yirmi beşinci maçına çıkarak Lothar Matthäus 'un ""Dünya Kupaları tarihinde en çok maça çıkan oyuncu"" rekoruna ortak oldu. Açılış golünü penaltıyla atarken üçüncü golde Julián Álvarez 'e asist yaptı."
New York City,(https://tr.wikipedia.org/wiki/New_York_City_FC),1,"Lionel Messi#112: Messi, Pep Guardiola ile görüştü ve Manchester City 'de oynamak istediğini söyledi. 27 Ağustos tarihli habere göre Messi, Manchester City ile anlaştı. 3 yıllık sözleşme imzalayacak, Barça'da aldığı ücreti alacak ve 10 numarayı giyecekti. 3 yılın ardından MLS takımlarından New York City 'ye transfer olacak ve orada da 2 yıl oynadıktan sonra futbolu bırakacaktı."
Racing de Santander,(https://tr.wikipedia.org/wiki/Racing_de_Santander),1,"Lionel Messi#39: Messi, Arjantin'de tedavi gördükten sonra, 11 Şubat 2007 tarihinde Racing de Santander maçında ikinci yarıda oyuna girdi."
Valladolid,(https://tr.wikipedia.org/wiki/Real_Valladolid_CF),1,"Lionel Messi#63: Bu maç sonunda Şampiyonlar Ligi'nde en çok gol atan Barcelonalı unvanını Rivaldo 'dan kaptı. 10 Nisan 2010 tarihinde 2-0 kazandıkları Real Madrid maçında bir gol kaydetti ve sezonun 40. golünü attı. Messi, 1 Mayıs 2010 tarihinde ise Villareal 'e karşı 4-1 kazandıkları maçta 2 gol attı. 4 Mayıs 2010 tarihinde Tenerife'ye karşı 4-1 kazandıkları maçta yine 2 gol kaydetti. 8 Mayıs 2010 tarihinde ise Sevilla'ya karşı sezonun 32. golünü kaydetti ve ligin son haftasında Valladolid 'e karşı 2 gol daha attı. Messi, böylece Ronaldo 'nun 1996-97 sezonunda (yani bir sezonda) attığı 34 gollük rekorunu egale etti ve 3 Haziran 2010 tarihinde kendisinden 4 gol önde olan Telmo Zarra adına düzenlenen La Liga Yılın Oyuncusu ödülüne layık görüldü."
Vincent Enyeama,(https://tr.wikipedia.org/wiki/Vincent_Enyeama),1,Lionel Messi#189: Bu maçta bir sürü pozisyonlar buldu ama Nijerya'nın kalecisi Vincent Enyeama 'yı geçemedi.
Suudi Arabistan,(https://tr.wikipedia.org/wiki/Suudi_Arabistan),1,"Lionel Messi#137: Bu gol, onun kariyerinde attığı 700. kulüp golüydü. 8 Nisan'da, ligde Nice 'ı 2-1 yendikleri maçta gol atan Messi, böylece Cristiano Ronaldo 'yu geride bırakarak 702 golle Avrupa kulüp futbolunda en çok gol atan futbolcu olmayı başardı. 2 Mayıs'ta Messi, tanıtım amaçlı bir ticari anlaşmanın parçası olarak ailesiyle Suudi Arabistan 'a izinsiz bir gezi yaptığı için takımdan iki hafta süreyle uzaklaştırıldı ve para cezasına çarptırıldı. 3 Mayıs'ta, Messi'nin sözleşmesinin bitmesiyle kulüpten ayrılacağı bildirildi."
Getafe,(https://tr.wikipedia.org/wiki/Getafe_CF),1,"Lionel Messi#80: Messi, 11 Nisan 2012 tarihinde 4-0 kazandıkları Getafe maçında bir gol (yani sezonun 61. golünü) attı ve Isidro Lángara 'nın İspanya'da 1933-34 sezonunda resmî maçlar olmak üzere toplam attığı 60 gollük rekorunu da kırmış oldu."
Forvet,(https://tr.wikipedia.org/wiki/Forvet_(futbol)),1,"Lionel MessiCard#5: Forvet , Ofansif orta saha"
Hong Kong Stadyumu,(https://tr.wikipedia.org/wiki/Hong_Kong_Stadyumu),1,"Lionel Messi#148: Inter Miami 'nin Şubat 2024'teki sezon öncesi hazırlık döneminde Messi, Hong Kong Stadyumu 'nda Hong Kong Ligi oyuncularıyla bir gösteri maçı oynayacaktı."
Hollanda,(https://tr.wikipedia.org/wiki/Hollanda_mill%C3%AE_futbol_tak%C4%B1m%C4%B1),1,Lionel Messi#206: Çeyrek finaldeki Hollanda mücadelesinde Arjantin adına ilk golü atan Nahuel Molina 'ya verdiği ara pasla golün asistini yapmış oldu; ikinci yarıda da penaltıyı gole çevirdi.
Club Brugge,(https://tr.wikipedia.org/wiki/Club_Brugge_KV),1,Lionel Messi#128: Paris ekibiyle ilk UEFA Şampiyonlar Ligi maçına 15 Eylül'de oynanan ve 1-1'lik sonuçla tamamlanan Club Brugge maçında çıktı.
Hernán Crespo,(https://tr.wikipedia.org/wiki/Hern%C3%A1n_Crespo),1,"Lionel Messi#169: Fildişi Sahili ile oynanan ilk maçtaki galibiyete Messi, yedek kulübesinden tanıklık etti. İkinci maç olan Sırbistan maçında, Messi 74. dakikada Maxi Rodríguez 'in yerine girerek, Dünya Kupalarında Arjantin'i temsil eden en genç futbolcu oldu. Oyuna girdiği dakikada Hernán Crespo 'nun golünün asistini yaptı ve 6-0'lık galibiyetin son golünü de kaydetti."
asist,(https://tr.wikipedia.org/wiki/Asist_(futbol)),1,"Lionel Messi#4: Kulüpten ayrılmadan önce bütün profesyonel kariyerini Barcelona 'da geçirmiş; orada on La Liga şampiyonluğu, yedi Copa del Rey ve dört UEFA Şampiyonlar Ligi de dâhil olmak üzere 35 kupa kazanmış, toplamda ise 46 kupa kazanmıştır. La Liga'da en çok gol (474) atan, en çok Hat trick (36) yapan ve en çok asist (192) yapan oyuncu rekorlarını elinde tutmaktadır."
Telmo Zarra,(https://tr.wikipedia.org/wiki/Telmo_Zarra),1,"Lionel Messi#63: Bu maç sonunda Şampiyonlar Ligi'nde en çok gol atan Barcelonalı unvanını Rivaldo 'dan kaptı. 10 Nisan 2010 tarihinde 2-0 kazandıkları Real Madrid maçında bir gol kaydetti ve sezonun 40. golünü attı. Messi, 1 Mayıs 2010 tarihinde ise Villareal 'e karşı 4-1 kazandıkları maçta 2 gol attı. 4 Mayıs 2010 tarihinde Tenerife'ye karşı 4-1 kazandıkları maçta yine 2 gol kaydetti. 8 Mayıs 2010 tarihinde ise Sevilla'ya karşı sezonun 32. golünü kaydetti ve ligin son haftasında Valladolid 'e karşı 2 gol daha attı. Messi, böylece Ronaldo 'nun 1996-97 sezonunda (yani bir sezonda) attığı 34 gollük rekorunu egale etti ve 3 Haziran 2010 tarihinde kendisinden 4 gol önde olan Telmo Zarra adına düzenlenen La Liga Yılın Oyuncusu ödülüne layık görüldü."
ABD,(https://tr.wikipedia.org/wiki/Amerika_Birle%C5%9Fik_Devletleri_mill%C3%AE_futbol_tak%C4%B1m%C4%B1),1,"Lionel Messi#176: Messi, 2007 Copa América turnuvasındaki ilk maçına 29 Haziran 2007 tarihinde 4-1 yendikleri maçta ABD karşısında çıktı."
Ofansif orta saha,(https://tr.wikipedia.org/wiki/Orta_saha#Ofansif_orta_saha),1,"Lionel MessiCard#5: Forvet , Ofansif orta saha"
Barcelona C,(https://tr.wikipedia.org/wiki/FC_Barcelona_C),1,Lionel MessiCard#12: Barcelona C
River Plate,(https://tr.wikipedia.org/wiki/CA_River_Plate),1,"Lionel Messi#22: Messi 5 yaşında, babasının antrenörlüğünü yaptığı Grandoli adlı futbol takımında forma giymeye başladı. 1995'te, doğduğu şehir Rosairo'nun takımı Newell's Old Boys 'un altyapısına geçti. 11 yaşında kendisine büyüme hormonu eksikliği teşhisi konuldu. Primera División (Arjantin) ekiplerinden River Plate , Messi'nin tedavisine yardım etmek istese de aylık 900 $'lık tedavi masrafını karşılayacak paraları olmadığını söylediler. Barcelona 'nın sportif direktörü Carles Rexach , Messi'nin Lleida , Katalonya 'daki akrabaları sayesinde kendisinin yeteneğinden haberdardı ve bir müddet sonra oyuncu ile babasına deneme süreci önerdi."
2014 FIFA Ballon d'Or,(https://tr.wikipedia.org/wiki/2014_FIFA_Ballon_d%27Or),1,"Lionel Messi#92: Messi, 2014 FIFA Ballon d'Or 'da Cristiano Ronaldo 'nun arkasında ikinci oldu. Bu ikincilik büyük ölçüde Arjantin 'in Dünya Kupası 'nda elde ettiği ikincilik başarısı sayesindedir."
2015,(https://tr.wikipedia.org/wiki/2015_Copa_Am%C3%A9rica),1,"Lionel Messi#12: Oyun tarzlarındaki benzerlik sebebiyle vatandaşı Diego Maradona 'yla karşılaştırıldı ve onun halefi olarak görülmeye başlandı. 2005 Ağustos'tan beri millî takım forması giyen Messi; 2006 'da bir Dünya Kupası 'nda oynayan ve gol atan en genç Arjantinli oldu. Turnuvanın en iyi genç oyuncusu seçildiği 2007 Copa América 'da finalde Brezilya 'ya 3-0 kaybetti. 2008 Yaz Olimpiyatları 'nda takımıyla bir altın madalya kazandı. 2011'de millî takım kaptanı olmasından itibaren takımını 2014 Dünya Kupası 'nda; 2015 ve 2016 Copa América'da finale taşıdı; ilk ikisinde turnuvanın en iyi oyuncusu seçildi ancak oynadığı üç finali de kaybetti. 2016'da millî takımdan emekliliğini duyurmasının ardından kararından geri dönerek takımını 2018 Dünya Kupası 'na götürdü, 2019 Copa América 'da üçüncü oldu ve 2021 Copa América 'da finalde Brezilya'yı yenerek ilk şampiyonluğunu kazandı."
FIFA Yılın Oyuncusu,(https://tr.wikipedia.org/wiki/2010_FIFA_Ballon_d%27Or),1,"Lionel Messi#65: Messi, takım arkadaşları; Xavi ve Iniesta 'yı geçerek FIFA Yılın Oyuncusu ödülüne layık görüldü."
Isidro Lángara,(https://tr.wikipedia.org/wiki/Isidro_L%C3%A1ngara),1,"Lionel Messi#80: Messi, 11 Nisan 2012 tarihinde 4-0 kazandıkları Getafe maçında bir gol (yani sezonun 61. golünü) attı ve Isidro Lángara 'nın İspanya'da 1933-34 sezonunda resmî maçlar olmak üzere toplam attığı 60 gollük rekorunu da kırmış oldu."
Suudi Arabistan,(https://tr.wikipedia.org/wiki/Suudi_Arabistan_mill%C3%AE_futbol_tak%C4%B1m%C4%B1),1,"Lionel Messi#203: Turnuvada takımın birinci kaptanı olan Messi, grup aşamasının ilk maçında Suudi Arabistan 'a karşı bir penaltı golü attı. Ardından Meksika maçında ceza sahası dışından yerden vurduğu şutla takımını öne geçirdi; ikinci golün asistini yaptı."
Bayer 04 Leverkusen,(https://tr.wikipedia.org/wiki/Bayer_04_Leverkusen),1,"Lionel Messi#77: 7 Mart 2012 tarihinde Şampiyonlar Ligi 2. tur rövanş mücadelesinde, Bayer 04 Leverkusen 'e karşı 5 gol birden atarak Şampiyonlar Ligi tarihinde bir maçta en fazla gol atan futbolcu unvanını kazandı."
2023 Ballon d'Or,(https://tr.wikipedia.org/wiki/2023_Ballon_d%27Or),1,"Lionel Messi#13: Şampiyonluğun yanı sıra, turnuvanın en iyi oyuncusu seçildi ve dört golle gol kralı oldu. Bu başarı, Messi'nin yedinci Ballon d'Or'unu kazanmasına neden oldu. 2022 Dünya Kupası 'nda, Arjantin'in 36 sene sonra gelen dünya şampiyonluğuna yedi gol üç asistle katkı verdi ve ikinci kez turnuvanın en iyi oyuncusu seçildi; bunun üzerine 2023 Ballon d'Or kazananı olarak ödül sayısını sekize çıkardı. 2024 Copa América şampiyonluğuyla birlikte üst üste üçüncü uluslararası turnuvasını kazandı."
Real Zaragoza,(https://tr.wikipedia.org/wiki/Real_Zaragoza),1,"Lionel Messi#38: 2006-07 sezonunda, Messi, düzenli bir ilk 11 oyuncusu oldu ve 26 maçta 14 gol attı. 12 Kasım 2007 tarihinde Real Zaragoza 'ya karşı oynadıkları maçta, ayak tarak kemiği kırılması nedeniyle, 3 ay forma giyemedi."
Lleida,(https://tr.wikipedia.org/wiki/Lleida),1,"Lionel Messi#22: Messi 5 yaşında, babasının antrenörlüğünü yaptığı Grandoli adlı futbol takımında forma giymeye başladı. 1995'te, doğduğu şehir Rosairo'nun takımı Newell's Old Boys 'un altyapısına geçti. 11 yaşında kendisine büyüme hormonu eksikliği teşhisi konuldu. Primera División (Arjantin) ekiplerinden River Plate , Messi'nin tedavisine yardım etmek istese de aylık 900 $'lık tedavi masrafını karşılayacak paraları olmadığını söylediler. Barcelona 'nın sportif direktörü Carles Rexach , Messi'nin Lleida , Katalonya 'daki akrabaları sayesinde kendisinin yeteneğinden haberdardı ve bir müddet sonra oyuncu ile babasına deneme süreci önerdi."
Alman,(https://tr.wikipedia.org/wiki/Almanya),1,"Lionel Messi#225: Messi, video oyunları olan Pro Evolution Soccer 2009 ve Pro Evolution Soccer 2011 oyunlarının kapağında yer aldı. Messi, Pro Evolution Soccer 2010 oyununda ise Fernando Torres ile birlikte oyunun kapağında yer aldı. Messi, Alman spor markası Adidas ile sponsorluk anlaşması imzaladı."
Marco van Basten,(https://tr.wikipedia.org/wiki/Marco_van_Basten),1,"Lionel Messi#76: Ayrıca aynı yılda da takım arkadaşı Xavi ve Cristano Ronaldo'yu geçerek FIFA Ballon d'Or ödülünü 3. kez- kazandı. Johan Cruyff , Michel Platini ve Marco van Basten 'in ardından FIFA Ballon d'Or ödülünü 3 kez kazanan dördüncü futbolcu oldu."
finale,(https://tr.wikipedia.org/wiki/2022_FIFA_D%C3%BCnya_Kupas%C4%B1_finali),1,Lionel Messi#209: Arjantin maçı 3-0 kazandı ve finale yükseldi.
Altın Ayakkabı,(https://tr.wikipedia.org/wiki/Avrupa_Alt%C4%B1n_Ayakkab%C4%B1),1,"Lionel Messi#3: Sekiz Ballon d'Or ve altı Altın Ayakkabı kazanarak iki ödülde de rekor kıran oyuncu, 2020 yılında Ballon d'Or Rüya Takımına seçilmiştir."
Arjantin - Meksika,(https://tr.wikipedia.org/wiki/2010_FIFA_D%C3%BCnya_Kupas%C4%B1_eleme_a%C5%9Famas%C4%B1#Arjantin_-_Meksika),1,"Lionel Messi#192: Messi, Son 16'da Arjantin - Meksika maçında Carlos Tevez 'e asist yaptı ve Arjantin, Meksika karşısında maçı 3-1 kazandı."
UEFA Süper Kupası'nda,(https://tr.wikipedia.org/wiki/UEFA_S%C3%BCper_Kupas%C4%B1),1,"Lionel Messi#94: Messi, 2015-16 sezonunu, UEFA Süper Kupası'nda Barcelona'nın Sevilla'ya karşı 5-4 galibiyetinde (uzatmaların ardından) serbest vuruşlardan iki gol atarak açtı. 16 Eylül'de, deplasmanda Roma ile 1-1 berabere kaldığı UEFA Şampiyonlar Ligi'nde 100 maça çıkan en genç oyuncu oldu. Dizinden sakatlandıktan sonra 21 Kasım'da sahaya döndü ve El Clásico'da Barcelona'nın deplasmanda Real Madrid'i 4-0 yendiği maçta yedek oyuncu olarak yer aldı. Messi, 2015 FIFA Kulüpler Dünya Kupası Finalini kazanarak yılı kapattı. 20 Aralık'ta, Barcelona'nın Yokohama'da River Plate'i 3-0 mağlup etmesiyle 2015'in beşinci kulüp kupasını topladı. 30 Aralık'ta Messi, Barcelona formasıyla 500. kez Real Betis'i 4-0 yendikleri maçta gol attı."
Katar,(https://tr.wikipedia.org/wiki/Katar),1,"Lionel Messi#163: Messi, 17 Kasım 2010 tarihinde Katar 'ın Doha şehrinde yapılan hazırlık maçında Brezilya 'ya karşı son dakikalarda gol attı ve Arjantin maçı 1-0 kazandı."
Barselona derbisi,(https://tr.wikipedia.org/wiki/Barselona_derbisi),1,Lionel Messi#81: 2 Mayıs 2012 tarihinde ise Malaga karşısında yine hat-trick yaptı ve 68. golüne ulaşarak Gerd Müller 'in 1972-73 sezonunda attığı 67 golün rekorunu kırarak Avrupa 'da bir sezonda en çok gol atan futbolcu unvanını elinde bulundurdu. 5 Mayıs 2012 tarihinde Barselona derbisi mücadelesinde Espanyol karşısında 4-0 kazanılan maçta ikisi penaltıdan olmak üzere dördünü de (aynı zamanda 72. golünü) attı ve böylece 1924-25 sezonunda Dünyada toplam 70 gol atan Archie Stark 'ın da rekorunu kırmış oldu.
Sırbistan,(https://tr.wikipedia.org/wiki/S%C4%B1rbistan_mill%C3%AE_futbol_tak%C4%B1m%C4%B1),1,"Lionel Messi#169: Fildişi Sahili ile oynanan ilk maçtaki galibiyete Messi, yedek kulübesinden tanıklık etti. İkinci maç olan Sırbistan maçında, Messi 74. dakikada Maxi Rodríguez 'in yerine girerek, Dünya Kupalarında Arjantin'i temsil eden en genç futbolcu oldu. Oyuna girdiği dakikada Hernán Crespo 'nun golünün asistini yaptı ve 6-0'lık galibiyetin son golünü de kaydetti."
Paulino Alcantara,(https://tr.wikipedia.org/wiki/Paulino_Alc%C3%A1ntara),1,Lionel Messi#89: 16 Mart'ta Osasuna 'ya karşı hat-trick yaptı ve Paulino Alcantara 'yı geçerek Barcelona tarihinin en golcü oyuncusu oldu. 23 Mart'ta Real Madrid 'e karşı hat-trick yaparak El Clasico'nun en skorer oyuncusu ve Hugo Sanchez 'i geçerek La Liga tarihinin en golcü 2. oyuncusu oldu.
Kolombiya,(https://tr.wikipedia.org/wiki/Kolombiya_mill%C3%AE_futbol_tak%C4%B1m%C4%B1),1,Lionel Messi#178: İkinci maçına Kolombiya karşısında çıktı ve takımına bir penaltı kazandırdı.
Angola,(https://tr.wikipedia.org/wiki/Angola_mill%C3%AE_futbol_tak%C4%B1m%C4%B1),1,Lionel Messi#168: Dünya Kupası öncesi son maçında Arjantin U-20 millî takım ile Angola karşısında oynanan maçta 64. dakikada oyuna dâhil oldu.
Trophée des champions,(https://tr.wikipedia.org/wiki/Troph%C3%A9e_des_champions),1,"Lionel Messi#134: Takımıyla yeni sezona 31 Temmuz'da oynanan Trophée des champions maçıyla başlayan Messi, 4-0 kazandıkları maçta bir gol kaydederek takımıyla ikinci kupasını kazanmayı başardı."
2004-05 sezonunda,(https://tr.wikipedia.org/wiki/2004-05_La_Liga),1,Lionel Messi#7: Takımın formasını ilk kez 2004-05 sezonunda giydi; 2005-06 sezonunda La Liga ve Şampiyonlar Ligi şampiyonluğu yaşadı. 2008-09 sezonunda ilk kez ellinin üzerinde maça çıkarak kulübün üç kupa kazanmasında merkezî rol alan oyuncu; o sene 22 yaşındayken ilk Ballon d'Or'unu kazandı.
Laureus Yılın Erkek Sporcusu,(https://tr.wikipedia.org/wiki/Laureus_Y%C4%B1l%C4%B1n_Erkek_Sporcular%C4%B1_Listesi),1,"Lionel Messi#17: Time ise Messi'yi 2011, 2012 ve 2023'te dünyadaki en etkili 100 kişiden biri arasına koymuştur. 2020 ve 2023'te Laureus Yılın Erkek Sporcusu seçilerek bu ödülü kazanan ilk ve tek futbolcu olmuştur."
2011 UEFA Süper Kupası,(https://tr.wikipedia.org/wiki/2011_UEFA_S%C3%BCper_Kupas%C4%B1),1,"Lionel Messi#73: 2011 UEFA Süper Kupası 'nda ise Barcelona , Porto 'yu 2-0 yenerken maçın ilk golünü atan Messi, ikinci golde de Fabregas 'a asist yapan yapan isim oldu. Bu sonuçla 2009 'dan sonra kariyerinde ikinci kez bu kupayı kazanmış oldu."
FIFA Ballon d'Or,(https://tr.wikipedia.org/wiki/FIFA_Ballon_d%27Or),1,"Lionel Messi#76: Ayrıca aynı yılda da takım arkadaşı Xavi ve Cristano Ronaldo'yu geçerek FIFA Ballon d'Or ödülünü 3. kez- kazandı. Johan Cruyff , Michel Platini ve Marco van Basten 'in ardından FIFA Ballon d'Or ödülünü 3 kez kazanan dördüncü futbolcu oldu."
Kosta Rika,(https://tr.wikipedia.org/wiki/Kosta_Rika_mill%C3%AE_futbol_tak%C4%B1m%C4%B1),1,"Lionel Messi#196: Messi, 2011 Copa América turnuvasında Arjantin millî futbol takımıin kadrosunda yer aldı. Turnuvada Messi 3 asist yaptı ama gol atmayı başaramadı. 1-1 berabere kaldıkları Bolivya ve 3-0 kazandıkları Kosta Rika maçlarında maçın adamı seçildi."
Albacete,(https://tr.wikipedia.org/wiki/Albacete_Balompi%C3%A9),1,"Lionel Messi#28: İlk golünü ise 1 Mayıs 2005 tarihinde Albacete 'ye karşı 17 yaşında attı. Messi, böylece La Liga'da gol atan en genç Barcelona'lı futbolcu oldu. Ancak, bu rekor 2007 yılında yine Bojan Krkić tarafından Messi'nin asistiyle kırılacaktı."
Bordeaux,(https://tr.wikipedia.org/wiki/FC_Girondins_de_Bordeaux),1,"Lionel Messi#130: 2 Ocak 2022'de PSG, Messi'nin COVID-19 testinin pozitif çıktığını ve bunun sonucunda iki lig ve bir kupa maçını kaçıracağını duyurdu. 23 Ocak'ta takıma geri dönen Messi, yedekten girdiği maçta Reims 'i 4-0 mağlup ettikleri maçta 1 asist yapmayı başardı. UEFA Şampiyonlar Ligi 'nde son 16 turunda İspanyol takımı Real Madrid 'e elenmelerinin ardından 13 Mart'ta ligde oynadıkları Bordeaux maçında takım arkadaşı Neymar ile birlikte bazı PSG taraftarları tarafından yuhalandı."
Ronald Koeman,(https://tr.wikipedia.org/wiki/Ronald_Koeman),1,"Lionel Messi#109: Yeni teknik direktör Ronald Koeman , Messi'ye ""Artık kulüp içindeki imtiyazların bitti."
Facebook,(https://tr.wikipedia.org/wiki/Facebook),1,"Lionel Messi#229: Messi, ayrıca Nisan 2011 tarihinde Facebook 'ta kendi sayfasını açtı ve birkaç saat içerisinde Messi'nin kurduğu sayfayı takip eden kişi sayısı 6 milyonu aştı. Şu an sayfasını takip eden kişi sayısı 116 milyondur."
Bojan Krkić,(https://tr.wikipedia.org/wiki/Bojan_Krki%C4%87),1,"Lionel Messi#27: Messi, böylece La Liga maçına çıkan en genç oyuncu oldu. Bu rekor Eylül 2007'de Bojan Krkić tarafından kırılacaktı."
Getafe,(https://tr.wikipedia.org/wiki/Getafe),1,"Lionel Messi#47: La Liga'nın 28. haftasında Messi, Malaga 'yı 6-0 yenerlerken sezon içindeki 30. golünü attı. 8 Nisan 2009 tarihinde Şampiyonlar Ligi'nde Bayern Münih 'e iki gol atarken, bu turnuvada 8 gol atarak kendi rekorunu kırdı. 18 Nisan 2009 tarihinde Getafe 'yi 1-0 yenerlerken, 20. lig golünü atmış oldu. Böylece ligde Barcelona ile Real Madrid 'in arasında 6 puan fark olmasını ve Barcelona'nın Real Madrid ile yapacağı maç öncesinde haftaya avantajlı girmesini sağladı."
