E,U,Frekans,Kaynak_IDler
Manchester United,(https://tr.wikipedia.org/wiki/Manchester_United_FC),18,"Cristiano Ronaldo#6: Ronaldo, üst düzey kariyerine Sporting 'de başladı. 2003 yılında İngiliz takımı Manchester United 'a transfer oldu ve ilk sezonunda FA Kupası 'nı kazandı. | Cristiano Ronaldo#25: Profesyonel kariyerine yine Sporting CP'da başlayan genç oyuncu, 2003 yılından 2009 yılına kadar Manchester United 'da oynadı. 2008-2009 sezonun sonunda Real Madrid kulübüne transfer oldu. | Cristiano Ronaldo#34: 16 yaşındayken o zamanki Liverpool teknik direktörü Gérard Houllier tarafından fark edildi, ama Liverpool, Ronaldo'nun henüz çok genç olduğunu ve yeteneklerini geliştirmesi gerektiğine karar verdi ve reddetti. 2003 yılının yazında Lizbon 'da José Alvalade Stadyumu 'nun açılış maçında, Sporting CP'un Manchester United 'ı 3-1 mağlup ettiği maçta Manchester United teknik direktörü Alex Ferguson 'un dikkatini çekti. | Cristiano Ronaldo#37: Ronaldo, Manchester United 'ın ilk Portekizli oyuncusu oldu. FA Premier League 2002-2003 sezonu sonrasında 12,24 milyon sterlin karşılığında transfer edildi. | Cristiano Ronaldo#42: Mart 2007'de ortaya çıkan, Real Madrid 'in Ronaldo için bugüne kadar görülmemiş 80 milyon euro'luk transfer teklifi dedikodularına rağmen, 13 Nisan'da kendisini Manchester United tarihinde en fazla ödenen futbolcu yapan haftalık 120.000 sterlin (toplam 31 milyon £) 5 senelik anlaşma yaptı. | Cristiano Ronaldo#49: Ronaldo Manchester United forması altında ilk hattrickini 12 Ocak 2008'de Old Trafford 'da Newcastle United 'ı 6-0 yendikleri maçta yaptı. | Cristiano Ronaldo#52: 19 Mart 2008'de, Bolton'u 2-0 yendikleri maçta takımının iki golünü de attı ve ilk defa Manchester United 'ın kaptanlığını yaptı. | Cristiano Ronaldo#69: 11 Haziran 2009'da Manchester United , Real Madrid tarafından yapılan 80 milyon £ (94 milyon euro) teklifi Ronaldo'nun takımdan ayrılmak istediğini tekrar belirtmesi üzerine kabul etti. Kulübün sahipleri olan Glazer ailesi bu transferi onayladı. | Cristiano Ronaldo#116: 27 Ağustos 2021'de Manchester United 'a transfer oldu ve 2+1 yıllık sözleşme imzaladı. | Cristiano Ronaldo#122: Ayrıca Premier League içerisinde yılın takımına aday oldu. Tüm bunlara rağmen Manchester United 'ın ligi 6. sırada bitirmesi ile UEFA Avrupa Ligi 'ne katılma hakkı elde etmesiyle Ronaldo 2010'dan beri ilk kez kupa kazanamadı. | Cristiano Ronaldo#123: Manchester United 'dan ayrılmak istediğini dile getiren Ronaldo, transfer dönemi boyunca UEFA Şampiyonlar Ligi içerisinde mücadele edecek bir takıma transfer olamadı ve 2002 yılından sonra ilk kez UEFA Avrupa Ligi 'nde oynamak zorunda kaldı. UEFA Avrupa Ligi 'ndeki ilk golünü ise Sheriff 'e karşı oynadıkları ve 2-0 kazandıkları bir maçta 37 yaşındayken kaydetti. | Cristiano Ronaldo#124: 9 Ekim 2022 tarihinde oynanan Everton - Manchester United maçında ise 44. dakikada attığı gol ile kulüp kariyerindeki 700. golüne imza attı. | Cristiano Ronaldo#125: 22 Kasım 2022 tarihinde Manchester United ile anlaşarak sözleşmesini feshettiğini açıkladı. | Cristiano Ronaldo#144: 1 Temmuz 2006'da çeyrek finalde İngiltere ile karşılaştıkları maçta, Ronaldo'nun Manchester United 'tan takım arkadaşı Wayne Rooney , Portekizli defans oyuncusu Ricardo Carvalho 'nun üzerine bastığı için oyundan atıldı. | Cristiano Ronaldo#146: İngiliz medyasının öfkeli tepkisi Ronaldo'yu Manchester United 'tan ayırmanın eşiğine getirdi ve Ronaldo İspanyol günlük spor gazetesi Marca' ya verdiği röportajda açıkça Real Madrid 'e gitmek istediğini söyledi. | Cristiano Ronaldo#191: Bunun yanı sıra aynı sene içerisinde Manchester United kulübündeki yükselişinden, ayrıca arkadaşlarından ve ailesinden bahsedildiği The Boy Who Had A Dream adındaki DVD'si ve 27 Ekim 2008'de hayatını ve kariyerini anlatan, ayrıca Manchester United'da 7 numaralı formayı giyen ünlü futbolcularla kendisinin karşılaştırıldığı The Story adlı DVD'si piyasaya sürüldü. | Cristiano RonaldoCard#13: Manchester United | Cristiano RonaldoCard#16: Manchester United"
Real Madrid,(https://tr.wikipedia.org/wiki/Real_Madrid_CF),16,"Cristiano Ronaldo#8: Ronaldo, 2009 yılında 94 milyon euro (80 milyon £) değerinde bir transferle Real Madrid 'e imza attığında, o zamanların en pahalı futbol transferinin konusu olmuştu. | Cristiano Ronaldo#12: Portekiz ve tüm millî takımlar baz alındığında en fazla maça çıkan (216) ve en çok gol atan (133) atan kişidir. Real Madrid tarihinde La Liga 'da (311), Şampiyonlar Ligi'nde (105) ve toplamda en çok gol (450) atan futbolcudur. Avrupa Futbol Şampiyonası tarihinin (14), Avrupa Futbol Şampiyonası elemelerinin (38) en çok gol atan futbolcusudur. FIFA Dünya Kupası tarihinde 5 farklı turnuvada gol atan ilk futbolcu olmuştur. | Cristiano Ronaldo#25: Profesyonel kariyerine yine Sporting CP'da başlayan genç oyuncu, 2003 yılından 2009 yılına kadar Manchester United 'da oynadı. 2008-2009 sezonun sonunda Real Madrid kulübüne transfer oldu. | Cristiano Ronaldo#42: Mart 2007'de ortaya çıkan, Real Madrid 'in Ronaldo için bugüne kadar görülmemiş 80 milyon euro'luk transfer teklifi dedikodularına rağmen, 13 Nisan'da kendisini Manchester United tarihinde en fazla ödenen futbolcu yapan haftalık 120.000 sterlin (toplam 31 milyon £) 5 senelik anlaşma yaptı. | Cristiano Ronaldo#58: 5 Haziran 2008'de Sky Sports , Ronaldo'nun Real Madrid tarafından kendisine daha önce yapılan sözde transfer teklifindeki miktar ile aynı miktarda para verilmesi durumunda bu takıma gidebileceğini söylediğini bildirdi. | Cristiano Ronaldo#69: 11 Haziran 2009'da Manchester United , Real Madrid tarafından yapılan 80 milyon £ (94 milyon euro) teklifi Ronaldo'nun takımdan ayrılmak istediğini tekrar belirtmesi üzerine kabul etti. Kulübün sahipleri olan Glazer ailesi bu transferi onayladı. | Cristiano Ronaldo#75: Cristiano Ronaldo 2009 yılında rekor bir ücret ile Real Madrid takımına transfer oldu. 94 milyon € bonservis bedeli transfer olan Ronaldo Zinedine Zidane 'ın 75 milyon € olan transfer rekorunu da egale etmiştir. 26 Haziran tarihinde Real Madrid , Ronaldo'nun 1 Temmuz'dan itibaren takımda olacağını ve sözleşmesinin 6 yıllık olduğunu açıkladı. Real Madrid 'in sitesinden yapılan açıklamada ayrıca; 6 Temmuz 2009 Pazartesi günü Cristiano Ronaldo'nun Santiago Bernabéu Stadyumu 'nda taraftarın karşısına çıkarılacağı ve Portekizli oyuncunun yıllık 13 milyon Euro alacağı belirtildi. | Cristiano Ronaldo#88: Bu sezonda 54 resmi maça çıkan Ronaldo, 53 gol atmayı başardı ve Real Madrid tarihindeki bir sezonda en fazla gol atma rekorunu kırdı. | Cristiano Ronaldo#91: Bu şekilde daha önce 38 golle Real Madrid 'li Hugo Sánchez (1989-90) ve Athletic Bilbao 'lu Telmo Zarra 'ya (1950-51) ait olan La Liga 'da bir sezonda en fazla gol atma rekorunu da kırmış oldu. | Cristiano Ronaldo#93: 2011-12 sezonunun başında La Liga 'da Real Madrid 'in Real Zaragoza deplasmanda 6-0 mağlup ettiği maçta, Ronaldo sezona hat trick yaparak başladı. Mesut Özil 'in ilk 11'de sahaya çıktığı maçta millî futbolcular Nuri Şahin ve Hamit Altıntop sakatlıkları nedeniyle ilk maçta kadroda yer almadı. | Cristiano Ronaldo#96: Bu sezonda Real Madrid formasıyla çıktığı 55 maçta 55 gol ve 14 asistlik performans sergilemiştir. 13 sarı kart ve 1 kırmızı kart görmüştür. | Cristiano Ronaldo#101: 2016-17 sezonunda La Liga 'da 29 maçta 25 gol atıp 6 asist yaparak Real Madrid 'in 2016-17 La Liga şampiyon olmasına katkı yağmıştır. UEFA Şampiyonlar Ligi 'nde 13 maçta 12 gol ve 6 asistle katkı yapıp takımın üst üstte 2. kez UEFA Şampiyonlar Ligi kazanmasında pay sahibi olmuştur. | Cristiano Ronaldo#104: C. Ronaldo'nun Real Madrid son sezonu olan 2017-18 sezonunda tüm kulvarlarda 44 maçta forma giymiş, 44 gol atıp 8 asist yapmıştır. UEFA Şampiyonlar Ligi 'nin 3. kez üst üste alan Real Madrid 'de 13 maçta forma giymiş 15 gol atıp 3 asist yapmıştır. | Cristiano Ronaldo#106: 10 Temmuz 2018 tarihinde resmi olarak Real Madrid 'ten Juventus 'a 100 milyon € bonservis bedeliyle transfer olmuştur. | Cristiano Ronaldo#146: İngiliz medyasının öfkeli tepkisi Ronaldo'yu Manchester United 'tan ayırmanın eşiğine getirdi ve Ronaldo İspanyol günlük spor gazetesi Marca' ya verdiği röportajda açıkça Real Madrid 'e gitmek istediğini söyledi. | Cristiano RonaldoCard#14: Real Madrid"
La Liga,(https://tr.wikipedia.org/wiki/La_Liga),10,"Cristiano Ronaldo#11: Ronaldo, Real Madrid ile dört Şampiyonlar Ligi şampiyonluğu, iki La Liga şampiyonluğu, iki Copa del Rey , üç UEFA Süper Kupası ve üç Kulüpler Dünya Kupası kazandı. 2018'de İtalyan kulübü Juventus 'a ilk 100 milyon euro (88 milyon £) değerinde bir transferle imza attı; bu, bir İtalyan kulübü ve 30 yaş üstü bir oyuncu için en pahalı transfer oldu. İki Serie A şampiyonluğu, iki Supercoppa Italiana kupası ve bir Coppa Italia kazandı ve Serie A'nın En Değerli Oyuncusu oldu. İngiliz, İspanyol ve İtalyan liglerini gol kralı olarak bitiren ilk futbolcu oldu. 2021'de Manchester United'a döndü ve sözleşmesi 2022'de feshedilmeden önce kulübün en golcü oyuncusu olarak tek sezonunu tamamladı. 2023'te En-Nasr 'a imza attı. | Cristiano Ronaldo#12: Portekiz ve tüm millî takımlar baz alındığında en fazla maça çıkan (216) ve en çok gol atan (133) atan kişidir. Real Madrid tarihinde La Liga 'da (311), Şampiyonlar Ligi'nde (105) ve toplamda en çok gol (450) atan futbolcudur. Avrupa Futbol Şampiyonası tarihinin (14), Avrupa Futbol Şampiyonası elemelerinin (38) en çok gol atan futbolcusudur. FIFA Dünya Kupası tarihinde 5 farklı turnuvada gol atan ilk futbolcu olmuştur. | Cristiano Ronaldo#79: İlk golünü Liga de Quito takımına bir hazırlık karşılaşmasında penaltıdan attı. La Liga 'da oynadığı ilk maç RC Deportivo de La Coruña 'ya karşıydı. | Cristiano Ronaldo#91: Bu şekilde daha önce 38 golle Real Madrid 'li Hugo Sánchez (1989-90) ve Athletic Bilbao 'lu Telmo Zarra 'ya (1950-51) ait olan La Liga 'da bir sezonda en fazla gol atma rekorunu da kırmış oldu. | Cristiano Ronaldo#92: Attığı 40 gol ile La Liga gol kralı oldu ve 2007-08 sezonunda bir kanat oyuncusu olarak ilk defa kazandığı Avrupa Altın Ayakkabı Ödülü 'nü tekrar kazanmayı başardı. | Cristiano Ronaldo#93: 2011-12 sezonunun başında La Liga 'da Real Madrid 'in Real Zaragoza deplasmanda 6-0 mağlup ettiği maçta, Ronaldo sezona hat trick yaparak başladı. Mesut Özil 'in ilk 11'de sahaya çıktığı maçta millî futbolcular Nuri Şahin ve Hamit Altıntop sakatlıkları nedeniyle ilk maçta kadroda yer almadı. | Cristiano Ronaldo#94: Attığı 46 gol ile La Liga gol krallığında ikinci oldu ve La Liga 'da 38 maçta 46 gol 13 asist yapan C. Ronaldo toplamda ise 55 maçta 60 gol atmış bu maçlarda 17 asist yapmayı başarmıştır. | Cristiano Ronaldo#95: 2012-2013 sezonunda La Liga 'da iki hafta boş geçen Ronaldo, 3. haftada Granada 'ya 2 gol atmayı başarmıştır. | Cristiano Ronaldo#99: 2015-16 sezonunda C.Ronaldo La Liga 'da 36 maça çıkmış, 35 gol atıp 11 de asist yapmıştır. UEFA Şampiyonlar Liginde de 12 kez boy gösteren Ronaldo bu karşılaşmalarda 16 gol atıp 4 de asist yapmıştır ve üst üste 4. kez UEFA Şampiyonlar Ligi gol kralı olmuştur. | Cristiano Ronaldo#101: 2016-17 sezonunda La Liga 'da 29 maçta 25 gol atıp 6 asist yaparak Real Madrid 'in 2016-17 La Liga şampiyon olmasına katkı yağmıştır. UEFA Şampiyonlar Ligi 'nde 13 maçta 12 gol ve 6 asistle katkı yapıp takımın üst üstte 2. kez UEFA Şampiyonlar Ligi kazanmasında pay sahibi olmuştur."
UEFA Şampiyonlar Ligi | UEFA Şampiyonlar Liginde | Şampiyonlar Ligi,(https://tr.wikipedia.org/wiki/UEFA_%C5%9Eampiyonlar_Ligi),10,"Cristiano Ronaldo#99: 2015-16 sezonunda C.Ronaldo La Liga 'da 36 maça çıkmış, 35 gol atıp 11 de asist yapmıştır. UEFA Şampiyonlar Liginde de 12 kez boy gösteren Ronaldo bu karşılaşmalarda 16 gol atıp 4 de asist yapmıştır ve üst üste 4. kez UEFA Şampiyonlar Ligi gol kralı olmuştur. | Cristiano Ronaldo#82: Ronaldo, Real Madrid'de gösterdiği yüksek performansını 30 Eylül 2009 tarihinde Şampiyonlar Ligi Grup aşamasında Bernabeu'da Marsilya'yı 3-0 mağlup ettikleri maçta 2 gol atarak devam ettirdi. | Cristiano Ronaldo#119: Maçı 4-1 kazanan Manchester United'ın ilk 2 golünü Ronaldo kaydetti. 29 Eylül'de, United'ın Şampiyonlar Ligi 'nde evinde Villarreal 'e karşı 2-1 kazandığı maçta son dakikada takımının galibiyet golünü attı ve Iker Casillas 'ı geçerek UEFA Şampiyonlar Ligi tarihinin en çok forma giyen futbolcusu oldu. 2 Aralık'ta Ronaldo, ligde Arsenal 'e karşı evinde 3-2 kazandıkları maçta iki gol kaydederek profesyonel kariyerinde 800. gol barajını aştı. | Cristiano Ronaldo#4: Yedi lig şampiyonluğu, beş FIFA Kulüpler Dünya Kupası ve beş UEFA Şampiyonlar Ligi de dâhil olmak üzere toplamda 35 kupa kazanmıştır. | Cristiano Ronaldo#56: Ronaldo, 21 Mayıs'ta 2008 UEFA Şampiyonlar Ligi Finali'nde ayrıca ligdeki rakibi Chelsea 'ye karşı maçın 26. dakikasında açılış golünü attı. Penaltı atışlarında kaçırdığı gol, Chelsea'ye Şampiyonlar Ligi Kupası'nı kazanma fırsatı verdi ama John Terry 'nin de penaltı kaçırmasıyla, Manchester United penaltıları 6-5 kazandı. | Cristiano Ronaldo#65: UEFA Şampiyonlar Ligi 'nde Internazionale 'yu 2-0 yenip çeyrek finale çıktıkları maçta 1 gol attı. 5 Nisan 2009'da Aston Villa 'yı 3-2 yendikleri maçta takımının ilk 2 golünü attı. Ronaldo Şampiyonlar Ligi çeyrek final ikinci maçında Porto 'ya 36 metre mesafeden harika bir gol attı ve bu sayede Manchester United yarı finale yükseldi. | Cristiano Ronaldo#101: 2016-17 sezonunda La Liga 'da 29 maçta 25 gol atıp 6 asist yaparak Real Madrid 'in 2016-17 La Liga şampiyon olmasına katkı yağmıştır. UEFA Şampiyonlar Ligi 'nde 13 maçta 12 gol ve 6 asistle katkı yapıp takımın üst üstte 2. kez UEFA Şampiyonlar Ligi kazanmasında pay sahibi olmuştur. | Cristiano Ronaldo#108: C.Ronaldo bu sezon çıktığı 33 Serie A maçında, 31 gol 6 asist yaptı ve Ciro İmmobile 'nin arkasında gol krallığında 2.oldu. Ayrıca çıktığı 8 UEFA Şampiyonlar Ligi maçında, 4 gol 1 asistlik performans gösterdi. Coppa Italia 'da toplam 4 maça çıktı ve 2 gol kaydetti. Supercoppa Italiana 'da ise 1 maça çıktı fakat gol kaydedemedi. | Cristiano Ronaldo#111: Bunun yanında, 2 kez asist yaptı. UEFA Şampiyonlar Ligi 'nde çıktığı 6 maçta 4 gol 2 asist ile oynadı ve bu gollerin ikisini penaltıdan kaydetti. Coppa Italia ve Supercoppa Italiana dahil olmak üzere totalde 5 maça çıktı ve bu maçlarda toplam 3 gol kaydetti. | Cristiano Ronaldo#123: Manchester United 'dan ayrılmak istediğini dile getiren Ronaldo, transfer dönemi boyunca UEFA Şampiyonlar Ligi içerisinde mücadele edecek bir takıma transfer olamadı ve 2002 yılından sonra ilk kez UEFA Avrupa Ligi 'nde oynamak zorunda kaldı. UEFA Avrupa Ligi 'ndeki ilk golünü ise Sheriff 'e karşı oynadıkları ve 2-0 kazandıkları bir maçta 37 yaşındayken kaydetti."
En-Nasr,(https://tr.wikipedia.org/wiki/En-Nasr_(Suudi_Arabistan)),10,"Cristiano Ronaldo#1: Cristiano Ronaldo dos Santos Aveiro (d. 5 Şubat 1985, Funchal , Madeira ), Suudi Profesyonel Ligi takımlarından En-Nasr 'da forma giyen ve Portekiz millî futbol takımının kaptanlığını yapan Portekizli futbolcudur . | Cristiano Ronaldo#11: Ronaldo, Real Madrid ile dört Şampiyonlar Ligi şampiyonluğu, iki La Liga şampiyonluğu, iki Copa del Rey , üç UEFA Süper Kupası ve üç Kulüpler Dünya Kupası kazandı. 2018'de İtalyan kulübü Juventus 'a ilk 100 milyon euro (88 milyon £) değerinde bir transferle imza attı; bu, bir İtalyan kulübü ve 30 yaş üstü bir oyuncu için en pahalı transfer oldu. İki Serie A şampiyonluğu, iki Supercoppa Italiana kupası ve bir Coppa Italia kazandı ve Serie A'nın En Değerli Oyuncusu oldu. İngiliz, İspanyol ve İtalyan liglerini gol kralı olarak bitiren ilk futbolcu oldu. 2021'de Manchester United'a döndü ve sözleşmesi 2022'de feshedilmeden önce kulübün en golcü oyuncusu olarak tek sezonunu tamamladı. 2023'te En-Nasr 'a imza attı. | Cristiano Ronaldo#126: 30 Aralık 2022 tarihinde Suudi Arabistan Pro Ligi ekiplerinden En-Nasr , Ronaldo ile resmî olarak sözleşme imzaladığını açıkladı. | Cristiano Ronaldo#127: İlk maçına El-Hilâl ve En-Nasr karmasının Paris Saint-Germain ile oynadığı maçta çıktı. 19 Ocak 2023 günü oynanan maçta takımı Paris Saint-Germain'e 5-4 yenildi. | Cristiano Ronaldo#131: En-Nasr ile ilk resmî maçına 22 Ocak'ta Kaptan olarak El-İttifak 1-0 yendikleri maçta çıktı. | Cristiano Ronaldo#136: Ronaldo'nun En-Nasr 'a imza atması, Karim Benzema , Sadio Mané , N'Golo Kanté , Rúben Neves , Riyad Mahrez , Roberto Firmino ve Neymar gibi çeşitli Avrupalı oyuncuların Suudi Pro Ligi 'ne geçmesiyle hem yurt içinde hem de yurt dışında popülerliğinin artmasına neden oldu. Suudi Pro Ligi yaz transfer dönemi sırasında, Ronaldo'nun lige geçişteki ana faktörlerden biri olduğunu öne sürüyor. | Cristiano Ronaldo#137: 2023-24 sezonundaki ilk golünü, 31 Temmuz'da Arap Kulüpler Şampiyonlar Kupası 'nda Union Monastirienne'i 4-1 yenerek attı. 3 Ağustos'taki bir sonraki Arap Kulübü Şampiyonlar Kupası maçında Ronaldo, Zamalek 'e karşı geç bir eşitlik golü atarak takımının 1-1 berabere kalmasına ve grup ikinciliğiyle çeyrek finale yükselmesine yardımcı oldu. 9 Ağustos'taki yarı finalde Ronaldo, Al-Shorta'ya karşı galibiyetteki tek golü atarak penaltıyı dönüştürerek En-Nasr 'ın ilk Arap Kulüpler Şampiyonlar Kupası finaline ulaşmasına yardımcı oldu. 12 Ağustos'taki finalde Ronaldo, on kişilik Al-Nassr adına her iki golü de atarak, rakipleri El-Hilâl 'i uzatmaların ardından 2-1 mağlup ederek tarihlerinde ilk kez yarışmayı kazandı. | Cristiano Ronaldo#140: Ronaldo, beş gol atıp iki asist yaptıktan sonra Ağustos ayında SPL Ayın Oyuncusu ödülüne layık görüldü. 2 Eylül'de, En-Nasr 'ın deplasmanda Al-Hazem'e karşı kazandığı 5-1 galibiyette kariyerindeki 850. golü olan golü attı. 19 Eylül'de Ronaldo, AFC Şampiyonlar Ligi 'nde ki ilk maçına Perspolis 'i 2-0 yenerek başladı ve futbol tarihinde kariyerinde 1000 maçta yenilmeyen (776 galibiyet ve 224 beraberlik) rekoru kıran ilk oyuncu oldu. Ronaldo, Eylül ayında kaydettiği beş gol ve üç asistten sonra art arda ikinci kez SPL Ayın Oyuncusu ödülünü aldı. 2 Ekim'de, AFC Şampiyonlar Ligi'nde ki ilk golünü, 3-1'lik galibiyette eşitliği sağlayan İstiklol'e karşı iç saha maçında attı. Mart 2025 itibarıyla tüm kulvarlarda 928 gole ulaşmıştır. | Cristiano RonaldoCard#6: En-Nasr | Cristiano RonaldoCard#17: En-Nasr"
Portekiz | Portekiz millî futbol takımının | Portekiz millî takımının,(https://tr.wikipedia.org/wiki/Portekiz_mill%C3%AE_futbol_tak%C4%B1m%C4%B1),7,"Cristiano Ronaldo#1: Cristiano Ronaldo dos Santos Aveiro (d. 5 Şubat 1985, Funchal , Madeira ), Suudi Profesyonel Ligi takımlarından En-Nasr 'da forma giyen ve Portekiz millî futbol takımının kaptanlığını yapan Portekizli futbolcudur . | Cristiano Ronaldo#12: Portekiz ve tüm millî takımlar baz alındığında en fazla maça çıkan (216) ve en çok gol atan (133) atan kişidir. Real Madrid tarihinde La Liga 'da (311), Şampiyonlar Ligi'nde (105) ve toplamda en çok gol (450) atan futbolcudur. Avrupa Futbol Şampiyonası tarihinin (14), Avrupa Futbol Şampiyonası elemelerinin (38) en çok gol atan futbolcusudur. FIFA Dünya Kupası tarihinde 5 farklı turnuvada gol atan ilk futbolcu olmuştur. | Cristiano Ronaldo#149: Ronaldo, Portekiz 'in Fransa 'ya mağlup olduğu, yarı final karşılaşmasında ıslıklandı ve turnuvanın En İyi Genç Oyuncu ödülünü İngiliz taraftarlardan gelen olumsuz e-posta kampanyası nedeniyle kazanamadı. | Cristiano Ronaldo#188: Dünya Kupası'nın ardından, millî takımdaki geleceği şüpheli olmasına rağmen, yeni teknik direktör Roberto Martínez 'in olası bir görevden alınma söylentileri üzerine Ronaldo, Lihtenştayn ve Lüksemburg 'a karşı oynanacak UEFA Euro 2024 elemelerinde Portekiz 'in kadrosuna seçildi. 23 Mart'ta Ronaldo, Lihtenştayn'ı 4-0 yendikleri maçta bir gol attı; 197. kez millî forma giyerek Al-Mutawa'nın rekorunu kırarak tüm zamanların en çok forma giyen erkek futbolcusu oldu. 20 Haziran'da Ronaldo, millî takım formasıyla 200. kez forma giydi ve Avrupa elemelerinde deplasmanda İzlanda karşısında aldığı galibiyetteki tek golü atarak uluslararası erkek futbol tarihinde ülkesi adına 200 maça çıkan ilk oyuncu oldu. 13 Ekim'de Ronaldo, Slovakya 'yı 3-2 yendikleri maçta bir gol atarak Portekiz'in Euro 2024'e katılma hakkı kazanmasını sağladı ve bu, ülkenin tarihindeki büyük bir turnuvaya en hızlı katılma hakkı oldu. | Cristiano RonaldoCard#23: Portekiz | Cristiano Ronaldo#141: 2008 yılından beri Portekiz millî takımının kaptanı olan Ronaldo, ilk A millî maçına Ağustos 2003'te Kazakistan 'a karşı çıktı, maç 1-0'lık Portekiz galibiyetiyle bitti. 2004 Avrupa Futbol Şampiyonası için kadroya çağrıldı. Yunanistan 'a 2-1 yenildikleri maçta ve Hollanda 'yı yarı finalde 2-1 yendikleri maçta birer gol attı. Turnuvada 2 gol atmasına rağmen turnuva ilk onbirine seçildi. | Cristiano Ronaldo#154: 2008 Avrupa Futbol Şampiyonası elemeleri 'nde 8 gol attı, ama Portekiz çeyrek finalde Almanya 'ya elendiği için turnuvayı 1 golle tamamlayabildi. Portekiz millî takımının başına Carlos Queiroz'un gelişiyle birlikte Ronaldo takım kaptanı oldu."
Sporting,(https://tr.wikipedia.org/wiki/Sporting_CP),6,"Cristiano Ronaldo#6: Ronaldo, üst düzey kariyerine Sporting 'de başladı. 2003 yılında İngiliz takımı Manchester United 'a transfer oldu ve ilk sezonunda FA Kupası 'nı kazandı. | Cristiano Ronaldo#21: Ronaldo, çocukluğunda 1992'den 1995'e kadar babasının forma giydiği Andorinha 'da forma giydi ve daha sonra Nacional 'da iki yıl geçirdi. 1997 yılında, 12 yaşındayken Sporting ile üç günlük bir denemeye çıktı ve £1.500 karşılığında sözleşme imzaladı. | Cristiano Ronaldo#24: Profesyonel olmadan önce Andorinha , CD Nacional ve son olarak Sporting genç takımında oynayan Ronaldo, 17 yaş altı Portekiz millî takımında da dikkat çekmişti. | Cristiano Ronaldo#29: Ronaldo, Sporting 'un genç oyuncularının eğitim gördüğü Alcochete futbol okuluna katıldı. 1 sezon içinde Sporting U-16, U-17, U-18, B-takımı ve A takımında oynayan ilk ve tek oyuncu oldu. İlk çıktığı maçta Moreirense takımına 2 gol attı. Ayrıca Avrupa 17 Yaş Altı Futbol Şampiyonası 'nda oynuyordu. | Cristiano Ronaldo#47: Şampiyonlar Ligi grup maçlarında Sporting 'a karşı deplasmanda attığı golle galibiyeti getirdi ve ayrıca evinde oynadığı maçta da uzatmalarda attığı golle Manchester United'ın grupta lider olmasını sağladı. | Cristiano RonaldoCard#10: Sporting"
Ballon d'Or,(https://tr.wikipedia.org/wiki/Ballon_d%27Or),6,"Cristiano Ronaldo#3: Beş Ballon d'Or ve dört Altın Ayakkabı kazanarak bir Avrupalı olarak bu ödülü en çok kazanan oyuncu, 2020 yılında Ballon d'Or Rüya Takımına seçilmiştir. | Cristiano Ronaldo#9: Bu dönemde, 2013, 2014'te ve 2016, 2017'de arka arkaya Ballon d'Or kazandı. | Cristiano Ronaldo#36: Tam üç kez Ballon d'Or ödülünü kazanan Johan Cruyff 2 Nisan 2008'de yaptığı bir röportajında: ""Ronaldo, Manchester United tarihindeki iki harika futbolcu George Best ve Denis Law 'dan daha iyi bir futbolcudur."" demiştir. | Cristiano Ronaldo#48: 2007 Ballon d'Or 'u Kaká 'nın ardından ikinci, FIFA Dünyada Yılın Futbolcusu ödülünde Kaká ve Lionel Messi 'nin ardından 3. oldu. | Cristiano Ronaldo#63: Ronaldo böylece Premier Lig'deki mücadele eden tüm takımlara gol atmış oldu. 2 Aralık 2008'de Ronaldo, George Best 'in 1968'de kazandığı Ballon d'Or 'dan sonra bu ödülü kazanan ilk Manchester United'lı futbolcu oldu. İkinci Lionel Messi 'nin 165 puan önünde 446 puan topladı. | Cristiano Ronaldo#74: Manchester United'ın 40 yıl sonra Ballon d'Or ödülünü kazanan ilk futbolcusu olmuştur."
Juventus,(https://tr.wikipedia.org/wiki/Juventus_FC),6,"Cristiano Ronaldo#11: Ronaldo, Real Madrid ile dört Şampiyonlar Ligi şampiyonluğu, iki La Liga şampiyonluğu, iki Copa del Rey , üç UEFA Süper Kupası ve üç Kulüpler Dünya Kupası kazandı. 2018'de İtalyan kulübü Juventus 'a ilk 100 milyon euro (88 milyon £) değerinde bir transferle imza attı; bu, bir İtalyan kulübü ve 30 yaş üstü bir oyuncu için en pahalı transfer oldu. İki Serie A şampiyonluğu, iki Supercoppa Italiana kupası ve bir Coppa Italia kazandı ve Serie A'nın En Değerli Oyuncusu oldu. İngiliz, İspanyol ve İtalyan liglerini gol kralı olarak bitiren ilk futbolcu oldu. 2021'de Manchester United'a döndü ve sözleşmesi 2022'de feshedilmeden önce kulübün en golcü oyuncusu olarak tek sezonunu tamamladı. 2023'te En-Nasr 'a imza attı. | Cristiano Ronaldo#106: 10 Temmuz 2018 tarihinde resmi olarak Real Madrid 'ten Juventus 'a 100 milyon € bonservis bedeliyle transfer olmuştur. | Cristiano Ronaldo#115: 27 Ağustos 2021'de Juventus teknik direktörü Allegri Ronaldo'nun kendisine ""artık bu takım için oynamak istemediğini ve kulüpten ayrılmak istediğini"" söylediğini belirtti. | Cristiano Ronaldo#117: Juventus , Manchester United'ın Ronaldo için 5 yılda 15 milyon avro bonservis ödeyeceğini, 8 milyon avro da bonuslar bulunduğunu açıkladı. | Cristiano Ronaldo#130: Messi ve Ronaldo, 8 Aralık 2020 günü Juventus ile Barcelona arasında oynanan UEFA Şampiyonlar Ligi maçından sonra ilk kez birbirine rakip olmuştur. | Cristiano RonaldoCard#15: Juventus"
SPL | Suudi Arabistan Pro Ligi | Suudi Pro Ligi | Suudi Profesyonel Ligi,(https://tr.wikipedia.org/wiki/Devr%C3%AE%27l-Muhterifin_es-Suud%C3%AE),4,"Cristiano Ronaldo#1: Cristiano Ronaldo dos Santos Aveiro (d. 5 Şubat 1985, Funchal , Madeira ), Suudi Profesyonel Ligi takımlarından En-Nasr 'da forma giyen ve Portekiz millî futbol takımının kaptanlığını yapan Portekizli futbolcudur . | Cristiano Ronaldo#126: 30 Aralık 2022 tarihinde Suudi Arabistan Pro Ligi ekiplerinden En-Nasr , Ronaldo ile resmî olarak sözleşme imzaladığını açıkladı. | Cristiano Ronaldo#140: Ronaldo, beş gol atıp iki asist yaptıktan sonra Ağustos ayında SPL Ayın Oyuncusu ödülüne layık görüldü. 2 Eylül'de, En-Nasr 'ın deplasmanda Al-Hazem'e karşı kazandığı 5-1 galibiyette kariyerindeki 850. golü olan golü attı. 19 Eylül'de Ronaldo, AFC Şampiyonlar Ligi 'nde ki ilk maçına Perspolis 'i 2-0 yenerek başladı ve futbol tarihinde kariyerinde 1000 maçta yenilmeyen (776 galibiyet ve 224 beraberlik) rekoru kıran ilk oyuncu oldu. Ronaldo, Eylül ayında kaydettiği beş gol ve üç asistten sonra art arda ikinci kez SPL Ayın Oyuncusu ödülünü aldı. 2 Ekim'de, AFC Şampiyonlar Ligi'nde ki ilk golünü, 3-1'lik galibiyette eşitliği sağlayan İstiklol'e karşı iç saha maçında attı. Mart 2025 itibarıyla tüm kulvarlarda 928 gole ulaşmıştır. | Cristiano Ronaldo#136: Ronaldo'nun En-Nasr 'a imza atması, Karim Benzema , Sadio Mané , N'Golo Kanté , Rúben Neves , Riyad Mahrez , Roberto Firmino ve Neymar gibi çeşitli Avrupalı oyuncuların Suudi Pro Ligi 'ne geçmesiyle hem yurt içinde hem de yurt dışında popülerliğinin artmasına neden oldu. Suudi Pro Ligi yaz transfer dönemi sırasında, Ronaldo'nun lige geçişteki ana faktörlerden biri olduğunu öne sürüyor."
Premier League,(https://tr.wikipedia.org/wiki/Premier_League),4,"Cristiano Ronaldo#7: Ayrıca arka arkaya üç Premier League şampiyonluğu, bir UEFA Şampiyonlar Ligi şampiyonluğu ve bir FIFA Kulüpler Dünya Kupası'nı kazandı. 23 yaşındayken ilk Ballon d'Or'unu kazandı. | Cristiano Ronaldo#120: 12 Mart 2022'de Ronaldo, ligde 3-2 kazandıkları Tottenham Hotspur maçında hat-trick yaptı ve toplam gol sayısını 807'ye çıkardı. FIFA 'ya göre 805 golle Josef Bican 'a ait olan profesyonel futbol tarihinde en çok gol atan futbolcu unvanını kazandı. 16 Nisan'da Ronaldo, kulüp bazında 50. hat-trick'ini ligde 3-2 kazandıkları Norwich City maçında kaydetti. 23 Nisan'da Ronaldo, Arsenal 'e 3-1 kaybettikleri maçta 100. Premier League golünü kaydetti. | Cristiano Ronaldo#121: Ronaldo, Nisan ayında Premier League 'de ayın oyuncusu seçildi. | Cristiano Ronaldo#122: Ayrıca Premier League içerisinde yılın takımına aday oldu. Tüm bunlara rağmen Manchester United 'ın ligi 6. sırada bitirmesi ile UEFA Avrupa Ligi 'ne katılma hakkı elde etmesiyle Ronaldo 2010'dan beri ilk kez kupa kazanamadı."
Barcelona,(https://tr.wikipedia.org/wiki/FC_Barcelona),4,"Cristiano Ronaldo#86: Milan maçında oynayamayan Ronaldo, 29 Kasım'daki Barcelona maçına kadar hazır olmak istediğini söyledi. | Cristiano Ronaldo#114: Ayrıca 8 Aralık 2020'de, Barcelona ile olan Şampiyonlar Ligi maçında; ezeli rakibi olarak gösterilen Lionel Messi ile kariyerindeki son maçına çıktı ve bu maçta 2 gol atarak 2020'de ki son Şampiyonlar Ligi maçından süslü bir istatistik ile ayrılmış oldu. Dünya Kupası Elemeleri 'nde ise toplam 8 maça çıktı ve 6 gol kaydetti. | Cristiano Ronaldo#130: Messi ve Ronaldo, 8 Aralık 2020 günü Juventus ile Barcelona arasında oynanan UEFA Şampiyonlar Ligi maçından sonra ilk kez birbirine rakip olmuştur. | Cristiano Ronaldo#219: Testleri pozitif çıktığı için Şampiyonlar Ligi 'nde Barcelona ile Allianz Stadyumu 'nda oynanan maçta forma giyemedi. 30 Ekim'de yapılan testi negatif çıktı."
Lionel Messi,(https://tr.wikipedia.org/wiki/Lionel_Messi),4,"Cristiano Ronaldo#48: 2007 Ballon d'Or 'u Kaká 'nın ardından ikinci, FIFA Dünyada Yılın Futbolcusu ödülünde Kaká ve Lionel Messi 'nin ardından 3. oldu. | Cristiano Ronaldo#63: Ronaldo böylece Premier Lig'deki mücadele eden tüm takımlara gol atmış oldu. 2 Aralık 2008'de Ronaldo, George Best 'in 1968'de kazandığı Ballon d'Or 'dan sonra bu ödülü kazanan ilk Manchester United'lı futbolcu oldu. İkinci Lionel Messi 'nin 165 puan önünde 446 puan topladı. | Cristiano Ronaldo#114: Ayrıca 8 Aralık 2020'de, Barcelona ile olan Şampiyonlar Ligi maçında; ezeli rakibi olarak gösterilen Lionel Messi ile kariyerindeki son maçına çıktı ve bu maçta 2 gol atarak 2020'de ki son Şampiyonlar Ligi maçından süslü bir istatistik ile ayrılmış oldu. Dünya Kupası Elemeleri 'nde ise toplam 8 maça çıktı ve 6 gol kaydetti. | Cristiano Ronaldo#129: Maçta Sergio Ramos , Lionel Messi , Kylian Mbappé ve Neymar forma giymiştir."
George Best,(https://tr.wikipedia.org/wiki/George_Best),4,"Cristiano Ronaldo#36: Tam üç kez Ballon d'Or ödülünü kazanan Johan Cruyff 2 Nisan 2008'de yaptığı bir röportajında: ""Ronaldo, Manchester United tarihindeki iki harika futbolcu George Best ve Denis Law 'dan daha iyi bir futbolcudur."" demiştir. | Cristiano Ronaldo#38: Daha önce George Best , Bryan Robson , Eric Cantona , David Beckham gibi futbolcuların giydiği 7 numaralı formadaki beklentilerin yaratabileceği baskıları istemediği için 28 numaralı formayı tercih etti (Sporting'te giydiği forma numarası 28'di.): | Cristiano Ronaldo#63: Ronaldo böylece Premier Lig'deki mücadele eden tüm takımlara gol atmış oldu. 2 Aralık 2008'de Ronaldo, George Best 'in 1968'de kazandığı Ballon d'Or 'dan sonra bu ödülü kazanan ilk Manchester United'lı futbolcu oldu. İkinci Lionel Messi 'nin 165 puan önünde 446 puan topladı. | Cristiano Ronaldo#71: 2007-2008 sezonunda toplam 42 gol atarak George Best 'in bir sezonda en çok gol atan kanat oyuncusu rekorunu kırmıştır."
Madeira,(https://tr.wikipedia.org/wiki/Madeira),4,"Cristiano Ronaldo#1: Cristiano Ronaldo dos Santos Aveiro (d. 5 Şubat 1985, Funchal , Madeira ), Suudi Profesyonel Ligi takımlarından En-Nasr 'da forma giyen ve Portekiz millî futbol takımının kaptanlığını yapan Portekizli futbolcudur . | Cristiano Ronaldo#16: Cristiano Ronaldo, 5 Şubat 1985'te Funchal , Madeira 'da doğmuştur. | Cristiano Ronaldo#196: Bunlardan biri Lizbon , diğeri ise Madeira şehrindedir. | Cristiano RonaldoCard#3: Funchal , Madeira , Portekiz"
CD Nacional | Nacional,(https://tr.wikipedia.org/wiki/CD_Nacional),3,"Cristiano Ronaldo#21: Ronaldo, çocukluğunda 1992'den 1995'e kadar babasının forma giydiği Andorinha 'da forma giydi ve daha sonra Nacional 'da iki yıl geçirdi. 1997 yılında, 12 yaşındayken Sporting ile üç günlük bir denemeye çıktı ve £1.500 karşılığında sözleşme imzaladı. | Cristiano RonaldoCard#9: Nacional | Cristiano Ronaldo#24: Profesyonel olmadan önce Andorinha , CD Nacional ve son olarak Sporting genç takımında oynayan Ronaldo, 17 yaş altı Portekiz millî takımında da dikkat çekmişti."
Coppa Italia,(https://tr.wikipedia.org/wiki/Coppa_Italia),3,"Cristiano Ronaldo#11: Ronaldo, Real Madrid ile dört Şampiyonlar Ligi şampiyonluğu, iki La Liga şampiyonluğu, iki Copa del Rey , üç UEFA Süper Kupası ve üç Kulüpler Dünya Kupası kazandı. 2018'de İtalyan kulübü Juventus 'a ilk 100 milyon euro (88 milyon £) değerinde bir transferle imza attı; bu, bir İtalyan kulübü ve 30 yaş üstü bir oyuncu için en pahalı transfer oldu. İki Serie A şampiyonluğu, iki Supercoppa Italiana kupası ve bir Coppa Italia kazandı ve Serie A'nın En Değerli Oyuncusu oldu. İngiliz, İspanyol ve İtalyan liglerini gol kralı olarak bitiren ilk futbolcu oldu. 2021'de Manchester United'a döndü ve sözleşmesi 2022'de feshedilmeden önce kulübün en golcü oyuncusu olarak tek sezonunu tamamladı. 2023'te En-Nasr 'a imza attı. | Cristiano Ronaldo#108: C.Ronaldo bu sezon çıktığı 33 Serie A maçında, 31 gol 6 asist yaptı ve Ciro İmmobile 'nin arkasında gol krallığında 2.oldu. Ayrıca çıktığı 8 UEFA Şampiyonlar Ligi maçında, 4 gol 1 asistlik performans gösterdi. Coppa Italia 'da toplam 4 maça çıktı ve 2 gol kaydetti. Supercoppa Italiana 'da ise 1 maça çıktı fakat gol kaydedemedi. | Cristiano Ronaldo#111: Bunun yanında, 2 kez asist yaptı. UEFA Şampiyonlar Ligi 'nde çıktığı 6 maçta 4 gol 2 asist ile oynadı ve bu gollerin ikisini penaltıdan kaydetti. Coppa Italia ve Supercoppa Italiana dahil olmak üzere totalde 5 maça çıktı ve bu maçlarda toplam 3 gol kaydetti."
Supercoppa Italiana,(https://tr.wikipedia.org/wiki/Supercoppa_Italiana),3,"Cristiano Ronaldo#11: Ronaldo, Real Madrid ile dört Şampiyonlar Ligi şampiyonluğu, iki La Liga şampiyonluğu, iki Copa del Rey , üç UEFA Süper Kupası ve üç Kulüpler Dünya Kupası kazandı. 2018'de İtalyan kulübü Juventus 'a ilk 100 milyon euro (88 milyon £) değerinde bir transferle imza attı; bu, bir İtalyan kulübü ve 30 yaş üstü bir oyuncu için en pahalı transfer oldu. İki Serie A şampiyonluğu, iki Supercoppa Italiana kupası ve bir Coppa Italia kazandı ve Serie A'nın En Değerli Oyuncusu oldu. İngiliz, İspanyol ve İtalyan liglerini gol kralı olarak bitiren ilk futbolcu oldu. 2021'de Manchester United'a döndü ve sözleşmesi 2022'de feshedilmeden önce kulübün en golcü oyuncusu olarak tek sezonunu tamamladı. 2023'te En-Nasr 'a imza attı. | Cristiano Ronaldo#108: C.Ronaldo bu sezon çıktığı 33 Serie A maçında, 31 gol 6 asist yaptı ve Ciro İmmobile 'nin arkasında gol krallığında 2.oldu. Ayrıca çıktığı 8 UEFA Şampiyonlar Ligi maçında, 4 gol 1 asistlik performans gösterdi. Coppa Italia 'da toplam 4 maça çıktı ve 2 gol kaydetti. Supercoppa Italiana 'da ise 1 maça çıktı fakat gol kaydedemedi. | Cristiano Ronaldo#111: Bunun yanında, 2 kez asist yaptı. UEFA Şampiyonlar Ligi 'nde çıktığı 6 maçta 4 gol 2 asist ile oynadı ve bu gollerin ikisini penaltıdan kaydetti. Coppa Italia ve Supercoppa Italiana dahil olmak üzere totalde 5 maça çıktı ve bu maçlarda toplam 3 gol kaydetti."
Serie A,(https://tr.wikipedia.org/wiki/Serie_A),3,"Cristiano Ronaldo#11: Ronaldo, Real Madrid ile dört Şampiyonlar Ligi şampiyonluğu, iki La Liga şampiyonluğu, iki Copa del Rey , üç UEFA Süper Kupası ve üç Kulüpler Dünya Kupası kazandı. 2018'de İtalyan kulübü Juventus 'a ilk 100 milyon euro (88 milyon £) değerinde bir transferle imza attı; bu, bir İtalyan kulübü ve 30 yaş üstü bir oyuncu için en pahalı transfer oldu. İki Serie A şampiyonluğu, iki Supercoppa Italiana kupası ve bir Coppa Italia kazandı ve Serie A'nın En Değerli Oyuncusu oldu. İngiliz, İspanyol ve İtalyan liglerini gol kralı olarak bitiren ilk futbolcu oldu. 2021'de Manchester United'a döndü ve sözleşmesi 2022'de feshedilmeden önce kulübün en golcü oyuncusu olarak tek sezonunu tamamladı. 2023'te En-Nasr 'a imza attı. | Cristiano Ronaldo#108: C.Ronaldo bu sezon çıktığı 33 Serie A maçında, 31 gol 6 asist yaptı ve Ciro İmmobile 'nin arkasında gol krallığında 2.oldu. Ayrıca çıktığı 8 UEFA Şampiyonlar Ligi maçında, 4 gol 1 asistlik performans gösterdi. Coppa Italia 'da toplam 4 maça çıktı ve 2 gol kaydetti. Supercoppa Italiana 'da ise 1 maça çıktı fakat gol kaydedemedi. | Cristiano Ronaldo#110: C.Ronaldo bu sezon çıktığı 33 Serie A maçında, 29 kez fileleri sarsarak gol kralı oldu ."
FIFA Kulüpler Dünya Kupası,(https://tr.wikipedia.org/wiki/FIFA_Kul%C3%BCpler_D%C3%BCnya_Kupas%C4%B1),3,"Cristiano Ronaldo#4: Yedi lig şampiyonluğu, beş FIFA Kulüpler Dünya Kupası ve beş UEFA Şampiyonlar Ligi de dâhil olmak üzere toplamda 35 kupa kazanmıştır. | Cristiano Ronaldo#64: Manchester United 19 Aralık'ta, 2008 FIFA Kulüpler Dünya Kupası 'nda şampiyon oldu ve Ronaldo turnuvada attığı iki golle ""Silver Ball"" ödülünü kazandı. 12 Ocak 2009'da FIFA Dünya'da Yılın Oyuncusu Ödülü 'nü kazanan ilk Premier Lig futbolcusu oldu. Ayrıca, Luís Figo 'dan sonra bu ödülü kazanan ilk Portekizli futbolcu oldu. | Cristiano Ronaldo#103: FIFA Kulüpler Dünya Kupası 'nda 2 maçta 4 gol atarak hem gol kralı olmuş hem de takımın 2016 FIFA Kulüpler Dünya Kupasını kazanmasına büyük katkı yapmıştır. 2 maçta Copa del Rey de oynayan C.Ronaldo bu maçta 1 gol atmış ve böylece 2016-17 sezonunda tüm kulvarlarda toplam 46 maçta görev almış 42 gol atmış, 12 de asist yapmıştır."
Macaristan,(https://tr.wikipedia.org/wiki/Macaristan_mill%C3%AE_futbol_tak%C4%B1m%C4%B1),3,"Cristiano Ronaldo#83: 10 Ekim 2009'da Macaristan ile yaptıkları millî maçta ayak bileğinden sakatlandı. 1 ay sahalardan uzak kalacağı açıklandı. | Cristiano Ronaldo#112: C.Ronaldo bu sezon totalde, 44 maça çıktı ve 36 gol 4 asistlik ( 40 g/a ) bir performans gösterdi. Euro 2020 'de toplam 4 maça çıktı. Macaristan , Almanya ve Fransa olmak üzere 3 maçta toplam 5 gol attı ve 1 asist yaptı. | Cristiano Ronaldo#176: Grup aşamasının son maçında Macaristan 'a karşı 3-3 berabere kaldığı iki golle Ronaldo, turnuvada 17 kez forma giyerek rekor kırarak dört Avrupa Şampiyonasında gol atan ilk oyuncu oldu. Grubunda Macaristan ve İzlanda'nın ardından üçüncü sırada yer almasına rağmen, takımı, hiçbir maçını kazanamamasına rağmen, yarışmanın yeni genişletilmiş formatı sonucunda eleme turuna katılmaya hak kazandı."
Funchal,(https://tr.wikipedia.org/wiki/Funchal),3,"Cristiano Ronaldo#1: Cristiano Ronaldo dos Santos Aveiro (d. 5 Şubat 1985, Funchal , Madeira ), Suudi Profesyonel Ligi takımlarından En-Nasr 'da forma giyen ve Portekiz millî futbol takımının kaptanlığını yapan Portekizli futbolcudur . | Cristiano Ronaldo#16: Cristiano Ronaldo, 5 Şubat 1985'te Funchal , Madeira 'da doğmuştur. | Cristiano RonaldoCard#3: Funchal , Madeira , Portekiz"
Villareal | Villarreal,(https://tr.wikipedia.org/wiki/Villarreal_CF),3,"Cristiano Ronaldo#81: Sonraki hafta Villareal deplasmanında attığı golle yıldızlaşan Ronaldo, La Liga'da oynadığı 4 maçta toplam 5 gole ulaştı ve Real Madrid kulübü tarihinde çıktığı ilk 4 lig maçında da gol atmayı başaran ilk futbolcu olarak tarihe geçti. | Cristiano Ronaldo#61: Ronaldo 7 Temmuz'da Amsterdam 'da ayak bileğinden ameliyat oldu. 17 Eylül'de Manchester United'ın 2008-09 UEFA Şampiyonlar Ligi grup aşamasında Villarreal ile 0-0 berabere kaldığı maçta Park Ji-sung 'ın yerine 60. dakikada oyuna dahil oldu. Sezondaki ilk golünü 24 Eylül'de Lig Kupası 3.tur maçında Middlesbrough'yu 3-1 yendikleri maçta attı. | Cristiano Ronaldo#119: Maçı 4-1 kazanan Manchester United'ın ilk 2 golünü Ronaldo kaydetti. 29 Eylül'de, United'ın Şampiyonlar Ligi 'nde evinde Villarreal 'e karşı 2-1 kazandığı maçta son dakikada takımının galibiyet golünü attı ve Iker Casillas 'ı geçerek UEFA Şampiyonlar Ligi tarihinin en çok forma giyen futbolcusu oldu. 2 Aralık'ta Ronaldo, ligde Arsenal 'e karşı evinde 3-2 kazandıkları maçta iki gol kaydederek profesyonel kariyerinde 800. gol barajını aştı."
Alex Ferguson,(https://tr.wikipedia.org/wiki/Alex_Ferguson),3,"Cristiano Ronaldo#34: 16 yaşındayken o zamanki Liverpool teknik direktörü Gérard Houllier tarafından fark edildi, ama Liverpool, Ronaldo'nun henüz çok genç olduğunu ve yeteneklerini geliştirmesi gerektiğine karar verdi ve reddetti. 2003 yılının yazında Lizbon 'da José Alvalade Stadyumu 'nun açılış maçında, Sporting CP'un Manchester United 'ı 3-1 mağlup ettiği maçta Manchester United teknik direktörü Alex Ferguson 'un dikkatini çekti. | Cristiano Ronaldo#66: Bu golü Alex Ferguson çok övdü ve maçtan sonra bu golün Ronaldo'nun attığı en güzel gol olduğunu söyledi. 5 Mayıs 2009'da Emirates Stadyumu 'nda Arsenal ile oynanan Şampiyonlar Ligi yarı final rövanş maçında Manchester United, Arsenal'in evinde 27 maçlık yenilmezlik serisine 3-1'lik skorla son verdi ve finale çıktı. | Cristiano Ronaldo#70: Transferin tamamlanmasından sonra Ronaldo, kendisini futbolcu olarak yetiştirdiği için Alex Ferguson 'a minnettar olduğunu belirtti ve ""Kariyerimdeki en önemli ve en etkili faktörlerden biri"" dedi."
Andorinha,(https://tr.wikipedia.org/wiki/CF_Andorinha),3,"Cristiano Ronaldo#21: Ronaldo, çocukluğunda 1992'den 1995'e kadar babasının forma giydiği Andorinha 'da forma giydi ve daha sonra Nacional 'da iki yıl geçirdi. 1997 yılında, 12 yaşındayken Sporting ile üç günlük bir denemeye çıktı ve £1.500 karşılığında sözleşme imzaladı. | Cristiano Ronaldo#24: Profesyonel olmadan önce Andorinha , CD Nacional ve son olarak Sporting genç takımında oynayan Ronaldo, 17 yaş altı Portekiz millî takımında da dikkat çekmişti. | Cristiano RonaldoCard#8: Andorinha"
FIFA Dünya'da Yılın Oyuncusu Ödülü | FIFA Dünyada Yılın Futbolcusu,(https://tr.wikipedia.org/wiki/FIFA_D%C3%BCnyada_Y%C4%B1l%C4%B1n_Futbolcusu),3,"Cristiano Ronaldo#48: 2007 Ballon d'Or 'u Kaká 'nın ardından ikinci, FIFA Dünyada Yılın Futbolcusu ödülünde Kaká ve Lionel Messi 'nin ardından 3. oldu. | Cristiano Ronaldo#64: Manchester United 19 Aralık'ta, 2008 FIFA Kulüpler Dünya Kupası 'nda şampiyon oldu ve Ronaldo turnuvada attığı iki golle ""Silver Ball"" ödülünü kazandı. 12 Ocak 2009'da FIFA Dünya'da Yılın Oyuncusu Ödülü 'nü kazanan ilk Premier Lig futbolcusu oldu. Ayrıca, Luís Figo 'dan sonra bu ödülü kazanan ilk Portekizli futbolcu oldu. | Cristiano Ronaldo#73: Aynı sezon Premier League şampiyonluğunu yeniden yaşamıştır. FIFPro Dünya'da Yılın Oyuncusu Ödülü ve FIFA Dünya'da Yılın Oyuncusu Ödülü 'ne layık görülmüştür. 2006-2007 yılında yaptığı gibi 2007-2008 sezonunda da İngiltere'de hem yılın futbolcusu hem de yılın genç futbolcusu seçilmiştir. 1977'de Andy Gray 'den sonra bu ödüllerin ikisini de aynı sene içinde almayı başarmış olan ilk sporcudur."
FIFA,(https://tr.wikipedia.org/wiki/FIFA),3,"Cristiano Ronaldo#59: Manchester United 9 Haziran'da Real Madrid'i FIFA 'ya şikâyet etti ama FIFA herhangi bir şey yapmaya gerek duymadı. | Cristiano Ronaldo#120: 12 Mart 2022'de Ronaldo, ligde 3-2 kazandıkları Tottenham Hotspur maçında hat-trick yaptı ve toplam gol sayısını 807'ye çıkardı. FIFA 'ya göre 805 golle Josef Bican 'a ait olan profesyonel futbol tarihinde en çok gol atan futbolcu unvanını kazandı. 16 Nisan'da Ronaldo, kulüp bazında 50. hat-trick'ini ligde 3-2 kazandıkları Norwich City maçında kaydetti. 23 Nisan'da Ronaldo, Arsenal 'e 3-1 kaybettikleri maçta 100. Premier League golünü kaydetti. | Cristiano Ronaldo#150: Bu oyların sadece adaylık sürecini etkilemesine rağmen, FIFA 'nın Teknik Çalışma Ekibi Ronaldo'nun davranışlarını kararda bir etken olarak gösterdi ve ödülü Almanya 'dan Lukas Podolski 'ye verdi."
İspanya,(https://tr.wikipedia.org/wiki/%C4%B0spanya_mill%C3%AE_futbol_tak%C4%B1m%C4%B1),3,"Cristiano Ronaldo#160: Portekiz'in Dünya Kupası, son 16 turunda nihai şampiyon olan İspanya 'ya karşı 1-0 mağlup oldu. | Cristiano Ronaldo#162: Hollanda ve Çekya'ya karşı oynanan her iki maçta da maçın adamı seçildi. İspanya ile oynanan yarı final maçı golsüz sona erdikten sonra Portekiz penaltı atışlarında elendi. | Cristiano Ronaldo#182: 15 Haziran 2018'de Ronaldo, FIFA Dünya Kupası maçında hat-trick yapan en yaşlı oyuncu oldu ve Portekiz'in İspanya 'ya karşı 3-3 berabere kalmasına yardımcı oldu. Bunu yaparak, dört Dünya Kupası'nda gol atan ilk Portekizli oyuncu oldu ve bunu başaran herhangi bir milletten dört oyuncudan biri oldu. 20 Haziran'da Ronaldo, Fas 'a karşı 1-0 galibiyette tek golü atarak 85 uluslararası golle Puskás'ın Avrupa'da tüm zamanların en çok gol atan oyuncusu rekorunu kırdı. 25 Haziran'da İran 'a karşı oynanan final grup maçında Ronaldo penaltıyı kaçırdı ve 1-1 berabere kaldı."
Lizbon,(https://tr.wikipedia.org/wiki/Lizbon),3,"Cristiano Ronaldo#22: Daha sonra Sporting'in gençlik akademisine katılmak için Madeira'dan Lizbon yakınlarındaki Alcochete 'ye taşındı. | Cristiano Ronaldo#34: 16 yaşındayken o zamanki Liverpool teknik direktörü Gérard Houllier tarafından fark edildi, ama Liverpool, Ronaldo'nun henüz çok genç olduğunu ve yeteneklerini geliştirmesi gerektiğine karar verdi ve reddetti. 2003 yılının yazında Lizbon 'da José Alvalade Stadyumu 'nun açılış maçında, Sporting CP'un Manchester United 'ı 3-1 mağlup ettiği maçta Manchester United teknik direktörü Alex Ferguson 'un dikkatini çekti. | Cristiano Ronaldo#196: Bunlardan biri Lizbon , diğeri ise Madeira şehrindedir."
Gana,(https://tr.wikipedia.org/wiki/Gana_mill%C3%AE_futbol_tak%C4%B1m%C4%B1),2,"Cristiano Ronaldo#172: Ama biz öyle değiliz."" Açılış maçının 90 dakikasını Almanya'ya karşı oynadı ancak 4-0'lık yenilgiyi engelleyemedi. ABD 'ye karşı sakatlık anında 2-2'lik bir asistini yaptıktan sonra, Gana 'yı 2-1 yenerek maçın sonlarında galibiyet golünü attı. 50. uluslararası golü onu üç Dünya Kupası'nda oynayan ve gol atan ilk Portekizli yaptı. | Cristiano Ronaldo#185: 2022 Dünya Kupası 'nda H grubunda Portekiz'in 3-2 kazandığı maçta Gana 'ya karşı attığı penaltı golüyle 5 farklı Dünya Kupası'nda ( 2006 , 2010 , 2014 , 2018 ve 2022 ) gol atan ilk futbolcu olmuştur."
Altın Ayakkabı | Avrupa Altın Ayakkabı Ödülü,(https://tr.wikipedia.org/wiki/Avrupa_Alt%C4%B1n_Ayakkab%C4%B1),2,"Cristiano Ronaldo#92: Attığı 40 gol ile La Liga gol kralı oldu ve 2007-08 sezonunda bir kanat oyuncusu olarak ilk defa kazandığı Avrupa Altın Ayakkabı Ödülü 'nü tekrar kazanmayı başardı. | Cristiano Ronaldo#3: Beş Ballon d'Or ve dört Altın Ayakkabı kazanarak bir Avrupalı olarak bu ödülü en çok kazanan oyuncu, 2020 yılında Ballon d'Or Rüya Takımına seçilmiştir."
Figo | Luís Figo,(https://tr.wikipedia.org/wiki/Lu%C3%ADs_Figo),2,"Cristiano Ronaldo#175: İkinci maçta, 128. milli maçına çıkarak Portekiz'in en çok forma giyen oyuncusu olarak Figo 'yu geride bıraktı ve ikinci yarıda penaltıyı kaçırdıktan sonra golsüz sonuçlandı. | Cristiano Ronaldo#64: Manchester United 19 Aralık'ta, 2008 FIFA Kulüpler Dünya Kupası 'nda şampiyon oldu ve Ronaldo turnuvada attığı iki golle ""Silver Ball"" ödülünü kazandı. 12 Ocak 2009'da FIFA Dünya'da Yılın Oyuncusu Ödülü 'nü kazanan ilk Premier Lig futbolcusu oldu. Ayrıca, Luís Figo 'dan sonra bu ödülü kazanan ilk Portekizli futbolcu oldu."
Aston Villa,(https://tr.wikipedia.org/wiki/Aston_Villa_FC),2,"Cristiano Ronaldo#54: Böylece 1967-68 sezonunda attığı 32 golle George Best'e ait olan 40 senelik rekoru kırmış oldu. 29 Mart'ta Aston Villa 'ya attığı golle beraber, İngiltere'de ve Avrupa kupalarında oynadığı toplam 37 maçta 35 gole ulaştı. | Cristiano Ronaldo#65: UEFA Şampiyonlar Ligi 'nde Internazionale 'yu 2-0 yenip çeyrek finale çıktıkları maçta 1 gol attı. 5 Nisan 2009'da Aston Villa 'yı 3-2 yendikleri maçta takımının ilk 2 golünü attı. Ronaldo Şampiyonlar Ligi çeyrek final ikinci maçında Porto 'ya 36 metre mesafeden harika bir gol attı ve bu sayede Manchester United yarı finale yükseldi."
Bosna-Hersek,(https://tr.wikipedia.org/wiki/Bosna-Hersek_mill%C3%AE_futbol_tak%C4%B1m%C4%B1),2,"Cristiano Ronaldo#157: Ronaldo, 2010 Dünya Kupası elemelerinde tek bir gol atmayı başaramadı, Portekiz, Bosna-Hersek 'e karşı kazandığı play-off galibiyetiyle turnuvadan erken elenmekten kıl payı kurtuldu. | Cristiano Ronaldo#161: Ronaldo, Euro 2012 elemelerinde, Portekiz'i turnuvaya göndermek için play-off'larda Bosna-Hersek 'e attığı iki gol de dahil olmak üzere yedi gol attı ve burada bir ""ölüm grubu""na girdi. Hollanda 'ya karşı oynanan son grup aşaması maçında Ronaldo iki gol atarak 2-1 galibiyet elde etti. Çeyrek finalde Çekya 'ya karşı attığı kafa golüyle takımına 1-0 galibiyet verdi."
Portekizli,(https://tr.wikipedia.org/wiki/Portekizliler),2,"Cristiano Ronaldo#1: Cristiano Ronaldo dos Santos Aveiro (d. 5 Şubat 1985, Funchal , Madeira ), Suudi Profesyonel Ligi takımlarından En-Nasr 'da forma giyen ve Portekiz millî futbol takımının kaptanlığını yapan Portekizli futbolcudur . | Cristiano Ronaldo#147: Bu spekülasyona karşılık Alex Ferguson, Portekizli asistanı Carlos Queiroz 'u Ronaldo'nun fikrini değiştirmesini sağlamak için yanına yolladı."
Brezilya,(https://tr.wikipedia.org/wiki/Brezilya_mill%C3%AE_futbol_tak%C4%B1m%C4%B1),2,"Cristiano Ronaldo#151: 6 Şubat 2007'de yani 22. yaş gününden 1 gün sonra Brezilya ile karşılaştıkları hazırlık maçında ilk defa millî takım kaptanlığı yaptı. | Cristiano Ronaldo#158: Dünya Kupası'nın grup aşamasında Fildişi Sahili , Kuzey Kore ve Brezilya 'ya karşı oynanan üç maçta da maçın adamı seçildi."
Carlos Queiroz,(https://tr.wikipedia.org/wiki/Carlos_Queiroz),2,"Cristiano Ronaldo#147: Bu spekülasyona karşılık Alex Ferguson, Portekizli asistanı Carlos Queiroz 'u Ronaldo'nun fikrini değiştirmesini sağlamak için yanına yolladı. | Cristiano Ronaldo#155: Portekiz'in Euro 2008'deki başarısız performansının ardından Luiz Felipe Scolari 'nin yerine United'ın eski teknik direktör yardımcısı Carlos Queiroz getirildi."
İzlanda,(https://tr.wikipedia.org/wiki/%C4%B0zlanda_mill%C3%AE_futbol_tak%C4%B1m%C4%B1),2,"Cristiano Ronaldo#174: Ronaldo, Euro 2016 elemelerinde Ermenistan'a karşı hat-trick de dahil olmak üzere beş gol attı. 14 Kasım 2014'te Ermenistan'a karşı kazanılan bir başka galibiyette tek golü atarak, UEFA Avrupa Şampiyonası'nda eleme maçları da dahil olmak üzere 23 gol atarak turnuvanın tüm zamanların en golcü oyuncusu oldu. Turnuvanın başında Ronaldo, kaleye 20 şut atmasına rağmen Portekiz'in İzlanda ve Avusturya 'ya karşı berabere kaldığı maçta şansını değerlendiremedi. | Cristiano Ronaldo#188: Dünya Kupası'nın ardından, millî takımdaki geleceği şüpheli olmasına rağmen, yeni teknik direktör Roberto Martínez 'in olası bir görevden alınma söylentileri üzerine Ronaldo, Lihtenştayn ve Lüksemburg 'a karşı oynanacak UEFA Euro 2024 elemelerinde Portekiz 'in kadrosuna seçildi. 23 Mart'ta Ronaldo, Lihtenştayn'ı 4-0 yendikleri maçta bir gol attı; 197. kez millî forma giyerek Al-Mutawa'nın rekorunu kırarak tüm zamanların en çok forma giyen erkek futbolcusu oldu. 20 Haziran'da Ronaldo, millî takım formasıyla 200. kez forma giydi ve Avrupa elemelerinde deplasmanda İzlanda karşısında aldığı galibiyetteki tek golü atarak uluslararası erkek futbol tarihinde ülkesi adına 200 maça çıkan ilk oyuncu oldu. 13 Ekim'de Ronaldo, Slovakya 'yı 3-2 yendikleri maçta bir gol atarak Portekiz'in Euro 2024'e katılma hakkı kazanmasını sağladı ve bu, ülkenin tarihindeki büyük bir turnuvaya en hızlı katılma hakkı oldu."
Portekiz,(https://tr.wikipedia.org/wiki/Portekiz),2,"Cristiano Ronaldo#24: Profesyonel olmadan önce Andorinha , CD Nacional ve son olarak Sporting genç takımında oynayan Ronaldo, 17 yaş altı Portekiz millî takımında da dikkat çekmişti. | Cristiano RonaldoCard#3: Funchal , Madeira , Portekiz"
2022 | 2022 Dünya Kupası | 2022 FIFA Dünya Kupası,(https://tr.wikipedia.org/wiki/2022_FIFA_D%C3%BCnya_Kupas%C4%B1),2,"Cristiano Ronaldo#214: Ronaldo 2022 FIFA Dünya Kupası 'nda attığı gollerden birini doğumda ölen oğluna armağan etmiştir. | Cristiano Ronaldo#185: 2022 Dünya Kupası 'nda H grubunda Portekiz'in 3-2 kazandığı maçta Gana 'ya karşı attığı penaltı golüyle 5 farklı Dünya Kupası'nda ( 2006 , 2010 , 2014 , 2018 ve 2022 ) gol atan ilk futbolcu olmuştur."
2010 | 2010 Dünya Kupası,(https://tr.wikipedia.org/wiki/2010_FIFA_D%C3%BCnya_Kupas%C4%B1),2,"Cristiano Ronaldo#157: Ronaldo, 2010 Dünya Kupası elemelerinde tek bir gol atmayı başaramadı, Portekiz, Bosna-Hersek 'e karşı kazandığı play-off galibiyetiyle turnuvadan erken elenmekten kıl payı kurtuldu. | Cristiano Ronaldo#185: 2022 Dünya Kupası 'nda H grubunda Portekiz'in 3-2 kazandığı maçta Gana 'ya karşı attığı penaltı golüyle 5 farklı Dünya Kupası'nda ( 2006 , 2010 , 2014 , 2018 ve 2022 ) gol atan ilk futbolcu olmuştur."
antrenmanlara,(https://tr.wikipedia.org/wiki/Antrenman),2,Cristiano Ronaldo#33: Sadece birkaç gün sonra antrenmanlara devam etti. | Cristiano Ronaldo#200: Birkaç saat sonra antrenmanlara katıldı.
hat trick | hat-trick,(https://tr.wikipedia.org/wiki/Hat_trick),2,"Cristiano Ronaldo#93: 2011-12 sezonunun başında La Liga 'da Real Madrid 'in Real Zaragoza deplasmanda 6-0 mağlup ettiği maçta, Ronaldo sezona hat trick yaparak başladı. Mesut Özil 'in ilk 11'de sahaya çıktığı maçta millî futbolcular Nuri Şahin ve Hamit Altıntop sakatlıkları nedeniyle ilk maçta kadroda yer almadı. | Cristiano Ronaldo#97: 2013-14 sezonunda 2013 yılında attığı 69 gol ile FIFA Ballon d'Or ödülünü kazandı. 2013 yılında 59 maçta attığı 69 golün 18'ini sol ayak, 37'sini sağ ayakla, 14'ü de kafayla kaydetti. 59 maçta 8 kez hat-trick yaptı ve 69 golün 6 tanesini free kick 'den attı ayrıca bu maçlarda 17 de asist yaptı. 59 Maçta 69 gol atarak maç başına 1,17 gol istatistiği yakaladı."
Tottenham Hotspur,(https://tr.wikipedia.org/wiki/Tottenham_Hotspur_FC),2,"Cristiano Ronaldo#43: Aralık 2006'da Middlesbrough 'ya karşı oynanan maçta teknik direktör Gareth Southgate tarafından kendisini yere attığı iddiasıyla eleştirildi. 4 Şubat 2007'de, Tottenham Hotspur maçında kazandığı penaltıda Tottenham kanat oyuncusu Steed Malbranque tarafından küçük bir temasa olmasına rağmen kendisini yere attığı iddiasıyla tekrar suçlandı. | Cristiano Ronaldo#120: 12 Mart 2022'de Ronaldo, ligde 3-2 kazandıkları Tottenham Hotspur maçında hat-trick yaptı ve toplam gol sayısını 807'ye çıkardı. FIFA 'ya göre 805 golle Josef Bican 'a ait olan profesyonel futbol tarihinde en çok gol atan futbolcu unvanını kazandı. 16 Nisan'da Ronaldo, kulüp bazında 50. hat-trick'ini ligde 3-2 kazandıkları Norwich City maçında kaydetti. 23 Nisan'da Ronaldo, Arsenal 'e 3-1 kaybettikleri maçta 100. Premier League golünü kaydetti."
Almanya,(https://tr.wikipedia.org/wiki/Almanya_mill%C3%AE_futbol_tak%C4%B1m%C4%B1),2,"Cristiano Ronaldo#112: C.Ronaldo bu sezon totalde, 44 maça çıktı ve 36 gol 4 asistlik ( 40 g/a ) bir performans gösterdi. Euro 2020 'de toplam 4 maça çıktı. Macaristan , Almanya ve Fransa olmak üzere 3 maçta toplam 5 gol attı ve 1 asist yaptı. | Cristiano Ronaldo#154: 2008 Avrupa Futbol Şampiyonası elemeleri 'nde 8 gol attı, ama Portekiz çeyrek finalde Almanya 'ya elendiği için turnuvayı 1 golle tamamlayabildi. Portekiz millî takımının başına Carlos Queiroz'un gelişiyle birlikte Ronaldo takım kaptanı oldu."
Nani,(https://tr.wikipedia.org/wiki/Nani),2,"Cristiano Ronaldo#51: Reading'i 2-0 yendikleri maçta 23. golünü kaydetti ki önceki sezon attığı gol sayısı da 23'tü. 20 Şubat'ta Lyon ile yaptıkları Şampiyonlar Ligi eleme maçında belirlenemeyen bir Lyon taraftarı sürekli olarak Ronaldo'ya ve takım arkadaşı Nani 'ye yeşil lazer tuttu. 1 ay sonra Lyon bu olaydan dolayı 5000 isviçre frankı (£2,427) para cezasına çarptırıldı. | Cristiano Ronaldo#164: Ronaldo'nun kendi takım arkadaşı Nani , Ronaldo'nun son penaltıyı almayı ""talep ettiğini"" söyledi."
futbolcudur | futbolcularla,(https://tr.wikipedia.org/wiki/Futbolcu),2,"Cristiano Ronaldo#1: Cristiano Ronaldo dos Santos Aveiro (d. 5 Şubat 1985, Funchal , Madeira ), Suudi Profesyonel Ligi takımlarından En-Nasr 'da forma giyen ve Portekiz millî futbol takımının kaptanlığını yapan Portekizli futbolcudur . | Cristiano Ronaldo#191: Bunun yanı sıra aynı sene içerisinde Manchester United kulübündeki yükselişinden, ayrıca arkadaşlarından ve ailesinden bahsedildiği The Boy Who Had A Dream adındaki DVD'si ve 27 Ekim 2008'de hayatını ve kariyerini anlatan, ayrıca Manchester United'da 7 numaralı formayı giyen ünlü futbolcularla kendisinin karşılaştırıldığı The Story adlı DVD'si piyasaya sürüldü."
David Beckham,(https://tr.wikipedia.org/wiki/David_Beckham),2,"Cristiano Ronaldo#38: Daha önce George Best , Bryan Robson , Eric Cantona , David Beckham gibi futbolcuların giydiği 7 numaralı formadaki beklentilerin yaratabileceği baskıları istemediği için 28 numaralı formayı tercih etti (Sporting'te giydiği forma numarası 28'di.): | Cristiano Ronaldo#203: Ekim 2009'da Giorgio Armani , Ronaldo'nun Emporio Armani erkek iç çamaşırı ve jeans modelliğini David Beckham 'dan alacağını duyurdu."
UEFA Şampiyonlar Ligi gol kralı,(https://tr.wikipedia.org/wiki/UEFA_%C5%9Eampiyonlar_Ligi_gol_krallar%C4%B1_listesi),2,"Cristiano Ronaldo#99: 2015-16 sezonunda C.Ronaldo La Liga 'da 36 maça çıkmış, 35 gol atıp 11 de asist yapmıştır. UEFA Şampiyonlar Liginde de 12 kez boy gösteren Ronaldo bu karşılaşmalarda 16 gol atıp 4 de asist yapmıştır ve üst üste 4. kez UEFA Şampiyonlar Ligi gol kralı olmuştur. | Cristiano Ronaldo#102: Aynı zamanda üst üstte 5. kez UEFA Şampiyonlar Ligi gol kralı olmuştur."
Arsenal,(https://tr.wikipedia.org/wiki/Arsenal_FC),2,"Cristiano Ronaldo#119: Maçı 4-1 kazanan Manchester United'ın ilk 2 golünü Ronaldo kaydetti. 29 Eylül'de, United'ın Şampiyonlar Ligi 'nde evinde Villarreal 'e karşı 2-1 kazandığı maçta son dakikada takımının galibiyet golünü attı ve Iker Casillas 'ı geçerek UEFA Şampiyonlar Ligi tarihinin en çok forma giyen futbolcusu oldu. 2 Aralık'ta Ronaldo, ligde Arsenal 'e karşı evinde 3-2 kazandıkları maçta iki gol kaydederek profesyonel kariyerinde 800. gol barajını aştı. | Cristiano Ronaldo#120: 12 Mart 2022'de Ronaldo, ligde 3-2 kazandıkları Tottenham Hotspur maçında hat-trick yaptı ve toplam gol sayısını 807'ye çıkardı. FIFA 'ya göre 805 golle Josef Bican 'a ait olan profesyonel futbol tarihinde en çok gol atan futbolcu unvanını kazandı. 16 Nisan'da Ronaldo, kulüp bazında 50. hat-trick'ini ligde 3-2 kazandıkları Norwich City maçında kaydetti. 23 Nisan'da Ronaldo, Arsenal 'e 3-1 kaybettikleri maçta 100. Premier League golünü kaydetti."
Hırvatistan | Hırvatistan'a,(https://tr.wikipedia.org/wiki/H%C4%B1rvatistan_mill%C3%AE_futbol_tak%C4%B1m%C4%B1),2,"Cristiano Ronaldo#189: 5 Eylül 2024'te, UEFA Uluslar Ligi 'nde Hırvatistan'a karşı 2–1 galibiyet elde ederken kariyerindeki 900. golünü attı. | Cristiano Ronaldo#177: Portekiz'in ilk eleme maçında, Ronaldo'nun tek gol girişimi Hırvatistan 'ın kalecisi Danijel Subašić tarafından savuşturularak Ricardo Quaresma 'nın yoluna atıldı ve Quaresma uzatmalarda 1-0 galibiyet elde etti. Takımı penaltılarda Polonya'yı geçtikten sonra Portekiz'in açılış penaltısını atan Ronaldo, üç Avrupa Şampiyonası yarı finaline katılan ilk oyuncu oldu. Galler 'i 2-0 yendikleri maçta ilk golü attı, Michel Platini'yi dokuz golle turnuvanın tüm zamanların en golcü oyuncusu olarak eşitledi."
Portsmouth,(https://tr.wikipedia.org/wiki/Portsmouth_FC),2,"Cristiano Ronaldo#40: Ronaldo takımıyla ilk maçına Bolton Wanderers 'ı 4-0 yendikleri maçta 60. dakikada dahil oldu. Manchester United'taki ilk golünü 1 Kasım 2003'te Portsmouth 'u 3-0 yendikleri maçta frikikten attı. United'ın Premier Ligdeki 1000. golünü 29 Ekim 2005'te Middlesbrough 'a 5-1 yenildikleri maçta attı. Tüm müsabakalarda 10 gol kaydetti ve taraftarların oylamasıyla Ronaldo, ilk ödülü olan ""FIFPro Special Young Player of the Year"" ödülünü kazandı. | Cristiano Ronaldo#46: Ronaldo için 2007-2008 sezonu Portsmouth 'lu oyuncu Richard Hughes'e kafa attığı maçta kırmızı kart görmesiyle başladı. 3 maç ceza aldı. Ronaldo bu tecrübeden sonra ""çok şey"" öğrendiğini ve gelecekte oyuncuların kendisini kışkırtmasına izin vermeyeceğini söyledi."
UEFA Şampiyonlar Ligi | Şampiyonlar Ligi,(https://tr.wikipedia.org/wiki/2020-21_UEFA_%C5%9Eampiyonlar_Ligi),2,"Cristiano Ronaldo#219: Testleri pozitif çıktığı için Şampiyonlar Ligi 'nde Barcelona ile Allianz Stadyumu 'nda oynanan maçta forma giyemedi. 30 Ekim'de yapılan testi negatif çıktı. | Cristiano Ronaldo#130: Messi ve Ronaldo, 8 Aralık 2020 günü Juventus ile Barcelona arasında oynanan UEFA Şampiyonlar Ligi maçından sonra ilk kez birbirine rakip olmuştur."
2014 | 2014 Dünya Kupası,(https://tr.wikipedia.org/wiki/2014_FIFA_D%C3%BCnya_Kupas%C4%B1),2,"Cristiano Ronaldo#166: 2014 Dünya Kupası elemeleri sırasında Ronaldo toplam sekiz gol attı. 17 Ekim 2012'de Kuzey İrlanda ile 1-1 berabere kaldığı ön eleme maçı ona 100. kez forma giydi. | Cristiano Ronaldo#185: 2022 Dünya Kupası 'nda H grubunda Portekiz'in 3-2 kazandığı maçta Gana 'ya karşı attığı penaltı golüyle 5 farklı Dünya Kupası'nda ( 2006 , 2010 , 2014 , 2018 ve 2022 ) gol atan ilk futbolcu olmuştur."
İsveç,(https://tr.wikipedia.org/wiki/%C4%B0sve%C3%A7_mill%C3%AE_futbol_tak%C4%B1m%C4%B1),2,"Cristiano Ronaldo#168: Portekiz'in normal sezonda sıralama turlarına katılamamasının ardından, Ronaldo, İsveç 'e karşı oynanan play-off'larda takımın dört golünü de attı; bu, Ronaldo ile Zlatan Ibrahimović arasındaki bir mücadele olarak ilan edildi ve turnuvadaki yerlerini garantiledi. | Cristiano Ronaldo#216: Herhangi bir belirti göstermeyen oyuncu, 14 Ekim 2020'de UEFA Uluslar Ligi 'nde A Ligi 3. Grup 'ta İsveç ile oynanacak maçın kadrosundan çıkartıldı."
Fransa,(https://tr.wikipedia.org/wiki/Fransa_mill%C3%AE_futbol_tak%C4%B1m%C4%B1),2,"Cristiano Ronaldo#112: C.Ronaldo bu sezon totalde, 44 maça çıktı ve 36 gol 4 asistlik ( 40 g/a ) bir performans gösterdi. Euro 2020 'de toplam 4 maça çıktı. Macaristan , Almanya ve Fransa olmak üzere 3 maçta toplam 5 gol attı ve 1 asist yaptı. | Cristiano Ronaldo#149: Ronaldo, Portekiz 'in Fransa 'ya mağlup olduğu, yarı final karşılaşmasında ıslıklandı ve turnuvanın En İyi Genç Oyuncu ödülünü İngiliz taraftarlardan gelen olumsuz e-posta kampanyası nedeniyle kazanamadı."
AFC Şampiyonlar Ligi,(https://tr.wikipedia.org/wiki/AFC_%C5%9Eampiyonlar_Ligi_Elit),2,"Cristiano Ronaldo#134: AFC Şampiyonlar Ligi maçı için gittiği İran 'da, portresini çizen ressam Fatemeh Hamami'ye dokunduğu ve sarıldığı için İran'da 99 kırbaç cezasıyla yargılanmaktadır. | Cristiano Ronaldo#140: Ronaldo, beş gol atıp iki asist yaptıktan sonra Ağustos ayında SPL Ayın Oyuncusu ödülüne layık görüldü. 2 Eylül'de, En-Nasr 'ın deplasmanda Al-Hazem'e karşı kazandığı 5-1 galibiyette kariyerindeki 850. golü olan golü attı. 19 Eylül'de Ronaldo, AFC Şampiyonlar Ligi 'nde ki ilk maçına Perspolis 'i 2-0 yenerek başladı ve futbol tarihinde kariyerinde 1000 maçta yenilmeyen (776 galibiyet ve 224 beraberlik) rekoru kıran ilk oyuncu oldu. Ronaldo, Eylül ayında kaydettiği beş gol ve üç asistten sonra art arda ikinci kez SPL Ayın Oyuncusu ödülünü aldı. 2 Ekim'de, AFC Şampiyonlar Ligi'nde ki ilk golünü, 3-1'lik galibiyette eşitliği sağlayan İstiklol'e karşı iç saha maçında attı. Mart 2025 itibarıyla tüm kulvarlarda 928 gole ulaşmıştır."
2006 | Dünya Kupası,(https://tr.wikipedia.org/wiki/2006_FIFA_D%C3%BCnya_Kupas%C4%B1),2,"Cristiano Ronaldo#185: 2022 Dünya Kupası 'nda H grubunda Portekiz'in 3-2 kazandığı maçta Gana 'ya karşı attığı penaltı golüyle 5 farklı Dünya Kupası'nda ( 2006 , 2010 , 2014 , 2018 ve 2022 ) gol atan ilk futbolcu olmuştur. | Cristiano Ronaldo#143: Ronaldo, Avrupa kıtasındaki Dünya Kupası grup elemelerinde 7 golle en çok gol atan 2. futbolcuydu. Dünya Kupası 'ndaki ilk ve tek golünü penaltıdan İran'a attı."
Copa del Rey,(https://tr.wikipedia.org/wiki/Copa_del_Rey),2,"Cristiano Ronaldo#11: Ronaldo, Real Madrid ile dört Şampiyonlar Ligi şampiyonluğu, iki La Liga şampiyonluğu, iki Copa del Rey , üç UEFA Süper Kupası ve üç Kulüpler Dünya Kupası kazandı. 2018'de İtalyan kulübü Juventus 'a ilk 100 milyon euro (88 milyon £) değerinde bir transferle imza attı; bu, bir İtalyan kulübü ve 30 yaş üstü bir oyuncu için en pahalı transfer oldu. İki Serie A şampiyonluğu, iki Supercoppa Italiana kupası ve bir Coppa Italia kazandı ve Serie A'nın En Değerli Oyuncusu oldu. İngiliz, İspanyol ve İtalyan liglerini gol kralı olarak bitiren ilk futbolcu oldu. 2021'de Manchester United'a döndü ve sözleşmesi 2022'de feshedilmeden önce kulübün en golcü oyuncusu olarak tek sezonunu tamamladı. 2023'te En-Nasr 'a imza attı. | Cristiano Ronaldo#103: FIFA Kulüpler Dünya Kupası 'nda 2 maçta 4 gol atarak hem gol kralı olmuş hem de takımın 2016 FIFA Kulüpler Dünya Kupasını kazanmasına büyük katkı yapmıştır. 2 maçta Copa del Rey de oynayan C.Ronaldo bu maçta 1 gol atmış ve böylece 2016-17 sezonunda tüm kulvarlarda toplam 46 maçta görev almış 42 gol atmış, 12 de asist yapmıştır."
Hollanda,(https://tr.wikipedia.org/wiki/Hollanda_mill%C3%AE_futbol_tak%C4%B1m%C4%B1),2,"Cristiano Ronaldo#141: 2008 yılından beri Portekiz millî takımının kaptanı olan Ronaldo, ilk A millî maçına Ağustos 2003'te Kazakistan 'a karşı çıktı, maç 1-0'lık Portekiz galibiyetiyle bitti. 2004 Avrupa Futbol Şampiyonası için kadroya çağrıldı. Yunanistan 'a 2-1 yenildikleri maçta ve Hollanda 'yı yarı finalde 2-1 yendikleri maçta birer gol attı. Turnuvada 2 gol atmasına rağmen turnuva ilk onbirine seçildi. | Cristiano Ronaldo#161: Ronaldo, Euro 2012 elemelerinde, Portekiz'i turnuvaya göndermek için play-off'larda Bosna-Hersek 'e attığı iki gol de dahil olmak üzere yedi gol attı ve burada bir ""ölüm grubu""na girdi. Hollanda 'ya karşı oynanan son grup aşaması maçında Ronaldo iki gol atarak 2-1 galibiyet elde etti. Çeyrek finalde Çekya 'ya karşı attığı kafa golüyle takımına 1-0 galibiyet verdi."
Middlesbrough,(https://tr.wikipedia.org/wiki/Middlesbrough_FC),2,"Cristiano Ronaldo#40: Ronaldo takımıyla ilk maçına Bolton Wanderers 'ı 4-0 yendikleri maçta 60. dakikada dahil oldu. Manchester United'taki ilk golünü 1 Kasım 2003'te Portsmouth 'u 3-0 yendikleri maçta frikikten attı. United'ın Premier Ligdeki 1000. golünü 29 Ekim 2005'te Middlesbrough 'a 5-1 yenildikleri maçta attı. Tüm müsabakalarda 10 gol kaydetti ve taraftarların oylamasıyla Ronaldo, ilk ödülü olan ""FIFPro Special Young Player of the Year"" ödülünü kazandı. | Cristiano Ronaldo#43: Aralık 2006'da Middlesbrough 'ya karşı oynanan maçta teknik direktör Gareth Southgate tarafından kendisini yere attığı iddiasıyla eleştirildi. 4 Şubat 2007'de, Tottenham Hotspur maçında kazandığı penaltıda Tottenham kanat oyuncusu Steed Malbranque tarafından küçük bir temasa olmasına rağmen kendisini yere attığı iddiasıyla tekrar suçlandı."
El-Hilâl,(https://tr.wikipedia.org/w/index.php?title=El-Hil%C3%A2l_(Suudi_Arabistan)_SFC&action=edit&redlink=1),2,"Cristiano Ronaldo#127: İlk maçına El-Hilâl ve En-Nasr karmasının Paris Saint-Germain ile oynadığı maçta çıktı. 19 Ocak 2023 günü oynanan maçta takımı Paris Saint-Germain'e 5-4 yenildi. | Cristiano Ronaldo#137: 2023-24 sezonundaki ilk golünü, 31 Temmuz'da Arap Kulüpler Şampiyonlar Kupası 'nda Union Monastirienne'i 4-1 yenerek attı. 3 Ağustos'taki bir sonraki Arap Kulübü Şampiyonlar Kupası maçında Ronaldo, Zamalek 'e karşı geç bir eşitlik golü atarak takımının 1-1 berabere kalmasına ve grup ikinciliğiyle çeyrek finale yükselmesine yardımcı oldu. 9 Ağustos'taki yarı finalde Ronaldo, Al-Shorta'ya karşı galibiyetteki tek golü atarak penaltıyı dönüştürerek En-Nasr 'ın ilk Arap Kulüpler Şampiyonlar Kupası finaline ulaşmasına yardımcı oldu. 12 Ağustos'taki finalde Ronaldo, on kişilik Al-Nassr adına her iki golü de atarak, rakipleri El-Hilâl 'i uzatmaların ardından 2-1 mağlup ederek tarihlerinde ilk kez yarışmayı kazandı."
Fas,(https://tr.wikipedia.org/wiki/Fas_mill%C3%AE_futbol_tak%C4%B1m%C4%B1),2,"Cristiano Ronaldo#182: 15 Haziran 2018'de Ronaldo, FIFA Dünya Kupası maçında hat-trick yapan en yaşlı oyuncu oldu ve Portekiz'in İspanya 'ya karşı 3-3 berabere kalmasına yardımcı oldu. Bunu yaparak, dört Dünya Kupası'nda gol atan ilk Portekizli oyuncu oldu ve bunu başaran herhangi bir milletten dört oyuncudan biri oldu. 20 Haziran'da Ronaldo, Fas 'a karşı 1-0 galibiyette tek golü atarak 85 uluslararası golle Puskás'ın Avrupa'da tüm zamanların en çok gol atan oyuncusu rekorunu kırdı. 25 Haziran'da İran 'a karşı oynanan final grup maçında Ronaldo penaltıyı kaçırdı ve 1-1 berabere kaldı. | Cristiano Ronaldo#187: Bu maçta attığı golle ayrıca üst üstte 10 millî takım turnuvasında (5 Dünya Kupası ve 5 Avrupa Futbol Şampiyonası) gol atan tarihteki ilk futbolcu olmuştur. 10 Aralık'ta Portekiz, çeyrek finalde Fas 'a 1-0 mağlup olarak turnuvaya veda etti."
Denis Law,(https://tr.wikipedia.org/wiki/Denis_Law),2,"Cristiano Ronaldo#36: Tam üç kez Ballon d'Or ödülünü kazanan Johan Cruyff 2 Nisan 2008'de yaptığı bir röportajında: ""Ronaldo, Manchester United tarihindeki iki harika futbolcu George Best ve Denis Law 'dan daha iyi bir futbolcudur."" demiştir. | Cristiano Ronaldo#57: Ronaldo, UEFA Fans Maçın Adamı seçildi ve o sezon attığı toplam 42 golle, Denis Law 'ın 1963-64 sezonunda eriştiği rekorunun sadece 4 gol gerisinde tamamladı."
UEFA Avrupa Ligi,(https://tr.wikipedia.org/wiki/UEFA_Avrupa_Ligi),2,"Cristiano Ronaldo#122: Ayrıca Premier League içerisinde yılın takımına aday oldu. Tüm bunlara rağmen Manchester United 'ın ligi 6. sırada bitirmesi ile UEFA Avrupa Ligi 'ne katılma hakkı elde etmesiyle Ronaldo 2010'dan beri ilk kez kupa kazanamadı. | Cristiano Ronaldo#123: Manchester United 'dan ayrılmak istediğini dile getiren Ronaldo, transfer dönemi boyunca UEFA Şampiyonlar Ligi içerisinde mücadele edecek bir takıma transfer olamadı ve 2002 yılından sonra ilk kez UEFA Avrupa Ligi 'nde oynamak zorunda kaldı. UEFA Avrupa Ligi 'ndeki ilk golünü ise Sheriff 'e karşı oynadıkları ve 2-0 kazandıkları bir maçta 37 yaşındayken kaydetti."
Neymar,(https://tr.wikipedia.org/wiki/Neymar),2,"Cristiano Ronaldo#129: Maçta Sergio Ramos , Lionel Messi , Kylian Mbappé ve Neymar forma giymiştir. | Cristiano Ronaldo#136: Ronaldo'nun En-Nasr 'a imza atması, Karim Benzema , Sadio Mané , N'Golo Kanté , Rúben Neves , Riyad Mahrez , Roberto Firmino ve Neymar gibi çeşitli Avrupalı oyuncuların Suudi Pro Ligi 'ne geçmesiyle hem yurt içinde hem de yurt dışında popülerliğinin artmasına neden oldu. Suudi Pro Ligi yaz transfer dönemi sırasında, Ronaldo'nun lige geçişteki ana faktörlerden biri olduğunu öne sürüyor."
Euro 2020,(https://tr.wikipedia.org/wiki/2020_Avrupa_Futbol_%C5%9Eampiyonas%C4%B1),2,"Cristiano Ronaldo#112: C.Ronaldo bu sezon totalde, 44 maça çıktı ve 36 gol 4 asistlik ( 40 g/a ) bir performans gösterdi. Euro 2020 'de toplam 4 maça çıktı. Macaristan , Almanya ve Fransa olmak üzere 3 maçta toplam 5 gol attı ve 1 asist yaptı. | Cristiano Ronaldo#113: Bu istatistiklerle, Euro 2020 gol krallığında Patrik Schick ile gol krallığını paylaştı."
Luiz Felipe Scolari,(https://tr.wikipedia.org/wiki/Luiz_Felipe_Scolari),2,"Cristiano Ronaldo#153: O zamanki Portekiz teknik direktörü Luiz Felipe Scolari 'nin açıklaması şöyleydi: ""Carlos Silva, Ronaldo'yu kaptan yapmamı rica etti. Kaptan olması için çok genç, ama Silva rica etti ve o artık aramızda değil."" | Cristiano Ronaldo#155: Portekiz'in Euro 2008'deki başarısız performansının ardından Luiz Felipe Scolari 'nin yerine United'ın eski teknik direktör yardımcısı Carlos Queiroz getirildi."
Danijel Subašić,(https://tr.wikipedia.org/wiki/Danijel_Suba%C5%A1i%C4%87),1,"Cristiano Ronaldo#177: Portekiz'in ilk eleme maçında, Ronaldo'nun tek gol girişimi Hırvatistan 'ın kalecisi Danijel Subašić tarafından savuşturularak Ricardo Quaresma 'nın yoluna atıldı ve Quaresma uzatmalarda 1-0 galibiyet elde etti. Takımı penaltılarda Polonya'yı geçtikten sonra Portekiz'in açılış penaltısını atan Ronaldo, üç Avrupa Şampiyonası yarı finaline katılan ilk oyuncu oldu. Galler 'i 2-0 yendikleri maçta ilk golü attı, Michel Platini'yi dokuz golle turnuvanın tüm zamanların en golcü oyuncusu olarak eşitledi."
hamile,(https://tr.wikipedia.org/wiki/Hamilelik),1,"Cristiano Ronaldo#212: Ronaldo, 28 Ekim 2021 tarihinde Instagram 'dan yaptığı paylaşımda Georgina Rodriguez'in ikiz bebeklere hamile olduğunu açıkladı. 2022'de ikizlerden erkek olanı doğum sırasında öldü ancak kız olanı dünyaya gelmiştir."
A Ligi 3. Grup,(https://tr.wikipedia.org/wiki/2020-21_UEFA_Uluslar_A_Ligi#3._Grup),1,"Cristiano Ronaldo#216: Herhangi bir belirti göstermeyen oyuncu, 14 Ekim 2020'de UEFA Uluslar Ligi 'nde A Ligi 3. Grup 'ta İsveç ile oynanacak maçın kadrosundan çıkartıldı."
Lukas Podolski,(https://tr.wikipedia.org/wiki/Lukas_Podolski),1,"Cristiano Ronaldo#150: Bu oyların sadece adaylık sürecini etkilemesine rağmen, FIFA 'nın Teknik Çalışma Ekibi Ronaldo'nun davranışlarını kararda bir etken olarak gösterdi ve ödülü Almanya 'dan Lukas Podolski 'ye verdi."
Portekiz U-20,(https://tr.wikipedia.org/wiki/Portekiz_20_ya%C5%9F_alt%C4%B1_mill%C3%AE_futbol_tak%C4%B1m%C4%B1),1,Cristiano RonaldoCard#21: Portekiz U-20
bonservis,(https://tr.wikipedia.org/wiki/Bonservis),1,Cristiano Ronaldo#106: 10 Temmuz 2018 tarihinde resmi olarak Real Madrid 'ten Juventus 'a 100 milyon € bonservis bedeliyle transfer olmuştur.
Suzuki,(https://tr.wikipedia.org/wiki/Suzuki),1,"Cristiano Ronaldo#192: Pepe Jeans, Fuji Xerox, Extra Joss, Coca Cola , Suzuki , Castrol ve Türk Telekom gibi çeşitli markaların reklamlarında oynamıştır."
Dennis Bergkamp,(https://tr.wikipedia.org/wiki/Dennis_Bergkamp),1,"Cristiano Ronaldo#41: Ronaldo, 2006 yılının kasım ve aralık ayında art arda Barclays Ayın Futbolcusu şerefine erişti. Dennis Bergkamp ve Robbie Fowler 'dan sonra Premier Lig tarihinde bu şerefe ulaşan 3. futbolcu oldu. Kariyerindeki 50. golünü Manchester City 'ye attı. Yıl sonunda ""FIFPro Special Young Player of the Year"" ödülünü tekrar kazandı."
Horacio Elizondo,(https://tr.wikipedia.org/wiki/Horacio_Elizondo),1,"Cristiano Ronaldo#145: Rooney'nin oyundan atılışından sonra yedek kulübesine göz kırpmasından ötürü İngiliz medyasında Ronaldo'nun kızgın tavırları nedeniyle hakem Horacio Elizondo 'nun kararını etkilediği spekülasyonları yer aldı. Ronaldo maçtan sonra Rooney'nin arkadaşı olduğunu ve onun oyundan atılmasını istemediğini söyledi. 4 Temmuz'da, hakem Elizondo Rooney'nin oyun kurallarını çiğnediği için atıldığını ve Ronaldo ile Rooney arasında geçen arbedeyle bir alakasının olmadığını söyledi ve konuya açıklık getirdi."
hattrickini,(https://tr.wikipedia.org/wiki/Hattrick),1,Cristiano Ronaldo#49: Ronaldo Manchester United forması altında ilk hattrickini 12 Ocak 2008'de Old Trafford 'da Newcastle United 'ı 6-0 yendikleri maçta yaptı.
Norwich City,(https://tr.wikipedia.org/wiki/Norwich_City_FC),1,"Cristiano Ronaldo#120: 12 Mart 2022'de Ronaldo, ligde 3-2 kazandıkları Tottenham Hotspur maçında hat-trick yaptı ve toplam gol sayısını 807'ye çıkardı. FIFA 'ya göre 805 golle Josef Bican 'a ait olan profesyonel futbol tarihinde en çok gol atan futbolcu unvanını kazandı. 16 Nisan'da Ronaldo, kulüp bazında 50. hat-trick'ini ligde 3-2 kazandıkları Norwich City maçında kaydetti. 23 Nisan'da Ronaldo, Arsenal 'e 3-1 kaybettikleri maçta 100. Premier League golünü kaydetti."
Sergio Ramos,(https://tr.wikipedia.org/wiki/Sergio_Ramos),1,"Cristiano Ronaldo#129: Maçta Sergio Ramos , Lionel Messi , Kylian Mbappé ve Neymar forma giymiştir."
Portekiz U-15,(https://tr.wikipedia.org/wiki/Portekiz_15_ya%C5%9F_alt%C4%B1_mill%C3%AE_futbol_tak%C4%B1m%C4%B1),1,Cristiano RonaldoCard#19: Portekiz U-15
Alcochete,(https://tr.wikipedia.org/wiki/Alcochete),1,Cristiano Ronaldo#22: Daha sonra Sporting'in gençlik akademisine katılmak için Madeira'dan Lizbon yakınlarındaki Alcochete 'ye taşındı.
Josef Bican,(https://tr.wikipedia.org/wiki/Josef_Bican),1,"Cristiano Ronaldo#120: 12 Mart 2022'de Ronaldo, ligde 3-2 kazandıkları Tottenham Hotspur maçında hat-trick yaptı ve toplam gol sayısını 807'ye çıkardı. FIFA 'ya göre 805 golle Josef Bican 'a ait olan profesyonel futbol tarihinde en çok gol atan futbolcu unvanını kazandı. 16 Nisan'da Ronaldo, kulüp bazında 50. hat-trick'ini ligde 3-2 kazandıkları Norwich City maçında kaydetti. 23 Nisan'da Ronaldo, Arsenal 'e 3-1 kaybettikleri maçta 100. Premier League golünü kaydetti."
Andy Gray,(https://tr.wikipedia.org/wiki/Andy_Gray_(1955_do%C4%9Fumlu_futbolcu)),1,Cristiano Ronaldo#73: Aynı sezon Premier League şampiyonluğunu yeniden yaşamıştır. FIFPro Dünya'da Yılın Oyuncusu Ödülü ve FIFA Dünya'da Yılın Oyuncusu Ödülü 'ne layık görülmüştür. 2006-2007 yılında yaptığı gibi 2007-2008 sezonunda da İngiltere'de hem yılın futbolcusu hem de yılın genç futbolcusu seçilmiştir. 1977'de Andy Gray 'den sonra bu ödüllerin ikisini de aynı sene içinde almayı başarmış olan ilk sporcudur.
doktorlara,(https://tr.wikipedia.org/wiki/Doktor_(t%C4%B1p)),1,Cristiano Ronaldo#202: Annesinin hayatını kurtaran doktorlara ve hemşirelere çok minnettar olduğunu söyledi.
Portekiz U-23,(https://tr.wikipedia.org/wiki/Portekiz_23_ya%C5%9F_alt%C4%B1_mill%C3%AE_futbol_tak%C4%B1m%C4%B1),1,Cristiano RonaldoCard#22: Portekiz U-23
UEFA Uluslar Ligi,(https://tr.wikipedia.org/wiki/2024-25_UEFA_Uluslar_Ligi),1,"Cristiano Ronaldo#189: 5 Eylül 2024'te, UEFA Uluslar Ligi 'nde Hırvatistan'a karşı 2–1 galibiyet elde ederken kariyerindeki 900. golünü attı."
gol kralı,(https://tr.wikipedia.org/wiki/Gol_kral%C4%B1),1,"Cristiano Ronaldo#110: C.Ronaldo bu sezon çıktığı 33 Serie A maçında, 29 kez fileleri sarsarak gol kralı oldu ."
Kaká,(https://tr.wikipedia.org/wiki/Kak%C3%A1),1,"Cristiano Ronaldo#48: 2007 Ballon d'Or 'u Kaká 'nın ardından ikinci, FIFA Dünyada Yılın Futbolcusu ödülünde Kaká ve Lionel Messi 'nin ardından 3. oldu."
Kuzey Kore,(https://tr.wikipedia.org/wiki/Kuzey_Kore_mill%C3%AE_futbol_tak%C4%B1m%C4%B1),1,"Cristiano Ronaldo#158: Dünya Kupası'nın grup aşamasında Fildişi Sahili , Kuzey Kore ve Brezilya 'ya karşı oynanan üç maçta da maçın adamı seçildi."
free kick,(https://tr.wikipedia.org/wiki/Serbest_vuru%C5%9F),1,"Cristiano Ronaldo#97: 2013-14 sezonunda 2013 yılında attığı 69 gol ile FIFA Ballon d'Or ödülünü kazandı. 2013 yılında 59 maçta attığı 69 golün 18'ini sol ayak, 37'sini sağ ayakla, 14'ü de kafayla kaydetti. 59 maçta 8 kez hat-trick yaptı ve 69 golün 6 tanesini free kick 'den attı ayrıca bu maçlarda 17 de asist yaptı. 59 Maçta 69 gol atarak maç başına 1,17 gol istatistiği yakaladı."
UEFA Uluslar Ligi,(https://tr.wikipedia.org/wiki/UEFA_Uluslar_Ligi),1,"Cristiano Ronaldo#216: Herhangi bir belirti göstermeyen oyuncu, 14 Ekim 2020'de UEFA Uluslar Ligi 'nde A Ligi 3. Grup 'ta İsveç ile oynanacak maçın kadrosundan çıkartıldı."
El-Şebab,(https://tr.wikipedia.org/wiki/E%C5%9F-%C5%9Eebab_(Suudi_Arabistan)),1,"Cristiano Ronaldo#139: 18 Ağustos'ta Ronaldo, Al-Taawoun'a 2-0 yenilerek bu sezonki ilk lig maçına çıktı ve sezonun ilk hat-trickini El-Fetih'e karşı haftada 5-0 kazandıkları maçta attı. daha sonra. 29 Ağustos'ta Ronaldo, rakipleri El-Şebab 'a karşı alınan 4-0'lık galibiyette iki gol attı ve bir asist yaptı."
Ronald Reagan,(https://tr.wikipedia.org/wiki/Ronald_Reagan),1,Cristiano Ronaldo#18: İkinci ismi olan Ronaldo'yu babası Ronald Reagan hayranı olduğu için koymuştur.
Bolton Wanderers,(https://tr.wikipedia.org/wiki/Bolton_Wanderers_FC),1,"Cristiano Ronaldo#40: Ronaldo takımıyla ilk maçına Bolton Wanderers 'ı 4-0 yendikleri maçta 60. dakikada dahil oldu. Manchester United'taki ilk golünü 1 Kasım 2003'te Portsmouth 'u 3-0 yendikleri maçta frikikten attı. United'ın Premier Ligdeki 1000. golünü 29 Ekim 2005'te Middlesbrough 'a 5-1 yenildikleri maçta attı. Tüm müsabakalarda 10 gol kaydetti ve taraftarların oylamasıyla Ronaldo, ilk ödülü olan ""FIFPro Special Young Player of the Year"" ödülünü kazandı."
Avusturya,(https://tr.wikipedia.org/wiki/Avusturya_mill%C3%AE_futbol_tak%C4%B1m%C4%B1),1,"Cristiano Ronaldo#174: Ronaldo, Euro 2016 elemelerinde Ermenistan'a karşı hat-trick de dahil olmak üzere beş gol attı. 14 Kasım 2014'te Ermenistan'a karşı kazanılan bir başka galibiyette tek golü atarak, UEFA Avrupa Şampiyonası'nda eleme maçları da dahil olmak üzere 23 gol atarak turnuvanın tüm zamanların en golcü oyuncusu oldu. Turnuvanın başında Ronaldo, kaleye 20 şut atmasına rağmen Portekiz'in İzlanda ve Avusturya 'ya karşı berabere kaldığı maçta şansını değerlendiremedi."
Kylian Mbappé,(https://tr.wikipedia.org/wiki/Kylian_Mbapp%C3%A9),1,"Cristiano Ronaldo#129: Maçta Sergio Ramos , Lionel Messi , Kylian Mbappé ve Neymar forma giymiştir."
Liverpool,(https://tr.wikipedia.org/wiki/Liverpool_FC),1,"Cristiano Ronaldo#34: 16 yaşındayken o zamanki Liverpool teknik direktörü Gérard Houllier tarafından fark edildi, ama Liverpool, Ronaldo'nun henüz çok genç olduğunu ve yeteneklerini geliştirmesi gerektiğine karar verdi ve reddetti. 2003 yılının yazında Lizbon 'da José Alvalade Stadyumu 'nun açılış maçında, Sporting CP'un Manchester United 'ı 3-1 mağlup ettiği maçta Manchester United teknik direktörü Alex Ferguson 'un dikkatini çekti."
Diego Maradona,(https://tr.wikipedia.org/wiki/Diego_Maradona),1,"Cristiano Ronaldo#77: Törende kulüp tarihinde bir ilk yaşandı ve 80,000'den fazla taraftar stada akın etti. Böylece 1984 yılında Diego Maradona 'nın Napoli'deki transfer töreni için stada gelen 75,000 rekor taraftar sayısı da kırılmış olmuş oldu. 9 numaralı forması, efsane Real Madrid'li eski futbolcu Alfredo di Stéfano tarafından verildi."
Çekya,(https://tr.wikipedia.org/wiki/%C3%87ekya_mill%C3%AE_futbol_tak%C4%B1m%C4%B1),1,"Cristiano Ronaldo#161: Ronaldo, Euro 2012 elemelerinde, Portekiz'i turnuvaya göndermek için play-off'larda Bosna-Hersek 'e attığı iki gol de dahil olmak üzere yedi gol attı ve burada bir ""ölüm grubu""na girdi. Hollanda 'ya karşı oynanan son grup aşaması maçında Ronaldo iki gol atarak 2-1 galibiyet elde etti. Çeyrek finalde Çekya 'ya karşı attığı kafa golüyle takımına 1-0 galibiyet verdi."
ABD,(https://tr.wikipedia.org/wiki/Amerika_Birle%C5%9Fik_Devletleri_mill%C3%AE_futbol_tak%C4%B1m%C4%B1),1,"Cristiano Ronaldo#172: Ama biz öyle değiliz."" Açılış maçının 90 dakikasını Almanya'ya karşı oynadı ancak 4-0'lık yenilgiyi engelleyemedi. ABD 'ye karşı sakatlık anında 2-2'lik bir asistini yaptıktan sonra, Gana 'yı 2-1 yenerek maçın sonlarında galibiyet golünü attı. 50. uluslararası golü onu üç Dünya Kupası'nda oynayan ve gol atan ilk Portekizli yaptı."
Fildişi Sahili,(https://tr.wikipedia.org/wiki/Fildi%C5%9Fi_Sahili_mill%C3%AE_futbol_tak%C4%B1m%C4%B1),1,"Cristiano Ronaldo#158: Dünya Kupası'nın grup aşamasında Fildişi Sahili , Kuzey Kore ve Brezilya 'ya karşı oynanan üç maçta da maçın adamı seçildi."
Galler,(https://tr.wikipedia.org/wiki/Galler_mill%C3%AE_futbol_tak%C4%B1m%C4%B1),1,"Cristiano Ronaldo#177: Portekiz'in ilk eleme maçında, Ronaldo'nun tek gol girişimi Hırvatistan 'ın kalecisi Danijel Subašić tarafından savuşturularak Ricardo Quaresma 'nın yoluna atıldı ve Quaresma uzatmalarda 1-0 galibiyet elde etti. Takımı penaltılarda Polonya'yı geçtikten sonra Portekiz'in açılış penaltısını atan Ronaldo, üç Avrupa Şampiyonası yarı finaline katılan ilk oyuncu oldu. Galler 'i 2-0 yendikleri maçta ilk golü attı, Michel Platini'yi dokuz golle turnuvanın tüm zamanların en golcü oyuncusu olarak eşitledi."
Real Zaragoza,(https://tr.wikipedia.org/wiki/Real_Zaragoza),1,"Cristiano Ronaldo#93: 2011-12 sezonunun başında La Liga 'da Real Madrid 'in Real Zaragoza deplasmanda 6-0 mağlup ettiği maçta, Ronaldo sezona hat trick yaparak başladı. Mesut Özil 'in ilk 11'de sahaya çıktığı maçta millî futbolcular Nuri Şahin ve Hamit Altıntop sakatlıkları nedeniyle ilk maçta kadroda yer almadı."
Sadio Mané,(https://tr.wikipedia.org/wiki/Sadio_Man%C3%A9),1,"Cristiano Ronaldo#136: Ronaldo'nun En-Nasr 'a imza atması, Karim Benzema , Sadio Mané , N'Golo Kanté , Rúben Neves , Riyad Mahrez , Roberto Firmino ve Neymar gibi çeşitli Avrupalı oyuncuların Suudi Pro Ligi 'ne geçmesiyle hem yurt içinde hem de yurt dışında popülerliğinin artmasına neden oldu. Suudi Pro Ligi yaz transfer dönemi sırasında, Ronaldo'nun lige geçişteki ana faktörlerden biri olduğunu öne sürüyor."
Wayne Rooney,(https://tr.wikipedia.org/wiki/Wayne_Rooney),1,"Cristiano Ronaldo#144: 1 Temmuz 2006'da çeyrek finalde İngiltere ile karşılaştıkları maçta, Ronaldo'nun Manchester United 'tan takım arkadaşı Wayne Rooney , Portekizli defans oyuncusu Ricardo Carvalho 'nun üzerine bastığı için oyundan atıldı."
Gérard Houllier,(https://tr.wikipedia.org/wiki/G%C3%A9rard_Houllier),1,"Cristiano Ronaldo#34: 16 yaşındayken o zamanki Liverpool teknik direktörü Gérard Houllier tarafından fark edildi, ama Liverpool, Ronaldo'nun henüz çok genç olduğunu ve yeteneklerini geliştirmesi gerektiğine karar verdi ve reddetti. 2003 yılının yazında Lizbon 'da José Alvalade Stadyumu 'nun açılış maçında, Sporting CP'un Manchester United 'ı 3-1 mağlup ettiği maçta Manchester United teknik direktörü Alex Ferguson 'un dikkatini çekti."
Everton,(https://tr.wikipedia.org/wiki/Everton_FC),1,Cristiano Ronaldo#124: 9 Ekim 2022 tarihinde oynanan Everton - Manchester United maçında ise 44. dakikada attığı gol ile kulüp kariyerindeki 700. golüne imza attı.
Lihtenştayn,(https://tr.wikipedia.org/wiki/Lihten%C5%9Ftayn_mill%C3%AE_futbol_tak%C4%B1m%C4%B1),1,"Cristiano Ronaldo#188: Dünya Kupası'nın ardından, millî takımdaki geleceği şüpheli olmasına rağmen, yeni teknik direktör Roberto Martínez 'in olası bir görevden alınma söylentileri üzerine Ronaldo, Lihtenştayn ve Lüksemburg 'a karşı oynanacak UEFA Euro 2024 elemelerinde Portekiz 'in kadrosuna seçildi. 23 Mart'ta Ronaldo, Lihtenştayn'ı 4-0 yendikleri maçta bir gol attı; 197. kez millî forma giyerek Al-Mutawa'nın rekorunu kırarak tüm zamanların en çok forma giyen erkek futbolcusu oldu. 20 Haziran'da Ronaldo, millî takım formasıyla 200. kez forma giydi ve Avrupa elemelerinde deplasmanda İzlanda karşısında aldığı galibiyetteki tek golü atarak uluslararası erkek futbol tarihinde ülkesi adına 200 maça çıkan ilk oyuncu oldu. 13 Ekim'de Ronaldo, Slovakya 'yı 3-2 yendikleri maçta bir gol atarak Portekiz'in Euro 2024'e katılma hakkı kazanmasını sağladı ve bu, ülkenin tarihindeki büyük bir turnuvaya en hızlı katılma hakkı oldu."
İngiltere'de Yılın Futbolcusu Ödülü,(https://tr.wikipedia.org/wiki/PFA_Y%C4%B1l%C4%B1n_Oyuncusu),1,Cristiano Ronaldo#44: Tüm tartışmalara rağmen Ronaldo çok sayıda kişisel ödül kazandı. İngiltere'de Yılın Futbolcusu Ödülü ve İngiltere'de Yılın Genç Futbolcusu Ödülü ödüllerini kazandı.
Internazionale,(https://tr.wikipedia.org/wiki/FC_Internazionale_Milano),1,Cristiano Ronaldo#65: UEFA Şampiyonlar Ligi 'nde Internazionale 'yu 2-0 yenip çeyrek finale çıktıkları maçta 1 gol attı. 5 Nisan 2009'da Aston Villa 'yı 3-2 yendikleri maçta takımının ilk 2 golünü attı. Ronaldo Şampiyonlar Ligi çeyrek final ikinci maçında Porto 'ya 36 metre mesafeden harika bir gol attı ve bu sayede Manchester United yarı finale yükseldi.
Emirates Stadyumu,(https://tr.wikipedia.org/wiki/Emirates_Stadyumu),1,"Cristiano Ronaldo#66: Bu golü Alex Ferguson çok övdü ve maçtan sonra bu golün Ronaldo'nun attığı en güzel gol olduğunu söyledi. 5 Mayıs 2009'da Emirates Stadyumu 'nda Arsenal ile oynanan Şampiyonlar Ligi yarı final rövanş maçında Manchester United, Arsenal'in evinde 27 maçlık yenilmezlik serisine 3-1'lik skorla son verdi ve finale çıktı."
2008 Avrupa Futbol Şampiyonası elemeleri,(https://tr.wikipedia.org/wiki/2008_Avrupa_Futbol_%C5%9Eampiyonas%C4%B1_elemeleri),1,"Cristiano Ronaldo#154: 2008 Avrupa Futbol Şampiyonası elemeleri 'nde 8 gol attı, ama Portekiz çeyrek finalde Almanya 'ya elendiği için turnuvayı 1 golle tamamlayabildi. Portekiz millî takımının başına Carlos Queiroz'un gelişiyle birlikte Ronaldo takım kaptanı oldu."
Torino,(https://tr.wikipedia.org/wiki/Torino),1,"Cristiano Ronaldo#213: Çift, şu anda 5 çocukları ile birlikte Torino 'da yaşamaktadır."
Iker Casillas,(https://tr.wikipedia.org/wiki/Iker_Casillas),1,"Cristiano Ronaldo#119: Maçı 4-1 kazanan Manchester United'ın ilk 2 golünü Ronaldo kaydetti. 29 Eylül'de, United'ın Şampiyonlar Ligi 'nde evinde Villarreal 'e karşı 2-1 kazandığı maçta son dakikada takımının galibiyet golünü attı ve Iker Casillas 'ı geçerek UEFA Şampiyonlar Ligi tarihinin en çok forma giyen futbolcusu oldu. 2 Aralık'ta Ronaldo, ligde Arsenal 'e karşı evinde 3-2 kazandıkları maçta iki gol kaydederek profesyonel kariyerinde 800. gol barajını aştı."
İran,(https://tr.wikipedia.org/wiki/%C4%B0ran),1,"Cristiano Ronaldo#134: AFC Şampiyonlar Ligi maçı için gittiği İran 'da, portresini çizen ressam Fatemeh Hamami'ye dokunduğu ve sarıldığı için İran'da 99 kırbaç cezasıyla yargılanmaktadır."
2016-17 La Liga,(https://tr.wikipedia.org/wiki/2016-17_La_Liga),1,Cristiano Ronaldo#101: 2016-17 sezonunda La Liga 'da 29 maçta 25 gol atıp 6 asist yaparak Real Madrid 'in 2016-17 La Liga şampiyon olmasına katkı yağmıştır. UEFA Şampiyonlar Ligi 'nde 13 maçta 12 gol ve 6 asistle katkı yapıp takımın üst üstte 2. kez UEFA Şampiyonlar Ligi kazanmasında pay sahibi olmuştur.
Pauleta,(https://tr.wikipedia.org/wiki/Pauleta),1,Cristiano Ronaldo#169: İkinci maçtaki hat-trick'iyle uluslararası skoru 47 gole ulaştı ve Pauleta 'nın rekoruna eşit oldu. Ronaldo daha sonra 5 Mart 2014'te Kamerun 'a karşı oynanan 5-1 hazırlık maçında iki gol atarak ülkesinin tüm zamanların en golcü oyuncusu oldu.
Paris Saint-Germain,(https://tr.wikipedia.org/wiki/Paris_Saint-Germain_FC),1,Cristiano Ronaldo#127: İlk maçına El-Hilâl ve En-Nasr karmasının Paris Saint-Germain ile oynadığı maçta çıktı. 19 Ocak 2023 günü oynanan maçta takımı Paris Saint-Germain'e 5-4 yenildi.
Hamit Altıntop,(https://tr.wikipedia.org/wiki/Hamit_Alt%C4%B1ntop),1,"Cristiano Ronaldo#93: 2011-12 sezonunun başında La Liga 'da Real Madrid 'in Real Zaragoza deplasmanda 6-0 mağlup ettiği maçta, Ronaldo sezona hat trick yaparak başladı. Mesut Özil 'in ilk 11'de sahaya çıktığı maçta millî futbolcular Nuri Şahin ve Hamit Altıntop sakatlıkları nedeniyle ilk maçta kadroda yer almadı."
Zlatan Ibrahimović,(https://tr.wikipedia.org/wiki/Zlatan_Ibrahimovi%C4%87),1,"Cristiano Ronaldo#168: Portekiz'in normal sezonda sıralama turlarına katılamamasının ardından, Ronaldo, İsveç 'e karşı oynanan play-off'larda takımın dört golünü de attı; bu, Ronaldo ile Zlatan Ibrahimović arasındaki bir mücadele olarak ilan edildi ve turnuvadaki yerlerini garantiledi."
Lyon,(https://tr.wikipedia.org/wiki/Olympique_Lyonnais),1,"Cristiano Ronaldo#51: Reading'i 2-0 yendikleri maçta 23. golünü kaydetti ki önceki sezon attığı gol sayısı da 23'tü. 20 Şubat'ta Lyon ile yaptıkları Şampiyonlar Ligi eleme maçında belirlenemeyen bir Lyon taraftarı sürekli olarak Ronaldo'ya ve takım arkadaşı Nani 'ye yeşil lazer tuttu. 1 ay sonra Lyon bu olaydan dolayı 5000 isviçre frankı (£2,427) para cezasına çarptırıldı."
İran,(https://tr.wikipedia.org/wiki/%C4%B0ran_mill%C3%AE_futbol_tak%C4%B1m%C4%B1),1,"Cristiano Ronaldo#182: 15 Haziran 2018'de Ronaldo, FIFA Dünya Kupası maçında hat-trick yapan en yaşlı oyuncu oldu ve Portekiz'in İspanya 'ya karşı 3-3 berabere kalmasına yardımcı oldu. Bunu yaparak, dört Dünya Kupası'nda gol atan ilk Portekizli oyuncu oldu ve bunu başaran herhangi bir milletten dört oyuncudan biri oldu. 20 Haziran'da Ronaldo, Fas 'a karşı 1-0 galibiyette tek golü atarak 85 uluslararası golle Puskás'ın Avrupa'da tüm zamanların en çok gol atan oyuncusu rekorunu kırdı. 25 Haziran'da İran 'a karşı oynanan final grup maçında Ronaldo penaltıyı kaçırdı ve 1-1 berabere kaldı."
Patrik Schick,(https://tr.wikipedia.org/wiki/Patrik_Schick),1,"Cristiano Ronaldo#113: Bu istatistiklerle, Euro 2020 gol krallığında Patrik Schick ile gol krallığını paylaştı."
Georgina Rodríguez,(https://tr.wikipedia.org/wiki/Georgina_Rodr%C3%ADguez),1,Cristiano Ronaldo#209: Şu anda Arjantinli İspanyol model Georgina Rodríguez ile birliktedir.
2018,(https://tr.wikipedia.org/wiki/2018_FIFA_D%C3%BCnya_Kupas%C4%B1),1,"Cristiano Ronaldo#185: 2022 Dünya Kupası 'nda H grubunda Portekiz'in 3-2 kazandığı maçta Gana 'ya karşı attığı penaltı golüyle 5 farklı Dünya Kupası'nda ( 2006 , 2010 , 2014 , 2018 ve 2022 ) gol atan ilk futbolcu olmuştur."
2017 FIFA Kulüpler Dünya Kupasını,(https://tr.wikipedia.org/wiki/2017_FIFA_Kul%C3%BCpler_D%C3%BCnya_Kupas%C4%B1_finali),1,Cristiano Ronaldo#105: Takımın 2017 FIFA Kulüpler Dünya Kupasını 2. kez üst üste kazanmasında 2 maçta attığı 2 gol ile katkı sağlamıştır.
sponsorluklarla,(https://tr.wikipedia.org/wiki/Sponsor_(ticaret)),1,"Cristiano Ronaldo#197: Forbes 'a göre Cristiano Ronaldo 2008 yılında dünyanın en çok kazanan 5. futbolcusudur. 21 milyon dolar net gelirinin 12 milyon dolarını Manchester United'dan, 9 milyon dolarını ise Nike ve Coca Cola gibi markalarla yaptığı sponsorluklarla elde etmiştir."
Ameliyat,(https://tr.wikipedia.org/wiki/Cerrahi),1,"Cristiano Ronaldo#32: Hastanedeyken, kalbindeki probleme neden olan bölge, bir lazer operasyonuyla yakıldı. Ameliyat sabahleyin başladı ve Ronaldo öğleden sonra taburcu edildi."
Santiago Bernabéu Stadyumu,(https://tr.wikipedia.org/wiki/Santiago_Bernab%C3%A9u_Stadyumu),1,"Cristiano Ronaldo#75: Cristiano Ronaldo 2009 yılında rekor bir ücret ile Real Madrid takımına transfer oldu. 94 milyon € bonservis bedeli transfer olan Ronaldo Zinedine Zidane 'ın 75 milyon € olan transfer rekorunu da egale etmiştir. 26 Haziran tarihinde Real Madrid , Ronaldo'nun 1 Temmuz'dan itibaren takımda olacağını ve sözleşmesinin 6 yıllık olduğunu açıkladı. Real Madrid 'in sitesinden yapılan açıklamada ayrıca; 6 Temmuz 2009 Pazartesi günü Cristiano Ronaldo'nun Santiago Bernabéu Stadyumu 'nda taraftarın karşısına çıkarılacağı ve Portekizli oyuncunun yıllık 13 milyon Euro alacağı belirtildi."
hemşirelere,(https://tr.wikipedia.org/wiki/Hem%C5%9Firelik),1,Cristiano Ronaldo#202: Annesinin hayatını kurtaran doktorlara ve hemşirelere çok minnettar olduğunu söyledi.
2004 Avrupa Futbol Şampiyonası,(https://tr.wikipedia.org/wiki/2004_Avrupa_Futbol_%C5%9Eampiyonas%C4%B1),1,"Cristiano Ronaldo#141: 2008 yılından beri Portekiz millî takımının kaptanı olan Ronaldo, ilk A millî maçına Ağustos 2003'te Kazakistan 'a karşı çıktı, maç 1-0'lık Portekiz galibiyetiyle bitti. 2004 Avrupa Futbol Şampiyonası için kadroya çağrıldı. Yunanistan 'a 2-1 yenildikleri maçta ve Hollanda 'yı yarı finalde 2-1 yendikleri maçta birer gol attı. Turnuvada 2 gol atmasına rağmen turnuva ilk onbirine seçildi."
Park Ji-sung,(https://tr.wikipedia.org/wiki/Park_Ji-sung),1,Cristiano Ronaldo#61: Ronaldo 7 Temmuz'da Amsterdam 'da ayak bileğinden ameliyat oldu. 17 Eylül'de Manchester United'ın 2008-09 UEFA Şampiyonlar Ligi grup aşamasında Villarreal ile 0-0 berabere kaldığı maçta Park Ji-sung 'ın yerine 60. dakikada oyuna dahil oldu. Sezondaki ilk golünü 24 Eylül'de Lig Kupası 3.tur maçında Middlesbrough'yu 3-1 yendikleri maçta attı.
Kaptan,(https://tr.wikipedia.org/wiki/Kaptan_(futbol)),1,Cristiano Ronaldo#131: En-Nasr ile ilk resmî maçına 22 Ocak'ta Kaptan olarak El-İttifak 1-0 yendikleri maçta çıktı.
El-İttifak,(https://tr.wikipedia.org/wiki/%C4%B0ttifak_(Suudi_Arabistan)),1,Cristiano Ronaldo#131: En-Nasr ile ilk resmî maçına 22 Ocak'ta Kaptan olarak El-İttifak 1-0 yendikleri maçta çıktı.
Milan,(https://tr.wikipedia.org/wiki/AC_Milan),1,"Cristiano Ronaldo#84: Ronaldo, 3 Kasım 2009'daki Şampiyonlar Ligi'ndeki Milan maçında oynamayı hedeflediğini söyledi."
İngiltere'de Taraftarların Oyuncusu,(https://tr.wikipedia.org/wiki/PFA_Taraftarlar%C4%B1n_Y%C4%B1l%C4%B1n_Oyuncusu),1,Cristiano Ronaldo#45: Andy Gray ile birlikte bu şerefe erişen tek futbolcu oldu. Nisan ayında İngiltere'de Taraftarların Oyuncusu ödülünü de kazanarak üçlemiş oldu. Ayrıca Ronaldo 2006-2007 sezonunda Premier Lig Yılın Takımında yer alan 7 Manchester United futbolcusundan biriydi.
ESPN,(https://tr.wikipedia.org/wiki/ESPN),1,"Cristiano Ronaldo#13: Dünyanın en iyi sporcularından biri olan Ronaldo, Forbes tarafından 2016, 2017 ve 2023'te dünyanın en çok kazanan sporcusu, 2016'dan 2019'a kadar ESPN tarafından dünyanın en ünlü sporcusu seçildi."
Zinedine Zidane,(https://tr.wikipedia.org/wiki/Zinedine_Zidane),1,"Cristiano Ronaldo#75: Cristiano Ronaldo 2009 yılında rekor bir ücret ile Real Madrid takımına transfer oldu. 94 milyon € bonservis bedeli transfer olan Ronaldo Zinedine Zidane 'ın 75 milyon € olan transfer rekorunu da egale etmiştir. 26 Haziran tarihinde Real Madrid , Ronaldo'nun 1 Temmuz'dan itibaren takımda olacağını ve sözleşmesinin 6 yıllık olduğunu açıkladı. Real Madrid 'in sitesinden yapılan açıklamada ayrıca; 6 Temmuz 2009 Pazartesi günü Cristiano Ronaldo'nun Santiago Bernabéu Stadyumu 'nda taraftarın karşısına çıkarılacağı ve Portekizli oyuncunun yıllık 13 milyon Euro alacağı belirtildi."
alkolizme,(https://tr.wikipedia.org/wiki/Alkolizm),1,"Cristiano Ronaldo#20: Eylül 2005'te Ronaldo 20 yaşındayken, babası José Dinis Aveiro, alkolizme bağlı nedenlerden dolayı 52 yaşında öldü."
Avrupa,(https://tr.wikipedia.org/wiki/Avrupa),1,"Cristiano Ronaldo#143: Ronaldo, Avrupa kıtasındaki Dünya Kupası grup elemelerinde 7 golle en çok gol atan 2. futbolcuydu. Dünya Kupası 'ndaki ilk ve tek golünü penaltıdan İran'a attı."
dünyadaki en etkili 100 kişi,(https://tr.wikipedia.org/wiki/Time_100),1,Cristiano Ronaldo#14: Time onu 2014 yılında dünyadaki en etkili 100 kişi listesine dahil etmiştir.
Zamalek,(https://tr.wikipedia.org/wiki/Zamalek_(futbol_tak%C4%B1m%C4%B1)),1,"Cristiano Ronaldo#137: 2023-24 sezonundaki ilk golünü, 31 Temmuz'da Arap Kulüpler Şampiyonlar Kupası 'nda Union Monastirienne'i 4-1 yenerek attı. 3 Ağustos'taki bir sonraki Arap Kulübü Şampiyonlar Kupası maçında Ronaldo, Zamalek 'e karşı geç bir eşitlik golü atarak takımının 1-1 berabere kalmasına ve grup ikinciliğiyle çeyrek finale yükselmesine yardımcı oldu. 9 Ağustos'taki yarı finalde Ronaldo, Al-Shorta'ya karşı galibiyetteki tek golü atarak penaltıyı dönüştürerek En-Nasr 'ın ilk Arap Kulüpler Şampiyonlar Kupası finaline ulaşmasına yardımcı oldu. 12 Ağustos'taki finalde Ronaldo, on kişilik Al-Nassr adına her iki golü de atarak, rakipleri El-Hilâl 'i uzatmaların ardından 2-1 mağlup ederek tarihlerinde ilk kez yarışmayı kazandı."
Ricardo Quaresma,(https://tr.wikipedia.org/wiki/Ricardo_Quaresma),1,"Cristiano Ronaldo#177: Portekiz'in ilk eleme maçında, Ronaldo'nun tek gol girişimi Hırvatistan 'ın kalecisi Danijel Subašić tarafından savuşturularak Ricardo Quaresma 'nın yoluna atıldı ve Quaresma uzatmalarda 1-0 galibiyet elde etti. Takımı penaltılarda Polonya'yı geçtikten sonra Portekiz'in açılış penaltısını atan Ronaldo, üç Avrupa Şampiyonası yarı finaline katılan ilk oyuncu oldu. Galler 'i 2-0 yendikleri maçta ilk golü attı, Michel Platini'yi dokuz golle turnuvanın tüm zamanların en golcü oyuncusu olarak eşitledi."
Karim Benzema,(https://tr.wikipedia.org/wiki/Karim_Benzema),1,"Cristiano Ronaldo#136: Ronaldo'nun En-Nasr 'a imza atması, Karim Benzema , Sadio Mané , N'Golo Kanté , Rúben Neves , Riyad Mahrez , Roberto Firmino ve Neymar gibi çeşitli Avrupalı oyuncuların Suudi Pro Ligi 'ne geçmesiyle hem yurt içinde hem de yurt dışında popülerliğinin artmasına neden oldu. Suudi Pro Ligi yaz transfer dönemi sırasında, Ronaldo'nun lige geçişteki ana faktörlerden biri olduğunu öne sürüyor."
Benfica,(https://tr.wikipedia.org/wiki/SL_Benfica),1,"Cristiano Ronaldo#26: Ronaldo'nun çocukluğunda tuttuğu takım Benfica 'ydı. 8 yaşındayken, babasının malzemeci olarak çalıştığı amatör takım olan Andorinha kulübünde oynuyordu."
Sky Sports,(https://tr.wikipedia.org/wiki/Sky_Sports),1,"Cristiano Ronaldo#58: 5 Haziran 2008'de Sky Sports , Ronaldo'nun Real Madrid tarafından kendisine daha önce yapılan sözde transfer teklifindeki miktar ile aynı miktarda para verilmesi durumunda bu takıma gidebileceğini söylediğini bildirdi."
UEFA Şampiyonlar Ligi,(https://tr.wikipedia.org/wiki/2018_UEFA_%C5%9Eampiyonlar_Ligi_finali),1,"Cristiano Ronaldo#104: C. Ronaldo'nun Real Madrid son sezonu olan 2017-18 sezonunda tüm kulvarlarda 44 maçta forma giymiş, 44 gol atıp 8 asist yapmıştır. UEFA Şampiyonlar Ligi 'nin 3. kez üst üste alan Real Madrid 'de 13 maçta forma giymiş 15 gol atıp 3 asist yapmıştır."
Portekiz U-21,(https://tr.wikipedia.org/wiki/Portekiz_21_ya%C5%9F_alt%C4%B1_mill%C3%AE_futbol_tak%C4%B1m%C4%B1),1,Cristiano RonaldoCard#12: Portekiz U-21
UEFA Süper Kupası,(https://tr.wikipedia.org/wiki/UEFA_S%C3%BCper_Kupas%C4%B1),1,"Cristiano Ronaldo#11: Ronaldo, Real Madrid ile dört Şampiyonlar Ligi şampiyonluğu, iki La Liga şampiyonluğu, iki Copa del Rey , üç UEFA Süper Kupası ve üç Kulüpler Dünya Kupası kazandı. 2018'de İtalyan kulübü Juventus 'a ilk 100 milyon euro (88 milyon £) değerinde bir transferle imza attı; bu, bir İtalyan kulübü ve 30 yaş üstü bir oyuncu için en pahalı transfer oldu. İki Serie A şampiyonluğu, iki Supercoppa Italiana kupası ve bir Coppa Italia kazandı ve Serie A'nın En Değerli Oyuncusu oldu. İngiliz, İspanyol ve İtalyan liglerini gol kralı olarak bitiren ilk futbolcu oldu. 2021'de Manchester United'a döndü ve sözleşmesi 2022'de feshedilmeden önce kulübün en golcü oyuncusu olarak tek sezonunu tamamladı. 2023'te En-Nasr 'a imza attı."
FIFA Ballon d'Or,(https://tr.wikipedia.org/wiki/FIFA_Ballon_d%27Or),1,"Cristiano Ronaldo#97: 2013-14 sezonunda 2013 yılında attığı 69 gol ile FIFA Ballon d'Or ödülünü kazandı. 2013 yılında 59 maçta attığı 69 golün 18'ini sol ayak, 37'sini sağ ayakla, 14'ü de kafayla kaydetti. 59 maçta 8 kez hat-trick yaptı ve 69 golün 6 tanesini free kick 'den attı ayrıca bu maçlarda 17 de asist yaptı. 59 Maçta 69 gol atarak maç başına 1,17 gol istatistiği yakaladı."
Portekiz U-17,(https://tr.wikipedia.org/wiki/Portekiz_17_ya%C5%9F_alt%C4%B1_mill%C3%AE_futbol_tak%C4%B1m%C4%B1),1,Cristiano RonaldoCard#20: Portekiz U-17
Roberto Martínez,(https://tr.wikipedia.org/wiki/Roberto_Mart%C3%ADnez),1,"Cristiano Ronaldo#188: Dünya Kupası'nın ardından, millî takımdaki geleceği şüpheli olmasına rağmen, yeni teknik direktör Roberto Martínez 'in olası bir görevden alınma söylentileri üzerine Ronaldo, Lihtenştayn ve Lüksemburg 'a karşı oynanacak UEFA Euro 2024 elemelerinde Portekiz 'in kadrosuna seçildi. 23 Mart'ta Ronaldo, Lihtenştayn'ı 4-0 yendikleri maçta bir gol attı; 197. kez millî forma giyerek Al-Mutawa'nın rekorunu kırarak tüm zamanların en çok forma giyen erkek futbolcusu oldu. 20 Haziran'da Ronaldo, millî takım formasıyla 200. kez forma giydi ve Avrupa elemelerinde deplasmanda İzlanda karşısında aldığı galibiyetteki tek golü atarak uluslararası erkek futbol tarihinde ülkesi adına 200 maça çıkan ilk oyuncu oldu. 13 Ekim'de Ronaldo, Slovakya 'yı 3-2 yendikleri maçta bir gol atarak Portekiz'in Euro 2024'e katılma hakkı kazanmasını sağladı ve bu, ülkenin tarihindeki büyük bir turnuvaya en hızlı katılma hakkı oldu."
Slovakya,(https://tr.wikipedia.org/wiki/Slovakya_mill%C3%AE_futbol_tak%C4%B1m%C4%B1),1,"Cristiano Ronaldo#188: Dünya Kupası'nın ardından, millî takımdaki geleceği şüpheli olmasına rağmen, yeni teknik direktör Roberto Martínez 'in olası bir görevden alınma söylentileri üzerine Ronaldo, Lihtenştayn ve Lüksemburg 'a karşı oynanacak UEFA Euro 2024 elemelerinde Portekiz 'in kadrosuna seçildi. 23 Mart'ta Ronaldo, Lihtenştayn'ı 4-0 yendikleri maçta bir gol attı; 197. kez millî forma giyerek Al-Mutawa'nın rekorunu kırarak tüm zamanların en çok forma giyen erkek futbolcusu oldu. 20 Haziran'da Ronaldo, millî takım formasıyla 200. kez forma giydi ve Avrupa elemelerinde deplasmanda İzlanda karşısında aldığı galibiyetteki tek golü atarak uluslararası erkek futbol tarihinde ülkesi adına 200 maça çıkan ilk oyuncu oldu. 13 Ekim'de Ronaldo, Slovakya 'yı 3-2 yendikleri maçta bir gol atarak Portekiz'in Euro 2024'e katılma hakkı kazanmasını sağladı ve bu, ülkenin tarihindeki büyük bir turnuvaya en hızlı katılma hakkı oldu."
Johan Cruyff,(https://tr.wikipedia.org/wiki/Johan_Cruyff),1,"Cristiano Ronaldo#36: Tam üç kez Ballon d'Or ödülünü kazanan Johan Cruyff 2 Nisan 2008'de yaptığı bir röportajında: ""Ronaldo, Manchester United tarihindeki iki harika futbolcu George Best ve Denis Law 'dan daha iyi bir futbolcudur."" demiştir."
sterlin,(https://tr.wikipedia.org/wiki/%C4%B0ngiliz_sterlini),1,"Cristiano Ronaldo#201: Ronaldo, 2007'de meme kanseri olan annesinin tedavi edildiği hastaneye 2009 yılının mart ayında 100.000 sterlin bağış yaptı."
Giorgio Armani,(https://tr.wikipedia.org/wiki/Giorgio_Armani),1,"Cristiano Ronaldo#203: Ekim 2009'da Giorgio Armani , Ronaldo'nun Emporio Armani erkek iç çamaşırı ve jeans modelliğini David Beckham 'dan alacağını duyurdu."
Nike,(https://tr.wikipedia.org/wiki/Nike_(%C5%9Firket)),1,"Cristiano Ronaldo#193: Fifa Street 2 ve Pro Evolution Soccer 2008 , Pro Evolution Soccer 2012 gibi bilgisayar oyunlarında kapak oyuncusu olmuştur. Nike şirketiyle sponsorluğa sahiptir."
Kamerun,(https://tr.wikipedia.org/wiki/Kamerun_mill%C3%AE_futbol_tak%C4%B1m%C4%B1),1,Cristiano Ronaldo#169: İkinci maçtaki hat-trick'iyle uluslararası skoru 47 gole ulaştı ve Pauleta 'nın rekoruna eşit oldu. Ronaldo daha sonra 5 Mart 2014'te Kamerun 'a karşı oynanan 5-1 hazırlık maçında iki gol atarak ülkesinin tüm zamanların en golcü oyuncusu oldu.
Manchester City,(https://tr.wikipedia.org/wiki/Manchester_City_FC),1,"Cristiano Ronaldo#41: Ronaldo, 2006 yılının kasım ve aralık ayında art arda Barclays Ayın Futbolcusu şerefine erişti. Dennis Bergkamp ve Robbie Fowler 'dan sonra Premier Lig tarihinde bu şerefe ulaşan 3. futbolcu oldu. Kariyerindeki 50. golünü Manchester City 'ye attı. Yıl sonunda ""FIFPro Special Young Player of the Year"" ödülünü tekrar kazandı."
Liliana Cátia,(https://tr.wikipedia.org/wiki/K%C3%A1tia_Aveiro),1,"Cristiano Ronaldo#19: Hugo adında bir abisi, Elma ve Liliana Cátia adlarında iki ablası vardır."
Almanya,(https://tr.wikipedia.org/wiki/Almanya),1,"Cristiano Ronaldo#150: Bu oyların sadece adaylık sürecini etkilemesine rağmen, FIFA 'nın Teknik Çalışma Ekibi Ronaldo'nun davranışlarını kararda bir etken olarak gösterdi ve ödülü Almanya 'dan Lukas Podolski 'ye verdi."
Joga Bonito,(https://tr.wikipedia.org/wiki/Joga_Bonito),1,Cristiano Ronaldo#194: Nike şirketinin yarattığı Joga Bonito takımının oyuncuları arasında bulunmaktadır.
meme kanseri,(https://tr.wikipedia.org/wiki/Meme_kanseri),1,"Cristiano Ronaldo#201: Ronaldo, 2007'de meme kanseri olan annesinin tedavi edildiği hastaneye 2009 yılının mart ayında 100.000 sterlin bağış yaptı."
FA Kupası,(https://tr.wikipedia.org/wiki/FA_Cup),1,"Cristiano Ronaldo#6: Ronaldo, üst düzey kariyerine Sporting 'de başladı. 2003 yılında İngiliz takımı Manchester United 'a transfer oldu ve ilk sezonunda FA Kupası 'nı kazandı."
Real Mallorca,(https://tr.wikipedia.org/wiki/RCD_Mallorca),1,"Cristiano Ronaldo#55: Ronaldo'nun bu süper gol serisi, 2007-08 Avrupa Altın Ayakkabı Ödülü 'nü ilk defa bir kanat oyuncusunun kazanmasını sağladı. Real Mallorca 'lı Daniel Güiza 'nın 8 puan önünde bu ödülü kazandı."
2016 FIFA Kulüpler Dünya Kupasını,(https://tr.wikipedia.org/wiki/2016_FIFA_Kul%C3%BCpler_D%C3%BCnya_Kupas%C4%B1_finali),1,"Cristiano Ronaldo#103: FIFA Kulüpler Dünya Kupası 'nda 2 maçta 4 gol atarak hem gol kralı olmuş hem de takımın 2016 FIFA Kulüpler Dünya Kupasını kazanmasına büyük katkı yapmıştır. 2 maçta Copa del Rey de oynayan C.Ronaldo bu maçta 1 gol atmış ve böylece 2016-17 sezonunda tüm kulvarlarda toplam 46 maçta görev almış 42 gol atmış, 12 de asist yapmıştır."
Mesut Özil,(https://tr.wikipedia.org/wiki/Mesut_%C3%96zil),1,"Cristiano Ronaldo#93: 2011-12 sezonunun başında La Liga 'da Real Madrid 'in Real Zaragoza deplasmanda 6-0 mağlup ettiği maçta, Ronaldo sezona hat trick yaparak başladı. Mesut Özil 'in ilk 11'de sahaya çıktığı maçta millî futbolcular Nuri Şahin ve Hamit Altıntop sakatlıkları nedeniyle ilk maçta kadroda yer almadı."
Newcastle United,(https://tr.wikipedia.org/wiki/Newcastle_United_FC),1,Cristiano Ronaldo#49: Ronaldo Manchester United forması altında ilk hattrickini 12 Ocak 2008'de Old Trafford 'da Newcastle United 'ı 6-0 yendikleri maçta yaptı.
Türk Telekom,(https://tr.wikipedia.org/wiki/T%C3%BCrk_Telekom),1,"Cristiano Ronaldo#192: Pepe Jeans, Fuji Xerox, Extra Joss, Coca Cola , Suzuki , Castrol ve Türk Telekom gibi çeşitli markaların reklamlarında oynamıştır."
Euro 2012,(https://tr.wikipedia.org/wiki/2012_Avrupa_Futbol_%C5%9Eampiyonas%C4%B1),1,"Cristiano Ronaldo#161: Ronaldo, Euro 2012 elemelerinde, Portekiz'i turnuvaya göndermek için play-off'larda Bosna-Hersek 'e attığı iki gol de dahil olmak üzere yedi gol attı ve burada bir ""ölüm grubu""na girdi. Hollanda 'ya karşı oynanan son grup aşaması maçında Ronaldo iki gol atarak 2-1 galibiyet elde etti. Çeyrek finalde Çekya 'ya karşı attığı kafa golüyle takımına 1-0 galibiyet verdi."
Raúl,(https://tr.wikipedia.org/wiki/Ra%C3%BAl_Gonz%C3%A1lez),1,"Cristiano Ronaldo#87: 2010-11 sezonunun başında Raúl , Schalke 04 'e gittiğinde Ronaldo 7 numaralı formayı aldı ve müthiş bir sezon geçirdi."
Granada,(https://tr.wikipedia.org/wiki/Granada_CF),1,"Cristiano Ronaldo#95: 2012-2013 sezonunda La Liga 'da iki hafta boş geçen Ronaldo, 3. haftada Granada 'ya 2 gol atmayı başarmıştır."
Ricardo Carvalho,(https://tr.wikipedia.org/wiki/Ricardo_Carvalho),1,"Cristiano Ronaldo#144: 1 Temmuz 2006'da çeyrek finalde İngiltere ile karşılaştıkları maçta, Ronaldo'nun Manchester United 'tan takım arkadaşı Wayne Rooney , Portekizli defans oyuncusu Ricardo Carvalho 'nun üzerine bastığı için oyundan atıldı."
Kuzey İrlanda,(https://tr.wikipedia.org/wiki/Kuzey_%C4%B0rlanda_mill%C3%AE_futbol_tak%C4%B1m%C4%B1),1,Cristiano Ronaldo#166: 2014 Dünya Kupası elemeleri sırasında Ronaldo toplam sekiz gol attı. 17 Ekim 2012'de Kuzey İrlanda ile 1-1 berabere kaldığı ön eleme maçı ona 100. kez forma giydi.
José Alvalade Stadyumu,(https://tr.wikipedia.org/wiki/Jos%C3%A9_Alvalade_Stadyumu),1,"Cristiano Ronaldo#34: 16 yaşındayken o zamanki Liverpool teknik direktörü Gérard Houllier tarafından fark edildi, ama Liverpool, Ronaldo'nun henüz çok genç olduğunu ve yeteneklerini geliştirmesi gerektiğine karar verdi ve reddetti. 2003 yılının yazında Lizbon 'da José Alvalade Stadyumu 'nun açılış maçında, Sporting CP'un Manchester United 'ı 3-1 mağlup ettiği maçta Manchester United teknik direktörü Alex Ferguson 'un dikkatini çekti."
COVID-19,(https://tr.wikipedia.org/wiki/COVID-19),1,Cristiano Ronaldo#215: 13 Ekim 2020'de Ronaldo'nun COVID-19 testi pozitif çıktı.
Old Trafford,(https://tr.wikipedia.org/wiki/Old_Trafford),1,Cristiano Ronaldo#49: Ronaldo Manchester United forması altında ilk hattrickini 12 Ocak 2008'de Old Trafford 'da Newcastle United 'ı 6-0 yendikleri maçta yaptı.
Uruguay,(https://tr.wikipedia.org/wiki/Uruguay_mill%C3%AE_futbol_tak%C4%B1m%C4%B1),1,"Cristiano Ronaldo#183: Portekiz, İspanya'nın ardından grup ikincisi olarak ikinci tura yükseldi. 30 Haziran'da Portekiz, son 16 turunda Uruguay 'a 2-1 yenilerek elendi."
Dünya Kupası Elemeleri,(https://tr.wikipedia.org/wiki/2022_FIFA_D%C3%BCnya_Kupas%C4%B1_elemeleri_(UEFA)),1,"Cristiano Ronaldo#114: Ayrıca 8 Aralık 2020'de, Barcelona ile olan Şampiyonlar Ligi maçında; ezeli rakibi olarak gösterilen Lionel Messi ile kariyerindeki son maçına çıktı ve bu maçta 2 gol atarak 2020'de ki son Şampiyonlar Ligi maçından süslü bir istatistik ile ayrılmış oldu. Dünya Kupası Elemeleri 'nde ise toplam 8 maça çıktı ve 6 gol kaydetti."
FC Zürich,(https://tr.wikipedia.org/wiki/FC_Z%C3%BCrich),1,Cristiano Ronaldo#80: Real Madrid'in 3-2 üstünlüğüyle biten bu karşılaşmada Ronaldo takımının 2. golünü penaltıdan kaydetti. 15 Eylül 2009'da Şampiyonlar Ligi'ne iyi bir başlangıç yaptı. FC Zürich 'i deplasmanda 5-2 yendikleri maçta serbest vuruşlardan 2 gol attı. 20 Eylül'de Santiago Bernabéu'da La Liga'nın yeni takımı Xerez CD'ye de 2 gol attı.
2004 Yaz Olimpiyatları,(https://tr.wikipedia.org/wiki/2004_Yaz_Olimpiyatlar%C4%B1),1,Cristiano Ronaldo#142: Aynı yıl ayrıca 2004 Yaz Olimpiyatları Futbol Turnuvası'nda da sahne alan yıldız futbolcu başarısıyla herkesin beğenisini kazandı.
Manchester Havalimanı,(https://tr.wikipedia.org/wiki/Manchester_Havaliman%C4%B1),1,"Cristiano Ronaldo#198: 8 Ocak 2009'da Ronaldo, Manchester Havalimanı yakınlarındaki bir tünelde Ferrari 599 GT marka otomobiliyle bariyerlere çarparak kaza yaptı."
Chelsea,(https://tr.wikipedia.org/wiki/Chelsea_FC),1,"Cristiano Ronaldo#56: Ronaldo, 21 Mayıs'ta 2008 UEFA Şampiyonlar Ligi Finali'nde ayrıca ligdeki rakibi Chelsea 'ye karşı maçın 26. dakikasında açılış golünü attı. Penaltı atışlarında kaçırdığı gol, Chelsea'ye Şampiyonlar Ligi Kupası'nı kazanma fırsatı verdi ama John Terry 'nin de penaltı kaçırmasıyla, Manchester United penaltıları 6-5 kazandı."
Arap Kulüpler Şampiyonlar Kupası,(https://tr.wikipedia.org/wiki/Arap_Kul%C3%BCpler_%C5%9Eampiyonlar_Kupas%C4%B1),1,"Cristiano Ronaldo#137: 2023-24 sezonundaki ilk golünü, 31 Temmuz'da Arap Kulüpler Şampiyonlar Kupası 'nda Union Monastirienne'i 4-1 yenerek attı. 3 Ağustos'taki bir sonraki Arap Kulübü Şampiyonlar Kupası maçında Ronaldo, Zamalek 'e karşı geç bir eşitlik golü atarak takımının 1-1 berabere kalmasına ve grup ikinciliğiyle çeyrek finale yükselmesine yardımcı oldu. 9 Ağustos'taki yarı finalde Ronaldo, Al-Shorta'ya karşı galibiyetteki tek golü atarak penaltıyı dönüştürerek En-Nasr 'ın ilk Arap Kulüpler Şampiyonlar Kupası finaline ulaşmasına yardımcı oldu. 12 Ağustos'taki finalde Ronaldo, on kişilik Al-Nassr adına her iki golü de atarak, rakipleri El-Hilâl 'i uzatmaların ardından 2-1 mağlup ederek tarihlerinde ilk kez yarışmayı kazandı."
Allianz Stadyumu,(https://tr.wikipedia.org/wiki/Juventus_Stadyumu),1,Cristiano Ronaldo#219: Testleri pozitif çıktığı için Şampiyonlar Ligi 'nde Barcelona ile Allianz Stadyumu 'nda oynanan maçta forma giyemedi. 30 Ekim'de yapılan testi negatif çıktı.
N'Golo Kanté,(https://tr.wikipedia.org/wiki/N%27Golo_Kant%C3%A9),1,"Cristiano Ronaldo#136: Ronaldo'nun En-Nasr 'a imza atması, Karim Benzema , Sadio Mané , N'Golo Kanté , Rúben Neves , Riyad Mahrez , Roberto Firmino ve Neymar gibi çeşitli Avrupalı oyuncuların Suudi Pro Ligi 'ne geçmesiyle hem yurt içinde hem de yurt dışında popülerliğinin artmasına neden oldu. Suudi Pro Ligi yaz transfer dönemi sırasında, Ronaldo'nun lige geçişteki ana faktörlerden biri olduğunu öne sürüyor."
John Terry,(https://tr.wikipedia.org/wiki/John_Terry),1,"Cristiano Ronaldo#56: Ronaldo, 21 Mayıs'ta 2008 UEFA Şampiyonlar Ligi Finali'nde ayrıca ligdeki rakibi Chelsea 'ye karşı maçın 26. dakikasında açılış golünü attı. Penaltı atışlarında kaçırdığı gol, Chelsea'ye Şampiyonlar Ligi Kupası'nı kazanma fırsatı verdi ama John Terry 'nin de penaltı kaçırmasıyla, Manchester United penaltıları 6-5 kazandı."
taşıyıcı anneden,(https://tr.wikipedia.org/wiki/Ta%C5%9F%C4%B1y%C4%B1c%C4%B1_annelik),1,Cristiano Ronaldo#208: Doğan çocuğa kendi adını vermiştir. 8 Haziran 2017'de ABD'de bir taşıyıcı anneden ikiz çocukları olmuştur.
Sheriff,(https://tr.wikipedia.org/wiki/FC_Sheriff),1,"Cristiano Ronaldo#123: Manchester United 'dan ayrılmak istediğini dile getiren Ronaldo, transfer dönemi boyunca UEFA Şampiyonlar Ligi içerisinde mücadele edecek bir takıma transfer olamadı ve 2002 yılından sonra ilk kez UEFA Avrupa Ligi 'nde oynamak zorunda kaldı. UEFA Avrupa Ligi 'ndeki ilk golünü ise Sheriff 'e karşı oynadıkları ve 2-0 kazandıkları bir maçta 37 yaşındayken kaydetti."
RC Deportivo de La Coruña,(https://tr.wikipedia.org/wiki/RC_Deportivo_de_La_Coru%C3%B1a),1,Cristiano Ronaldo#79: İlk golünü Liga de Quito takımına bir hazırlık karşılaşmasında penaltıdan attı. La Liga 'da oynadığı ilk maç RC Deportivo de La Coruña 'ya karşıydı.
Hugo Sánchez,(https://tr.wikipedia.org/wiki/Hugo_S%C3%A1nchez),1,Cristiano Ronaldo#91: Bu şekilde daha önce 38 golle Real Madrid 'li Hugo Sánchez (1989-90) ve Athletic Bilbao 'lu Telmo Zarra 'ya (1950-51) ait olan La Liga 'da bir sezonda en fazla gol atma rekorunu da kırmış oldu.
Portekiz Futbol Federasyonu,(https://tr.wikipedia.org/wiki/Portekiz_Futbol_Federasyonu),1,Cristiano Ronaldo#152: Bu değişiklik 2 gün önce ölen Portekiz Futbol Federasyonu başkanı Carlos Silva'nın şerefineydi.
Stoke City,(https://tr.wikipedia.org/wiki/Stoke_City_FC),1,Cristiano Ronaldo#62: 15 Eylül 2008'de Stoke City 'yi 5-0 yendikleri maçta Ronaldo Manchester United forması altında oynadığı tüm müsabakalardaki 100. ve 101. golünü attı. Attığı 2 gol de serbest vuruştandı.
UEFA Euro 2024,(https://tr.wikipedia.org/wiki/2024_Avrupa_Futbol_%C5%9Eampiyonas%C4%B1),1,"Cristiano Ronaldo#188: Dünya Kupası'nın ardından, millî takımdaki geleceği şüpheli olmasına rağmen, yeni teknik direktör Roberto Martínez 'in olası bir görevden alınma söylentileri üzerine Ronaldo, Lihtenştayn ve Lüksemburg 'a karşı oynanacak UEFA Euro 2024 elemelerinde Portekiz 'in kadrosuna seçildi. 23 Mart'ta Ronaldo, Lihtenştayn'ı 4-0 yendikleri maçta bir gol attı; 197. kez millî forma giyerek Al-Mutawa'nın rekorunu kırarak tüm zamanların en çok forma giyen erkek futbolcusu oldu. 20 Haziran'da Ronaldo, millî takım formasıyla 200. kez forma giydi ve Avrupa elemelerinde deplasmanda İzlanda karşısında aldığı galibiyetteki tek golü atarak uluslararası erkek futbol tarihinde ülkesi adına 200 maça çıkan ilk oyuncu oldu. 13 Ekim'de Ronaldo, Slovakya 'yı 3-2 yendikleri maçta bir gol atarak Portekiz'in Euro 2024'e katılma hakkı kazanmasını sağladı ve bu, ülkenin tarihindeki büyük bir turnuvaya en hızlı katılma hakkı oldu."
Telmo Zarra,(https://tr.wikipedia.org/wiki/Telmo_Zarra),1,Cristiano Ronaldo#91: Bu şekilde daha önce 38 golle Real Madrid 'li Hugo Sánchez (1989-90) ve Athletic Bilbao 'lu Telmo Zarra 'ya (1950-51) ait olan La Liga 'da bir sezonda en fazla gol atma rekorunu da kırmış oldu.
Castrol,(https://tr.wikipedia.org/wiki/Castrol),1,"Cristiano Ronaldo#192: Pepe Jeans, Fuji Xerox, Extra Joss, Coca Cola , Suzuki , Castrol ve Türk Telekom gibi çeşitli markaların reklamlarında oynamıştır."
Kazakistan,(https://tr.wikipedia.org/wiki/Kazakistan_mill%C3%AE_futbol_tak%C4%B1m%C4%B1),1,"Cristiano Ronaldo#141: 2008 yılından beri Portekiz millî takımının kaptanı olan Ronaldo, ilk A millî maçına Ağustos 2003'te Kazakistan 'a karşı çıktı, maç 1-0'lık Portekiz galibiyetiyle bitti. 2004 Avrupa Futbol Şampiyonası için kadroya çağrıldı. Yunanistan 'a 2-1 yenildikleri maçta ve Hollanda 'yı yarı finalde 2-1 yendikleri maçta birer gol attı. Turnuvada 2 gol atmasına rağmen turnuva ilk onbirine seçildi."
arkadaşlarından,(https://tr.wikipedia.org/wiki/Arkada%C5%9Fl%C4%B1k),1,"Cristiano Ronaldo#191: Bunun yanı sıra aynı sene içerisinde Manchester United kulübündeki yükselişinden, ayrıca arkadaşlarından ve ailesinden bahsedildiği The Boy Who Had A Dream adındaki DVD'si ve 27 Ekim 2008'de hayatını ve kariyerini anlatan, ayrıca Manchester United'da 7 numaralı formayı giyen ünlü futbolcularla kendisinin karşılaştırıldığı The Story adlı DVD'si piyasaya sürüldü."
Euro 2016,(https://tr.wikipedia.org/wiki/2016_Avrupa_Futbol_%C5%9Eampiyonas%C4%B1),1,"Cristiano Ronaldo#174: Ronaldo, Euro 2016 elemelerinde Ermenistan'a karşı hat-trick de dahil olmak üzere beş gol attı. 14 Kasım 2014'te Ermenistan'a karşı kazanılan bir başka galibiyette tek golü atarak, UEFA Avrupa Şampiyonası'nda eleme maçları da dahil olmak üzere 23 gol atarak turnuvanın tüm zamanların en golcü oyuncusu oldu. Turnuvanın başında Ronaldo, kaleye 20 şut atmasına rağmen Portekiz'in İzlanda ve Avusturya 'ya karşı berabere kaldığı maçta şansını değerlendiremedi."
IFFHS,(https://tr.wikipedia.org/wiki/Uluslararas%C4%B1_Futbol_Tarihi_ve_%C4%B0statistikleri_Federasyonu),1,"Cristiano Ronaldo#5: Şampiyonlar Ligi tarihinde en çok maça (183) çıkan, gol (140) atan ve asist (42) yapan oyuncudur. 1200'den fazla resmî maça çıkan birkaç futbolcudan birisidir ve kariyeri boyunca 900'den fazla gol atmıştır. IFFHS ve diğer medya kuruluşlarına göre futbol tarihinin en golcü oyuncusudur."
Yunanistan,(https://tr.wikipedia.org/wiki/Yunanistan_mill%C3%AE_futbol_tak%C4%B1m%C4%B1),1,"Cristiano Ronaldo#141: 2008 yılından beri Portekiz millî takımının kaptanı olan Ronaldo, ilk A millî maçına Ağustos 2003'te Kazakistan 'a karşı çıktı, maç 1-0'lık Portekiz galibiyetiyle bitti. 2004 Avrupa Futbol Şampiyonası için kadroya çağrıldı. Yunanistan 'a 2-1 yenildikleri maçta ve Hollanda 'yı yarı finalde 2-1 yendikleri maçta birer gol attı. Turnuvada 2 gol atmasına rağmen turnuva ilk onbirine seçildi."
Avrupa Futbol Şampiyonası tarihinin,(https://tr.wikipedia.org/wiki/Avrupa_Futbol_%C5%9Eampiyonas%C4%B1),1,"Cristiano Ronaldo#12: Portekiz ve tüm millî takımlar baz alındığında en fazla maça çıkan (216) ve en çok gol atan (133) atan kişidir. Real Madrid tarihinde La Liga 'da (311), Şampiyonlar Ligi'nde (105) ve toplamda en çok gol (450) atan futbolcudur. Avrupa Futbol Şampiyonası tarihinin (14), Avrupa Futbol Şampiyonası elemelerinin (38) en çok gol atan futbolcusudur. FIFA Dünya Kupası tarihinde 5 farklı turnuvada gol atan ilk futbolcu olmuştur."
Ciro İmmobile,(https://tr.wikipedia.org/wiki/Ciro_Immobile),1,"Cristiano Ronaldo#108: C.Ronaldo bu sezon çıktığı 33 Serie A maçında, 31 gol 6 asist yaptı ve Ciro İmmobile 'nin arkasında gol krallığında 2.oldu. Ayrıca çıktığı 8 UEFA Şampiyonlar Ligi maçında, 4 gol 1 asistlik performans gösterdi. Coppa Italia 'da toplam 4 maça çıktı ve 2 gol kaydetti. Supercoppa Italiana 'da ise 1 maça çıktı fakat gol kaydedemedi."
2007-08 Avrupa Altın Ayakkabı Ödülü,(https://tr.wikipedia.org/wiki/2007-08_Avrupa_Alt%C4%B1n_Ayakkab%C4%B1_%C3%96d%C3%BCl%C3%BC),1,"Cristiano Ronaldo#55: Ronaldo'nun bu süper gol serisi, 2007-08 Avrupa Altın Ayakkabı Ödülü 'nü ilk defa bir kanat oyuncusunun kazanmasını sağladı. Real Mallorca 'lı Daniel Güiza 'nın 8 puan önünde bu ödülü kazandı."
FIFA Dünya Kupası,(https://tr.wikipedia.org/wiki/FIFA_D%C3%BCnya_Kupas%C4%B1),1,"Cristiano Ronaldo#12: Portekiz ve tüm millî takımlar baz alındığında en fazla maça çıkan (216) ve en çok gol atan (133) atan kişidir. Real Madrid tarihinde La Liga 'da (311), Şampiyonlar Ligi'nde (105) ve toplamda en çok gol (450) atan futbolcudur. Avrupa Futbol Şampiyonası tarihinin (14), Avrupa Futbol Şampiyonası elemelerinin (38) en çok gol atan futbolcusudur. FIFA Dünya Kupası tarihinde 5 farklı turnuvada gol atan ilk futbolcu olmuştur."
Perspolis,(https://tr.wikipedia.org/wiki/BF_Perspolis),1,"Cristiano Ronaldo#140: Ronaldo, beş gol atıp iki asist yaptıktan sonra Ağustos ayında SPL Ayın Oyuncusu ödülüne layık görüldü. 2 Eylül'de, En-Nasr 'ın deplasmanda Al-Hazem'e karşı kazandığı 5-1 galibiyette kariyerindeki 850. golü olan golü attı. 19 Eylül'de Ronaldo, AFC Şampiyonlar Ligi 'nde ki ilk maçına Perspolis 'i 2-0 yenerek başladı ve futbol tarihinde kariyerinde 1000 maçta yenilmeyen (776 galibiyet ve 224 beraberlik) rekoru kıran ilk oyuncu oldu. Ronaldo, Eylül ayında kaydettiği beş gol ve üç asistten sonra art arda ikinci kez SPL Ayın Oyuncusu ödülünü aldı. 2 Ekim'de, AFC Şampiyonlar Ligi'nde ki ilk golünü, 3-1'lik galibiyette eşitliği sağlayan İstiklol'e karşı iç saha maçında attı. Mart 2025 itibarıyla tüm kulvarlarda 928 gole ulaşmıştır."
Avrupa Futbol Şampiyonası elemelerinin,(https://tr.wikipedia.org/wiki/Avrupa_Futbol_%C5%9Eampiyonas%C4%B1_elemeleri),1,"Cristiano Ronaldo#12: Portekiz ve tüm millî takımlar baz alındığında en fazla maça çıkan (216) ve en çok gol atan (133) atan kişidir. Real Madrid tarihinde La Liga 'da (311), Şampiyonlar Ligi'nde (105) ve toplamda en çok gol (450) atan futbolcudur. Avrupa Futbol Şampiyonası tarihinin (14), Avrupa Futbol Şampiyonası elemelerinin (38) en çok gol atan futbolcusudur. FIFA Dünya Kupası tarihinde 5 farklı turnuvada gol atan ilk futbolcu olmuştur."
Riyad Mahrez,(https://tr.wikipedia.org/wiki/Riyad_Mahrez),1,"Cristiano Ronaldo#136: Ronaldo'nun En-Nasr 'a imza atması, Karim Benzema , Sadio Mané , N'Golo Kanté , Rúben Neves , Riyad Mahrez , Roberto Firmino ve Neymar gibi çeşitli Avrupalı oyuncuların Suudi Pro Ligi 'ne geçmesiyle hem yurt içinde hem de yurt dışında popülerliğinin artmasına neden oldu. Suudi Pro Ligi yaz transfer dönemi sırasında, Ronaldo'nun lige geçişteki ana faktörlerden biri olduğunu öne sürüyor."
Avrupa 17 Yaş Altı Futbol Şampiyonası,(https://tr.wikipedia.org/wiki/Avrupa_17_Ya%C5%9F_Alt%C4%B1_Futbol_%C5%9Eampiyonas%C4%B1),1,"Cristiano Ronaldo#29: Ronaldo, Sporting 'un genç oyuncularının eğitim gördüğü Alcochete futbol okuluna katıldı. 1 sezon içinde Sporting U-16, U-17, U-18, B-takımı ve A takımında oynayan ilk ve tek oyuncu oldu. İlk çıktığı maçta Moreirense takımına 2 gol attı. Ayrıca Avrupa 17 Yaş Altı Futbol Şampiyonası 'nda oynuyordu."
FIFPro,(https://tr.wikipedia.org/wiki/FIFPro),1,Cristiano Ronaldo#73: Aynı sezon Premier League şampiyonluğunu yeniden yaşamıştır. FIFPro Dünya'da Yılın Oyuncusu Ödülü ve FIFA Dünya'da Yılın Oyuncusu Ödülü 'ne layık görülmüştür. 2006-2007 yılında yaptığı gibi 2007-2008 sezonunda da İngiltere'de hem yılın futbolcusu hem de yılın genç futbolcusu seçilmiştir. 1977'de Andy Gray 'den sonra bu ödüllerin ikisini de aynı sene içinde almayı başarmış olan ilk sporcudur.
Coca Cola,(https://tr.wikipedia.org/wiki/Coca-Cola),1,"Cristiano Ronaldo#192: Pepe Jeans, Fuji Xerox, Extra Joss, Coca Cola , Suzuki , Castrol ve Türk Telekom gibi çeşitli markaların reklamlarında oynamıştır."
Forvet,(https://tr.wikipedia.org/wiki/Forvet_(futbol)),1,Cristiano RonaldoCard#5: Forvet
Instagram,(https://tr.wikipedia.org/wiki/Instagram),1,"Cristiano Ronaldo#212: Ronaldo, 28 Ekim 2021 tarihinde Instagram 'dan yaptığı paylaşımda Georgina Rodriguez'in ikiz bebeklere hamile olduğunu açıkladı. 2022'de ikizlerden erkek olanı doğum sırasında öldü ancak kız olanı dünyaya gelmiştir."
Alfredo di Stéfano,(https://tr.wikipedia.org/wiki/Alfredo_Di_St%C3%A9fano),1,"Cristiano Ronaldo#77: Törende kulüp tarihinde bir ilk yaşandı ve 80,000'den fazla taraftar stada akın etti. Böylece 1984 yılında Diego Maradona 'nın Napoli'deki transfer töreni için stada gelen 75,000 rekor taraftar sayısı da kırılmış olmuş oldu. 9 numaralı forması, efsane Real Madrid'li eski futbolcu Alfredo di Stéfano tarafından verildi."
Amsterdam,(https://tr.wikipedia.org/wiki/Amsterdam),1,Cristiano Ronaldo#61: Ronaldo 7 Temmuz'da Amsterdam 'da ayak bileğinden ameliyat oldu. 17 Eylül'de Manchester United'ın 2008-09 UEFA Şampiyonlar Ligi grup aşamasında Villarreal ile 0-0 berabere kaldığı maçta Park Ji-sung 'ın yerine 60. dakikada oyuna dahil oldu. Sezondaki ilk golünü 24 Eylül'de Lig Kupası 3.tur maçında Middlesbrough'yu 3-1 yendikleri maçta attı.
Moreirense,(https://tr.wikipedia.org/wiki/Moreirense_FC),1,"Cristiano Ronaldo#29: Ronaldo, Sporting 'un genç oyuncularının eğitim gördüğü Alcochete futbol okuluna katıldı. 1 sezon içinde Sporting U-16, U-17, U-18, B-takımı ve A takımında oynayan ilk ve tek oyuncu oldu. İlk çıktığı maçta Moreirense takımına 2 gol attı. Ayrıca Avrupa 17 Yaş Altı Futbol Şampiyonası 'nda oynuyordu."
El-Vehda,(https://tr.wikipedia.org/wiki/El-Vehda_(Suudi_Arabistan)),1,"Cristiano Ronaldo#133: Ronaldo, 9 Şubat'ta El-Vehda 'yı 4-0 yendikleri maçta takımının tüm gollerini attı. Bu maçta attığı ilk gol onun 500. lig golü oldu. 25 Şubat'ta kulüp için ikinci hat-trickini Damac'a karşı 3-0 kazandıkları maçta kaydetti."
Arjantinli,(https://tr.wikipedia.org/wiki/Arjantin),1,Cristiano Ronaldo#209: Şu anda Arjantinli İspanyol model Georgina Rodríguez ile birliktedir.
Athletic Bilbao,(https://tr.wikipedia.org/wiki/Athletic_Bilbao),1,Cristiano Ronaldo#91: Bu şekilde daha önce 38 golle Real Madrid 'li Hugo Sánchez (1989-90) ve Athletic Bilbao 'lu Telmo Zarra 'ya (1950-51) ait olan La Liga 'da bir sezonda en fazla gol atma rekorunu da kırmış oldu.
Allegri,(https://tr.wikipedia.org/wiki/Massimiliano_Allegri),1,"Cristiano Ronaldo#115: 27 Ağustos 2021'de Juventus teknik direktörü Allegri Ronaldo'nun kendisine ""artık bu takım için oynamak istemediğini ve kulüpten ayrılmak istediğini"" söylediğini belirtti."
Roberto Firmino,(https://tr.wikipedia.org/wiki/Roberto_Firmino),1,"Cristiano Ronaldo#136: Ronaldo'nun En-Nasr 'a imza atması, Karim Benzema , Sadio Mané , N'Golo Kanté , Rúben Neves , Riyad Mahrez , Roberto Firmino ve Neymar gibi çeşitli Avrupalı oyuncuların Suudi Pro Ligi 'ne geçmesiyle hem yurt içinde hem de yurt dışında popülerliğinin artmasına neden oldu. Suudi Pro Ligi yaz transfer dönemi sırasında, Ronaldo'nun lige geçişteki ana faktörlerden biri olduğunu öne sürüyor."
Nuri Şahin,(https://tr.wikipedia.org/wiki/Nuri_%C5%9Eahin),1,"Cristiano Ronaldo#93: 2011-12 sezonunun başında La Liga 'da Real Madrid 'in Real Zaragoza deplasmanda 6-0 mağlup ettiği maçta, Ronaldo sezona hat trick yaparak başladı. Mesut Özil 'in ilk 11'de sahaya çıktığı maçta millî futbolcular Nuri Şahin ve Hamit Altıntop sakatlıkları nedeniyle ilk maçta kadroda yer almadı."
Lüksemburg,(https://tr.wikipedia.org/wiki/L%C3%BCksemburg_mill%C3%AE_futbol_tak%C4%B1m%C4%B1),1,"Cristiano Ronaldo#188: Dünya Kupası'nın ardından, millî takımdaki geleceği şüpheli olmasına rağmen, yeni teknik direktör Roberto Martínez 'in olası bir görevden alınma söylentileri üzerine Ronaldo, Lihtenştayn ve Lüksemburg 'a karşı oynanacak UEFA Euro 2024 elemelerinde Portekiz 'in kadrosuna seçildi. 23 Mart'ta Ronaldo, Lihtenştayn'ı 4-0 yendikleri maçta bir gol attı; 197. kez millî forma giyerek Al-Mutawa'nın rekorunu kırarak tüm zamanların en çok forma giyen erkek futbolcusu oldu. 20 Haziran'da Ronaldo, millî takım formasıyla 200. kez forma giydi ve Avrupa elemelerinde deplasmanda İzlanda karşısında aldığı galibiyetteki tek golü atarak uluslararası erkek futbol tarihinde ülkesi adına 200 maça çıkan ilk oyuncu oldu. 13 Ekim'de Ronaldo, Slovakya 'yı 3-2 yendikleri maçta bir gol atarak Portekiz'in Euro 2024'e katılma hakkı kazanmasını sağladı ve bu, ülkenin tarihindeki büyük bir turnuvaya en hızlı katılma hakkı oldu."
ailesinden,(https://tr.wikipedia.org/wiki/Aile),1,"Cristiano Ronaldo#191: Bunun yanı sıra aynı sene içerisinde Manchester United kulübündeki yükselişinden, ayrıca arkadaşlarından ve ailesinden bahsedildiği The Boy Who Had A Dream adındaki DVD'si ve 27 Ekim 2008'de hayatını ve kariyerini anlatan, ayrıca Manchester United'da 7 numaralı formayı giyen ünlü futbolcularla kendisinin karşılaştırıldığı The Story adlı DVD'si piyasaya sürüldü."
900'den fazla gol,(https://tr.wikipedia.org/wiki/500_veya_daha_fazla_gol_atan_futbolcular_listesi),1,"Cristiano Ronaldo#5: Şampiyonlar Ligi tarihinde en çok maça (183) çıkan, gol (140) atan ve asist (42) yapan oyuncudur. 1200'den fazla resmî maça çıkan birkaç futbolcudan birisidir ve kariyeri boyunca 900'den fazla gol atmıştır. IFFHS ve diğer medya kuruluşlarına göre futbol tarihinin en golcü oyuncusudur."
Eric Cantona,(https://tr.wikipedia.org/wiki/Eric_Cantona),1,"Cristiano Ronaldo#38: Daha önce George Best , Bryan Robson , Eric Cantona , David Beckham gibi futbolcuların giydiği 7 numaralı formadaki beklentilerin yaratabileceği baskıları istemediği için 28 numaralı formayı tercih etti (Sporting'te giydiği forma numarası 28'di.):"
Porto,(https://tr.wikipedia.org/wiki/FC_Porto),1,Cristiano Ronaldo#65: UEFA Şampiyonlar Ligi 'nde Internazionale 'yu 2-0 yenip çeyrek finale çıktıkları maçta 1 gol attı. 5 Nisan 2009'da Aston Villa 'yı 3-2 yendikleri maçta takımının ilk 2 golünü attı. Ronaldo Şampiyonlar Ligi çeyrek final ikinci maçında Porto 'ya 36 metre mesafeden harika bir gol attı ve bu sayede Manchester United yarı finale yükseldi.
Robbie Fowler,(https://tr.wikipedia.org/wiki/Robbie_Fowler),1,"Cristiano Ronaldo#41: Ronaldo, 2006 yılının kasım ve aralık ayında art arda Barclays Ayın Futbolcusu şerefine erişti. Dennis Bergkamp ve Robbie Fowler 'dan sonra Premier Lig tarihinde bu şerefe ulaşan 3. futbolcu oldu. Kariyerindeki 50. golünü Manchester City 'ye attı. Yıl sonunda ""FIFPro Special Young Player of the Year"" ödülünü tekrar kazandı."
Ferenc Puskás,(https://tr.wikipedia.org/wiki/Ferenc_Pusk%C3%A1s),1,Cristiano Ronaldo#89: Önceki rekor 49 golle efsanevi futbolcu Ferenc Puskás 'a aitti.
İspanyol,(https://tr.wikipedia.org/wiki/%C4%B0spanyollar),1,Cristiano Ronaldo#209: Şu anda Arjantinli İspanyol model Georgina Rodríguez ile birliktedir.
velayetine,(https://tr.wikipedia.org/wiki/Vel%C3%A2yet),1,Cristiano Ronaldo#207: İlk çocuğu 2010'da ABD'de adını açıklamadığı bir anne tarafından dünyaya gelmiştir ve Ronaldo çocuğun tam velayetine sahip olduğunu belirtmiştir.
İngiltere'de Yılın Genç Futbolcusu Ödülü,(https://tr.wikipedia.org/wiki/PFA_Y%C4%B1l%C4%B1n_Gen%C3%A7_Oyuncusu),1,Cristiano Ronaldo#44: Tüm tartışmalara rağmen Ronaldo çok sayıda kişisel ödül kazandı. İngiltere'de Yılın Futbolcusu Ödülü ve İngiltere'de Yılın Genç Futbolcusu Ödülü ödüllerini kazandı.
Rus,(https://tr.wikipedia.org/wiki/Ruslar),1,Cristiano Ronaldo#205: 2015 yılında Ronaldo'nun Rus model Irina Shayk 'la olan beş yıllık ilişkisi sona ermiştir.
UEFA Şampiyonlar Ligi,(https://tr.wikipedia.org/wiki/2017_UEFA_%C5%9Eampiyonlar_Ligi_finali),1,Cristiano Ronaldo#101: 2016-17 sezonunda La Liga 'da 29 maçta 25 gol atıp 6 asist yaparak Real Madrid 'in 2016-17 La Liga şampiyon olmasına katkı yağmıştır. UEFA Şampiyonlar Ligi 'nde 13 maçta 12 gol ve 6 asistle katkı yapıp takımın üst üstte 2. kez UEFA Şampiyonlar Ligi kazanmasında pay sahibi olmuştur.
Bryan Robson,(https://tr.wikipedia.org/wiki/Bryan_Robson),1,"Cristiano Ronaldo#38: Daha önce George Best , Bryan Robson , Eric Cantona , David Beckham gibi futbolcuların giydiği 7 numaralı formadaki beklentilerin yaratabileceği baskıları istemediği için 28 numaralı formayı tercih etti (Sporting'te giydiği forma numarası 28'di.):"
Steed Malbranque,(https://tr.wikipedia.org/wiki/Steed_Malbranque),1,"Cristiano Ronaldo#43: Aralık 2006'da Middlesbrough 'ya karşı oynanan maçta teknik direktör Gareth Southgate tarafından kendisini yere attığı iddiasıyla eleştirildi. 4 Şubat 2007'de, Tottenham Hotspur maçında kazandığı penaltıda Tottenham kanat oyuncusu Steed Malbranque tarafından küçük bir temasa olmasına rağmen kendisini yere attığı iddiasıyla tekrar suçlandı."
Rúben Neves,(https://tr.wikipedia.org/wiki/R%C3%BAben_Neves),1,"Cristiano Ronaldo#136: Ronaldo'nun En-Nasr 'a imza atması, Karim Benzema , Sadio Mané , N'Golo Kanté , Rúben Neves , Riyad Mahrez , Roberto Firmino ve Neymar gibi çeşitli Avrupalı oyuncuların Suudi Pro Ligi 'ne geçmesiyle hem yurt içinde hem de yurt dışında popülerliğinin artmasına neden oldu. Suudi Pro Ligi yaz transfer dönemi sırasında, Ronaldo'nun lige geçişteki ana faktörlerden biri olduğunu öne sürüyor."
oldu,(https://tr.wikipedia.org/wiki/Serie_A_gol_krallar%C4%B1_listesi),1,"Cristiano Ronaldo#110: C.Ronaldo bu sezon çıktığı 33 Serie A maçında, 29 kez fileleri sarsarak gol kralı oldu ."
Gareth Southgate,(https://tr.wikipedia.org/wiki/Gareth_Southgate),1,"Cristiano Ronaldo#43: Aralık 2006'da Middlesbrough 'ya karşı oynanan maçta teknik direktör Gareth Southgate tarafından kendisini yere attığı iddiasıyla eleştirildi. 4 Şubat 2007'de, Tottenham Hotspur maçında kazandığı penaltıda Tottenham kanat oyuncusu Steed Malbranque tarafından küçük bir temasa olmasına rağmen kendisini yere attığı iddiasıyla tekrar suçlandı."
İngiltere,(https://tr.wikipedia.org/wiki/%C4%B0ngiltere_mill%C3%AE_futbol_tak%C4%B1m%C4%B1),1,"Cristiano Ronaldo#144: 1 Temmuz 2006'da çeyrek finalde İngiltere ile karşılaştıkları maçta, Ronaldo'nun Manchester United 'tan takım arkadaşı Wayne Rooney , Portekizli defans oyuncusu Ricardo Carvalho 'nun üzerine bastığı için oyundan atıldı."
Schalke 04,(https://tr.wikipedia.org/wiki/FC_Schalke_04),1,"Cristiano Ronaldo#87: 2010-11 sezonunun başında Raúl , Schalke 04 'e gittiğinde Ronaldo 7 numaralı formayı aldı ve müthiş bir sezon geçirdi."
Ferrari 599 GT,(https://tr.wikipedia.org/wiki/Ferrari_599_GT),1,"Cristiano Ronaldo#198: 8 Ocak 2009'da Ronaldo, Manchester Havalimanı yakınlarındaki bir tünelde Ferrari 599 GT marka otomobiliyle bariyerlere çarparak kaza yaptı."
Irina Shayk,(https://tr.wikipedia.org/wiki/Irina_Shayk),1,Cristiano Ronaldo#205: 2015 yılında Ronaldo'nun Rus model Irina Shayk 'la olan beş yıllık ilişkisi sona ermiştir.
Daniel Güiza,(https://tr.wikipedia.org/wiki/Daniel_G%C3%BCiza),1,"Cristiano Ronaldo#55: Ronaldo'nun bu süper gol serisi, 2007-08 Avrupa Altın Ayakkabı Ödülü 'nü ilk defa bir kanat oyuncusunun kazanmasını sağladı. Real Mallorca 'lı Daniel Güiza 'nın 8 puan önünde bu ödülü kazandı."
