E,U,Frekans,Kaynak_IDler
Gernot Windfuhr,https://en-m-wikipedia-org.translate.goog/wiki/Gernot_Ludwig_Windfuhr?_x_tr_sl=en&_x_tr_tl=tr&_x_tr_hl=tr&_x_tr_pto=tc,1,Medler#109
Κῦρος,https://en.wiktionary.org/wiki/%CE%9A%E1%BF%A6%CF%81%CE%BF%CF%82,1,II. Kiros#18
Kırşehirli Aşık Paşa,https://tr.wikipedia.org/wiki/%C3%82%C5%9F%C4%B1k_Pa%C5%9Fa,2,Osmanlı İmparatorluğu#533;Osmanlı İmparatorluğu#90
Âşık Kul Veli,https://tr.wikipedia.org/wiki/%C3%82%C5%9F%C4%B1k_Veli,1,Şarkışla#108
Âşık Veysel,https://tr.wikipedia.org/wiki/%C3%82%C5%9F%C4%B1k_Veysel,1,Şarkışla#159
Âşıkpaşazâde,https://tr.wikipedia.org/wiki/%C3%82%C5%9F%C4%B1kpa%C5%9Faz%C3%A2de,6,Ankara Muharebesi#111;I. Bayezid#12;I. Murad#13;I. Murad#20;Osmanlı İmparatorluğu#115;Osmanlı İmparatorluğu#52
Ç,https://tr.wikipedia.org/wiki/%C3%87,1,Türkçe#138
çökelek,https://tr.wikipedia.org/wiki/%C3%87%C3%B6kelek,1,Kartalaç#2
çöller,https://tr.wikipedia.org/wiki/%C3%87%C3%B6l,1,Bozkır#7
çöl iklimi,https://tr.wikipedia.org/wiki/%C3%87%C3%B6l_iklimi,1,Yarı kurak iklim#1
çömlek,https://tr.wikipedia.org/wiki/%C3%87%C3%B6mlek,1,Kimmerler#54
çanak çömlek,https://tr.wikipedia.org/wiki/%C3%87%C3%B6mlek%C3%A7ilik,2,Tunç Çağı#6
çörtenler,https://tr.wikipedia.org/wiki/%C3%87%C3%B6rten,1,Anıtkabir#115
barış görüşmeleri,https://tr.wikipedia.org/wiki/%C3%87%C3%B6z%C3%BCm_S%C3%BCreci,2,Milliyetçi Hareket Partisi#11;Türkiye#116
Çıkış,https://tr.wikipedia.org/wiki/%C3%87%C4%B1k%C4%B1%C5%9F_Kitab%C4%B1,1,Hititler#248
Çıkrıkçılar Yokuşu,https://tr.wikipedia.org/wiki/%C3%87%C4%B1kr%C4%B1k%C3%A7%C4%B1lar_Yoku%C5%9Fu,1,1916 Ankara Yangını#2
çınar,https://tr.wikipedia.org/wiki/%C3%87%C4%B1nar,1,İstanbul#166
Çırağan Sarayı,https://tr.wikipedia.org/wiki/%C3%87%C4%B1ra%C4%9Fan_Saray%C4%B1,1,2010 FIBA Dünya Basketbol Şampiyonası#7
Çıtak,https://tr.wikipedia.org/wiki/%C3%87%C4%B1tak,1,"Çubuk, Ankara#13"
çağlar,https://tr.wikipedia.org/wiki/%C3%87a%C4%9F,1,Atletizm#2
Çağa Kasabası,"https://tr.wikipedia.org/wiki/%C3%87a%C4%9Fa,_G%C3%BCd%C3%BCl",1,Güdül#26
Çağatay'a,https://tr.wikipedia.org/wiki/%C3%87a%C4%9Fatay_Han,1,Timur#18
Çağatay Hanlığı,https://tr.wikipedia.org/wiki/%C3%87a%C4%9Fatay_Hanl%C4%B1%C4%9F%C4%B1,11,Anadolu Selçuklu Devleti#2;Büyük Selçuklu İmparatorluğu#2;Germiyanoğulları Beyliği#2;Karamanoğulları Beyliği#27;Osmanlı İmparatorluğu#2;Selçuklu Hanedanı#2;Timur İmparatorluğu#2;Timur#18;Timur#2;Timur#21;Timur#4
Çağatayca,https://tr.wikipedia.org/wiki/%C3%87a%C4%9Fatayca,6,Timur İmparatorluğu#6;Timur İmparatorluğu#7;Timur İmparatorluğuCard#3;Timur İmparatorluğuCard#4;Timur#1
Çağrı Bey,https://tr.wikipedia.org/wiki/%C3%87a%C4%9Fr%C4%B1_Bey,2,Büyük Selçuklu sultanları listesi#2;Selçuklu Hanedanı#13
Çaka Bey,https://tr.wikipedia.org/wiki/%C3%87aka_Bey,8,Anadolu Selçuklu Devleti#2;Büyük Selçuklu İmparatorluğu#2;Germiyanoğulları Beyliği#2;Karamanoğulları Beyliği#27;Osmanlı İmparatorluğu#2;Selçuklu Hanedanı#2;Timur İmparatorluğu#2;İzmir#74
çakal,https://tr.wikipedia.org/wiki/%C3%87akal,1,İstanbul#186
çakmak taşı,https://tr.wikipedia.org/wiki/%C3%87akmak_ta%C5%9F%C4%B1,1,Taş Devri#6
çalılar,https://tr.wikipedia.org/wiki/%C3%87al%C4%B1,1,Orman#1
Çaldıran Muharebesi,https://tr.wikipedia.org/wiki/%C3%87ald%C4%B1ran_Muharebesi,3,Haymana#20;Osmanlı İmparatorluğu#189;Türkiye#72
Müzik aletleri,https://tr.wikipedia.org/wiki/%C3%87alg%C4%B1,1,Osmanlı İmparatorluğu#582
Çaltı,https://tr.wikipedia.org/wiki/%C3%87alt%C4%B1,1,Fırat#5
çam,https://tr.wikipedia.org/wiki/%C3%87am,3,İstanbul#166;İstanbul#453;Şarap#36
çam fıstığı,https://tr.wikipedia.org/wiki/%C3%87am_f%C4%B1st%C4%B1%C4%9F%C4%B1,1,Orman#70
Çamlıdere,https://tr.wikipedia.org/wiki/%C3%87aml%C4%B1dere,2,Güdül#20;Kızılcahamam#2
Çamlıdere,https://tr.wikipedia.org/wiki/%C3%87aml%C4%B1dere_Baraj%C4%B1,1,Karadeniz Bölgesi#63
Çamlıhemşin,https://tr.wikipedia.org/wiki/%C3%87aml%C4%B1hem%C5%9Fin,1,Karadeniz Bölgesi#71
Çamoluk,https://tr.wikipedia.org/wiki/%C3%87amoluk,1,Karadeniz Bölgesi#58
çanak,https://tr.wikipedia.org/wiki/%C3%87anak,1,Kimmerler#54
Çanakçı,"https://tr.wikipedia.org/wiki/%C3%87anak%C3%A7%C4%B1,_%C5%9Eark%C4%B1%C5%9Fla",1,Şarkışla#163
Çanakkale,https://tr.wikipedia.org/wiki/%C3%87anakkale,8,Anıtkabir#136;Anıtkabir#61;Timur#459;Türk Kurtuluş Savaşı#202;Türk Kurtuluş Savaşı#58;Türkiye#222;Türkiye#33;Zeytinyağı#112
Çanakkale Boğazı,https://tr.wikipedia.org/wiki/%C3%87anakkale_Bo%C4%9Faz%C4%B1,12,Antik Yunanistan#92;I. Murad#50;II. Murad#188;Mustafa Kemal Atatürk#150;Mustafa Kemal Atatürk#200;Türk Kurtuluş Savaşı Batı Cephesi#243;Türk Kurtuluş Savaşı Batı Cephesi#62;Türk Kurtuluş Savaşı#188;Türkiye#206;Türkiye#291;Türkiye#3;İzmir#74
Çanakkale Krizi,https://tr.wikipedia.org/wiki/%C3%87anakkale_Krizi,4,Mustafa Kemal Atatürk#518;Türk Kurtuluş Savaşı Batı Cephesi#18;Türk Kurtuluş Savaşı#188;Türkiye#102
Çanakkale Savaşı,https://tr.wikipedia.org/wiki/%C3%87anakkale_Sava%C5%9F%C4%B1,8,Anıtkabir#266;Atatürk ve Kurtuluş Savaşı Müzesi#5;Mustafa Kemal Atatürk#205;Mustafa Kemal Atatürk#5;Mustafa Kemal Atatürk#788;Türk Kurtuluş Savaşı Batı Cephesi#37;Türk Kurtuluş Savaşı#47;Türkiye#100
en önemli deniz harekatı,https://tr.wikipedia.org/wiki/%C3%87anakkale_Sava%C5%9F%C4%B1_deniz_harek%C3%A2tlar%C4%B1,2,Mustafa Kemal Atatürk#202;Osmanlı İmparatorluğu#377
Çanakkale Boğazı'na,https://tr.wikipedia.org/wiki/%C3%87anakkale_bo%C4%9Faz%C4%B1,1,Tektosaglar#5
Çandarlı İbrahim Paşa,https://tr.wikipedia.org/wiki/%C3%87andarl%C4%B1_%C4%B0brahim_Pa%C5%9Fa,1,II. Murad#40
Çandarlı Ali Paşa,https://tr.wikipedia.org/wiki/%C3%87andarl%C4%B1_Ali_Pa%C5%9Fa,5,Ankara Muharebesi#20;Ankara Muharebesi#55;Fetret Devri#2;Fetret Devri#31;I. Murad#94
Çandarlı Halil Paşa,https://tr.wikipedia.org/wiki/%C3%87andarl%C4%B1_Halil_Pa%C5%9Fa,4,II. Murad#149;II. Murad#170;II. Murad#222;II. Murad#60
Çandarlı Körfezi,https://tr.wikipedia.org/wiki/%C3%87andarl%C4%B1_K%C3%B6rfezi,1,İzmir#18
Struma U:(https://tr.wikipedia.org/wiki/Struma_(anlam_ayr%C4%B1m%C4%B1))___ nehirlerinin vadilerini takip ettiler ve hemen sonra Vezir ___E:Çandarlı Hayreddin Paşa,https://tr.wikipedia.org/wiki/%C3%87andarl%C4%B1_Kara_Halil_Hayreddin_Pa%C5%9Fa,4,I. Murad#38;I. Murad#83;I. Murad#94;Osmanlı İmparatorluğu#350
Çankırı,https://tr.wikipedia.org/wiki/%C3%87ank%C4%B1r%C4%B1,11,Anadolu Selçuklu Devleti#439;Kalecik#10;Konya#49;Kızılcahamam#2;Kızılırmak#1;Milliyetçi Hareket Partisi#42;Milliyetçi Hareket Partisi#47;Milliyetçi Hareket Partisi#73;Milliyetçi Hareket Partisi#76;Yeniden Refah Partisi#18;Çorum#4
Çankırı Caddesi,https://tr.wikipedia.org/wiki/%C3%87ank%C4%B1r%C4%B1_Caddesi,1,Ankara Roma Hamamı#21
Çankırı Karatekin,https://tr.wikipedia.org/wiki/%C3%87ank%C4%B1r%C4%B1_Karatekin_%C3%9Cniversitesi,1,Gazi Üniversitesi#28
Çankırıkapı,https://tr.wikipedia.org/wiki/%C3%87ank%C4%B1r%C4%B1kap%C4%B1,1,Anadolu Medeniyetleri Müzesi#28
Çankaya,https://tr.wikipedia.org/wiki/%C3%87ankaya,14,"Anıtkabir#1;AnıtkabirCard#3;Atatürk ve Kurtuluş Savaşı MüzesiCard#2;Büyük Birlik PartisiCard#8;Cumhuriyet Halk PartisiCard#12;Elmadağ, Ankara#3;Gazi Üniversitesi#4;Milliyetçi Hareket PartisiCard#11;SöğütözüCard#4;Yeniden Refah PartisiCard#8;Yenimahalle#7;Yenimahalle#8;Çukurambar#1;ÇukurambarCard#4"
Çankaya Üniversitesi,https://tr.wikipedia.org/wiki/%C3%87ankaya_%C3%9Cniversitesi,1,Çukurambar#2
Çankaya Köşkü,https://tr.wikipedia.org/wiki/%C3%87ankaya_K%C3%B6%C5%9Fk%C3%BC,3,Mustafa Kemal Atatürk#572;Mustafa Kemal Atatürk#765;Mustafa Kemal Atatürk#797
çantı,https://tr.wikipedia.org/wiki/%C3%87ant%C4%B1,1,Beypazarı#22
çapa,https://tr.wikipedia.org/wiki/%C3%87apa,1,Madenî para#11
organize bir posta sistemi,https://tr.wikipedia.org/wiki/%C3%87aparh%C3%A2ne,1,Ahameniş İmparatorluğu#6
çapraz tonozla,https://tr.wikipedia.org/wiki/%C3%87apraz_tonoz,1,Anıtkabir#144
"hanlık U:(https://tr.wikipedia.org/wiki/Han_(unvan))___ , ___E:çarlık",https://tr.wikipedia.org/wiki/%C3%87ar,2,Bizans İmparatorluğu#350;Osmanlı İmparatorluğu#342
çarşaf,https://tr.wikipedia.org/wiki/%C3%87ar%C5%9Faf,1,Tekstil#10
Çarşamba,https://tr.wikipedia.org/wiki/%C3%87ar%C5%9Famba,1,Karadeniz Bölgesi#26
Çarşamba ilçesinden,"https://tr.wikipedia.org/wiki/%C3%87ar%C5%9Famba,_Samsun",1,Karadeniz Bölgesi#53
Karamanoğlu Alâeddin Bey U:(https://tr.wikipedia.org/wiki/Al%C3%A2eddin_Bey_(Karamano%C4%9Fullar%C4%B1_beyi))___ barış imzalayarak ___E:Çarşamba Suyu,https://tr.wikipedia.org/wiki/%C3%87ar%C5%9Famba_%C3%87ay%C4%B1,1,I. Bayezid#43
Çarşamba Ovası,https://tr.wikipedia.org/wiki/%C3%87ar%C5%9Famba_Ovas%C4%B1,1,Sakarya Nehri#32
Çark Suyu,https://tr.wikipedia.org/wiki/%C3%87ark_Suyu,1,Sakarya Nehri#9
çarmıh,https://tr.wikipedia.org/wiki/%C3%87arm%C4%B1h,1,Ankara Roma Hamamı#34
çarpık kentleşme,https://tr.wikipedia.org/wiki/%C3%87arp%C4%B1k_kentle%C5%9Fme,1,İstanbul#148
çatıyla,https://tr.wikipedia.org/wiki/%C3%87at%C4%B1,1,Anıtkabir#165
öldü,https://tr.wikipedia.org/wiki/%C3%87at%C4%B1%C5%9Fmada_%C3%B6l%C3%BCm,1,Dânişmend Gazi#15
Çatalçeşme,"https://tr.wikipedia.org/wiki/%C3%87atal%C3%A7e%C5%9Fme,_Bala",2,Balâ#20;Balâ#27
Çatalören,"https://tr.wikipedia.org/wiki/%C3%87atal%C3%B6ren,_Bala",3,Balâ#17;Balâ#20;Balâ#27
Çatalca,https://tr.wikipedia.org/wiki/%C3%87atalca,2,I. Murad#55;İstanbul#294
Çatalca Yarımadası,https://tr.wikipedia.org/wiki/%C3%87atalca_Yar%C4%B1madas%C4%B1,1,İstanbul#88
Çatalhöyük,https://tr.wikipedia.org/wiki/%C3%87atalh%C3%B6y%C3%BCk,6,Anadolu Medeniyetleri Müzesi#29;Anadolu#5;Konya#17;Konya#3;Konya#99;Türkiye#32
Çatalzeytin,https://tr.wikipedia.org/wiki/%C3%87atalzeytin,1,2014 Türkiye yerel seçimleri#33
Çatköy,"https://tr.wikipedia.org/wiki/%C3%87atokcular,_%C3%87ubuk",2,"Çubuk, Ankara#23;Çubuk, Ankara#8"
çavdar,https://tr.wikipedia.org/wiki/%C3%87avdar,1,Sivas#72
Çavuşin,https://tr.wikipedia.org/wiki/%C3%87avu%C5%9Fin,1,Kapadokya#50
Çavuldur,https://tr.wikipedia.org/wiki/%C3%87avuldur_boyu,2,"Çubuk, Ankara#11;Çubuk, Ankara#9"
çay,https://tr.wikipedia.org/wiki/%C3%87ay,1,Karadeniz Bölgesi#33
Çayönü,https://tr.wikipedia.org/wiki/%C3%87ay%C3%B6n%C3%BC,2,Anadolu#5;Türkiye#33
Çay,"https://tr.wikipedia.org/wiki/%C3%87ay,_Afyonkarahisar",1,Sakarya Meydan Muharebesi#32
Çeçenler,https://tr.wikipedia.org/wiki/%C3%87e%C3%A7enler,1,Kafkasya#41
Çeşme,https://tr.wikipedia.org/wiki/%C3%87e%C5%9Fme,2,Osmanlı İmparatorluğu#575;İzmir#92
çekiç atma,https://tr.wikipedia.org/wiki/%C3%87eki%C3%A7_atma,1,Atletizm#77
Çekim ekleri,https://tr.wikipedia.org/wiki/%C3%87ekim_eki,1,Türkçe#181
çekim ekleri,https://tr.wikipedia.org/wiki/%C3%87ekim_ekleri,1,Türkçe#181
çekirge,https://tr.wikipedia.org/wiki/%C3%87ekirge,1,Midas#33
Çekirge,"https://tr.wikipedia.org/wiki/%C3%87ekirge,_Osmangazi",1,I. Murad#112
Çekoslovakya,https://tr.wikipedia.org/wiki/%C3%87ekoslovakya,1,Anıtkabir#27
Çekya,https://tr.wikipedia.org/wiki/%C3%87ekya_mill%C3%AE_basketbol_tak%C4%B1m%C4%B1,2,Türkiye millî basketbol takımı#41;Türkiye millî basketbol takımı#65
çelik,https://tr.wikipedia.org/wiki/%C3%87elik,3,Anıtkabir#242;Bisiklet#76;Türkiye#256
Çelik Gülersoy,https://tr.wikipedia.org/wiki/%C3%87elik_G%C3%BClersoy,1,Ankara Resim ve Heykel Müzesi#30
çember,https://tr.wikipedia.org/wiki/%C3%87ember,1,Antik Yunanistan#14
Çemberlitaş,https://tr.wikipedia.org/wiki/%C3%87emberlita%C5%9F,1,İstanbul#449
Çemişgezek,https://tr.wikipedia.org/wiki/%C3%87emi%C5%9Fgezek,1,I. Alâeddin Keykubad#90
Çengdu,https://tr.wikipedia.org/wiki/%C3%87engdu,1,İstanbul#631
Çengel Han,https://tr.wikipedia.org/wiki/%C3%87engel_Han,1,Çengelhan Rahmi M. Koç Müzesi#3
Çengelhan Rahmi Koç Müzesi,https://tr.wikipedia.org/wiki/%C3%87engelhan_Rahmi_M._Ko%C3%A7_M%C3%BCzesi,2,Ankara#106;Erimtan Arkeoloji ve Sanat Müzesi#5
Çepni,"https://tr.wikipedia.org/wiki/%C3%87epni,_Gemerek",1,Gemerek#1
Çerkes,https://tr.wikipedia.org/wiki/%C3%87erkes,1,Balâ#25
Çerkes Soykırımı,https://tr.wikipedia.org/wiki/%C3%87erkes_Soyk%C4%B1r%C4%B1m%C4%B1,1,Sivas#65
Çerkesçe,https://tr.wikipedia.org/wiki/%C3%87erkes_dilleri,1,Türkiye#328
Çerkes,https://tr.wikipedia.org/wiki/%C3%87erkesler,3,Kimmerler#89;Konya#39;Türkiye#315
Çerkez Ethem,https://tr.wikipedia.org/wiki/%C3%87erkez_Ethem,5,Mustafa Kemal Atatürk#430;Mustafa Kemal Atatürk#455;Türk Kurtuluş Savaşı Batı Cephesi#240;Türk Kurtuluş Savaşı Batı Cephesi#680;Türk Kurtuluş Savaşı#168
Çerkezköy,https://tr.wikipedia.org/wiki/%C3%87erkezk%C3%B6y,1,İstanbul#89
Çeruskerler,https://tr.wikipedia.org/wiki/%C3%87eruskerler,1,Augustus#273
Çetine,https://tr.wikipedia.org/wiki/%C3%87etine,1,Mustafa Kemal Atatürk#178
çevirmen,https://tr.wikipedia.org/wiki/%C3%87evirmen,1,Üniversite#18
Bayındırlık Bakanlığına,"https://tr.wikipedia.org/wiki/%C3%87evre,_%C5%9Eehircilik_ve_%C4%B0klim_De%C4%9Fi%C5%9Fikli%C4%9Fi_Bakanl%C4%B1%C4%9F%C4%B1",2,Anıtkabir#37;Orta Doğu Teknik Üniversitesi#409
çevre koruma,https://tr.wikipedia.org/wiki/%C3%87evre_koruma,1,Büyükşehir belediyesi#7
çeyiz,https://tr.wikipedia.org/wiki/%C3%87eyiz,1,Lidyalılar#29
çiçek,https://tr.wikipedia.org/wiki/%C3%87i%C3%A7ek,1,Crocus ancyrensis#4
çiçek,https://tr.wikipedia.org/wiki/%C3%87i%C3%A7ek_hastal%C4%B1%C4%9F%C4%B1,1,Osmanlı İmparatorluğu#235
Çiğdemli,"https://tr.wikipedia.org/wiki/%C3%87i%C4%9Fdemli,_Bala",1,Balâ#27
çiftçi,https://tr.wikipedia.org/wiki/%C3%87ift%C3%A7i,2,Hayvancılık#24;Mustafa Kemal Atatürk#52
çift başlı kartaldır,https://tr.wikipedia.org/wiki/%C3%87ift_ba%C5%9Fl%C4%B1_kartal,1,Konya#6
çift maçlı eleme sistemi,https://tr.wikipedia.org/wiki/%C3%87ift_ma%C3%A7l%C4%B1_eleme_sistemi,1,Türkiye Kupası#4
çiftleştirilirse,https://tr.wikipedia.org/wiki/%C3%87iftle%C5%9Fme,1,At#58
çiftlik,https://tr.wikipedia.org/wiki/%C3%87iftlik,1,Hayvancılık#1
çilek,https://tr.wikipedia.org/wiki/%C3%87ilek,1,Gıda#25
çim,https://tr.wikipedia.org/wiki/%C3%87im,1,Hentbol#3
Çimpe Kalesi,https://tr.wikipedia.org/wiki/%C3%87impe_Kalesi,1,Osmanlı İmparatorluğu#122
Çin,https://tr.wikipedia.org/wiki/%C3%87in,15,Adalet ve Kalkınma Partisi#19;Anadolu#26;Ankara tavşanı#15;Ankara tavşanı#17;Anıtkabir#268;Binicilik#4;Madenî para#11;Madenî para#97;Osmanlı İmparatorluğu#136;Osmanlı İmparatorluğu#566;Timur İmparatorluğu#28;Timur#8;Türkiye#202;Türkiye#251;Şarap#8
Neolitik kültürler,https://tr.wikipedia.org/wiki/%C3%87in%27in_neolitik_k%C3%BClt%C3%BCrleri_listesi,1,Davul#20
Çin dövüş sanatları,https://tr.wikipedia.org/wiki/%C3%87in_d%C3%B6v%C3%BC%C5%9F_sanatlar%C4%B1,1,Karate#1
Çin,https://tr.wikipedia.org/wiki/%C3%87in_karakterleri,1,Türkçe#114
Çin,https://tr.wikipedia.org/wiki/%C3%87in_mill%C3%AE_basketbol_tak%C4%B1m%C4%B1,2,2010 FIBA Dünya Basketbol Şampiyonası#13;Türkiye millî basketbol takımı#81
Çin,https://tr.wikipedia.org/wiki/%C3%87in_mutfa%C4%9F%C4%B1,1,Türkiye#376
Çince,https://tr.wikipedia.org/wiki/%C3%87ince,1,Bizans İmparatorluğu#483
Çine,https://tr.wikipedia.org/wiki/%C3%87ine,1,2024 Türkiye yerel seçimleri#83
Çingenece,https://tr.wikipedia.org/wiki/%C3%87ingenece,1,Türkiye#328
Çingeneler,https://tr.wikipedia.org/wiki/%C3%87ingeneler,2,Osmanlı İmparatorluğu#421;Türkiye#315
çiniler,https://tr.wikipedia.org/wiki/%C3%87ini,4,Anıtkabir#189;Büyük Selçuklu İmparatorluğu#228;Efes#73;İstanbul#346
Çinili Köşk Müzesi,https://tr.wikipedia.org/wiki/%C3%87inili_K%C3%B6%C5%9Fk,1,İstanbul#444
Çinlilerin,https://tr.wikipedia.org/wiki/%C3%87inliler,1,Binicilik#8
Çirmen Savaşı,https://tr.wikipedia.org/wiki/%C3%87irmen_Muharebesi,1,I. Murad#54
çivi yazısı,https://tr.wikipedia.org/wiki/%C3%87ivi_yaz%C4%B1s%C4%B1,4,Hititler#17;Hititler#230;II. Kiros#255;Lidyalılar#1
Çivril,https://tr.wikipedia.org/wiki/%C3%87ivril,2,Anadolu Selçuklu Devleti#95;Germiyanoğulları Beyliği#120
sayısı,https://tr.wikipedia.org/wiki/%C3%87o%C4%9Ful_eki,1,Türkçe#181
çoğulcu demokrasi,https://tr.wikipedia.org/wiki/%C3%87o%C4%9Fulcu_demokrasi,1,Türkiye Büyük Millet Meclisi#196
Çoğulhan,"https://tr.wikipedia.org/wiki/%C3%87o%C4%9Fulhan,_Af%C5%9Fin",1,Afşin#2
çoğunluk sisteminden,https://tr.wikipedia.org/wiki/%C3%87o%C4%9Funluk_sistemi,1,Cumhuriyet Halk Partisi#46
çoban,https://tr.wikipedia.org/wiki/%C3%87oban,1,Kaval#1
Çobanoğulları,https://tr.wikipedia.org/wiki/%C3%87obano%C4%9Fullar%C4%B1_Beyli%C4%9Fi,8,Anadolu Selçuklu Devleti#2;Büyük Selçuklu İmparatorluğu#2;Germiyanoğulları Beyliği#2;Karamanoğulları Beyliği#27;Osmanlı İmparatorluğu#105;Osmanlı İmparatorluğu#2;Selçuklu Hanedanı#2;Timur İmparatorluğu#2
Çok eşlilik,https://tr.wikipedia.org/wiki/%C3%87ok_e%C5%9Flilik,1,Mustafa Kemal Atatürk#16
çok yıllık,https://tr.wikipedia.org/wiki/%C3%87ok_y%C4%B1ll%C4%B1k,1,Crocus ancyrensis#2
Çok tanrılı din inancının,https://tr.wikipedia.org/wiki/%C3%87oktanr%C4%B1c%C4%B1l%C4%B1k,4,Antik Yunanistan#5;Bizans İmparatorluğu#80;Hititler#250;Julianus#40
Çongçing,https://tr.wikipedia.org/wiki/%C3%87ong%C3%A7ing,1,İstanbul#632
çorba,https://tr.wikipedia.org/wiki/%C3%87orba,2,Ankara#156;Tutmaç çorbası#1
Çorlu,https://tr.wikipedia.org/wiki/%C3%87orlu,5,I. Murad#17;I. Murad#23;I. Murad#39;Osmanlı İmparatorluğu#196;İstanbul#89
Çoruh,https://tr.wikipedia.org/wiki/%C3%87oruh,3,Anadolu#21;Karadeniz Bölgesi#54;Karadeniz Bölgesi#55
Çorum,https://tr.wikipedia.org/wiki/%C3%87orum,11,Ankara Muharebesi#228;Ankara Muharebesi#26;Ankara#162;Crocus ancyrensis#5;Frigler#75;Frigya#30;Galatlar#1;Karadeniz Bölgesi#16;Konya#49;Kızılırmak#1;Sivas#85
Çorum Ovası,https://tr.wikipedia.org/wiki/%C3%87orum_Ovas%C4%B1,1,Çorum#22
Çubuk,"https://tr.wikipedia.org/wiki/%C3%87ubuk,_Ankara",6,Ankara Esenboğa Havalimanı#2;Ankara#16;Ankara#162;Kalecik#10;Kızılcahamam#2;Uluslararası Çubuk Turşu ve Kültür Festivali#1
Çubuk Çayı,https://tr.wikipedia.org/wiki/%C3%87ubuk_%C3%87ay%C4%B1,4,"Ankara Muharebesi#106;Ankara Muharebesi#116;Yenimahalle#6;Çubuk, Ankara#18"
Çubuk Şehir Müzesi,https://tr.wikipedia.org/wiki/%C3%87ubuk_%C5%9Eehir_M%C3%BCzesi,1,"Çubuk, Ankara#48"
Çubuk Bey,https://tr.wikipedia.org/wiki/%C3%87ubuk_Bey,1,"Çubuk, Ankara#5"
Çubuk Ovası,https://tr.wikipedia.org/wiki/%C3%87ubuk_Ovas%C4%B1,4,"Ankara Muharebesi#1;Osmanlı İmparatorluğu#137;Timur İmparatorluğu#48;Çubuk, Ankara#2"
Çubukoğulları,https://tr.wikipedia.org/wiki/%C3%87ubuko%C4%9Fullar%C4%B1_Beyli%C4%9Fi,7,Anadolu Selçuklu Devleti#2;Büyük Selçuklu İmparatorluğu#2;Germiyanoğulları Beyliği#2;Karamanoğulları Beyliği#27;Osmanlı İmparatorluğu#2;Selçuklu Hanedanı#2;Timur İmparatorluğu#2
Kızılcahamamspor,https://tr.wikipedia.org/wiki/%C3%87ubukspor,2,"Kızılcahamam#15;Çubuk, Ankara#62"
Çubukspor 1959,https://tr.wikipedia.org/wiki/%C3%87ubukspor_1959,1,"Çubuk, Ankara#62"
Çukurambar,https://tr.wikipedia.org/wiki/%C3%87ukurambar,1,Ankara#99
Çukuriçi,https://tr.wikipedia.org/wiki/%C3%87ukuri%C3%A7i_H%C3%B6y%C3%BC%C4%9F%C3%BC,1,Efes#16
Çukurova,https://tr.wikipedia.org/wiki/%C3%87ukurova,1,Türk Kurtuluş Savaşı#54
Çukurova,https://tr.wikipedia.org/wiki/%C3%87ukurova_%C3%9Cniversitesi,1,Orta Doğu Teknik Üniversitesi#74
Çuvaşça,https://tr.wikipedia.org/wiki/%C3%87uva%C5%9F%C3%A7a,2,Türkçe#14;Türkçe#58
Ö,https://tr.wikipedia.org/wiki/%C3%96,1,Türkçe#138
Öğrenci Seçme ve Yerleştirme Sistemi,https://tr.wikipedia.org/wiki/%C3%96%C4%9Frenci_Se%C3%A7me_ve_Yerle%C5%9Ftirme_Sistemi,1,Orta Doğu Teknik Üniversitesi#97
öğrenci değişim programı,https://tr.wikipedia.org/wiki/%C3%96%C4%9Frenci_de%C4%9Fi%C5%9Fim_program%C4%B1,1,İzmir#233
öğrenci topluluğu,https://tr.wikipedia.org/wiki/%C3%96%C4%9Frenci_toplulu%C4%9Fu,1,Orta Doğu Teknik Üniversitesi#183
öğretim üyesi,https://tr.wikipedia.org/wiki/%C3%96%C4%9Fretim_%C3%BCyesi,2,Orta Doğu Teknik Üniversitesi#104;Üniversite#18
öğretim görevlisi,https://tr.wikipedia.org/wiki/%C3%96%C4%9Fretim_g%C3%B6revlisi,2,Orta Doğu Teknik Üniversitesi#104;Üniversite#18
öğretim yardımcısı,https://tr.wikipedia.org/wiki/%C3%96%C4%9Fretim_yard%C4%B1mc%C4%B1s%C4%B1,1,Üniversite#18
Öğretmenler Günü,https://tr.wikipedia.org/wiki/%C3%96%C4%9Fretmenler_G%C3%BCn%C3%BC,1,Mustafa Kemal Atatürk#882
ödünçlemedir,https://tr.wikipedia.org/wiki/%C3%96d%C3%BCn%C3%A7leme,1,Şarap#11
Ödemiş,https://tr.wikipedia.org/wiki/%C3%96demi%C5%9F,1,İzmir#240
Ögeday,https://tr.wikipedia.org/wiki/%C3%96geday,1,I. Alâeddin Keykubad#128
Ökkeş Şendiller,https://tr.wikipedia.org/wiki/%C3%96kke%C5%9F_%C5%9Eendiller,2,Büyük Birlik Partisi#23;Büyük Birlik Partisi#5
Halife Ömer,https://tr.wikipedia.org/wiki/%C3%96mer,1,Madenî para#72
Ömer Çelik,https://tr.wikipedia.org/wiki/%C3%96mer_%C3%87elik,1,Adalet ve Kalkınma PartisiCard#4
Ömer Aşık,https://tr.wikipedia.org/wiki/%C3%96mer_A%C5%9F%C4%B1k,3,Türkiye millî basketbol takımı#148;Türkiye millî basketbol takımı#150;Türkiye millî basketbol takımı#154
Ömer Büyükaycan,https://tr.wikipedia.org/wiki/%C3%96mer_B%C3%BCy%C3%BCkaycan,2,Türkiye millî basketbol takımı#128;Türkiye millî basketbol takımı#130
Ömer Faruk Efendi,https://tr.wikipedia.org/wiki/%C3%96mer_Faruk_Efendi,1,Mustafa Kemal Atatürk#789
Ömer Halis Bıyıktay,https://tr.wikipedia.org/wiki/%C3%96mer_Halis_B%C4%B1y%C4%B1ktay,2,Ankara Muharebesi#110;Ankara Muharebesi#134
Ömer Naci,https://tr.wikipedia.org/wiki/%C3%96mer_Naci,1,Mustafa Kemal Atatürk#108
Ömer Onan,https://tr.wikipedia.org/wiki/%C3%96mer_Onan,5,Türkiye millî basketbol takımı#136;Türkiye millî basketbol takımı#138;Türkiye millî basketbol takımı#140;Türkiye millî basketbol takımı#148;Türkiye millî basketbol takımı#150
Ömer Saatçioğlu,https://tr.wikipedia.org/wiki/%C3%96mer_Saat%C3%A7io%C4%9Flu,1,Orta Doğu Teknik Üniversitesi#61
Ömer Saybir,https://tr.wikipedia.org/wiki/%C3%96mer_Saybir,1,Türkiye millî basketbol takımı#128
Ömer Seyfettin,https://tr.wikipedia.org/wiki/%C3%96mer_Seyfettin,1,Türkçe#145
Ömer Urkon,https://tr.wikipedia.org/wiki/%C3%96mer_Urkon,2,Türkiye millî basketbol takımı#109;Türkiye millî basketbol takımı#111
emiri U:(https://tr.wikipedia.org/wiki/Emir_(makam_sahibi))___ ___E:Ömer bin Abdullah,https://tr.wikipedia.org/wiki/%C3%96mer_bin_Abdullah,1,Bizans İmparatorluğu#119
Ömerli,https://tr.wikipedia.org/wiki/%C3%96merli_Baraj%C4%B1,1,İstanbul#201
Proto-Anadolu,https://tr.wikipedia.org/wiki/%C3%96n_Anadoluca,1,Hititler#43
Ön Asya,https://tr.wikipedia.org/wiki/%C3%96n_Asya,1,Kızılırmak#48
Hint-Avrupa,https://tr.wikipedia.org/wiki/%C3%96n_Hint-Avrupa_dili,2,II. Kiros#20;Şarap#17
Hint-Avrupa kültüründen,https://tr.wikipedia.org/wiki/%C3%96n_Hint-Avrupal%C4%B1lar,1,Anadolu#43
Ön Türkçenin,https://tr.wikipedia.org/wiki/%C3%96n_T%C3%BCrk%C3%A7e,1,Türkçe#50
Ön Türk,https://tr.wikipedia.org/wiki/%C3%96n_T%C3%BCrkler,1,Kimmerler#88
ön ek,https://tr.wikipedia.org/wiki/%C3%96n_ek,1,Türkçe#184
Önder Okan,https://tr.wikipedia.org/wiki/%C3%96nder_Okan,1,Türkiye millî basketbol takımı#116
önlisans,https://tr.wikipedia.org/wiki/%C3%96nlisans,1,Orta Doğu Teknik Üniversitesi#97
önlisans derecesi,https://tr.wikipedia.org/wiki/%C3%96nlisans_derecesi,1,Üniversite#14
ördek,https://tr.wikipedia.org/wiki/%C3%96rdek,1,Osmanlı İmparatorluğu#607
Ötüken Neşriyat,https://tr.wikipedia.org/wiki/%C3%96t%C3%BCken_Ne%C5%9Friyat,1,Türkçe#312
Öz Türkçe,https://tr.wikipedia.org/wiki/%C3%96z_T%C3%BCrk%C3%A7e,2,Mustafa Kemal Atatürk#45;Türkçe#343
Özbekçe,https://tr.wikipedia.org/wiki/%C3%96zbek%C3%A7e,2,Mustafa Kemal Atatürk#45;Türkçe#14
Özbek Han,https://tr.wikipedia.org/wiki/%C3%96zbek_Han,1,Timur#114
Özbekistan,https://tr.wikipedia.org/wiki/%C3%96zbekistan,11,Ahameniş İmparatorluğu#92;Anadolu Selçuklu Devleti#4;Büyük Selçuklu İmparatorluğu#4;Germiyanoğulları Beyliği#4;II. Kiros#127;Karamanoğulları Beyliği#29;Mustafa Kemal Atatürk#846;Osmanlı İmparatorluğu#4;Selçuklu Hanedanı#4;Timur İmparatorluğu#4;TimurCard#4
Özbek,https://tr.wikipedia.org/wiki/%C3%96zbekler,2,Timur İmparatorluğu#14;Timur İmparatorluğu#27
Özel İtalyan Lisesi,https://tr.wikipedia.org/wiki/%C3%96zel_%C4%B0talyan_Lisesi,1,İstanbul#505
Özel İzmir Amerikan Koleji,https://tr.wikipedia.org/wiki/%C3%96zel_%C4%B0zmir_Amerikan_Koleji,1,İzmir#231
İzmir Tiyatro,https://tr.wikipedia.org/wiki/%C3%96zel_%C4%B0zmir_Tiyatro,1,İzmir#209
gölge kabine U:(https://tr.wikipedia.org/wiki/G%C3%B6lge_Kabine_(T%C3%BCrkiye))___ ' yapısını duyurarak ___E:I. Türkiye Gölge Kabinesi,https://tr.wikipedia.org/wiki/%C3%96zel_G%C3%B6lge_Kabinesi,1,Cumhuriyet Halk Partisi#109
özelleştirme,https://tr.wikipedia.org/wiki/%C3%96zelle%C5%9Ftirme,2,Adalet ve Kalkınma Partisi#99;Türkiye#267
Özer Salnur,https://tr.wikipedia.org/wiki/%C3%96zer_Salnur,2,Türkiye millî basketbol takımı#109;Türkiye millî basketbol takımı#113
özerk,https://tr.wikipedia.org/wiki/%C3%96zerk,1,Orta Doğu Teknik Üniversitesi#310
özerklik,https://tr.wikipedia.org/wiki/%C3%96zerklik,1,Osmanlı İmparatorluğu#14
özgür,https://tr.wikipedia.org/wiki/%C3%96zg%C3%BCr,1,Ankara kedisi#14
Özgür Özel,https://tr.wikipedia.org/wiki/%C3%96zg%C3%BCr_%C3%96zel,10,2024 Türkiye yerel seçimleri#35;2024 Türkiye yerel seçimleri#38;2024 Türkiye yerel seçimleri#5;Cumhuriyet Halk Partisi#106;Cumhuriyet Halk Partisi#13;Cumhuriyet Halk Partisi#146;Cumhuriyet Halk Partisi#7;Cumhuriyet Halk PartisiCard#2;Mansur Yavaş#27;Türkiye#158
Özü,https://tr.wikipedia.org/wiki/%C3%96zi,1,Timur#208
özne-nesne-yüklem,https://tr.wikipedia.org/wiki/%C3%96zne-nesne-fiil,1,Türkçe#6
Özsoy Operası,https://tr.wikipedia.org/wiki/%C3%96zsoy,1,Ankara Resim ve Heykel Müzesi#13
Ü,https://tr.wikipedia.org/wiki/%C3%9C,1,Türkçe#138
Fransa,https://tr.wikipedia.org/wiki/%C3%9C%C3%A7%C3%BCnc%C3%BC_Frans%C4%B1z_Cumhuriyeti,5,Lozan Antlaşması#1;Mustafa Kemal Atatürk#470;Mustafa Kemal Atatürk#728;Mustafa Kemal Atatürk#92;Türk Kurtuluş Savaşı Güney Cephesi#1
III. Ur Hanedanlığı,https://tr.wikipedia.org/wiki/%C3%9C%C3%A7%C3%BCnc%C3%BC_Ur_Hanedan%C4%B1,1,Asur#16
Üçüncü Yüzyıl Krizi,https://tr.wikipedia.org/wiki/%C3%9C%C3%A7%C3%BCnc%C3%BC_Y%C3%BCzy%C4%B1l_Krizi,3,Antik Roma#53;Roma İmparatorluğu#17;Septimius Severus#6
üçüncü dünya ülkelerinde,https://tr.wikipedia.org/wiki/%C3%9C%C3%A7%C3%BCnc%C3%BC_d%C3%BCnya_%C3%BClkesi,1,Mustafa Kemal Atatürk#863
üç büyük kulüp,https://tr.wikipedia.org/wiki/%C3%9C%C3%A7_B%C3%BCy%C3%BCkler,1,Osmanlı İmparatorluğu#669
Üç Paşalar,https://tr.wikipedia.org/wiki/%C3%9C%C3%A7_Pa%C5%9Falar,1,Türkiye#92
Üçem,"https://tr.wikipedia.org/wiki/%C3%9C%C3%A7em,_Bala",4,Balâ#17;Balâ#20;Balâ#27;Balâ#28
üçgen,https://tr.wikipedia.org/wiki/%C3%9C%C3%A7gen,1,Antik Yunanistan#14
Üçoklar,https://tr.wikipedia.org/wiki/%C3%9C%C3%A7oklar,1,Osmanlı İmparatorluğu#41
Sığırtmaç Mustafa U:(https://tr.wikipedia.org/wiki/Mustafa_Demir_(asker))___ ve ___E:Ülkü Adatepe,https://tr.wikipedia.org/wiki/%C3%9Clk%C3%BC_Adatepe,2,Atatürk Orman Çiftliği#18;Mustafa Kemal Atatürk#800
Ülkü Ocakları,https://tr.wikipedia.org/wiki/%C3%9Clk%C3%BC_Ocaklar%C4%B1,7,2024 Türkiye yerel seçimleri#86;Mansur Yavaş#10;Mansur Yavaş#2;Milliyetçi Hareket Partisi#17;Milliyetçi Hareket Partisi#27;Milliyetçi Hareket Partisi#7;Milliyetçi Hareket PartisiCard#13
Bozkurtlar,https://tr.wikipedia.org/wiki/%C3%9Clk%C3%BCc%C3%BCl%C3%BCk,1,Milliyetçi Hareket Partisi#27
ülkelere göre sağlık endeksi,https://tr.wikipedia.org/wiki/%C3%9Clkelere_g%C3%B6re_sa%C4%9Fl%C4%B1k_endeksi,1,Türkiye#356
Ülker Spor ve Etkinlik Salonu,https://tr.wikipedia.org/wiki/%C3%9Clker_Spor_ve_Etkinlik_Salonu,1,İstanbul#488
ültimatom,https://tr.wikipedia.org/wiki/%C3%9Cltimatom,1,Orta Doğu Teknik Üniversitesi#259
Ümit,"https://tr.wikipedia.org/wiki/%C3%9Cmit,_%C3%87ankaya",1,Yenimahalle#8
Ümit Özdağ,https://tr.wikipedia.org/wiki/%C3%9Cmit_%C3%96zda%C4%9F,1,2024 Türkiye yerel seçimleri#86
Ümit Özlale,https://tr.wikipedia.org/wiki/%C3%9Cmit_%C3%96zlale,1,2024 Türkiye yerel seçimleri#73
Ümit Burnu,https://tr.wikipedia.org/wiki/%C3%9Cmit_Burnu,1,Türkiye#75
Pan-İslamizm,https://tr.wikipedia.org/wiki/%C3%9Cmmet%C3%A7ilik,2,Yeniden Refah Partisi#33;İslam devleti#63
Ümraniye,https://tr.wikipedia.org/wiki/%C3%9Cmraniye,2,Yeniden Refah Partisi#25;İstanbul#461
üniter,https://tr.wikipedia.org/wiki/%C3%9Cniter_devlet,3,Türkiye#117;Türkiye#16;TürkiyeCard#7
üniversite,https://tr.wikipedia.org/wiki/%C3%9Cniversite,3,Ankara#13;Antik Yunanistan#230;Güreş#84
Üniversite Reformu,https://tr.wikipedia.org/wiki/%C3%9Cniversite_Reformu,1,Mustafa Kemal Atatürk#20
ders,https://tr.wikipedia.org/wiki/%C3%9Cniversite_dersi,1,Üniversite#17
ürünlerin,https://tr.wikipedia.org/wiki/%C3%9Cr%C3%BCn,1,Ticaret#1
Ürdün,https://tr.wikipedia.org/wiki/%C3%9Crd%C3%BCn_mill%C3%AE_basketbol_tak%C4%B1m%C4%B1,1,2010 FIBA Dünya Basketbol Şampiyonası#14
üretici,https://tr.wikipedia.org/wiki/%C3%9Cretici,1,Ticaret#96
üretim,https://tr.wikipedia.org/wiki/%C3%9Cretim,1,Ticaret#1
Ürgüp,https://tr.wikipedia.org/wiki/%C3%9Crg%C3%BCp,1,Kapadokya#50
Üsküdar,https://tr.wikipedia.org/wiki/%C3%9Csk%C3%BCdar,4,Osmanlı İmparatorluğu#237;Osmanlı İmparatorluğu#469;Osmanlı İmparatorluğu#508;İstanbul#327
Üsküp,https://tr.wikipedia.org/wiki/%C3%9Csk%C3%BCp,3,I. Bayezid#15;I. Murad#106;II. Murad#115
Üsküp,https://tr.wikipedia.org/wiki/%C3%9Csk%C3%BCp_Muharebesi,1,Bizans İmparatorluğu#170
üzüm,https://tr.wikipedia.org/wiki/%C3%9Cz%C3%BCm,3,Antik Roma#128;İzmir#175;Şarap#3
Yorgo Brankoviç,https://tr.wikipedia.org/wiki/%C4%90ura%C4%91_Brankovi%C4%87,4,II. Murad#131;II. Murad#153;II. Murad#90;II. Murad#96
Ğ,https://tr.wikipedia.org/wiki/%C4%9E,1,Türkçe#138
İ,https://tr.wikipedia.org/wiki/%C4%B0,1,Türkçe#138
İç Anadolu Bölgesi,https://tr.wikipedia.org/wiki/%C4%B0%C3%A7_Anadolu_B%C3%B6lgesi,45,"Anadolu#34;Ankara Muharebesi#257;Ankara Roma Hamamı#29;Ankara keçisi#1;Ankara#3;Ankara#75;Ankara#97;AnkaraCard#2;AyaşCard#3;Balâ#13;Balâ#24;Balâ#33;BalâCard#3;BeypazarıCard#3;Crocus ancyrensis#5;GemerekCard#3;Gordion#40;GüdülCard#3;HaymanaCard#3;Kalecik#1;KalecikCard#3;Karadeniz Bölgesi#2;Konya#55;Kızılcahamam#3;Kızılırmak#4;Kızılırmak, ÇankırıCard#3;Niğde#1;NiğdeCard#2;PolatlıCard#3;Sakarya Nehri#11;Sivas#1;Sivas#12;SivasCard#2;SöğütözüCard#2;Türkiye#218;Türkiye#241;Türkiye#32;Türkiye#375;Türkçe#156;YenimahalleCard#3;Çubuk, Ankara#18;Çubuk, AnkaraCard#3;ÇukurambarCard#2;ŞarkışlaCard#3;ŞereflikoçhisarCard#3"
iç mimar,https://tr.wikipedia.org/wiki/%C4%B0%C3%A7_mimar,1,İnşaat#70
iç mimarlık,https://tr.wikipedia.org/wiki/%C4%B0%C3%A7_mimarl%C4%B1k,1,İnşaat#73
İçel,https://tr.wikipedia.org/wiki/%C4%B0%C3%A7el,1,Karamanoğulları Beyliği#16
içgüdülerine,https://tr.wikipedia.org/wiki/%C4%B0%C3%A7g%C3%BCd%C3%BC,1,Ankara kedisi#13
alkollü bir içecektir,https://tr.wikipedia.org/wiki/%C4%B0%C3%A7ki,1,Şarap#1
İğdebeli,"https://tr.wikipedia.org/wiki/%C4%B0%C4%9Fdebeli,_%C3%87elebi",1,Balâ#28
Yeşaya,https://tr.wikipedia.org/wiki/%C4%B0%C5%9Faya,2,II. Kiros#214;Kimmerler#65
işkembe çorbası,https://tr.wikipedia.org/wiki/%C4%B0%C5%9Fkembe_%C3%A7orbas%C4%B1,2,Osmanlı İmparatorluğu#640;Çorba#24
Skopelos,https://tr.wikipedia.org/wiki/%C4%B0%C5%9Fkepeloz,1,Ankara Muharebesi#236
İşkodra,https://tr.wikipedia.org/wiki/%C4%B0%C5%9Fkodra,1,Mustafa Kemal Atatürk#148
İştar,https://tr.wikipedia.org/wiki/%C4%B0%C5%9Ftar,1,Asur#4
İştip,https://tr.wikipedia.org/wiki/%C4%B0%C5%9Ftip,1,I. Murad#83
İETT,https://tr.wikipedia.org/wiki/%C4%B0ETT,3,İstanbul#580;İstanbul#597;İstanbul#85
İSKİ,https://tr.wikipedia.org/wiki/%C4%B0SK%C4%B0,1,İstanbul#533
İTÜ Bilim Merkezi,https://tr.wikipedia.org/wiki/%C4%B0T%C3%9C_Bilim_Merkezi,1,Feza Gürsey Bilim Merkezi#2
İYİ Parti,https://tr.wikipedia.org/wiki/%C4%B0Y%C4%B0_Parti,5,2024 Türkiye yerel seçimleri#4;Cumhuriyet Halk Partisi#98;Milliyetçi Hareket Partisi#14;Milliyetçi Hareket Partisi#71;Türkiye#159
banliyö trenleri,https://tr.wikipedia.org/wiki/%C4%B0ZBAN,1,İzmir#243
İason,https://tr.wikipedia.org/wiki/%C4%B0ason,1,Medler#93
Güneybatı Avrupa,https://tr.wikipedia.org/wiki/%C4%B0ber_Yar%C4%B1madas%C4%B1,1,Bizans İmparatorluğu#29
İbn Devâdâri,https://tr.wikipedia.org/wiki/%C4%B0bn%C3%BC%27d-Dev%C3%A2d%C3%A2r%C3%AE,2,Malazgirt Meydan Muharebesi#75;Malazgirt Meydan Muharebesi#77
İbn-i Batuta,https://tr.wikipedia.org/wiki/%C4%B0bn-i_Batuta,1,Ahilik#35
İbn Arabşah,https://tr.wikipedia.org/wiki/%C4%B0bn_Arab%C5%9Fah,1,Ankara Muharebesi#111
İbn Bibi,https://tr.wikipedia.org/wiki/%C4%B0bn_B%C3%AEb%C3%AE,4,Anadolu Selçuklu Devleti#317;Anadolu Selçuklu Devleti#328;Anadolu Selçuklu Devleti#402;Germiyanoğulları Beyliği#9
İbn Batuta,https://tr.wikipedia.org/wiki/%C4%B0bn_Battuta,2,Anadolu Selçuklu Devleti#455;Sivas#25
İbn Bibi,https://tr.wikipedia.org/wiki/%C4%B0bn_Bibi,1,I. Alâeddin Keykubad#146
İbn Haldun,https://tr.wikipedia.org/wiki/%C4%B0bn_Haldun,3,Timur#39;Timur#392;Timur#546
İbn Hurdâzbih,https://tr.wikipedia.org/wiki/%C4%B0bn_Hurd%C3%A2zbih,1,Bizans İmparatorluğu#413
İbn Said,https://tr.wikipedia.org/wiki/%C4%B0bn_Sa%C3%AEd_el-Ma%C4%9Frib%C3%AE,1,Anadolu Selçuklu Devleti#453
İbn Tağrıberdî,https://tr.wikipedia.org/wiki/%C4%B0bn_Ta%C4%9Fr%C4%B1berd%C3%AE,1,Ankara Muharebesi#112
İbrahim,https://tr.wikipedia.org/wiki/%C4%B0brahim,2,Hititler#25;Hititler#257
İbrahim Çallı,https://tr.wikipedia.org/wiki/%C4%B0brahim_%C3%87all%C4%B1,1,Ankara Resim ve Heykel Müzesi#3
İbrahim Kutluay,https://tr.wikipedia.org/wiki/%C4%B0brahim_Kutluay,12,2001 Avrupa Basketbol Şampiyonası#6;Türkiye millî basketbol takımı#130;Türkiye millî basketbol takımı#132;Türkiye millî basketbol takımı#134;Türkiye millî basketbol takımı#136;Türkiye millî basketbol takımı#138;Türkiye millî basketbol takımı#140;Türkiye millî basketbol takımı#142;Türkiye millî basketbol takımı#144;Türkiye millî basketbol takımı#146;Türkiye millî basketbol takımı#30;Türkiye millî basketbol takımı#6
İbrahim Müteferrika,https://tr.wikipedia.org/wiki/%C4%B0brahim_M%C3%BCteferrika,2,Osmanlı İmparatorluğu#236;Osmanlı İmparatorluğu#247
İbrahim Necmi Dilmen,https://tr.wikipedia.org/wiki/%C4%B0brahim_Necmi_Dilmen,1,Türkçe#198
"'Ayıcı' Mehmet Arif Bey U:(https://tr.wikipedia.org/wiki/Mehmet_Arif_Bey_(1883_do%C4%9Fumlu_siyaset%C3%A7i))___ , Dr. Albay ___E:İbrahim (Talî Öngören) Bey",https://tr.wikipedia.org/wiki/%C4%B0brahim_Tal%C3%AE_%C3%96ng%C3%B6ren,1,Mustafa Kemal Atatürk#322
İbrahim Yınal,https://tr.wikipedia.org/wiki/%C4%B0brahim_Y%C4%B1nal,2,Büyük Selçuklu İmparatorluğu#46;Büyük Selçuklu İmparatorluğu#53
Zahidiyye,https://tr.wikipedia.org/wiki/%C4%B0brahim_Zahid-i_Geylan%C3%AE,1,Ahilik#1
Musevi,https://tr.wikipedia.org/wiki/%C4%B0brani_alfabesi,3,Türkçe#110;Türkçe#113;Türkçe#135
İbranice,https://tr.wikipedia.org/wiki/%C4%B0branice,5,Dicle#36;II. Kiros#21;Kimmerler#62;İzmir#235
İdare Mahkemeleri,https://tr.wikipedia.org/wiki/%C4%B0dare_mahkemesi,1,Türkiye#168
İdari,https://tr.wikipedia.org/wiki/%C4%B0dari_b%C3%B6l%C3%BCm,1,Bizans İmparatorluğuCard#1
İdil Bulgar Devleti,https://tr.wikipedia.org/wiki/%C4%B0dil_Bulgar_Devleti,7,Anadolu Selçuklu Devleti#2;Büyük Selçuklu İmparatorluğu#2;Germiyanoğulları Beyliği#2;Karamanoğulları Beyliği#27;Osmanlı İmparatorluğu#2;Selçuklu Hanedanı#2;Timur İmparatorluğu#2
Bulgarca,https://tr.wikipedia.org/wiki/%C4%B0dil_Bulgarcas%C4%B1,1,Türkçe#58
İdil Ural Devleti,https://tr.wikipedia.org/wiki/%C4%B0dil_Ural_Devleti,7,Anadolu Selçuklu Devleti#4;Büyük Selçuklu İmparatorluğu#4;Germiyanoğulları Beyliği#4;Karamanoğulları Beyliği#29;Osmanlı İmparatorluğu#4;Selçuklu Hanedanı#4;Timur İmparatorluğu#4
İdris-i Bitlisî,https://tr.wikipedia.org/wiki/%C4%B0dris-i_Bitlis%C3%AE,1,Ankara Muharebesi#134
İdris Şahin,https://tr.wikipedia.org/wiki/%C4%B0dris_%C5%9Eahin,1,2024 Türkiye yerel seçimleri#107
İdris Dağı,https://tr.wikipedia.org/wiki/%C4%B0dris_Da%C4%9F%C4%B1,1,Kalecik#12
ifade özgürlüğü,https://tr.wikipedia.org/wiki/%C4%B0fade_%C3%B6zg%C3%BCrl%C3%BC%C4%9F%C3%BC,1,Mustafa Kemal Atatürk#831
İfrikiye,https://tr.wikipedia.org/wiki/%C4%B0frikiye,1,Mutasım#72
iftar,https://tr.wikipedia.org/wiki/%C4%B0ftar,2,Osmanlı İmparatorluğu#641;Şereflikoçhisar#36
İhşîdîler,https://tr.wikipedia.org/wiki/%C4%B0h%C5%9F%C3%AEd%C3%AEler,7,Anadolu Selçuklu Devleti#2;Büyük Selçuklu İmparatorluğu#2;Germiyanoğulları Beyliği#2;Karamanoğulları Beyliği#27;Osmanlı İmparatorluğu#2;Selçuklu Hanedanı#2;Timur İmparatorluğu#2
ihraç,https://tr.wikipedia.org/wiki/%C4%B0hracat,1,Antik Roma#128
İhsan Doğramacı,https://tr.wikipedia.org/wiki/%C4%B0hsan_Do%C4%9Framac%C4%B1,1,Orta Doğu Teknik Üniversitesi#393
İhtiman,https://tr.wikipedia.org/wiki/%C4%B0htiman,1,I. Murad#52
neolojizm,https://tr.wikipedia.org/wiki/%C4%B0htira,1,İslam devleti#47
ihtiyar heyetleri,https://tr.wikipedia.org/wiki/%C4%B0htiyar_heyeti,1,2024 Türkiye yerel seçimleri#1
İkdam,https://tr.wikipedia.org/wiki/%C4%B0kdam,1,Türkiye'de cumhuriyetin ilanı#20
Diglossia,https://tr.wikipedia.org/wiki/%C4%B0kidillilik,1,Bizans İmparatorluğu#475
Londra Konferansı U:(https://tr.wikipedia.org/wiki/Londra_Konferans%C4%B1_(1921))___ 'ndan bir yarar sağlayamayacaklarını anlamaları üzerine 23 Mart'ta başlayan ___E:İkinci İnönü Savaşı,https://tr.wikipedia.org/wiki/%C4%B0kinci_%C4%B0n%C3%B6n%C3%BC_Muharebesi,5,Anıtkabir#245;Mustafa Kemal Atatürk#478;Türk Kurtuluş Savaşı Batı Cephesi#16;Türk Kurtuluş Savaşı#169;Türk Kurtuluş Savaşı#34
İrini U:(https://tr.wikipedia.org/wiki/%C4%B0rini_(Bizans_imparatori%C3%A7esi))___ 'nin çalışmaları sonucunda 787'de ___E:İkinci İznik Konsili,https://tr.wikipedia.org/wiki/%C4%B0kinci_%C4%B0znik_Konsili,1,Bizans İmparatorluğu#120
II. Anafartalar Zaferi,https://tr.wikipedia.org/wiki/%C4%B0kinci_Anafartalar_Muharebesi,1,Mustafa Kemal Atatürk#229
İkinci Bulgar İmparatorluğu,https://tr.wikipedia.org/wiki/%C4%B0kinci_Bulgar_%C4%B0mparatorlu%C4%9Fu,1,Bizans İmparatorluğu#280
İkinci Göktürk,https://tr.wikipedia.org/wiki/%C4%B0kinci_Do%C4%9Fu_G%C3%B6kt%C3%BCrk_Ka%C4%9Fanl%C4%B1%C4%9F%C4%B1,7,Anadolu Selçuklu Devleti#2;Büyük Selçuklu İmparatorluğu#2;Germiyanoğulları Beyliği#2;Karamanoğulları Beyliği#27;Osmanlı İmparatorluğu#2;Selçuklu Hanedanı#2;Timur İmparatorluğu#2
İkinci Fitne,https://tr.wikipedia.org/wiki/%C4%B0kinci_Fitne,1,İslam devleti#24
İkinci Grup,https://tr.wikipedia.org/wiki/%C4%B0kinci_Grup,1,Cumhuriyet Halk Partisi#15
ikincisinde,https://tr.wikipedia.org/wiki/%C4%B0kinci_Ha%C3%A7l%C4%B1_Seferi,2,Bizans İmparatorluğu#254;Büyük Selçuklu İmparatorluğu#10
II. Meşrutiyet,https://tr.wikipedia.org/wiki/%C4%B0kinci_Me%C5%9Frutiyet,7,Meclis-i Mebûsan#1;Mustafa Kemal Atatürk#292;Mustafa Kemal Atatürk#87;Osmanlı İmparatorluğu#278;Türkiye#12;Türkiye#90;Türkçe#197
İkinci Tapınak,https://tr.wikipedia.org/wiki/%C4%B0kinci_Tap%C4%B1nak,2,Ahameniş İmparatorluğu#43;II. Kiros#221
İkinci Ulusal Mimarlık Akımı,https://tr.wikipedia.org/wiki/%C4%B0kinci_Ulusal_Mimarl%C4%B1k_Ak%C4%B1m%C4%B1,3,Anıtkabir#12;Anıtkabir#85;AnıtkabirCard#2
ikinci dil,https://tr.wikipedia.org/wiki/%C4%B0kinci_dil,1,Türkçe#18
ikinci sınıf vatandaş,https://tr.wikipedia.org/wiki/%C4%B0kinci_s%C4%B1n%C4%B1f_vatanda%C5%9F,1,Osmanlı İmparatorluğu#445
İkitelli,"https://tr.wikipedia.org/wiki/%C4%B0kitelli,_%C4%B0stanbul",2,Süper Kupa#25;Süper Kupa#27
İkitelli Organize Sanayi Bölgesi,https://tr.wikipedia.org/wiki/%C4%B0kitelli_Organize_Sanayi_B%C3%B6lgesi,1,İstanbul#275
iklimi,https://tr.wikipedia.org/wiki/%C4%B0klim,1,İstanbul#127
iklim değişikliği,https://tr.wikipedia.org/wiki/%C4%B0klim_de%C4%9Fi%C5%9Fikli%C4%9Fi,1,Bozkır#18
İkonlar,https://tr.wikipedia.org/wiki/%C4%B0kona,1,Bizans İmparatorluğu#120
ikonofillerin,https://tr.wikipedia.org/wiki/%C4%B0konofil,1,Bizans İmparatorluğu#120
ikonoklazm,https://tr.wikipedia.org/wiki/%C4%B0konoklazm,2,Bizans İmparatorluğu#120;Kapadokya#29
ikta,https://tr.wikipedia.org/wiki/%C4%B0kta,5,Anadolu Selçuklu Devleti#149;Anadolu Selçuklu Devleti#259;Büyük Selçuklu İmparatorluğu#192;Büyük Selçuklu İmparatorluğu#193;Büyük Selçuklu İmparatorluğu#39
iktidar partisinin,https://tr.wikipedia.org/wiki/%C4%B0ktidar,1,Adalet ve Kalkınma Partisi#133
il,https://tr.wikipedia.org/wiki/%C4%B0l,4,1945 Türkiye nüfus sayımı#1;2014 Türkiye yerel seçimleri#39;Ankara Büyükşehir Belediyesi#1;İç Anadolu Bölgesi#6
Ankara U:(https://tr.wikipedia.org/wiki/Ankara_(il))___ ilinin bir ___E:ilçesidir,https://tr.wikipedia.org/wiki/%C4%B0l%C3%A7e,18,"2014 Türkiye yerel seçimleri#39;Afşin#1;Ayaş#1;Beypazarı#1;Büyükşehir belediyesi#4;Gemerek#1;Güdül#1;Haymana#1;Kalecik#1;Kızılırmak, Çankırı#1;Polatlı#1;Yenimahalle#1;Çubuk, Ankara#1;Çubuk, Ankara#27;Çukurambar#1;Şereflikoçhisar#1"
il genel meclisi üyeleri,https://tr.wikipedia.org/wiki/%C4%B0l_genel_meclisi,2,2014 Türkiye yerel seçimleri#22;2024 Türkiye yerel seçimleri#1
ilaç,https://tr.wikipedia.org/wiki/%C4%B0la%C3%A7,1,İstanbul#256
ilahiyat,https://tr.wikipedia.org/wiki/%C4%B0lahiyat,1,Üniversite#34
İlbeyli yöresi,https://tr.wikipedia.org/wiki/%C4%B0lbeyli_y%C3%B6resi,1,Sivas#60
İldenizliler,https://tr.wikipedia.org/wiki/%C4%B0ldenizliler,7,Anadolu Selçuklu Devleti#2;Büyük Selçuklu İmparatorluğu#2;Germiyanoğulları Beyliği#2;Karamanoğulları Beyliği#27;Osmanlı İmparatorluğu#2;Selçuklu Hanedanı#2;Timur İmparatorluğu#2
İlerici İttifak,https://tr.wikipedia.org/wiki/%C4%B0lerici_%C4%B0ttifak,3,Cumhuriyet Halk Partisi#127;Cumhuriyet Halk Partisi#14;Cumhuriyet Halk PartisiCard#22
ilerici,https://tr.wikipedia.org/wiki/%C4%B0lerlemecilik,3,Cumhuriyet Halk PartisiCard#18;Mustafa Kemal Atatürk#3;Mustafa Kemal Atatürk#9
iletişimin,https://tr.wikipedia.org/wiki/%C4%B0leti%C5%9Fim,1,Ticaret#4
İlgazi Bey,https://tr.wikipedia.org/wiki/%C4%B0lgazi_Bey,3,Artuk Bey#46;Artuk BeyCard#1;Artuk BeyCard#3
İlhan Darendelioğlu,https://tr.wikipedia.org/wiki/%C4%B0lhan_Egemen_Darendelio%C4%9Flu,1,Milliyetçi Hareket Partisi#26
İlhan Koman,https://tr.wikipedia.org/wiki/%C4%B0lhan_Koman,1,Anıtkabir#65
İlhanlı,https://tr.wikipedia.org/wiki/%C4%B0lhanl%C4%B1lar,19,Anadolu Selçuklu Devleti#139;Anadolu Selçuklu Devleti#18;Anadolu Selçuklu Devleti#199;Anadolu Selçuklu Devleti#454;Ankara Kalesi#24;Ankara Muharebesi#39;Germiyanoğulları Beyliği#34;Germiyanoğulları Beyliği#64;Germiyanoğulları Beyliği#70;Haymana#19;I. Murad#6;Kayseri#26;Osmanlı Hanedanı#24;Osmanlı İmparatorluğu#104;Osmanlı İmparatorluğu#346;Osmanlı İmparatorluğu#533;Osmanlı İmparatorluğu#92;Sivas#24;Timur#4
İllirya,https://tr.wikipedia.org/wiki/%C4%B0lirya,5,Augustus#193;Augustus#255;Augustus#44;Roma İmparatorluğu#108;İskender#143
İliryalı,https://tr.wikipedia.org/wiki/%C4%B0liryal%C4%B1lar,1,İskender#29
İlk Çağ,https://tr.wikipedia.org/wiki/%C4%B0lk_%C3%A7a%C4%9F,1,Asur#34
İlk yedi ekümenik konsil,https://tr.wikipedia.org/wiki/%C4%B0lk_yedi_ek%C3%BCmenik_konsil,1,Bizans İmparatorluğu#382
ilkbahar,https://tr.wikipedia.org/wiki/%C4%B0lkbahar,4,Dicle#5;Kırkikindi yağışları#1;Sivas#54;İstanbul#138
iptidai mektep,https://tr.wikipedia.org/wiki/%C4%B0lkokul,1,Ayaş#5
İllirya,https://tr.wikipedia.org/wiki/%C4%B0llirya,2,Antik Yunanistan#36;Septimius Severus#22
iltizam,https://tr.wikipedia.org/wiki/%C4%B0ltizam,1,Anadolu Selçuklu Devleti#355
İlyada,https://tr.wikipedia.org/wiki/%C4%B0lyada,1,Güreş#11
İlyas Bey,https://tr.wikipedia.org/wiki/%C4%B0lyas_Bey,2,Fetret Devri#25;Germiyanoğulları Beyliği#83
İmalat-ı Harbiye,https://tr.wikipedia.org/wiki/%C4%B0malat-%C4%B1_Harbiye_M%C3%BCd%C3%BCriyeti_Umumiyesi,1,Türk Kurtuluş Savaşı#236
imamlardan,https://tr.wikipedia.org/wiki/%C4%B0mam,1,Türkiye#339
imaret,https://tr.wikipedia.org/wiki/%C4%B0maret,3,Anadolu Selçuklu Devleti#435;Büyük Selçuklu İmparatorluğu#221;Osmanlı İmparatorluğu#611
İmikuşağı,https://tr.wikipedia.org/wiki/%C4%B0miku%C5%9Fa%C4%9F%C4%B1_H%C3%B6y%C3%BC%C4%9F%C3%BC,2,Anadolu#45;Hititler#82
İmirler,https://tr.wikipedia.org/wiki/%C4%B0mirler,1,Kimmerler#52
Kayser U:(https://tr.wikipedia.org/wiki/Sezar_(%C3%BCnvan))___ ve ___E:İmparator,https://tr.wikipedia.org/wiki/%C4%B0mparator,3,Augustus#1;Osmanlı İmparatorluğu#305;Osmanlı İmparatorluğu#342
imparatorluk,https://tr.wikipedia.org/wiki/%C4%B0mparatorluk,7,Ahameniş İmparatorluğu#429;Ankara Muharebesi#230;Antik Roma#1;Osmanlı İmparatorluğu#6;Osmanlı İmparatorluğuCard#1;Türkiye#10;Türkiye#71
imparatorluklarından,https://tr.wikipedia.org/wiki/%C4%B0mparatorluklar_listesi,1,İskender#2
Sivas U:(https://tr.wikipedia.org/wiki/Sivas_(il))___ 'ın ___E:İmranlı,https://tr.wikipedia.org/wiki/%C4%B0mranl%C4%B1,1,Kızılırmak#1
İmtiyaz Nişanı,https://tr.wikipedia.org/wiki/%C4%B0mtiyaz_Ni%C5%9Fan%C4%B1,1,Mustafa Kemal Atatürk#214
inç,https://tr.wikipedia.org/wiki/%C4%B0n%C3%A7,1,Demiryolu ulaşımı#5
"Afyon U:(https://tr.wikipedia.org/wiki/Afyonkarahisar_(il))___ 'a doğru iki kol hâlinde ileri harekâta başlayan Yunan ordusu, 9 Ocak'ta ___E:İnönü","https://tr.wikipedia.org/wiki/%C4%B0n%C3%B6n%C3%BC,_Eski%C5%9Fehir",1,Mustafa Kemal Atatürk#472
İnönü ailesinin,https://tr.wikipedia.org/wiki/%C4%B0n%C3%B6n%C3%BC_ailesi,1,Anıtkabir#78
inşaat,https://tr.wikipedia.org/wiki/%C4%B0n%C5%9Faat,2,Ankara#11;Türkiye#256
İnşaat Mühendisleri Odası,https://tr.wikipedia.org/wiki/%C4%B0n%C5%9Faat_M%C3%BChendisleri_Odas%C4%B1,1,Orta Doğu Teknik Üniversitesi#140
inşaat mühendisi,https://tr.wikipedia.org/wiki/%C4%B0n%C5%9Faat_m%C3%BChendisi,1,İnşaat#70
inşaat mühendisliği,https://tr.wikipedia.org/wiki/%C4%B0n%C5%9Faat_m%C3%BChendisli%C4%9Fi,1,İnşaat#73
İnaloğulları,https://tr.wikipedia.org/wiki/%C4%B0nalo%C4%9Fullar%C4%B1_Beyli%C4%9Fi,7,Anadolu Selçuklu Devleti#2;Büyük Selçuklu İmparatorluğu#2;Germiyanoğulları Beyliği#2;Karamanoğulları Beyliği#27;Osmanlı İmparatorluğu#2;Selçuklu Hanedanı#2;Timur İmparatorluğu#2
İnançoğulları,https://tr.wikipedia.org/wiki/%C4%B0nan%C3%A7o%C4%9Fullar%C4%B1_Beyli%C4%9Fi,7,Anadolu Selçuklu Devleti#2;Büyük Selçuklu İmparatorluğu#2;Germiyanoğulları Beyliği#2;Karamanoğulları Beyliği#27;Osmanlı İmparatorluğu#2;Selçuklu Hanedanı#2;Timur İmparatorluğu#2
İnandık,https://tr.wikipedia.org/wiki/%C4%B0nand%C4%B1k,2,Anadolu#45;Hititler#82
İnce Minareli Medrese,https://tr.wikipedia.org/wiki/%C4%B0nce_Minareli_Medrese,1,Anadolu Selçuklu Devleti#439
İncesu,https://tr.wikipedia.org/wiki/%C4%B0ncesu,1,Kayseri#41
İncesu Deresi,https://tr.wikipedia.org/wiki/%C4%B0ncesu_Deresi,1,Yenimahalle#6
inci,https://tr.wikipedia.org/wiki/%C4%B0nci,1,Ticaret#8
İncil,https://tr.wikipedia.org/wiki/%C4%B0ncil,4,Bizans İmparatorluğu#458;Galatlar#17;Türkçe#118;İzmir#70
incir,https://tr.wikipedia.org/wiki/%C4%B0ncir,2,Antik Yunanistan#214;İzmir#175
İncir uyutması,https://tr.wikipedia.org/wiki/%C4%B0ncir_uyutmas%C4%B1,1,Balâ#45
İncirlik Hava Üssü,https://tr.wikipedia.org/wiki/%C4%B0ncirlik_Hava_%C3%9Css%C3%BC,1,Türkiye#195
İndus,https://tr.wikipedia.org/wiki/%C4%B0ndus,7,Ahameniş İmparatorluğu#3;Ahameniş İmparatorluğu#335;Ahameniş İmparatorluğu#92;II. Kiros#124;II. Kiros#3;İskender#205;İskender#211
İndus Irmağı,https://tr.wikipedia.org/wiki/%C4%B0ndus_Irma%C4%9F%C4%B1,1,Antik Yunanistan#140
İnebahtı,https://tr.wikipedia.org/wiki/%C4%B0nebaht%C4%B1,1,Osmanlı İmparatorluğu#184
İnebahtı Deniz Muharebesi,https://tr.wikipedia.org/wiki/%C4%B0nebaht%C4%B1_Deniz_Muharebesi,2,Osmanlı İmparatorluğu#211;Osmanlı İmparatorluğu#369
İnebolu,https://tr.wikipedia.org/wiki/%C4%B0nebolu,1,Davul#8
İnegöl,https://tr.wikipedia.org/wiki/%C4%B0neg%C3%B6l,2,Osmanlı İmparatorluğu#111;Osmanlı İmparatorluğu#114
İngiliz İç Savaşı,https://tr.wikipedia.org/wiki/%C4%B0ngiliz_%C4%B0%C3%A7_Sava%C5%9F%C4%B1,1,Davul#66
İngiliz Muhipleri Cemiyeti,https://tr.wikipedia.org/wiki/%C4%B0ngiliz_Muhipleri_Cemiyeti,1,Türkiye Büyük Millet Meclisi#68
İngilizce,https://tr.wikipedia.org/wiki/%C4%B0ngilizce,11,Antik Roma#211;Bisiklet#58;Orta Doğu Teknik Üniversitesi#1;Orta Doğu Teknik Üniversitesi#101;Orta Doğu Teknik ÜniversitesiCard#4;Osmanlı İmparatorluğu#33;İstanbul#496;İstanbul#521;Şarap#18
İngiliz,https://tr.wikipedia.org/wiki/%C4%B0ngilizler,5,Ankara tavşanı#6;Kimmerler#63;Turizm#7;Türk Kurtuluş Savaşı Güney Cephesi#10;İzmir#109
İngiltere,https://tr.wikipedia.org/wiki/%C4%B0ngiltere,7,Antik Roma#134;Bisiklet#27;Demiryolu ulaşımı#14;Güreş#17;Madenî para#61;Osmanlı İmparatorluğu#506;Osmanlı İmparatorluğu#515
İngiltere,https://tr.wikipedia.org/wiki/%C4%B0ngiltere_mill%C3%AE_basketbol_tak%C4%B1m%C4%B1,1,Türkiye millî basketbol takımı#20
İnkılapçılık,https://tr.wikipedia.org/wiki/%C4%B0nk%C4%B1lap%C3%A7%C4%B1l%C4%B1k,1,Mustafa Kemal Atatürk#618
İnsanlar,https://tr.wikipedia.org/wiki/%C4%B0nsan,1,Gıda#11
45.,https://tr.wikipedia.org/wiki/%C4%B0nsani_Geli%C5%9Fme_Endeksi%27ne_g%C3%B6re_%C3%BClkeler_listesi,1,TürkiyeCard#28
insansı,https://tr.wikipedia.org/wiki/%C4%B0nsans%C4%B1lar,1,Kızılcahamam#14
İnsansız Hava Aracı,https://tr.wikipedia.org/wiki/%C4%B0nsans%C4%B1z_hava_arac%C4%B1,1,Orta Doğu Teknik Üniversitesi#82
İnternet Ülke Alan Kodu,https://tr.wikipedia.org/wiki/%C4%B0nternet_%C3%BClke_%C3%BCst_seviye_alan_ad%C4%B1,1,Orta Doğu Teknik Üniversitesi#122
intihar,https://tr.wikipedia.org/wiki/%C4%B0ntihar,2,Ankara Muharebesi#220;II. Kiros#133
Tzetzes,https://tr.wikipedia.org/wiki/%C4%B0oannes_Ceces,1,Herodot#43
İoannis Çelepis Komninos,https://tr.wikipedia.org/wiki/%C4%B0oannis_%C3%87elepis_Komninos,1,Anadolu Selçuklu Devleti#199
İoannis Vatacis,https://tr.wikipedia.org/wiki/%C4%B0oannis_Komnenos_Vatacis,1,Bizans İmparatorluğu#256
İoannis Kurkuas,https://tr.wikipedia.org/wiki/%C4%B0oannis_Kurkuas,1,Bizans İmparatorluğu#150
İoannis Metaksas,https://tr.wikipedia.org/wiki/%C4%B0oannis_Metaksas,1,Mustafa Kemal Atatürk#682
İpek,https://tr.wikipedia.org/wiki/%C4%B0pek,1,İstanbul#255
İpek Yolu,https://tr.wikipedia.org/wiki/%C4%B0pek_Yolu,8,"Ahameniş İmparatorluğu#281;Bizans İmparatorluğu#353;Kapadokya#17;Kral Yolu#12;Kral Yolu#7;Ticaret#63;Türkiye#75;Çubuk, Ankara#18"
ipek böceğinden,https://tr.wikipedia.org/wiki/%C4%B0pek_b%C3%B6ce%C4%9Fi,2,Hayvancılık#25;İstanbul#289
İpek böcekçiliği,https://tr.wikipedia.org/wiki/%C4%B0pek_b%C3%B6cek%C3%A7ili%C4%9Fi,1,Hayvancılık#25
İppon,https://tr.wikipedia.org/wiki/%C4%B0ppon,1,Judo#27
İpsala,https://tr.wikipedia.org/wiki/%C4%B0psala,3,Germiyanoğulları Beyliği#101;I. Bayezid#41;I. Murad#40
İrâde-i Milliye,https://tr.wikipedia.org/wiki/%C4%B0r%C3%A2de-i_Milliye,2,Heyet-i Temsiliye#29;Türkiye Büyük Millet Meclisi#85
İran,https://tr.wikipedia.org/wiki/%C4%B0ran,43,Ahameniş İmparatorluğu#19;Ahameniş İmparatorluğu#2;Ahameniş İmparatorluğu#434;Anadolu Selçuklu Devleti#17;Anadolu#26;Ankara Muharebesi#34;Ankara Muharebesi#4;Antik Yunanistan#145;Anıtkabir#306;Büyük Selçuklu İmparatorluğu#163;Büyük Selçuklu İmparatorluğu#7;Büyük Selçuklu İmparatorluğu#80;Dicle#16;Farslar#1;Farslar#2;Hint-Avrupa halkları#3;II. Kiros#17;II. Kiros#21;II. Kiros#32;Karamanoğulları Beyliği#22;Kral Yolu#7;Malazgirt Meydan Muharebesi#29;Medler#113;Medler#12;Midas#24;Osmanlı İmparatorluğu#104;Osmanlı İmparatorluğu#459;Pavlusçuluk#5;Timur İmparatorluğu#23;Timur İmparatorluğu#30;Timur İmparatorluğu#43;Timur#1;Türk Kurtuluş Savaşı#163;Türkiye#2;Türkiye#216;Türkiye#42;Türkçe#116;İskender#133;İslam devleti#59;İstanbul#573;Şarap#28;Şarap#6
1979 Devrimi'nden,https://tr.wikipedia.org/wiki/%C4%B0ran_%C4%B0slam_Devrimi,2,İslam devleti#60;İslam devleti#66
İran Azeriler,https://tr.wikipedia.org/wiki/%C4%B0ran_Azerileri,1,Türkçe#121
Pers Bahçesi'nin,https://tr.wikipedia.org/wiki/%C4%B0ran_bah%C3%A7eleri,1,II. Kiros#247
İran dillerinin,https://tr.wikipedia.org/wiki/%C4%B0ran_dilleri,5,Farslar#5;Kimmerler#72;Kimmerler#84;Medler#14;Türkçe#357
dini,https://tr.wikipedia.org/wiki/%C4%B0ran_dinleri,1,II. Kiros#175
İran felsefesi,https://tr.wikipedia.org/wiki/%C4%B0ran_felsefesi,1,II. Kiros#175
Medya bölgesinde U:(https://tr.wikipedia.org/wiki/Medya_(b%C3%B6lge))___ hüküm sürmüş ___E:İranî bir halktı,https://tr.wikipedia.org/wiki/%C4%B0ran_halklar%C4%B1,8,Ahameniş İmparatorluğu#19;Farslar#1;Farslar#7;II. Kiros#5;Kimmerler#84;Medler#1;Medler#10;Medler#45
Fars kedisinin,https://tr.wikipedia.org/wiki/%C4%B0ran_kedisi,1,Ankara kedisi#5
İran,https://tr.wikipedia.org/wiki/%C4%B0ran_mill%C3%AE_basketbol_tak%C4%B1m%C4%B1,2,1959 Avrupa Basketbol Şampiyonası#2;2010 FIBA Dünya Basketbol Şampiyonası#13
İran mimarisi,https://tr.wikipedia.org/wiki/%C4%B0ran_mimarisi,1,Osmanlı İmparatorluğu#564
İran platosunu,https://tr.wikipedia.org/wiki/%C4%B0ran_platosu,1,Ahameniş İmparatorluğu#92
İranlıların,https://tr.wikipedia.org/wiki/%C4%B0ranl%C4%B1lar,1,Farslar#14
İrlanda,https://tr.wikipedia.org/wiki/%C4%B0rlanda,1,Bisiklet#24
İrlanda Bağımsızlık Savaşı,https://tr.wikipedia.org/wiki/%C4%B0rlanda_Ba%C4%9F%C4%B1ms%C4%B1zl%C4%B1k_Sava%C5%9F%C4%B1,2,Türk Kurtuluş Savaşı Batı Cephesi#1021;Türk Kurtuluş Savaşı Batı Cephesi#514
irredantist,https://tr.wikipedia.org/wiki/%C4%B0rredantizm,1,Türk Kurtuluş Savaşı Batı Cephesi#1033
İsa,https://tr.wikipedia.org/wiki/%C4%B0sa,5,Ankara Roma Hamamı#33;Bizans İmparatorluğu#456;Efes#64;Julianus#68;Pavlusçuluk#10
İsa Çelebi,https://tr.wikipedia.org/wiki/%C4%B0sa_%C3%87elebi,6,Ankara Muharebesi#141;Ankara Muharebesi#20;Fetret Devri#5;I. BayezidCard#8;Osmanlı İmparatorluğu#139;Timur#479
İsaurya direnişine,https://tr.wikipedia.org/wiki/%C4%B0saurya_Sava%C5%9F%C4%B1,1,Bizans İmparatorluğu#61
İsfahan,https://tr.wikipedia.org/wiki/%C4%B0sfahan,5,Büyük Selçuklu İmparatorluğu#213;Büyük Selçuklu İmparatorluğu#49;Dânişmend Gazi#9;Malazgirt Meydan Muharebesi#29;Timur#156
Mescid-i Cuma,https://tr.wikipedia.org/wiki/%C4%B0sfahan_Ulu_Camii,1,Büyük Selçuklu İmparatorluğu#223
İsfandiyar Bey,https://tr.wikipedia.org/wiki/%C4%B0sfendiyar_Bey,2,Fetret Devri#24;II. Murad#58
İshak Fakih,https://tr.wikipedia.org/wiki/%C4%B0shak_Fakih,1,Germiyanoğulları Beyliği#159
iskân politikası,https://tr.wikipedia.org/wiki/%C4%B0sk%C3%A2n_politikas%C4%B1,1,Osmanlı İmparatorluğu#12
İskados,https://tr.wikipedia.org/wiki/%C4%B0skados,1,Ankara Muharebesi#236
İskandinav ülkeleri,https://tr.wikipedia.org/wiki/%C4%B0skandinavya,2,Bisiklet#46;HentbolCard#2
İskeçe,https://tr.wikipedia.org/wiki/%C4%B0ske%C3%A7e,1,Türkçe#39
Büyük İskender,https://tr.wikipedia.org/wiki/%C4%B0skender,17,Ahameniş İmparatorluğu#8;Ankara#22;Ankara#47;Frigler#88;II. Kiros#143;II. Kiros#152;II. Kiros#178;II. Kiros#185;Kalecik#4;Konya#20;Roma İmparatorluğu#221;Roma İmparatorluğu#330;Sivas#16;Türkiye#48;Türkiye#5;Türkiye#51;İzmir#52
İskender'in ölümü,https://tr.wikipedia.org/wiki/%C4%B0skender%27in_%C3%B6l%C3%BCm%C3%BC,2,Ahameniş İmparatorluğu#236;Ahameniş İmparatorluğu#8
Büyük İskender'in mezarının,https://tr.wikipedia.org/wiki/%C4%B0skender%27in_mezar%C4%B1,1,İskender#228
İskender Bey,https://tr.wikipedia.org/wiki/%C4%B0skender_Bey,3,II. Murad#184;II. Murad#241;II. Murad#57
İskenderiye,https://tr.wikipedia.org/wiki/%C4%B0skenderiye,14,Antik Roma#146;Antik Roma#395;Antik Yunanistan#144;Antik Yunanistan#271;Augustus#355;Caracalla#7;Demiryolu ulaşımı#17;Demiryolu ulaşımı#18;Mustafa Kemal Atatürk#108;Strabon#11;İskender#14;İskender#182;İskender#227;İskender#9
İskenderiye Feneri,https://tr.wikipedia.org/wiki/%C4%B0skenderiye_Feneri,1,Antik Yunanistan#271
İskenderun,https://tr.wikipedia.org/wiki/%C4%B0skenderun,4,Mustafa Kemal Atatürk#707;Türk Kurtuluş Savaşı#145;Türkiye#49;İskender#14
İskenderun Körfezi,https://tr.wikipedia.org/wiki/%C4%B0skenderun_K%C3%B6rfezi,1,Anadolu#21
İskenderun Limanı,https://tr.wikipedia.org/wiki/%C4%B0skenderun_Liman%C4%B1,1,Mustafa Kemal Atatürk#278
İskilip,https://tr.wikipedia.org/wiki/%C4%B0skilip,1,Çorum#8
iskilip dolması,https://tr.wikipedia.org/wiki/%C4%B0skilip_dolmas%C4%B1,1,Çorum#27
İskilipli Âtıf Hoca,https://tr.wikipedia.org/wiki/%C4%B0skilipli_%C3%82t%C4%B1f_Hoca,1,Ulucanlar Cezaevi Müzesi#7
İskiri,https://tr.wikipedia.org/wiki/%C4%B0skiri,1,Ankara Muharebesi#236
İskit dilleri,https://tr.wikipedia.org/wiki/%C4%B0skit_dilleri,1,Kimmerler#72
İskitler,https://tr.wikipedia.org/wiki/%C4%B0skitler,16,Ahameniş İmparatorluğu#308;Ahameniş İmparatorluğu#80;At#42;Binicilik#66;II. Kiros#127;Kimmerler#30;Kimmerler#5;Kimmerler#68;Kimmerler#84;Kimmerler#85;Medler#19;Medler#34;Medler#47;Roma İmparatorluğu#387;Sivas#14;İskender#197
İskit,https://tr.wikipedia.org/wiki/%C4%B0skitya,1,Ahameniş İmparatorluğu#346
İskoç,https://tr.wikipedia.org/wiki/%C4%B0sko%C3%A7ya,3,Ankara Roma Hamamı#17;Bisiklet#23;Septimius Severus#5
İslam,https://tr.wikipedia.org/wiki/%C4%B0slam,37,Ahilik#28;Antik Roma#61;Artuk BeyCard#6;Büyük Birlik Partisi#7;Büyük Selçuklu İmparatorluğu#13;Büyük Selçuklu İmparatorluğu#51;I. Murad#12;I. MuradCard#13;Malazgirt Meydan Muharebesi#115;Malazgirt Meydan Muharebesi#117;Malazgirt Meydan Muharebesi#118;Milliyetçi Hareket Partisi#78;Mustafa Kemal Atatürk#425;Mustafa Kemal Atatürk#641;Mustafa Kemal Atatürk#807;Osmanlı İmparatorluğu#301;Osmanlı İmparatorluğu#341;Osmanlı İmparatorluğu#342;Osmanlı İmparatorluğu#444;Osmanlı İmparatorluğu#458;Osmanlı İmparatorluğu#527;Osmanlı İmparatorluğu#636;Osmanlı İmparatorluğu#9;Osmanlı İmparatorluğu#98;Timur İmparatorluğu#6;Timur İmparatorluğuCard#5;TimurCard#12;Türkiye#336;Türkiye#367;Türkiye#62;Türkiye#72;Yeniden Refah Partisi#31;Yeniden Refah Partisi#32;Üniversite#34;İslam devleti#1;İstanbul#225;İstanbul#446
İslam'ın Altın Çağı,https://tr.wikipedia.org/wiki/%C4%B0slam%27%C4%B1n_Alt%C4%B1n_%C3%87a%C4%9F%C4%B1,1,Ahameniş İmparatorluğu#431
Arap istilaları,https://tr.wikipedia.org/wiki/%C4%B0slam%27%C4%B1n_yay%C4%B1l%C4%B1%C5%9F%C4%B1,4,Bizans İmparatorluğu#101;Bizans İmparatorluğu#141;Bizans İmparatorluğu#354;Bizans İmparatorluğu#7
talak,https://tr.wikipedia.org/wiki/%C4%B0slam%27da_bo%C5%9Fanma,1,Ankara Muharebesi#69
siyasal İslam,https://tr.wikipedia.org/wiki/%C4%B0slam%27da_siyasi_mezhepler,2,Türkiye#334;İslam devleti#63
İslam İşbirliği Teşkilatı,https://tr.wikipedia.org/wiki/%C4%B0slam_%C4%B0%C5%9Fbirli%C4%9Fi_Te%C5%9Fkilat%C4%B1,2,Türkiye#174;Türkiye#18
İslam dünyasının,https://tr.wikipedia.org/wiki/%C4%B0slam_d%C3%BCnyas%C4%B1,6,Anadolu Selçuklu Devleti#20;Büyük Selçuklu İmparatorluğu#10;Mustafa Kemal Atatürk#847;Türk Kurtuluş Savaşı#22;Türkiye#60;İslam devleti#8
Müslüman Araplar,https://tr.wikipedia.org/wiki/%C4%B0slam_devleti,2,Ankara#52;Konya#23
İslam ekonomisi,https://tr.wikipedia.org/wiki/%C4%B0slam_ekonomisi,1,İslam devleti#55
İslam,https://tr.wikipedia.org/wiki/%C4%B0slam_k%C3%BClt%C3%BCr%C3%BC,2,Osmanlı İmparatorluğu#12;Türkiye#357
İslam,https://tr.wikipedia.org/wiki/%C4%B0slam_mimarisi,2,Anıtkabir#86;Timur İmparatorluğu#7
İslam tıbbının,https://tr.wikipedia.org/wiki/%C4%B0slam_t%C4%B1bb%C4%B1,1,Osmanlı İmparatorluğu#656
İslamabad,https://tr.wikipedia.org/wiki/%C4%B0slamabad,1,Mustafa Kemal Atatürk#846
İslamcı,https://tr.wikipedia.org/wiki/%C4%B0slamc%C4%B1l%C4%B1k,5,Adalet ve Kalkınma Partisi#102;Mustafa Kemal Atatürk#663;Türkiye#108;Türkiye#155;İslam devleti#4
İslami Dayanışma Oyunları,https://tr.wikipedia.org/wiki/%C4%B0slami_Dayan%C4%B1%C5%9Fma_Oyunlar%C4%B1,1,Konya#87
İslami modernizm,https://tr.wikipedia.org/wiki/%C4%B0slami_modernizm,1,İslam devleti#54
İsmail Habip Sevük,https://tr.wikipedia.org/wiki/%C4%B0smail_Habip_Sev%C3%BCk,2,Sakarya Meydan Muharebesi#3;Türk Kurtuluş Savaşı Batı Cephesi#851
İsmail Hakkı Uzunçarşılı,https://tr.wikipedia.org/wiki/%C4%B0smail_Hakk%C4%B1_Uzun%C3%A7ar%C5%9F%C4%B1l%C4%B1,2,Ankara Muharebesi#112;Osmanlı İmparatorluğu#73
İsmail Hami Danişmend,https://tr.wikipedia.org/wiki/%C4%B0smail_Hami_Dani%C5%9Fmend,1,Ankara Muharebesi#114
İsmail Kahraman,https://tr.wikipedia.org/wiki/%C4%B0smail_Kahraman,1,Adalet ve Kalkınma Partisi#115
İsmet İnönü,https://tr.wikipedia.org/wiki/%C4%B0smet_%C4%B0n%C3%B6n%C3%BC,34,"Ankara Büyükşehir Belediyesi#20;Anıtkabir#243;Anıtkabir#33;Anıtkabir#7;Cumhuriyet Halk Partisi#10;Cumhuriyet Halk Partisi#37;Cumhuriyet Halk Partisi#70;Cumhuriyet Müzesi#19;Lozan Antlaşması#11;Lozan Barış Konferansı#4;Mustafa Kemal Atatürk#257;Mustafa Kemal Atatürk#296;Mustafa Kemal Atatürk#527;Mustafa Kemal Atatürk#572;Mustafa Kemal Atatürk#573;Mustafa Kemal Atatürk#582;Mustafa Kemal Atatürk#583;Mustafa Kemal Atatürk#644;Mustafa Kemal Atatürk#733;Mustafa Kemal Atatürk#841;Mustafa Kemal AtatürkCard#1;Mustafa Kemal AtatürkCard#3;Orta Doğu Teknik Üniversitesi#47;Türk Kurtuluş Savaşı Batı Cephesi#1014;Türk Kurtuluş Savaşı Batı Cephesi#665;Türk Kurtuluş Savaşı#168;Türk Kurtuluş Savaşı#169;Türk Kurtuluş Savaşı#199;Türk Kurtuluş Savaşı#30;Türkiye Büyük Millet Meclisi#148;Türkiye Büyük Millet Meclisi#161;Çubuk, Ankara#35;İzmir#184"
İsmet Büyükataman,https://tr.wikipedia.org/wiki/%C4%B0smet_B%C3%BCy%C3%BCkataman,1,Milliyetçi Hareket PartisiCard#3
İsmet Paşa,https://tr.wikipedia.org/wiki/%C4%B0smet_Pa%C5%9Fa,1,Sakarya Meydan Muharebesi#19
İsmetpaşa,"https://tr.wikipedia.org/wiki/%C4%B0smetpa%C5%9Fa,_Bala",1,Balâ#20
İsokrates,https://tr.wikipedia.org/wiki/%C4%B0sokrates,2,Ahameniş İmparatorluğu#212;İskender#42
İspanya,https://tr.wikipedia.org/wiki/%C4%B0spanya,7,Anadolu#26;Anıtkabir#268;Bisiklet#27;Def#6;Osmanlı İmparatorluğu#248;Türkiye#276;Zeytinyağı#123
İspanya,https://tr.wikipedia.org/wiki/%C4%B0spanya_mill%C3%AE_basketbol_tak%C4%B1m%C4%B1,7,2001 Avrupa Basketbol Şampiyonası#2;2001 Avrupa Basketbol Şampiyonası#8;2010 FIBA Dünya Basketbol Şampiyonası#9;EuroBasket#4;Türkiye millî basketbol takımı#37;Türkiye millî basketbol takımı#40;Türkiye millî basketbol takımı#54
İspanyol şarabı,https://tr.wikipedia.org/wiki/%C4%B0spanyol_%C5%9Farab%C4%B1,1,Şarap#42
İspanyol gribine,https://tr.wikipedia.org/wiki/%C4%B0spanyol_gribi,1,Mustafa Kemal Atatürk#266
İspanyol,https://tr.wikipedia.org/wiki/%C4%B0spanyollar,2,Roma İmparatorluğu#392;Şarap#6
İspir,https://tr.wikipedia.org/wiki/%C4%B0spir,1,Karadeniz Bölgesi#56
İsrail,https://tr.wikipedia.org/wiki/%C4%B0srail,5,Anıtkabir#268;Cumhuriyet Halk Partisi#129;Kimmerler#64;Mustafa Kemal Atatürk#845;Şarap#9
Vaat Edilmiş Topraklara,https://tr.wikipedia.org/wiki/%C4%B0srail_Diyar%C4%B1,2,II. Kiros#10;II. Kiros#203
İsrail,https://tr.wikipedia.org/wiki/%C4%B0srail_mill%C3%AE_basketbol_tak%C4%B1m%C4%B1,1,2001 Avrupa Basketbol Şampiyonası#7
İsrailoğulları,https://tr.wikipedia.org/wiki/%C4%B0srailo%C4%9Fullar%C4%B1,3,Hititler#257;II. Kiros#214;Kimmerler#65
İssos,https://tr.wikipedia.org/wiki/%C4%B0ssos_Muharebesi,4,Ahameniş İmparatorluğu#223;Türkiye#49;İskender#169;İskender#7
İssos,https://tr.wikipedia.org/wiki/%C4%B0ssos_Sava%C5%9F%C4%B1,1,Farslar#23
İstanbul,https://tr.wikipedia.org/wiki/%C4%B0stanbul,60,1959 Avrupa Basketbol Şampiyonası#1;2010 FIBA Dünya Basketbol Şampiyonası#3;2024 Türkiye yerel seçimleri#10;Ankara Esenboğa Havalimanı#7;Ankara#193;Ankara#3;Ankara#69;Antik Yunanistan#37;Anıtkabir#16;Augustus Tapınağı#9;Beypazarı#3;Bizans İmparatorluğu#1;I. Alâeddin Keykubad#11;I. Bayezid#122;I. Murad#42;Kurtuluş Savaşı Müzesi#6;Kızılcahamam#1;Lozan Antlaşması#19;Malazgirt Meydan Muharebesi#14;Mustafa Kemal Atatürk#2;Mustafa Kemal Atatürk#254;Mustafa Kemal Atatürk#281;Mustafa Kemal Atatürk#282;Mustafa Kemal Atatürk#341;Mustafa Kemal Atatürk#516;Mustafa Kemal Atatürk#519;Mustafa Kemal Atatürk#563;Mustafa Kemal Atatürk#865;Mustafa Kemal AtatürkCard#8;Osmanlı Hanedanı#28;Osmanlı İmparatorluğu#258;Osmanlı İmparatorluğu#289;Osmanlı İmparatorluğu#598;Osmanlı İmparatorluğu#649;Osmanlı İmparatorluğuCard#2;Polatlı#22;Süper Kupa#21;Süper Kupa#25;Süper Kupa#27;Türk Kurtuluş Savaşı#10;Türk Kurtuluş Savaşı#202;Türk Kurtuluş Savaşı#58;Türk Kurtuluş Savaşı#60;Türkiye Büyük Millet Meclisi#49;Türkiye Futbol Şampiyonası#5;Türkiye#222;Türkiye#277;Türkiye#311;Türkiye#322;Türkiye#378;Türkiye#392;Türkiye#4;TürkiyeCard#2;Çengelhan Rahmi M. Koç Müzesi#10;Çorum#7;İzmir#151;İzmir#74
İstanbul,https://tr.wikipedia.org/wiki/%C4%B0stanbul%27da_2024_T%C3%BCrkiye_yerel_se%C3%A7imleri,1,2024 Türkiye yerel seçimleri#7
İBB seçimleri,https://tr.wikipedia.org/wiki/%C4%B0stanbul%27da_Mart_2019_T%C3%BCrkiye_yerel_se%C3%A7imleri,1,Adalet ve Kalkınma Partisi#78
İstanbul,https://tr.wikipedia.org/wiki/%C4%B0stanbul%27un_%C4%B0%C5%9Fgali,11,Kurtuluş Savaşı Müzesi#6;Mustafa Kemal Atatürk#282;Mustafa Kemal Atatürk#287;Osmanlı İmparatorluğu#293;Türkiye Büyük Millet Meclisi#3;Türkiye Büyük Millet Meclisi#54;Türkiye Büyük Millet Meclisi#59;Türkiye#100;Türkiye#104;Türkiye#13;Türkiye'de cumhuriyetin ilanı#13
İstanbul'un Fethi,https://tr.wikipedia.org/wiki/%C4%B0stanbul%27un_Fethi,21,Antik Roma#6;Antik Roma#70;Bizans İmparatorluğu#15;Bizans İmparatorluğu#325;Osmanlı İmparatorluğu#13;Osmanlı İmparatorluğu#163;Osmanlı İmparatorluğu#304;Osmanlı İmparatorluğu#343;Osmanlı İmparatorluğu#363;Osmanlı İmparatorluğu#569;Osmanlı İmparatorluğu#603;Roma İmparatorluğu#14;Roma İmparatorluğu#3;Türk Kurtuluş Savaşı Batı Cephesi#75;Türk Kurtuluş Savaşı Batı Cephesi#794;Türkiye#10;Türkiye#59;Türkiye#70;İstanbul#426;İstanbul#43;İstanbul#73
İstanbul'un Kurtuluşu,https://tr.wikipedia.org/wiki/%C4%B0stanbul%27un_Kurtulu%C5%9Fu,2,Mustafa Kemal Atatürk#518;Türkiye#104
İstanbul Üniversitesi,https://tr.wikipedia.org/wiki/%C4%B0stanbul_%C3%9Cniversitesi,6,Adalet ve Kalkınma Partisi#115;Türkiye Büyük Millet Meclisi#191;Türkiye Büyük Millet Meclisi#50;Üniversite#37;İstanbul#409;İstanbul#492
İstanbul Üniversitesi Hukuk Fakültesi,https://tr.wikipedia.org/wiki/%C4%B0stanbul_%C3%9Cniversitesi_Hukuk_Fak%C3%BCltesi,4,Mansur Yavaş#2;Mansur Yavaş#7;Mansur YavaşCard#8;Vasip Şahin#4
İstanbul çiğdemi,https://tr.wikipedia.org/wiki/%C4%B0stanbul_%C3%A7i%C4%9Fdemi,1,İstanbul#164
İstanbul Arkeoloji Müzesi,https://tr.wikipedia.org/wiki/%C4%B0stanbul_Arkeoloji_M%C3%BCzeleri,4,Anıtkabir#174;İstanbul#399;İstanbul#442;İstanbul#513
İstanbul Arkeoloji Müzesi,https://tr.wikipedia.org/wiki/%C4%B0stanbul_Arkeoloji_M%C3%BCzesi,1,Hititler#32
İstanbul Büyükşehir Belediye Meclisi,https://tr.wikipedia.org/wiki/%C4%B0stanbul_B%C3%BCy%C3%BCk%C5%9Fehir_Belediye_Meclisi,1,2024 Türkiye yerel seçimleri#80
büyükşehir belediyesi,https://tr.wikipedia.org/wiki/%C4%B0stanbul_B%C3%BCy%C3%BCk%C5%9Fehir_Belediyesi,2,Büyükşehir belediyesi#18;İstanbul#14
"Galatasaray U:(https://tr.wikipedia.org/wiki/Galatasaray_(futbol_tak%C4%B1m%C4%B1))___ , ___E:Fenerbahçe U:(https://tr.wikipedia.org/wiki/Fenerbah%C3%A7e_(futbol_tak%C4%B1m%C4%B1))___ , ___E:Beşiktaş U:(https://tr.wikipedia.org/wiki/Galatasaray_(futbol_tak%C4%B1m%C4%B1))___ ve ___E:İstanbul Başakşehir",https://tr.wikipedia.org/wiki/%C4%B0stanbul_Ba%C5%9Fak%C5%9Fehir_FK,3,Konya#65;Süper Kupa#24;Türkiye#392
İstanbul Bienali,https://tr.wikipedia.org/wiki/%C4%B0stanbul_Bienali,1,İstanbul#439
İstanbul Bilgi Üniversitesi,https://tr.wikipedia.org/wiki/%C4%B0stanbul_Bilgi_%C3%9Cniversitesi,1,İstanbul#494
İstanbul Boğazı,https://tr.wikipedia.org/wiki/%C4%B0stanbul_Bo%C4%9Faz%C4%B1,14,Ahameniş İmparatorluğu#346;Osmanlı İmparatorluğu#574;Türkiye#206;Türkiye#290;Türkiye#3;İstanbul#129;İstanbul#21;İstanbul#303;İstanbul#452;İstanbul#467;İstanbul#468;İstanbul#473;İstanbul#613;İstanbul#89
İDO,https://tr.wikipedia.org/wiki/%C4%B0stanbul_Deniz_Otob%C3%BCsleri,2,İstanbul#580;İstanbul#597
İstanbul Lisesi,https://tr.wikipedia.org/wiki/%C4%B0stanbul_Erkek_Lisesi,1,İstanbul#498
İstanbul Ermeni Patrikhanesi,https://tr.wikipedia.org/wiki/%C4%B0stanbul_Ermeni_Patrikhanesi,1,İstanbul#236
Uluslararası İstanbul Film Festivali,https://tr.wikipedia.org/wiki/%C4%B0stanbul_Film_Festivali,1,İstanbul#438
İstanbul Futbol Ligi,https://tr.wikipedia.org/wiki/%C4%B0stanbul_Futbol_Ligi,1,Türkiye Futbol Şampiyonası#5
İstanbul Havalimanı,https://tr.wikipedia.org/wiki/%C4%B0stanbul_Havaliman%C4%B1,5,Türkiye#278;İstanbul#559;İstanbul#595;İstanbul#624
İstanbul Kız Lisesi,https://tr.wikipedia.org/wiki/%C4%B0stanbul_K%C4%B1z_Lisesi,1,İstanbul#501
İstanbul Limanı,https://tr.wikipedia.org/wiki/%C4%B0stanbul_Liman%C4%B1,1,İstanbul#578
İstanbul Metrosu,https://tr.wikipedia.org/wiki/%C4%B0stanbul_Metrosu,4,İstanbul#56;İstanbul#597;İstanbul#602;İstanbul#615
İstanbul Modern Sanat Müzesi,https://tr.wikipedia.org/wiki/%C4%B0stanbul_Modern,1,İstanbul#440
İstanbul Onur Yürüyüşünden,https://tr.wikipedia.org/wiki/%C4%B0stanbul_Onur_Y%C3%BCr%C3%BCy%C3%BC%C5%9F%C3%BC,1,İzmir#192
İstanbul Park,https://tr.wikipedia.org/wiki/%C4%B0stanbul_Park,1,İstanbul#482
Rum Ortodoks Patrikhanesi,https://tr.wikipedia.org/wiki/%C4%B0stanbul_Rum_Ortodoks_Patrikhanesi,5,Bizans İmparatorluğu#380;Türkiye#342;Türkiye#343;İstanbul#228;İstanbul#235
İstanbul Sözleşmesi,https://tr.wikipedia.org/wiki/%C4%B0stanbul_S%C3%B6zle%C5%9Fmesi,1,Yeniden Refah Partisi#37
Sabiha Gökçen Havalimanları,https://tr.wikipedia.org/wiki/%C4%B0stanbul_Sabiha_G%C3%B6k%C3%A7en_Havaliman%C4%B1,2,İstanbul#563;İstanbul#595
İstanbul Teknik Üniversitesi,https://tr.wikipedia.org/wiki/%C4%B0stanbul_Teknik_%C3%9Cniversitesi,7,Orta Doğu Teknik Üniversitesi#108;Orta Doğu Teknik Üniversitesi#74;Osmanlı İmparatorluğu#247;Osmanlı İmparatorluğu#662;Türkiye#362;İstanbul#492;İstanbul#605
İstanbul Ulaşım,https://tr.wikipedia.org/wiki/%C4%B0stanbul_Ula%C5%9F%C4%B1m,1,İstanbul#597
İstanbul'u abluka altına aldı,https://tr.wikipedia.org/wiki/%C4%B0stanbul_ku%C5%9Fatmalar%C4%B1_listesi,1,Osmanlı İmparatorluğu#133
İstanbulspor,https://tr.wikipedia.org/wiki/%C4%B0stanbulspor,1,Türkiye Futbol Şampiyonası#18
Teb,https://tr.wikipedia.org/wiki/%C4%B0stefe,2,Ahameniş İmparatorluğu#147;Ahameniş İmparatorluğu#167
İsthmia Oyunları,https://tr.wikipedia.org/wiki/%C4%B0sthmia_Oyunlar%C4%B1,1,Güreş#16
istihdam,https://tr.wikipedia.org/wiki/%C4%B0stihdam,1,Türkiye'de tarım#6
İstiklal Marşı,https://tr.wikipedia.org/wiki/%C4%B0stikl%C3%A2l_Mar%C5%9F%C4%B1,4,Anıtkabir#278;Kurtuluş Savaşı Müzesi#29;Mehmet Akif Ersoy Müze Evi#1;Orta Doğu Teknik Üniversitesi#371
İstiklal Mahkemeleri,https://tr.wikipedia.org/wiki/%C4%B0stikl%C3%A2l_mahkemesi,4,Lozan Antlaşması#4;Mustafa Kemal Atatürk#456;Türk Kurtuluş Savaşı Batı Cephesi#830;Türk Kurtuluş Savaşı#178
İstiklal Caddesi,https://tr.wikipedia.org/wiki/%C4%B0stiklal_Caddesi,2,İstanbul#463;İstanbul#471
istinat duvarlarının,https://tr.wikipedia.org/wiki/%C4%B0stinat_duvar%C4%B1,1,Anıtkabir#43
İstinye,https://tr.wikipedia.org/wiki/%C4%B0stinye,1,İstanbul#262
İstinye koyları,https://tr.wikipedia.org/wiki/%C4%B0stinye_Koyu,1,İstanbul#105
İstinye Park,https://tr.wikipedia.org/wiki/%C4%B0stinye_Park,1,İstanbul#461
İsveç,https://tr.wikipedia.org/wiki/%C4%B0sve%C3%A7,3,Anıtkabir#268;Cumhuriyet Halk Partisi#126;Osmanlı İmparatorluğu#241
İsveç şarabı,https://tr.wikipedia.org/wiki/%C4%B0sve%C3%A7_%C5%9Farab%C4%B1,1,Şarap#42
İsveç,https://tr.wikipedia.org/wiki/%C4%B0sve%C3%A7_erkek_mill%C3%AE_buz_hokeyi_tak%C4%B1m%C4%B1,1,Buz hokeyi#7
İsveç,https://tr.wikipedia.org/wiki/%C4%B0sve%C3%A7_mill%C3%AE_basketbol_tak%C4%B1m%C4%B1,5,Türkiye millî basketbol takımı#39;Türkiye millî basketbol takımı#43;Türkiye millî basketbol takımı#45;Türkiye millî basketbol takımı#61;Türkiye millî basketbol takımı#66
İsveçlilerin,https://tr.wikipedia.org/wiki/%C4%B0sve%C3%A7liler,1,Kimmerler#63
İsviçre,https://tr.wikipedia.org/wiki/%C4%B0svi%C3%A7re,10,Anadolu Medeniyetleri Müzesi#23;Anıtkabir#27;Lozan Antlaşması#1;Lozan Barış Konferansı#1;Mustafa Kemal Atatürk#526;Türk Kurtuluş Savaşı#191;Türkiye Büyük Millet Meclisi#152;Türkçe#23;Voleybol#27;Şarkışla#82
İsviçreli,https://tr.wikipedia.org/wiki/%C4%B0svi%C3%A7reliler,1,Mustafa Kemal Atatürk#770
Normanlar,https://tr.wikipedia.org/wiki/%C4%B0talo-Normanlar,1,Bizans İmparatorluğu#206
İtalya,https://tr.wikipedia.org/wiki/%C4%B0talya,27,2010 FIBA Dünya Basketbol Şampiyonası#4;Anadolu#26;Ankara tavşanı#16;Antik Roma#174;Antik Roma#4;Antik Yunanistan#36;Anıtkabir#268;Anıtkabir#27;Anıtkabir#67;Bisiklet#15;Bisiklet#27;Bisiklet#46;Lozan Barış Konferansı#2;Madenî para#61;Otoyol#8;Roma İmparatorluğu#429;Septimius Severus#12;Türk Kurtuluş Savaşı#243;Türk Kurtuluş Savaşı#94;Türkiye#195;Türkiye#249;Türkiye#274;Türkiye#395;Zeytinyağı#123;İstanbul#505;İzmir#199;Şarap#6
İtalya,https://tr.wikipedia.org/wiki/%C4%B0talya%27da_COVID-19_pandemisi,1,2024 Türkiye yerel seçimleri#13
İtalya,https://tr.wikipedia.org/wiki/%C4%B0talya_Krall%C4%B1%C4%9F%C4%B1,4,Lozan Antlaşması#1;Mustafa Kemal Atatürk#690;Mustafa Kemal Atatürk#98;Osmanlı İmparatorluğu#282
İtalya Yarımadası,https://tr.wikipedia.org/wiki/%C4%B0talya_Yar%C4%B1madas%C4%B1,2,Antik Roma#1;Roma İmparatorluğu#10
İtalya,https://tr.wikipedia.org/wiki/%C4%B0talya_mill%C3%AE_basketbol_tak%C4%B1m%C4%B1,3,2001 Avrupa Basketbol Şampiyonası#10;Türkiye millî basketbol takımı#17;Türkiye millî basketbol takımı#63
İtalyan şarabı,https://tr.wikipedia.org/wiki/%C4%B0talyan_%C5%9Farab%C4%B1,1,Şarap#42
İtalyan Rönesansı,https://tr.wikipedia.org/wiki/%C4%B0talyan_R%C3%B6nesans%C4%B1,2,Bizans İmparatorluğu#371;Bizans İmparatorluğu#399
faşist,https://tr.wikipedia.org/wiki/%C4%B0talyan_fa%C5%9Fizmi,1,Mustafa Kemal Atatürk#851
İtalyan,https://tr.wikipedia.org/wiki/%C4%B0talyanlar,4,Türk Kurtuluş Savaşı#60;Türk Kurtuluş Savaşı#93;Türkiye#22;İzmir#109
itfaiye,https://tr.wikipedia.org/wiki/%C4%B0tfaiye,1,İstanbul#80
İtilaf Devletleri,https://tr.wikipedia.org/wiki/%C4%B0tilaf_Devletleri,32,Heyet-i Temsiliye#1;Lozan Antlaşması#9;Mustafa Kemal Atatürk#205;Mustafa Kemal Atatürk#467;Mustafa Kemal Atatürk#476;Mustafa Kemal Atatürk#516;Mustafa Kemal Atatürk#525;Mustafa Kemal Atatürk#692;Mustafa Kemal Atatürk#7;Mustafa Kemal Atatürk#856;Osmanlı İmparatorluğu#287;Osmanlı İmparatorluğu#345;Osmanlı İmparatorluğu#377;Türk Kurtuluş Savaşı Batı Cephesi#1007;Türk Kurtuluş Savaşı Batı Cephesi#12;Türk Kurtuluş Savaşı Batı Cephesi#37;Türk Kurtuluş Savaşı Batı Cephesi#406;Türk Kurtuluş Savaşı#13;Türk Kurtuluş Savaşı#164;Türk Kurtuluş Savaşı#165;Türk Kurtuluş Savaşı#41;Türk Kurtuluş Savaşı#45;Türk Kurtuluş Savaşı#51;Türk Kurtuluş Savaşı#58;Türk Kurtuluş Savaşı#60;Türk Kurtuluş Savaşı#61;Türkiye Büyük Millet Meclisi#114;Türkiye Büyük Millet Meclisi#3;Türkiye#104;Türkiye#13;Türkiye#99;İstanbul#81
İttifak Devletleri,https://tr.wikipedia.org/wiki/%C4%B0ttifak_Devletleri,3,Türk Kurtuluş Savaşı Batı Cephesi#40;Türkiye#13;Türkiye#93
İttihat ve Terakki,https://tr.wikipedia.org/wiki/%C4%B0ttihat_ve_Terakki,14,Cumhuriyet Halk Partisi#22;Cumhuriyet Halk Partisi#8;Kurtuluş Savaşı Müzesi#4;Meclis-i MebûsanCard#6;Mustafa Kemal Atatürk#103;Mustafa Kemal Atatürk#151;Mustafa Kemal Atatürk#822;Mustafa Kemal Atatürk#85;Mustafa Kemal AtatürkCard#13;Osmanlı İmparatorluğu#345;Türk Kurtuluş Savaşı Batı Cephesi#84;Türk Kurtuluş Savaşı#49;Türk Kurtuluş Savaşı#65;Türkiye Büyük Millet Meclisi#55
İvan Şişman,https://tr.wikipedia.org/wiki/%C4%B0van_%C5%9Ei%C5%9Fman,1,I. Murad#53
Yuvan Kastrioti,https://tr.wikipedia.org/wiki/%C4%B0van_Kastrioti,1,II. Murad#55
Vraça,https://tr.wikipedia.org/wiki/%C4%B0vraca,2,Türkçe#162;Türkçe#164
İvriz,https://tr.wikipedia.org/wiki/%C4%B0vriz,1,Hititler#224
kişisi,https://tr.wikipedia.org/wiki/%C4%B0yelik_eki,1,Türkçe#181
İyon Denizi,https://tr.wikipedia.org/wiki/%C4%B0yon_Denizi,1,Ahameniş İmparatorluğu#289
İyonya,https://tr.wikipedia.org/wiki/%C4%B0yonya,17,Ahameniş İmparatorluğu#149;Ahameniş İmparatorluğu#211;Ahameniş İmparatorluğu#290;Ahameniş İmparatorluğu#337;Ahameniş İmparatorluğu#417;Antik Yunanistan#102;Antik Yunanistan#130;Antik Yunanistan#288;Antik Yunanistan#55;Efes#2;Efes#5;Farslar#22;II. Kiros#82;II. Kiros#96;Türkiye#44;Türkiye#5;İzmir#8
İyonya Ayaklanması,https://tr.wikipedia.org/wiki/%C4%B0yonya_Ayaklanmas%C4%B1,1,Ahameniş İmparatorluğu#93
İyonlar,https://tr.wikipedia.org/wiki/%C4%B0yonya_Uygarl%C4%B1%C4%9F%C4%B1,1,Ahameniş İmparatorluğu#90
İyonyalı,https://tr.wikipedia.org/wiki/%C4%B0yonyal%C4%B1lar,1,Efes#4
iyot,https://tr.wikipedia.org/wiki/%C4%B0yot,1,Gıda#15
ergitip,https://tr.wikipedia.org/wiki/%C4%B0zabe,2,Tunç Çağı#3
İzladi Muharebesi,https://tr.wikipedia.org/wiki/%C4%B0zladi_Derbendi_Muharebesi,2,II. Murad#140;II. Murad#146
İzlanda,https://tr.wikipedia.org/wiki/%C4%B0zlanda,1,II. Kiros#180
İzlanda,https://tr.wikipedia.org/wiki/%C4%B0zlanda_mill%C3%AE_basketbol_tak%C4%B1m%C4%B1,2,Türkiye millî basketbol takımı#59;Türkiye millî basketbol takımı#63
empresyonizm,https://tr.wikipedia.org/wiki/%C4%B0zlenimcilik,1,Türkiye#363
İzmir,https://tr.wikipedia.org/wiki/%C4%B0zmir,30,2010 FIBA Dünya Basketbol Şampiyonası#3;Ankara#5;Ankara#69;Anıtkabir#313;Asklepios#19;Demiryolu ulaşımı#19;Demiryolu ulaşımı#21;Efes#1;Germiyanoğulları Beyliği#45;Heyet-i Temsiliye#28;II. Murad#8;Kral Yolu#6;Mustafa Kemal Atatürk#552;Osmanlı İmparatorluğu#368;Osmanlı İmparatorluğu#521;Polatlı#22;Timur#465;Türk Hava Kurumu Müzesi#14;Türk Kurtuluş Savaşı Batı Cephesi#6;Türk Kurtuluş Savaşı Batı Cephesi#959;Türk Kurtuluş Savaşı Batı Cephesi#977;Türk Kurtuluş Savaşı#177;Türk Kurtuluş Savaşı#71;Türk Kurtuluş Savaşı#72;Türkiye Futbol Şampiyonası#5;Zeytinyağı#124;İstanbul#257;İstanbul#520;İstanbul#596;İstanbul#86
İzmir'i işgal etti,https://tr.wikipedia.org/wiki/%C4%B0zmir%27in_%C4%B0%C5%9Fgali,8,Türk Kurtuluş Savaşı Batı Cephesi#201;Türk Kurtuluş Savaşı Batı Cephesi#9;Türk Kurtuluş Savaşı#243;Türk Kurtuluş Savaşı#82;Türk Kurtuluş Savaşı#95;Türkiye#100;İzmir#131;İzmir#175
İzmir'e girmesiyle,https://tr.wikipedia.org/wiki/%C4%B0zmir%27in_Kurtulu%C5%9Fu,2,Türk Kurtuluş Savaşı Batı Cephesi#17;İzmir#134
İzmir İktisat Kongresi,https://tr.wikipedia.org/wiki/%C4%B0zmir_%C4%B0ktisat_Kongresi,2,İzmir#142;İzmir#195
Smyrna Agorası,https://tr.wikipedia.org/wiki/%C4%B0zmir_Agoras%C4%B1,2,İzmir#184;İzmir#68
İzmir Arkeoloji Müzesi,https://tr.wikipedia.org/wiki/%C4%B0zmir_Arkeoloji_M%C3%BCzesi,1,İzmir#181
İzmir Atatürk Lisesi,https://tr.wikipedia.org/wiki/%C4%B0zmir_Atat%C3%BCrk_Lisesi,1,Mustafa Kemal Atatürk#826
Atatürk Müzesi,https://tr.wikipedia.org/wiki/%C4%B0zmir_Atat%C3%BCrk_M%C3%BCzesi,1,İzmir#184
İzmir Avrupa Caz Festivali,https://tr.wikipedia.org/wiki/%C4%B0zmir_Avrupa_Caz_Festivali,1,İzmir#208
İzmir Büyükşehir Belediyesi,https://tr.wikipedia.org/wiki/%C4%B0zmir_B%C3%BCy%C3%BCk%C5%9Fehir_Belediyesi,3,Büyükşehir belediyesi#18;İzmir#153;İzmir#244
İzmir Büyükşehir Belediyesi Spor Kulübü,https://tr.wikipedia.org/wiki/%C4%B0zmir_B%C3%BCy%C3%BCk%C5%9Fehir_Belediyespor,1,İzmir#223
İzmir Bayraklı Şehir Hastanesi,https://tr.wikipedia.org/wiki/%C4%B0zmir_Bayrakl%C4%B1_%C5%9Eehir_Hastanesi,1,İzmir#237
İzmir Devlet Tiyatrosu,https://tr.wikipedia.org/wiki/%C4%B0zmir_Devlet_Tiyatrosu,1,İzmir#209
İzmir Enternasyonal Fuarı,https://tr.wikipedia.org/wiki/%C4%B0zmir_Enternasyonal_Fuar%C4%B1,2,İzmir#195;İzmir#6
İzmir Etnografya Müzesi,https://tr.wikipedia.org/wiki/%C4%B0zmir_Etnografya_M%C3%BCzesi,1,İzmir#182
İzmir Fen Lisesi,https://tr.wikipedia.org/wiki/%C4%B0zmir_Fen_Lisesi,1,İzmir#231
İzmir Futbol Ligi,https://tr.wikipedia.org/wiki/%C4%B0zmir_Futbol_Ligi,1,Türkiye Futbol Şampiyonası#5
İzmir Körfezi,https://tr.wikipedia.org/wiki/%C4%B0zmir_K%C3%B6rfezi,3,İzmir#155;İzmir#21;İzmir#4
İzmir Kültür Sanat Eğitim Vakfı,https://tr.wikipedia.org/wiki/%C4%B0zmir_K%C3%BClt%C3%BCr_Sanat_E%C4%9Fitim_Vakf%C4%B1,1,İzmir#208
İzmir Kadın Müzesi,https://tr.wikipedia.org/wiki/%C4%B0zmir_Kad%C4%B1n_M%C3%BCzesi,1,İzmir#184
İzmir Kuşatması,https://tr.wikipedia.org/wiki/%C4%B0zmir_Ku%C5%9Fatmas%C4%B1,2,Timur İmparatorluğu#54;İzmir#87
İzmir Limanı,https://tr.wikipedia.org/wiki/%C4%B0zmir_Liman%C4%B1,2,İzmir#177;İzmir#4
Aziz Peter Kalesi,https://tr.wikipedia.org/wiki/%C4%B0zmir_Liman_Kalesi,1,İzmir#87
İnciraltı Deniz Müzesi,https://tr.wikipedia.org/wiki/%C4%B0zmir_M%C3%BCze_Gemiler,1,İzmir#188
Mask Müzesi,https://tr.wikipedia.org/wiki/%C4%B0zmir_Mask_M%C3%BCzesi,1,İzmir#184
metro,https://tr.wikipedia.org/wiki/%C4%B0zmir_Metrosu,1,İzmir#243
İzmir Onur Yürüyüşü,https://tr.wikipedia.org/wiki/%C4%B0zmir_Onur_Y%C3%BCr%C3%BCy%C3%BC%C5%9F%C3%BC,1,İzmir#191
İzmir Resim ve Heykel Müzesi,https://tr.wikipedia.org/wiki/%C4%B0zmir_Resim_ve_Heykel_M%C3%BCzesi,1,İzmir#183
Özel İzmir Saint-Joseph Lisesi,https://tr.wikipedia.org/wiki/%C4%B0zmir_Saint_Joseph_Lisesi,1,İzmir#231
İzmir Sanat Tiyatrosu,https://tr.wikipedia.org/wiki/%C4%B0zmir_Sanat_Tiyatrosu,1,İzmir#209
İzmir Suikastı,https://tr.wikipedia.org/wiki/%C4%B0zmir_Suikast%C4%B1,1,Ulucanlar Cezaevi Müzesi#8
Tarih ve Sanat Müzesi,https://tr.wikipedia.org/wiki/%C4%B0zmir_Tarih_ve_Sanat_M%C3%BCzesi,1,İzmir#184
İzmir Özel Tevfik Fikret Lisesi,https://tr.wikipedia.org/wiki/%C4%B0zmir_Tevfik_Fikret_Lisesi,1,İzmir#231
İzmir köftesi,https://tr.wikipedia.org/wiki/%C4%B0zmir_k%C3%B6fte,1,İzmir#206
İzmirim Kart,https://tr.wikipedia.org/wiki/%C4%B0zmirim_Kart,1,İzmir#246
İzmiroğlu Cüneyd Bey,https://tr.wikipedia.org/wiki/%C4%B0zmiro%C4%9Flu_C%C3%BCneyd_Bey,1,II. Murad#18
Fenerbahçe U:(https://tr.wikipedia.org/wiki/Fenerbah%C3%A7e_(futbol_tak%C4%B1m%C4%B1))___ ve ___E:İzmirspor,https://tr.wikipedia.org/wiki/%C4%B0zmirspor,1,Türkiye Futbol Şampiyonası#18
İzmit,https://tr.wikipedia.org/wiki/%C4%B0zmit,9,Anadolu Selçuklu Devleti#39;Ankara Muharebesi#78;Mustafa Kemal Atatürk#545;Mustafa Kemal Atatürk#563;Osmanlı İmparatorluğu#120;Osmanlı İmparatorluğu#362;Otoyol#15;Türk Kurtuluş Savaşı Batı Cephesi#665;Türkiye#254
İzmit Körfezi,https://tr.wikipedia.org/wiki/%C4%B0zmit_K%C3%B6rfezi,1,Türkiye#290
İzmit körfezine,https://tr.wikipedia.org/wiki/%C4%B0zmit_k%C3%B6rfezi,1,Sakarya Nehri#29
İznik,https://tr.wikipedia.org/wiki/%C4%B0znik,16,Anadolu Selçuklu Devleti#18;Anadolu Selçuklu Devleti#39;Anadolu Selçuklu Devleti#40;Anadolu Selçuklu Devleti#6;Anadolu Selçuklu DevletiCard#2;Ankara Muharebesi#78;Bizans İmparatorluğu#213;I. Murad#12;I. Murad#132;II. Murad#43;Konya#26;Osmanlı İmparatorluğu#567;Osmanlı İmparatorluğuCard#2;Roma İmparatorluğu#345;Timur#459;Türkiye#65
İznik çinisi,https://tr.wikipedia.org/wiki/%C4%B0znik_%C3%A7inisi,1,İstanbul#445
İznik,https://tr.wikipedia.org/wiki/%C4%B0znik_%C4%B0mparatorlu%C4%9Fu,4,Antik Roma#68;Bizans İmparatorluğu#304;Bizans İmparatorluğu#306;I. Alâeddin Keykubad#16
Askania Gölü,https://tr.wikipedia.org/wiki/%C4%B0znik_G%C3%B6l%C3%BC,1,Frigler#31
İznik Medresesi,https://tr.wikipedia.org/wiki/%C4%B0znik_Medresesi,1,Üniversite#35
izoamil asetat,https://tr.wikipedia.org/wiki/%C4%B0zoamil_asetat,1,Şarap#109
İzzet Türkyılmaz,https://tr.wikipedia.org/wiki/%C4%B0zzet_T%C3%BCrky%C4%B1lmaz,1,Türkiye millî basketbol takımı#152
Ş,https://tr.wikipedia.org/wiki/%C5%9E,1,Türkçe#138
şâir,https://tr.wikipedia.org/wiki/%C5%9E%C3%A2ir,1,Farslar#6
Şükrü Haluk Akalın,https://tr.wikipedia.org/wiki/%C5%9E%C3%BCkr%C3%BC_Hal%C3%BBk_Akal%C4%B1n,1,Türkçe#314
Şükrü Kanatlı,https://tr.wikipedia.org/wiki/%C5%9E%C3%BCkr%C3%BC_Kanatl%C4%B1,1,Mustafa Kemal Atatürk#722
Şükrullâh,https://tr.wikipedia.org/wiki/%C5%9E%C3%BCkrullah,3,I. Murad#31;II. Murad#4;Osmanlı İmparatorluğu#51
Şırdan dolması,https://tr.wikipedia.org/wiki/%C5%9E%C4%B1rdan,1,Ankara#156
Şırnak,https://tr.wikipedia.org/wiki/%C5%9E%C4%B1rnak,2,2014 Türkiye yerel seçimleri#21;Türkiye#320
Şabanözü,https://tr.wikipedia.org/wiki/%C5%9Eaban%C3%B6z%C3%BC,3,"2014 Türkiye yerel seçimleri#33;Kalecik#10;Çubuk, Ankara#63"
Şadi Olcay,https://tr.wikipedia.org/wiki/%C5%9Eadi_Olcay,1,Türkiye millî basketbol takımı#124
Kayzer U:(https://tr.wikipedia.org/wiki/Sezar_(%C3%BCnvan))___ ve ___E:Şah,https://tr.wikipedia.org/wiki/%C5%9Eah,3,II. Kiros#77;Osmanlı İmparatorluğu#342;Roma İmparatorluğu#68
şah kartal,https://tr.wikipedia.org/wiki/%C5%9Eah_kartal,1,Türkiye#229
şahin,https://tr.wikipedia.org/wiki/%C5%9Eahin,1,İstanbul#192
Theodorus U:(https://tr.wikipedia.org/wiki/Theodorus_(Herakleios%27un_karde%C5%9Fi))___ 'un Sasani generali ___E:Şahin,https://tr.wikipedia.org/wiki/%C5%9Eahin_Vahmanzadegan,1,Bizans İmparatorluğu#97
Şahkulu,https://tr.wikipedia.org/wiki/%C5%9Eahkulu,1,Osmanlı İmparatorluğu#186
Şahkulu İsyanı,https://tr.wikipedia.org/wiki/%C5%9Eahkulu_%C4%B0syan%C4%B1,1,Osmanlı İmparatorluğu#185
Şahruh,https://tr.wikipedia.org/wiki/%C5%9Eahruh,7,Ankara Muharebesi#155;Ankara Muharebesi#187;Ankara Muharebesi#61;II. Murad#73;Timur İmparatorluğu#30;Timur#559;TimurCard#8
şalgam,https://tr.wikipedia.org/wiki/%C5%9Ealgam_suyu,1,Şırdan#4
Şam,https://tr.wikipedia.org/wiki/%C5%9Eam,17,Ankara Muharebesi#49;Bizans İmparatorluğu#94;Büyük Selçuklu İmparatorluğu#104;Germiyanoğulları Beyliği#103;Mustafa Kemal Atatürk#269;Mustafa Kemal Atatürk#78;Mustafa Kemal Atatürk#81;Mustafa Kemal Atatürk#84;Osmanlı İmparatorluğu#260;Osmanlı İmparatorluğu#501;Osmanlı İmparatorluğu#510;Osmanlı İmparatorluğu#521;Timur#383;Timur#422;Timur#546;Türk Kurtuluş Savaşı#48;Türk Kurtuluş Savaşı#52
Şamanlık,https://tr.wikipedia.org/wiki/%C5%9Eamanl%C4%B1k,1,Davul#25
Şamlı Nikolaos,https://tr.wikipedia.org/wiki/%C5%9Eaml%C4%B1_Nikolaos,2,Augustus#40;Medler#64
şampanya,https://tr.wikipedia.org/wiki/%C5%9Eampanya,1,Şarap#64
Şanghay,https://tr.wikipedia.org/wiki/%C5%9Eanghay,1,İstanbul#629
Urfa,https://tr.wikipedia.org/wiki/%C5%9Eanl%C4%B1urfa,12,2014 Türkiye yerel seçimleri#21;Balâ#24;Fırat#3;Malazgirt Meydan Muharebesi#10;Malazgirt Meydan Muharebesi#103;Malazgirt Meydan Muharebesi#89;Türk Kurtuluş Savaşı Güney Cephesi#5;Türk Kurtuluş Savaşı#145;Türk Kurtuluş Savaşı#19;Türk Kurtuluş Savaşı#240;Türkiye#320
Şanlıurfa,https://tr.wikipedia.org/wiki/%C5%9Eanl%C4%B1urfa_B%C3%BCy%C3%BCk%C5%9Fehir_Belediyesi,2,Büyükşehir belediyesi#18;Yeniden Refah Partisi#26
Şaphane,"https://tr.wikipedia.org/wiki/%C5%9Eaphane,_K%C3%BCtahya",1,Germiyanoğulları Beyliği#130
şapka,https://tr.wikipedia.org/wiki/%C5%9Eapka,1,Antik Yunanistan#250
serpuşlarında,https://tr.wikipedia.org/wiki/%C5%9Eapka_Devrimi,2,Mustafa Kemal Atatürk#15;Mustafa Kemal Atatürk#590
Şarabın aroması,https://tr.wikipedia.org/wiki/%C5%9Earab%C4%B1n_aromas%C4%B1,1,Şarap#110
Şarabın tatlılığı,https://tr.wikipedia.org/wiki/%C5%9Earab%C4%B1n_tatl%C4%B1l%C4%B1%C4%9F%C4%B1,1,Şarap#96
şarap,https://tr.wikipedia.org/wiki/%C5%9Earap,4,Ankara#43;Antik Roma#128;Antik Yunanistan#210;Julianus#61
şarap şişelerinin,https://tr.wikipedia.org/wiki/%C5%9Earap_%C5%9Fi%C5%9Fesi,1,Şarap#39
Dikey ve yatay tatma,https://tr.wikipedia.org/wiki/%C5%9Earap_tad%C4%B1m%C4%B1,1,Şarap#108
şaraptaki şekerlerin,https://tr.wikipedia.org/wiki/%C5%9Earaptaki_%C5%9Fekerler,1,Şarap#53
şaraptaki asitler,https://tr.wikipedia.org/wiki/%C5%9Earaptaki_asitler,1,Şarap#54
Şarhöyük,https://tr.wikipedia.org/wiki/%C5%9Earh%C3%B6y%C3%BCk,2,Anadolu Selçuklu Devleti#70;Frigler#77
Şarkışla,https://tr.wikipedia.org/wiki/%C5%9Eark%C4%B1%C5%9Fla,3,Ankara#162;Gemerek#1;Sivas#2
Karaağaç,https://tr.wikipedia.org/wiki/%C5%9Earkikaraa%C4%9Fa%C3%A7,1,I. Murad#78
Şarlman,https://tr.wikipedia.org/wiki/%C5%9Earlman,4,Bizans İmparatorluğu#121;Bizans İmparatorluğu#23;Bizans İmparatorluğu#417;Roma imparatoru#4
Şatt'ül-Arab,https://tr.wikipedia.org/wiki/%C5%9Eatt%27%C3%BCl-Arab,2,Dicle#17;Fırat#4
Şattülarap,https://tr.wikipedia.org/wiki/%C5%9Eatt%C3%BClarap,2,Dicle#1;Fırat#26
"Karagöl U:(https://tr.wikipedia.org/wiki/Karag%C3%B6l_(%C5%9Eav%C5%9Fat))___ , ___E:Şavşat",https://tr.wikipedia.org/wiki/%C5%9Eav%C5%9Fat,2,Karadeniz Bölgesi#61;Karadeniz Bölgesi#72
Doğu grubu,https://tr.wikipedia.org/wiki/%C5%9Eaz_T%C3%BCrk%C3%A7esi,3,Türkçe#12;Türkçe#50;Türkçe#55
Şeb-i Arûs,https://tr.wikipedia.org/wiki/%C5%9Eeb-i_Ar%C3%BBs,1,Konya#82
230 V–50 Hz,https://tr.wikipedia.org/wiki/%C5%9Eebeke_gerilimi,1,TürkiyeCard#32
Tokat U:(https://tr.wikipedia.org/wiki/Tokat_(il))___ ve ___E:Şebinkarahisar,https://tr.wikipedia.org/wiki/%C5%9Eebinkarahisar,3,Karadeniz Bölgesi#58;Sivas#36;Sivas#9
şecerelerini,https://tr.wikipedia.org/wiki/%C5%9Eecere,1,Antik Roma#151
Şeddadiler,https://tr.wikipedia.org/wiki/%C5%9Eedd%C3%A2d%C3%AEler,2,Büyük Selçuklu İmparatorluğu#50;Büyük Selçuklu İmparatorluğu#56
Şefik Bursalı,https://tr.wikipedia.org/wiki/%C5%9Eefik_Bursal%C4%B1,2,Ankara Resim ve Heykel Müzesi#28;Ankara Resim ve Heykel Müzesi#3
Şefik Erensü,https://tr.wikipedia.org/wiki/%C5%9Eefik_Erens%C3%BC,1,Orta Doğu Teknik Üniversitesi#296
Şefik Hüsnü,https://tr.wikipedia.org/wiki/%C5%9Eefik_H%C3%BCsn%C3%BC_Deymer,1,Mustafa Kemal Atatürk#639
şeftali,https://tr.wikipedia.org/wiki/%C5%9Eeftali,1,Gıda#24
şehid,https://tr.wikipedia.org/wiki/%C5%9Eehid,1,I. Murad#108
şehir,https://tr.wikipedia.org/wiki/%C5%9Eehir,1,İskender#13
şehir devletinden,https://tr.wikipedia.org/wiki/%C5%9Eehir_devlet,1,Antik Roma#1
şehir devleti,https://tr.wikipedia.org/wiki/%C5%9Eehir_devleti,2,Herodot#63;İstanbul#39
Şehitali,"https://tr.wikipedia.org/wiki/%C5%9Eehitali,_Etimesgut",1,Yenimahalle#8
Şehnâme,https://tr.wikipedia.org/wiki/%C5%9Eehn%C3%A2me,1,At#8
Şehriban,"https://tr.wikipedia.org/wiki/%C5%9Eehriban,_Bala",2,Balâ#20;Balâ#27
Şehrisebz,https://tr.wikipedia.org/wiki/%C5%9Eehrisebz,3,Timur#2;Timur#23;TimurCard#4
şehriye,https://tr.wikipedia.org/wiki/%C5%9Eehriye,1,Çorba#28
Şehrezur,https://tr.wikipedia.org/wiki/%C5%9Eehrizor,1,Büyük Selçuklu İmparatorluğu#49
şehzade,https://tr.wikipedia.org/wiki/%C5%9Eehzade,6,Anadolu Selçuklu Devleti#144;Ankara Muharebesi#181;I. Bayezid#7;I. Murad#25;Osmanlı İmparatorluğu#322;Osmanlı İmparatorluğu#618
Şehzade Ertuğrul,https://tr.wikipedia.org/wiki/%C5%9Eehzade_Ertu%C4%9Frul,1,I. Bayezid#46
şeker,https://tr.wikipedia.org/wiki/%C5%9Eeker,2,Kete#13;Şarap#2
Şeker Ahmet Paşa,https://tr.wikipedia.org/wiki/%C5%9Eeker_Ahmet_Pa%C5%9Fa,2,Ankara Resim ve Heykel Müzesi#24;Ankara Resim ve Heykel Müzesi#3
şeker pancarı,https://tr.wikipedia.org/wiki/%C5%9Eeker_pancar%C4%B1,3,Balâ#49;Polatlı#40;Sivas#72
şekerler,https://tr.wikipedia.org/wiki/%C5%9Eekerler,1,Gıda#15
Şemsülmülk Nâsır,https://tr.wikipedia.org/wiki/%C5%9Eems%C3%BClm%C3%BClk_Nasr,1,Büyük Selçuklu İmparatorluğu#74
Şemsettin,"https://tr.wikipedia.org/wiki/%C5%9Eemsettin,_Kalecik",1,Kalecik#17
Şemsi Efendi Mektebi,https://tr.wikipedia.org/wiki/%C5%9Eemsi_Efendi_Mektebi,1,Mustafa Kemal Atatürk#60
Şengün Kaplanoğlu,https://tr.wikipedia.org/wiki/%C5%9Eeng%C3%BCn_Kaplano%C4%9Flu,4,Türkiye millî basketbol takımı#109;Türkiye millî basketbol takımı#111;Türkiye millî basketbol takımı#113;Türkiye millî basketbol takımı#116
şer'i,https://tr.wikipedia.org/wiki/%C5%9Eer%27i,1,Osmanlı İmparatorluğu#335
Şerafeddin Ali Yezdî,https://tr.wikipedia.org/wiki/%C5%9Eerafeddin_Ali_Yezd%C3%AE,1,Ankara Muharebesi#109
şerbet,https://tr.wikipedia.org/wiki/%C5%9Eerbet,1,Osmanlı İmparatorluğu#605
Şerefüddevle Müslim,https://tr.wikipedia.org/wiki/%C5%9Eeref%C3%BCddevle_M%C3%BCslim,1,Artuk Bey#19
Şeref Akdik,https://tr.wikipedia.org/wiki/%C5%9Eeref_Akdik,1,Ankara Resim ve Heykel Müzesi#30
Şeref Alemdar,https://tr.wikipedia.org/wiki/%C5%9Eeref_Alemdar,1,Türkiye millî basketbol takımı#97
Şereflikoçhisar,https://tr.wikipedia.org/wiki/%C5%9Eerefliko%C3%A7hisar,1,Ankara#162
şeriat,https://tr.wikipedia.org/wiki/%C5%9Eeriat,5,Osmanlı İmparatorluğu#301;Osmanlı İmparatorluğu#392;İslam devleti#2;İslam devleti#8
Mehmet Şerif Avcıoğlu,https://tr.wikipedia.org/wiki/%C5%9Eerif_Bey,1,Türkiye Büyük Millet Meclisi#135
Şer'iye ve Evkaf,https://tr.wikipedia.org/wiki/%C5%9Eeriyye_ve_Evkaf_Vek%C3%A2leti,1,Osmanlı Hanedanı#32
Şevket Dağ,https://tr.wikipedia.org/wiki/%C5%9Eevket_Da%C4%9F,1,Ankara Resim ve Heykel Müzesi#3
Şevket Süreyya Aydemir,https://tr.wikipedia.org/wiki/%C5%9Eevket_S%C3%BCreyya_Aydemir,1,Mustafa Kemal Atatürk#738
Şevket Turgut Paşa,https://tr.wikipedia.org/wiki/%C5%9Eevket_Turgut_Pa%C5%9Fa,2,Mustafa Kemal Atatürk#332;Mustafa Kemal Atatürk#349
Şevki Vanlı,https://tr.wikipedia.org/wiki/%C5%9Eevki_Vanl%C4%B1,1,Anıtkabir#101
Şeybânî Han,https://tr.wikipedia.org/wiki/%C5%9Eeyb%C3%A2n%C3%AE_Han,1,Timur İmparatorluğu#41
Şeybânî Hanlığı,https://tr.wikipedia.org/wiki/%C5%9Eeyb%C3%A2n%C3%AEler,8,Anadolu Selçuklu Devleti#2;Büyük Selçuklu İmparatorluğu#2;Germiyanoğulları Beyliği#2;Karamanoğulları Beyliği#27;Osmanlı İmparatorluğu#2;Selçuklu Hanedanı#2;Timur İmparatorluğu#2;Timur İmparatorluğu#41
Şeyhî,https://tr.wikipedia.org/wiki/%C5%9Eeyh%C3%AE,3,Germiyanoğulları Beyliği#154;Germiyanoğulları Beyliği#157;Osmanlı İmparatorluğu#536
Şeyhülislam,https://tr.wikipedia.org/wiki/%C5%9Eeyh%C3%BClislam,4,Osmanlı İmparatorluğu#316;Osmanlı İmparatorluğu#495;Türk Kurtuluş Savaşı#116;İstanbul#234
Şeyh Bedreddin,https://tr.wikipedia.org/wiki/%C5%9Eeyh_Bedreddin,1,Fetret Devri#114
Şeyh Bedrettin,https://tr.wikipedia.org/wiki/%C5%9Eeyh_Bedreddin#Şeyh_Bedreddin,1,Osmanlı İmparatorluğu#145
Şeyh Edebali,https://tr.wikipedia.org/wiki/%C5%9Eeyh_Edebali,3,I. Bayezid#4;Osmanlı İmparatorluğu#56;Osmanlı İmparatorluğu#91
"Genç Hâdisesi (Şeyh Sait İsyanı, Doğu İsyanı)",https://tr.wikipedia.org/wiki/%C5%9Eeyh_Said_%C4%B0syan%C4%B1,4,Cumhuriyet Halk Partisi#24;Mustafa Kemal Atatürk#619;Mustafa Kemal Atatürk#673;Türkiye#108
Şişli,https://tr.wikipedia.org/wiki/%C5%9Ei%C5%9Fli,1,İstanbul#447
"Gökmedrese U:(https://tr.wikipedia.org/wiki/G%C3%B6k_Medrese_(Sivas))___ , ___E:Çifte Minareli Medrese U:(https://tr.wikipedia.org/wiki/%C3%87ifte_Minareli_Medrese_(Sivas))___ , ___E:Şifaiye Medresesi",https://tr.wikipedia.org/wiki/%C5%9Eifaiye_Medresesi,1,Sivas#83
"Nâsır U:(https://tr.wikipedia.org/wiki/Nas%C4%B1r_(Abbasi))___ , İslam filozoflarından ___E:Şihabeddin Sühreverdî",https://tr.wikipedia.org/wiki/%C5%9Eihabeddin_S%C3%BChreverd%C3%AE,1,I. Alâeddin Keykubad#32
Şii,https://tr.wikipedia.org/wiki/%C5%9Eiilik,2,Osmanlı İmparatorluğu#184;Osmanlı İmparatorluğu#189
şiir,https://tr.wikipedia.org/wiki/%C5%9Eiir,2,Antik Roma#238;Antik Yunanistan#242
Şile,https://tr.wikipedia.org/wiki/%C5%9Eile,1,İstanbul#452
Şili,https://tr.wikipedia.org/wiki/%C5%9Eili,4,Ankara tavşanı#15;Ankara tavşanı#16;Mustafa Kemal Atatürk#845;Orman#46
Şili şarabı,https://tr.wikipedia.org/wiki/%C5%9Eili_%C5%9Farab%C4%B1,1,Şarap#42
şimşir,https://tr.wikipedia.org/wiki/%C5%9Eim%C5%9Fir,2,Kaval#1;İstanbul#166
Şinasi,https://tr.wikipedia.org/wiki/%C5%9Ein%C3%A2si,2,Osmanlı İmparatorluğu#30;Türkiye#369
Şiraz,https://tr.wikipedia.org/wiki/%C5%9Eiraz,3,Timur#135;Timur#163;Timur#186
şirket,https://tr.wikipedia.org/wiki/%C5%9Eirket,2,Havayolu#1;Ticaret#87
Şirket-i Hayriye,https://tr.wikipedia.org/wiki/%C5%9Eirket-i_Hayriye,2,Osmanlı İmparatorluğu#375;Osmanlı İmparatorluğu#503
Şirvan,https://tr.wikipedia.org/wiki/%C5%9Eirvan,1,Timur#203
Şirvanşahlar Devleti,https://tr.wikipedia.org/wiki/%C5%9Eirvan%C5%9Fahlar_Devleti,7,Anadolu Selçuklu Devleti#2;Büyük Selçuklu İmparatorluğu#2;Germiyanoğulları Beyliği#2;Karamanoğulları Beyliği#27;Osmanlı İmparatorluğu#2;Selçuklu Hanedanı#2;Timur İmparatorluğu#2
şive,https://tr.wikipedia.org/wiki/%C5%9Eive,1,Türkçe#149
Şuğul,"https://tr.wikipedia.org/wiki/%C5%9Eu%C4%9Ful,_Darende",1,Sivas#7
Şuşter,https://tr.wikipedia.org/wiki/%C5%9Eu%C5%9Fter,1,Timur#164
Şubat Devrimi,https://tr.wikipedia.org/wiki/%C5%9Eubat_Devrimi,1,Türk Kurtuluş Savaşı#132
Sumnu,https://tr.wikipedia.org/wiki/%C5%9Eumnu,1,I. Murad#102
Şubria,https://tr.wikipedia.org/wiki/%C5%9Eupria,1,Kimmerler#8
ǝ,https://tr.wikipedia.org/wiki/%C6%8E,1,Türkçe#156
.ist,https://tr.wikipedia.org/wiki/.istanbul,2,İstanbulCard#25
.tr,https://tr.wikipedia.org/wiki/.tr,4,Orta Doğu Teknik Üniversitesi#122;Orta Doğu Teknik Üniversitesi#67;TürkiyeCard#36
I. İcra Vekilleri Heyeti,https://tr.wikipedia.org/wiki/1._%C4%B0cra_Vekilleri_Heyeti,1,Mustafa Kemal AtatürkCard#17
1. T.C. Hükûmeti,https://tr.wikipedia.org/wiki/1._T%C3%BCrkiye_H%C3%BCk%C3%BBmeti,1,Mustafa Kemal Atatürk#583
Onlar Grubu,https://tr.wikipedia.org/wiki/10%27lar_Grubu,1,Türkiye#365
10. yüzyılın,https://tr.wikipedia.org/wiki/10._y%C3%BCzy%C4%B1l,1,Büyük Selçuklu İmparatorluğu#21
100 metre,https://tr.wikipedia.org/wiki/100_metre,1,Atletizm#77
Atatürk'ün 10 Kasım'daki ölüm yıl dönümünde,https://tr.wikipedia.org/wiki/10_Kas%C4%B1m_Atat%C3%BCrk%27%C3%BC_anma_g%C3%BCn%C3%BC_ve_Atat%C3%BCrk_haftas%C4%B1,3,Anıtkabir#13;Anıtkabir#276;Mustafa Kemal Atatürk#836
11.,https://tr.wikipedia.org/wiki/11._y%C3%BCzy%C4%B1l,3,Anadolu#8;Selçuklu Hanedanı#6;Şarkışla#28
1101 Haçlı Seferi,https://tr.wikipedia.org/wiki/1101_Ha%C3%A7l%C4%B1_Seferi,1,Anadolu Selçuklu Devleti#73
11 Eylül 1922 Devrimi,https://tr.wikipedia.org/wiki/11_Eyl%C3%BCl_1922_Devrimi,1,Türk Kurtuluş Savaşı Batı Cephesi#18
11 Eylül saldırılarından,https://tr.wikipedia.org/wiki/11_Eyl%C3%BCl_sald%C4%B1r%C4%B1lar%C4%B1,1,Anıtkabir#298
11 Nisan Stadyumu,https://tr.wikipedia.org/wiki/11_Nisan_Stadyumu,1,Süper Kupa#29
12. yüzyılda,https://tr.wikipedia.org/wiki/12._y%C3%BCzy%C4%B1l,2,Malazgirt Meydan Muharebesi#16;Şarkışla#28
12 Eylül 1980 Darbesi,https://tr.wikipedia.org/wiki/12_Eyl%C3%BCl_Darbesi,18,Adalet ve Kalkınma Partisi#68;Adalet ve Kalkınma Partisi#86;Anıtkabir#77;Cumhuriyet Halk Partisi#11;Cumhuriyet Halk Partisi#140;Cumhuriyet Halk Partisi#68;Milliyetçi Hareket Partisi#27;Milliyetçi Hareket Partisi#35;Milliyetçi Hareket Partisi#9;Mustafa Kemal Atatürk#867;Orta Doğu Teknik Üniversitesi#384;Süper Kupa#15;Türkiye Büyük Millet Meclisi#193;Türkiye Büyük Millet Meclisi#200;Türkiye Büyük Millet MeclisiCard#3;Türkiye#115;Ulucanlar Cezaevi Müzesi#14;Ulucanlar Cezaevi Müzesi#9
12 Mart Muhtırası,https://tr.wikipedia.org/wiki/12_Mart_Muht%C4%B1ras%C4%B1,6,Cumhuriyet Halk Partisi#64;Orta Doğu Teknik Üniversitesi#293;Orta Doğu Teknik Üniversitesi#296;Türkiye Büyük Millet Meclisi#199;Türkiye#115;Ulucanlar Cezaevi Müzesi#9
On İki Hayvanlı Türk Takvimi,https://tr.wikipedia.org/wiki/12_hayvanl%C4%B1_takvim,1,Timur#24
13. yüzyıl,https://tr.wikipedia.org/wiki/13._y%C3%BCzy%C4%B1l,4,Anadolu Selçuklu Devleti#18;Ankara keçisi#1;Karamanoğulları Beyliği#1;Malazgirt Meydan Muharebesi#74
MS 14,https://tr.wikipedia.org/wiki/14,1,Antik Roma#230
14.,https://tr.wikipedia.org/wiki/14._y%C3%BCzy%C4%B1l,3,Antik Yunanistan#7;Selçuklu Hanedanı#6;Şarkışla#29
1402'likler,https://tr.wikipedia.org/wiki/1402%27likler,1,Orta Doğu Teknik Üniversitesi#391
147'ler,https://tr.wikipedia.org/wiki/147%27ler,1,Orta Doğu Teknik Üniversitesi#27
15. yüzyıl,https://tr.wikipedia.org/wiki/15._y%C3%BCzy%C4%B1l,2,Güreş#17;Timur İmparatorluğu#7
Büyük İstanbul Depremi,https://tr.wikipedia.org/wiki/1509_Konstantinopolis_depremi,1,İstanbul#125
Osmanlı-Avusturya Savaşı,https://tr.wikipedia.org/wiki/1593-1606_Osmanl%C4%B1-Avusturya_Sava%C5%9F%C4%B1,1,Osmanlı İmparatorluğu#213
Boğaziçi Köprüsü,https://tr.wikipedia.org/wiki/15_Temmuz_%C5%9Eehitler_K%C3%B6pr%C3%BCs%C3%BC,6,Otoyol#11;Türkiye#290;İstanbul#584;İstanbul#601;İstanbul#84;İstanbul#92
15 Temmuz Darbe Girişimi,https://tr.wikipedia.org/wiki/15_Temmuz_Darbe_Giri%C5%9Fimi,2,Türkiye Büyük Millet Meclisi#259;Türkiye#116
16.,https://tr.wikipedia.org/wiki/16._y%C3%BCzy%C4%B1l,2,Antik Yunanistan#7;Osmanlı İmparatorluğu#423
2013 Türkiye yolsuzluk skandalının,https://tr.wikipedia.org/wiki/17-25_Aral%C4%B1k_Yolsuzluk_ve_R%C3%BC%C5%9Fvet_Operasyonu,1,Cumhuriyet Halk Partisi#95
17. yüzyıl,https://tr.wikipedia.org/wiki/17._y%C3%BCzy%C4%B1l,3,Antik Roma#119;Antik Roma#134;Çorba#9
1716-1718 Osmanlı-Avusturya Savaşı,https://tr.wikipedia.org/wiki/1716-1718_Osmanl%C4%B1-Avusturya_Sava%C5%9F%C4%B1,1,Osmanlı İmparatorluğu#243
18. yüzyılda,https://tr.wikipedia.org/wiki/18._y%C3%BCzy%C4%B1l,5,Antik Roma#134;Osmanlı İmparatorluğu#423;Osmanlı İmparatorluğu#428;Santigrat#2;Çorba#9
1831-1833 Osmanlı-Mısır Savaşı,https://tr.wikipedia.org/wiki/1831-1833_Osmanl%C4%B1-M%C4%B1s%C4%B1r_Sava%C5%9F%C4%B1,1,Osmanlı İmparatorluğu#257
1839-1841 Osmanlı-Mısır Savaşı,https://tr.wikipedia.org/wiki/1839-1841_Osmanl%C4%B1-M%C4%B1s%C4%B1r_Sava%C5%9F%C4%B1,1,Osmanlı İmparatorluğu#264
1896 Yaz Olimpiyatları,https://tr.wikipedia.org/wiki/1896_Yaz_Olimpiyatlar%C4%B1,1,Güreş#26
1896 Yaz Olimpiyatları'nda,https://tr.wikipedia.org/wiki/1896_Yaz_Olimpiyatlar%C4%B1%27nda_eskrim,1,Eskrim#3
19. yüzyılda,https://tr.wikipedia.org/wiki/19._y%C3%BCzy%C4%B1l,5,Antik Roma#211;Antik Roma#272;Buz hokeyi#11;Osmanlı İmparatorluğu#428;İnşaat#15
1900 Yaz Olimpiyatları,https://tr.wikipedia.org/wiki/1900_Yaz_Olimpiyatlar%C4%B1,1,Güreş#26
1904 Yaz Olimpiyatları,https://tr.wikipedia.org/wiki/1904_Yaz_Olimpiyatlar%C4%B1,1,Güreş#26
ilk seçim,https://tr.wikipedia.org/wiki/1908_Osmanl%C4%B1_genel_se%C3%A7imleri,1,Türkiye Büyük Millet Meclisi#53
1915 Çanakkale Köprüsü,https://tr.wikipedia.org/wiki/1915_%C3%87anakkale_K%C3%B6pr%C3%BCs%C3%BC,1,Türkiye#291
büyük bir yangın,https://tr.wikipedia.org/wiki/1916_Ankara_Yang%C4%B1n%C4%B1,1,Ankara#59
büyük bir isyan,https://tr.wikipedia.org/wiki/1919_M%C4%B1s%C4%B1r_Devrimi,1,Türk Kurtuluş Savaşı Batı Cephesi#93
1920 Yunanistan genel seçimlerini,https://tr.wikipedia.org/wiki/1920_Yunanistan_genel_se%C3%A7imleri,1,Türk Kurtuluş Savaşı Batı Cephesi#604
ardından gerçekleşen yangın,https://tr.wikipedia.org/wiki/1922_%C4%B0zmir_Yang%C4%B1n%C4%B1,2,Türk Kurtuluş Savaşı Batı Cephesi#17;İzmir#134
Anadolu Selçukspor,https://tr.wikipedia.org/wiki/1922_Konyaspor,1,Konya#67
1922 Manisa yangını,https://tr.wikipedia.org/wiki/1922_Manisa_yang%C4%B1n%C4%B1,1,Türk Kurtuluş Savaşı Batı Cephesi#980
1923 seçimlerinden,https://tr.wikipedia.org/wiki/1923_T%C3%BCrkiye_genel_se%C3%A7imleri,1,Cumhuriyet Halk Partisi#19
Türkiye çapında bir futbol turnuvası,https://tr.wikipedia.org/wiki/1924_T%C3%BCrkiye_Futbol_%C5%9Eampiyonas%C4%B1,2,Türkiye Futbol Şampiyonası#5;Türkiye Futbol Şampiyonası#9
1927,https://tr.wikipedia.org/wiki/1927_T%C3%BCrkiye_Futbol_%C5%9Eampiyonas%C4%B1,2,Türkiye Futbol Şampiyonası#15;Türkiye Futbol Şampiyonası#6
1927 Tevkifatı,https://tr.wikipedia.org/wiki/1927_Tevkifat%C4%B1,1,Mustafa Kemal Atatürk#639
1928 Yaz Olimpiyatları,https://tr.wikipedia.org/wiki/1928_Yaz_Olimpiyatlar%C4%B1,1,Türkiye Futbol Şampiyonası#6
1931 Westminster Statüsü,https://tr.wikipedia.org/wiki/1931_Westminster_Yasas%C4%B1,1,Türk Kurtuluş Savaşı Batı Cephesi#1016
1932,https://tr.wikipedia.org/wiki/1932_T%C3%BCrkiye_Futbol_%C5%9Eampiyonas%C4%B1,1,Türkiye Futbol Şampiyonası#18
1933,https://tr.wikipedia.org/wiki/1933_T%C3%BCrkiye_Futbol_%C5%9Eampiyonas%C4%B1,1,Türkiye Futbol Şampiyonası#18
1934,https://tr.wikipedia.org/wiki/1934_T%C3%BCrkiye_Futbol_%C5%9Eampiyonas%C4%B1,1,Türkiye Futbol Şampiyonası#22
1935,https://tr.wikipedia.org/wiki/1935_T%C3%BCrkiye_Futbol_%C5%9Eampiyonas%C4%B1,1,Türkiye Futbol Şampiyonası#27
1936,https://tr.wikipedia.org/wiki/1936_Yaz_Olimpiyatlar%C4%B1,1,HentbolCard#7
1936,https://tr.wikipedia.org/wiki/1936_Yaz_Olimpiyatlar%C4%B1%27nda_basketbol,2,Türkiye millî basketbol takımı#2
1940,https://tr.wikipedia.org/wiki/1940_T%C3%BCrkiye_Futbol_%C5%9Eampiyonas%C4%B1,1,Türkiye Futbol Şampiyonası#32
1941,https://tr.wikipedia.org/wiki/1941_T%C3%BCrkiye_Futbol_%C5%9Eampiyonas%C4%B1,1,Türkiye Futbol Şampiyonası#35
1942,https://tr.wikipedia.org/wiki/1942_T%C3%BCrkiye_Futbol_%C5%9Eampiyonas%C4%B1,1,Türkiye Futbol Şampiyonası#38
1944,https://tr.wikipedia.org/wiki/1944_T%C3%BCrkiye_Futbol_%C5%9Eampiyonas%C4%B1,1,Türkiye Futbol Şampiyonası#38
1945,https://tr.wikipedia.org/wiki/1945_T%C3%BCrkiye_Futbol_%C5%9Eampiyonas%C4%B1,1,Türkiye Futbol Şampiyonası#45
1945 nüfus sayımı,https://tr.wikipedia.org/wiki/1945_T%C3%BCrkiye_n%C3%BCfus_say%C4%B1m%C4%B1,1,Ankara#5
1946,https://tr.wikipedia.org/wiki/1946_T%C3%BCrkiye_Futbol_%C5%9Eampiyonas%C4%B1,1,Türkiye Futbol Şampiyonası#45
1946,https://tr.wikipedia.org/wiki/1946_T%C3%BCrkiye_genel_se%C3%A7imleri,1,Türkiye Büyük Millet Meclisi#170
1947,https://tr.wikipedia.org/wiki/1947_T%C3%BCrkiye_Futbol_%C5%9Eampiyonas%C4%B1,1,Türkiye Futbol Şampiyonası#45
EuroBasket 1949,https://tr.wikipedia.org/wiki/1949_Avrupa_Basketbol_%C5%9Eampiyonas%C4%B1,1,Türkiye millî basketbol takımı#15
1949,https://tr.wikipedia.org/wiki/1949_T%C3%BCrkiye_Futbol_%C5%9Eampiyonas%C4%B1,1,Türkiye Futbol Şampiyonası#46
1950,https://tr.wikipedia.org/wiki/1950_T%C3%BCrkiye_Futbol_%C5%9Eampiyonas%C4%B1,1,Türkiye Futbol Şampiyonası#48
1950,https://tr.wikipedia.org/wiki/1950_T%C3%BCrkiye_genel_se%C3%A7imleri,6,Adalet ve Kalkınma Partisi#84;Anıtkabir#56;Cumhuriyet Halk Partisi#10;Cumhuriyet Halk Partisi#44;Türkiye Büyük Millet Meclisi#171
EuroBasket 1951,https://tr.wikipedia.org/wiki/1951_Avrupa_Basketbol_%C5%9Eampiyonas%C4%B1,1,Türkiye millî basketbol takımı#17
1951,https://tr.wikipedia.org/wiki/1951_T%C3%BCrkiye_Futbol_%C5%9Eampiyonas%C4%B1,2,Türkiye Futbol Şampiyonası#48;Türkiye Futbol Şampiyonası#6
1952,https://tr.wikipedia.org/wiki/1952_Yaz_Olimpiyatlar%C4%B1,1,HentbolCard#7
1952,https://tr.wikipedia.org/wiki/1952_Yaz_Olimpiyatlar%C4%B1%27nda_basketbol,1,Türkiye millî basketbol takımı#3
1953,https://tr.wikipedia.org/wiki/1953,1,Gemerek#1
EuroBasket 1955,https://tr.wikipedia.org/wiki/1955_Avrupa_Basketbol_%C5%9Eampiyonas%C4%B1,1,Türkiye millî basketbol takımı#18
EuroBasket 1957,https://tr.wikipedia.org/wiki/1957_Avrupa_Basketbol_%C5%9Eampiyonas%C4%B1,1,Türkiye millî basketbol takımı#21
1957 seçimlerinde,https://tr.wikipedia.org/wiki/1957_T%C3%BCrkiye_genel_se%C3%A7imleri,1,Cumhuriyet Halk Partisi#53
1959 Avrupa Basketbol Şampiyonası,https://tr.wikipedia.org/wiki/1959_Avrupa_Basketbol_%C5%9Eampiyonas%C4%B1,1,Ankara#177
1961 seçimlerinden,https://tr.wikipedia.org/wiki/1961_T%C3%BCrkiye_genel_se%C3%A7imleri,1,Cumhuriyet Halk Partisi#57
1962-63 sezonundan,https://tr.wikipedia.org/wiki/1962-63_T%C3%BCrkiye_Kupas%C4%B1,1,Türkiye Kupası#2
1964 Yaz Olimpiyatlarından,https://tr.wikipedia.org/wiki/1964_Yaz_Olimpiyatlar%C4%B1,1,Voleybol#28
1964,https://tr.wikipedia.org/wiki/1964_Yaz_Olimpiyatlar%C4%B1%27nda_voleybol,1,VoleybolCard#6
1965-66 Türkiye 1. Futbol Ligi,https://tr.wikipedia.org/wiki/1965-66_T%C3%BCrkiye_1._Futbol_Ligi,1,Süper Kupa#15
Beşiktaş U:(https://tr.wikipedia.org/wiki/Be%C5%9Fikta%C5%9F_(futbol_tak%C4%B1m%C4%B1))___ ile ___E:1965-66 Türkiye Kupası,https://tr.wikipedia.org/wiki/1965-66_T%C3%BCrkiye_Kupas%C4%B1,1,Süper Kupa#15
1965 seçimlerine,https://tr.wikipedia.org/wiki/1965_T%C3%BCrkiye_genel_se%C3%A7imleri,1,Cumhuriyet Halk Partisi#59
1966,https://tr.wikipedia.org/wiki/1966_Cumhurba%C5%9Fkanl%C4%B1%C4%9F%C4%B1_Kupas%C4%B1,1,Süper Kupa#15
1967,https://tr.wikipedia.org/wiki/1967_Akdeniz_Oyunlar%C4%B1,1,Türkiye millî basketbol takımı#73
1967,https://tr.wikipedia.org/wiki/1967_Akdeniz_Oyunlar%C4%B1%27nda_basketbol,1,Türkiye millî basketbol takımı#24
1969 genel seçimlerinde,https://tr.wikipedia.org/wiki/1969_T%C3%BCrkiye_genel_se%C3%A7imleri,2,Cumhuriyet Halk Partisi#63;Milliyetçi Hareket Partisi#19
1971 Akdeniz Oyunları,https://tr.wikipedia.org/wiki/1971_Akdeniz_Oyunlar%C4%B1,2,Türkiye millî basketbol takımı#73;İzmir#226
1971,https://tr.wikipedia.org/wiki/1971_Akdeniz_Oyunlar%C4%B1%27nda_basketbol,1,Türkiye millî basketbol takımı#24
1972,https://tr.wikipedia.org/wiki/1972_Yaz_Olimpiyatlar%C4%B1,1,HentbolCard#7
1973,https://tr.wikipedia.org/wiki/1973_T%C3%BCrkiye_genel_se%C3%A7imleri,3,Cumhuriyet Halk Partisi#65;Milliyetçi Hareket Partisi#19;Milliyetçi Hareket Partisi#8
15 Temmuz 1974'te Kıbrıs'ta gerçekleşen darbe,https://tr.wikipedia.org/wiki/1974_K%C4%B1br%C4%B1s_Darbesi,1,Türkiye#112
1977 genel seçimlerinde,https://tr.wikipedia.org/wiki/1977_T%C3%BCrkiye_genel_se%C3%A7imleri,3,Cumhuriyet Halk Partisi#67;Milliyetçi Hareket Partisi#20;Milliyetçi Hareket Partisi#8
1977,https://tr.wikipedia.org/wiki/1977_T%C3%BCrkiye_yerel_se%C3%A7imleri,3,2024 Türkiye yerel seçimleri#127;2024 Türkiye yerel seçimleri#9;Cumhuriyet Halk Partisi#110
1980-81,https://tr.wikipedia.org/wiki/1980-81_Federasyon_Kupas%C4%B1,1,Türkiye Kupası#2
1981,https://tr.wikipedia.org/wiki/1981_Devlet_Ba%C5%9Fkanl%C4%B1%C4%9F%C4%B1_Kupas%C4%B1,1,Süper Kupa#15
1982,https://tr.wikipedia.org/wiki/1982_Devlet_Ba%C5%9Fkanl%C4%B1%C4%9F%C4%B1_Kupas%C4%B1,1,Süper Kupa#15
7 Kasım 1982 Pazar günü yapılan halk oylamasında,https://tr.wikipedia.org/wiki/1982_T%C3%BCrkiye_anayasa_referandumu,2,Türkiye Büyük Millet Meclisi#202;Türkiye#128
1983,https://tr.wikipedia.org/wiki/1983_Akdeniz_Oyunlar%C4%B1,1,Türkiye millî basketbol takımı#73
1983,https://tr.wikipedia.org/wiki/1983_Akdeniz_Oyunlar%C4%B1%27nda_basketbol,1,Türkiye millî basketbol takımı#24
1987 Akdeniz Oyunlarında,https://tr.wikipedia.org/wiki/1987_Akdeniz_Oyunlar%C4%B1,1,Türkiye millî basketbol takımı#73
1987,https://tr.wikipedia.org/wiki/1987_Akdeniz_Oyunlar%C4%B1%27nda_basketbol,2,Türkiye millî basketbol takımı#12;Türkiye millî basketbol takımı#24
1987 referandumundan,https://tr.wikipedia.org/wiki/1987_T%C3%BCrkiye_anayasa_de%C4%9Fi%C5%9Fikli%C4%9Fi_referandumu,1,Milliyetçi Hareket Partisi#39
1989 yerel seçimleriyle,https://tr.wikipedia.org/wiki/1989_T%C3%BCrkiye_yerel_se%C3%A7imleri,1,2024 Türkiye yerel seçimleri#127
1991 Türkiye genel seçimleri,https://tr.wikipedia.org/wiki/1991_T%C3%BCrkiye_genel_se%C3%A7imleri,1,Büyük Birlik Partisi#20
1992-93,https://tr.wikipedia.org/wiki/1992-93_T%C3%BCrkiye_Kupas%C4%B1,1,Türkiye Kupası#2
1993,https://tr.wikipedia.org/wiki/1993_Avrupa_Basketbol_%C5%9Eampiyonas%C4%B1,2,Türkiye millî basketbol takımı#26;Türkiye millî basketbol takımı#79
27 Mart 1994 Mahalli Seçimleri,https://tr.wikipedia.org/wiki/1994_T%C3%BCrkiye_yerel_se%C3%A7imleri,3,Büyük Birlik Partisi#24;Büyük Birlik Partisi#25;Milliyetçi Hareket Partisi#42
EuroBasket 1995,https://tr.wikipedia.org/wiki/1995_Avrupa_Basketbol_%C5%9Eampiyonas%C4%B1,1,Türkiye millî basketbol takımı#26
Aralık 1995 genel seçimlerinde,https://tr.wikipedia.org/wiki/1995_T%C3%BCrkiye_genel_se%C3%A7imleri,2,Büyük Birlik Partisi#25;Milliyetçi Hareket Partisi#43
1996 Yaz Olimpiyatları,https://tr.wikipedia.org/wiki/1996_Yaz_Olimpiyatlar%C4%B1,1,Voleybol#29
EuroBasket 1997,https://tr.wikipedia.org/wiki/1997_Avrupa_Basketbol_%C5%9Eampiyonas%C4%B1,1,Türkiye millî basketbol takımı#26
18 Mayıs 1997 tarihinde gerçekleştirilen parti kongresinde,https://tr.wikipedia.org/wiki/1997_Milliyet%C3%A7i_Hareket_Partisi_Ola%C4%9Fan%C3%BCst%C3%BC_Kongresi,2,Milliyetçi Hareket Partisi#10;Milliyetçi Hareket Partisi#44
1998-99 Türkiye 1. Futbol Ligi,https://tr.wikipedia.org/wiki/1998-99_T%C3%BCrkiye_1._Futbol_Ligi,1,Süper Kupa#5
1998-99 Türkiye Kupası,https://tr.wikipedia.org/wiki/1998-99_T%C3%BCrkiye_Kupas%C4%B1,1,Süper Kupa#5
saldırılar,https://tr.wikipedia.org/wiki/1998_An%C4%B1tkabir_ve_Fatih_Camii_sald%C4%B1r%C4%B1lar%C4%B1_giri%C5%9Fimi,1,Anıtkabir#298
EuroBasket 1999,https://tr.wikipedia.org/wiki/1999_Avrupa_Basketbol_%C5%9Eampiyonas%C4%B1,2,Türkiye millî basketbol takımı#25;Türkiye millî basketbol takımı#26
Gölcük depremi,https://tr.wikipedia.org/wiki/1999_G%C3%B6lc%C3%BCk_depremi,4,Orta Doğu Teknik Üniversitesi#71;Türkiye#223;Türkiye#265;İstanbul#126
1999 Türkiye genel seçimlerinde,https://tr.wikipedia.org/wiki/1999_T%C3%BCrkiye_genel_se%C3%A7imleri,4,Büyük Birlik Partisi#25;Cumhuriyet Halk Partisi#74;Milliyetçi Hareket Partisi#10;Milliyetçi Hareket Partisi#48
1999 yerel seçimlerinde,https://tr.wikipedia.org/wiki/1999_T%C3%BCrkiye_yerel_se%C3%A7imleri,2,Büyük Birlik Partisi#25;Milliyetçi Hareket Partisi#47
"Atatürk'ü Anma, Gençlik ve Spor Bayramı","https://tr.wikipedia.org/wiki/19_May%C4%B1s_Atat%C3%BCrk%27%C3%BC_Anma,_Gen%C3%A7lik_ve_Spor_Bayram%C4%B1",2,Mustafa Kemal Atatürk#835;Mustafa Kemal Atatürk#881
kongrede,https://tr.wikipedia.org/wiki/2._Adalet_ve_Kalk%C4%B1nma_Partisi_Ola%C4%9Fan%C3%BCst%C3%BC_Kongresi,1,Adalet ve Kalkınma Partisi#16
2. Krallar,https://tr.wikipedia.org/wiki/2._Krallar,1,Hititler#258
2. Lig,https://tr.wikipedia.org/wiki/2._Lig,1,Eryaman Stadyumu#1
2. Sargon,https://tr.wikipedia.org/wiki/2._Sargon,1,Asur#31
2. T.C. Hükûmeti,https://tr.wikipedia.org/wiki/2._T%C3%BCrkiye_H%C3%BCk%C3%BBmeti,1,Mustafa Kemal Atatürk#583
2. yüzyıldan,https://tr.wikipedia.org/wiki/2._y%C3%BCzy%C4%B1l,2,Antik Roma#220;Antik Roma#399
20. yüzyılda,https://tr.wikipedia.org/wiki/20._y%C3%BCzy%C4%B1l,2,Antik Roma#211;Antik Roma#272
2000 Avrupa Futbol Şampiyonasında,https://tr.wikipedia.org/wiki/2000_Avrupa_Futbol_%C5%9Eampiyonas%C4%B1,1,Türkiye#394
EuroBasket 2001,https://tr.wikipedia.org/wiki/2001_Avrupa_Basketbol_%C5%9Eampiyonas%C4%B1,6,Ankara#177;Türkiye millî basketbol takımı#14;Türkiye millî basketbol takımı#27;Türkiye millî basketbol takımı#4;Türkiye millî basketbol takımı#74;Türkiye#402
2002 Dünya Basketbol Şampiyonası,https://tr.wikipedia.org/wiki/2002_D%C3%BCnya_Basketbol_%C5%9Eampiyonas%C4%B1,1,2001 Avrupa Basketbol Şampiyonası#14
2002,https://tr.wikipedia.org/wiki/2002_FIBA_D%C3%BCnya_Basketbol_%C5%9Eampiyonas%C4%B1,2,Türkiye millî basketbol takımı#31;Türkiye millî basketbol takımı#80
2002 FIFA Dünya Kupası,https://tr.wikipedia.org/wiki/2002_FIFA_D%C3%BCnya_Kupas%C4%B1,1,Türkiye#394
2002,https://tr.wikipedia.org/wiki/2002_T%C3%BCrkiye_genel_se%C3%A7imleri,8,Adalet ve Kalkınma Partisi#12;Adalet ve Kalkınma Partisi#25;Cumhuriyet Halk Partisi#13;Cumhuriyet Halk Partisi#75;Cumhuriyet Halk Partisi#88;Milliyetçi Hareket Partisi#10;Milliyetçi Hareket Partisi#51;Türkiye Büyük Millet Meclisi#204
2003,https://tr.wikipedia.org/wiki/2003_Avrupa_Basketbol_%C5%9Eampiyonas%C4%B1,1,Türkiye millî basketbol takımı#75
2003 Eurovision Şarkı Yarışması,https://tr.wikipedia.org/wiki/2003_Eurovision_%C5%9Eark%C4%B1_Yar%C4%B1%C5%9Fmas%C4%B1,1,Türkiye#374
2003 FIFA Konfederasyonlar Kupası,https://tr.wikipedia.org/wiki/2003_FIFA_Konfederasyonlar_Kupas%C4%B1,1,Türkiye#394
2003 ara seçimlerine,https://tr.wikipedia.org/wiki/2003_T%C3%BCrkiye_milletvekili_ara_se%C3%A7imleri,1,Adalet ve Kalkınma Partisi#33
2004 Eurovision Şarkı Yarışması,https://tr.wikipedia.org/wiki/2004_Eurovision_%C5%9Eark%C4%B1_Yar%C4%B1%C5%9Fmas%C4%B1,1,İstanbul#449
2004 yerel seçimleri,https://tr.wikipedia.org/wiki/2004_T%C3%BCrkiye_yerel_se%C3%A7imleri,3,Adalet ve Kalkınma Partisi#36;Cumhuriyet Halk Partisi#88;Milliyetçi Hareket Partisi#53
2005-06,https://tr.wikipedia.org/wiki/2005-06_T%C3%BCrkiye_Kupas%C4%B1,1,Türkiye Kupası#2
2005,https://tr.wikipedia.org/wiki/2005_Avrupa_Basketbol_%C5%9Eampiyonas%C4%B1,1,Türkiye millî basketbol takımı#75
2005 Dünya Üniversite Yaz Oyunları,https://tr.wikipedia.org/wiki/2005_D%C3%BCnya_%C3%9Cniversite_Yaz_Oyunlar%C4%B1,1,İzmir#226
2005,https://tr.wikipedia.org/wiki/2005_UEFA_%C5%9Eampiyonlar_Ligi_finali,2,Türkiye#395;İstanbul#481
2006 FIBA Dünya Basketbol Şampiyonası,https://tr.wikipedia.org/wiki/2006_FIBA_D%C3%BCnya_Basketbol_%C5%9Eampiyonas%C4%B1,1,Türkiye millî basketbol takımı#82
2006,https://tr.wikipedia.org/wiki/2006_T%C3%BCrkiye_S%C3%BCper_Kupas%C4%B1,1,Süper Kupa#3
2007,https://tr.wikipedia.org/wiki/2007_Avrupa_Basketbol_%C5%9Eampiyonas%C4%B1,1,Türkiye millî basketbol takımı#75
halk oylamasında,https://tr.wikipedia.org/wiki/2007_T%C3%BCrkiye_anayasa_de%C4%9Fi%C5%9Fikli%C4%9Fi_referandumu,3,Adalet ve Kalkınma Partisi#44;Cumhuriyet Halk Partisi#86;Türkiye Büyük Millet Meclisi#218
2007 cumhurbaşkanlığı seçimleri,https://tr.wikipedia.org/wiki/2007_T%C3%BCrkiye_cumhurba%C5%9Fkanl%C4%B1%C4%9F%C4%B1_se%C3%A7imi,3,Cumhuriyet Halk Partisi#86;Milliyetçi Hareket Partisi#12;Türkiye Büyük Millet Meclisi#206
2007,https://tr.wikipedia.org/wiki/2007_T%C3%BCrkiye_genel_se%C3%A7imleri,7,Adalet ve Kalkınma Partisi#12;Adalet ve Kalkınma Partisi#38;Büyük Birlik Partisi#25;Cumhuriyet Halk Partisi#80;Cumhuriyet Halk Partisi#88;Milliyetçi Hareket Partisi#11;Milliyetçi Hareket Partisi#54
2008-09,https://tr.wikipedia.org/wiki/2008-09_T%C3%BCrkiye_Kupas%C4%B1,1,Türkiye Kupası#3
2008 Avrupa Futbol Şampiyonasında,https://tr.wikipedia.org/wiki/2008_Avrupa_Futbol_%C5%9Eampiyonas%C4%B1,1,Türkiye#394
2009-10,https://tr.wikipedia.org/wiki/2009-10_T%C3%BCrkiye_Kupas%C4%B1,1,Türkiye Kupası#3
2009 Akdeniz Oyunlarında,https://tr.wikipedia.org/wiki/2009_Akdeniz_Oyunlar%C4%B1,1,Türkiye millî basketbol takımı#73
2009 Eurobasket,https://tr.wikipedia.org/wiki/2009_Avrupa_Basketbol_%C5%9Eampiyonas%C4%B1,1,Türkiye millî basketbol takımı#76
2009,https://tr.wikipedia.org/wiki/2009_T%C3%BCrkiye_S%C3%BCper_Kupas%C4%B1,1,Süper Kupa#10
2009 yerel seçimlerinde,https://tr.wikipedia.org/wiki/2009_T%C3%BCrkiye_yerel_se%C3%A7imleri,6,2014 Türkiye yerel seçimleri#2;Adalet ve Kalkınma Partisi#47;Büyük Birlik Partisi#25;Büyük Birlik Partisi#28;Cumhuriyet Halk Partisi#88;Milliyetçi Hareket Partisi#55
2009,https://tr.wikipedia.org/wiki/2009_UEFA_Kupas%C4%B1_finali,2,Türkiye#395;İstanbul#481
2010 FIBA Dünya Basketbol Şampiyonası,https://tr.wikipedia.org/wiki/2010_FIBA_D%C3%BCnya_Basketbol_%C5%9Eampiyonas%C4%B1,8,Ankara Spor Salonu#1;Ankara Spor Salonu#3;Ankara Spor Salonu#6;Ankara#179;Türkiye millî basketbol takımı#14;Türkiye millî basketbol takımı#4;Türkiye millî basketbol takımı#86;Türkiye#402
2010 Türkiye anayasa değişikliği referandumuna,https://tr.wikipedia.org/wiki/2010_T%C3%BCrkiye_anayasa_de%C4%9Fi%C5%9Fikli%C4%9Fi_referandumu,2,Cumhuriyet Halk Partisi#92;Türkiye Büyük Millet Meclisi#203
2011-12,https://tr.wikipedia.org/wiki/2011-12_T%C3%BCrkiye_Kupas%C4%B1,1,Türkiye Kupası#6
2011,https://tr.wikipedia.org/wiki/2011_Avrupa_Basketbol_%C5%9Eampiyonas%C4%B1,2,Türkiye millî basketbol takımı#78;Türkiye millî basketbol takımı#79
şike davası,https://tr.wikipedia.org/wiki/2011_T%C3%BCrk_futbolu_%C5%9Fike_davas%C4%B1,1,Süper Kupa#20
2011,https://tr.wikipedia.org/wiki/2011_T%C3%BCrkiye_genel_se%C3%A7imleri,6,Adalet ve Kalkınma Partisi#12;Adalet ve Kalkınma Partisi#53;Adalet ve Kalkınma Partisi#97;Büyük Birlik Partisi#25;Cumhuriyet Halk Partisi#93;Milliyetçi Hareket Partisi#58
2012-13,https://tr.wikipedia.org/wiki/2012-13_T%C3%BCrkiye_Kupas%C4%B1,1,Türkiye Kupası#7
2013-14 EuroLeague Women,https://tr.wikipedia.org/wiki/2013-14_EuroLeague_Women,1,Türkiye#405
2013 Eurobasket,https://tr.wikipedia.org/wiki/2013_Avrupa_Basketbol_%C5%9Eampiyonas%C4%B1,1,Türkiye millî basketbol takımı#79
2013,https://tr.wikipedia.org/wiki/2013_FIFA_20_Ya%C5%9F_Alt%C4%B1_D%C3%BCnya_Kupas%C4%B1,1,Türkiye#395
final,https://tr.wikipedia.org/wiki/2013_FIFA_20_Ya%C5%9F_Alt%C4%B1_D%C3%BCnya_Kupas%C4%B1_finali,1,Türkiye#395
Muhammed Mursi'nin devrilmesinden,https://tr.wikipedia.org/wiki/2013_M%C4%B1s%C4%B1r_asker%C3%AE_darbesi,1,Türkiye#187
2014 FIBA Dünya Kupası,https://tr.wikipedia.org/wiki/2014_FIBA_Basketbol_D%C3%BCnya_Kupas%C4%B1,1,Türkiye millî basketbol takımı#33
2014 Türkiye cumhurbaşkanlığı seçiminde,https://tr.wikipedia.org/wiki/2014_T%C3%BCrkiye_cumhurba%C5%9Fkanl%C4%B1%C4%9F%C4%B1_se%C3%A7imi,3,Adalet ve Kalkınma Partisi#13;Cumhuriyet Halk Partisi#95;Türkiye#116
2014 Türkiye yerel seçimlerinin,https://tr.wikipedia.org/wiki/2014_T%C3%BCrkiye_yerel_se%C3%A7imleri,7,Adalet ve Kalkınma Partisi#54;Ankara#72;Kayseri#40;Konya#53;Milliyetçi Hareket Partisi#59;İzmir#154
2016,https://tr.wikipedia.org/wiki/2015-16_ULEB_EuroCup,1,Türkiye#399
2015,https://tr.wikipedia.org/wiki/2015_T%C3%BCrkiye_S%C3%BCper_Kupas%C4%B1,1,Süper Kupa#10
2016 yılındaki darbe girişimi takip eden tasfiyeler,https://tr.wikipedia.org/wiki/2016-18_T%C3%BCrkiye_tasfiyeleri,1,Türkiye#201
6. Olağanüstü Büyük Kongresi,https://tr.wikipedia.org/wiki/2016_Milliyet%C3%A7i_Hareket_Partisi_Ola%C4%9Fan%C3%BCst%C3%BC_Kongresi,2,Milliyetçi Hareket Partisi#14;Milliyetçi Hareket Partisi#66
Darüşşafaka U:(https://tr.wikipedia.org/wiki/Dar%C3%BC%C5%9F%C5%9Fafaka_(basketbol_tak%C4%B1m%C4%B1))___ ise ___E:2018,https://tr.wikipedia.org/wiki/2017-18_EuroCup,1,Türkiye#399
2017 Avrupa Basketbol Şampiyonası,https://tr.wikipedia.org/wiki/2017_Avrupa_Basketbol_%C5%9Eampiyonas%C4%B1,1,Türkiye millî basketbol takımı#34
2017 Anayasa değişikliği referandumundan,https://tr.wikipedia.org/wiki/2017_T%C3%BCrkiye_anayasa_de%C4%9Fi%C5%9Fikli%C4%9Fi_referandumu,5,Adalet ve Kalkınma Partisi#68;Cumhuriyet Halk Partisi#97;Milliyetçi Hareket Partisi#14;Türkiye Büyük Millet Meclisi#219;Türkiye#116
2018 Türkiye cumhurbaşkanlığı seçimlerinde,https://tr.wikipedia.org/wiki/2018_T%C3%BCrkiye_cumhurba%C5%9Fkanl%C4%B1%C4%9F%C4%B1_se%C3%A7imi,1,Milliyetçi Hareket Partisi#72
2018 genel seçimlerinde,https://tr.wikipedia.org/wiki/2018_T%C3%BCrkiye_genel_se%C3%A7imleri,5,Adalet ve Kalkınma Partisi#17;Cumhuriyet Halk Partisi#99;Milliyetçi Hareket Partisi#14;Milliyetçi Hareket Partisi#72;Türkiye Büyük Millet Meclisi#219
2019-20 Süper Lig,https://tr.wikipedia.org/wiki/2019-20_S%C3%BCper_Lig,1,Süper Kupa#24
2019-20 Türkiye Kupası,https://tr.wikipedia.org/wiki/2019-20_T%C3%BCrkiye_Kupas%C4%B1,1,Süper Kupa#24
YSK U:(https://tr.wikipedia.org/wiki/Y%C3%BCksek_Se%C3%A7im_Kurulu_(T%C3%BCrkiye))___ tarafından iptal edildi  ve seçimler ___E:23 Haziran 2019,https://tr.wikipedia.org/wiki/2019_%C4%B0stanbul_ara_yerel_se%C3%A7imi,2,Adalet ve Kalkınma Partisi#78;Cumhuriyet Halk Partisi#102
2019 FIBA Dünya Kupası,https://tr.wikipedia.org/wiki/2019_FIBA_Basketbol_D%C3%BCnya_Kupas%C4%B1,1,Türkiye millî basketbol takımı#41
2019 yerel seçimleri,https://tr.wikipedia.org/wiki/2019_T%C3%BCrkiye_yerel_se%C3%A7imleri,4,Adalet ve Kalkınma Partisi#82;Ankara Büyükşehir Belediyesi#1;Cumhuriyet Halk Partisi#101;Milliyetçi Hareket Partisi#73
2019,https://tr.wikipedia.org/wiki/2019_UEFA_S%C3%BCper_Kupas%C4%B1,2,Türkiye#395;İstanbul#481
Trabzonspor U:(https://tr.wikipedia.org/wiki/Trabzonspor_(futbol_tak%C4%B1m%C4%B1))___ rakibini 2-1 mağlup ederek 9. kupasına ulaşmış oldu. 2021 Türkiye Süper Kupası ya da sponsorluk anlaşması gereği 2021 Turkcell Süper Kupa ___E:2020-21 Süper Lig,https://tr.wikipedia.org/wiki/2020-21_S%C3%BCper_Lig,1,Süper Kupa#25
2020-21 Türkiye Kupası,https://tr.wikipedia.org/wiki/2020-21_T%C3%BCrkiye_Kupas%C4%B1,2,Süper Kupa#25
2020 Şampiyonlar Ligi Finali,https://tr.wikipedia.org/wiki/2020_UEFA_%C5%9Eampiyonlar_Ligi_finali,1,İstanbul#481
"Beşiktaş U:(https://tr.wikipedia.org/wiki/Be%C5%9Fikta%C5%9F_(futbol_tak%C4%B1m%C4%B1))___ kupayı 9. kez müzesine götürme başarısı elde etmiştir. 2022 Türkiye Süper Kupası ya da sponsorluk anlaşması gereği 2022 Turkcell Süper Kupa, ___E:2021-22 Süper Lig",https://tr.wikipedia.org/wiki/2021-22_S%C3%BCper_Lig,1,Süper Kupa#26
Trabzonspor U:(https://tr.wikipedia.org/wiki/Trabzonspor_(futbol_tak%C4%B1m%C4%B1))___ ile ___E:2021-22 Türkiye Kupası,https://tr.wikipedia.org/wiki/2021-22_T%C3%BCrkiye_Kupas%C4%B1,1,Süper Kupa#26
2021 FIVB Kadınlar Dünya Kulüpler Şampiyonası,https://tr.wikipedia.org/wiki/2021_FIVB_Kad%C4%B1nlar_D%C3%BCnya_Kul%C3%BCpler_%C5%9Eampiyonas%C4%B1,1,Ankara Spor Salonu#7
2021,https://tr.wikipedia.org/wiki/2021_T%C3%BCrkiye_S%C3%BCper_Kupas%C4%B1,1,Süper Kupa#10
"Afganistan İslam Emirliği U:(https://tr.wikipedia.org/wiki/Afganistan_%C4%B0slam_Emirli%C4%9Fi_(1996-2001))___ ) tarafından fiili olarak yönetildi. ülke, ___E:Taliban'ın ülkeyi ele geçirdiği",https://tr.wikipedia.org/wiki/2021_Taliban_sald%C4%B1r%C4%B1s%C4%B1,1,İslam devleti#62
2022-23,https://tr.wikipedia.org/wiki/2022-23_EuroLeague_Women,1,Türkiye#406
2022 Avrupa Basketbol Şampiyonası,https://tr.wikipedia.org/wiki/2022_Avrupa_Basketbol_%C5%9Eampiyonas%C4%B1,2,Türkiye millî basketbol takımı#47;Türkiye millî basketbol takımı#53
2023-24,https://tr.wikipedia.org/wiki/2023-24_EuroLeague_Women,1,Türkiye#406
Avrupa Şampiyonluğu,https://tr.wikipedia.org/wiki/2023_Avrupa_Kad%C4%B1nlar_Voleybol_%C5%9Eampiyonas%C4%B1,1,Türkiye#408
2023 FIBA Dünya Kupası,https://tr.wikipedia.org/wiki/2023_FIBA_Basketbol_D%C3%BCnya_Kupas%C4%B1,1,Türkiye millî basketbol takımı#58
Milletler Ligi Şampiyonluğu,https://tr.wikipedia.org/wiki/2023_FIVB_Kad%C4%B1nlar_Voleybol_Milletler_Ligi,1,Türkiye#408
Olimpiyat Elemelerinde,https://tr.wikipedia.org/wiki/2023_FIVB_Kad%C4%B1nlar_Voleybol_Olimpiyat_Eleme_Turnuvalar%C4%B1,1,Türkiye#408
Gaziantep-Kahramanmaraş depremleri,https://tr.wikipedia.org/wiki/2023_Kahramanmara%C5%9F_depremleri,2,Cumhuriyet Halk Partisi#104;İstanbul#514
Süper Kupa 2023 finali,https://tr.wikipedia.org/wiki/2023_T%C3%BCrkiye_S%C3%BCper_Kupas%C4%B1,1,Süper Kupa#28
2023 verilerine,https://tr.wikipedia.org/wiki/2023_T%C3%BCrkiye_adrese_dayal%C4%B1_n%C3%BCfus_kay%C4%B1t_sistemi_sonu%C3%A7lar%C4%B1,1,İzmir#170
2023 Türkiye cumhurbaşkanlığı seçimi,https://tr.wikipedia.org/wiki/2023_T%C3%BCrkiye_cumhurba%C5%9Fkanl%C4%B1%C4%9F%C4%B1_se%C3%A7imi,6,2024 Türkiye yerel seçimleri#2;Mansur Yavaş#20;Mansur Yavaş#23;Mansur Yavaş#4;Milliyetçi Hareket Partisi#75;Yeniden Refah Partisi#11
14 Mayıs 2023 genel seçimlerinde,https://tr.wikipedia.org/wiki/2023_T%C3%BCrkiye_genel_se%C3%A7imleri,10,2024 Türkiye yerel seçimleri#2;2024 Türkiye yerel seçimleri#24;Adalet ve Kalkınma Partisi#17;Adalet ve Kalkınma Partisi#84;Cumhuriyet Halk Partisi#103;Milliyetçi Hareket Partisi#75;Türkiye Büyük Millet MeclisiCard#17;Türkiye#159;Yeniden Refah Partisi#19;Yeniden Refah Partisi#5
2023,https://tr.wikipedia.org/wiki/2023_UEFA_%C5%9Eampiyonlar_Ligi_finali,2,Türkiye#395;İstanbul#481
2024 Avrupa Futbol Şampiyonasında,https://tr.wikipedia.org/wiki/2024_Avrupa_Futbol_%C5%9Eampiyonas%C4%B1,1,Türkiye#394
2024 nüfus istatistiklerine göre,https://tr.wikipedia.org/wiki/2024_T%C3%BCrkiye_adrese_dayal%C4%B1_n%C3%BCfus_kay%C4%B1t_sistemi_sonu%C3%A7lar%C4%B1,1,Şarkışla#2
2024 yerel seçimlerinde,https://tr.wikipedia.org/wiki/2024_T%C3%BCrkiye_yerel_se%C3%A7imleri,9,Adalet ve Kalkınma Partisi#12;Adalet ve Kalkınma Partisi#89;Ankara#199;Cumhuriyet Halk Partisi#110;Mansur Yavaş#22;Milliyetçi Hareket Partisi#76;Yeniden Refah Partisi#26;Yeniden Refah Partisi#5
2025 Avrupa Basketbol Şampiyonası,https://tr.wikipedia.org/wiki/2025_Avrupa_Basketbol_%C5%9Eampiyonas%C4%B1,2,Türkiye millî basketbol takımı#4;Türkiye millî basketbol takımı#65
ön seçime,https://tr.wikipedia.org/wiki/2025_Cumhuriyet_Halk_Partisi_cumhurba%C5%9Fkanl%C4%B1%C4%9F%C4%B1_%C3%B6n_se%C3%A7imi,1,Mansur Yavaş#25
2026 UEFA Avrupa Ligi finaline,https://tr.wikipedia.org/wiki/2026_UEFA_Avrupa_Ligi_finali,1,İstanbul#481
2032,https://tr.wikipedia.org/wiki/2032_Avrupa_Futbol_%C5%9Eampiyonas%C4%B1,1,Türkiye#395
20 Mayıs ayaklanmalarının,https://tr.wikipedia.org/wiki/20_May%C4%B1s_1963_Ayaklanmas%C4%B1,1,Ulucanlar Cezaevi Müzesi#8
askerî müdahalesi,https://tr.wikipedia.org/wiki/20_May%C4%B1s_1969_asker%C3%AE_m%C3%BCdahalesi,1,Anıtkabir#76
21. yüzyıla,https://tr.wikipedia.org/wiki/21._y%C3%BCzy%C4%B1l,1,Augustus Tapınağı#4
22 Şubat,https://tr.wikipedia.org/wiki/22_%C5%9Eubat_1962_Ayaklanmas%C4%B1,1,Ulucanlar Cezaevi Müzesi#8
Ulusal Egemenlik ve Çocuk Bayramı,https://tr.wikipedia.org/wiki/23_Nisan_Ulusal_Egemenlik_ve_%C3%87ocuk_Bayram%C4%B1,1,Mustafa Kemal Atatürk#881
26°,https://tr.wikipedia.org/wiki/26._do%C4%9Fu_meridyeni,1,Türkiye#207
27 Mayıs 1960,https://tr.wikipedia.org/wiki/27_May%C4%B1s_Darbesi,8,Cumhuriyet Halk Partisi#10;Cumhuriyet Halk Partisi#54;Cumhuriyet Müzesi#4;Orta Doğu Teknik Üniversitesi#21;Türkiye Büyük Millet Meclisi#193;Türkiye Büyük Millet Meclisi#197;Türkiye Büyük Millet MeclisiCard#3;Türkiye#115
1997,https://tr.wikipedia.org/wiki/28_%C5%9Eubat_S%C3%BCreci,2,Cumhuriyet Halk Partisi#73;Türkiye#115
29 Ekim 1923,https://tr.wikipedia.org/wiki/29_Ekim_Cumhuriyet_Bayram%C4%B1,2,Anıtkabir#298;Mustafa Kemal Atatürk#8
3. T.C. Hükûmeti,https://tr.wikipedia.org/wiki/3._T%C3%BCrkiye_H%C3%BCk%C3%BBmeti,1,Mustafa Kemal Atatürk#583
3. yüzyıl,https://tr.wikipedia.org/wiki/3._y%C3%BCzy%C4%B1l,2,Antik Yunanistan#21;Çorba#5
31 Mart Vakası,https://tr.wikipedia.org/wiki/31_Mart_Vakas%C4%B1,3,Mustafa Kemal Atatürk#91;Osmanlı İmparatorluğu#279;Türkiye Büyük Millet Meclisi#56
1. Nihat Erim hükûmeti,https://tr.wikipedia.org/wiki/33._T%C3%BCrkiye_H%C3%BCk%C3%BBmeti,1,Orta Doğu Teknik Üniversitesi#294
36°,https://tr.wikipedia.org/wiki/36._kuzey_enlemi,1,Türkiye#207
koalisyonu,https://tr.wikipedia.org/wiki/37._T%C3%BCrkiye_H%C3%BCk%C3%BBmeti,1,Cumhuriyet Halk Partisi#66
I. Milliyetçi Cephe Hükûmeti,https://tr.wikipedia.org/wiki/39._T%C3%BCrkiye_H%C3%BCk%C3%BBmeti,1,Milliyetçi Hareket Partisi#19
4. T.C. Hükûmeti,https://tr.wikipedia.org/wiki/4._T%C3%BCrkiye_H%C3%BCk%C3%BBmeti,1,Mustafa Kemal Atatürk#583
4. yüzyıl,https://tr.wikipedia.org/wiki/4._y%C3%BCzy%C4%B1l,3,Antik Roma#359;Antik Roma#57;Bizans İmparatorluğu#3
II. Milliyetçi Cephe Hükûmeti,https://tr.wikipedia.org/wiki/41._T%C3%BCrkiye_H%C3%BCk%C3%BBmeti,2,Milliyetçi Hareket Partisi#20;Orta Doğu Teknik Üniversitesi#331
42°,https://tr.wikipedia.org/wiki/42._kuzey_enlemi,1,Türkiye#207
45°,https://tr.wikipedia.org/wiki/45._do%C4%9Fu_meridyeni,1,Türkiye#207
koalisyon,https://tr.wikipedia.org/wiki/49._T%C3%BCrkiye_H%C3%BCk%C3%BBmeti,1,Cumhuriyet Halk Partisi#73
5. T.C. Hükûmeti,https://tr.wikipedia.org/wiki/5._T%C3%BCrkiye_H%C3%BCk%C3%BBmeti,1,Mustafa Kemal Atatürk#583
5. yüzyılda,https://tr.wikipedia.org/wiki/5._y%C3%BCzy%C4%B1l,6,Antik Roma#4;Augustus Tapınağı#7;Binicilik#9;Bizans İmparatorluğu#1;Güreş#17;Roma İmparatorluğu#430
hükûmet,https://tr.wikipedia.org/wiki/50._T%C3%BCrkiye_H%C3%BCk%C3%BBmeti,1,Cumhuriyet Halk Partisi#73
50 Yılda 50 Eser,https://tr.wikipedia.org/wiki/50._Y%C4%B1lda_50_Eser,1,Orta Doğu Teknik Üniversitesi#140
lerinde,https://tr.wikipedia.org/wiki/52._T%C3%BCrkiye_H%C3%BCk%C3%BBmeti,1,Cumhuriyet Halk Partisi#73
MS 549,https://tr.wikipedia.org/wiki/549,1,Antik Roma#271
koalisyon hükûmetini,https://tr.wikipedia.org/wiki/55._T%C3%BCrkiye_H%C3%BCk%C3%BBmeti,1,Cumhuriyet Halk Partisi#73
V. Ecevit Hükûmeti,https://tr.wikipedia.org/wiki/57._T%C3%BCrkiye_H%C3%BCk%C3%BBmeti,2,Milliyetçi Hareket Partisi#10;Milliyetçi Hareket Partisi#49
58.,https://tr.wikipedia.org/wiki/58._T%C3%BCrkiye_H%C3%BCk%C3%BBmeti,2,Adalet ve Kalkınma Partisi#152;Adalet ve Kalkınma Partisi#28
59.,https://tr.wikipedia.org/wiki/59._T%C3%BCrkiye_H%C3%BCk%C3%BBmeti,2,Adalet ve Kalkınma Partisi#152;Adalet ve Kalkınma Partisi#35
6-7 Eylül Olayları,https://tr.wikipedia.org/wiki/6-7_Eyl%C3%BCl_Olaylar%C4%B1,1,İstanbul#240
6. T.C. Hükûmeti,https://tr.wikipedia.org/wiki/6._T%C3%BCrkiye_H%C3%BCk%C3%BBmeti,1,Mustafa Kemal Atatürk#583
6. yüzyıla,https://tr.wikipedia.org/wiki/6._y%C3%BCzy%C4%B1l,1,Bizans İmparatorluğu#3
60.,https://tr.wikipedia.org/wiki/60._T%C3%BCrkiye_H%C3%BCk%C3%BBmeti,1,Adalet ve Kalkınma Partisi#152
60 metre,https://tr.wikipedia.org/wiki/60_metre,1,Atletizm#77
61.,https://tr.wikipedia.org/wiki/61._T%C3%BCrkiye_H%C3%BCk%C3%BBmeti,1,Adalet ve Kalkınma Partisi#152
62.,https://tr.wikipedia.org/wiki/62._T%C3%BCrkiye_H%C3%BCk%C3%BBmeti,1,Adalet ve Kalkınma Partisi#152
63.,https://tr.wikipedia.org/wiki/63._T%C3%BCrkiye_H%C3%BCk%C3%BBmeti,1,Adalet ve Kalkınma Partisi#152
64.,https://tr.wikipedia.org/wiki/64._T%C3%BCrkiye_H%C3%BCk%C3%BBmeti,1,Adalet ve Kalkınma Partisi#152
65.,https://tr.wikipedia.org/wiki/65._T%C3%BCrkiye_H%C3%BCk%C3%BBmeti,2,Adalet ve Kalkınma Partisi#152;Adalet ve Kalkınma Partisi#17
66.,https://tr.wikipedia.org/wiki/66._T%C3%BCrkiye_H%C3%BCk%C3%BBmeti,2,Adalet ve Kalkınma Partisi#152;Adalet ve Kalkınma Partisi#17
67. Hükûmeti,https://tr.wikipedia.org/wiki/67._T%C3%BCrkiye_H%C3%BCk%C3%BBmeti,2,Adalet ve Kalkınma Partisi#17;Milliyetçi Hareket Partisi#3
7. T.C. Hükûmeti,https://tr.wikipedia.org/wiki/7._T%C3%BCrkiye_H%C3%BCk%C3%BBmeti,1,Mustafa Kemal Atatürk#583
7. yüzyıla,https://tr.wikipedia.org/wiki/7._y%C3%BCzy%C4%B1l,1,Galatlar#2
8. T.C. Hükûmeti,https://tr.wikipedia.org/wiki/8._T%C3%BCrkiye_H%C3%BCk%C3%BBmeti,1,Mustafa Kemal Atatürk#583
8. yüzyılda,https://tr.wikipedia.org/wiki/8._y%C3%BCzy%C4%B1l,1,Antik Roma#62
9. yüzyıldan,https://tr.wikipedia.org/wiki/9._y%C3%BCzy%C4%B1l,2,Antik Roma#62;Pavlusçuluk#12
1877-78 Osmanlı-Rus Savaşı,https://tr.wikipedia.org/wiki/93_Harbi,4,Mustafa Kemal Atatürk#50;Osmanlı İmparatorluğu#278;Türkiye Büyük Millet Meclisi#51;Türkiye#83
Dokuz Işık,https://tr.wikipedia.org/wiki/9_I%C5%9F%C4%B1k_Doktrini,1,Milliyetçi Hareket Partisi#78
açı,https://tr.wikipedia.org/wiki/A%C3%A7%C4%B1,1,Çapa (denizcilik)#8
Açık hava müzesi,https://tr.wikipedia.org/wiki/A%C3%A7%C4%B1k_hava_m%C3%BCzesi,2,Altınköy Açık Hava MüzesiCard#3;Ankara Roma HamamıCard#5
Açe Sultanlığı,https://tr.wikipedia.org/wiki/A%C3%A7e_Sultanl%C4%B1%C4%9F%C4%B1,1,Türkiye#86
ağırşaklar,https://tr.wikipedia.org/wiki/A%C4%9F%C4%B1r%C5%9Fak,1,Frigler#124
ağızdan,https://tr.wikipedia.org/wiki/A%C4%9F%C4%B1z,1,Türkçe#215
ağaç,https://tr.wikipedia.org/wiki/A%C4%9Fa%C3%A7,3,Gıda#24;Orman#1;Taş Devri#6
Ağaçören,https://tr.wikipedia.org/wiki/A%C4%9Fa%C3%A7%C3%B6ren,2,Şereflikoçhisar#19;Şereflikoçhisar#2
Ağaç Ayak,https://tr.wikipedia.org/wiki/A%C4%9Fa%C3%A7_Ayak_Camii,1,Sultan Alaeddin Camii#14
"porsuk U:(https://tr.wikipedia.org/wiki/Porsuk_(hayvan))___ , ___E:ağaç sansarı",https://tr.wikipedia.org/wiki/A%C4%9Fa%C3%A7_sansar%C4%B1,1,İstanbul#187
Ağa Han Mimarlık Ödülü,https://tr.wikipedia.org/wiki/A%C4%9Fa_Han_Mimarl%C4%B1k_%C3%96d%C3%BCl%C3%BC,1,Orta Doğu Teknik Üniversitesi#145
ağda,https://tr.wikipedia.org/wiki/A%C4%9Fda,1,Çorum#30
Ağrı,https://tr.wikipedia.org/wiki/A%C4%9Fr%C4%B1,8,2014 Türkiye yerel seçimleri#21;2014 Türkiye yerel seçimleri#33;2024 Türkiye yerel seçimleri#20;2024 Türkiye yerel seçimleri#24;Balâ#24;Fırat#2;Türk Kurtuluş Savaşı#220;Türkiye#320
Ağrı Dağı,https://tr.wikipedia.org/wiki/A%C4%9Fr%C4%B1_Da%C4%9F%C4%B1,1,Türkiye#216
aş,https://tr.wikipedia.org/wiki/A%C5%9F,1,Tutmaç çorbası#1
Aşık oyunu,https://tr.wikipedia.org/wiki/A%C5%9F%C4%B1k_oyunu,2,Lidyalılar#31;Şereflikoçhisar#34
Aşıkoğlu,"https://tr.wikipedia.org/wiki/A%C5%9F%C4%B1ko%C4%9Flu,_Bal%C3%A2",4,Balâ#17;Balâ#20;Balâ#27;Balâ#28
aşırı milliyetçi,https://tr.wikipedia.org/wiki/A%C5%9F%C4%B1r%C4%B1_milliyet%C3%A7ilik,1,Milliyetçi Hareket Partisi#4
Aşırı sağ,https://tr.wikipedia.org/wiki/A%C5%9F%C4%B1r%C4%B1_sa%C4%9F,6,Adalet ve Kalkınma Partisi#7;Büyük Birlik PartisiCard#12;Milliyetçi Hareket Partisi#4;Milliyetçi Hareket Partisi#79;Milliyetçi Hareket PartisiCard#16;Yeniden Refah PartisiCard#12
Aşağıhacıbekir,"https://tr.wikipedia.org/wiki/A%C5%9Fa%C4%9F%C4%B1hac%C4%B1bekir,_Bala",1,Balâ#27
Aşağıyurtçu,"https://tr.wikipedia.org/wiki/A%C5%9Fa%C4%9F%C4%B1yurt%C3%A7u,_Etimesgut",1,Yenimahalle#8
ağır vergiler,https://tr.wikipedia.org/wiki/A%C5%9Far,2,Mustafa Kemal Atatürk#14;Mustafa Kemal Atatürk#588
Aşk,https://tr.wikipedia.org/wiki/A%C5%9Fk,2,Antik Yunanistan#284;Osmanlı İmparatorluğu#537
Aşkenaz,https://tr.wikipedia.org/wiki/A%C5%9Fkenaz_Yahudileri,2,İstanbul#225;İstanbul#245
ABET,https://tr.wikipedia.org/wiki/ABET,2,Orta Doğu Teknik Üniversitesi#116;Orta Doğu Teknik Üniversitesi#81
AIESEC,https://tr.wikipedia.org/wiki/AIESEC,1,Orta Doğu Teknik Üniversitesi#115
AK Parti Gençlik Kolları,https://tr.wikipedia.org/wiki/AK_Parti_Gen%C3%A7lik_Kollar%C4%B1,1,Adalet ve Kalkınma PartisiCard#13
ANKAmall,https://tr.wikipedia.org/wiki/ANKAmall,2,Anıtkabir#312;Yenimahalle#18
ASALA,https://tr.wikipedia.org/wiki/ASALA,1,Ulucanlar Cezaevi Müzesi#9
ASELSAN,https://tr.wikipedia.org/wiki/ASELSAN,1,Türkiye#301
ASKİ,https://tr.wikipedia.org/wiki/ASK%C4%B0,1,Ankara Büyükşehir Belediyesi#21
ATV,https://tr.wikipedia.org/wiki/ATV,2,Söğütözü#2;İstanbul#522
a Haber,https://tr.wikipedia.org/wiki/A_Haber,1,İstanbul#522
A vitaminide,https://tr.wikipedia.org/wiki/A_vitamini,1,Zeytinyağı#6
Aachen,https://tr.wikipedia.org/wiki/Aachen,2,Bizans İmparatorluğu#417;Roma imparatoru#35
Abşeron Yarımadası,https://tr.wikipedia.org/wiki/Ab%C5%9Feron_Yar%C4%B1madas%C4%B1,1,Kafkasya#11
Abant,https://tr.wikipedia.org/wiki/Abant_G%C3%B6l%C3%BC,1,Karadeniz Bölgesi#60
Abay Dağlı,https://tr.wikipedia.org/wiki/Abay_Da%C4%9Fl%C4%B1,1,Türk Kurtuluş Savaşı#267
Abazaca,https://tr.wikipedia.org/wiki/Abazaca,1,Türkiye#328
Abazlı,"https://tr.wikipedia.org/wiki/Abazl%C4%B1,_Bala",1,Balâ#27
Abbasi,https://tr.wikipedia.org/wiki/Abb%C3%A2s%C3%AEler,14,Ahameniş İmparatorluğu#281;Ahameniş İmparatorluğu#431;Anadolu Selçuklu Devleti#27;Bizans İmparatorluğu#146;Büyük Selçuklu İmparatorluğu#161;Büyük Selçuklu İmparatorluğu#51;Madenî para#87;Malazgirt Meydan Muharebesi#115;Mutasım#1;MutasımCard#8;Osmanlı Hanedanı#24;Osmanlı Hanedanı#25;Osmanlı İmparatorluğu#343;İslam devleti#15
Abbasiler,https://tr.wikipedia.org/wiki/Abbasiler,1,Mutasım#37
Abdülaziz,https://tr.wikipedia.org/wiki/Abd%C3%BClaziz,4,Osmanlı İmparatorluğu#375;Osmanlı İmparatorluğu#629;İstanbul#342;İzmir#119
Abdülkerim Paşa,https://tr.wikipedia.org/wiki/Abd%C3%BClkerim_Pa%C5%9Fa,1,Mustafa Kemal Atatürk#384
savunuyorlar,https://tr.wikipedia.org/wiki/Abd%C3%BClkerim_S%C3%BCru%C5%9F,1,İslam devleti#68
Sultan Abdülmecid,https://tr.wikipedia.org/wiki/Abd%C3%BClmecid,8,Madenî para#89;Mehmet Akif Ersoy Müze Evi#8;Osmanlı İmparatorluğu#275;Osmanlı İmparatorluğu#32;Osmanlı İmparatorluğu#375;İstanbul#500;İstanbul#540;İzmir#111
Abdülmecid Efendi,https://tr.wikipedia.org/wiki/Abd%C3%BClmecid_Efendi,7,Ankara Resim ve Heykel Müzesi#24;Ankara Resim ve Heykel Müzesi#3;Mustafa Kemal Atatürk#789;Osmanlı Hanedanı#29;Osmanlı İmparatorluğuCard#13;Türk Kurtuluş Savaşı#198;İstanbul#231
Abdülmelik,https://tr.wikipedia.org/wiki/Abd%C3%BClmelik,1,Kayseri#20
Abdal,https://tr.wikipedia.org/wiki/Abdal,5,Balâ#26;Balâ#30;Balâ#32;Balâ#40
Abdi İpekçi Arena,https://tr.wikipedia.org/wiki/Abdi_%C4%B0pek%C3%A7i_Arena,1,İstanbul#449
Abdullah-ı İlahi,https://tr.wikipedia.org/wiki/Abdullah-%C4%B1_%C4%B0lahi,1,Germiyanoğulları Beyliği#154
Abdullah Gül,https://tr.wikipedia.org/wiki/Abdullah_G%C3%BCl,8,Adalet ve Kalkınma Partisi#21;Adalet ve Kalkınma Partisi#23;Adalet ve Kalkınma Partisi#35;Adalet ve Kalkınma Partisi#40;Adalet ve Kalkınma Partisi#81;Cumhuriyet Halk Partisi#82;Türkiye Büyük Millet Meclisi#208;Vasip ŞahinCard#1
Abdullah bin Zübeyr İsyanı,https://tr.wikipedia.org/wiki/Abdullah_bin_Z%C3%BCbeyr_%C4%B0syan%C4%B1,2,İslam devleti#24;İslam devleti#27
Abdurrahim,https://tr.wikipedia.org/wiki/Abdurrahim_Tuncak,2,Mustafa Kemal Atatürk#800;Mustafa Kemal Atatürk#801
Yargıtay Cumhuriyet Başsavcısı U:(https://tr.wikipedia.org/wiki/Yarg%C4%B1tay_Cumhuriyet_Ba%C5%9Fsavc%C4%B1l%C4%B1%C4%9F%C4%B1_(T%C3%BCrkiye))___ ___E:Yalçınkaya,https://tr.wikipedia.org/wiki/Abdurrahman_Yal%C3%A7%C4%B1nkaya,1,Adalet ve Kalkınma Partisi#46
Abhazca,https://tr.wikipedia.org/wiki/Abhazca,1,Türkiye#328
Abhazlar,https://tr.wikipedia.org/wiki/Abhazlar,1,Sivas#66
Abidin Dino,https://tr.wikipedia.org/wiki/Abidin_Dino,2,Ankara Resim ve Heykel Müzesi#3;Türkiye#364
Acemi Ocağı,https://tr.wikipedia.org/wiki/Acemi_Oca%C4%9F%C4%B1,1,Osmanlı İmparatorluğu#594
Achaea,https://tr.wikipedia.org/wiki/Achaea,1,Antik Yunanistan#5
Achaia,https://tr.wikipedia.org/wiki/Achaia,1,Antik Yunanistan#51
Adıyaman,https://tr.wikipedia.org/wiki/Ad%C4%B1yaman,2,2014 Türkiye yerel seçimleri#21;Kimmerler#8
ad aktarması,https://tr.wikipedia.org/wiki/Ad_aktarmas%C4%B1,1,Türkçe#191
adaçayı,https://tr.wikipedia.org/wiki/Ada%C3%A7ay%C4%B1,1,Antik Yunanistan#195
Ada tavşanı,https://tr.wikipedia.org/wiki/Ada_tav%C5%9Fan%C4%B1,1,İstanbul#188
Adakale,https://tr.wikipedia.org/wiki/Adakale,1,Türkçe#163
Adalar,https://tr.wikipedia.org/wiki/Adalar,4,İstanbul#297;İstanbul#452;İstanbul#453;İstanbul#468
AK Parti,https://tr.wikipedia.org/wiki/Adalet_ve_Kalk%C4%B1nma_Partisi,41,"2014 Türkiye yerel seçimleri#3;2024 Türkiye yerel seçimleri#10;2024 Türkiye yerel seçimleri#116;AfşinCard#5;Ankara Spor Salonu#2;Ankara#200;BalâCard#5;Cumhuriyet Halk Partisi#13;Cumhuriyet Halk Partisi#6;Cumhuriyet Halk Partisi#75;Cumhuriyet Halk Partisi#80;Cumhuriyet Halk Partisi#95;KayseriCard#4;KonyaCard#5;KızılcahamamCard#5;Milliyetçi Hareket Partisi#10;Milliyetçi Hareket Partisi#3;Milliyetçi Hareket Partisi#53;Milliyetçi Hareket Partisi#56;Milliyetçi Hareket Partisi#59;Milliyetçi Hareket Partisi#72;Milliyetçi Hareket Partisi#73;Milliyetçi Hareket Partisi#75;Milliyetçi Hareket Partisi#76;NiğdeCard#4;Söğütözü#2;Türkiye Büyük Millet Meclisi#205;Türkiye Büyük Millet Meclisi#208;Türkiye#154;Türkiye#159;Türkiye#200;ÇorumCard#4;Çubuk, AnkaraCard#5"
Adana,https://tr.wikipedia.org/wiki/Adana,18,Anıtkabir#136;Anıtkabir#61;Milliyetçi Hareket Partisi#16;Milliyetçi Hareket Partisi#56;Milliyetçi Hareket Partisi#59;Milliyetçi Hareket Partisi#73;Mustafa Kemal Atatürk#281;Osmanlı İmparatorluğu#260;Türk Kurtuluş Savaşı Batı Cephesi#666;Türk Kurtuluş Savaşı Güney Cephesi#5;Türk Kurtuluş Savaşı#146;Türk Kurtuluş Savaşı#19;Türk Kurtuluş Savaşı#240;Türk Kurtuluş Savaşı#52;Türk Kurtuluş Savaşı#54;İstanbul#573;İstanbul#596;Şırdan#2
Adana,https://tr.wikipedia.org/wiki/Adana_B%C3%BCy%C3%BCk%C5%9Fehir_Belediyesi,1,Büyükşehir belediyesi#18
Adana Demirspor,https://tr.wikipedia.org/wiki/Adana_Demirspor,1,Türkiye Futbol Şampiyonası#31
adana kebap,https://tr.wikipedia.org/wiki/Adana_kebap,1,Şırdan#4
Aden Bahçesi,https://tr.wikipedia.org/wiki/Aden_Bah%C3%A7esi,1,Dicle#27
adezyon,https://tr.wikipedia.org/wiki/Adezyon,1,İnşaat#79
adi fındık,https://tr.wikipedia.org/wiki/Adi_f%C4%B1nd%C4%B1k,2,İstanbul#113;İstanbul#165
adi gürgen,https://tr.wikipedia.org/wiki/Adi_g%C3%BCrgen,2,İstanbul#113;İstanbul#165
adi kızılağaç,https://tr.wikipedia.org/wiki/Adi_k%C4%B1z%C4%B1la%C4%9Fa%C3%A7,2,İstanbul#113;İstanbul#165
adi servi,https://tr.wikipedia.org/wiki/Adi_servi,1,Orman#45
Adilcevaz,https://tr.wikipedia.org/wiki/Adilcevaz,1,Timur#152
Adnan Çoker,https://tr.wikipedia.org/wiki/Adnan_%C3%87oker,1,Türkiye#364
Adnan Ötüken,https://tr.wikipedia.org/wiki/Adnan_Cahit_%C3%96t%C3%BCken,1,Ankara Resim ve Heykel Müzesi#30
Adnan Menderes,https://tr.wikipedia.org/wiki/Adnan_Menderes,5,Cumhuriyet Halk Partisi#55;Orta Doğu Teknik Üniversitesi#1;Orta Doğu Teknik Üniversitesi#17;Orta Doğu Teknik Üniversitesi#22;Türkiye Büyük Millet Meclisi#197
Adnan Menderes Havalimanı,https://tr.wikipedia.org/wiki/Adnan_Menderes_Havaliman%C4%B1,2,Efes#13;İzmir#239
Adnan Yılmaz,https://tr.wikipedia.org/wiki/Adnan_Y%C4%B1lmaz,1,Vasip ŞahinCard#3
Adolf Hitler,https://tr.wikipedia.org/wiki/Adolf_Hitler,3,Anıtkabir#102;Mustafa Kemal Atatürk#725;Mustafa Kemal Atatürk#850
Adrese Dayalı Nüfus Kayıt Sistemi,https://tr.wikipedia.org/wiki/Adrese_Dayal%C4%B1_N%C3%BCfus_Kay%C4%B1t_Sistemi,2,Türkiye#306;İzmir#170
Adriyatik,https://tr.wikipedia.org/wiki/Adriyatik_Denizi,6,Ankara Muharebesi#237;Augustus#156;Bizans İmparatorluğu#253;Türk Kurtuluş Savaşı Batı Cephesi#143;Türk Kurtuluş Savaşı Batı Cephesi#280;İskender#8
Aelia Flaccilla,https://tr.wikipedia.org/wiki/Aelia_Flaccilla,1,Roma İmparatorluğu#401
Aeneas,https://tr.wikipedia.org/wiki/Aeneas,1,Antik Roma#9
aerariuma,https://tr.wikipedia.org/wiki/Aerarium,1,Roma İmparatorluğu#88
aerobik jimnastik,https://tr.wikipedia.org/wiki/Aerobik_jimnastik,1,Jimnastik#11
Afşar,https://tr.wikipedia.org/wiki/Af%C5%9Far,2,Ayaş#5;Güdül#9
Afşar,"https://tr.wikipedia.org/wiki/Af%C5%9Far,_Bala",1,Balâ#27
Afşar İmparatorluğu,https://tr.wikipedia.org/wiki/Af%C5%9Far_Hanedan%C4%B1,7,Anadolu Selçuklu Devleti#3;Büyük Selçuklu İmparatorluğu#3;Germiyanoğulları Beyliği#3;Karamanoğulları Beyliği#28;Osmanlı İmparatorluğu#3;Selçuklu Hanedanı#3;Timur İmparatorluğu#3
Afşar,https://tr.wikipedia.org/wiki/Af%C5%9Far_boyu,2,Germiyanoğulları Beyliği#11;Karamanoğulları Beyliği#2
Afşin,https://tr.wikipedia.org/wiki/Af%C5%9Fin,2,Ankara#52;Efes#68
Afşin-Elbistan Termik Santrali,https://tr.wikipedia.org/wiki/Af%C5%9Fin-Elbistan_B_Termik_Santrali,1,Afşin#2
Afşin Bey,https://tr.wikipedia.org/wiki/Af%C5%9Fin_Bey,3,Afşin#16;Malazgirt Meydan Muharebesi#11;Malazgirt Meydan Muharebesi#82
Afet İnan,https://tr.wikipedia.org/wiki/Afet_%C4%B0nan,3,Mustafa Kemal Atatürk#28;Mustafa Kemal Atatürk#770;Mustafa Kemal Atatürk#800
Afet ve Acil Durum Yönetimi Başkanlığı,https://tr.wikipedia.org/wiki/Afet_ve_Acil_Durum_Y%C3%B6netimi_Ba%C5%9Fkanl%C4%B1%C4%9F%C4%B1,1,Türkiye#331
Afganistan,https://tr.wikipedia.org/wiki/Afganistan,6,Ahameniş İmparatorluğu#92;Antik Yunanistan#140;Anıtkabir#268;Timur İmparatorluğu#15;Timur#1;Türkiye#189
Afganistan,https://tr.wikipedia.org/wiki/Afganistan_%C4%B0slam_Cumhuriyeti,2,İslam devleti#59;İslam devleti#62
Afganistan İslam Devleti,https://tr.wikipedia.org/wiki/Afganistan_%C4%B0slam_Devleti,1,İslam devleti#62
Afrika,https://tr.wikipedia.org/wiki/Afrika,10,Batı dünyası#3;Köppen iklim sınıflandırması#98;Osmanlı İmparatorluğu#16;Osmanlı İmparatorluğu#399;Osmanlı İmparatorluğu#424;Osmanlı İmparatorluğu#459;Osmanlı İmparatorluğu#460;Türkiye#278;Türkiye#331;İstanbul#125
afyon,https://tr.wikipedia.org/wiki/Afyon,1,Türkiye'de tarım#18
Afyonkarahisar,https://tr.wikipedia.org/wiki/Afyonkarahisar,20,Anadolu Selçuklu Devleti#439;Anıtkabir#136;Anıtkabir#61;Balâ#19;Frigler#129;Frigler#75;Frigya#30;Frigya#58;Germiyanoğulları Beyliği#120;Germiyanoğulları Beyliği#159;Germiyanoğulları Beyliği#18;Milliyetçi Hareket Partisi#47;Sakarya Meydan Muharebesi#31;Sakarya Nehri#10;Türk Kurtuluş Savaşı Batı Cephesi#252;Türk Kurtuluş Savaşı Batı Cephesi#666;Türk Kurtuluş Savaşı Batı Cephesi#814;Yeniden Refah Partisi#16;İzmir#167;İzmir#240
Agah Oktay Güner,https://tr.wikipedia.org/wiki/Agah_Oktay_G%C3%BCner,1,Milliyetçi Hareket Partisi#20
Kral Agememnon,https://tr.wikipedia.org/wiki/Agememnon,1,Antik Yunanistan#24
Aglebiler,https://tr.wikipedia.org/wiki/Aglebiler,1,Mutasım#72
Agora,https://tr.wikipedia.org/wiki/Agora,4,Antik Yunanistan#176;Herodot#47;İzmir#186;İzmir#68
Agrippa Hamamları,https://tr.wikipedia.org/wiki/Agrippa_Hamamlar%C4%B1,1,Augustus#360
Postumus Agrippa,https://tr.wikipedia.org/wiki/Agrippa_Postumus,4,Augustus#283;Augustus#297;AugustusCard#8
Ahşap,https://tr.wikipedia.org/wiki/Ah%C5%9Fap,2,Büyük Selçuklu İmparatorluğu#228;Davul#2
Ahal Teke,https://tr.wikipedia.org/wiki/Ahal_Teke,1,At#2
Ahameniş,https://tr.wikipedia.org/wiki/Ahameni%C5%9F,3,Ahameniş İmparatorluğu#9;II. Kiros#30;İskender#7
Ahameniş İmparatorluğu,https://tr.wikipedia.org/wiki/Ahameni%C5%9F_%C4%B0mparatorlu%C4%9Fu,30,Anadolu#5;Ankara#46;Ankara#47;Erimtan Arkeoloji ve Sanat Müzesi#15;Farslar#19;Farslar#23;Farslar#4;Gordion#30;Herodot#1;Herodot#17;Herodot#25;HerodotCard#1;II. Kiros#1;II. Kiros#15;II. Kiros#269;Kral Yolu#1;Kızılırmak#50;Lidyalılar#1;Lidyalılar#15;Medler#60;Türkiye#43;Türkiye#48;Türkiye#49;İskender#154;İskender#158;İskender#7;İzmir#50
Ahameniş Hanedanı,https://tr.wikipedia.org/wiki/Ahameni%C5%9F_Hanedan%C4%B1,5,Ahameniş İmparatorluğu#1;Ahameniş İmparatorluğu#246;Ahameniş İmparatorluğu#5;Herodot#3;II. Kiros#1
"büyük, profesyonel bir orduya",https://tr.wikipedia.org/wiki/Ahameni%C5%9F_ordusu,1,Ahameniş İmparatorluğu#6
Ahamenişler,https://tr.wikipedia.org/wiki/Ahameni%C5%9Fler,1,Farslar#14
Ahi Evran,https://tr.wikipedia.org/wiki/Ahi_Evran,2,Ahilik#32;Ahilik#5
Ahi Evren,https://tr.wikipedia.org/wiki/Ahi_Evren,1,I. Alâeddin Keykubad#137
Ahiler,https://tr.wikipedia.org/wiki/Ahilik,3,Ankara#55;I. Murad#19;Kalecik#23
Akhilleus,https://tr.wikipedia.org/wiki/Ahilleus,3,İskender#15;İskender#162;İskender#239
acheiropoietos,https://tr.wikipedia.org/wiki/Ahiropoiita,1,Bizans İmparatorluğu#95
ahlak,https://tr.wikipedia.org/wiki/Ahlak,2,Ahilik#8;İskender#47
Ahlat,https://tr.wikipedia.org/wiki/Ahlat,3,Malazgirt Meydan Muharebesi#27;Malazgirt Meydan Muharebesi#89;Timur#151
Ahlatşahlar,https://tr.wikipedia.org/wiki/Ahlat%C5%9Fahlar_Beyli%C4%9Fi,7,Anadolu Selçuklu Devleti#2;Büyük Selçuklu İmparatorluğu#2;Germiyanoğulları Beyliği#2;Karamanoğulları Beyliği#27;Osmanlı İmparatorluğu#2;Selçuklu Hanedanı#2;Timur İmparatorluğu#2
Ahlatlıbel,"https://tr.wikipedia.org/wiki/Ahlatl%C4%B1bel,_%C3%87ankaya",1,Anadolu Medeniyetleri Müzesi#28
Ahmedi,https://tr.wikipedia.org/wiki/Ahmed%C3%AE,5,Germiyanoğulları Beyliği#154;Germiyanoğulları Beyliği#158;Osmanlı İmparatorluğu#48;Osmanlı İmparatorluğu#536;Osmanlı İmparatorluğu#543
Ahmed-i Dâî,https://tr.wikipedia.org/wiki/Ahmed-i_D%C3%A2%C3%AE,3,Germiyanoğulları Beyliği#154;Germiyanoğulları Beyliği#158;Osmanlı İmparatorluğu#536
Ahmed eş-Şerif es-Senusi,https://tr.wikipedia.org/wiki/Ahmed_%C5%9Eer%C3%AEf_es-Sen%C3%BBs%C3%AE,1,Mustafa Kemal Atatürk#147
Ahmed Adnan Saygun Sanat Merkezi,https://tr.wikipedia.org/wiki/Ahmed_Adnan_Saygun_Sanat_Merkezi,1,İzmir#207
Ahmed Celâyir,https://tr.wikipedia.org/wiki/Ahmed_Cel%C3%A2yir,5,Ankara Muharebesi#207;Ankara Muharebesi#37;Ankara Muharebesi#4;I. Bayezid#162;Timur#188
Ahmed Cevdet Paşa,https://tr.wikipedia.org/wiki/Ahmed_Cevdet_Pa%C5%9Fa,2,Osmanlı İmparatorluğu#505;Türkçe#197
Ahmed Sencer,https://tr.wikipedia.org/wiki/Ahmed_Sencer,5,Büyük Selçuklu sultanları listesi#2;Büyük Selçuklu İmparatorluğu#149;Büyük Selçuklu İmparatorluğu#153;Büyük Selçuklu İmparatorluğu#154;Büyük Selçuklu İmparatorluğuCard#7
Ahmed Yesevi,https://tr.wikipedia.org/wiki/Ahmed_Yesev%C3%AE,2,Türkçe#76;Türkçe#82
Ahmetçayırı,"https://tr.wikipedia.org/wiki/Ahmet%C3%A7ay%C4%B1r%C4%B1,_Bala",1,Balâ#27
Maarif Vekili U:(https://tr.wikipedia.org/wiki/Mill%C3%AE_E%C4%9Fitim_Bakanl%C4%B1%C4%9F%C4%B1_(T%C3%BCrkiye))___ ___E:Ahmet Özel,https://tr.wikipedia.org/wiki/Ahmet_%C3%96zel,1,Orta Doğu Teknik Üniversitesi#10
Ahmed İzzet Paşa,https://tr.wikipedia.org/wiki/Ahmet_%C4%B0zzet_Furga%C3%A7,2,Mustafa Kemal Atatürk#283;Mustafa Kemal AtatürkCard#2
Ahmet Şimşirgil,https://tr.wikipedia.org/wiki/Ahmet_%C5%9Eim%C5%9Firgil,1,Ankara Muharebesi#134
Ahmet Akın,https://tr.wikipedia.org/wiki/Ahmet_Ak%C4%B1n,1,2024 Türkiye yerel seçimleri#42
Anzavur Ahmet,https://tr.wikipedia.org/wiki/Ahmet_Anzavur_Pa%C5%9Fa,1,Mustafa Kemal Atatürk#430
Ahmet Bican Ercilasun,https://tr.wikipedia.org/wiki/Ahmet_Bican_Ercilasun,1,Türkçe#343
Ahmet Davutoğlu,https://tr.wikipedia.org/wiki/Ahmet_Davuto%C4%9Flu,6,2024 Türkiye yerel seçimleri#87;Adalet ve Kalkınma Partisi#13;Adalet ve Kalkınma Partisi#52;Adalet ve Kalkınma Partisi#54;Adalet ve Kalkınma Partisi#59;Adalet ve Kalkınma Partisi#60
istifa etmesinin,https://tr.wikipedia.org/wiki/Ahmet_Davuto%C4%9Flu%27nun_ba%C5%9Fbakanl%C4%B1ktan_istifa_s%C3%BCreci,1,Adalet ve Kalkınma Partisi#16
Ahmet Edip Uğur,https://tr.wikipedia.org/wiki/Ahmet_Edip_U%C4%9Fur,1,Adalet ve Kalkınma Partisi#81
Ahmet Emin Bey,https://tr.wikipedia.org/wiki/Ahmet_Emin_Yalman,1,Mustafa Kemal Atatürk#563
Fevzi Efendi,https://tr.wikipedia.org/wiki/Ahmet_Fevzi_Baysoy,1,Mustafa Kemal Atatürk#365
Fuat,https://tr.wikipedia.org/wiki/Ahmet_Fuat_Bulca,1,Türkiye'de cumhuriyetin ilanı#31
Ahmet Necdet Sezer,https://tr.wikipedia.org/wiki/Ahmet_Necdet_Sezer,4,Adalet ve Kalkınma Partisi#30;Adalet ve Kalkınma Partisi#35;Atatürk ve Kurtuluş Savaşı Müzesi#3;Türkiye Büyük Millet Meclisi#217
Ahmet Piriştina Kent Arşivi ve Müzesi,https://tr.wikipedia.org/wiki/Ahmet_Piri%C5%9Ftina_Kent_Ar%C5%9Fivi_ve_M%C3%BCzesi,1,İzmir#184
Ahmet Robenson,https://tr.wikipedia.org/wiki/Ahmet_Robenson,1,Türkiye millî basketbol takımı#9
Ahmet Tevfik Okday,https://tr.wikipedia.org/wiki/Ahmet_Tevfik_Okday,3,Mustafa Kemal Atatürk#283;Osmanlı İmparatorluğuCard#16;Türk Kurtuluş Savaşı Batı Cephesi#738
Antalya U:(https://tr.wikipedia.org/wiki/Antalya_(il))___ milletvekili ___E:Ahmet Tokuş,https://tr.wikipedia.org/wiki/Ahmet_Toku%C5%9F,1,Orta Doğu Teknik Üniversitesi#21
Ahmet Yozgatlıgil,https://tr.wikipedia.org/wiki/Ahmet_Yozgatl%C4%B1gil,1,Orta Doğu Teknik ÜniversitesiCard#6
Ziya Aktaş,https://tr.wikipedia.org/wiki/Ahmet_Ziya_Akta%C5%9F,1,Orta Doğu Teknik Üniversitesi#364
ailelerdi,https://tr.wikipedia.org/wiki/Aile,1,Antik Roma#176
Aiol,https://tr.wikipedia.org/wiki/Aiol,1,Türkiye#44
Aiolis,https://tr.wikipedia.org/wiki/Aiolis,4,Ahameniş İmparatorluğu#149;Ahameniş İmparatorluğu#290;II. Kiros#101;İzmir#19
Aiskhylos,https://tr.wikipedia.org/wiki/Aiskhylos,1,Antik Yunanistan#269
akça,https://tr.wikipedia.org/wiki/Ak%C3%A7a,1,Osmanlı İmparatorluğu#396
akçaağaç,https://tr.wikipedia.org/wiki/Ak%C3%A7aa%C4%9Fa%C3%A7,4,Orman#54;İstanbul#113;İstanbul#165;İstanbul#166
Âşık Yoksul,"https://tr.wikipedia.org/wiki/Ak%C3%A7ak%C4%B1%C5%9Fla,_%C5%9Eark%C4%B1%C5%9Fla#Âşık_Yoksul",1,Şarkışla#108
Akçay Muharebesi,https://tr.wikipedia.org/wiki/Ak%C3%A7ay_Muharebesi,2,Ankara Muharebesi#29;Ankara Muharebesi#3
Akçe,https://tr.wikipedia.org/wiki/Ak%C3%A7e,3,"Madenî para#84;Osmanlı İmparatorluğuCard#33;Çubuk, Ankara#32"
akıcı,https://tr.wikipedia.org/wiki/Ak%C4%B1c%C4%B1l%C4%B1k,1,Türkçe#24
Akıncılar,https://tr.wikipedia.org/wiki/Ak%C4%B1nc%C4%B1,3,I. Murad#40;Karadeniz Bölgesi#58;Osmanlı İmparatorluğu#353
akıncılar,https://tr.wikipedia.org/wiki/Ak%C4%B1nc%C4%B1lar,1,I. Bayezid#121
Akıncılar,"https://tr.wikipedia.org/wiki/Ak%C4%B1nc%C4%B1lar,_Sivas",1,Sivas#9
Akşehir,https://tr.wikipedia.org/wiki/Ak%C5%9Fehir,10,Ankara Muharebesi#202;Ankara Muharebesi#23;I. Bayezid#1;I. Bayezid#151;I. BayezidCard#5;I. Murad#78;II. Murad#130;II. Murad#159;Osmanlı İmparatorluğu#129;Osmanlı İmparatorluğu#138
Akşemsettin,https://tr.wikipedia.org/wiki/Ak%C5%9Femseddin,1,Türkçe#86
ak pelikan,https://tr.wikipedia.org/wiki/Ak_pelikan,1,İstanbul#182
Akabi Hikâyesi,https://tr.wikipedia.org/wiki/Akabi_Hik%C3%A2yesi,1,Türkçe#130
Akad İmparatorluğu,https://tr.wikipedia.org/wiki/Akad_%C4%B0mparatorlu%C4%9Fu,3,Anadolu#36;Anadolu#40;II. Kiros#257
Akadca,https://tr.wikipedia.org/wiki/Akadca,8,Ahameniş İmparatorluğu#357;Hititler#107;Hititler#16;Hititler#29;Hititler#38;HititlerCard#2;II. Kiros#255;Kimmerler#71
Akademi,https://tr.wikipedia.org/wiki/Akademi,1,Üniversite#23
akademik bölüm,https://tr.wikipedia.org/wiki/Akademik_b%C3%B6l%C3%BCm,1,Üniversite#9
akademik disipline,https://tr.wikipedia.org/wiki/Akademik_disiplin,2,Üniversite#4;Üniversite#9
akademik dereceler,https://tr.wikipedia.org/wiki/Akademik_unvan,1,Üniversite#4
akademisyenler,https://tr.wikipedia.org/wiki/Akademisyen,1,Üniversite#3
Akalar,https://tr.wikipedia.org/wiki/Akalar,2,Türkiye#5;İzmir#20
Akarçay,https://tr.wikipedia.org/wiki/Akar%C3%A7ay_Havzas%C4%B1,1,Sakarya Nehri#7
Akaretler,https://tr.wikipedia.org/wiki/Akaretler,2,Mustafa Kemal Atatürk#172;Mustafa Kemal Atatürk#286
akarsularındandır,https://tr.wikipedia.org/wiki/Akarsu,1,Dicle#2
akaryakıt,https://tr.wikipedia.org/wiki/Akaryak%C4%B1t,1,İstanbul#150
Akatça,https://tr.wikipedia.org/wiki/Akat%C3%A7a,2,Davul#5;Dicle#36
Akatlar Spor Salonu,https://tr.wikipedia.org/wiki/Akatlar_Spor_Kompleksi,1,İstanbul#488
Akbayır Köyü Ormanı,https://tr.wikipedia.org/wiki/Akbay%C4%B1r_K%C3%B6y%C3%BC_Orman%C4%B1,1,"Çubuk, Ankara#49"
Akdağmadeni,https://tr.wikipedia.org/wiki/Akda%C4%9Fmadeni,2,Ankara Muharebesi#83;Şarkışla#2
Akdeniz,https://tr.wikipedia.org/wiki/Akdeniz,28,Ahameniş İmparatorluğu#211;Ahameniş İmparatorluğu#289;Anadolu#1;Anadolu#20;Anadolu#25;Anadolu#26;Ankara Muharebesi#253;Ankara Muharebesi#27;Antik Roma#1;Antik Roma#146;Antik Roma#3;Antik Roma#31;Anıtkabir#94;Asur#30;Augustus#24;Bizans İmparatorluğu#6;Mustafa Kemal Atatürk#690;Osmanlı İmparatorluğu#99;Roma İmparatorluğu#2;Türkiye#211;Türkiye#235;Türkiye#240;Türkiye#3;Türkiye#77;Zeytinyağı#18;İskender#165;İstanbul#443;İstanbul#99
Akdeniz adaları,https://tr.wikipedia.org/wiki/Akdeniz%27deki_adalar_listesi,1,Osmanlı İmparatorluğu#368
Akdeniz,https://tr.wikipedia.org/wiki/Akdeniz_B%C3%B6lgesi,4,Türk Kurtuluş Savaşı#19;Türkiye#218;Türkiye#375;İç Anadolu Bölgesi#8
Akdeniz,https://tr.wikipedia.org/wiki/Akdeniz_Havzas%C4%B1,2,Bizans İmparatorluğu#352;İstanbul#143
Akdeniz Oyunları,https://tr.wikipedia.org/wiki/Akdeniz_Oyunlar%C4%B1,2,Güreş#64;Türkiye millî basketbol takımı#5
Akdeniz Oyunları,https://tr.wikipedia.org/wiki/Akdeniz_Oyunlar%C4%B1%27nda_basketbol,1,Türkiye millî basketbol takımı#24
Akdeniz iklimi,https://tr.wikipedia.org/wiki/Akdeniz_iklimi,10,Türkiye#235;Türkiye'de tarım#21;Zeytinyağı#123;İstanbul#127;İstanbul#26;İstanbul#4;İstanbulCard#24;İzmir#157;İzmirCard#23
Akeso,https://tr.wikipedia.org/wiki/Akeso,1,Asklepios#2
Akhenaton,https://tr.wikipedia.org/wiki/Akhenaton,1,Hititler#33
Akköprü,https://tr.wikipedia.org/wiki/Akk%C3%B6pr%C3%BC,1,Yenimahalle#20
Akkışla,https://tr.wikipedia.org/wiki/Akk%C4%B1%C5%9Fla,1,Gemerek#19
Akka,https://tr.wikipedia.org/wiki/Akka,1,Bizans İmparatorluğu#153
Akkale,https://tr.wikipedia.org/wiki/Akkale,3,Anadolu Medeniyetleri Müzesi#11;Anadolu Medeniyetleri Müzesi#20;Ankara Kalesi#21
Akkerman,https://tr.wikipedia.org/wiki/Akkirman_Kalesi,1,Osmanlı İmparatorluğu#182
Akkoyunlu Devleti,https://tr.wikipedia.org/wiki/Akkoyunlu_Devleti,1,Balâ#10
Akkoyunlu,https://tr.wikipedia.org/wiki/Akkoyunlular,16,Anadolu Selçuklu Devleti#2;Ankara Muharebesi#43;Ankara Muharebesi#6;Büyük Selçuklu İmparatorluğu#2;Germiyanoğulları Beyliği#2;I. Bayezid#72;II. Murad#101;Karamanoğulları Beyliği#27;Osmanlı İmparatorluğu#167;Osmanlı İmparatorluğu#2;Osmanlı İmparatorluğu#649;Selçuklu Hanedanı#2;Sivas#27;Timur İmparatorluğu#2;Timur#263;Timur#428
Akmerkez,https://tr.wikipedia.org/wiki/Akmerkez,1,İstanbul#461
akort,https://tr.wikipedia.org/wiki/Akort,2,Davul#94;Divan sazı#3
akrabalık,https://tr.wikipedia.org/wiki/Akrabal%C4%B1k,1,Balâ#21
akrobasi,https://tr.wikipedia.org/wiki/Akrobasi,1,Bisiklet#49
akrobatik jimnastik,https://tr.wikipedia.org/wiki/Akrobatik_jimnastik,1,Jimnastik#11
Akropolis,https://tr.wikipedia.org/wiki/Akropolis,3,Kimmerler#51;İstanbul#58;İzmir#72
Aksaray,https://tr.wikipedia.org/wiki/Aksaray,5,Ankara Muharebesi#29;Milliyetçi Hareket Partisi#47;Şereflikoçhisar#2
Aksaray Malaklısı,https://tr.wikipedia.org/wiki/Aksaray_malakl%C4%B1s%C4%B1,1,Türkiye#233
Aksungur,https://tr.wikipedia.org/wiki/Aksungur_el-Porsuki,1,Büyük Selçuklu İmparatorluğu#137
Aktium Muharebesi,https://tr.wikipedia.org/wiki/Aktium_Muharebesi,4,Antik Roma#46;Augustus#160;Augustus#7;Roma İmparatorluğu#59
Aktium Savaşı,https://tr.wikipedia.org/wiki/Aktium_Sava%C5%9F%C4%B1,1,Strabon#13
Akyar,https://tr.wikipedia.org/wiki/Akyar_Baraj%C4%B1,1,Kızılcahamam#4
Akyurt,https://tr.wikipedia.org/wiki/Akyurt,5,"Ankara Muharebesi#107;Elmadağ, Ankara#3;Kalecik#10;Çubuk, Ankara#34;Çubuk, Ankara#63"
Alaeddin Eratna Bey,https://tr.wikipedia.org/wiki/Al%C3%A2eddin_Eretna,2,Kayseri#27;Sivas#26
Alâeddin Bey,https://tr.wikipedia.org/wiki/Al%C3%A2eddin_Halil_Mirza_Bey,1,I. Bayezid#63
Alâeddin Paşa,https://tr.wikipedia.org/wiki/Al%C3%A2eddin_Pa%C5%9Fa,2,Osmanlı İmparatorluğu#350;Osmanlı İmparatorluğuCard#15
Alâeddin Tepesi,https://tr.wikipedia.org/wiki/Al%C3%A2eddin_Tepesi,4,Anadolu Medeniyetleri Müzesi#28;I. Alâeddin Keykubad#8;Konya#16;Konya#89
alüminyum,https://tr.wikipedia.org/wiki/Al%C3%BCminyum,4,Bisiklet#76;Lidyalılar#21;Madenî para#1;Madenî para#35
alışveriş,https://tr.wikipedia.org/wiki/Al%C4%B1%C5%9Fveri%C5%9F,1,Ticaret#48
Alınlık,https://tr.wikipedia.org/wiki/Al%C4%B1nl%C4%B1k,3,Ankara Etnografya Müzesi#5;Anıtkabir#186;Niğde#88
Alaş Orda,https://tr.wikipedia.org/wiki/Ala%C5%9F_Orda,7,Anadolu Selçuklu Devleti#4;Büyük Selçuklu İmparatorluğu#4;Germiyanoğulları Beyliği#4;Karamanoğulları Beyliği#29;Osmanlı İmparatorluğu#4;Selçuklu Hanedanı#4;Timur İmparatorluğu#4
Alaşehir,https://tr.wikipedia.org/wiki/Ala%C5%9Fehir,6,Germiyanoğulları Beyliği#120;Germiyanoğulları Beyliği#45;Germiyanoğulları Beyliği#68;Germiyanoğulları Beyliği#69;I. Bayezid#41;Türk Kurtuluş Savaşı Batı Cephesi#247
zaptettirdi,https://tr.wikipedia.org/wiki/Ala%C5%9Fehir%27in_Fethi,1,I. Bayezid#41
Tarmaşirin,https://tr.wikipedia.org/wiki/Alaaddin_Tarma%C5%9Firin,1,Timur#20
alabalık,https://tr.wikipedia.org/wiki/Alabal%C4%B1k,2,Hayvancılık#10;Karadeniz Bölgesi#41
Alaca,https://tr.wikipedia.org/wiki/Alaca,2,Krep#12;Çorum#8
Alaca,"https://tr.wikipedia.org/wiki/Alaca,_Y%C4%B1ld%C4%B1zeli",1,Ankara Muharebesi#86
Alacaatlı,"https://tr.wikipedia.org/wiki/Alacaatl%C4%B1,_%C3%87ankaya",2,Yenimahalle#8
Alacahöyük,https://tr.wikipedia.org/wiki/Alacah%C3%B6y%C3%BCk,8,Anadolu Medeniyetleri Müzesi#19;Anadolu Medeniyetleri Müzesi#28;Anadolu#45;Frigler#77;Frigya#32;Hititler#165;Hititler#82;Çorum#10
Aladağ,https://tr.wikipedia.org/wiki/Alada%C4%9F,1,Sakarya Nehri#12
Alâeddin Keykubât,https://tr.wikipedia.org/wiki/Alaeddin_Keykubad,1,Kayseri#23
Alaeddin Tepesi,https://tr.wikipedia.org/wiki/Alaeddin_Tepesi,1,I. Alâeddin KeykubadCard#6
alageyik,https://tr.wikipedia.org/wiki/Alageyik,1,İstanbul#191
Alahacılı,"https://tr.wikipedia.org/wiki/Alahac%C4%B1l%C4%B1,_Haymana",1,Haymana#42
Alalah,https://tr.wikipedia.org/wiki/Alalah,1,Hititler#79
Alaman,"https://tr.wikipedia.org/wiki/Alaman,_%C5%9Eark%C4%B1%C5%9Fla",1,Şarkışla#154
Alamanlara,https://tr.wikipedia.org/wiki/Alamanlar,4,Bizans İmparatorluğu#75;Julianus#23;Roma İmparatorluğu#315;Roma İmparatorluğu#349
alanı,https://tr.wikipedia.org/wiki/Alan,2,Anadolu#1;Türkiye#209
Alanları,https://tr.wikipedia.org/wiki/Alanlar,1,Roma İmparatorluğu#387
Alanya,https://tr.wikipedia.org/wiki/Alanya,1,Türkçe#166
Alanya,https://tr.wikipedia.org/wiki/Alanya_Kalesi,2,I. Alâeddin Keykubad#35;I. Alâeddin Keykubad#5
tersane,https://tr.wikipedia.org/wiki/Alanya_Tersanesi_ve_Tophane,1,I. Alâeddin Keykubad#38
MKE Ankaragücü U:(https://tr.wikipedia.org/wiki/MKE_Ankarag%C3%BCc%C3%BC_(futbol_tak%C4%B1m%C4%B1))___ ile ___E:Alanyaspor,https://tr.wikipedia.org/wiki/Alanyaspor,1,Eryaman Stadyumu#5
Alara Kalesi,https://tr.wikipedia.org/wiki/Alara_Kalesi,1,I. Alâeddin Keykubad#41
alaturka saat,https://tr.wikipedia.org/wiki/Alaturka_saat,1,Mustafa Kemal Atatürk#596
alay,https://tr.wikipedia.org/wiki/Alay,2,Ankara Muharebesi#231;Davul#68
Alba Longa,https://tr.wikipedia.org/wiki/Alba_Longa,1,Antik Roma#9
Albanum,https://tr.wikipedia.org/wiki/Albano_Laziale,1,Septimius Severus#29
Kafkas Albanyalılar,https://tr.wikipedia.org/wiki/Albanya,1,Ahameniş İmparatorluğu#290
albaya,https://tr.wikipedia.org/wiki/Albay,2,Mustafa Kemal Atatürk#5;Orta Doğu Teknik Üniversitesi#264
albedo,https://tr.wikipedia.org/wiki/Albedo,1,Kırkikindi yağışları#5
Albert Einstein,https://tr.wikipedia.org/wiki/Albert_Einstein,1,Orta Doğu Teknik Üniversitesi#161
Alegorik,https://tr.wikipedia.org/wiki/Alegori,1,Anıtkabir#242
Aleksandros,https://tr.wikipedia.org/wiki/Aleksandros,1,Bizans İmparatorluğu#429
Alexander Helios,https://tr.wikipedia.org/wiki/Aleksandros_Helios,1,Augustus#119
Konstantinopolis'i Latinler'den aldı,https://tr.wikipedia.org/wiki/Aleksios_Strategopulos#Konstantinopolis'in_yeniden_alınması,1,Bizans İmparatorluğu#311
Alemdağ,https://tr.wikipedia.org/wiki/Alemda%C4%9F,1,İstanbul#103
Alevi,https://tr.wikipedia.org/wiki/Alevilik,6,"Ahilik#6;Sivas#60;Türkiye#340;Çubuk, Ankara#13;İstanbul#231"
Alexander Severus,https://tr.wikipedia.org/wiki/Alexander_Severus,2,Ankara Kalesi#7;Roma İmparatorluğu#250
Alexandre Millerand,https://tr.wikipedia.org/wiki/Alexandre_Millerand,2,Türk Kurtuluş Savaşı Batı Cephesi#453;Türk Kurtuluş Savaşı Batı Cephesi#630
Ali,https://tr.wikipedia.org/wiki/Ali,1,Timur#563
Alişar,https://tr.wikipedia.org/wiki/Ali%C5%9Far,2,Anadolu#45;Hititler#82
Alişar,https://tr.wikipedia.org/wiki/Ali%C5%9Far_H%C3%B6y%C3%BC%C4%9F%C3%BC,3,Anadolu Medeniyetleri Müzesi#28;Frigler#77;Frigya#32
Ali Bey (Çetinkaya),https://tr.wikipedia.org/wiki/Ali_%C3%87etinkaya,1,Türk Kurtuluş Savaşı Batı Cephesi#236
Ali İhsan Sabis,https://tr.wikipedia.org/wiki/Ali_%C4%B0hsan_Sabis,3,Türk Kurtuluş Savaşı Batı Cephesi#819;Türk Kurtuluş Savaşı#51;Türk Kurtuluş Savaşı#52
Ali İhsan Yavuz,https://tr.wikipedia.org/wiki/Ali_%C4%B0hsan_Yavuz,1,2024 Türkiye yerel seçimleri#51
Ali İzzet Özkan,https://tr.wikipedia.org/wiki/Ali_%C4%B0zzet_%C3%96zkan,1,Şarkışla#108
Özdemir Bey,https://tr.wikipedia.org/wiki/Ali_%C5%9Eefik_%C3%96zdemir,1,Türk Kurtuluş Savaşı#159
Ali Şevket (Öndersev) Bey,https://tr.wikipedia.org/wiki/Ali_%C5%9Eevket_%C3%96ndersev,1,Mustafa Kemal Atatürk#322
Ali Şir Nevai,https://tr.wikipedia.org/wiki/Ali_%C5%9Eir_Nevai,1,Timur İmparatorluğu#40
Ali Babacan,https://tr.wikipedia.org/wiki/Ali_Babacan,2,2024 Türkiye yerel seçimleri#94;Adalet ve Kalkınma Partisi#80
Ali Cenani,https://tr.wikipedia.org/wiki/Ali_Cenani,1,Mustafa Kemal Atatürk#280
Ali Eşref Dede'nin Yemek Risalesi,https://tr.wikipedia.org/wiki/Ali_E%C5%9Fref_Dede%27nin_Yemek_Risalesi,1,Çorba#18
Ali Ekber Çiçek,https://tr.wikipedia.org/wiki/Ali_Ekber_%C3%87i%C3%A7ek,1,Divan sazı#4
Ali Ferid Paşa,https://tr.wikipedia.org/wiki/Ali_Ferit_Pa%C5%9Fa,1,Mustafa Kemal Atatürk#353
Fethi Bey,https://tr.wikipedia.org/wiki/Ali_Fethi_Okyar,1,Türkiye'de cumhuriyetin ilanı#25
Ali Fuat Paşa,https://tr.wikipedia.org/wiki/Ali_Fuat_Cebesoy,16,Mustafa Kemal Atatürk#257;Mustafa Kemal Atatürk#28;Mustafa Kemal Atatürk#296;Mustafa Kemal Atatürk#338;Mustafa Kemal Atatürk#567;Mustafa Kemal Atatürk#739;Türk Kurtuluş Savaşı Batı Cephesi#251;Türk Kurtuluş Savaşı Batı Cephesi#663;Türk Kurtuluş Savaşı Batı Cephesi#916;Türk Kurtuluş Savaşı#168;Türk Kurtuluş Savaşı#30;Türk Kurtuluş Savaşı#56;Türk Kurtuluş Savaşı#70;Türk Kurtuluş Savaşı#98;Türkiye Büyük Millet Meclisi#72;Türkiye'de cumhuriyetin ilanı#26
Ali Galip Olayı,https://tr.wikipedia.org/wiki/Ali_Galip_Olay%C4%B1,1,Mustafa Kemal Atatürk#379
Kılıç Ali Bey,https://tr.wikipedia.org/wiki/Ali_K%C4%B1l%C4%B1%C3%A7,1,Mustafa Kemal Atatürk#798
Ali Kemal,https://tr.wikipedia.org/wiki/Ali_Kemal,4,Mustafa Kemal Atatürk#337;Mustafa Kemal Atatürk#342;Mustafa Kemal Atatürk#347;Mustafa Kemal Atatürk#856
"Galatasaray U:(https://tr.wikipedia.org/wiki/Galatasaray_(futbol_tak%C4%B1m%C4%B1))___ öne geçti, golden sonra ___E:Fenerbahçe U:(https://tr.wikipedia.org/wiki/Fenerbah%C3%A7e_(futbol_tak%C4%B1m%C4%B1))___ Başkanı ___E:Ali Koç",https://tr.wikipedia.org/wiki/Ali_Ko%C3%A7,1,Süper Kupa#29
Ali Kuşçu,https://tr.wikipedia.org/wiki/Ali_Ku%C5%9F%C3%A7u,2,Osmanlı İmparatorluğu#171;Osmanlı İmparatorluğu#648
Ali Nadir Paşa,https://tr.wikipedia.org/wiki/Ali_Nadir_Pa%C5%9Fa,1,Türk Kurtuluş Savaşı#85
Ali Rıza Efendi,https://tr.wikipedia.org/wiki/Ali_R%C4%B1za_Efendi,2,Mustafa Kemal Atatürk#26;Mustafa Kemal Atatürk#47
Ali Saip,https://tr.wikipedia.org/wiki/Ali_Saip_Ursava%C5%9F,2,Türk Kurtuluş Savaşı Güney Cephesi#43;Türk Kurtuluş Savaşı#150
Nef Stadyumu,https://tr.wikipedia.org/wiki/Ali_Sami_Yen_Spor_Kompleksi,3,Türkiye#395;İstanbul#480;İstanbul#487
Ali Uras,https://tr.wikipedia.org/wiki/Ali_Uras,3,Türkiye millî basketbol takımı#101;Türkiye millî basketbol takımı#103;Türkiye millî basketbol takımı#99
Petkimspor,https://tr.wikipedia.org/wiki/Alia%C4%9Fa_Petkimspor,1,İzmir#217
Alibey,https://tr.wikipedia.org/wiki/Alibey_Deresi,2,İstanbul#203;İstanbul#24
aliterasyon,https://tr.wikipedia.org/wiki/Aliterasyon,1,Türkçe#184
20. yüzyıldaki göçlere rağmen,https://tr.wikipedia.org/wiki/Aliyah,1,Türkiye#346
Alkaevli,https://tr.wikipedia.org/wiki/Alkaevli_boyu,2,Osmanlı İmparatorluğu#44;Sivas#60
alkali,https://tr.wikipedia.org/wiki/Alkali,1,Gıda#40
Alkman,https://tr.wikipedia.org/wiki/Alkman,1,Şarap#37
alkollü içkiler,https://tr.wikipedia.org/wiki/Alkoll%C3%BC_i%C3%A7ki,1,İstanbul#256
Allah,https://tr.wikipedia.org/wiki/Allah,3,Malazgirt Meydan Muharebesi#41;Mustafa Kemal Atatürk#808;Osmanlı İmparatorluğu#301
allenin,https://tr.wikipedia.org/wiki/Alle,3,Anıtkabir#104;Anıtkabir#43;Anıtkabir#9
Roma'nın Galyalılar tarafından yağmalanmasından,https://tr.wikipedia.org/wiki/Allia_Muharebesi,1,Başkent#33
Alman Çeşmesi,https://tr.wikipedia.org/wiki/Alman_%C3%87e%C5%9Fmesi,1,İstanbul#406
Almanya,https://tr.wikipedia.org/wiki/Alman_%C4%B0mparatorlu%C4%9Fu,3,Mustafa Kemal Atatürk#264;Osmanlı İmparatorluğu#287;Osmanlı İmparatorluğu#382
Alman şaraplarında,https://tr.wikipedia.org/wiki/Alman_%C5%9Farab%C4%B1,2,Şarap#42;Şarap#57
Alman Arkeoloji Enstitüsü,https://tr.wikipedia.org/wiki/Alman_Arkeoloji_Enstit%C3%BCs%C3%BC,2,Anadolu Medeniyetleri Müzesi#28;Hititler#40
Almanca,https://tr.wikipedia.org/wiki/Almanca,4,Augustus#306;Mustafa Kemal Atatürk#769;Otoyol#1;İstanbul#496
Alman,https://tr.wikipedia.org/wiki/Almanlar,7,Anadolu Medeniyetleri Müzesi#18;Ankara Roma Hamamı#22;Bisiklet#9;Malazgirt Meydan Muharebesi#17;Osmanlı İmparatorluğu#511;Türkiye#23;İstanbul#311
Almanya,https://tr.wikipedia.org/wiki/Almanya,16,Ankara tavşanı#12;Ankara tavşanı#15;Ankara tavşanı#16;Anıtkabir#268;Anıtkabir#27;Bisiklet#22;Kurtuluş Savaşı Müzesi#33;Madenî para#61;Otoyol#6;Süper Kupa#21;Türk Kurtuluş Savaşı#47;Türkiye#195;Türkiye#249;Türkçe#22;İstanbul#545;Şarkışla#82
Türkçe konuşura,https://tr.wikipedia.org/wiki/Almanya%27daki_T%C3%BCrkler,1,Türkçe#22
Almanya cumhurbaşkanı,https://tr.wikipedia.org/wiki/Almanya_cumhurba%C5%9Fkan%C4%B1,1,Cumhuriyet Halk Partisi#115
Cermen imparatoru,https://tr.wikipedia.org/wiki/Almanya_h%C3%BCk%C3%BCmdarlar%C4%B1_listesi,1,Bizans İmparatorluğu#245
Almanya,https://tr.wikipedia.org/wiki/Almanya_mill%C3%AE_basketbol_tak%C4%B1m%C4%B1,4,2001 Avrupa Basketbol Şampiyonası#9;2010 FIBA Dünya Basketbol Şampiyonası#12;Türkiye millî basketbol takımı#28;Türkiye millî basketbol takımı#69
Alp,https://tr.wikipedia.org/wiki/Alp,1,Augustus#255
Alp Arslan,https://tr.wikipedia.org/wiki/Alp_Arslan,17,Anadolu Selçuklu Devleti#13;Anadolu Selçuklu Devleti#35;Artuk Bey#5;Bizans İmparatorluğu#211;Büyük Selçuklu İmparatorluğu#55;Büyük Selçuklu İmparatorluğu#70;Malazgirt Meydan Muharebesi#29;Malazgirt Meydan Muharebesi#33;Malazgirt Meydan Muharebesi#4;Malazgirt Meydan Muharebesi#59;Malazgirt Meydan Muharebesi#87;Malazgirt Meydan Muharebesi#9;Malazgirt Meydan Muharebesi#94;Osmanlı İmparatorluğu#82;Türkiye#61
Alparslan,https://tr.wikipedia.org/wiki/Alparslan,3,Artuk Bey#2;Dânişmend Gazi#11;Dânişmend Gazi#3
Alparslan Türkeş,https://tr.wikipedia.org/wiki/Alparslan_T%C3%BCrke%C5%9F,10,Büyük Birlik Partisi#21;Milliyetçi Hareket Partisi#1;Milliyetçi Hareket Partisi#19;Milliyetçi Hareket Partisi#21;Milliyetçi Hareket Partisi#31;Milliyetçi Hareket Partisi#44;Milliyetçi Hareket Partisi#6;Milliyetçi Hareket PartisiCard#4;Orta Doğu Teknik Üniversitesi#365;Orta Doğu Teknik Üniversitesi#374
Alperen Şengün,https://tr.wikipedia.org/wiki/Alperen_%C5%9Eeng%C3%BCn,2,Türkiye millî basketbol takımı#60;Türkiye millî basketbol takımı#8
Alperen Ocakları,https://tr.wikipedia.org/wiki/Alperen_Ocaklar%C4%B1,2,Büyük Birlik Partisi#29;Büyük Birlik PartisiCard#9
alpin çayırlıkların,https://tr.wikipedia.org/wiki/Alpin_%C3%A7ay%C4%B1rlar,1,Karadeniz Bölgesi#37
Alpler,https://tr.wikipedia.org/wiki/Alpler,1,Roma İmparatorluğu#396
Alsancak (Punta),"https://tr.wikipedia.org/wiki/Alsancak,_Konak",1,İzmir#102
Alsancak,https://tr.wikipedia.org/wiki/Alsancak_Gar%C4%B1,2,İzmir#114;İzmir#184
Alsancak Stadyumu,https://tr.wikipedia.org/wiki/Alsancak_Mustafa_Denizli_Stadyumu,1,Türkiye Futbol Şampiyonası#18
Alsas,https://tr.wikipedia.org/wiki/Alsas,1,Mustafa Kemal Atatürk#264
Altı Ok,https://tr.wikipedia.org/wiki/Alt%C4%B1_Ok,4,Cumhuriyet Halk Partisi#112;Cumhuriyet Halk Partisi#131;Cumhuriyet Halk Partisi#30;Cumhuriyet Halk Partisi#5
altı partiden oluşan muhalefet koalisyonu,https://tr.wikipedia.org/wiki/Alt%C4%B1l%C4%B1_Masa,1,2024 Türkiye yerel seçimleri#4
altın,https://tr.wikipedia.org/wiki/Alt%C4%B1n,12,Asur#14;Kimmerler#41;Lidyalılar#18;Madenî para#1;Madenî para#19;Madenî para#32;Madenî para#71;Midas#46;Ticaret#8;İskender#117;İstanbul#291;İstanbul#400
Altın Orda Devleti,https://tr.wikipedia.org/wiki/Alt%C4%B1n_Orda_Devleti,14,Anadolu Selçuklu Devleti#2;Ankara Muharebesi#35;Ankara Muharebesi#4;Ankara Muharebesi#42;Büyük Selçuklu İmparatorluğu#2;Germiyanoğulları Beyliği#2;Karamanoğulları Beyliği#27;Osmanlı İmparatorluğu#2;Selçuklu Hanedanı#2;Timur İmparatorluğu#2;Timur İmparatorluğu#23;Timur#124;Timur#4;Timur#7
Altın madalyayı,https://tr.wikipedia.org/wiki/Alt%C4%B1n_madalya,2,2001 Avrupa Basketbol Şampiyonası#2;Türkiye millî basketbol takımı#24
Altındağ,https://tr.wikipedia.org/wiki/Alt%C4%B1nda%C4%9F,42,"Altınköy Açık Hava Müzesi#1;Altınköy Açık Hava MüzesiCard#1;Anadolu Medeniyetleri Müzesi#1;Anadolu Medeniyetleri MüzesiCard#2;Ankara Etnografya Müzesi#1;Ankara Kalesi#1;Ankara KalesiCard#2;Ankara Resim ve Heykel Müzesi#1;Ankara Resim ve Heykel MüzesiCard#2;Ankara Roma Hamamı#5;Ankara Roma HamamıCard#3;Ankara Spor SalonuCard#1;Arslanhane Camii#1;Arslanhane CamiiCard#4;Augustus Tapınağı#1;Cenabi Ahmed Paşa Camii#1;Cenabi Ahmed Paşa CamiiCard#4;Cumhuriyet Müzesi#1;Cumhuriyet MüzesiCard#3;Elmadağ, Ankara#3;Erimtan Arkeoloji ve Sanat Müzesi#1;Erimtan Arkeoloji ve Sanat MüzesiCard#2;Feza Gürsey Bilim Merkezi#1;Feza Gürsey Bilim MerkeziCard#2;Hacı Bayram Camii#1;Hacı Bayram CamiiCard#2;Julianus Sütunu#1;Karacabey CamiiCard#3;Kurtuluş Savaşı Müzesi#1;Kurtuluş Savaşı MüzesiCard#2;Mehmet Akif Ersoy Müze Evi#1;Mehmet Akif Ersoy Müze EviCard#2;Sultan Alaeddin CamiiCard#2;Türk Hava Kurumu Müzesi#1;Türk Hava Kurumu MüzesiCard#2;Ulucanlar Cezaevi Müzesi#1;Ulucanlar Cezaevi MüzesiCard#3;Yenimahalle#7;Ziraat Bankası Müzesi#1;Ziraat Bankası MüzesiCard#2;Çengelhan Rahmi M. Koç Müzesi#1;Çengelhan Rahmi M. Koç MüzesiCard#2"
Altındere Millî Parkı,https://tr.wikipedia.org/wiki/Alt%C4%B1ndere_Vadisi_Mill%C3%AE_Park%C4%B1,1,Karadeniz Bölgesi#71
Altınköy Açık Hava Müzesi,https://tr.wikipedia.org/wiki/Alt%C4%B1nk%C3%B6y_A%C3%A7%C4%B1k_Hava_M%C3%BCzesi,1,Ankara#106
Altınkaya,https://tr.wikipedia.org/wiki/Alt%C4%B1nkaya_Baraj%C4%B1,1,Kızılırmak#35
Altınoluk,https://tr.wikipedia.org/wiki/Alt%C4%B1noluk,1,Kimmerler#17
Altınordu,https://tr.wikipedia.org/wiki/Alt%C4%B1nordu_FK,1,Türkiye Futbol Şampiyonası#15
Altıntaş,https://tr.wikipedia.org/wiki/Alt%C4%B1nta%C5%9F,1,Ankara Muharebesi#208
Altınyayla,"https://tr.wikipedia.org/wiki/Alt%C4%B1nyayla,_Sivas",4,Sivas#2;Şarkışla#173;Şarkışla#2;Şarkışla#5
alt türü,https://tr.wikipedia.org/wiki/Alt_t%C3%BCr,1,At#1
Altan Dinçer,https://tr.wikipedia.org/wiki/Altan_Din%C3%A7er,4,Türkiye millî basketbol takımı#103;Türkiye millî basketbol takımı#105;Türkiye millî basketbol takımı#107;Türkiye millî basketbol takımı#111
Altay dağlarının,https://tr.wikipedia.org/wiki/Altay_da%C4%9Flar%C4%B1,1,At#1
Altay dillerinin,https://tr.wikipedia.org/wiki/Altay_dilleri,1,Türkçe#17
Altay,https://tr.wikipedia.org/wiki/Altay_mitolojisi,1,Osmanlı Hanedanı#12
Altuğ Çinici,https://tr.wikipedia.org/wiki/Altu%C4%9F_%C3%87inici,2,Orta Doğu Teknik Üniversitesi#135;Orta Doğu Teknik Üniversitesi#35
altyapı,https://tr.wikipedia.org/wiki/Altyap%C4%B1,2,Orta Doğu Teknik Üniversitesi#137;İnşaat#1
Alucra,https://tr.wikipedia.org/wiki/Alucra,1,Karadeniz Bölgesi#58
Alyattes,https://tr.wikipedia.org/wiki/Alyattis,3,Frigler#61;Kimmerler#25;Lidyalılar#11
Amalasuintha,https://tr.wikipedia.org/wiki/Amalasuintha,1,Bizans İmparatorluğu#70
Amarna,https://tr.wikipedia.org/wiki/Amarna,1,Hititler#33
Amasra,https://tr.wikipedia.org/wiki/Amasra,1,Karadeniz Bölgesi#12
Amasya,https://tr.wikipedia.org/wiki/Amasya,27,2024 Türkiye yerel seçimleri#24;Ankara Muharebesi#26;Ankara Muharebesi#83;Balâ#24;Crocus ancyrensis#5;Demiryolu ulaşımı#23;Dânişmend Gazi#12;Fetret Devri#13;Heyet-i Temsiliye#28;II. Murad#1;II. Murad#4;II. Murad#5;II. Murad#6;II. MuradCard#4;Karadeniz Bölgesi#16;Kimmerler#50;Milliyetçi Hareket Partisi#42;Milliyetçi Hareket Partisi#47;Milliyetçi Hareket Partisi#73;Milliyetçi Hareket Partisi#76;Mustafa Kemal Atatürk#334;Sivas#36;Sivas#85;StrabonCard#2;Türk Kurtuluş Savaşı#21;Çorum#4;Çorum#7
Amasya Genelgesi,https://tr.wikipedia.org/wiki/Amasya_Genelgesi,5,Mustafa Kemal Atatürk#339;Mustafa Kemal Atatürk#341;Mustafa Kemal Atatürk#342;Türk Kurtuluş Savaşı#98;Türkiye Büyük Millet Meclisi#70
Amasya,https://tr.wikipedia.org/wiki/Amasya_Kalesi,1,I. Bayezid#51
Amasya,https://tr.wikipedia.org/wiki/Amasya_Merzifon_Havaliman%C4%B1,1,Karadeniz Bölgesi#86
Amasya ili,https://tr.wikipedia.org/wiki/Amasya_ili,1,Strabon#3
Amasyalı Beyazıd Paşa,https://tr.wikipedia.org/wiki/Amasyal%C4%B1_Beyaz%C4%B1d_Pa%C5%9Fa,1,Fetret Devri#137
Amazon,https://tr.wikipedia.org/wiki/Amazon,1,Orman#17
Amazonlarla,https://tr.wikipedia.org/wiki/Amazonlar,1,İzmir#7
ambargo,https://tr.wikipedia.org/wiki/Ambargo,1,Türk Kurtuluş Savaşı Batı Cephesi#12
Ambrose,https://tr.wikipedia.org/wiki/Ambrosius,1,Roma İmparatorluğu#384
Macrobius,https://tr.wikipedia.org/wiki/Ambrosius_Theodosius_Macrobius,1,Augustus#355
Amerika,https://tr.wikipedia.org/wiki/Amerika,5,Güreş#18;Osmanlı İmparatorluğu#610;Ticaret#75;Türkiye#278;Türkiye#75
VOA Türkçe,https://tr.wikipedia.org/wiki/Amerika%27n%C4%B1n_Sesi,2,2024 Türkiye yerel seçimleri#36;2024 Türkiye yerel seçimleri#63
Amerika Birleşik Devletleri,https://tr.wikipedia.org/wiki/Amerika_Birle%C5%9Fik_Devletleri,28,2001 Avrupa Basketbol Şampiyonası#14;Adalet ve Kalkınma Partisi#19;Ankara keçisi#2;Anıtkabir#268;Batı dünyası#4;Belediye başkanı-meclis yönetimi#1;Bisiklet#15;Cumhuriyet Halk Partisi#44;Havayolu#9;Karate#11;Lozan Barış Konferansı#2;Mustafa Kemal Atatürk#850;Orta Doğu Teknik Üniversitesi#124;Orta Doğu Teknik Üniversitesi#213;Orta Doğu Teknik Üniversitesi#49;Osmanlı İmparatorluğu#345;Türk Kurtuluş Savaşı#5;Türk Kurtuluş Savaşı#72;Türkiye#109;Türkiye#179;Türkiye#252;Türkiye#403;Türkçe#23;Voleybol#20;VoleybolCard#2;İnşaat#18;Şarap#8
askerî ve ekonomik destek sağladı,https://tr.wikipedia.org/wiki/Amerika_Birle%C5%9Fik_Devletleri-T%C3%BCrkiye_ili%C5%9Fkileri,1,Türkiye#110
Amerika Birleşik Devletleri Silahlı Kuvvetlerine,https://tr.wikipedia.org/wiki/Amerika_Birle%C5%9Fik_Devletleri_Silahl%C4%B1_Kuvvetleri,1,Anıtkabir#308
Amerika Birleşik Devletleri,https://tr.wikipedia.org/wiki/Amerika_Birle%C5%9Fik_Devletleri_erkek_mill%C3%AE_buz_hokeyi_tak%C4%B1m%C4%B1,1,Buz hokeyi#7
ABD,https://tr.wikipedia.org/wiki/Amerika_Birle%C5%9Fik_Devletleri_mill%C3%AE_basketbol_tak%C4%B1m%C4%B1,4,2010 FIBA Dünya Basketbol Şampiyonası#3;2010 FIBA Dünya Basketbol Şampiyonası#9;Türkiye millî basketbol takımı#41;Türkiye millî basketbol takımı#80
Amerika Yerlileri,https://tr.wikipedia.org/wiki/Amerika_Yerlileri,1,Davul#24
Amerika'nın yerli halkları,https://tr.wikipedia.org/wiki/Amerika_yerlileri,1,Şarap#6
Amerikalı,https://tr.wikipedia.org/wiki/Amerikal%C4%B1lar,1,Osmanlı İmparatorluğu#373
Amerikan Bağımsızlık Bildirisi,https://tr.wikipedia.org/wiki/Amerikan_Ba%C4%9F%C4%B1ms%C4%B1zl%C4%B1k_Bildirisi,1,II. Kiros#181
Amerikan doları,https://tr.wikipedia.org/wiki/Amerikan_dolar%C4%B1,1,Türkiye#278
Amerika'nın keşfedilmesinden,https://tr.wikipedia.org/wiki/Amerikan_kolonileri,1,Osmanlı İmparatorluğu#609
Amfipolis'ten,https://tr.wikipedia.org/wiki/Amfipolis,1,İskender#139
Amfissa,https://tr.wikipedia.org/wiki/Amfisa,1,İskender#61
amfitiyatro,https://tr.wikipedia.org/wiki/Amfitiyatro,2,Antik Roma#242;Antik Yunanistan#281
amforalar,https://tr.wikipedia.org/wiki/Amfora,1,Antik Yunanistan#14
Amiens,https://tr.wikipedia.org/wiki/Amiens,1,Mustafa Kemal Atatürk#802
aminoasitler,https://tr.wikipedia.org/wiki/Aminoasitler,1,Gıda#15
Ammianus Marcellinus,https://tr.wikipedia.org/wiki/Ammianus_Marcellinus,1,Roma İmparatorluğu#370
Amon,https://tr.wikipedia.org/wiki/Amon,2,İskender#184
şehri ve kaleyi yakıp yıktı,https://tr.wikipedia.org/wiki/Amorion%27un_ya%C4%9Fmalanmas%C4%B1,1,Mutasım#59
Amorium,https://tr.wikipedia.org/wiki/Amorium,2,Frigya#19;Mutasım#57
Amphipolis,https://tr.wikipedia.org/wiki/Amphipolis,1,Antik Yunanistan#111
Amulius,https://tr.wikipedia.org/wiki/Amulius,1,Antik Roma#9
Amun,https://tr.wikipedia.org/wiki/Amun,1,Antik Yunanistan#133
Amynthas,https://tr.wikipedia.org/wiki/Amynthas,1,Tektosaglar#19
Amyrtaios,https://tr.wikipedia.org/wiki/Amyrtaios,1,Ahameniş İmparatorluğu#132
Anıt mezar,https://tr.wikipedia.org/wiki/An%C4%B1t_mezar,5,Ahameniş İmparatorluğu#408;Anıtkabir#1;Anıtkabir#17;AnıtkabirCard#1;Devlet MezarlığıCard#3
Anıtkabir,https://tr.wikipedia.org/wiki/An%C4%B1tkabir,4,Ankara#166;Atatürk ve Kurtuluş Savaşı Müzesi#1;Mustafa Kemal Atatürk#732;Mustafa Kemal AtatürkCard#10
proje yarışması,https://tr.wikipedia.org/wiki/An%C4%B1tkabir_Proje_Yar%C4%B1%C5%9Fmas%C4%B1,2,Anıtkabir#21;Anıtkabir#6
Rasattepe,https://tr.wikipedia.org/wiki/An%C4%B1ttepe,2,Anıtkabir#19;Anıtkabir#5
Anşan,https://tr.wikipedia.org/wiki/An%C5%9Fan,3,Ahameniş İmparatorluğu#23;II. Kiros#32;II. KirosCard#5
Anşan Krallığı,https://tr.wikipedia.org/wiki/An%C5%9Fan_Krall%C4%B1%C4%9F%C4%B1,1,II. KirosCard#5
Proto Ermeniceden,https://tr.wikipedia.org/wiki/Ana_Ermenice,1,Şarap#21
Ana Oğuzca,https://tr.wikipedia.org/wiki/Ana_O%C4%9Fuzca,1,Türkçe#51
ana muhalefet lideridir,https://tr.wikipedia.org/wiki/Ana_muhalefet_partisi_lideri,1,Türkiye#158
proto-dildir,https://tr.wikipedia.org/wiki/Anadil,1,Türkçe#55
ana dil,https://tr.wikipedia.org/wiki/Anadili,2,Frigler#79;Türkçe#18
Anadolu,https://tr.wikipedia.org/wiki/Anadolu,129,"Ahameniş İmparatorluğu#143;Ahameniş İmparatorluğu#146;Ahameniş İmparatorluğu#368;Ahameniş İmparatorluğu#81;Ahameniş İmparatorluğu#92;Ahameniş İmparatorluğu#98;Ahilik#26;Ahilik#6;Anadolu Medeniyetleri Müzesi#2;Anadolu Medeniyetleri MüzesiCard#5;Anadolu Selçuklu Devleti#139;Anadolu Selçuklu Devleti#6;Anadolu Selçuklu Devleti#9;Ankara Muharebesi#29;Ankara keçisi#1;Ankara#108;Ankara#24;Ankara#45;Ankara#48;Antik Yunanistan#131;Antik Yunanistan#35;Anıtkabir#86;Asklepios#21;Asur#8;Balâ#25;Bizans İmparatorluğu#10;Bizans İmparatorluğu#105;Bizans İmparatorluğu#96;Büyük Selçuklu İmparatorluğu#13;Büyük Selçuklu İmparatorluğu#63;Büyük Selçuklu İmparatorluğu#7;Davul#104;Demiryolu ulaşımı#23;Efes#1;Farslar#19;Farslar#20;Farslar#25;Frigler#27;Gordion#10;Hatti#1;Herodot#14;Herodot#42;HerodotCard#1;Hititler#1;Hititler#2;Hititler#3;Hititler#7;Hititler#71;Höyük#10;I. Alâeddin Keykubad#147;I. Bayezid#124;I. Bayezid#134;II. Kiros#124;II. Murad#156;II. Murad#61;Julianus#16;Kapadokya#32;Karacabey Camii#3;Karadeniz Bölgesi#84;Karamanoğulları Beyliği#1;Kayseri#13;Kimmerler#2;Konya#21;Krep#3;Kırkikindi yağışları#1;Kızılcahamam#14;Kızılcahamam#6;Lidyalılar#1;Lidyalılar#28;Lidyalılar#3;Malazgirt Meydan Muharebesi#111;Malazgirt Meydan Muharebesi#112;Malazgirt Meydan Muharebesi#113;Malazgirt Meydan Muharebesi#4;Malazgirt Meydan Muharebesi#9;Malazgirt Meydan Muharebesi#91;Medler#54;Midas#20;Midas#27;Midas#33;Mustafa Kemal Atatürk#269;Mustafa Kemal Atatürk#278;Orta Doğu Teknik Üniversitesi#68;Osmanlı Hanedanı#17;Osmanlı İmparatorluğu#21;Osmanlı İmparatorluğu#428;Osmanlı İmparatorluğu#455;Osmanlı İmparatorluğu#462;Osmanlı İmparatorluğu#527;Osmanlı İmparatorluğu#82;Pavlusçuluk#12;Sivas#4;Tektosaglar#12;Timur İmparatorluğu#28;Timur#1;Tunç Çağı#12;Türk Kurtuluş Savaşı#10;Türk Kurtuluş Savaşı#201;Türk Kurtuluş Savaşı#56;Türk Kurtuluş Savaşı#64;Türkiye#1;Türkiye#205;Türkiye#213;Türkiye#29;Türkiye#3;Türkiye#34;Türkiye#357;Türkiye#392;Türkiye#6;Türkiye#68;Türkiye#9;Türkçe#147;Türkçe#150;Türkçe#153;Türkçe#19;Türkçe#78;Zeytinyağı#21;Çorba#27;Çubuk, Ankara#4;İskender#129;İskender#7;İstanbul#221;İzmir#115;İzmir#12;İç Anadolu Bölgesi#1"
Anadolu'nun Ortaçağ Dönemi Ahşap Hipostil Camileri,https://tr.wikipedia.org/wiki/Anadolu%27nun_Orta%C3%A7a%C4%9F_D%C3%B6nemi_Ah%C5%9Fap_Hipostil_Camileri,1,Arslanhane CamiiCard#11
Anadolu/Anıtkabir,https://tr.wikipedia.org/wiki/Anadolu/An%C4%B1tkabir,1,Atatürk ve Kurtuluş Savaşı MüzesiCard#8
Anadolu Üniversitesinin,https://tr.wikipedia.org/wiki/Anadolu_%C3%9Cniversitesi,1,Türkiye#351
Anadolu çoban köpeği,https://tr.wikipedia.org/wiki/Anadolu_%C3%A7oban_k%C3%B6pe%C4%9Fi,1,Türkiye#233
Anadolu Ajansı,https://tr.wikipedia.org/wiki/Anadolu_Ajans%C4%B1,3,Mustafa Kemal Atatürk#412;Mustafa Kemal Atatürk#42;Orta Doğu Teknik Üniversitesi#259
Anadolu Beyliklerinin,https://tr.wikipedia.org/wiki/Anadolu_Beylikleri,2,Timur İmparatorluğu#51;Şarkışla#30
Anadolu Beylikleri Dönemi,https://tr.wikipedia.org/wiki/Anadolu_Beylikleri#İkinci_dönem_Anadolu_beylikleri,1,Anadolu Selçuklu Devleti#454
Anadolu Bulvarı,https://tr.wikipedia.org/wiki/Anadolu_Bulvar%C4%B1,1,Orta Doğu Teknik Üniversitesi#405
Anadolu Efes,https://tr.wikipedia.org/wiki/Anadolu_Efes_SK,2,Türkiye millî basketbol takımı#13;Türkiye#397
Anadolu Hareketi,https://tr.wikipedia.org/wiki/Anadolu_Hareketi,5,Mustafa Kemal Atatürk#6;Mustafa Kemal Atatürk#856;Türk Kurtuluş Savaşı Batı Cephesi#2;Türk Kurtuluş Savaşı#1;Türkiye#100
Anadolu Hisarı,https://tr.wikipedia.org/wiki/Anadolu_Hisar%C4%B1,1,Timur#454
Anadolu Kaplanlarındandır,https://tr.wikipedia.org/wiki/Anadolu_Kaplanlar%C4%B1,1,Konya#5
Anadolu Kavağı,https://tr.wikipedia.org/wiki/Anadolu_Kava%C4%9F%C4%B1,1,İstanbul#468
Anadolu Medeniyetleri Müzesi,https://tr.wikipedia.org/wiki/Anadolu_Medeniyetleri_M%C3%BCzesi,10,Ankara Roma Hamamı#25;Ankara#107;Ankara#165;Ankara#22;Erimtan Arkeoloji ve Sanat Müzesi#5;Gordion Müzesi#2;Midas#41;Orta Doğu Teknik Üniversitesi#39;Yumurtatepe Tümülüsü#2;Çengelhan Rahmi M. Koç Müzesi#4
Anadolu Meydanı,https://tr.wikipedia.org/wiki/Anadolu_Meydan%C4%B1,2,Ankara Büyükşehir Belediyesi#23;Anıtkabir#104
Anadolu Platosu,https://tr.wikipedia.org/wiki/Anadolu_Platosu,1,Kapadokya#37
Anadolu Selçuklu Devleti,https://tr.wikipedia.org/wiki/Anadolu_Sel%C3%A7uklu_Devleti,45,Ahilik#6;Anadolu Selçuklu sultanları listesi#1;Anadolu#5;Anadolu#71;Ankara#117;Anıtkabir#12;Arslanhane Camii#2;Artuk Bey#28;Bizans İmparatorluğu#308;Büyük Selçuklu İmparatorluğu#159;Büyük Selçuklu İmparatorluğu#2;Büyük Selçuklu İmparatorluğu#89;Germiyanoğulları Beyliği#2;Germiyanoğulları Beyliği#20;Germiyanoğulları Beyliği#38;Germiyanoğulları Beyliği#52;Germiyanoğulları Beyliği#6;Germiyanoğulları Beyliği#63;I. Alâeddin Keykubad#1;I. Alâeddin Keykubad#5;I. Alâeddin KeykubadCard#5;Karamanoğulları Beyliği#1;Karamanoğulları Beyliği#27;Karamanoğulları Beyliği#9;Konya#16;Konya#27;Konya#4;Konya#89;Niğde#84;Osmanlı Hanedanı#11;Osmanlı Hanedanı#12;Osmanlı Hanedanı#13;Osmanlı İmparatorluğu#113;Osmanlı İmparatorluğu#2;Osmanlı İmparatorluğu#346;Osmanlı İmparatorluğu#532;Osmanlı İmparatorluğu#92;Selçuklu Hanedanı#2;Selçuklu Hanedanı#6;Timur İmparatorluğu#2;Türkiye#64;Türkiye#7;Türkçe#52
Sultanı,https://tr.wikipedia.org/wiki/Anadolu_Sel%C3%A7uklu_sultanlar%C4%B1_listesi,1,Ankara#117
Anadolu Selçukluları,https://tr.wikipedia.org/wiki/Anadolu_Sel%C3%A7uklular%C4%B1,3,Güdül#7;Selçuklu Hanedanı#11;Şarkışla#28
Anadolu Yakası,https://tr.wikipedia.org/wiki/Anadolu_Yakas%C4%B1,8,I. Bayezid#7;Osmanlı İmparatorluğu#291;İstanbul#11;İstanbul#563;İstanbul#592;İstanbul#601;İstanbul#613;İstanbul#616
Anadolu Yarımadası,https://tr.wikipedia.org/wiki/Anadolu_Yar%C4%B1madas%C4%B1,1,Antik Yunanistan#34
Anadolu Platosu,https://tr.wikipedia.org/wiki/Anadolu_Yaylas%C4%B1,2,Anadolu#18;Polatlı#34
Anadolu ağız bölgesi,https://tr.wikipedia.org/wiki/Anadolu_a%C4%9F%C4%B1zlar%C4%B1,1,Türkçe#150
Türk beyliklerinin,https://tr.wikipedia.org/wiki/Anadolu_beylikleri,8,Ankara Muharebesi#3;Ankara Muharebesi#33;Bizans İmparatorluğu#308;Germiyanoğulları Beyliği#6;Osmanlı İmparatorluğu#121;Osmanlı İmparatorluğu#7;Türkiye#64;Türkçe#52
Anadolu dilleri,https://tr.wikipedia.org/wiki/Anadolu_dilleri,5,Anadolu#42;Anadolu#60;Hititler#15;Türkiye#35;Türkiye#55
halk,https://tr.wikipedia.org/wiki/Anadolu_halklar%C4%B1,1,Hititler#1
Anadolu hiyeroglifi,https://tr.wikipedia.org/wiki/Anadolu_hiyeroglifleri,1,Hititler#238
Anadolu medeniyetlerinin,https://tr.wikipedia.org/wiki/Anadolu_tarihi,2,Anadolu Medeniyetleri Müzesi#11;Türkiye#5
Anadolu ve Rumeli Müdâfaa-i Hukuk Cemiyeti,https://tr.wikipedia.org/wiki/Anadolu_ve_Rumeli_M%C3%BCd%C3%A2faa-i_Hukuk_Cemiyeti,6,Cumhuriyet Halk Partisi#15;Cumhuriyet Halk Partisi#9;Cumhuriyet Halk PartisiCard#10;Heyet-i Temsiliye#12;Mustafa Kemal Atatürk#373;Mustafa Kemal AtatürkCard#13
Anafartalar Cephesi,https://tr.wikipedia.org/wiki/Anafartalar_Cephesi,1,Mustafa Kemal Atatürk#217
Kireçtepe,https://tr.wikipedia.org/wiki/Anafartalar_Cephesi#Kireçtepe_İngiliz_taarruzu,1,Mustafa Kemal Atatürk#229
Anamur,https://tr.wikipedia.org/wiki/Anamur,1,Türkçe#166
anarşizm,https://tr.wikipedia.org/wiki/Anar%C5%9Fizm,1,Orta Doğu Teknik Üniversitesi#303
Anastasios Papoulas,https://tr.wikipedia.org/wiki/Anastasios_Papoulas,1,Sakarya Meydan Muharebesi#43
Anastasios Papulas,https://tr.wikipedia.org/wiki/Anastasios_Papulas,2,Sakarya Meydan Muharebesi#6;Türk Kurtuluş Savaşı Batı Cephesi#649
Anatomi,https://tr.wikipedia.org/wiki/Anatomi,1,Antik Yunanistan#202
ANAP,https://tr.wikipedia.org/wiki/Anavatan_Partisi,6,Adalet ve Kalkınma Partisi#11;Büyük Birlik Partisi#25;Milliyetçi Hareket Partisi#10;Milliyetçi Hareket Partisi#49;Türkiye Büyük Millet Meclisi#205;Türkiye#154
anayasa,https://tr.wikipedia.org/wiki/Anayasa,5,Meclis-i Mebûsan#1;Türkiye Büyük Millet Meclisi#26;Türkiye#106;Türkiye#12;İslam devleti#9
tali kurucu iktidar,https://tr.wikipedia.org/wiki/Anayasa#Kurulan_iktidar,1,Türkiye Büyük Millet Meclisi#5
anayasal cumhuriyet,https://tr.wikipedia.org/wiki/Anayasal_cumhuriyet,2,Türkiye#16;TürkiyeCard#7
anayasal monarşi,https://tr.wikipedia.org/wiki/Anayasal_monar%C5%9Fi,1,Osmanlı İmparatorluğu#276
Ciriaco d'Ancona,https://tr.wikipedia.org/wiki/Anconal%C4%B1_Ciriaco,1,İzmir#90
Ankara taşı,https://tr.wikipedia.org/wiki/Andezit,3,Cenabi Ahmed Paşa Camii#5;Cenabi Ahmed Paşa CamiiCard#8;Kurtuluş Savaşı Müzesi#12
Bonar Law,https://tr.wikipedia.org/wiki/Andrew_Bonar_Law,2,Türk Kurtuluş Savaşı Batı Cephesi#1018;Türk Kurtuluş Savaşı Batı Cephesi#613
Andrew Mango,https://tr.wikipedia.org/wiki/Andrew_Mango,1,Mustafa Kemal Atatürk#820
Angola,https://tr.wikipedia.org/wiki/Angola_mill%C3%AE_basketbol_tak%C4%B1m%C4%B1,1,2010 FIBA Dünya Basketbol Şampiyonası#13
Ani,https://tr.wikipedia.org/wiki/Ani,2,Büyük Selçuklu İmparatorluğu#50;Büyük Selçuklu İmparatorluğu#56
Anitta,https://tr.wikipedia.org/wiki/Anitta,2,Hititler#67;Hititler#76
Ankara,https://tr.wikipedia.org/wiki/Ankara,183,"2010 FIBA Dünya Basketbol Şampiyonası#3;2024 Türkiye yerel seçimleri#10;Adalet ve Kalkınma PartisiCard#12;Altınköy Açık Hava Müzesi#1;Altınköy Açık Hava MüzesiCard#1;Anadolu Medeniyetleri Müzesi#1;Anadolu Medeniyetleri Müzesi#10;Anadolu Medeniyetleri MüzesiCard#2;Anadolu Selçuklu Devleti#439;Anadolu#12;Ankara Büyükşehir Belediyesi#1;Ankara Büyükşehir Belediyesi#18;Ankara Büyükşehir BelediyesiCard#4;Ankara Esenboğa Havalimanı#1;Ankara Etnografya Müzesi#1;Ankara Etnografya MüzesiCard#2;Ankara Kalesi#1;Ankara KalesiCard#2;Ankara Muharebesi#1;Ankara Resim ve Heykel Müzesi#1;Ankara Resim ve Heykel MüzesiCard#2;Ankara Roma Hamamı#5;Ankara Roma HamamıCard#3;Ankara Spor Salonu#1;Ankara Spor Salonu#11;Ankara Spor Salonu#3;Ankara Spor Salonu#9;Ankara Spor SalonuCard#1;Ankara armudu#1;Ankara kedisi#11;Ankara kedisi#2;Ankara keçisi#1;Ankara tavası#1;Ankara tavşanı#2;Ankara'daki müzeler listesi#1;Anıtkabir#1;Anıtkabir#17;AnıtkabirCard#3;Arslanhane Camii#1;Arslanhane CamiiCard#4;Atatürk Orman Çiftliği#1;Atatürk Orman ÇiftliğiCard#1;Atatürk ve Kurtuluş Savaşı Müzesi#22;Atatürk ve Kurtuluş Savaşı MüzesiCard#2;Augustus Tapınağı#1;Augustus TapınağıCard#3;Augustus#311;Ayaş#1;Balâ#2;Balâ#28;Beypazarı Festivali#1;Beypazarı#1;Beypazarı#3;Büyük Birlik PartisiCard#8;Cenabi Ahmed Paşa Camii#1;Cenabi Ahmed Paşa CamiiCard#4;Crocus ancyrensis#5;Cumhuriyet Halk PartisiCard#12;Cumhuriyet Müzesi#1;Cumhuriyet MüzesiCard#3;Devlet Mezarlığı#1;Devlet MezarlığıCard#1;Elmadağ, Ankara#2;Elmadağ, Ankara#25;Elmadağ, Ankara#27;Elmadağ, Ankara#28;Elmadağ, Ankara#29;Elmadağ, Ankara#30;Elmadağ, Ankara#4;Erimtan Arkeoloji ve Sanat Müzesi#1;Erimtan Arkeoloji ve Sanat MüzesiCard#2;Eryaman Stadyumu#1;Feza Gürsey Bilim Merkezi#1;Feza Gürsey Bilim MerkeziCard#2;Frigler#76;Frigya#30;Galatlar#1;Galatlar#11;Gazi Üniversitesi#1;Gazi Üniversitesi#34;Gazi Üniversitesi#7;Gazi Üniversitesi#8;Gordion Müzesi#1;Gordion MüzesiCard#2;Gordion#1;Hacı Bayram Camii#1;Hacı Bayram CamiiCard#2;Haymana#1;Haymana#29;Heyet-i Temsiliye#3;I. Alâeddin Keykubad#21;I. Bayezid#136;I. Murad#24;I. Murad#29;Julianus Sütunu#1;Julianus SütunuCard#4;Kalecik#1;Kalecik#4;Karacabey Camii#1;Karacabey Camii#2;Karacabey CamiiCard#3;Karamanoğulları Beyliği#14;Kurtuluş Savaşı Müzesi#1;Kurtuluş Savaşı MüzesiCard#2;Kızılırmak#1;Maden Tetkik ve Arama Genel Müdürlüğü#4;Mansur Yavaş#1;Mansur Yavaş#6;Mansur YavaşCard#3;Mehmet Akif Ersoy Müze Evi#1;Mehmet Akif Ersoy Müze Evi#10;Mehmet Akif Ersoy Müze EviCard#2;Midas#9;Milliyetçi Hareket PartisiCard#11;Mustafa Kemal Atatürk#389;Mustafa Kemal Atatürk#491;Mustafa Kemal Atatürk#561;Mustafa Kemal Atatürk#691;Mustafa Kemal AtatürkCard#10;Mutasım#57;ODTÜ Bilim ve Teknoloji Müzesi#1;ODTÜ Bilim ve Teknoloji MüzesiCard#2;Orta Doğu Teknik Üniversitesi#1;Orta Doğu Teknik Üniversitesi#131;Osmanlı İmparatorluğu#137;Osmanlı İmparatorluğu#296;Osmanlı İmparatorluğu#34;Polatlı#1;Sakarya Nehri#8;Sivas#39;Sultan Alaeddin Camii#1;Sultan Alaeddin CamiiCard#2;Söğütözü#1;Süper Kupa#19;Süper Kupa#21;Türk Hava Kurumu Müzesi#1;Türk Hava Kurumu MüzesiCard#2;Türk Kurtuluş Savaşı Batı Cephesi#78;Türk Kurtuluş Savaşı#56;Türk Kurtuluş Savaşı#70;Türk Kurtuluş Savaşı#93;Türkiye Büyük Millet Meclisi#66;Türkiye Futbol Şampiyonası#2;Türkiye İstatistik Kurumu#4;Türkiye#104;Türkiye#123;Türkiye#126;Türkiye#13;Türkiye#232;Türkiye#4;Türkiye'de cumhuriyetin ilanı#13;TürkiyeCard#1;Ulucanlar Cezaevi MüzesiCard#3;Uluslararası Çubuk Turşu ve Kültür Festivali#1;Yeniden Refah PartisiCard#8;Yenimahalle#2;Ziraat Bankası Müzesi#1;Ziraat Bankası MüzesiCard#2;Çengelhan Rahmi M. Koç Müzesi#1;Çengelhan Rahmi M. Koç Müzesi#2;Çengelhan Rahmi M. Koç MüzesiCard#2;Çorum#7;Çukurambar#8;İskender#167;İstanbul#20;İstanbul#258;İstanbul#520;İstanbul#522;İstanbul#573;İstanbul#596;İstanbul#86;İzmir#151;İzmir#240;Şereflikoçhisar#19;Şereflikoçhisar#2;Şereflikoçhisar#21"
1994 yerel seçimlerinde,https://tr.wikipedia.org/wiki/Ankara%27da_1994_T%C3%BCrkiye_yerel_se%C3%A7imleri,2,Mansur Yavaş#10;Mansur Yavaş#3
1999 yerel seçimlerinde,https://tr.wikipedia.org/wiki/Ankara%27da_1999_T%C3%BCrkiye_yerel_se%C3%A7imleri,2,Mansur Yavaş#11;Mansur Yavaş#3
2004 yerel seçimlerinde,https://tr.wikipedia.org/wiki/Ankara%27da_2004_T%C3%BCrkiye_yerel_se%C3%A7imleri,1,Mansur Yavaş#11
2009 yerel seçimlerinde,https://tr.wikipedia.org/wiki/Ankara%27da_2009_T%C3%BCrkiye_yerel_se%C3%A7imleri,2,Mansur Yavaş#12;Mansur Yavaş#3
2014 yerel seçimlerinde,https://tr.wikipedia.org/wiki/Ankara%27da_2014_T%C3%BCrkiye_yerel_se%C3%A7imleri,3,Mansur Yavaş#13;Mansur Yavaş#14;Mansur Yavaş#3
2019 yerel seçimlerinde,https://tr.wikipedia.org/wiki/Ankara%27da_2019_T%C3%BCrkiye_yerel_se%C3%A7imleri,4,Cumhuriyet Halk Partisi#102;Mansur Yavaş#19;Mansur Yavaş#3
2024 yerel seçimlerinde,https://tr.wikipedia.org/wiki/Ankara%27da_2024_T%C3%BCrkiye_yerel_se%C3%A7imleri,2,2024 Türkiye yerel seçimleri#7;Mansur Yavaş#4
53,https://tr.wikipedia.org/wiki/Ankara%27daki_m%C3%BCzeler_listesi,1,Ankara#101
Ankara Çayı,https://tr.wikipedia.org/wiki/Ankara_%C3%87ay%C4%B1,4,Ankara Muharebesi#104;Sakarya Nehri#11;Yenimahalle#20;Yenimahalle#6
Ankara Üniversitesi,https://tr.wikipedia.org/wiki/Ankara_%C3%9Cniversitesi,3,Orta Doğu Teknik Üniversitesi#388;Orta Doğu Teknik Üniversitesi#79;Türkiye Büyük Millet Meclisi#191
Ankara Üniversitesi Dil ve Tarih-Coğrafya Fakültesi,https://tr.wikipedia.org/wiki/Ankara_%C3%9Cniversitesi_Dil_ve_Tarih-Co%C4%9Frafya_Fak%C3%BCltesi,2,Anadolu Medeniyetleri Müzesi#19;Ankara Roma Hamamı#22
Ankara Adliye Hukuk Mektebi,https://tr.wikipedia.org/wiki/Ankara_%C3%9Cniversitesi_Hukuk_Fak%C3%BCltesi,1,Kurtuluş Savaşı Müzesi#10
Siyasal Bilgiler Fakültesi,https://tr.wikipedia.org/wiki/Ankara_%C3%9Cniversitesi_Siyasal_Bilgiler_Fak%C3%BCltesi,1,Orta Doğu Teknik Üniversitesi#388
Ankara Şehirlerarası Otobüs Terminali,https://tr.wikipedia.org/wiki/Ankara_%C5%9Eehirleraras%C4%B1_Otob%C3%BCs_Terminali,2,Ankara Esenboğa Havalimanı#55;Atatürk Orman Çiftliği#12
19 Mayıs Stadyumu,https://tr.wikipedia.org/wiki/Ankara_19_May%C4%B1s_Stadyumu,1,Eryaman Stadyumu#2
75. Yıl Ankara Hipodromu,https://tr.wikipedia.org/wiki/Ankara_75._Y%C4%B1l_Hipodromu,1,Yenimahalle#27
Atatürk Evi,https://tr.wikipedia.org/wiki/Ankara_Atat%C3%BCrk_Evi_M%C3%BCzesi,1,Atatürk Orman ÇiftliğiCard#2
Ankara Sultanisi,https://tr.wikipedia.org/wiki/Ankara_Atat%C3%BCrk_Lisesi,1,Kurtuluş Savaşı Müzesi#27
Ankara Büyükşehir Belediye Başkanı,https://tr.wikipedia.org/wiki/Ankara_B%C3%BCy%C3%BCk%C5%9Fehir_Belediye_Ba%C5%9Fkan%C4%B1,1,Ankara Büyükşehir Belediyesi#14
Ankara Büyükşehir Belediye Meclisi,https://tr.wikipedia.org/wiki/Ankara_B%C3%BCy%C3%BCk%C5%9Fehir_Belediye_Meclisi,1,Ankara Büyükşehir Belediyesi#14
Ankara Büyükşehir Belediyesi,https://tr.wikipedia.org/wiki/Ankara_B%C3%BCy%C3%BCk%C5%9Fehir_Belediyesi,10,"Ankara#71;Atatürk Orman Çiftliği#4;Augustus Tapınağı#5;Balâ#56;Büyükşehir belediyesi#18;Feza Gürsey Bilim Merkezi#3;Mansur Yavaş#14;Orta Doğu Teknik Üniversitesi#175;Orta Doğu Teknik Üniversitesi#401;Çubuk, Ankara#34"
Ankara Büyükşehir Belediyesi Hizmet Binası,https://tr.wikipedia.org/wiki/Ankara_B%C3%BCy%C3%BCk%C5%9Fehir_Belediyesi_Hizmet_Binas%C4%B1,1,Ankara Büyükşehir Belediyesi#24
Ankara Demirspor,https://tr.wikipedia.org/wiki/Ankara_Demirspor,1,Türkiye Futbol Şampiyonası#45
Ankara Devlet Mühendislik Mimarlık Akademisi,https://tr.wikipedia.org/wiki/Ankara_Devlet_M%C3%BChendislik_Mimarl%C4%B1k_Akademisi,2,Gazi Üniversitesi#16;Gazi Üniversitesi#31
Esenboğa Havaalanı,https://tr.wikipedia.org/wiki/Ankara_Esenbo%C4%9Fa_Havaliman%C4%B1,3,"Ankara#163;Kızılcahamam#28;Çubuk, Ankara#65"
Ankara Etnografya Müzesi,https://tr.wikipedia.org/wiki/Ankara_Etnografya_M%C3%BCzesi,7,Ankara#105;Ankara#166;Anıtkabir#17;Anıtkabir#3;Mustafa Kemal Atatürk#731;Mustafa Kemal AtatürkCard#10;Sultan Alaeddin Camii#36
Ankara Valiliği,https://tr.wikipedia.org/wiki/Ankara_H%C3%BCk%C3%BBmet_Kona%C4%9F%C4%B1,1,Julianus Sütunu#4
Ankara Hükûmeti,https://tr.wikipedia.org/wiki/Ankara_H%C3%BCk%C3%BBmeti,15,Mustafa Kemal Atatürk#462;Mustafa Kemal Atatürk#498;Mustafa Kemal Atatürk#6;Mustafa Kemal AtatürkCard#21;Osmanlı Hanedanı#20;Osmanlı Hanedanı#29;Osmanlı Hanedanı#5;Türk Kurtuluş Savaşı Batı Cephesi#6;Türk Kurtuluş Savaşı Batı Cephesi#977;Türk Kurtuluş Savaşı Güney Cephesi#2;Türk Kurtuluş Savaşı#142;Türk Kurtuluş Savaşı#2;Türk Kurtuluş Savaşı#33;Türkiye Büyük Millet Meclisi#147;Türkiye#101
Ankara İktisadi ve Ticari İlimler Akademisi,https://tr.wikipedia.org/wiki/Ankara_Hac%C4%B1_Bayram_Veli_%C3%9Cniversitesi,7,Gazi Üniversitesi#11;Gazi Üniversitesi#13;Gazi Üniversitesi#16;Gazi Üniversitesi#20;Gazi Üniversitesi#22;Gazi Üniversitesi#23
Ankara Kalesi,https://tr.wikipedia.org/wiki/Ankara_Kalesi,15,Anadolu Medeniyetleri Müzesi#13;Anadolu Medeniyetleri Müzesi#15;Anadolu Medeniyetleri Müzesi#28;Ankara Muharebesi#100;Ankara Roma Hamamı#25;Ankara#112;Ankara#120;Ankara#166;Ankara#48;Arslanhane Camii#1;Erimtan Arkeoloji ve Sanat Müzesi#10;Erimtan Arkeoloji ve Sanat Müzesi#4;I. Alâeddin Keykubad#21;Sultan Alaeddin Camii#6;Çengelhan Rahmi M. Koç Müzesi#3
I. Türkiye Büyük Millet Meclisi binasının,https://tr.wikipedia.org/wiki/Ankara_Kurtulu%C5%9F_Sava%C5%9F%C4%B1_M%C3%BCzesi,1,Cumhuriyet Müzesi#4
Ankara Metrosu,https://tr.wikipedia.org/wiki/Ankara_Metrosu,2,Eryaman Stadyumu#10;Orta Doğu Teknik Üniversitesi#133
Ankara Savaşı,https://tr.wikipedia.org/wiki/Ankara_Muharebesi,18,"Ankara#16;Ankara#56;Fetret Devri#144;Fetret Devri#80;Germiyanoğulları Beyliği#106;Germiyanoğulları Beyliği#8;Haymana#19;I. Bayezid#98;II. Murad#281;II. Murad#54;Kayseri#31;Osmanlı İmparatorluğu#137;Timur#10;Çubuk, Ankara#16;Çubuk, Ankara#2;Çubuk, Ankara#8;İzmir#87;Şarkışla#31"
Ankara Paraşüt Kulesi,https://tr.wikipedia.org/wiki/Ankara_Para%C5%9F%C3%BCt_Kulesi,2,Türk Hava Kurumu Müzesi#1;Türk Hava Kurumu Müzesi#10
Devlet Resim ve Heykel Müzesi,https://tr.wikipedia.org/wiki/Ankara_Resim_ve_Heykel_M%C3%BCzesi,1,Ankara#105
Roma Hamamı,https://tr.wikipedia.org/wiki/Ankara_Roma_Hamam%C4%B1,2,Anadolu Medeniyetleri Müzesi#11;Ankara#113
Ankara Eyaleti U:(https://tr.wikipedia.org/wiki/Ankara_(eyalet))___ 'dir. Bu eyalette 1867 yılında kabul edilen Teşkil-i Vilâyet Nizamnâmesi ile kaldırılmış yerine Ankara Vilayeti kurulmuştur. 1909 yılında vilayete bağlı sancaklar şunlardır: ___E:Ankara Sancağı,https://tr.wikipedia.org/wiki/Ankara_Sanca%C4%9F%C4%B1,2,Ankara Vilayeti#3;Kızılcahamam#8
Ankara Savaşı,https://tr.wikipedia.org/wiki/Ankara_Sava%C5%9F%C4%B1,4,Fetret Devri#4;Timur İmparatorluğu#26;Timur İmparatorluğu#28;Timur İmparatorluğu#49
"Türk Telekom U:(https://tr.wikipedia.org/wiki/T%C3%BCrk_Telekom_(basketbol_tak%C4%B1m%C4%B1))___ , üç kez Cumhurbaşkanlığı Kupasını, iki Kez Türkiye Kupasını kazanmıştır.  2010 yılında inşa edilen ___E:Ankara Arena",https://tr.wikipedia.org/wiki/Ankara_Spor_Salonu,1,Ankara#179
Ankara Ticaret Odası,https://tr.wikipedia.org/wiki/Ankara_Ticaret_Odas%C4%B1,2,Atatürk Orman Çiftliği#21;Söğütözü#2
Anadolu Eyaleti U:(https://tr.wikipedia.org/wiki/Anadolu_(eyalet))___ kaldırılıp yerine vilayetler kurulunca il bir ___E:vilayet,https://tr.wikipedia.org/wiki/Ankara_Vilayeti,3,Ankara#58;Kayseri#36
Yıldırım Beyazıt Üniversitesi,https://tr.wikipedia.org/wiki/Ankara_Y%C4%B1ld%C4%B1r%C4%B1m_Beyaz%C4%B1t_%C3%9Cniversitesi,2,"Çubuk, Ankara#46;Çubuk, Ankara#48"
Ziraat Mektebi,https://tr.wikipedia.org/wiki/Ankara_Ziraat_Mektebi,1,Heyet-i Temsiliye#20
armudu,https://tr.wikipedia.org/wiki/Ankara_armudu,1,Ankara#20
Ankara Büyükşehir Belediye Başkanlığına,https://tr.wikipedia.org/wiki/Ankara_belediye_ba%C5%9Fkanlar%C4%B1_listesi,3,Mansur Yavaş#1;Mansur Yavaş#22;Mansur Yavaş#4
Ankara keçisi,https://tr.wikipedia.org/wiki/Ankara_ke%C3%A7isi,3,Ankara tavşanı#2;Ankara#20;Türkiye#232
kedisi,https://tr.wikipedia.org/wiki/Ankara_kedisi,3,Ankara tavşanı#2;Ankara#20;Türkiye#232
Ankarası'nın,https://tr.wikipedia.org/wiki/Ankara_tarihi,1,Tektosaglar#11
Ankara tavşanı,https://tr.wikipedia.org/wiki/Ankara_tav%C5%9Fan%C4%B1,2,Ankara#20;Türkiye#232
Ankara tavası,https://tr.wikipedia.org/wiki/Ankara_tavas%C4%B1,2,Ankara#156;Ankara#20
Ankaray,https://tr.wikipedia.org/wiki/Ankaray,1,Atatürk Orman Çiftliği#12
Ankhesenpaam,https://tr.wikipedia.org/wiki/Ankhesenamen,1,Hititler#14
eksklav,https://tr.wikipedia.org/wiki/Anklav_ve_eksklav,1,Anıtkabir#170
Ankuva,https://tr.wikipedia.org/wiki/Ankuva,1,Hatti#6
Ankyra,https://tr.wikipedia.org/wiki/Ankyra,2,Galatlar#11;Tektosaglar#17
Anna Porfirogenita,https://tr.wikipedia.org/wiki/Anna_Porfirogenita,1,Bizans İmparatorluğu#176
Antakya,https://tr.wikipedia.org/wiki/Antakya,8,Anadolu Selçuklu Devleti#74;Büyük Selçuklu İmparatorluğu#122;Büyük Selçuklu İmparatorluğu#83;Julianus#53;Julianus#54;Malazgirt Meydan Muharebesi#103;Malazgirt Meydan Muharebesi#89;Türkiye#49
Antakya Haçlı Princepsi,https://tr.wikipedia.org/wiki/Antakya_Prensli%C4%9Fi,1,I. Alâeddin Keykubad#84
Antakya Prensi,https://tr.wikipedia.org/wiki/Antakya_prensleri_listesi,1,Bizans İmparatorluğu#240
Antakyalı Maria,https://tr.wikipedia.org/wiki/Antakyal%C4%B1_Maria,1,Bizans İmparatorluğu#265
Antalya,https://tr.wikipedia.org/wiki/Antalya,13,Anadolu Selçuklu Devleti#103;Anıtkabir#311;Eski Taş Çağı#30;I. Alâeddin Keykubad#36;I. Alâeddin Keykubad#4;I. Bayezid#41;Orta Doğu Teknik Üniversitesi#162;Polatlı#22;Türk Kurtuluş Savaşı Batı Cephesi#666;Türk Kurtuluş Savaşı#19;Türkiye#277;İstanbul#310;İstanbul#596
Antalya,https://tr.wikipedia.org/wiki/Antalya_B%C3%BCy%C3%BCk%C5%9Fehir_Belediyesi,1,Büyükşehir belediyesi#18
Antandros,https://tr.wikipedia.org/wiki/Antandros,1,Kimmerler#26
ante,https://tr.wikipedia.org/wiki/Ante,1,Augustus Tapınağı#23
anterograd amnezi,https://tr.wikipedia.org/wiki/Anterograd_amnezi,1,Şarap#120
Antik,https://tr.wikipedia.org/wiki/Antik_%C3%87a%C4%9F,6,Antik Roma#5;Galatlar#1;Gordion#19;Lidyalılar#3;İskender#1;İskender#27
antik çağda,https://tr.wikipedia.org/wiki/Antik_%C3%A7a%C4%9F,1,Anadolu#64
Antik İran,https://tr.wikipedia.org/wiki/Antik_%C4%B0ran,1,Farslar#14
Mısır,https://tr.wikipedia.org/wiki/Antik_M%C4%B1s%C4%B1r,15,Ahameniş İmparatorluğu#290;Ahameniş İmparatorluğu#3;Anadolu#46;Ankara Roma Hamamı#27;Asur#43;Başkent#17;Güreş#10;Hititler#90;II. Kiros#147;II. Kiros#7;Strabon#10;Tunç Çağı#25;İskender#9;Şarap#34
Makedonların,https://tr.wikipedia.org/wiki/Antik_Makedonlar,1,Ahameniş İmparatorluğu#79
Antik Olimpiyat Oyunları,https://tr.wikipedia.org/wiki/Antik_Olimpiyat_Oyunlar%C4%B1,5,Bizans İmparatorluğu#50;Güreş#15;Güreş#49;Güreş#6;Herodot#42
Romalılar,https://tr.wikipedia.org/wiki/Antik_Roma,24,"Ankara Kalesi#1;Ankara Kalesi#5;Ankara Kalesi#7;Ankara#16;Ankara#23;Antik Yunanistan#19;Anıtkabir#101;Bizans İmparatorluğu#5;Frigya#22;Galatlar#1;Güreş#15;Herodot#3;Kalecik#21;Kral Yolu#15;Kızılcahamam#6;Latin harfleri#1;Roma İmparatorluğu#1;Roma İmparatorluğu#117;Strabon#15;Çubuk, Ankara#19;İstanbul#40;İzmir#72;Şarap#37;Şarap#9"
Antik Roma dini,https://tr.wikipedia.org/wiki/Antik_Roma%27da_din,1,AugustusCard#13
Roma mimarisi,https://tr.wikipedia.org/wiki/Antik_Roma_mimarisi,1,Antik Roma#281
Antik Yakın Doğu,https://tr.wikipedia.org/wiki/Antik_Yak%C4%B1n_Do%C4%9Fu,4,II. Kiros#1;II. Kiros#63;Kimmerler#81;Medler#5
Antik Yunan,https://tr.wikipedia.org/wiki/Antik_Yunan,3,Batı dünyası#4;Roma İmparatorluğu#329;Zeytinyağı#22
Antik Yunan felsefesine,https://tr.wikipedia.org/wiki/Antik_Yunan_felsefesi,1,Bizans İmparatorluğu#222
Antik Yunanca,https://tr.wikipedia.org/wiki/Antik_Yunanca,1,Frigya#1
Yunan,https://tr.wikipedia.org/wiki/Antik_Yunanistan,27,Anadolu#5;Anadolu#58;Ankara#45;Antik Roma#29;Antik Roma#7;Anıtkabir#12;Anıtkabir#88;Atletizm#3;Efes#22;Grekçe#1;Güreş#14;Herodot#1;II. Kiros#19;II. Kiros#8;Kral Yolu#3;Lidyalılar#22;Medler#6;Türkiye#44;Üniversite#23;İskender#15;İskender#2;İskender#21;İskender#236;İstanbul#39;İzmir#181;Şarap#37
Yunanlıların inandığı,https://tr.wikipedia.org/wiki/Antik_Yunanistan%27da_din,1,Ahameniş İmparatorluğu#380
Olimpiyat Oyunları,https://tr.wikipedia.org/wiki/Antik_Yunanistan%27da_olimpiyat_oyunlar%C4%B1,1,Antik Yunanistan#17
antik felsefe,https://tr.wikipedia.org/wiki/Antik_felsefe,1,Bizans İmparatorluğu#365
Antikythera düzeneğinin,https://tr.wikipedia.org/wiki/Antikitera_d%C3%BCzene%C4%9Fi,1,Bizans İmparatorluğu#369
Antioksidan,https://tr.wikipedia.org/wiki/Antioksidan,1,Zeytinyağı#110
Antipatros,https://tr.wikipedia.org/wiki/Antipatros,1,İskender#151
Antipatros Hanedanı,https://tr.wikipedia.org/wiki/Antipatros_Hanedan%C4%B1,1,İskender#232
Anton Denikin,https://tr.wikipedia.org/wiki/Anton_Denikin,1,Türk Kurtuluş Savaşı Batı Cephesi#113
Antoninus Duvarı,https://tr.wikipedia.org/wiki/Antoninus_Duvar%C4%B1,1,Septimius Severus#5
Antoninus Pius,https://tr.wikipedia.org/wiki/Antoninus_Pius,2,Roma İmparatorluğu#237;Septimius Severus#10
rengini U:(https://tr.wikipedia.org/wiki/%C5%9Earap_(renk))___ veren ___E:antosiyanin,https://tr.wikipedia.org/wiki/Antosiyanin,1,Şarap#46
antropolog,https://tr.wikipedia.org/wiki/Antropoloji,2,Mustafa Kemal Atatürk#770;Timur#510
Antwerp,https://tr.wikipedia.org/wiki/Anvers,1,Güreş#27
Anzavur Ayaklanması,https://tr.wikipedia.org/wiki/Anzavur_Ayaklanmas%C4%B1,1,Mustafa Kemal Atatürk#405
Anzer yaylası,https://tr.wikipedia.org/wiki/Anzer_Yaylas%C4%B1,1,Karadeniz Bölgesi#49
Apameia,https://tr.wikipedia.org/wiki/Apameia_Kibotos,2,Efes#24;Frigya#19
Aphrodisias,https://tr.wikipedia.org/wiki/Aphrodisias,1,Frigya#20
Apoditerium,https://tr.wikipedia.org/wiki/Apoditerium,1,Ankara Roma Hamamı#49
Apollo,https://tr.wikipedia.org/wiki/Apollo,1,Antik Yunanistan#290
Apollon,https://tr.wikipedia.org/wiki/Apollon,11,Antik Yunanistan#239;Asklepios#1;Asklepios#3;Asklepios#5;Midas#51;Midas#52;Midas#53;Midas#54;İskender#61
Aquileia,https://tr.wikipedia.org/wiki/Aquileia,1,Roma İmparatorluğu#406
Arıburnu,https://tr.wikipedia.org/wiki/Ar%C4%B1burnu_Cephesi,1,Mustafa Kemal Atatürk#206
arıcılık,https://tr.wikipedia.org/wiki/Ar%C4%B1c%C4%B1l%C4%B1k,1,İstanbul#289
arşın,https://tr.wikipedia.org/wiki/Ar%C5%9F%C4%B1n,1,Mustafa Kemal Atatürk#598
araştırma görevlisi,https://tr.wikipedia.org/wiki/Ara%C5%9Ft%C4%B1rma_g%C3%B6revlisi,2,Orta Doğu Teknik Üniversitesi#104;Üniversite#18
6. Çerçeve programlarının,https://tr.wikipedia.org/wiki/Ara%C5%9Ft%C4%B1rma_ve_Teknolojik_Geli%C5%9Ftirme_%C3%87er%C3%A7eve_Program%C4%B1,2,Orta Doğu Teknik Üniversitesi#112;Orta Doğu Teknik Üniversitesi#80
Ar-Ge,https://tr.wikipedia.org/wiki/Ara%C5%9Ft%C4%B1rma_ve_geli%C5%9Ftirme,2,Orta Doğu Teknik Üniversitesi#126;Türkiye#301
Ara Pacis,https://tr.wikipedia.org/wiki/Ara_Pacis,2,Augustus#357;Augustus#384
araba,https://tr.wikipedia.org/wiki/Araba,1,İstanbul#441
arabaşı,https://tr.wikipedia.org/wiki/Araba%C5%9F%C4%B1,1,Şereflikoçhisar#38
Arabia Petraea,https://tr.wikipedia.org/wiki/Arabia_Petraea,1,Septimius Severus#4
Arabissus,https://tr.wikipedia.org/wiki/Arabissus,1,Afşin#7
Araceae,https://tr.wikipedia.org/wiki/Araceae,1,Calla#1
Arahosia,https://tr.wikipedia.org/wiki/Arahosia,1,Ahameniş İmparatorluğu#417
Aral Gölü,https://tr.wikipedia.org/wiki/Aral_G%C3%B6l%C3%BC,5,Ahameniş İmparatorluğu#92;Büyük Selçuklu İmparatorluğu#7;Büyük Selçuklu İmparatorluğu#71;Selçuklu Hanedanı#13;Türkiye#60
Arami alfabesi,https://tr.wikipedia.org/wiki/Arami_alfabesi,1,Ahameniş İmparatorluğu#364
Aramice,https://tr.wikipedia.org/wiki/Aramice,3,Ahameniş İmparatorluğu#260;Anadolu#53;Hititler#139
Aramilerin,https://tr.wikipedia.org/wiki/Aramiler,1,Asur#41
Arap,https://tr.wikipedia.org/wiki/Arap,1,Pavlusçuluk#4
Arapça,https://tr.wikipedia.org/wiki/Arap%C3%A7a,31,Davul#5;Def#1;Dicle#36;Farslar#10;Fetret Devri#7;Haymana#4;I. Alâeddin Keykubad#14;Kayseri#4;Kayseri#6;Madenî para#13;Mustafa Kemal Atatürk#41;Mutasım#1;Osmanlı İmparatorluğu#24;Osmanlı İmparatorluğu#342;Osmanlı İmparatorluğu#434;Osmanlı İmparatorluğu#436;Osmanlı İmparatorluğu#532;Osmanlı İmparatorluğu#655;Pavlusçuluk#4;Timur İmparatorluğuCard#4;Türkiye#326;Türkçe#123;Türkçe#148;Türkçe#340;Türkçe#7;Türkçe#83;Türkçe#87;İskender#18;Şarap#11
faˁāl vezninde,https://tr.wikipedia.org/wiki/Arap%C3%A7a_dilbilgisi,1,Şarap#12
Arap Ayaklanması,https://tr.wikipedia.org/wiki/Arap_Ayaklanmas%C4%B1,1,Osmanlı İmparatorluğu#345
Arap Camii,https://tr.wikipedia.org/wiki/Arap_Camii,1,İstanbul#242
Arabistan,https://tr.wikipedia.org/wiki/Arap_Yar%C4%B1madas%C4%B1,6,Ahameniş İmparatorluğu#290;Ahameniş İmparatorluğu#92;Büyük Selçuklu İmparatorluğu#48;Osmanlı İmparatorluğu#459;Osmanlı İmparatorluğu#477;İskender#9
Arapça,https://tr.wikipedia.org/wiki/Arap_alfabesi,1,Ahilik#10
Arap,https://tr.wikipedia.org/wiki/Arap_at%C4%B1,2,At#2;At#79
Arap,https://tr.wikipedia.org/wiki/Arap_edebiyat%C4%B1,1,Türkiye#368
Arap alfabesi,https://tr.wikipedia.org/wiki/Arap_harfleri,4,Mustafa Kemal Atatürk#19;Türkçe#119;Türkçe#121;Türkçe#91
Arap müziği,https://tr.wikipedia.org/wiki/Arap_m%C3%BCzi%C4%9Fi,1,Osmanlı İmparatorluğu#580
Arapkir,https://tr.wikipedia.org/wiki/Arapgir,1,Sivas#85
Araplar,https://tr.wikipedia.org/wiki/Araplar,8,Ankara Muharebesi#258;Def#6;Malazgirt Meydan Muharebesi#80;Osmanlı İmparatorluğu#527;Türkiye#315;Türkçe#340;İslam devleti#51;İstanbul#69
Aras,https://tr.wikipedia.org/wiki/Aras,1,Türkiye#215
Aras Türk Cumhuriyeti,https://tr.wikipedia.org/wiki/Aras_T%C3%BCrk_Cumhuriyeti,7,Anadolu Selçuklu Devleti#4;Büyük Selçuklu İmparatorluğu#4;Germiyanoğulları Beyliği#4;Karamanoğulları Beyliği#29;Osmanlı İmparatorluğu#4;Selçuklu Hanedanı#4;Timur İmparatorluğu#4
Arcadius,https://tr.wikipedia.org/wiki/Arcadius,3,Bizans İmparatorluğu#50;Roma İmparatorluğu#389;Roma İmparatorluğu#413
Sayce,https://tr.wikipedia.org/wiki/Archibald_Henry_Sayce,1,Hititler#35
Archibald Sayce,https://tr.wikipedia.org/wiki/Archibald_Sayce,1,Hititler#24
ardıç,https://tr.wikipedia.org/wiki/Ard%C4%B1%C3%A7,2,Anıtkabir#105;Orman#49
Ardahan,https://tr.wikipedia.org/wiki/Ardahan,2,2014 Türkiye yerel seçimleri#21;Kete#2
Ardis,https://tr.wikipedia.org/wiki/Ardis,1,Kimmerler#18
arena,https://tr.wikipedia.org/wiki/Arena,1,Antik Roma#280
Areni-1 Mağara Kompleksi,https://tr.wikipedia.org/wiki/Areni-1_Ma%C4%9Fara_Kompleksi,1,Şarap#30
Ares,https://tr.wikipedia.org/wiki/Ares,2,Antik Roma#215;Antik Yunanistan#239
Arf değişmezini,https://tr.wikipedia.org/wiki/Arf_de%C4%9Fi%C5%9Fmezi,1,Türkiye#304
Argead Hanedanı,https://tr.wikipedia.org/wiki/Argead_Hanedan%C4%B1,1,İskenderCard#11
Argonotlar,https://tr.wikipedia.org/wiki/Argonotlar,1,Medler#93
Argos,https://tr.wikipedia.org/wiki/Argos,4,Ahameniş İmparatorluğu#120;Antik Yunanistan#101;Antik Yunanistan#51;Antik Yunanistan#87
Arif Hikmet Holtay,https://tr.wikipedia.org/wiki/Arif_Hikmet_Holtay,1,Anıtkabir#26
Arif Hikmet Bey,https://tr.wikipedia.org/wiki/Arif_Hikmet_Koyuno%C4%9Flu,2,Ankara Etnografya Müzesi#3;Ankara Resim ve Heykel Müzesi#7
Arinna,https://tr.wikipedia.org/wiki/Arinna,1,Hatti#6
Aristagoras,https://tr.wikipedia.org/wiki/Aristagoras,1,Ahameniş İmparatorluğu#94
Aristide Briand,https://tr.wikipedia.org/wiki/Aristide_Briand,2,Türk Kurtuluş Savaşı Batı Cephesi#703;Türk Kurtuluş Savaşı Batı Cephesi#894
Aristofanes,https://tr.wikipedia.org/wiki/Aristofanes,3,Antik Yunanistan#2;Antik Yunanistan#66;Herodot#61
aristokrasisine,https://tr.wikipedia.org/wiki/Aristokrasi,1,Ankara Muharebesi#33
aristokrat,https://tr.wikipedia.org/wiki/Aristokrat,1,Antik Roma#19
Aristo,https://tr.wikipedia.org/wiki/Aristoteles,8,Antik Yunanistan#2;Antik Yunanistan#26;Antik Yunanistan#66;Güreş#16;Herodot#32;Strabon#7;Üniversite#26;İskender#4
aritmetik,https://tr.wikipedia.org/wiki/Aritmetik,2,Antik Roma#200;Antik Yunanistan#221
Ariusçu,https://tr.wikipedia.org/wiki/Arius%C3%A7uluk,1,Roma İmparatorluğu#327
Arjaan,https://tr.wikipedia.org/wiki/Arjaan,1,Kimmerler#29
Arjantin,https://tr.wikipedia.org/wiki/Arjantin,2,Ankara keçisi#2;Ankara tavşanı#15
Arjantin şarabı,https://tr.wikipedia.org/wiki/Arjantin_%C5%9Farab%C4%B1,1,Şarap#42
Arjantin,https://tr.wikipedia.org/wiki/Arjantin_mill%C3%AE_basketbol_tak%C4%B1m%C4%B1,2,2010 FIBA Dünya Basketbol Şampiyonası#9;Türkiye millî basketbol takımı#85
Arkadya,https://tr.wikipedia.org/wiki/Arkadya,1,Asklepios#5
Arkaik,https://tr.wikipedia.org/wiki/Arkaik_Yunanistan,1,Grekçe#2
Arkas Sanat Merkezi,https://tr.wikipedia.org/wiki/Arkas_Sanat_Merkezi,1,İzmir#180
arkeologlar,https://tr.wikipedia.org/wiki/Arkeolog,1,Lidyalılar#5
arkeologlar,https://tr.wikipedia.org/wiki/Arkeologlar,1,Ankara Roma Hamamı#22
arkeolojik,https://tr.wikipedia.org/wiki/Arkeoloji,11,Ankara Etnografya Müzesi#2;Antik Roma#19;Augustus#381;Def#2;Herodot#9;Kimmerler#54;Kral Yolu#5;Madenî para#25;Midas#20;Taş Devri#5;Şarap#27
arkeoloji müzesi,https://tr.wikipedia.org/wiki/Arkeoloji_m%C3%BCzesi,4,Anadolu Medeniyetleri Müzesi#1;Anadolu Medeniyetleri MüzesiCard#4;Erimtan Arkeoloji ve Sanat Müzesi#1;Erimtan Arkeoloji ve Sanat MüzesiCard#4
arkeolojik kazı,https://tr.wikipedia.org/wiki/Arkeolojik_kaz%C4%B1,1,Ankara Roma Hamamı#21
armacılığı,https://tr.wikipedia.org/wiki/Arma_bilimi,1,Bizans İmparatorluğu#455
Armada Alışveriş ve İş Merkezi,https://tr.wikipedia.org/wiki/Armada_Al%C4%B1%C5%9Fveri%C5%9F_ve_%C4%B0%C5%9F_Merkezi,1,Çukurambar#5
Armada alışveriş merkezi,https://tr.wikipedia.org/wiki/Armada_al%C4%B1%C5%9Fveri%C5%9F_merkezi,1,Söğütözü#2
Melhame-i Kübrası,https://tr.wikipedia.org/wiki/Armageddon,1,Sakarya Meydan Muharebesi#40
Armeniakon Theması,https://tr.wikipedia.org/wiki/Armeniakon,1,Sivas#18
Arminius,https://tr.wikipedia.org/wiki/Arminius,2,Augustus#273;Roma İmparatorluğu#110
armut,https://tr.wikipedia.org/wiki/Armut,2,Ankara armudu#1;Gıda#24
Arnaldo Foschini,https://tr.wikipedia.org/wiki/Arnaldo_Foschini,2,Anıtkabir#129;Anıtkabir#29
Arnavutça,https://tr.wikipedia.org/wiki/Arnavut%C3%A7a,2,Osmanlı İmparatorluğu#434;Türkçe#33
Arnavut,https://tr.wikipedia.org/wiki/Arnavutlar,4,Konya#39;Mustafa Kemal Atatürk#49;Mustafa Kemal Atatürk#54;Türkiye#315
Arnavutluk,https://tr.wikipedia.org/wiki/Arnavutluk,5,I. Bayezid#27;I. Murad#98;II. Murad#184;II. Murad#241;Türkçe#163
Arnold Joseph Toynbee,https://tr.wikipedia.org/wiki/Arnold_Joseph_Toynbee,3,Ahameniş İmparatorluğu#435;Osmanlı İmparatorluğu#20;Türk Kurtuluş Savaşı Batı Cephesi#120
arp,https://tr.wikipedia.org/wiki/Arp,1,Bizans İmparatorluğu#413
arpa,https://tr.wikipedia.org/wiki/Arpa,6,Antik Yunanistan#208;Asur#14;Balâ#49;Polatlı#38;Sivas#72;Taş Devri#21
arpa şarabı,https://tr.wikipedia.org/wiki/Arpa_%C5%9Farab%C4%B1,1,Şarap#72
arsenik,https://tr.wikipedia.org/wiki/Arsenik,2,Tunç Çağı#3
arslanlar,https://tr.wikipedia.org/wiki/Arslan,1,Midas#26
Arslan Bey,https://tr.wikipedia.org/wiki/Arslan_Yabgu,2,Büyük Selçuklu İmparatorluğu#17;Büyük Selçuklu İmparatorluğu#28
Arslanhane (Ahi Şerafettin) Camii,https://tr.wikipedia.org/wiki/Arslanhane_Camii,1,Ankara#118
art nouveau,https://tr.wikipedia.org/wiki/Art_nouveau,1,İstanbul#454
Artemis,https://tr.wikipedia.org/wiki/Artemis,5,Antik Yunanistan#239;Asklepios#5;Efes#52;Efes#53
Artemis Tapınağı,https://tr.wikipedia.org/wiki/Artemis_Tap%C4%B1na%C4%9F%C4%B1,6,Efes#59;Efes#72;Efes#8;İskender#29;İskender#30
Artemision,https://tr.wikipedia.org/wiki/Artemision_Deniz_Muharebesi,2,Ahameniş İmparatorluğu#106;Herodot#4
Arthur Balfour,https://tr.wikipedia.org/wiki/Arthur_Balfour,4,Mustafa Kemal Atatürk#856;Türk Kurtuluş Savaşı Batı Cephesi#152;Türk Kurtuluş Savaşı Batı Cephesi#259;Türk Kurtuluş Savaşı Batı Cephesi#8
Artistik Buz Pateni,https://tr.wikipedia.org/wiki/Artistik_Buz_Pateni,1,Buz pateni#2
artistik jimnastik,https://tr.wikipedia.org/wiki/Artistik_jimnastik,1,Jimnastik#11
Artıkova,https://tr.wikipedia.org/wiki/Artova,1,Ankara Muharebesi#83
Artuk Bey,https://tr.wikipedia.org/wiki/Artuk_Bey,3,Ankara#54;Büyük Selçuklu İmparatorluğu#81;Malazgirt Meydan Muharebesi#82
Artuklu Beyliği,https://tr.wikipedia.org/wiki/Artuklu_Beyli%C4%9Fi,12,Anadolu Selçuklu Devleti#2;Anadolu Selçuklu Devleti#248;Anadolu Selçuklu Devleti#394;Artuk Bey#1;Artuk Bey#46;Büyük Selçuklu İmparatorluğu#2;Germiyanoğulları Beyliği#2;I. Alâeddin Keykubad#6;Karamanoğulları Beyliği#27;Osmanlı İmparatorluğu#2;Selçuklu Hanedanı#2;Timur İmparatorluğu#2
Sökmenoğulları,https://tr.wikipedia.org/wiki/Artuklu_beyleri_listesi,1,Anadolu Selçuklu Devleti#33
Artuklular,https://tr.wikipedia.org/wiki/Artuklular,2,Artuk BeyCard#4;I. Alâeddin Keykubad#89
Artvin,https://tr.wikipedia.org/wiki/Artvin,6,2014 Türkiye yerel seçimleri#21;Karadeniz Bölgesi#37;Karadeniz Bölgesi#46;Karadeniz Bölgesi#56;Kete#2
aruz,https://tr.wikipedia.org/wiki/Aruz,1,Türkçe#79
aruz veznine,https://tr.wikipedia.org/wiki/Aruz_%C3%B6l%C3%A7%C3%BCs%C3%BC,1,Osmanlı İmparatorluğu#539
Arvalya,https://tr.wikipedia.org/wiki/Arvalya_H%C3%B6y%C3%BCk,1,Efes#16
Aryanlar,https://tr.wikipedia.org/wiki/Aryan,2,Medler#55;Medler#92
Aryanizm,https://tr.wikipedia.org/wiki/Aryanizm,2,Bizans İmparatorluğu#386;Julianus#10
Arzava,https://tr.wikipedia.org/wiki/Arzava,1,Hititler#79
Arzava,https://tr.wikipedia.org/wiki/Arzawa,1,Efes#4
Asakir-i Mansure-i Muhammediye,https://tr.wikipedia.org/wiki/As%C3%A2kir-i_Mans%C3%BBre-i_Muhammediyye,1,Osmanlı İmparatorluğu#415
Asım Pars,https://tr.wikipedia.org/wiki/As%C4%B1m_Pars,3,Türkiye millî basketbol takımı#134;Türkiye millî basketbol takımı#136;Türkiye millî basketbol takımı#138
Ashab-ı Kehf,https://tr.wikipedia.org/wiki/Ashab-%C4%B1_Kehf,1,Afşin#34
Ashmolean,https://tr.wikipedia.org/wiki/Ashmolean_M%C3%BCzesi,1,Ankara Roma Hamamı#28
asimetrik bar,https://tr.wikipedia.org/wiki/Asimetrik_bar,1,Jimnastik#4
asimilasyon,https://tr.wikipedia.org/wiki/Asimilasyon,1,Antik Roma#3
"Migdon U:(https://tr.wikipedia.org/wiki/Migdon_(Frigya_kral%C4%B1))___ , ___E:Askanios",https://tr.wikipedia.org/wiki/Askanios,1,Frigler#30
Asker,https://tr.wikipedia.org/wiki/Asker,2,Mustafa Kemal AtatürkCard#16;Timur İmparatorluğu#6
askerî bandolarından,https://tr.wikipedia.org/wiki/Asker%C3%AE_bando,1,Osmanlı İmparatorluğu#590
Askerî Mahkemeler,https://tr.wikipedia.org/wiki/Asker%C3%AE_mahkeme,1,Türkiye#168
Askerî teknoloji,https://tr.wikipedia.org/wiki/Asker%C3%AE_teknoloji,1,Türkiye#301
askeri,https://tr.wikipedia.org/wiki/Askeri,1,Gazi Üniversitesi#74
askerî,https://tr.wikipedia.org/wiki/Askeriye,1,Bizans İmparatorluğu#2
Asklepios,https://tr.wikipedia.org/wiki/Asklepios,2,Ankara Roma Hamamı#13;Ankara#113
Asklepios'un Asası,https://tr.wikipedia.org/wiki/Asklepios%27un_Asas%C4%B1,1,Asklepios#23
aslan,https://tr.wikipedia.org/wiki/Aslan,1,Anıtkabir#172
Aslantaş,https://tr.wikipedia.org/wiki/Aslanta%C5%9F_k%C3%B6y%C3%BC,1,Frigya#32
Asparuh,https://tr.wikipedia.org/wiki/Asparuh,1,Bizans İmparatorluğu#113
aspiranturo,https://tr.wikipedia.org/wiki/Aspiranturo,1,Üniversite#14
Assos,https://tr.wikipedia.org/wiki/Assos,1,Zeytinyağı#23
Astana,https://tr.wikipedia.org/wiki/Astana,1,Mustafa Kemal Atatürk#845
asteroittir,https://tr.wikipedia.org/wiki/Asteroit,1,Kimmerler#96
Asteroit kuşağı,https://tr.wikipedia.org/wiki/Asteroit_ku%C5%9Fa%C4%9F%C4%B1,1,Kimmerler#96
Astrahan,https://tr.wikipedia.org/wiki/Astrahan,1,Timur#209
Astrahan Hanlığı,https://tr.wikipedia.org/wiki/Astrahan_Hanl%C4%B1%C4%9F%C4%B1,7,Anadolu Selçuklu Devleti#2;Büyük Selçuklu İmparatorluğu#2;Germiyanoğulları Beyliği#2;Karamanoğulları Beyliği#27;Osmanlı İmparatorluğu#2;Selçuklu Hanedanı#2;Timur İmparatorluğu#2
müneccimleri,https://tr.wikipedia.org/wiki/Astroloji,1,Ankara Muharebesi#62
astronomi,https://tr.wikipedia.org/wiki/Astronomi,3,Bizans İmparatorluğu#367;Bizans İmparatorluğu#372;Timur#544
Astyages,https://tr.wikipedia.org/wiki/Astyages,6,Ahameniş İmparatorluğu#26;II. Kiros#44;II. Kiros#63;II. Kiros#64;Medler#60;MedlerCard#10
Asur,https://tr.wikipedia.org/wiki/Asur,13,Anadolu#5;Ankara#46;Başkent#23;Davul#19;Erimtan Arkeoloji ve Sanat Müzesi#15;Kapadokya#19;Kayseri#14;Kimmerler#11;Kimmerler#45;Lidyalılar#10;Midas#1;Midas#29;Osmanlı İmparatorluğu#421
Asur Ticaret Kolonileri Çağı,https://tr.wikipedia.org/wiki/Asur_Ticaret_Kolonileri_%C3%87a%C4%9F%C4%B1,4,Hititler#174;Hititler#231;Hititler#76;Hititler#83
Asurbanipal,https://tr.wikipedia.org/wiki/Asurbanipal,8,Ahameniş İmparatorluğu#42;Asur#32;Asur#44;Kimmerler#15;Kimmerler#45;Lidyalılar#25;Medler#45
Asur,https://tr.wikipedia.org/wiki/Asurlular,18,Ahameniş İmparatorluğu#22;Ahameniş İmparatorluğu#381;Anadolu#40;Anadolu#55;Asur#27;Frigya#31;Frigya#6;Hititler#160;Hititler#163;Kimmerler#2;Kimmerler#71;Lidyalılar#10;Medler#6;Medler#7;Medler#9;Sivas#41;Türkiye#41
Asya,https://tr.wikipedia.org/wiki/Asya,27,Anadolu#1;Anadolu#15;Anadolu#2;Anadolu#4;Ankara Muharebesi#246;Antik Yunanistan#129;Batı dünyası#3;Bozkır#4;Kafkasya#1;Köppen iklim sınıflandırması#98;Kızılırmak#48;Osmanlı İmparatorluğu#16;Osmanlı İmparatorluğu#424;Osmanlı İmparatorluğu#460;Tunç Çağı#7;Türkiye#173;Türkiye#19;Türkiye#205;Türkiye#213;Türkiye#278;Türkiye#290;Türkiye#3;İstanbul#2;İstanbul#21;İstanbul#90
Asya Oyunları,https://tr.wikipedia.org/wiki/Asya_Oyunlar%C4%B1,1,Güreş#64
at,https://tr.wikipedia.org/wiki/At,4,Ankara#20;Binicilik#1;Hayvancılık#4;Kimmerler#54
Atık su arıtma,https://tr.wikipedia.org/wiki/At%C4%B1k_su_ar%C4%B1t%C4%B1m%C4%B1,1,İstanbul#533
at,https://tr.wikipedia.org/wiki/At_yar%C4%B1%C5%9F%C4%B1,2,Antik Roma#263;At#62
Ataları,https://tr.wikipedia.org/wiki/Ata,1,Ankara keçisi#1
Makpela,https://tr.wikipedia.org/wiki/Atababalar_Ma%C4%9Faras%C4%B1,1,Hititler#257
"Artvin U:(https://tr.wikipedia.org/wiki/Artvin_(il))___ yöresine ait olan 1936 yılında Atatürk'ün karşısında oynanan halk oyunu Artvin barı, Atatürk'ün çok beğenmesi üzerine ___E:atabarı",https://tr.wikipedia.org/wiki/Atabar%C4%B1,1,Mustafa Kemal Atatürk#837
ataerkil,https://tr.wikipedia.org/wiki/Ataerkillik,1,Osmanlı İmparatorluğu#21
Atakule,https://tr.wikipedia.org/wiki/Atakule,2,Ankara Büyükşehir Belediyesi#12;Ankara Büyükşehir Belediyesi#6
Atatürk Üniversitesi,https://tr.wikipedia.org/wiki/Atat%C3%BCrk_%C3%9Cniversitesi,1,Mustafa Kemal Atatürk#826
Cumhuriyetçilik,https://tr.wikipedia.org/wiki/Atat%C3%BCrk_%C4%B0lkeleri,2,Mustafa Kemal Atatürk#618
devletçi,https://tr.wikipedia.org/wiki/Atat%C3%BCrk_%C4%B0lkeleri#Devletçilik,1,Türkiye#262
Demokrat Parti U:(https://tr.wikipedia.org/wiki/Demokrat_Parti_(1946))___ hükûmeti döneminde yürürlüğe giren ve kamuoyunda Atatürk'ü Koruma Kanunu olarak anılan ___E:Atatürk Aleyhine İşlenen Suçlar Hakkında Kanun,https://tr.wikipedia.org/wiki/Atat%C3%BCrk_Aleyhine_%C4%B0%C5%9Flenen_Su%C3%A7lar_Hakk%C4%B1nda_Kanun,1,Mustafa Kemal Atatürk#830
Atatürk Barajı,https://tr.wikipedia.org/wiki/Atat%C3%BCrk_Baraj%C4%B1,1,Fırat#17
Atatürk Barajı,https://tr.wikipedia.org/wiki/Atat%C3%BCrk_Baraj%C4%B1_ve_Hidroelektrik_Santrali,1,Mustafa Kemal Atatürk#826
Atatürk Bulvarı,"https://tr.wikipedia.org/wiki/Atat%C3%BCrk_Bulvar%C4%B1,_Ankara",1,Orta Doğu Teknik Üniversitesi#346
Atatürk Devrimleri,https://tr.wikipedia.org/wiki/Atat%C3%BCrk_Devrimleri,11,Anıtkabir#226;Anıtkabir#62;Cumhuriyet Halk Partisi#112;Cumhuriyet Halk Partisi#9;Mustafa Kemal Atatürk#3;Mustafa Kemal Atatürk#876;Mustafa Kemal Atatürk#9;Türkiye#106;Türkiye'de cumhuriyetin ilanı#2;Türkçe#94;İslam devleti#37
tarım,https://tr.wikipedia.org/wiki/Atat%C3%BCrk_Devrimleri#Tarım,1,Türkiye'de tarım#13
Atatürk Havalimanı,https://tr.wikipedia.org/wiki/Atat%C3%BCrk_Havaliman%C4%B1,2,Mustafa Kemal Atatürk#826;İstanbul#560
Atatürk Köprüsü,https://tr.wikipedia.org/wiki/Atat%C3%BCrk_K%C3%B6pr%C3%BCs%C3%BC,1,Mustafa Kemal Atatürk#826
Atatürk Olimpiyat Stadyumu,https://tr.wikipedia.org/wiki/Atat%C3%BCrk_Olimpiyat_Stadyumu,6,Mustafa Kemal Atatürk#826;Süper Kupa#25;Süper Kupa#27;Türkiye#395;İstanbul#480;İstanbul#487
Atatürk Orman Çiftliği,https://tr.wikipedia.org/wiki/Atat%C3%BCrk_Orman_%C3%87iftli%C4%9Fi,7,Ankara#76;Devlet Mezarlığı#1;Mustafa Kemal Atatürk#768;Mustafa Kemal Atatürk#826;Söğütözü#1;Yenimahalle#21;Yenimahalle#23
Ankara Hayvanat Bahçesi,https://tr.wikipedia.org/wiki/Atat%C3%BCrk_Orman_%C3%87iftli%C4%9Fi_Hayvanat_Bah%C3%A7esi,5,Ankara kedisi#16;Atatürk Orman Çiftliği#3;Atatürk Orman ÇiftliğiCard#2;Yenimahalle#22;Yenimahalle#23
Atatürk Oto Sanayi Sitesi,https://tr.wikipedia.org/wiki/Atat%C3%BCrk_Oto_Sanayi_Sitesi,1,İstanbul#275
Atatürk Yılı,https://tr.wikipedia.org/wiki/Atat%C3%BCrk_Y%C4%B1l%C4%B1,1,Mustafa Kemal Atatürk#867
Atatürk kişi kültünün,https://tr.wikipedia.org/wiki/Atat%C3%BCrk_ki%C5%9Fi_k%C3%BClt%C3%BC,1,Cumhuriyet Halk Partisi#30
Milliyetçilik ilkesi,https://tr.wikipedia.org/wiki/Atat%C3%BCrk_milliyet%C3%A7ili%C4%9Fi,2,Cumhuriyet Halk Partisi#120;Cumhuriyet Halk Partisi#29
Atatürk ve Kurtuluş Savaşı Müzesi,https://tr.wikipedia.org/wiki/Atat%C3%BCrk_ve_Kurtulu%C5%9F_Sava%C5%9F%C4%B1_M%C3%BCzesi,5,Ankara#103;Anıtkabir#10;Anıtkabir#110;Anıtkabir#264;Anıtkabir#84
ateşkes,https://tr.wikipedia.org/wiki/Ate%C5%9Fkes,1,Orta Doğu Teknik Üniversitesi#269
atgiller,https://tr.wikipedia.org/wiki/Atgiller,1,At#1
Athalarik,https://tr.wikipedia.org/wiki/Athalarik,1,Bizans İmparatorluğu#70
Athanagild,https://tr.wikipedia.org/wiki/Athanagild,1,Bizans İmparatorluğu#75
Athena,https://tr.wikipedia.org/wiki/Athena,4,Antik Yunanistan#239;Asklepios#11;İskender#136;İzmir#51
Athenaeus,https://tr.wikipedia.org/wiki/Athenaeus,1,Frigler#47
Atia,https://tr.wikipedia.org/wiki/Atia,2,Augustus#35;AugustusCard#12
Atilla Karaosmanoğlu,https://tr.wikipedia.org/wiki/Atilla_Karaosmano%C4%9Flu,1,Orta Doğu Teknik Üniversitesi#299
Atina,https://tr.wikipedia.org/wiki/Atina,32,Ahameniş İmparatorluğu#108;Ahameniş İmparatorluğu#120;Ahameniş İmparatorluğu#147;Ahameniş İmparatorluğu#434;Antik Yunanistan#116;Antik Yunanistan#123;Antik Yunanistan#148;Antik Yunanistan#151;Antik Yunanistan#177;Antik Yunanistan#2;Antik Yunanistan#241;Antik Yunanistan#26;Antik Yunanistan#270;Antik Yunanistan#48;Antik Yunanistan#49;Antik Yunanistan#52;Antik Yunanistan#54;Antik Yunanistan#57;Antik Yunanistan#59;Antik Yunanistan#60;Antik Yunanistan#63;Antik Yunanistan#76;Antik Yunanistan#99;Asklepios#19;Bizans İmparatorluğu#429;Julianus#16;Medler#92;Mustafa Kemal Atatürk#689;Üniversite#24;İskender#126
Atina Dükalığını,https://tr.wikipedia.org/wiki/Atina_D%C3%BCkal%C4%B1%C4%9F%C4%B1,1,Ankara Muharebesi#239
atlı tramvaylar,https://tr.wikipedia.org/wiki/Atl%C4%B1_tramvay,1,İzmir#242
atlama,https://tr.wikipedia.org/wiki/Atlama,1,Atletizm#1
atlama masası,https://tr.wikipedia.org/wiki/Atlama_masas%C4%B1,1,Jimnastik#4
Atlantik,https://tr.wikipedia.org/wiki/Atlantik_Okyanusu,1,Havayolu#4
Atlantis,https://tr.wikipedia.org/wiki/Atlantis,1,Midas#21
Atlantik Okyanusu,https://tr.wikipedia.org/wiki/Atlas_Okyanusu,1,Osmanlı İmparatorluğu#15
Atletler,https://tr.wikipedia.org/wiki/Atlet,1,Atletizm#7
Atletizm,https://tr.wikipedia.org/wiki/Atletizm,1,Ankara#180
Bayağı atmaca,https://tr.wikipedia.org/wiki/Atmaca,2,Türkiye#229;İstanbul#182
Atossa,https://tr.wikipedia.org/wiki/Atossa,1,Ahameniş İmparatorluğu#404
Aturpatakan,https://tr.wikipedia.org/wiki/Atropatena,1,Medler#119
Atika Yarımadası,https://tr.wikipedia.org/wiki/Attika,1,I. Bayezid#29
Delos Birliği,https://tr.wikipedia.org/wiki/Attika-Delos_Deniz_Birli%C4%9Fi,1,Ahameniş İmparatorluğu#120
Attik,https://tr.wikipedia.org/wiki/Attike,1,Efes#4
Attila,https://tr.wikipedia.org/wiki/Attila,1,Bizans İmparatorluğu#53
Attis,https://tr.wikipedia.org/wiki/Attis,1,Ankara Roma Hamamı#29
Augustus,https://tr.wikipedia.org/wiki/Augustus,21,Ankara#114;Ankara#49;Antik Roma#112;Antik Roma#230;Antik Roma#44;Antik Roma#47;Efes#28;Kayseri#9;Roma İmparatorluğu#1;Roma İmparatorluğu#10;Roma İmparatorluğu#17;Roma İmparatorluğu#264;Roma İmparatorluğu#33;Roma İmparatorluğu#53;Roma İmparatorluğu#59;Roma İmparatorluğu#74;Roma İmparatorluğu#80;Roma İmparatorluğu#82;Roma İmparatorluğuCard#5
Augustus Forumu,https://tr.wikipedia.org/wiki/Augustus_Forumu,2,Augustus#360
Augustus kemeri,https://tr.wikipedia.org/wiki/Augustus_Kemeri,1,Augustus#363
Augustus Mozolesi,https://tr.wikipedia.org/wiki/Augustus_Mozolesi,4,Augustus#303;Augustus#309;Augustus#362;AugustusCard#6
Augustus Tapınağı,https://tr.wikipedia.org/wiki/Augustus_Tap%C4%B1na%C4%9F%C4%B1,4,Anadolu Medeniyetleri Müzesi#11;Ankara#113;Ankara#166;Hacı Bayram Camii#1
Augustus Zafer Anıtı,https://tr.wikipedia.org/wiki/Augustus_Zafer_An%C4%B1t%C4%B1,1,Augustus#364
Hirtius,https://tr.wikipedia.org/wiki/Aulus_Hirtius,1,Augustus#5
Aureus,https://tr.wikipedia.org/wiki/Aureus,1,Roma İmparatorluğuCard#17
Austen Chamberlain,https://tr.wikipedia.org/wiki/Austen_Chamberlain,2,Türk Kurtuluş Savaşı Batı Cephesi#1007;Türk Kurtuluş Savaşı Batı Cephesi#617
Avanos,https://tr.wikipedia.org/wiki/Avanos,1,Kapadokya#50
Avar Kağanlığı,https://tr.wikipedia.org/wiki/Avar_Ka%C4%9Fanl%C4%B1%C4%9F%C4%B1,7,Anadolu Selçuklu Devleti#2;Büyük Selçuklu İmparatorluğu#2;Germiyanoğulları Beyliği#2;Karamanoğulları Beyliği#27;Osmanlı İmparatorluğu#2;Selçuklu Hanedanı#2;Timur İmparatorluğu#2
Avarlar,https://tr.wikipedia.org/wiki/Avarlar,2,Bizans İmparatorluğu#85;Kafkasya#28
Avcı-Toplayıcı,https://tr.wikipedia.org/wiki/Avc%C4%B1-toplay%C4%B1c%C4%B1,2,Taş Devri#25;Teknoloji#2
çatışmasının,https://tr.wikipedia.org/wiki/Avc%C4%B1_birli%C4%9Fi,1,İskender#142
avcılık,https://tr.wikipedia.org/wiki/Avc%C4%B1l%C4%B1k,4,Eski Taş Çağı#13;Osmanlı İmparatorluğu#665;Taş Devri#11;Turizm#9
Avesta,https://tr.wikipedia.org/wiki/Avestaca,2,Medler#113;Medler#72
avlu,https://tr.wikipedia.org/wiki/Avlu,1,Antik Yunanistan#179
Avram Barokas,https://tr.wikipedia.org/wiki/Avram_Barokas,2,Türkiye millî basketbol takımı#101;Türkiye millî basketbol takımı#99
Avram Galanti,https://tr.wikipedia.org/wiki/Avram_Galanti_Bodrumlu,1,Niğde#10
Avrasya,https://tr.wikipedia.org/wiki/Avrasya,8,Bizans İmparatorluğu#353;Hint-Avrupa halkları#1;Kimmerler#29;Ticaret#66;Türkiye#204;Türkiye#229;Türkçe#114;İstanbul#125
Avrasya Tüneli,https://tr.wikipedia.org/wiki/Avrasya_T%C3%BCneli,1,Türkiye#287
Avrasya steplerinin,https://tr.wikipedia.org/wiki/Avrasya_stepleri,1,II. Kiros#127
Avrupa,https://tr.wikipedia.org/wiki/Avrupa,64,2001 Avrupa Basketbol Şampiyonası#1;Adalet ve Kalkınma Partisi#133;Ahameniş İmparatorluğu#368;Anadolu Selçuklu Devleti#19;Anadolu#24;Anadolu#4;Ankara Muharebesi#246;Ankara kedisi#3;Antik Roma#119;Antik Yunanistan#7;Batı dünyası#1;Batı dünyası#4;Bisiklet#28;Bizans İmparatorluğu#2;Bizans İmparatorluğu#352;Bozkır#4;Buz hokeyi#10;Def#6;Fetret Devri#18;Havayolu#9;Hentbol#37;Kafkasya#1;Malazgirt Meydan Muharebesi#115;Mustafa Kemal Atatürk#690;Mustafa Kemal Atatürk#729;Osmanlı İmparatorluğu#16;Osmanlı İmparatorluğu#271;Osmanlı İmparatorluğu#370;Osmanlı İmparatorluğu#424;Osmanlı İmparatorluğu#460;Otoyol#12;Roma İmparatorluğu#3;Roma İmparatorluğu#6;Ticaret#61;Tunç Çağı#7;Turizm#7;Türkiye#11;Türkiye#173;Türkiye#19;Türkiye#206;Türkiye#213;Türkiye#255;Türkiye#274;Türkiye#278;Türkiye#290;Türkiye#3;Türkiye#311;Türkiye#37;Türkiye#394;Türkiye#4;Üniversite#34;İstanbul#2;İstanbul#21;İstanbul#430;İstanbul#433;İstanbul#438;İstanbul#462;İstanbul#545;İstanbul#90;Şarap#7
Avrupa'nın hasta adamı,https://tr.wikipedia.org/wiki/Avrupa%27n%C4%B1n_hasta_adam%C4%B1,1,Osmanlı İmparatorluğu#265
EUA,https://tr.wikipedia.org/wiki/Avrupa_%C3%9Cniversiteler_Birli%C4%9Fi,1,Orta Doğu Teknik Üniversitesi#114
Avrupa devletleri,https://tr.wikipedia.org/wiki/Avrupa_%C3%BClkeleri_listesi,1,Lozan Antlaşması#16
Avrupa İnsan Hakları Mahkemesi,https://tr.wikipedia.org/wiki/Avrupa_%C4%B0nsan_Haklar%C4%B1_Mahkemesi,1,Türkiye#197
Avrupa şüphecisidir,https://tr.wikipedia.org/wiki/Avrupa_%C5%9F%C3%BCphecili%C4%9Fi,1,Milliyetçi Hareket Partisi#4
Avrupa 23 Yaş Altı,https://tr.wikipedia.org/wiki/Avrupa_23_Ya%C5%9F_Alt%C4%B1_Atletizm_%C5%9Eampiyonas%C4%B1#Şampiyona_rekorları,1,Atletizm#79
Avrupa Basketbol Şampiyonası,https://tr.wikipedia.org/wiki/Avrupa_Basketbol_%C5%9Eampiyonas%C4%B1,1,Türkiye millî basketbol takımı#68
Avrupa Birliği,https://tr.wikipedia.org/wiki/Avrupa_Birli%C4%9Fi,9,Adalet ve Kalkınma Partisi#133;Orta Doğu Teknik Üniversitesi#112;Türkiye#175;Türkiye#18;Türkiye#180;Türkiye#367;Türkçe#32;İnşaat#18
resmî dili,https://tr.wikipedia.org/wiki/Avrupa_Birli%C4%9Fi%27nin_dilleri,1,Türkçe#32
Avrupa Birliği-Türkiye Gümrük Birliği,https://tr.wikipedia.org/wiki/Avrupa_Birli%C4%9Fi-T%C3%BCrkiye_G%C3%BCmr%C3%BCk_Birli%C4%9Fi,1,Türkiye#248
AB Gümrük Birliği,https://tr.wikipedia.org/wiki/Avrupa_Birli%C4%9Fi_G%C3%BCmr%C3%BCk_Birli%C4%9Fi,1,Türkiye#176
AB Savaş Grupları,https://tr.wikipedia.org/wiki/Avrupa_Birli%C4%9Fi_Sava%C5%9F_Gruplar%C4%B1,1,Türkiye#189
TEM otoyoluyla,https://tr.wikipedia.org/wiki/Avrupa_E-yolu_E80,1,Kızılcahamam#28
Avrupa Ekonomik Topluluğu,https://tr.wikipedia.org/wiki/Avrupa_Ekonomik_Toplulu%C4%9Fu,1,Türkiye#175
AGİT,https://tr.wikipedia.org/wiki/Avrupa_G%C3%BCvenlik_ve_%C4%B0%C5%9F_Birli%C4%9Fi_Te%C5%9Fkilat%C4%B1,1,Türkiye#174
AHP,https://tr.wikipedia.org/wiki/Avrupa_Halk_Partisi,5,Adalet ve Kalkınma Partisi#130;Adalet ve Kalkınma Partisi#131;Adalet ve Kalkınma Partisi#132;Adalet ve Kalkınma Partisi#133;Adalet ve Kalkınma PartisiCard#18
Avrupa Kültür Başkenti,https://tr.wikipedia.org/wiki/Avrupa_K%C3%BClt%C3%BCr_Ba%C5%9Fkenti,1,İstanbul#436
Avrupa Kolordusu,https://tr.wikipedia.org/wiki/Avrupa_Kolordusu,1,Türkiye#189
Avrupa Konseyi,https://tr.wikipedia.org/wiki/Avrupa_Konseyi,3,Anadolu Medeniyetleri Müzesi#23;Türkiye#175;Türkiye#18
Avrupa Müze Forumu,https://tr.wikipedia.org/wiki/Avrupa_M%C3%BCze_Forumu,1,Anadolu Medeniyetleri Müzesi#23
AMRİ,https://tr.wikipedia.org/wiki/Avrupa_Muhafazak%C3%A2rlar_ve_Reformcular_Partisi,4,Adalet ve Kalkınma Partisi#131;Adalet ve Kalkınma Partisi#132;Adalet ve Kalkınma Partisi#133;Adalet ve Kalkınma PartisiCard#18
Avrupa Salon,https://tr.wikipedia.org/wiki/Avrupa_Salon_Atletizm_%C5%9Eampiyonas%C4%B1_rekorlar%C4%B1_listesi,1,Atletizm#79
Avrupa Sosyalistler Partisi,https://tr.wikipedia.org/wiki/Avrupa_Sosyalistler_Partisi,3,Cumhuriyet Halk Partisi#127;Cumhuriyet Halk Partisi#14;Cumhuriyet Halk PartisiCard#21
Avrupa Yılın Müzesi Ödülü,https://tr.wikipedia.org/wiki/Avrupa_Y%C4%B1l%C4%B1n_M%C3%BCzesi_%C3%96d%C3%BCl%C3%BC,1,Anadolu Medeniyetleri Müzesi#23
Avrupa Yakası,https://tr.wikipedia.org/wiki/Avrupa_Yakas%C4%B1,5,I. Bayezid#7;İstanbul#11;İstanbul#215;İstanbul#601;İstanbul#613
Avrupa kültürü,https://tr.wikipedia.org/wiki/Avrupa_k%C3%BClt%C3%BCr%C3%BC,1,Türkiye#357
Avukat,https://tr.wikipedia.org/wiki/Avukat,1,Mansur YavaşCard#9
Avustralya,https://tr.wikipedia.org/wiki/Avustralya,4,2010 FIBA Dünya Basketbol Şampiyonası#4;Batı dünyası#1;Köppen iklim sınıflandırması#90;Mustafa Kemal Atatürk#845
Avustralya,https://tr.wikipedia.org/wiki/Avustralya_mill%C3%AE_basketbol_tak%C4%B1m%C4%B1,2,2010 FIBA Dünya Basketbol Şampiyonası#11;Türkiye millî basketbol takımı#82
Avusturya,https://tr.wikipedia.org/wiki/Avusturya,7,Anıtkabir#268;Anıtkabir#27;Bisiklet#15;Kurtuluş Savaşı Müzesi#30;Osmanlı İmparatorluğu#234;Türkiye'de cumhuriyetin ilanı#20;Türkçe#23
Avusturya-Macaristan İmparatorluğu,https://tr.wikipedia.org/wiki/Avusturya-Macaristan_%C4%B0mparatorlu%C4%9Fu,1,Osmanlı İmparatorluğu#286
Avusturya İmparatorluğu,https://tr.wikipedia.org/wiki/Avusturya_%C4%B0mparatorlu%C4%9Fu,1,Osmanlı İmparatorluğu#264
Avusturya,https://tr.wikipedia.org/wiki/Avusturya_Ar%C5%9Fid%C3%BCkl%C3%BC%C4%9F%C3%BC,5,Osmanlı İmparatorluğu#17;Osmanlı İmparatorluğu#199;Osmanlı İmparatorluğu#222;Osmanlı İmparatorluğu#225;Osmanlı İmparatorluğu#270
Avusturya,https://tr.wikipedia.org/wiki/Avusturya_D%C3%BCkal%C4%B1%C4%9F%C4%B1,1,Ankara Muharebesi#235
ayçiçeği,https://tr.wikipedia.org/wiki/Ay%C3%A7i%C3%A7e%C4%9Fi,2,Balâ#49;İstanbul#281
ay çekirdeği,https://tr.wikipedia.org/wiki/Ay_%C3%A7ekirde%C4%9Fi,1,Sivas#72
Ay kayasıdır,https://tr.wikipedia.org/wiki/Ay_ta%C5%9F%C4%B1,1,"Çubuk, Ankara#49"
Ayaş,https://tr.wikipedia.org/wiki/Aya%C5%9F,5,Ankara keçisi#2;Ankara#120;Ankara#169;Güdül#20;Kızılcahamam#2
Aya İrini,https://tr.wikipedia.org/wiki/Aya_%C4%B0rini,1,İstanbul#449
ayaklanmalar,https://tr.wikipedia.org/wiki/Ayaklanma,1,Osmanlı İmparatorluğu#9
Ayamama,https://tr.wikipedia.org/wiki/Ayamama_Deresi,1,İstanbul#203
Ayanis Kalesi,https://tr.wikipedia.org/wiki/Ayanis_Kalesi,1,Kimmerler#57
Ayasofya,https://tr.wikipedia.org/wiki/Ayasofya,8,Bizans İmparatorluğu#370;Bizans İmparatorluğu#81;Osmanlı İmparatorluğu#565;Türk Kurtuluş Savaşı Batı Cephesi#75;İstanbul#126;İstanbul#243;İstanbul#316;İstanbul#425
Ayazağa,https://tr.wikipedia.org/wiki/Ayaza%C4%9Fa_Korusu,1,İstanbul#123
Ayazini,https://tr.wikipedia.org/wiki/Ayazini,1,Frigya#60
Ayazini,"https://tr.wikipedia.org/wiki/Ayazini,_%C4%B0hsaniye",1,Frigya#32
Aydın,https://tr.wikipedia.org/wiki/Ayd%C4%B1n,13,2024 Türkiye yerel seçimleri#83;Balâ#3;Demiryolu ulaşımı#19;Demiryolu ulaşımı#21;Mustafa Kemal Atatürk#48;Osmanlı İmparatorluğu#367;Türk Kurtuluş Savaşı Batı Cephesi#10;Türk Kurtuluş Savaşı Batı Cephesi#666;Türkiye Büyük Millet Meclisi#67;Zeytinyağı#124;İzmir#167;İzmir#240;İzmir#91
Aydın Örs,https://tr.wikipedia.org/wiki/Ayd%C4%B1n_%C3%96rs,5,Türkiye millî basketbol takımı#120;Türkiye millî basketbol takımı#136;Türkiye millî basketbol takımı#138;Türkiye millî basketbol takımı#140;Türkiye millî basketbol takımı#27
Aydın,https://tr.wikipedia.org/wiki/Ayd%C4%B1n_B%C3%BCy%C3%BCk%C5%9Fehir_Belediyesi,1,Büyükşehir belediyesi#18
Aydın,https://tr.wikipedia.org/wiki/Ayd%C4%B1n_Savunmas%C4%B1,2,Türk Kurtuluş Savaşı Batı Cephesi#10;Türk Kurtuluş Savaşı Batı Cephesi#238
Aydın Vilayeti,https://tr.wikipedia.org/wiki/Ayd%C4%B1n_Vilayeti,2,Türk Kurtuluş Savaşı Batı Cephesi#103;Türk Kurtuluş Savaşı#91
Aydıncık,"https://tr.wikipedia.org/wiki/Ayd%C4%B1nc%C4%B1k,_Mersin",1,Türkçe#166
Aydınlık Türkiye Partisi,https://tr.wikipedia.org/wiki/Ayd%C4%B1nl%C4%B1k_T%C3%BCrkiye_Partisi,1,Milliyetçi Hareket PartisiCard#7
Aydınlanma Çağı,https://tr.wikipedia.org/wiki/Ayd%C4%B1nlanma_%C3%87a%C4%9F%C4%B1,3,Antik Roma#398;II. Kiros#180;Türkiye#79
Aydınoğlu Cüneyt Bey,https://tr.wikipedia.org/wiki/Ayd%C4%B1no%C4%9Flu_C%C3%BCneyt_Bey,1,Fetret Devri#25
Aydınoğulları,https://tr.wikipedia.org/wiki/Ayd%C4%B1no%C4%9Fullar%C4%B1_Beyli%C4%9Fi,18,Anadolu Selçuklu Devleti#2;Ankara Muharebesi#176;Büyük Selçuklu İmparatorluğu#2;Germiyanoğulları Beyliği#2;Germiyanoğulları Beyliği#43;Germiyanoğulları Beyliği#79;I. Bayezid#37;I. Bayezid#40;II. Murad#62;Karamanoğulları Beyliği#27;Osmanlı İmparatorluğu#105;Osmanlı İmparatorluğu#132;Osmanlı İmparatorluğu#156;Osmanlı İmparatorluğu#2;Osmanlı İmparatorluğu#534;Selçuklu Hanedanı#2;Timur İmparatorluğu#2;İzmir#75
Aydıntepe,https://tr.wikipedia.org/wiki/Ayd%C4%B1ntepe,1,2014 Türkiye yerel seçimleri#33
Aydan Siyavuş,https://tr.wikipedia.org/wiki/Aydan_Siyavu%C5%9F,2,Türkiye millî basketbol takımı#126;Türkiye millî basketbol takımı#25
Ayder,https://tr.wikipedia.org/wiki/Ayder,2,Karadeniz Bölgesi#37;Karadeniz Bölgesi#49
Aydoğan,"https://tr.wikipedia.org/wiki/Aydo%C4%9Fan,_Bala",1,Balâ#27
Aydos,https://tr.wikipedia.org/wiki/Aydos_Kalesi,1,I. Murad#52
Aydos Ormanı,https://tr.wikipedia.org/wiki/Aydos_Orman%C4%B1,1,İstanbul#112
Aydos Tepesi,https://tr.wikipedia.org/wiki/Aydos_Tepesi,2,İstanbul#103;İstanbul#25
Ayduk Koray,https://tr.wikipedia.org/wiki/Ayduk_Koray,1,Türkiye millî basketbol takımı#99
83-101,https://tr.wikipedia.org/wiki/Ayet,1,İskender#17
Ayn Seylem Muharebesi,https://tr.wikipedia.org/wiki/Ayn_Seylem_Muharebesi,3,Anadolu Selçuklu Devleti#46;Anadolu Selçuklu Devleti#60;Artuk Bey#41
aynak,https://tr.wikipedia.org/wiki/Aynak,1,İstanbul#182
Aynalıkavak Kasrı,https://tr.wikipedia.org/wiki/Aynal%C4%B1kavak_Kasr%C4%B1,1,Osmanlı İmparatorluğu#575
Ayrılık Çeşmesi,https://tr.wikipedia.org/wiki/Ayr%C4%B1l%C4%B1k_%C3%87e%C5%9Fmesi_Tren_%C4%B0stasyonu,2,İstanbul#613;İstanbul#614
ayran,https://tr.wikipedia.org/wiki/Ayran,1,Osmanlı İmparatorluğu#605
Aytek Gürkan,https://tr.wikipedia.org/wiki/Aytek_G%C3%BCrkan,1,Türkiye millî basketbol takımı#124
ayva,https://tr.wikipedia.org/wiki/Ayva,1,Ankara armudu#10
Ayvalık,https://tr.wikipedia.org/wiki/Ayval%C4%B1k,1,Türk Kurtuluş Savaşı Batı Cephesi#236
Ayvalık Cephesi,https://tr.wikipedia.org/wiki/Ayval%C4%B1k_Cephesi,1,Türk Kurtuluş Savaşı Batı Cephesi#236
Ayvalık'taki Rumları tehcir etmesi,https://tr.wikipedia.org/wiki/Ayval%C4%B1k_tehciri,1,Türk Kurtuluş Savaşı Batı Cephesi#55
Ayvansaray,https://tr.wikipedia.org/wiki/Ayvansaray,1,İstanbul#322
azınlık dili,https://tr.wikipedia.org/wiki/Az%C4%B1nl%C4%B1k_dili,1,Türkçe#33
Azınlık,https://tr.wikipedia.org/wiki/Az%C4%B1nl%C4%B1k_h%C3%BCk%C3%BBmeti,1,Türkiye Büyük Millet MeclisiCard#12
Azadistan,https://tr.wikipedia.org/wiki/Azadistan,7,Anadolu Selçuklu Devleti#4;Büyük Selçuklu İmparatorluğu#4;Germiyanoğulları Beyliği#4;Karamanoğulları Beyliği#29;Osmanlı İmparatorluğu#4;Selçuklu Hanedanı#4;Timur İmparatorluğu#4
Azak Denizi,https://tr.wikipedia.org/wiki/Azak_Denizi,1,Kimmerler#89
azaplar,https://tr.wikipedia.org/wiki/Azap,1,Ankara Muharebesi#140
Azerbaycan,https://tr.wikipedia.org/wiki/Azerbaycan,29,Ahameniş İmparatorluğu#92;Anadolu Selçuklu Devleti#17;Anadolu Selçuklu Devleti#4;Ankara Muharebesi#35;Ankara Muharebesi#4;Anıtkabir#170;Anıtkabir#82;Büyük Selçuklu İmparatorluğu#4;Germiyanoğulları Beyliği#4;Karamanoğulları Beyliği#29;Karamanoğulları Beyliği#4;Kete#29;Konya#30;Medler#43;Mustafa Kemal Atatürk#845;Mutasım#37;Osmanlı İmparatorluğu#4;Osmanlı İmparatorluğu#82;Osmanlı İmparatorluğu#86;Selçuklu Hanedanı#4;Timur İmparatorluğu#23;Timur İmparatorluğu#30;Timur İmparatorluğu#4;Timur İmparatorluğu#7;Timur#174;Türkiye#184;Türkiye#2;Türkiye#216;İstanbul#426
Azerbaycan DC,https://tr.wikipedia.org/wiki/Azerbaycan_Demokratik_Cumhuriyeti,7,Anadolu Selçuklu Devleti#4;Büyük Selçuklu İmparatorluğu#4;Germiyanoğulları Beyliği#4;Karamanoğulları Beyliği#29;Osmanlı İmparatorluğu#4;Selçuklu Hanedanı#4;Timur İmparatorluğu#4
Azerbaycan Millî Hükûmeti,https://tr.wikipedia.org/wiki/Azerbaycan_Mill%C3%AE_H%C3%BCk%C3%BBmeti,7,Anadolu Selçuklu Devleti#4;Büyük Selçuklu İmparatorluğu#4;Germiyanoğulları Beyliği#4;Karamanoğulları Beyliği#29;Osmanlı İmparatorluğu#4;Selçuklu Hanedanı#4;Timur İmparatorluğu#4
Azerice,https://tr.wikipedia.org/wiki/Azerice,5,Türkçe#14;Türkçe#148;Türkçe#175;Türkçe#51;Türkçe#8
Azeriler,https://tr.wikipedia.org/wiki/Azeriler,1,Türkiye#315
Aziz Mahmud Hüdayi,https://tr.wikipedia.org/wiki/Aziz_Mahmud_H%C3%BCdayi,1,Şereflikoçhisar#41
Aziz Nesin,https://tr.wikipedia.org/wiki/Aziz_Nesin,2,Türk Kurtuluş Savaşı Batı Cephesi#204;Türk Kurtuluş Savaşı#77
Aziz Sancar,https://tr.wikipedia.org/wiki/Aziz_Sancar,1,Türkiye#303
Azmi Karamahmutoğlu,https://tr.wikipedia.org/wiki/Azmi_Karamahmuto%C4%9Flu,1,2024 Türkiye yerel seçimleri#86
b,https://tr.wikipedia.org/wiki/B,1,İstanbul#31
Bâb-ı Âli,https://tr.wikipedia.org/wiki/B%C3%A2b-%C4%B1_%C3%82li,3,Mustafa Kemal Atatürk#248;Türkiye Büyük Millet Meclisi#67;İstanbul#516
Bâb-ı Âli Baskını,https://tr.wikipedia.org/wiki/B%C3%A2b-%C4%B1_%C3%82li_Bask%C4%B1n%C4%B1,2,Mustafa Kemal Atatürk#151;Türkiye#92
Bâtınîlik,https://tr.wikipedia.org/wiki/B%C3%A2t%C4%B1n%C3%AElik,2,Büyük Selçuklu İmparatorluğu#112;Büyük Selçuklu İmparatorluğu#160
böcek,https://tr.wikipedia.org/wiki/B%C3%B6cek,2,Gazi Üniversitesi#46;Orman#1
bölgedir,https://tr.wikipedia.org/wiki/B%C3%B6lge,1,Hatti#1
BAL,https://tr.wikipedia.org/wiki/B%C3%B6lgesel_Amat%C3%B6r_Lig,2,Konya#67;Türkiye Kupası#12
bölgesel güç,https://tr.wikipedia.org/wiki/B%C3%B6lgesel_g%C3%BC%C3%A7,4,Türkiye#173;Türkiye#19
Böotya,https://tr.wikipedia.org/wiki/B%C3%B6otya,1,İskender#149
Börçigin,https://tr.wikipedia.org/wiki/B%C3%B6r%C3%A7igin,2,Timur İmparatorluğu#22
börek,https://tr.wikipedia.org/wiki/B%C3%B6rek,1,Kartalaç#1
Böriler,https://tr.wikipedia.org/wiki/B%C3%B6riler,7,Anadolu Selçuklu Devleti#2;Büyük Selçuklu İmparatorluğu#2;Germiyanoğulları Beyliği#2;Karamanoğulları Beyliği#27;Osmanlı İmparatorluğu#2;Selçuklu Hanedanı#2;Timur İmparatorluğu#2
Börklüce Mustafa,https://tr.wikipedia.org/wiki/B%C3%B6rkl%C3%BCce_Mustafa,2,Ankara Muharebesi#244;II. Murad#8
Börklüce Mustafa,https://tr.wikipedia.org/wiki/B%C3%B6rkl%C3%BCce_Mustafa#İsyan,1,Osmanlı İmparatorluğu#145
Büğdüz,https://tr.wikipedia.org/wiki/B%C3%BC%C4%9Fd%C3%BCz_boyu,2,"Çubuk, Ankara#11;Çubuk, Ankara#9"
Bükreş,https://tr.wikipedia.org/wiki/B%C3%BCkre%C5%9F,2,Mustafa Kemal Atatürk#178;Mustafa Kemal Atatürk#845
Bülent Arınç,https://tr.wikipedia.org/wiki/B%C3%BClent_Ar%C4%B1n%C3%A7,2,Adalet ve Kalkınma Partisi#23;Çukurambar#2
Bülent Ecevit,https://tr.wikipedia.org/wiki/B%C3%BClent_Ecevit,11,Atatürk ve Kurtuluş Savaşı Müzesi#3;Cumhuriyet Halk Partisi#10;Cumhuriyet Halk Partisi#140;Cumhuriyet Halk Partisi#60;Cumhuriyet Halk Partisi#64;Cumhuriyet Halk Partisi#70;Devlet Mezarlığı#7;ODTÜ Bilim ve Teknoloji Müzesi#6;Orta Doğu Teknik Üniversitesi#158;Türkiye#115;Ulucanlar Cezaevi Müzesi#10
Bülent Erkmen,https://tr.wikipedia.org/wiki/B%C3%BClent_Erkmen,1,İstanbul#477
Bülent Kılınç,https://tr.wikipedia.org/wiki/B%C3%BClent_K%C4%B1l%C4%B1n%C3%A7,1,Vasip ŞahinCard#2
bürokrasi,https://tr.wikipedia.org/wiki/B%C3%BCrokrasi,1,Ahameniş İmparatorluğu#367
bürokrat,https://tr.wikipedia.org/wiki/B%C3%BCrokrat,1,Mustafa Kemal Atatürk#67
büryan,https://tr.wikipedia.org/wiki/B%C3%BCryan,1,Osmanlı İmparatorluğu#605
Büveyhîlerin,https://tr.wikipedia.org/wiki/B%C3%BCveyh%C3%AEler,1,Büyük Selçuklu İmparatorluğu#51
Büyükçekmece,https://tr.wikipedia.org/wiki/B%C3%BCy%C3%BCk%C3%A7ekmece_Baraj%C4%B1,1,İstanbul#201
Büyükçekmece,https://tr.wikipedia.org/wiki/B%C3%BCy%C3%BCk%C3%A7ekmece_G%C3%B6l%C3%BC,2,İstanbul#104;İstanbul#25
büyükşehir,https://tr.wikipedia.org/wiki/B%C3%BCy%C3%BCk%C5%9Fehir_belediyesi,7,2024 Türkiye yerel seçimleri#1;Ankara Büyükşehir BelediyesiCard#3;Ankara#69;Kayseri#38;Konya#52;İstanbul#86;İzmir#151
büyük ünlü uyumu,https://tr.wikipedia.org/wiki/B%C3%BCy%C3%BCk_%C3%BCnl%C3%BC_uyumu,1,Türkçe#208
Büyük İskender,https://tr.wikipedia.org/wiki/B%C3%BCy%C3%BCk_%C4%B0skender,13,Ahameniş İmparatorluğu#204;Antik Yunanistan#129;Antik Yunanistan#16;Antik Yunanistan#19;Antik Yunanistan#25;Antik Yunanistan#255;Antik Yunanistan#3;Efes#56;Farslar#23;Julianus#50;Kapadokya#20;Şereflikoçhisar#6
Anadolu'yu işgal etti,https://tr.wikipedia.org/wiki/B%C3%BCy%C3%BCk_%C4%B0skender%27in_seferleri,1,Ahameniş İmparatorluğu#222
Büyük İstanbul Otogarı,https://tr.wikipedia.org/wiki/B%C3%BCy%C3%BCk_%C4%B0stanbul_Otogar%C4%B1,2,İstanbul#569;İstanbul#589
Yahudi isyanını,https://tr.wikipedia.org/wiki/B%C3%BCy%C3%BCk_%C4%B0syan,1,Roma İmparatorluğu#192
BBP,https://tr.wikipedia.org/wiki/B%C3%BCy%C3%BCk_Birlik_Partisi,5,2024 Türkiye yerel seçimleri#53;Ankara#200;Milliyetçi Hareket Partisi#40;SivasCard#4;ŞarkışlaCard#7
Büyük Britanya,https://tr.wikipedia.org/wiki/B%C3%BCy%C3%BCk_Britanya,3,Lozan Barış Konferansı#2;Roma İmparatorluğu#150;Türk Kurtuluş Savaşı Güney Cephesi#9
Büyük Britanya,https://tr.wikipedia.org/wiki/B%C3%BCy%C3%BCk_Britanya_mill%C3%AE_basketbol_tak%C4%B1m%C4%B1,3,Türkiye millî basketbol takımı#34;Türkiye millî basketbol takımı#48;Türkiye millî basketbol takımı#52
Birleşik Krallık,https://tr.wikipedia.org/wiki/B%C3%BCy%C3%BCk_Britanya_ve_%C4%B0rlanda_Birle%C5%9Fik_Krall%C4%B1%C4%9F%C4%B1,4,Lozan Antlaşması#6;Mustafa Kemal Atatürk#465;Türk Kurtuluş Savaşı Batı Cephesi#18;Türkiye#102
Büyük Buhran,https://tr.wikipedia.org/wiki/B%C3%BCy%C3%BCk_Buhran,1,Cumhuriyet Halk Partisi#34
Büyük Bulgar Hanlığı,https://tr.wikipedia.org/wiki/B%C3%BCy%C3%BCk_Bulgar_Hanl%C4%B1%C4%9F%C4%B1,7,Anadolu Selçuklu Devleti#2;Büyük Selçuklu İmparatorluğu#2;Germiyanoğulları Beyliği#2;Karamanoğulları Beyliği#27;Osmanlı İmparatorluğu#2;Selçuklu Hanedanı#2;Timur İmparatorluğu#2
Büyük Güllücek,https://tr.wikipedia.org/wiki/B%C3%BCy%C3%BCk_G%C3%BCll%C3%BCcek_H%C3%B6y%C3%BCk,1,Çorum#10
Horasan,https://tr.wikipedia.org/wiki/B%C3%BCy%C3%BCk_Horasan,2,Timur İmparatorluğu#30;Timur İmparatorluğu#7
Büyük Konstantin,https://tr.wikipedia.org/wiki/B%C3%BCy%C3%BCk_Konstantin,1,Julianus#5
Büyük Kuzey Savaşı,https://tr.wikipedia.org/wiki/B%C3%BCy%C3%BCk_Kuzey_Sava%C5%9F%C4%B1,1,Osmanlı İmparatorluğu#241
Los Angeles,https://tr.wikipedia.org/wiki/B%C3%BCy%C3%BCk_Los_Angeles_Alan%C4%B1,1,İstanbul#631
Büyük Mısır Seferi,https://tr.wikipedia.org/wiki/B%C3%BCy%C3%BCk_M%C4%B1s%C4%B1r_Seferi,4,Osmanlı İmparatorluğu#13;Osmanlı İmparatorluğu#305;Osmanlı İmparatorluğu#364;Türkiye#72
Ortaköy Camii,https://tr.wikipedia.org/wiki/B%C3%BCy%C3%BCk_Mecidiye_Camii,1,İstanbul#434
Büyük Menderes,https://tr.wikipedia.org/wiki/B%C3%BCy%C3%BCk_Menderes,4,Frigya#1;Frigya#4;Kimmerler#22;Lidyalılar#3
Büyük Konstantinopolis Sarayı,https://tr.wikipedia.org/wiki/B%C3%BCy%C3%BCk_Saray,2,Bizans İmparatorluğu#428;İstanbul#445
Büyük Saray Mozaikleri Müzesi,https://tr.wikipedia.org/wiki/B%C3%BCy%C3%BCk_Saray_Mozaikleri_M%C3%BCzesi,1,İstanbul#445
Büyük Selçuklu Devleti,https://tr.wikipedia.org/wiki/B%C3%BCy%C3%BCk_Sel%C3%A7uklu_%C4%B0mparatorlu%C4%9Fu,33,Ahameniş İmparatorluğu#435;Anadolu Selçuklu Devleti#12;Anadolu Selçuklu Devleti#2;Anadolu Selçuklu Devleti#60;Anadolu Selçuklu Devleti#9;Ankara Muharebesi#39;Ankara#55;Büyük Selçuklu sultanları listesi#2;Germiyanoğulları Beyliği#2;Germiyanoğulları Beyliği#23;Kalecik#4;Karamanoğulları Beyliği#27;Kayseri#22;Konya#25;Kızılcahamam#7;Malazgirt Meydan Muharebesi#1;Malazgirt Meydan Muharebesi#2;Malazgirt Meydan Muharebesi#29;Malazgirt Meydan Muharebesi#4;Malazgirt Meydan Muharebesi#47;Malazgirt Meydan Muharebesi#73;Malazgirt Meydan Muharebesi#89;Malazgirt Meydan Muharebesi#9;Osmanlı İmparatorluğu#2;Osmanlı İmparatorluğu#82;Selçuklu Hanedanı#10;Selçuklu Hanedanı#12;Selçuklu Hanedanı#2;Selçuklu Hanedanı#6;Sivas#20;Timur İmparatorluğu#2;Türkiye#6;Türkiye#60
Büyük Selçuklu sultanları,https://tr.wikipedia.org/wiki/B%C3%BCy%C3%BCk_Sel%C3%A7uklu_sultanlar%C4%B1_listesi,2,Anadolu Selçuklu sultanları listesi#2;Ankara#55
Büyük Taarruz,https://tr.wikipedia.org/wiki/B%C3%BCy%C3%BCk_Taarruz,8,Anıtkabir#172;Anıtkabir#266;Atatürk ve Kurtuluş Savaşı Müzesi#3;Atatürk ve Kurtuluş Savaşı Müzesi#5;Kurtuluş Savaşı Müzesi#30;Mustafa Kemal Atatürk#505;Türk Kurtuluş Savaşı Batı Cephesi#1014;Türk Kurtuluş Savaşı Batı Cephesi#17
Büyük Timur İmparatorluğu,https://tr.wikipedia.org/wiki/B%C3%BCy%C3%BCk_Timur_%C4%B0mparatorlu%C4%9Fu,1,Karamanoğulları Beyliği#13
Avrupalı güçlerle,https://tr.wikipedia.org/wiki/B%C3%BCy%C3%BCk_g%C3%BC%C3%A7,1,Türkiye#85
Büyükada,https://tr.wikipedia.org/wiki/B%C3%BCy%C3%BCkada,1,İstanbul#468
Büyükbıyık,"https://tr.wikipedia.org/wiki/B%C3%BCy%C3%BCkb%C4%B1y%C4%B1k,_Bala",1,Balâ#27
Büyükbaş,https://tr.wikipedia.org/wiki/B%C3%BCy%C3%BCkba%C5%9F,1,Hayvancılık#4
Büyükboyalık,"https://tr.wikipedia.org/wiki/B%C3%BCy%C3%BCkboyal%C4%B1k,_Bala",2,Balâ#20;Balâ#27
Büyükcamili,"https://tr.wikipedia.org/wiki/B%C3%BCy%C3%BCkcamili,_Bala",1,Balâ#27
Büyükelçisi,https://tr.wikipedia.org/wiki/B%C3%BCy%C3%BCkel%C3%A7i,1,Orta Doğu Teknik Üniversitesi#213
büyükelçilikleri,https://tr.wikipedia.org/wiki/B%C3%BCy%C3%BCkel%C3%A7ilik,1,Başkent#5
Büyüknefes,"https://tr.wikipedia.org/wiki/B%C3%BCy%C3%BCknefes,_Yozgat",1,Galatlar#11
BİLSAT,https://tr.wikipedia.org/wiki/B%C4%B0LSAT,1,Türkiye#302
bıldırcın,https://tr.wikipedia.org/wiki/B%C4%B1ld%C4%B1rc%C4%B1n,1,Osmanlı İmparatorluğu#607
B61 nükleer bombası,https://tr.wikipedia.org/wiki/B61,1,Türkiye#195
Mithatpaşa Stadı,https://tr.wikipedia.org/wiki/BJK_%C4%B0n%C3%B6n%C3%BC_Stadyumu,1,1959 Avrupa Basketbol Şampiyonası#1
BMX,https://tr.wikipedia.org/wiki/BMX,1,Bisiklet#36
Bağımsız,https://tr.wikipedia.org/wiki/Ba%C4%9F%C4%B1ms%C4%B1z_siyaset%C3%A7i,2,GemerekCard#7;Türkiye#152
Bağdat,https://tr.wikipedia.org/wiki/Ba%C4%9Fdat,21,Ahameniş İmparatorluğu#432;Ahilik#32;Ankara Muharebesi#49;Beypazarı#3;Büyük Selçuklu İmparatorluğu#212;Büyük Selçuklu İmparatorluğu#51;Demiryolu ulaşımı#23;Dicle#15;I. Alâeddin Keykubad#33;Kral Yolu#6;Osmanlı Hanedanı#24;Osmanlı İmparatorluğu#201;Osmanlı İmparatorluğu#214;Osmanlı İmparatorluğu#477;Osmanlı İmparatorluğu#521;Timur İmparatorluğu#30;Timur#135;Timur#188;Timur#421;Timur#422;Üniversite#35
Bağdat Caddesi,https://tr.wikipedia.org/wiki/Ba%C4%9Fdat_Caddesi,1,İstanbul#219
Bağdat Demiryolu,https://tr.wikipedia.org/wiki/Ba%C4%9Fdat_Demiryolu,2,İstanbul#590;İstanbul#592
bağlama,https://tr.wikipedia.org/wiki/Ba%C4%9Flama,5,Ankara#121;Ankara#147;Divan sazı#1;Osmanlı İmparatorluğu#582
Fatih Terim Stadı,https://tr.wikipedia.org/wiki/Ba%C5%9Fak%C5%9Fehir_Fatih_Terim_Stadyumu,1,İstanbul#487
Başak Demirtaş'ın,https://tr.wikipedia.org/wiki/Ba%C5%9Fak_Demirta%C5%9F,1,2024 Türkiye yerel seçimleri#67
Başbakanlık Kupası,https://tr.wikipedia.org/wiki/Ba%C5%9Fbakanl%C4%B1k_Kupas%C4%B1,1,Türkiye Futbol Şampiyonası#42
Başkanlık sistemi,https://tr.wikipedia.org/wiki/Ba%C5%9Fkanl%C4%B1k_sistemi,3,Adalet ve Kalkınma Partisi#67;Adalet ve Kalkınma Partisi#97;Türkiye Büyük Millet Meclisi#225
başkenti,https://tr.wikipedia.org/wiki/Ba%C5%9Fkent,5,Ankara#1;Midas#32;Türkiye#4;İskender#9;İstanbul#15
Başkent Gençlik,https://tr.wikipedia.org/wiki/Ba%C5%9Fkent_Gen%C3%A7lik,1,Ankara Spor SalonuCard#6
Başkomutanlık Meydan Muharebesi,https://tr.wikipedia.org/wiki/Ba%C5%9Fkomutanl%C4%B1k_Meydan_Muharebesi,7,Anıtkabir#123;Mustafa Kemal Atatürk#505;Türk Kurtuluş Savaşı Batı Cephesi#17;Türk Kurtuluş Savaşı Batı Cephesi#959;Türk Kurtuluş Savaşı Batı Cephesi#973;Türk Kurtuluş Savaşı#175;Türk Kurtuluş Savaşı#43
Başkumandanlık,https://tr.wikipedia.org/wiki/Ba%C5%9Fkumandanl%C4%B1k_Kanunu,1,Kurtuluş Savaşı Müzesi#36
Başkurtça,https://tr.wikipedia.org/wiki/Ba%C5%9Fkurt%C3%A7a,1,Türkçe#14
Baalbek,https://tr.wikipedia.org/wiki/Baalbek,1,Timur#374
Babür,https://tr.wikipedia.org/wiki/Bab%C3%BCr,3,Timur İmparatorluğu#15;Timur İmparatorluğu#42;Timur#532
Babür İmparatorluğu,https://tr.wikipedia.org/wiki/Bab%C3%BCr_%C4%B0mparatorlu%C4%9Fu,2,Timur İmparatorluğu#15;Timur İmparatorluğu#42
Babür İmparatorluğu,https://tr.wikipedia.org/wiki/Bab%C3%BCrl%C3%BCler,8,Ahameniş İmparatorluğu#435;Anadolu Selçuklu Devleti#3;Büyük Selçuklu İmparatorluğu#3;Germiyanoğulları Beyliği#3;Karamanoğulları Beyliği#28;Osmanlı İmparatorluğu#3;Selçuklu Hanedanı#3;Timur İmparatorluğu#3
Baba İshak ayaklanmasının,https://tr.wikipedia.org/wiki/Baba%C3%AE_Ayaklanmas%C4%B1,4,Anadolu Selçuklu Devleti#119;Germiyanoğulları Beyliği#17;Germiyanoğulları Beyliği#18;Germiyanoğulları Beyliği#19
Baba İlyas,https://tr.wikipedia.org/wiki/Baba_%C4%B0lyas,1,Osmanlı İmparatorluğu#89
Baba İshak,https://tr.wikipedia.org/wiki/Baba_%C4%B0shak,2,Germiyanoğulları Beyliği#18;Osmanlı İmparatorluğu#89
Babailer,https://tr.wikipedia.org/wiki/Babailer,1,Karamanoğulları Beyliği#7
Babaîler,https://tr.wikipedia.org/wiki/Babailik,2,Osmanlı İmparatorluğu#103;Osmanlı İmparatorluğu#90
isyanı,https://tr.wikipedia.org/wiki/Babek_Ayaklanmas%C4%B1,1,Mutasım#35
Babek,https://tr.wikipedia.org/wiki/Babek_H%C3%BCrremi,1,Mutasım#35
Babil,https://tr.wikipedia.org/wiki/Babil,22,Anadolu#46;Antik Yunanistan#141;Asur#31;Asur#7;Başkent#14;Farslar#16;Güreş#10;Herodot#27;Hititler#66;Hititler#80;Kimmerler#82;Medler#56;Medler#6;Medler#9;Roma İmparatorluğu#220;Türkiye#52;İskender#188;İskender#226;İskender#227;İskender#254;İskender#9;İskenderCard#6
Babil'in Düşüşü,https://tr.wikipedia.org/wiki/Babil%27in_D%C3%BC%C5%9F%C3%BC%C5%9F%C3%BC,2,Ahameniş İmparatorluğu#39;II. Kiros#9
Babil esaretine,https://tr.wikipedia.org/wiki/Babil_S%C3%BCrg%C3%BCn%C3%BC,5,Ahameniş İmparatorluğu#374;Ahameniş İmparatorluğu#432;II. Kiros#122;II. Kiros#260;II. Kiros#9
Bacchanalia,https://tr.wikipedia.org/wiki/Bacchanalia,1,Şarap#9
badem,https://tr.wikipedia.org/wiki/Badem,2,Gıda#26;Orta Doğu Teknik Üniversitesi#142
Bâdgis,https://tr.wikipedia.org/wiki/Badgis,1,Büyük Selçuklu İmparatorluğu#48
Koyunhisar Muharebesi,https://tr.wikipedia.org/wiki/Bafeus_Muharebesi,3,Osmanlı İmparatorluğu#116;Osmanlı İmparatorluğu#118;Osmanlı İmparatorluğu#8
Bafra,https://tr.wikipedia.org/wiki/Bafra,2,Karadeniz Bölgesi#26;Kızılırmak#1
Bafra Ovası,https://tr.wikipedia.org/wiki/Bafra_Ovas%C4%B1,1,Sakarya Nehri#32
baget,https://tr.wikipedia.org/wiki/Baget,1,Davul#10
Bahçe,"https://tr.wikipedia.org/wiki/Bah%C3%A7e,_Osmaniye",1,Anıtkabir#162
Bahçeköy,"https://tr.wikipedia.org/wiki/Bah%C3%A7ek%C3%B6y,_Sar%C4%B1yer",1,İstanbul#142
Karadalak,"https://tr.wikipedia.org/wiki/Bah%C3%A7ekaradalak,_Bala",3,Balâ#17;Balâ#20;Balâ#27
Bahşılı,https://tr.wikipedia.org/wiki/Bah%C5%9F%C4%B1l%C4%B1,1,"Elmadağ, Ankara#3"
Bahattin Şakir,https://tr.wikipedia.org/wiki/Bahaddin_%C5%9Eakir,1,Mustafa Kemal Atatürk#233
Bahaeddin Veled,https://tr.wikipedia.org/wiki/Bahaeddin_Veled,1,I. Alâeddin Keykubad#138
baharatlar,https://tr.wikipedia.org/wiki/Baharat,2,Çorba#28;Şırdan#1
Bahariye Adaları,https://tr.wikipedia.org/wiki/Bahariye_Adalar%C4%B1,1,İstanbul#107
Bahmut,https://tr.wikipedia.org/wiki/Bahmut,1,Kimmerler#32
Bahreyn,https://tr.wikipedia.org/wiki/Bahreyn,1,Büyük Selçuklu İmparatorluğu#61
Bahriye Nazırlığı,https://tr.wikipedia.org/wiki/Bahriye_Nez%C3%A2reti,2,Osmanlı İmparatorluğu#288;Osmanlı İmparatorluğu#375
Bakü,https://tr.wikipedia.org/wiki/Bak%C3%BC,2,Mustafa Kemal Atatürk#845;Türkiye#184
Bakü-Tiflis-Ceyhan Petrol Boru Hattı,https://tr.wikipedia.org/wiki/Bak%C3%BC-Tiflis-Ceyhan_Petrol_Boru_Hatt%C4%B1,2,Türkiye#184;Türkiye#294
Bakü Hanlığı,https://tr.wikipedia.org/wiki/Bak%C3%BC_Hanl%C4%B1%C4%9F%C4%B1,7,Anadolu Selçuklu Devleti#3;Büyük Selçuklu İmparatorluğu#3;Germiyanoğulları Beyliği#3;Karamanoğulları Beyliği#28;Osmanlı İmparatorluğu#3;Selçuklu Hanedanı#3;Timur İmparatorluğu#3
bakır,https://tr.wikipedia.org/wiki/Bak%C4%B1r,15,Antik Roma#142;Asur#14;Gıda#15;Karadeniz Bölgesi#46;Lidyalılar#21;Madenî para#1;Madenî para#32;Madenî para#71;Madenî para#85;Tunç Çağı#3;Tunç Çağı#7;İstanbul#291;İstanbul#400
Kalkolitik,https://tr.wikipedia.org/wiki/Bak%C4%B1r_%C3%87a%C4%9F%C4%B1,5,Konya#16;Tunç Çağı#7;Türkiye#32;İstanbul#56
bakırcılık,https://tr.wikipedia.org/wiki/Bak%C4%B1rc%C4%B1l%C4%B1k,1,Kalecik#23
Bakırköy,https://tr.wikipedia.org/wiki/Bak%C4%B1rk%C3%B6y,3,İstanbul#410;İstanbul#452;İstanbul#460
bakalorya,https://tr.wikipedia.org/wiki/Bakalorya,1,Üniversite#14
Bakanlar Kurulunun,https://tr.wikipedia.org/wiki/Bakanlar_kurulu,2,Türkiye#192;İstanbul#243
baklagiller,https://tr.wikipedia.org/wiki/Baklagiller,1,Çorba#28
baklava,https://tr.wikipedia.org/wiki/Baklava,4,Beypazarı#98;Bizans İmparatorluğu#420;Osmanlı İmparatorluğu#605;Osmanlı İmparatorluğu#624
Baktria,https://tr.wikipedia.org/wiki/Baktria,2,Antik Yunanistan#145;Antik Yunanistan#16
Baktriya,https://tr.wikipedia.org/wiki/Baktriya,9,Ahameniş İmparatorluğu#231;Ahameniş İmparatorluğu#290;Ahameniş İmparatorluğu#36;Ahameniş İmparatorluğu#416;II. Kiros#106;II. Kiros#71;İskender#196;İskender#200;İskender#220
bal,https://tr.wikipedia.org/wiki/Bal,3,Gıda#30;Şarap#17;Şarap#70
Balâ,https://tr.wikipedia.org/wiki/Bal%C3%A2,5,"Ankara#162;Elmadağ, Ankara#29;Elmadağ, Ankara#3;Haymana#30;Mustafa Kemal Atatürk#579"
Balçova,https://tr.wikipedia.org/wiki/Bal%C3%A7ova,1,İzmir#188
balık,https://tr.wikipedia.org/wiki/Bal%C4%B1k,5,Antik Yunanistan#194;Gıda#11;Gıda#28;Osmanlı İmparatorluğu#608;İstanbul#466
balıkçılık,https://tr.wikipedia.org/wiki/Bal%C4%B1k%C3%A7%C4%B1l%C4%B1k,3,Hayvancılık#9;Karadeniz Bölgesi#32;İstanbul#285
Balık Çorbası,https://tr.wikipedia.org/wiki/Bal%C4%B1k_%C3%A7orbas%C4%B1,2,Çorba#17;Çorba#19
Balıkesir,https://tr.wikipedia.org/wiki/Bal%C4%B1kesir,8,Fetret Devri#9;Germiyanoğulları Beyliği#45;Milliyetçi Hareket Partisi#56;Milliyetçi Hareket Partisi#59;Türk Kurtuluş Savaşı Batı Cephesi#10;Zeytinyağı#131;İstanbul#578;İzmir#240
Balıkesir,https://tr.wikipedia.org/wiki/Bal%C4%B1kesir_B%C3%BCy%C3%BCk%C5%9Fehir_Belediyesi,2,Büyükşehir belediyesi#18;Cumhuriyet Halk Partisi#110
Balıkuyumcu,"https://tr.wikipedia.org/wiki/Bal%C4%B1kuyumcu,_Etimesgut",1,Yenimahalle#8
bal şarabı,https://tr.wikipedia.org/wiki/Bal_%C5%9Farab%C4%B1,2,Şarap#17;Şarap#70
Balat,"https://tr.wikipedia.org/wiki/Balat,_Fatih",1,İstanbul#228
bale,https://tr.wikipedia.org/wiki/Bale,1,İstanbul#437
Balgat,https://tr.wikipedia.org/wiki/Balgat,2,Milliyetçi Hareket PartisiCard#11;Yeniden Refah Partisi#12
balistik,https://tr.wikipedia.org/wiki/Balistik,1,Orta Doğu Teknik Üniversitesi#286
Balkanlara,https://tr.wikipedia.org/wiki/Balkan,1,Tektosaglar#4
Balkan Antantı,https://tr.wikipedia.org/wiki/Balkan_Antant%C4%B1,2,Mustafa Kemal Atatürk#658;Mustafa Kemal Atatürk#679
Rumeli Türkçesi,https://tr.wikipedia.org/wiki/Balkan_Gagavuzcas%C4%B1,1,Türkçe#12
Balkan Savaşları,https://tr.wikipedia.org/wiki/Balkan_Sava%C5%9Flar%C4%B1,6,Osmanlı İmparatorluğu#284;Osmanlı İmparatorluğu#377;Osmanlı İmparatorluğu#380;Osmanlı İmparatorluğu#521;Türk Kurtuluş Savaşı Batı Cephesi#29;Türkiye#92
güçlenerek çıkan Yunanistan,https://tr.wikipedia.org/wiki/Balkan_Sava%C5%9Flar%C4%B1%27nda_Yunanistan,1,Türk Kurtuluş Savaşı Batı Cephesi#29
Balkan Yarımadası,https://tr.wikipedia.org/wiki/Balkan_Yar%C4%B1madas%C4%B1,1,Antik Yunanistan#22
Balkanlar,https://tr.wikipedia.org/wiki/Balkanlar,36,Ahameniş İmparatorluğu#3;Ahameniş İmparatorluğu#80;Anadolu#31;Ankara Muharebesi#28;Ankara Muharebesi#33;Antik Yunanistan#2;Binicilik#77;Bizans İmparatorluğu#77;Frigler#26;Frigya#2;Galatlar#1;Hititler#115;I. Bayezid#33;I. Murad#9;II. Murad#240;Mustafa Kemal Atatürk#690;Osmanlı İmparatorluğu#124;Osmanlı İmparatorluğu#16;Osmanlı İmparatorluğu#166;Osmanlı İmparatorluğu#254;Osmanlı İmparatorluğu#285;Osmanlı İmparatorluğu#424;Osmanlı İmparatorluğu#585;Tunç Çağı#10;Türkiye#181;Türkiye#378;Türkiye#70;Türkiye#87;Türkiye#9;Türkçe#18;Türkçe#2;Türkçe#20;İstanbul#443;İstanbul#83;İzmir#29
Manolaki Baltazzi,https://tr.wikipedia.org/wiki/Baltazzi_ailesi,1,Osmanlı İmparatorluğu#506
Ergenekon U:(https://tr.wikipedia.org/wiki/Ergenekon_(%C3%B6rg%C3%BCt))___ ve ___E:Balyoz,https://tr.wikipedia.org/wiki/Balyoz_darbe_plan%C4%B1_iddias%C4%B1,1,Türkiye#201
bamya,https://tr.wikipedia.org/wiki/Bamya,1,Gıda#19
Banat,https://tr.wikipedia.org/wiki/Banat,1,Osmanlı İmparatorluğu#225
Banaz,https://tr.wikipedia.org/wiki/Banaz,1,Germiyanoğulları Beyliği#120
Bandırma,https://tr.wikipedia.org/wiki/Band%C4%B1rma,2,Frigler#75;İzmir#240
Bandırma Vapuru,https://tr.wikipedia.org/wiki/Band%C4%B1rma_Vapuru,1,Mustafa Kemal Atatürk#309
Bandolarda,https://tr.wikipedia.org/wiki/Bando,2,Davul#10;Davul#31
Bangalore,https://tr.wikipedia.org/wiki/Bangalore,1,İstanbul#631
Bangkok,https://tr.wikipedia.org/wiki/Bangkok,1,İstanbul#630
Bangladeş,https://tr.wikipedia.org/wiki/Banglade%C5%9F,1,Mustafa Kemal Atatürk#846
banisi,https://tr.wikipedia.org/wiki/Bani,1,Karacabey Camii#3
bankacılık,https://tr.wikipedia.org/wiki/Banka,1,Türkiye#256
bankacılık,https://tr.wikipedia.org/wiki/Bankac%C4%B1l%C4%B1k,1,İstanbul#272
Bankalar Caddesi,https://tr.wikipedia.org/wiki/Bankalar_Caddesi,1,İstanbul#260
banknot,https://tr.wikipedia.org/wiki/Banknot,2,Madenî para#90;Mustafa Kemal Atatürk#838
barlar,https://tr.wikipedia.org/wiki/Bar,2,İstanbul#463;İstanbul#465
barışçıl bir şekilde devrederek,https://tr.wikipedia.org/wiki/Bar%C4%B1%C5%9F%C3%A7%C4%B1l_iktidar_ge%C3%A7i%C5%9Fi,1,Cumhuriyet Halk Partisi#10
Barış Ermiş,https://tr.wikipedia.org/wiki/Bar%C4%B1%C5%9F_Ermi%C5%9F,3,Türkiye millî basketbol takımı#150;Türkiye millî basketbol takımı#152;Türkiye millî basketbol takımı#154
Barış Hersek,https://tr.wikipedia.org/wiki/Bar%C4%B1%C5%9F_Hersek,3,Türkiye millî basketbol takımı#148;Türkiye millî basketbol takımı#152;Türkiye millî basketbol takımı#154
Barış Küce,https://tr.wikipedia.org/wiki/Bar%C4%B1%C5%9F_K%C3%BCce,3,Türkiye millî basketbol takımı#116;Türkiye millî basketbol takımı#118;Türkiye millî basketbol takımı#122
barış antlaşmasıdır,https://tr.wikipedia.org/wiki/Bar%C4%B1%C5%9F_antla%C5%9Fmas%C4%B1,1,Lozan Antlaşması#1
rezervuarı,https://tr.wikipedia.org/wiki/Baraj_g%C3%B6l%C3%BC,1,Fırat#30
barbar,https://tr.wikipedia.org/wiki/Barbar,2,Bizans İmparatorluğu#447;Roma İmparatorluğu#386
barbar akınlarından,https://tr.wikipedia.org/wiki/Barbar_ak%C4%B1nlar%C4%B1,1,Antik Roma#57
Barbarlar Bürosu,https://tr.wikipedia.org/wiki/Barbarlar_B%C3%BCrosu,1,Bizans İmparatorluğu#447
Barbaros Hayreddin Paşa,https://tr.wikipedia.org/wiki/Barbaros_Hayreddin_Pa%C5%9Fa,3,Osmanlı İmparatorluğu#199;Osmanlı İmparatorluğu#365;Türkiye#77
barbunya,https://tr.wikipedia.org/wiki/Barbunya,1,Gıda#19
Bardiya,https://tr.wikipedia.org/wiki/Bardiya,2,Ahameniş İmparatorluğu#45;Ahameniş İmparatorluğuCard#8
bardo,https://tr.wikipedia.org/wiki/Bardo,1,At#59
Bari,https://tr.wikipedia.org/wiki/Bari,2,Bizans İmparatorluğu#144;Bizans İmparatorluğu#208
Nisan 1071'de düştü,https://tr.wikipedia.org/wiki/Bari_Ku%C5%9Fatmas%C4%B1,1,Bizans İmparatorluğu#208
Barlaslar,https://tr.wikipedia.org/wiki/Barlaslar,2,Timur#2;Timur#30
Barok,https://tr.wikipedia.org/wiki/Barok,2,İstanbul#434
Barsine,https://tr.wikipedia.org/wiki/Barsine,1,İskender#219
Bartın,https://tr.wikipedia.org/wiki/Bart%C4%B1n,5,2024 Türkiye yerel seçimleri#24;Milliyetçi Hareket Partisi#56;Milliyetçi Hareket Partisi#59;Milliyetçi Hareket Partisi#73;Milliyetçi Hareket Partisi#76
basık kemer,https://tr.wikipedia.org/wiki/Bas%C4%B1k_kemer,1,Niğde#109
basıncı,https://tr.wikipedia.org/wiki/Bas%C4%B1n%C3%A7,1,Voleybol#116
Baskça,https://tr.wikipedia.org/wiki/Bask%C3%A7a,1,Hint-Avrupa halkları#3
Basketbol,https://tr.wikipedia.org/wiki/Basketbol,4,Ankara Spor Salonu#6;EuroBasket#1;Türkiye millî basketbol takımı#1;Türkiye#396
Basketbol Şampiyonlar Ligi,https://tr.wikipedia.org/wiki/Basketbol_%C5%9Eampiyonlar_Ligi,1,Türkiye#397
Basketbol Süper Ligi,https://tr.wikipedia.org/wiki/Basketbol_S%C3%BCper_Ligi,2,Türkiye millî basketbol takımı#25;Türkiye#397
Elazığ U:(https://tr.wikipedia.org/wiki/Elaz%C4%B1%C4%9F_(il))___ ’ın ___E:Baskil,https://tr.wikipedia.org/wiki/Baskil,1,I. Alâeddin Keykubad#22
Basmane,https://tr.wikipedia.org/wiki/Basmane,1,İzmir#134
Basmane Garı,https://tr.wikipedia.org/wiki/Basmane_Gar%C4%B1,1,İzmir#240
Basra,https://tr.wikipedia.org/wiki/Basra,3,Büyük Selçuklu İmparatorluğu#213;Dicle#17;Osmanlı İmparatorluğu#477
Basra Körfezi,https://tr.wikipedia.org/wiki/Basra_K%C3%B6rfezi,10,Ahameniş İmparatorluğu#289;Asur#32;Büyük Selçuklu İmparatorluğu#7;Dicle#1;Dicle#17;Fırat#26;Fırat#4;Osmanlı İmparatorluğu#17;Türkiye#73;İskender#227
Batı,https://tr.wikipedia.org/wiki/Bat%C4%B1,2,Antik Roma#58;Antik Roma#8
Batı İran Dilleri,https://tr.wikipedia.org/wiki/Bat%C4%B1_%C4%B0ran_dilleri,2,Medler#119;Medler#99
Batı Anadolu,https://tr.wikipedia.org/wiki/Bat%C4%B1_Anadolu,8,Ankara Muharebesi#50;Balâ#16;Büyük Selçuklu İmparatorluğu#7;Galatlar#1;Türk Kurtuluş Savaşı Batı Cephesi#18;Türk Kurtuluş Savaşı Batı Cephesi#7;Türk Kurtuluş Savaşı#238;Türkiye#9
Batı Asya,https://tr.wikipedia.org/wiki/Bat%C4%B1_Asya,9,Ahameniş İmparatorluğu#3;Fırat#24;II. Kiros#2;Osmanlı Hanedanı#33;Tunç Çağı#19;Türkiye#1;Türkçe#1;İskender#2
Batı Avrupa,https://tr.wikipedia.org/wiki/Bat%C4%B1_Avrupa,3,Antik Roma#3;Osmanlı İmparatorluğu#33;Türkiye#75
Batı Avrupa Birliği,https://tr.wikipedia.org/wiki/Bat%C4%B1_Avrupa_Birli%C4%9Fi,1,Türkiye#176
Batı Bloku,https://tr.wikipedia.org/wiki/Bat%C4%B1_Bloku,1,Batı dünyası#1
Batı Cephesi,https://tr.wikipedia.org/wiki/Bat%C4%B1_Cephesi,1,Sakarya Meydan Muharebesi#11
Batı Cephesi Karargâhı,https://tr.wikipedia.org/wiki/Bat%C4%B1_Cephesi_Kararg%C3%A2h%C4%B1_M%C3%BCzesi,1,Türk Kurtuluş Savaşı Batı Cephesi#964
Batı Ermenicesi,https://tr.wikipedia.org/wiki/Bat%C4%B1_Ermenicesi,2,Türkiye#328;Türkçe#128
Batı Göktürk,https://tr.wikipedia.org/wiki/Bat%C4%B1_G%C3%B6kt%C3%BCrk_Ka%C4%9Fanl%C4%B1%C4%9F%C4%B1,7,Anadolu Selçuklu Devleti#2;Büyük Selçuklu İmparatorluğu#2;Germiyanoğulları Beyliği#2;Karamanoğulları Beyliği#27;Osmanlı İmparatorluğu#2;Selçuklu Hanedanı#2;Timur İmparatorluğu#2
Batı Hiung-nu,https://tr.wikipedia.org/wiki/Bat%C4%B1_Hiung-nu,7,Anadolu Selçuklu Devleti#1;Büyük Selçuklu İmparatorluğu#1;Germiyanoğulları Beyliği#1;Karamanoğulları Beyliği#26;Osmanlı İmparatorluğu#1;Selçuklu Hanedanı#1;Timur İmparatorluğu#1
Batı Karahanlılar,https://tr.wikipedia.org/wiki/Bat%C4%B1_Karahanl%C4%B1lar,8,Anadolu Selçuklu Devleti#2;Büyük Selçuklu İmparatorluğu#154;Büyük Selçuklu İmparatorluğu#2;Germiyanoğulları Beyliği#2;Karamanoğulları Beyliği#27;Osmanlı İmparatorluğu#2;Selçuklu Hanedanı#2;Timur İmparatorluğu#2
Batı Oğuz dili,https://tr.wikipedia.org/wiki/Bat%C4%B1_O%C4%9Fuz_dilleri,2,Türkçe#1;Türkçe#12
Batı Roma,https://tr.wikipedia.org/wiki/Bat%C4%B1_Roma,1,Julianus#6
Batı Roma İmparatorluğu,https://tr.wikipedia.org/wiki/Bat%C4%B1_Roma_%C4%B0mparatorlu%C4%9Fu,15,Antik Roma#4;Antik Roma#56;Antik Roma#57;Batı dünyası#4;Bizans İmparatorluğu#3;Bizans İmparatorluğu#54;Roma imparatorları listesi#1;Roma İmparatorluğu#13;Roma İmparatorluğu#14;Roma İmparatorluğu#3;Roma İmparatorluğu#347;Roma İmparatorluğu#416;Roma İmparatorluğu#423;Roma İmparatorluğu#430;Türkiye#58
Batı Roma İmparatorluğu'nun dağılışı ve çöküşü,https://tr.wikipedia.org/wiki/Bat%C4%B1_Roma_%C4%B0mparatorlu%C4%9Fu%27nun_%C3%A7%C3%B6k%C3%BC%C5%9F%C3%BC,5,Antik Roma#57;Bizans İmparatorluğu#1;Bizans İmparatorluğu#472;Bizans İmparatorluğu#56;Roma İmparatorluğu#15
Batı Trakya,https://tr.wikipedia.org/wiki/Bat%C4%B1_Trakya,4,I. Murad#81;Lozan Antlaşması#16;Türk Kurtuluş Savaşı#202;Türkçe#39
Batı Trakya Bağımsız Hükûmeti,https://tr.wikipedia.org/wiki/Bat%C4%B1_Trakya_Ba%C4%9F%C4%B1ms%C4%B1z_H%C3%BCk%C3%BBmeti,7,Anadolu Selçuklu Devleti#4;Büyük Selçuklu İmparatorluğu#4;Germiyanoğulları Beyliği#4;Karamanoğulları Beyliği#29;Osmanlı İmparatorluğu#4;Selçuklu Hanedanı#4;Timur İmparatorluğu#4
Batı Trakya Türkleri,https://tr.wikipedia.org/wiki/Bat%C4%B1_Trakya_T%C3%BCrkleri,1,Mustafa Kemal Atatürk#677
Batı,https://tr.wikipedia.org/wiki/Bat%C4%B1_d%C3%BCnyas%C4%B1,4,Ankara#23;II. Kiros#13;Mustafa Kemal Atatürk#16;Mustafa Kemal Atatürk#848
gemi enkazında,https://tr.wikipedia.org/wiki/Bat%C4%B1k,1,Şarap#35
Batıkent,https://tr.wikipedia.org/wiki/Bat%C4%B1kent,1,Yenimahalle#17
Batılılaşma,https://tr.wikipedia.org/wiki/Bat%C4%B1l%C4%B1la%C5%9Fma,3,Osmanlı İmparatorluğu#275;Osmanlı İmparatorluğu#633;Türkiye#359
bataklık,https://tr.wikipedia.org/wiki/Batakl%C4%B1k,1,Orman#62
Hristoforos U:(https://tr.wikipedia.org/wiki/Hristoforos_(domestikos_ton_sholon))___ komutasında düzenlenen sefer ___E:Bathys Ryax Muharebesi,https://tr.wikipedia.org/wiki/Bathys_Ryax_Muharebesi,1,Pavlusçuluk#12
Batlamyus,https://tr.wikipedia.org/wiki/Batlamyus,3,Osmanlı İmparatorluğu#647;Strabon#18;İslam devleti#28
Batman,https://tr.wikipedia.org/wiki/Batman,3,2014 Türkiye yerel seçimleri#21;Dicle#3;Türkiye#320
Batman,https://tr.wikipedia.org/wiki/Batman_Baraj%C4%B1,1,Dicle#32
Battal Durusel,https://tr.wikipedia.org/wiki/Battal_Durusel,3,Türkiye millî basketbol takımı#118;Türkiye millî basketbol takımı#120;Türkiye millî basketbol takımı#122
Batum,https://tr.wikipedia.org/wiki/Batum,2,Karadeniz Bölgesi#56;Türk Kurtuluş Savaşı#126
Bayındır boyundandırlar,https://tr.wikipedia.org/wiki/Bay%C4%B1nd%C4%B1r_boyu,1,Balâ#4
bayağı yaban domuzu,https://tr.wikipedia.org/wiki/Baya%C4%9F%C4%B1_yaban_domuzu,1,İstanbul#187
Bayat,https://tr.wikipedia.org/wiki/Bayat,2,Ayaş#5;Çorum#8
Bayat,https://tr.wikipedia.org/wiki/Bayat_boyu,1,Osmanlı İmparatorluğu#44
Bayburt,https://tr.wikipedia.org/wiki/Bayburt,11,2014 Türkiye yerel seçimleri#21;Karadeniz Bölgesi#37;Karadeniz Bölgesi#56;Kete#2;Milliyetçi Hareket Partisi#47;Milliyetçi Hareket Partisi#73;Milliyetçi Hareket Partisi#76;Vasip Şahin#1;Vasip Şahin#3;Vasip ŞahinCard#4;Yeniden Refah Partisi#24
Baycu Noyan,https://tr.wikipedia.org/wiki/Baycu_Noyan,3,Osmanlı İmparatorluğu#90;Osmanlı İmparatorluğu#92;Türkiye#68
Beyazıt Camiini,https://tr.wikipedia.org/wiki/Bayezid_Camii,1,İstanbul#409
Amasyalı Beyazıt Paşa,https://tr.wikipedia.org/wiki/Bayezid_Pa%C5%9Fa,1,II. Murad#19
bazilika,https://tr.wikipedia.org/wiki/Bazilika,2,Efes#83;İstanbul#425
Bazlama,https://tr.wikipedia.org/wiki/Bazlama,2,Balâ#45;Beypazarı#98
Beş İmparator Yılı,https://tr.wikipedia.org/wiki/Be%C5%9F_%C4%B0mparator_Y%C4%B1l%C4%B1,1,Septimius Severus#1
Beş İyi İmparator,https://tr.wikipedia.org/wiki/Be%C5%9F_%C4%B0yi_%C4%B0mparator,3,Antik Roma#49;Roma İmparatorluğu#209;Roma İmparatorluğu#245
beşik tonoz,https://tr.wikipedia.org/wiki/Be%C5%9Fik_tonoz,1,Anıtkabir#166
Beşiktaş,https://tr.wikipedia.org/wiki/Be%C5%9Fikta%C5%9F,3,İstanbul#327;İstanbul#358;İstanbul#447
Beşiktaş Park,https://tr.wikipedia.org/wiki/Be%C5%9Fikta%C5%9F_Park,5,Türkiye#395;İstanbul#480;İstanbul#481;İstanbul#487
Beştepe,https://tr.wikipedia.org/wiki/Be%C5%9Ftepe,1,Polatlı#9
Beau-Rivage Palace,https://tr.wikipedia.org/wiki/Beau-Rivage_Palace,1,Lozan Antlaşması#1
Bedřich Hrozný,https://tr.wikipedia.org/wiki/Bed%C5%99ich_Hrozn%C3%BD,2,Hititler#240;Hititler#8
Bediüzzaman Mirza,https://tr.wikipedia.org/wiki/Bedi%C3%BCzzaman_Mirza,2,Timur İmparatorluğu#41;Timur İmparatorluğuCard#9
Bedreddin Aynî,https://tr.wikipedia.org/wiki/Bedreddin_Ayn%C3%AE,1,Ankara Muharebesi#113
Bedri Rahmi Eyüboğlu,https://tr.wikipedia.org/wiki/Bedri_Rahmi_Ey%C3%BCbo%C4%9Flu,2,Ankara Resim ve Heykel Müzesi#30;Türkiye#364
Beerşeba,https://tr.wikipedia.org/wiki/Beer%C5%9Feba,1,Mustafa Kemal Atatürk#845
Behçet hastalığını,https://tr.wikipedia.org/wiki/Beh%C3%A7et_hastal%C4%B1%C4%9F%C4%B1,1,Türkiye#304
Behiştî,https://tr.wikipedia.org/wiki/Behi%C5%9Ft%C3%AE,1,Ankara Muharebesi#113
Behistun Yazıtı,https://tr.wikipedia.org/wiki/Behistun_Yaz%C4%B1t%C4%B1,4,Ahameniş İmparatorluğu#25;Ahameniş İmparatorluğu#69;Ahameniş İmparatorluğu#75;II. Kiros#42
Behruz Çinici,https://tr.wikipedia.org/wiki/Behruz_%C3%87inici,3,Orta Doğu Teknik Üniversitesi#135;Orta Doğu Teknik Üniversitesi#35;Orta Doğu Teknik Üniversitesi#48
Bekir Sami,https://tr.wikipedia.org/wiki/Bekir_Sami_Kunduh,2,Mustafa Kemal Atatürk#370;Türk Kurtuluş Savaşı Batı Cephesi#738
Bekir Yarangüme,https://tr.wikipedia.org/wiki/Bekir_Yarang%C3%BCme,1,Türkiye millî basketbol takımı#148
beklenen yaşam süresi,https://tr.wikipedia.org/wiki/Beklenen_ya%C5%9Fam_s%C3%BCresi,1,Türkiye#354
Beko,https://tr.wikipedia.org/wiki/Beko,1,Türkiye#255
Bektâşî,https://tr.wikipedia.org/wiki/Bekta%C5%9F%C3%AElik,1,Ahilik#6
Bektaş Yaylası,https://tr.wikipedia.org/wiki/Bekta%C5%9F_Yaylas%C4%B1,1,Karadeniz Bölgesi#48
Bektaşlı,"https://tr.wikipedia.org/wiki/Bekta%C5%9Fl%C4%B1,_Bala",1,Balâ#27
Belçarsak,"https://tr.wikipedia.org/wiki/Bel%C3%A7ar%C5%9Fak,_Bala",1,Balâ#27
Belçika,https://tr.wikipedia.org/wiki/Bel%C3%A7ika,6,Anıtkabir#268;Bisiklet#27;Mustafa Kemal Atatürk#846;Otoyol#3;Türkiye#195;Türkçe#23
Belçika,https://tr.wikipedia.org/wiki/Bel%C3%A7ika_mill%C3%AE_basketbol_tak%C4%B1m%C4%B1,3,Türkiye millî basketbol takımı#35;Türkiye millî basketbol takımı#52;Türkiye millî basketbol takımı#53
Belarus,https://tr.wikipedia.org/wiki/Belarus,1,UTC+03.00#2
Belarus,https://tr.wikipedia.org/wiki/Belarus_mill%C3%AE_basketbol_tak%C4%B1m%C4%B1,2,Türkiye millî basketbol takımı#48;Türkiye millî basketbol takımı#50
Belasitsa Muharebesi,https://tr.wikipedia.org/wiki/Belasitsa_Muharebesi,1,Bizans İmparatorluğu#170
belde,https://tr.wikipedia.org/wiki/Belde,2,1945 Türkiye nüfus sayımı#1;Büyükşehir belediyesi#4
belediye,https://tr.wikipedia.org/wiki/Belediye,2,Ankara Büyükşehir Belediyesi#1;İstanbul#14
Belediye Başkanı,https://tr.wikipedia.org/wiki/Belediye_ba%C5%9Fkan%C4%B1,5,2024 Türkiye yerel seçimleri#1;Belediye başkanı-meclis yönetimi#2;Orta Doğu Teknik Üniversitesi#175;Türkiye#122;Yenimahalle#2
Belediye başkanı-meclis,https://tr.wikipedia.org/wiki/Belediye_ba%C5%9Fkan%C4%B1-meclis_y%C3%B6netimi,4,AnkaraCard#5;KonyaCard#3;İstanbulCard#6;İzmirCard#4
meclis,https://tr.wikipedia.org/wiki/Belediye_meclisi,1,Belediye başkanı-meclis yönetimi#2
belediye meclisi üyeleri,https://tr.wikipedia.org/wiki/Belediye_meclisi_%C3%BCyesi,1,2024 Türkiye yerel seçimleri#1
Belek Gazi,https://tr.wikipedia.org/wiki/Belek_Gazi,1,Artuk BeyCard#3
Belgrad,https://tr.wikipedia.org/wiki/Belgrad,5,II. Murad#122;Mustafa Kemal Atatürk#178;Mustafa Kemal Atatürk#691;Osmanlı İmparatorluğu#239;Osmanlı İmparatorluğu#477
Belgrad,https://tr.wikipedia.org/wiki/Belgrad%27%C4%B1n_Fethi,1,Osmanlı İmparatorluğu#198
Belgrad Ormanları,https://tr.wikipedia.org/wiki/Belgrad_Orman%C4%B1,2,İstanbul#112;İstanbul#528
Belh,https://tr.wikipedia.org/wiki/Belh,5,Büyük Selçuklu İmparatorluğu#213;Timur#23;Timur#54;Timur#566;Timur#73
Belisarius,https://tr.wikipedia.org/wiki/Belisarius,1,Bizans İmparatorluğu#70
Belucistan,https://tr.wikipedia.org/wiki/Belucistan,1,İskender#214
Beluciler,"https://tr.wikipedia.org/wiki/Belucistan,_Pakistan",1,Ahameniş İmparatorluğu#290
Monemvasia,https://tr.wikipedia.org/wiki/Benef%C5%9Fe,1,Bizans İmparatorluğu#332
Bengal Körfezi,https://tr.wikipedia.org/wiki/Bengal_K%C3%B6rfezi,1,Antik Yunanistan#141
Benito Mussolini,https://tr.wikipedia.org/wiki/Benito_Mussolini,2,Mustafa Kemal Atatürk#725;Mustafa Kemal Atatürk#851
bentonit,https://tr.wikipedia.org/wiki/Bentonit,1,Kalecik#20
berber,https://tr.wikipedia.org/wiki/Berber,1,Midas#56
Berberice,https://tr.wikipedia.org/wiki/Berberice,1,Osmanlı İmparatorluğu#434
Berberi,https://tr.wikipedia.org/wiki/Berberiler,1,Septimius Severus#10
Bereketli Hilal,https://tr.wikipedia.org/wiki/Bereketli_Hilal,1,Asur#8
Bergama,https://tr.wikipedia.org/wiki/Bergama,6,Antik Yunanistan#270;Asklepios#19;Efes#79;Julianus#59;Timur#465;İzmir#19
Bergama,https://tr.wikipedia.org/wiki/Bergama_Bask%C4%B1n%C4%B1,1,Türk Kurtuluş Savaşı Batı Cephesi#10
Bergamalı Kadri,https://tr.wikipedia.org/wiki/Bergamal%C4%B1_Kadr%C3%AE,1,Türkçe#196
Berkuk,https://tr.wikipedia.org/wiki/Berkuk,5,Ankara Muharebesi#30;I. Bayezid#78;Timur#200;Timur#202;Timur#248
Berkyaruk,https://tr.wikipedia.org/wiki/Berkyaruk,2,Büyük Selçuklu İmparatorluğu#119;Büyük Selçuklu İmparatorluğu#154
Berlin,https://tr.wikipedia.org/wiki/Berlin,3,Mustafa Kemal Atatürk#264;Otoyol#6;Türkiye millî basketbol takımı#2
Bernard Lewis,https://tr.wikipedia.org/wiki/Bernard_Lewis,1,Ahameniş İmparatorluğu#436
Beroia Muharebesi,https://tr.wikipedia.org/wiki/Beroia_Muharebesi,1,Bizans İmparatorluğu#245
Berossus,https://tr.wikipedia.org/wiki/Berossus,2,Ahameniş İmparatorluğu#383;II. Kiros#142
besin,https://tr.wikipedia.org/wiki/Besin,1,Gıda#1
beslenme,https://tr.wikipedia.org/wiki/Beslenme,2,Hayvancılık#5;Çorba#6
Besni,https://tr.wikipedia.org/wiki/Besni,1,Ankara Muharebesi#30
Bessus,https://tr.wikipedia.org/wiki/Bessus,2,Ahameniş İmparatorluğu#231;İskender#196
Beton,https://tr.wikipedia.org/wiki/Beton,2,Antik Roma#285;AnıtkabirCard#11
betonarme,https://tr.wikipedia.org/wiki/Betonarme,3,Anıtkabir#113;Anıtkabir#12;Anıtkabir#49
bey,https://tr.wikipedia.org/wiki/Bey,2,Büyük Selçuklu İmparatorluğu#204;Osmanlı Hanedanı#7
Beyşehir,https://tr.wikipedia.org/wiki/Bey%C5%9Fehir,8,Anadolu Selçuklu Devleti#435;Anadolu Selçuklu Devleti#439;I. Alâeddin Keykubad#4;I. Murad#78;II. Murad#130;II. Murad#159;Karamanoğulları Beyliği#10;Osmanlı İmparatorluğu#129
Bey Mahallesi,"https://tr.wikipedia.org/wiki/Bey,_%C5%9Eahinbey",1,Mustafa Kemal Atatürk#755
beyaz,https://tr.wikipedia.org/wiki/Beyaz,2,Orta Doğu Teknik Üniversitesi#91;Şarap#45
Beyazıt Meydanı,https://tr.wikipedia.org/wiki/Beyaz%C4%B1t_Meydan%C4%B1,1,İstanbul#447
beyaz şarap,https://tr.wikipedia.org/wiki/Beyaz_%C5%9Farap,1,Şarap#45
Beyaz Gölge,https://tr.wikipedia.org/wiki/Beyaz_G%C3%B6lge,1,Türkiye millî basketbol takımı#11
Beyaz Ruslara,https://tr.wikipedia.org/wiki/Beyaz_Ordu,1,Türk Kurtuluş Savaşı Batı Cephesi#113
beyaz eşya,https://tr.wikipedia.org/wiki/Beyaz_e%C5%9Fya,2,Türkiye#255;Türkiye#256
beyin sarsıntısı,https://tr.wikipedia.org/wiki/Beyin_sars%C4%B1nt%C4%B1s%C4%B1,1,Karate#41
Beykoz,https://tr.wikipedia.org/wiki/Beykoz_Korusu,1,İstanbul#123
Beylerbeyi,https://tr.wikipedia.org/wiki/Beylerbeyi,3,I. Murad#17;I. Murad#38;Karacabey Camii#3
Beylerbeyi Sarayı,https://tr.wikipedia.org/wiki/Beylerbeyi_Saray%C4%B1,2,İstanbul#434;İstanbul#540
beylerbeyliği,https://tr.wikipedia.org/wiki/Beylerbeyli%C4%9Fi,1,Osmanlı İmparatorluğu#324
Beynam,"https://tr.wikipedia.org/wiki/Beynam,_Bala",2,Balâ#27;Balâ#28
Beynam Ormanları,https://tr.wikipedia.org/wiki/Beynam_Ormanlar%C4%B1,1,Balâ#56
Beyoğlu,https://tr.wikipedia.org/wiki/Beyo%C4%9Flu,5,Anıtkabir#311;Osmanlı İmparatorluğu#291;İstanbul#209;İstanbul#247;İstanbul#463
Beypazarı,https://tr.wikipedia.org/wiki/Beypazar%C4%B1,16,Ankara Muharebesi#233;Ankara Muharebesi#78;Ankara keçisi#2;Ankara#120;Ankara#156;Ankara#170;Ankara#20;Beypazarı Festivali#1;Güdül#20;Mansur Yavaş#1;Mansur Yavaş#2;Mansur Yavaş#29;Mansur Yavaş#6;Mansur Yavaş#7;Mansur YavaşCard#3
Beypazarı Festivali,https://tr.wikipedia.org/wiki/Beypazar%C4%B1_Festivali,1,Ankara#158
Beypazarı kurusu,https://tr.wikipedia.org/wiki/Beypazar%C4%B1_kurusu,1,Beypazarı#98
Beyrut,https://tr.wikipedia.org/wiki/Beyrut,2,Bizans İmparatorluğu#153;Osmanlı İmparatorluğu#501
Babil kuşatmasında U:(https://tr.wikipedia.org/wiki/Kud%C3%BCs_Ku%C5%9Fatmas%C4%B1_(M%C3%96_587))___ yıkılan ___E:Kudüs Tapınağı,https://tr.wikipedia.org/wiki/Beyt%C3%BC%27l-Makdis,1,II. Kiros#11
bezelye,https://tr.wikipedia.org/wiki/Bezelye,2,Antik Yunanistan#195;Gıda#19
Bezmiâlem Valide Sultan,https://tr.wikipedia.org/wiki/Bezmi%C3%A2lem_Valide_Sultan,1,İstanbul#500
Biblos,https://tr.wikipedia.org/wiki/Biblos,1,Şarap#34
bici,https://tr.wikipedia.org/wiki/Bici,1,Beypazarı#98
Biga,https://tr.wikipedia.org/wiki/Biga,1,Osmanlı İmparatorluğu#367
Bigalı Mehmet,https://tr.wikipedia.org/wiki/Bigal%C4%B1_Mehmet_%C3%87avu%C5%9F,1,Mustafa Kemal Atatürk#201
bilardo,https://tr.wikipedia.org/wiki/Bilardo,1,Mustafa Kemal Atatürk#760
Bileşik yay,https://tr.wikipedia.org/wiki/Bile%C5%9Fik_yay,2,Ahameniş İmparatorluğu#308;Kimmerler#38
Bilecik,https://tr.wikipedia.org/wiki/Bilecik,5,Germiyanoğulları Beyliği#50;I. Murad#36;Karadeniz Bölgesi#6;Osmanlı Hanedanı#12;Osmanlı İmparatorluğu#114
bilek güreşi,https://tr.wikipedia.org/wiki/Bilek_g%C3%BCre%C5%9Fi,2,Güreş#3;Osmanlı İmparatorluğu#665
bilge,https://tr.wikipedia.org/wiki/Bilge,1,Farslar#6
Bilge Kağan,https://tr.wikipedia.org/wiki/Bilge_Ka%C4%9Fan,1,Türkçe#67
bilgisayar,https://tr.wikipedia.org/wiki/Bilgisayar,1,Teknoloji#11
CAD,https://tr.wikipedia.org/wiki/Bilgisayar_destekli_tasar%C4%B1m,1,Orta Doğu Teknik Üniversitesi#67
Hikmet,https://tr.wikipedia.org/wiki/Bilim,4,Mustafa Kemal Atatürk#10;Osmanlı İmparatorluğu#530;Türkçe#179;Türkçe#76
Bilim Ağacı,https://tr.wikipedia.org/wiki/Bilim_A%C4%9Fac%C4%B1,2,Orta Doğu Teknik Üniversitesi#161;Orta Doğu Teknik Üniversitesi#52
bilimin,https://tr.wikipedia.org/wiki/Bilim_tarihi#Orta_Çağ'da_Bilim,1,Bizans İmparatorluğu#370
bilimkurgu,https://tr.wikipedia.org/wiki/Bilimkurgu,1,Anıtkabir#310
bilimsel bilgiyi,https://tr.wikipedia.org/wiki/Bilimsel_bilgi,1,Teknoloji#7
Bilimsel Devrim,https://tr.wikipedia.org/wiki/Bilimsel_devrim,1,Türkiye#79
Bilkent,https://tr.wikipedia.org/wiki/Bilkent_%C3%9Cniversitesi,3,Orta Doğu Teknik Üniversitesi#392;Orta Doğu Teknik Üniversitesi#74;Çukurambar#3
bina,https://tr.wikipedia.org/wiki/Bina,2,İnşaat#1;İnşaat#68
Binali Yıldırım,https://tr.wikipedia.org/wiki/Binali_Y%C4%B1ld%C4%B1r%C4%B1m,4,Adalet ve Kalkınma Partisi#16;Adalet ve Kalkınma Partisi#66;Adalet ve Kalkınma Partisi#77;Adalet ve Kalkınma Partisi#79
Binbirdirek Sarnıcı,https://tr.wikipedia.org/wiki/Binbirdirek_Sarn%C4%B1c%C4%B1,1,İstanbul#531
Bingöl,https://tr.wikipedia.org/wiki/Bing%C3%B6l,3,2014 Türkiye yerel seçimleri#21;Timur#251;Türkiye#320
Bingazi,https://tr.wikipedia.org/wiki/Bingazi,3,Mustafa Kemal Atatürk#105;Mustafa Kemal Atatürk#89;Mustafa Kemal Atatürk#98
binicilik,https://tr.wikipedia.org/wiki/Binicilik,3,Ankara#180;Kimmerler#58;Osmanlı İmparatorluğu#665
bir sonraki Türkiye cumhurbaşkanlığı seçimi,https://tr.wikipedia.org/wiki/Bir_sonraki_T%C3%BCrkiye_cumhurba%C5%9Fkanl%C4%B1%C4%9F%C4%B1_se%C3%A7imi,3,2024 Türkiye yerel seçimleri#134;2024 Türkiye yerel seçimleri#8;Mansur Yavaş#5
En geç 14 Mayıs 2028,https://tr.wikipedia.org/wiki/Bir_sonraki_T%C3%BCrkiye_genel_se%C3%A7imleri,1,Türkiye Büyük Millet MeclisiCard#18
bira,https://tr.wikipedia.org/wiki/Bira,3,Gıda#38;Şarap#114;Şarap#73
Birahane Darbesi,https://tr.wikipedia.org/wiki/Birahane_Darbesi,1,Mustafa Kemal Atatürk#851
Birecik Barajı,https://tr.wikipedia.org/wiki/Birecik_Baraj%C4%B1,1,Fırat#17
Birgi,"https://tr.wikipedia.org/wiki/Birgi,_%C3%96demi%C5%9F",2,Germiyanoğulları Beyliği#42
Birinci İnönü Muharebesi,https://tr.wikipedia.org/wiki/Birinci_%C4%B0n%C3%B6n%C3%BC_Muharebesi,3,Türk Kurtuluş Savaşı Batı Cephesi#14;Türk Kurtuluş Savaşı#169;Türk Kurtuluş Savaşı#31
Birinci İznik Konsili,https://tr.wikipedia.org/wiki/Birinci_%C4%B0znik_Konsili,1,Bizans İmparatorluğu#47
Anafartalar Zaferi,https://tr.wikipedia.org/wiki/Birinci_Anafartalar_Muharebesi,1,Mustafa Kemal Atatürk#225
I. Balkan Savaşı,https://tr.wikipedia.org/wiki/Birinci_Balkan_Sava%C5%9F%C4%B1,2,Mustafa Kemal Atatürk#133;Türkiye#92
Birinci Beş Yıllık Sanayi Planı,https://tr.wikipedia.org/wiki/Birinci_Be%C5%9F_Y%C4%B1ll%C4%B1k_Sanayi_Plan%C4%B1,1,Mustafa Kemal Atatürk#20
Birinci Bulgar İmparatorluğu,https://tr.wikipedia.org/wiki/Birinci_Bulgar_%C4%B0mparatorlu%C4%9Fu,9,Anadolu Selçuklu Devleti#2;Bizans İmparatorluğu#113;Bizans İmparatorluğu#156;Büyük Selçuklu İmparatorluğu#2;Germiyanoğulları Beyliği#2;Karamanoğulları Beyliği#27;Osmanlı İmparatorluğu#2;Selçuklu Hanedanı#2;Timur İmparatorluğu#2
Karabağ Savaşı,https://tr.wikipedia.org/wiki/Birinci_Da%C4%9Fl%C4%B1k_Karaba%C4%9F_Sava%C5%9F%C4%B1,1,Türkiye#185
Birinci Efes Konsili,https://tr.wikipedia.org/wiki/Birinci_Efes_Konsili,1,Efes#11
I. Haçlı Seferi,https://tr.wikipedia.org/wiki/Birinci_Ha%C3%A7l%C4%B1_Seferi,5,Anadolu Selçuklu Devleti#18;Anadolu Selçuklu Devleti#450;Büyük Selçuklu İmparatorluğu#10;Konya#26;Türkiye#65
I. Meşrutiyet,https://tr.wikipedia.org/wiki/Birinci_Me%C5%9Frutiyet,5,Meclis-i Mebûsan#1;Meclis-i Mebûsan#35;Osmanlı İmparatorluğu#276;Osmanlı İmparatorluğu#314;Türkiye#12
Birinci Türk Coğrafya Kongresinden,https://tr.wikipedia.org/wiki/Birinci_T%C3%BCrk_Co%C4%9Frafya_Kongresi,1,Anadolu#2
Birinci Ulusal Mimarlık Akımının,https://tr.wikipedia.org/wiki/Birinci_Ulusal_Mimarl%C4%B1k_Ak%C4%B1m%C4%B1,3,Ankara Resim ve Heykel Müzesi#2;Atatürk Orman Çiftliği#16;Kurtuluş Savaşı Müzesi#11
Birkan Batuk,https://tr.wikipedia.org/wiki/Birkan_Batuk,1,Türkiye millî basketbol takımı#152
Birleşik Arap Emirlikleri,https://tr.wikipedia.org/wiki/Birle%C5%9Fik_Arap_Emirlikleri,2,Ahameniş İmparatorluğu#92;Otoyol#3
Birleşik Krallık,https://tr.wikipedia.org/wiki/Birle%C5%9Fik_Krall%C4%B1k,18,Ankara tavşanı#11;Anıtkabir#268;Bisiklet#15;Kardeş şehir#2;Lozan Antlaşması#27;Mustafa Kemal Atatürk#728;Mustafa Kemal Atatürk#752;Orta Doğu Teknik Üniversitesi#124;Türk Kurtuluş Savaşı Batı Cephesi#1017;Türk Kurtuluş Savaşı Batı Cephesi#65;Türk Kurtuluş Savaşı#60;Türk Kurtuluş Savaşı#70;Türk Kurtuluş Savaşı#71;Türk Kurtuluş Savaşı#72;Türkiye#249;Türkçe#23;İslam devleti#38;İstanbul#545
Birleşmiş Milletler,https://tr.wikipedia.org/wiki/Birle%C5%9Fmi%C5%9F_Milletler,10,Mustafa Kemal Atatürk#867;Orta Doğu Teknik Üniversitesi#112;Orta Doğu Teknik Üniversitesi#4;Orta Doğu Teknik Üniversitesi#6;Türkiye#109;Türkiye#112;Türkiye#174;Türkiye#188;Türkiye#189;Türkiye#28
Birleşmiş Milletler Anıt Mezarlığı,https://tr.wikipedia.org/wiki/Birle%C5%9Fmi%C5%9F_Milletler_An%C4%B1t_Mezarl%C4%B1%C4%9F%C4%B1,1,Anıtkabir#170
Birleşmiş Milletler Güvenlik Konseyi,https://tr.wikipedia.org/wiki/Birle%C5%9Fmi%C5%9F_Milletler_G%C3%BCvenlik_Konseyi,1,Türkiye#174
Birûn,https://tr.wikipedia.org/wiki/Birun,1,Osmanlı İmparatorluğu#619
bisiklet,https://tr.wikipedia.org/wiki/Bisiklet,1,Ankara#180
bisiklet sporunda,https://tr.wikipedia.org/wiki/Bisiklet_sporu,1,Bisiklet#4
Bistam,https://tr.wikipedia.org/wiki/Bist%C3%A2m,1,Timur#135
Bitik,https://tr.wikipedia.org/wiki/Bitik_H%C3%B6y%C3%BCk,4,Anadolu Medeniyetleri Müzesi#28;Anadolu#45;Hititler#82;Hititler#85
Trakyalılar,https://tr.wikipedia.org/wiki/Bitinler,1,Ahameniş İmparatorluğu#290
Bitinya,https://tr.wikipedia.org/wiki/Bitinya,8,Ahameniş İmparatorluğu#248;Ahameniş İmparatorluğu#290;Bizans İmparatorluğu#213;Frigya#3;Julianus#12;Roma İmparatorluğu#345;Roma İmparatorluğu#349;Tektosaglar#9
bitki,https://tr.wikipedia.org/wiki/Bitki,2,Crocus ancyrensis#2;Niğde#94
bitkisel ürün,https://tr.wikipedia.org/wiki/Bitkisel_%C3%BCr%C3%BCn,1,Tahıl#2
Bitlis,https://tr.wikipedia.org/wiki/Bitlis,6,2014 Türkiye yerel seçimleri#21;Malazgirt Meydan Muharebesi#30;Mustafa Kemal Atatürk#236;Mustafa Kemal Atatürk#242;Türkiye#320;İstanbul#573
biyolojik çeşitliliğin,https://tr.wikipedia.org/wiki/Biyolojik_%C3%A7e%C5%9Fitlilik,1,Bozkır#12
biyoteknoloji,https://tr.wikipedia.org/wiki/Biyoteknoloji,1,Hayvancılık#2
Bizans,https://tr.wikipedia.org/wiki/Bizans,1,Erimtan Arkeoloji ve Sanat Müzesi#15
Osmanlılar tarafından aşama aşama fethedildi,https://tr.wikipedia.org/wiki/Bizans-Osmanl%C4%B1_sava%C5%9Flar%C4%B1,1,Bizans İmparatorluğu#15
Bizans,https://tr.wikipedia.org/wiki/Bizans_%C4%B0mparatorlu%C4%9Fu,95,"Anadolu Selçuklu Devleti#12;Anadolu Selçuklu Devleti#14;Anadolu Selçuklu Devleti#48;Anadolu Selçuklu Devleti#50;Anadolu Selçuklu Devleti#90;Anadolu#10;Anadolu#5;Anadolu#8;Ankara Kalesi#7;Ankara Muharebesi#29;Ankara Roma Hamamı#22;Ankara Roma Hamamı#33;Ankara#16;Ankara#50;Antik Roma#118;Antik Roma#209;Antik Roma#399;Antik Roma#56;Antik Roma#59;Antik Roma#6;Augustus Tapınağı#7;Augustus#251;Büyük Selçuklu İmparatorluğu#50;Büyük Selçuklu İmparatorluğu#81;Efes#33;Erimtan Arkeoloji ve Sanat Müzesi#2;Erimtan Arkeoloji ve Sanat MüzesiCard#5;Fetret Devri#18;Fetret Devri#185;Galatlar#17;Germiyanoğulları Beyliği#57;Germiyanoğulları Beyliği#67;Germiyanoğulları Beyliği#77;I. Alâeddin Keykubad#11;I. Murad#23;I. Murad#40;II. Murad#16;II. Murad#224;Kalecik#4;Kayseri#6;Konya#101;Konya#22;Konya#23;Konya#7;Kızılcahamam#6;Madenî para#52;Madenî para#72;Malazgirt Meydan Muharebesi#105;Malazgirt Meydan Muharebesi#29;Malazgirt Meydan Muharebesi#4;Malazgirt Meydan Muharebesi#43;Malazgirt Meydan Muharebesi#44;Malazgirt Meydan Muharebesi#90;Mutasım#37;Osmanlı İmparatorluğu#105;Osmanlı İmparatorluğu#116;Osmanlı İmparatorluğu#117;Osmanlı İmparatorluğu#12;Osmanlı İmparatorluğu#13;Osmanlı İmparatorluğu#163;Osmanlı İmparatorluğu#343;Osmanlı İmparatorluğu#405;Osmanlı İmparatorluğu#463;Osmanlı İmparatorluğu#8;Osmanlı İmparatorluğu#94;Polatlı#4;Roma imparatoru#3;Roma İmparatorluğu#13;Roma İmparatorluğu#14;Roma İmparatorluğu#3;Roma İmparatorluğu#347;Roma İmparatorluğu#421;Sivas#18;Timur#430;Türkiye#10;Türkiye#24;Türkiye#380;Türkiye#59;Türkiye#6;Türkiye#61;Yenimahalle#20;Çubuk, Ankara#19;Çubuk, Ankara#23;İstanbul#15;İstanbul#209;İstanbul#388;İstanbul#42;İstanbul#422;İstanbul#445;İstanbul#48;İstanbul#512;İzmir#181;İzmir#73"
Yahudiler,https://tr.wikipedia.org/wiki/Bizans_%C4%B0mparatorlu%C4%9Fu%27ndaki_Yahudilerin_tarihi,1,Bizans İmparatorluğu#386
Bizans Rumu,https://tr.wikipedia.org/wiki/Bizans_Rumlar%C4%B1,2,Bizans İmparatorluğu#21;Bizans İmparatorluğuCard#6
büyük bir dinî krize yol açtı,https://tr.wikipedia.org/wiki/Bizans_ikonoklazm%C4%B1,1,Bizans İmparatorluğu#387
Bizans İmparatoru,https://tr.wikipedia.org/wiki/Bizans_imparatorlar%C4%B1_listesi,6,Bizans İmparatorluğu#3;Bizans İmparatorluğu#311;Bizans İmparatorluğu#339;Bizans İmparatorluğu#431;I. Bayezid#28;İstanbul#425
Bizans müziği,https://tr.wikipedia.org/wiki/Bizans_m%C3%BCzi%C4%9Fi,1,Osmanlı İmparatorluğu#580
Bizans mimarisi,https://tr.wikipedia.org/wiki/Bizans_mimarisi,2,Osmanlı İmparatorluğu#564;Osmanlı İmparatorluğu#567
Bizans ordusunu,https://tr.wikipedia.org/wiki/Bizans_ordusu,1,Mutasım#55
para,https://tr.wikipedia.org/wiki/Bizans_para_sistemi,1,Bizans İmparatorluğu#360
Bizanslılar,https://tr.wikipedia.org/wiki/Bizansl%C4%B1lar,1,Ankara Kalesi#1
Byzantion,https://tr.wikipedia.org/wiki/Bizantion,7,Antik Roma#55;Antik Yunanistan#37;Bizans İmparatorluğu#1;Türkiye#45;Türkiye#56;İstanbul#20;İstanbul#59
Byzas,https://tr.wikipedia.org/wiki/Bizas,1,İstanbul#39
Bloemfontein,https://tr.wikipedia.org/wiki/Bloemfontein,1,Başkent#8
Boğaz Köprüsü,https://tr.wikipedia.org/wiki/Bo%C4%9Faz_K%C3%B6pr%C3%BCs%C3%BC,1,Otoyol#9
Boğaziçi,https://tr.wikipedia.org/wiki/Bo%C4%9Fazi%C3%A7i,7,Osmanlı Hanedanı#17;Osmanlı İmparatorluğu#503;İstanbul#10;İstanbul#3;İstanbul#327;İstanbul#349;İstanbul#475
Boğaziçi,https://tr.wikipedia.org/wiki/Bo%C4%9Fazi%C3%A7i_%C3%9Cniversitesi,2,Orta Doğu Teknik Üniversitesi#74;İstanbul#493
Boğazköy,https://tr.wikipedia.org/wiki/Bo%C4%9Fazk%C3%B6y,3,Frigler#77;Gordion Müzesi#28;Çorum#10
Çorum U:(https://tr.wikipedia.org/wiki/%C3%87orum_(il))___ 'daki ___E:Boğazköy,"https://tr.wikipedia.org/wiki/Bo%C4%9Fazk%C3%B6y,_Akda%C4%9Fmadeni",1,Anadolu Medeniyetleri Müzesi#28
Boğazkale,https://tr.wikipedia.org/wiki/Bo%C4%9Fazkale,3,Hititler#30;Hititler#61;Çorum#8
Boğazlardan,https://tr.wikipedia.org/wiki/Bo%C4%9Fazlar,2,Fetret Devri#185;Fetret Devri#66
Boğdan,https://tr.wikipedia.org/wiki/Bo%C4%9Fdan,1,Osmanlı İmparatorluğu#250
Boğdan,https://tr.wikipedia.org/wiki/Bo%C4%9Fdan_Prensli%C4%9Fi,1,Osmanlı İmparatorluğu#14
Boşnakça,https://tr.wikipedia.org/wiki/Bo%C5%9Fnak%C3%A7a,1,Osmanlı İmparatorluğu#434
Boşnaklar,https://tr.wikipedia.org/wiki/Bo%C5%9Fnaklar,3,Anadolu#73;Konya#39;Türkiye#315
Bodrum,"https://tr.wikipedia.org/wiki/Bodrum,_Mu%C4%9Fla",4,Antik Yunanistan#274;Antik Yunanistan#55;Herodot#1;İskender#164
Boeotia,https://tr.wikipedia.org/wiki/Boeotia,1,Antik Yunanistan#288
Bogdan Tanjević,https://tr.wikipedia.org/wiki/Bogdan_Tanjevi%C4%87,6,Türkiye millî basketbol takımı#142;Türkiye millî basketbol takımı#144;Türkiye millî basketbol takımı#146;Türkiye millî basketbol takımı#148;Türkiye millî basketbol takımı#150;Türkiye millî basketbol takımı#152
Bogotá,https://tr.wikipedia.org/wiki/Bogot%C3%A1,1,İstanbul#633
boks,https://tr.wikipedia.org/wiki/Boks,2,Ankara Spor Salonu#6;Antik Roma#247
Bolayır,https://tr.wikipedia.org/wiki/Bolay%C4%B1r,1,Mustafa Kemal Atatürk#150
Bologna,https://tr.wikipedia.org/wiki/Bologna,2,Augustus#82;Üniversite#38
Bologna Üniversitesi,https://tr.wikipedia.org/wiki/Bologna_%C3%9Cniversitesi,2,Üniversite#30;Üniversite#38
Bolu,https://tr.wikipedia.org/wiki/Bolu,6,Ankara Muharebesi#78;Crocus ancyrensis#5;Fetret Devri#136;Karadeniz Bölgesi#12;Karadeniz Bölgesi#8;Kızılcahamam#2
Bolvadin,https://tr.wikipedia.org/wiki/Bolvadin,2,Balâ#19;Sakarya Meydan Muharebesi#32
boncuk,https://tr.wikipedia.org/wiki/Boncuk,1,Madenî para#10
bor,https://tr.wikipedia.org/wiki/Bor,1,Lozan Antlaşması#33
Borçka,https://tr.wikipedia.org/wiki/Bor%C3%A7ka,1,Karadeniz Bölgesi#56
Bornova,https://tr.wikipedia.org/wiki/Bornova,4,İzmir#171;İzmir#22;İzmir#26;İzmir#92
Bosna,https://tr.wikipedia.org/wiki/Bosna,4,I. Bayezid#14;I. Murad#45;II. Murad#93;Osmanlı İmparatorluğu#126
Bosna-Hersek,https://tr.wikipedia.org/wiki/Bosna-Hersek,3,"2010 FIBA Dünya Basketbol Şampiyonası#4;Türkçe#163;Çubuk, Ankara#61"
Bosna-Hersek,https://tr.wikipedia.org/wiki/Bosna-Hersek_mill%C3%AE_basketbol_tak%C4%B1m%C4%B1,1,Türkiye millî basketbol takımı#66
Avusturya-Macaristan'ın Bosna'yı tek taraflı ilhakı,https://tr.wikipedia.org/wiki/Bosna_Krizi,1,Türkiye#91
Bostanlı Açık Hava Arkeoloji Müzesi,https://tr.wikipedia.org/wiki/Bostanl%C4%B1_A%C3%A7%C4%B1k_Hava_Arkeoloji_M%C3%BCzesi,1,İzmir#187
Botan,https://tr.wikipedia.org/wiki/Botan,1,Dicle#3
boykotuna,https://tr.wikipedia.org/wiki/Boykot,1,Orta Doğu Teknik Üniversitesi#29
boyoz,https://tr.wikipedia.org/wiki/Boyoz,1,İzmir#206
boz kaz,https://tr.wikipedia.org/wiki/Boz_kaz,1,İstanbul#182
Bozcaada,https://tr.wikipedia.org/wiki/Bozcaada,1,Mustafa Kemal Atatürk#531
Bozdoğan Kemeri,https://tr.wikipedia.org/wiki/Bozdo%C4%9Fan_Kemeri,1,İstanbul#525
bozkırdır,https://tr.wikipedia.org/wiki/Bozk%C4%B1r,6,Ahilik#27;Ankara#75;At#1;Konya#55;Polatlı#34;Selçuklu Hanedanı#9
Bozok,https://tr.wikipedia.org/wiki/Bozoklar,2,Osmanlı İmparatorluğu#37;Osmanlı İmparatorluğu#41
Bozulus Türkmenleri,https://tr.wikipedia.org/wiki/Bozulus_T%C3%BCrkmenleri,1,Balâ#4
Brütalist,https://tr.wikipedia.org/wiki/Br%C3%BCtalist_mimari,1,Orta Doğu Teknik Üniversitesi#136
brendi,https://tr.wikipedia.org/wiki/Brendi,1,Şarap#60
Brest-Litovsk Antlaşması,https://tr.wikipedia.org/wiki/Brest-Litovsk_Antla%C5%9Fmas%C4%B1,1,Türk Kurtuluş Savaşı#248
Bretonca,https://tr.wikipedia.org/wiki/Bretonca,1,Kimmerler#94
Brezilya,https://tr.wikipedia.org/wiki/Brezilya,3,Ankara keçisi#2;Ankara tavşanı#15;Orman#17
Brezilya,https://tr.wikipedia.org/wiki/Brezilya_mill%C3%AE_basketbol_tak%C4%B1m%C4%B1,3,2010 FIBA Dünya Basketbol Şampiyonası#11;Türkiye millî basketbol takımı#80;Türkiye millî basketbol takımı#82
Brundisium,https://tr.wikipedia.org/wiki/Brindisi,2,Augustus#120;Augustus#45
Britanya İmparatorluğu,https://tr.wikipedia.org/wiki/Britanya_%C4%B0mparatorlu%C4%9Fu,4,Lozan Antlaşması#1;Mustafa Kemal Atatürk#269;Mustafa Kemal Atatürk#425;Osmanlı İmparatorluğu#264
Hindistan Genel Valiliği,https://tr.wikipedia.org/wiki/Britanya_Hindistan%C4%B1,3,Türk Kurtuluş Savaşı Batı Cephesi#104;Türk Kurtuluş Savaşı Batı Cephesi#74;İslam devleti#69
British Museum,https://tr.wikipedia.org/wiki/British_Museum,3,Efes#59;Hititler#32;II. Kiros#256
Briton,https://tr.wikipedia.org/wiki/Briton,1,Roma İmparatorluğu#159
bronz,https://tr.wikipedia.org/wiki/Bronz,11,Ankara Etnografya Müzesi#12;Ankara Roma Hamamı#29;Antik Roma#142;Anıtkabir#134;Augustus#309;Kimmerler#57;Madenî para#1;Tunç Çağı#1;Tunç Çağı#14
Bronz Çağı Çöküşü,https://tr.wikipedia.org/wiki/Bronz_%C3%87a%C4%9F%C4%B1_%C3%87%C3%B6k%C3%BC%C5%9F%C3%BC,2,Anadolu#48;Anadolu#54
Bronz Devri,https://tr.wikipedia.org/wiki/Bronz_%C3%A7a%C4%9F%C4%B1,1,Ankara#112
bronz madalya,https://tr.wikipedia.org/wiki/Bronz_madalya,2,2001 Avrupa Basketbol Şampiyonası#2;Türkiye millî basketbol takımı#24
Bruce Trigger,https://tr.wikipedia.org/wiki/Bruce_Trigger,1,Anıtkabir#305
Buçuktepe İsyanı,https://tr.wikipedia.org/wiki/Bu%C3%A7uktepe_%C4%B0syan%C4%B1,1,II. Murad#229
buğday,https://tr.wikipedia.org/wiki/Bu%C4%9Fday,6,Balâ#49;Bozkır#6;Polatlı#38;Sivas#72;Taş Devri#21;İstanbul#280
Buğdaylı balık çorbası,https://tr.wikipedia.org/wiki/Bu%C4%9Fdayl%C4%B1_bal%C4%B1k_%C3%A7orbas%C4%B1,1,Çorba#17
Bubishi,https://tr.wikipedia.org/wiki/Bubishi,1,Karate#4
Buca,https://tr.wikipedia.org/wiki/Buca,2,İzmir#171;İzmir#92
Budapeşte,https://tr.wikipedia.org/wiki/Budape%C5%9Fte,1,Türkiye millî basketbol takımı#18
Budist,https://tr.wikipedia.org/wiki/Budizm,2,Timur#19;Türkçe#118
Budo,https://tr.wikipedia.org/wiki/Budo,1,Karate#6
Buenos Aires,https://tr.wikipedia.org/wiki/Buenos_Aires,1,İstanbul#630
buhar makinesi,https://tr.wikipedia.org/wiki/Buhar_makinesi,2,Madenî para#66;Teknoloji#9
Buhara,https://tr.wikipedia.org/wiki/Buhara,1,Timur#184
Buhara Hanlığı,https://tr.wikipedia.org/wiki/Buhara_Hanl%C4%B1%C4%9F%C4%B1,7,Anadolu Selçuklu Devleti#3;Büyük Selçuklu İmparatorluğu#3;Germiyanoğulları Beyliği#3;Karamanoğulları Beyliği#28;Osmanlı İmparatorluğu#3;Selçuklu Hanedanı#3;Timur İmparatorluğu#3
Buhara Sovyet Halk Cumhuriyeti,https://tr.wikipedia.org/wiki/Buhara_Sovyet_Halk_Cumhuriyeti,7,Anadolu Selçuklu Devleti#4;Büyük Selçuklu İmparatorluğu#4;Germiyanoğulları Beyliği#4;Karamanoğulları Beyliği#29;Osmanlı İmparatorluğu#4;Selçuklu Hanedanı#4;Timur İmparatorluğu#4
Buharkent,https://tr.wikipedia.org/wiki/Buharkent,1,2014 Türkiye yerel seçimleri#33
Buldan,https://tr.wikipedia.org/wiki/Buldan,1,Germiyanoğulları Beyliği#120
buldozerler,https://tr.wikipedia.org/wiki/Buldozer,1,İnşaat#15
Bouleterion,https://tr.wikipedia.org/wiki/Buleuterion,1,Efes#91
Bulgarca,https://tr.wikipedia.org/wiki/Bulgarca,1,Osmanlı İmparatorluğu#434
Bulgaristan,https://tr.wikipedia.org/wiki/Bulgaristan,13,Ahameniş İmparatorluğu#81;Ahameniş İmparatorluğu#92;Antik Roma#63;II. Murad#93;Lozan Barış Konferansı#3;Osmanlı İmparatorluğu#128;Pavlusçuluk#14;Türkiye#2;Türkiye#213;Türkçe#162;Türkçe#164;Türkçe#37;İstanbul#568
yeni yeni Hristiyanlaşan,https://tr.wikipedia.org/wiki/Bulgaristan%27%C4%B1n_Hristiyanla%C5%9Fmas%C4%B1,1,Bizans İmparatorluğu#156
Türkiye ile Bulgaristan Arasındaki Dostluk Antlaşması,https://tr.wikipedia.org/wiki/Bulgaristan-T%C3%BCrkiye_Dostluk_Antla%C5%9Fmas%C4%B1,1,Türkiye#317
Bulgaristan'ın resmen bağımsız olması,https://tr.wikipedia.org/wiki/Bulgaristan_Ba%C4%9F%C4%B1ms%C4%B1zl%C4%B1k_Bildirgesi,1,Türkiye#91
Bulgaristan,https://tr.wikipedia.org/wiki/Bulgaristan_Krall%C4%B1%C4%9F%C4%B1,1,Mustafa Kemal Atatürk#728
Bulgaristan,https://tr.wikipedia.org/wiki/Bulgaristan_mill%C3%AE_basketbol_tak%C4%B1m%C4%B1,3,Türkiye millî basketbol takımı#17;Türkiye millî basketbol takımı#53;Türkiye millî basketbol takımı#59
Bulgarlar,https://tr.wikipedia.org/wiki/Bulgarlar,5,Bizans İmparatorluğu#112;I. Murad#40;Osmanlı İmparatorluğu#12;Osmanlı İmparatorluğu#421;İstanbul#69
Bulgarofigon Muharebesi,https://tr.wikipedia.org/wiki/Bulgarofigon_Muharebesi,1,Bizans İmparatorluğu#158
bulgur,https://tr.wikipedia.org/wiki/Bulgur,1,Çorba#28
Bunkai,https://tr.wikipedia.org/wiki/Bunkai,1,Karate#52
burç,https://tr.wikipedia.org/wiki/Bur%C3%A7,1,İstanbul#325
Burak Hakkı,https://tr.wikipedia.org/wiki/Burak_Hakk%C4%B1,1,I. Alâeddin Keykubad#154
Burak Turna,https://tr.wikipedia.org/wiki/Burak_Turna,1,Anıtkabir#308
Burdur,https://tr.wikipedia.org/wiki/Burdur,2,Frigler#75;Türk Kurtuluş Savaşı Batı Cephesi#666
Burdur Gölü,https://tr.wikipedia.org/wiki/Burdur_G%C3%B6l%C3%BC,1,Frigya#5
Burgaz,https://tr.wikipedia.org/wiki/Burgaz,1,I. Murad#23
Burgazada,https://tr.wikipedia.org/wiki/Burgazada,1,İstanbul#468
Burgund dükünün,https://tr.wikipedia.org/wiki/Burgundiya_D%C3%BCkl%C3%BC%C4%9F%C3%BC,1,Başkent#43
Burhan Doğançay,https://tr.wikipedia.org/wiki/Burhan_Do%C4%9Fan%C3%A7ay,1,Türkiye#364
Bursa,https://tr.wikipedia.org/wiki/Bursa,30,Ankara Muharebesi#22;Ankara Muharebesi#78;Demiryolu ulaşımı#23;Fetret Devri#10;I. Bayezid#44;I. BayezidCard#6;I. Murad#1;I. Murad#12;I. Murad#19;I. MuradCard#4;I. MuradCard#6;II. Murad#10;II. Murad#279;II. MuradCard#5;II. MuradCard#6;Karamanoğulları Beyliği#13;Mustafa Kemal Atatürk#472;Orta Doğu Teknik Üniversitesi#182;Osmanlı İmparatorluğu#120;Osmanlı İmparatorluğu#567;Osmanlı İmparatorluğuCard#2;Sakarya Nehri#8;Timur#451;Türk Kurtuluş Savaşı Batı Cephesi#10;Türk Kurtuluş Savaşı Batı Cephesi#78;Türkiye Futbol Şampiyonası#22;Türkiye#127;Zeytinyağı#124;İstanbul#578;İstanbul#596
Bursa,https://tr.wikipedia.org/wiki/Bursa_B%C3%BCy%C3%BCk%C5%9Fehir_Belediyesi,2,Büyükşehir belediyesi#18;Cumhuriyet Halk Partisi#110
Bursa'yı kuşattı,https://tr.wikipedia.org/wiki/Bursa_Ku%C5%9Fatmas%C4%B1,1,Osmanlı İmparatorluğu#119
Bursa Ulu Camii,https://tr.wikipedia.org/wiki/Bursa_Ulu_Camii,2,I. Bayezid#61;Timur#453
Buruciye Medresesi,https://tr.wikipedia.org/wiki/Buruciye_Medresesi,2,Anadolu Selçuklu Devleti#439;Sivas#83
doğduğu evin U:(https://tr.wikipedia.org/wiki/Atat%C3%BCrk_Evi_M%C3%BCzesi_(Selanik))___ bahçesinden; ___E:Busan,https://tr.wikipedia.org/wiki/Busan,1,Anıtkabir#170
Büyükdavdanlı,"https://tr.wikipedia.org/wiki/Buyukdavdanl%C4%B1,_bala",1,Balâ#27
buz,https://tr.wikipedia.org/wiki/Buz,2,Buz hokeyi#1;Buz pateni#1
Buz hokeyi,https://tr.wikipedia.org/wiki/Buz_hokeyi,2,Ankara Spor Salonu#6;Ankara#187
buz pateni,https://tr.wikipedia.org/wiki/Buz_pateni,2,Ankara#180;Buz hokeyi#2
buz pateni pisti,https://tr.wikipedia.org/wiki/Buz_pateni_pisti,1,Buz hokeyi#2
Buzul Çağlarının,https://tr.wikipedia.org/wiki/Buzul_%C3%A7a%C4%9F%C4%B1,3,Taş Devri#17;Taş Devri#5;İstanbul#98
Byzantion,https://tr.wikipedia.org/wiki/Byzantion,1,Galatlar#6
C,https://tr.wikipedia.org/wiki/C,1,Türkçe#143
Cádiz,https://tr.wikipedia.org/wiki/C%C3%A1diz,1,Antik Roma#146
Córdoba,"https://tr.wikipedia.org/wiki/C%C3%B3rdoba,_%C4%B0spanya",2,Üniversite#34;Üniversite#35
culûs,https://tr.wikipedia.org/wiki/C%C3%BCl%C3%BBs,3,II. Murad#10;Mustafa Kemal Atatürk#266;Osmanlı İmparatorluğu#222
cümle,https://tr.wikipedia.org/wiki/C%C3%BCmle,1,Türkçe#179
tümce yapısı,https://tr.wikipedia.org/wiki/C%C3%BCmlenin_%C3%B6geleri,1,Türkçe#6
Cüneyt Arcayürek,https://tr.wikipedia.org/wiki/C%C3%BCneyt_Arcay%C3%BCrek,1,Ulucanlar Cezaevi Müzesi#10
Cüneyt Erden,https://tr.wikipedia.org/wiki/C%C3%BCneyt_Erden,1,Türkiye millî basketbol takımı#134
cüzzamlıları,https://tr.wikipedia.org/wiki/C%C3%BCzzam,1,Timur#272
Cızlama,https://tr.wikipedia.org/wiki/C%C4%B1zlama,1,Ankara#156
Toros sediri,https://tr.wikipedia.org/wiki/C.libani_var._Stenokoma,1,Orta Doğu Teknik Üniversitesi#142
CENTO,https://tr.wikipedia.org/wiki/CENTO,1,Cumhuriyet Müzesi#5
CIA,https://tr.wikipedia.org/wiki/CIA,2,Orta Doğu Teknik Üniversitesi#213;Türkiye#314
CNN Türk,https://tr.wikipedia.org/wiki/CNN_T%C3%BCrk,1,İstanbul#522
COVID-19,https://tr.wikipedia.org/wiki/COVID-19,1,Konya#87
COVID-19 pandemisi,https://tr.wikipedia.org/wiki/COVID-19_pandemisi,4,2024 Türkiye yerel seçimleri#11;Cumhuriyet Halk Partisi#104;Yeniden Refah Partisi#41;İstanbul#481
Cağaloğlu Anadolu Lisesi,https://tr.wikipedia.org/wiki/Ca%C4%9Falo%C4%9Flu_Anadolu_Lisesi,1,İstanbul#500
Cabernet Sauvignon,https://tr.wikipedia.org/wiki/Cabernet_Sauvignon,2,Şarap#78;Şarap#80
cacık,https://tr.wikipedia.org/wiki/Cac%C4%B1k,1,Ankara tavası#5
Cadillac,https://tr.wikipedia.org/wiki/Cadillac,2,Anıtkabir#218;Orta Doğu Teknik Üniversitesi#215
Augustus,https://tr.wikipedia.org/wiki/Caesar_Divi_Filius_Augustus,4,Antik Yunanistan#5;Augustus Tapınağı#3;Augustus TapınağıCard#6;Strabon#7
Cafer Tayyar (Eğilmez),https://tr.wikipedia.org/wiki/Cafer_Tayyar_E%C4%9Filmez,1,Mustafa Kemal Atatürk#257
Cahit Arf,https://tr.wikipedia.org/wiki/Cahit_Arf,2,Orta Doğu Teknik Üniversitesi#343;Türkiye#304
Hüseyin Cahit,https://tr.wikipedia.org/wiki/Cahit_S%C4%B1tk%C4%B1_Taranc%C4%B1,1,Türkçe#197
Cakarta,https://tr.wikipedia.org/wiki/Cakarta,1,İstanbul#629
Calabria,https://tr.wikipedia.org/wiki/Calabria,4,Bizans İmparatorluğu#184;Herodot#2;Herodot#32;HerodotCard#2
caldarium,https://tr.wikipedia.org/wiki/Caldarium,2,Ankara Roma Hamamı#23;Ankara Roma Hamamı#48
Caligula,https://tr.wikipedia.org/wiki/Caligula,2,Antik Roma#49;Roma İmparatorluğu#119
Calla,https://tr.wikipedia.org/wiki/Calla,1,Ankara#156
cam,https://tr.wikipedia.org/wiki/Cam,2,İstanbul#256;İstanbul#299
Cambridge,https://tr.wikipedia.org/wiki/Cambridge_%C3%9Cniversitesi,1,Üniversite#44
Cambridge Antik Tarihi,https://tr.wikipedia.org/wiki/Cambridge_University_Press,1,Kimmerler#89
cami,https://tr.wikipedia.org/wiki/Cami,8,Anadolu Selçuklu Devleti#435;Arslanhane Camii#1;Büyük Selçuklu İmparatorluğu#221;Mustafa Kemal Atatürk#650;Turizm#12;Üniversite#27;İstanbul#225;İzmir#100
Camili,"https://tr.wikipedia.org/wiki/Camili,_%C3%87ubuk",1,"Çubuk, Ankara#23"
Campania,https://tr.wikipedia.org/wiki/Campania,1,Augustus#56
Campus Martius,https://tr.wikipedia.org/wiki/Campus_Martius,1,Augustus#357
Can Maxim Mutaf,https://tr.wikipedia.org/wiki/Can_Maxim_Mutaf,1,Türkiye millî basketbol takımı#152
Canberra,https://tr.wikipedia.org/wiki/Canberra,1,Mustafa Kemal Atatürk#845
Candar oğlu,https://tr.wikipedia.org/wiki/Candaro%C4%9Fullar%C4%B1,1,Fetret Devri#24
Candaroğulları,https://tr.wikipedia.org/wiki/Candaro%C4%9Fullar%C4%B1_Beyli%C4%9Fi,17,Anadolu Selçuklu Devleti#2;Büyük Selçuklu İmparatorluğu#2;Germiyanoğulları Beyliği#2;I. Bayezid#42;I. Bayezid#44;I. Bayezid#57;I. Murad#60;I. Murad#80;II. Murad#49;II. Murad#8;Kalecik#4;Karamanoğulları Beyliği#27;Osmanlı İmparatorluğu#132;Osmanlı İmparatorluğu#2;Selçuklu Hanedanı#2;Timur İmparatorluğu#2
Canik Dağları,https://tr.wikipedia.org/wiki/Canik_Da%C4%9Flar%C4%B1,1,Karadeniz Bölgesi#24
organizmanın,https://tr.wikipedia.org/wiki/Canl%C4%B1,1,Gıda#1
Cantabria,https://tr.wikipedia.org/wiki/Cantabria,1,Augustus#259
Cape Town,https://tr.wikipedia.org/wiki/Cape_Town,1,Başkent#8
Capitol Alışveriş Merkezi,https://tr.wikipedia.org/wiki/Capitol_Al%C4%B1%C5%9Fveri%C5%9F_Merkezi,1,İstanbul#461
Capri,https://tr.wikipedia.org/wiki/Capri,1,Roma İmparatorluğu#126
Caracalla,https://tr.wikipedia.org/wiki/Caracalla,9,Ankara Kalesi#6;Ankara Roma Hamamı#10;Ankara#113;Antik Roma#174;Roma İmparatorluğu#250;Septimius Severus#22;Septimius Severus#39;Septimius Severus#5;Septimius SeverusCard#3
Caracas,https://tr.wikipedia.org/wiki/Caracas,1,Mustafa Kemal Atatürk#845
Carinus,https://tr.wikipedia.org/wiki/Carinus,1,Roma İmparatorluğu#277
Kont Carlo Sforza,https://tr.wikipedia.org/wiki/Carlo_Sforza,4,Türk Kurtuluş Savaşı Batı Cephesi#1008;Türk Kurtuluş Savaşı Batı Cephesi#454;Türk Kurtuluş Savaşı Batı Cephesi#630;Türk Kurtuluş Savaşı Batı Cephesi#733
Carol Delaney,https://tr.wikipedia.org/wiki/Carol_Delaney,1,Anıtkabir#304
Carrhae Bozgunu,https://tr.wikipedia.org/wiki/Carrhae_Muharebesi,1,Augustus#133
caryadır,https://tr.wikipedia.org/wiki/Carya,1,Orman#54
Cassandane,https://tr.wikipedia.org/wiki/Cassandane,2,II. Kiros#46;II. KirosCard#8
Cassius Dio,https://tr.wikipedia.org/wiki/Cassius_Dio,4,Augustus#356;Caracalla#13;Caracalla#9;Septimius Severus#43
Castor ve Pollux Tapınağı,https://tr.wikipedia.org/wiki/Castor_ve_Pollux_Tap%C4%B1na%C4%9F%C4%B1,1,Augustus#363
Castra Praetoria,https://tr.wikipedia.org/wiki/Castra_Praetoria,1,Augustus#325
Cava,https://tr.wikipedia.org/wiki/Cava,1,Orman#41
caz,https://tr.wikipedia.org/wiki/Caz,2,İstanbul#438;İstanbul#474
Cebeci Askerî Şehitliği,https://tr.wikipedia.org/wiki/Cebeci_Asker%C3%AE_%C5%9Eehitli%C4%9Fi,1,Anıtkabir#79
Dikimevi İstasyonu U:(https://tr.wikipedia.org/w/index.php?title=Dikimevi_(Ankara_metrosu)&action=edit&redlink=1)___ ___E:Cebeci İstasyonu,https://tr.wikipedia.org/wiki/Cebeci_Tren_%C4%B0stasyonu,1,Ulucanlar Cezaevi MüzesiCard#6
Cebelitarık,https://tr.wikipedia.org/wiki/Cebelitar%C4%B1k,1,İskender#246
Cebelitarık Boğazı,https://tr.wikipedia.org/wiki/Cebelitar%C4%B1k_Bo%C4%9Faz%C4%B1,1,Osmanlı İmparatorluğu#17
Cedi Osman,https://tr.wikipedia.org/wiki/Cedi_Osman,4,Türkiye millî basketbol takımı#154;Türkiye millî basketbol takımı#42;Türkiye millî basketbol takımı#70;Türkiye millî basketbol takımı#8
Celali,https://tr.wikipedia.org/wiki/Cel%C3%A2l%C3%AE_isyanlar%C4%B1,5,Ahilik#2;Haymana#21;Osmanlı İmparatorluğu#214;Osmanlı İmparatorluğu#226;İzmir#97
Celal Bayar,https://tr.wikipedia.org/wiki/Cel%C3%A2l_Bayar,8,Adalet ve Kalkınma Partisi#72;Cumhuriyet Halk Partisi#34;Cumhuriyet Müzesi#19;Mustafa Kemal Atatürk#582;Mustafa Kemal Atatürk#868;Mustafa Kemal AtatürkCard#1;Orta Doğu Teknik Üniversitesi#17;Türkiye Büyük Millet Meclisi#197
Celâl Sahir,https://tr.wikipedia.org/wiki/Cel%C3%A2l_Sahir_Erozan,1,Türkçe#42
Celaleddin Harezmşah,https://tr.wikipedia.org/wiki/Cel%C3%A2leddin_Harezm%C5%9Fah,1,I. Alâeddin Keykubad#7
Celâleddin Karatay,https://tr.wikipedia.org/wiki/Cel%C3%A2leddin_Karatay,2,Anadolu Selçuklu Devleti#218;I. Alâeddin Keykubad#47
Celâyir Sultanı,https://tr.wikipedia.org/wiki/Cel%C3%A2yir_Sultanl%C4%B1%C4%9F%C4%B1,4,Ankara Muharebesi#37;Ankara Muharebesi#4;Osmanlı İmparatorluğu#136;Timur#135
Celaleddin Harzemşah,https://tr.wikipedia.org/wiki/Celaleddin_Harzem%C5%9Fah,1,I. Alâeddin Keykubad#103
Celali isyanları,https://tr.wikipedia.org/wiki/Celali_isyanlar%C4%B1,1,Balâ#11
Celayir,https://tr.wikipedia.org/wiki/Celayir%C3%AEler,1,Timur İmparatorluğu#44
cella,https://tr.wikipedia.org/wiki/Cella,3,Augustus Tapınağı#23;Hititler#178;Kimmerler#57
Celsius,https://tr.wikipedia.org/wiki/Celsius,1,Santigrat#6
Celsus Kütüphanesi,https://tr.wikipedia.org/wiki/Celsus_K%C3%BCt%C3%BCphanesi,1,Efes#9
Celvetiler,https://tr.wikipedia.org/wiki/Celvet%C3%AElik,1,Mehmet Akif Ersoy Müze Evi#7
Cem Sultan,https://tr.wikipedia.org/wiki/Cem_Sultan,1,Osmanlı İmparatorluğu#178
Cemal Akın,https://tr.wikipedia.org/wiki/Cemal_Ak%C4%B1n,1,2024 Türkiye yerel seçimleri#24
Cemal Gürsel,https://tr.wikipedia.org/wiki/Cemal_G%C3%BCrsel,3,Anıtkabir#7;Anıtkabir#76;Orta Doğu Teknik Üniversitesi#43
Cemal,https://tr.wikipedia.org/wiki/Cemal_Mersinli,2,Mustafa Kemal Atatürk#339;Mustafa Kemal Atatürk#399
Cemal Nalga,https://tr.wikipedia.org/wiki/Cemal_Nalga,1,Türkiye millî basketbol takımı#152
Cemal,https://tr.wikipedia.org/wiki/Cemal_Pa%C5%9Fa,2,Mustafa Kemal Atatürk#176;Türk Kurtuluş Savaşı#49
Cemal Tollu,https://tr.wikipedia.org/wiki/Cemal_Tollu,1,Türkiye#364
Cemel,"https://tr.wikipedia.org/wiki/Cemel,_%C5%9Eark%C4%B1%C5%9Fla",1,Şarkışla#12
Kızyandı Efsanesi,"https://tr.wikipedia.org/wiki/Cemel,_%C5%9Eark%C4%B1%C5%9Fla#Kızyandı_Efsanesi",1,Şarkışla#12
Cemil Merdam Bey,https://tr.wikipedia.org/wiki/Cemil_Merdam_Bey,1,Mustafa Kemal Atatürk#818
Cemil Tugay,https://tr.wikipedia.org/wiki/Cemil_Tugay,2,İzmir#227;İzmirCard#6
Cemil Bey,https://tr.wikipedia.org/wiki/Cemil_Uybad%C4%B1n,1,Mustafa Kemal Atatürk#83
Cenabi Ahmed Paşa,https://tr.wikipedia.org/wiki/Cenabi_Ahmed_Pa%C5%9Fa,1,Cenabi Ahmed Paşa Camii#2
Kurşunlu Han U:(https://tr.wikipedia.org/wiki/Kur%C5%9Funlu_Han_(Ankara))___ kervansarayı ve 16.yüzyıldan kalma ___E:Cenabi Ahmet Paşa Camii,https://tr.wikipedia.org/wiki/Cenabi_Ahmed_Pa%C5%9Fa_Camii,1,Ankara#119
cenazelere,https://tr.wikipedia.org/wiki/Cenaze,1,Şereflikoçhisar#29
Cend,https://tr.wikipedia.org/wiki/Cend,2,Büyük Selçuklu sultanları listesi#2;Büyük Selçuklu İmparatorluğu#23
Ceneviz,https://tr.wikipedia.org/wiki/Ceneviz_Cumhuriyeti,8,Ankara Muharebesi#253;Ankara Muharebesi#27;Bizans İmparatorluğu#261;II. Murad#53;Osmanlı İmparatorluğu#161;Osmanlı İmparatorluğu#170;İstanbul#339;İzmir#73
Cenevre,https://tr.wikipedia.org/wiki/Cenevre,1,Mustafa Kemal Atatürk#719
Leman Gölü,https://tr.wikipedia.org/wiki/Cenevre_G%C3%B6l%C3%BC,1,Lozan Antlaşması#1
Cengiz Ergün,https://tr.wikipedia.org/wiki/Cengiz_Erg%C3%BCn,1,2024 Türkiye yerel seçimleri#72
Cengiz Gökçek,https://tr.wikipedia.org/wiki/Cengiz_G%C3%B6k%C3%A7ek,1,Milliyetçi Hareket Partisi#20
Cengiz Han,https://tr.wikipedia.org/wiki/Cengiz_Han,6,Mustafa Kemal Atatürk#862;Osmanlı İmparatorluğu#75;Timur#17;Timur#4;Timur#8;Timur#9
Cenk Akyol,https://tr.wikipedia.org/wiki/Cenk_Akyol,5,Türkiye millî basketbol takımı#142;Türkiye millî basketbol takımı#144;Türkiye millî basketbol takımı#146;Türkiye millî basketbol takımı#150;Türkiye millî basketbol takımı#154
Cenova,https://tr.wikipedia.org/wiki/Cenova,2,Ticaret#57;İzmir#80
censor,https://tr.wikipedia.org/wiki/Censor,3,Augustus#11;Augustus#232;Roma İmparatorluğu#93
Çatalca peygamber çiçeği,https://tr.wikipedia.org/wiki/Centaurea_hermannii,1,İstanbul#164
Kilyos peygamber çiçeği,https://tr.wikipedia.org/wiki/Centaurea_kilaea,1,İstanbul#164
Yahudi olmayan,https://tr.wikipedia.org/wiki/Centil,1,II. Kiros#214
centurion,https://tr.wikipedia.org/wiki/Centurion,3,Augustus#122;Augustus#79;Caracalla#13
Cerablus,https://tr.wikipedia.org/wiki/Cerablus,1,Anadolu Medeniyetleri Müzesi#19
Cerbe Adası,https://tr.wikipedia.org/wiki/Cerbe,1,Osmanlı İmparatorluğu#201
Cerbe Deniz Muharebesi,https://tr.wikipedia.org/wiki/Cerbe_Deniz_Muharebesi,1,Osmanlı İmparatorluğu#366
cerehor,https://tr.wikipedia.org/wiki/Cerehor,1,Ankara Muharebesi#147
Cermen halklarının,https://tr.wikipedia.org/wiki/Cermanya,2,Bizans İmparatorluğu#56;Roma İmparatorluğu#108
Germen,https://tr.wikipedia.org/wiki/Cermenler,8,Anadolu Selçuklu Devleti#342;Antik Roma#57;Augustus#240;Augustus#261;Kimmerler#90;Roma İmparatorluğu#3;Roma İmparatorluğu#315;Roma İmparatorluğu#424
Cevahir Alışveriş Merkezi,https://tr.wikipedia.org/wiki/Cevahir_Al%C4%B1%C5%9Fveri%C5%9F_Merkezi,1,İstanbul#461
Cevahirlal Nehru,https://tr.wikipedia.org/wiki/Cevahirlal_Nehru,1,Mustafa Kemal Atatürk#864
Cevat Paşa,https://tr.wikipedia.org/wiki/Cevat_%C3%87obanl%C4%B1,2,Mustafa Kemal Atatürk#306;Mustafa Kemal Atatürk#399
Cevat Abbas (Gürer) Bey,https://tr.wikipedia.org/wiki/Cevat_Abbas_G%C3%BCrer,2,Mustafa Kemal Atatürk#322;Türkiye Büyük Millet Meclisi#70
Cevdet Sunay,https://tr.wikipedia.org/wiki/Cevdet_Sunay,3,Mustafa Kemal Atatürk#868;Orta Doğu Teknik Üniversitesi#213;Orta Doğu Teknik Üniversitesi#304
Cevdet Yılmaz,https://tr.wikipedia.org/wiki/Cevdet_Y%C4%B1lmaz,1,TürkiyeCard#9
ceviz,https://tr.wikipedia.org/wiki/Ceviz,3,Gıda#26;Kete#14;Orman#54
Ceyhan,https://tr.wikipedia.org/wiki/Ceyhan,2,Malazgirt Meydan Muharebesi#103;Türkiye#184
Ceyhun,https://tr.wikipedia.org/wiki/Ceyhun,3,Ahameniş İmparatorluğu#92;Büyük Selçuklu İmparatorluğu#46;II. Kiros#129
Ankara Sulh Ceza Mahkemesi,https://tr.wikipedia.org/wiki/Ceza_mahkemeleri,1,Orta Doğu Teknik Üniversitesi#219
cezaevidir,https://tr.wikipedia.org/wiki/Cezaevi,1,Ulucanlar Cezaevi Müzesi#1
Cezayir,https://tr.wikipedia.org/wiki/Cezayir,3,Osmanlı İmparatorluğu#199;Osmanlı İmparatorluğu#255;Türkiye#72
Cezayir Sokağı,https://tr.wikipedia.org/wiki/Cezayir_Soka%C4%9F%C4%B1,1,İstanbul#465
Cezayirli Gazi Hasan Paşa,https://tr.wikipedia.org/wiki/Cezayirli_Gazi_Hasan_Pa%C5%9Fa,1,Osmanlı İmparatorluğu#370
Chardonnay,https://tr.wikipedia.org/wiki/Chardonnay,2,Şarap#78;Şarap#81
Charlemagne,https://tr.wikipedia.org/wiki/Charlemagne,1,Başkent#38
Charles Texier,https://tr.wikipedia.org/wiki/Charles_Texier,2,Augustus Tapınağı#19;Hititler#26
Du Cange,"https://tr.wikipedia.org/wiki/Charles_du_Fresne,_sieur_du_Cange",1,Bizans İmparatorluğu#17
Chauvet,https://tr.wikipedia.org/wiki/Chauvet_Ma%C4%9Faras%C4%B1,1,At#44
Chennai,https://tr.wikipedia.org/wiki/Chennai,1,İstanbul#632
Chicago,https://tr.wikipedia.org/wiki/Chicago,1,İstanbul#633
chiton,https://tr.wikipedia.org/wiki/Chiton,1,Ankara Roma Hamamı#30
Christian Jürgensen Thomsen,https://tr.wikipedia.org/wiki/Christian_J%C3%BCrgensen_Thomsen,2,Tunç Çağı#2
Cicero,https://tr.wikipedia.org/wiki/Cicero,5,Antik Roma#156;Augustus#63;Augustus#88;Herodot#3;Roma İmparatorluğu#105
Cidde,https://tr.wikipedia.org/wiki/Cidde,1,Konya#87
Cihanşah Mirza,https://tr.wikipedia.org/wiki/Cihan%C5%9Fah_Mirza,1,Ankara Muharebesi#162
Cihanbeyli,https://tr.wikipedia.org/wiki/Cihanbeyli,1,Haymana#30
cihat,https://tr.wikipedia.org/wiki/Cihat,3,Malazgirt Meydan Muharebesi#115;Osmanlı İmparatorluğu#9;İslam devleti#40
Cilalı Taş Devri,https://tr.wikipedia.org/wiki/Cilal%C4%B1_Ta%C5%9F_Devri,10,Anadolu#5;Efes#3;Konya#16;Taş Devri#16;Taş Devri#5;Türkiye#32;Çorum#9;İstanbul#56
Cimbriler,https://tr.wikipedia.org/wiki/Cimbri,4,Kimmerler#63;Kimmerler#90;Kimmerler#91;Tektosaglar#23
Karamanoğlu Mehmed Bey U:(https://tr.wikipedia.org/wiki/Mehmed_(Karamano%C4%9Fullar%C4%B1_beyi))___ 'in ortaya çıkardığı ___E:Cimri,https://tr.wikipedia.org/wiki/Cimri_Olay%C4%B1,1,Germiyanoğulları Beyliği#18
cinsidir,https://tr.wikipedia.org/wiki/Cins,1,Calla#1
cirit oyunları,https://tr.wikipedia.org/wiki/Cirit,1,Osmanlı İmparatorluğu#665
cirit atma,https://tr.wikipedia.org/wiki/Cirit_atma,1,Atletizm#77
Cisalpina Galya,https://tr.wikipedia.org/wiki/Cisalpina_Galya,1,Augustus#64
Sakin Şehir,https://tr.wikipedia.org/wiki/Cittaslow,1,Güdül#1
Cizre,https://tr.wikipedia.org/wiki/Cizre,2,Dicle#13;Mansur Yavaş#26
cizye,https://tr.wikipedia.org/wiki/Cizye,3,Anadolu Selçuklu Devleti#356;Osmanlı İmparatorluğu#391;Osmanlı İmparatorluğu#445
Claude Cahen,https://tr.wikipedia.org/wiki/Claude_Cahen,1,Germiyanoğulları Beyliği#12
Claudius,https://tr.wikipedia.org/wiki/Claudius,2,Antik Roma#257;Roma İmparatorluğu#119
Clemens Holzmeister,https://tr.wikipedia.org/wiki/Clemens_Holzmeister,1,Türkiye Büyük Millet Meclisi#256
Clermont Konsili,https://tr.wikipedia.org/wiki/Clermont_Konsili,1,Bizans İmparatorluğu#231
Clodia Pulchra,https://tr.wikipedia.org/wiki/Clodia_Pulchra,2,Augustus#105;AugustusCard#7
Clodius Albinus,https://tr.wikipedia.org/wiki/Clodius_Albinus,2,Septimius Severus#19;Septimius Severus#2
coğrafi,https://tr.wikipedia.org/wiki/Co%C4%9Frafi,1,Anadolu#1
Coğrafi,https://tr.wikipedia.org/wiki/Co%C4%9Frafi_i%C5%9Faret,1,Zeytinyağı#133
Coğrafi Keşifler,https://tr.wikipedia.org/wiki/Co%C4%9Frafi_ke%C5%9Fifler,4,Osmanlı İmparatorluğu#222;Ticaret#75;Türkiye#75;Şarap#42
coğrafi,https://tr.wikipedia.org/wiki/Co%C4%9Frafya,4,Anadolu#2;Herodot#4;Madenî para#27;Türkiye#125
coğrafyacısı,https://tr.wikipedia.org/wiki/Co%C4%9Frafyac%C4%B1,1,Strabon#4
Sakçagözü,https://tr.wikipedia.org/wiki/Coba_H%C3%B6y%C3%BCk,2,Hititler#161;Hititler#226
Codex Cumanicus,https://tr.wikipedia.org/wiki/Codex_Cumanicus,1,Şarap#14
Roma yasasının kanunlaştırılması,https://tr.wikipedia.org/wiki/Codex_Theodosianus,1,Bizans İmparatorluğu#52
cognomen,https://tr.wikipedia.org/wiki/Cognomen,3,Augustus#208;Augustus#34;Caracalla#17
khrisargiron,https://tr.wikipedia.org/wiki/Collatio_lustralis,1,Bizans İmparatorluğu#64
Goltz Paşa,https://tr.wikipedia.org/wiki/Colmar_von_der_Goltz,1,Mustafa Kemal Atatürk#186
comitia curiata,https://tr.wikipedia.org/wiki/Comitia_curiata,1,Antik Roma#88
Commodus,https://tr.wikipedia.org/wiki/Commodus,2,Septimius Severus#1;Septimius Severus#16
Como,https://tr.wikipedia.org/wiki/Como,1,Otoyol#8
Conk Bayırı,https://tr.wikipedia.org/wiki/Conk_Bay%C4%B1r%C4%B1_Muharebesi,2,Mustafa Kemal Atatürk#215;Mustafa Kemal Atatürk#219
Constans,https://tr.wikipedia.org/wiki/Constans,1,Julianus#8
Constantius Chlorus,https://tr.wikipedia.org/wiki/Constantius_Chlorus,1,Julianus#6
Corpus Juris Civilis,https://tr.wikipedia.org/wiki/Corpus_Iuris_Civilis,1,Bizans İmparatorluğu#68
Cosquer,https://tr.wikipedia.org/wiki/Cosquer_Ma%C4%9Faras%C4%B1,1,At#44
çiğdemi,https://tr.wikipedia.org/wiki/Crocus_ancyrensis,1,Ankara#20
Croesus,https://tr.wikipedia.org/wiki/Croesus,1,Lidyalılar#28
Cuci,https://tr.wikipedia.org/wiki/Cuci,1,Timur#105
Culuk,"https://tr.wikipedia.org/wiki/Culuk,_Haymana",1,Ankara Muharebesi#130
Cuma,https://tr.wikipedia.org/wiki/Cuma,1,Balâ#28
cuma namazlarının,https://tr.wikipedia.org/wiki/Cuma_namaz%C4%B1,2,Ankara Etnografya Müzesi#1;Ankara Muharebesi#111
Cumhur İttifakı,https://tr.wikipedia.org/wiki/Cumhur_%C4%B0ttifak%C4%B1,15,2024 Türkiye yerel seçimleri#3;Adalet ve Kalkınma Partisi#74;Adalet ve Kalkınma PartisiCard#17;Büyük Birlik Partisi#27;Büyük Birlik PartisiCard#13;Cumhuriyet Halk Partisi#99;Milliyetçi Hareket Partisi#14;Milliyetçi Hareket Partisi#72;Milliyetçi Hareket Partisi#73;Milliyetçi Hareket Partisi#75;Milliyetçi Hareket Partisi#76;Milliyetçi Hareket PartisiCard#17;Yeniden Refah Partisi#11;Yeniden Refah Partisi#19;Yeniden Refah PartisiCard#13
Cumhurbaşkanı,https://tr.wikipedia.org/wiki/Cumhurba%C5%9Fkan%C4%B1,5,Adalet ve Kalkınma Partisi#115;Osmanlı İmparatorluğu#345;Türkiye Büyük Millet Meclisi#141;Türkiye'de cumhuriyetin ilanı#7;Yenimahalle#28
Bakanlar Kurulu,https://tr.wikipedia.org/wiki/Cumhurba%C5%9Fkanl%C4%B1%C4%9F%C4%B1_Kabinesi,1,Anıtkabir#18
başkanlık sistemi,https://tr.wikipedia.org/wiki/Cumhurba%C5%9Fkanl%C4%B1%C4%9F%C4%B1_h%C3%BCk%C3%BBmet_sistemi,4,Türkiye Büyük Millet Meclisi#219;Türkiye#116;Türkiye#16;TürkiyeCard#7
cumhuriyet,https://tr.wikipedia.org/wiki/Cumhuriyet,6,"Antik Roma#2;Antik Roma#20;Roma İmparatorluğu#23;Türkiye#106;Türkiye'de cumhuriyetin ilanı#1;Çubuk, Ankara#28"
Adalet Partisi U:(https://tr.wikipedia.org/wiki/Adalet_Partisi_(1961-1981))___ ve ___E:Cumhuriyetçi Güven Partisi,https://tr.wikipedia.org/wiki/Cumhuriyet%C3%A7i_G%C3%BCven_Partisi,2,Cumhuriyet Halk Partisi#61;Türkiye Büyük Millet Meclisi#199
Cumhuriyetçi Köylü Millet Partisi,https://tr.wikipedia.org/wiki/Cumhuriyet%C3%A7i_K%C3%B6yl%C3%BC_Millet_Partisi,3,Milliyetçi Hareket Partisi#16;Milliyetçi Hareket Partisi#6;Milliyetçi Hareket PartisiCard#9
Cumhuriyetçi Türk Partisi,https://tr.wikipedia.org/wiki/Cumhuriyet%C3%A7i_T%C3%BCrk_Partisi,1,Cumhuriyet Halk Partisi#128
cumhuriyetçilik,https://tr.wikipedia.org/wiki/Cumhuriyet%C3%A7ilik,2,Cumhuriyet Halk Partisi#31;Cumhuriyet Halk Partisi#5
Cumhuriyet Halk Fırkası,https://tr.wikipedia.org/wiki/Cumhuriyet_Halk_F%C4%B1rkas%C4%B1,1,Cumhuriyet Müzesi#4
CHP,https://tr.wikipedia.org/wiki/Cumhuriyet_Halk_Partisi,61,"2014 Türkiye yerel seçimleri#4;2024 Türkiye yerel seçimleri#113;2024 Türkiye yerel seçimleri#121;2024 Türkiye yerel seçimleri#136;2024 Türkiye yerel seçimleri#17;2024 Türkiye yerel seçimleri#33;2024 Türkiye yerel seçimleri#4;2024 Türkiye yerel seçimleri#63;Ankara Büyükşehir Belediyesi#1;Ankara Büyükşehir Belediyesi#7;Ankara Büyükşehir BelediyesiCard#5;Ankara Spor Salonu#2;Ankara#199;Ankara#200;AnkaraCard#7;Anıtkabir#18;Anıtkabir#5;AyaşCard#5;BeypazarıCard#5;Elmadağ, AnkaraCard#3;GüdülCard#5;HaymanaCard#5;KalecikCard#5;Kurtuluş Savaşı Müzesi#10;Mansur Yavaş#13;Mansur Yavaş#14;Mansur Yavaş#18;Mansur Yavaş#19;Mansur Yavaş#20;Mansur Yavaş#27;Mansur Yavaş#3;Mansur Yavaş#5;Mansur YavaşCard#4;Milliyetçi Hareket Partisi#53;Milliyetçi Hareket Partisi#59;Milliyetçi Hareket Partisi#73;Milliyetçi Hareket Partisi#76;Milliyetçi Hareket Partisi#8;Mustafa Kemal Atatürk#564;Mustafa Kemal Atatürk#618;Mustafa Kemal Atatürk#636;Mustafa Kemal Atatürk#8;Mustafa Kemal AtatürkCard#12;Niğde#10;Orta Doğu Teknik Üniversitesi#346;PolatlıCard#5;Söğütözü#2;Türkiye Büyük Millet Meclisi#102;Türkiye Büyük Millet Meclisi#170;Türkiye Büyük Millet Meclisi#205;Türkiye Büyük Millet Meclisi#210;Türkiye İstatistik Kurumu#6;Türkiye#156;Türkiye#159;Yeniden Refah Partisi#15;YenimahalleCard#5;İzmirCard#6;ŞereflikoçhisarCard#5"
22 Mayıs 2010,https://tr.wikipedia.org/wiki/Cumhuriyet_Halk_Partisi_33._Ola%C4%9Fan_Kurultay%C4%B1,1,Cumhuriyet Halk Partisi#89
38. Olağan Kurultay,https://tr.wikipedia.org/wiki/Cumhuriyet_Halk_Partisi_38._Ola%C4%9Fan_Kurultay%C4%B1,2,Cumhuriyet Halk Partisi#106;Cumhuriyet Halk Partisi#107
kurultayda,https://tr.wikipedia.org/wiki/Cumhuriyet_Halk_Partisi_6._Ola%C4%9Fan%C3%BCst%C3%BC_Kurultay%C4%B1,1,Cumhuriyet Halk Partisi#64
CHP Gençlik Kolları,https://tr.wikipedia.org/wiki/Cumhuriyet_Halk_Partisi_Gen%C3%A7lik_Kollar%C4%B1,2,Cumhuriyet Halk Partisi#139;Cumhuriyet Halk PartisiCard#15
CHP Genel Başkanı,https://tr.wikipedia.org/wiki/Cumhuriyet_Halk_Partisi_genel_ba%C5%9Fkanlar%C4%B1_listesi,2,2024 Türkiye yerel seçimleri#5;Cumhuriyet Halk Partisi#7
genel sekreteri,https://tr.wikipedia.org/wiki/Cumhuriyet_Halk_Partisi_genel_sekreterleri_listesi,1,Cumhuriyet Halk Partisi#7
Cumhuriyet Müzesi,https://tr.wikipedia.org/wiki/Cumhuriyet_M%C3%BCzesi,4,Ankara#103;Kurtuluş Savaşı Müzesi#10;Mustafa Kemal Atatürk#870;Türkiye Büyük Millet Meclisi#255
Cumhuriyet Döneminin,https://tr.wikipedia.org/wiki/Cumhuriyet_d%C3%B6nemi_T%C3%BCrk_edebiyat%C4%B1,1,Türkçe#198
1923,https://tr.wikipedia.org/wiki/Cumhuriyetin_ilan%C4%B1,1,Türkiye Futbol Şampiyonası#8
cunta,https://tr.wikipedia.org/wiki/Cunta,2,Augustus#82;Orta Doğu Teknik Üniversitesi#22
Curia,https://tr.wikipedia.org/wiki/Curia,1,Augustus#214
Cyropaedia,https://tr.wikipedia.org/wiki/Cyropaedia,1,II. Kiros#194
D'Hondt yöntemli,https://tr.wikipedia.org/wiki/D%27Hondt_y%C3%B6ntemi,1,Türkiye Büyük Millet MeclisiCard#16
Damad Ferid Paşa,https://tr.wikipedia.org/wiki/D%C3%A2mad_Ferid_Pa%C5%9Fa,4,Mustafa Kemal Atatürk#289;Mustafa Kemal Atatürk#385;Türk Kurtuluş Savaşı Batı Cephesi#201;Türkiye Büyük Millet Meclisi#68
Dânişmend Gazi,https://tr.wikipedia.org/wiki/D%C3%A2ni%C5%9Fmend_Gazi,2,Ankara#54;Sivas#20
Danişmendliler,https://tr.wikipedia.org/wiki/D%C3%A2ni%C5%9Fmendliler_Beyli%C4%9Fi,13,Anadolu Selçuklu Devleti#2;Anadolu Selçuklu Devleti#33;Anadolu Selçuklu Devleti#394;Anadolu Selçuklu Devleti#77;Anadolu Selçuklu Devleti#90;Bizans İmparatorluğu#247;Büyük Selçuklu İmparatorluğu#2;Germiyanoğulları Beyliği#2;Karamanoğulları Beyliği#27;Osmanlı İmparatorluğu#2;Selçuklu Hanedanı#2;Sivas#20;Timur İmparatorluğu#2
Dânişmendnâme,https://tr.wikipedia.org/wiki/D%C3%A2ni%C5%9Fmendn%C3%A2me,1,Dânişmend Gazi#3
Dârül-Fünun,https://tr.wikipedia.org/wiki/D%C3%A2r%C3%BCl-F%C3%BCnun,1,Üniversite#37
Dîvânü Lugati't-Türk,https://tr.wikipedia.org/wiki/D%C3%AEv%C3%A2n%C3%BC_Lugati%27t-T%C3%BCrk,1,Höyük#3
Divan-ı Hümayun,https://tr.wikipedia.org/wiki/D%C3%AEv%C3%A2n-%C4%B1_H%C3%BCm%C3%A2yun,5,Anıtkabir#305;I. Bayezid#129;Meclis-i MebûsanCard#4;Osmanlı İmparatorluğu#319;Osmanlı İmparatorluğu#623
Dîvânu Lugâti't-Türk,https://tr.wikipedia.org/wiki/D%C3%AEv%C3%A2nu_Lug%C3%A2ti%27t-T%C3%BCrk,4,Davul#5;Osmanlı İmparatorluğu#61;Türkçe#118;Türkçe#72
Döğer boyuna,https://tr.wikipedia.org/wiki/D%C3%B6%C4%9Fer_boyu,1,Artuk Bey#2
Döllük,"https://tr.wikipedia.org/wiki/D%C3%B6ll%C3%BCk,_%C5%9Eark%C4%B1%C5%9Fla",2,Şarkışla#170;Şarkışla#18
Dördüncü Fitne,https://tr.wikipedia.org/wiki/D%C3%B6rd%C3%BCnc%C3%BC_Fitne,1,Mutasım#8
Dördüncü Haçlı Seferi,https://tr.wikipedia.org/wiki/D%C3%B6rd%C3%BCnc%C3%BC_Ha%C3%A7l%C4%B1_Seferi,5,Antik Roma#67;Bizans İmparatorluğu#14;Bizans İmparatorluğu#356;I. Alâeddin Keykubad#11;İstanbul#70
Dört İmparator Yılı,https://tr.wikipedia.org/wiki/D%C3%B6rt_%C4%B0mparator_Y%C4%B1l%C4%B1,1,Augustus#24
halifelerinin,https://tr.wikipedia.org/wiki/D%C3%B6rt_Halife,1,Osmanlı İmparatorluğu#343
Dörtlü Takrir,https://tr.wikipedia.org/wiki/D%C3%B6rtl%C3%BC_Takrir,1,Cumhuriyet Halk Partisi#42
Dörtyol,"https://tr.wikipedia.org/wiki/D%C3%B6rtyol,_Hatay",1,Şarkışla#128
dövüş sanatları,https://tr.wikipedia.org/wiki/D%C3%B6v%C3%BC%C5%9F_sanatlar%C4%B1,2,Güreş#2;Tekvando#1
dövüş sporudur,https://tr.wikipedia.org/wiki/D%C3%B6v%C3%BC%C5%9F_sporu,3,Eskrim#1;Güreş#1;Tekvando#1
Düğün,https://tr.wikipedia.org/wiki/D%C3%BC%C4%9F%C3%BCn,2,Def#4;Şereflikoçhisar#29
düellolar,https://tr.wikipedia.org/wiki/D%C3%BCello,1,Eskrim#2
Dümrek,"https://tr.wikipedia.org/wiki/D%C3%BCmrek,_Sivrihisar",1,Frigler#118
Dünya,https://tr.wikipedia.org/wiki/D%C3%BCnya,2,Kimmerler#62;Orman#2
Dünya Anıtlar Fonu,https://tr.wikipedia.org/wiki/D%C3%BCnya_An%C4%B1tlar_Fonu,1,Augustus Tapınağı#4
Uluslararası Atletizm Federasyonları Birliği,https://tr.wikipedia.org/wiki/D%C3%BCnya_Atletizm_Birli%C4%9Fi,1,Atletizm#73
Dünya Bankası,https://tr.wikipedia.org/wiki/D%C3%BCnya_Bankas%C4%B1,2,Orta Doğu Teknik Üniversitesi#112;Orta Doğu Teknik Üniversitesi#124
Dünya Güreş Birliği,https://tr.wikipedia.org/wiki/D%C3%BCnya_G%C3%BCre%C5%9F_Birli%C4%9Fi,3,Güreş#27;Güreş#65;GüreşCard#1
Dünya Mirası,https://tr.wikipedia.org/wiki/D%C3%BCnya_Miras%C4%B1,3,Efes#7;II. Kiros#160;İzmir#184
UNESCO Dünya Mirası,https://tr.wikipedia.org/wiki/D%C3%BCnya_Miras%C4%B1_listesi,3,Arslanhane Camii#3;Arslanhane Camii#9;Konya#3
Dünya Plaj Güreşi Şampiyonası,https://tr.wikipedia.org/wiki/D%C3%BCnya_Plaj_G%C3%BCre%C5%9Fi_%C5%9Eampiyonas%C4%B1,1,Güreş#64
UNWTO,https://tr.wikipedia.org/wiki/D%C3%BCnya_Turizm_%C3%96rg%C3%BCt%C3%BC,1,Turizm#14
dünyanın en çok ziyaret edilen dördüncü,https://tr.wikipedia.org/wiki/D%C3%BCnya_turizm_s%C4%B1ralamas%C4%B1,2,Türkiye#20;Türkiye#274
Dünyanın Yedi Harikası,https://tr.wikipedia.org/wiki/D%C3%BCnyan%C4%B1n_Yedi_Harikas%C4%B1,2,Antik Yunanistan#271;Efes#8
Dünyanın yedi harikasından,https://tr.wikipedia.org/wiki/D%C3%BCnyan%C4%B1n_yedi_harikas%C4%B1,1,Efes#51
Dürrizâde Abdullah,https://tr.wikipedia.org/wiki/D%C3%BCrrizade_Abdullah_Beyefendi,1,Türk Kurtuluş Savaşı#116
Düyun-u Umumiye,https://tr.wikipedia.org/wiki/D%C3%BCy%C3%BBn-%C4%B1_Um%C3%BBmiye,1,Türkiye#84
Düzce,https://tr.wikipedia.org/wiki/D%C3%BCzce,1,Karadeniz Bölgesi#8
düzenli ordu,https://tr.wikipedia.org/wiki/D%C3%BCzenli_ordu,2,Türk Kurtuluş Savaşı Batı Cephesi#13;Türk Kurtuluş Savaşı#9
Düzmece Mustafa İsyanı,https://tr.wikipedia.org/wiki/D%C3%BCzmece_Mustafa_%C4%B0syan%C4%B1,1,Osmanlı İmparatorluğu#151
dış borçlanmaya,https://tr.wikipedia.org/wiki/D%C4%B1%C5%9F_bor%C3%A7,1,Türkiye#81
dış ticaret,https://tr.wikipedia.org/wiki/D%C4%B1%C5%9F_ticaret,1,Ticaret#34
dış ticaret politikasının,https://tr.wikipedia.org/wiki/D%C4%B1%C5%9F_ticaret_politikas%C4%B1,1,Türkiye#248
Ekspresyonizm,https://tr.wikipedia.org/wiki/D%C4%B1%C5%9Favurumculuk,1,Türkiye#363
Dımaşk,https://tr.wikipedia.org/wiki/D%C4%B1ma%C5%9Fk,1,Artuk Bey#40
D-8,https://tr.wikipedia.org/wiki/D-8_Ekonomik_%C4%B0%C5%9Fbirli%C4%9Fi_Te%C5%9Fkilat%C4%B1,1,Türkiye#174
Ankara U:(https://tr.wikipedia.org/wiki/Ankara_(il))___ ilinin kuzey kısmında yer alan bir ilçesidir. ___E:E5,https://tr.wikipedia.org/wiki/D_100,2,Kızılcahamam#1;Yenimahalle#17
Ankara-Eskişehir yolu,https://tr.wikipedia.org/wiki/D_200,2,Orta Doğu Teknik Üniversitesi#130;Orta Doğu Teknik Üniversitesi#257
D Grubu,https://tr.wikipedia.org/wiki/D_Grubu,1,Türkiye#364
Daçya,https://tr.wikipedia.org/wiki/Da%C3%A7ya,1,Antik Roma#50
dağlarından,https://tr.wikipedia.org/wiki/Da%C4%9F,2,Anadolu#1;Dicle#2
Dağıstan,https://tr.wikipedia.org/wiki/Da%C4%9F%C4%B1stan,3,Kafkasya#26;Kafkasya#32;Kimmerler#72
Dağ Han,https://tr.wikipedia.org/wiki/Da%C4%9F_Han,1,Osmanlı İmparatorluğu#40
dağ bisikleti,https://tr.wikipedia.org/wiki/Da%C4%9F_bisikleti,1,Bisiklet#36
Dakka,https://tr.wikipedia.org/wiki/Dakka,2,Mustafa Kemal Atatürk#846;İstanbul#630
Dalmaçya,https://tr.wikipedia.org/wiki/Dalma%C3%A7ya,7,Augustus#271;Bizans İmparatorluğu#209;Bizans İmparatorluğu#288;Bizans İmparatorluğu#415;Osmanlı İmparatorluğu#201;Osmanlı İmparatorluğu#225;Roma İmparatorluğu#420
Dalmaçya,https://tr.wikipedia.org/wiki/Dalma%C3%A7yaca,1,Bizans İmparatorluğu#478
damıtılmış alkollü içkiler,https://tr.wikipedia.org/wiki/Dam%C4%B1t%C4%B1lm%C4%B1%C5%9F_i%C3%A7ki,2,Şarap#114;Şarap#74
Damat Ferit Paşa,https://tr.wikipedia.org/wiki/Damad_Ferid_Pa%C5%9Fa,1,Lozan Antlaşması#4
Damgan,https://tr.wikipedia.org/wiki/Damgan,1,Timur#135
Damgan,https://tr.wikipedia.org/wiki/Damgan_%C5%9Fehristan%C4%B1,1,Büyük Selçuklu İmparatorluğu#47
Dan Gibson,https://tr.wikipedia.org/wiki/Dan_Gibson,1,İslam devleti#19
Dandanakan Muharebesi,https://tr.wikipedia.org/wiki/Dandanakan_Muharebesi,3,Anadolu Selçuklu Devleti#9;Büyük Selçuklu İmparatorluğu#30;Selçuklu Hanedanı#13
Danişmendler,https://tr.wikipedia.org/wiki/Dani%C5%9Fmend,1,Şarkışla#28
Danişmendliler,https://tr.wikipedia.org/wiki/Dani%C5%9Fmendliler,1,Dânişmend Gazi#1
Danişmendliler,https://tr.wikipedia.org/wiki/Dani%C5%9Fmendliler_Beyli%C4%9Fi,2,Afşin#30;Çorum#12
Danimarka,https://tr.wikipedia.org/wiki/Danimarka,3,Anıtkabir#268;Başkent#43;Şarkışla#82
askerî darbeleri,https://tr.wikipedia.org/wiki/Darbe,1,Türkiye#115
Dareikos,https://tr.wikipedia.org/wiki/Dareikos,1,Ahameniş İmparatorluğuCard#34
Darende,https://tr.wikipedia.org/wiki/Darende,2,Ankara Muharebesi#30;Sivas#85
Darlık,https://tr.wikipedia.org/wiki/Darl%C4%B1k_Baraj%C4%B1,1,İstanbul#201
Darphanede,https://tr.wikipedia.org/wiki/Darphane,3,Madenî para#49;Madenî para#87;Madenî para#89
darphanesi,https://tr.wikipedia.org/wiki/Darphane_ve_Damga_Matbaas%C4%B1_Genel_M%C3%BCd%C3%BCrl%C3%BC%C4%9F%C3%BC,1,Anıtkabir#307
Daryal Geçidi,https://tr.wikipedia.org/wiki/Daryal_Bo%C4%9Faz%C4%B1,2,Kafkasya#18;Kafkasya#36
Daskileion,https://tr.wikipedia.org/wiki/Daskileion,2,Frigler#77;Gordion#30
Davdanlı,"https://tr.wikipedia.org/wiki/Davdanl%C4%B1,_Bala",1,Balâ#27
David Ben-Gurion,https://tr.wikipedia.org/wiki/David_Ben-Gurion,1,II. Kiros#162
David Lloyd George,https://tr.wikipedia.org/wiki/David_Lloyd_George,12,Lozan Antlaşması#27;Mustafa Kemal Atatürk#432;Mustafa Kemal Atatürk#465;Mustafa Kemal Atatürk#518;Türk Kurtuluş Savaşı Batı Cephesi#20;Türk Kurtuluş Savaşı Batı Cephesi#455;Türk Kurtuluş Savaşı Batı Cephesi#503;Türk Kurtuluş Savaşı Batı Cephesi#8;Türk Kurtuluş Savaşı Batı Cephesi#954;Türk Kurtuluş Savaşı#188;Türk Kurtuluş Savaşı#71;Türkiye#102
David Neil MacKenzie,https://tr.wikipedia.org/wiki/David_Neil_MacKenzie,2,Medler#101;Medler#110
David Nicolle,https://tr.wikipedia.org/wiki/David_Nicolle,1,Malazgirt Meydan Muharebesi#80
Davud,https://tr.wikipedia.org/wiki/Davud,2,Hititler#25;Hititler#257
davul,https://tr.wikipedia.org/wiki/Davul,3,Ankara#121;Balâ#33;Def#6
Dazimon Muharebesi,https://tr.wikipedia.org/wiki/Dazimon_Muharebesi,1,Mutasım#54
değirmen,https://tr.wikipedia.org/wiki/De%C4%9Firmen,1,Ankara Muharebesi#152
Deşt-i Kıpçak,https://tr.wikipedia.org/wiki/De%C5%9Ft-i_K%C4%B1p%C3%A7ak,2,Timur İmparatorluğu#25;Timur#171
de facto,https://tr.wikipedia.org/wiki/De_facto,1,Augustus#334
Debisi,https://tr.wikipedia.org/wiki/Debi,3,Dicle#3;Kızılırmak#16;Sakarya Nehri#15
Debre-i Bâlâ,https://tr.wikipedia.org/wiki/Debre_Sanca%C4%9F%C4%B1,1,Mustafa Kemal Atatürk#47
Deccal,https://tr.wikipedia.org/wiki/Deccal,1,Mustafa Kemal Atatürk#857
Decimus Brutus,https://tr.wikipedia.org/wiki/Decimus_Junius_Brutus_Albinus,2,Augustus#64;Augustus#77
Dedeağaç,https://tr.wikipedia.org/wiki/Dedea%C4%9Fa%C3%A7,1,Mustafa Kemal Atatürk#170
Dedesli Ovası,https://tr.wikipedia.org/wiki/Dedesli_Ovas%C4%B1,1,Çorum#22
deftir,https://tr.wikipedia.org/wiki/Def,1,Ankara#121
defne,https://tr.wikipedia.org/wiki/Defne,2,Orman#45;Orman#70
Defterdar,https://tr.wikipedia.org/wiki/Defterdar,3,I. Murad#137;Osmanlı İmparatorluğu#316;Osmanlı İmparatorluğu#403
Dehistân,https://tr.wikipedia.org/wiki/Dehistan,1,Büyük Selçuklu İmparatorluğu#49
Deioces,https://tr.wikipedia.org/wiki/Deioces,2,Medler#50;MedlerCard#7
Dejan Bodiroga,https://tr.wikipedia.org/wiki/Dejan_Bodiroga,1,2001 Avrupa Basketbol Şampiyonası#5
dekandır,https://tr.wikipedia.org/wiki/Dekan,2,Orta Doğu Teknik Üniversitesi#214;Üniversite#8
dekatlon,https://tr.wikipedia.org/wiki/Dekatlon,1,Atletizm#78
Delfi,https://tr.wikipedia.org/wiki/Delfi,6,Antik Yunanistan#240;Antik Yunanistan#244;Frigler#66;Tektosaglar#5;İskender#61;İstanbul#398
Delhi,https://tr.wikipedia.org/wiki/Delhi,1,İstanbul#629
Delhi Sultanlığı,https://tr.wikipedia.org/wiki/Delhi_Sultanl%C4%B1%C4%9F%C4%B1,10,Anadolu Selçuklu Devleti#2;Büyük Selçuklu İmparatorluğu#2;Germiyanoğulları Beyliği#2;Karamanoğulları Beyliği#27;Osmanlı İmparatorluğu#2;Selçuklu Hanedanı#2;Timur İmparatorluğu#2;Timur İmparatorluğu#23;Timur İmparatorluğu#27;Timur#10
Delice Irmağı,https://tr.wikipedia.org/wiki/Delice_Irma%C4%9F%C4%B1,3,Ankara Muharebesi#94;Kızılırmak#1;Kızılırmak#6
delice doğan,https://tr.wikipedia.org/wiki/Delice_do%C4%9Fan,1,İstanbul#182
Deliorman,https://tr.wikipedia.org/wiki/Deliorman,1,Türkçe#39
Delos,https://tr.wikipedia.org/wiki/Delos,1,Ahameniş İmparatorluğu#120
demir,https://tr.wikipedia.org/wiki/Demir,5,Gıda#15;Madenî para#45;Tunç Çağı#5;Türkiye#256
Demir Çağı,https://tr.wikipedia.org/wiki/Demir_%C3%87a%C4%9F%C4%B1,9,Anadolu#5;Anadolu#53;Frigler#32;Gordion#6;Hititler#124;Kimmerler#29;Medler#1;Türkiye#33;İzmir#29
Demir Haç,https://tr.wikipedia.org/wiki/Demir_Ha%C3%A7,1,Mustafa Kemal Atatürk#233
Demirci,https://tr.wikipedia.org/wiki/Demirci,1,Türk Kurtuluş Savaşı Batı Cephesi#582
Demirciören,"https://tr.wikipedia.org/wiki/Demirci%C3%B6ren,_K%C4%B1z%C4%B1lcahamam",1,Kızılcahamam#8
Demirci Mehmet Efe,https://tr.wikipedia.org/wiki/Demirci_Mehmet_Efe,1,Mustafa Kemal Atatürk#455
Demirci Höyük,https://tr.wikipedia.org/wiki/Demircih%C3%B6y%C3%BCk,1,Anadolu Medeniyetleri Müzesi#28
demiryollarının,https://tr.wikipedia.org/wiki/Demiryollar%C4%B1,1,Osmanlı İmparatorluğu#429
Demir yollarını,https://tr.wikipedia.org/wiki/Demiryolu,1,Sakarya Meydan Muharebesi#38
hattın açıklığı,https://tr.wikipedia.org/wiki/Demiryolu_hat_a%C3%A7%C4%B1kl%C4%B1%C4%9F%C4%B1,1,Demiryolu ulaşımı#4
ray,https://tr.wikipedia.org/wiki/Demiryolu_hatt%C4%B1,2,Demiryolu ulaşımı#2;Demiryolu ulaşımı#9
demiryolu,https://tr.wikipedia.org/wiki/Demiryolu_ula%C5%9F%C4%B1m%C4%B1,2,Ankara#15;İstanbul#614
demografik,https://tr.wikipedia.org/wiki/Demografi,5,Anadolu#68;Ankara Muharebesi#256;Ankara Muharebesi#28;Osmanlı İmparatorluğu#420;Türkiye#125
demokrasi,https://tr.wikipedia.org/wiki/Demokrasi,5,Antik Roma#2;Antik Roma#89;Antik Yunanistan#53;Başkent#4;Türkiye#16
Demokrasi ve Atılım Partisi,https://tr.wikipedia.org/wiki/Demokrasi_ve_At%C4%B1l%C4%B1m_Partisi,3,2024 Türkiye yerel seçimleri#94;Adalet ve Kalkınma Partisi#80;Adalet ve Kalkınma PartisiCard#10
demokratik,https://tr.wikipedia.org/wiki/Demokratik,1,Batı dünyası#3
Demokratik Gelişim Partisi,https://tr.wikipedia.org/wiki/Demokratik_Geli%C5%9Fim_Partisi,1,Adalet ve Kalkınma PartisiCard#10
DSP,https://tr.wikipedia.org/wiki/Demokratik_Sol_Parti,7,2024 Türkiye yerel seçimleri#53;Cumhuriyet Halk Partisi#70;Milliyetçi Hareket Partisi#10;Milliyetçi Hareket Partisi#49;Milliyetçi Hareket Partisi#56;Türkiye Büyük Millet Meclisi#205;Türkiye#156
Demokratik gerileme,https://tr.wikipedia.org/wiki/Demokratik_gerileme,1,İzmir#192
Demokratik Sol,https://tr.wikipedia.org/wiki/Demokratik_sol,1,Cumhuriyet Halk Partisi#60
Demokratik sosyalizm,https://tr.wikipedia.org/wiki/Demokratik_sosyalizm,1,Cumhuriyet Halk PartisiCard#18
Demosthenes,https://tr.wikipedia.org/wiki/Demosthenes,2,Antik Yunanistan#116;Antik Yunanistan#26
denarius,https://tr.wikipedia.org/wiki/Denarius,7,Antik Roma#143;Augustus#57;Bizans İmparatorluğuCard#34;Malazgirt Meydan Muharebesi#89;Roma İmparatorluğuCard#17
deneyciliğine,https://tr.wikipedia.org/wiki/Deneycilik,1,Bizans İmparatorluğu#80
denge aleti,https://tr.wikipedia.org/wiki/Denge_aleti,1,Jimnastik#4
Denis Johnson,https://tr.wikipedia.org/wiki/Denis_Johnson,1,Bisiklet#16
deniz,https://tr.wikipedia.org/wiki/Deniz,2,Orman#19;Çapa (denizcilik)#1
Deniz Baykal,https://tr.wikipedia.org/wiki/Deniz_Baykal,5,Cumhuriyet Halk Partisi#12;Cumhuriyet Halk Partisi#71;Cumhuriyet Halk Partisi#74;Türkiye Büyük Millet Meclisi#205;Türkiye Büyük Millet Meclisi#208
kasetin,https://tr.wikipedia.org/wiki/Deniz_Baykal_kaset_skandal%C4%B1,1,Cumhuriyet Halk Partisi#89
Deniz Gezmiş,https://tr.wikipedia.org/wiki/Deniz_Gezmi%C5%9F,4,Gemerek#3;Orta Doğu Teknik Üniversitesi#247;Orta Doğu Teknik Üniversitesi#295;Ulucanlar Cezaevi Müzesi#8
Bahriye,https://tr.wikipedia.org/wiki/Deniz_Harp_Okulu,2,Türkiye Futbol Şampiyonası#11;İstanbul#510
Deniz Kılıçlı,https://tr.wikipedia.org/wiki/Deniz_K%C4%B1l%C4%B1%C3%A7l%C4%B1,1,Türkiye millî basketbol takımı#152
Deniz Halkları,https://tr.wikipedia.org/wiki/Deniz_Kavimleri,2,Tunç Çağı#24
Bahriye Mektebi,https://tr.wikipedia.org/wiki/Deniz_Lisesi,2,Osmanlı İmparatorluğu#370;İstanbul#509
deniz kabuğu,https://tr.wikipedia.org/wiki/Deniz_kabu%C4%9Fu,1,Madenî para#10
denizaltı,https://tr.wikipedia.org/wiki/Denizalt%C4%B1,2,Türk Kurtuluş Savaşı#59;İstanbul#441
denizcilik,https://tr.wikipedia.org/wiki/Denizcilik,2,Ticaret#73;Çapa (denizcilik)#1
Denizli,https://tr.wikipedia.org/wiki/Denizli,8,Anadolu Selçuklu Devleti#95;Ankara Muharebesi#214;Germiyanoğulları Beyliği#120;Heyet-i Temsiliye#28;Orta Doğu Teknik Üniversitesi#69;Timur#464;Türk Kurtuluş Savaşı Batı Cephesi#666;İzmir#240
Denizli,https://tr.wikipedia.org/wiki/Denizli_B%C3%BCy%C3%BCk%C5%9Fehir_Belediyesi,2,Büyükşehir belediyesi#18;Cumhuriyet Halk Partisi#110
depreme,https://tr.wikipedia.org/wiki/Deprem,1,Augustus Tapınağı#4
Derbend,"https://tr.wikipedia.org/wiki/Derbent,_Da%C4%9F%C4%B1stan",2,Kimmerler#5;Timur#203
Derbent,https://tr.wikipedia.org/wiki/Derbent_Baraj%C4%B1,1,Kızılırmak#35
°,https://tr.wikipedia.org/wiki/Derece,2,Ankara#82;Konya#59
Derekışla,"https://tr.wikipedia.org/wiki/Derek%C4%B1%C5%9Fla,_Bala",1,Balâ#27
Giresun U:(https://tr.wikipedia.org/wiki/Giresun_(il))___ 'un ___E:Dereli,https://tr.wikipedia.org/wiki/Dereli,1,Karadeniz Bölgesi#63
deri,https://tr.wikipedia.org/wiki/Deri,3,Ahameniş İmparatorluğu#312;Davul#2;İstanbul#256
Derinkuyu,https://tr.wikipedia.org/wiki/Derinkuyu_Yeralt%C4%B1_%C5%9Eehri,1,Kapadokya#50
Derne Muharebesi,https://tr.wikipedia.org/wiki/Derne_Muharebeleri,1,Mustafa Kemal Atatürk#120
Dersim İsyanı,https://tr.wikipedia.org/wiki/Dersim_%C4%B0syan%C4%B1,1,Türkiye#108
derviş,https://tr.wikipedia.org/wiki/Dervi%C5%9F,1,"Çubuk, Ankara#27"
despot,https://tr.wikipedia.org/wiki/Despot,1,Augustus#173
Dev,https://tr.wikipedia.org/wiki/Dev,1,Ankara tavşanı#6
devşirilen,https://tr.wikipedia.org/wiki/Dev%C5%9Firme,1,Osmanlı İmparatorluğu#12
Develi,https://tr.wikipedia.org/wiki/Develi,1,Ankara Muharebesi#29
devlet,https://tr.wikipedia.org/wiki/Devlet,3,Adalet ve Kalkınma Partisi#99;Gazi Üniversitesi#1;İslam devleti#2
devletçilik,https://tr.wikipedia.org/wiki/Devlet%C3%A7ilik,2,Cumhuriyet Halk Partisi#31;Cumhuriyet Halk Partisi#5
Devlet Şah Hatun,https://tr.wikipedia.org/wiki/Devlet%C5%9Fah_Hatun,2,Germiyanoğulları Beyliği#88;I. BayezidCard#7
Devlet,https://tr.wikipedia.org/wiki/Devlet_%C3%BCniversitesi,4,Gazi ÜniversitesiCard#3;Orta Doğu Teknik Üniversitesi#1;Orta Doğu Teknik Üniversitesi#97;Orta Doğu Teknik ÜniversitesiCard#3
Devlet Bahçeli,https://tr.wikipedia.org/wiki/Devlet_Bah%C3%A7eli,8,2024 Türkiye yerel seçimleri#48;Milliyetçi Hareket Partisi#4;Milliyetçi Hareket Partisi#45;Milliyetçi Hareket Partisi#51;Milliyetçi Hareket Partisi#6;Milliyetçi Hareket Partisi#62;Milliyetçi Hareket PartisiCard#2
Devlet Hatun,https://tr.wikipedia.org/wiki/Devlet_Hatun,2,I. BayezidCard#7;I. Murad#76
DHMİ,https://tr.wikipedia.org/wiki/Devlet_Hava_Meydanlar%C4%B1_%C4%B0%C5%9Fletmesi,3,Ankara Esenboğa Havalimanı#18;Ankara Esenboğa Havalimanı#3;Ankara Esenboğa Havalimanı#30
Devlet Mahallesi/1910 Ankaragücü,https://tr.wikipedia.org/wiki/Devlet_Mahallesi/1910_Ankarag%C3%BCc%C3%BC,1,Eryaman Stadyumu#10
Devlet Mezarlığı,https://tr.wikipedia.org/wiki/Devlet_Mezarl%C4%B1%C4%9F%C4%B1,5,Ankara#103;Anıtkabir#78;Atatürk Orman Çiftliği#22;Atatürk Orman Çiftliği#3;Atatürk Orman ÇiftliğiCard#2
"evin bir benzeri U:(https://tr.wikipedia.org/wiki/Atat%C3%BCrk_Evi_M%C3%BCzesi_(Selanik))___ , tarihî ___E:Karadeniz Havuzu",https://tr.wikipedia.org/wiki/Devlet_Mezarl%C4%B1%C4%9F%C4%B1#Karadeniz_Havuzu,1,Atatürk Orman Çiftliği#3
Devlet Planlama Teşkilatı,https://tr.wikipedia.org/wiki/Devlet_Planlama_Te%C5%9Fkilat%C4%B1,2,Gazi Üniversitesi#74;Orta Doğu Teknik Üniversitesi#76
devlet,https://tr.wikipedia.org/wiki/Devlet_ba%C5%9Fkan%C4%B1,2,Osmanlı İmparatorluğu#342;Türkiye#158
devlet dini,https://tr.wikipedia.org/wiki/Devlet_dini,3,Bizans İmparatorluğu#3;Türkiye#332;İslam devleti#9
devlet terörü,https://tr.wikipedia.org/wiki/Devlet_ter%C3%B6r%C3%BC,1,Cumhuriyet Halk Partisi#129
Devol Antlaşması,https://tr.wikipedia.org/wiki/Devol_Antla%C5%9Fmas%C4%B1,1,Bizans İmparatorluğu#240
Devrez,https://tr.wikipedia.org/wiki/Devrez,1,Kızılırmak#1
Devrim Stadyumu,https://tr.wikipedia.org/wiki/Devrim_Stadyumu,2,Orta Doğu Teknik Üniversitesi#161;Orta Doğu Teknik Üniversitesi#212
Dev-Genç,https://tr.wikipedia.org/wiki/Devrimci_Gen%C3%A7lik,1,Orta Doğu Teknik Üniversitesi#284
devrimcilik,https://tr.wikipedia.org/wiki/Devrimcilik,1,Cumhuriyet Halk Partisi#31
Deylemli,https://tr.wikipedia.org/wiki/Deylem,1,Anadolu Selçuklu Devleti#323
diadem,https://tr.wikipedia.org/wiki/Diadem,1,Augustus#213
bir dizi iç savaş ve taht kavgaları,https://tr.wikipedia.org/wiki/Diadohi_Sava%C5%9Flar%C4%B1,1,İskender#11
Diadohoiler,https://tr.wikipedia.org/wiki/Diadohoi,2,Ahameniş İmparatorluğu#236;İskender#11
Dicle,https://tr.wikipedia.org/wiki/Dicle,7,Ahameniş İmparatorluğu#335;Ankara#46;Fırat#24;II. Kiros#272;Septimius Severus#4;Timur#190;Türkiye#215
Dicle,https://tr.wikipedia.org/wiki/Dicle_Baraj%C4%B1,1,Dicle#32
Dicle Irmağı,https://tr.wikipedia.org/wiki/Dicle_Irma%C4%9F%C4%B1,1,Asur#1
Dicle Nehri,https://tr.wikipedia.org/wiki/Dicle_Nehri,1,Fırat#4
Didius Julianus,https://tr.wikipedia.org/wiki/Didius_Julianus,3,Julianus#4;Septimius Severus#17;Septimius SeverusCard#2
difteri,https://tr.wikipedia.org/wiki/Difteri,1,Mustafa Kemal Atatürk#782
Dikilitaş,https://tr.wikipedia.org/wiki/Dikilita%C5%9F,2,Julianus Sütunu#1;Julianus SütunuCard#2
Dikmen,"https://tr.wikipedia.org/wiki/Dikmen,_%C3%87ankaya",1,Balâ#28
Roma diktatörlüğü,https://tr.wikipedia.org/wiki/Diktat%C3%B6rl%C3%BCk,3,Augustus#10;Augustus#35;Augustus#4
dil,https://tr.wikipedia.org/wiki/Dil,4,Anadolu#6;Antik Roma#8;Türkçe#1;Türkçe#179
Dil Devrimi,https://tr.wikipedia.org/wiki/Dil_Devrimi,3,Cumhuriyet Halk Partisi#29;Mustafa Kemal Atatürk#40;Türkçe#339
dil tarihçileri,https://tr.wikipedia.org/wiki/Dilbilim,1,Lidyalılar#5
Dilmaçoğulları,https://tr.wikipedia.org/wiki/Dilma%C3%A7o%C4%9Fullar%C4%B1_Beyli%C4%9Fi,7,Anadolu Selçuklu Devleti#2;Büyük Selçuklu İmparatorluğu#2;Germiyanoğulları Beyliği#2;Karamanoğulları Beyliği#27;Osmanlı İmparatorluğu#2;Selçuklu Hanedanı#2;Timur İmparatorluğu#2
Dimetoka,https://tr.wikipedia.org/wiki/Dimetoka,4,Germiyanoğulları Beyliği#58;I. Murad#40;I. Murad#52;I. Murad#68
Dimitrios Gunaris,https://tr.wikipedia.org/wiki/Dimitrios_Gunaris,2,Türk Kurtuluş Savaşı Batı Cephesi#41;Türk Kurtuluş Savaşı Batı Cephesi#604
Dimitrios Paleologos,https://tr.wikipedia.org/wiki/Dimitrios_Paleologos,1,Bizans İmparatorluğu#327
Dimosthenis,https://tr.wikipedia.org/wiki/Dimosthenis,1,İskender#152
din,https://tr.wikipedia.org/wiki/Din,3,Antik Yunanistan#221;İskender#47;Şarap#9
dini milliyetçilik,https://tr.wikipedia.org/wiki/Din%C3%AE_milliyet%C3%A7ilik,1,İslam devleti#63
Din ve vicdan özgürlüğü,https://tr.wikipedia.org/wiki/Din_%C3%B6zg%C3%BCrl%C3%BC%C4%9F%C3%BC,1,Türkiye#332
dinar,https://tr.wikipedia.org/wiki/Dinar,1,Madenî para#71
Dinar,"https://tr.wikipedia.org/wiki/Dinar,_Afyonkarahisar",1,Germiyanoğulları Beyliği#120
Dio Chrysostom,https://tr.wikipedia.org/wiki/Dio_Hrisostom,1,Bizans İmparatorluğu#417
Diocletianus,https://tr.wikipedia.org/wiki/Diocletianus,8,Antik Roma#223;Antik Roma#359;Antik Roma#53;Bizans İmparatorluğu#40;Roma İmparatorluğu#10;Roma İmparatorluğu#12;Roma İmparatorluğu#17;Roma İmparatorluğuCard#6
"Pausanias U:(https://tr.wikipedia.org/wiki/Pausanias_(Co%C4%9Frafyac%C4%B1))___ 'ın Yunanistan'ın Tanımı , ___E:Diodorus",https://tr.wikipedia.org/wiki/Diodorus,1,Antik Yunanistan#24
Dionysos,https://tr.wikipedia.org/wiki/Dionisos,3,Midas#44;Strabon#34;Şarap#9
Dionysos,https://tr.wikipedia.org/wiki/Dionysos,3,Antik Yunanistan#239;Antik Yunanistan#265;Antik Yunanistan#280
Dionysus,https://tr.wikipedia.org/wiki/Dionysus,1,Antik Yunanistan#290
diplom,https://tr.wikipedia.org/wiki/Diplom,1,Üniversite#12
diploma,https://tr.wikipedia.org/wiki/Diploma,1,Üniversite#12
diplomasinin,https://tr.wikipedia.org/wiki/Diplomasi,1,İstanbul#66
Direniş Karatay,https://tr.wikipedia.org/wiki/Direni%C5%9F_Karatay,1,I. Alâeddin Keykubad#155
dirhem,https://tr.wikipedia.org/wiki/Dirhem,1,Madenî para#71
Diriliş Ertuğrul,https://tr.wikipedia.org/wiki/Dirili%C5%9F_Ertu%C4%9Frul,1,I. Alâeddin Keykubad#154
disk atma,https://tr.wikipedia.org/wiki/Disk_atma,1,Atletizm#77
Divânu Lügati't-Türk,https://tr.wikipedia.org/wiki/Div%C3%A2nu_L%C3%BCgati%27t-T%C3%BCrk,1,Ahilik#18
Divan,https://tr.wikipedia.org/wiki/Divan,1,I. Murad#136
Divan Edebiyatı,https://tr.wikipedia.org/wiki/Divan_edebiyat%C4%B1,2,II. Murad#1;Türkçe#322
divan sazı,https://tr.wikipedia.org/wiki/Divan_saz%C4%B1,1,Ankara#123
Divriği,https://tr.wikipedia.org/wiki/Divri%C4%9Fi,5,Ankara Muharebesi#30;Bizans İmparatorluğu#145;I. Alâeddin Keykubad#98;Sivas#7;Timur#255
Diyanet İşleri Başkanlığı,https://tr.wikipedia.org/wiki/Diyanet_%C4%B0%C5%9Fleri_Ba%C5%9Fkanl%C4%B1%C4%9F%C4%B1,3,Mustafa Kemal Atatürk#23;Türkiye#338;İstanbul#233
Diyar-ı Rum,https://tr.wikipedia.org/wiki/Diyar-%C4%B1_Rum,1,Anadolu#30
Diyarbakır,https://tr.wikipedia.org/wiki/Diyarbak%C4%B1r,17,2014 Türkiye yerel seçimleri#21;Dicle#9;Fırat#3;Julianus#26;Kimmerler#8;Kral Yolu#16;Malazgirt Meydan Muharebesi#10;Mustafa Kemal Atatürk#237;Mustafa Kemal Atatürk#238;Mustafa Kemal Atatürk#246;Mustafa Kemal Atatürk#261;Timur#203;Timur#257;Türkiye Büyük Millet Meclisi#66;Türkiye#320;İstanbul#596
Diyarbakır,https://tr.wikipedia.org/wiki/Diyarbak%C4%B1r_B%C3%BCy%C3%BCk%C5%9Fehir_Belediyesi,1,Büyükşehir belediyesi#18
Diyarbekir,https://tr.wikipedia.org/wiki/Diyarbekir,1,I. Alâeddin Keykubad#89
Diyojen,https://tr.wikipedia.org/wiki/Diyojen,2,İskender#110;İskender#239
dizel,https://tr.wikipedia.org/wiki/Dizel_motor,1,İnşaat#15
dizgin,https://tr.wikipedia.org/wiki/Dizgin,1,Kimmerler#52
Djalma Campos,https://tr.wikipedia.org/wiki/Djalma_Campos,1,Eryaman Stadyumu#6
Doçe,https://tr.wikipedia.org/wiki/Do%C3%A7e,1,Bizans İmparatorluğu#287
doçent,https://tr.wikipedia.org/wiki/Do%C3%A7ent,1,Üniversite#18
doğa bilimleri,https://tr.wikipedia.org/wiki/Do%C4%9Fa_bilimleri,1,Üniversite#2
Doğanşar,https://tr.wikipedia.org/wiki/Do%C4%9Fan%C5%9Far,1,Sivas#11
Doğan Avcıoğlu,https://tr.wikipedia.org/wiki/Do%C4%9Fan_Avc%C4%B1o%C4%9Flu,2,Anadolu Selçuklu Devleti#151;Anadolu Selçuklu Devleti#300
Doğan Hakyemez,https://tr.wikipedia.org/wiki/Do%C4%9Fan_Hakyemez,3,Türkiye millî basketbol takımı#120;Türkiye millî basketbol takımı#122;Türkiye millî basketbol takımı#124
Doğan Kuban,https://tr.wikipedia.org/wiki/Do%C4%9Fan_Kuban,1,Anıtkabir#88
DYP,https://tr.wikipedia.org/wiki/Do%C4%9Fru_Yol_Partisi,3,Büyük Birlik Partisi#21;Cumhuriyet Halk Partisi#73;Türkiye Büyük Millet Meclisi#205
doğrudan yabancı yatırım,https://tr.wikipedia.org/wiki/Do%C4%9Frudan_yabanc%C4%B1_yat%C4%B1r%C4%B1m,1,Türkiye#262
Doğuş Balbay,https://tr.wikipedia.org/wiki/Do%C4%9Fu%C5%9F_Balbay,2,Türkiye millî basketbol takımı#152;Türkiye millî basketbol takımı#42
CNBC-e Business,https://tr.wikipedia.org/wiki/Do%C4%9Fu%C5%9F_Yay%C4%B1n_Grubu,1,Orta Doğu Teknik Üniversitesi#202
Doğu Çağatay Hanlığı,https://tr.wikipedia.org/wiki/Do%C4%9Fu_%C3%87a%C4%9Fatay_Hanl%C4%B1%C4%9F%C4%B1,7,Anadolu Selçuklu Devleti#2;Büyük Selçuklu İmparatorluğu#2;Germiyanoğulları Beyliği#2;Karamanoğulları Beyliği#27;Osmanlı İmparatorluğu#2;Selçuklu Hanedanı#2;Timur İmparatorluğu#2
Doğu İran dilleri,https://tr.wikipedia.org/wiki/Do%C4%9Fu_%C4%B0ran_dilleri,3,Kimmerler#68;Kimmerler#84;Medler#114
Doğu Afrika,https://tr.wikipedia.org/wiki/Do%C4%9Fu_Afrika,1,Osmanlı İmparatorluğu#208
Doğu Akdeniz,https://tr.wikipedia.org/wiki/Do%C4%9Fu_Akdeniz,3,Bizans İmparatorluğu#356;Orta Doğu Teknik Üniversitesi#170;Şarap#33
Doğu Anadolu,https://tr.wikipedia.org/wiki/Do%C4%9Fu_Anadolu_B%C3%B6lgesi,15,Anadolu Selçuklu Devleti#14;Dicle#2;Karadeniz Bölgesi#2;Kete#1;Medler#12;Osmanlı İmparatorluğu#87;Timur#442;Türk Kurtuluş Savaşı#20;Türkiye#218;Türkiye#241;Türkiye#375;Türkiye#94;İç Anadolu Bölgesi#4;İç Anadolu Bölgesi#8;Şarap#28
Doğu Asya,https://tr.wikipedia.org/wiki/Do%C4%9Fu_Asya,1,Türkiye#75
Doğu Avrupa,https://tr.wikipedia.org/wiki/Do%C4%9Fu_Avrupa,5,Bizans İmparatorluğu#494;Kimmerler#78;Osmanlı İmparatorluğu#16;Türkçe#12;Türkçe#71
Doğu Bloğu,https://tr.wikipedia.org/wiki/Do%C4%9Fu_Bloku,1,Bizans İmparatorluğu#485
Doğu Göktürk,https://tr.wikipedia.org/wiki/Do%C4%9Fu_G%C3%B6kt%C3%BCrk_Ka%C4%9Fanl%C4%B1%C4%9F%C4%B1,7,Anadolu Selçuklu Devleti#2;Büyük Selçuklu İmparatorluğu#2;Germiyanoğulları Beyliği#2;Karamanoğulları Beyliği#27;Osmanlı İmparatorluğu#2;Selçuklu Hanedanı#2;Timur İmparatorluğu#2
Doğu Hristiyanlığı,https://tr.wikipedia.org/wiki/Do%C4%9Fu_Hristiyanl%C4%B1%C4%9F%C4%B1,1,Bizans İmparatorluğu#384
Doğu Karahanlılar,https://tr.wikipedia.org/wiki/Do%C4%9Fu_Karahanl%C4%B1lar,8,Anadolu Selçuklu Devleti#2;Büyük Selçuklu İmparatorluğu#154;Büyük Selçuklu İmparatorluğu#2;Germiyanoğulları Beyliği#2;Karamanoğulları Beyliği#27;Osmanlı İmparatorluğu#2;Selçuklu Hanedanı#2;Timur İmparatorluğu#2
Doğu Ortodoks Kilisesi,https://tr.wikipedia.org/wiki/Do%C4%9Fu_Ortodoks_Kilisesi,10,Bizans İmparatorluğu#231;Bizans İmparatorluğu#28;Bizans İmparatorluğu#349;Bizans İmparatorluğu#384;Bizans İmparatorluğu#5;I. Bayezid#131;Osmanlı İmparatorluğu#164;Osmanlı İmparatorluğu#446;Türkiye#343;İstanbul#225
Ortodoks Hristiyanlık,https://tr.wikipedia.org/wiki/Do%C4%9Fu_Ortodoksluk,1,İstanbul#71
Doğu Roma,https://tr.wikipedia.org/wiki/Do%C4%9Fu_Roma,2,Beypazarı#5;Galatlar#19
Doğu Rumeli,https://tr.wikipedia.org/wiki/Do%C4%9Fu_Rumeli,1,Türkçe#39
Doğu Slavları,https://tr.wikipedia.org/wiki/Do%C4%9Fu_Slavlar%C4%B1,1,Bizans İmparatorluğu#174
1875-78 Doğu Krizi,https://tr.wikipedia.org/wiki/Do%C4%9Fu_Sorunu,1,Türkiye#83
Doğu Türkistan,https://tr.wikipedia.org/wiki/Do%C4%9Fu_T%C3%BCrkistan,1,Timur İmparatorluğu#23
Doğu Türkistan İslâm Cumhuriyeti,https://tr.wikipedia.org/wiki/Do%C4%9Fu_T%C3%BCrkistan_%C4%B0sl%C3%A2m_Cumhuriyeti,7,Anadolu Selçuklu Devleti#4;Büyük Selçuklu İmparatorluğu#4;Germiyanoğulları Beyliği#4;Karamanoğulları Beyliği#29;Osmanlı İmparatorluğu#4;Selçuklu Hanedanı#4;Timur İmparatorluğu#4
Doğu Türkistan Cumhuriyeti,https://tr.wikipedia.org/wiki/Do%C4%9Fu_T%C3%BCrkistan_Cumhuriyeti,7,Anadolu Selçuklu Devleti#4;Büyük Selçuklu İmparatorluğu#4;Germiyanoğulları Beyliği#4;Karamanoğulları Beyliği#29;Osmanlı İmparatorluğu#4;Selçuklu Hanedanı#4;Timur İmparatorluğu#4
Doğu Trakya,https://tr.wikipedia.org/wiki/Do%C4%9Fu_Trakya,9,Türk Kurtuluş Savaşı Batı Cephesi#18;Türk Kurtuluş Savaşı#201;Türkiye#1;Türkiye#206;Türkiye#213;Türkiye#37;Türkiye#375;Türkiye#5;Türkçe#19
Doğu,https://tr.wikipedia.org/wiki/Do%C4%9Fu_d%C3%BCnyas%C4%B1,1,II. Kiros#13
doğu kayını,https://tr.wikipedia.org/wiki/Do%C4%9Fu_kay%C4%B1n%C4%B1,2,İstanbul#113;İstanbul#165
Doğu ve Batı kiliselerinin ayrılması,https://tr.wikipedia.org/wiki/Do%C4%9Fu_ve_Bat%C4%B1_kiliselerinin_ayr%C4%B1lmas%C4%B1,1,Bizans İmparatorluğu#207
Doğu Beyazıt,https://tr.wikipedia.org/wiki/Do%C4%9Fubayaz%C4%B1t,1,Timur#150
doğum günü,https://tr.wikipedia.org/wiki/Do%C4%9Fum_g%C3%BCn%C3%BC,1,Ahameniş İmparatorluğu#371
Dobruca,https://tr.wikipedia.org/wiki/Dobruca,2,II. Murad#185;II. Murad#228
Dodurga,"https://tr.wikipedia.org/wiki/Dodurga,_%C3%87ankaya",2,Yenimahalle#8
Dodurga,"https://tr.wikipedia.org/wiki/Dodurga,_%C3%87orum",1,Çorum#8
Dodurga,"https://tr.wikipedia.org/wiki/Dodurga,_Orta",1,Yeniden Refah Partisi#18
Doha,https://tr.wikipedia.org/wiki/Doha,1,Süper Kupa#25
doktor öğretim üyesi,https://tr.wikipedia.org/wiki/Doktor_%C3%B6%C4%9Fretim_%C3%BCyesi,1,Üniversite#18
doktora,https://tr.wikipedia.org/wiki/Doktora,2,Orta Doğu Teknik Üniversitesi#104;Üniversite#14
doktoranturo,https://tr.wikipedia.org/wiki/Doktoranturo,1,Üniversite#14
Dokuma Park Açık Hava Müzesi,https://tr.wikipedia.org/wiki/Dokuma_Park_A%C3%A7%C4%B1k_Hava_M%C3%BCzesi,1,Anıtkabir#311
dokuma tezgâhı,https://tr.wikipedia.org/wiki/Dokuma_tezg%C3%A2h%C4%B1,1,Frigler#124
Dokuz Eylül,https://tr.wikipedia.org/wiki/Dokuz_Eyl%C3%BCl_%C3%9Cniversitesi,1,Orta Doğu Teknik Üniversitesi#74
Dokuz Umde,https://tr.wikipedia.org/wiki/Dokuz_Umde,2,Cumhuriyet Halk Partisi#17;Mustafa Kemal Atatürk#564
Dolmabahçe Sarayı,https://tr.wikipedia.org/wiki/Dolmabah%C3%A7e_Saray%C4%B1,11,Anıtkabir#16;Anıtkabir#208;Mustafa Kemal Atatürk#172;Mustafa Kemal Atatürk#36;Mustafa Kemal Atatürk#731;Mustafa Kemal AtatürkCard#8;Osmanlı Hanedanı#17;Türkiye Büyük Millet Meclisi#49;Türkçe#43;İstanbul#358;İstanbul#434
dolmuş,https://tr.wikipedia.org/wiki/Dolmu%C5%9F,3,Ankara Spor Salonu#11;Orta Doğu Teknik Üniversitesi#133;İstanbul#597
dolu,https://tr.wikipedia.org/wiki/Dolu,1,Kırkikindi yağışları#11
domatesin,https://tr.wikipedia.org/wiki/Domates,1,Osmanlı İmparatorluğu#608
Dominik Cumhuriyeti,https://tr.wikipedia.org/wiki/Dominik_Cumhuriyeti,1,Mustafa Kemal Atatürk#846
Domitia Longina,https://tr.wikipedia.org/wiki/Domitia_Longina,1,Roma İmparatorluğu#208
Domitianus,https://tr.wikipedia.org/wiki/Domitianus,2,Efes#75;Roma İmparatorluğu#67
domuz,https://tr.wikipedia.org/wiki/Domuz,2,Antik Yunanistan#215;İstanbul#289
Don nehri,https://tr.wikipedia.org/wiki/Don_Nehri,1,Kimmerler#85
1897 Osmanlı-Yunan Savaşı U:(https://tr.wikipedia.org/wiki/Osmanl%C4%B1-Yunan_Sava%C5%9F%C4%B1_(1897))___ 'nda Osmanlı donanması kendini gösteremedi. 1909 yılında ___E:Donanma Cemiyeti,https://tr.wikipedia.org/wiki/Donanma_Cemiyeti,1,Osmanlı İmparatorluğu#377
Dongguan,https://tr.wikipedia.org/wiki/Dongguan,1,İstanbul#632
Dor istilası,https://tr.wikipedia.org/wiki/Dor_istilas%C4%B1,1,Türkiye#5
Dor,https://tr.wikipedia.org/wiki/Dorlar,4,Ahameniş İmparatorluğu#290;Herodot#24;İstanbul#39;İzmir#17
"I. Svyatoslav U:(https://tr.wikipedia.org/wiki/I._Svyatoslav_(Kiev_b%C3%BCy%C3%BCk_knezi))___ önderliğinde yağmalansa da, üç yıl sonra I. İoannis, Kiev Knezliği'ni ___E:yenerek",https://tr.wikipedia.org/wiki/Dorostolon_Ku%C5%9Fatmas%C4%B1,1,Bizans İmparatorluğu#166
Dorylaeum,https://tr.wikipedia.org/wiki/Dorylaeum,1,Frigya#17
C-47,https://tr.wikipedia.org/wiki/Douglas_C-47_Skytrain,1,ODTÜ Bilim ve Teknoloji Müzesi#5
Drahmi,https://tr.wikipedia.org/wiki/Drahmi,3,İskender#118;İskender#121;İskender#129
drama,https://tr.wikipedia.org/wiki/Drama,1,Antik Yunanistan#242
Drama,"https://tr.wikipedia.org/wiki/Drama,_Yunanistan",1,I. Murad#83
drene,https://tr.wikipedia.org/wiki/Drenaj,1,Kızılırmak#11
dualist,https://tr.wikipedia.org/wiki/Dualist,1,Pavlusçuluk#4
Duatepe,https://tr.wikipedia.org/wiki/Duatepe,1,Polatlı#9
Dubai,https://tr.wikipedia.org/wiki/Dubai,1,Türkiye#277
Dugdammē,https://tr.wikipedia.org/wiki/Dugdamme,2,Kimmerler#12;Kimmerler#74
Dukak,https://tr.wikipedia.org/wiki/Dukak,2,Büyük Selçuklu İmparatorluğu#16;Selçuklu Hanedanı#6
Dukas Hanedanı,https://tr.wikipedia.org/wiki/Dukas_Hanedan%C4%B1,1,Bizans İmparatorluğu#225
Dulkadiroğlu Beyliği,https://tr.wikipedia.org/wiki/Dulkadiro%C4%9Flu_Beyli%C4%9Fi,1,Afşin#11
Dulkadiroğulları,https://tr.wikipedia.org/wiki/Dulkadiro%C4%9Fullar%C4%B1_Beyli%C4%9Fi,13,Anadolu Selçuklu Devleti#2;Ankara Muharebesi#30;Büyük Selçuklu İmparatorluğu#2;Germiyanoğulları Beyliği#2;I. Bayezid#134;I. Bayezid#79;II. Murad#4;Karamanoğulları Beyliği#27;Kayseri#32;Osmanlı İmparatorluğu#189;Osmanlı İmparatorluğu#2;Selçuklu Hanedanı#2;Timur İmparatorluğu#2
Dumlupınar,https://tr.wikipedia.org/wiki/Dumlup%C4%B1nar,1,Türk Kurtuluş Savaşı Batı Cephesi#252
Dunhuang el yazmaları,https://tr.wikipedia.org/wiki/Dunhuang_el_yazmalar%C4%B1,1,Türkçe#118
"As U:(https://tr.wikipedia.org/wiki/As_(sikke))___ , ___E:Dupondius",https://tr.wikipedia.org/wiki/Dupondius,1,Roma İmparatorluğuCard#17
Dur Şarrukin,https://tr.wikipedia.org/wiki/Dur_%C5%9Earrukin,1,Asur#50
Dursun Fakih,https://tr.wikipedia.org/wiki/Dursun_Fakih,1,Osmanlı İmparatorluğu#544
Durusu,https://tr.wikipedia.org/wiki/Durug%C3%B6l,2,İstanbul#104;İstanbul#25
duvar tırmaşık kuşu,https://tr.wikipedia.org/wiki/Duvar_t%C4%B1rma%C5%9F%C4%B1k_ku%C5%9Fu,1,Türkiye#229
Duvara Karşı Tiyatro Topluluğu,https://tr.wikipedia.org/wiki/Duvara_Kar%C5%9F%C4%B1_Tiyatro_Toplulu%C4%9Fu,1,İzmir#209
Eğirdir,https://tr.wikipedia.org/wiki/E%C4%9Firdir,2,I. Murad#78;Osmanlı İmparatorluğu#129
eğitim,https://tr.wikipedia.org/wiki/E%C4%9Fitim,1,İstanbul#20
Eğrekkaya,https://tr.wikipedia.org/wiki/E%C4%9Frekkaya_Baraj%C4%B1,1,Kızılcahamam#4
Eğribasan,"https://tr.wikipedia.org/wiki/E%C4%9Fribasan,_Bala",1,Balâ#27
Eğriboz,https://tr.wikipedia.org/wiki/E%C4%9Friboz,1,Ankara Muharebesi#239
eşcinsel,https://tr.wikipedia.org/wiki/E%C5%9Fcinsel,2,Antik Yunanistan#288;Antik Yunanistan#299
eşcinsellik,https://tr.wikipedia.org/wiki/E%C5%9Fcinsellik,3,Antik Yunanistan#284;Antik Yunanistan#288;Antik Yunanistan#289
eşek,https://tr.wikipedia.org/wiki/E%C5%9Fek,4,Hayvancılık#4;Midas#31;Midas#8;Osmanlı İmparatorluğu#493
UTC,https://tr.wikipedia.org/wiki/E%C5%9Fg%C3%BCd%C3%BCml%C3%BC_Evrensel_Zaman,1,UTC+03.00#1
Eşme,https://tr.wikipedia.org/wiki/E%C5%9Fme,1,Germiyanoğulları Beyliği#120
Eşref Üren,https://tr.wikipedia.org/wiki/E%C5%9Fref_%C3%9Cren,1,Ankara Resim ve Heykel Müzesi#28
Eşref Pehlevi,https://tr.wikipedia.org/wiki/E%C5%9Fref_Pehlevi,1,II. Kiros#264
Eşrefoğlu Camisi,https://tr.wikipedia.org/wiki/E%C5%9Frefo%C4%9Flu_Camii,1,Anadolu Selçuklu Devleti#435
Eşrefoğlu Rumi,https://tr.wikipedia.org/wiki/E%C5%9Frefo%C4%9Flu_R%C3%BBm%C3%AE,1,Türkçe#85
Eşrefoğulları,https://tr.wikipedia.org/wiki/E%C5%9Frefo%C4%9Fullar%C4%B1_Beyli%C4%9Fi,10,Anadolu Selçuklu Devleti#2;Büyük Selçuklu İmparatorluğu#2;Germiyanoğulları Beyliği#2;Germiyanoğulları Beyliği#24;Germiyanoğulları Beyliği#71;Karamanoğulları Beyliği#27;Osmanlı İmparatorluğu#105;Osmanlı İmparatorluğu#2;Selçuklu Hanedanı#2;Timur İmparatorluğu#2
E-muhtıra,https://tr.wikipedia.org/wiki/E-muht%C4%B1ra,3,Adalet ve Kalkınma Partisi#41;Cumhuriyet Halk Partisi#83;Türkiye Büyük Millet Meclisi#211
EGO,https://tr.wikipedia.org/wiki/EGO_Genel_M%C3%BCd%C3%BCrl%C3%BC%C4%9F%C3%BC,22,Altınköy Açık Hava MüzesiCard#4;Anadolu Medeniyetleri MüzesiCard#9;Ankara Büyükşehir Belediyesi#21;Ankara Etnografya MüzesiCard#8;Ankara Resim ve Heykel MüzesiCard#7;Ankara Roma HamamıCard#8;Ankara Spor Salonu#11;Atatürk ve Kurtuluş Savaşı MüzesiCard#8;Cumhuriyet MüzesiCard#8;Erimtan Arkeoloji ve Sanat MüzesiCard#7;Feza Gürsey Bilim MerkeziCard#5;Gordion MüzesiCard#6;Kurtuluş Savaşı MüzesiCard#6;Mehmet Akif Ersoy Müze EviCard#5;ODTÜ Bilim ve Teknoloji MüzesiCard#4;Orta Doğu Teknik Üniversitesi#133;Orta Doğu Teknik Üniversitesi#412;Türk Hava Kurumu MüzesiCard#8;Ulucanlar Cezaevi MüzesiCard#6;Ziraat Bankası MüzesiCard#5;Çengelhan Rahmi M. Koç MüzesiCard#7;Çukurambar#7
Enka Spor,https://tr.wikipedia.org/wiki/ENKA_SK,1,İzmir#223
EOKA-B,https://tr.wikipedia.org/wiki/EOKA-B,1,Türkiye#112
Ebu Said Bahadır,https://tr.wikipedia.org/wiki/Eb%C3%BB_Said_Bahad%C4%B1r,1,Anadolu Selçuklu Devleti#139
Ebu'l-Kasım,https://tr.wikipedia.org/wiki/Eb%C3%BC%27l-K%C3%A2s%C4%B1m,2,Anadolu Selçuklu Devleti#43;Anadolu Selçuklu Devleti#47
Ebü'l-Kelâm Âzâd,https://tr.wikipedia.org/wiki/Eb%C3%BC%27l-Kel%C3%A2m_%C3%82z%C3%A2d,1,II. Kiros#232
ebcedin,https://tr.wikipedia.org/wiki/Ebced_hesab%C4%B1,1,Türkçe#117
Eboracum,https://tr.wikipedia.org/wiki/Eboracum,1,Septimius SeverusCard#5
Ebul A'la Mevdudi,https://tr.wikipedia.org/wiki/Ebu%27l-A%27l%C3%A2_Mevdud%C3%AE,1,İslam devleti#5
Vefâ'îyye,https://tr.wikipedia.org/wiki/Ebu%27l-Vefa_el-Ba%C4%9Fdadi,2,Ahilik#2;Osmanlı İmparatorluğu#90
Ebu Müslim Horasani,https://tr.wikipedia.org/wiki/Ebu_M%C3%BCslim_Horasani,1,Mutasım#37
Ebû Nuvâs,https://tr.wikipedia.org/wiki/Ebu_Nuvas,1,Şarap#86
Ebu Simbel Tapınağı,https://tr.wikipedia.org/wiki/Ebu_Simbel,1,Hititler#104
57. Alay U:(https://tr.wikipedia.org/wiki/57._Piyade_Alay%C4%B1_(Osmanl%C4%B1))___ ile Maydos'a (günümüzde ___E:Eceabat,https://tr.wikipedia.org/wiki/Eceabat,2,Mustafa Kemal Atatürk#200;Mustafa Kemal Atatürk#204
Edebiyat,https://tr.wikipedia.org/wiki/Edebiyat,2,Antik Roma#8;Osmanlı İmparatorluğu#530
Edessa,https://tr.wikipedia.org/wiki/Edessa,2,Bizans İmparatorluğu#150;Caracalla#13
Edirne,https://tr.wikipedia.org/wiki/Edirne,25,Bizans İmparatorluğu#162;Fetret Devri#18;Güreş#82;I. Bayezid#1;I. Bayezid#128;I. Bayezid#16;I. BayezidCard#4;I. Murad#40;I. Murad#9;II. Murad#1;II. Murad#156;II. Murad#222;Mustafa Kemal Atatürk#148;Mustafa Kemal Atatürk#234;Mustafa Kemal Atatürk#726;Mustafa Kemal Atatürk#91;Osmanlı İmparatorluğu#125;Osmanlı İmparatorluğu#567;Osmanlı İmparatorluğuCard#2;Roma İmparatorluğu#235;Roma İmparatorluğu#367;Timur#458;İstanbul#541;İstanbul#596
Edirne'nin fethine,https://tr.wikipedia.org/wiki/Edirne%27nin_Fethi,3,I. Murad#40;I. Murad#9;Osmanlı İmparatorluğu#125
Edirne-Segedin,https://tr.wikipedia.org/wiki/Edirne-Segedin_Antla%C5%9Fmas%C4%B1,2,II. Murad#151;Osmanlı İmparatorluğu#156
Edmund Allenby,https://tr.wikipedia.org/wiki/Edmund_Allenby,3,Mustafa Kemal Atatürk#268;Türk Kurtuluş Savaşı#47;Türk Kurtuluş Savaşı#70
Ednan Kavaklı,https://tr.wikipedia.org/wiki/Ednan_Kavakl%C4%B1,1,Ulucanlar Cezaevi Müzesi#9
Balıkesir U:(https://tr.wikipedia.org/wiki/Bal%C4%B1kesir_(il))___ 'in ___E:Edremit,https://tr.wikipedia.org/wiki/Edremit,2,Kimmerler#17;Zeytinyağı#131
Edward Gibbon,https://tr.wikipedia.org/wiki/Edward_Gibbon,3,Antik Roma#399;Roma İmparatorluğu#246;Roma İmparatorluğu#288
Edward Noel,https://tr.wikipedia.org/wiki/Edward_William_Charles_Noel,1,Mustafa Kemal Atatürk#380
Efe Aydan,https://tr.wikipedia.org/wiki/Efe_Aydan,4,Türkiye millî basketbol takımı#122;Türkiye millî basketbol takımı#124;Türkiye millî basketbol takımı#126;Türkiye millî basketbol takımı#25
Efes,https://tr.wikipedia.org/wiki/Efes,13,Afşin#15;Ankara#46;Antik Yunanistan#270;Bizans İmparatorluğu#429;Kimmerler#21;Kimmerler#55;Kral Yolu#2;Kral Yolu#6;Türkiye#45;Zeytinyağı#23;İskender#29;İzmir#10;İzmir#20
Celsus Kütüphanesi,https://tr.wikipedia.org/wiki/Efes_Celsus_K%C3%BCt%C3%BCphanesi,1,Efes#74
Efialtes,https://tr.wikipedia.org/wiki/Efialtes,1,Antik Yunanistan#72
Efkan Âlâ,https://tr.wikipedia.org/wiki/Efkan_%C3%82l%C3%A2,2,2024 Türkiye yerel seçimleri#51;Adalet ve Kalkınma PartisiCard#5
Efkaristiya,https://tr.wikipedia.org/wiki/Efkaristiya,2,Şarap#39;Şarap#9
Eflak,https://tr.wikipedia.org/wiki/Eflak,9,Ankara Muharebesi#243;Fetret Devri#63;I. Bayezid#14;I. Murad#45;I. Murad#48;II. Murad#276;II. Murad#51;Osmanlı İmparatorluğu#126;Osmanlı İmparatorluğu#250
Eflak,https://tr.wikipedia.org/wiki/Eflak_Voyvodal%C4%B1%C4%9F%C4%B1,4,I. Bayezid#19;II. Murad#51;Osmanlı İmparatorluğu#14;Osmanlı İmparatorluğu#160
efsaneleşti,https://tr.wikipedia.org/wiki/Efsane,1,İskender#15
Efteni,https://tr.wikipedia.org/wiki/Efteni_G%C3%B6l%C3%BC,1,Karadeniz Bölgesi#60
Ege,https://tr.wikipedia.org/wiki/Ege_%C3%9Cniversitesi,2,Orta Doğu Teknik Üniversitesi#74;İzmir#231
Ege Üniversitesi Tiyatro Topluluğu,https://tr.wikipedia.org/wiki/Ege_%C3%9Cniversitesi_Tiyatro_Toplulu%C4%9Fu,1,İzmir#209
Ege Adaları,https://tr.wikipedia.org/wiki/Ege_Adalar%C4%B1,5,Ahameniş İmparatorluğu#290;Lozan Antlaşması#16;Türkçe#2;Türkçe#20;İzmir#74
Ege Bölgesi,https://tr.wikipedia.org/wiki/Ege_B%C3%B6lgesi,7,Osmanlı İmparatorluğu#585;Türkiye#218;Türkiye#375;Türkçe#154;İzmir#1;İzmir#12;İzmir#201
Ege Denizi,https://tr.wikipedia.org/wiki/Ege_Denizi,21,Ahameniş İmparatorluğu#211;Ahameniş İmparatorluğu#289;Anadolu#1;Anadolu#20;Antik Roma#69;Antik Yunanistan#34;Antik Yunanistan#62;II. Murad#54;Kimmerler#21;Mustafa Kemal Atatürk#531;Osmanlı İmparatorluğu#168;Osmanlı İmparatorluğu#377;Osmanlı İmparatorluğu#83;Türk Kurtuluş Savaşı Batı Cephesi#43;Türkiye#211;Türkiye#235;Türkiye#239;Türkiye#3;Türkçe#156;Zeytinyağı#16;İstanbul#124
Ege Sanat Atölyesi,https://tr.wikipedia.org/wiki/Ege_Sanat_At%C3%B6lyesi,1,İzmir#209
Ege Serbest Bölgesi,https://tr.wikipedia.org/wiki/Ege_Serbest_B%C3%B6lgesi,1,İzmir#178
Ege uygarlıkları,https://tr.wikipedia.org/wiki/Ege_uygarl%C4%B1klar%C4%B1,1,Frigya#31
eyaletli,https://tr.wikipedia.org/wiki/Egemen_devlet,1,II. Kiros#234
egemen yönetici sınıfı,https://tr.wikipedia.org/wiki/Egemen_s%C4%B1n%C4%B1f,1,Hint-Avrupa halkları#3
"Egemenlik, kayıtsız şartsız milletindir",https://tr.wikipedia.org/wiki/Egemenlik_kay%C4%B1ts%C4%B1z_%C5%9Farts%C4%B1z_milletindir,2,Anıtkabir#122;Türkiye Büyük Millet Meclisi#4
egzersiz,https://tr.wikipedia.org/wiki/Egzersiz,1,Yüzme#1
Yâresân,https://tr.wikipedia.org/wiki/Ehl-i_Hak,1,Ahilik#4
ehl-i kitap,https://tr.wikipedia.org/wiki/Ehl-i_kitap,1,Osmanlı İmparatorluğu#444
ek,https://tr.wikipedia.org/wiki/Ek,2,Türkçe#278;Türkçe#281
genel eklesiyastik konsillere,https://tr.wikipedia.org/wiki/Ek%C3%BCmenik_konsil,1,Bizans İmparatorluğu#47
Ekşili çorba,https://tr.wikipedia.org/wiki/Ek%C5%9Fili_%C3%A7orba,1,Çorba#21
ek eylem,https://tr.wikipedia.org/wiki/Ek_eylem,2,Türkçe#276;Türkçe#277
Ekbatan,https://tr.wikipedia.org/wiki/Ekbatan,12,Ahameniş İmparatorluğu#142;Ahameniş İmparatorluğu#230;Ahameniş İmparatorluğu#252;Ahameniş İmparatorluğu#27;II. Kiros#234;II. Kiros#55;Medler#2;Medler#42;Medler#63;Medler#68;MedlerCard#1;İskender#190
Ekim Devrimi,https://tr.wikipedia.org/wiki/Ekim_Devrimi,3,Türk Kurtuluş Savaşı Batı Cephesi#400;Türk Kurtuluş Savaşı#132;Türk Kurtuluş Savaşı#211
Ekinözü,https://tr.wikipedia.org/wiki/Ekin%C3%B6z%C3%BC,1,2024 Türkiye yerel seçimleri#15
sondan eklemeli,https://tr.wikipedia.org/wiki/Eklemeli_dil,3,Türkçe#1;Türkçe#180;Türkçe#5
ekmek,https://tr.wikipedia.org/wiki/Ekmek,3,Tahıl#3;Ticaret#8;Çorba#7
ekmek ağacı,https://tr.wikipedia.org/wiki/Ekmek_a%C4%9Fac%C4%B1,1,Orman#40
Ekmeleddin İhsanoğlu,https://tr.wikipedia.org/wiki/Ekmeleddin_%C4%B0hsano%C4%9Flu,1,Cumhuriyet Halk Partisi#95
ekolojik bölge,https://tr.wikipedia.org/wiki/Ekolojik_b%C3%B6lge,2,Bozkır#1;Türkiye#228
ekolojik nişi,https://tr.wikipedia.org/wiki/Ekolojik_ni%C5%9F,1,Gıda#4
ekonomik,https://tr.wikipedia.org/wiki/Ekonomi,9,Balâ#48;Bizans İmparatorluğu#2;Büyük Selçuklu İmparatorluğu#155;Cumhuriyet Halk Partisi#26;Kalecik#19;Ticaret#1;Ticaret#12;Ticaret#48;Türkiye#125
ekonomik,https://tr.wikipedia.org/wiki/Ekonomik,1,Turizm#2
EİT,https://tr.wikipedia.org/wiki/Ekonomik_%C4%B0%C5%9Fbirli%C4%9Fi_Te%C5%9Fkilat%C4%B1,1,Türkiye#174
ekonomik liberalizmi,https://tr.wikipedia.org/wiki/Ekonomik_liberalizm,1,Adalet ve Kalkınma Partisi#98
ekonomik sistem,https://tr.wikipedia.org/wiki/Ekonomik_sistem,1,Ticaret#11
ekosistemi,https://tr.wikipedia.org/wiki/Ekosistem,4,Bozkır#11;Orman#1;Orman#6;Türkiye#224
Ekrem İmamoğlu,https://tr.wikipedia.org/wiki/Ekrem_%C4%B0mamo%C4%9Flu,8,2024 Türkiye yerel seçimleri#113;2024 Türkiye yerel seçimleri#34;2024 Türkiye yerel seçimleri#7;Adalet ve Kalkınma Partisi#79;Cumhuriyet Halk Partisi#104;Mansur Yavaş#21;Mansur Yavaş#25;Mansur Yavaş#4
ekskavatör,https://tr.wikipedia.org/wiki/Ekskavat%C3%B6r,2,Orta Doğu Teknik Üniversitesi#18;İnşaat#15
eksper,https://tr.wikipedia.org/wiki/Eksper,1,Üniversite#18
El-Evamirü’l-Alâ’iyye fi’l-Umûri’l-Alâ’iyye,https://tr.wikipedia.org/wiki/El-Ev%C3%A2mir%C3%BC%27l-Al%C3%A2iyye_fi%27l-um%C3%BBri%27l-Al%C3%A2iyye,1,Germiyanoğulları Beyliği#9
El-Ezher Üniversitesi,https://tr.wikipedia.org/wiki/El-Ezher_%C3%9Cniversitesi,1,Üniversite#28
Al-Lat,https://tr.wikipedia.org/wiki/El-L%C3%A2t,1,İslam devleti#22
el Sanatlarındandır,https://tr.wikipedia.org/wiki/El_Sanatlar%C4%B1,1,Kalecik#23
Elagabalus,https://tr.wikipedia.org/wiki/Elagabalus,2,Antik Roma#52;Roma İmparatorluğu#250
Elam,https://tr.wikipedia.org/wiki/Elam,7,Ahameniş İmparatorluğu#19;Ahameniş İmparatorluğu#355;Asur#44;Dicle#35;II. Kiros#110;II. Kiros#23;Medler#13
Elamca,https://tr.wikipedia.org/wiki/Elamca,4,Ahameniş İmparatorluğu#115;Ahameniş İmparatorluğu#260;Ahameniş İmparatorluğu#355;II. Kiros#23
Elamlar,https://tr.wikipedia.org/wiki/Elamlar,1,Ahameniş İmparatorluğu#308
Elazığ,https://tr.wikipedia.org/wiki/Elaz%C4%B1%C4%9F,2,2014 Türkiye yerel seçimleri#21;Dicle#2
Elbe,https://tr.wikipedia.org/wiki/Elbe_Nehri,2,Augustus#264;Roma İmparatorluğu#108
Elbistan,https://tr.wikipedia.org/wiki/Elbistan,2,Afşin#26;Türk Kurtuluş Savaşı#145
Elbrus,https://tr.wikipedia.org/wiki/Elbruz_Da%C4%9F%C4%B1,2,Kafkasya#1;Kafkasya#21
Elefantin,https://tr.wikipedia.org/wiki/Elefantin,1,Ahameniş İmparatorluğu#60
Elefterios Venizelos,https://tr.wikipedia.org/wiki/Eleftherios_Venizelos,6,Mustafa Kemal Atatürk#432;Mustafa Kemal Atatürk#679;Türk Kurtuluş Savaşı Batı Cephesi#28;Türk Kurtuluş Savaşı Batı Cephesi#446;Türk Kurtuluş Savaşı#27;Türk Kurtuluş Savaşı#71
elektrik motorlu,https://tr.wikipedia.org/wiki/Elektrik_motoru,1,Bisiklet#1
elektronik,https://tr.wikipedia.org/wiki/Elektronik,2,Türkiye#256;İstanbul#256
E-ticaret,https://tr.wikipedia.org/wiki/Elektronik_ticaret,2,Ticaret#100;Ticaret#131
elektrumdaki,https://tr.wikipedia.org/wiki/Elektrum,1,Lidyalılar#27
İspanya'dan kovulmasıyla,https://tr.wikipedia.org/wiki/Elhamra_Kararnamesi,1,Türkiye#345
Elis,https://tr.wikipedia.org/wiki/Elis,1,Antik Yunanistan#288
elma,https://tr.wikipedia.org/wiki/Elma,2,Gıda#17;Gıda#24
Elmadağ,https://tr.wikipedia.org/wiki/Elmada%C4%9F,11,"Elmadağ, Ankara#2;Elmadağ, Ankara#25;Elmadağ, Ankara#30;Elmadağ, Ankara#31;Elmadağ, Ankara#49;Elmadağ, Ankara#5;Elmadağ, Ankara#51;Kalecik#10;Tektosaglar#18"
Elmadağ,"https://tr.wikipedia.org/wiki/Elmada%C4%9F,_Ankara",2,Ankara#169;Orta Doğu Teknik Üniversitesi#182
Elmalı,"https://tr.wikipedia.org/wiki/Elmal%C4%B1,_%C5%9Eark%C4%B1%C5%9Fla",1,Şarkışla#45
Elmalı Ovası,https://tr.wikipedia.org/wiki/Elmal%C4%B1_Ovas%C4%B1,1,Frigler#75
Emekli Sandığı,https://tr.wikipedia.org/wiki/Emekli_Sand%C4%B1%C4%9F%C4%B1,1,Orta Doğu Teknik Üniversitesi#12
emekli,https://tr.wikipedia.org/wiki/Emeklilik,1,Türkiye#142
Emel Korutürk,https://tr.wikipedia.org/wiki/Emel_Korut%C3%BCrk,1,Ankara Resim ve Heykel Müzesi#25
Emet,https://tr.wikipedia.org/wiki/Emet,4,Germiyanoğulları Beyliği#120;Germiyanoğulları Beyliği#8;I. Murad#77;Osmanlı İmparatorluğu#129
Emevî Camii,https://tr.wikipedia.org/wiki/Emev%C3%AE_Camii,1,Büyük Selçuklu İmparatorluğu#136
Emevîler,https://tr.wikipedia.org/wiki/Emev%C3%AEler,7,Anadolu Selçuklu Devleti#27;Bizans İmparatorluğu#104;Kayseri#20;Madenî para#75;Osmanlı İmparatorluğu#343;İslam devleti#15;İzmir#73
Eminönü,https://tr.wikipedia.org/wiki/Emin%C3%B6n%C3%BC,4,Osmanlı İmparatorluğu#508;İstanbul#243;İstanbul#424;İstanbul#593
Emin Barın,https://tr.wikipedia.org/wiki/Emin_Bar%C4%B1n,1,Anıtkabir#67
Emin Onat,https://tr.wikipedia.org/wiki/Emin_Onat,3,Anıtkabir#1;Anıtkabir#29;AnıtkabirCard#13
Emine Hatun,https://tr.wikipedia.org/wiki/Emine_Hatun,2,II. Murad#4;II. MuradCard#12
Emir Çoban,https://tr.wikipedia.org/wiki/Emir_%C3%87oban,2,Germiyanoğulları Beyliği#70;Germiyanoğulları Beyliği#71
Emir Gazi,https://tr.wikipedia.org/wiki/Emir_Gazi,1,Dânişmend Gazi#17
Emir Preldžič,https://tr.wikipedia.org/wiki/Emir_Preld%C5%BEi%C4%87,1,Türkiye millî basketbol takımı#154
Emir Süleyman,https://tr.wikipedia.org/wiki/Emir_S%C3%BCleyman,1,Fetret Devri#18
Emir Sultan,https://tr.wikipedia.org/wiki/Emir_Sultan,1,II. Murad#75
Emir kipi,https://tr.wikipedia.org/wiki/Emir_kipi,1,Grekçe#7
Emirdağ,https://tr.wikipedia.org/wiki/Emirda%C4%9F,3,Balâ#19;Mutasım#57;Sakarya Meydan Muharebesi#32
Emirgân,https://tr.wikipedia.org/wiki/Emirg%C3%A2n_Korusu,1,İstanbul#123
Emirlik,https://tr.wikipedia.org/wiki/Emirlik,1,Timur İmparatorluğuCard#1
Emlek Kale,"https://tr.wikipedia.org/wiki/Emlek_Kale,_%C5%9Eark%C4%B1%C5%9Fla",1,Şarkışla#149
Âşık Kemter,"https://tr.wikipedia.org/wiki/Emlek_Kale,_%C5%9Eark%C4%B1%C5%9Fla#Âşık_Kemter",1,Şarkışla#108
Emlek yöresi,https://tr.wikipedia.org/wiki/Emlek_y%C3%B6resi,2,Şarkışla#108;Şarkışla#115
Emniyet,https://tr.wikipedia.org/wiki/Emniyet_Genel_M%C3%BCd%C3%BCrl%C3%BC%C4%9F%C3%BC,3,Orta Doğu Teknik Üniversitesi#235;Türkiye#171;Türkçe#344
emperyalizmine,https://tr.wikipedia.org/wiki/Emperyalizm,2,Mustafa Kemal Atatürk#848;Türk Kurtuluş Savaşı Batı Cephesi#1033
Emre Bayav,https://tr.wikipedia.org/wiki/Emre_Bayav,1,Türkiye millî basketbol takımı#152
En Değerli Oyuncusu,https://tr.wikipedia.org/wiki/En_De%C4%9Ferli_Oyuncu,1,2001 Avrupa Basketbol Şampiyonası#3
tarihin en büyük imparatorluğu,https://tr.wikipedia.org/wiki/En_b%C3%BCy%C3%BCk_imparatorluklar_listesi,1,Ahameniş İmparatorluğu#2
Endülüs Emevi Devleti,https://tr.wikipedia.org/wiki/End%C3%BCl%C3%BCs_Emevi_Devleti,1,Üniversite#34
Endülüs Emevileri,https://tr.wikipedia.org/wiki/End%C3%BCl%C3%BCs_Emevileri,1,Üniversite#36
endüstrilerini,https://tr.wikipedia.org/wiki/End%C3%BCstri,1,Hayvancılık#5
Endüstri Mühendisliği,https://tr.wikipedia.org/wiki/End%C3%BCstri_m%C3%BChendisli%C4%9Fi,1,Orta Doğu Teknik Üniversitesi#61
endaze,https://tr.wikipedia.org/wiki/Endaze,1,Mustafa Kemal Atatürk#598
endemik,https://tr.wikipedia.org/wiki/Endemizm,1,İstanbul#161
Enderun Okulu,https://tr.wikipedia.org/wiki/Ender%C3%BBn,2,Osmanlı İmparatorluğu#450;Osmanlı İmparatorluğu#619
Ender Arslan,https://tr.wikipedia.org/wiki/Ender_Arslan,7,Türkiye millî basketbol takımı#140;Türkiye millî basketbol takımı#142;Türkiye millî basketbol takımı#144;Türkiye millî basketbol takımı#146;Türkiye millî basketbol takımı#148;Türkiye millî basketbol takımı#150;Türkiye millî basketbol takımı#154
Endonezya,https://tr.wikipedia.org/wiki/Endonezya,1,Orman#17
enerji,https://tr.wikipedia.org/wiki/Enerji,1,Teknoloji#10
enerji kaynaklarının,https://tr.wikipedia.org/wiki/Enerji_kaynaklar%C4%B1,1,Teknoloji#10
enflasyona,https://tr.wikipedia.org/wiki/Enflasyon,1,Bizans İmparatorluğu#203
110 metre engelli,https://tr.wikipedia.org/wiki/Engelli_ko%C5%9Fu,2,Atletizm#77
Engin Özkoç,https://tr.wikipedia.org/wiki/Engin_%C3%96zko%C3%A7,1,Türkiye İstatistik Kurumu#7
Engin Atsür,https://tr.wikipedia.org/wiki/Engin_Ats%C3%BCr,3,Türkiye millî basketbol takımı#144;Türkiye millî basketbol takımı#146;Türkiye millî basketbol takımı#148
Enis Öksüz,https://tr.wikipedia.org/wiki/Enis_%C3%96ks%C3%BCz,1,Milliyetçi Hareket Partisi#45
enklav,https://tr.wikipedia.org/wiki/Enklav,1,I. Bayezid#41
Enosis,https://tr.wikipedia.org/wiki/Enosis,1,Türkiye#112
Enrico Dandolo,https://tr.wikipedia.org/wiki/Enrico_Dandolo,1,Bizans İmparatorluğu#287
ensefalit,https://tr.wikipedia.org/wiki/Ensefalit,1,Roma İmparatorluğu#135
ensest,https://tr.wikipedia.org/wiki/Ensest,1,Roma İmparatorluğu#140
enstitü,https://tr.wikipedia.org/wiki/Enstit%C3%BC,1,Gazi Üniversitesi#7
enternasyonal,https://tr.wikipedia.org/wiki/Enternasyonal,1,Orta Doğu Teknik Üniversitesi#373
Enver Behnan Şapolyo,https://tr.wikipedia.org/wiki/Enver_Behnan_%C5%9Eapolyo,1,Mustafa Kemal Atatürk#738
Enver Paşa,https://tr.wikipedia.org/wiki/Enver_Pa%C5%9Fa,8,Meclis-i Mebûsan#35;Mustafa Kemal Atatürk#103;Mustafa Kemal Atatürk#491;Mustafa Kemal Atatürk#792;Osmanlı İmparatorluğu#381;Türk Kurtuluş Savaşı Batı Cephesi#85;Türk Kurtuluş Savaşı#216;Türk Kurtuluş Savaşı#49
Enver Sedat,https://tr.wikipedia.org/wiki/Enver_Sedat,1,Mustafa Kemal Atatürk#864
Eordi,https://tr.wikipedia.org/wiki/Eordea,1,Ahameniş İmparatorluğu#290
Epaminondos,https://tr.wikipedia.org/wiki/Epaminondos,2,Antik Yunanistan#104;Antik Yunanistan#106
epe,https://tr.wikipedia.org/wiki/Epe,1,Eskrim#4
destanı,https://tr.wikipedia.org/wiki/Epik_%C5%9Fiir,1,II. Kiros#22
Epiktetos,https://tr.wikipedia.org/wiki/Epiktetos,1,Güreş#16
Epir,https://tr.wikipedia.org/wiki/Epir,1,İskender#23
Epir,https://tr.wikipedia.org/wiki/Epir_Despotlu%C4%9Fu,2,Bizans İmparatorluğu#304;Bizans İmparatorluğu#306
Equestrian,https://tr.wikipedia.org/wiki/Equestrian,2,Augustus#33;Septimius Severus#8
equites,https://tr.wikipedia.org/wiki/Equites,1,Augustus#84
Erasmus Mundus,https://tr.wikipedia.org/wiki/Erasmus_Program%C4%B1,1,Orta Doğu Teknik Üniversitesi#112
Erbaa,https://tr.wikipedia.org/wiki/Erbaa,1,Karadeniz Bölgesi#27
Erbeyli,https://tr.wikipedia.org/wiki/Erbeyli_Bask%C4%B1n%C4%B1,1,Türk Kurtuluş Savaşı Batı Cephesi#10
Erbil Beyliği,https://tr.wikipedia.org/wiki/Erbil_Beyli%C4%9Fi,7,Anadolu Selçuklu Devleti#2;Büyük Selçuklu İmparatorluğu#2;Germiyanoğulları Beyliği#2;Karamanoğulları Beyliği#27;Osmanlı İmparatorluğu#2;Selçuklu Hanedanı#2;Timur İmparatorluğu#2
Ercüment Sunter,https://tr.wikipedia.org/wiki/Erc%C3%BCment_Sunter,1,Türkiye millî basketbol takımı#132
Ercan Osmani,https://tr.wikipedia.org/wiki/Ercan_Osmani,1,Türkiye millî basketbol takımı#68
Erciyes,https://tr.wikipedia.org/wiki/Erciyes_Da%C4%9F%C4%B1,1,Kapadokya#1
Erdal İnönü,https://tr.wikipedia.org/wiki/Erdal_%C4%B0n%C3%B6n%C3%BC,2,Cumhuriyet Halk Partisi#70;Orta Doğu Teknik Üniversitesi#245
Erdal Koşan,https://tr.wikipedia.org/wiki/Erdal_Ko%C5%9Fan,1,Türkiye millî basketbol takımı#128
Erdal Poyrazoğlu,https://tr.wikipedia.org/wiki/Erdal_Poyrazo%C4%9Flu,4,Türkiye millî basketbol takımı#111;Türkiye millî basketbol takımı#116;Türkiye millî basketbol takımı#120;Türkiye millî basketbol takımı#122
Erdel,https://tr.wikipedia.org/wiki/Erdel,3,II. Murad#111;II. Murad#119;II. Murad#126
Erdel,https://tr.wikipedia.org/wiki/Erdel_Prensli%C4%9Fi,2,Osmanlı İmparatorluğu#14;Osmanlı İmparatorluğu#225
Erdemli,https://tr.wikipedia.org/wiki/Erdemli,2,Orta Doğu Teknik Üniversitesi#162;Orta Doğu Teknik Üniversitesi#168
Erdoğan Karabelen,https://tr.wikipedia.org/wiki/Erdo%C4%9Fan_Karabelen,3,Türkiye millî basketbol takımı#105;Türkiye millî basketbol takımı#107;Türkiye millî basketbol takımı#109
Erdoğan Partener,https://tr.wikipedia.org/wiki/Erdo%C4%9Fan_Partener,2,Türkiye millî basketbol takımı#103;Türkiye millî basketbol takımı#99
Ereğli,https://tr.wikipedia.org/wiki/Ere%C4%9Fli,2,Karamanoğulları BeyliğiCard#2;Kimmerler#8
Eretna,https://tr.wikipedia.org/wiki/Eretna_Beyli%C4%9Fi,11,Anadolu Selçuklu Devleti#2;Büyük Selçuklu İmparatorluğu#2;Germiyanoğulları Beyliği#2;Germiyanoğulları Beyliği#72;Karamanoğulları Beyliği#27;Kayseri#28;Osmanlı İmparatorluğu#2;Selçuklu Hanedanı#2;Timur İmparatorluğu#2;Çorum#12;Şarkışla#29
Ergin,"https://tr.wikipedia.org/wiki/Ergin,_Bala",1,Balâ#27
Ergin Ataman,https://tr.wikipedia.org/wiki/Ergin_Ataman,4,Türkiye millî basketbol takımı#154;Türkiye millî basketbol takımı#33;Türkiye millî basketbol takımı#34;Türkiye millî basketbol takımı#50
Erişte,https://tr.wikipedia.org/wiki/Eri%C5%9Fte,2,Balâ#45;Tutmaç çorbası#2
Ludendorff,https://tr.wikipedia.org/wiki/Erich_Ludendorff,1,Mustafa Kemal Atatürk#264
Falkenhayn,https://tr.wikipedia.org/wiki/Erich_von_Falkenhayn,1,Mustafa Kemal Atatürk#263
erik,https://tr.wikipedia.org/wiki/Erik,2,Gıda#24;Şarap#3
Erikli,https://tr.wikipedia.org/wiki/Erikli_Bask%C4%B1n%C4%B1,1,Türk Kurtuluş Savaşı Batı Cephesi#10
Erimtan Arkeoloji ve Sanat Müzesi,https://tr.wikipedia.org/wiki/Erimtan_Arkeoloji_ve_Sanat_M%C3%BCzesi,1,Ankara#106
Erythrae,https://tr.wikipedia.org/wiki/Erithrai,1,İzmir#20
Eritre,https://tr.wikipedia.org/wiki/Eritre,1,Osmanlı İmparatorluğu#17
Erivan,https://tr.wikipedia.org/wiki/Erivan,1,Osmanlı İmparatorluğu#214
Erkân-ı Harbiye-i Umumiye Vekaleti,https://tr.wikipedia.org/wiki/Erk%C3%A2n-%C4%B1_Harbiye-i_Um%C3%BBmiye_Vek%C3%A2leti,1,Osmanlı Hanedanı#32
Erkan Kandemir,https://tr.wikipedia.org/wiki/Erkan_Kandemir,1,2024 Türkiye yerel seçimleri#51
Erken Tunç Çağı,https://tr.wikipedia.org/wiki/Erken_Tun%C3%A7_%C3%87a%C4%9F%C4%B1,6,Gordion#3;Hititler#71;Konya#16;Tunç Çağı#22;İzmir#24
Erken dönem Anadolu Türk mimarisi,https://tr.wikipedia.org/wiki/Erken_d%C3%B6nem_Anadolu_T%C3%BCrk_mimarisi,1,Osmanlı İmparatorluğu#564
Ermal Kurtoğlu,https://tr.wikipedia.org/wiki/Ermal_Kurto%C4%9Flu,3,Türkiye millî basketbol takımı#142;Türkiye millî basketbol takımı#144;Türkiye millî basketbol takımı#146
Erman Kunter,https://tr.wikipedia.org/wiki/Erman_Kunter,4,Türkiye millî basketbol takımı#124;Türkiye millî basketbol takımı#126;Türkiye millî basketbol takımı#134;Türkiye millî basketbol takımı#25
Ermenek,https://tr.wikipedia.org/wiki/Ermenek,3,Karamanoğulları Beyliği#16;Karamanoğulları Beyliği#9;Karamanoğulları BeyliğiCard#2
Ermeni-Frig,https://tr.wikipedia.org/wiki/Ermeni-Frig,1,Frigler#80
Ermeni Apostolik Kilisesi,https://tr.wikipedia.org/wiki/Ermeni_Apostolik_Kilisesi,2,Osmanlı İmparatorluğu#446;İstanbul#225
Ermenistan,https://tr.wikipedia.org/wiki/Ermeni_Bagratuni_Krall%C4%B1%C4%9F%C4%B1,1,Bizans İmparatorluğu#184
Ermeni Kırımı,https://tr.wikipedia.org/wiki/Ermeni_K%C4%B1r%C4%B1m%C4%B1,2,1916 Ankara Yangını#11;Türkiye#96
Katolik,https://tr.wikipedia.org/wiki/Ermeni_Katolik_Kilisesi,1,Türkçe#130
Ermeni Sorunu,https://tr.wikipedia.org/wiki/Ermeni_Sorunu,1,Türkiye#89
Ermeni Yaylası,https://tr.wikipedia.org/wiki/Ermeni_Yaylalar%C4%B1,1,Anadolu#17
Ermeni,https://tr.wikipedia.org/wiki/Ermeni_alfabesi,3,Kimmerler#83;Türkçe#113;Türkçe#128
Ermeni harfli Türkçe,https://tr.wikipedia.org/wiki/Ermeni_harfli_T%C3%BCrk%C3%A7e,1,Türkçe#128
Ermenice,https://tr.wikipedia.org/wiki/Ermenice,10,Bizans İmparatorluğu#481;Davul#7;Kayseri#5;Kızılırmak#1;Osmanlı İmparatorluğu#434;Pavlusçuluk#4;Sivas#4;İstanbul#33;İzmir#235;Şarap#20
Ermeni,https://tr.wikipedia.org/wiki/Ermeniler,20,Ahilik#29;Anadolu Selçuklu Devleti#342;Anadolu Selçuklu Devleti#90;Büyük Selçuklu İmparatorluğu#50;Gemerek#2;Malazgirt Meydan Muharebesi#16;Malazgirt Meydan Muharebesi#17;Malazgirt Meydan Muharebesi#20;Medler#6;Osmanlı İmparatorluğu#421;Osmanlı İmparatorluğu#455;Osmanlı İmparatorluğu#527;Osmanlı İmparatorluğu#666;Pavlusçuluk#11;Sivas#82;Türkiye#47;Türkçe#128;İstanbul#228;İstanbul#238;İzmir#164
Ermenistan,https://tr.wikipedia.org/wiki/Ermenistan,18,Afşin#8;Ahameniş İmparatorluğu#143;Ahameniş İmparatorluğu#290;Ahameniş İmparatorluğu#92;Ankara Muharebesi#41;Antik Roma#63;Augustus#148;Augustus#269;Julianus#54;Kapadokya#32;Kete#31;Malazgirt Meydan Muharebesi#9;Mustafa Kemal Atatürk#449;Roma İmparatorluğu#218;Türkiye#185;Türkiye#2;Türkiye#216;Şarap#30
Ermenistan,https://tr.wikipedia.org/wiki/Ermenistan_Demokratik_Cumhuriyeti,2,Türk Kurtuluş Savaşı#131;Türk Kurtuluş Savaşı#5
Ernest Lavisse,https://tr.wikipedia.org/wiki/Ernest_Lavisse,1,Ankara Muharebesi#136
Ernst Arnold Egli,https://tr.wikipedia.org/wiki/Ernst_Arnold_Egli,1,Atatürk Orman Çiftliği#17
Erol Olçok,https://tr.wikipedia.org/wiki/Erol_Ol%C3%A7ok,1,Adalet ve Kalkınma Partisi#24
erozyonu,https://tr.wikipedia.org/wiki/Erozyon,1,Orman#48
Ersan İlyasova,https://tr.wikipedia.org/wiki/Ersan_%C4%B0lyasova,5,Türkiye millî basketbol takımı#144;Türkiye millî basketbol takımı#146;Türkiye millî basketbol takımı#148;Türkiye millî basketbol takımı#150;Türkiye millî basketbol takımı#6
Ertem Göreç,https://tr.wikipedia.org/wiki/Ertem_G%C3%B6re%C3%A7,1,Türkiye millî basketbol takımı#101
Ertuğrul,https://tr.wikipedia.org/wiki/Ertu%C4%9Frul,1,Türk Kurtuluş Savaşı Batı Cephesi#665
Ertuğrul Dursun Önkuzu,https://tr.wikipedia.org/wiki/Ertu%C4%9Frul_Dursun_%C3%96nkuzu,1,Milliyetçi Hareket Partisi#24
Ertuğrul Bey,https://tr.wikipedia.org/wiki/Ertu%C4%9Frul_Gazi,5,Germiyanoğulları Beyliği#48;Osmanlı Hanedanı#12;Osmanlı İmparatorluğu#50;Osmanlı İmparatorluğu#96
Ertuğrul Karakaya,https://tr.wikipedia.org/wiki/Ertu%C4%9Frul_Karakaya,1,Orta Doğu Teknik Üniversitesi#357
Mehmed Ertuğrul,https://tr.wikipedia.org/wiki/Ertu%C4%9Frul_Osman_Osmano%C4%9Flu,1,Osmanlı Hanedanı#17
Eryaman,https://tr.wikipedia.org/wiki/Eryaman,3,Eryaman Stadyumu#1;Eryaman Stadyumu#2;Eryaman StadyumuCard#1
"Gençlerbirliği U:(https://tr.wikipedia.org/wiki/Gen%C3%A7lerbirli%C4%9Fi_(futbol_tak%C4%B1m%C4%B1))___ , maçlarını ___E:Eryaman Stadyumu",https://tr.wikipedia.org/wiki/Eryaman_Stadyumu,1,Ankara#176
Erythrai,https://tr.wikipedia.org/wiki/Erythrai,1,Zeytinyağı#23
Erzen,https://tr.wikipedia.org/wiki/Erzen_Nehri,1,Malazgirt Meydan Muharebesi#30
Erzincan,https://tr.wikipedia.org/wiki/Erzincan,14,2014 Türkiye yerel seçimleri#21;Anadolu Selçuklu Devleti#123;Ankara Muharebesi#10;Balâ#24;Fırat#3;Kete#2;Milliyetçi Hareket Partisi#42;Milliyetçi Hareket Partisi#47;Milliyetçi Hareket Partisi#73;Milliyetçi Hareket Partisi#76;Sivas#85;Timur#151;Timur#257;Timur#428
Erzincan Beyliği,https://tr.wikipedia.org/wiki/Erzincan_Beyli%C4%9Fi,9,Anadolu Selçuklu Devleti#2;Ankara Muharebesi#43;Ankara Muharebesi#6;Büyük Selçuklu İmparatorluğu#2;Germiyanoğulları Beyliği#2;Karamanoğulları Beyliği#27;Osmanlı İmparatorluğu#2;Selçuklu Hanedanı#2;Timur İmparatorluğu#2
Erzurum,https://tr.wikipedia.org/wiki/Erzurum,27,2014 Türkiye yerel seçimleri#21;Anadolu Selçuklu Devleti#101;Anadolu Selçuklu Devleti#439;Balâ#3;Büyük Selçuklu İmparatorluğu#50;Fırat#2;Heyet-i Temsiliye#6;Heyet-i Temsiliye#9;I. Alâeddin Keykubad#20;Kete#12;Malazgirt Meydan Muharebesi#22;Milliyetçi Hareket Partisi#47;Mustafa Kemal Atatürk#236;Mustafa Kemal Atatürk#339;Mustafa Kemal Atatürk#346;Mustafa Kemal Atatürk#355;Mustafa Kemal Atatürk#797;Sivas#39;Süper Kupa#21;Timur#150;Timur#257;Türk Kurtuluş Savaşı#222;Türk Kurtuluş Savaşı#57;Türk Kurtuluş Savaşı#70;Türk Kurtuluş Savaşı#99;Türkiye Büyük Millet Meclisi#78;İzmir#167
Erzurum,https://tr.wikipedia.org/wiki/Erzurum_B%C3%BCy%C3%BCk%C5%9Fehir_Belediyesi,1,Büyükşehir belediyesi#18
Erzurum Kongresi,https://tr.wikipedia.org/wiki/Erzurum_Kongresi,8,Heyet-i Temsiliye#2;Kurtuluş Savaşı Müzesi#36;Mustafa Kemal Atatürk#346;Mustafa Kemal Atatürk#355;Türk Kurtuluş Savaşı#99;Türkiye Büyük Millet Meclisi#79;Türkiye Büyük Millet Meclisi#81;Türkiye'de cumhuriyetin ilanı#12
Esagila,https://tr.wikipedia.org/wiki/Esagila,2,II. Kiros#256;II. Kiros#257
Esarhaddon,https://tr.wikipedia.org/wiki/Esarhaddon,2,Kimmerler#14;Medler#35
Ahmet Özdemir U:(https://tr.wikipedia.org/wiki/Ahmet_%C3%96zdemir_(1943_do%C4%9Fumlu_siyaset%C3%A7i))___ ve ___E:Esat Bütün,https://tr.wikipedia.org/wiki/Esat_B%C3%BCt%C3%BCn,2,Büyük Birlik Partisi#23;Büyük Birlik Partisi#5
Esenboğa Uluslararası Havalimanı,https://tr.wikipedia.org/wiki/Esenbo%C4%9Fa_Uluslararas%C4%B1_Havaliman%C4%B1,1,"Çubuk, Ankara#3"
Eshilos,https://tr.wikipedia.org/wiki/Eshilos,2,Antik Yunanistan#2;Antik Yunanistan#66
Eskişehir,https://tr.wikipedia.org/wiki/Eski%C5%9Fehir,21,Fetret Devri#27;Frigler#129;Frigler#75;Frigya#30;Frigya#58;Germiyanoğulları Beyliği#52;Heyet-i Temsiliye#28;I. Bayezid#6;Konya#123;Mustafa Kemal Atatürk#472;Mustafa Kemal Atatürk#539;Osmanlı İmparatorluğu#96;Polatlı#1;Sakarya Meydan Muharebesi#31;Sakarya Nehri#8;Türk Kurtuluş Savaşı Batı Cephesi#10;Türk Kurtuluş Savaşı Batı Cephesi#589;Türk Kurtuluş Savaşı Batı Cephesi#665;Türk Kurtuluş Savaşı Batı Cephesi#814;Türk Kurtuluş Savaşı#21;İstanbul#573
Eskişehir,https://tr.wikipedia.org/wiki/Eski%C5%9Fehir_B%C3%BCy%C3%BCk%C5%9Fehir_Belediyesi,1,Büyükşehir belediyesi#18
Eskişehir Demirspor,https://tr.wikipedia.org/wiki/Eski%C5%9Fehir_Demirspor,2,Türkiye Futbol Şampiyonası#31;Türkiye Futbol Şampiyonası#33
Eski Ahit,https://tr.wikipedia.org/wiki/Eski_Ahit,5,Ahameniş İmparatorluğu#374;Dicle#27;Güreş#11;Hititler#142;Hititler#23
Eski Ahit'teki Hititler,https://tr.wikipedia.org/wiki/Eski_Ahit%27te_Hititler,3,Hititler#259;Hititler#35;Hititler#36
Eski Anadolu Türkçesi,https://tr.wikipedia.org/wiki/Eski_Anadolu_T%C3%BCrk%C3%A7esi,6,Büyük Selçuklu İmparatorluğu#6;I. Alâeddin Keykubad#1;Karamanoğulları BeyliğiCard#3;Selçuklu Hanedanı#6;Türkçe#312;Türkçe#52
Eski Dünya,https://tr.wikipedia.org/wiki/Eski_D%C3%BCnya,1,Şarap#7
Eski Eserler ve Anıtlar Yüksek Kurulu,https://tr.wikipedia.org/wiki/Eski_Eserler_ve_An%C4%B1tlar_Y%C3%BCksek_Kurulu,1,Cenabi Ahmed Paşa Camii#2
Eski Eserler ve Müzeler Genel Müdürlüğü,https://tr.wikipedia.org/wiki/Eski_Eserler_ve_M%C3%BCzeler_Genel_M%C3%BCd%C3%BCrl%C3%BC%C4%9F%C3%BC,1,Cumhuriyet Müzesi#7
Eski Farsça,https://tr.wikipedia.org/wiki/Eski_Fars%C3%A7a,14,Ahameniş İmparatorluğu#1;Ahameniş İmparatorluğu#11;Ahameniş İmparatorluğu#12;Ahameniş İmparatorluğu#357;Ahameniş İmparatorluğu#9;Farslar#1;Farslar#2;Farslar#5;II. Kiros#1;II. Kiros#18;II. Kiros#269;Medler#1;Medler#115;Medler#72
Kıpçakça,https://tr.wikipedia.org/wiki/Eski_K%C4%B1p%C3%A7ak%C3%A7a,1,Şarap#23
Eski Kilise Slavcası,https://tr.wikipedia.org/wiki/Eski_Kilise_Slavcas%C4%B1,1,Bizans İmparatorluğu#482
Eski Krallık,https://tr.wikipedia.org/wiki/Eski_Krall%C4%B1k,1,Şarap#34
Eski Latinceyi,https://tr.wikipedia.org/wiki/Eski_Latince,1,Latin harfleri#1
Eski Mısırlıların,https://tr.wikipedia.org/wiki/Eski_M%C4%B1s%C4%B1r,2,Davul#19;Şarap#9
yayıldı,https://tr.wikipedia.org/wiki/Eski_Osmanl%C4%B1_topraklar%C4%B1nda_%C5%9Fu_an_bulunan_devletler_listesi,2,Osmanlı İmparatorluğu#16;Türkiye#99
Eski Türkçe,https://tr.wikipedia.org/wiki/Eski_T%C3%BCrk%C3%A7e,5,Mustafa Kemal Atatürk#41;Türkçe#50;Türkçe#57;Türkçe#65
Göktürk alfabesi,https://tr.wikipedia.org/wiki/Eski_T%C3%BCrk_yaz%C4%B1s%C4%B1,2,Türkçe#109;Türkçe#114
Eski Taş Çağı,https://tr.wikipedia.org/wiki/Eski_Ta%C5%9F_%C3%87a%C4%9F%C4%B1,6,Ankara#108;Ankara#16;Ankara#28;Taş Devri#5;Türkiye#30;Türkiye#5
Eski Tunç Çağı,https://tr.wikipedia.org/wiki/Eski_Tun%C3%A7_%C3%87a%C4%9F%C4%B1,2,Gordion Müzesi#15;Yumurtatepe Tümülüsü#1
Eski Uygurca,https://tr.wikipedia.org/wiki/Eski_Uygur_T%C3%BCrk%C3%A7esi,2,Türkçe#116;Türkçe#312
Eski Uygur alfabesi,https://tr.wikipedia.org/wiki/Eski_Uygur_alfabesi,2,Türkçe#109;Türkçe#116
Eski Yunan harflerine,https://tr.wikipedia.org/wiki/Eski_Yunan_alfabeleri,1,Latin harfleri#3
Eski Yunanca,https://tr.wikipedia.org/wiki/Eski_Yunanca,1,Efes#1
Eski Yunanistan,https://tr.wikipedia.org/wiki/Eski_Yunanistan,2,Antik Yunanistan#200;Antik Yunanistan#208
Eskipazar,https://tr.wikipedia.org/wiki/Eskipazar,2,Anıtkabir#115;Karadeniz Bölgesi#12
Eskiyapar,https://tr.wikipedia.org/wiki/Eskiyapar_H%C3%B6y%C3%BC%C4%9F%C3%BC,5,Anadolu#45;Hititler#165;Hititler#82;Hititler#85;Çorum#10
eskizler,https://tr.wikipedia.org/wiki/Eskiz,1,Atatürk ve Kurtuluş Savaşı Müzesi#21
eskrim,https://tr.wikipedia.org/wiki/Eskrim,1,Ankara#180
esnaf,https://tr.wikipedia.org/wiki/Esnaf,1,Ahilik#8
esterler,https://tr.wikipedia.org/wiki/Ester,1,Şarap#105
Estonca,https://tr.wikipedia.org/wiki/Estonca,1,Hint-Avrupa halkları#3
Estonya,https://tr.wikipedia.org/wiki/Estonya_mill%C3%AE_basketbol_tak%C4%B1m%C4%B1,2,2001 Avrupa Basketbol Şampiyonası#9;Türkiye millî basketbol takımı#65
Et,https://tr.wikipedia.org/wiki/Et,3,Gıda#27;Osmanlı İmparatorluğu#605;Çorba#9
etanol,https://tr.wikipedia.org/wiki/Etanol,1,Şarap#2
Etibank,https://tr.wikipedia.org/wiki/Etibank,1,Mustafa Kemal Atatürk#23
etil alkol,https://tr.wikipedia.org/wiki/Etil_alkol,1,Şarap#114
Etiler,https://tr.wikipedia.org/wiki/Etiler,2,Güdül#3;Şarkışla#23
Etimesgut,https://tr.wikipedia.org/wiki/Etimesgut,7,Ankara Esenboğa Havalimanı#8;Eryaman Stadyumu#1;Eryaman StadyumuCard#1;Orta Doğu Teknik Üniversitesi#16;Yenimahalle#6;Yenimahalle#7;Yenimahalle#8
Etimolojik,https://tr.wikipedia.org/wiki/Etimoloji,2,Farslar#9;Kimmerler#67
Etiyokuşu Höyüğü,https://tr.wikipedia.org/wiki/Etiyoku%C5%9Fu_H%C3%B6y%C3%BC%C4%9F%C3%BC,1,Anadolu Medeniyetleri Müzesi#28
Etiyopya,https://tr.wikipedia.org/wiki/Etiyopya,4,Ahameniş İmparatorluğu#195;Ahameniş İmparatorluğu#290;Ahameniş İmparatorluğu#417;Mustafa Kemal Atatürk#693
etnik,https://tr.wikipedia.org/wiki/Etnik,1,Kimmerler#79
etnik kökeni,https://tr.wikipedia.org/wiki/Etnik_grup,1,Türkiye#313
Etnografya müzesi,https://tr.wikipedia.org/wiki/Etnografya,2,Ankara Etnografya MüzesiCard#4;Herodot#4
Etnolinguistik,https://tr.wikipedia.org/wiki/Etnolinguistik,1,Kimmerler#80
etnonimi,https://tr.wikipedia.org/wiki/Etnonim,1,Kimmerler#67
Etrüsk alfabesine,https://tr.wikipedia.org/wiki/Etr%C3%BCsk_alfabesi,1,Latin harfleri#5
Etrüsk,https://tr.wikipedia.org/wiki/Etr%C3%BCskler,4,Antik Roma#19;Antik Roma#28;Antik Roma#284;Latin harfleri#5
Eugène Pittard,https://tr.wikipedia.org/wiki/Eug%C3%A8ne_Pittard,1,Mustafa Kemal Atatürk#770
Eugenius,https://tr.wikipedia.org/wiki/Eugenius,1,Roma İmparatorluğu#409
Eukarpeia,https://tr.wikipedia.org/wiki/Eukarpia,1,Frigya#20
Eumeneia,https://tr.wikipedia.org/wiki/Eumania,1,Frigya#19
Euripides,https://tr.wikipedia.org/wiki/Euripides,1,Antik Yunanistan#269
Avrupa Basketbol Şampiyonası,https://tr.wikipedia.org/wiki/EuroBasket,4,1959 Avrupa Basketbol Şampiyonası#1;Ankara#177;Türkiye millî basketbol takımı#15;Türkiye millî basketbol takımı#2
FIBA EuroChallenge,https://tr.wikipedia.org/wiki/EuroChallenge,1,Türkiye#398
Galatasaray U:(https://tr.wikipedia.org/wiki/Galatasaray_(kad%C4%B1n_basketbol_tak%C4%B1m%C4%B1))___ kadın basketbol takımı 2008-09 ve 2017-18 sezonlarında ___E:EuroCup Women,https://tr.wikipedia.org/wiki/EuroCup_Kad%C4%B1nlar,1,Türkiye#405
EuroLeague,https://tr.wikipedia.org/wiki/EuroLeague,3,Türkiye#397;Türkiye#400;Türkiye#401
Euroleague,https://tr.wikipedia.org/wiki/EuroLeague_Women,2,Türkiye#406
Eurovision Şarkı Yarışması,https://tr.wikipedia.org/wiki/Eurovision_%C5%9Eark%C4%B1_Yar%C4%B1%C5%9Fmas%C4%B1,1,İstanbul#449
Eusebios,https://tr.wikipedia.org/wiki/Eusebios,1,Frigler#57
Euxine-Kolşik yaprak döken ormanlarına,https://tr.wikipedia.org/wiki/Euxine-Kol%C5%9Fik_yaprak_d%C3%B6ken_ormanlar,1,Türkiye#230
Evler,https://tr.wikipedia.org/wiki/Ev,5,Antik Yunanistan#176;Antik Yunanistan#179;Antik Yunanistan#181;Kiler#4
evcil hayvanların,https://tr.wikipedia.org/wiki/Evcil_hayvan,1,Hayvancılık#1
Evcil,https://tr.wikipedia.org/wiki/Evcil_hayvanlar,1,At#1
evcilleştiren,https://tr.wikipedia.org/wiki/Evcille%C5%9Ftirme,3,At#42;At#47;Taş Devri#22
Everyway That I Can,https://tr.wikipedia.org/wiki/Everyway_That_I_Can,1,Türkiye#374
evlenme cüzdanı,https://tr.wikipedia.org/wiki/Evlenme_c%C3%BCzdan%C4%B1,1,2014 Türkiye yerel seçimleri#24
Evliya Çelebi,https://tr.wikipedia.org/wiki/Evliya_%C3%87elebi,6,"Ayaş#4;Kalecik#22;Kızılcahamam#11;Sivas#30;Çubuk, Ankara#32;İzmir#102"
Evren,"https://tr.wikipedia.org/wiki/Evren,_Ankara",1,Şereflikoçhisar#20
Evrenos Bey,https://tr.wikipedia.org/wiki/Evrenos_Bey,4,I. Bayezid#121;I. Bayezid#33;I. Murad#40;I. Murad#81
Evrenosoğlu Ali Bey,https://tr.wikipedia.org/wiki/Evrenoso%C4%9Flu_Ali_Bey,1,II. Murad#85
evrimler,https://tr.wikipedia.org/wiki/Evrim,1,Türkçe#241
Euripides,https://tr.wikipedia.org/wiki/Evripides,2,Antik Yunanistan#2;Antik Yunanistan#66
Evzon,https://tr.wikipedia.org/wiki/Evzon,3,Türk Kurtuluş Savaşı Batı Cephesi#203;Türk Kurtuluş Savaşı#76;Türk Kurtuluş Savaşı#77
Expo,https://tr.wikipedia.org/wiki/Expo,1,İzmir#198
Expo 2015,https://tr.wikipedia.org/wiki/Expo_2015,1,İzmir#198
Expo 2020,https://tr.wikipedia.org/wiki/Expo_2020,1,İzmir#200
Extramücadele,https://tr.wikipedia.org/wiki/Extram%C3%BCcadele,1,Anıtkabir#312
Eyüp Sultan Camii,https://tr.wikipedia.org/wiki/Ey%C3%BCp_Sultan_Camii,1,İstanbul#126
Eyalet askerleri,https://tr.wikipedia.org/wiki/Eyalet_askerleri,3,Ankara Muharebesi#18;Osmanlı İmparatorluğu#353;Osmanlı İmparatorluğu#356
eyerin,https://tr.wikipedia.org/wiki/Eyer,1,Binicilik#9
Eymür,https://tr.wikipedia.org/wiki/Eym%C3%BCr_boyu,1,"Çubuk, Ankara#9"
Eymir Gölü,https://tr.wikipedia.org/wiki/Eymir_G%C3%B6l%C3%BC,4,Ankara Muharebesi#104;Orta Doğu Teknik Üniversitesi#131;Orta Doğu Teknik Üniversitesi#146;Orta Doğu Teknik Üniversitesi#193
eyvan,https://tr.wikipedia.org/wiki/Eyvan,1,Anıtkabir#166
Eyyubileri,https://tr.wikipedia.org/wiki/Eyy%C3%BBb%C3%AEler,3,Anadolu Selçuklu Devleti#112;Anadolu Selçuklu Devleti#248;I. Alâeddin Keykubad#6
Eyyüp Kadir İnan,https://tr.wikipedia.org/wiki/Eyy%C3%BCp_Kadir_%C4%B0nan,1,Adalet ve Kalkınma PartisiCard#3
Melodi,https://tr.wikipedia.org/wiki/Ezgi,1,Osmanlı İmparatorluğu#581
Ezra-Nehemya,https://tr.wikipedia.org/wiki/Ezra-Nehemya,1,Hititler#256
Ezra,https://tr.wikipedia.org/wiki/Ezra_Kitab%C4%B1,4,II. Kiros#171;II. Kiros#172;II. Kiros#206;II. Kiros#213
Fatımî,https://tr.wikipedia.org/wiki/F%C3%A2t%C4%B1m%C3%AEler,4,Bizans İmparatorluğu#251;Büyük Selçuklu İmparatorluğu#160;Büyük Selçuklu İmparatorluğu#53;Büyük Selçuklu İmparatorluğu#61
Fütüvvet,https://tr.wikipedia.org/wiki/F%C3%BCt%C3%BCvvet,1,Ahilik#13
Fütüvvet Teşkilatı,https://tr.wikipedia.org/wiki/F%C3%BCt%C3%BCvvet_Te%C5%9Fkilat%C4%B1,1,Ahilik#32
Fıkıh,https://tr.wikipedia.org/wiki/F%C4%B1k%C4%B1h,1,Timur#544
fıkralar,https://tr.wikipedia.org/wiki/F%C4%B1kra,1,Tandır#16
fındık,https://tr.wikipedia.org/wiki/F%C4%B1nd%C4%B1k,4,Gıda#26;Karadeniz Bölgesi#33;Karadeniz Bölgesi#64;İstanbul#282
fırınlarında,https://tr.wikipedia.org/wiki/F%C4%B1r%C4%B1n,4,Kete#14;Tandır#1;Tunç Çağı#6
Fırat,https://tr.wikipedia.org/wiki/F%C4%B1rat,20,Ankara Muharebesi#31;Ankara#46;Bizans İmparatorluğu#155;Dicle#1;Dicle#15;Dicle#17;Dicle#27;Dicle#28;Herodot#27;Hititler#144;II. Kiros#116;Kızılırmak#10;Osmanlı İmparatorluğu#168;Sakarya Nehri#1;Timur#256;Türkiye#215;Türkiye#50;İskender#174
uydu fırlatma araçlarının,https://tr.wikipedia.org/wiki/F%C4%B1rlatma_arac%C4%B1,1,Türkiye#302
fıstık,https://tr.wikipedia.org/wiki/F%C4%B1st%C4%B1k,1,Gıda#26
fıstık çamı,https://tr.wikipedia.org/wiki/F%C4%B1st%C4%B1k_%C3%A7am%C4%B1,2,Orman#45;İstanbul#453
Inter,https://tr.wikipedia.org/wiki/FC_Internazionale_Milano,1,İstanbul#481
FIBA,https://tr.wikipedia.org/wiki/FIBA,5,2001 Avrupa Basketbol Şampiyonası#1;2010 FIBA Dünya Basketbol Şampiyonası#2;2010 FIBA Dünya Basketbol Şampiyonası#6;EuroBasket#1;Türkiye millî basketbol takımı#50
FIBA Avrupa,https://tr.wikipedia.org/wiki/FIBA_Avrupa,1,EuroBasket#1
FIBA Basketbol Dünya Kupası,https://tr.wikipedia.org/wiki/FIBA_Basketbol_D%C3%BCnya_Kupas%C4%B1,4,EuroBasket#1;EuroBasket#3;Türkiye millî basketbol takımı#2;Türkiye millî basketbol takımı#40
FIBA Dünya Sıralaması,https://tr.wikipedia.org/wiki/FIBA_D%C3%BCnya_S%C4%B1ralamas%C4%B1,2,Türkiye millî basketbol takımı#1;Türkiye millî basketbol takımı#72
FIFA 20 Yaş Altı Dünya Kupası,https://tr.wikipedia.org/wiki/FIFA_20_Ya%C5%9F_Alt%C4%B1_D%C3%BCnya_Kupas%C4%B1,1,Türkiye#395
faşist,https://tr.wikipedia.org/wiki/Fa%C5%9Fist,2,Milliyetçi Hareket Partisi#29;Orta Doğu Teknik Üniversitesi#324
fabrikaları,https://tr.wikipedia.org/wiki/Fabrika,1,Bisiklet#27
Fahişelik,https://tr.wikipedia.org/wiki/Fahi%C5%9Felik,1,Antik Yunanistan#292
Fahrelnisa Zeid,https://tr.wikipedia.org/wiki/Fahr%C3%BCnnisa_Zeyd,1,Türkiye#364
Fahrettin,https://tr.wikipedia.org/wiki/Fahrettin_Altay,3,Mustafa Kemal Atatürk#296;Sakarya Meydan Muharebesi#47;Türk Kurtuluş Savaşı#188
Fahrettin Koca,https://tr.wikipedia.org/wiki/Fahrettin_Koca,1,2024 Türkiye yerel seçimleri#13
Fahri Korutürk,https://tr.wikipedia.org/wiki/Fahri_Korut%C3%BCrk,2,Mustafa Kemal Atatürk#868;Orta Doğu Teknik Üniversitesi#359
Faik Reşit Unat,https://tr.wikipedia.org/wiki/Faik_Re%C5%9Fit_Unat,1,Mustafa Kemal Atatürk#736
faize,https://tr.wikipedia.org/wiki/Faiz,1,Yeniden Refah Partisi#30
Fakülte,https://tr.wikipedia.org/wiki/Fak%C3%BClte,1,Üniversite#7
Fakir Baykurt,https://tr.wikipedia.org/wiki/Fakir_Baykurt,1,Ulucanlar Cezaevi Müzesi#10
falanjist,https://tr.wikipedia.org/wiki/Falanjizm,1,Mustafa Kemal Atatürk#855
Falanks,https://tr.wikipedia.org/wiki/Falanks,5,Ahameniş İmparatorluğu#305;İskender#250;İskender#252;İskender#253
Falih Rıfkı Atay,https://tr.wikipedia.org/wiki/Falih_R%C4%B1fk%C4%B1_Atay,4,Mustafa Kemal Atatürk#252;Mustafa Kemal Atatürk#317;Mustafa Kemal Atatürk#48;Orta Doğu Teknik Üniversitesi#223
ailesine (familya),https://tr.wikipedia.org/wiki/Familya,1,At#1
fantastik,https://tr.wikipedia.org/wiki/Fantastik_edebiyat,1,Anıtkabir#310
Farsça,https://tr.wikipedia.org/wiki/Fars%C3%A7a,29,Anadolu Selçuklu Devleti#6;Def#1;Farslar#1;Farslar#5;I. Alâeddin Keykubad#14;II. Kiros#21;II. Kiros#255;Kafkasya#6;Karamanoğulları Beyliği#1;Karamanoğulları BeyliğiCard#3;Medler#110;Medler#118;Medler#96;Osmanlı İmparatorluğu#434;Osmanlı İmparatorluğu#436;Osmanlı İmparatorluğu#532;Selçuklu Hanedanı#6;Timur İmparatorluğu#6;Timur İmparatorluğuCard#3;Timur#3;Türkçe#123;Türkçe#340;Türkçe#7;Türkçe#83;Türkçe#87;Türkçe#91;Şarap#16;Şırdan#11
İran,https://tr.wikipedia.org/wiki/Fars_edebiyat%C4%B1,4,Farslar#6;II. Kiros#175;Osmanlı İmparatorluğu#537;Türkiye#368
Farsala,https://tr.wikipedia.org/wiki/Farsala,1,I. Bayezid#28
Fars,https://tr.wikipedia.org/wiki/Farsla%C5%9Fm%C4%B1%C5%9F_toplum,3,Ahameniş İmparatorluğu#435;Timur İmparatorluğu#6;Timur#16
İranlılaşan,https://tr.wikipedia.org/wiki/Farsla%C5%9Fma,1,Büyük Selçuklu İmparatorluğu#11
Pers,https://tr.wikipedia.org/wiki/Farslar,24,Ahameniş İmparatorluğu#1;Ahameniş İmparatorluğu#18;Ahameniş İmparatorluğu#290;Ankara#16;Ankara#44;Augustus#254;Bizans İmparatorluğu#413;Konya#20;Kızılcahamam#6;Lidyalılar#1;Malazgirt Meydan Muharebesi#80;Medler#45;Medler#63;Osmanlı İmparatorluğu#527;Sivas#15;Sivas#41;Timur#135;Türkiye#48;Türkiye#60;Türkçe#340;İskender#123;İskender#233;İskender#50;İskender#6
Fas,https://tr.wikipedia.org/wiki/Fas,1,Üniversite#34
fasıl,https://tr.wikipedia.org/wiki/Fas%C4%B1l,1,Def#7
fasulye,https://tr.wikipedia.org/wiki/Fasulye,6,Antik Yunanistan#195;Balâ#49;Gıda#19;Osmanlı İmparatorluğu#610;Ticaret#8;İstanbul#282
Fatih,https://tr.wikipedia.org/wiki/Fatih,6,İstanbul#228;İstanbul#243;İstanbul#317;İstanbul#409;İstanbul#412;İstanbul#449
Fatih Özal,https://tr.wikipedia.org/wiki/Fatih_%C3%96zal,1,Türkiye millî basketbol takımı#126
Fatih Altaylı,https://tr.wikipedia.org/wiki/Fatih_Altayl%C4%B1,1,2024 Türkiye yerel seçimleri#73
Fatih Camii,https://tr.wikipedia.org/wiki/Fatih_Camii,2,Osmanlı İmparatorluğu#173;Osmanlı İmparatorluğu#652
Fatih Erbakan,https://tr.wikipedia.org/wiki/Fatih_Erbakan,10,2024 Türkiye yerel seçimleri#55;2024 Türkiye yerel seçimleri#60;Yeniden Refah Partisi#1;Yeniden Refah Partisi#11;Yeniden Refah Partisi#13;Yeniden Refah Partisi#15;Yeniden Refah Partisi#19;Yeniden Refah Partisi#26;Yeniden Refah PartisiCard#2;Yeniden Refah PartisiCard#5
Fatih Karahan,https://tr.wikipedia.org/wiki/Fatih_Karahan,1,Türkiye Büyük Millet Meclisi#2
Fatih Solak,https://tr.wikipedia.org/wiki/Fatih_Solak,2,Türkiye millî basketbol takımı#142;Türkiye millî basketbol takımı#144
Fatih Sultan Mehmet,https://tr.wikipedia.org/wiki/Fatih_Sultan_Mehmet,1,Şereflikoçhisar#18
Fatih Sultan Mehmet,https://tr.wikipedia.org/wiki/Fatih_Sultan_Mehmet_K%C3%B6pr%C3%BCs%C3%BC,4,Türkiye#290;İstanbul#584;İstanbul#601;İstanbul#92
fauna,https://tr.wikipedia.org/wiki/Fauna,2,Taş Devri#18;Türkiye#226
Fausta,https://tr.wikipedia.org/wiki/Fausta,1,Roma İmparatorluğu#302
Zonaro,https://tr.wikipedia.org/wiki/Fausto_Zonaro,1,Ankara Resim ve Heykel Müzesi#25
fay,https://tr.wikipedia.org/wiki/Fay,3,Türkiye#222;İstanbul#125;İstanbul#97
Fayanstan,https://tr.wikipedia.org/wiki/Fayans,1,Ankara Roma Hamamı#27
Fazilet Partisi,https://tr.wikipedia.org/wiki/Fazilet_Partisi,4,Adalet ve Kalkınma Partisi#20;Adalet ve Kalkınma Partisi#21;Adalet ve Kalkınma Partisi#8;Adalet ve Kalkınma PartisiCard#11
Fecr-i Ati,https://tr.wikipedia.org/wiki/Fecr-i_%C3%82t%C3%AE,1,Türkiye#371
Felah-ı Vatan İttifakı,https://tr.wikipedia.org/wiki/Fel%C3%A2h-%C4%B1_Vatan,1,Mustafa Kemal Atatürk#401
Felâh-ı Vatan Grubu,https://tr.wikipedia.org/wiki/Fel%C3%A2h-%C4%B1_Vatan_Grubu,1,Meclis-i MebûsanCard#6
felsefe,https://tr.wikipedia.org/wiki/Felsefe,1,İskender#47
feminizme,https://tr.wikipedia.org/wiki/Feminizm,1,Yeniden Refah Partisi#37
Fenari İsa Camii,https://tr.wikipedia.org/wiki/Fenari_%C4%B0sa_Camii,1,İstanbul#242
Fener,"https://tr.wikipedia.org/wiki/Fener,_Fatih",1,İstanbul#228
Fenerbahçe Şükrü Saracoğlu Stadyumu,https://tr.wikipedia.org/wiki/Fenerbah%C3%A7e_%C5%9E%C3%BCkr%C3%BC_Saraco%C4%9Flu_Stadyumu,3,Türkiye#395;İstanbul#480;İstanbul#487
Fenike,https://tr.wikipedia.org/wiki/Fenike,2,Antik Yunanistan#132;Septimius Severus#9
Fenike alfabesi,https://tr.wikipedia.org/wiki/Fenike_alfabesi,2,Antik Yunanistan#30;Latin harfleri#4
Fenikece,https://tr.wikipedia.org/wiki/Fenikece,2,Anadolu#53;Hititler#139
Fenike,https://tr.wikipedia.org/wiki/Fenikeliler,9,Ahameniş İmparatorluğu#174;Ahameniş İmparatorluğu#196;Ahameniş İmparatorluğu#290;Ahameniş İmparatorluğu#331;Ahameniş İmparatorluğu#45;İskender#170;İskender#171;İstanbul#57;Şarap#33
Ferdinand Foch,https://tr.wikipedia.org/wiki/Ferdinand_Foch,1,Türk Kurtuluş Savaşı Batı Cephesi#508
Ferec,https://tr.wikipedia.org/wiki/Ferec,1,Ankara Muharebesi#30
Fergana,https://tr.wikipedia.org/wiki/Fergana,2,Antik Yunanistan#4;Mutasım#71
Fergana,https://tr.wikipedia.org/wiki/Fergana_Vadisi,1,Ahameniş İmparatorluğu#280
Ferhat Oktay,https://tr.wikipedia.org/wiki/Ferhat_Oktay,1,Türkiye millî basketbol takımı#126
feribotlar,https://tr.wikipedia.org/wiki/Feribot,1,İstanbul#597
Feridun Akozan,https://tr.wikipedia.org/wiki/Feridun_Akozan,1,Anıtkabir#31
Feridun Emecen,https://tr.wikipedia.org/wiki/Feridun_Emecen,1,Osmanlı İmparatorluğu#69
Ferit Tek Bey,https://tr.wikipedia.org/wiki/Ferit_Tek,1,Türkiye'de cumhuriyetin ilanı#25
ferman,https://tr.wikipedia.org/wiki/Ferman,2,Madenî para#89;Osmanlı İmparatorluğu#303
fermente,https://tr.wikipedia.org/wiki/Fermantasyon,1,Şarap#1
festivaller,https://tr.wikipedia.org/wiki/Festival,6,Ankara Kalesi#3;Antik Yunanistan#194;Antik Yunanistan#209;Antik Yunanistan#241;Beypazarı Festivali#1;Uluslararası Çubuk Turşu ve Kültür Festivali#1
Fethi Gürcan,https://tr.wikipedia.org/wiki/Fethi_G%C3%BCrcan,1,Ulucanlar Cezaevi Müzesi#8
Fethi Okyar,https://tr.wikipedia.org/wiki/Fethi_Okyar,9,Mustafa Kemal Atatürk#103;Mustafa Kemal Atatürk#151;Mustafa Kemal Atatürk#174;Mustafa Kemal Atatürk#233;Mustafa Kemal Atatürk#283;Mustafa Kemal Atatürk#582;Mustafa Kemal Atatürk#644;Mustafa Kemal AtatürkCard#1;Türkiye Büyük Millet Meclisi#156
Fethiye,https://tr.wikipedia.org/wiki/Fethiye,1,Midas#11
Fethiye Camii,https://tr.wikipedia.org/wiki/Fethiye_Camii,1,İstanbul#426
FETÖ,https://tr.wikipedia.org/wiki/Fethullah%C3%A7%C4%B1lar,1,2024 Türkiye yerel seçimleri#17
Fetret Devri,https://tr.wikipedia.org/wiki/Fetret_Devri,8,"Ankara Muharebesi#2;Ankara Muharebesi#226;Ankara#57;I. BayezidCard#3;II. Murad#88;Osmanlı İmparatorluğu#139;Timur İmparatorluğu#54;Çubuk, Ankara#2"
fetret devrinin,https://tr.wikipedia.org/wiki/Fetret_devri,1,Timur İmparatorluğu#26
Fevzi Paşa,https://tr.wikipedia.org/wiki/Fevzi_%C3%87akmak,5,Mustafa Kemal Atatürk#233;Mustafa Kemal Atatürk#303;Mustafa Kemal Atatürk#570;Türk Kurtuluş Savaşı Batı Cephesi#1014;Türk Kurtuluş Savaşı#171
Fevzi Paşa,https://tr.wikipedia.org/wiki/Fevzi_Pa%C5%9Fa,2,Sakarya Meydan Muharebesi#11;Sakarya Meydan Muharebesi#19
Fevziye,"https://tr.wikipedia.org/wiki/Fevziye,_Etimesgut",1,Yenimahalle#8
Feza Gürsey Bilim Merkezi,https://tr.wikipedia.org/wiki/Feza_G%C3%BCrsey_Bilim_Merkezi,1,Ankara#106
Fidias,https://tr.wikipedia.org/wiki/Fidias,2,Antik Yunanistan#66;Efes#52
eylem,https://tr.wikipedia.org/wiki/Fiil,2,Türkçe#281;Türkçe#282
Fikirtepe Kültürü,https://tr.wikipedia.org/wiki/Fikirtepe_K%C3%BClt%C3%BCr%C3%BC,1,İstanbul#18
Fikret Mualla,https://tr.wikipedia.org/wiki/Fikret_Muall%C3%A2,2,Ankara Resim ve Heykel Müzesi#3;Türkiye#364
Fikret Ozansoy,https://tr.wikipedia.org/wiki/Fikret_Ozansoy,1,Kızılcahamam#14
Fikriye,https://tr.wikipedia.org/wiki/Fikriye_Han%C4%B1m,2,Mustafa Kemal Atatürk#173;Mustafa Kemal Atatürk#794
filler,https://tr.wikipedia.org/wiki/Fil,1,İskender#255
Fildişi Sahili,https://tr.wikipedia.org/wiki/Fildi%C5%9Fi_Sahili_mill%C3%AE_basketbol_tak%C4%B1m%C4%B1,1,2010 FIBA Dünya Basketbol Şampiyonası#14
file,https://tr.wikipedia.org/wiki/File,1,Voleybol#1
Filibe,https://tr.wikipedia.org/wiki/Filibe,2,I. Bayezid#123;I. Murad#43
Makedonya U:(https://tr.wikipedia.org/wiki/Makedonya_(eyalet))___ 'daki ___E:Filippi,https://tr.wikipedia.org/wiki/Filippi_Muharebesi,1,Augustus#94
Filistin,https://tr.wikipedia.org/wiki/Filistin,1,Osmanlı İmparatorluğu#193
Gazze Muharebesi U:(https://tr.wikipedia.org/wiki/Gazze_Muharebesi_(1516))___ ile ___E:Filistin,https://tr.wikipedia.org/wiki/Filistin_Devleti,1,Osmanlı İmparatorluğu#192
Filistin halkına,https://tr.wikipedia.org/wiki/Filistinliler,1,Cumhuriyet Halk Partisi#129
filolar,https://tr.wikipedia.org/wiki/Filo,1,Ticaret#130
filolog,https://tr.wikipedia.org/wiki/Filolog,1,II. Kiros#231
filolojisinin,https://tr.wikipedia.org/wiki/Filoloji,1,Medler#113
filozof,https://tr.wikipedia.org/wiki/Filozof,1,Üniversite#26
Fince,https://tr.wikipedia.org/wiki/Fince,1,Hint-Avrupa halkları#3
Finlandiya,https://tr.wikipedia.org/wiki/Finlandiya,2,Anıtkabir#268;Cumhuriyet Halk Partisi#126
Finlandiya,https://tr.wikipedia.org/wiki/Finlandiya_erkek_mill%C3%AE_buz_hokeyi_tak%C4%B1m%C4%B1,1,Buz hokeyi#7
Finlandiya,https://tr.wikipedia.org/wiki/Finlandiya_mill%C3%AE_basketbol_tak%C4%B1m%C4%B1,1,Türkiye millî basketbol takımı#20
Firavunu,https://tr.wikipedia.org/wiki/Firavun,1,Ahameniş İmparatorluğu#169
fit,https://tr.wikipedia.org/wiki/Fit,1,Demiryolu ulaşımı#5
Fiume,https://tr.wikipedia.org/wiki/Fiume_%C3%96zg%C3%BCr_Devleti,2,Türk Kurtuluş Savaşı Batı Cephesi#141;Türk Kurtuluş Savaşı Batı Cephesi#280
fizikçi,https://tr.wikipedia.org/wiki/Fizik%C3%A7i,1,Osmanlı İmparatorluğu#648
fiziki coğrafyada,https://tr.wikipedia.org/wiki/Fiziki_co%C4%9Frafya,1,Bozkır#1
Flöre,https://tr.wikipedia.org/wiki/Fl%C3%B6re,2,Eskrim#4;Eskrim#7
Flanders,https://tr.wikipedia.org/wiki/Flandre,1,Başkent#41
Flash Haber TV,https://tr.wikipedia.org/wiki/Flash_Haber_TV,1,İstanbul#522
Aetius,https://tr.wikipedia.org/wiki/Flavius_Aetius,1,Roma İmparatorluğu#417
Arrianus,https://tr.wikipedia.org/wiki/Flavius_Arrianus,2,Frigler#46;II. Kiros#143
Flavius Hanedanı,https://tr.wikipedia.org/wiki/Flavius_Hanedan%C4%B1,3,Antik Roma#49;Roma İmparatorluğu#163;Roma İmparatorluğu#67
Flavius Victor,https://tr.wikipedia.org/wiki/Flavius_Victor,1,Roma İmparatorluğu#400
flor,https://tr.wikipedia.org/wiki/Flor,1,Gıda#15
Floransa,https://tr.wikipedia.org/wiki/Floransa,1,Ticaret#57
Florida,https://tr.wikipedia.org/wiki/Florida,1,Orman#62
Florya,https://tr.wikipedia.org/wiki/Florya,1,İstanbul#142
Foça,https://tr.wikipedia.org/wiki/Fo%C3%A7a,1,Zeytinyağı#23
Fokaia,https://tr.wikipedia.org/wiki/Fokaia,2,Ahameniş İmparatorluğu#155;İzmir#20
Foks,https://tr.wikipedia.org/wiki/Foks,3,Anıtkabir#266;Atatürk ve Kurtuluş Savaşı Müzesi#6;Mustafa Kemal Atatürk#761
fonem,https://tr.wikipedia.org/wiki/Fonem,3,Türkçe#125;Türkçe#140;Türkçe#214
Forbes Dergisi,https://tr.wikipedia.org/wiki/Forbes,1,İstanbul#256
Formula 1,https://tr.wikipedia.org/wiki/Formula_1,1,İstanbul#482
Forum Gallorum,https://tr.wikipedia.org/wiki/Forum_Gallorum_Muharebesi,1,Augustus#75
fosfor,https://tr.wikipedia.org/wiki/Fosfor,1,Gıda#29
Foshan,https://tr.wikipedia.org/wiki/Foshan,1,İstanbul#629
Fosil yakıtlar,https://tr.wikipedia.org/wiki/Fosil_yak%C4%B1t,3,Bozkır#22;Gıda#8;Türkiye#270
Fotios bölünmesi,https://tr.wikipedia.org/wiki/Fotios_b%C3%B6l%C3%BCnmesi,1,Bizans İmparatorluğu#124
fotoğraf,https://tr.wikipedia.org/wiki/Foto%C4%9Fraf,1,Atatürk ve Kurtuluş Savaşı Müzesi#21
Fovizm,https://tr.wikipedia.org/wiki/Fovizm,1,Türkiye#363
Meninski,https://tr.wikipedia.org/wiki/Fran%C3%A7ois_%C3%A0_Mesgnien_Meninski,1,Şırdan#14
Francis William Newman,https://tr.wikipedia.org/wiki/Francis_William_Newman,1,Hititler#23
Frank,https://tr.wikipedia.org/wiki/Frank,1,Malazgirt Meydan Muharebesi#17
Frank-Walter Steinmeier,https://tr.wikipedia.org/wiki/Frank-Walter_Steinmeier,1,Cumhuriyet Halk Partisi#115
Frank,https://tr.wikipedia.org/wiki/Franklar,5,Anadolu Selçuklu Devleti#342;Bizans İmparatorluğu#416;Bizans İmparatorluğu#75;Julianus#27;Roma İmparatorluğu#384
Franklin D. Roosevelt,https://tr.wikipedia.org/wiki/Franklin_D._Roosevelt,1,Mustafa Kemal Atatürk#850
frankofon,https://tr.wikipedia.org/wiki/Frankofon,1,İstanbul#465
Latin krallıkları,https://tr.wikipedia.org/wiki/Frankokrasi,1,Bizans İmparatorluğu#14
Fransız şarabı,https://tr.wikipedia.org/wiki/Frans%C4%B1z_%C5%9Farab%C4%B1,1,Şarap#42
1789 Fransız Devrimi,https://tr.wikipedia.org/wiki/Frans%C4%B1z_Devrimi,1,Osmanlı İmparatorluğu#285
Fransızca,https://tr.wikipedia.org/wiki/Frans%C4%B1zca,11,Antik Roma#211;Krep#1;Mustafa Kemal Atatürk#769;Osmanlı İmparatorluğu#437;Osmanlı İmparatorluğu#526;Osmanlı İmparatorluğu#655;Santigrat#5;Türk Kurtuluş Savaşı Güney Cephesi#3;Türkçe#7;İstanbul#496;İzmir#234
Fransız,https://tr.wikipedia.org/wiki/Frans%C4%B1zlar,10,Ankara Roma Hamamı#17;Ankara kedisi#4;Ankara tavşanı#3;Osmanlı İmparatorluğu#255;Osmanlı İmparatorluğu#501;Türk Kurtuluş Savaşı Güney Cephesi#11;Türk Kurtuluş Savaşı Güney Cephesi#15;Türk Kurtuluş Savaşı#60;Türkiye#23;İzmir#109
Fransa,https://tr.wikipedia.org/wiki/Fransa,27,2010 FIBA Dünya Basketbol Şampiyonası#4;Ankara kedisi#17;Ankara tavşanı#11;Ankara tavşanı#15;Antik Roma#398;Antik Yunanistan#36;Anıtkabir#268;Anıtkabir#27;Bisiklet#27;Bisiklet#46;Güreş#17;Havayolu#4;Kardeş şehir#2;Kurtuluş Savaşı Müzesi#36;Lozan Barış Konferansı#2;Osmanlı İmparatorluğu#263;Osmanlı İmparatorluğu#379;Santigrat#2;Türk Kurtuluş Savaşı Güney Cephesi#9;Türk Kurtuluş Savaşı#242;Türk Kurtuluş Savaşı#72;Türkiye#163;Türkiye#249;Türkiye#376;Türkçe#23;Şarap#65;Şarap#8
Fransa'nın Mısır Seferi,https://tr.wikipedia.org/wiki/Fransa%27n%C4%B1n_M%C4%B1s%C4%B1r_ve_Suriye_seferi,1,Osmanlı İmparatorluğu#371
Fransa ile ittifak,https://tr.wikipedia.org/wiki/Fransa-Osmanl%C4%B1_ittifak%C4%B1,1,Osmanlı İmparatorluğu#201
Fransa,https://tr.wikipedia.org/wiki/Fransa_mill%C3%AE_basketbol_tak%C4%B1m%C4%B1,6,2001 Avrupa Basketbol Şampiyonası#7;2010 FIBA Dünya Basketbol Şampiyonası#10;Türkiye millî basketbol takımı#20;Türkiye millî basketbol takımı#55;Türkiye millî basketbol takımı#85;Türkiye millî basketbol takımı#87
Franz Babinger,https://tr.wikipedia.org/wiki/Franz_Babinger,1,Ankara Muharebesi#115
Arşidük Franz Ferdinand,https://tr.wikipedia.org/wiki/Franz_Ferdinand,2,Mustafa Kemal Atatürk#193;Osmanlı İmparatorluğu#286
Franz Josef Toprakları,https://tr.wikipedia.org/wiki/Franz_Josef_Topraklar%C4%B1,1,UTC+03.00#2
Fraortis,https://tr.wikipedia.org/wiki/Fraortis,2,Medler#46;MedlerCard#8
Freedom House,https://tr.wikipedia.org/wiki/Freedom_House,2,Türkiye#203;Türkiye#390
frengi,https://tr.wikipedia.org/wiki/Frengi,1,Madenî para#87
frenk üzümü,https://tr.wikipedia.org/wiki/Frenk_%C3%BCz%C3%BCm%C3%BC,1,Şarap#3
fresk,https://tr.wikipedia.org/wiki/Fresk,4,Antik Roma#226;Anıtkabir#12;Anıtkabir#72;Bizans İmparatorluğu#395
Friedrich Giese,https://tr.wikipedia.org/wiki/Friedrich_Giese,1,Ankara Muharebesi#115
Friedrich Ludwig Jahn,https://tr.wikipedia.org/wiki/Friedrich_Ludwig_Jahn,1,Jimnastik#13
Frig,https://tr.wikipedia.org/wiki/Frig,3,Höyük#10;Midas#12;Midas#27
Frig başlığı,https://tr.wikipedia.org/wiki/Frig_ba%C5%9Fl%C4%B1%C4%9F%C4%B1,1,Ankara Roma Hamamı#30
Frigce,https://tr.wikipedia.org/wiki/Frigce,3,Gordion#1;Gordion#45;Gordion#9
frigidarium,https://tr.wikipedia.org/wiki/Frigidarium,1,Ankara Roma Hamamı#48
Frigidus Savaşında,https://tr.wikipedia.org/wiki/Frigidus_Muharebesi,1,Roma İmparatorluğu#410
Frigler,https://tr.wikipedia.org/wiki/Frigler,23,"Ankara Roma Hamamı#22;Ankara Roma Hamamı#6;Ankara tavşanı#11;Ankara#16;Ankara#23;Ankara#47;Anıtkabir#47;Augustus Tapınağı#2;Frigya#2;Frigya#28;Gordion#12;Güdül#4;Hititler#163;Kimmerler#12;Konya#20;Kızılcahamam#6;Lidyalılar#4;Lidyalılar#8;Türkiye#43;Türkiye#5;Yumurtatepe Tümülüsü#2;Çorum#12;Çubuk, Ankara#19"
Frigya,https://tr.wikipedia.org/wiki/Frigya,20,Ahameniş İmparatorluğu#290;Ankara#113;Ankara#22;Ankara#34;Frigler#26;Frigler#70;Gordion#1;Gordion#5;II. Kiros#75;Kapadokya#19;Kimmerler#2;Lidyalılar#6;Midas#1;Midas#28;Midas#44;Polatlı#4;Türkiye#43;Türkiye#48;İskender#166;İzmir#30
friz,https://tr.wikipedia.org/wiki/Friz,1,Ahameniş İmparatorluğu#411
Fuar İzmir,https://tr.wikipedia.org/wiki/Fuar_%C4%B0zmir,1,İzmir#197
Fuat,https://tr.wikipedia.org/wiki/Fuat_Bulca,1,Mustafa Kemal Atatürk#103
Mehmet Fuad Köprülü,https://tr.wikipedia.org/wiki/Fuat_K%C3%B6pr%C3%BCl%C3%BC,3,Germiyanoğulları Beyliği#11;Osmanlı İmparatorluğu#61;Osmanlı İmparatorluğu#70
Fuat Sezgin,https://tr.wikipedia.org/wiki/Fuat_Sezgin,1,İstanbul#415
Fugger,https://tr.wikipedia.org/wiki/Fugger,1,Ticaret#77
fuhuş,https://tr.wikipedia.org/wiki/Fuhu%C5%9F,1,Lidyalılar#29
Fujian,https://tr.wikipedia.org/wiki/Fujian,1,Karate#3
Fulvia,https://tr.wikipedia.org/wiki/Fulvia,1,Augustus#105
Fulvia Plautilla,https://tr.wikipedia.org/wiki/Fulvia_Plautilla,3,Caracalla#6;CaracallaCard#6;Septimius Severus#37
funda,https://tr.wikipedia.org/wiki/Funda,1,Orman#49
Furkan Aldemir,https://tr.wikipedia.org/wiki/Furkan_Aldemir,1,Türkiye millî basketbol takımı#154
Furkan Korkmaz,https://tr.wikipedia.org/wiki/Furkan_Korkmaz,1,Türkiye millî basketbol takımı#8
futbol,https://tr.wikipedia.org/wiki/Futbol,5,Eryaman Stadyumu#1;Hentbol#3;Osmanlı İmparatorluğu#666;Türkiye Futbol Şampiyonası#1;Türkiye#391
futsal,https://tr.wikipedia.org/wiki/Futsal,1,Futsal Ligi#1
Futsal,https://tr.wikipedia.org/wiki/Futsal_Ligi,1,Ankara#186
gâvur,https://tr.wikipedia.org/wiki/G%C3%A2vur,1,Osmanlı İmparatorluğu#445
göçebe,https://tr.wikipedia.org/wiki/G%C3%B6%C3%A7ebelik,2,Ahameniş İmparatorluğu#17;Taş Devri#27
Göbekli Tepe,https://tr.wikipedia.org/wiki/G%C3%B6beklitepe,2,Anadolu#5;Türkiye#31
Gökçeada,https://tr.wikipedia.org/wiki/G%C3%B6k%C3%A7eada,1,Mustafa Kemal Atatürk#531
Gökçekaya,https://tr.wikipedia.org/wiki/G%C3%B6k%C3%A7ekaya_Baraj%C4%B1_ve_Hidroelektrik_Santrali,2,Karadeniz Bölgesi#63;Sakarya Nehri#12
Gökırmak,https://tr.wikipedia.org/wiki/G%C3%B6k%C4%B1rmak,1,Kızılırmak#1
gök gürültülü fırtına,https://tr.wikipedia.org/wiki/G%C3%B6k_g%C3%BCr%C3%BClt%C3%BCl%C3%BC_f%C4%B1rt%C4%B1na,1,Kırkikindi yağışları#7
astronomi,https://tr.wikipedia.org/wiki/G%C3%B6kbilim,2,I. Alâeddin Keykubad#15;Üniversite#34
gökbilimci,https://tr.wikipedia.org/wiki/G%C3%B6kbilimci,1,Osmanlı İmparatorluğu#648
Gökmen Çiçek,https://tr.wikipedia.org/wiki/G%C3%B6kmen_%C3%87i%C3%A7ek,1,KayseriCard#3
Göksu,https://tr.wikipedia.org/wiki/G%C3%B6ksu_Deresi,1,İstanbul#203
Göksun,https://tr.wikipedia.org/wiki/G%C3%B6ksun,1,Afşin#26
Göktürkçe,https://tr.wikipedia.org/wiki/G%C3%B6kt%C3%BCrk%C3%A7e,1,Türkçe#312
Göktürk-1,https://tr.wikipedia.org/wiki/G%C3%B6kt%C3%BCrk-1,1,Türkiye#302
Göktürk-2,https://tr.wikipedia.org/wiki/G%C3%B6kt%C3%BCrk-2,1,Türkiye#302
Göktürk-3,https://tr.wikipedia.org/wiki/G%C3%B6kt%C3%BCrk-3,1,Türkiye#302
Göktürk Kağanlığı,https://tr.wikipedia.org/wiki/G%C3%B6kt%C3%BCrk_Ka%C4%9Fanl%C4%B1%C4%9F%C4%B1,8,Anadolu Selçuklu Devleti#2;Büyük Selçuklu İmparatorluğu#2;Germiyanoğulları Beyliği#2;Karamanoğulları Beyliği#27;Osmanlı İmparatorluğu#2;Selçuklu Hanedanı#2;Timur İmparatorluğu#2;Türkçe#115
Gölleriyle,https://tr.wikipedia.org/wiki/G%C3%B6l,2,Dicle#2;Türkiye#207
Gölbaşı,"https://tr.wikipedia.org/wiki/G%C3%B6lba%C5%9F%C4%B1,_Ankara",5,Haymana#29;Haymana#30;Orta Doğu Teknik Üniversitesi#258;Yeniden Refah Partisi#24
gölge oyunu,https://tr.wikipedia.org/wiki/G%C3%B6lge_oyunu,1,Osmanlı İmparatorluğu#587
Göllü Dağ,https://tr.wikipedia.org/wiki/G%C3%B6ll%C3%BC_Da%C4%9F,2,Anadolu Medeniyetleri Müzesi#28;Kapadokya#1
Göller Bölgesi,https://tr.wikipedia.org/wiki/G%C3%B6ller_Y%C3%B6resi,2,II. Murad#50;II. Murad#92
Gölova,https://tr.wikipedia.org/wiki/G%C3%B6lova,2,Karadeniz Bölgesi#58;Sivas#9
Göreme,https://tr.wikipedia.org/wiki/G%C3%B6reme,1,Kapadokya#50
görme,https://tr.wikipedia.org/wiki/G%C3%B6rme,1,Şarap#93
Gur-i Emir,https://tr.wikipedia.org/wiki/G%C3%BBr-%C4%B1_Em%C3%AEr,3,Timur#566;Timur#568;TimurCard#6
güç kaynağı,https://tr.wikipedia.org/wiki/G%C3%BC%C3%A7_kayna%C4%9F%C4%B1,1,Teknoloji#9
güçler ayrılığı,https://tr.wikipedia.org/wiki/G%C3%BC%C3%A7ler_ayr%C4%B1l%C4%B1%C4%9F%C4%B1,1,Türkiye#164
Güdül,https://tr.wikipedia.org/wiki/G%C3%BCd%C3%BCl,5,Ankara keçisi#2;Ankara#116;Ankara#120;Ankara#169;Kızılcahamam#2
gül,https://tr.wikipedia.org/wiki/G%C3%BCl,2,Anıtkabir#105;Midas#47
Gülçiçek Hatun,https://tr.wikipedia.org/wiki/G%C3%BCl%C3%A7i%C3%A7ek_Hatun,4,I. Bayezid#2;I. Bayezid#3;I. BayezidCard#12;I. MuradCard#7
Gülbağı,"https://tr.wikipedia.org/wiki/G%C3%BClba%C4%9F%C4%B1,_Bala",2,Balâ#20;Balâ#27
Güldarpı,"https://tr.wikipedia.org/wiki/G%C3%BCldarp%C4%B1,_%C3%87ubuk",1,"Çubuk, Ankara#23"
Gülhane Hastanesi,https://tr.wikipedia.org/wiki/G%C3%BClhane_E%C4%9Fitim_ve_Ara%C5%9Ft%C4%B1rma_Hastanesi,1,Orta Doğu Teknik Üniversitesi#275
Gülhane Parkı,https://tr.wikipedia.org/wiki/G%C3%BClhane_Park%C4%B1,2,Osmanlı İmparatorluğu#275;İstanbul#449
güllaçtı,https://tr.wikipedia.org/wiki/G%C3%BClla%C3%A7,1,Osmanlı İmparatorluğu#642
gümüş,https://tr.wikipedia.org/wiki/G%C3%BCm%C3%BC%C5%9F,13,Anıtkabir#307;Asur#14;Lidyalılar#18;Madenî para#1;Madenî para#19;Madenî para#32;Madenî para#71;Madenî para#85;İskender#117;İskender#118;İskender#121;İstanbul#291;İstanbul#400
gümüş madalya,https://tr.wikipedia.org/wiki/G%C3%BCm%C3%BC%C5%9F_madalya,5,2001 Avrupa Basketbol Şampiyonası#2;Türkiye millî basketbol takımı#14;Türkiye millî basketbol takımı#24;Türkiye millî basketbol takımı#69;Türkiye millî basketbol takımı#8
Gümüşhane,https://tr.wikipedia.org/wiki/G%C3%BCm%C3%BC%C5%9Fhane,9,2014 Türkiye yerel seçimleri#21;Davul#8;Karadeniz Bölgesi#37;Kete#2;Milliyetçi Hareket Partisi#47;Milliyetçi Hareket Partisi#53;Milliyetçi Hareket Partisi#57;Milliyetçi Hareket Partisi#59;Milliyetçi Hareket Partisi#76
Gümüş,"https://tr.wikipedia.org/wiki/G%C3%BCm%C3%BC%C5%9Fk%C3%B6y,_K%C3%BCtahya",1,Germiyanoğulları Beyliği#130
Gümüşler Manastırı,https://tr.wikipedia.org/wiki/G%C3%BCm%C3%BC%C5%9Fler_Manast%C4%B1r%C4%B1,1,Niğde#46
Gümülcine,https://tr.wikipedia.org/wiki/G%C3%BCm%C3%BClcine,3,I. Murad#43;I. Murad#81;Türkçe#39
Gümrü,https://tr.wikipedia.org/wiki/G%C3%BCmr%C3%BC,1,Türk Kurtuluş Savaşı#25
Gümrü Antlaşması,https://tr.wikipedia.org/wiki/G%C3%BCmr%C3%BC_Antla%C5%9Fmas%C4%B1,4,Mustafa Kemal Atatürk#449;Türk Kurtuluş Savaşı Batı Cephesi#567;Türk Kurtuluş Savaşı#139;Türk Kurtuluş Savaşı#25
Gümrük,https://tr.wikipedia.org/wiki/G%C3%BCmr%C3%BCk,1,Ticaret#122
Gün Sazak,https://tr.wikipedia.org/wiki/G%C3%BCn_Sazak,2,Milliyetçi Hareket Partisi#20;Milliyetçi Hareket Partisi#26
gündoğumu,https://tr.wikipedia.org/wiki/G%C3%BCndo%C4%9Fumu,1,Anadolu#10
Güneş,https://tr.wikipedia.org/wiki/G%C3%BCne%C5%9F,2,II. Kiros#19;Osmanlı İmparatorluğu#653
Güneş-Dil Teorisi,https://tr.wikipedia.org/wiki/G%C3%BCne%C5%9F-Dil_Teorisi,1,Cumhuriyet Halk Partisi#29
Güneş enerjisi,https://tr.wikipedia.org/wiki/G%C3%BCne%C5%9F_enerjisi,1,Türkiye#270
güneş kursu,https://tr.wikipedia.org/wiki/G%C3%BCne%C5%9F_kursu,1,Ankara Roma Hamamı#28
Güneş tutuldu,https://tr.wikipedia.org/wiki/G%C3%BCne%C5%9F_tutulmas%C4%B1,1,Medler#58
Güner Yalçıner,https://tr.wikipedia.org/wiki/G%C3%BCner_Yal%C3%A7%C4%B1ner,1,Türkiye millî basketbol takımı#109
Güney,"https://tr.wikipedia.org/wiki/G%C3%BCney,_Sinanpa%C5%9Fa",1,Yeniden Refah Partisi#16
Güney Ülmen,https://tr.wikipedia.org/wiki/G%C3%BCney_%C3%9Clmen,1,Türkiye millî basketbol takımı#103
Güney İtalya,https://tr.wikipedia.org/wiki/G%C3%BCney_%C4%B0talya,1,Bizans İmparatorluğu#144
Güney Afrika,https://tr.wikipedia.org/wiki/G%C3%BCney_Afrika_Cumhuriyeti,2,Ankara keçisi#2;Başkent#8
Güney Afrika,https://tr.wikipedia.org/wiki/G%C3%BCney_Afrika_Cumhuriyeti%27nde_COVID-19_pandemisi,1,2024 Türkiye yerel seçimleri#13
Güney Almanya,https://tr.wikipedia.org/wiki/G%C3%BCney_Almanya,1,II. Kiros#233
Güney Amerika,https://tr.wikipedia.org/wiki/G%C3%BCney_Amerika,4,Batı dünyası#3;Bozkır#4;Köppen iklim sınıflandırması#90;Köppen iklim sınıflandırması#98
Güney Asya,https://tr.wikipedia.org/wiki/G%C3%BCney_Asya,1,Ahameniş İmparatorluğu#3
Azerbaycan,https://tr.wikipedia.org/wiki/G%C3%BCney_Azerbaycan,2,Karamanoğulları Beyliği#4;Medler#119
Güney Hiung-nu,https://tr.wikipedia.org/wiki/G%C3%BCney_Hiung-nu,7,Anadolu Selçuklu Devleti#1;Büyük Selçuklu İmparatorluğu#1;Germiyanoğulları Beyliği#1;Karamanoğulları Beyliği#26;Osmanlı İmparatorluğu#1;Selçuklu Hanedanı#1;Timur İmparatorluğu#1
Güney Kafkas dillerine,https://tr.wikipedia.org/wiki/G%C3%BCney_Kafkas_dilleri,1,Şarap#20
Güney Kafkasya,https://tr.wikipedia.org/wiki/G%C3%BCney_Kafkasya,4,Ahameniş İmparatorluğu#92;Kafkasya#2;Kete#1;Şarap#28
Güney Kore,https://tr.wikipedia.org/wiki/G%C3%BCney_Kore,1,Anıtkabir#170
Güney Kore,https://tr.wikipedia.org/wiki/G%C3%BCney_Kore%27de_COVID-19_pandemisi,1,2024 Türkiye yerel seçimleri#13
Slavların,https://tr.wikipedia.org/wiki/G%C3%BCney_Slavlar%C4%B1,1,Bizans İmparatorluğu#141
Güneybatı Asya,https://tr.wikipedia.org/wiki/G%C3%BCneybat%C4%B1_Asya,1,Fırat#1
Güneybatı Kafkas Geçici Milli Hükümeti,https://tr.wikipedia.org/wiki/G%C3%BCneybat%C4%B1_Kafkas_Ge%C3%A7ici_H%C3%BCk%C3%BBmeti,7,Anadolu Selçuklu Devleti#4;Büyük Selçuklu İmparatorluğu#4;Germiyanoğulları Beyliği#4;Karamanoğulları Beyliği#29;Osmanlı İmparatorluğu#4;Selçuklu Hanedanı#4;Timur İmparatorluğu#4
Güneyce,"https://tr.wikipedia.org/wiki/G%C3%BCneyce,_G%C3%BCd%C3%BCl",1,Güdül#24
Güneydoğu,https://tr.wikipedia.org/wiki/G%C3%BCneydo%C4%9Fu,1,Dicle#6
Güneydoğu Anadolu,https://tr.wikipedia.org/wiki/G%C3%BCneydo%C4%9Fu_Anadolu_B%C3%B6lgesi,6,Timur İmparatorluğu#26;Türk Kurtuluş Savaşı#19;Türkiye#218;Türkiye#241;Türkçe#154;İç Anadolu Bölgesi#4
Güneydoğu Anadolu Projesi,https://tr.wikipedia.org/wiki/G%C3%BCneydo%C4%9Fu_Anadolu_Projesi,1,Türkiye'de tarım#14
Güneydoğu Asya,https://tr.wikipedia.org/wiki/G%C3%BCneydo%C4%9Fu_Asya,1,Türkiye#86
Güneydoğu Avrupa,https://tr.wikipedia.org/wiki/G%C3%BCneydo%C4%9Fu_Avrupa,4,II. Kiros#3;Türkiye#1;Türkçe#1;Türkçe#11
gece ve gündüz arasındaki sıcaklık,https://tr.wikipedia.org/wiki/G%C3%BCnl%C3%BCk_s%C4%B1cakl%C4%B1k_fark%C4%B1,3,Karadeniz Bölgesi#77;Karasal iklim#3;Köppen iklim sınıflandırması#92
Gürün,https://tr.wikipedia.org/wiki/G%C3%BCr%C3%BCn,1,Sivas#7
kızını,https://tr.wikipedia.org/wiki/G%C3%BCrc%C3%BC_Hatun,1,I. Alâeddin Keykubad#118
Gürcü alfabeleri,https://tr.wikipedia.org/wiki/G%C3%BCrc%C3%BC_alfabesi,2,Türkçe#113;Türkçe#135
Gürcüce,https://tr.wikipedia.org/wiki/G%C3%BCrc%C3%BCce,2,Bizans İmparatorluğu#481;Şarap#20
Gürcü,https://tr.wikipedia.org/wiki/G%C3%BCrc%C3%BCler,7,Anadolu#72;Bizans İmparatorluğu#394;Büyük Selçuklu İmparatorluğu#50;I. Alâeddin Keykubad#116;Malazgirt Meydan Muharebesi#17;Timur#145;Türkiye#315
Gürcistan,https://tr.wikipedia.org/wiki/G%C3%BCrcistan,13,Anadolu Selçuklu Devleti#311;Anadolu Selçuklu Devleti#341;Ankara Muharebesi#41;I. Alâeddin Keykubad#116;Kafkasya#41;Karadeniz Bölgesi#1;Karadeniz Bölgesi#68;Türkiye#2;Türkiye#216;İstanbul#426;İstanbul#568;Şarap#26;Şarap#6
Gürcistan,https://tr.wikipedia.org/wiki/G%C3%BCrcistan_Krall%C4%B1%C4%9F%C4%B1,1,Bizans İmparatorluğu#185
Gürcistan,https://tr.wikipedia.org/wiki/G%C3%BCrcistan_mill%C3%AE_basketbol_tak%C4%B1m%C4%B1,1,Türkiye millî basketbol takımı#53
güreş,https://tr.wikipedia.org/wiki/G%C3%BCre%C5%9F,7,Ankara#180;Antik Roma#247;Karate#26;Kızılcahamam#17;Mustafa Kemal Atatürk#760;Osmanlı İmparatorluğu#665;Türkiye#409
Gürer Gülsevin,https://tr.wikipedia.org/wiki/G%C3%BCrer_G%C3%BClsevin,1,Türkçe#315
Cürcan,https://tr.wikipedia.org/wiki/G%C3%BCrgan,1,Timur#135
gürgen,https://tr.wikipedia.org/wiki/G%C3%BCrgen,2,Orman#54;İstanbul#166
Güroymak,https://tr.wikipedia.org/wiki/G%C3%BCroymak,1,2014 Türkiye yerel seçimleri#33
gürz,https://tr.wikipedia.org/wiki/G%C3%BCrz,1,Ankara Muharebesi#196
güveci,https://tr.wikipedia.org/wiki/G%C3%BCve%C3%A7,1,Beypazarı#98
güvercin,https://tr.wikipedia.org/wiki/G%C3%BCvercin,2,Osmanlı İmparatorluğu#607;İstanbul#183
güvercinlikler,https://tr.wikipedia.org/wiki/G%C3%BCvercinlik,1,Kapadokya#51
Güvercinlik,"https://tr.wikipedia.org/wiki/G%C3%BCvercinlik,_S%C4%B1rbistan",1,II. Murad#89
Güvercinlik Havalimanı,https://tr.wikipedia.org/wiki/G%C3%BCvercinlik_Havaliman%C4%B1,1,Ankara Esenboğa Havalimanı#8
Güvercinlik Vadisi,https://tr.wikipedia.org/wiki/G%C3%BCvercinlik_Vadisi,1,Kapadokya#50
güz,https://tr.wikipedia.org/wiki/G%C3%BCz,1,Dicle#4
Güzel Sanatlar Oyuncuları,https://tr.wikipedia.org/wiki/G%C3%BCzel_Sanatlar_Oyuncular%C4%B1,1,İzmir#209
Güzelbahçe,https://tr.wikipedia.org/wiki/G%C3%BCzelbah%C3%A7e,1,İzmir#172
Güzergâhlar,https://tr.wikipedia.org/wiki/G%C3%BCzerg%C3%A2h,1,Ticaret#141
gıda,https://tr.wikipedia.org/wiki/G%C4%B1da,3,Ankara#11;Türkiye#256;İstanbul#256
gıda güvenliği,https://tr.wikipedia.org/wiki/G%C4%B1da_g%C3%BCvenli%C4%9Fi,1,Gıda#9
Gıda ve Tarım Örgütü,https://tr.wikipedia.org/wiki/G%C4%B1da_ve_Tar%C4%B1m_%C3%96rg%C3%BCt%C3%BC,1,Gıda#10
G-20,https://tr.wikipedia.org/wiki/G20,3,Türkiye#17;Türkiye#174;Türkiye#247
Gagavuzca,https://tr.wikipedia.org/wiki/Gagavuzca,3,Türkçe#12;Türkçe#159;Türkçe#8
Gaia,https://tr.wikipedia.org/wiki/Gaia,1,Antik Yunanistan#235
Gaius Caesar,https://tr.wikipedia.org/wiki/Gaius_Caesar,2,Augustus#283;AugustusCard#8
Cassius,https://tr.wikipedia.org/wiki/Gaius_Cassius_Longinus,2,Augustus#85;Augustus#94
Gaius Marius,https://tr.wikipedia.org/wiki/Gaius_Marius,3,Antik Roma#156;Antik Roma#337;Antik Roma#40
Gaius Octavius,https://tr.wikipedia.org/wiki/Gaius_Octavius,2,Augustus#33;AugustusCard#11
Plinius,https://tr.wikipedia.org/wiki/Gaius_Plinius_Secundus,2,Kafkasya#5;İstanbul#37
Gaius Sosius,https://tr.wikipedia.org/wiki/Gaius_Sosius,1,Augustus#160
Pansa,https://tr.wikipedia.org/wiki/Gaius_Vibius_Pansa_Caetronianus,1,Augustus#5
İstanbul kardeleni,https://tr.wikipedia.org/wiki/Galanthus_plicatus_subsp._byzantinus,1,İstanbul#164
Galat,https://tr.wikipedia.org/wiki/Galat,1,Galatlar#22
Galata,https://tr.wikipedia.org/wiki/Galata,2,İstanbul#209;İstanbul#260
Galatasaray Lisesi,https://tr.wikipedia.org/wiki/Galatasaray_Lisesi,2,İstanbul#465;İstanbul#496
Galatlar,https://tr.wikipedia.org/wiki/Galatlar,11,Ankara Kalesi#1;Ankara tavşanı#11;Ankara#112;Ankara#16;Ankara#23;Ankara#48;Augustus Tapınağı#3;Frigya#13;Kızılcahamam#6;Tektosaglar#16;Şereflikoçhisar#9
Galatya,https://tr.wikipedia.org/wiki/Galatya,3,Ankara Kalesi#5;Tektosaglar#15;Şereflikoçhisar#8
Amintas,https://tr.wikipedia.org/wiki/Galatyal%C4%B1_Amyntas,2,Augustus Tapınağı#3;Augustus#258
Galba,https://tr.wikipedia.org/wiki/Galba,2,Roma İmparatorluğu#163;Roma İmparatorluğu#169
Sezar U:(https://tr.wikipedia.org/wiki/Sezar_(%C3%BCnvan))___ adıyla birer alt imparator atamalarıyla imparatorluk biraz daha bölündü. ___E:Galerius,https://tr.wikipedia.org/wiki/Galerius,1,Roma İmparatorluğu#281
Galler,https://tr.wikipedia.org/wiki/Galler,1,Demiryolu ulaşımı#15
Galleria,https://tr.wikipedia.org/wiki/Galleria,1,İstanbul#460
Gallia Narbonensis,https://tr.wikipedia.org/wiki/Gallia_Narbonensis,2,Antik Roma#345;Augustus#75
Gallienus,https://tr.wikipedia.org/wiki/Gallienus,1,Antik Roma#356
Cymry,https://tr.wikipedia.org/wiki/Galliler,1,Kimmerler#90
Galya,https://tr.wikipedia.org/wiki/Galya,10,Antik Roma#4;Antik Roma#42;Augustus#188;Augustus#98;Caracalla#2;CaracallaCard#4;Julianus#23;Roma İmparatorluğu#190;Tektosaglar#22;Tektosaglar#23
Galyalılara,https://tr.wikipedia.org/wiki/Galyal%C4%B1lar,1,Galatlar#1
Gamay,https://tr.wikipedia.org/wiki/Gamay,2,Şarap#78;Şarap#80
Ganj,https://tr.wikipedia.org/wiki/Ganj,1,Timur#228
Ganj Nehri,https://tr.wikipedia.org/wiki/Ganj_Nehri,1,Antik Yunanistan#141
Garamantlar,https://tr.wikipedia.org/wiki/Garamantlar,2,Augustus#238;Septimius Severus#4
Garipçiler,https://tr.wikipedia.org/wiki/Garip_hareketi,1,Türkiye#372
garnizon,https://tr.wikipedia.org/wiki/Garnizon,2,Ahameniş İmparatorluğu#37;I. Alâeddin Keykubad#96
garos,https://tr.wikipedia.org/wiki/Garos,1,Bizans İmparatorluğu#423
garosa,https://tr.wikipedia.org/wiki/Garum,1,Bizans İmparatorluğu#420
Gatalar,https://tr.wikipedia.org/wiki/Gatalar,1,II. Kiros#188
Gaugamela,https://tr.wikipedia.org/wiki/Gaugamela_Muharebesi,5,Ahameniş İmparatorluğu#223;Ahameniş İmparatorluğu#325;Türkiye#49;İskender#187;İskender#7
Gaugamela Savaşı,https://tr.wikipedia.org/wiki/Gaugamela_Sava%C5%9F%C4%B1,1,Antik Yunanistan#136
Gavur Kalesi,https://tr.wikipedia.org/wiki/Gavur_Kalesi,1,Haymana#35
gayda,https://tr.wikipedia.org/wiki/Gayda,1,Bizans İmparatorluğu#418
Gayrimüslimler,https://tr.wikipedia.org/wiki/Gayrim%C3%BCslim,5,Osmanlı İmparatorluğu#10;Osmanlı İmparatorluğu#391;Osmanlı İmparatorluğu#438;Türk Kurtuluş Savaşı#67;İslam devleti#40
gayrimenkul,https://tr.wikipedia.org/wiki/Gayrimenkul,1,Türkiye#261
GSMH,https://tr.wikipedia.org/wiki/Gayrisafi_mill%C3%AE_has%C4%B1la,3,Mustafa Kemal Atatürk#656;Türkiye'de tarım#9;İstanbul#264
GSYİH,https://tr.wikipedia.org/wiki/Gayrisafi_yurt_i%C3%A7i_has%C4%B1la,2,Türkiye#256;Türkiye#278
gaza,https://tr.wikipedia.org/wiki/Gaza,4,Ankara Muharebesi#56;Osmanlı İmparatorluğu#104;Osmanlı İmparatorluğu#9;Osmanlı İmparatorluğu#98
gazavatnâme,https://tr.wikipedia.org/wiki/Gazav%C3%A2tn%C3%A2me,1,İstanbul#36
gazellerinde,https://tr.wikipedia.org/wiki/Gazel,1,Osmanlı İmparatorluğu#537
Gazetecileri Koruma Komitesi,https://tr.wikipedia.org/wiki/Gazetecileri_Koruma_Komitesi,2,Türkiye#200;Türkiye#201
Mareşal U:(https://tr.wikipedia.org/wiki/Mare%C5%9Fal_(T%C3%BCrkiye))___ ) rütbesine terfi ettirdi ve ___E:Gazi,https://tr.wikipedia.org/wiki/Gazi,5,Malazgirt Meydan Muharebesi#42;Mustafa Kemal Atatürk#496;Mustafa Kemal Atatürk#6;Osmanlı Hanedanı#7;Sakarya Meydan Muharebesi#47
Gazi Üniversitesi,https://tr.wikipedia.org/wiki/Gazi_%C3%9Cniversitesi,3,Ankara#186;Mustafa Kemal Atatürk#826;Orta Doğu Teknik Üniversitesi#74
Diş Hekimliği,https://tr.wikipedia.org/wiki/Gazi_%C3%9Cniversitesi_Di%C5%9F_Hekimli%C4%9Fi_Fak%C3%BCltesi,2,Gazi Üniversitesi#11;Gazi Üniversitesi#2
Gazi Üniversitesi Eczacılık Fakültesi,https://tr.wikipedia.org/wiki/Gazi_%C3%9Cniversitesi_Eczac%C4%B1l%C4%B1k_Fak%C3%BCltesi,1,Gazi Üniversitesi#24
Fen-Edebiyat Fakültesi,https://tr.wikipedia.org/wiki/Gazi_%C3%9Cniversitesi_Fen_Edebiyat_Fak%C3%BCltesi,1,Gazi Üniversitesi#75
Fen,https://tr.wikipedia.org/wiki/Gazi_%C3%9Cniversitesi_Fen_Fak%C3%BCltesi,1,Gazi Üniversitesi#2
Mühendislik,https://tr.wikipedia.org/wiki/Gazi_%C3%9Cniversitesi_M%C3%BChendislik_Fak%C3%BCltesi,1,Gazi Üniversitesi#2
Maltepe,https://tr.wikipedia.org/wiki/Gazi_%C3%9Cniversitesi_Maltepe_Kamp%C3%BCs%C3%BC,1,Gazi Üniversitesi#3
Beşevler,https://tr.wikipedia.org/wiki/Gazi_%C3%9Cniversitesi_Rekt%C3%B6rl%C3%BCk_Kamp%C3%BCs%C3%BC,1,Gazi Üniversitesi#3
Resim Heykel Müzesi,https://tr.wikipedia.org/wiki/Gazi_%C3%9Cniversitesi_Resim_Heykel_M%C3%BCzesi,1,Gazi Üniversitesi#34
Gazi Üniversitesi SK,https://tr.wikipedia.org/wiki/Gazi_%C3%9Cniversitesi_SK,1,Gazi ÜniversitesiCard#12
Gazi Üniversitesi Tıp Fakültesi,https://tr.wikipedia.org/wiki/Gazi_%C3%9Cniversitesi_T%C4%B1p_Fak%C3%BCltesi,2,Gazi Üniversitesi#14;Gazi Üniversitesi#2
Gazi Eğitim Enstitüsü,https://tr.wikipedia.org/wiki/Gazi_E%C4%9Fitim_Fak%C3%BCltesi,4,Gazi Üniversitesi#15;Gazi Üniversitesi#2;Gazi Üniversitesi#34;Gazi Üniversitesi#9
Mantıka Palas,https://tr.wikipedia.org/wiki/Gazi_M%C3%BCzesi,1,Mustafa Kemal Atatürk#324
Antep,https://tr.wikipedia.org/wiki/Gaziantep,14,2014 Türkiye yerel seçimleri#21;Ankara Muharebesi#49;Fırat#3;Fırat#30;Mustafa Kemal Atatürk#755;Orta Doğu Teknik Üniversitesi#162;Orta Doğu Teknik Üniversitesi#305;Timur#328;Türk Kurtuluş Savaşı Güney Cephesi#5;Türk Kurtuluş Savaşı#145;Türk Kurtuluş Savaşı#19;Türk Kurtuluş Savaşı#240;İstanbul#596
Gaziantep Üniversitesi,https://tr.wikipedia.org/wiki/Gaziantep_%C3%9Cniversitesi,2,Orta Doğu Teknik Üniversitesi#162;Orta Doğu Teknik Üniversitesi#307
Gaziantep,https://tr.wikipedia.org/wiki/Gaziantep_B%C3%BCy%C3%BCk%C5%9Fehir_Belediyesi,1,Büyükşehir belediyesi#18
Gazibey,"https://tr.wikipedia.org/wiki/Gazibey,_Sivas",1,Şarkışla#173
Gaziemir,https://tr.wikipedia.org/wiki/Gaziemir,2,İzmir#114;İzmir#197
Gazneliler,https://tr.wikipedia.org/wiki/Gazneliler,11,Anadolu Selçuklu Devleti#2;Anadolu Selçuklu Devleti#9;Büyük Selçuklu İmparatorluğu#2;Büyük Selçuklu İmparatorluğu#28;Büyük Selçuklu İmparatorluğu#73;Germiyanoğulları Beyliği#2;Karamanoğulları Beyliği#27;Osmanlı İmparatorluğu#2;Selçuklu Hanedanı#13;Selçuklu Hanedanı#2;Timur İmparatorluğu#2
gazveler,https://tr.wikipedia.org/wiki/Gazve,1,Bizans İmparatorluğu#308
Gazze Savaşı'ndaki,https://tr.wikipedia.org/wiki/Gazze_Sava%C5%9F%C4%B1,1,Adalet ve Kalkınma Partisi#52
Geç Antik Çağ,https://tr.wikipedia.org/wiki/Ge%C3%A7_Antik_%C3%87a%C4%9F,3,Bizans İmparatorluğu#1;Bizans İmparatorluğu#66;Roma İmparatorluğu#276
Geç-Hitit devletleri,https://tr.wikipedia.org/wiki/Ge%C3%A7_Hitit_Devletleri,1,Hititler#259
Geç Hitit,https://tr.wikipedia.org/wiki/Ge%C3%A7_Hititler,3,Anadolu#52;Hatti#2;Sivas#13
Geç Latince,https://tr.wikipedia.org/wiki/Ge%C3%A7_Latince,1,Bizans İmparatorluğuCard#4
Geç Orta Çağ,https://tr.wikipedia.org/wiki/Ge%C3%A7_Orta_%C3%87a%C4%9F,1,Karamanoğulları BeyliğiCard#9
Geç,https://tr.wikipedia.org/wiki/Ge%C3%A7_Tun%C3%A7_%C3%87a%C4%9F%C4%B1,4,Gordion Müzesi#28;Lidyalılar#6;Tunç Çağı#22
Gebze,https://tr.wikipedia.org/wiki/Gebze,2,Otoyol#15;İstanbul#89
Gebze,https://tr.wikipedia.org/wiki/Gebze_Tren_%C4%B0stasyonu,1,İstanbul#614
kentleşti,https://tr.wikipedia.org/wiki/Gecekondu,1,Türkiye'de tarım#17
Gedik Ahmed Paşa,https://tr.wikipedia.org/wiki/Gedik_Ahmed_Pa%C5%9Fa,1,Osmanlı İmparatorluğu#169
Gediz,"https://tr.wikipedia.org/wiki/Gediz,_K%C3%BCtahya",5,Germiyanoğulları Beyliği#120;Türk Kurtuluş Savaşı Batı Cephesi#583;Türk Kurtuluş Savaşı Batı Cephesi#587;Türk Kurtuluş Savaşı Batı Cephesi#663;Türk Kurtuluş Savaşı#168
Gediz Muharebeleri,https://tr.wikipedia.org/wiki/Gediz_Muharebeleri,3,Mustafa Kemal Atatürk#456;Türk Kurtuluş Savaşı Batı Cephesi#13;Türk Kurtuluş Savaşı Batı Cephesi#663
Gediz,https://tr.wikipedia.org/wiki/Gediz_Nehri,4,Frigya#4;Lidyalılar#3;Sakarya Nehri#7;Türkiye#29
Gelecek Partisi,https://tr.wikipedia.org/wiki/Gelecek_Partisi,3,2024 Türkiye yerel seçimleri#87;Adalet ve Kalkınma Partisi#82;Adalet ve Kalkınma PartisiCard#10
gelenek,https://tr.wikipedia.org/wiki/Gelenek,1,"Çubuk, Ankara#26"
gelişmiş ülke,https://tr.wikipedia.org/wiki/Geli%C5%9Fmi%C5%9F_%C3%BClke,1,Lozan Antlaşması#34
Gelibolu,https://tr.wikipedia.org/wiki/Gelibolu,7,Bizans İmparatorluğu#318;Fetret Devri#33;I. Murad#50;II. Murad#16;Mustafa Kemal Atatürk#234;Osmanlı İmparatorluğu#362;Osmanlı İmparatorluğu#368
Gelibolu Yarımadası,https://tr.wikipedia.org/wiki/Gelibolu_Yar%C4%B1madas%C4%B1,3,Mustafa Kemal Atatürk#205;Mustafa Kemal Atatürk#206;Osmanlı İmparatorluğu#122
Gelibolulu Mustafa Âlî,https://tr.wikipedia.org/wiki/Gelibolulu_Mustafa_%C3%82l%C3%AE,1,Ankara Muharebesi#129
gem,https://tr.wikipedia.org/wiki/Gem,1,Kimmerler#52
Gemerek,https://tr.wikipedia.org/wiki/Gemerek,2,Ankara#162;Şarkışla#2
gemi,https://tr.wikipedia.org/wiki/Gemi,1,İstanbul#347
gemi çapası,https://tr.wikipedia.org/wiki/Gemi_%C3%A7apas%C4%B1,1,Ankara#21
gemi yapımından,https://tr.wikipedia.org/wiki/Gemi_in%C5%9Faat%C4%B1_ve_deniz_m%C3%BChendisli%C4%9Fi,1,Türkiye#253
Geminbeli Geçidi,https://tr.wikipedia.org/wiki/Geminbeli_Ge%C3%A7idi,1,Sivas#10
Cato,https://tr.wikipedia.org/wiki/Gen%C3%A7_Cato,1,Roma İmparatorluğu#105
Vipsania Julia,https://tr.wikipedia.org/wiki/Gen%C3%A7_Julia,1,Augustus#283
GENÇPARTİ,https://tr.wikipedia.org/wiki/Gen%C3%A7_Parti,2,2024 Türkiye yerel seçimleri#30;Türkiye Büyük Millet Meclisi#205
Genç Telekom,https://tr.wikipedia.org/wiki/Gen%C3%A7_Telekom_Spor_Kul%C3%BCb%C3%BC,1,Ankara Spor SalonuCard#6
Gençliğe Hitabe,https://tr.wikipedia.org/wiki/Gen%C3%A7li%C4%9Fe_Hitabe,1,Anıtkabir#120
Gençlik Olimpiyat Oyunları,https://tr.wikipedia.org/wiki/Gen%C3%A7lik_Olimpiyat_Oyunlar%C4%B1,1,Güreş#64
Gence,https://tr.wikipedia.org/wiki/Gence,1,Büyük Selçuklu İmparatorluğu#50
modern Japon dövüş sanatı,https://tr.wikipedia.org/wiki/Gendai_bud%C5%8D,1,Judo#1
genel oy hakkı,https://tr.wikipedia.org/wiki/Genel_oy_hakk%C4%B1,1,Türkiye#146
genelevler,https://tr.wikipedia.org/wiki/Genelev,1,Antik Roma#246
Genelkurmay Başkanı,https://tr.wikipedia.org/wiki/Genelkurmay_Ba%C5%9Fkan%C4%B1,1,Sakarya Meydan Muharebesi#19
geniş bant,https://tr.wikipedia.org/wiki/Geni%C5%9F_bant,1,Türkiye#385
geometrik,https://tr.wikipedia.org/wiki/Geometri,1,Niğde#94
Georg W. F. Hegel,https://tr.wikipedia.org/wiki/Georg_Wilhelm_Friedrich_Hegel,1,Ahameniş İmparatorluğu#443
Lord Curzon,https://tr.wikipedia.org/wiki/George_Curzon,9,Lozan Barış Konferansı#21;Lozan Barış Konferansı#4;Türk Kurtuluş Savaşı Batı Cephesi#195;Türk Kurtuluş Savaşı Batı Cephesi#460;Türk Kurtuluş Savaşı Batı Cephesi#503;Türk Kurtuluş Savaşı Batı Cephesi#65;Türk Kurtuluş Savaşı Batı Cephesi#8;Türk Kurtuluş Savaşı#22;Türk Kurtuluş Savaşı#91
George Milne,https://tr.wikipedia.org/wiki/George_Milne,1,Mustafa Kemal Atatürk#314
George Stephenson,https://tr.wikipedia.org/wiki/George_Stephenson,1,Demiryolu ulaşımı#5
Clemenceau,https://tr.wikipedia.org/wiki/Georges_Clemenceau,2,Türk Kurtuluş Savaşı Batı Cephesi#113;Türk Kurtuluş Savaşı Batı Cephesi#196
Leygues,https://tr.wikipedia.org/wiki/Georges_Leygues,1,Türk Kurtuluş Savaşı Batı Cephesi#698
Çiçerin,https://tr.wikipedia.org/wiki/Georgi_%C3%87i%C3%A7erin,1,Lozan Barış Konferansı#21
Georgiy Ostrogorskiy,https://tr.wikipedia.org/wiki/Georgi_Ostrogorski,2,Bizans İmparatorluğu#269;Bizans İmparatorluğu#379
Georgios Amirutzis,https://tr.wikipedia.org/wiki/Georgios_Amiruces,1,Osmanlı İmparatorluğu#647
Georgios Frantzis,https://tr.wikipedia.org/wiki/Georgios_Francis,1,Ankara Muharebesi#114
Georgios Hatzianestis,https://tr.wikipedia.org/wiki/Georgios_Hatzianestis,1,Sakarya Meydan Muharebesi#43
Gepidler,https://tr.wikipedia.org/wiki/Gepidler,1,Bizans İmparatorluğu#78
Gerçek Haç,https://tr.wikipedia.org/wiki/Ger%C3%A7ek_Ha%C3%A7,1,Bizans İmparatorluğu#94
Gerede,https://tr.wikipedia.org/wiki/Gerede,1,Ankara Muharebesi#78
gergedan,https://tr.wikipedia.org/wiki/Gergedan,1,Eski Taş Çağı#13
gerilla savaşı,https://tr.wikipedia.org/wiki/Gerilla_sava%C5%9F%C4%B1,1,Türk Kurtuluş Savaşı#24
Germanicus,https://tr.wikipedia.org/wiki/Germanicus,3,Augustus#275;Augustus#294;Roma İmparatorluğu#123
Germen kabilelerine,https://tr.wikipedia.org/wiki/Germenler,1,Julianus#23
Süleyman Şah,https://tr.wikipedia.org/wiki/Germiyano%C4%9Flu_S%C3%BCleyman_%C5%9Eah,4,Germiyanoğulları Beyliği#159;Germiyanoğulları Beyliği#59;Germiyanoğulları Beyliği#61;Germiyanoğulları BeyliğiCard#8
Germiyanoğulları,https://tr.wikipedia.org/wiki/Germiyano%C4%9Fullar%C4%B1_Beyli%C4%9Fi,23,Anadolu Selçuklu Devleti#2;Ankara Muharebesi#176;Ankara Muharebesi#42;Ankara#56;Büyük Selçuklu İmparatorluğu#2;I. Bayezid#138;I. Bayezid#37;I. Bayezid#40;I. Bayezid#5;I. Bayezid#6;I. Murad#76;II. Murad#41;II. Murad#76;Karamanoğulları Beyliği#27;Osmanlı İmparatorluğu#105;Osmanlı İmparatorluğu#129;Osmanlı İmparatorluğu#156;Osmanlı İmparatorluğu#2;Osmanlı İmparatorluğu#536;Osmanlı İmparatorluğu#95;Selçuklu Hanedanı#2;Timur İmparatorluğu#2;Timur#462
Getae,https://tr.wikipedia.org/wiki/Getae,1,İskender#141
gettoları,https://tr.wikipedia.org/wiki/Getto,1,Antik Roma#76
gevişgetiren,https://tr.wikipedia.org/wiki/Gevi%C5%9Fgetirenler,1,Şırdan#1
geyik,https://tr.wikipedia.org/wiki/Geyik,1,Eski Taş Çağı#13
Geyve,https://tr.wikipedia.org/wiki/Geyve,1,Ankara Muharebesi#78
Geyve Boğazı,https://tr.wikipedia.org/wiki/Geyve_Bo%C4%9Faz%C4%B1,1,Sakarya Nehri#11
gezgin,https://tr.wikipedia.org/wiki/Gezgin,1,Ankara Roma Hamamı#17
2013 Gezi Parkı protestolarına,https://tr.wikipedia.org/wiki/Gezi_Park%C4%B1_olaylar%C4%B1,2,Cumhuriyet Halk Partisi#94;Türkiye#116
Gichin Funakoshi,https://tr.wikipedia.org/wiki/Gichin_Funakoshi,1,Karate#7
Giges,https://tr.wikipedia.org/wiki/Gigis,2,Kimmerler#15;Lidyalılar#8
Gilan,https://tr.wikipedia.org/wiki/Gilan_Belediyesi,1,Türkçe#33
Giovanni Muzio,https://tr.wikipedia.org/wiki/Giovanni_Muzio,1,Anıtkabir#31
Giresun,https://tr.wikipedia.org/wiki/Giresun,4,2014 Türkiye yerel seçimleri#21;Davul#8;Karadeniz Bölgesi#37;Karadeniz Bölgesi#58
Giresun Adası,https://tr.wikipedia.org/wiki/Giresun_Adas%C4%B1,1,Karadeniz Bölgesi#48
Giresun Kalesi,https://tr.wikipedia.org/wiki/Giresun_Kalesi,1,Karadeniz Bölgesi#48
Girit,https://tr.wikipedia.org/wiki/Girit,7,Osmanlı İmparatorluğu#168;Osmanlı İmparatorluğu#256;Osmanlı İmparatorluğu#260;Tunç Çağı#11;Zeytinyağı#18;İskender#254
Girit,https://tr.wikipedia.org/wiki/Girit_Emirli%C4%9Fi,2,Bizans İmparatorluğu#118;Bizans İmparatorluğu#149
Girit Uygarlığı,https://tr.wikipedia.org/wiki/Girit_Uygarl%C4%B1%C4%9F%C4%B1,1,Antik Yunanistan#11
Giulio Mongeri,https://tr.wikipedia.org/wiki/Giulio_Mongeri,1,Ziraat Bankası Müzesi#2
giyim,https://tr.wikipedia.org/wiki/Giyim,1,Antik Yunanistan#247
gladyatör,https://tr.wikipedia.org/wiki/Gladyat%C3%B6r,1,Roma İmparatorluğu#197
Glagol alfabesi,https://tr.wikipedia.org/wiki/Glagol_alfabesi,1,Bizans İmparatorluğu#196
gliserin,https://tr.wikipedia.org/wiki/Gliserin,1,Zeytinyağı#2
Pompey,https://tr.wikipedia.org/wiki/Gnaeus_Pompeius_Magnus,7,Antik Roma#41;Augustus#115;Augustus#205;Augustus#41;Augustus#83;Roma İmparatorluğu#56;İzmir#64
gnostik,https://tr.wikipedia.org/wiki/Gnostik,1,Pavlusçuluk#5
Gordion,https://tr.wikipedia.org/wiki/Gordion,14,Ankara#16;Ankara#36;Ankara#46;Frigler#29;Frigler#32;Frigler#76;Frigler#89;Frigya#32;Frigya#6;Kimmerler#13;Midas#1;Midas#19;Midas#33;Polatlı#3
Gordion düğümünü,https://tr.wikipedia.org/wiki/Gordion_D%C3%BC%C4%9F%C3%BCm%C3%BC,1,İskender#166
Gordion Müzesi,https://tr.wikipedia.org/wiki/Gordion_M%C3%BCzesi,1,Ankara#109
Gordios,https://tr.wikipedia.org/wiki/Gordios,3,Frigler#39;Frigya#6;Gordion#23
Gordium,https://tr.wikipedia.org/wiki/Gordium,1,Frigya#9
Gorgon,https://tr.wikipedia.org/wiki/Gorgonlar,1,Asklepios#11
Gostivar,https://tr.wikipedia.org/wiki/Gostivar_Belediyesi,1,Türkçe#33
Got,https://tr.wikipedia.org/wiki/Gotlar,4,Anadolu Selçuklu Devleti#342;Efes#12;Julianus#13;Malazgirt Meydan Muharebesi#17
Gotlar Sütunu,https://tr.wikipedia.org/wiki/Gotlar_S%C3%BCtunu,1,İstanbul#415
Gracchus,https://tr.wikipedia.org/wiki/Gracchus,1,Antik Roma#38
grafitiler,https://tr.wikipedia.org/wiki/Grafiti,1,Antik Roma#246
gramatik cinsiyetin,https://tr.wikipedia.org/wiki/Gramatik_cinsiyet,1,Türkçe#7
Gırnata,https://tr.wikipedia.org/wiki/Granada,1,Üniversite#34
Grandükü,https://tr.wikipedia.org/wiki/Grand%C3%BCk,1,Bizans İmparatorluğu#350
Çanakkale U:(https://tr.wikipedia.org/wiki/%C3%87anakkale_(il))___ ili sınırları içerisinde kalan ___E:Granikos Çayı,https://tr.wikipedia.org/wiki/Granikos_%C3%87ay%C4%B1,1,Antik Yunanistan#129
Granikos,https://tr.wikipedia.org/wiki/Granikos_Muharebesi,2,Ahameniş İmparatorluğu#223;İskender#162
Granikos Savaşları,https://tr.wikipedia.org/wiki/Granikos_Sava%C5%9F%C4%B1,1,Farslar#23
Gratianus,https://tr.wikipedia.org/wiki/Gratianus,1,Roma İmparatorluğu#352
gravürlerde,https://tr.wikipedia.org/wiki/Grav%C3%BCr,1,Ankara Roma Hamamı#17
Grekçe,https://tr.wikipedia.org/wiki/Grek%C3%A7e,29,Ahameniş İmparatorluğu#367;Anadolu#1;Ankara#21;Augustus Tapınağı#23;Bizans İmparatorluğu#18;Bizans İmparatorluğu#2;Bizans İmparatorluğu#200;Bizans İmparatorluğu#417;Gordion#1;Gordion#8;Herodot#1;II. Kiros#8;Kimmerler#1;Kimmerler#71;Kızılırmak#1;Medler#96;Niğde#3;Sivas#4;İskender#1;İskender#18;İstanbul#37;Şarap#18;Şarap#20
Greko-Budizm,https://tr.wikipedia.org/wiki/Greko-Budizm,1,Ahameniş İmparatorluğu#281
Greko-Romen,https://tr.wikipedia.org/wiki/Greko-Romen,5,Bizans İmparatorluğu#21;GüreşCard#2;Hititler#200;Kimmerler#66;Türkiye#357
Grekoromen güreş,https://tr.wikipedia.org/wiki/Grekoromen_g%C3%BCre%C5%9F,4,Güreş#26;Güreş#3;Güreş#30;Güreş#86
Grenache,https://tr.wikipedia.org/wiki/Grenache,1,Şarap#80
Grigory Neujmin,https://tr.wikipedia.org/wiki/Grigori_Neuymin,1,Kimmerler#96
Guangzhou,https://tr.wikipedia.org/wiki/Guangzhou,1,İstanbul#629
Guatemala,https://tr.wikipedia.org/wiki/Guatemala,1,Mustafa Kemal Atatürk#845
Guillaume de Jerphanion,https://tr.wikipedia.org/wiki/Guillaume_de_Jerphanion,1,Ankara Roma Hamamı#20
Guinnes Rekorlar Kitabı,https://tr.wikipedia.org/wiki/Guinness_D%C3%BCnya_Rekorlar%C4%B1,1,Uluslararası Çubuk Turşu ve Kültür Festivali#5
gulam,https://tr.wikipedia.org/wiki/Gulam,3,Anadolu Selçuklu Devleti#149;Anadolu Selçuklu Devleti#233;I. Alâeddin Keykubad#79
Gûrlular,https://tr.wikipedia.org/wiki/Gurlular,1,Büyük Selçuklu İmparatorluğu#153
gut,https://tr.wikipedia.org/wiki/Gut,1,Ankara Muharebesi#221
Gyula Németh,https://tr.wikipedia.org/wiki/Gyula_N%C3%A9meth,1,Türkçe#160
Hâkimiyet-i Milliye,https://tr.wikipedia.org/wiki/H%C3%A2kimiyet-i_Milliye,1,Heyet-i Temsiliye#31
Harzemşahların,https://tr.wikipedia.org/wiki/H%C3%A2rezm%C5%9F%C3%A2h,1,Büyük Selçuklu İmparatorluğu#157
Hoşmerim,https://tr.wikipedia.org/wiki/H%C3%B6%C5%9Fmerim,2,Balâ#45;Beypazarı#98
höyük,https://tr.wikipedia.org/wiki/H%C3%B6y%C3%BCk,6,Afşin#29;Ankara Roma Hamamı#6;Ankara#33;Konya#16;Konya#91;Çorum#10
Hüda Şaravi,https://tr.wikipedia.org/wiki/H%C3%BCda_%C5%9Earavi,1,Mustafa Kemal Atatürk#865
hükumet biçimine,https://tr.wikipedia.org/wiki/H%C3%BCk%C3%BBmet,1,İslam devleti#2
hükûmet başkanı,https://tr.wikipedia.org/wiki/H%C3%BCk%C3%BBmet_ba%C5%9Fkan%C4%B1,1,Türkiye#158
hükûmet merkezi,https://tr.wikipedia.org/wiki/H%C3%BCk%C3%BBmet_merkezi,2,Bizans İmparatorluğu#42;Türkiye'de cumhuriyetin ilanı#21
hükümdar,https://tr.wikipedia.org/wiki/H%C3%BCk%C3%BCmdar,2,Ahameniş İmparatorluğu#404;Osmanlı İmparatorluğu#6
Hülagû Han,https://tr.wikipedia.org/wiki/H%C3%BCl%C3%A2g%C3%BB,2,Osmanlı Hanedanı#24;Timur#7
Hünkâr İskelesi Antlaşması,https://tr.wikipedia.org/wiki/H%C3%BCnk%C3%A2r_%C4%B0skelesi_Antla%C5%9Fmas%C4%B1,2,Osmanlı İmparatorluğu#260;Osmanlı İmparatorluğu#274
Hür Dava Partisi,https://tr.wikipedia.org/wiki/H%C3%BCr_Dava_Partisi,1,2024 Türkiye yerel seçimleri#53
Hürmüz Emirliği,https://tr.wikipedia.org/wiki/H%C3%BCrm%C3%BCz_Emirli%C4%9Fi,1,Büyük Selçuklu İmparatorluğu#48
Hürremiyye,https://tr.wikipedia.org/wiki/H%C3%BCrremiyye,1,Mutasım#36
Hürriyet ve İtilaf Fırkası,https://tr.wikipedia.org/wiki/H%C3%BCrriyet_ve_%C4%B0tilaf_F%C4%B1rkas%C4%B1,1,Türkiye Büyük Millet Meclisi#68
Hüseyin Çelik,https://tr.wikipedia.org/wiki/H%C3%BCseyin_%C3%87elik,1,Adalet ve Kalkınma Partisi#103
Hüseyin Öztürk,https://tr.wikipedia.org/wiki/H%C3%BCseyin_%C3%96zt%C3%BCrk,1,Türkiye millî basketbol takımı#99
Hüseyin İnan,https://tr.wikipedia.org/wiki/H%C3%BCseyin_%C4%B0nan,2,Orta Doğu Teknik Üniversitesi#212;Orta Doğu Teknik Üniversitesi#247
Hüseyin Alp,https://tr.wikipedia.org/wiki/H%C3%BCseyin_Alp,2,Türkiye millî basketbol takımı#116;Türkiye millî basketbol takımı#118
Hüseyin Anka Özkan,https://tr.wikipedia.org/wiki/H%C3%BCseyin_Anka_%C3%96zkan,2,Anıtkabir#174;Anıtkabir#65
Hüseyin Baykara,https://tr.wikipedia.org/wiki/H%C3%BCseyin_Baykara,1,Timur İmparatorluğu#39
Hüseyin Beşok,https://tr.wikipedia.org/wiki/H%C3%BCseyin_Be%C5%9Fok,5,Türkiye millî basketbol takımı#132;Türkiye millî basketbol takımı#134;Türkiye millî basketbol takımı#136;Türkiye millî basketbol takımı#138;Türkiye millî basketbol takımı#140
Hüseyin Kıvrıkoğlu,https://tr.wikipedia.org/wiki/H%C3%BCseyin_K%C4%B1vr%C4%B1ko%C4%9Flu,2,Atatürk ve Kurtuluş Savaşı Müzesi#4;Atatürk ve Kurtuluş Savaşı MüzesiCard#7
Hüseyin Kozluca,https://tr.wikipedia.org/wiki/H%C3%BCseyin_Kozluca,2,Türkiye millî basketbol takımı#113;Türkiye millî basketbol takımı#116
Hüseyin Zekai Paşa,https://tr.wikipedia.org/wiki/H%C3%BCseyin_Zekai_Pa%C5%9Fa,1,Ankara Resim ve Heykel Müzesi#24
Hüseyindede,https://tr.wikipedia.org/wiki/H%C3%BCseyindede_H%C3%B6y%C3%BC%C4%9F%C3%BC,3,Anadolu#45;Hititler#82;Hititler#85
Hüsnü Çakırgil,https://tr.wikipedia.org/wiki/H%C3%BCsn%C3%BC_%C3%87ak%C4%B1rgil,1,Türkiye millî basketbol takımı#128
hat,https://tr.wikipedia.org/wiki/H%C3%BCsn-i_hat,1,Büyük Selçuklu İmparatorluğu#228
Hüsrev (Gerede) Bey,https://tr.wikipedia.org/wiki/H%C3%BCsrev_Gerede,1,Mustafa Kemal Atatürk#322
Hüsrev ü Şirin,https://tr.wikipedia.org/wiki/H%C3%BCsrev_ve_%C5%9Eirin,1,Germiyanoğulları Beyliği#157
hıdrellez,https://tr.wikipedia.org/wiki/H%C4%B1drellez,1,Ankara tavası#5
Hristiyan,https://tr.wikipedia.org/wiki/H%C4%B1ristiyan,2,Julianus#15;Julianus#3
Hristiyanlık,https://tr.wikipedia.org/wiki/H%C4%B1ristiyanl%C4%B1k,2,Julianus#36;Julianus#68
Hırvatça,https://tr.wikipedia.org/wiki/H%C4%B1rvat%C3%A7a,1,Osmanlı İmparatorluğu#434
Hırvatistan,https://tr.wikipedia.org/wiki/H%C4%B1rvatistan,2,2010 FIBA Dünya Basketbol Şampiyonası#4;II. Murad#70
Hırvatistan,https://tr.wikipedia.org/wiki/H%C4%B1rvatistan_mill%C3%AE_basketbol_tak%C4%B1m%C4%B1,5,2001 Avrupa Basketbol Şampiyonası#9;2010 FIBA Dünya Basketbol Şampiyonası#12;Türkiye millî basketbol takımı#28;Türkiye millî basketbol takımı#46;Türkiye millî basketbol takımı#61
Hırvatlar,https://tr.wikipedia.org/wiki/H%C4%B1rvatlar,1,Bizans İmparatorluğu#78
Hitaylı,https://tr.wikipedia.org/wiki/H%C4%B1tay,1,Anadolu Selçuklu Devleti#323
Kıtaylar,https://tr.wikipedia.org/wiki/H%C4%B1taylar,1,Büyük Selçuklu İmparatorluğu#21
Hızır Şah,https://tr.wikipedia.org/wiki/H%C4%B1z%C4%B1r_%C5%9Eah,1,Ankara Muharebesi#42
Aydınoğlu İsa Bey,https://tr.wikipedia.org/wiki/H%C4%B1z%C4%B1ro%C4%9Flu_%C4%B0sa_Bey,1,Ankara Muharebesi#42
HGS,https://tr.wikipedia.org/wiki/H%C4%B1zl%C4%B1_Ge%C3%A7i%C5%9F_Sistemi,1,Otoyol#16
H. G. Wells,https://tr.wikipedia.org/wiki/H._G._Wells,1,Mustafa Kemal Atatürk#887
HAVELSAN,https://tr.wikipedia.org/wiki/HAVELSAN,1,Türkiye#301
HMS Malaya,https://tr.wikipedia.org/wiki/HMS_Malaya,1,Osmanlı Hanedanı#17
HTML,https://tr.wikipedia.org/wiki/HTML,1,Bisiklet#30
Haç,https://tr.wikipedia.org/wiki/Ha%C3%A7,3,Bizans İmparatorluğu#455;I. Bayezid#120;Malazgirt Meydan Muharebesi#36
Haçlılar,https://tr.wikipedia.org/wiki/Ha%C3%A7l%C4%B1_Seferleri,15,Anadolu Selçuklu Devleti#74;Ankara Muharebesi#29;Ankara Muharebesi#3;Ankara Muharebesi#47;Ankara Muharebesi#8;Antik Roma#67;Büyük Selçuklu İmparatorluğu#10;Büyük Selçuklu İmparatorluğu#160;I. Bayezid#118;I. Bayezid#7;Malazgirt Meydan Muharebesi#114;Malazgirt Meydan Muharebesi#118;Üniversite#29;İstanbul#70;İzmir#73
Haçlı devletlerinden,https://tr.wikipedia.org/wiki/Ha%C3%A7l%C4%B1_devletleri,2,Bizans İmparatorluğu#248;Bizans İmparatorluğu#261
Haçlılarca,https://tr.wikipedia.org/wiki/Ha%C3%A7l%C4%B1lar,1,Ankara Kalesi#9
Haşim Kılıç,https://tr.wikipedia.org/wiki/Ha%C5%9Fim_K%C4%B1l%C4%B1%C3%A7,1,Adalet ve Kalkınma Partisi#46
Haber Global,https://tr.wikipedia.org/wiki/Haber_Global,1,İstanbul#522
haberleşme uydusu,https://tr.wikipedia.org/wiki/Haberle%C5%9Fme_uydusu,1,Türkiye#302
Habertürk TV,https://tr.wikipedia.org/wiki/Habert%C3%BCrk_TV,1,İstanbul#522
Habib Burgiba,https://tr.wikipedia.org/wiki/Habib_Burgiba,1,Mustafa Kemal Atatürk#864
Habsburgların,https://tr.wikipedia.org/wiki/Habsburg_Monar%C5%9Fisi,1,Başkent#43
Habur Çayı,https://tr.wikipedia.org/wiki/Habur_%C3%87ay%C4%B1,1,Anadolu Selçuklu Devleti#76
hac,https://tr.wikipedia.org/wiki/Hac,4,Anıtkabir#304;Bizans İmparatorluğu#231;Efes#64;Osmanlı İmparatorluğu#478
Hacı Ömer Sabancı Vakfı,https://tr.wikipedia.org/wiki/Hac%C4%B1_%C3%96mer_Sabanc%C4%B1_Vakf%C4%B1,1,Ankara Resim ve Heykel Müzesi#17
Hacı İlbeyi,https://tr.wikipedia.org/wiki/Hac%C4%B1_%C4%B0lbey,1,I. Murad#40
Hacı İvaz Paşa,https://tr.wikipedia.org/wiki/Hac%C4%B1_%C4%B0vaz_Pa%C5%9Fa,2,II. Murad#28;II. Murad#75
Adil,https://tr.wikipedia.org/wiki/Hac%C4%B1_Adil_Arda,1,Mustafa Kemal Atatürk#379
Hacı Bayram Veli,https://tr.wikipedia.org/wiki/Hac%C4%B1_Bayr%C3%A2m-%C4%B1_Vel%C3%AE,2,Mehmet Akif Ersoy Müze Evi#7;Türkçe#81
Hacı Bayram Mahallesi,"https://tr.wikipedia.org/wiki/Hac%C4%B1_Bayram,_Alt%C4%B1nda%C4%9F",1,Ankara Roma Hamamı#6
Hacı Bayram Camii,https://tr.wikipedia.org/wiki/Hac%C4%B1_Bayram_Camii,4,Anadolu Medeniyetleri Müzesi#28;Ankara#119;Augustus Tapınağı#1;Sultan Alaeddin Camii#14
Hacı Bayram Türbesi,https://tr.wikipedia.org/wiki/Hac%C4%B1_Bayram_T%C3%BCrbesi,1,Hacı Bayram Camii#5
Hacı Bayram Veli,https://tr.wikipedia.org/wiki/Hac%C4%B1_Bayram_Veli,1,Hacı Bayram Camii#13
Hacı Bektaş-ı Veli,https://tr.wikipedia.org/wiki/Hac%C4%B1_Bekta%C5%9F-%C4%B1_Veli,1,Ahilik#5
Hacı Taşan,https://tr.wikipedia.org/wiki/Hac%C4%B1_Ta%C5%9Fan,1,Balâ#31
Hacılar,https://tr.wikipedia.org/wiki/Hac%C4%B1lar,1,Anadolu#5
Hacılar Höyük,https://tr.wikipedia.org/wiki/Hac%C4%B1lar_H%C3%B6y%C3%BCk,1,Anadolu Medeniyetleri Müzesi#28
karataşı,https://tr.wikipedia.org/wiki/Hacer-%C3%BC%27l_Esved,1,İslam devleti#24
Hacettepe,"https://tr.wikipedia.org/wiki/Hacettepe,_Alt%C4%B1nda%C4%9F",2,Ankara Resim ve Heykel MüzesiCard#2;Kurtuluş Savaşı Müzesi#30
Hacettepe Üniversitesi,https://tr.wikipedia.org/wiki/Hacettepe_%C3%9Cniversitesi,5,Mehmet Akif Ersoy Müze Evi#1;Orta Doğu Teknik Üniversitesi#257;Orta Doğu Teknik Üniversitesi#360;Orta Doğu Teknik Üniversitesi#74;Çukurambar#3
Hacettepe,https://tr.wikipedia.org/wiki/Hacettepe_%C3%9Cniversitesi_SK,1,Ankara Spor SalonuCard#6
Hacettepe Hastanesi,https://tr.wikipedia.org/wiki/Hacettepe_Hastanesi,1,Karacabey Camii#2
Hadîdî,https://tr.wikipedia.org/wiki/Had%C3%AEd%C3%AE,1,Ankara Muharebesi#125
hadım,https://tr.wikipedia.org/wiki/Had%C4%B1m,1,Ahameniş İmparatorluğu#112
Şahabeddin Paşa,https://tr.wikipedia.org/wiki/Had%C4%B1m_%C5%9Eehabettin_Pa%C5%9Fa,1,II. Murad#185
Hadım Süleyman Paşa,https://tr.wikipedia.org/wiki/Had%C4%B1m_S%C3%BCleyman_Pa%C5%9Fa,1,Osmanlı İmparatorluğu#369
Hadım Sinan Paşa,https://tr.wikipedia.org/wiki/Had%C4%B1m_Sinan_Pa%C5%9Fa,1,Osmanlı İmparatorluğu#189
Hadımköy,https://tr.wikipedia.org/wiki/Had%C4%B1mk%C3%B6y,1,Otoyol#15
Hades,https://tr.wikipedia.org/wiki/Hades,2,Antik Yunanistan#234;Asklepios#14
Hadrian Duvarı,https://tr.wikipedia.org/wiki/Hadrian_Duvar%C4%B1,2,Septimius Severus#39;Septimius Severus#5
Hadrianapolis Muharebesi,https://tr.wikipedia.org/wiki/Hadrianapolis_Muharebesi,1,Bizans İmparatorluğu#137
Hadrianus,https://tr.wikipedia.org/wiki/Hadrianus,2,Ankara Roma Hamamı#15;Efes#31
Hafik,https://tr.wikipedia.org/wiki/Hafik,2,Kızılırmak#4;Sivas#2
Hafsa Hatun,https://tr.wikipedia.org/wiki/Hafsa_Hatun,1,I. BayezidCard#7
Haim Nahum,https://tr.wikipedia.org/wiki/Haim_Nahum,1,Lozan Antlaşması#21
hakanlar,https://tr.wikipedia.org/wiki/Hakan,1,Osmanlı İmparatorluğu#347
Hakan Demirel,https://tr.wikipedia.org/wiki/Hakan_Demirel,2,Türkiye millî basketbol takımı#144;Türkiye millî basketbol takımı#146
Hakan Köseoğlu,https://tr.wikipedia.org/wiki/Hakan_K%C3%B6seo%C4%9Flu,1,Türkiye millî basketbol takımı#138
Hakan Peker,https://tr.wikipedia.org/wiki/Hakan_Peker,1,2024 Türkiye yerel seçimleri#76
hakem,https://tr.wikipedia.org/wiki/Hakem,1,Süper Kupa#29
Hakkâri,https://tr.wikipedia.org/wiki/Hakk%C3%A2ri,4,2014 Türkiye yerel seçimleri#21;Heyet-i Temsiliye#28;Mustafa Kemal Atatürk#236;Türkiye#320
Hakkı Atamulu,https://tr.wikipedia.org/wiki/Hakk%C4%B1_Atamulu,1,Anıtkabir#65
Hakkı Yeten,https://tr.wikipedia.org/wiki/Hakk%C4%B1_Yeten,1,Türkiye Futbol Şampiyonası#25
halılar,https://tr.wikipedia.org/wiki/Hal%C4%B1,1,Tandır#14
Halay,https://tr.wikipedia.org/wiki/Halay,1,Türkiye#375
Halep,https://tr.wikipedia.org/wiki/Halep,17,Anadolu Selçuklu Devleti#45;Ankara Muharebesi#49;Bizans İmparatorluğu#151;Hititler#145;Hititler#30;Hititler#80;Malazgirt Meydan Muharebesi#11;Mustafa Kemal Atatürk#269;Mustafa Kemal Atatürk#274;Osmanlı İmparatorluğu#191;Osmanlı İmparatorluğu#260;Osmanlı İmparatorluğu#428;Sivas#60;Timur#328;Timur#374;Timur#422;Türk Kurtuluş Savaşı#48
Halep çamı,https://tr.wikipedia.org/wiki/Halep_%C3%A7am%C4%B1,1,Orman#45
Halep Kalesi,https://tr.wikipedia.org/wiki/Halep_Kalesi,1,Hititler#148
Haliç,https://tr.wikipedia.org/wiki/Hali%C3%A7,7,Osmanlı İmparatorluğu#377;İstanbul#10;İstanbul#322;İstanbul#349;İstanbul#441;İstanbul#81;İstanbul#93
Halide Edib,https://tr.wikipedia.org/wiki/Halide_Edib_Ad%C4%B1var,3,Mustafa Kemal Atatürk#370;Mustafa Kemal Atatürk#857;İstanbul#405
halife,https://tr.wikipedia.org/wiki/Halife,3,Büyük Selçuklu İmparatorluğu#161;Madenî para#73;Osmanlı Hanedanı#29
Halikarnas,https://tr.wikipedia.org/wiki/Halikarnas,4,Herodot#1;Herodot#14;HerodotCard#1;İskender#164
Halikarnas Mozolesi,https://tr.wikipedia.org/wiki/Halikarnas_Mozolesi,1,Anıtkabir#86
Halikarnaslı Dionysius,https://tr.wikipedia.org/wiki/Halikarnasl%C4%B1_Dionisos,1,Herodot#53
Halil İnalcık,https://tr.wikipedia.org/wiki/Halil_%C4%B0nalc%C4%B1k,4,II. Murad#4;Osmanlı İmparatorluğu#116;Osmanlı İmparatorluğu#75;Osmanlı İmparatorluğu#8
Halil Dağlı,https://tr.wikipedia.org/wiki/Halil_Da%C4%9Fl%C4%B1,3,Türkiye millî basketbol takımı#113;Türkiye millî basketbol takımı#116;Türkiye millî basketbol takımı#120
Halil Kut,https://tr.wikipedia.org/wiki/Halil_Kut,1,Türk Kurtuluş Savaşı#213
Halil Paşa,https://tr.wikipedia.org/wiki/Halil_Pa%C5%9Fa,1,Ankara Resim ve Heykel Müzesi#24
Halil Sultan,https://tr.wikipedia.org/wiki/Halil_Sultan,2,Ankara Muharebesi#155;TimurCard#3
Halit Paşa,https://tr.wikipedia.org/wiki/Halit_Kars%C4%B1alan,1,Türkiye'de cumhuriyetin ilanı#31
Halitcevriaslangil,"https://tr.wikipedia.org/wiki/Halitcevriaslangil,_Kalecik",1,Kalecik#17
Halkçı Parti,https://tr.wikipedia.org/wiki/Halk%C3%A7%C4%B1_Parti,1,Cumhuriyet Halk Partisi#70
Halkçılık,https://tr.wikipedia.org/wiki/Halk%C3%A7%C4%B1l%C4%B1k,2,Cumhuriyet Halk Partisi#31;Mustafa Kemal Atatürk#618
Halkın Sesi Partisi,https://tr.wikipedia.org/wiki/Halk%C4%B1n_Sesi_Partisi,1,Adalet ve Kalkınma PartisiCard#9
Halkın Yükselişi Partisi,https://tr.wikipedia.org/wiki/Halk%C4%B1n_Y%C3%BCkseli%C5%9Fi_Partisi,1,2014 Türkiye yerel seçimleri#14
Halk Fırkası,https://tr.wikipedia.org/wiki/Halk_F%C4%B1rkas%C4%B1,1,Türkiye'de cumhuriyetin ilanı#32
Halk Latincesi,https://tr.wikipedia.org/wiki/Halk_Latincesi,2,Bizans İmparatorluğu#478;Türkçe#93
Halk TV,https://tr.wikipedia.org/wiki/Halk_TV,1,İstanbul#522
halk etimolojisi,https://tr.wikipedia.org/wiki/Halk_etimolojisi,1,İstanbul#46
halk müziği,https://tr.wikipedia.org/wiki/Halk_m%C3%BCzi%C4%9Fi,1,Osmanlı İmparatorluğu#584
Halkalı,https://tr.wikipedia.org/wiki/Halkal%C4%B1,1,İstanbul#575
Halkalı,https://tr.wikipedia.org/wiki/Halkal%C4%B1_Tren_%C4%B0stasyonu,1,İstanbul#614
Halkidiki,https://tr.wikipedia.org/wiki/Halkidiki,2,Ahameniş İmparatorluğu#290;İskender#28
HDP,https://tr.wikipedia.org/wiki/Halklar%C4%B1n_Demokratik_Partisi,5,2024 Türkiye yerel seçimleri#16;2024 Türkiye yerel seçimleri#4;Cumhuriyet Halk Partisi#95;Milliyetçi Hareket Partisi#73;Milliyetçi Hareket Partisi#76
Halkların Eşitlik ve Demokrasi Partisi,https://tr.wikipedia.org/wiki/Halklar%C4%B1n_E%C5%9Fitlik_ve_Demokrasi_Partisi,3,2024 Türkiye yerel seçimleri#136;2024 Türkiye yerel seçimleri#4;2024 Türkiye yerel seçimleri#62
Haluk Tunçeri,https://tr.wikipedia.org/wiki/Haluk_Tun%C3%A7eri,1,Türkiye millî basketbol takımı#116
Haluk Yıldırım,https://tr.wikipedia.org/wiki/Haluk_Y%C4%B1ld%C4%B1r%C4%B1m,5,Türkiye millî basketbol takımı#130;Türkiye millî basketbol takımı#134;Türkiye millî basketbol takımı#136;Türkiye millî basketbol takımı#138;Türkiye millî basketbol takımı#140
Hama,https://tr.wikipedia.org/wiki/Hama,3,Hititler#30;Timur#374;Türk Kurtuluş Savaşı#48
hamallar,https://tr.wikipedia.org/wiki/Hamal,1,Osmanlı İmparatorluğu#493
Türk Hamamı,https://tr.wikipedia.org/wiki/Hamam,2,Antik Roma#280;İstanbul#449
Hamamönü,"https://tr.wikipedia.org/wiki/Hamam%C3%B6n%C3%BC,_Alt%C4%B1nda%C4%9F",1,Karacabey Camii#1
Hamdi Peynircioğlu,https://tr.wikipedia.org/wiki/Hamdi_Peynircio%C4%9Flu,1,Anıtkabir#52
Hamdullah Suphi Bey,https://tr.wikipedia.org/wiki/Hamdullah_Suphi_Tanr%C4%B1%C3%B6ver,2,Anadolu Medeniyetleri Müzesi#10;Mehmet Akif Ersoy Müze Evi#15
Hamdullah Kazvini,https://tr.wikipedia.org/wiki/Hamdullah_el-M%C3%BCstevf%C3%AE,1,Anadolu Selçuklu Devleti#143
Hamedan,https://tr.wikipedia.org/wiki/Hamedan,1,Mutasım#38
Hamit Kemali Söylemezoğlu,https://tr.wikipedia.org/wiki/Hamit_Kemali_S%C3%B6ylemezo%C4%9Flu,1,Anıtkabir#31
Hamit Zübeyir Koşay,https://tr.wikipedia.org/wiki/Hamit_Z%C3%BCbeyir_Ko%C5%9Fay,2,Anadolu Medeniyetleri Müzesi#15;Ankara Roma Hamamı#22
Hamitoğulları,https://tr.wikipedia.org/wiki/Hamito%C4%9Fullar%C4%B1_Beyli%C4%9Fi,13,Anadolu Selçuklu Devleti#2;Büyük Selçuklu İmparatorluğu#2;Germiyanoğulları Beyliği#2;Germiyanoğulları Beyliği#71;I. Bayezid#37;I. Bayezid#40;I. Murad#78;Karamanoğulları Beyliği#27;Osmanlı İmparatorluğu#105;Osmanlı İmparatorluğu#129;Osmanlı İmparatorluğu#2;Selçuklu Hanedanı#2;Timur İmparatorluğu#2
Hammurabi,https://tr.wikipedia.org/wiki/Hammurabi,2,Asur#7;Başkent#14
Hamriyyât,https://tr.wikipedia.org/wiki/Hamriyy%C3%A2t,2,Şarap#85;Şarap#86
hamur,https://tr.wikipedia.org/wiki/Hamur,1,Çorba#28
Hanburun,"https://tr.wikipedia.org/wiki/Hanburun,_Bala",2,Balâ#20;Balâ#27
Handball Bundesliga,https://tr.wikipedia.org/wiki/Handball_Bundesliga,1,Hentbol#38
hanelerin,https://tr.wikipedia.org/wiki/Hane,1,Osmanlı İmparatorluğu#411
hanedan,https://tr.wikipedia.org/wiki/Hanedan,3,Büyük Selçuklu İmparatorluğu#56;Osmanlı Hanedanı#1;Selçuklu Hanedanı#7
Hanefi,https://tr.wikipedia.org/wiki/Hanefilik,5,Büyük Selçuklu İmparatorluğuCard#3;Osmanlı İmparatorluğu#438;Sivas#60;Timur#566;Türkiye#337
Hangzhou,https://tr.wikipedia.org/wiki/Hangzhou,1,İstanbul#633
Hans-Lukas Kieser,https://tr.wikipedia.org/wiki/Hans-Lukas_Kieser,1,Lozan Antlaşması#30
Hans Gustav Güterbock,https://tr.wikipedia.org/wiki/Hans_Gustav_G%C3%BCterbock,1,Anadolu Medeniyetleri Müzesi#18
Hans Henning von der Osten,https://tr.wikipedia.org/wiki/Hans_Henning_von_der_Osten,1,Ankara Roma Hamamı#22
Hansa,https://tr.wikipedia.org/wiki/Hansa,1,Ticaret#70
Hansa kentlerinden,https://tr.wikipedia.org/wiki/Hansa_Birli%C4%9Fi,1,Başkent#41
haralarda,https://tr.wikipedia.org/wiki/Hara,1,At#78
haraç,https://tr.wikipedia.org/wiki/Hara%C3%A7,2,Bizans İmparatorluğu#51;Osmanlı İmparatorluğu#445
Harbiye Nazırı,https://tr.wikipedia.org/wiki/Harbiye_Nez%C3%A2reti,3,Mustafa Kemal Atatürk#136;Mustafa Kemal Atatürk#249;Mustafa Kemal Atatürk#272
Hardal,"https://tr.wikipedia.org/wiki/Hardal,_%C5%9Eark%C4%B1%C5%9Fla",1,Şarkışla#161
Hareket Ordusu,https://tr.wikipedia.org/wiki/Hareket_Ordusu,1,Mustafa Kemal Atatürk#91
Harem,https://tr.wikipedia.org/wiki/Harem,2,Ahameniş İmparatorluğu#394;Osmanlı İmparatorluğu#311
Harezm,https://tr.wikipedia.org/wiki/Harezm,10,Ahameniş İmparatorluğu#290;Ahameniş İmparatorluğu#417;Büyük Selçuklu İmparatorluğu#48;Germiyanoğulları Beyliği#11;II. Kiros#106;II. Kiros#127;Timur İmparatorluğu#23;Timur İmparatorluğu#7;Timur#106;Timur#173
Harezmşahlar İmparatorluğu,https://tr.wikipedia.org/wiki/Harezm%C5%9Fahlar_Devleti,13,Anadolu Selçuklu Devleti#113;Anadolu Selçuklu Devleti#2;Anadolu Selçuklu Devleti#281;Büyük Selçuklu İmparatorluğu#170;Büyük Selçuklu İmparatorluğu#171;Büyük Selçuklu İmparatorluğu#2;Germiyanoğulları Beyliği#2;I. Alâeddin Keykubad#7;Karamanoğulları Beyliği#27;Osmanlı İmparatorluğu#2;Selçuklu Hanedanı#2;Timur İmparatorluğu#2;Timur#175
Harezm Sovyet Halk Cumhuriyeti,https://tr.wikipedia.org/wiki/Harezm_Sovyet_Halk_Cumhuriyeti,7,Anadolu Selçuklu Devleti#4;Büyük Selçuklu İmparatorluğu#4;Germiyanoğulları Beyliği#4;Karamanoğulları Beyliği#29;Osmanlı İmparatorluğu#4;Selçuklu Hanedanı#4;Timur İmparatorluğu#4
harf,https://tr.wikipedia.org/wiki/Harf,2,Latin harfleri#1;Latin harfleri#6
Harf Devrimi,https://tr.wikipedia.org/wiki/Harf_Devrimi,5,Cumhuriyet Halk Partisi#27;Mustafa Kemal Atatürk#604;Türkiye#107;Türkçe#136;Türkçe#9
harita,https://tr.wikipedia.org/wiki/Harita,1,Anadolu Medeniyetleri Müzesi#29
Harnâme,https://tr.wikipedia.org/wiki/Harn%C3%A2me,1,Germiyanoğulları Beyliği#157
Harp Okulu,https://tr.wikipedia.org/wiki/Harp_Okulu_SK,3,Türkiye Futbol Şampiyonası#10;Türkiye Futbol Şampiyonası#38;Türkiye Futbol Şampiyonası#7
Erkan-ı Harbiye Mektebine,https://tr.wikipedia.org/wiki/Harp_akademisi,1,Mustafa Kemal Atatürk#75
Harpagos,https://tr.wikipedia.org/wiki/Harpagos,3,Ahameniş İmparatorluğu#34;II. Kiros#56;II. Kiros#65
Harput,https://tr.wikipedia.org/wiki/Harput,2,I. Alâeddin Keykubad#6;Timur#257
Harput Kalesi,https://tr.wikipedia.org/wiki/Harput_Kalesi,1,I. Alâeddin Keykubad#122
uğradılar,https://tr.wikipedia.org/wiki/Harput_Muharebesi,1,I. Alâeddin Keykubad#122
Harran,https://tr.wikipedia.org/wiki/Harran,2,Caracalla#13;CaracallaCard#5
Harran Ovası,https://tr.wikipedia.org/wiki/Harran_Ovas%C4%B1,1,Fırat#18
Harun Erdenay,https://tr.wikipedia.org/wiki/Harun_Erdenay,5,Türkiye millî basketbol takımı#128;Türkiye millî basketbol takımı#130;Türkiye millî basketbol takımı#132;Türkiye millî basketbol takımı#136;Türkiye millî basketbol takımı#138
Harun Reşid,https://tr.wikipedia.org/wiki/Harun_Re%C5%9Fid,3,Mutasım#1;Mutasım#3;MutasımCard#9
Harzemşahlar,https://tr.wikipedia.org/wiki/Harzem%C5%9Fahlar_Devleti,1,I. Alâeddin Keykubad#113
Has,https://tr.wikipedia.org/wiki/Has,2,Büyük Selçuklu İmparatorluğu#193;Osmanlı İmparatorluğu#327
Has Oda,https://tr.wikipedia.org/wiki/Has_oda,1,Osmanlı İmparatorluğu#622
Hasan İzzettin Dinamo,https://tr.wikipedia.org/wiki/Hasan_%C4%B0zzettin_Dinamo,1,Mustafa Kemal Atatürk#48
Hasan Basri Bey,https://tr.wikipedia.org/wiki/Hasan_Basri_%C3%87antay,1,Mehmet Akif Ersoy Müze Evi#15
Hasan Eren,https://tr.wikipedia.org/wiki/Hasan_Eren,1,Türkçe#167
Hasan Rıza Soyak,https://tr.wikipedia.org/wiki/Hasan_R%C4%B1za_Soyak,1,Mustafa Kemal Atatürk#752
Hasan Sabbah,https://tr.wikipedia.org/wiki/Hasan_Sabbah,2,Büyük Selçuklu İmparatorluğu#112;Büyük Selçuklu İmparatorluğu#160
Hasan Tahsin,https://tr.wikipedia.org/wiki/Hasan_Tahsin,2,Türk Kurtuluş Savaşı Batı Cephesi#208;İzmir#132
Hassan el-Benna,https://tr.wikipedia.org/wiki/Hasan_el-Benna,1,İslam devleti#5
Hasandağı,https://tr.wikipedia.org/wiki/Hasanda%C4%9F%C4%B1,2,Kapadokya#1;Konya#99
Hasandere,"https://tr.wikipedia.org/wiki/Hasandere,_Bilecik",2,Anıtkabir#136;Anıtkabir#61
Hasanoğlan Bahçelievler,"https://tr.wikipedia.org/wiki/Hasano%C4%9Flan_Bah%C3%A7elievler,_Elmada%C4%9F",1,"Elmadağ, Ankara#51"
Hasavyurt,https://tr.wikipedia.org/wiki/Hasavyurt,1,Kafkasya#32
Al-Haseke,https://tr.wikipedia.org/wiki/Haseke,1,Fırat#32
hastane,https://tr.wikipedia.org/wiki/Hastane,1,İstanbul#542
hatılında,https://tr.wikipedia.org/wiki/Hat%C4%B1l,1,Anıtkabir#198
hatıra paralarının,https://tr.wikipedia.org/wiki/Hat%C4%B1ra_paras%C4%B1,1,Anıtkabir#307
hat-trick,https://tr.wikipedia.org/wiki/Hat_trick,1,Türkiye Futbol Şampiyonası#17
Hatay,https://tr.wikipedia.org/wiki/Hatay,4,Anıtkabir#136;Anıtkabir#61;İskender#14;İstanbul#596
Hatay,https://tr.wikipedia.org/wiki/Hatay_B%C3%BCy%C3%BCk%C5%9Fehir_Belediyesi,3,2024 Türkiye yerel seçimleri#128;Büyükşehir belediyesi#18;Cumhuriyet Halk Partisi#110
Hatay Devleti,https://tr.wikipedia.org/wiki/Hatay_Devleti,9,Anadolu Selçuklu Devleti#4;Büyük Selçuklu İmparatorluğu#4;Cumhuriyet Halk Partisi#38;Germiyanoğulları Beyliği#4;Karamanoğulları Beyliği#29;Mustafa Kemal Atatürk#723;Osmanlı İmparatorluğu#4;Selçuklu Hanedanı#4;Timur İmparatorluğu#4
Mustafa Kemal Üniversitesi,https://tr.wikipedia.org/wiki/Hatay_Mustafa_Kemal_%C3%9Cniversitesi,1,Mustafa Kemal Atatürk#826
Hatay Sorunu,https://tr.wikipedia.org/wiki/Hatay_Sorunu,1,Mustafa Kemal Atatürk#658
Hatila Vadisi,https://tr.wikipedia.org/wiki/Hatila_Vadisi_Mill%C3%AE_Park%C4%B1,2,Karadeniz Bölgesi#72
hatip,https://tr.wikipedia.org/wiki/Hatip,1,Herodot#3
Hatip Çayı,https://tr.wikipedia.org/wiki/Hatip_%C3%87ay%C4%B1,1,Yenimahalle#6
Hatip Dicle,https://tr.wikipedia.org/wiki/Hatip_Dicle,1,Ulucanlar Cezaevi Müzesi#10
Hatti,https://tr.wikipedia.org/wiki/Hatti,4,Ankara#47;Hititler#19;Hititler#45;Türkiye#38
Hattice,https://tr.wikipedia.org/wiki/Hattice,6,Anadolu#34;Hititler#19;Hititler#29;Hititler#4;Hititler#56;HititlerCard#2
Hatti,https://tr.wikipedia.org/wiki/Hattiler,9,Anadolu#34;Anadolu#41;Hatti#5;Hititler#13;Hititler#142;Hititler#259;Hititler#3;Hititler#75;Şarkışla#23
Hattuşaş,https://tr.wikipedia.org/wiki/Hattu%C5%9Fa,10,Anadolu#41;Gordion Müzesi#28;Hatti#6;Hititler#13;Hititler#165;Hititler#22;Hititler#61;Hititler#77;HititlerCard#1;İzmir#29
Boğazköy,https://tr.wikipedia.org/wiki/Hattu%C5%9Fa%C5%9F,1,Frigya#32
Hava Harp Okulu,https://tr.wikipedia.org/wiki/Hava_Harp_Okulu,1,İstanbul#510
hava kirliliği,https://tr.wikipedia.org/wiki/Hava_kirlili%C4%9Fi,1,Augustus Tapınağı#4
havaalanı,https://tr.wikipedia.org/wiki/Havaalan%C4%B1,1,Havayolu#5
havan ateşi,https://tr.wikipedia.org/wiki/Havan,1,Orta Doğu Teknik Üniversitesi#277
Havana,https://tr.wikipedia.org/wiki/Havana,1,Mustafa Kemal Atatürk#845
havayolu,https://tr.wikipedia.org/wiki/Havayolu,1,Ankara#15
havlu,https://tr.wikipedia.org/wiki/Havlu,1,Tekstil#10
havuzda,https://tr.wikipedia.org/wiki/Havuz,1,Sutopu#2
havzasına,https://tr.wikipedia.org/wiki/Havza,2,Fırat#9;Sakarya Nehri#3
Havza,"https://tr.wikipedia.org/wiki/Havza,_Samsun",1,Mustafa Kemal Atatürk#328
hayat kadını,https://tr.wikipedia.org/wiki/Hayat_kad%C4%B1n%C4%B1,1,Bizans İmparatorluğu#300
Hayata Dönüş Operasyonu,https://tr.wikipedia.org/wiki/Hayata_D%C3%B6n%C3%BC%C5%9F_Operasyonu,1,Ulucanlar Cezaevi Müzesi#11
Hayati Vasfi Taşyürek,https://tr.wikipedia.org/wiki/Hayati_Vasfi_Ta%C5%9Fy%C3%BCrek,1,Afşin#6
Haydarabad,"https://tr.wikipedia.org/wiki/Haydarabad,_Hindistan",1,İstanbul#632
Haydarpaşa,https://tr.wikipedia.org/wiki/Haydarpa%C5%9Fa,1,Mustafa Kemal Atatürk#282
Haydarpaşa Garı,https://tr.wikipedia.org/wiki/Haydarpa%C5%9Fa_Gar%C4%B1,2,Mustafa Kemal Atatürk#282;İstanbul#590
Haydarpaşa Lisesi,https://tr.wikipedia.org/wiki/Haydarpa%C5%9Fa_Lisesi,1,İstanbul#503
Haymana,https://tr.wikipedia.org/wiki/Haymana,5,Ankara Muharebesi#130;Ankara#162;Anıtkabir#61;Sakarya Meydan Muharebesi#24;Sakarya Meydan Muharebesi#26
Hayme Hatun,https://tr.wikipedia.org/wiki/Hayme_Hatun,1,Haymana#5
Hayrabolu,https://tr.wikipedia.org/wiki/Hayrabolu,1,I. Murad#52
Hayri Arsebük,https://tr.wikipedia.org/wiki/Hayri_Arseb%C3%BCk,1,Türkiye millî basketbol takımı#97
Hayrullah Efendi,https://tr.wikipedia.org/wiki/Hayrullah_Efendi,2,Ankara Muharebesi#110;Ankara Muharebesi#134
hayvan,https://tr.wikipedia.org/wiki/Hayvan,2,Gıda#11;Türkiye#227
hayvancılık,https://tr.wikipedia.org/wiki/Hayvanc%C4%B1l%C4%B1k,3,Ankara#43;Ankara#6;Kalecik#19
hayvanlar,https://tr.wikipedia.org/wiki/Hayvanlar,1,Orman#1
Hazır çorbanın,https://tr.wikipedia.org/wiki/Haz%C4%B1r_%C3%A7orba,1,Çorba#9
Hazar Denizi,https://tr.wikipedia.org/wiki/Hazar_Denizi,13,Ahameniş İmparatorluğu#186;Ahameniş İmparatorluğu#196;Ankara keçisi#1;Büyük Selçuklu İmparatorluğu#71;Kafkasya#1;Kafkasya#10;Kafkasya#27;Osmanlı İmparatorluğu#17;Selçuklu Hanedanı#13;Türk Kurtuluş Savaşı Batı Cephesi#92;Türkiye#184;Türkiye#60;İskender#227
Hazar,https://tr.wikipedia.org/wiki/Hazar_G%C3%B6l%C3%BC,2,Dicle#2;Dicle#7
Hazar Kağanlığı,https://tr.wikipedia.org/wiki/Hazar_Ka%C4%9Fanl%C4%B1%C4%9F%C4%B1,7,Anadolu Selçuklu Devleti#2;Büyük Selçuklu İmparatorluğu#2;Germiyanoğulları Beyliği#2;Karamanoğulları Beyliği#27;Osmanlı İmparatorluğu#2;Selçuklu Hanedanı#2;Timur İmparatorluğu#2
Hazarca,https://tr.wikipedia.org/wiki/Hazarca,1,Türkçe#58
Hazarlar,https://tr.wikipedia.org/wiki/Hazarlar,1,Bizans İmparatorluğu#112
Hazine Müsteşarlığı,https://tr.wikipedia.org/wiki/Hazine_M%C3%BCste%C5%9Farl%C4%B1%C4%9F%C4%B1,1,Atatürk Orman Çiftliği#2
2015 genel seçimlerinde,https://tr.wikipedia.org/wiki/Haziran_2015_T%C3%BCrkiye_genel_se%C3%A7imleri,6,Adalet ve Kalkınma Partisi#14;Adalet ve Kalkınma Partisi#151;Adalet ve Kalkınma Partisi#55;Adalet ve Kalkınma Partisi#97;Cumhuriyet Halk Partisi#95;Milliyetçi Hareket Partisi#61
Hedik,https://tr.wikipedia.org/wiki/Hedik,1,Balâ#45
Meissner,https://tr.wikipedia.org/wiki/Heinrich_August_Meissner,1,Osmanlı İmparatorluğu#511
Helen,https://tr.wikipedia.org/wiki/Helen,2,Antik Yunanistan#67;İzmir#9
Helenistik Dönem,https://tr.wikipedia.org/wiki/Helenistik_D%C3%B6nem,8,Ahameniş İmparatorluğu#8;Antik Yunanistan#16;Bizans İmparatorluğu#416;Erimtan Arkeoloji ve Sanat Müzesi#15;Farslar#24;Frigler#72;Türkiye#5;Türkiye#52
Helenistik felsefe,https://tr.wikipedia.org/wiki/Helenistik_felsefe,1,Bizans İmparatorluğu#81
Helenleştirme,https://tr.wikipedia.org/wiki/Helenle%C5%9Ftirme,4,Bizans İmparatorluğu#32;Frigler#89;Türkiye#51;Türkiye#54
Hellespontos,https://tr.wikipedia.org/wiki/Hellespontos,1,Frigya#13
Helmand,https://tr.wikipedia.org/wiki/Helmend,1,İskender#195
Helmuth Theodor Bossert,https://tr.wikipedia.org/wiki/Helmuth_Theodor_Bossert,1,Hititler#241
Hemşince,https://tr.wikipedia.org/wiki/Hem%C5%9Fince,1,Türkiye#328
Hemşinliler,https://tr.wikipedia.org/wiki/Hem%C5%9Finliler,1,Türkiye#315
Hamedan,https://tr.wikipedia.org/wiki/Hemedan,3,Medler#2;Timur#156;İskender#190
Hendek,https://tr.wikipedia.org/wiki/Hendek,1,İstanbul#324
Hendek Savaşı,https://tr.wikipedia.org/wiki/Hendek_Muharebesi,1,İslam devleti#33
Henri Gouraud,https://tr.wikipedia.org/wiki/Henri_Gouraud,1,Türk Kurtuluş Savaşı Batı Cephesi#734
Henry Franklin-Bouillon,https://tr.wikipedia.org/wiki/Henry_Franklin-Bouillon,1,Türk Kurtuluş Savaşı Güney Cephesi#29
Henry Hughes Wilson,https://tr.wikipedia.org/wiki/Henry_Hughes_Wilson,3,Osmanlı İmparatorluğu#292;Türk Kurtuluş Savaşı Batı Cephesi#150;Türk Kurtuluş Savaşı Batı Cephesi#549
Kissinger,https://tr.wikipedia.org/wiki/Henry_Kissinger,1,Orta Doğu Teknik Üniversitesi#312
Hentbol,https://tr.wikipedia.org/wiki/Hentbol,2,Ankara#180;Ankara#184
Hepçil,https://tr.wikipedia.org/wiki/Hep%C3%A7il,1,Gıda#5
Hepat,https://tr.wikipedia.org/wiki/Hepat,1,Hititler#181
Hephaistos,https://tr.wikipedia.org/wiki/Hephaistos,1,Antik Yunanistan#239
heptatlona,https://tr.wikipedia.org/wiki/Heptatlon,1,Atletizm#78
her dem yeşil,https://tr.wikipedia.org/wiki/Her_dem_ye%C5%9Fil,1,Orman#11
Hera,https://tr.wikipedia.org/wiki/Hera,1,Antik Yunanistan#238
Herakleios,https://tr.wikipedia.org/wiki/Herakleios,2,Bizans İmparatorluğu#4;Bizans İmparatorluğuCard#13
Herakles,https://tr.wikipedia.org/wiki/Herakles,3,İskender#125;İskender#239;İskender#247
Herat,https://tr.wikipedia.org/wiki/Herat,6,Büyük Selçuklu İmparatorluğu#213;Mutasım#71;Timur İmparatorluğu#31;Timur İmparatorluğu#40;Timur İmparatorluğuCard#2;Timur#135
Herbert Adams Gibbons,https://tr.wikipedia.org/wiki/Herbert_Adams_Gibbons,2,Ankara Muharebesi#111;Osmanlı İmparatorluğu#55
Herbert Henry Asquith,https://tr.wikipedia.org/wiki/Herbert_Henry_Asquith,1,Türk Kurtuluş Savaşı Batı Cephesi#20
Herkül,https://tr.wikipedia.org/wiki/Herk%C3%BCl,1,Antik Yunanistan#290
Herkulaneum,https://tr.wikipedia.org/wiki/Herkulaneum,1,Antik Roma#246
Hermes,https://tr.wikipedia.org/wiki/Hermes,2,Antik Yunanistan#239;Antik Yunanistan#290
Herod,https://tr.wikipedia.org/wiki/Herod_Agrippa,1,Roma İmparatorluğu#142
Herod Archelaus,https://tr.wikipedia.org/wiki/Herod_Archelaus,1,Augustus#256
Herodot,https://tr.wikipedia.org/wiki/Herodot,26,Ahameniş İmparatorluğu#293;Ahameniş İmparatorluğu#345;Ahameniş İmparatorluğu#371;Ahameniş İmparatorluğu#396;Ankara#46;Antik Yunanistan#2;Antik Yunanistan#24;Antik Yunanistan#26;Antik Yunanistan#66;Frigler#26;II. Kiros#116;II. Kiros#127;II. Kiros#137;II. Kiros#194;II. Kiros#38;II. Kiros#52;Kimmerler#4;Kimmerler#44;Kral Yolu#3;Kral Yolu#5;Lidyalılar#18;Lidyalılar#26;Medler#60;Medler#7;Medler#88;İzmir#33
Herodot Tarihi,https://tr.wikipedia.org/wiki/Herodot_Tarihi,2,Ahameniş İmparatorluğu#371;II. Kiros#194
Herostratus,https://tr.wikipedia.org/wiki/Herostratus,1,Efes#55
Hersek,https://tr.wikipedia.org/wiki/Hersek,2,Bizans İmparatorluğu#143;Osmanlı İmparatorluğu#182
Hersonisos,https://tr.wikipedia.org/wiki/Hersonisos,2,Ahameniş İmparatorluğu#248;Kimmerler#77
Hertevince,https://tr.wikipedia.org/wiki/Hertevince,1,Türkiye#328
Herulilerin,https://tr.wikipedia.org/wiki/Heruliler,1,Roma İmparatorluğu#425
heteroseksüel,https://tr.wikipedia.org/wiki/Heteroseks%C3%BCel,1,Antik Yunanistan#299
Heybeliada,https://tr.wikipedia.org/wiki/Heybeliada,1,İstanbul#468
Heyet-i Temsiliye,https://tr.wikipedia.org/wiki/Heyet-i_Temsiliye,5,Ankara#60;Mustafa Kemal Atatürk#373;Türk Kurtuluş Savaşı#102;Türk Kurtuluş Savaşı#2;Türkiye Büyük Millet Meclisi#126
heykel,https://tr.wikipedia.org/wiki/Heykel,3,Antik Roma#246;Anıtkabir#62;Bizans İmparatorluğu#396
Hezârfen Ahmed Çelebi,https://tr.wikipedia.org/wiki/Hez%C3%A2rfen_Ahmed_%C3%87elebi,1,Türk Hava Kurumu Müzesi#9
Hezarfen Hüseyin Efendi,https://tr.wikipedia.org/wiki/Hezarfen_H%C3%BCseyin,1,Tutmaç çorbası#6
Hezekiel,https://tr.wikipedia.org/wiki/Hezekiel,1,Kimmerler#65
Hezekiel,https://tr.wikipedia.org/wiki/Hezekiel_Kitab%C4%B1,1,Kimmerler#64
Hibrit çim,https://tr.wikipedia.org/wiki/Hibrit_%C3%A7im,2,Eryaman Stadyumu#8;Eryaman StadyumuCard#7
Hicaz,https://tr.wikipedia.org/wiki/Hicaz,3,Osmanlı İmparatorluğu#193;Osmanlı İmparatorluğu#345;Osmanlı İmparatorluğu#418
Hicaz Demiryolu,https://tr.wikipedia.org/wiki/Hicaz_Demiryolu,3,Konya#130;Osmanlı İmparatorluğu#509;İstanbul#592
Hicaz Kuvve-i Seferiyesi,https://tr.wikipedia.org/wiki/Hicaz_Kuvve-i_Seferiyesi,1,Mustafa Kemal Atatürk#261
Hicri,https://tr.wikipedia.org/wiki/Hicr%C3%AE_takvim,3,I. Bayezid#162;Mustafa Kemal Atatürk#595;Mustafa Kemal Atatürk#736
Hydaspes Muharabesi,https://tr.wikipedia.org/wiki/Hidaspes_Muharebesi,1,İskender#9
Hidayet Türkoğlu,https://tr.wikipedia.org/wiki/Hidayet_T%C3%BCrko%C4%9Flu,10,Türkiye millî basketbol takımı#134;Türkiye millî basketbol takımı#136;Türkiye millî basketbol takımı#138;Türkiye millî basketbol takımı#140;Türkiye millî basketbol takımı#142;Türkiye millî basketbol takımı#146;Türkiye millî basketbol takımı#148;Türkiye millî basketbol takımı#150;Türkiye millî basketbol takımı#30;Türkiye millî basketbol takımı#6
HES,https://tr.wikipedia.org/wiki/Hidroelektrik_santrali,1,Fırat#20
Hidroelektrik santraller,https://tr.wikipedia.org/wiki/Hidroelektrik_santraller,1,Dicle#32
hidrojen sülfür,https://tr.wikipedia.org/wiki/Hidrojen_s%C3%BClf%C3%BCr,1,Şarap#109
Hierapolis,https://tr.wikipedia.org/wiki/Hierapolis,1,Malazgirt Meydan Muharebesi#103
Hieronymus Wolf,https://tr.wikipedia.org/wiki/Hieronymus_Wolf,1,Bizans İmparatorluğu#16
temizliği,https://tr.wikipedia.org/wiki/Hijyen,1,Tekstil#13
öykü,https://tr.wikipedia.org/wiki/Hik%C3%A2ye,1,Türkiye#368
Türkiye Komünist Fırkası U:(https://tr.wikipedia.org/wiki/T%C3%BCrkiye_Kom%C3%BCnist_Partisi_(1920))___ üyelerine karşı yaygın tutuklama politikası devreye konuldu.   ___E:Hikmet Kıvılcımlı,https://tr.wikipedia.org/wiki/Hikmet_K%C4%B1v%C4%B1lc%C4%B1ml%C4%B1,1,Mustafa Kemal Atatürk#639
Hikmet Onat,https://tr.wikipedia.org/wiki/Hikmet_Onat,2,Ankara Resim ve Heykel Müzesi#24;Ankara Resim ve Heykel Müzesi#30
Hilafet,https://tr.wikipedia.org/wiki/Hil%C3%A2fet,12,Osmanlı Hanedanı#27;Osmanlı Hanedanı#31;Osmanlı İmparatorluğu#13;Osmanlı İmparatorluğu#195;Osmanlı İmparatorluğu#305;Osmanlı İmparatorluğu#342;Türk Kurtuluş Savaşı#116;Türkiye#72;İslam devleti#14;İslam devleti#37;İstanbul#16;İstanbul#231
Hilâfet Devleti,https://tr.wikipedia.org/wiki/Hil%C3%A2fet_Devleti,1,Anıtkabir#298
Osmanlı halifeliğini kaldırdı,https://tr.wikipedia.org/wiki/Hil%C3%A2fetin_kald%C4%B1r%C4%B1lmas%C4%B1,6,Cumhuriyet Halk Partisi#20;Osmanlı Hanedanı#31;Osmanlı İmparatorluğu#19;Osmanlı İmparatorluğu#345;Türkiye#107;Türkiye#15
Hilakku,https://tr.wikipedia.org/wiki/Hilakku,1,Kimmerler#24
ay,https://tr.wikipedia.org/wiki/Hilal,1,Orta Doğu Teknik Üniversitesi#90
hindi,https://tr.wikipedia.org/wiki/Hindi,3,Osmanlı İmparatorluğu#607;Osmanlı İmparatorluğu#610;Osmanlı İmparatorluğu#640
hindicilik,https://tr.wikipedia.org/wiki/Hindicilik,1,Hayvancılık#11
Hindistan,https://tr.wikipedia.org/wiki/Hindistan,25,Adalet ve Kalkınma Partisi#19;Anadolu#26;Ankara Muharebesi#4;Ankara tavşanı#16;Antik Roma#142;Antik Yunanistan#4;Anıtkabir#268;Hint-Avrupa halkları#3;I. Bayezid#134;Madenî para#97;Mustafa Kemal Atatürk#846;Orman#17;Orman#40;Osmanlı İmparatorluğu#209;Ticaret#75;Timur İmparatorluğu#15;Timur İmparatorluğu#42;Timur İmparatorluğu#43;Timur#1;Türkiye#74;İskender#2;İskender#203;İskender#226;İskender#40;İskender#9
Hint Müslümanlar,https://tr.wikipedia.org/wiki/Hindistan%27da_%C4%B0slam,1,İslam devleti#37
İngiliz yönetiminden bağımsızlık hareketi ile,https://tr.wikipedia.org/wiki/Hindistan_Ba%C4%9F%C4%B1ms%C4%B1zl%C4%B1k_Hareketi,1,İslam devleti#38
Hinduların,https://tr.wikipedia.org/wiki/Hinduizm,1,Timur#239
Hindukuş Dağları,https://tr.wikipedia.org/wiki/Hinduku%C5%9F_Da%C4%9Flar%C4%B1,4,Ahameniş İmparatorluğu#92;Büyük Selçuklu İmparatorluğu#7;İskender#196;İskender#205
Hint-Aryan,https://tr.wikipedia.org/wiki/Hint-Aryan_dilleri,2,Anadolu#39;II. Kiros#28
Hint-Avrupa,https://tr.wikipedia.org/wiki/Hint-Avrupa_dil_ailesi,15,Anadolu#42;Anadolu#60;Frigler#78;Hint-Avrupa halkları#3;Hititler#15;Hititler#229;Hititler#29;Hititler#3;Hititler#4;Hititler#8;Lidyalılar#1;Türkiye#35;Türkçe#201;Türkçe#358;Şarap#19
Hint-Avrupa dil,https://tr.wikipedia.org/wiki/Hint-Avrupa_dili,1,Farslar#5
Hint-Avrupa,https://tr.wikipedia.org/wiki/Hint-Avrupa_halklar%C4%B1,3,Ankara#31;Frigler#26;Kimmerler#1
Hint-Avrupalı,https://tr.wikipedia.org/wiki/Hint-Avrupal%C4%B1,1,Hititler#259
Hint-Grek,https://tr.wikipedia.org/wiki/Hint-Grek_Krall%C4%B1%C4%9F%C4%B1,1,Ahameniş İmparatorluğu#281
Hint Avrupa dillerinde,https://tr.wikipedia.org/wiki/Hint_Avrupa_dilleri,1,Davul#5
Hilâfet Hareketinde,https://tr.wikipedia.org/wiki/Hint_Hil%C3%A2fet_Hareketi,2,Türk Kurtuluş Savaşı Batı Cephesi#107;İslam devleti#37
Hint Okyanusu,https://tr.wikipedia.org/wiki/Hint_Okyanusu,4,Osmanlı İmparatorluğu#194;Osmanlı İmparatorluğu#369;Türkiye#73;İskender#211
çeşitli deniz muharebeleri,https://tr.wikipedia.org/wiki/Hint_deniz_seferleri,1,Türkiye#73
hinterland,https://tr.wikipedia.org/wiki/Hinterland,2,Konya#119;Sivas#9
Hint,https://tr.wikipedia.org/wiki/Hintler,2,Büyük Selçuklu İmparatorluğu#163;II. Kiros#126
hipertiroidi,https://tr.wikipedia.org/wiki/Hipertiroidi,1,Roma İmparatorluğu#135
Hipodrom,https://tr.wikipedia.org/wiki/Hipodrom,1,Bizans İmparatorluğu#416
hypocaust,https://tr.wikipedia.org/wiki/Hipokaust,1,Ankara Roma Hamamı#45
Hipokrates,https://tr.wikipedia.org/wiki/Hipokrates,2,Antik Yunanistan#200;Antik Yunanistan#203
varsayımsal,https://tr.wikipedia.org/wiki/Hipotez,1,Türkçe#60
Hirfanlı,https://tr.wikipedia.org/wiki/Hirfanl%C4%B1_Baraj%C4%B1,2,Kızılırmak#35;Şereflikoçhisar#23
Büyük Herod,https://tr.wikipedia.org/wiki/Hirodes,1,Augustus#256
hisar,https://tr.wikipedia.org/wiki/Hisar,1,Frigler#36
Hispania,https://tr.wikipedia.org/wiki/Hispania,8,Antik Roma#31;Antik Roma#4;Augustus#188;Augustus#255;Augustus#41;Augustus#98;Bizans İmparatorluğu#75;Roma İmparatorluğu#182
Histiaeus,https://tr.wikipedia.org/wiki/Histiaeus,1,Ahameniş İmparatorluğu#94
Hitit,https://tr.wikipedia.org/wiki/Hitit,3,Anadolu Medeniyetleri Müzesi#9;Erimtan Arkeoloji ve Sanat Müzesi#15;Erimtan Arkeoloji ve Sanat Müzesi#2
Hititçe,https://tr.wikipedia.org/wiki/Hitit%C3%A7e,13,Anadolu#42;Anadolu#61;Efes#1;Hititler#15;Hititler#19;Hititler#229;Hititler#64;HititlerCard#2;Konya#7;Lidyalılar#2;Sivas#7;Türkiye#36;Şarap#20
Hitit Üniversitesi,https://tr.wikipedia.org/wiki/Hitit_%C3%9Cniversitesi,2,Gazi Üniversitesi#28;Çorum#37
Hitit İmparatorluğunu,https://tr.wikipedia.org/wiki/Hitit_%C4%B0mparatorlu%C4%9Fu,1,Hatti#6
Hitit Devleti,https://tr.wikipedia.org/wiki/Hitit_Devleti,1,Frigya#30
Hitit Güneş Kursu,https://tr.wikipedia.org/wiki/Hitit_G%C3%BCne%C5%9F_Kursu,1,Ankara Büyükşehir Belediyesi#6
Hitit mitolojisi,https://tr.wikipedia.org/wiki/Hitit_mitolojisi,1,HititlerCard#3
Hititler,https://tr.wikipedia.org/wiki/Hititler,47,"Anadolu Medeniyetleri Müzesi#10;Anadolu Medeniyetleri Müzesi#26;Anadolu#35;Anadolu#41;Anadolu#5;Anadolu#54;Anadolu#56;Ankara#112;Ankara#16;Ankara#31;Ankara#47;Anıtkabir#12;Anıtkabir#174;Anıtkabir#89;Asur#29;Binicilik#67;Frigler#26;Frigler#28;Frigya#7;Gordion Müzesi#28;Gordion Müzesi#30;Gordion#12;Hatti#9;Höyük#10;Kapadokya#18;Kapadokya#8;Kayseri#13;Konya#19;Konya#7;Kızılcahamam#6;Kızılırmak#46;Lidyalılar#4;Midas#27;Polatlı#4;Sivas#41;Sivas#7;Tunç Çağı#23;Türkiye#40;Türkiye#43;Türkiye#5;Çorum#12;Çubuk, Ankara#19;İzmir#28;Şarkışla#23;Şereflikoçhisar#5"
Hititli Uriya,https://tr.wikipedia.org/wiki/Hititli_Uriya,1,Hititler#25
Hive,https://tr.wikipedia.org/wiki/Hive,1,Timur#105
Hive Hanlığı,https://tr.wikipedia.org/wiki/Hive_Hanl%C4%B1%C4%9F%C4%B1,7,Anadolu Selçuklu Devleti#3;Büyük Selçuklu İmparatorluğu#3;Germiyanoğulları Beyliği#3;Karamanoğulları Beyliği#28;Osmanlı İmparatorluğu#3;Selçuklu Hanedanı#3;Timur İmparatorluğu#3
hiyeroglif,https://tr.wikipedia.org/wiki/Hiyeroglif,3,Hititler#17;Hititler#230;İstanbul#395
hizmetler,https://tr.wikipedia.org/wiki/Hizmet,1,Ticaret#2
hoşaf,https://tr.wikipedia.org/wiki/Ho%C5%9Faf,1,Ankara tavası#5
Ho Chi Minh Kenti,https://tr.wikipedia.org/wiki/Ho_Chi_Minh_Kenti,1,İstanbul#631
Yesi U:(https://tr.wikipedia.org/wiki/T%C3%BCrkistan_(%C5%9Fehir))___ şehrinde abidevi ölçülerle yeniden inşa ettirdiği ___E:Ahmed Yesevî Hankahı'dır,https://tr.wikipedia.org/wiki/Hoca_Ahmed_Yesevi_T%C3%BCrbesi,1,Timur#567
Hoca Ali Rıza,https://tr.wikipedia.org/wiki/Hoca_Ali_R%C4%B1za,2,Ankara Resim ve Heykel Müzesi#24;Ankara Resim ve Heykel Müzesi#34
Hoca Mesud,https://tr.wikipedia.org/wiki/Hoca_Mesud_bin_Ahmed,1,Osmanlı İmparatorluğu#534
Hoca Sâdeddin Efendi,https://tr.wikipedia.org/wiki/Hoca_S%C3%A2deddin_Efendi,2,Ankara Muharebesi#110;Ankara Muharebesi#134
Hohenstaufen Hanedanı,https://tr.wikipedia.org/wiki/Hohenstaufen_Hanedan%C4%B1,1,Bizans İmparatorluğu#291
Hokand Hanlığı,https://tr.wikipedia.org/wiki/Hokand_Hanl%C4%B1%C4%9F%C4%B1,7,Anadolu Selçuklu Devleti#3;Büyük Selçuklu İmparatorluğu#3;Germiyanoğulları Beyliği#3;Karamanoğulları Beyliği#28;Osmanlı İmparatorluğu#3;Selçuklu Hanedanı#3;Timur İmparatorluğu#3
hokey,https://tr.wikipedia.org/wiki/Hokey,1,Buz hokeyi#1
Hollanda,https://tr.wikipedia.org/wiki/Hollanda,5,Antik Roma#134;Atatürk ve Kurtuluş Savaşı Müzesi#22;Türkiye#195;Türkçe#23;Şarkışla#82
Hollanda,https://tr.wikipedia.org/wiki/Hollanda_mill%C3%AE_basketbol_tak%C4%B1m%C4%B1,2,Türkiye millî basketbol takımı#43;Türkiye millî basketbol takımı#45
Hollandalı,https://tr.wikipedia.org/wiki/Hollandal%C4%B1lar,1,İzmir#109
"Holyoke, Massachusetts","https://tr.wikipedia.org/wiki/Holyoke,_Massachusetts",1,VoleybolCard#2
Homeros,https://tr.wikipedia.org/wiki/Homeros,9,Antik Yunanistan#24;Frigler#30;Güreş#11;Kimmerler#4;Lidyalılar#23;Zeytinyağı#22;İskender#162;İskender#48;Şarap#37
Homo Neanderthal,https://tr.wikipedia.org/wiki/Homo_Neanderthal,1,Eski Taş Çağı#31
Honaz,https://tr.wikipedia.org/wiki/Honaz,1,Germiyanoğulları Beyliği#120
Honorius,https://tr.wikipedia.org/wiki/Honorius,2,Bizans İmparatorluğu#50;Roma İmparatorluğu#413
hoplit,https://tr.wikipedia.org/wiki/Hoplit,4,Ahameniş İmparatorluğu#180;Ahameniş İmparatorluğu#305;İskender#252;İskender#72
Hora,https://tr.wikipedia.org/wiki/Hora,1,Türkiye#375
Horasan,https://tr.wikipedia.org/wiki/Horasan,6,"Büyük Selçuklu İmparatorluğu#7;II. Murad#104;Osmanlı İmparatorluğu#86;Timur#54;Timur#64;Çubuk, Ankara#27"
Horasan,"https://tr.wikipedia.org/wiki/Horasan,_Erzurum",2,Balâ#3;Demiryolu ulaşımı#23
Horasan Selçukluları,https://tr.wikipedia.org/wiki/Horasan_Sel%C3%A7uklular%C4%B1,1,Selçuklu Hanedanı#11
Horon,https://tr.wikipedia.org/wiki/Horon,2,Sivas#11;Türkiye#375
Maltalı Sen Jean Şövalyeleri,https://tr.wikipedia.org/wiki/Hospitalier_%C5%9E%C3%B6valyeleri,5,Ankara Muharebesi#215;I. Bayezid#130;Osmanlı İmparatorluğu#181;Osmanlı İmparatorluğu#225;İzmir#74
Hrisopolis,https://tr.wikipedia.org/wiki/Hrisopolis,2,Fetret Devri#194;İstanbul#209
Hrisostomos Kalafatis,https://tr.wikipedia.org/wiki/Hrisostomos_Kalafatis,1,İzmir#134
Hristiyanlar,https://tr.wikipedia.org/wiki/Hristiyan,4,I. Murad#45;Osmanlı İmparatorluğu#439;Roma İmparatorluğu#291;Roma İmparatorluğu#293
Hristiyan felsefesine,https://tr.wikipedia.org/wiki/Hristiyan_felsefesi,1,Bizans İmparatorluğu#81
Hristiyan,https://tr.wikipedia.org/wiki/Hristiyanl%C4%B1k,30,Anadolu#7;Ankara Muharebesi#33;Antik Roma#220;Antik Yunanistan#21;Augustus#307;Batı dünyası#5;Bizans İmparatorluğu#3;Bizans İmparatorluğu#470;Bizans İmparatorluğuCard#5;Efes#64;Efes#78;Kapadokya#8;Kayseri#16;Konya#22;Malazgirt Meydan Muharebesi#36;Osmanlı İmparatorluğu#12;Osmanlı İmparatorluğu#444;Pavlusçuluk#4;Roma İmparatorluğu#323;Türk Kurtuluş Savaşı#52;Türkiye#342;Türkiye#6;Türkiye#63;İstanbul#229;İstanbul#65;İzmir#165;İzmir#70;Şarap#82;Şarap#9
Hrıstiyanlaştırıldığında,https://tr.wikipedia.org/wiki/Hristiyanla%C5%9Fma,1,Bizans İmparatorluğu#389
huş,https://tr.wikipedia.org/wiki/Hu%C5%9F,1,Orman#54
hububat,https://tr.wikipedia.org/wiki/Hububat,2,I. Murad#43;Roma İmparatorluğu#150
hukuk,https://tr.wikipedia.org/wiki/Hukuk,4,Antik Roma#8;Cumhuriyet Halk Partisi#26;Osmanlı İmparatorluğu#334;Ticaret#32
Râşidîn,https://tr.wikipedia.org/wiki/Hulef%C3%A2-yi_R%C3%A2%C5%9Fid%C3%AEn,1,Osmanlı İmparatorluğu#343
Hulusi Behçet,https://tr.wikipedia.org/wiki/Hulusi_Beh%C3%A7et,1,Türkiye#304
Humus,"https://tr.wikipedia.org/wiki/Humus,_Suriye",2,Timur#374;Türk Kurtuluş Savaşı#48
Avrupa Hun İmparatorluğu,https://tr.wikipedia.org/wiki/Hun_%C4%B0mparatorlu%C4%9Fu,8,Anadolu Selçuklu Devleti#1;Bizans İmparatorluğu#54;Büyük Selçuklu İmparatorluğu#1;Germiyanoğulları Beyliği#1;Karamanoğulları Beyliği#26;Osmanlı İmparatorluğu#1;Selçuklu Hanedanı#1;Timur İmparatorluğu#1
Hunad Mahperi Hatun,https://tr.wikipedia.org/wiki/Hunad_Hatun,2,Anadolu Selçuklu Devleti#442;I. Alâeddin KeykubadCard#7
Huand Hatun Camii,https://tr.wikipedia.org/wiki/Hunad_Hatun_K%C3%BClliyesi,1,Anadolu Selçuklu Devleti#439
Hunat Hatun,https://tr.wikipedia.org/wiki/Hunat_Hatun,1,I. Alâeddin Keykubad#40
Hunların,https://tr.wikipedia.org/wiki/Hunlar,5,Antik Roma#57;Binicilik#8;Bizans İmparatorluğu#53;Kimmerler#54;Roma İmparatorluğu#3
Hurûfi,https://tr.wikipedia.org/wiki/Hur%C3%BBfilik,1,II. Murad#190
Hurrice,https://tr.wikipedia.org/wiki/Hurrice,3,Anadolu#38;Hititler#239;Hititler#4
Hurri,https://tr.wikipedia.org/wiki/Hurriler,6,Anadolu#37;Hititler#3;Hititler#45;Hititler#75;Hititler#92;Türkiye#38
(Dîn),https://tr.wikipedia.org/wiki/Hurufilik#Hurufi_inan.C3.A7lar.C4.B1,1,Ahilik#2
hutbeyi,https://tr.wikipedia.org/wiki/Hutbe,1,Büyük Selçuklu İmparatorluğu#62
Cissian,https://tr.wikipedia.org/wiki/Huzistan,1,Ahameniş İmparatorluğu#290
Hyelion-Leimocheir Muharebesi,https://tr.wikipedia.org/wiki/Hyelion-Leimocheir_Muharebesi,1,Bizans İmparatorluğu#256
Hygieia,https://tr.wikipedia.org/wiki/Hygieia,1,Asklepios#2
hyperpyron,https://tr.wikipedia.org/wiki/Hyperpyron,1,Bizans İmparatorluğuCard#34
Hyrkania,https://tr.wikipedia.org/wiki/Hyrkania,2,Ahameniş İmparatorluğu#186;Ahameniş İmparatorluğu#290
I,https://tr.wikipedia.org/wiki/I,1,Türkçe#138
Iğdır,https://tr.wikipedia.org/wiki/I%C4%9Fd%C4%B1r,6,2014 Türkiye yerel seçimleri#21;Konya#61;Milliyetçi Hareket Partisi#47;Milliyetçi Hareket Partisi#53;Milliyetçi Hareket Partisi#58;Türkiye#320
Çandarlı İbrahim Paşa,https://tr.wikipedia.org/wiki/I._%C3%87andarl%C4%B1_%C4%B0brahim_Pa%C5%9Fa,1,II. Murad#75
I. İoannis,https://tr.wikipedia.org/wiki/I._%C4%B0oannis,1,Bizans İmparatorluğu#151
I. İsaakios,https://tr.wikipedia.org/wiki/I._%C4%B0saakios,1,Bizans İmparatorluğu#225
Şah İsmail,https://tr.wikipedia.org/wiki/I._%C4%B0smail,2,Osmanlı İmparatorluğu#189;Türkiye#72
I. İzzeddin Keykavus,https://tr.wikipedia.org/wiki/I._%C4%B0zzeddin_Keyk%C3%A2vus,7,Anadolu Selçuklu Devleti#106;Anadolu Selçuklu Devleti#181;Anadolu Selçuklu Devleti#198;Anadolu Selçuklu Devleti#217;Anadolu Selçuklu Devleti#317;Anadolu Selçuklu DevletiCard#13;Arslanhane Camii#11
I. İzzeddin Keykavus,https://tr.wikipedia.org/wiki/I._%C4%B0zzeddin_Keykavus,4,I. Alâeddin Keykubad#11;I. Alâeddin Keykubad#19;I. Alâeddin Keykubad#42;I. Alâeddin KeykubadCard#2
I. Şuppiluliuma,https://tr.wikipedia.org/wiki/I._%C5%9Euppiluliuma,4,Anadolu#44;Hititler#13;Hititler#207;Hititler#92
I. Agapetus,https://tr.wikipedia.org/wiki/I._Agapetus,1,Bizans İmparatorluğu#71
I. Alaeddin Keykubat,https://tr.wikipedia.org/wiki/I._Al%C3%A2eddin_Keykubad,15,Anadolu Selçuklu Devleti#110;Anadolu Selçuklu Devleti#18;Anadolu Selçuklu Devleti#181;Anadolu Selçuklu Devleti#198;Anadolu Selçuklu Devleti#326;Anadolu Selçuklu Devleti#33;Anadolu Selçuklu Devleti#442;Anadolu Selçuklu DevletiCard#14;Ankara Kalesi#9;Ankara#117;Germiyanoğulları Beyliği#14;Konya#27;Konya#89;Sivas#22;Türkiye#66
I. Alaeddin Keykubad,https://tr.wikipedia.org/wiki/I._Alaeddin_Keykubad,1,Karamanoğulları Beyliği#9
I. Aleksios,https://tr.wikipedia.org/wiki/I._Aleksios,5,Anadolu Selçuklu Devleti#51;Antik Roma#66;Bizans İmparatorluğu#429;Bizans İmparatorluğuCard#18;İstanbul#427
Renaud de Châtillon U:(https://tr.wikipedia.org/wiki/Renaud_(Antakya_prensi))___ ve Kudüs Kralı ___E:I. Amalrik,https://tr.wikipedia.org/wiki/I._Amalrik,1,Bizans İmparatorluğu#252
I. Anastasius,https://tr.wikipedia.org/wiki/I._Anastasius,1,Bizans İmparatorluğu#61
I. Andronikos,https://tr.wikipedia.org/wiki/I._Andronikos,1,Bizans İmparatorluğu#266
I. Anthimos,https://tr.wikipedia.org/wiki/I._Anthimos,1,Bizans İmparatorluğu#71
I. Antiohos,https://tr.wikipedia.org/wiki/I._Antiohos,1,Galatlar#9
I. Antonio Acciaioli,https://tr.wikipedia.org/wiki/I._Antonio_Acciaioli,1,Ankara Muharebesi#239
I. Argişti,https://tr.wikipedia.org/wiki/I._Argi%C5%9Fti,1,Kimmerler#48
I. Artaserhas,https://tr.wikipedia.org/wiki/I._Artaserhas,5,Ahameniş İmparatorluğu#114;Ahameniş İmparatorluğu#379;Ahameniş İmparatorluğu#425;Ahameniş İmparatorluğuCard#11;II. Kiros#223
Artemisia,https://tr.wikipedia.org/wiki/I._Artemisia,1,Herodot#19
I. Basileios,https://tr.wikipedia.org/wiki/I._Basileios,5,Ankara Kalesi#8;Bizans İmparatorluğu#138;Bizans İmparatorluğu#429;Bizans İmparatorluğuCard#16;Pavlusçuluk#12
Baybars,https://tr.wikipedia.org/wiki/I._Baybars,2,Germiyanoğulları Beyliği#9;Kayseri#26
I. Bayezid,https://tr.wikipedia.org/wiki/I._Bayezid,19,"Ankara Muharebesi#2;Ankara Muharebesi#29;Ankara#16;Ankara#56;Germiyanoğulları Beyliği#61;Germiyanoğulları Beyliği#88;I. Murad#112;I. Murad#76;I. MuradCard#3;I. MuradCard#8;II. Murad#14;Kalecik#4;Kayseri#30;Madenî para#85;Osmanlı İmparatorluğu#130;Sivas#28;Timur İmparatorluğu#28;Timur İmparatorluğu#44;Çubuk, Ankara#8"
Boemondo,https://tr.wikipedia.org/wiki/I._Boemondo,1,Bizans İmparatorluğu#225
I. Bonifacio del Monferrato,https://tr.wikipedia.org/wiki/I._Bonifacio_del_Monferrato,1,Bizans İmparatorluğu#291
Constantius Chlorus,https://tr.wikipedia.org/wiki/I._Constantius,1,Roma İmparatorluğu#281
I. Dünya Savaşı,https://tr.wikipedia.org/wiki/I._D%C3%BCnya_Sava%C5%9F%C4%B1,35,1916 Ankara Yangını#11;Havayolu#3;Hititler#40;Kardeş şehir#2;Lozan Antlaşması#2;Mustafa Kemal Atatürk#193;Mustafa Kemal Atatürk#198;Mustafa Kemal Atatürk#418;Mustafa Kemal Atatürk#5;Mustafa Kemal Atatürk#670;Mustafa Kemal Atatürk#850;Mustafa Kemal Atatürk#889;Osmanlı Hanedanı#17;Osmanlı İmparatorluğu#286;Osmanlı İmparatorluğu#377;Osmanlı İmparatorluğu#382;Osmanlı İmparatorluğu#522;Türk Kurtuluş Savaşı Batı Cephesi#20;Türk Kurtuluş Savaşı Batı Cephesi#65;Türk Kurtuluş Savaşı Batı Cephesi#8;Türk Kurtuluş Savaşı Güney Cephesi#3;Türk Kurtuluş Savaşı#13;Türk Kurtuluş Savaşı#135;Türk Kurtuluş Savaşı#248;Türk Kurtuluş Savaşı#32;Türk Kurtuluş Savaşı#72;Türkiye#100;Türkiye#13;Türkiye#262;Türkiye#93;Türkiye'de cumhuriyetin ilanı#12;Voleybol#24;İslam devleti#51;İstanbul#81;İzmir#130
I. Darius,https://tr.wikipedia.org/wiki/I._Darius,17,Ahameniş İmparatorluğu#104;Ahameniş İmparatorluğu#246;Ahameniş İmparatorluğu#25;Ahameniş İmparatorluğu#265;Ahameniş İmparatorluğu#425;Ahameniş İmparatorluğu#69;Ahameniş İmparatorluğu#96;Ahameniş İmparatorluğuCard#9;Antik Yunanistan#57;Farslar#17;II. Kiros#137;II. Kiros#147;II. Kiros#222;II. Kiros#240;II. Kiros#31;Kral Yolu#1;Kral Yolu#13
I. Erdeşîr,https://tr.wikipedia.org/wiki/I._Erde%C5%9F%C3%AEr,2,Ahameniş İmparatorluğu#244;Medler#95
Evagoras,https://tr.wikipedia.org/wiki/I._Evagoras,1,Ahameniş İmparatorluğu#172
Fotios,https://tr.wikipedia.org/wiki/I._Fotios,4,Bizans İmparatorluğu#124;Bizans İmparatorluğu#405;Herodot#33;Herodot#43
I. Gıyaseddin Keyhüsrev,https://tr.wikipedia.org/wiki/I._G%C4%B1y%C3%A2seddin_Keyh%C3%BCsrev,6,Anadolu Selçuklu Devleti#102;Anadolu Selçuklu Devleti#178;Anadolu Selçuklu Devleti#181;Anadolu Selçuklu Devleti#198;Anadolu Selçuklu Devleti#412;Anadolu Selçuklu DevletiCard#11
I. Gıyaseddin Keyhüsrev,https://tr.wikipedia.org/wiki/I._G%C4%B1yaseddin_Keyh%C3%BCsrev,2,I. Alâeddin Keykubad#10;I. Alâeddin KeykubadCard#11
I. Hüsrev,https://tr.wikipedia.org/wiki/I._H%C3%BCsrev,1,Bizans İmparatorluğu#69
Haçlı seferlerinde,https://tr.wikipedia.org/wiki/I._Ha%C3%A7l%C4%B1_seferi,1,Dânişmend Gazi#19
I. Hattuşili,https://tr.wikipedia.org/wiki/I._Hattu%C5%9Fili,3,Hititler#22;Hititler#69;Hititler#77
I. Hethum,https://tr.wikipedia.org/wiki/I._Hethum,1,I. Alâeddin Keykubad#88
I. Justinianus,https://tr.wikipedia.org/wiki/I._Justinianus,13,Afşin#8;Antik Roma#117;Antik Roma#209;Antik Roma#59;Bizans İmparatorluğu#373;Bizans İmparatorluğu#464;Bizans İmparatorluğu#6;Bizans İmparatorluğu#66;Bizans İmparatorluğuCard#11;Kayseri#20;Roma imparatorları listesi#1;Roma İmparatorluğu#430;İstanbul#68
I. Justinus,https://tr.wikipedia.org/wiki/I._Justinus,1,Bizans İmparatorluğu#65
I. Kılıç Arslan,https://tr.wikipedia.org/wiki/I._K%C4%B1l%C4%B1%C3%A7_Arslan,4,Anadolu Selçuklu Devleti#47;Anadolu Selçuklu DevletiCard#8;Konya#26;Türkiye#65
I. Kambises,https://tr.wikipedia.org/wiki/I._Kambises,5,Ahameniş İmparatorluğu#25;II. Kiros#34;II. Kiros#44;II. Kiros#50;II. KirosCard#11
I. Kiros,https://tr.wikipedia.org/wiki/I._Kiros,4,Ahameniş İmparatorluğu#25;II. Kiros#32;II. Kiros#41;II. Kiros#50
I. Konstantin,https://tr.wikipedia.org/wiki/I._Konstantin,11,Antik Roma#224;Antik Roma#55;Augustus#325;Bizans İmparatorluğu#3;Bizans İmparatorluğu#41;Bizans İmparatorluğu#42;Bizans İmparatorluğuCard#8;Osmanlı İmparatorluğu#405;Roma imparatoru#18;Türkiye#56;İstanbul#60
Birinci Kosova Muharebesi,https://tr.wikipedia.org/wiki/I._Kosova_Muharebesi,8,Ankara Muharebesi#223;Germiyanoğulları Beyliği#95;I. Bayezid#13;I. Bayezid#7;I. Bayezid#9;I. Murad#106;I. Murad#9;Osmanlı İmparatorluğu#129
I. Lajos,https://tr.wikipedia.org/wiki/I._Lajos,1,I. Murad#45
I. Leonidas,https://tr.wikipedia.org/wiki/I._Leonidas,1,Antik Yunanistan#59
I. Manuil,https://tr.wikipedia.org/wiki/I._Manuil,5,Anadolu Selçuklu Devleti#153;Anadolu Selçuklu Devleti#302;Bizans İmparatorluğu#250;Bizans İmparatorluğu#430;Bizans İmparatorluğuCard#19
I. Mehmed,https://tr.wikipedia.org/wiki/I._Mehmed,12,Ankara Muharebesi#146;Ankara Muharebesi#20;Fetret Devri#5;Germiyanoğulları Beyliği#110;I. Bayezid#52;I. BayezidCard#8;II. Murad#1;II. Murad#13;II. MuradCard#11;Karacabey Camii#3;Osmanlı İmparatorluğu#139;Osmanlı İmparatorluğu#144
Melikşâh,https://tr.wikipedia.org/wiki/I._Melik%C5%9Fah,5,Anadolu Selçuklu Devleti#60;Artuk Bey#17;Büyük Selçuklu İmparatorluğu#105;Büyük Selçuklu İmparatorluğu#72;Büyük Selçuklu İmparatorluğu#78
I. Mesud,https://tr.wikipedia.org/wiki/I._Mesud,5,Anadolu Selçuklu Devleti#199;Anadolu Selçuklu Devleti#408;Anadolu Selçuklu Devleti#85;Anadolu Selçuklu DevletiCard#9;I. Alâeddin Keykubad#8
I. Mesut,https://tr.wikipedia.org/wiki/I._Mesut,1,Güdül#8
"Theodora U:(https://tr.wikipedia.org/wiki/Theodora_(Theofilos%27un_e%C5%9Fi))___ , ___E:Patrik Methodios",https://tr.wikipedia.org/wiki/I._Methodios,1,Bizans İmparatorluğu#122
I. Mihail,https://tr.wikipedia.org/wiki/I._Mihail,1,Roma imparatoru#35
Muaviye,https://tr.wikipedia.org/wiki/I._Mu%C3%A2viye,1,İslam devleti#18
I. Murşili,https://tr.wikipedia.org/wiki/I._Mur%C5%9Fili,1,Hititler#80
I. Murad,https://tr.wikipedia.org/wiki/I._Murad,18,Ankara Muharebesi#228;Ankara Muharebesi#29;Ankara Muharebesi#3;Ankara#56;Germiyanoğulları Beyliği#127;Germiyanoğulları Beyliği#60;Germiyanoğulları Beyliği#8;Germiyanoğulları Beyliği#88;Germiyanoğulları Beyliği#95;I. Bayezid#2;I. Bayezid#3;I. Bayezid#8;I. BayezidCard#11;I. BayezidCard#2;Osmanlı İmparatorluğu#123;Osmanlı İmparatorluğu#449;Osmanlı İmparatorluğu#542;Osmanlı İmparatorluğu#77
I. Murad Türbesi,https://tr.wikipedia.org/wiki/I._Murad_T%C3%BCrbesi,2,I. Murad#115;I. MuradCard#6
Papa I. Nikolas,https://tr.wikipedia.org/wiki/I._Nicolaus,1,Bizans İmparatorluğu#124
I. Nikiforos,https://tr.wikipedia.org/wiki/I._Nikiforos,3,Ankara Kalesi#8;Bizans İmparatorluğu#125;Roma imparatoru#34
I. Nikolay,https://tr.wikipedia.org/wiki/I._Nikolay,1,Osmanlı İmparatorluğu#259
I. Petro,https://tr.wikipedia.org/wiki/I._Petro,1,Osmanlı İmparatorluğu#250
Ptolemaios,https://tr.wikipedia.org/wiki/I._Ptolemaios,3,İskender#229;İskender#45;İskender#9
Leo Fokas U:(https://tr.wikipedia.org/wiki/Leo_Fokas_(ya%C5%9Fl%C4%B1))___ ve ___E:I. Romanos,https://tr.wikipedia.org/wiki/I._Romanos,1,Bizans İmparatorluğu#163
I. Süleyman,https://tr.wikipedia.org/wiki/I._S%C3%BCleyman,13,Cenabi Ahmed Paşa Camii#2;II. Murad#12;Mehmet Akif Ersoy Müze Evi#7;Osmanlı İmparatorluğu#197;Osmanlı İmparatorluğu#312;Osmanlı İmparatorluğu#546;Osmanlı İmparatorluğu#553;Osmanlı İmparatorluğu#597;Türkiye#11;Türkiye#76;Çengelhan Rahmi M. Koç Müzesi#5;İstanbul#531;İstanbul#80
Süleyman Şah,https://tr.wikipedia.org/wiki/I._S%C3%BCleyman_%C5%9Eah,8,Anadolu Selçuklu Devleti#18;Anadolu Selçuklu Devleti#6;Anadolu Selçuklu Devleti#60;Anadolu Selçuklu DevletiCard#7;Artuk Bey#28;Artuk Bey#9;Malazgirt Meydan Muharebesi#82;Sivas#20
Süleyman,https://tr.wikipedia.org/wiki/I._S%C3%BCleyman_Bey,1,I. Bayezid#42
I. Seleukos,https://tr.wikipedia.org/wiki/I._Seleukos,1,Ahameniş İmparatorluğu#237
Yavuz Sultan Selim,https://tr.wikipedia.org/wiki/I._Selim,16,Ankara Muharebesi#134;Kayseri#35;Osmanlı Hanedanı#27;Osmanlı İmparatorluğu#13;Osmanlı İmparatorluğu#187;Osmanlı İmparatorluğu#189;Osmanlı İmparatorluğu#305;Osmanlı İmparatorluğu#343;Osmanlı İmparatorluğu#399;Osmanlı İmparatorluğu#546;Osmanlı İmparatorluğu#549;Osmanlı İmparatorluğuCard#12;Türkiye#72;İslam devleti#36;İstanbul#231;İstanbul#356
Patrik Sergios,https://tr.wikipedia.org/wiki/I._Sergios,1,Bizans İmparatorluğu#95
I. Serhas,https://tr.wikipedia.org/wiki/I._Serhas,10,Ahameniş İmparatorluğu#104;Ahameniş İmparatorluğu#114;Ahameniş İmparatorluğu#325;Ahameniş İmparatorluğu#352;Ahameniş İmparatorluğu#425;Ahameniş İmparatorluğu#86;Ahameniş İmparatorluğuCard#10;Antik Yunanistan#59;İskender#189
I. Silvester,https://tr.wikipedia.org/wiki/I._Silvester,1,Roma imparatoru#18
I. Simeon,https://tr.wikipedia.org/wiki/I._Simeon,2,Bizans İmparatorluğu#150;Bizans İmparatorluğu#157
I. Türk Dili Kurultayı,https://tr.wikipedia.org/wiki/I._T%C3%BCrk_Dili_Kurultay%C4%B1,1,Ankara Resim ve Heykel Müzesi#13
I. Theodoros Laskaris,https://tr.wikipedia.org/wiki/I._Theodoros,1,I. Alâeddin Keykubad#16
I. Theodosius,https://tr.wikipedia.org/wiki/I._Theodosius,9,Antik Roma#224;Augustus#307;Bizans İmparatorluğu#3;Bizans İmparatorluğu#49;Bizans İmparatorluğu#50;Roma İmparatorluğu#380;Roma İmparatorluğu#413;Türkiye#57;İstanbul#66
I. Tiglat-Pileser,https://tr.wikipedia.org/wiki/I._Tiglat-Pileser,2,Asur#30;Asur#41
I. Tukulti-Ninurta,https://tr.wikipedia.org/wiki/I._Tukulti-Ninurta,2,Asur#40;Başkent#23
Tutuş,https://tr.wikipedia.org/wiki/I._Tutu%C5%9F,2,Anadolu Selçuklu Devleti#46;Artuk Bey#26
Valentinianus,https://tr.wikipedia.org/wiki/I._Valentinianus,1,Roma İmparatorluğu#345
Viyana'yı kuşattı,https://tr.wikipedia.org/wiki/I._Viyana_Ku%C5%9Fatmas%C4%B1,1,Osmanlı İmparatorluğu#199
Yezid,https://tr.wikipedia.org/wiki/I._Yez%C3%AEd,1,İslam devleti#18
IAESTE,https://tr.wikipedia.org/wiki/IAESTE,1,Orta Doğu Teknik Üniversitesi#115
IBM,https://tr.wikipedia.org/wiki/IBM,1,Orta Doğu Teknik Üniversitesi#50
ICAO,https://tr.wikipedia.org/wiki/ICAO_kodu,1,Ankara Esenboğa Havalimanı#1
IEEE,https://tr.wikipedia.org/wiki/IEEE,1,Orta Doğu Teknik Üniversitesi#76
802.11b,https://tr.wikipedia.org/wiki/IEEE_802.11,1,Orta Doğu Teknik Üniversitesi#76
Fatih Sultan Mehmed,https://tr.wikipedia.org/wiki/II.Mehmed,1,Karamanoğulları Beyliği#18
II. İoannis,https://tr.wikipedia.org/wiki/II._%C4%B0oannis,1,Bizans İmparatorluğu#241
II. İsaakios,https://tr.wikipedia.org/wiki/II._%C4%B0saakios,2,Bizans İmparatorluğu#278;Bizans İmparatorluğu#293
II. İzzeddin Keykavus,https://tr.wikipedia.org/wiki/II._%C4%B0zzeddin_Keyk%C3%A2vus,2,Anadolu Selçuklu Devleti#198;Anadolu Selçuklu Devleti#209
II. İzzeddin Keykavus,https://tr.wikipedia.org/wiki/II._%C4%B0zzeddin_Keykavus,2,Ankara Kalesi#9;Dânişmend Gazi#23
II. Şapur,https://tr.wikipedia.org/wiki/II._%C5%9E%C3%A2p%C3%BBr,2,Roma İmparatorluğu#317;Roma İmparatorluğu#333
II. Şapur,https://tr.wikipedia.org/wiki/II._%C5%9Eapur,1,Julianus#26
II. Şuppiluliuma,https://tr.wikipedia.org/wiki/II._%C5%9Euppiluliuma,4,Anadolu#49;Hititler#119;Hititler#154;HititlerCard#7
II. Aşurnasirpal,https://tr.wikipedia.org/wiki/II._A%C5%9Furnasirpal,1,Kimmerler#58
II. Abdülhamid,https://tr.wikipedia.org/wiki/II._Abd%C3%BClhamid,12,Osmanlı İmparatorluğu#276;Osmanlı İmparatorluğu#314;Osmanlı İmparatorluğu#32;Osmanlı İmparatorluğu#345;Osmanlı İmparatorluğu#377;Osmanlı İmparatorluğu#509;Osmanlı İmparatorluğu#634;Sivas#44;Sultan Alaeddin Camii#20;Türkiye Büyük Millet Meclisi#52;Türkiye#90;İstanbul#358
II. Agisilaos,https://tr.wikipedia.org/wiki/II._Agisilaos,1,Ahameniş İmparatorluğu#146
II. Alaeddin Keykubad,https://tr.wikipedia.org/wiki/II._Al%C3%A2eddin_Keykubad,2,Anadolu Selçuklu Devleti#198;Konya#16
II. Alaeddin Keykubad,https://tr.wikipedia.org/wiki/II._Alaeddin_Keykubad,1,Sultan Alaeddin Camii#2
II. Aleksios,https://tr.wikipedia.org/wiki/II._Aleksios,1,Bizans İmparatorluğu#264
II. Amasis,https://tr.wikipedia.org/wiki/II._Amasis,1,Ahameniş İmparatorluğu#46
II. Andronikos,https://tr.wikipedia.org/wiki/II._Andronikos,1,Bizans İmparatorluğu#316
II. Artabazos,https://tr.wikipedia.org/wiki/II._Artabazos,1,Ahameniş İmparatorluğu#162
II. Artaserhas,https://tr.wikipedia.org/wiki/II._Artaserhas,6,Ahameniş İmparatorluğu#134;Ahameniş İmparatorluğu#140;Ahameniş İmparatorluğu#337;Ahameniş İmparatorluğu#383;Ahameniş İmparatorluğu#426;Ahameniş İmparatorluğuCard#15
II. Basileios,https://tr.wikipedia.org/wiki/II._Basileios,3,Antik Roma#63;Bizans İmparatorluğu#155;Bizans İmparatorluğuCard#17
II. Bayezid,https://tr.wikipedia.org/wiki/II._Bayezid,6,Bizans İmparatorluğu#346;Karamanoğulları Beyliği#11;Osmanlı İmparatorluğu#177;Osmanlı İmparatorluğu#546;Timur#565;İstanbul#79
II. Claudius,https://tr.wikipedia.org/wiki/II._Claudius,1,Efes#9
II. Constantinus,https://tr.wikipedia.org/wiki/II._Constantinus,2,Roma İmparatorluğu#305;Roma İmparatorluğu#324
II. Constantius,https://tr.wikipedia.org/wiki/II._Constantius,4,Julianus#7;JulianusCard#2;Roma İmparatorluğu#306;Roma İmparatorluğu#324
II. Dünya Savaşı,https://tr.wikipedia.org/wiki/II._D%C3%BCnya_Sava%C5%9F%C4%B1,14,Bisiklet#28;Cumhuriyet Halk Partisi#10;Cumhuriyet Halk Partisi#39;Cumhuriyet Halk Partisi#41;Hititler#40;Karate#10;Kardeş şehir#1;Mustafa Kemal Atatürk#693;Mustafa Kemal Atatürk#725;Mustafa Kemal Atatürk#850;Turizm#7;Türkiye#109;İstanbul#240
Türkiye ile ittifak aramış,https://tr.wikipedia.org/wiki/II._D%C3%BCnya_Sava%C5%9F%C4%B1%27nda_T%C3%BCrkiye,1,Mustafa Kemal Atatürk#850
Bengi Ali,https://tr.wikipedia.org/wiki/II._Damad_Bengi_Al%C3%A2eddin_Ali_Bey,1,I. Bayezid#69
II. Darius,https://tr.wikipedia.org/wiki/II._Darius,4,Ahameniş İmparatorluğu#129;Ahameniş İmparatorluğu#379;Ahameniş İmparatorluğu#425;Ahameniş İmparatorluğuCard#14
II. Filip,https://tr.wikipedia.org/wiki/II._Filip,11,Ahameniş İmparatorluğu#166;Ahameniş İmparatorluğu#213;Antik Yunanistan#107;Antik Yunanistan#111;Antik Yunanistan#4;İskender#1;İskender#158;İskender#23;İskender#249;İskender#5;İskenderCard#12
II. Gıyaseddin Keyhüsrev,https://tr.wikipedia.org/wiki/II._G%C4%B1y%C3%A2seddin_Keyh%C3%BCsrev,6,Anadolu Selçuklu Devleti#114;Anadolu Selçuklu Devleti#443;Anadolu Selçuklu DevletiCard#15;Germiyanoğulları Beyliği#17;I. Alâeddin Keykubad#7;Osmanlı İmparatorluğu#92
II. Gıyaseddin Keyhüsrev,https://tr.wikipedia.org/wiki/II._G%C4%B1yaseddin_Keyh%C3%BCsrev,3,I. Alâeddin Keykubad#40;I. Alâeddin KeykubadCard#3;I. Alâeddin KeykubadCard#8
II. Hüsrev,https://tr.wikipedia.org/wiki/II._H%C3%BCsrev,1,Bizans İmparatorluğu#87
II. Hydarnes,https://tr.wikipedia.org/wiki/II._Hydarnes,1,Ahameniş İmparatorluğu#293
II. Justinianos,https://tr.wikipedia.org/wiki/II._Justinianos,3,Ankara Kalesi#7;Bizans İmparatorluğu#113;Pavlusçuluk#12
II. Justinus,https://tr.wikipedia.org/wiki/II._Justinus,1,Bizans İmparatorluğu#83
II. Kılıç Arslan,https://tr.wikipedia.org/wiki/II._K%C4%B1l%C4%B1%C3%A7_Arslan,11,Anadolu Selçuklu Devleti#175;Anadolu Selçuklu Devleti#178;Anadolu Selçuklu Devleti#199;Anadolu Selçuklu Devleti#302;Anadolu Selçuklu Devleti#317;Anadolu Selçuklu Devleti#33;Anadolu Selçuklu Devleti#412;Anadolu Selçuklu Devleti#88;Anadolu Selçuklu Devleti#98;Anadolu Selçuklu DevletiCard#10;Sivas#20
II. Kılıçarslan,https://tr.wikipedia.org/wiki/II._K%C4%B1l%C4%B1%C3%A7arslan,1,Sultan Alaeddin Camii#4
II. Kambises,https://tr.wikipedia.org/wiki/II._Kambises,6,Ahameniş İmparatorluğu#287;Ahameniş İmparatorluğu#44;Ahameniş İmparatorluğuCard#7;II. Kiros#146;II. Kiros#46;II. Kiros#6
II. Kiros,https://tr.wikipedia.org/wiki/II._Kiros,14,Ahameniş İmparatorluğu#1;Ahameniş İmparatorluğu#25;Ahameniş İmparatorluğu#252;Ahameniş İmparatorluğu#282;Ahameniş İmparatorluğu#428;Ahameniş İmparatorluğuCard#6;Ankara#44;Herodot#3;Kızılırmak#50;Lidyalılar#7;Medler#60;Medler#64;Türkiye#43;İzmir#50
II. Konstantin,https://tr.wikipedia.org/wiki/II._Konstantin,1,Julianus#8
II. Kosova Muharebesi,https://tr.wikipedia.org/wiki/II._Kosova_Muharebesi,2,II. Murad#259;Osmanlı İmparatorluğu#160
II. Mahmud,https://tr.wikipedia.org/wiki/II._Mahmud,5,Madenî para#89;Osmanlı İmparatorluğu#253;Osmanlı İmparatorluğu#319;Osmanlı İmparatorluğu#372;Osmanlı İmparatorluğu#414
II. Manuil,https://tr.wikipedia.org/wiki/II._Manuil,9,Ankara Muharebesi#238;Fetret Devri#18;Fetret Devri#195;I. Bayezid#106;I. Bayezid#120;I. Bayezid#39;I. Murad#64;II. Murad#15;Timur#431
Maximinus,https://tr.wikipedia.org/wiki/II._Maximinus,1,Roma İmparatorluğu#285
II. Mehmed,https://tr.wikipedia.org/wiki/II._Mehmed,35,Antik Roma#6;Antik Roma#70;Bizans İmparatorluğu#324;Bizans İmparatorluğu#493;II. Murad#1;II. Murad#156;II. Murad#165;II. Murad#224;II. MuradCard#2;II. MuradCard#3;II. MuradCard#8;Kayseri#7;Konya#37;Madenî para#85;Osmanlı Hanedanı#15;Osmanlı İmparatorluğu#13;Osmanlı İmparatorluğu#158;Osmanlı İmparatorluğu#160;Osmanlı İmparatorluğu#161;Osmanlı İmparatorluğu#317;Osmanlı İmparatorluğu#343;Osmanlı İmparatorluğu#363;Osmanlı İmparatorluğu#398;Osmanlı İmparatorluğu#546;Osmanlı İmparatorluğu#554;Osmanlı İmparatorluğu#593;Osmanlı İmparatorluğu#597;Osmanlı İmparatorluğu#614;Osmanlı İmparatorluğu#628;Osmanlı İmparatorluğu#647;Roma İmparatorluğu#3;Türkiye#10;Türkiye#70;İstanbul#43;İstanbul#74
Müizzeddin Melikşah,https://tr.wikipedia.org/wiki/II._Melik%C5%9Fah,1,Büyük Selçuklu İmparatorluğu#154
II. Mesud,https://tr.wikipedia.org/wiki/II._Mesud,13,Anadolu Selçuklu Devleti#18;Anadolu Selçuklu DevletiCard#16;Germiyanoğulları Beyliği#24;Germiyanoğulları Beyliği#25;Germiyanoğulları Beyliği#27;Germiyanoğulları Beyliği#29;Germiyanoğulları Beyliği#30;Germiyanoğulları Beyliği#31;Germiyanoğulları Beyliği#34;Germiyanoğulları Beyliği#35;Germiyanoğulları Beyliği#64;Osmanlı İmparatorluğu#106
II. Murşili,https://tr.wikipedia.org/wiki/II._Mur%C5%9Fili,1,Hititler#96
II. Murad,https://tr.wikipedia.org/wiki/II._Murad,11,Ankara Muharebesi#244;Ankara#58;Germiyanoğulları Beyliği#112;Germiyanoğulları Beyliği#8;I. Murad#15;Osmanlı İmparatorluğu#150;Osmanlı İmparatorluğu#546;Osmanlı İmparatorluğu#66;Osmanlı İmparatorluğu#75;Sultan Alaeddin Camii#20;İzmir#89
II. Murat,https://tr.wikipedia.org/wiki/II._Murat,2,Karamanoğulları Beyliği#14;Sultan Alaeddin Camii#3
II. Muvatalli,https://tr.wikipedia.org/wiki/II._Muvatalli,2,Hititler#150;Hititler#96
II. Nebukadnezar,https://tr.wikipedia.org/wiki/II._Nebukadnezar,1,II. Kiros#201
II. Nektanebo,https://tr.wikipedia.org/wiki/II._Nektanebo,2,Ahameniş İmparatorluğu#168;Ahameniş İmparatorluğu#189
II. Nikiforos,https://tr.wikipedia.org/wiki/II._Nikiforos,1,Bizans İmparatorluğu#151
II. Osman,https://tr.wikipedia.org/wiki/II._Osman,1,Osmanlı İmparatorluğu#217
II. Ramses,https://tr.wikipedia.org/wiki/II._Ramses,2,Ankara Roma Hamamı#27;Hititler#99
II. Süleyman Şah,https://tr.wikipedia.org/wiki/II._S%C3%BCleyman_%C5%9Eah,11,Anadolu Selçuklu Devleti#178;Anadolu Selçuklu Devleti#179;Anadolu Selçuklu Devleti#181;Anadolu Selçuklu Devleti#199;Anadolu Selçuklu Devleti#295;Anadolu Selçuklu Devleti#311;Anadolu Selçuklu Devleti#33;Anadolu Selçuklu Devleti#341;Anadolu Selçuklu DevletiCard#12;I. Alâeddin Keykubad#11;I. Alâeddin Keykubad#16
II. Sargon,https://tr.wikipedia.org/wiki/II._Sargon,5,Asur#43;Frigler#42;Kimmerler#11;Medler#34;Medler#42
II. Selim,https://tr.wikipedia.org/wiki/II._Selim,2,Balâ#9;Osmanlı İmparatorluğu#202
II. Serhas,https://tr.wikipedia.org/wiki/II._Serhas,2,Ahameniş İmparatorluğu#125;Ahameniş İmparatorluğuCard#12
Flavius Valerius Severus,https://tr.wikipedia.org/wiki/II._Severus,1,Roma İmparatorluğu#285
II. Sultanzâde Nâsıreddin Mehmed Bey,https://tr.wikipedia.org/wiki/II._Sultanz%C3%A2de_N%C3%A2s%C4%B1reddin_Mehmed_Bey,3,Germiyanoğulları Beyliği#108;I. Bayezid#69;Karamanoğulları Beyliği#12
II. Theodosius,https://tr.wikipedia.org/wiki/II._Theodosius,4,Bizans İmparatorluğu#428;Bizans İmparatorluğu#52;Bizans İmparatorluğuCard#9;İstanbul#322
II. Tiberius,https://tr.wikipedia.org/wiki/II._Tiberius,1,Bizans İmparatorluğu#85
II. Tomanbay,https://tr.wikipedia.org/wiki/II._Tomanbay,2,Osmanlı İmparatorluğu#191;Osmanlı İmparatorluğu#193
II. Tuthaliya,https://tr.wikipedia.org/wiki/II._Tuthaliya,2,Anadolu#46;Hititler#90
Papa II. Urbanus,https://tr.wikipedia.org/wiki/II._Urbanus,1,Bizans İmparatorluğu#230
II. Valentinianus,https://tr.wikipedia.org/wiki/II._Valentinianus,1,Roma İmparatorluğu#355
II. Viyana Kuşatması,https://tr.wikipedia.org/wiki/II._Viyana_Ku%C5%9Fatmas%C4%B1,4,Osmanlı İmparatorluğu#218;Sakarya Meydan Muharebesi#3;Türk Kurtuluş Savaşı Batı Cephesi#851;Türkiye#11
II. Wilhelm,https://tr.wikipedia.org/wiki/II._Wilhelm,4,Mustafa Kemal Atatürk#233;Mustafa Kemal Atatürk#264;Türk Kurtuluş Savaşı Batı Cephesi#33;İstanbul#406
II. Yakub Bey,https://tr.wikipedia.org/wiki/II._Yakub_Bey,6,Ankara Muharebesi#42;Germiyanoğulları Beyliği#100;Germiyanoğulları Beyliği#105;Germiyanoğulları Beyliği#8;Germiyanoğulları BeyliğiCard#9;II. Murad#76
III. İvan,https://tr.wikipedia.org/wiki/III._%C4%B0van,1,Bizans İmparatorluğu#350
III. Salmaneser,https://tr.wikipedia.org/wiki/III._%C5%9Ealmanezer,1,Medler#8
III. Ahmed,https://tr.wikipedia.org/wiki/III._Ahmed,5,Osmanlı İmparatorluğu#234;Osmanlı İmparatorluğu#237;Osmanlı İmparatorluğu#242;Osmanlı İmparatorluğu#247;Osmanlı İmparatorluğu#660
III. Alâeddin Keykubad,https://tr.wikipedia.org/wiki/III._Al%C3%A2eddin_Keykubad,1,Germiyanoğulları Beyliği#64
III. Aleksios,https://tr.wikipedia.org/wiki/III._Aleksios,1,Bizans İmparatorluğu#279
III. Amenhotep,https://tr.wikipedia.org/wiki/III._Amenhotep,1,Hititler#33
III. Andronikos,https://tr.wikipedia.org/wiki/III._Andronikos,2,Bizans İmparatorluğu#316;Osmanlı İmparatorluğu#120
III. Artaserhas,https://tr.wikipedia.org/wiki/III._Artaserhas,3,Ahameniş İmparatorluğu#157;Ahameniş İmparatorluğu#426;Ahameniş İmparatorluğuCard#16
"İsaakios Komnenos U:(https://tr.wikipedia.org/wiki/%C4%B0saakios_Komnenos_(K%C4%B1br%C4%B1sl%C4%B1))___ 'a, Hırvat topraklarını Macar topraklarına katan ___E:III. Béla",https://tr.wikipedia.org/wiki/III._B%C3%A9la,1,Bizans İmparatorluğu#275
Constantius,https://tr.wikipedia.org/wiki/III._Constantius,1,Roma İmparatorluğu#417
III. Darius,https://tr.wikipedia.org/wiki/III._Darius,14,Ahameniş İmparatorluğu#160;Ahameniş İmparatorluğu#220;Ahameniş İmparatorluğuCard#18;Antik Yunanistan#131;II. Kiros#152;Türkiye#49;Türkiye#50;İskender#168;İskender#169;İskender#171;İskender#174;İskender#187;İskender#7
III. Filip,https://tr.wikipedia.org/wiki/III._Filip,2,İskenderCard#3;İskenderCard#4
III. Gıyaseddin Keyhüsrev,https://tr.wikipedia.org/wiki/III._G%C4%B1y%C3%A2seddin_Keyh%C3%BCsrev,2,Anadolu Selçuklu Devleti#137;Anadolu Selçuklu Devleti#198
III. Hattuşili,https://tr.wikipedia.org/wiki/III._Hattu%C5%9Fili,2,Hititler#113;Hititler#150
Papa III. Innocentius,https://tr.wikipedia.org/wiki/III._Innocentius,1,Bizans İmparatorluğu#285
III. Kılıç Arslan,https://tr.wikipedia.org/wiki/III._K%C4%B1l%C4%B1%C3%A7_Arslan,2,Anadolu Selçuklu Devleti#191;Anadolu Selçuklu Devleti#198
III. Leo,https://tr.wikipedia.org/wiki/III._Leo,2,Bizans İmparatorluğu#23;Roma imparatoru#9
III. Leon,https://tr.wikipedia.org/wiki/III._Leon,3,Ankara Kalesi#7;Bizans İmparatorluğu#116;Bizans İmparatorluğuCard#14
III. Lothar,https://tr.wikipedia.org/wiki/III._Lothar,1,Bizans İmparatorluğu#245
III. Mütevekkil,https://tr.wikipedia.org/wiki/III._M%C3%BCtevekkil,1,Osmanlı Hanedanı#28
III. Mehmed,https://tr.wikipedia.org/wiki/III._Mehmed,1,Madenî para#87
III. Mihail,https://tr.wikipedia.org/wiki/III._Mihail,1,Pavlusçuluk#12
III. Murşili,https://tr.wikipedia.org/wiki/III._Mur%C5%9Fili,1,Hititler#150
III. Murad,https://tr.wikipedia.org/wiki/III._Murad,1,Osmanlı İmparatorluğu#631
III. Mustafa,https://tr.wikipedia.org/wiki/III._Mustafa,1,Osmanlı İmparatorluğu#663
"Bryennios U:(https://tr.wikipedia.org/wiki/Nikiforos_Briennios_(ya%C5%9Fl%C4%B1))___ 1075 yılında İstanbul üzerine yürümesinden yararlanmak isteyen Bizans Anadolu orduları komutanı, ___E:Nikiforos Botaneiates",https://tr.wikipedia.org/wiki/III._Nikiforos,5,Anadolu Selçuklu Devleti#41;Artuk Bey#6;Artuk Bey#8;Bizans İmparatorluğu#213
Kısa Pepin,https://tr.wikipedia.org/wiki/III._Pepin,1,Bizans İmparatorluğu#416
III. Psamtik,https://tr.wikipedia.org/wiki/III._Psamtik,2,Ahameniş İmparatorluğu#287;Ahameniş İmparatorluğu#46
III. Ramses,https://tr.wikipedia.org/wiki/III._Ramses,1,Midas#26
III. Selim,https://tr.wikipedia.org/wiki/III._Selim,5,Karacabey Camii#10;Osmanlı İmparatorluğu#252;Osmanlı İmparatorluğu#372;Osmanlı İmparatorluğu#579;İstanbul#358
modern binasına,https://tr.wikipedia.org/wiki/III._TBMM_Binas%C4%B1,1,Cumhuriyet Müzesi#5
III. Tiglat-Pileser,https://tr.wikipedia.org/wiki/III._Tiglat-Pileser,2,Asur#43;Medler#30
ISO,https://tr.wikipedia.org/wiki/ISO,2,Latin harfleri#1;Latin harfleri#6
TRY,https://tr.wikipedia.org/wiki/ISO_4217,1,TürkiyeCard#29
Korkunç İvan,https://tr.wikipedia.org/wiki/IV._%C4%B0van,1,Bizans İmparatorluğu#350
IV. Aleksandros,https://tr.wikipedia.org/wiki/IV._Aleksandros,3,İskenderCard#3;İskenderCard#4;İskenderCard#9
IV. Aleksios,https://tr.wikipedia.org/wiki/IV._Aleksios,2,Bizans İmparatorluğu#293;Bizans İmparatorluğu#296
IV. Amintas,https://tr.wikipedia.org/wiki/IV._Amintas,1,İskender#96
Andronikos Paleologos,https://tr.wikipedia.org/wiki/IV._Andronikos,2,I. Bayezid#7;I. Murad#64
IV. Artaserhas,https://tr.wikipedia.org/wiki/IV._Artaserhas,1,Ahameniş İmparatorluğu#218
IV. Boemondo,https://tr.wikipedia.org/wiki/IV._Boemondo,1,I. Alâeddin Keykubad#84
Papa IV. Eugene,https://tr.wikipedia.org/wiki/IV._Eugenius,1,II. Murad#173
IV. Henry,https://tr.wikipedia.org/wiki/IV._Henry,1,Ankara Muharebesi#201
IV. Kılıç Arslan,https://tr.wikipedia.org/wiki/IV._K%C4%B1l%C4%B1%C3%A7_Arslan,1,Anadolu Selçuklu Devleti#198
IV. Konstantinos,https://tr.wikipedia.org/wiki/IV._Konstantinos,1,Bizans İmparatorluğu#113
IV. Mehmed,https://tr.wikipedia.org/wiki/IV._Mehmed,1,Osmanlı İmparatorluğu#313
IV. Murad,https://tr.wikipedia.org/wiki/IV._Murad,1,Osmanlı İmparatorluğu#214
IV. Murat,https://tr.wikipedia.org/wiki/IV._Murat,1,Şarkışla#30
IV. Petar Krešimir,https://tr.wikipedia.org/wiki/IV._Petar_Kre%C5%A1imir,1,Bizans İmparatorluğu#209
IV. Tuthaliya,https://tr.wikipedia.org/wiki/IV._Tuthaliya,2,Anadolu Medeniyetleri Müzesi#30;Hititler#111
Iaso,https://tr.wikipedia.org/wiki/Iaso,1,Asklepios#2
Idrieus,https://tr.wikipedia.org/wiki/Idrieus,1,Ahameniş İmparatorluğu#172
ıhlamur,https://tr.wikipedia.org/wiki/Ihlamur,2,Orman#54;Orman#70
Ihlara Vadisi,https://tr.wikipedia.org/wiki/Ihlara_Vadisi,1,Kapadokya#50
Cfa,https://tr.wikipedia.org/wiki/Il%C4%B1man_d%C3%B6nencealt%C4%B1_iklimi,2,İstanbul#127;İstanbulCard#24
ılıman iklim kuşaklarında,https://tr.wikipedia.org/wiki/Il%C4%B1man_ku%C5%9Fak_iklimleri,2,Taş Devri#17;İstanbul#127
Ilısu Barajı,https://tr.wikipedia.org/wiki/Il%C4%B1su_Baraj%C4%B1,1,Dicle#32
ılgın,https://tr.wikipedia.org/wiki/Ilg%C4%B1n,1,Orman#49
Ilgaz Dağı Millî Parkı,https://tr.wikipedia.org/wiki/Ilgaz_Da%C4%9F%C4%B1_Mill%C3%AE_Park%C4%B1,1,Karadeniz Bölgesi#71
Incitatus,https://tr.wikipedia.org/wiki/Incitatus,1,Roma İmparatorluğu#138
Indianapolis,"https://tr.wikipedia.org/wiki/Indianapolis,_Indiana",1,2001 Avrupa Basketbol Şampiyonası#14
Irak,https://tr.wikipedia.org/wiki/Irak,22,Ankara Muharebesi#35;Ankara Muharebesi#4;Anıtkabir#268;Bizans İmparatorluğu#151;Dicle#1;Dicle#14;Dicle#15;Fırat#3;Kral Yolu#6;Osmanlı İmparatorluğu#477;Timur İmparatorluğu#23;Timur İmparatorluğu#26;Türk Kurtuluş Savaşı#47;Türkiye#2;Türkiye#216;Türkiye#249;Türkiye#49;Türkçe#147;Türkçe#20;Türkçe#33;İstanbul#573
Irak,https://tr.wikipedia.org/wiki/Irak_Krall%C4%B1%C4%9F%C4%B1,1,Mustafa Kemal Atatürk#728
Irak Savaşı,https://tr.wikipedia.org/wiki/Irak_Sava%C5%9F%C4%B1,1,Sivas#46
Irak Selçuklu,https://tr.wikipedia.org/wiki/Irak_Sel%C3%A7uklular%C4%B1,12,Anadolu Selçuklu Devleti#2;Büyük Selçuklu sultanları listesi#2;Büyük Selçuklu İmparatorluğu#143;Büyük Selçuklu İmparatorluğu#168;Büyük Selçuklu İmparatorluğu#171;Büyük Selçuklu İmparatorluğu#2;Germiyanoğulları Beyliği#2;Karamanoğulları Beyliği#27;Osmanlı İmparatorluğu#2;Selçuklu Hanedanı#11;Selçuklu Hanedanı#2;Timur İmparatorluğu#2
Irak sahası,https://tr.wikipedia.org/wiki/Irak_a%C4%9F%C4%B1zlar%C4%B1,1,Türkçe#175
Vahhabi/SelefiIrak-Şam İslam Devleti,https://tr.wikipedia.org/wiki/Irak_ve_%C5%9Eam_%C4%B0slam_Devleti,1,İslam devleti#64
ırkı,https://tr.wikipedia.org/wiki/Irk,1,Ankara kedisi#1
Irkçılık-Turancılık Davası,https://tr.wikipedia.org/wiki/Irk%C3%A7%C4%B1l%C4%B1k-Turanc%C4%B1l%C4%B1k_Davas%C4%B1,1,Cumhuriyet Halk Partisi#40
Irk Bitig,https://tr.wikipedia.org/wiki/Irk_Bitig,1,Türkçe#70
ırmakları,https://tr.wikipedia.org/wiki/Irmak,1,Selçuklu Hanedanı#9
ısı,https://tr.wikipedia.org/wiki/Is%C4%B1,1,Şarap#2
ısırgan,https://tr.wikipedia.org/wiki/Is%C4%B1rgan,1,İzmir#205
Isaac Asimov,https://tr.wikipedia.org/wiki/Isaac_Asimov,1,Kimmerler#76
Isis,https://tr.wikipedia.org/wiki/Isis,1,Antik Roma#220
Islahat Fermanı,https://tr.wikipedia.org/wiki/Islahat_Ferman%C4%B1,3,Osmanlı İmparatorluğu#275;Osmanlı İmparatorluğu#454;Sivas#32
Isparta,https://tr.wikipedia.org/wiki/Isparta,9,Anadolu#11;I. Murad#78;Milliyetçi Hareket Partisi#47;Milliyetçi Hareket Partisi#56;Milliyetçi Hareket Partisi#59;Milliyetçi Hareket Partisi#73;Osmanlı İmparatorluğu#129;Türk Kurtuluş Savaşı Batı Cephesi#666;İzmir#240
Issık Göl,https://tr.wikipedia.org/wiki/Iss%C4%B1k_G%C3%B6l,1,Timur#48
Isthmia,https://tr.wikipedia.org/wiki/Isthmia_Oyunlar%C4%B1,1,Antik Yunanistan#244
Istranca meşesidir,https://tr.wikipedia.org/wiki/Istranca_me%C5%9Fesi,2,İstanbul#113;İstanbul#165
Ivar Tengbom,https://tr.wikipedia.org/wiki/Ivar_Tengbom,1,Anıtkabir#26
János Harmatta,https://tr.wikipedia.org/wiki/J%C3%A1nos_Harmatta,1,Kimmerler#72
János Hunyadi,https://tr.wikipedia.org/wiki/J%C3%A1nos_Hunyadi,3,II. Murad#119;II. Murad#124;II. Murad#150
Jön Türk Devrimi,https://tr.wikipedia.org/wiki/J%C3%B6n_T%C3%BCrk_Devrimi,1,Meclis-i Mebûsan#35
Jön Türk,https://tr.wikipedia.org/wiki/J%C3%B6n_T%C3%BCrkler,4,Cumhuriyet Halk Partisi#22;Mustafa Kemal Atatürk#87;Türk Kurtuluş Savaşı Batı Cephesi#96;Türkiye#90
Jül Sezar,https://tr.wikipedia.org/wiki/J%C3%BCl_Sezar,21,Antik Roma#402;Antik Roma#41;Antik Roma#78;Augustus#2;Augustus#234;Augustus#3;Augustus#315;Augustus#35;Augustus#355;Augustus#44;Augustus#83;Augustus#91;II. Kiros#185;Kayseri#8;Roma imparatorları listesi#2;Roma İmparatorluğu#283;Roma İmparatorluğu#46;Strabon#13;Tektosaglar#25;İskender#10;İzmir#64
J. P. Mallory,https://tr.wikipedia.org/wiki/J._P._Mallory,1,Hititler#50
Jagiellon Hanedanı,https://tr.wikipedia.org/wiki/Jagiellon_Hanedan%C4%B1,1,II. Murad#108
Yayçe,https://tr.wikipedia.org/wiki/Jajce,1,II. Murad#115
Jandarma,https://tr.wikipedia.org/wiki/Jandarma,1,Ankara Büyükşehir Belediyesi#18
Jandarma,https://tr.wikipedia.org/wiki/Jandarma_Genel_Komutanl%C4%B1%C4%9F%C4%B1,3,Anıtkabir#273;Türkiye#171;Türkiye#191
JKA,https://tr.wikipedia.org/wiki/Japan_Karate_Association,1,Karate#34
Japon İmparatorluğu,https://tr.wikipedia.org/wiki/Japon_%C4%B0mparatorlu%C4%9Fu,1,Lozan Antlaşması#1
Japon dövüş sanatları,https://tr.wikipedia.org/wiki/Japon_d%C3%B6v%C3%BC%C5%9F_sanatlar%C4%B1,1,Karate#1
Japoncada,https://tr.wikipedia.org/wiki/Japonca,1,Judo#5
Japonya,https://tr.wikipedia.org/wiki/Japonya,8,Ankara tavşanı#16;Anıtkabir#268;Batı dünyası#3;Demiryolu ulaşımı#7;Güreş#17;Lozan Barış Konferansı#2;Mustafa Kemal Atatürk#845;Türkiye millî basketbol takımı#82
Japonya,https://tr.wikipedia.org/wiki/Japonya_mill%C3%AE_basketbol_tak%C4%B1m%C4%B1,1,Türkiye millî basketbol takımı#41
jeofizik,https://tr.wikipedia.org/wiki/Jeofizik,1,Maden Tetkik ve Arama Genel Müdürlüğü#3
Jeolojik,https://tr.wikipedia.org/wiki/Jeoloji,1,Kapadokya#36
Jeoloji Mühendisliği,https://tr.wikipedia.org/wiki/Jeoloji_m%C3%BChendisli%C4%9Fi,1,Orta Doğu Teknik Üniversitesi#159
jeolojik,https://tr.wikipedia.org/wiki/Jeolojik,1,Maden Tetkik ve Arama Genel Müdürlüğü#3
jeotermal enerji,https://tr.wikipedia.org/wiki/Jeotermal_enerji,1,Türkiye#272
Jerome,https://tr.wikipedia.org/wiki/Jerome,1,Antik Yunanistan#24
jimnastik,https://tr.wikipedia.org/wiki/Jimnastik,1,Ankara#180
J. L. Burckhardt,https://tr.wikipedia.org/wiki/Johann_Ludwig_Burckhardt,1,Hititler#31
Johannes Kolmodin,https://tr.wikipedia.org/wiki/Johannes_Kolmodin,1,Türk Kurtuluş Savaşı Batı Cephesi#989
"Dukas U:(https://tr.wikipedia.org/wiki/Dukas_(tarih%C3%A7i))___ da ""Ankara'da bir ova"" tanımını kullanır. ___E:Johannes Schiltberger",https://tr.wikipedia.org/wiki/Johannes_Schiltberger,1,Ankara Muharebesi#126
Johannes de Sacrobosco,https://tr.wikipedia.org/wiki/Johannes_de_Sacrobosco,1,Augustus#355
Johannesburg,https://tr.wikipedia.org/wiki/Johannesburg,1,İstanbul#631
John F. Kennedy,https://tr.wikipedia.org/wiki/John_F._Kennedy,1,Mustafa Kemal Atatürk#850
John Turtle Wood,https://tr.wikipedia.org/wiki/John_Turtle_Wood,1,Efes#59
Josef Markwart,https://tr.wikipedia.org/wiki/Josef_Markwart,1,Osmanlı İmparatorluğu#61
Josef Stalin,https://tr.wikipedia.org/wiki/Josef_Stalin,1,Türk Kurtuluş Savaşı#231
Joseph Pitton de Tournefort,https://tr.wikipedia.org/wiki/Joseph_Pitton_de_Tournefort,1,Ankara Roma Hamamı#17
Joseph von Hammer-Purgstall,https://tr.wikipedia.org/wiki/Joseph_von_Hammer-Purgstall,1,Ankara Muharebesi#134
Josephus,https://tr.wikipedia.org/wiki/Josephus,1,II. Kiros#217
Jovian,https://tr.wikipedia.org/wiki/Jovian,1,JulianusCard#3
Judo,https://tr.wikipedia.org/wiki/Judo,4,Ankara#180;Güreş#3;Karate#26;Karate#8
Jujutsu,https://tr.wikipedia.org/wiki/Jujutsu,2,Judo#3;Karate#8
Genç Agrippina,https://tr.wikipedia.org/wiki/Julia_Agrippina,1,Roma İmparatorluğu#153
Julia,https://tr.wikipedia.org/wiki/Julia_Caesaris,2,Augustus#38;Roma İmparatorluğu#53
Julia Domna,https://tr.wikipedia.org/wiki/Julia_Domna,5,Caracalla#2;CaracallaCard#10;Roma İmparatorluğu#251;Septimius Severus#39;Septimius SeverusCard#6
Julia Flavia,https://tr.wikipedia.org/wiki/Julia_Flavia,1,Roma İmparatorluğu#208
Julian,https://tr.wikipedia.org/wiki/Julian,1,Julianus SütunuCard#7
Julianus,https://tr.wikipedia.org/wiki/Julianus,5,Ankara#114;Antik Roma#224;Bizans İmparatorluğu#47;Julianus Sütunu#2;Roma İmparatorluğu#314
Julian Sütunu,https://tr.wikipedia.org/wiki/Julianus_S%C3%BCtunu,2,Ankara#114;Ankara#166
Julio-Claudian,https://tr.wikipedia.org/wiki/Julius-Claudius_Hanedan%C4%B1,3,Antik Roma#48;AugustusCard#10;Roma İmparatorluğu#67
Julius Nepos,https://tr.wikipedia.org/wiki/Julius_Nepos,2,Bizans İmparatorluğu#57;Roma İmparatorluğu#419
Julius,https://tr.wikipedia.org/wiki/Julius_ailesi,1,Augustus#208
Justinianus Veba Salgını,https://tr.wikipedia.org/wiki/Justinianus_Veba_Salg%C4%B1n%C4%B1,2,Bizans İmparatorluğu#354;Bizans İmparatorluğu#81
Károly Weichinger,https://tr.wikipedia.org/wiki/K%C3%A1roly_Weichinger,1,Anıtkabir#26
kâğıt,https://tr.wikipedia.org/wiki/K%C3%A2%C4%9F%C4%B1t,1,İstanbul#256
Kâğıthane,https://tr.wikipedia.org/wiki/K%C3%A2%C4%9F%C4%B1thane,1,Osmanlı İmparatorluğu#576
Kâğıthane,https://tr.wikipedia.org/wiki/K%C3%A2%C4%9F%C4%B1thane_Deresi,2,İstanbul#203;İstanbul#24
Kaşgarlı Mahmud,https://tr.wikipedia.org/wiki/K%C3%A2%C5%9Fgarl%C4%B1_Mahmud,3,Türkçe#118;Türkçe#195;Türkçe#72
Kâbe,https://tr.wikipedia.org/wiki/K%C3%A2be,4,Anıtkabir#304;İslam devleti#16;İslam devleti#25;İslam devleti#27
kâfirlerle,https://tr.wikipedia.org/wiki/K%C3%A2fir,1,Ankara Muharebesi#56
Kâhta,https://tr.wikipedia.org/wiki/K%C3%A2hta,3,Ankara Muharebesi#30;Ankara Muharebesi#49;Timur#255
Kanuni Esasi,https://tr.wikipedia.org/wiki/K%C3%A2n%C3%BBn-%C4%B1_Es%C3%A2s%C3%AE,5,Meclis-i Mebûsan#1;Türkiye Büyük Millet Meclisi#120;Türkiye Büyük Millet Meclisi#50;Türkiye Büyük Millet Meclisi#52;Türkiye#12
Kâtip Çelebi,https://tr.wikipedia.org/wiki/K%C3%A2tip_%C3%87elebi,2,Ankara Muharebesi#136;Osmanlı İmparatorluğu#54
Kazım Paşa (Özalp),https://tr.wikipedia.org/wiki/K%C3%A2z%C4%B1m_%C3%96zalp,4,Mustafa Kemal Atatürk#192;Sakarya Meydan Muharebesi#47;Türkiye Büyük Millet Meclisi#75;Türkiye'de cumhuriyetin ilanı#31
Kâzım,https://tr.wikipedia.org/wiki/K%C3%A2z%C4%B1m_%C4%B0nan%C3%A7,1,Mustafa Kemal Atatürk#303
Kâzım (Dirik) Bey,https://tr.wikipedia.org/wiki/K%C3%A2z%C4%B1m_Dirik,1,Mustafa Kemal Atatürk#322
Kâzım Karabekir,https://tr.wikipedia.org/wiki/K%C3%A2z%C4%B1m_Karabekir,12,Cumhuriyet Halk Partisi#23;Mustafa Kemal Atatürk#296;Mustafa Kemal Atatürk#355;Mustafa Kemal Atatürk#857;Türk Kurtuluş Savaşı Batı Cephesi#336;Türk Kurtuluş Savaşı#138;Türk Kurtuluş Savaşı#24;Türk Kurtuluş Savaşı#57;Türk Kurtuluş Savaşı#70;Türk Kurtuluş Savaşı#98;Türk Kurtuluş Savaşı#99;Türkiye Büyük Millet Meclisi#76
Kâzım (Orbay),https://tr.wikipedia.org/wiki/K%C3%A2z%C4%B1m_Orbay,1,Türk Kurtuluş Savaşı#220
köfte,https://tr.wikipedia.org/wiki/K%C3%B6fte,1,Çorba#27
köleler,https://tr.wikipedia.org/wiki/K%C3%B6lelik,2,Antik Roma#149;İnşaat#15
Köln,https://tr.wikipedia.org/wiki/K%C3%B6ln,2,Anıtkabir#298;Julianus#23
Sekt,https://tr.wikipedia.org/wiki/K%C3%B6p%C3%BCkl%C3%BC_%C5%9Farap,1,Şarap#67
Köppen iklim sınıflandırması,https://tr.wikipedia.org/wiki/K%C3%B6ppen_iklim_s%C4%B1n%C4%B1fland%C4%B1rmas%C4%B1,4,Ankara#78;Konya#56;Yarı kurak iklim#1;İstanbul#127
köprü,https://tr.wikipedia.org/wiki/K%C3%B6pr%C3%BC,3,Antik Roma#280;Büyük Selçuklu İmparatorluğu#221;Sakarya Meydan Muharebesi#38
Köprüköy,"https://tr.wikipedia.org/wiki/K%C3%B6pr%C3%BC,_Keskin",1,Balâ#28
Köprülü Mehmed Paşa,https://tr.wikipedia.org/wiki/K%C3%B6pr%C3%BCl%C3%BC_Mehmed_Pa%C5%9Fa,1,Osmanlı İmparatorluğu#217
Köprülüler Devri,https://tr.wikipedia.org/wiki/K%C3%B6pr%C3%BCl%C3%BCler_Devri,1,Osmanlı İmparatorluğu#217
Körfez,"https://tr.wikipedia.org/wiki/K%C3%B6rfez,_Kocaeli",1,İstanbul#89
Birinci Körfez Savaşı,https://tr.wikipedia.org/wiki/K%C3%B6rfez_Sava%C5%9F%C4%B1,2,Türkiye#188;Türkiye#329
Köroğlu,https://tr.wikipedia.org/wiki/K%C3%B6ro%C4%9Flu_Da%C4%9Flar%C4%B1,2,Kızılcahamam#3;Türkiye#214
Sivas U:(https://tr.wikipedia.org/wiki/Sivas_(il))___ 'ın doğusunda yer alan ___E:Kösedağ,https://tr.wikipedia.org/wiki/K%C3%B6seda%C4%9F,1,Osmanlı İmparatorluğu#92
Kösedağ Muharebesi,https://tr.wikipedia.org/wiki/K%C3%B6seda%C4%9F_Muharebesi,8,Anadolu Selçuklu Devleti#122;Anadolu Selçuklu Devleti#18;Anadolu Selçuklu Devleti#199;Bizans İmparatorluğu#308;Osmanlı İmparatorluğu#92;Sivas#23;Türkiye#68;Türkiye#7
Köseli,"https://tr.wikipedia.org/wiki/K%C3%B6seli,_Bala",1,Balâ#27
Köstendil,https://tr.wikipedia.org/wiki/K%C3%B6stendil,2,Türkçe#162;Türkçe#164
köy,https://tr.wikipedia.org/wiki/K%C3%B6y,3,1945 Türkiye nüfus sayımı#1;Gemerek#1;Sakarya Meydan Muharebesi#38
Köy Enstitüleri,https://tr.wikipedia.org/wiki/K%C3%B6y_enstit%C3%BCs%C3%BC,1,Cumhuriyet Halk Partisi#38
Kût'ül-Amâre,https://tr.wikipedia.org/wiki/K%C3%BBt%27%C3%BCl-Am%C3%A2re_Ku%C5%9Fatmas%C4%B1,1,Türk Kurtuluş Savaşı#47
Küçükçekmece,https://tr.wikipedia.org/wiki/K%C3%BC%C3%A7%C3%BCk%C3%A7ekmece,1,İstanbul#452
Küçükçekmece,https://tr.wikipedia.org/wiki/K%C3%BC%C3%A7%C3%BCk%C3%A7ekmece_G%C3%B6l%C3%BC,2,İstanbul#104;İstanbul#25
Küçükçamlıca,https://tr.wikipedia.org/wiki/K%C3%BC%C3%A7%C3%BCk_%C3%87aml%C4%B1ca_Korusu,1,İstanbul#123
küçük ünlü uyumu,https://tr.wikipedia.org/wiki/K%C3%BC%C3%A7%C3%BCk_%C3%BCnl%C3%BC_uyumu,1,Türkçe#208
Küçük Asya Ordusu,https://tr.wikipedia.org/wiki/K%C3%BC%C3%A7%C3%BCk_Asya_Ordusu,1,Türk Kurtuluş Savaşı Batı Cephesi#1030
Küçük Ayasofya Camii,https://tr.wikipedia.org/wiki/K%C3%BC%C3%A7%C3%BCk_Ayasofya_Camii,1,İstanbul#242
Küçük Kıyamet,https://tr.wikipedia.org/wiki/K%C3%BC%C3%A7%C3%BCk_K%C4%B1yamet,1,İstanbul#78
Küçük Kaynarca Antlaşması,https://tr.wikipedia.org/wiki/K%C3%BC%C3%A7%C3%BCk_Kaynarca_Antla%C5%9Fmas%C4%B1,2,Osmanlı İmparatorluğu#250;Osmanlı İmparatorluğu#344
Küçük Menderes,https://tr.wikipedia.org/wiki/K%C3%BC%C3%A7%C3%BCk_Menderes,2,Efes#12;Lidyalılar#3
Küçük Octavia,https://tr.wikipedia.org/wiki/K%C3%BC%C3%A7%C3%BCk_Octavia,2,Augustus#127;Roma İmparatorluğu#119
Küçükbıyık,"https://tr.wikipedia.org/wiki/K%C3%BC%C3%A7%C3%BCkb%C4%B1y%C4%B1k,_Bala",1,Balâ#27
Küçükbayat,"https://tr.wikipedia.org/wiki/K%C3%BC%C3%A7%C3%BCkbayat,_Bala",2,Balâ#20;Balâ#27
Küçükboğaz Gölü,https://tr.wikipedia.org/wiki/K%C3%BC%C3%A7%C3%BCkbo%C4%9Faz_G%C3%B6l%C3%BC,1,Sakarya Nehri#26
Küçükboyalık,"https://tr.wikipedia.org/wiki/K%C3%BC%C3%A7%C3%BCkboyal%C4%B1k,_Bala",2,Balâ#20;Balâ#27
Küçükcamili,"https://tr.wikipedia.org/wiki/K%C3%BC%C3%A7%C3%BCkcamili,_Bala",1,Balâ#27
Küba,https://tr.wikipedia.org/wiki/K%C3%BCba,1,Mustafa Kemal Atatürk#845
Kübizm,https://tr.wikipedia.org/wiki/K%C3%BCbizm,1,Türkiye#363
küfeki taşı,https://tr.wikipedia.org/wiki/K%C3%BCfeki_ta%C5%9F%C4%B1,1,Ankara Etnografya Müzesi#5
kükürt,https://tr.wikipedia.org/wiki/K%C3%BCk%C3%BCrt,2,Kimmerler#64;Şarap#39
Kül Tigin,https://tr.wikipedia.org/wiki/K%C3%BCl_Tigin,1,Türkçe#67
külliye,https://tr.wikipedia.org/wiki/K%C3%BClliye,3,Anadolu Selçuklu Devleti#442;Anadolu Selçuklu Devleti#446;Karacabey Camii#5
kültür,https://tr.wikipedia.org/wiki/K%C3%BClt%C3%BCr,8,"Antik Yunanistan#12;Bizans İmparatorluğu#2;Cumhuriyet Halk Partisi#26;Türkçe#24;Çubuk, Ankara#20;Çubuk, Ankara#42;İstanbul#20;İstanbul#66"
kültür emperyalizminin,https://tr.wikipedia.org/wiki/K%C3%BClt%C3%BCr_emperyalizmi,1,Orta Doğu Teknik Üniversitesi#309
Kültürpark,https://tr.wikipedia.org/wiki/K%C3%BClt%C3%BCrpark,2,İzmir#135;İzmir#195
Kültepe,https://tr.wikipedia.org/wiki/K%C3%BCltepe,10,Anadolu#40;Hatti#4;Hititler#11;Hititler#28;Hititler#40;Hititler#6;Hititler#68;Hititler#77;Kayseri#13;İzmir#13
kümülonimbus,https://tr.wikipedia.org/wiki/K%C3%BCm%C3%BClonimbus,1,Konveksiyonel yağış#5
kümbet,https://tr.wikipedia.org/wiki/K%C3%BCmbet,1,Büyük Selçuklu İmparatorluğu#221
Kümbet Yaylası,https://tr.wikipedia.org/wiki/K%C3%BCmbet_Yaylas%C4%B1,1,Karadeniz Bölgesi#48
Amîd-ül-mülk,https://tr.wikipedia.org/wiki/K%C3%BCnd%C3%BCr%C3%AE,1,Büyük Selçuklu İmparatorluğu#55
Kürboğa,https://tr.wikipedia.org/wiki/K%C3%BCrbo%C4%9Fa,1,Büyük Selçuklu İmparatorluğu#122
Kürt Teali Cemiyeti,https://tr.wikipedia.org/wiki/K%C3%BCrdistan_Teali_Cemiyeti,1,Türkiye Büyük Millet Meclisi#73
Kürdistan bayrağına,https://tr.wikipedia.org/wiki/K%C3%BCrdistan_bayra%C4%9F%C4%B1,1,Mansur Yavaş#26
Küre,"https://tr.wikipedia.org/wiki/K%C3%BCre,_Kastamonu",1,Vasip Şahin#5
Küre Dağları Millî Parkı,https://tr.wikipedia.org/wiki/K%C3%BCre_Da%C4%9Flar%C4%B1_Mill%C3%AE_Park%C4%B1,1,Karadeniz Bölgesi#71
Kürtçe,https://tr.wikipedia.org/wiki/K%C3%BCrt%C3%A7e,6,II. Kiros#21;Medler#99;Osmanlı İmparatorluğu#434;Türkiye#326;Türkçe#148;Türkçe#21
Türkiye'deki Kürt azınlık haklarını,https://tr.wikipedia.org/wiki/K%C3%BCrt_siyasi_hareketi,1,2024 Türkiye yerel seçimleri#4
Saspirianlar,https://tr.wikipedia.org/wiki/K%C3%BCrt_tarihi,1,Ahameniş İmparatorluğu#290
Kürt,https://tr.wikipedia.org/wiki/K%C3%BCrtler,11,Anadolu#72;Ankara Muharebesi#258;Balâ#24;Balâ#26;Germiyanoğulları Beyliği#12;Germiyanoğulları Beyliği#13;Haymana#3;Malazgirt Meydan Muharebesi#80;Medler#103;Medler#95;Türkiye#108
Kütahya,https://tr.wikipedia.org/wiki/K%C3%BCtahya,26,Anadolu#12;Ankara Muharebesi#203;Fetret Devri#11;Frigler#129;Frigler#75;Frigya#30;Frigya#58;Germiyanoğulları Beyliği#11;Germiyanoğulları Beyliği#120;Germiyanoğulları Beyliği#14;Germiyanoğulları Beyliği#6;Germiyanoğulları BeyliğiCard#1;I. Bayezid#6;I. Murad#77;Karamanoğulları Beyliği#14;Milliyetçi Hareket Partisi#73;Milliyetçi Hareket Partisi#76;Osmanlı İmparatorluğu#129;Osmanlı İmparatorluğu#258;Osmanlı İmparatorluğu#95;Timur#462;Türk Kurtuluş Savaşı Batı Cephesi#10;Türk Kurtuluş Savaşı Batı Cephesi#589;Türk Kurtuluş Savaşı Batı Cephesi#665;Türk Kurtuluş Savaşı Batı Cephesi#814;Türk Kurtuluş Savaşı#21
Kütahya-Eskişehir Muharebeleri,https://tr.wikipedia.org/wiki/K%C3%BCtahya-Eski%C5%9Fehir_Muharebeleri,5,Mustafa Kemal Atatürk#489;Sakarya Meydan Muharebesi#10;Türk Kurtuluş Savaşı Batı Cephesi#16;Türk Kurtuluş Savaşı#171;Türk Kurtuluş Savaşı#35
Kütahya Antlaşması,https://tr.wikipedia.org/wiki/K%C3%BCtahya_Antla%C5%9Fmas%C4%B1,1,Osmanlı İmparatorluğu#260
Kış,https://tr.wikipedia.org/wiki/K%C4%B1%C5%9F,2,Buz pateni#2;Dicle#5
Kış Olimpiyat Oyunlarında,https://tr.wikipedia.org/wiki/K%C4%B1%C5%9F_Olimpiyat_Oyunlar%C4%B1,1,Buz hokeyi#10
Kışlacık,https://tr.wikipedia.org/wiki/K%C4%B1%C5%9Flac%C4%B1k,1,"Çubuk, Ankara#36"
Kışlacık,"https://tr.wikipedia.org/wiki/K%C4%B1%C5%9Flac%C4%B1k,_%C3%87ubuk",1,"Çubuk, Ankara#8"
kıble,https://tr.wikipedia.org/wiki/K%C4%B1ble,2,Anıtkabir#169;İslam devleti#16
Kıbrıs,https://tr.wikipedia.org/wiki/K%C4%B1br%C4%B1s,17,Ahameniş İmparatorluğu#45;Ahameniş İmparatorluğu#92;Antik Yunanistan#102;Antik Yunanistan#35;Antik Yunanistan#74;Anıtkabir#268;Anıtkabir#81;Augustus#188;Bizans İmparatorluğu#148;Bizans İmparatorluğu#152;Hititler#1;Türk Kurtuluş Savaşı#202;Türkiye#3;Türkçe#165;Türkçe#19;Türkçe#2;İzmir#80
Kıbrıs Cumhuriyeti,https://tr.wikipedia.org/wiki/K%C4%B1br%C4%B1s_Cumhuriyeti,4,HititlerCard#11;Türkçe#147;Türkçe#26;Türkçe#4
Kıbrıs Geçici Türk Yönetimi,https://tr.wikipedia.org/wiki/K%C4%B1br%C4%B1s_Ge%C3%A7ici_T%C3%BCrk_Y%C3%B6netimi,7,Anadolu Selçuklu Devleti#4;Büyük Selçuklu İmparatorluğu#4;Germiyanoğulları Beyliği#4;Karamanoğulları Beyliği#29;Osmanlı İmparatorluğu#4;Selçuklu Hanedanı#4;Timur İmparatorluğu#4
adaya asker çıkardı,https://tr.wikipedia.org/wiki/K%C4%B1br%C4%B1s_Harek%C3%A2t%C4%B1,1,Türkiye#112
Kıbrıs Krallığı,https://tr.wikipedia.org/wiki/K%C4%B1br%C4%B1s_Krall%C4%B1%C4%9F%C4%B1,1,I. Alâeddin Keykubad#142
Kıbrıslılar,https://tr.wikipedia.org/wiki/K%C4%B1br%C4%B1s_Rumlar%C4%B1,1,Ahameniş İmparatorluğu#290
Kıbrıs Sorunu,https://tr.wikipedia.org/wiki/K%C4%B1br%C4%B1s_Sorunu,1,Türkiye#177
Kıbrıs,https://tr.wikipedia.org/wiki/K%C4%B1br%C4%B1s_T%C3%BCrk%C3%A7esi,2,Türkçe#165;Türkçe#312
Kıbrıs Türk Federe Devleti,https://tr.wikipedia.org/wiki/K%C4%B1br%C4%B1s_T%C3%BCrk_Federe_Devleti,7,Anadolu Selçuklu Devleti#4;Büyük Selçuklu İmparatorluğu#4;Germiyanoğulları Beyliği#4;Karamanoğulları Beyliği#29;Osmanlı İmparatorluğu#4;Selçuklu Hanedanı#4;Timur İmparatorluğu#4
Kıbrıs Türklerinin,https://tr.wikipedia.org/wiki/K%C4%B1br%C4%B1s_T%C3%BCrkleri,1,Türkçe#165
Kıbrıscık,https://tr.wikipedia.org/wiki/K%C4%B1br%C4%B1sc%C4%B1k,1,Güdül#20
Kılıç,https://tr.wikipedia.org/wiki/K%C4%B1l%C4%B1%C3%A7,2,Eskrim#7;Kimmerler#3
kımıl,https://tr.wikipedia.org/wiki/K%C4%B1m%C4%B1l,1,Atatürk Orman Çiftliği#19
kın,https://tr.wikipedia.org/wiki/K%C4%B1n,1,Kimmerler#55
Kınık,https://tr.wikipedia.org/wiki/K%C4%B1n%C4%B1k_boyu,5,Büyük Selçuklu sultanları listesi#2;Büyük Selçuklu İmparatorluğu#6;Güdül#9;Selçuklu Hanedanı#12;Selçuklu Hanedanı#6
Kınalı,https://tr.wikipedia.org/wiki/K%C4%B1nal%C4%B1,1,Otoyol#15
Kınalıada,https://tr.wikipedia.org/wiki/K%C4%B1nal%C4%B1ada,3,Malazgirt Meydan Muharebesi#110;Malazgirt Meydan Muharebesi#93;İstanbul#468
Kıpçak,https://tr.wikipedia.org/wiki/K%C4%B1p%C3%A7ak_grubu,2,Türkçe#16;Türkçe#56
Kıpçaklar,https://tr.wikipedia.org/wiki/K%C4%B1p%C3%A7aklar,5,Anadolu Selçuklu Devleti#323;Anadolu Selçuklu Devleti#342;Anadolu Selçuklu Devleti#456;Ayaş#5;Büyük Selçuklu İmparatorluğu#21
Kıptîce,https://tr.wikipedia.org/wiki/K%C4%B1pt%C3%AEce,1,Bizans İmparatorluğu#481
Kırıkkale,https://tr.wikipedia.org/wiki/K%C4%B1r%C4%B1kkale,6,"Elmadağ, Ankara#3;Kalecik#10;Kızılırmak#1;Milliyetçi Hareket Partisi#47;Yeniden Refah Partisi#25;Çorum#4"
Kırım,https://tr.wikipedia.org/wiki/K%C4%B1r%C4%B1m,7,I. Alâeddin Keykubad#6;I. Alâeddin Keykubad#96;Kimmerler#28;Midas#24;Osmanlı İmparatorluğu#169;Osmanlı İmparatorluğu#344;Timur İmparatorluğu#7
Kırım Halk Cumhuriyeti,https://tr.wikipedia.org/wiki/K%C4%B1r%C4%B1m_Halk_Cumhuriyeti,7,Anadolu Selçuklu Devleti#4;Büyük Selçuklu İmparatorluğu#4;Germiyanoğulları Beyliği#4;Karamanoğulları Beyliği#29;Osmanlı İmparatorluğu#4;Selçuklu Hanedanı#4;Timur İmparatorluğu#4
Kırım Hanlığı,https://tr.wikipedia.org/wiki/K%C4%B1r%C4%B1m_Hanl%C4%B1%C4%9F%C4%B1,8,Anadolu Selçuklu Devleti#2;Büyük Selçuklu İmparatorluğu#2;Germiyanoğulları Beyliği#2;Karamanoğulları Beyliği#27;Osmanlı İmparatorluğu#169;Osmanlı İmparatorluğu#2;Selçuklu Hanedanı#2;Timur İmparatorluğu#2
Kırım Savaşı,https://tr.wikipedia.org/wiki/K%C4%B1r%C4%B1m_Sava%C5%9F%C4%B1,1,Türkiye#81
Kırım Tatarcası,https://tr.wikipedia.org/wiki/K%C4%B1r%C4%B1m_Tatarcas%C4%B1,2,Kimmerler#77;Türkçe#16
Kırşehir,https://tr.wikipedia.org/wiki/K%C4%B1r%C5%9Fehir,10,Ahilik#31;Anadolu Selçuklu Devleti#439;Ankara Muharebesi#91;Ankara Vilayeti#3;Crocus ancyrensis#5;Frigler#75;Germiyanoğulları Beyliği#64;Kızılırmak#1;Milliyetçi Hareket Partisi#42;Milliyetçi Hareket Partisi#47
Ahi Evran Üniversitesi,https://tr.wikipedia.org/wiki/K%C4%B1r%C5%9Fehir_Ahi_Evran_%C3%9Cniversitesi,1,Gazi Üniversitesi#28
Kırcaali Belediyesi,https://tr.wikipedia.org/wiki/K%C4%B1rcaali,1,Türkçe#39
Kırgız Kağanlığı,https://tr.wikipedia.org/wiki/K%C4%B1rg%C4%B1z_Ka%C4%9Fanl%C4%B1%C4%9F%C4%B1,7,Anadolu Selçuklu Devleti#2;Büyük Selçuklu İmparatorluğu#2;Germiyanoğulları Beyliği#2;Karamanoğulları Beyliği#27;Osmanlı İmparatorluğu#2;Selçuklu Hanedanı#2;Timur İmparatorluğu#2
Kırgızca,https://tr.wikipedia.org/wiki/K%C4%B1rg%C4%B1zca,1,Türkçe#14
Kırgızistan,https://tr.wikipedia.org/wiki/K%C4%B1rg%C4%B1zistan,7,Anadolu Selçuklu Devleti#4;Büyük Selçuklu İmparatorluğu#4;Germiyanoğulları Beyliği#4;Karamanoğulları Beyliği#29;Osmanlı İmparatorluğu#4;Selçuklu Hanedanı#4;Timur İmparatorluğu#4
Kırkdilim Muharebesi,https://tr.wikipedia.org/wiki/K%C4%B1rkdilim_Muharebesi,1,I. Bayezid#46
kırkikindi,https://tr.wikipedia.org/wiki/K%C4%B1rkikindi_ya%C4%9F%C4%B1%C5%9Flar%C4%B1,2,Ankara#84;Konya#60
Kırklareli,https://tr.wikipedia.org/wiki/K%C4%B1rklareli,6,2024 Türkiye yerel seçimleri#128;I. Murad#52;Milliyetçi Hareket Partisi#47;Milliyetçi Hareket Partisi#53;Milliyetçi Hareket Partisi#76;Mustafa Kemal Atatürk#726
Kırkpınar,https://tr.wikipedia.org/wiki/K%C4%B1rkp%C4%B1nar_Ya%C4%9Fl%C4%B1_G%C3%BCre%C5%9Fleri,3,Güreş#23;Güreş#82;Türkiye#409
kırmızı,https://tr.wikipedia.org/wiki/K%C4%B1rm%C4%B1z%C4%B1,2,Orta Doğu Teknik Üniversitesi#91;Şarap#45
Kırmızı şarap,https://tr.wikipedia.org/wiki/K%C4%B1rm%C4%B1z%C4%B1_%C5%9Farap,2,Şarap#45;Şarap#9
Kıtaların,https://tr.wikipedia.org/wiki/K%C4%B1ta,1,Bozkır#2
Kıta Avrupası,https://tr.wikipedia.org/wiki/K%C4%B1ta_Avrupas%C4%B1,1,Antik Roma#118
iki kıtada toprağı bulunan,https://tr.wikipedia.org/wiki/K%C4%B1talararas%C4%B1_%C3%BClke,1,Türkiye#204
Kıtalararası ülke,https://tr.wikipedia.org/wiki/K%C4%B1talararas%C4%B1_%C3%BClkeler_listesi,2,Osmanlı Hanedanı#33;Türkiye#1
kıtalararası bir şehir,https://tr.wikipedia.org/wiki/K%C4%B1talararas%C4%B1_%C5%9Fehir,1,İstanbul#11
"Kıyıköy, Vize","https://tr.wikipedia.org/wiki/K%C4%B1y%C4%B1k%C3%B6y,_Vize",1,Mustafa Kemal Atatürk#727
giysilerinde,https://tr.wikipedia.org/wiki/K%C4%B1yafet_Devrimi,1,Mustafa Kemal Atatürk#15
Kızık,https://tr.wikipedia.org/wiki/K%C4%B1z%C4%B1k_boyu,2,"Çubuk, Ankara#11;Çubuk, Ankara#9"
Kızılçam,https://tr.wikipedia.org/wiki/K%C4%B1z%C4%B1l%C3%A7am,2,Balâ#56;Orman#45
Kızılırmak,https://tr.wikipedia.org/wiki/K%C4%B1z%C4%B1l%C4%B1rmak,19,Ankara Muharebesi#83;Ankara#40;Ankara#46;Balâ#49;Frigler#61;Frigler#68;Frigler#75;Frigya#4;Hatti#1;Kalecik#13;Kalecik#24;Karadeniz Bölgesi#25;Karadeniz Bölgesi#52;Karadeniz Bölgesi#6;Lidyalılar#7;Medler#57;Sakarya Nehri#1;Sakarya Nehri#7;Çorum#23
"Kırıkkale U:(https://tr.wikipedia.org/wiki/K%C4%B1r%C4%B1kkale_(il))___ , ___E:Kızılırmak","https://tr.wikipedia.org/wiki/K%C4%B1z%C4%B1l%C4%B1rmak,_%C3%87ank%C4%B1r%C4%B1",1,Ankara#162
56.000 hektarlık deltasıyla,https://tr.wikipedia.org/wiki/K%C4%B1z%C4%B1l%C4%B1rmak_Deltas%C4%B1,2,Kızılırmak#2;Kızılırmak#37
Kızıl Buğa,https://tr.wikipedia.org/wiki/K%C4%B1z%C4%B1l_Bu%C4%9Fa,1,Osmanlı Hanedanı#12
Ermenistan,https://tr.wikipedia.org/wiki/K%C4%B1z%C4%B1l_Ordu%27nun_Ermenistan%27%C4%B1_i%C5%9Fg%C3%A2li,1,Türk Kurtuluş Savaşı Batı Cephesi#567
Gürcistan Sovyetleştirilmişti,https://tr.wikipedia.org/wiki/K%C4%B1z%C4%B1l_Ordu%27nun_G%C3%BCrcistan%27%C4%B1_i%C5%9Fgali,1,Türk Kurtuluş Savaşı Batı Cephesi#567
kızıl geyik,https://tr.wikipedia.org/wiki/K%C4%B1z%C4%B1l_geyik,1,İstanbul#191
kızıl sincap,https://tr.wikipedia.org/wiki/K%C4%B1z%C4%B1l_sincap,1,İstanbul#187
Kızılagaç,"https://tr.wikipedia.org/wiki/K%C4%B1z%C4%B1la%C4%9Fa%C3%A7,_Bulgaristan",1,I. Murad#52
Kızılay,https://tr.wikipedia.org/wiki/K%C4%B1z%C4%B1lay,1,Gazi Üniversitesi#4
Kızılay,"https://tr.wikipedia.org/wiki/K%C4%B1z%C4%B1lay,_Ankara",2,Ankara Büyükşehir Belediyesi#23;Çukurambar#1
Kızılay,https://tr.wikipedia.org/wiki/K%C4%B1z%C4%B1lay_Meydan%C4%B1,2,Ankara Esenboğa Havalimanı#55;Orta Doğu Teknik Üniversitesi#12
Kızılca göleti,https://tr.wikipedia.org/wiki/K%C4%B1z%C4%B1lca_g%C3%B6leti,1,"Çubuk, Ankara#50"
Kızılcahamam,https://tr.wikipedia.org/wiki/K%C4%B1z%C4%B1lcahamam,6,Ankara#159;Ankara#169;Ankara#170;Ankara#20;Güdül#20;Vasip Şahin#5
Kızıldeniz,https://tr.wikipedia.org/wiki/K%C4%B1z%C4%B1ldeniz,2,Ahameniş İmparatorluğu#290;Türkiye#73
Kızılderililer,https://tr.wikipedia.org/wiki/K%C4%B1z%C4%B1lderililer,1,Güreş#18
Kızılkum,https://tr.wikipedia.org/wiki/K%C4%B1z%C4%B1lkum_%C3%87%C3%B6l%C3%BC,1,II. Kiros#127
KOSGEB,https://tr.wikipedia.org/wiki/KOSGEB,1,Orta Doğu Teknik Üniversitesi#63
KRT TV,https://tr.wikipedia.org/wiki/KRT_TV,1,İstanbul#522
Kaçkar Dağları Millî Parkı,https://tr.wikipedia.org/wiki/Ka%C3%A7kar_Da%C4%9Flar%C4%B1_Mill%C3%AE_Park%C4%B1,1,Karadeniz Bölgesi#71
kağnı,https://tr.wikipedia.org/wiki/Ka%C4%9Fn%C4%B1,1,Osmanlı İmparatorluğu#502
Kaşıkçı Elması,https://tr.wikipedia.org/wiki/Ka%C5%9F%C4%B1k%C3%A7%C4%B1_Elmas%C4%B1,1,İstanbul#357
Kaşık oyunları,https://tr.wikipedia.org/wiki/Ka%C5%9F%C4%B1k_oyunlar%C4%B1,1,Türkiye#375
Kaşgar,https://tr.wikipedia.org/wiki/Ka%C5%9Fgar,1,Timur#18
Kaşkaların,https://tr.wikipedia.org/wiki/Ka%C5%9Fkalar,2,Anadolu#50;Hititler#120
Kaşkayca,https://tr.wikipedia.org/wiki/Ka%C5%9Fkayca,1,Türkçe#15
kabaca,https://tr.wikipedia.org/wiki/Kabaca,1,Üniversite#19
kabak,https://tr.wikipedia.org/wiki/Kabak,1,Osmanlı İmparatorluğu#610
kabak gülü dolması,https://tr.wikipedia.org/wiki/Kabak_%C3%A7i%C3%A7e%C4%9Fi_dolmas%C4%B1,1,Balâ#45
Doğu Çerkesçesi,https://tr.wikipedia.org/wiki/Kabardeyce,1,Türkiye#328
Kabardey,https://tr.wikipedia.org/wiki/Kabardeyler,1,Sivas#66
kabartma,https://tr.wikipedia.org/wiki/Kabartma,3,Antik Roma#235;Anıtkabir#12;Anıtkabir#62
Kabataş,https://tr.wikipedia.org/wiki/Kabata%C5%9F,1,İstanbul#327
Kabataş Erkek Lisesi,https://tr.wikipedia.org/wiki/Kabata%C5%9F_Erkek_Lisesi,1,İstanbul#503
uydu antenleri U:(https://tr.wikipedia.org/wiki/Anten_(elektronik))___ ve ___E:kablo,https://tr.wikipedia.org/wiki/Kablolu_televizyon,1,Türkiye#389
kablosuz ağ,https://tr.wikipedia.org/wiki/Kablosuz_a%C4%9F,1,Orta Doğu Teknik Üniversitesi#76
Kadısı,https://tr.wikipedia.org/wiki/Kad%C4%B1,2,I. Murad#38;Osmanlı İmparatorluğu#111
Kadışehri,https://tr.wikipedia.org/wiki/Kad%C4%B1%C5%9Fehri,1,Ankara Muharebesi#83
Kadı Burhaneddin,https://tr.wikipedia.org/wiki/Kad%C4%B1_Burh%C3%A2neddin,7,Ankara Muharebesi#29;I. Bayezid#37;I. Bayezid#42;Kayseri#29;Sivas#27;Timur#196;Timur#248
Kadı Burhâneddin Devleti,https://tr.wikipedia.org/wiki/Kad%C4%B1_Burh%C3%A2neddin_Devleti,8,Anadolu Selçuklu Devleti#2;Ankara Muharebesi#29;Büyük Selçuklu İmparatorluğu#2;Germiyanoğulları Beyliği#2;Karamanoğulları Beyliği#27;Osmanlı İmparatorluğu#2;Selçuklu Hanedanı#2;Timur İmparatorluğu#2
Kadı Burhaneddin Ahmed Devleti,https://tr.wikipedia.org/wiki/Kad%C4%B1_Burhaneddin_Ahmed_Devleti,1,Çorum#12
Kadı Burhaneddin Devleti,https://tr.wikipedia.org/wiki/Kad%C4%B1_Burhaneddin_Devleti,1,Şarkışla#29
Kadı Nazrul İslam,https://tr.wikipedia.org/wiki/Kad%C4%B1_Nezr%C3%BClislam,1,Mustafa Kemal Atatürk#865
Kadıköy,https://tr.wikipedia.org/wiki/Kad%C4%B1k%C3%B6y,2,Strabon#20;İstanbul#57
Kadıköy Anadolu Lisesi,https://tr.wikipedia.org/wiki/Kad%C4%B1k%C3%B6y_Anadolu_Lisesi,1,İstanbul#499
Kadınlar 1. Ligi,https://tr.wikipedia.org/wiki/Kad%C4%B1nlar_1._Ligi,1,Kızılcahamam#16
Dünya Kupası,https://tr.wikipedia.org/wiki/Kad%C4%B1nlar_Voleybol_D%C3%BCnya_Kupas%C4%B1,1,Türkiye#408
Kadınlar saltanatı,https://tr.wikipedia.org/wiki/Kad%C4%B1nlar_saltanat%C4%B1,2,Osmanlı İmparatorluğu#217;Osmanlı İmparatorluğu#311
kadırga,https://tr.wikipedia.org/wiki/Kad%C4%B1rga,1,I. Murad#50
Kadeş,https://tr.wikipedia.org/wiki/Kade%C5%9F,1,Hititler#102
Kadeş Antlaşması,https://tr.wikipedia.org/wiki/Kade%C5%9F_Antla%C5%9Fmas%C4%B1,1,Hititler#95
Kadifekale,"https://tr.wikipedia.org/wiki/Kadifekale,_Konak",2,İzmir#31;İzmir#52
Kadiriye,https://tr.wikipedia.org/wiki/Kadir%C3%AElik,1,Ahilik#1
Kadir Özkaya,https://tr.wikipedia.org/wiki/Kadir_%C3%96zkaya,1,TürkiyeCard#11
Kadir Albayrak,https://tr.wikipedia.org/wiki/Kadir_Albayrak,1,2024 Türkiye yerel seçimleri#34
Kadusilere,https://tr.wikipedia.org/wiki/Kadusiler,1,Ahameniş İmparatorluğu#150
kafile,https://tr.wikipedia.org/wiki/Kafile,1,Ticaret#150
kafir,https://tr.wikipedia.org/wiki/Kafir,1,Bizans İmparatorluğu#385
Kafkas,https://tr.wikipedia.org/wiki/Kafkas,1,Binicilik#66
Kafkas sıradağlarında,https://tr.wikipedia.org/wiki/Kafkas_Da%C4%9Flar%C4%B1,1,Kafkasya#1
ele geçirmesi,https://tr.wikipedia.org/wiki/Kafkas_Sava%C5%9F%C4%B1,1,Türkiye#88
kafkas kara orman tavuğu,https://tr.wikipedia.org/wiki/Kafkas_kara_orman_tavu%C4%9Fu,1,Türkiye#229
Kafkaslar,https://tr.wikipedia.org/wiki/Kafkaslar,2,Midas#33;Timur İmparatorluğu#25
Kafkasya,https://tr.wikipedia.org/wiki/Kafkasya,16,Anadolu#31;Ankara#39;Balâ#25;Bizans İmparatorluğu#380;Hititler#2;Hititler#54;Kimmerler#5;Medler#12;Medler#54;Midas#24;Osmanlı İmparatorluğu#585;Sivas#65;Timur#1;Türk Kurtuluş Savaşı#201;Türkiye#181;Türkiye#88
Kafkasya Cephesi,https://tr.wikipedia.org/wiki/Kafkasya_Cephesi,1,Türk Kurtuluş Savaşı#47
Kafkas halklarının,https://tr.wikipedia.org/wiki/Kafkasya_halklar%C4%B1,1,Kafkasya#1
Kafkasya karışık ormanları,https://tr.wikipedia.org/wiki/Kafkasya_karma_ormanlar%C4%B1,1,Türkiye#229
hil'at,https://tr.wikipedia.org/wiki/Kaftan,1,Ankara Muharebesi#199
Kahinler,https://tr.wikipedia.org/wiki/Kahin,2,Midas#16
Kahire,https://tr.wikipedia.org/wiki/Kahire,8,Adalet ve Kalkınma Partisi#121;Demiryolu ulaşımı#17;Demiryolu ulaşımı#18;Mustafa Kemal Atatürk#108;Osmanlı İmparatorluğu#193;Osmanlı İmparatorluğu#381;Timur#291;İstanbul#630
Mısır Eyaleti U:(https://tr.wikipedia.org/wiki/M%C4%B1s%C4%B1r_(eyalet))___ 'nde 1856 yılında hizmete giren ___E:Kahire-İskenderiye demiryolu,https://tr.wikipedia.org/wiki/Kahire-%C4%B0skenderiye_demiryolu,1,İzmir#115
Kahramankazan,https://tr.wikipedia.org/wiki/Kahramankazan,3,Gazi Üniversitesi#4;Kızılcahamam#2;Yenimahalle#7
Kahramanmaraş,https://tr.wikipedia.org/wiki/Kahramanmara%C5%9F,12,2014 Türkiye yerel seçimleri#21;2024 Türkiye yerel seçimleri#15;Afşin#1;Afşin#26;AfşinCard#2;Crocus ancyrensis#5;Sivas#2;Türk Kurtuluş Savaşı Güney Cephesi#5;Türk Kurtuluş Savaşı#145;Türk Kurtuluş Savaşı#19;Türk Kurtuluş Savaşı#240
Kahramanmaraş,https://tr.wikipedia.org/wiki/Kahramanmara%C5%9F_B%C3%BCy%C3%BCk%C5%9Fehir_Belediyesi,1,Büyükşehir belediyesi#18
Kahta Çayı,https://tr.wikipedia.org/wiki/Kahta_%C3%87ay%C4%B1,1,Fırat#5
kahve,https://tr.wikipedia.org/wiki/Kahve,1,Osmanlı İmparatorluğu#644
Caesarion,https://tr.wikipedia.org/wiki/Kaisarion,2,Augustus#98;Roma İmparatorluğu#59
kakao,https://tr.wikipedia.org/wiki/Kakao,1,Osmanlı İmparatorluğu#610
Kalah,https://tr.wikipedia.org/wiki/Kalah,1,Asur#5
Kalay,https://tr.wikipedia.org/wiki/Kalay,6,Asur#14;Demiryolu ulaşımı#15;Tunç Çağı#3;Tunç Çağı#7
Kalde,https://tr.wikipedia.org/wiki/Kalde,1,Asur#28
Kaldealılar,https://tr.wikipedia.org/wiki/Kaldea,1,Ahameniş İmparatorluğu#290
Kale,https://tr.wikipedia.org/wiki/Kale,1,Ankara KalesiCard#1
Kale,"https://tr.wikipedia.org/wiki/Kale,_Alt%C4%B1nda%C4%9F",1,Ankara KalesiCard#2
Kale,"https://tr.wikipedia.org/wiki/Kale,_Alt%C4%B1nyayla",1,Şarkışla#173
Kalecik,https://tr.wikipedia.org/wiki/Kalecik,4,"Ankara Muharebesi#103;Ankara#115;Ankara#162;Elmadağ, Ankara#3"
Kalecik Kalesi,https://tr.wikipedia.org/wiki/Kalecik_Kalesi,2,Kalecik#21;Kalecik#4
Kaledonya,https://tr.wikipedia.org/wiki/Kaledonya,1,Septimius Severus#5
kalemişi,https://tr.wikipedia.org/wiki/Kalemi%C5%9Fi,1,Cenabi Ahmed Paşa Camii#11
Kalenderoğlu,https://tr.wikipedia.org/wiki/Kalendero%C4%9Flu,1,İzmir#97
Kaliforniya,https://tr.wikipedia.org/wiki/Kaliforniya,3,Orman#46;Şarap#10;Şarap#44
California Üniversitesi,https://tr.wikipedia.org/wiki/Kaliforniya_%C3%9Cniversitesi,1,Medler#111
Kaliningrad Oblastı,https://tr.wikipedia.org/wiki/Kaliningrad_Oblast%C4%B1,1,UTC+03.00#2
Kalküta,https://tr.wikipedia.org/wiki/Kalk%C3%BCta,1,İstanbul#630
Kalkedon,https://tr.wikipedia.org/wiki/Kalkedon,3,Julianus#35;Strabon#20;İstanbul#20
kalker,https://tr.wikipedia.org/wiki/Kalker,1,İstanbul#298
kalkolitik,https://tr.wikipedia.org/wiki/Kalkolitik,2,Höyük#10;Taş Devri#1
Kallias Barışı,https://tr.wikipedia.org/wiki/Kallias_Bar%C4%B1%C5%9F%C4%B1,1,Ahameniş İmparatorluğu#120
Kallisthenes,https://tr.wikipedia.org/wiki/Kallisthenes,1,İskender#202
kalsiyum,https://tr.wikipedia.org/wiki/Kalsiyum,2,Gıda#15;Gıda#29
Kamus-ı Türkî,https://tr.wikipedia.org/wiki/Kam%C3%BBs-%C4%B1_T%C3%BCrk%C3%AE,1,Türkçe#333
Kaman Kalehöyük,https://tr.wikipedia.org/wiki/Kaman_Kaleh%C3%B6y%C3%BCk,1,Frigler#77
Kamanlar Köyü,"https://tr.wikipedia.org/wiki/Kamanlar,_G%C3%BCd%C3%BCl",1,Güdül#27
Kamerun,https://tr.wikipedia.org/wiki/Kamerun,1,Orman#17
Kamil Ocak,https://tr.wikipedia.org/wiki/Kamil_Ocak,1,Türkiye millî basketbol takımı#97
kamu kurumudur,https://tr.wikipedia.org/wiki/Kamu_kurumu,1,Ankara Büyükşehir Belediyesi#1
Kamu Yönetimi,https://tr.wikipedia.org/wiki/Kamu_y%C3%B6netimi,1,Orta Doğu Teknik Üniversitesi#11
kamulaştırma,https://tr.wikipedia.org/wiki/Kamula%C5%9Ft%C4%B1rma,1,Anıtkabir#20
Kanada,https://tr.wikipedia.org/wiki/Kanada,8,Ankara keçisi#2;Anıtkabir#268;Batı dünyası#4;Feza Gürsey Bilim Merkezi#5;Mustafa Kemal Atatürk#518;Türkiye#102;Yarı kurak iklim#2;İstanbul#485
Kanada,https://tr.wikipedia.org/wiki/Kanada_erkek_mill%C3%AE_buz_hokeyi_tak%C4%B1m%C4%B1,1,Buz hokeyi#7
Kanada,https://tr.wikipedia.org/wiki/Kanada_mill%C3%AE_basketbol_tak%C4%B1m%C4%B1,1,2010 FIBA Dünya Basketbol Şampiyonası#11
kanalları,https://tr.wikipedia.org/wiki/Kanal,1,II. Kiros#247
Kanal İstanbul,https://tr.wikipedia.org/wiki/Kanal_%C4%B0stanbul,1,İstanbul#174
"24 U:(https://tr.wikipedia.org/wiki/24_(televizyon_kanal%C4%B1))___ , ___E:Kanal 7",https://tr.wikipedia.org/wiki/Kanal_7,1,İstanbul#522
Kanal D,https://tr.wikipedia.org/wiki/Kanal_D,2,Türkiye#387;İstanbul#522
kanalizasyon,https://tr.wikipedia.org/wiki/Kanalizasyon,1,Antik Roma#304
kanaryalardır,https://tr.wikipedia.org/wiki/Kanarya,1,İstanbul#183
Kandıra,https://tr.wikipedia.org/wiki/Kand%C4%B1ra,1,İstanbul#89
Kangal,https://tr.wikipedia.org/wiki/Kangal_k%C3%B6pe%C4%9Fi,1,Türkiye#233
Kangar Birliği,https://tr.wikipedia.org/wiki/Kangar_Birli%C4%9Fi,7,Anadolu Selçuklu Devleti#2;Büyük Selçuklu İmparatorluğu#2;Germiyanoğulları Beyliği#2;Karamanoğulları Beyliği#27;Osmanlı İmparatorluğu#2;Selçuklu Hanedanı#2;Timur İmparatorluğu#2
kanguru faresi,https://tr.wikipedia.org/wiki/Kanguru_s%C4%B1%C3%A7an%C4%B1,1,Davul#79
Kansu Gavri,https://tr.wikipedia.org/wiki/Kansu_Gavri,1,Osmanlı İmparatorluğu#191
Kansu Uygur,https://tr.wikipedia.org/wiki/Kansu_Uygur_Krall%C4%B1%C4%9F%C4%B1,7,Anadolu Selçuklu Devleti#2;Büyük Selçuklu İmparatorluğu#2;Germiyanoğulları Beyliği#2;Karamanoğulları Beyliği#27;Osmanlı İmparatorluğu#2;Selçuklu Hanedanı#2;Timur İmparatorluğu#2
kantharoslar,https://tr.wikipedia.org/wiki/Kantharos,1,Hititler#83
Kanun,https://tr.wikipedia.org/wiki/Kanun,1,Osmanlı İmparatorluğu#334
Kanun Hükmünde Kararname,https://tr.wikipedia.org/wiki/Kanun_H%C3%BCkm%C3%BCnde_Kararname,1,Ankara Büyükşehir Belediyesi#3
Kanuni Sultan Süleyman,https://tr.wikipedia.org/wiki/Kanuni_Sultan_S%C3%BCleyman,1,Augustus Tapınağı#9
Kanyon Alışveriş Merkezi,https://tr.wikipedia.org/wiki/Kanyon_Al%C4%B1%C5%9Fveri%C5%9F_Merkezi,1,İstanbul#461
kaolen,https://tr.wikipedia.org/wiki/Kaolen,1,İstanbul#298
kapı,https://tr.wikipedia.org/wiki/Kap%C4%B1,1,Kiler#5
Kapıkulu Ocağı,https://tr.wikipedia.org/wiki/Kap%C4%B1kulu,3,Osmanlı İmparatorluğu#349;Osmanlı İmparatorluğu#353;Osmanlı İmparatorluğu#354
Kapadokya,https://tr.wikipedia.org/wiki/Kapadokya,14,Ahameniş İmparatorluğu#248;Ahameniş İmparatorluğu#290;Anadolu Selçuklu Devleti#47;Ankara#46;Farslar#19;II. Kiros#80;Julianus#14;Kayseri#10;Kayseri#16;Kimmerler#22;Kimmerler#82;Malazgirt Meydan Muharebesi#52;Türkiye#48;İskender#167
Kapadokya Yunancası,https://tr.wikipedia.org/wiki/Kapadokya_Rumcas%C4%B1,1,Türkiye#328
Kapadokyalı İoannis,https://tr.wikipedia.org/wiki/Kapadokyal%C4%B1_%C4%B0oannis,1,Bizans İmparatorluğu#68
Kapadokya'nın Babaları,https://tr.wikipedia.org/wiki/Kapadokyal%C4%B1_Babalar,1,Kapadokya#28
Kapalıçarşı,https://tr.wikipedia.org/wiki/Kapal%C4%B1%C3%A7ar%C5%9F%C4%B1,5,İstanbul#126;İstanbul#409;İstanbul#447;İstanbul#459;İstanbul#75
y,https://tr.wikipedia.org/wiki/Kapal%C4%B1_%C3%B6n_yuvarlak_%C3%BCnl%C3%BC,2,Türkçe#217;Türkçe#219
kapitülasyon,https://tr.wikipedia.org/wiki/Kapit%C3%BClasyon,1,Osmanlı İmparatorluğu#454
kaplıcaları,https://tr.wikipedia.org/wiki/Kapl%C4%B1ca,3,Haymana#34;Kızılcahamam#19;Turizm#9
kaplumbağa,https://tr.wikipedia.org/wiki/Kaplumba%C4%9Fa,1,Orta Doğu Teknik Üniversitesi#144
Kaptan-ı Derya,https://tr.wikipedia.org/wiki/Kaptan-%C4%B1_derya,5,Osmanlı İmparatorluğu#200;Osmanlı İmparatorluğu#316;Osmanlı İmparatorluğu#368;Osmanlı İmparatorluğu#370;İstanbul#330
Kapulukaya,https://tr.wikipedia.org/wiki/Kapulukaya_Baraj%C4%B1,1,Kızılırmak#35
Kar,https://tr.wikipedia.org/wiki/Kar,4,Dicle#5;Türkiye#239;İstanbul#130;İzmir#159
karşılıklı anlaşılabilirlik,https://tr.wikipedia.org/wiki/Kar%C5%9F%C4%B1l%C4%B1kl%C4%B1_anla%C5%9F%C4%B1labilirlik,3,Türkçe#15;Türkçe#8;Türkçe#93
Karşılama,https://tr.wikipedia.org/wiki/Kar%C5%9F%C4%B1lama_oyunlar%C4%B1,1,Türkiye#375
Karşıyaka,https://tr.wikipedia.org/wiki/Kar%C5%9F%C4%B1yaka,3,Mustafa Kemal Atatürk#510;İzmir#187;İzmir#92
Karşıyaka Mezarlığı,https://tr.wikipedia.org/wiki/Kar%C5%9F%C4%B1yaka_Mezarl%C4%B1%C4%9F%C4%B1,1,Yenimahalle#19
karaçam,https://tr.wikipedia.org/wiki/Kara%C3%A7am,1,Orta Doğu Teknik Üniversitesi#142
Karaçi,https://tr.wikipedia.org/wiki/Kara%C3%A7i,1,İstanbul#631
hukuk düzeninin,https://tr.wikipedia.org/wiki/Kara_Avrupas%C4%B1_hukuk_d%C3%BCzeni,1,Bizans İmparatorluğu#68
Kara Fatma,https://tr.wikipedia.org/wiki/Kara_Fatma,1,Atatürk ve Kurtuluş Savaşı Müzesi#15
Mekteb-i Erkân-ı Harbiye-i Şahâne,https://tr.wikipedia.org/wiki/Kara_Harp_Enstit%C3%BCs%C3%BC,1,Mustafa Kemal AtatürkCard#15
Harp Okulu,https://tr.wikipedia.org/wiki/Kara_Harp_Okulu,5,Mustafa Kemal Atatürk#73;Mustafa Kemal Atatürk#783;Mustafa Kemal Atatürk#883;Mustafa Kemal AtatürkCard#15;Türk Kurtuluş Savaşı#54
Karamürsel Bey,https://tr.wikipedia.org/wiki/Kara_M%C3%BCrsel,1,Osmanlı İmparatorluğu#360
Kara Tatarlar,https://tr.wikipedia.org/wiki/Kara_Tatarlar,5,Ankara Muharebesi#146;Ankara Muharebesi#164;Ankara Muharebesi#17;I. Bayezid#140;Timur İmparatorluğu#49
Kara Timurtaş Paşa,https://tr.wikipedia.org/wiki/Kara_Timurta%C5%9F_Pa%C5%9Fa,3,Ankara Muharebesi#142;Ankara Muharebesi#196;I. Bayezid#124
Kara Yülük Osman Bey,https://tr.wikipedia.org/wiki/Kara_Y%C3%BCl%C3%BCk_Osman_Bey,3,Ankara Muharebesi#162;Ankara Muharebesi#43;Ankara Muharebesi#6
Kara Yusuf,https://tr.wikipedia.org/wiki/Kara_Yusuf,3,Ankara Muharebesi#37;Ankara Muharebesi#4;Timur#291
kara iskete,https://tr.wikipedia.org/wiki/Kara_iskete,1,Türkiye#229
Karaağaç,https://tr.wikipedia.org/wiki/Karaa%C4%9Fa%C3%A7,2,Orman#54;Osmanlı İmparatorluğu#129
Karaağaç,"https://tr.wikipedia.org/wiki/Karaa%C4%9Fa%C3%A7,_Edirne",1,Mustafa Kemal Atatürk#531
Karabük,https://tr.wikipedia.org/wiki/Karab%C3%BCk,6,Karadeniz Bölgesi#10;Karadeniz Bölgesi#8;Milliyetçi Hareket Partisi#56;Milliyetçi Hareket Partisi#59;Milliyetçi Hareket Partisi#73;Milliyetçi Hareket Partisi#76
Karabağ,https://tr.wikipedia.org/wiki/Karaba%C4%9F,4,Ankara Muharebesi#42;Ankara Muharebesi#6;Timur#251;Timur#432
Karabağlar,https://tr.wikipedia.org/wiki/Karaba%C4%9Flar,1,İzmir#171
Karabiga,"https://tr.wikipedia.org/wiki/Karabiga,_Biga",1,I. Murad#52
Karaburun,https://tr.wikipedia.org/wiki/Karaburun,1,İzmir#92
karaca,https://tr.wikipedia.org/wiki/Karaca,1,İstanbul#191
Karacabey,https://tr.wikipedia.org/wiki/Karacabey,2,At#80;II. Murad#163
Karacabey Camii,https://tr.wikipedia.org/wiki/Karacabey_Camii,1,Ankara#119
Karacabey Hamamı,https://tr.wikipedia.org/wiki/Karacabey_Hamam%C4%B1,1,Karacabey Camii#5
Karacahisar,https://tr.wikipedia.org/wiki/Karacahisar_Kalesi,1,Osmanlı İmparatorluğu#111
Karadağ,https://tr.wikipedia.org/wiki/Karada%C4%9F,2,Bizans İmparatorluğu#143;Mustafa Kemal Atatürk#133
Karadağ,https://tr.wikipedia.org/wiki/Karada%C4%9F_Krall%C4%B1%C4%9F%C4%B1,1,Mustafa Kemal Atatürk#178
"Sırbistan U:(https://tr.wikipedia.org/wiki/S%C4%B1rbistan_Prensli%C4%9Fi_(1817-1882))___ , ___E:Karadağ",https://tr.wikipedia.org/wiki/Karada%C4%9F_Prensli%C4%9Fi,1,Meclis-i Mebûsan#7
Karadağ,https://tr.wikipedia.org/wiki/Karada%C4%9F_mill%C3%AE_basketbol_tak%C4%B1m%C4%B1,2,Türkiye millî basketbol takımı#40;Türkiye millî basketbol takımı#53
Karadeniz,https://tr.wikipedia.org/wiki/Karadeniz,32,Ahameniş İmparatorluğu#289;Ahameniş İmparatorluğu#81;Ahameniş İmparatorluğu#92;Anadolu#1;Anadolu#20;Antik Yunanistan#35;Asur#30;Bizans İmparatorluğu#157;Bizans İmparatorluğu#173;Büyük Selçuklu İmparatorluğu#85;I. Alâeddin Keykubad#96;II. Murad#54;Kafkasya#1;Kafkasya#10;Karadeniz Bölgesi#1;Karadeniz Bölgesi#51;Kimmerler#1;Kızılırmak#1;Midas#23;Osmanlı İmparatorluğu#99;Sakarya Nehri#11;Türkiye#211;Türkiye#239;Türkiye#292;Türkiye#3;Türkçe#157;İstanbul#100;İstanbul#129;İstanbul#21;İstanbul#3;İstanbul#452;İstanbul#89
Karadeniz-Hazar stepleri,https://tr.wikipedia.org/wiki/Karadeniz-Hazar_stepleri,1,Kimmerler#84
Doğu Karadeniz,https://tr.wikipedia.org/wiki/Karadeniz_B%C3%B6lgesi,17,"Ankara#77;Kete#1;Kızılcahamam#3;KızılcahamamCard#3;Sivas#9;Türkiye#218;Türkiye#238;Türkiye#239;Türkiye#375;Türkçe#154;Çorum#1;ÇorumCard#2;Çubuk, Ankara#15;İstanbul#124;İç Anadolu Bölgesi#8"
Rus limanlarına hücum etti,https://tr.wikipedia.org/wiki/Karadeniz_Bask%C4%B1n%C4%B1,1,Mustafa Kemal Atatürk#194
KEİ,https://tr.wikipedia.org/wiki/Karadeniz_Ekonomik_%C4%B0%C5%9Fbirli%C4%9Fi,1,Türkiye#174
Ereğli,https://tr.wikipedia.org/wiki/Karadeniz_Ere%C4%9Fli,2,Karadeniz Bölgesi#12;Karadeniz Bölgesi#8
Karadeniz Rumcası,https://tr.wikipedia.org/wiki/Karadeniz_Rumcas%C4%B1,1,Davul#8
Karaevli,https://tr.wikipedia.org/wiki/Karaevli_boyu,1,Osmanlı İmparatorluğu#44
Karagöl,https://tr.wikipedia.org/wiki/Karag%C3%B6l,2,"Çubuk, Ankara#36;Çubuk, Ankara#50"
Karagöl Sahara Millî Parkı,https://tr.wikipedia.org/wiki/Karag%C3%B6l-Sahara_Mill%C3%AE_Park%C4%B1,1,Karadeniz Bölgesi#72
Karagöz ve Hacivat,https://tr.wikipedia.org/wiki/Karag%C3%B6z_ve_Hacivat,1,Osmanlı İmparatorluğu#587
Karahöyük,https://tr.wikipedia.org/wiki/Karah%C3%B6y%C3%BCk_1,1,Konya#17
Karahitaylar,https://tr.wikipedia.org/wiki/Karah%C4%B1taylar,2,Büyük Selçuklu İmparatorluğu#149;Büyük Selçuklu İmparatorluğu#154
Karahamzalı,"https://tr.wikipedia.org/wiki/Karahamzal%C4%B1,_Bala",2,Balâ#20;Balâ#27
Karahanlılar,https://tr.wikipedia.org/wiki/Karahanl%C4%B1,1,Büyük Selçuklu sultanları listesi#2
Hakaniye Türkçesi,https://tr.wikipedia.org/wiki/Karahanl%C4%B1_T%C3%BCrk%C3%A7esi,1,Türkçe#312
Karahanlılar,https://tr.wikipedia.org/wiki/Karahanl%C4%B1lar,12,Anadolu Selçuklu Devleti#2;Büyük Selçuklu İmparatorluğu#2;Büyük Selçuklu İmparatorluğu#26;Büyük Selçuklu İmparatorluğu#28;Büyük Selçuklu İmparatorluğu#73;Germiyanoğulları Beyliği#2;Karamanoğulları Beyliği#27;Madenî para#82;Osmanlı İmparatorluğu#2;Selçuklu Hanedanı#2;Timur İmparatorluğu#2;Türkçe#75
Karahisar,"https://tr.wikipedia.org/wiki/Karahisar,_Bey%C5%9Fehir",1,Ankara Muharebesi#202
Karahoca Uygur,https://tr.wikipedia.org/wiki/Karahoca_Uygur_Krall%C4%B1%C4%9F%C4%B1,8,Anadolu Selçuklu Devleti#2;Büyük Selçuklu İmparatorluğu#2;Germiyanoğulları Beyliği#2;Karamanoğulları Beyliği#27;Osmanlı İmparatorluğu#2;Selçuklu Hanedanı#2;Timur İmparatorluğu#2;Türkçe#115
Karain Mağarası,https://tr.wikipedia.org/wiki/Karain_Ma%C4%9Faras%C4%B1,1,Eski Taş Çağı#32
Karaköy,https://tr.wikipedia.org/wiki/Karak%C3%B6y,3,İstanbul#247;İstanbul#327;İstanbul#81
Karakaya Barajı,https://tr.wikipedia.org/wiki/Karakaya_Baraj%C4%B1,1,Fırat#17
Karakol Cemiyeti,https://tr.wikipedia.org/wiki/Karakol_Cemiyeti,1,Mustafa Kemal Atatürk#370
Karakoyunlu,https://tr.wikipedia.org/wiki/Karakoyunlular,17,Anadolu Selçuklu Devleti#2;Ankara Muharebesi#167;Ankara Muharebesi#37;Ankara Muharebesi#4;Büyük Selçuklu İmparatorluğu#2;Germiyanoğulları Beyliği#2;I. Bayezid#135;I. Bayezid#82;II. Murad#100;Karamanoğulları Beyliği#27;Osmanlı İmparatorluğu#136;Osmanlı İmparatorluğu#2;Selçuklu Hanedanı#2;Timur İmparatorluğu#2;Timur İmparatorluğu#44;Timur#149;Timur#422
Karalahna,https://tr.wikipedia.org/wiki/Karalahna,1,Şarap#80
Karalar,"https://tr.wikipedia.org/wiki/Karalar,_Sivas",1,Anadolu Medeniyetleri Müzesi#28
Karamürsel,https://tr.wikipedia.org/wiki/Karam%C3%BCrsel,1,Osmanlı İmparatorluğu#360
Karaman,https://tr.wikipedia.org/wiki/Karaman,7,Ankara Muharebesi#29;Karamanoğulları Beyliği#1;Karamanoğulları BeyliğiCard#2;Konya#31;Milliyetçi Hareket Partisi#47;Milliyetçi Hareket Partisi#73;Milliyetçi Hareket Partisi#76
Karamanlıca,https://tr.wikipedia.org/wiki/Karamanl%C4%B1ca,1,Türkçe#133
Karamanlılar,https://tr.wikipedia.org/wiki/Karamanl%C4%B1lar,1,Türkçe#133
Karamanoğlu,https://tr.wikipedia.org/wiki/Karamano%C4%9Flu,1,Fetret Devri#26
Karamanoğlu İbrahim Bey,https://tr.wikipedia.org/wiki/Karamano%C4%9Flu_%C4%B0brahim_Bey,1,Karamanoğulları Beyliği#14
Karamanoğlu Mehmet Bey,https://tr.wikipedia.org/wiki/Karamano%C4%9Flu_Mehmet_Bey,1,Karamanoğulları Beyliği#1
Karamanoğulları,https://tr.wikipedia.org/wiki/Karamano%C4%9Fullar%C4%B1_Beyli%C4%9Fi,25,Anadolu Selçuklu Devleti#2;Ankara Muharebesi#233;Ankara Muharebesi#29;Ankara#56;Büyük Selçuklu İmparatorluğu#2;Germiyanoğulları Beyliği#2;Germiyanoğulları Beyliği#60;Germiyanoğulları Beyliği#65;I. Bayezid#134;I. Bayezid#42;I. Bayezid#63;I. Murad#27;I. Murad#78;II. Murad#130;II. Murad#156;II. Murad#41;II. Murad#49;Konya#34;Konya#4;Niğde#79;Osmanlı İmparatorluğu#140;Osmanlı İmparatorluğu#166;Osmanlı İmparatorluğu#2;Selçuklu Hanedanı#2;Timur İmparatorluğu#2
Karanlık Çağ,https://tr.wikipedia.org/wiki/Karanl%C4%B1k_%C3%87a%C4%9F,2,Antik Roma#5;Hititler#125
Karaoğlan Höyüğü,https://tr.wikipedia.org/wiki/Karao%C4%9Flan_H%C3%B6y%C3%BC%C4%9F%C3%BC,1,Anadolu Medeniyetleri Müzesi#28
Kuntra,https://tr.wikipedia.org/wiki/Karasak%C4%B1z,1,Şarap#80
Dsb,https://tr.wikipedia.org/wiki/Karasal_iklim,11,Ankara#17;Ankara#78;AnkaraCard#19;Güdül#13;Konya#56;KonyaCard#12;Kızılırmak#22;Türkiye#239;Türkiye#241;Türkiye'de tarım#21;Çorum#16
Karasu,https://tr.wikipedia.org/wiki/Karasu,1,Sakarya Nehri#11
Karasu Nehri,https://tr.wikipedia.org/wiki/Karasu_Nehri,3,Fırat#2;Fırat#24;Fırat#5
Karasuk,https://tr.wikipedia.org/wiki/Karasuk_k%C3%BClt%C3%BCr%C3%BC,1,Kimmerler#29
Karatay,"https://tr.wikipedia.org/wiki/Karatay,_Konya",2,Konya#53;Konya#91
"Alâeddin Camii U:(https://tr.wikipedia.org/wiki/Al%C3%A2eddin_Camii_(Konya))___ , ___E:Karatay Medresesi",https://tr.wikipedia.org/wiki/Karatay_Medresesi,1,Anadolu Selçuklu Devleti#439
karate,https://tr.wikipedia.org/wiki/Karate,1,Ankara#180
Karaviyyin Üniversitesi,https://tr.wikipedia.org/wiki/Karaviyyin_%C3%9Cniversitesi,1,Üniversite#27
Karayolları Genel Müdürlüğü,https://tr.wikipedia.org/wiki/Karayollar%C4%B1_Genel_M%C3%BCd%C3%BCrl%C3%BC%C4%9F%C3%BC,2,Orta Doğu Teknik Üniversitesi#1;Orta Doğu Teknik Üniversitesi#18
karayoludur,https://tr.wikipedia.org/wiki/Karayolu,1,Otoyol#1
Karbon,https://tr.wikipedia.org/wiki/Karbon,2,Bisiklet#76;Madenî para#58
karbondioksit,https://tr.wikipedia.org/wiki/Karbondioksit,2,Şarap#2;Şarap#61
karbonhidrat,https://tr.wikipedia.org/wiki/Karbonhidrat,2,Gıda#2;Gıda#29
Karbonhidratlar,https://tr.wikipedia.org/wiki/Karbonhidratlar,1,Gıda#14
Karca,https://tr.wikipedia.org/wiki/Karca,1,Herodot#16
kardeş,https://tr.wikipedia.org/wiki/Karde%C5%9F_kent,2,Ankara#201;İstanbul#626
Kare,https://tr.wikipedia.org/wiki/Kare,2,Ankara Roma Hamamı#51;Antik Yunanistan#14
Karesi,"https://tr.wikipedia.org/wiki/Karesi,_Bal%C4%B1kesir",1,I. Murad#21
Karesi Bey,https://tr.wikipedia.org/wiki/Karesi_Bey,1,Germiyanoğulları Beyliği#44
Karesi Beyliği,https://tr.wikipedia.org/wiki/Karesi_Beyli%C4%9Fi,10,Anadolu Selçuklu Devleti#2;Büyük Selçuklu İmparatorluğu#2;Germiyanoğulları Beyliği#2;Germiyanoğulları Beyliği#45;Karamanoğulları Beyliği#27;Osmanlı İmparatorluğu#105;Osmanlı İmparatorluğu#121;Osmanlı İmparatorluğu#2;Selçuklu Hanedanı#2;Timur İmparatorluğu#2
Kargı,https://tr.wikipedia.org/wiki/Karg%C4%B1,2,Çorum#32;Çorum#8
Kargın,https://tr.wikipedia.org/wiki/Karg%C4%B1n,1,Ayaş#5
kargalar,https://tr.wikipedia.org/wiki/Karga,1,İstanbul#183
kargo,https://tr.wikipedia.org/wiki/Kargo,1,Havayolu#2
Kariye Camii,https://tr.wikipedia.org/wiki/Kariye_Camii,1,İstanbul#427
Kargın,https://tr.wikipedia.org/wiki/Kark%C4%B1n_boyu,2,"Çubuk, Ankara#11;Çubuk, Ankara#9"
Karkamış,https://tr.wikipedia.org/wiki/Karkam%C4%B1%C5%9F,1,Hititler#144
Karkamış Barajı,https://tr.wikipedia.org/wiki/Karkam%C4%B1%C5%9F_Baraj%C4%B1,1,Fırat#17
Karlofça Antlaşması,https://tr.wikipedia.org/wiki/Karlof%C3%A7a_Antla%C5%9Fmas%C4%B1,5,Osmanlı İmparatorluğu#18;Osmanlı İmparatorluğu#223;Osmanlı İmparatorluğu#267;Osmanlı İmparatorluğu#270;Türkiye#79
Karlsbad,https://tr.wikipedia.org/wiki/Karlovy_Vary,1,Mustafa Kemal Atatürk#265
Karluk,https://tr.wikipedia.org/wiki/Karluk_grubu,1,Türkçe#56
Karluk Yabgu Devleti,https://tr.wikipedia.org/wiki/Karluklar,7,Anadolu Selçuklu Devleti#2;Büyük Selçuklu İmparatorluğu#2;Germiyanoğulları Beyliği#2;Karamanoğulları Beyliği#27;Osmanlı İmparatorluğu#2;Selçuklu Hanedanı#2;Timur İmparatorluğu#2
Karmatilerin,https://tr.wikipedia.org/wiki/Karmat%C3%AElik,2,Artuk Bey#10;Büyük Selçuklu İmparatorluğu#61
Karnak,https://tr.wikipedia.org/wiki/Karnak,1,Hititler#104
Karinabad,https://tr.wikipedia.org/wiki/Karnobat,1,I. Bayezid#19
Karolenjler,https://tr.wikipedia.org/wiki/Karolenj_%C4%B0mparatorlu%C4%9Fu,1,Başkent#38
karoten,https://tr.wikipedia.org/wiki/Karoten,1,Zeytinyağı#12
Karpat Dağları,https://tr.wikipedia.org/wiki/Karpatlar,1,II. Murad#112
karpuz,https://tr.wikipedia.org/wiki/Karpuz,2,Balâ#49;Gıda#25
Kars,https://tr.wikipedia.org/wiki/Kars,11,2014 Türkiye yerel seçimleri#21;Balâ#24;Büyük Selçuklu İmparatorluğu#56;Kete#2;Milliyetçi Hareket Partisi#42;Milliyetçi Hareket Partisi#59;Milliyetçi Hareket Partisi#73;Milliyetçi Hareket Partisi#76;Timur#145;Türk Kurtuluş Savaşı#25;Türkiye#320
Kars Antlaşması,https://tr.wikipedia.org/wiki/Kars_Antla%C5%9Fmas%C4%B1,2,Mustafa Kemal Atatürk#498;Türk Kurtuluş Savaşı#46
karstik,https://tr.wikipedia.org/wiki/Karst,1,Fırat#31
Kartaca,https://tr.wikipedia.org/wiki/Kartaca,6,Ahameniş İmparatorluğu#57;Antik Roma#30;Bizans İmparatorluğu#70;Bizans İmparatorluğu#93;Septimius Severus#7;Strabon#13
kartal,https://tr.wikipedia.org/wiki/Kartal,2,Anıtkabir#189;İstanbul#192
Kartal,"https://tr.wikipedia.org/wiki/Kartal,_%C4%B0stanbul",2,İstanbul#25;İstanbul#453
Kartalaç,https://tr.wikipedia.org/wiki/Kartala%C3%A7,2,Ankara#156;Beypazarı#98
Kartaltepe,https://tr.wikipedia.org/wiki/Kartaltepe,1,Polatlı#9
Kartaltepe,"https://tr.wikipedia.org/wiki/Kartaltepe,_Bala",1,Balâ#20
Karun,https://tr.wikipedia.org/wiki/Karun_Nehri,1,Ahameniş İmparatorluğu#335
Karya,https://tr.wikipedia.org/wiki/Karya,8,Ahameniş İmparatorluğu#172;Ahameniş İmparatorluğu#290;Anadolu#58;Ankara Muharebesi#232;Antik Yunanistan#274;HerodotCard#1;II. Kiros#101;Türkiye#43
Karya,https://tr.wikipedia.org/wiki/Karyal%C4%B1lar,1,Herodot#16
karyatidlere,https://tr.wikipedia.org/wiki/Karyatid,1,Hititler#228
Kasım 2015,https://tr.wikipedia.org/wiki/Kas%C4%B1m_2015_T%C3%BCrkiye_genel_se%C3%A7imleri,6,Adalet ve Kalkınma Partisi#12;Adalet ve Kalkınma Partisi#15;Adalet ve Kalkınma Partisi#57;Cumhuriyet Halk Partisi#96;Milliyetçi Hareket Partisi#63;Milliyetçi Hareket Partisi#64
kasırlar,https://tr.wikipedia.org/wiki/Kas%C4%B1r,1,İstanbul#331
kaside,https://tr.wikipedia.org/wiki/Kaside,1,Osmanlı İmparatorluğu#537
kasnak,https://tr.wikipedia.org/wiki/Kasnak,1,Davul#104
Kaspiler,https://tr.wikipedia.org/wiki/Kaspiler,1,Ahameniş İmparatorluğu#290
Kasr-ı Şirin Antlaşması,https://tr.wikipedia.org/wiki/Kasr-%C4%B1_%C5%9Eirin_Antla%C5%9Fmas%C4%B1,1,Osmanlı İmparatorluğu#215
Kassandros,https://tr.wikipedia.org/wiki/Kassandros,3,İskender#229;İskender#232;İskender#45
Kastamonu,https://tr.wikipedia.org/wiki/Kastamonu,13,Crocus ancyrensis#5;I. Alâeddin Keykubad#96;I. Bayezid#44;Kalecik#9;Karadeniz Bölgesi#12;Milliyetçi Hareket Partisi#42;Milliyetçi Hareket Partisi#47;Milliyetçi Hareket Partisi#53;Milliyetçi Hareket Partisi#57;Milliyetçi Hareket Partisi#59;Milliyetçi Hareket Partisi#73;Milliyetçi Hareket Partisi#76;Sivas#85
Kastamonu Üniversitesi,https://tr.wikipedia.org/wiki/Kastamonu_%C3%9Cniversitesi,1,Gazi Üniversitesi#28
Kastamonu,https://tr.wikipedia.org/wiki/Kastamonu_Havaliman%C4%B1,1,Karadeniz Bölgesi#86
katır,https://tr.wikipedia.org/wiki/Kat%C4%B1r,3,At#58;Hayvancılık#4;Osmanlı İmparatorluğu#493
katırtırnağı,https://tr.wikipedia.org/wiki/Kat%C4%B1rt%C4%B1rna%C4%9F%C4%B1,1,Orman#49
Kata,https://tr.wikipedia.org/wiki/Kata,2,Judo#2;Karate#20
katafraktlarının,https://tr.wikipedia.org/wiki/Katafrakt,1,Ahameniş İmparatorluğu#318
Katalan Bölüğü,https://tr.wikipedia.org/wiki/Katalan_B%C3%B6l%C3%BC%C4%9F%C3%BC,1,Bizans İmparatorluğu#317
Katalanlar,https://tr.wikipedia.org/wiki/Katalanlar,2,Germiyanoğulları Beyliği#69;Germiyanoğulları Beyliği#77
Antalyaspor U:(https://tr.wikipedia.org/wiki/Antalyaspor_(futbol_tak%C4%B1m%C4%B1))___ arasında 5 Ocak 2022 Çarşamba günü saat 20.45'te ___E:Katar,https://tr.wikipedia.org/wiki/Katar,1,Süper Kupa#25
Katif,https://tr.wikipedia.org/wiki/Katif,1,Artuk Bey#11
Katolik,https://tr.wikipedia.org/wiki/Katolik_Kilisesi,7,Antik Roma#210;Bizans İmparatorluğu#231;Osmanlı İmparatorluğu#421;Türkiye#342;İstanbul#71;Şarap#10;Şarap#39
Katolik Krallara,https://tr.wikipedia.org/wiki/Katolik_h%C3%BCk%C3%BCmdarlar,1,Bizans İmparatorluğu#342
Katvan Savaşı,https://tr.wikipedia.org/wiki/Katvan_Muharebesi,1,Büyük Selçuklu İmparatorluğu#154
kauçuk,https://tr.wikipedia.org/wiki/Kau%C3%A7uk,2,Bisiklet#23;İstanbul#256
Kavşakkaya Barajı,https://tr.wikipedia.org/wiki/Kav%C5%9Fakkaya_Baraj%C4%B1,1,"Çubuk, Ankara#50"
kavak,https://tr.wikipedia.org/wiki/Kavak,1,Orta Doğu Teknik Üniversitesi#142
Kavaközü Köyü,"https://tr.wikipedia.org/wiki/Kavak%C3%B6z%C3%BC,_G%C3%BCd%C3%BCl",1,Güdül#26
Kavaklıdere,"https://tr.wikipedia.org/wiki/Kavakl%C4%B1dere,_%C3%87ankaya",1,Orta Doğu Teknik Üniversitesi#287
kaval,https://tr.wikipedia.org/wiki/Kaval,2,Ankara#121;Midas#52
Kavala,https://tr.wikipedia.org/wiki/Kavala,1,I. Murad#83
Kavalalı İbrahim Paşa,https://tr.wikipedia.org/wiki/Kavalal%C4%B1_%C4%B0brahim_Pa%C5%9Fa,1,Ankara Kalesi#10
Kavalalı Mehmed Ali Paşa,https://tr.wikipedia.org/wiki/Kavalal%C4%B1_Mehmed_Ali_Pa%C5%9Fa,1,Osmanlı İmparatorluğu#255
Kavimler Göçü,https://tr.wikipedia.org/wiki/Kavimler_G%C3%B6%C3%A7%C3%BC,3,Roma İmparatorluğu#2;Roma İmparatorluğu#3;Ticaret#66
kavun,https://tr.wikipedia.org/wiki/Kavun,3,Balâ#49;Gıda#25;Polatlı#40
Kavurd,https://tr.wikipedia.org/wiki/Kavurd,2,Büyük Selçuklu İmparatorluğu#59;Büyük Selçuklu İmparatorluğu#72
Kavurga,https://tr.wikipedia.org/wiki/Kavurga,1,Balâ#45
Kayı,https://tr.wikipedia.org/wiki/Kay%C4%B1,1,Güdül#9
Kayış Dağı,https://tr.wikipedia.org/wiki/Kay%C4%B1%C5%9F_Da%C4%9F%C4%B1,1,İstanbul#103
Kayışdağı Ormanı,https://tr.wikipedia.org/wiki/Kay%C4%B1%C5%9Fda%C4%9F%C4%B1_Orman%C4%B1,1,İstanbul#112
Kayı,https://tr.wikipedia.org/wiki/Kay%C4%B1_boyu,5,II. Murad#11;Osmanlı Hanedanı#12;Osmanlı Hanedanı#4;Osmanlı İmparatorluğu#37
kayın,https://tr.wikipedia.org/wiki/Kay%C4%B1n,2,Orman#54;İstanbul#166
kayınpederi,https://tr.wikipedia.org/wiki/Kay%C4%B1npeder,1,Osmanlı İmparatorluğu#56
taş,https://tr.wikipedia.org/wiki/Kaya%C3%A7,1,İstanbul#17
Kaya Alp,https://tr.wikipedia.org/wiki/Kaya_Alp,1,Osmanlı Hanedanı#12
Kaya Peker,https://tr.wikipedia.org/wiki/Kaya_Peker,6,Türkiye millî basketbol takımı#136;Türkiye millî basketbol takımı#138;Türkiye millî basketbol takımı#140;Türkiye millî basketbol takımı#142;Türkiye millî basketbol takımı#144;Türkiye millî basketbol takımı#146
kaya kabartmasının,https://tr.wikipedia.org/wiki/Kaya_kabartmas%C4%B1,1,Hititler#41
kaya kartalı,https://tr.wikipedia.org/wiki/Kaya_kartal%C4%B1,1,Türkiye#229
Kayalıdere,"https://tr.wikipedia.org/wiki/Kayal%C4%B1dere,_Varto",1,Kimmerler#57
Kayapınarı göleti,https://tr.wikipedia.org/wiki/Kayap%C4%B1nar_g%C3%B6leti,1,"Çubuk, Ankara#50"
kayganadır,https://tr.wikipedia.org/wiki/Kaygana,1,Krep#4
kaymakamlar,https://tr.wikipedia.org/wiki/Kaymakam,1,Türkiye#121
Kayseri,https://tr.wikipedia.org/wiki/Kayseri,28,2010 FIBA Dünya Basketbol Şampiyonası#3;Anadolu Selçuklu Devleti#123;Anadolu Selçuklu Devleti#141;Anadolu Selçuklu Devleti#439;Anadolu#11;Ankara Muharebesi#29;Ankara Vilayeti#3;Ankara#162;Anıtkabir#115;Anıtkabir#61;Arslanhane Camii#12;Crocus ancyrensis#5;I. Alâeddin Keykubad#19;I. Alâeddin Keykubad#20;I. Alâeddin Keykubad#7;I. Alâeddin KeykubadCard#5;Kapadokya#12;Kete#16;Kimmerler#8;Konya#49;Kızılırmak#1;Sivas#2;Sivas#66;Sivas#85;Süper Kupa#21;Türkçe#156;İstanbul#596;Şarkışla#2
Kayseri,https://tr.wikipedia.org/wiki/Kayseri_B%C3%BCy%C3%BCk%C5%9Fehir_Belediyesi,2,Büyükşehir belediyesi#18;Kayseri#39
Kayseri TOMTAŞ Fabrikası,https://tr.wikipedia.org/wiki/Kayseri_U%C3%A7ak_Fabrikas%C4%B1,1,Türk Hava Kurumu Müzesi#8
Kayseri milletvekili,https://tr.wikipedia.org/wiki/Kayseri_milletvekilleri_listesi,1,Türkiye Büyük Millet Meclisi#208
Kayserya,https://tr.wikipedia.org/wiki/Kayserya,1,Bizans İmparatorluğu#153
kayyım,https://tr.wikipedia.org/wiki/Kayy%C4%B1m,1,2024 Türkiye yerel seçimleri#135
kaz,https://tr.wikipedia.org/wiki/Kaz,1,Osmanlı İmparatorluğu#607
Kazakça,https://tr.wikipedia.org/wiki/Kazak%C3%A7a,2,Mustafa Kemal Atatürk#46;Türkçe#14
Kazak Hanlığı,https://tr.wikipedia.org/wiki/Kazak_Hanl%C4%B1%C4%9F%C4%B1,7,Anadolu Selçuklu Devleti#3;Büyük Selçuklu İmparatorluğu#3;Germiyanoğulları Beyliği#3;Karamanoğulları Beyliği#28;Osmanlı İmparatorluğu#3;Selçuklu Hanedanı#3;Timur İmparatorluğu#3
Kazakistan,https://tr.wikipedia.org/wiki/Kazakistan,10,Anadolu Selçuklu Devleti#4;Büyük Selçuklu İmparatorluğu#4;Germiyanoğulları Beyliği#4;II. Kiros#127;Karamanoğulları Beyliği#29;Mustafa Kemal Atatürk#845;Osmanlı İmparatorluğu#4;Selçuklu Hanedanı#4;Timur İmparatorluğu#4;TimurCard#5
Kazak,https://tr.wikipedia.org/wiki/Kazaklar,2,Timur İmparatorluğu#14;Timur İmparatorluğu#27
kazanın,https://tr.wikipedia.org/wiki/Kazan,1,İstanbul#400
Kazan,"https://tr.wikipedia.org/wiki/Kazan,_Tataristan",1,Timur İmparatorluğu#7
Kazan Hanlığı,https://tr.wikipedia.org/wiki/Kazan_Hanl%C4%B1%C4%9F%C4%B1,7,Anadolu Selçuklu Devleti#2;Büyük Selçuklu İmparatorluğu#2;Germiyanoğulları Beyliği#2;Karamanoğulları Beyliği#27;Osmanlı İmparatorluğu#2;Selçuklu Hanedanı#2;Timur İmparatorluğu#2
Kazan Tatarları,https://tr.wikipedia.org/wiki/Kazan_Tatarlar%C4%B1,1,Tutmaç çorbası#4
Kazasker,https://tr.wikipedia.org/wiki/Kazasker,1,Osmanlı İmparatorluğu#316
Kazbek,https://tr.wikipedia.org/wiki/Kazbek_Da%C4%9F%C4%B1,1,Kafkasya#21
Kazlıçeşme,https://tr.wikipedia.org/wiki/Kazl%C4%B1%C3%A7e%C5%9Fme_Tren_%C4%B0stasyonu,2,İstanbul#613;İstanbul#614
Kazvin,https://tr.wikipedia.org/wiki/Kazvin,1,Büyük Selçuklu İmparatorluğu#49
keçi,https://tr.wikipedia.org/wiki/Ke%C3%A7i,2,Ankara keçisi#1;Antik Yunanistan#215
Keçiören,https://tr.wikipedia.org/wiki/Ke%C3%A7i%C3%B6ren,1,Yenimahalle#7
Keçiborlu,https://tr.wikipedia.org/wiki/Ke%C3%A7iborlu,1,Timur#465
Keçiboynuzu,https://tr.wikipedia.org/wiki/Ke%C3%A7iboynuzu,2,Orman#49;Orman#70
Keşan,https://tr.wikipedia.org/wiki/Ke%C5%9Fan,1,I. Murad#40
Keşmirli,https://tr.wikipedia.org/wiki/Ke%C5%9Fmir,1,Anadolu Selçuklu Devleti#323
Keban,https://tr.wikipedia.org/wiki/Keban,1,Fırat#24
Keban Barajı,https://tr.wikipedia.org/wiki/Keban_Baraj%C4%B1,2,Fırat#17;Fırat#27
Keban Baraj Gölü,https://tr.wikipedia.org/wiki/Keban_Baraj_G%C3%B6l%C3%BC,1,Orta Doğu Teknik Üniversitesi#60
kedi,https://tr.wikipedia.org/wiki/Kedi,1,Ankara kedisi#1
kehanette,https://tr.wikipedia.org/wiki/Kehanet,1,Midas#16
Kehf Suresi,https://tr.wikipedia.org/wiki/Kehf_Suresi,2,İskender#17;İslam devleti#28
Kehribar Yolu,https://tr.wikipedia.org/wiki/Kehribar_Yolu,1,Ticaret#61
Keighley,https://tr.wikipedia.org/wiki/Keighley,1,Kardeş şehir#2
Osaka-Kobe-Kyoto,https://tr.wikipedia.org/wiki/Keihanshin,1,İstanbul#631
kekik,https://tr.wikipedia.org/wiki/Kekik,1,Antik Yunanistan#195
Büyükbayat,"https://tr.wikipedia.org/wiki/Keklicek,_Bala",2,Balâ#20;Balâ#27
keklik,https://tr.wikipedia.org/wiki/Keklik,2,Orta Doğu Teknik Üniversitesi#144;Osmanlı İmparatorluğu#607
Keldaniler,https://tr.wikipedia.org/wiki/Keldaniler,1,Asur#46
Kelile ve Dimne,https://tr.wikipedia.org/wiki/Kelile_ve_Dimne,1,Osmanlı İmparatorluğu#534
Kelkit Çayı,https://tr.wikipedia.org/wiki/Kelkit_%C3%87ay%C4%B1,3,Karadeniz Bölgesi#25;Karadeniz Bölgesi#57;Karadeniz Bölgesi#58
Keltçede,https://tr.wikipedia.org/wiki/Kelt%C3%A7e,1,Tektosaglar#2
Kelt,https://tr.wikipedia.org/wiki/Keltler,7,Anadolu#5;Galatlar#1;Galatlar#23;Kimmerler#90;Roma İmparatorluğu#392;Tektosaglar#1;Şereflikoçhisar#8
Kelvin,https://tr.wikipedia.org/wiki/Kelvin,1,Santigrat#6
Kemah,https://tr.wikipedia.org/wiki/Kemah,3,Ankara Muharebesi#10;Ankara Muharebesi#51;Timur#259
Kemal Ahmet Arû,https://tr.wikipedia.org/wiki/Kemal_Ahmet_Ar%C3%BB,1,Anıtkabir#31
Kemal Derviş,https://tr.wikipedia.org/wiki/Kemal_Dervi%C5%9F,2,Milliyetçi Hareket Partisi#49;Türkiye#266
Kemal (Doğan) Bey,https://tr.wikipedia.org/wiki/Kemal_Do%C4%9Fan,1,Mustafa Kemal Atatürk#322
Kemal Erdenay,https://tr.wikipedia.org/wiki/Kemal_Erdenay,4,Türkiye millî basketbol takımı#116;Türkiye millî basketbol takımı#118;Türkiye millî basketbol takımı#120;Türkiye millî basketbol takımı#122
Kemal Kılıçdaroğlu,https://tr.wikipedia.org/wiki/Kemal_K%C4%B1l%C4%B1%C3%A7daro%C4%9Flu,8,2024 Türkiye yerel seçimleri#33;2024 Türkiye yerel seçimleri#5;Cumhuriyet Halk Partisi#13;Cumhuriyet Halk Partisi#89;Mansur Yavaş#13;Mansur Yavaş#20;Türkiye İstatistik Kurumu#6;Çukurambar#2
Kemal Tahir,https://tr.wikipedia.org/wiki/Kemal_Tahir,1,Ulucanlar Cezaevi Müzesi#10
Kemal Tunçeri,https://tr.wikipedia.org/wiki/Kemal_Tun%C3%A7eri,1,Türkiye millî basketbol takımı#132
Kemalettin Sami Paşa,https://tr.wikipedia.org/wiki/Kemalettin_Sami_G%C3%B6k%C3%A7en,1,Türkiye'de cumhuriyetin ilanı#31
Kemalizm,https://tr.wikipedia.org/wiki/Kemalizm,6,Cumhuriyet Halk Partisi#111;Cumhuriyet Halk Partisi#49;Cumhuriyet Halk Partisi#5;Cumhuriyet Halk PartisiCard#18;Mustafa Kemal Atatürk#4;Türkiye#157
Kemalpaşazâde,https://tr.wikipedia.org/wiki/Kemalpa%C5%9Faz%C3%A2de,2,Ankara Muharebesi#127;Osmanlı İmparatorluğu#54
keman,https://tr.wikipedia.org/wiki/Keman,2,Bizans İmparatorluğu#414;Osmanlı İmparatorluğu#582
kemankeşlik,https://tr.wikipedia.org/wiki/Kemanke%C5%9Flik,1,Osmanlı İmparatorluğu#665
kemençe,https://tr.wikipedia.org/wiki/Kemen%C3%A7e,2,Osmanlı İmparatorluğu#582;Sivas#11
Kemikleri,https://tr.wikipedia.org/wiki/Kemik,2,At#61;Taş Devri#6
Kenan,https://tr.wikipedia.org/wiki/Kenan,2,Hititler#258;Timur#390
Kenan Evren,https://tr.wikipedia.org/wiki/Kenan_Evren,3,Devlet Mezarlığı#1;Mustafa Kemal Atatürk#868;Türkiye Büyük Millet Meclisi#200
Kenan Yontunç,https://tr.wikipedia.org/wiki/Kenan_Yontun%C3%A7,1,Anıtkabir#65
Sivas U:(https://tr.wikipedia.org/wiki/Sivas_(il))___ ilinin merkezi olan şehir ve bölgenin en eski ve önemli ___E:kentlerinden,https://tr.wikipedia.org/wiki/Kent,2,Başkent#9;Sivas#1
şehir planlaması,https://tr.wikipedia.org/wiki/Kentsel_planlama,1,Büyükşehir belediyesi#7
Kepez,https://tr.wikipedia.org/wiki/Kepez,1,Anıtkabir#311
Kerala,https://tr.wikipedia.org/wiki/Kerala,1,İslam devleti#40
Kerem Gönlüm,https://tr.wikipedia.org/wiki/Kerem_G%C3%B6nl%C3%BCm,6,Türkiye millî basketbol takımı#140;Türkiye millî basketbol takımı#142;Türkiye millî basketbol takımı#144;Türkiye millî basketbol takımı#146;Türkiye millî basketbol takımı#150;Türkiye millî basketbol takımı#154
Kerem Tunçeri,https://tr.wikipedia.org/wiki/Kerem_Tun%C3%A7eri,9,Türkiye millî basketbol takımı#134;Türkiye millî basketbol takımı#136;Türkiye millî basketbol takımı#138;Türkiye millî basketbol takımı#140;Türkiye millî basketbol takımı#142;Türkiye millî basketbol takımı#148;Türkiye millî basketbol takımı#150;Türkiye millî basketbol takımı#154;Türkiye millî basketbol takımı#6
Kerimüddin Karaman Bey,https://tr.wikipedia.org/wiki/Kerim%C3%BCddin_Karaman_Bey,3,Karamanoğulları Beyliği#1;Karamanoğulları Beyliği#8;Karamanoğulları BeyliğiCard#7
Kerkük,https://tr.wikipedia.org/wiki/Kerk%C3%BCk,1,Türkçe#175
Kerkenes,https://tr.wikipedia.org/wiki/Kerkenes,2,Frigler#77;Hititler#27
kermes meşesi,https://tr.wikipedia.org/wiki/Kermes_me%C5%9Fesi,1,Orman#45
Keroessa,https://tr.wikipedia.org/wiki/Keroessa,1,İstanbul#333
Kerpiç,"https://tr.wikipedia.org/wiki/Kerpi%C3%A7,_Haymana",1,Haymana#42
Kersebleptes,https://tr.wikipedia.org/wiki/Kersebleptes,1,Ahameniş İmparatorluğu#215
Kert Hanedanı,https://tr.wikipedia.org/wiki/Kert_Hanedan%C4%B1,1,Timur#135
kervansaray,https://tr.wikipedia.org/wiki/Kervansaray,7,Ahameniş İmparatorluğu#276;Anadolu Selçuklu Devleti#435;Anadolu Selçuklu Devleti#446;Büyük Selçuklu İmparatorluğu#221;Efes#73;I. Alâeddin Keykubad#148;Ticaret#149
Kesikköprü,"https://tr.wikipedia.org/wiki/Kesikk%C3%B6pr%C3%BC,_Bala",1,Balâ#27
Kesikköprü Barajı,https://tr.wikipedia.org/wiki/Kesikk%C3%B6pr%C3%BC_Baraj%C4%B1,3,Balâ#49;Balâ#56;Kızılırmak#35
Kesikköprü Barajı,https://tr.wikipedia.org/wiki/Kesikk%C3%B6pr%C3%BC_Baraj%C4%B1_ve_Hidroelektrik_Santrali,1,Balâ#24
Kesikköprü,"https://tr.wikipedia.org/wiki/Kesikk%C3%B6pr%C3%BC_Erdemli,_Bala",1,Balâ#56
Keskin,https://tr.wikipedia.org/wiki/Keskin,11,Balâ#28;Balâ#31;Balâ#32;Balâ#34;Balâ#37;Balâ#39;Balâ#40
kesme taştan,https://tr.wikipedia.org/wiki/Kesme_ta%C5%9F,1,Kapadokya#52
kestane,https://tr.wikipedia.org/wiki/Kestane,3,Orman#54;Orman#70;İstanbul#166
Kete,https://tr.wikipedia.org/wiki/Kete,1,Ankara#156
Ketuvim,https://tr.wikipedia.org/wiki/Ketuvim,1,II. Kiros#203
Keyânî Hanedanı,https://tr.wikipedia.org/wiki/Key%C3%A2n%C3%AEler,1,II. Kiros#22
Keyhüsrev,https://tr.wikipedia.org/wiki/Keyh%C3%BCsrev,1,II. Kiros#22
Kheiron,https://tr.wikipedia.org/wiki/Kheiron,1,Asklepios#5
63,https://tr.wikipedia.org/wiki/Ki%C5%9Fi_ba%C5%9F%C4%B1na_nominal_GSY%C4%B0H_de%C4%9Ferlerine_g%C3%B6re_%C3%BClkeler_listesi,1,TürkiyeCard#25
Kibele,https://tr.wikipedia.org/wiki/Kibele,2,Augustus Tapınağı#2;Frigler#94
Kibyra,https://tr.wikipedia.org/wiki/Kibira,1,Lidyalılar#5
Kiduş,https://tr.wikipedia.org/wiki/Kidu%C5%9F,1,Şarap#9
Kiev Rusları,https://tr.wikipedia.org/wiki/Kiev_Knezli%C4%9Fi,3,Bizans İmparatorluğu#166;Bizans İmparatorluğu#173;Bizans İmparatorluğu#445
Büyük Vladimir U:(https://tr.wikipedia.org/wiki/I._Vladimir_(Kiev_b%C3%BCy%C3%BCk_knezi))___ 'le evlenmesi ve sonucunda ___E:Kiev Ruslarının Hristiyanlaşması,https://tr.wikipedia.org/wiki/Kiev_Knezli%C4%9Finin_Hristiyanla%C5%9Fmas%C4%B1,1,Bizans İmparatorluğu#176
Kiklad Adalarından,https://tr.wikipedia.org/wiki/Kiklad_Adalar%C4%B1,1,Augustus#284
Kykloplar,https://tr.wikipedia.org/wiki/Kiklop,1,Asklepios#18
kil,https://tr.wikipedia.org/wiki/Kil,1,İstanbul#298
kiler,https://tr.wikipedia.org/wiki/Kiler,2,Ankara#150;Antik Yunanistan#179
Kili,https://tr.wikipedia.org/wiki/Kili,1,Osmanlı İmparatorluğu#182
Kilikya,https://tr.wikipedia.org/wiki/Kilikya,13,Ahameniş İmparatorluğu#290;Antik Yunanistan#131;Augustus#188;Bizans İmparatorluğu#247;Hititler#140;Karamanoğulları Beyliği#8;Kimmerler#23;Konya#33;Malazgirt Meydan Muharebesi#92;Pavlusçuluk#12;Roma İmparatorluğu#348;Türkiye#48;İskender#167
Kilikya Ermeni Krallığı,https://tr.wikipedia.org/wiki/Kilikya_Ermeni_Krall%C4%B1%C4%9F%C4%B1,2,Anadolu Selçuklu Devleti#248;I. Alâeddin Keykubad#35
Kilis,https://tr.wikipedia.org/wiki/Kilis,4,2014 Türkiye yerel seçimleri#21;Mustafa Kemal Atatürk#269;Sivas#60;Türk Kurtuluş Savaşı#145
kilise,https://tr.wikipedia.org/wiki/Kilise,3,Turizm#12;İstanbul#225;İzmir#100
km,https://tr.wikipedia.org/wiki/Kilometre,3,Orta Doğu Teknik Üniversitesi#131;Çukurambar#1;İstanbul#596
km²,https://tr.wikipedia.org/wiki/Kilometre_kare,2,Orta Doğu Teknik Üniversitesi#131
Kilyos,https://tr.wikipedia.org/wiki/Kilyos,1,İstanbul#452
Kimmer,https://tr.wikipedia.org/wiki/Kimmer,1,Midas#33
Kimmer,https://tr.wikipedia.org/wiki/Kimmerler,9,Ankara#39;Frigler#56;Frigya#10;Gordion#28;Lidyalılar#10;Medler#19;Sivas#14;Türkiye#43;Çorum#12
Kimon,https://tr.wikipedia.org/wiki/Kimon,2,Ahameniş İmparatorluğu#120;Antik Yunanistan#69
kimya,https://tr.wikipedia.org/wiki/Kimya,1,İstanbul#256
kimya,https://tr.wikipedia.org/wiki/Kimya_end%C3%BCstrisi,1,İstanbul#274
kimyon,https://tr.wikipedia.org/wiki/Kimyon,1,Şırdan#6
Kinşasa,https://tr.wikipedia.org/wiki/Kin%C5%9Fasa,1,İstanbul#631
kiraz,https://tr.wikipedia.org/wiki/Kiraz,2,Gıda#24;Şarap#3
kiraz ağacı,https://tr.wikipedia.org/wiki/Kiraz_a%C4%9Fac%C4%B1,1,Bağlama#2
bitki U:(https://tr.wikipedia.org/wiki/Flora_(botanik))___ türlerini sulamak için tasarlanmış ___E:kireç,https://tr.wikipedia.org/wiki/Kire%C3%A7_ta%C5%9F%C4%B1,2,II. Kiros#143;II. Kiros#248
kireçtaşı,https://tr.wikipedia.org/wiki/Kire%C3%A7ta%C5%9F%C4%B1,1,Ankara Roma Hamamı#42
Kirene,https://tr.wikipedia.org/wiki/Kirene,1,Ahameniş İmparatorluğu#56
Kiril,https://tr.wikipedia.org/wiki/Kiril_alfabesi,2,Bizans İmparatorluğu#196;Türkçe#110
Kiril ve Metodius,https://tr.wikipedia.org/wiki/Kiril_ve_Methodios,1,Bizans İmparatorluğu#196
Kirman,https://tr.wikipedia.org/wiki/Kirman,1,Timur#135
Kirman Selçuklu,https://tr.wikipedia.org/wiki/Kirman_Sel%C3%A7uklular%C4%B1,11,Anadolu Selçuklu Devleti#2;Büyük Selçuklu İmparatorluğu#168;Büyük Selçuklu İmparatorluğu#171;Büyük Selçuklu İmparatorluğu#2;Büyük Selçuklu İmparatorluğu#60;Germiyanoğulları Beyliği#2;Karamanoğulları Beyliği#27;Osmanlı İmparatorluğu#2;Selçuklu Hanedanı#11;Selçuklu Hanedanı#2;Timur İmparatorluğu#2
Kirmir Çayı,https://tr.wikipedia.org/wiki/Kirmir_%C3%87ay%C4%B1,1,Kızılcahamam#3
Kiros'un Mezarı,https://tr.wikipedia.org/wiki/Kiros%27un_Mezar%C4%B1,3,Ahameniş İmparatorluğu#225;Ahameniş İmparatorluğu#408;II. Kiros#17
Kiros Fermanı,https://tr.wikipedia.org/wiki/Kiros_Ferman%C4%B1,2,Ahameniş İmparatorluğu#434;II. Kiros#9
Kiros Silindiri,https://tr.wikipedia.org/wiki/Kiros_Silindiri,3,Ahameniş İmparatorluğu#25;II. Kiros#195;II. Kiros#257
kirpi,https://tr.wikipedia.org/wiki/Kirpi,1,İstanbul#187
Kislovodsk,https://tr.wikipedia.org/wiki/Kislovodsk,1,Kimmerler#45
Kitâbu Cevâhirü’n-nahv,https://tr.wikipedia.org/wiki/Kit%C3%A2b%C3%BC_Cev%C3%A2hiri%27n-Nahv_f%C3%AE_Lug%C3%A2ti%27t-T%C3%BCrk,1,Türkçe#195
Kitab-ı Cihannüma,https://tr.wikipedia.org/wiki/Kit%C3%A2b-%C4%B1_Cihann%C3%BCm%C3%A2,1,Germiyanoğulları Beyliği#9
Kutsal Kitap,https://tr.wikipedia.org/wiki/Kit%C3%A2b-%C4%B1_Mukaddes,5,Hititler#256;II. Kiros#201;II. Kiros#21;II. Murad#152;Kimmerler#62
Kitab-ı Mukaddes,https://tr.wikipedia.org/wiki/Kitab-%C4%B1_Mukaddes,1,Efes#65
gırnata,https://tr.wikipedia.org/wiki/Klarnet,1,Sivas#11
Klasik Antik Çağ,https://tr.wikipedia.org/wiki/Klasik_Antik_%C3%87a%C4%9F,6,Ahameniş İmparatorluğuCard#19;Bizans İmparatorluğu#364;Grekçe#1;II. Kiros#180;Roma İmparatorluğu#9;İskender#2
Arapça,https://tr.wikipedia.org/wiki/Klasik_Arap%C3%A7a,1,Bizans İmparatorluğu#482
Türk sanat müziği,https://tr.wikipedia.org/wiki/Klasik_T%C3%BCrk_m%C3%BCzi%C4%9Fi,1,Osmanlı İmparatorluğu#578
Klasik Yunan,https://tr.wikipedia.org/wiki/Klasik_Yunanistan,2,Efes#5;Grekçe#2
Klazomenai,https://tr.wikipedia.org/wiki/Klazomenai,2,Zeytinyağı#23;İzmir#20
Kleisthenes,https://tr.wikipedia.org/wiki/Kleisthenes,1,Antik Yunanistan#53
Cleopatra Selene II,https://tr.wikipedia.org/wiki/Kleopatra_Selene_II,1,Augustus#119
klimatolog,https://tr.wikipedia.org/wiki/Klimatoloji,1,Köppen iklim sınıflandırması#2
klor,https://tr.wikipedia.org/wiki/Klor,1,Gıda#15
Knidos,https://tr.wikipedia.org/wiki/Knidos,2,Ahameniş İmparatorluğu#337;Antik Yunanistan#202
Knossos,https://tr.wikipedia.org/wiki/Knossos,1,Zeytinyağı#20
Koç Üniversitesi,https://tr.wikipedia.org/wiki/Ko%C3%A7_%C3%9Cniversitesi,3,Orta Doğu Teknik Üniversitesi#74;Türkiye#351;İstanbul#494
Koçhisar Kalesi,https://tr.wikipedia.org/wiki/Ko%C3%A7hisar_Kalesi,1,Şereflikoçhisar#17
Koçyayla,"https://tr.wikipedia.org/wiki/Ko%C3%A7yayla,_Bala",2,Balâ#27;Balâ#40
koşu,https://tr.wikipedia.org/wiki/Ko%C5%9Fu,1,Atletizm#1
koşumlarıyla,https://tr.wikipedia.org/wiki/Ko%C5%9Fum,1,Kimmerler#45
kobalt,https://tr.wikipedia.org/wiki/Kobalt,1,Gıda#15
koca yemiş,https://tr.wikipedia.org/wiki/Koca_yemi%C5%9F,1,Orman#49
Kocacık,https://tr.wikipedia.org/wiki/Kocac%C4%B1k,1,Mustafa Kemal Atatürk#48
Kocaeli,https://tr.wikipedia.org/wiki/Kocaeli,4,Osmanlı İmparatorluğu#360;Osmanlı İmparatorluğu#367;İstanbul#596;İstanbul#89
Kocaeli,https://tr.wikipedia.org/wiki/Kocaeli_B%C3%BCy%C3%BCk%C5%9Fehir_Belediyesi,1,Büyükşehir belediyesi#18
Kocaeli Yarımadası,https://tr.wikipedia.org/wiki/Kocaeli_Yar%C4%B1madas%C4%B1,1,İstanbul#88
Kocasinan,https://tr.wikipedia.org/wiki/Kocasinan,1,Kayseri#39
Kod noktası,https://tr.wikipedia.org/wiki/Kod_noktas%C4%B1,1,Bisiklet#29
Koini Yunancası,https://tr.wikipedia.org/wiki/Koini_Grek%C3%A7esi,1,Bizans İmparatorluğu#475
kokarca,https://tr.wikipedia.org/wiki/Kokarca,1,İstanbul#187
koklama,https://tr.wikipedia.org/wiki/Koklama,1,Şarap#93
Kol Kalesi,https://tr.wikipedia.org/wiki/Kol_Kalesi,1,Karadeniz Bölgesi#48
Kolağası,https://tr.wikipedia.org/wiki/Kola%C4%9Fas%C4%B1,2,Mustafa Kemal Atatürk#71;Mustafa Kemal Atatürk#84
kolej,https://tr.wikipedia.org/wiki/Kolej,1,Güreş#84
Kolezyum,https://tr.wikipedia.org/wiki/Kolezyum,4,Antik Roma#280;Antik Roma#72;Roma İmparatorluğu#179;Roma İmparatorluğu#202
Kolhis,https://tr.wikipedia.org/wiki/Kolhis,4,Ahameniş İmparatorluğu#248;Ahameniş İmparatorluğu#290;Medler#92;Medler#93
kolluk,https://tr.wikipedia.org/wiki/Kolluk_kurulu%C5%9Fu,1,Ankara Büyükşehir Belediyesi#18
kolonatla,https://tr.wikipedia.org/wiki/Kolonat,1,Anıtkabir#114
Kolossae,https://tr.wikipedia.org/wiki/Kolossai,1,Frigya#20
komünist,https://tr.wikipedia.org/wiki/Kom%C3%BCnizm,2,Batı dünyası#1;Batı dünyası#2
koma,https://tr.wikipedia.org/wiki/Koma,1,Şarap#121
Komandarya,https://tr.wikipedia.org/wiki/Komandarya,1,Bizans İmparatorluğu#420
komedi,https://tr.wikipedia.org/wiki/Komedi,1,Antik Roma#238
Cometopuli Hanedanı,https://tr.wikipedia.org/wiki/Kometopuli_Hanedan%C4%B1,1,Bizans İmparatorluğu#167
Kommagene,https://tr.wikipedia.org/wiki/Kommagene_Krall%C4%B1%C4%9F%C4%B1,1,II. Kiros#92
Komninos Hanedanı,https://tr.wikipedia.org/wiki/Komninos_Hanedan%C4%B1,2,Bizans İmparatorluğu#214;Bizans İmparatorluğu#466
Komninos Restorasyonu,https://tr.wikipedia.org/wiki/Komninos_Restorasyonu,1,Bizans İmparatorluğu#12
komplo teorisi,https://tr.wikipedia.org/wiki/Komplo_teorisi,1,Lozan Antlaşması#31
Konak,"https://tr.wikipedia.org/wiki/Konak,_%C4%B0zmir",2,İzmir#172;İzmir#180
Konak Meydanı,https://tr.wikipedia.org/wiki/Konak_Meydan%C4%B1,1,Anıtkabir#313
Konakyazı,"https://tr.wikipedia.org/wiki/Konakyaz%C4%B1,_%C5%9Eark%C4%B1%C5%9Fla",1,Şarkışla#173
konferansta,https://tr.wikipedia.org/wiki/Konferans,1,Adalet ve Kalkınma Partisi#115
varsayımsal,https://tr.wikipedia.org/wiki/Konjekt%C3%BCr,1,Medler#115
konkurhipiklerinde,https://tr.wikipedia.org/wiki/Konkurhipik,1,Binicilik#74
konsül,https://tr.wikipedia.org/wiki/Kons%C3%BCl,7,Antik Roma#100;Antik Roma#156;Antik Roma#22;Antik Roma#373;Augustus#11;Septimius Severus#10;Septimius Severus#16
Constans,https://tr.wikipedia.org/wiki/Konstans,2,Roma İmparatorluğu#305;Roma İmparatorluğu#324
Konstantin,https://tr.wikipedia.org/wiki/Konstantin,2,Roma İmparatorluğu#294;Türk Kurtuluş Savaşı Batı Cephesi#14
Konstantin'in Bağışı,https://tr.wikipedia.org/wiki/Konstantin%27in_Ba%C4%9F%C4%B1%C5%9F%C4%B1,2,Roma imparatoru#18;Roma imparatoru#28
Konstantin Hanedanı,https://tr.wikipedia.org/wiki/Konstantin_Hanedan%C4%B1,2,Julianus#1;JulianusCard#8
Konstantinopolis,https://tr.wikipedia.org/wiki/Konstantinopolis,36,Anadolu Selçuklu Devleti#14;Anadolu Selçuklu Devleti#151;Anadolu Selçuklu Devleti#192;Anadolu Selçuklu Devleti#300;Ankara Muharebesi#230;Ankara Muharebesi#29;Ankara Muharebesi#3;Antik Roma#55;Bizans İmparatorluğu#1;Bizans İmparatorluğu#3;Bizans İmparatorluğu#353;Bizans İmparatorluğu#415;Bizans İmparatorluğu#42;Bizans İmparatorluğuCard#2;I. Murad#50;II. Murad#15;II. Murad#172;II. Murad#235;II. Murad#40;Julianus#5;JulianusCard#4;Madenî para#87;Malazgirt Meydan Muharebesi#108;Malazgirt Meydan Muharebesi#14;Malazgirt Meydan Muharebesi#89;Malazgirt Meydan Muharebesi#98;Osmanlı İmparatorluğu#13;Osmanlı İmparatorluğuCard#2;Roma İmparatorluğu#306;Roma İmparatorluğu#349;Roma İmparatorluğu#414;Roma İmparatorluğu#431;Roma İmparatorluğuCard#1;Türkiye#59;İstanbul#209;İstanbul#61
Konstantinopolis Surları,https://tr.wikipedia.org/wiki/Konstantinopolis_Surlar%C4%B1,4,Bizans İmparatorluğu#52;Osmanlı İmparatorluğu#487;İstanbul#12
Konutkent,https://tr.wikipedia.org/wiki/Konutkent,1,Yenimahalle#8
konveksiyonel yağışlar,https://tr.wikipedia.org/wiki/Konveksiyonel_ya%C4%9F%C4%B1%C5%9F,3,Ankara#84;Konya#60;Kırkikindi yağışları#1
Konya,https://tr.wikipedia.org/wiki/Konya,35,Anadolu Selçuklu Devleti#138;Anadolu Selçuklu Devleti#18;Anadolu Selçuklu Devleti#439;Anadolu Selçuklu DevletiCard#2;Anadolu#11;Ankara Muharebesi#233;Ankara Muharebesi#29;Ankara#3;Frigler#75;Gazi Üniversitesi#8;I. Alâeddin Keykubad#4;I. Alâeddin Keykubad#6;I. Alâeddin Keykubad#8;I. Alâeddin KeykubadCard#6;I. Bayezid#42;I. BayezidCard#5;I. Murad#87;Karamanoğulları Beyliği#19;Karamanoğulları BeyliğiCard#2;Kayseri#35;Osmanlı İmparatorluğu#521;Polatlı#22;Sakarya Nehri#8;Türk Kurtuluş Savaşı Batı Cephesi#666;Türk Kurtuluş Savaşı Batı Cephesi#78;Türk Kurtuluş Savaşı#56;Türkiye#65;Türkiye#7;İstanbul#573;İstanbul#596;İzmir#167;İzmir#240;Şereflikoçhisar#19;Şereflikoçhisar#2;Şereflikoçhisar#21
Konya Büyükşehir Belediye Stadyumu,https://tr.wikipedia.org/wiki/Konya_B%C3%BCy%C3%BCk%C5%9Fehir_Belediye_Stadyumu,1,Konya#134
Konya,https://tr.wikipedia.org/wiki/Konya_B%C3%BCy%C3%BCk%C5%9Fehir_Belediyesi,2,Büyükşehir belediyesi#18;Konya#53
Konya Devlet Tiyatrosu,https://tr.wikipedia.org/wiki/Konya_Devlet_Tiyatrosu,1,Konya#79
Konya Havaalanı,https://tr.wikipedia.org/wiki/Konya_Havaliman%C4%B1,2,Konya#132
Konya Ovası,https://tr.wikipedia.org/wiki/Konya_Ovas%C4%B1,1,Konya#17
Karaman Eyaletinin U:(https://tr.wikipedia.org/wiki/Karaman_(eyalet))___ sonra da ___E:Konya Vilayetinin,https://tr.wikipedia.org/wiki/Konya_Vilayeti,1,Konya#38
Konya kapalı havzası,https://tr.wikipedia.org/wiki/Konya_kapal%C4%B1_havzas%C4%B1,1,Kızılırmak#10
Konyaaltı,https://tr.wikipedia.org/wiki/Konyaalt%C4%B1,1,Anıtkabir#311
Konyaspor,https://tr.wikipedia.org/wiki/Konyaspor,2,Konya#6;Konya#65
2016-17,https://tr.wikipedia.org/wiki/Konyaspor_2016-17_sezonu,1,Konya#65
koordinatlarında,https://tr.wikipedia.org/wiki/Koordinat,1,İstanbul#88
Koraç Kupası,https://tr.wikipedia.org/wiki/Kora%C3%A7_Kupas%C4%B1,1,Türkiye#398
Koray Aydın,https://tr.wikipedia.org/wiki/Koray_Ayd%C4%B1n,1,Milliyetçi Hareket Partisi#64
Kore,https://tr.wikipedia.org/wiki/Kore,1,Tekvando#1
Kore Savaşı,https://tr.wikipedia.org/wiki/Kore_Sava%C5%9F%C4%B1,1,Türkiye#112
Korece,https://tr.wikipedia.org/wiki/Korece,1,Tekvando#1
Korfu,https://tr.wikipedia.org/wiki/Korfu,3,Antik Yunanistan#78;Augustus#157;Bizans İmparatorluğu#225
Korint,https://tr.wikipedia.org/wiki/Korint,10,Ahameniş İmparatorluğu#147;Antik Yunanistan#101;Antik Yunanistan#124;Antik Yunanistan#240;Antik Yunanistan#270;Antik Yunanistan#48;Antik Yunanistan#63;Antik Yunanistan#78;Strabon#13;İskender#108
Korint Körfezi,https://tr.wikipedia.org/wiki/Korint_K%C3%B6rfezi,1,Osmanlı İmparatorluğu#255
Korint Kıstağı,https://tr.wikipedia.org/wiki/Korint_K%C4%B1sta%C4%9F%C4%B1,1,Ahameniş İmparatorluğu#108
Korint Savaşı,https://tr.wikipedia.org/wiki/Korint_Sava%C5%9F%C4%B1,2,Ahameniş İmparatorluğu#148;Antik Yunanistan#101
Korint düzeni,https://tr.wikipedia.org/wiki/Korint_d%C3%BCzeni,2,Augustus#370;Efes#74
Korinthos Birliği,https://tr.wikipedia.org/wiki/Korinthos_Birli%C4%9Fi,2,İskender#160;İskender#78
korniş,https://tr.wikipedia.org/wiki/Korni%C5%9F,1,Anıtkabir#115
kornoya,https://tr.wikipedia.org/wiki/Korno,1,Antik Roma#240
Koron,https://tr.wikipedia.org/wiki/Koron,2,I. Bayezid#33;Osmanlı İmparatorluğu#184
Koronis,https://tr.wikipedia.org/wiki/Koronis,4,Asklepios#1;Asklepios#4;Asklepios#5
Korsika,https://tr.wikipedia.org/wiki/Korsika,2,Antik Yunanistan#36;Augustus#130
Korsika,https://tr.wikipedia.org/wiki/Korsika%27n%C4%B1n_Fethi,1,Osmanlı İmparatorluğu#201
Koru,"https://tr.wikipedia.org/wiki/Koru,_%C3%87ankaya",1,Yenimahalle#8
Kos,https://tr.wikipedia.org/wiki/Kos,1,Antik Yunanistan#203
Kosova,https://tr.wikipedia.org/wiki/Kosova,5,I. Murad#1;I. MuradCard#6;II. Murad#258;Türkçe#163;Türkçe#33
Kosova Ovası,https://tr.wikipedia.org/wiki/Kosova_Ovas%C4%B1,2,I. Murad#106;I. MuradCard#5
Kosova Savaşı,https://tr.wikipedia.org/wiki/Kosova_Sava%C5%9F%C4%B1,1,Bizans İmparatorluğu#319
Kotiaeum,https://tr.wikipedia.org/wiki/Kotiaeion,1,Frigya#17
kovboy,https://tr.wikipedia.org/wiki/Kovboy,1,Binicilik#14
Koyulhisar,https://tr.wikipedia.org/wiki/Koyulhisar,2,Karadeniz Bölgesi#58;Sivas#9
kuzunun,https://tr.wikipedia.org/wiki/Koyun,1,Şırdan#3
kozmopolit,https://tr.wikipedia.org/wiki/Kozmopolit,1,İstanbul#76
Kral,https://tr.wikipedia.org/wiki/Kral,2,"Osmanlı İmparatorluğu#342;Çubuk, Ankara#18"
Kral Midas,https://tr.wikipedia.org/wiki/Kral_Midas,3,Frigya#8;Gordion Müzesi#2;Gordion Müzesi#6
Kral Yolu,https://tr.wikipedia.org/wiki/Kral_Yolu,4,Ahameniş İmparatorluğu#276;Ahameniş İmparatorluğu#6;Ankara#46
Kralkızı,https://tr.wikipedia.org/wiki/Kralk%C4%B1z%C4%B1_Baraj%C4%B1,1,Dicle#32
krallık,https://tr.wikipedia.org/wiki/Krall%C4%B1k,1,Antik Yunanistan#46
Krallar Kitabı,https://tr.wikipedia.org/wiki/Krallar_Kitab%C4%B1,1,Hititler#25
Kratova,https://tr.wikipedia.org/wiki/Kratova,1,I. Murad#104
Kristof Kolomb,https://tr.wikipedia.org/wiki/Kristof_Kolomb,1,Ticaret#75
Kroisos,https://tr.wikipedia.org/wiki/Kroisos,7,Ahameniş İmparatorluğu#30;II. Kiros#127;II. Kiros#268;II. Kiros#81;Kızılırmak#50;Lidyalılar#13;İzmir#50
krom,https://tr.wikipedia.org/wiki/Krom,1,Kalecik#20
kronikler,https://tr.wikipedia.org/wiki/Kronik,1,Binicilik#5
Kronos,https://tr.wikipedia.org/wiki/Kronos,1,Antik Yunanistan#235
Krum,https://tr.wikipedia.org/wiki/Krum,2,Bizans İmparatorluğu#119;Bizans İmparatorluğu#134
kruvazör,https://tr.wikipedia.org/wiki/Kruvaz%C3%B6r,1,Türk Kurtuluş Savaşı#59
Ksenofon,https://tr.wikipedia.org/wiki/Ksenofon,11,Ahameniş İmparatorluğu#138;Ahameniş İmparatorluğu#344;Antik Yunanistan#2;Antik Yunanistan#26;Antik Yunanistan#66;Güreş#16;II. Kiros#141;II. Kiros#164;II. Kiros#194;II. Kiros#38;II. Kiros#5
Ksenophon,https://tr.wikipedia.org/wiki/Ksenophon,1,Binicilik#67
Ktesias,https://tr.wikipedia.org/wiki/Ktesias,4,Ahameniş İmparatorluğu#134;Ahameniş İmparatorluğu#67;II. Kiros#126;II. Kiros#19
kuş,https://tr.wikipedia.org/wiki/Ku%C5%9F,1,Orta Doğu Teknik Üniversitesi#144
Kussara,https://tr.wikipedia.org/wiki/Ku%C5%9F%C5%9Fara,2,Hititler#44;Şereflikoçhisar#5
Kuş Krallığı,https://tr.wikipedia.org/wiki/Ku%C5%9F_Krall%C4%B1%C4%9F%C4%B1,1,Ahameniş İmparatorluğu#59
kuş sarayı,https://tr.wikipedia.org/wiki/Ku%C5%9F_saray%C4%B1,1,Anıtkabir#212
Kuşadası Limanı,https://tr.wikipedia.org/wiki/Ku%C5%9Fadas%C4%B1_Liman%C4%B1,1,Efes#13
kuşak güreşleri,https://tr.wikipedia.org/wiki/Ku%C5%9Fak_g%C3%BCre%C5%9Fleri,1,Güreş#3
Kuşan,https://tr.wikipedia.org/wiki/Ku%C5%9Fan_%C4%B0mparatorlu%C4%9Fu,1,Ahameniş İmparatorluğu#281
Kurbağalı,https://tr.wikipedia.org/wiki/Ku%C5%9Fdili_Deresi,2,Strabon#20;İstanbul#203
Kuşimoto,https://tr.wikipedia.org/wiki/Ku%C5%9Fimoto,1,Mustafa Kemal Atatürk#845
Kuşsaray,https://tr.wikipedia.org/wiki/Ku%C5%9Fsaray_H%C3%B6y%C3%BC%C4%9F%C3%BC,1,Çorum#10
Kuala Lumpur,https://tr.wikipedia.org/wiki/Kuala_Lumpur,2,2010 FIBA Dünya Basketbol Şampiyonası#4;İstanbul#633
kuantum fiziğinin,https://tr.wikipedia.org/wiki/Kuantum_mekani%C4%9Fi,1,Teknoloji#12
Kubadabad Sarayı,https://tr.wikipedia.org/wiki/Kubadabad_Saray%C4%B1,2,Anadolu Selçuklu Devleti#439;I. Alâeddin Keykubad#4
Kuban,https://tr.wikipedia.org/wiki/Kuban,3,Kafkasya#16;Kafkasya#30;Kimmerler#45
Kuban kültüründen,https://tr.wikipedia.org/wiki/Kuban_k%C3%BClt%C3%BCr%C3%BC,2,Kimmerler#29;Kimmerler#34
kubbe,https://tr.wikipedia.org/wiki/Kubbe,2,Antik Roma#284;Cenabi Ahmed Paşa Camii#3
Kudüs,https://tr.wikipedia.org/wiki/Kud%C3%BCs,7,Ahameniş İmparatorluğu#43;Anadolu Selçuklu Devleti#73;Bizans İmparatorluğu#94;Büyük Selçuklu İmparatorluğu#124;II. Kiros#201;Roma İmparatorluğu#141;İslam devleti#22
Kudüs Krallığı,https://tr.wikipedia.org/wiki/Kud%C3%BCs_Krall%C4%B1%C4%9F%C4%B1,1,Bizans İmparatorluğu#251
Kula,https://tr.wikipedia.org/wiki/Kula,2,Germiyanoğulları Beyliği#120;Germiyanoğulları Beyliği#93
kulak çorbası,https://tr.wikipedia.org/wiki/Kulak_%C3%A7orbas%C4%B1,1,Çorba#24
Kulan Arslan,https://tr.wikipedia.org/wiki/Kulan_Arslan,1,Anadolu Selçuklu Devleti#60
Kuleli Askerî Lisesi,https://tr.wikipedia.org/wiki/Kuleli_Asker%C3%AE_Lisesi,2,Mustafa Kemal Atatürk#70;İstanbul#508
kulplu beygir,https://tr.wikipedia.org/wiki/Kulplu_beygir,1,Jimnastik#4
Kulu,https://tr.wikipedia.org/wiki/Kulu,1,Haymana#30
kulunç rahatsızlığı,https://tr.wikipedia.org/wiki/Kulun%C3%A7_rahats%C4%B1zl%C4%B1%C4%9F%C4%B1,1,Timur#491
kum,https://tr.wikipedia.org/wiki/Kum,1,İstanbul#298
kumaş,https://tr.wikipedia.org/wiki/Kuma%C5%9F,1,Tekstil#3
Kumanca,https://tr.wikipedia.org/wiki/Kumanya,1,Şarap#23
kumar,https://tr.wikipedia.org/wiki/Kumar,1,Antik Roma#267
Kumite,https://tr.wikipedia.org/wiki/Kumite,1,Karate#20
Kumkale yakınlarında,https://tr.wikipedia.org/wiki/Kumkale_Muharebeleri,1,Mustafa Kemal Atatürk#206
Kumkapı,https://tr.wikipedia.org/wiki/Kumkap%C4%B1,1,İstanbul#228
kumru,https://tr.wikipedia.org/wiki/Kumru,1,İstanbul#193
Kumuklar,https://tr.wikipedia.org/wiki/Kumuklar,1,Kafkasya#33
Kunduzca Muharebesinde,https://tr.wikipedia.org/wiki/Kunduzca_Muharebesi,1,Ankara Muharebesi#35
kupajı,https://tr.wikipedia.org/wiki/Kupaj,1,Şarap#48
Kur'an,https://tr.wikipedia.org/wiki/Kur%27an,8,II. Kiros#230;II. Murad#152;Malazgirt Meydan Muharebesi#41;Mustafa Kemal Atatürk#808;Osmanlı İmparatorluğu#56;İskender#17;İskender#20;İslam devleti#41
kurşun,https://tr.wikipedia.org/wiki/Kur%C5%9Fun,3,Antik Roma#305;Anıtkabir#165;Çapa (denizcilik)#3
kurşun kalem ardıçları,https://tr.wikipedia.org/wiki/Kur%C5%9Fun_kalem_ard%C4%B1c%C4%B1,1,Anıtkabir#175
Kura,https://tr.wikipedia.org/wiki/Kura_Nehri,1,Kafkasya#30
kurak,https://tr.wikipedia.org/wiki/Kurakl%C4%B1k,2,Bozkır#3;Lidyalılar#31
Kurgan,https://tr.wikipedia.org/wiki/Kurgan,1,Kimmerler#37
Kurgan hipotezine,https://tr.wikipedia.org/wiki/Kurgan_hipotezi,1,Anadolu#43
kurmay subayların,https://tr.wikipedia.org/wiki/Kurmay_subay,1,Mustafa Kemal Atatürk#74
kurt,https://tr.wikipedia.org/wiki/Kurt,1,Orta Doğu Teknik Üniversitesi#144
kurtarma kazısı,https://tr.wikipedia.org/wiki/Kurtarma_arkeolojisi,1,Yumurtatepe Tümülüsü#2
Kurtboğazı,https://tr.wikipedia.org/wiki/Kurtbo%C4%9Faz%C4%B1_Baraj%C4%B1,1,Kızılcahamam#4
Kurtuluş Savaşı Müzesi,https://tr.wikipedia.org/wiki/Kurtulu%C5%9F_Sava%C5%9F%C4%B1_M%C3%BCzesi,3,Ankara#103;Mustafa Kemal Atatürk#870;Türkiye Büyük Millet Meclisi#245
Sıhhiye Metro İstasyonu U:(https://tr.wikipedia.org/w/index.php?title=S%C4%B1hhiye_(Ankara_metrosu)&action=edit&redlink=1)___ ___E:Kurtuluş Ankaray İstasyonu U:(https://tr.wikipedia.org/w/index.php?title=Kurtulu%C5%9F_(Ankara_metrosu)&action=edit&redlink=1)___ ___E:Kurtuluş Tren İstasyonu,https://tr.wikipedia.org/wiki/Kurtulu%C5%9F_Tren_%C4%B0stasyonu,1,Mehmet Akif Ersoy Müze EviCard#5
kuruş,https://tr.wikipedia.org/wiki/Kuru%C5%9F,2,Madenî para#87;Osmanlı İmparatorluğuCard#33
kurultayda,https://tr.wikipedia.org/wiki/Kurultay,1,Büyük Selçuklu İmparatorluğu#46
Kurunta,https://tr.wikipedia.org/wiki/Kurunta,2,Hititler#111;Hititler#150
Kut,https://tr.wikipedia.org/wiki/Kut,1,Dicle#25
Kutadgu Bilig,https://tr.wikipedia.org/wiki/Kutadgu_Bilig,2,Türkçe#75;Şarap#13
Ligyeler,https://tr.wikipedia.org/wiki/Kutaisi,1,Ahameniş İmparatorluğu#290
Kutalmış,https://tr.wikipedia.org/wiki/Kutalm%C4%B1%C5%9F,4,Anadolu Selçuklu Devleti#34;Anadolu Selçuklu Devleti#6;Büyük Selçuklu İmparatorluğu#47;Dânişmend Gazi#10
Kutbşah Devleti,https://tr.wikipedia.org/wiki/Kutb%C5%9Fahlar,7,Anadolu Selçuklu Devleti#3;Büyük Selçuklu İmparatorluğu#3;Germiyanoğulları Beyliği#3;Karamanoğulları Beyliği#28;Osmanlı İmparatorluğu#3;Selçuklu Hanedanı#3;Timur İmparatorluğu#3
Kutrigur,https://tr.wikipedia.org/wiki/Kutrigurlar,1,Bizans İmparatorluğu#79
Kutsal Emanetler,https://tr.wikipedia.org/wiki/Kutsal_Emanetler,1,Osmanlı İmparatorluğu#195
Kutsal Liturji,https://tr.wikipedia.org/wiki/Kutsal_Lit%C3%BCrji,1,Bizans İmparatorluğu#81
Roma Makamı,https://tr.wikipedia.org/wiki/Kutsal_Makam,2,Bizans İmparatorluğu#156;Bizans İmparatorluğu#320
Mandilo,https://tr.wikipedia.org/wiki/Kutsal_Mendil,1,Bizans İmparatorluğu#150
Kutsal Roma Cermen İmparatorluğu,https://tr.wikipedia.org/wiki/Kutsal_Roma_%C4%B0mparatorlu%C4%9Fu,6,Bizans İmparatorluğu#245;Osmanlı İmparatorluğu#201;Osmanlı İmparatorluğu#223;Osmanlı İmparatorluğu#225;Roma imparatoru#3;Türkiye#77
Kutsal Roma İmparatoru,https://tr.wikipedia.org/wiki/Kutsal_Roma_%C4%B0mparatoru,1,Augustus Tapınağı#9
Imperator Augustus,https://tr.wikipedia.org/wiki/Kutsal_Roma_imparatorlar%C4%B1_listesi,1,Bizans İmparatorluğu#23
Kutsal Topraklar,https://tr.wikipedia.org/wiki/Kutsal_Topraklar,2,Bizans İmparatorluğu#248;Osmanlı İmparatorluğu#399
Kuvâ-yi İnzibâtiye,https://tr.wikipedia.org/wiki/Kuv%C3%A2-yi_%C4%B0nzib%C3%A2tiye,2,Mustafa Kemal Atatürk#412;Mustafa Kemal Atatürk#429
Kuvâ-yi Milliye,https://tr.wikipedia.org/wiki/Kuv%C3%A2-yi_Milliye,10,Kalecik#8;Mustafa Kemal Atatürk#278;Mustafa Kemal Atatürk#324;Mustafa Kemal Atatürk#451;Türk Kurtuluş Savaşı Batı Cephesi#10;Türk Kurtuluş Savaşı Güney Cephesi#3;Türk Kurtuluş Savaşı#159;Türk Kurtuluş Savaşı#24;Türk Kurtuluş Savaşı#25;Türk Kurtuluş Savaşı#68
Kuvâ-yi Seyyâre,https://tr.wikipedia.org/wiki/Kuv%C3%A2-yi_Seyy%C3%A2re,3,Mustafa Kemal Atatürk#430;Mustafa Kemal Atatürk#460;Türk Kurtuluş Savaşı Batı Cephesi#663
kuvarsit,https://tr.wikipedia.org/wiki/Kuvarsit,1,İstanbul#298
kuvvetler ayrılığı,https://tr.wikipedia.org/wiki/Kuvvetler_ayr%C4%B1l%C4%B1%C4%9F%C4%B1,2,Türkiye Büyük Millet Meclisi#227;Türkiye#133
Kuymak,https://tr.wikipedia.org/wiki/Kuymak,1,Balâ#45
kuyruklu yıldızın,https://tr.wikipedia.org/wiki/Kuyruklu_y%C4%B1ld%C4%B1z,1,Ankara Muharebesi#61
kuzeye,https://tr.wikipedia.org/wiki/Kuzey,3,Midas#12;Midas#23;Sakarya Nehri#11
Kuzey Afrika,https://tr.wikipedia.org/wiki/Kuzey_Afrika,11,Antik Roma#128;Antik Roma#59;Bizans İmparatorluğu#353;II. Kiros#7;Osmanlı İmparatorluğu#16;Osmanlı İmparatorluğu#282;Septimius Severus#12;Türkiye#70;Zeytinyağı#16;İskender#2;İstanbul#443
Kuzey Amerika,https://tr.wikipedia.org/wiki/Kuzey_Amerika,4,Batı dünyası#1;Bozkır#4;Buz hokeyi#9
Kuzey Anadolu Dağları,https://tr.wikipedia.org/wiki/Kuzey_Anadolu_Da%C4%9Flar%C4%B1,3,Anadolu#18;Türkiye#214;Türkiye#228
Kuzey Anadolu Fayının,https://tr.wikipedia.org/wiki/Kuzey_Anadolu_Fay%C4%B1,1,Sakarya Nehri#29
Kuzey Anadolu Fay Hattı,https://tr.wikipedia.org/wiki/Kuzey_Anadolu_Fay_Hatt%C4%B1,3,Türkiye#223;Çorum#20;İstanbul#124
Kuzey Avrupa,https://tr.wikipedia.org/wiki/Kuzey_Avrupa,1,Hititler#2
İskandinavlar,https://tr.wikipedia.org/wiki/Kuzey_Cermenleri,1,Anadolu Selçuklu Devleti#342
Kuzey Hiung-nu,https://tr.wikipedia.org/wiki/Kuzey_Hiung-nu,7,Anadolu Selçuklu Devleti#1;Büyük Selçuklu İmparatorluğu#1;Germiyanoğulları Beyliği#1;Karamanoğulları Beyliği#26;Osmanlı İmparatorluğu#1;Selçuklu Hanedanı#1;Timur İmparatorluğu#1
Kuzey Kıbrıs Türk Cumhuriyeti,https://tr.wikipedia.org/wiki/Kuzey_K%C4%B1br%C4%B1s_T%C3%BCrk_Cumhuriyeti,19,Anadolu Selçuklu Devleti#4;Anıtkabir#170;Büyük Selçuklu İmparatorluğu#4;Cumhuriyet Halk Partisi#128;Germiyanoğulları Beyliği#4;HititlerCard#11;Karamanoğulları Beyliği#29;Mustafa Kemal Atatürk#835;Orta Doğu Teknik Üniversitesi#1;Orta Doğu Teknik Üniversitesi#171;Osmanlı İmparatorluğu#4;Selçuklu Hanedanı#4;Timur İmparatorluğu#4;Türkiye#113;Türkiye#177;Türkiye#189;Türkçe#26;Türkçe#4
Kuzey Kafkasya,https://tr.wikipedia.org/wiki/Kuzey_Kafkasya,2,Ahameniş İmparatorluğu#92;Kafkasya#2
Kuzey Carolina Üniversitesi,"https://tr.wikipedia.org/wiki/Kuzey_Karolina_%C3%9Cniversitesi,_Chapel_Hill",1,Türkiye#303
Makedonya,https://tr.wikipedia.org/wiki/Kuzey_Makedonya,6,Fetret Devri#105;I. Murad#81;Mustafa Kemal Atatürk#845;Türkçe#163;Türkçe#164;Türkçe#33
Kuzi-Teşub,https://tr.wikipedia.org/wiki/Kuzi-Te%C5%9Fub,1,Hititler#145
Kyme,https://tr.wikipedia.org/wiki/Kyme,1,İzmir#19
Lagâri Hasan Çelebi,https://tr.wikipedia.org/wiki/L%C3%A2gar%C3%AE_Hasan_%C3%87elebi,1,Türk Hava Kurumu Müzesi#9
lakap ve unvanlar kaldırıldı,https://tr.wikipedia.org/wiki/L%C3%A2kap_ve_Unvanlar%C4%B1n_Kald%C4%B1r%C4%B1lmas%C4%B1_Hakk%C4%B1ndaki_Kanun,1,Mustafa Kemal Atatürk#21
Lübnan,https://tr.wikipedia.org/wiki/L%C3%BCbnan,2,HititlerCard#11;Osmanlı İmparatorluğu#260
Lübnan,https://tr.wikipedia.org/wiki/L%C3%BCbnan_mill%C3%AE_basketbol_tak%C4%B1m%C4%B1,2,2010 FIBA Dünya Basketbol Şampiyonası#14;Türkiye millî basketbol takımı#80
Lüksemburg,https://tr.wikipedia.org/wiki/L%C3%BCksemburg,1,Otoyol#3
Lüleburgaz,https://tr.wikipedia.org/wiki/L%C3%BCleburgaz,2,I. Murad#39;I. Murad#40
Lütfi Müfit,https://tr.wikipedia.org/wiki/L%C3%BCtfi_M%C3%BCfit_%C3%96zde%C5%9F,1,Mustafa Kemal Atatürk#78
Lütfi Paşa,https://tr.wikipedia.org/wiki/L%C3%BCtfi_Pa%C5%9Fa,1,Ankara Muharebesi#114
LGBT,https://tr.wikipedia.org/wiki/LGBT,1,Türkiye#198
Laçin,https://tr.wikipedia.org/wiki/La%C3%A7in,2,Çorum#12;Çorum#8
Kaplıkaya Kaya Mezarı,https://tr.wikipedia.org/wiki/La%C3%A7in_Kapl%C4%B1kaya_Kaya_Mezar%C4%B1,1,Çorum#12
lağım,https://tr.wikipedia.org/wiki/La%C4%9F%C4%B1m,1,Ankara Muharebesi#209
La Turbie,https://tr.wikipedia.org/wiki/La_Turbie,1,Augustus#364
Labarna,https://tr.wikipedia.org/wiki/Labarna,1,HititlerCard#6
laboratuvar,https://tr.wikipedia.org/wiki/Laboratuvar,3,Orta Doğu Teknik Üniversitesi#37;Teknoloji#2;İstanbul#542
laden,https://tr.wikipedia.org/wiki/Laden,1,Orman#49
ladin,https://tr.wikipedia.org/wiki/Ladin,1,İstanbul#166
Lagos,https://tr.wikipedia.org/wiki/Lagos,1,İstanbul#630
lahana,https://tr.wikipedia.org/wiki/Lahana,1,Antik Yunanistan#195
Lahor,https://tr.wikipedia.org/wiki/Lahor,1,İstanbul#632
Lahsa,https://tr.wikipedia.org/wiki/Lahsa_Eyaleti,1,Artuk Bey#10
laik,https://tr.wikipedia.org/wiki/Laik,1,İstanbul#232
"iskân kanunu U:(https://tr.wikipedia.org/wiki/%C4%B0sk%C3%A2n_Kanunu_(1934))___ , ___E:laiklik",https://tr.wikipedia.org/wiki/Laiklik,11,Adalet ve Kalkınma Partisi#111;Adalet ve Kalkınma Partisi#128;Adalet ve Kalkınma Partisi#46;Cumhuriyet Halk Partisi#27;Cumhuriyet Halk Partisi#31;Cumhuriyet Halk Partisi#62;Cumhuriyet Halk Partisi#90;Mustafa Kemal Atatürk#618;Osmanlı İmparatorluğu#10;Türkiye#106;Türkiye#157
Lak,https://tr.wikipedia.org/wiki/Laklar,1,Kimmerler#72
lalaları,https://tr.wikipedia.org/wiki/Lala,2,II. Murad#6;Osmanlı İmparatorluğu#322
Lala Şahin Paşa,https://tr.wikipedia.org/wiki/Lala_%C5%9Eahin_Pa%C5%9Fa,3,I. Murad#38;I. Murad#40;I. Murad#47
ağır bir yenilgiye uğrattı,https://tr.wikipedia.org/wiki/Lalakaon_Muharebesi,1,Bizans İmparatorluğu#119
Lale Devri,https://tr.wikipedia.org/wiki/Lale_Devri,3,Osmanlı İmparatorluğu#234;Osmanlı İmparatorluğu#573;İstanbul#80
Lampsakos,https://tr.wikipedia.org/wiki/Lampsakos,1,Ahameniş İmparatorluğu#121
Lampsakoslu Kharon,https://tr.wikipedia.org/wiki/Lampsakoslu_Kharon,1,Herodot#54
Langaza,https://tr.wikipedia.org/wiki/Langaza,1,Mustafa Kemal Atatürk#52
Lanzarote,https://tr.wikipedia.org/wiki/Lanzarote,1,Osmanlı İmparatorluğu#15
Laodikeia,https://tr.wikipedia.org/wiki/Laodikya,1,Frigya#19
Larisa,https://tr.wikipedia.org/wiki/Larisa,1,Bizans İmparatorluğu#225
Lascaux,https://tr.wikipedia.org/wiki/Lascaux,1,At#44
Latife Hanım,https://tr.wikipedia.org/wiki/Latife_U%C5%9F%C5%9Fak%C3%AE,2,Mustafa Kemal Atatürk#794;Mustafa Kemal Atatürk#795
Latin,https://tr.wikipedia.org/wiki/Latin,1,İstanbul#338
Latin İmparatorluğu,https://tr.wikipedia.org/wiki/Latin_%C4%B0mparatorlu%C4%9Fu,3,Bizans İmparatorluğu#303;İstanbul#15;İstanbul#427
Latinlerin katledilmesi için tahrikte bulundu,https://tr.wikipedia.org/wiki/Latin_Katliam%C4%B1,1,Bizans İmparatorluğu#267
Latin Kilisesi,https://tr.wikipedia.org/wiki/Latin_Kilisesi,1,Bizans İmparatorluğu#321
Latin alfabesine,https://tr.wikipedia.org/wiki/Latin_alfabesi,1,Latin harfleri#1
Latin dilleri,https://tr.wikipedia.org/wiki/Latin_dilleri,1,Antik Roma#209
Roma,https://tr.wikipedia.org/wiki/Latin_edebiyat%C4%B1,1,Bizans İmparatorluğu#403
Latin alfabesini,https://tr.wikipedia.org/wiki/Latin_harfleri,6,Ankara#23;Cumhuriyet Halk Partisi#27;Mustafa Kemal Atatürk#19;Türkçe#110;Türkçe#138;Türkçe#9
Latince,https://tr.wikipedia.org/wiki/Latince,25,Ahameniş İmparatorluğu#11;Antik Roma#206;Asklepios#1;Augustus Tapınağı#23;Augustus#1;Bizans İmparatorluğu#2;Gordion#1;Grekçe#17;Kayseri#4;Kimmerler#71;Madenî para#12;Roma imparatorları listesi#1;Roma İmparatorluğu#18;Roma İmparatorluğu#4;Roma İmparatorluğu#414;Roma İmparatorluğuCard#2;Santigrat#4;Septimius Severus#1;Septimius Severus#9;Sivas#4;Türkiye#22;Türkçe#93;Üniversite#15;Üniversite#19;Şarap#20
Latinler,https://tr.wikipedia.org/wiki/Latinler,3,Antik Roma#17;Bizans İmparatorluğu#3;Osmanlı İmparatorluğu#421
lav,https://tr.wikipedia.org/wiki/Lav,1,Kapadokya#1
Lazar,https://tr.wikipedia.org/wiki/Lazar_Hrebelyanovi%C3%A7,2,I. Bayezid#13;I. Bayezid#9
Lazca,https://tr.wikipedia.org/wiki/Lazca,2,Türkiye#328;Türkçe#148
Laodicea,https://tr.wikipedia.org/wiki/Lazkiye,1,Bizans İmparatorluğu#148
Laz,https://tr.wikipedia.org/wiki/Lazlar,2,Anadolu#72;Türkiye#315
"Kolophon U:(https://tr.wikipedia.org/wiki/Kolofon_(antik_kent))___ , ___E:Lebedos",https://tr.wikipedia.org/wiki/Lebedos,2,Kimmerler#21;İzmir#20
leblebisi,https://tr.wikipedia.org/wiki/Leblebi,1,Çorum#26
legatus,https://tr.wikipedia.org/wiki/Legatus,2,Augustus#239;Roma İmparatorluğu#83
Polonya,https://tr.wikipedia.org/wiki/Lehistan-Litvanya_Birli%C4%9Fi,1,Başkent#43
Polonya Kralı,https://tr.wikipedia.org/wiki/Lehistan_Krall%C4%B1%C4%9F%C4%B1,1,II. Murad#118
lejyoner,https://tr.wikipedia.org/wiki/Lejyoner,3,Augustus#133;Augustus#55;Roma İmparatorluğu#89
lento,https://tr.wikipedia.org/wiki/Lento,2,Anıtkabir#115;Niğde#87
Leonardo da Vinci,https://tr.wikipedia.org/wiki/Leonardo_da_Vinci,1,Bisiklet#8
Leptis Magna,https://tr.wikipedia.org/wiki/Leptis_Magna,5,Roma İmparatorluğu#251;Septimius Severus#1;Septimius Severus#45;Septimius Severus#7;Septimius SeverusCard#4
Midillili Hellanikos,https://tr.wikipedia.org/wiki/Lesboslu_Hellanikos,1,Herodot#54
uyuşukluk,https://tr.wikipedia.org/wiki/Letarji,1,Şarap#118
Letonya,https://tr.wikipedia.org/wiki/Letonya_mill%C3%AE_basketbol_tak%C4%B1m%C4%B1,5,2001 Avrupa Basketbol Şampiyonası#8;Türkiye millî basketbol takımı#36;Türkiye millî basketbol takımı#38;Türkiye millî basketbol takımı#52;Türkiye millî basketbol takımı#65
Lev Kamenev,https://tr.wikipedia.org/wiki/Lev_Kamenev,1,Türk Kurtuluş Savaşı#215
Lev Karahan,https://tr.wikipedia.org/wiki/Lev_Karahan,1,Türk Kurtuluş Savaşı#215
Lev Troçki,https://tr.wikipedia.org/wiki/Lev_Tro%C3%A7ki,1,Türk Kurtuluş Savaşı#231
Levant,https://tr.wikipedia.org/wiki/Levant,9,Ahameniş İmparatorluğu#143;Ahameniş İmparatorluğu#92;Anadolu Selçuklu Devleti#25;Anadolu#44;Bizans İmparatorluğu#100;Bizans İmparatorluğu#286;Hititler#1;Hititler#13;Türkiye#70
Levantenlerin,https://tr.wikipedia.org/wiki/Levantenler,1,İzmir#102
Levent,https://tr.wikipedia.org/wiki/Levent,1,İstanbul#262
Levent,"https://tr.wikipedia.org/wiki/Levent,_Be%C5%9Fikta%C5%9F",1,İstanbul#215
Levent Topsakal,https://tr.wikipedia.org/wiki/Levent_Topsakal,3,Türkiye millî basketbol takımı#126;Türkiye millî basketbol takımı#128;Türkiye millî basketbol takımı#130
Levon Ekmekçiyan,https://tr.wikipedia.org/wiki/Levon_Ekmek%C3%A7iyan,1,Ulucanlar Cezaevi Müzesi#9
Levounion Muharebesi,https://tr.wikipedia.org/wiki/Levounion_Muharebesi,1,Bizans İmparatorluğu#228
Leyla Zana,https://tr.wikipedia.org/wiki/Leyla_Zana,1,Ulucanlar Cezaevi Müzesi#10
leylek,https://tr.wikipedia.org/wiki/Leylek,1,İstanbul#182
Bar U:(https://tr.wikipedia.org/wiki/Bar_(halk_oyunu))___ ve ___E:Lezginka,https://tr.wikipedia.org/wiki/Lezginka,1,Türkiye#375
Libanios,https://tr.wikipedia.org/wiki/Libanios,1,Julianus#36
liberalizm,https://tr.wikipedia.org/wiki/Liberalizm,1,Türkiye#155
Libya,https://tr.wikipedia.org/wiki/Libya,7,Ahameniş İmparatorluğu#290;Ahameniş İmparatorluğu#56;Antik Yunanistan#36;Mustafa Kemal Atatürk#86;Osmanlı İmparatorluğu#282;Septimius Severus#7;İslam devleti#65
Libya Geçici Anayasa Bildirgesi,https://tr.wikipedia.org/wiki/Libya_Ge%C3%A7ici_Anayasa_Deklarasyonu,1,İslam devleti#65
Lice,https://tr.wikipedia.org/wiki/Lice,1,Efes#69
Lidar Höyük,https://tr.wikipedia.org/wiki/Lidar_H%C3%B6y%C3%BCk,1,Hititler#145
Lidya dilini,https://tr.wikipedia.org/wiki/Lidce,1,Lidyalılar#1
Lidya,https://tr.wikipedia.org/wiki/Lidya,16,Ahameniş İmparatorluğu#29;Ahameniş İmparatorluğu#290;Ahameniş İmparatorluğu#5;Anadolu#5;II. Kiros#268;II. Kiros#4;II. Kiros#63;Kimmerler#14;Kimmerler#15;Kimmerler#2;Lidyalılar#1;Lidyalılar#23;Madenî para#19;Medler#59;Polatlı#4;Türkiye#43
Lidyalılar,https://tr.wikipedia.org/wiki/Lidyal%C4%B1lar,13,Ankara#16;Ankara#40;Antik Yunanistan#258;Frigler#68;Gordion#28;Konya#20;Kızılcahamam#6;Kızılırmak#48;Medler#56;Medler#7;Türkiye#43;Türkiye#5;İzmir#47
lifli,https://tr.wikipedia.org/wiki/Lif,1,Tekstil#1
lif takviyeli betondan,https://tr.wikipedia.org/wiki/Lif_takviyeli_beton,1,Anıtkabir#251
Fransa,https://tr.wikipedia.org/wiki/Ligue_Nationale_de_Basketball,1,Türkiye millî basketbol takımı#25
Likçe,https://tr.wikipedia.org/wiki/Lik%C3%A7e,1,Şarap#20
Likurgus,https://tr.wikipedia.org/wiki/Likurgus,1,Antik Yunanistan#50
Likya,https://tr.wikipedia.org/wiki/Likya,7,Ahameniş İmparatorluğu#211;Ahameniş İmparatorluğu#290;Anadolu#58;II. Kiros#101;Medler#60;Türkiye#43
Lima,https://tr.wikipedia.org/wiki/Lima,1,İstanbul#633
liman,https://tr.wikipedia.org/wiki/Liman,1,Midas#11
Limni,https://tr.wikipedia.org/wiki/Limni,3,II. Murad#14;II. Murad#16;Osmanlı İmparatorluğu#288
lingua franca,https://tr.wikipedia.org/wiki/Lingua_franca,1,İskender#246
lir,https://tr.wikipedia.org/wiki/Lir,2,Bizans İmparatorluğu#413;İskender#33
lisans,https://tr.wikipedia.org/wiki/Lisans,1,Orta Doğu Teknik Üniversitesi#97
lisansüstü,https://tr.wikipedia.org/wiki/Lisans%C3%BCst%C3%BC,2,Orta Doğu Teknik Üniversitesi#104;Üniversite#14
lisansüstü eğitim,https://tr.wikipedia.org/wiki/Lisans%C3%BCst%C3%BC_e%C4%9Fitim,1,Üniversite#5
lisans derecesi,https://tr.wikipedia.org/wiki/Lisans_derecesi,1,Üniversite#14
lisans eğitimi,https://tr.wikipedia.org/wiki/Lisans_e%C4%9Fitimi,1,Üniversite#5
lisantiat,https://tr.wikipedia.org/wiki/Lisantiat,1,Üniversite#14
lise,https://tr.wikipedia.org/wiki/Lise,1,Orta Doğu Teknik Üniversitesi#97
Lysimakhos,https://tr.wikipedia.org/wiki/Lisimahos,1,İzmir#54
liste usulü çoğunluk seçim sistemi,https://tr.wikipedia.org/wiki/Liste_usul%C3%BC_%C3%A7o%C4%9Funluk_se%C3%A7im_sistemi,1,Türkiye#148
Litvanya,https://tr.wikipedia.org/wiki/Litvanya,1,Bizans İmparatorluğu#380
Litvanya,https://tr.wikipedia.org/wiki/Litvanya_mill%C3%AE_basketbol_tak%C4%B1m%C4%B1,3,2001 Avrupa Basketbol Şampiyonası#7;2010 FIBA Dünya Basketbol Şampiyonası#12;Türkiye millî basketbol takımı#82
I. Otto U:(https://tr.wikipedia.org/wiki/I._Otto_(Kutsal_Roma_imparatoru))___ tarafından 968'de Konstantinopolis'e büyükelçi olarak gönderilen ___E:Liutprando di Cremona,https://tr.wikipedia.org/wiki/Liutprando_di_Cremona,1,Bizans İmparatorluğu#422
Livia Drusilla,https://tr.wikipedia.org/wiki/Livia,3,Augustus#118;AugustusCard#7;Roma İmparatorluğu#116
F-104,https://tr.wikipedia.org/wiki/Lockheed_F-104_Starfighter,1,ODTÜ Bilim ve Teknoloji Müzesi#5
hiyeroglif yazılarla,https://tr.wikipedia.org/wiki/Logogram,1,Hititler#30
Logothetis tu dromu,https://tr.wikipedia.org/wiki/Logothetis_tu_dromu,1,Bizans İmparatorluğu#448
Logothetis tu geniku,https://tr.wikipedia.org/wiki/Logothetis_tu_geniku,1,Roma imparatoru#34
lokanta,https://tr.wikipedia.org/wiki/Lokanta,1,Turizm#9
Lokman Hekim,https://tr.wikipedia.org/wiki/Lokman_Hekim,1,Asklepios#21
lokomotif,https://tr.wikipedia.org/wiki/Lokomotif,2,Demiryolu ulaşımı#11;İstanbul#441
lokumu,https://tr.wikipedia.org/wiki/Lokum,1,Beypazarı#98
Lom,https://tr.wikipedia.org/wiki/Lom,2,Türkçe#162;Türkçe#164
Lombardlar,https://tr.wikipedia.org/wiki/Lombardlar,1,Bizans İmparatorluğu#84
Londra,https://tr.wikipedia.org/wiki/Londra,4,Atletizm#26;Bisiklet#16;Mustafa Kemal Atatürk#802;İstanbul#632
Lorenzo Valla,https://tr.wikipedia.org/wiki/Lorenzo_Valla,1,Roma imparatoru#18
Lozan,https://tr.wikipedia.org/wiki/Lozan,5,Anadolu Medeniyetleri Müzesi#23;Lozan Antlaşması#1;Lozan Barış Konferansı#1;Türk Kurtuluş Savaşı#191;Voleybol#27
Lozan Antlaşması,https://tr.wikipedia.org/wiki/Lozan_Antla%C5%9Fmas%C4%B1,19,Ankara#67;Cumhuriyet Halk Partisi#17;Lozan Barış Konferansı#1;Lozan Barış Konferansı#5;Mustafa Kemal Atatürk#528;Mustafa Kemal Atatürk#537;Mustafa Kemal Atatürk#663;Mustafa Kemal Atatürk#668;Mustafa Kemal Atatürk#672;Mustafa Kemal Atatürk#676;Mustafa Kemal Atatürk#707;Türk Kurtuluş Savaşı Batı Cephesi#1014;Türk Kurtuluş Savaşı Batı Cephesi#1028;Türk Kurtuluş Savaşı Batı Cephesi#18;Türk Kurtuluş Savaşı#200;Türk Kurtuluş Savaşı#46;Türkiye Büyük Millet Meclisi#153;Türkiye#103;Türkiye#316
Lozan Barış Konferansı,https://tr.wikipedia.org/wiki/Lozan_Bar%C4%B1%C5%9F_Konferans%C4%B1,6,Ankara#67;Lozan Antlaşması#1;Lozan Antlaşması#10;Lozan Antlaşması#16;Mustafa Kemal Atatürk#692;Türk Kurtuluş Savaşı#199
Luanda,https://tr.wikipedia.org/wiki/Luanda,1,İstanbul#633
Seneca,https://tr.wikipedia.org/wiki/Lucius_Annaeus_Seneca,1,Güreş#16
Lucius Antonius,https://tr.wikipedia.org/wiki/Lucius_Antonius,1,Augustus#104
Lucius Caesar,https://tr.wikipedia.org/wiki/Lucius_Caesar,2,Augustus#283;AugustusCard#8
Balbus Tiyatrosu,https://tr.wikipedia.org/wiki/Lucius_Cornelius_Balbus,2,Augustus#238;Augustus#361
Sulla,https://tr.wikipedia.org/wiki/Lucius_Cornelius_Sulla,4,Antik Roma#288;Antik Roma#40;Augustus#10;Roma İmparatorluğu#74
Lucius Marcius Philippus,https://tr.wikipedia.org/wiki/Lucius_Marcius_Philippus,1,Augustus#37
Lucius Scribonius Libo,https://tr.wikipedia.org/wiki/Lucius_Scribonius_Libo,1,Augustus#117
Lucius Septimius Bassianus,https://tr.wikipedia.org/wiki/Lucius_Septimius_Bassianus,1,Caracalla#17
Gururlu Tarkinus,https://tr.wikipedia.org/wiki/Lucius_Tarquinius_Superbus,1,Antik Roma#21
Verus,https://tr.wikipedia.org/wiki/Lucius_Verus,1,Roma İmparatorluğu#244
Lügat-i Naci,https://tr.wikipedia.org/wiki/Lugat-i_N%C3%A2c%C3%AE,1,Türkçe#333
Lugdunum,https://tr.wikipedia.org/wiki/Lugdunum,1,Caracalla#2
Lugdunum Muharebesi,https://tr.wikipedia.org/wiki/Lugdunum_Muharebesi,2,Septimius Severus#22;Septimius Severus#3
Lukianos,https://tr.wikipedia.org/wiki/Lukianos,1,Herodot#42
Luksor,https://tr.wikipedia.org/wiki/Luksor_Tap%C4%B1na%C4%9F%C4%B1,1,Hititler#104
Lundy,https://tr.wikipedia.org/wiki/Lundy,1,Osmanlı İmparatorluğu#15
Luristan,https://tr.wikipedia.org/wiki/Luristan,2,Timur#142;İskender#225
Luristan,https://tr.wikipedia.org/wiki/Luristan_Eyaleti,1,Artuk Bey#9
Lusitania,https://tr.wikipedia.org/wiki/Lusitania,1,Augustus#259
Lut Gölü,https://tr.wikipedia.org/wiki/Lut_G%C3%B6l%C3%BC,1,Kimmerler#65
Lütfi Arıboğan,https://tr.wikipedia.org/wiki/Lutfi_Ar%C4%B1bo%C4%9Fan,3,Türkiye millî basketbol takımı#126;Türkiye millî basketbol takımı#128;Türkiye millî basketbol takımı#130
Luvice,https://tr.wikipedia.org/wiki/Luvice,8,Anadolu#42;Anadolu#53;Anadolu#56;Anadolu#62;Hititler#137;Hititler#15;HititlerCard#2;Türkiye#36
Luvi,https://tr.wikipedia.org/wiki/Luviler,3,Efes#1;Frigya#31;Hititler#75
Lugdunum,https://tr.wikipedia.org/wiki/Lyon,1,Roma İmparatorluğu#392
MÇP,https://tr.wikipedia.org/wiki/M%C3%87P,2,Büyük Birlik Partisi#23;Büyük Birlik Partisi#5
MÖ 1. yüzyılda,https://tr.wikipedia.org/wiki/M%C3%96_1._y%C3%BCzy%C4%B1l,8,Antik Roma#128;Antik Roma#180;Antik Roma#208;Antik Roma#217;Antik Roma#228;Antik Roma#285;Antik Roma#41;MÖ 2. yüzyıl#1
MÖ 10. yüzyıla,https://tr.wikipedia.org/wiki/M%C3%96_10._y%C3%BCzy%C4%B1l,1,Antik Roma#19
MÖ 101,https://tr.wikipedia.org/wiki/M%C3%96_101,1,MÖ 2. yüzyıl#1
MÖ 102,https://tr.wikipedia.org/wiki/M%C3%96_102,1,MÖ 2. yüzyıl#1
MÖ 103,https://tr.wikipedia.org/wiki/M%C3%96_103,1,MÖ 2. yüzyıl#1
MÖ 104,https://tr.wikipedia.org/wiki/M%C3%96_104,1,MÖ 2. yüzyıl#1
MÖ 105,https://tr.wikipedia.org/wiki/M%C3%96_105,1,MÖ 2. yüzyıl#1
MÖ 106,https://tr.wikipedia.org/wiki/M%C3%96_106,1,MÖ 2. yüzyıl#1
MÖ 107,https://tr.wikipedia.org/wiki/M%C3%96_107,1,MÖ 2. yüzyıl#1
MÖ 108,https://tr.wikipedia.org/wiki/M%C3%96_108,1,MÖ 2. yüzyıl#1
MÖ 109,https://tr.wikipedia.org/wiki/M%C3%96_109,1,MÖ 2. yüzyıl#1
MÖ 110,https://tr.wikipedia.org/wiki/M%C3%96_110,1,MÖ 2. yüzyıl#1
MÖ 111,https://tr.wikipedia.org/wiki/M%C3%96_111,1,MÖ 2. yüzyıl#1
MÖ 112,https://tr.wikipedia.org/wiki/M%C3%96_112,1,MÖ 2. yüzyıl#1
MÖ 113,https://tr.wikipedia.org/wiki/M%C3%96_113,1,MÖ 2. yüzyıl#1
MÖ 114,https://tr.wikipedia.org/wiki/M%C3%96_114,1,MÖ 2. yüzyıl#1
MÖ 115,https://tr.wikipedia.org/wiki/M%C3%96_115,1,MÖ 2. yüzyıl#1
MÖ 116,https://tr.wikipedia.org/wiki/M%C3%96_116,1,MÖ 2. yüzyıl#1
MÖ 117,https://tr.wikipedia.org/wiki/M%C3%96_117,1,MÖ 2. yüzyıl#1
MÖ 118,https://tr.wikipedia.org/wiki/M%C3%96_118,1,MÖ 2. yüzyıl#1
MÖ 119,https://tr.wikipedia.org/wiki/M%C3%96_119,1,MÖ 2. yüzyıl#1
MÖ 120,https://tr.wikipedia.org/wiki/M%C3%96_120,1,MÖ 2. yüzyıl#1
MÖ 121,https://tr.wikipedia.org/wiki/M%C3%96_121,1,MÖ 2. yüzyıl#1
MÖ 122,https://tr.wikipedia.org/wiki/M%C3%96_122,1,MÖ 2. yüzyıl#1
MÖ 123,https://tr.wikipedia.org/wiki/M%C3%96_123,1,MÖ 2. yüzyıl#1
MÖ 124,https://tr.wikipedia.org/wiki/M%C3%96_124,1,MÖ 2. yüzyıl#1
MÖ 125,https://tr.wikipedia.org/wiki/M%C3%96_125,1,MÖ 2. yüzyıl#1
MÖ 126,https://tr.wikipedia.org/wiki/M%C3%96_126,1,MÖ 2. yüzyıl#1
MÖ 127,https://tr.wikipedia.org/wiki/M%C3%96_127,1,MÖ 2. yüzyıl#1
MÖ 128,https://tr.wikipedia.org/wiki/M%C3%96_128,1,MÖ 2. yüzyıl#1
MÖ 129,https://tr.wikipedia.org/wiki/M%C3%96_129,1,MÖ 2. yüzyıl#1
MÖ 130,https://tr.wikipedia.org/wiki/M%C3%96_130,1,MÖ 2. yüzyıl#1
MÖ 131,https://tr.wikipedia.org/wiki/M%C3%96_131,1,MÖ 2. yüzyıl#1
MÖ 132,https://tr.wikipedia.org/wiki/M%C3%96_132,1,MÖ 2. yüzyıl#1
MÖ 133,https://tr.wikipedia.org/wiki/M%C3%96_133,1,MÖ 2. yüzyıl#1
MÖ 134,https://tr.wikipedia.org/wiki/M%C3%96_134,1,MÖ 2. yüzyıl#1
MÖ 135,https://tr.wikipedia.org/wiki/M%C3%96_135,1,MÖ 2. yüzyıl#1
MÖ 136,https://tr.wikipedia.org/wiki/M%C3%96_136,1,MÖ 2. yüzyıl#1
MÖ 137,https://tr.wikipedia.org/wiki/M%C3%96_137,1,MÖ 2. yüzyıl#1
MÖ 138,https://tr.wikipedia.org/wiki/M%C3%96_138,1,MÖ 2. yüzyıl#1
MÖ 139,https://tr.wikipedia.org/wiki/M%C3%96_139,1,MÖ 2. yüzyıl#1
MÖ 140,https://tr.wikipedia.org/wiki/M%C3%96_140,1,MÖ 2. yüzyıl#1
MÖ 141,https://tr.wikipedia.org/wiki/M%C3%96_141,1,MÖ 2. yüzyıl#1
MÖ 142,https://tr.wikipedia.org/wiki/M%C3%96_142,1,MÖ 2. yüzyıl#1
MÖ 143,https://tr.wikipedia.org/wiki/M%C3%96_143,1,MÖ 2. yüzyıl#1
MÖ 144,https://tr.wikipedia.org/wiki/M%C3%96_144,1,MÖ 2. yüzyıl#1
MÖ 145,https://tr.wikipedia.org/wiki/M%C3%96_145,1,MÖ 2. yüzyıl#1
MÖ 146,https://tr.wikipedia.org/wiki/M%C3%96_146,1,MÖ 2. yüzyıl#1
MÖ 147,https://tr.wikipedia.org/wiki/M%C3%96_147,1,MÖ 2. yüzyıl#1
MÖ 148,https://tr.wikipedia.org/wiki/M%C3%96_148,1,MÖ 2. yüzyıl#1
MÖ 149,https://tr.wikipedia.org/wiki/M%C3%96_149,1,MÖ 2. yüzyıl#1
MÖ 150,https://tr.wikipedia.org/wiki/M%C3%96_150,1,MÖ 2. yüzyıl#1
MÖ 151,https://tr.wikipedia.org/wiki/M%C3%96_151,1,MÖ 2. yüzyıl#1
MÖ 152,https://tr.wikipedia.org/wiki/M%C3%96_152,1,MÖ 2. yüzyıl#1
MÖ 153,https://tr.wikipedia.org/wiki/M%C3%96_153,1,MÖ 2. yüzyıl#1
MÖ 154,https://tr.wikipedia.org/wiki/M%C3%96_154,1,MÖ 2. yüzyıl#1
MÖ 155,https://tr.wikipedia.org/wiki/M%C3%96_155,1,MÖ 2. yüzyıl#1
MÖ 156,https://tr.wikipedia.org/wiki/M%C3%96_156,1,MÖ 2. yüzyıl#1
MÖ 157,https://tr.wikipedia.org/wiki/M%C3%96_157,1,MÖ 2. yüzyıl#1
MÖ 158,https://tr.wikipedia.org/wiki/M%C3%96_158,1,MÖ 2. yüzyıl#1
MÖ 159,https://tr.wikipedia.org/wiki/M%C3%96_159,1,MÖ 2. yüzyıl#1
MÖ 160,https://tr.wikipedia.org/wiki/M%C3%96_160,1,MÖ 2. yüzyıl#1
MÖ 161,https://tr.wikipedia.org/wiki/M%C3%96_161,1,MÖ 2. yüzyıl#1
MÖ 162,https://tr.wikipedia.org/wiki/M%C3%96_162,1,MÖ 2. yüzyıl#1
MÖ 163,https://tr.wikipedia.org/wiki/M%C3%96_163,1,MÖ 2. yüzyıl#1
MÖ 164,https://tr.wikipedia.org/wiki/M%C3%96_164,1,MÖ 2. yüzyıl#1
MÖ 165,https://tr.wikipedia.org/wiki/M%C3%96_165,1,MÖ 2. yüzyıl#1
MÖ 166,https://tr.wikipedia.org/wiki/M%C3%96_166,1,MÖ 2. yüzyıl#1
MÖ 167,https://tr.wikipedia.org/wiki/M%C3%96_167,1,MÖ 2. yüzyıl#1
MÖ 168,https://tr.wikipedia.org/wiki/M%C3%96_168,1,MÖ 2. yüzyıl#1
MÖ 169,https://tr.wikipedia.org/wiki/M%C3%96_169,1,MÖ 2. yüzyıl#1
MÖ 170,https://tr.wikipedia.org/wiki/M%C3%96_170,1,MÖ 2. yüzyıl#1
MÖ 171,https://tr.wikipedia.org/wiki/M%C3%96_171,1,MÖ 2. yüzyıl#1
MÖ 172,https://tr.wikipedia.org/wiki/M%C3%96_172,1,MÖ 2. yüzyıl#1
MÖ 173,https://tr.wikipedia.org/wiki/M%C3%96_173,1,MÖ 2. yüzyıl#1
MÖ 174,https://tr.wikipedia.org/wiki/M%C3%96_174,1,MÖ 2. yüzyıl#1
MÖ 175,https://tr.wikipedia.org/wiki/M%C3%96_175,1,MÖ 2. yüzyıl#1
MÖ 176,https://tr.wikipedia.org/wiki/M%C3%96_176,1,MÖ 2. yüzyıl#1
MÖ 177,https://tr.wikipedia.org/wiki/M%C3%96_177,1,MÖ 2. yüzyıl#1
MÖ 178,https://tr.wikipedia.org/wiki/M%C3%96_178,1,MÖ 2. yüzyıl#1
MÖ 179,https://tr.wikipedia.org/wiki/M%C3%96_179,1,MÖ 2. yüzyıl#1
MÖ 180,https://tr.wikipedia.org/wiki/M%C3%96_180,1,MÖ 2. yüzyıl#1
MÖ 181,https://tr.wikipedia.org/wiki/M%C3%96_181,1,MÖ 2. yüzyıl#1
MÖ 182,https://tr.wikipedia.org/wiki/M%C3%96_182,1,MÖ 2. yüzyıl#1
MÖ 183,https://tr.wikipedia.org/wiki/M%C3%96_183,1,MÖ 2. yüzyıl#1
MÖ 184,https://tr.wikipedia.org/wiki/M%C3%96_184,1,MÖ 2. yüzyıl#1
MÖ 185,https://tr.wikipedia.org/wiki/M%C3%96_185,1,MÖ 2. yüzyıl#1
MÖ 186,https://tr.wikipedia.org/wiki/M%C3%96_186,1,MÖ 2. yüzyıl#1
MÖ 187,https://tr.wikipedia.org/wiki/M%C3%96_187,1,MÖ 2. yüzyıl#1
MÖ 188,https://tr.wikipedia.org/wiki/M%C3%96_188,1,MÖ 2. yüzyıl#1
MÖ 189,https://tr.wikipedia.org/wiki/M%C3%96_189,1,MÖ 2. yüzyıl#1
MÖ 190,https://tr.wikipedia.org/wiki/M%C3%96_190,1,MÖ 2. yüzyıl#1
MÖ 191,https://tr.wikipedia.org/wiki/M%C3%96_191,1,MÖ 2. yüzyıl#1
MÖ 192,https://tr.wikipedia.org/wiki/M%C3%96_192,1,MÖ 2. yüzyıl#1
MÖ 193,https://tr.wikipedia.org/wiki/M%C3%96_193,1,MÖ 2. yüzyıl#1
MÖ 194,https://tr.wikipedia.org/wiki/M%C3%96_194,1,MÖ 2. yüzyıl#1
MÖ 195,https://tr.wikipedia.org/wiki/M%C3%96_195,1,MÖ 2. yüzyıl#1
MÖ 196,https://tr.wikipedia.org/wiki/M%C3%96_196,1,MÖ 2. yüzyıl#1
MÖ 197,https://tr.wikipedia.org/wiki/M%C3%96_197,1,MÖ 2. yüzyıl#1
MÖ 198,https://tr.wikipedia.org/wiki/M%C3%96_198,1,MÖ 2. yüzyıl#1
MÖ 199,https://tr.wikipedia.org/wiki/M%C3%96_199,1,MÖ 2. yüzyıl#1
MÖ 2. yüzyılda,https://tr.wikipedia.org/wiki/M%C3%96_2._y%C3%BCzy%C4%B1l,5,Ankara#113;Antik Roma#146;Antik Roma#228;Antik Roma#31;Antik Roma#38
20,https://tr.wikipedia.org/wiki/M%C3%96_20,2,Augustus Tapınağı#1;Augustus Tapınağı#3
MÖ 25,https://tr.wikipedia.org/wiki/M%C3%96_25,2,Augustus Tapınağı#1;Augustus Tapınağı#3
MÖ 27,https://tr.wikipedia.org/wiki/M%C3%96_27,3,Antik Roma#230;Antik Roma#46;Antik Yunanistan#5
MÖ 281,https://tr.wikipedia.org/wiki/M%C3%96_281,1,Antik Roma#29
MÖ 3. yüzyıldan,https://tr.wikipedia.org/wiki/M%C3%96_3._y%C3%BCzy%C4%B1l,3,Antik Roma#142;Antik Roma#30;MÖ 2. yüzyıl#1
MÖ 31,https://tr.wikipedia.org/wiki/M%C3%96_31,1,Antik Roma#46
MÖ 323,https://tr.wikipedia.org/wiki/M%C3%96_323,1,Antik Yunanistan#19
MÖ 334,https://tr.wikipedia.org/wiki/M%C3%96_334,1,Farslar#23
diktatör U:(https://tr.wikipedia.org/wiki/Diktat%C3%B6r_(Roma))___ ilan edildi.  ___E:MÖ 44,https://tr.wikipedia.org/wiki/M%C3%96_44,1,Antik Roma#43
MÖ 4500,https://tr.wikipedia.org/wiki/M%C3%96_4500,1,Zeytinyağı#18
MÖ 509,https://tr.wikipedia.org/wiki/M%C3%96_509,1,Antik Roma#21
MÖ 6. yüzyıl,https://tr.wikipedia.org/wiki/M%C3%96_6._y%C3%BCzy%C4%B1l,1,Antik Roma#20
MÖ 657,https://tr.wikipedia.org/wiki/M%C3%96_657,1,Kimmerler#15
MÖ 696,https://tr.wikipedia.org/wiki/M%C3%96_696,1,Midas#1
MÖ 7. yüzyıl,https://tr.wikipedia.org/wiki/M%C3%96_7._y%C3%BCzy%C4%B1l,1,Antik Roma#19
MÖ 738,https://tr.wikipedia.org/wiki/M%C3%96_738,1,Midas#1
753,https://tr.wikipedia.org/wiki/M%C3%96_753,1,Antik Roma#9
MÖ 8. yüzyılda,https://tr.wikipedia.org/wiki/M%C3%96_8._y%C3%BCzy%C4%B1l,1,Antik Roma#19
MÖ 84,https://tr.wikipedia.org/wiki/M%C3%96_84,1,"Elmadağ, Ankara#32"
88,https://tr.wikipedia.org/wiki/M%C3%96_88,1,Antik Roma#174
MÖ 9. yüzyılda,https://tr.wikipedia.org/wiki/M%C3%96_9._y%C3%BCzy%C4%B1l,1,Antik Roma#1
MÖ 91,https://tr.wikipedia.org/wiki/M%C3%96_91,1,Antik Roma#174
Mâlvâ Sultanlığı,https://tr.wikipedia.org/wiki/M%C3%A2lv%C3%A2_Sultanl%C4%B1%C4%9F%C4%B1,7,Anadolu Selçuklu Devleti#2;Büyük Selçuklu İmparatorluğu#2;Germiyanoğulları Beyliği#2;Karamanoğulları Beyliği#27;Osmanlı İmparatorluğu#2;Selçuklu Hanedanı#2;Timur İmparatorluğu#2
Maveraünnehir,https://tr.wikipedia.org/wiki/M%C3%A2ver%C3%A2%C3%BCnnehir,16,Ankara Muharebesi#34;Ankara Muharebesi#4;Büyük Selçuklu İmparatorluğu#155;Büyük Selçuklu İmparatorluğu#23;Büyük Selçuklu İmparatorluğu#48;Osmanlı İmparatorluğu#86;Timur İmparatorluğu#10;Timur#174;Timur#18;Timur#21;Timur#50;Timur#56;Timur#69;Timur#70;Timur#73;Timur#74
Merida Tiyatrosu,https://tr.wikipedia.org/wiki/M%C3%A9rida,1,Augustus#364
Mîsâk-ı Millî,https://tr.wikipedia.org/wiki/M%C3%AEs%C3%A2k-%C4%B1_Mill%C3%AE,10,Anıtkabir#223;Lozan Antlaşması#16;Mustafa Kemal Atatürk#403;Mustafa Kemal Atatürk#663;Türk Kurtuluş Savaşı#107;Türk Kurtuluş Savaşı#13;Türk Kurtuluş Savaşı#165;Türk Kurtuluş Savaşı#200;Türk Kurtuluş Savaşı#201;Türkiye#100
Müşîr,https://tr.wikipedia.org/wiki/M%C3%BC%C5%9F%C3%AEr,3,Lozan Antlaşması#21;Mustafa Kemal Atatürk#496;Mustafa Kemal Atatürk#638
müşir,https://tr.wikipedia.org/wiki/M%C3%BC%C5%9Fir,1,Sakarya Meydan Muharebesi#47
müşterilerin,https://tr.wikipedia.org/wiki/M%C3%BC%C5%9Fteri,1,Ticaret#99
direniş gruplarına,https://tr.wikipedia.org/wiki/M%C3%BCd%C3%A2faa-i_hukuk_cemiyetleri,3,Cumhuriyet Halk Partisi#15;Cumhuriyet Halk Partisi#8;Mustafa Kemal Atatürk#299
müderris,https://tr.wikipedia.org/wiki/M%C3%BCderris,3,Osmanlı İmparatorluğu#171;Osmanlı İmparatorluğu#233;Osmanlı İmparatorluğu#649
Mühendishane-i Bahr-i Hümâyun,https://tr.wikipedia.org/wiki/M%C3%BChendishane-i_Bahr-i_H%C3%BCm%C3%A2yun,1,İstanbul#511
mühendislik,https://tr.wikipedia.org/wiki/M%C3%BChendislik,1,İnşaat#35
Mühr-ü Süleyman,https://tr.wikipedia.org/wiki/M%C3%BChr-%C3%BC_S%C3%BCleyman,1,Karamanoğulları Beyliği#24
Müjgân Cunbur,https://tr.wikipedia.org/wiki/M%C3%BCjg%C3%A2n_Cunbur,1,Mustafa Kemal Atatürk#48
Mükemmel ve Mufassal Aş Ustası,https://tr.wikipedia.org/wiki/M%C3%BCkemmel_ve_Mufassal_A%C5%9F_Ustas%C4%B1,1,Çorba#22
mülk,https://tr.wikipedia.org/wiki/M%C3%BClk,1,Ticaret#147
mültezim,https://tr.wikipedia.org/wiki/M%C3%BCltezim,2,Germiyanoğulları Beyliği#55;Osmanlı İmparatorluğu#226
Müneccimbaşı,https://tr.wikipedia.org/wiki/M%C3%BCneccimba%C5%9F%C4%B1_Ahmed_Dede,2,Ankara Muharebesi#110;Ankara Muharebesi#129
mürver,https://tr.wikipedia.org/wiki/M%C3%BCrver,1,Şarap#3
müsellemler,https://tr.wikipedia.org/wiki/M%C3%BCsellem,2,Osmanlı İmparatorluğu#348;Osmanlı İmparatorluğu#355
Müslüman,https://tr.wikipedia.org/wiki/M%C3%BCsl%C3%BCman,24,Ahilik#6;Anadolu#75;Anadolu#9;Antik Roma#61;Büyük Selçuklu İmparatorluğu#61;Farslar#13;Malazgirt Meydan Muharebesi#42;Malazgirt Meydan Muharebesi#80;Osmanlı İmparatorluğu#10;Osmanlı İmparatorluğu#344;Osmanlı İmparatorluğu#391;Osmanlı İmparatorluğu#421;Osmanlı İmparatorluğu#438;Osmanlı İmparatorluğu#440;Osmanlı İmparatorluğu#443;Osmanlı İmparatorluğu#58;Timur#16;Türkiye#17;Türkiye#4;Türkiye#60;Yeniden Refah Partisi#32;İstanbul#76;İzmir#101;İzmir#165
Müslüman Kardeşler,https://tr.wikipedia.org/wiki/M%C3%BCsl%C3%BCman_Karde%C5%9Fler,2,Adalet ve Kalkınma Partisi#123;Adalet ve Kalkınma Partisi#129
Müslüman halkın,https://tr.wikipedia.org/wiki/M%C3%BCsl%C3%BCman_Rumlar,1,Türkçe#40
İslamlaşma,https://tr.wikipedia.org/wiki/M%C3%BCsl%C3%BCmanla%C5%9Fma,3,Timur#20;Türkiye#6;Türkiye#61
Suriye ve Levant'ı sıkıca kontrol altında tutan,https://tr.wikipedia.org/wiki/M%C3%BCsl%C3%BCmanlar%C4%B1n_Levant%27%C4%B1_fethi,1,Bizans İmparatorluğu#103
Mütevekkil,https://tr.wikipedia.org/wiki/M%C3%BCtevekkil,1,MutasımCard#6
Müttefik,https://tr.wikipedia.org/wiki/M%C3%BCttefik_Devletler,2,Cumhuriyet Halk Partisi#39;Türkiye#109
Müyessiretü’l-Ulûm,https://tr.wikipedia.org/wiki/M%C3%BCyessiret%C3%BC%27l-Ul%C3%BBm,1,Türkçe#196
müze,https://tr.wikipedia.org/wiki/M%C3%BCze,7,Anadolu Medeniyetleri Müzesi#13;Ankara'daki müzeler listesi#1;Atatürk ve Kurtuluş Savaşı Müzesi#1;Mustafa Kemal Atatürk#872;Turizm#12;Ulucanlar Cezaevi Müzesi#2;İstanbul#354
müzik,https://tr.wikipedia.org/wiki/M%C3%BCzik,3,Antik Yunanistan#242;Osmanlı İmparatorluğu#530;İstanbul#465
müzik aleti,https://tr.wikipedia.org/wiki/M%C3%BCzik_aleti,1,Def#1
müzik kuramına,https://tr.wikipedia.org/wiki/M%C3%BCzik_kuram%C4%B1,1,Antik Roma#245
mıknatıs,https://tr.wikipedia.org/wiki/M%C4%B1knat%C4%B1s,1,İstanbul#404
Mısır,https://tr.wikipedia.org/wiki/M%C4%B1s%C4%B1r,42,Adalet ve Kalkınma Partisi#121;Ahameniş İmparatorluğu#268;Ahameniş İmparatorluğu#417;Ahameniş İmparatorluğu#92;Ankara Muharebesi#38;Antik Roma#128;Antik Roma#61;Antik Yunanistan#132;Antik Yunanistan#16;Antik Yunanistan#271;Antik Yunanistan#36;Antik Yunanistan#4;Antik Yunanistan#45;Anıtkabir#268;Asur#31;Augustus#188;Augustus#351;Augustus#98;Büyük Selçuklu İmparatorluğu#106;Caracalla#7;Demiryolu ulaşımı#17;Demiryolu ulaşımı#9;Hititler#33;Hititler#35;Lidyalılar#16;Midas#25;Midas#26;Mustafa Kemal Atatürk#108;Mustafa Kemal Atatürk#83;Osmanlı Hanedanı#27;Osmanlı İmparatorluğu#192;Osmanlı İmparatorluğu#193;Osmanlı İmparatorluğu#263;Osmanlı İmparatorluğu#428;Osmanlı İmparatorluğu#477;Tunç Çağı#9;Türkiye#187;İskender#14;İskender#178;İskender#229
Mısır Çarşısı,https://tr.wikipedia.org/wiki/M%C4%B1s%C4%B1r_%C3%87ar%C5%9F%C4%B1s%C4%B1,1,İstanbul#459
Mısır,https://tr.wikipedia.org/wiki/M%C4%B1s%C4%B1r_Hidivli%C4%9Fi,1,Meclis-i Mebûsan#7
Mısır,https://tr.wikipedia.org/wiki/M%C4%B1s%C4%B1rca,1,Hititler#107
Mısırlılar,https://tr.wikipedia.org/wiki/M%C4%B1s%C4%B1rl%C4%B1lar,2,Ahameniş İmparatorluğu#331;Ahameniş İmparatorluğu#419
mızrap,https://tr.wikipedia.org/wiki/M%C4%B1zrap,1,Bağlama#4
MTA,https://tr.wikipedia.org/wiki/MTA,1,Afşin#38
Music TV,https://tr.wikipedia.org/wiki/MTV,1,İstanbul#476
Maçka,https://tr.wikipedia.org/wiki/Ma%C3%A7ka,1,Karadeniz Bölgesi#48
duvarlarına çizilen resimler,https://tr.wikipedia.org/wiki/Ma%C4%9Fara_ressaml%C4%B1%C4%9F%C4%B1,1,Taş Devri#7
Maşat Höyük,https://tr.wikipedia.org/wiki/Ma%C5%9Fat_H%C3%B6y%C3%BCk,3,Anadolu#45;Frigler#77;Hititler#82
Macarca,https://tr.wikipedia.org/wiki/Macarca,3,Hint-Avrupa halkları#3;Osmanlı İmparatorluğu#434;Şarap#22
Macaristan,https://tr.wikipedia.org/wiki/Macaristan,5,Ankara tavşanı#15;I. Murad#45;Osmanlı İmparatorluğu#17;Osmanlı İmparatorluğu#225;İstanbul#573
Macaristan,https://tr.wikipedia.org/wiki/Macaristan_Krall%C4%B1%C4%9F%C4%B1,5,Ankara Muharebesi#235;Ankara Muharebesi#29;II. Murad#88;Osmanlı İmparatorluğu#160;Osmanlı İmparatorluğu#198
Macaristan,https://tr.wikipedia.org/wiki/Macaristan_mill%C3%AE_basketbol_tak%C4%B1m%C4%B1,1,Türkiye millî basketbol takımı#63
Macar,https://tr.wikipedia.org/wiki/Macarlar,4,Bizans İmparatorluğu#157;I. Murad#45;Kimmerler#28;Kimmerler#54
Macrinus,https://tr.wikipedia.org/wiki/Macrinus,4,Caracalla#16;CaracallaCard#3;Roma İmparatorluğu#250;Roma İmparatorluğu#257
Madımak,https://tr.wikipedia.org/wiki/Mad%C4%B1mak,2,Balâ#45;Çorum#26
madalyonlar,https://tr.wikipedia.org/wiki/Madalyon,1,Madenî para#29
Madeira,https://tr.wikipedia.org/wiki/Madeira,1,Osmanlı İmparatorluğu#15
maden,https://tr.wikipedia.org/wiki/Maden,5,Davul#2;Dicle#9;Maden Tetkik ve Arama Genel Müdürlüğü#3;Madenî para#1;İstanbul#290
sikke,https://tr.wikipedia.org/wiki/Maden%C3%AE_para,4,Ankara#42;I. Murad#5;II. Murad#11;Osmanlı İmparatorluğuCard#33
Maden mahallesinde,"https://tr.wikipedia.org/wiki/Maden,_Sar%C4%B1yer",1,İstanbul#291
Maden Çayı,https://tr.wikipedia.org/wiki/Maden_%C3%87ay%C4%B1,1,Dicle#9
Maden Tetkik ve Arama Genel Müdürlüğü,https://tr.wikipedia.org/wiki/Maden_Tetkik_ve_Arama_Genel_M%C3%BCd%C3%BCrl%C3%BC%C4%9F%C3%BC,5,Ankara#106;Mustafa Kemal Atatürk#23;Orta Doğu Teknik Üniversitesi#282;Orta Doğu Teknik Üniversitesi#360;Yumurtatepe Tümülüsü#3
madencilik,https://tr.wikipedia.org/wiki/Madencilik,4,Antik Roma#131;Büyük Selçuklu İmparatorluğu#228;Maden Tetkik ve Arama Genel Müdürlüğü#3;Türkiye#256
madeni paranın,https://tr.wikipedia.org/wiki/Madeni_para,3,Anadolu Selçuklu Devleti#179;Lidyalılar#18
magister derecesi,https://tr.wikipedia.org/wiki/Magister_derecesi,1,Üniversite#14
Magister militum,https://tr.wikipedia.org/wiki/Magister_militum,1,Roma İmparatorluğu#406
Maglaj,https://tr.wikipedia.org/wiki/Maglaj,1,"Çubuk, Ankara#61"
Magna Graecia,https://tr.wikipedia.org/wiki/Magna_Graecia,2,Herodot#2;Herodot#32
Magnentius,https://tr.wikipedia.org/wiki/Magnentius,1,Roma İmparatorluğu#307
Magnesia Savaşı'ndaki,https://tr.wikipedia.org/wiki/Magnesia_Muharebesi,1,Tektosaglar#17
Magnezyalılar,https://tr.wikipedia.org/wiki/Magnezya,1,Ahameniş İmparatorluğu#290
Magnus Maximus,https://tr.wikipedia.org/wiki/Magnus_Maximus,1,Roma İmparatorluğu#392
Mahaçkale,https://tr.wikipedia.org/wiki/Maha%C3%A7kale,1,Kafkasya#32
Mahabharata,https://tr.wikipedia.org/wiki/Mahabharata,1,Güreş#12
mahalleden,https://tr.wikipedia.org/wiki/Mahalle,3,"Polatlı#41;Yenimahalle#12;Çubuk, Ankara#52"
Mahatma Gandi,https://tr.wikipedia.org/wiki/Mahatma_Gandi,1,İslam devleti#37
mahlaslar,https://tr.wikipedia.org/wiki/Mahlas,1,Osmanlı İmparatorluğu#545
mahlep,https://tr.wikipedia.org/wiki/Mahlep,1,Orman#70
Seydi Mahmut Hayrani'nin türbesine,https://tr.wikipedia.org/wiki/Mahm%C3%BBd-%C4%B1_Hayr%C3%A2n%C3%AE_T%C3%BCrbesi,1,I. Bayezid#156
Mahmud Şevket Paşa,https://tr.wikipedia.org/wiki/Mahmud_%C5%9Eevket_Pa%C5%9Fa,3,Mustafa Kemal Atatürk#100;Mustafa Kemal Atatürk#91;Osmanlı İmparatorluğu#378
Mahmud Berzenci,https://tr.wikipedia.org/wiki/Mahmud_Berzenci,1,Türk Kurtuluş Savaşı#154
Mahmudiye,"https://tr.wikipedia.org/wiki/Mahmudiye,_Eski%C5%9Fehir",1,2014 Türkiye yerel seçimleri#33
Mahmut Akok,https://tr.wikipedia.org/wiki/Mahmut_Akok,1,Ankara Roma Hamamı#24
Mahmut Alınak,https://tr.wikipedia.org/wiki/Mahmut_Al%C4%B1nak,1,Ulucanlar Cezaevi Müzesi#10
Mahmut Esat Bozkurt,https://tr.wikipedia.org/wiki/Mahmut_Esat_Bozkurt,1,Mustafa Kemal Atatürk#823
Mahmut Ragıp Gazimihal,https://tr.wikipedia.org/wiki/Mahmut_Rag%C4%B1p_Gazimihal,1,Davul#5
Mahmutoğlan,https://tr.wikipedia.org/wiki/Mahmuto%C4%9Flan,2,Ankara Muharebesi#196;Ankara Muharebesi#21
Mahmutpaşa Çarşısı,https://tr.wikipedia.org/wiki/Mahmutpa%C5%9Fa_%C3%87ar%C5%9F%C4%B1s%C4%B1,1,İstanbul#459
mahsulü,https://tr.wikipedia.org/wiki/Mahsul,1,Ankara Muharebesi#90
Aşık Mahzuni Şerif,https://tr.wikipedia.org/wiki/Mahzuni_%C5%9Eerif,1,Afşin#6
Maison Carrée,https://tr.wikipedia.org/wiki/Maison_Carr%C3%A9e,1,Augustus#364
Makak maymun,https://tr.wikipedia.org/wiki/Makak_maymunu,1,Davul#77
makale,https://tr.wikipedia.org/wiki/Makale,1,Orta Doğu Teknik Üniversitesi#110
Makao,https://tr.wikipedia.org/wiki/Makao,1,İzmir#179
Makbule,https://tr.wikipedia.org/wiki/Makbule_Atadan,5,Mustafa Kemal Atatürk#286;Mustafa Kemal Atatürk#58;Mustafa Kemal Atatürk#644;Mustafa Kemal Atatürk#733;Mustafa Kemal Atatürk#783
Makedon Hanedanı,https://tr.wikipedia.org/wiki/Makedon_Hanedan%C4%B1,2,Bizans İmparatorluğu#138;Bizans İmparatorluğu#9
Makedon Rönesansı,https://tr.wikipedia.org/wiki/Makedon_R%C3%B6nesans%C4%B1,1,Bizans İmparatorluğu#9
Makedonca,https://tr.wikipedia.org/wiki/Makedonca,1,Türkçe#33
Makedon,https://tr.wikipedia.org/wiki/Makedonlar,1,Mustafa Kemal Atatürk#54
Makedonya,https://tr.wikipedia.org/wiki/Makedonya,7,Ahameniş İmparatorluğu#105;Bizans İmparatorluğu#113;Frigler#27;Midas#22;Pavlusçuluk#14;Tektosaglar#6;İskender#220
Maki,https://tr.wikipedia.org/wiki/Maki,2,Orman#47;Türkiye#236
makine,https://tr.wikipedia.org/wiki/Makine,2,Mustafa Kemal Atatürk#24;İstanbul#256
Makine Mühendisliği,https://tr.wikipedia.org/wiki/Makine_m%C3%BChendisli%C4%9Fi,1,Orta Doğu Teknik Üniversitesi#11
makine,https://tr.wikipedia.org/wiki/Makine_sanayi,2,Türkiye#256;İstanbul#274
MKE,https://tr.wikipedia.org/wiki/Makine_ve_Kimya_End%C3%BCstrisi,2,Atatürk Orman Çiftliği#12;Türkiye#301
Makineli silahlar,https://tr.wikipedia.org/wiki/Makineli_silah,1,Orta Doğu Teknik Üniversitesi#268
Makrîzî,https://tr.wikipedia.org/wiki/Makr%C3%AEz%C3%AE,1,Ankara Muharebesi#113
makroekonomi,https://tr.wikipedia.org/wiki/Makroekonomi,1,Türkiye#266
Makronlar,https://tr.wikipedia.org/wiki/Makronlar,1,Ahameniş İmparatorluğu#290
malların,https://tr.wikipedia.org/wiki/Mal,1,Ticaret#1
Malatya,https://tr.wikipedia.org/wiki/Malatya,21,2014 Türkiye yerel seçimleri#21;Anadolu Medeniyetleri Müzesi#19;Ankara Muharebesi#30;Ankara Muharebesi#4;At#79;Bizans İmparatorluğu#119;Bizans İmparatorluğu#150;Bizans İmparatorluğu#247;Dânişmend Gazi#11;Fırat#3;Germiyanoğulları Beyliği#11;Germiyanoğulları Beyliği#19;Hititler#158;Kimmerler#8;Milliyetçi Hareket Partisi#47;Mutasım#51;Osmanlı İmparatorluğu#95;Sivas#2;Timur#255;Timur#275;Yeniden Refah Partisi#24
Malatya,https://tr.wikipedia.org/wiki/Malatya_B%C3%BCy%C3%BCk%C5%9Fehir_Belediyesi,1,Büyükşehir belediyesi#18
Malazgirt,https://tr.wikipedia.org/wiki/Malazgirt,9,Anadolu Selçuklu Devleti#16;Galatlar#17;Konya#25;Malazgirt Meydan Muharebesi#103;Malazgirt Meydan Muharebesi#27;Malazgirt Meydan Muharebesi#30;Malazgirt Meydan Muharebesi#4;Malazgirt Meydan Muharebesi#89;Malazgirt Meydan Muharebesi#9
Malazgirt Meydan Muharebesi,https://tr.wikipedia.org/wiki/Malazgirt_Meydan_Muharebesi,16,Anadolu Selçuklu Devleti#16;Anadolu#9;Ankara#55;Antik Roma#64;Artuk Bey#5;Bizans İmparatorluğu#10;Bizans İmparatorluğu#211;Büyük Selçuklu İmparatorluğu#63;Kalecik#4;Kayseri#22;Konya#25;Kızılcahamam#6;Osmanlı İmparatorluğu#82;Sivas#19;Türkiye#6;Türkiye#61
Malazgirt Savaşı,https://tr.wikipedia.org/wiki/Malazgirt_Sava%C5%9F%C4%B1,4,Afşin#16;Dânişmend Gazi#11;Dânişmend Gazi#3;Galatlar#17
Malazgirt Zaferi,https://tr.wikipedia.org/wiki/Malazgirt_Zaferi,1,Güdül#7
Malezya'da,https://tr.wikipedia.org/wiki/Malezya,1,2010 FIBA Dünya Basketbol Şampiyonası#4
Malgaç,https://tr.wikipedia.org/wiki/Malga%C3%A7_Bask%C4%B1n%C4%B1,1,Türk Kurtuluş Savaşı Batı Cephesi#10
Maliye Nezareti,https://tr.wikipedia.org/wiki/Maliye_Nez%C3%A2reti,1,Madenî para#90
Malkara,https://tr.wikipedia.org/wiki/Malkara,2,I. Murad#23;I. Murad#40
Malolaktik fermentasyon,https://tr.wikipedia.org/wiki/Malolaktik_fermantasyon,1,Şarap#98
maltlanması,https://tr.wikipedia.org/wiki/Malt,1,Şarap#73
Malta,https://tr.wikipedia.org/wiki/Malta,2,Bizans İmparatorluğu#143;Türkiye#254
Malta kuşatıldı,https://tr.wikipedia.org/wiki/Malta_Ku%C5%9Fatmas%C4%B1,2,Osmanlı İmparatorluğu#201;Osmanlı İmparatorluğu#366
Malta'ya sürülecekti,https://tr.wikipedia.org/wiki/Malta_s%C3%BCrg%C3%BCnleri,1,Mustafa Kemal Atatürk#407
Maltepe,https://tr.wikipedia.org/wiki/Maltepe,1,Gazi Üniversitesi#81
Maltepe,"https://tr.wikipedia.org/wiki/Maltepe,_Divri%C4%9Fi",1,Sivas#7
malzemelerin,https://tr.wikipedia.org/wiki/Malzeme_bilimi,1,Teknoloji#11
Mamak,https://tr.wikipedia.org/wiki/Mamak,1,"Elmadağ, Ankara#3"
Mamuşa,https://tr.wikipedia.org/wiki/Mamu%C5%9Fa_Belediyesi,1,Türkçe#33
mamut,https://tr.wikipedia.org/wiki/Mamut,1,Eski Taş Çağı#13
Manş Denizi,https://tr.wikipedia.org/wiki/Man%C5%9F_Denizi,1,İstanbul#614
Manastır,"https://tr.wikipedia.org/wiki/Manast%C4%B1r,_Kuzey_Makedonya",2,I. Murad#83;Mustafa Kemal Atatürk#47
Manastır Askerî İdadisine,https://tr.wikipedia.org/wiki/Manast%C4%B1r_Asker%C3%AE_%C4%B0dadisi,1,Mustafa Kemal Atatürk#70
Manav,https://tr.wikipedia.org/wiki/Manavlar,1,Anadolu#72
Manchester City,https://tr.wikipedia.org/wiki/Manchester_City_FC,1,İstanbul#481
Mandıracılık,https://tr.wikipedia.org/wiki/Mand%C4%B1rac%C4%B1l%C4%B1k,1,Hayvancılık#5
mandacılık,https://tr.wikipedia.org/wiki/Manda,1,Hayvancılık#4
"kaime U:(https://tr.wikipedia.org/wiki/Kaime_(para))___ , ___E:mangır",https://tr.wikipedia.org/wiki/Mang%C4%B1r,1,Osmanlı İmparatorluğuCard#33
mangalın,https://tr.wikipedia.org/wiki/Mangal,1,Tandır#10
manganezdir,https://tr.wikipedia.org/wiki/Manganez,1,İstanbul#293
mangonel,https://tr.wikipedia.org/wiki/Mangonel,1,Ahameniş İmparatorluğu#343
Mangrov,https://tr.wikipedia.org/wiki/Mangrov,1,Orman#18
manifestonun,https://tr.wikipedia.org/wiki/Manifesto,1,Orta Doğu Teknik Üniversitesi#260
Maniheist,https://tr.wikipedia.org/wiki/Maniheizm,1,Türkçe#118
Manisa,https://tr.wikipedia.org/wiki/Manisa,16,Germiyanoğulları Beyliği#45;II. Murad#195;II. Murad#218;II. Murad#222;Milliyetçi Hareket Partisi#56;Milliyetçi Hareket Partisi#59;Milliyetçi Hareket Partisi#73;Milliyetçi Hareket Partisi#76;Osmanlı İmparatorluğu#158;Süper Kupa#21;Timur#465;Türk Kurtuluş Savaşı Batı Cephesi#10;Türkiye Büyük Millet Meclisi#67;Yeniden Refah Partisi#25;Zeytinyağı#124;İzmir#167
Manisa,https://tr.wikipedia.org/wiki/Manisa_B%C3%BCy%C3%BCk%C5%9Fehir_Belediyesi,2,Büyükşehir belediyesi#18;Cumhuriyet Halk Partisi#110
Manna,https://tr.wikipedia.org/wiki/Manna_Krall%C4%B1%C4%9F%C4%B1,1,Medler#15
Mansur Yavaş,https://tr.wikipedia.org/wiki/Mansur_Yava%C5%9F,6,2024 Türkiye yerel seçimleri#7;Ankara Büyükşehir Belediyesi#1;Ankara Büyükşehir BelediyesiCard#5;Ankara#199;AnkaraCard#7;Cumhuriyet Halk Partisi#104
Mantı,https://tr.wikipedia.org/wiki/Mant%C4%B1,1,Balâ#45
mantık,https://tr.wikipedia.org/wiki/Mant%C4%B1k,1,İskender#47
mantarlar,https://tr.wikipedia.org/wiki/Mantar,1,Gıda#2
mantar meşesi,https://tr.wikipedia.org/wiki/Mantar_me%C5%9Fesi,1,Orman#45
mantarlar,https://tr.wikipedia.org/wiki/Mantarlar,1,Orman#1
Mani Yarımadası,https://tr.wikipedia.org/wiki/Manya_Burnu,1,Bizans İmparatorluğu#334
Maraş Aslanı,https://tr.wikipedia.org/wiki/Mara%C5%9F_Aslan%C4%B1,2,Anıtkabir#174;Hititler#213
marangozluk,https://tr.wikipedia.org/wiki/Marangozluk,1,Frigler#125
Maraton,https://tr.wikipedia.org/wiki/Maraton,2,Atletizm#21;Atletizm#77
Maraton,https://tr.wikipedia.org/wiki/Maraton_Muharebesi,1,Herodot#4
Maraton Savaşı,https://tr.wikipedia.org/wiki/Maraton_Sava%C5%9F%C4%B1,1,Antik Yunanistan#57
Marcellus Tiyatrosu,https://tr.wikipedia.org/wiki/Marcellus_Tiyatrosu,1,Augustus#361
Marcianus,https://tr.wikipedia.org/wiki/Marcianus,1,Bizans İmparatorluğu#54
Marco Polo,https://tr.wikipedia.org/wiki/Marco_Polo,1,Osmanlı İmparatorluğu#87
Marcus Aemilius Lepidus,https://tr.wikipedia.org/wiki/Marcus_Aemilius_Lepidus,4,Antik Roma#44;Augustus#4;Augustus#81;Roma İmparatorluğu#58
Marcus Antonius,https://tr.wikipedia.org/wiki/Marcus_Antonius,6,Antik Roma#44;Augustus#4;Augustus#50;Augustus#58;Roma İmparatorluğu#163;Roma İmparatorluğu#59
Marcus Aurelius,https://tr.wikipedia.org/wiki/Marcus_Aurelius,6,Bizans İmparatorluğu#244;Caracalla#2;Güreş#16;Septimius Severus#1;Septimius Severus#15;İzmir#69
Brutus,https://tr.wikipedia.org/wiki/Marcus_Junius_Brutus,2,Augustus#85;Augustus#94
Crassus,https://tr.wikipedia.org/wiki/Marcus_Licinius_Crassus,3,Antik Roma#41;Augustus#254;Augustus#83
Velleius Paterculus,https://tr.wikipedia.org/wiki/Marcus_Velleius_Paterculus,1,Augustus#42
Marcus Agrippa,https://tr.wikipedia.org/wiki/Marcus_Vipsanius_Agrippa,2,Augustus#281;Augustus#96
Mardin,https://tr.wikipedia.org/wiki/Mardin,6,2014 Türkiye yerel seçimleri#21;Ankara Muharebesi#49;Dicle#11;Timur#203;Türkiye#320;İzmir#167
Mardin,https://tr.wikipedia.org/wiki/Mardin_B%C3%BCy%C3%BCk%C5%9Fehir_Belediyesi,1,Büyükşehir belediyesi#18
Marduk,https://tr.wikipedia.org/wiki/Marduk,4,Ahameniş İmparatorluğu#42;II. Kiros#120;II. Kiros#196;II. Kiros#256
Sovyet arkeologları,https://tr.wikipedia.org/wiki/Marksist_arkeoloji,1,Kimmerler#89
Marmara Üniversitesi,https://tr.wikipedia.org/wiki/Marmara_%C3%9Cniversitesi,1,İstanbul#493
Marmara Bölgesi,https://tr.wikipedia.org/wiki/Marmara_B%C3%B6lgesi,7,Anadolu Selçuklu Devleti#18;Karadeniz Bölgesi#2;Karadeniz Bölgesi#53;Türkiye#218;Türkiye#239;Türkiye#375;İstanbulCard#2
Marmara Denizi,https://tr.wikipedia.org/wiki/Marmara_Denizi,23,Anadolu Selçuklu Devleti#48;Anadolu Selçuklu Devleti#50;Anadolu#20;Antik Yunanistan#35;Gordion#30;II. Murad#188;Osmanlı İmparatorluğu#377;Sakarya Nehri#30;Türkiye#206;Türkiye#212;Türkiye#239;Türkiye#3;İstanbul#10;İstanbul#100;İstanbul#21;İstanbul#3;İstanbul#322;İstanbul#327;İstanbul#349;İstanbul#358;İstanbul#453;İstanbul#467;İstanbul#89
Marmaraereğlisi,https://tr.wikipedia.org/wiki/Marmaraere%C4%9Flisi,2,2024 Türkiye yerel seçimleri#116;İstanbul#89
Marmaray,https://tr.wikipedia.org/wiki/Marmaray,2,İstanbul#56;İstanbul#613
Marmaray Tüneli,https://tr.wikipedia.org/wiki/Marmaray_T%C3%BCneli,1,Türkiye#287
Marshall Adaları,https://tr.wikipedia.org/wiki/Marshall_Adalar%C4%B1,1,Türkiye#254
Marshall Planı,https://tr.wikipedia.org/wiki/Marshall_Plan%C4%B1,2,Türkiye#111;Türkiye'de tarım#16
Marsilya,https://tr.wikipedia.org/wiki/Marsilya,2,Antik Yunanistan#37;Ticaret#57
martılar,https://tr.wikipedia.org/wiki/Mart%C4%B1,1,İstanbul#183
Martin van Bruinessen,https://tr.wikipedia.org/wiki/Martin_van_Bruinessen,1,Medler#107
masallar,https://tr.wikipedia.org/wiki/Masal,1,Tandır#16
Maslak,https://tr.wikipedia.org/wiki/Maslak,3,İstanbul#215;İstanbul#262;İstanbul#475
Farmason,https://tr.wikipedia.org/wiki/Masonluk,2,Mustafa Kemal Atatürk#819;Mustafa Kemal Atatürk#823
Massachusetts,https://tr.wikipedia.org/wiki/Massachusetts,1,Voleybol#20
Massachusetts Teknoloji Enstitüsü,https://tr.wikipedia.org/wiki/Massachusetts_Teknoloji_Enstit%C3%BCs%C3%BC,1,Orta Doğu Teknik Üniversitesi#49
Massagetler,https://tr.wikipedia.org/wiki/Massagetler,3,II. Kiros#126;II. Kiros#127;II. Kiros#5
matbaayı,https://tr.wikipedia.org/wiki/Matbaa,1,İstanbul#80
matbaa,https://tr.wikipedia.org/wiki/Matbaac%C4%B1l%C4%B1k,2,Osmanlı İmparatorluğu#236;Türkçe#127
matematik,https://tr.wikipedia.org/wiki/Matematik,2,Bizans İmparatorluğu#367;Bizans İmparatorluğu#372
matematikçi,https://tr.wikipedia.org/wiki/Matematik%C3%A7i,1,Osmanlı İmparatorluğu#648
"Miletli İsidoros U:(https://tr.wikipedia.org/wiki/%C4%B0sidoros_(matematik%C3%A7i))___ , 530 yılı civarında Arşimet'in çalışmalarını ilk defa derleyerek bir geleneğin işaretlerini verdi. ___E:Matematikçi Leo",https://tr.wikipedia.org/wiki/Matematik%C3%A7i_Leo,1,Bizans İmparatorluğu#365
Matheos Kantakuzinos,https://tr.wikipedia.org/wiki/Matheos,1,Osmanlı İmparatorluğu#122
Matieni,https://tr.wikipedia.org/wiki/Matieni,1,Ahameniş İmparatorluğu#290
Mauricius,https://tr.wikipedia.org/wiki/Mauricius,4,Afşin#8;Bizans İmparatorluğu#6;Bizans İmparatorluğu#85;Bizans İmparatorluğuCard#12
seferleri,https://tr.wikipedia.org/wiki/Mauricius%27un_Balkan_seferleri,1,Bizans İmparatorluğu#88
"Fenerbahçe U:(https://tr.wikipedia.org/wiki/Fenerbah%C3%A7e_(futbol_tak%C4%B1m%C4%B1))___ , maçın yeniden ertelenmesi talebinin kabul edilmemesine tepki olarak maça U19 takımıyla çıktı. ___E:Mauro Icardi",https://tr.wikipedia.org/wiki/Mauro_Icardi,1,Süper Kupa#29
Mauser,https://tr.wikipedia.org/wiki/Mauser,1,Kurtuluş Savaşı Müzesi#33
Mausoleion,https://tr.wikipedia.org/wiki/Mausoleion,1,Antik Yunanistan#274
Maveraünnehir,https://tr.wikipedia.org/wiki/Mavera%C3%BCnnehir,2,Mutasım#71;Timur İmparatorluğu#31
mavi,https://tr.wikipedia.org/wiki/Mavi,1,Otoyol#19
Mavi Bayraklı plaja,https://tr.wikipedia.org/wiki/Mavi_Bayrak,1,Türkiye#276
Mavrova ve Rostuşa Belediyesi,https://tr.wikipedia.org/wiki/Mavrova_ve_Rostu%C5%9Fa_Belediyesi,1,Türkçe#33
Max Müller,https://tr.wikipedia.org/wiki/Max_M%C3%BCller,2,Hititler#260;Hititler#36
Maxentius,https://tr.wikipedia.org/wiki/Maxentius,2,Augustus#325;Roma İmparatorluğu#295
Maximianus,https://tr.wikipedia.org/wiki/Maximianus,1,Roma İmparatorluğu#280
maya,https://tr.wikipedia.org/wiki/Maya,2,Gıda#38;Kete#13
Maykop kültürü,https://tr.wikipedia.org/wiki/Maykop_k%C3%BClt%C3%BCr%C3%BC,1,Hititler#47
Maymun,https://tr.wikipedia.org/wiki/Maymun,1,Orman#40
mazı,https://tr.wikipedia.org/wiki/Maz%C4%B1,1,Orman#70
mazbatasını,https://tr.wikipedia.org/wiki/Mazbata,1,Ankara Büyükşehir Belediyesi#1
Mazhar Müfit,https://tr.wikipedia.org/wiki/Mazhar_M%C3%BCfit_Kansu,1,Mustafa Kemal Atatürk#365
Mazul Kemeri,https://tr.wikipedia.org/wiki/Mazul_Kemeri,1,İstanbul#525
meşe,https://tr.wikipedia.org/wiki/Me%C5%9Fe,4,Anıtkabir#129;Orman#54;Orta Doğu Teknik Üniversitesi#142;İstanbul#166
Meşeli yaylası,https://tr.wikipedia.org/wiki/Me%C5%9Feli_Yaylas%C4%B1,1,"Çubuk, Ankara#49"
Parlamenter monarşi,https://tr.wikipedia.org/wiki/Me%C5%9Frutiyet,7,HititlerCard#4;Mustafa Kemal Atatürk#86;Mustafa Kemal Atatürk#91;Osmanlı İmparatorluğu#278;Osmanlı İmparatorluğu#299;Osmanlı İmparatorluğu#314;Türkiye'de cumhuriyetin ilanı#10
Mebusevleri,https://tr.wikipedia.org/wiki/Mebusevleri,1,Anıtkabir#103
Mecelle kaldırılarak,https://tr.wikipedia.org/wiki/Mecellenin_Kald%C4%B1r%C4%B1lmas%C4%B1,1,Mustafa Kemal Atatürk#15
Mecidiyeler,https://tr.wikipedia.org/wiki/Mecidiye,1,Madenî para#89
Mecidiyeköy,https://tr.wikipedia.org/wiki/Mecidiyek%C3%B6y,2,İstanbul#215;İstanbul#447
Mecitözü,https://tr.wikipedia.org/wiki/Mecit%C3%B6z%C3%BC,1,Çorum#8
Meclis-i Ayan,https://tr.wikipedia.org/wiki/Meclis-i_%C3%82yan,3,Meclis-i Mebûsan#2;Türkiye Büyük Millet Meclisi#50;Türkiye Büyük Millet MeclisiCard#4
Meclis-i Mebûsan,https://tr.wikipedia.org/wiki/Meclis-i_Meb%C3%BBsan,13,Ankara#62;Heyet-i Temsiliye#8;Kurtuluş Savaşı Müzesi#6;Mustafa Kemal Atatürk#389;Mustafa Kemal Atatürk#403;Osmanlı İmparatorluğu#278;Osmanlı İmparatorluğu#294;Türk Kurtuluş Savaşı#101;Türkiye Büyük Millet Meclisi#3;Türkiye Büyük Millet Meclisi#50;Türkiye Büyük Millet MeclisiCard#4;Türkiye#13;Türkiye'de cumhuriyetin ilanı#13
3. Meclis-i Mebûsan,https://tr.wikipedia.org/wiki/Meclis-i_Meb%C3%BBsan_3._d%C3%B6nem_mebuslar%C4%B1_listesi,1,Türkiye Büyük Millet Meclisi#55
6. Meclis-i Mebûsan,https://tr.wikipedia.org/wiki/Meclis-i_Meb%C3%BBsan_6._d%C3%B6nem_mebuslar%C4%B1_listesi,1,Türkiye Büyük Millet Meclisi#58
Meclis-i Umumi,https://tr.wikipedia.org/wiki/Meclis-i_Um%C3%BBm%C3%AE,3,Meclis-i Mebûsan#2;Türkiye Büyük Millet Meclisi#50;Türkiye Büyük Millet MeclisiCard#4
meclis hükûmeti,https://tr.wikipedia.org/wiki/Meclis_h%C3%BCk%C3%BBmeti,1,Türkiye'de cumhuriyetin ilanı#8
med,https://tr.wikipedia.org/wiki/Med,1,Orman#20
Medler,https://tr.wikipedia.org/wiki/Med_%C4%B0mparatorlu%C4%9Fu,1,Çorum#12
Med dili,https://tr.wikipedia.org/wiki/Medce,6,Medler#1;Medler#113;Medler#99;MedlerCard#2;MedlerCard#3
Medea,https://tr.wikipedia.org/wiki/Medea,2,Herodot#61;Medler#93
medeniyetlerine,https://tr.wikipedia.org/wiki/Medeniyet,1,Batı dünyası#1
Medine,https://tr.wikipedia.org/wiki/Medine,2,Osmanlı İmparatorluğu#510;İslam devleti#20
İslam Devleti,https://tr.wikipedia.org/wiki/Medine_%C4%B0slam_Devleti,2,Osmanlı İmparatorluğu#342;Osmanlı İmparatorluğu#345
Medine Sözleşmesi,https://tr.wikipedia.org/wiki/Medine_S%C3%B6zle%C5%9Fmesi,1,İslam devleti#12
Medler,https://tr.wikipedia.org/wiki/Medler,15,Ahameniş İmparatorluğu#290;Ahameniş İmparatorluğu#308;Ahameniş İmparatorluğu#419;Ankara#44;Asur#33;Asur#46;Farslar#19;Frigler#68;II. Kiros#1;II. Kiros#63;II. Kiros#73;Kimmerler#63;Kızılırmak#48;Sivas#15;Türkiye#42
medrese,https://tr.wikipedia.org/wiki/Medrese,4,Ayaş#5;Büyük Selçuklu İmparatorluğu#210;Büyük Selçuklu İmparatorluğu#221;Üniversite#35
medreseler,https://tr.wikipedia.org/wiki/Medreseler,1,I. Murad#12
medya,https://tr.wikipedia.org/wiki/Medya,1,Adalet ve Kalkınma Partisi#102
Med İmparatorluğu,https://tr.wikipedia.org/wiki/Medya_Devleti,2,Ahameniş İmparatorluğu#5;II. Kiros#63
Megali İdea,https://tr.wikipedia.org/wiki/Megali_%C4%B0dea,2,Türk Kurtuluş Savaşı Batı Cephesi#1033;Türk Kurtuluş Savaşı#17
Megalopolis,https://tr.wikipedia.org/wiki/Megalopolis,1,Antik Yunanistan#139
Megara,https://tr.wikipedia.org/wiki/Megara,3,Türkiye#46;İstanbul#39;İstanbul#59
Mehmetçik,https://tr.wikipedia.org/wiki/Mehmet%C3%A7ik,1,Anıtkabir#196
Mehmet Akif Ersoy,https://tr.wikipedia.org/wiki/Mehmet_%C3%82kif_Ersoy,2,Kurtuluş Savaşı Müzesi#29;Mehmet Akif Ersoy Müze Evi#1
Taceddin Dergâhı,https://tr.wikipedia.org/wiki/Mehmet_Akif_Ersoy_M%C3%BCze_Evi,2,Ankara#104;Kurtuluş Savaşı Müzesi#30
Mehmet Ali Şahin,https://tr.wikipedia.org/wiki/Mehmet_Ali_%C5%9Eahin,1,Adalet ve Kalkınma Partisi#54
Mehmet Ali Handan,https://tr.wikipedia.org/wiki/Mehmet_Ali_Handan,1,Anıtkabir#31
Mehmet Ali Yalım,https://tr.wikipedia.org/wiki/Mehmet_Ali_Yal%C4%B1m,4,Türkiye millî basketbol takımı#101;Türkiye millî basketbol takımı#103;Türkiye millî basketbol takımı#105;Türkiye millî basketbol takımı#99
Mehmet Baturalp,https://tr.wikipedia.org/wiki/Mehmet_Baturalp,8,Türkiye millî basketbol takımı#107;Türkiye millî basketbol takımı#109;Türkiye millî basketbol takımı#111;Türkiye millî basketbol takımı#113;Türkiye millî basketbol takımı#118;Türkiye millî basketbol takımı#120;Türkiye millî basketbol takımı#122;Türkiye millî basketbol takımı#25
Mehmet Döğüşken,https://tr.wikipedia.org/wiki/Mehmet_D%C3%B6%C4%9F%C3%BC%C5%9Fken,1,Türkiye millî basketbol takımı#124
Mehmet Erenler,https://tr.wikipedia.org/wiki/Mehmet_Erenler,1,Divan sazı#4
Mehmet Esat Paşa,https://tr.wikipedia.org/wiki/Mehmet_Esat_B%C3%BClkat,1,Mustafa Kemal Atatürk#207
Mehmet Kâmil Berk,https://tr.wikipedia.org/wiki/Mehmet_K%C3%A2mil_Berk,1,Mustafa Kemal Atatürk#729
Mehmet Okur,https://tr.wikipedia.org/wiki/Mehmet_Okur,7,Türkiye millî basketbol takımı#134;Türkiye millî basketbol takımı#136;Türkiye millî basketbol takımı#138;Türkiye millî basketbol takımı#140;Türkiye millî basketbol takımı#142;Türkiye millî basketbol takımı#146;Türkiye millî basketbol takımı#6
Mehmet Pamak,https://tr.wikipedia.org/wiki/Mehmet_Pamak,1,Milliyetçi Hareket Partisi#38
Rüştü Bey,https://tr.wikipedia.org/wiki/Mehmet_R%C3%BC%C5%9Ft%C3%BC_Sakarya,1,Sakarya Meydan Muharebesi#47
Mehmet Rüştü Tiryaki,https://tr.wikipedia.org/wiki/Mehmet_R%C3%BC%C5%9Ft%C3%BC_Tiryaki,1,2024 Türkiye yerel seçimleri#65
Sabit Bey,https://tr.wikipedia.org/wiki/Mehmet_Sabit_Sa%C4%9F%C4%B1ro%C4%9Flu,1,Türkiye'de cumhuriyetin ilanı#25
Mehmet Sevigen,https://tr.wikipedia.org/wiki/Mehmet_Sevigen,1,2024 Türkiye yerel seçimleri#114
mehter,https://tr.wikipedia.org/wiki/Mehter,2,Osmanlı İmparatorluğu#586;Osmanlı İmparatorluğu#590
Mekke,https://tr.wikipedia.org/wiki/Mekke,5,Anıtkabir#304;Milliyetçi Hareket Partisi#31;İslam devleti#17;İslam devleti#27;İslam devleti#28
Mekke şerîfi,https://tr.wikipedia.org/wiki/Mekke_%C5%9Eerifli%C4%9Fi,1,Büyük Selçuklu İmparatorluğu#62
Mekrân,https://tr.wikipedia.org/wiki/Mekran,1,Büyük Selçuklu İmparatorluğu#48
"aynı adı taşıyan başkentinde U:(https://tr.wikipedia.org/wiki/Guatemala_(%C5%9Fehir))___ , ___E:Meksika",https://tr.wikipedia.org/wiki/Meksika,1,Mustafa Kemal Atatürk#845
Meksiko,https://tr.wikipedia.org/wiki/Meksiko,2,Mustafa Kemal Atatürk#845;İstanbul#629
Melceü’t-Tabbâhîn,https://tr.wikipedia.org/wiki/Melce%C3%BC%E2%80%99t-Tabb%C3%A2h%C3%AEn,2,Krep#7;Çorba#16
Meles Çayı,https://tr.wikipedia.org/wiki/Meles_%C3%87ay%C4%B1,1,İzmir#22
melez,https://tr.wikipedia.org/wiki/Melez,1,At#60
melez bir dövüş sanatı,https://tr.wikipedia.org/wiki/Melez_d%C3%B6v%C3%BC%C5%9F_sanatlar%C4%B1,1,Judo#2
Arslantepe,https://tr.wikipedia.org/wiki/Melid,1,Hititler#161
Melih Erçin,https://tr.wikipedia.org/wiki/Melih_Er%C3%A7in,1,Türkiye millî basketbol takımı#124
Melih Gökçek,https://tr.wikipedia.org/wiki/Melih_G%C3%B6k%C3%A7ek,4,Ankara Büyükşehir Belediyesi#6;Mansur Yavaş#12;Mansur Yavaş#3;Orta Doğu Teknik Üniversitesi#175
Melih Mahmutoğlu,https://tr.wikipedia.org/wiki/Melih_Mahmuto%C4%9Flu,1,Türkiye millî basketbol takımı#152
Melik,https://tr.wikipedia.org/wiki/Melik,2,Artuk Bey#17;Büyük Selçuklu İmparatorluğu#166
Melikşah,"https://tr.wikipedia.org/wiki/Melik%C5%9Fah,_%C3%87ubuk",2,Ankara Muharebesi#107;Ankara Muharebesi#139
Melikşah Köyü Taş Hamamı,https://tr.wikipedia.org/wiki/Melik%C5%9Fah_K%C3%B6y%C3%BC_Ta%C5%9F_Hamam%C4%B1,1,"Çubuk, Ankara#24"
Melik Gazi,https://tr.wikipedia.org/wiki/Melik_Gazi,1,Dânişmend Gazi#22
Melikgazi,https://tr.wikipedia.org/wiki/Melikgazi,1,Kayseri#39
Melikgazi Türbesi,https://tr.wikipedia.org/wiki/Melikgazi_T%C3%BCrbesi,1,Dânişmend Gazi#16
Memduh Şevket Esendal,https://tr.wikipedia.org/wiki/Memduh_%C5%9Eevket_Esendal,2,Kurtuluş Savaşı Müzesi#4;Türkiye Büyük Millet Meclisi#131
Memduh Büyükkılıç,https://tr.wikipedia.org/wiki/Memduh_B%C3%BCy%C3%BCkk%C4%B1l%C4%B1%C3%A7,1,KayseriCard#4
memeli,https://tr.wikipedia.org/wiki/Memeli,1,At#1
memento mori,https://tr.wikipedia.org/wiki/Memento_mori,1,Augustus#210
Memfis,https://tr.wikipedia.org/wiki/Memfis,2,Ahameniş İmparatorluğu#193;Ahameniş İmparatorluğu#48
Memfis,"https://tr.wikipedia.org/wiki/Memfis,_M%C4%B1s%C4%B1r",1,Başkent#19
Memluk,https://tr.wikipedia.org/wiki/Meml%C3%BBk,3,Malazgirt Meydan Muharebesi#108;Timur#202;İslam devleti#36
Memlûk Devleti,https://tr.wikipedia.org/wiki/Meml%C3%BBk_Devleti,28,Anadolu Selçuklu Devleti#2;Ankara Muharebesi#30;Ankara Muharebesi#38;Ankara Muharebesi#4;Ankara Muharebesi#42;Büyük Selçuklu İmparatorluğu#2;Germiyanoğulları Beyliği#2;I. Bayezid#56;I. Bayezid#76;Karamanoğulları Beyliği#27;Kayseri#33;Osmanlı Hanedanı#25;Osmanlı İmparatorluğu#13;Osmanlı İmparatorluğu#169;Osmanlı İmparatorluğu#181;Osmanlı İmparatorluğu#190;Osmanlı İmparatorluğu#191;Osmanlı İmparatorluğu#193;Osmanlı İmparatorluğu#2;Osmanlı İmparatorluğu#343;Osmanlı İmparatorluğu#346;Osmanlı İmparatorluğu#399;Osmanlı İmparatorluğu#564;Osmanlı İmparatorluğu#98;Selçuklu Hanedanı#2;Timur İmparatorluğu#2;Timur#169;Türkiye#72
Memleket Partisi,https://tr.wikipedia.org/wiki/Memleket_Partisi,1,2024 Türkiye yerel seçimleri#109
Memun,https://tr.wikipedia.org/wiki/Memun,4,Mutasım#1;Mutasım#20;Mutasım#37;Mutasım#8
Menbiç,https://tr.wikipedia.org/wiki/Menbic,1,Fırat#30
Menderes Nehirleri,https://tr.wikipedia.org/wiki/Menderes,1,Germiyanoğulları Beyliği#119
Menemen,https://tr.wikipedia.org/wiki/Menemen,1,Mustafa Kemal Atatürk#648
Menemen Katliamı,https://tr.wikipedia.org/wiki/Menemen_Katliam%C4%B1,1,Türk Kurtuluş Savaşı Batı Cephesi#11
Menemen,https://tr.wikipedia.org/wiki/Menemen_Olay%C4%B1,1,Türkiye#108
Menes,https://tr.wikipedia.org/wiki/Menes,1,Başkent#19
Erzincan U:(https://tr.wikipedia.org/wiki/Erzincan_(il))___ 'ı alarak ___E:Mengücekliler Beyliği,https://tr.wikipedia.org/wiki/Meng%C3%BC%C3%A7l%C3%BC_Beyli%C4%9Fi,2,I. Alâeddin Keykubad#6;I. Alâeddin Keykubad#98
Mengücekliler,https://tr.wikipedia.org/wiki/Meng%C3%BCcekliler,9,Anadolu Selçuklu Devleti#2;Anadolu Selçuklu Devleti#248;Anadolu Selçuklu Devleti#33;Büyük Selçuklu İmparatorluğu#2;Germiyanoğulları Beyliği#2;Karamanoğulları Beyliği#27;Osmanlı İmparatorluğu#2;Selçuklu Hanedanı#2;Timur İmparatorluğu#2
Mengen,"https://tr.wikipedia.org/wiki/Mengensofular,_%C5%9Eark%C4%B1%C5%9Fla",1,Şarkışla#122
Menteşe,"https://tr.wikipedia.org/wiki/Mente%C5%9Fe,_Mu%C4%9Fla",1,Türk Kurtuluş Savaşı Batı Cephesi#666
Menteşe Beyliği,https://tr.wikipedia.org/wiki/Mente%C5%9Fe_Beyli%C4%9Fi,18,Anadolu Selçuklu Devleti#2;Ankara Muharebesi#176;Ankara Muharebesi#232;Büyük Selçuklu İmparatorluğu#2;Fetret Devri#25;Germiyanoğulları Beyliği#2;Germiyanoğulları Beyliği#40;I. Bayezid#138;I. Bayezid#37;I. Bayezid#40;II. Murad#71;Karamanoğulları Beyliği#27;Osmanlı İmparatorluğu#105;Osmanlı İmparatorluğu#132;Osmanlı İmparatorluğu#156;Osmanlı İmparatorluğu#2;Selçuklu Hanedanı#2;Timur İmparatorluğu#2
Menteşeoğlu İlyas Bey,https://tr.wikipedia.org/wiki/Mente%C5%9Feo%C4%9Flu_%C4%B0lyas_Bey,1,Ankara Muharebesi#42
Meotlar,https://tr.wikipedia.org/wiki/Meotlar,1,Kimmerler#89
mera,https://tr.wikipedia.org/wiki/Mera,1,Sakarya Nehri#6
Meraga,https://tr.wikipedia.org/wiki/Meraga,1,Timur#154
Meral Akşener,https://tr.wikipedia.org/wiki/Meral_Ak%C5%9Fener,4,2024 Türkiye yerel seçimleri#10;2024 Türkiye yerel seçimleri#73;Milliyetçi Hareket Partisi#14;Milliyetçi Hareket Partisi#64
Meral Danış Beştaş,https://tr.wikipedia.org/wiki/Meral_Dan%C4%B1%C5%9F_Be%C5%9Fta%C5%9F,1,2024 Türkiye yerel seçimleri#67
Meram,https://tr.wikipedia.org/wiki/Meram,1,Konya#53
Mercidabık Muharebesi,https://tr.wikipedia.org/wiki/Mercid%C3%A2b%C4%B1k_Muharebesi,1,Osmanlı İmparatorluğu#191
mercimek,https://tr.wikipedia.org/wiki/Mercimek,2,Antik Yunanistan#195;Balâ#49
mercimek çorbası,https://tr.wikipedia.org/wiki/Mercimek_%C3%A7orbas%C4%B1,1,Çorba#24
merdivenle,https://tr.wikipedia.org/wiki/Merdiven,1,Osmanlı İmparatorluğu#492
Meriç,https://tr.wikipedia.org/wiki/Meri%C3%A7,5,I. Bayezid#124;I. Murad#43;I. Murad#45;I. Murad#48;Mustafa Kemal Atatürk#727
merkantilizm,https://tr.wikipedia.org/wiki/Merkantilizm,2,Antik Roma#34;Başkent#43
Merkez Hüyük,"https://tr.wikipedia.org/wiki/Merkez_H%C3%BCy%C3%BCk,_%C5%9Eark%C4%B1%C5%9Fla",3,Şarkışla#113;Şarkışla#130;Şarkışla#145
Âşık Esme,"https://tr.wikipedia.org/wiki/Merkez_H%C3%BCy%C3%BCk,_%C5%9Eark%C4%B1%C5%9Fla#Âşık_Esme",1,Şarkışla#113
Merkez Jupa,https://tr.wikipedia.org/wiki/Merkez_Jupa,1,Mustafa Kemal Atatürk#845
Merkez Jupa,https://tr.wikipedia.org/wiki/Merkez_Jupa_Belediyesi,1,Türkçe#33
merkez bankası,https://tr.wikipedia.org/wiki/Merkez_bankas%C4%B1,1,Mustafa Kemal Atatürk#838
merkez sağ,https://tr.wikipedia.org/wiki/Merkez_sa%C4%9F,1,Adalet ve Kalkınma Partisi#23
merkez sol,https://tr.wikipedia.org/wiki/Merkez_sol,3,Cumhuriyet Halk Partisi#10;Cumhuriyet Halk Partisi#63;Cumhuriyet Halk PartisiCard#19
Merlot,https://tr.wikipedia.org/wiki/Merlot,2,Şarap#78;Şarap#80
mermer,https://tr.wikipedia.org/wiki/Mermer,10,Ankara Etnografya Müzesi#5;Ankara Roma Hamamı#42;Antik Roma#286;Anıtkabir#12;Anıtkabir#136;Anıtkabir#50;Augustus#356;Cenabi Ahmed Paşa Camii#9;Kalecik#20;İstanbul#298
Mersin,https://tr.wikipedia.org/wiki/Mersin,12,Anadolu#11;Anadolu#5;Konya#123;Milliyetçi Hareket Partisi#59;Milliyetçi Hareket Partisi#73;Orman#49;Orta Doğu Teknik Üniversitesi#1;Orta Doğu Teknik Üniversitesi#162;Orta Doğu Teknik Üniversitesi#170;Orta Doğu Teknik Üniversitesi#69;Türk Kurtuluş Savaşı#146;Türk Kurtuluş Savaşı#19
Mersin,https://tr.wikipedia.org/wiki/Mersin_B%C3%BCy%C3%BCk%C5%9Fehir_Belediyesi,1,Büyükşehir belediyesi#18
Mersin İdman Yurdu,https://tr.wikipedia.org/wiki/Mersin_Talim_Yurdu_SK,1,Türkiye Futbol Şampiyonası#40
Merter,https://tr.wikipedia.org/wiki/Merter,1,İstanbul#461
Merv,https://tr.wikipedia.org/wiki/Merv,4,Ahameniş İmparatorluğu#280;Büyük Selçuklu İmparatorluğu#213;Büyük Selçuklu İmparatorluğu#30;Büyük Selçuklu İmparatorluğu#45
Mervani,https://tr.wikipedia.org/wiki/Merv%C3%A2n%C3%AEler,2,Büyük Selçuklu İmparatorluğu#99;Malazgirt Meydan Muharebesi#79
Mervan Gül,https://tr.wikipedia.org/wiki/Mervan_G%C3%BCl,1,Adalet ve Kalkınma Partisi#34
Mervaniler,https://tr.wikipedia.org/wiki/Mervaniler,1,Artuk Bey#16
Mervdeşt,https://tr.wikipedia.org/wiki/Mervde%C5%9Ft,1,Ahameniş İmparatorluğu#23
Meryem,https://tr.wikipedia.org/wiki/Meryem,3,Bizans İmparatorluğu#456;Efes#64;Timur#33
Meryem Ana,https://tr.wikipedia.org/wiki/Meryem_Ana,1,Pavlusçuluk#10
Merzifon,https://tr.wikipedia.org/wiki/Merzifon,1,Karadeniz Bölgesi#27
Mescid Dağı,https://tr.wikipedia.org/wiki/Mescit_Da%C4%9F%C4%B1,1,Karadeniz Bölgesi#56
Mesih,https://tr.wikipedia.org/wiki/Mesih,1,II. Kiros#214
Mesih Paşa,https://tr.wikipedia.org/wiki/Mesih_Pa%C5%9Fa,1,Bizans İmparatorluğu#346
Mesleme,https://tr.wikipedia.org/wiki/Mesleme_bin_Abd%C3%BClmelik,1,Kayseri#20
mesneviler,https://tr.wikipedia.org/wiki/Mesnevi,1,Osmanlı İmparatorluğu#538
Messina Boğazı,https://tr.wikipedia.org/wiki/Messina_Bo%C4%9Faz%C4%B1,1,Bizans İmparatorluğu#155
Mesut Dedeoğlu,https://tr.wikipedia.org/wiki/Mesut_Dedeo%C4%9Flu,1,2024 Türkiye yerel seçimleri#76
Mesut Yılmaz,https://tr.wikipedia.org/wiki/Mesut_Y%C4%B1lmaz,2,Cumhuriyet Halk Partisi#73;Cumhuriyet Halk Partisi#74
metafizik,https://tr.wikipedia.org/wiki/Metafizik,1,Bizans İmparatorluğu#365
Metalin,https://tr.wikipedia.org/wiki/Metal,5,Davul#86;Tunç Çağı#14;Çapa (denizcilik)#1;İstanbul#256
metalürjisi,https://tr.wikipedia.org/wiki/Metal%C3%BCrji,1,Kimmerler#34
Methone,https://tr.wikipedia.org/wiki/Methone,1,Antik Yunanistan#111
Metin Toker,https://tr.wikipedia.org/wiki/Metin_Toker,1,Ulucanlar Cezaevi Müzesi#10
m³,https://tr.wikipedia.org/wiki/Metrek%C3%BCp,1,Ankara Spor Salonu#3
metrik sistem,https://tr.wikipedia.org/wiki/Metrik_sistem,1,Santigrat#2
M5 Üsküdar-Çekmeköy U:(https://tr.wikipedia.org/wiki/M5_(%C4%B0stanbul_Metrosu))___ ___E:metro,https://tr.wikipedia.org/wiki/Metro,1,İstanbul#618
Metro İstanbul,https://tr.wikipedia.org/wiki/Metro_%C4%B0stanbul,2,Türkiye#288;İstanbul#580
Manila,https://tr.wikipedia.org/wiki/Metro_Manila,1,İstanbul#629
metrobüs,https://tr.wikipedia.org/wiki/Metrob%C3%BCs,1,İstanbul#597
Metrocity,https://tr.wikipedia.org/wiki/Metrocity,1,İstanbul#461
Ankara U:(https://tr.wikipedia.org/wiki/Ankara_(il))___ ilinin ___E:metropol,https://tr.wikipedia.org/wiki/Metropol,1,Yenimahalle#1
metropolitan makamları,https://tr.wikipedia.org/wiki/Metropolit,1,Bizans İmparatorluğu#380
Mevdud,https://tr.wikipedia.org/wiki/Mevdud_bin_Altuntegin,1,Büyük Selçuklu İmparatorluğu#136
Mevlana Celaleddin Rumi,https://tr.wikipedia.org/wiki/Mevl%C3%A2n%C3%A2_Cel%C3%A2ledd%C3%AEn-i_R%C3%BBm%C3%AE,3,Anadolu Selçuklu Devleti#434;Germiyanoğulları Beyliği#42;Konya#92
Mevlânâ Celaleddin-i Rumi,https://tr.wikipedia.org/wiki/Mevl%C3%A2n%C3%A2_Celaleddin-i_Rumi,1,I. Alâeddin Keykubad#138
Mevlana Müzesi,https://tr.wikipedia.org/wiki/Mevl%C3%A2n%C3%A2_M%C3%BCzesi,1,Konya#6
mevlevihane,https://tr.wikipedia.org/wiki/Mevlevihane,1,Cenabi Ahmed Paşa Camii#12
mevsimindedir,https://tr.wikipedia.org/wiki/Mevsim,1,İstanbul#138
meyan kökü,https://tr.wikipedia.org/wiki/Meyan_k%C3%B6k%C3%BC,1,Orman#70
meyhane,https://tr.wikipedia.org/wiki/Meyhane,1,İstanbul#463
meyve,https://tr.wikipedia.org/wiki/Meyve,4,Ankara armudu#4;Gıda#11;İstanbul#255;Şarap#68
Mezomorto Hüseyin Paşa,https://tr.wikipedia.org/wiki/Mezamorta_H%C3%BCseyin_Pa%C5%9Fa,1,Osmanlı İmparatorluğu#370
mezar odası,https://tr.wikipedia.org/wiki/Mezar_odas%C4%B1,6,Anıtkabir#74;Anıtkabir#8;Anıtkabir#91;Gordion#39;Timur#506;Şarkışla#157
mezhep,https://tr.wikipedia.org/wiki/Mezhep,1,İstanbul#231
Mezopotamya,https://tr.wikipedia.org/wiki/Mezopotamya,27,Ahameniş İmparatorluğu#92;Anadolu#44;Antik Yunanistan#136;Asur#1;Asur#39;Başkent#21;Bizans İmparatorluğu#150;Def#2;Dicle#1;Dicle#15;Dicle#22;Dicle#27;Hititler#13;Julianus#26;JulianusCard#5;Medler#2;Medler#96;Roma İmparatorluğu#221;Septimius Severus#25;Tunç Çağı#19;Tunç Çağı#9;Türk Kurtuluş Savaşı#201;Türkiye#378;İskender#186;İskenderCard#6
mezunlara,https://tr.wikipedia.org/wiki/Mezun,1,Üniversite#12
Moesia,https://tr.wikipedia.org/wiki/Mezya,2,Bizans İmparatorluğu#59;Roma İmparatorluğu#108
miğfer,https://tr.wikipedia.org/wiki/Mi%C4%9Ffer,2,Kimmerler#45;Orta Doğu Teknik Üniversitesi#275
Michael Cook,https://tr.wikipedia.org/wiki/Michael_Cook,1,İslam devleti#17
Midaeium,https://tr.wikipedia.org/wiki/Midaeium,1,Frigya#17
Midas,https://tr.wikipedia.org/wiki/Midas,8,Ankara#109;Ankara#22;Ankara#37;Frigler#39;Frigya#13;Frigya#9;Gordion#23;Kimmerler#10
midelerinin,https://tr.wikipedia.org/wiki/Mide,1,Şırdan#1
Midhat Paşa,https://tr.wikipedia.org/wiki/Midhat_Pa%C5%9Fa,1,Meclis-i Mebûsan#35
Midye-Enez Hattı,https://tr.wikipedia.org/wiki/Midye-Enez_Hatt%C4%B1,1,Türk Kurtuluş Savaşı Batı Cephesi#326
midye dolması,https://tr.wikipedia.org/wiki/Midye_dolma,1,İzmir#206
Mihail Honiatis,https://tr.wikipedia.org/wiki/Mihail_Honiatis,1,Bizans İmparatorluğu#405
Mihail Psellos,https://tr.wikipedia.org/wiki/Mihail_Psellos,1,Bizans İmparatorluğu#405
Mihaloğlu Mehmet Bey,https://tr.wikipedia.org/wiki/Mihalo%C4%9Flu_Mehmed_Bey,1,II. Murad#45
Mihrabad,https://tr.wikipedia.org/wiki/Mihrabad_Korusu,1,İstanbul#123
mihrap,https://tr.wikipedia.org/wiki/Mihrap,3,Anıtkabir#255;Arslanhane Camii#31;Cenabi Ahmed Paşa Camii#9
Mihrişah Sultan,https://tr.wikipedia.org/wiki/Mihri%C5%9Fah_Sultan,1,İstanbul#358
Mihver,https://tr.wikipedia.org/wiki/Mihver_Devletleri,1,Cumhuriyet Halk Partisi#39
Miken,https://tr.wikipedia.org/wiki/Miken,2,Antik Yunanistan#10;Antik Yunanistan#11
Miken Uygarlığı,https://tr.wikipedia.org/wiki/Miken_Uygarl%C4%B1%C4%9F%C4%B1,2,Antik Yunanistan#24;Antik Yunanistan#28
mikroiklimler,https://tr.wikipedia.org/wiki/Mikroiklim,1,İstanbul#128
mikroorganizmalar,https://tr.wikipedia.org/wiki/Mikroorganizma,1,Orman#1
Miladi takvim,https://tr.wikipedia.org/wiki/Mil%C3%A2d%C3%AE_takvim,2,Mustafa Kemal Atatürk#735;TürkiyeCard#31
miladi takvim,https://tr.wikipedia.org/wiki/Miladi_takvim,1,Mustafa Kemal Atatürk#595
Milano,https://tr.wikipedia.org/wiki/Milano,7,Julianus#22;Mustafa Kemal Atatürk#854;Otoyol#8;Roma İmparatorluğu#384;Roma İmparatorluğu#403;Roma İmparatorluğu#414;İzmir#199
Milas,https://tr.wikipedia.org/wiki/Milas,1,Antik Yunanistan#55
M.Ö.,https://tr.wikipedia.org/wiki/Milat,1,Sivas#5
MÖ,https://tr.wikipedia.org/wiki/Milattan_%C3%B6nce,4,İskender#1
Milet,https://tr.wikipedia.org/wiki/Milet,9,Ahameniş İmparatorluğu#94;Augustus#138;Efes#26;Galatlar#8;Kimmerler#21;Timur#465;Türkiye#45;Zeytinyağı#23;İskender#164
mm,https://tr.wikipedia.org/wiki/Milimetre,2,Demiryolu ulaşımı#5;Divan sazı#2
milis,https://tr.wikipedia.org/wiki/Milis,2,Antik Roma#308;Türk Kurtuluş Savaşı#9
Millî İstihbarat Teşkilatı,https://tr.wikipedia.org/wiki/Mill%C3%AE_%C4%B0stihbarat_Te%C5%9Fkilat%C4%B1,2,Anıtkabir#288;Mustafa Kemal Atatürk#43
Millî Birlik Komitesi,https://tr.wikipedia.org/wiki/Mill%C3%AE_Birlik_Komitesi,2,Anıtkabir#76;Orta Doğu Teknik Üniversitesi#22
Millî Edebiyat,https://tr.wikipedia.org/wiki/Mill%C3%AE_Edebiyat,1,Türkiye#371
Millî Görüş,https://tr.wikipedia.org/wiki/Mill%C3%AE_G%C3%B6r%C3%BC%C5%9F,6,Adalet ve Kalkınma Partisi#20;Adalet ve Kalkınma Partisi#23;Yeniden Refah Partisi#1;Yeniden Refah Partisi#12;Yeniden Refah Partisi#27;Yeniden Refah Partisi#6
Milli Güvenlik Konseyi,https://tr.wikipedia.org/wiki/Mill%C3%AE_G%C3%BCvenlik_Konseyi,3,Anıtkabir#77;Mustafa Kemal Atatürk#867;Türkiye Büyük Millet Meclisi#203
Millî Küme,https://tr.wikipedia.org/wiki/Mill%C3%AE_K%C3%BCme,2,Türkiye Futbol Şampiyonası#29;Türkiye Futbol Şampiyonası#36
MSP,https://tr.wikipedia.org/wiki/Mill%C3%AE_Selamet_Partisi,2,Cumhuriyet Halk Partisi#66;Milliyetçi Hareket Partisi#21
Millî Kütüphane,https://tr.wikipedia.org/wiki/Mill%C3%AE_k%C3%BCt%C3%BCphane,2,Ankara Resim ve Heykel Müzesi#30;Mustafa Kemal Atatürk#871
millî muhafazakârlık,https://tr.wikipedia.org/wiki/Mill%C3%AE_muhafazak%C3%A2rl%C4%B1k,1,Adalet ve Kalkınma Partisi#6
Millî Park,https://tr.wikipedia.org/wiki/Mill%C3%AE_park,1,Karadeniz Bölgesi#72
millîleştirildi,https://tr.wikipedia.org/wiki/Mill%C3%AEle%C5%9Ftirme,1,Mustafa Kemal Atatürk#10
Millet-i Rûm,https://tr.wikipedia.org/wiki/Millet-i_R%C3%BBm,1,Bizans İmparatorluğu#28
Millet İttifakı,https://tr.wikipedia.org/wiki/Millet_%C4%B0ttifak%C4%B1,9,2024 Türkiye yerel seçimleri#4;Adalet ve Kalkınma Partisi#74;Adalet ve Kalkınma Partisi#79;Cumhuriyet Halk Partisi#103;Cumhuriyet Halk Partisi#99;Cumhuriyet Halk PartisiCard#20;Mansur Yavaş#19;Mansur Yavaş#3;Yeniden Refah Partisi#19
eğitim seferberliği,https://tr.wikipedia.org/wiki/Millet_mektebi,1,Mustafa Kemal Atatürk#20
Millet ve Adalet Partisi,https://tr.wikipedia.org/wiki/Millet_ve_Adalet_Partisi,1,Adalet ve Kalkınma PartisiCard#10
Milletler Cemiyeti,https://tr.wikipedia.org/wiki/Milletler_Cemiyeti,8,Mustafa Kemal Atatürk#372;Mustafa Kemal Atatürk#658;Mustafa Kemal Atatürk#673;Mustafa Kemal Atatürk#686;Mustafa Kemal Atatürk#697;Mustafa Kemal Atatürk#711;Türk Kurtuluş Savaşı Batı Cephesi#260;Türk Kurtuluş Savaşı Batı Cephesi#58
Ulusların Tablosu,https://tr.wikipedia.org/wiki/Milletler_Tablosu,1,Kimmerler#62
milletvekili,https://tr.wikipedia.org/wiki/Milletvekili,4,Balâ#2;Türkiye Büyük Millet Meclisi#14;Türkiye Büyük Millet Meclisi#9;Türkiye#148
Milli Yol Partisi,https://tr.wikipedia.org/wiki/Milli_Yol_Partisi,2,Büyük Birlik Partisi#27;Büyük Birlik PartisiCard#6
Milliyetçi Çalışma Partisi,https://tr.wikipedia.org/wiki/Milliyet%C3%A7i_%C3%87al%C4%B1%C5%9Fma_Partisi,10,Büyük Birlik Partisi#22;Büyük Birlik PartisiCard#7;Mansur Yavaş#10;Mansur Yavaş#2;Mansur YavaşCard#5;Milliyetçi Hareket Partisi#39;Milliyetçi Hareket PartisiCard#10;Milliyetçi Hareket PartisiCard#9
Milliyetçi Cephe hükûmetlerinde,https://tr.wikipedia.org/wiki/Milliyet%C3%A7i_Cephe_h%C3%BCk%C3%BBmetleri,1,Milliyetçi Hareket Partisi#8
MHP,https://tr.wikipedia.org/wiki/Milliyet%C3%A7i_Hareket_Partisi,14,2014 Türkiye yerel seçimleri#3;2024 Türkiye yerel seçimleri#68;Ankara#200;Cumhuriyet Halk Partisi#95;Mansur Yavaş#10;Mansur Yavaş#12;Mansur Yavaş#13;Mansur Yavaş#3;Mansur YavaşCard#5;Orta Doğu Teknik Üniversitesi#338;Orta Doğu Teknik Üniversitesi#374;Türkiye Büyük Millet Meclisi#205;Türkiye#159
milliyetçilik,https://tr.wikipedia.org/wiki/Milliyet%C3%A7ilik,8,Cumhuriyet Halk Partisi#31;Cumhuriyet Halk Partisi#5;Milliyetçi Hareket Partisi#21;Mustafa Kemal Atatürk#618;Osmanlı İmparatorluğu#285;Türk Kurtuluş Savaşı#63;Türkiye#155;Türkiye#89
Milne Hattı,https://tr.wikipedia.org/wiki/Milne_Hatt%C4%B1,3,Mustafa Kemal Atatürk#433;Türk Kurtuluş Savaşı Batı Cephesi#251;Türk Kurtuluş Savaşı Batı Cephesi#313
Miloş Obiliç,https://tr.wikipedia.org/wiki/Milo%C5%9F_Obili%C3%A7,3,I. Bayezid#8;I. Murad#108;I. Murad#9
Miltiades,https://tr.wikipedia.org/wiki/Miltiades,1,Antik Yunanistan#57
mimar,https://tr.wikipedia.org/wiki/Mimar,2,İnşaat#11;İnşaat#70
Mimar Kemaleddin,https://tr.wikipedia.org/wiki/Mimar_Kemaleddin,1,Gazi Üniversitesi#33
Mimar Sinan,https://tr.wikipedia.org/wiki/Mimar_Sinan,5,Cenabi Ahmed Paşa Camii#3;Cenabi Ahmed Paşa CamiiCard#7;Orta Doğu Teknik Üniversitesi#161;İstanbul#531;İstanbul#80
Mimar Sinan Güzel Sanatlar Üniversitesi,https://tr.wikipedia.org/wiki/Mimar_Sinan_G%C3%BCzel_Sanatlar_%C3%9Cniversitesi,1,İstanbul#493
mimari,https://tr.wikipedia.org/wiki/Mimari,3,Antik Roma#8;Osmanlı İmparatorluğu#530;İstanbul#345
Mimarlık,https://tr.wikipedia.org/wiki/Mimarl%C4%B1k,3,Antik Yunanistan#5;İnşaat#35;İnşaat#73
minare,https://tr.wikipedia.org/wiki/Minare,2,Anıtkabir#312;Cenabi Ahmed Paşa Camii#3
minberin,https://tr.wikipedia.org/wiki/Minber,3,Arslanhane Camii#13;Arslanhane Camii#7;Cenabi Ahmed Paşa Camii#9
mineral,https://tr.wikipedia.org/wiki/Mineral,1,Zeytinyağı#110
mineraller,https://tr.wikipedia.org/wiki/Mineraller,1,Gıda#15
Miniatürk,https://tr.wikipedia.org/wiki/Miniat%C3%BCrk,1,Anıtkabir#311
minyatür,https://tr.wikipedia.org/wiki/Minyat%C3%BCr,2,Büyük Selçuklu İmparatorluğu#228;Osmanlı İmparatorluğu#235
Miranşah,https://tr.wikipedia.org/wiki/Miran%C5%9Fah,5,Ankara Muharebesi#41;Ankara Muharebesi#5;Timur İmparatorluğu#30;Timur İmparatorluğu#38;TimurCard#8
mirimiranlar,https://tr.wikipedia.org/wiki/Mirimiran,1,Sivas#34
Mirliva,https://tr.wikipedia.org/wiki/Mirliva,5,Mustafa Kemal Atatürk#238;Mustafa Kemal Atatürk#91;Mustafa Kemal AtatürkCard#24;Sakarya Meydan Muharebesi#47;Türk Kurtuluş Savaşı#70
Mirsad Türkcan,https://tr.wikipedia.org/wiki/Mirsad_T%C3%BCrkcan,7,Türkiye millî basketbol takımı#130;Türkiye millî basketbol takımı#132;Türkiye millî basketbol takımı#134;Türkiye millî basketbol takımı#136;Türkiye millî basketbol takımı#138;Türkiye millî basketbol takımı#140;Türkiye millî basketbol takımı#142
Miryokefalon Muharebesi,https://tr.wikipedia.org/wiki/Miryokefalon_Muharebesi,4,Anadolu Selçuklu Devleti#150;Anadolu Selçuklu Devleti#299;Anadolu Selçuklu Devleti#95;Bizans İmparatorluğu#255
Misalli Büyük Türkçe Sözlük,https://tr.wikipedia.org/wiki/Misalli_B%C3%BCy%C3%BCk_T%C3%BCrk%C3%A7e_S%C3%B6zl%C3%BCk,1,Türkçe#333
Misis,https://tr.wikipedia.org/wiki/Misis,1,İskender#168
Misopogon,https://tr.wikipedia.org/wiki/Misopogon,1,Julianus#53
mistizmde,https://tr.wikipedia.org/wiki/Mistizm,1,Julianus#38
Misya,https://tr.wikipedia.org/wiki/Misya,3,Ahameniş İmparatorluğu#290;Frigya#18;İzmir#19
misyonerlik,https://tr.wikipedia.org/wiki/Misyonerlik,1,Osmanlı İmparatorluğu#453
Mitanni,https://tr.wikipedia.org/wiki/Mitanni,3,Anadolu#39;Hititler#239;Hititler#92
mitolojide,https://tr.wikipedia.org/wiki/Mitoloji,4,Konya#8;Midas#2;Midas#35;Midas#40
Mitra,https://tr.wikipedia.org/wiki/Mitra,4,Ahameniş İmparatorluğu#378;II. Kiros#198;II. Kiros#199;MedlerCard#4
Mitraizm,https://tr.wikipedia.org/wiki/Mitraizm,1,Farslar#32
Mitroviça,https://tr.wikipedia.org/wiki/Mitrovi%C3%A7a_Belediyesi,1,Türkçe#33
Cengiz İmparatorluğu,https://tr.wikipedia.org/wiki/Mo%C4%9Fol_%C4%B0mparatorlu%C4%9Fu,13,Anadolu Selçuklu Devleti#2;Anadolu#5;Büyük Selçuklu İmparatorluğu#2;Germiyanoğulları Beyliği#2;I. Alâeddin Keykubad#7;Karamanoğulları Beyliği#27;Osmanlı İmparatorluğu#2;Selçuklu Hanedanı#2;Timur İmparatorluğu#2;Timur İmparatorluğu#43;Timur#4;Türkiye#68;Türkiye#7
Moğol istilası,https://tr.wikipedia.org/wiki/Mo%C4%9Fol_istilalar%C4%B1,5,Germiyanoğulları Beyliği#11;I. Alâeddin Keykubad#6;Osmanlı İmparatorluğu#58;Osmanlı İmparatorluğu#85;Türkiye#8
Moğol istilasına,https://tr.wikipedia.org/wiki/Mo%C4%9Fol_istilas%C4%B1,1,I. Alâeddin Keykubad#33
Moğolistan,https://tr.wikipedia.org/wiki/Mo%C4%9Folistan,1,Türkçe#67
Moğol,https://tr.wikipedia.org/wiki/Mo%C4%9Follar,16,Anadolu Selçuklu Devleti#112;Anadolu Selçuklu Devleti#113;Anadolu Selçuklu Devleti#115;Anadolu Selçuklu Devleti#123;Anadolu Selçuklu Devleti#18;Ankara Muharebesi#167;Ankara Muharebesi#34;Ankara Muharebesi#4;I. Alâeddin Keykubad#112;I. Bayezid#47;Osmanlı İmparatorluğu#61;Sivas#23;Timur İmparatorluğu#20;Timur#16
Mutina,https://tr.wikipedia.org/wiki/Modena,2,Augustus#67;Augustus#75
19. yüzyıl Yunanistanı,https://tr.wikipedia.org/wiki/Modern_Yunanistan_tarihi,1,Bizans İmparatorluğu#486
modernleşme,https://tr.wikipedia.org/wiki/Modernle%C5%9Fme_teorisi,1,Türkiye#12
Modon,https://tr.wikipedia.org/wiki/Modon,2,I. Bayezid#33;Osmanlı İmparatorluğu#184
Moesia,https://tr.wikipedia.org/wiki/Moesia_Inferior,1,Septimius Severus#22
Mogan,https://tr.wikipedia.org/wiki/Mogan_G%C3%B6l%C3%BC,1,Ankara Muharebesi#104
Molodi Muharebesi,https://tr.wikipedia.org/wiki/Molodi_Muharebesi,1,Osmanlı İmparatorluğu#212
Monako,https://tr.wikipedia.org/wiki/Monako,2,Augustus#262;Augustus#364
Monarşi,https://tr.wikipedia.org/wiki/Monar%C5%9Fi,11,Ahameniş İmparatorluğuCard#4;Antik Roma#2;Antik Yunanistan#51;Antik Yunanistan#52;Başkent#43;Başkent#5;Karamanoğulları BeyliğiCard#5;MedlerCard#5;Osmanlı İmparatorluğu#298;Roma İmparatorluğu#74;İslam devleti#10
Mondros Limanı,https://tr.wikipedia.org/wiki/Mondros,1,Osmanlı İmparatorluğu#288
Mondros Mütarekesi,https://tr.wikipedia.org/wiki/Mondros_M%C3%BCtarekesi,21,Heyet-i Temsiliye#1;Lozan Barış Konferansı#12;Mustafa Kemal Atatürk#147;Mustafa Kemal Atatürk#269;Mustafa Kemal Atatürk#276;Mustafa Kemal Atatürk#278;Mustafa Kemal Atatürk#670;Mustafa Kemal Atatürk#705;Osmanlı İmparatorluğu#288;Türk Kurtuluş Savaşı#107;Türk Kurtuluş Savaşı#135;Türk Kurtuluş Savaşı#18;Türk Kurtuluş Savaşı#248;Türk Kurtuluş Savaşı#50;Türk Kurtuluş Savaşı#51;Türkiye Büyük Millet Meclisi#57;Türkiye Büyük Millet Meclisi#61;Türkiye Büyük Millet Meclisi#84;Türkiye#100;Türkiye#99
Monmouthlu Geoffrey,https://tr.wikipedia.org/wiki/Monmouthlu_Geoffrey,1,Caracalla#18
"Dalmaçya U:(https://tr.wikipedia.org/wiki/Dalma%C3%A7ya_(eyalet))___ ve İtalya'dan çekilmesini rica etti. Her ne kadar Agapetus, Justinianus'la barış imzalama görevinde başarılı olamasa da, ___E:Theodora U:(https://tr.wikipedia.org/wiki/Theodora_(I._Justinianus%27un_e%C5%9Fi))___ 'nın tüm desteğine ve korumasına rağmen ___E:Monofizit",https://tr.wikipedia.org/wiki/Monofizitizm,2,Bizans İmparatorluğu#386;Bizans İmparatorluğu#71
Monroe Doktrini,https://tr.wikipedia.org/wiki/Monroe_Doktrini,1,Türk Kurtuluş Savaşı Batı Cephesi#323
Mons Lactarius Savaşı,https://tr.wikipedia.org/wiki/Mons_Lactarius_Muharebesi,1,Bizans İmparatorluğu#74
Charles Montesquieu,https://tr.wikipedia.org/wiki/Montesquieu,2,Antik Roma#398;Bizans İmparatorluğu#17
Montrö,https://tr.wikipedia.org/wiki/Montr%C3%B6,1,Mustafa Kemal Atatürk#697
Montrö Boğazlar Sözleşmesi,https://tr.wikipedia.org/wiki/Montr%C3%B6_Bo%C4%9Fazlar_S%C3%B6zle%C5%9Fmesi,2,Mustafa Kemal Atatürk#658;Türk Kurtuluş Savaşı#202
Ankara Augustus Tapınağı,https://tr.wikipedia.org/wiki/Monumentum_Ancyranum,1,Augustus#311
mor çiçekli ormangülü,https://tr.wikipedia.org/wiki/Mor_%C3%A7i%C3%A7ekli_ormang%C3%BCl%C3%BC,2,İstanbul#113;İstanbul#165
Mora Despotluğu,https://tr.wikipedia.org/wiki/Mora_Despotlu%C4%9Fu,3,Bizans İmparatorluğu#327;II. Murad#242;Osmanlı İmparatorluğu#166
Mora,https://tr.wikipedia.org/wiki/Mora_Yar%C4%B1madas%C4%B1,8,Antik Yunanistan#51;Augustus#130;I. Bayezid#27;I. Bayezid#33;II. Murad#52;Osmanlı İmparatorluğu#201;Osmanlı İmparatorluğu#225;Osmanlı İmparatorluğu#255
Moritanya,https://tr.wikipedia.org/wiki/Moritanya,2,İslam devleti#59;İslam devleti#60
Mormonluk,https://tr.wikipedia.org/wiki/Mormonluk,1,Türkiye#342
Mosinikler,https://tr.wikipedia.org/wiki/Mosinikler,1,Ahameniş İmparatorluğu#290
Moskova,https://tr.wikipedia.org/wiki/Moskova,4,Atatürk ve Kurtuluş Savaşı Müzesi#11;Türk Kurtuluş Savaşı#168;UTC+03.00#2;İstanbul#630
Moskova Antlaşması,https://tr.wikipedia.org/wiki/Moskova_Antla%C5%9Fmas%C4%B1,2,Türk Kurtuluş Savaşı#141;Türk Kurtuluş Savaşı#237
Moskova,https://tr.wikipedia.org/wiki/Moskova_Knezli%C4%9Fi,1,Bizans İmparatorluğu#350
motel,https://tr.wikipedia.org/wiki/Motel,2,Tekstil#11;Turizm#8
motorsuz,https://tr.wikipedia.org/wiki/Motor,1,Bisiklet#1
mozaik,https://tr.wikipedia.org/wiki/Mozaik,5,Antik Roma#288;Anıtkabir#12;Anıtkabir#68;Bizans İmparatorluğu#262;Bizans İmparatorluğu#395
"R1b1a U:(https://tr.wikipedia.org/wiki/Haplogrup_R1b_(Y-DNA))___ ve ___E:Q1a1 U:(https://tr.wikipedia.org/wiki/Haplogrup_Q-M242_(Y-DNA))___ haplogruplarına ait iken, üç ___E:mtDNA",https://tr.wikipedia.org/wiki/MtDNA,1,Kimmerler#60
Mu'tezile İslam,https://tr.wikipedia.org/wiki/Mu%27tezile,1,MutasımCard#10
Muğla,https://tr.wikipedia.org/wiki/Mu%C4%9Fla,1,Türk Kurtuluş Savaşı#19
Muğla,https://tr.wikipedia.org/wiki/Mu%C4%9Fla_B%C3%BCy%C3%BCk%C5%9Fehir_Belediyesi,1,Büyükşehir belediyesi#18
Muş,https://tr.wikipedia.org/wiki/Mu%C5%9F,8,2014 Türkiye yerel seçimleri#21;Malazgirt Meydan Muharebesi#9;Milliyetçi Hareket Partisi#47;Mustafa Kemal Atatürk#236;Mustafa Kemal Atatürk#242;Timur#151;Türkiye#320;Vasip Şahin#5
Muşki,https://tr.wikipedia.org/wiki/Mu%C5%9Fkiler,6,Ahameniş İmparatorluğu#290;Frigler#54;Kimmerler#10;Kimmerler#2;Kimmerler#63;Midas#29
muşmula,https://tr.wikipedia.org/wiki/Mu%C5%9Fmula,2,İstanbul#113;İstanbul#165
Muammer Çavuşoğlu,https://tr.wikipedia.org/wiki/Muammer_%C3%87avu%C5%9Fo%C4%9Flu,1,Anıtkabir#26
Muammer Sun,https://tr.wikipedia.org/wiki/Muammer_Sun,1,Atatürk ve Kurtuluş Savaşı Müzesi#9
Mudanya,https://tr.wikipedia.org/wiki/Mudanya,1,Demiryolu ulaşımı#23
Mudanya,https://tr.wikipedia.org/wiki/Mudanya_M%C3%BCtarekesi,10,Lozan Antlaşması#9;Lozan Barış Konferansı#6;Mustafa Kemal Atatürk#509;Türk Kurtuluş Savaşı Batı Cephesi#1013;Türk Kurtuluş Savaşı Batı Cephesi#1014;Türk Kurtuluş Savaşı Batı Cephesi#18;Türk Kurtuluş Savaşı#190;Türk Kurtuluş Savaşı#46;Türkiye#102
Mudurnu,https://tr.wikipedia.org/wiki/Mudurnu,1,Vasip Şahin#5
Muhafızgücü,https://tr.wikipedia.org/wiki/Muhaf%C4%B1zg%C3%BCc%C3%BC_SK,2,Türkiye Futbol Şampiyonası#15;Türkiye Futbol Şampiyonası#7
muhafazakâr demokrasi,https://tr.wikipedia.org/wiki/Muhafazak%C3%A2r_demokrasi,2,Adalet ve Kalkınma Partisi#100;Adalet ve Kalkınma Partisi#5
muhafazakar,https://tr.wikipedia.org/wiki/Muhafazak%C3%A2rl%C4%B1k,4,Cumhuriyet Halk Partisi#6;Cumhuriyet Halk Partisi#90;Türkiye#155;Yeniden Refah Partisi#34
Muhafazakar Yükseliş Partisi,https://tr.wikipedia.org/wiki/Muhafazakar_Y%C3%BCkseli%C5%9F_Partisi,1,2014 Türkiye yerel seçimleri#13
muhalefet partilerinden,https://tr.wikipedia.org/wiki/Muhalefet,1,Adalet ve Kalkınma Partisi#115
Muhammed,https://tr.wikipedia.org/wiki/Muhammed,7,Mustafa Kemal Atatürk#808;Osmanlı İmparatorluğu#195;Osmanlı İmparatorluğu#342;Osmanlı İmparatorluğu#554;Timur İmparatorluğu#30;İslam devleti#16;İstanbul#355
Muhammed Ömer,https://tr.wikipedia.org/wiki/Muhammed_%C3%96mer,1,İslam devleti#5
Muhammed İkbal,https://tr.wikipedia.org/wiki/Muhammed_%C4%B0kbal,1,Mustafa Kemal Atatürk#865
Muhammed Bakır es-Sadr'ın,https://tr.wikipedia.org/wiki/Muhammed_B%C3%A2k%C4%B1r_es-Sadr,1,İslam devleti#55
Şah-ı Nakşibend Muhammed,https://tr.wikipedia.org/wiki/Muhammed_Bah%C3%A2edd%C3%AEn,2,Timur#567
Muhammed Bedii,https://tr.wikipedia.org/wiki/Muhammed_Bedi,1,Adalet ve Kalkınma Partisi#123
Muhammed Rızâ Pehlevî,https://tr.wikipedia.org/wiki/Muhammed_R%C4%B1z%C3%A2_Pehlev%C3%AE,3,II. Kiros#159;II. Kiros#162;II. Kiros#261
Muhammed Sultan Mirza,https://tr.wikipedia.org/wiki/Muhammed_Sultan_Mirza,1,Ankara Muharebesi#154
Mehmed Tapar,https://tr.wikipedia.org/wiki/Muhammed_Tapar,3,Anadolu Selçuklu Devleti#79;Büyük Selçuklu İmparatorluğu#126;Büyük Selçuklu İmparatorluğu#154
muharebedir,https://tr.wikipedia.org/wiki/Muharebe,2,Ankara Muharebesi#1;Sakarya Meydan Muharebesi#2
Muharrem İnce,https://tr.wikipedia.org/wiki/Muharrem_%C4%B0nce,2,2024 Türkiye yerel seçimleri#109;Cumhuriyet Halk Partisi#100
Muharrem Ergin,https://tr.wikipedia.org/wiki/Muharrem_Ergin,1,Türkçe#199
Muhiddin Mesud Şah,https://tr.wikipedia.org/wiki/Muhiddin_Mesud_%C5%9Eah,2,Anadolu Selçuklu Devleti#417;Sultan Alaeddin Camii#1
Muhsin Yazıcıoğlu,https://tr.wikipedia.org/wiki/Muhsin_Yaz%C4%B1c%C4%B1o%C4%9Flu,12,Büyük Birlik Partisi#1;Büyük Birlik Partisi#21;Büyük Birlik Partisi#23;Büyük Birlik Partisi#26;Büyük Birlik Partisi#28;Büyük Birlik Partisi#5;Büyük Birlik PartisiCard#4;Mehmet Akif Ersoy Müze Evi#18;Milliyetçi Hareket Partisi#40;Ulucanlar Cezaevi Müzesi#10
muhtıraları,https://tr.wikipedia.org/wiki/Muht%C4%B1ra,1,Türkiye#115
muhtarlar,https://tr.wikipedia.org/wiki/Muhtar,2,2024 Türkiye yerel seçimleri#1;Türkiye#143
mukarnas,https://tr.wikipedia.org/wiki/Mukarnas,1,Anıtkabir#115
Mumbai,https://tr.wikipedia.org/wiki/Mumbai,1,İstanbul#629
mumbar,https://tr.wikipedia.org/wiki/Mumbar,1,Beypazarı#98
Munzur Suyu,https://tr.wikipedia.org/wiki/Munzur_%C3%87ay%C4%B1,1,Fırat#5
Muradiye Külliyesi,https://tr.wikipedia.org/wiki/Muradiye_K%C3%BClliyesi,1,II. MuradCard#6
Murat Çepni,https://tr.wikipedia.org/wiki/Murat_%C3%87epni,1,2024 Türkiye yerel seçimleri#67
Murat Evliyaoğlu,https://tr.wikipedia.org/wiki/Murat_Evliyao%C4%9Flu,2,Türkiye millî basketbol takımı#130;Türkiye millî basketbol takımı#132
Murat Karayalçın,https://tr.wikipedia.org/wiki/Murat_Karayal%C3%A7%C4%B1n,1,Mansur Yavaş#12
Murat Konuk,https://tr.wikipedia.org/wiki/Murat_Konuk,4,Türkiye millî basketbol takımı#128;Türkiye millî basketbol takımı#130;Türkiye millî basketbol takımı#132;Türkiye millî basketbol takımı#134
Murat Nehri,https://tr.wikipedia.org/wiki/Murat_Nehri,4,Fırat#2;Fırat#24;Fırat#5;Timur#151
Muratlı,https://tr.wikipedia.org/wiki/Muratl%C4%B1,1,Karadeniz Bölgesi#56
Murgul,https://tr.wikipedia.org/wiki/Murgul,2,Karadeniz Bölgesi#46;Karadeniz Bölgesi#47
Musa,https://tr.wikipedia.org/wiki/Musa,1,II. Kiros#182
Musa Çelebi,https://tr.wikipedia.org/wiki/Musa_%C3%87elebi,8,Ankara Muharebesi#141;Ankara Muharebesi#196;Fetret Devri#5;I. Bayezid#147;I. BayezidCard#8;Osmanlı İmparatorluğu#137;Osmanlı İmparatorluğu#139;Timur#483
Musiki Muallim Mektebi,https://tr.wikipedia.org/wiki/Musiki_Muallim_Mektebi,1,Gazi Üniversitesi#8
muskadır,https://tr.wikipedia.org/wiki/Muska,1,Ankara Roma Hamamı#27
Muson iklimi,https://tr.wikipedia.org/wiki/Muson_iklimi,1,Orman#24
Mustafa Bozbey,https://tr.wikipedia.org/wiki/Mustafa_Bozbey,1,2024 Türkiye yerel seçimleri#42
Mustafa Cantekin,https://tr.wikipedia.org/wiki/Mustafa_Cantekin,1,Mustafa Kemal Atatürk#82
Mustafa Destici,https://tr.wikipedia.org/wiki/Mustafa_Destici,4,Büyük Birlik Partisi#29;Büyük Birlik Partisi#4;Büyük Birlik PartisiCard#2
Mustafa Elitaş,https://tr.wikipedia.org/wiki/Mustafa_Elita%C5%9F,1,Adalet ve Kalkınma PartisiCard#5
Mustafa Fehmi Kubilay,https://tr.wikipedia.org/wiki/Mustafa_Fehmi_Kubilay,1,Mustafa Kemal Atatürk#649
Samsun'a hareket ettiği gün,https://tr.wikipedia.org/wiki/Mustafa_Kemal%27in_Samsun%27a_%C3%A7%C4%B1k%C4%B1%C5%9F%C4%B1,6,Devlet Mezarlığı#12;Mustafa Kemal Atatürk#288;Mustafa Kemal Atatürk#58;Türk Kurtuluş Savaşı Batı Cephesi#216;Türk Kurtuluş Savaşı#18;Türkiye#100
Mustafa Kemal Atatürk,https://tr.wikipedia.org/wiki/Mustafa_Kemal_Atat%C3%BCrk,76,"Anadolu Medeniyetleri Müzesi#10;Ankara Etnografya Müzesi#9;Ankara Resim ve Heykel Müzesi#7;Ankara#60;Anıtkabir#1;Anıtkabir#16;AnıtkabirCard#5;Atatürk Orman Çiftliği#1;Atatürk Orman Çiftliği#18;Atatürk Orman ÇiftliğiCard#8;Atatürk ve Kurtuluş Savaşı Müzesi#1;Atatürk ve Kurtuluş Savaşı Müzesi#13;Atatürk ve Kurtuluş Savaşı Müzesi#5;Balâ#2;Balâ#28;Cumhuriyet Halk Partisi#135;Cumhuriyet Halk Partisi#3;Cumhuriyet Halk PartisiCard#5;Cumhuriyet Müzesi#19;Devlet Mezarlığı#12;Devlet Mezarlığı#20;Gazi Üniversitesi#7;Heyet-i Temsiliye#3;Kalecik#9;Konya#45;Lozan Antlaşması#11;Lozan Antlaşması#21;Lozan Barış Konferansı#6;Milliyetçi Hareket Partisi#30;Milliyetçi Hareket Partisi#8;Orta Doğu Teknik Üniversitesi#52;Osmanlı İmparatorluğu#345;Sakarya Meydan Muharebesi#11;Sivas#39;Sivas#49;Türk Kurtuluş Savaşı Batı Cephesi#1030;Türk Kurtuluş Savaşı Batı Cephesi#210;Türk Kurtuluş Savaşı Batı Cephesi#958;Türk Kurtuluş Savaşı#107;Türk Kurtuluş Savaşı#168;Türk Kurtuluş Savaşı#171;Türk Kurtuluş Savaşı#18;Türk Kurtuluş Savaşı#24;Türk Kurtuluş Savaşı#47;Türk Kurtuluş Savaşı#52;Türk Kurtuluş Savaşı#54;Türk Kurtuluş Savaşı#56;Türk Kurtuluş Savaşı#70;Türkiye Büyük Millet Meclisi#140;Türkiye Büyük Millet Meclisi#61;Türkiye Büyük Millet Meclisi#79;Türkiye Büyük Millet Meclisi#83;Türkiye#100;Türkiye#13;Türkiye#15;Türkiye'de cumhuriyetin ilanı#1;Türkiye'de cumhuriyetin ilanı#12;Türkiye'de cumhuriyetin ilanı#27;Türkiye'de tarım#13;Türkçe#41;Türkçe#9;Ulucanlar Cezaevi Müzesi#9;Yenimahalle#21;Yenimahalle#23;Çubuk, Ankara#34;Çubuk, Ankara#35;Çubuk, Ankara#36;Çubuk, Ankara#37;İslam devleti#37;İstanbul#243;İstanbul#387;İzmir#184;İzmir#195;Şereflikoçhisar#4"
24 madalya9 madalyon ve rozet(liste),https://tr.wikipedia.org/wiki/Mustafa_Kemal_Atat%C3%BCrk%27%C3%BCn_%C3%B6d%C3%BClleri_listesi,1,Mustafa Kemal AtatürkCard#18
ölümünün,https://tr.wikipedia.org/wiki/Mustafa_Kemal_Atat%C3%BCrk%27%C3%BCn_%C3%B6l%C3%BCm%C3%BC_ve_devlet_cenaze_t%C3%B6reni,3,Anıtkabir#16;Anıtkabir#3;Cumhuriyet Halk Partisi#37
bu çiftin,https://tr.wikipedia.org/wiki/Mustafa_Kemal_Atat%C3%BCrk%27%C3%BCn_ailesi,1,Mustafa Kemal Atatürk#56
Mustafa Kemal Erkovan,https://tr.wikipedia.org/wiki/Mustafa_Kemal_Erkovan,1,Milliyetçi Hareket Partisi#20
Kemal Kurdaş,https://tr.wikipedia.org/wiki/Mustafa_Kemal_Kurda%C5%9F,3,Orta Doğu Teknik Üniversitesi#141;Orta Doğu Teknik Üniversitesi#214;Orta Doğu Teknik Üniversitesi#35
Mustafa Necati,https://tr.wikipedia.org/wiki/Mustafa_Necati,1,Mustafa Kemal Atatürk#778
Mustafa Parlar,https://tr.wikipedia.org/wiki/Mustafa_Parlar,1,Orta Doğu Teknik Üniversitesi#241
Koca Mustafa Reşid Paşa,https://tr.wikipedia.org/wiki/Mustafa_Re%C5%9Fid_Pa%C5%9Fa,2,Osmanlı İmparatorluğu#275;Osmanlı İmparatorluğu#31
Kara Vasıf,https://tr.wikipedia.org/wiki/Mustafa_Vas%C4%B1f_Karakol,1,Mustafa Kemal Atatürk#370
Musul,https://tr.wikipedia.org/wiki/Musul,15,Anadolu Selçuklu Devleti#90;Asur#1;Büyük Selçuklu İmparatorluğu#101;Büyük Selçuklu İmparatorluğu#213;Dicle#15;Kral Yolu#6;Türk Kurtuluş Savaşı Güney Cephesi#5;Türk Kurtuluş Savaşı Güney Cephesi#9;Türk Kurtuluş Savaşı#145;Türk Kurtuluş Savaşı#153;Türk Kurtuluş Savaşı#159;Türk Kurtuluş Savaşı#51;Türk Kurtuluş Savaşı#52;Türkçe#175
Musul Sorunu,https://tr.wikipedia.org/wiki/Musul_Sorunu,3,Lozan Antlaşması#19;Mustafa Kemal Atatürk#658;Mustafa Kemal Atatürk#686
Mut,https://tr.wikipedia.org/wiki/Mut,2,Karamanoğulları Beyliği#16;Karamanoğulları BeyliğiCard#2
Abbasi Halifesi Mutasım,https://tr.wikipedia.org/wiki/Mutas%C4%B1m,1,Ankara#52
Mutasarrıflara,https://tr.wikipedia.org/wiki/Mutasarr%C4%B1f,1,Türkiye Büyük Millet Meclisi#103
mutfak,https://tr.wikipedia.org/wiki/Mutfak,3,Antik Yunanistan#179;Kiler#4;Osmanlı İmparatorluğu#530
mutlakıyetin,https://tr.wikipedia.org/wiki/Mutlak%C4%B1yet,1,Roma İmparatorluğu#18
Mutlak monarşi,https://tr.wikipedia.org/wiki/Mutlak_monar%C5%9Fi,5,Asur#35;HititlerCard#4;Osmanlı İmparatorluğu#299;Timur İmparatorluğuCard#6;Türkiye'de cumhuriyetin ilanı#9
Muz,https://tr.wikipedia.org/wiki/Muz,1,Şarap#109
Mykale,https://tr.wikipedia.org/wiki/Mykale_Muharebesi,2,Ahameniş İmparatorluğu#111;Herodot#4
"Magnesia U:(https://tr.wikipedia.org/wiki/Magnesia_(Ayd%C4%B1n))___ , ___E:Myus",https://tr.wikipedia.org/wiki/Myus,2,Ahameniş İmparatorluğu#121;Kimmerler#21
n,https://tr.wikipedia.org/wiki/N,1,İstanbul#31
Nâsıreddin Muhammed Bey,https://tr.wikipedia.org/wiki/N%C3%A2s%C4%B1reddin_Muhammed_Bey,1,II. Murad#4
Nâzım Hikmet,https://tr.wikipedia.org/wiki/N%C3%A2z%C4%B1m_Hikmet,3,Mustafa Kemal Atatürk#639;Türkiye#371;Ulucanlar Cezaevi Müzesi#10
Nîmes,https://tr.wikipedia.org/wiki/N%C3%AEmes,1,Augustus#364
nörofibromatoz,https://tr.wikipedia.org/wiki/N%C3%B6rofibromatoz,1,Ahameniş İmparatorluğu#251
Nureddin Mahmud Zengi,https://tr.wikipedia.org/wiki/N%C3%BBreddin_Mahmud_Zeng%C3%AE,1,Anadolu Selçuklu Devleti#90
Nübye,https://tr.wikipedia.org/wiki/N%C3%BCbye,1,II. Kiros#7
nüfus sayımıdır,https://tr.wikipedia.org/wiki/N%C3%BCfus_say%C4%B1m%C4%B1,1,1945 Türkiye nüfus sayımı#1
nüfus yoğunluğunun,https://tr.wikipedia.org/wiki/N%C3%BCfus_yo%C4%9Funlu%C4%9Fu,1,Osmanlı İmparatorluğu#427
83,https://tr.wikipedia.org/wiki/N%C3%BCfus_yo%C4%9Funluklar%C4%B1na_g%C3%B6re_%C3%BClkeler_listesi,1,TürkiyeCard#23
18,https://tr.wikipedia.org/wiki/N%C3%BCfuslar%C4%B1na_g%C3%B6re_%C3%BClkeler_listesi,1,TürkiyeCard#22
Avrupa'daki en kalabalık şehirlerden,https://tr.wikipedia.org/wiki/N%C3%BCfuslar%C4%B1na_g%C3%B6re_Avrupa%27daki_%C5%9Fehirler_listesi,1,İstanbul#2
nükleer enerji,https://tr.wikipedia.org/wiki/N%C3%BCkleer_enerji,1,Türkiye#270
nükleer paylaşım,https://tr.wikipedia.org/wiki/N%C3%BCkleer_payla%C5%9F%C4%B1m,1,Türkiye#195
nümismatik,https://tr.wikipedia.org/wiki/N%C3%BCmismatik,5,Augustus#381;Lidyalılar#27;Madenî para#12;Madenî para#96;İskender#116
NASA,https://tr.wikipedia.org/wiki/NASA,2,Ankara Esenboğa Havalimanı#27;Orta Doğu Teknik Üniversitesi#112
NATO,https://tr.wikipedia.org/wiki/NATO,10,Cumhuriyet Halk Partisi#125;Orta Doğu Teknik Üniversitesi#112;Orta Doğu Teknik Üniversitesi#258;Türkiye#112;Türkiye#179;Türkiye#18;Türkiye#188;Türkiye#189;Türkiye#195
NTV,https://tr.wikipedia.org/wiki/NTV,2,2024 Türkiye yerel seçimleri#47;İstanbul#522
Naîmâ,https://tr.wikipedia.org/wiki/Na%C3%AEm%C3%A2,1,Osmanlı İmparatorluğu#54
Nablus,https://tr.wikipedia.org/wiki/Nablus,1,Mustafa Kemal Atatürk#267
Nabonidus,https://tr.wikipedia.org/wiki/Nabonidus,5,Ahameniş İmparatorluğu#41;II. Kiros#111;II. Kiros#120;II. Kiros#197;II. KirosCard#2
Nabonidus Kroniği,https://tr.wikipedia.org/wiki/Nabonidus_Kroni%C4%9Fi,4,II. Kiros#271;II. Kiros#48;II. Kiros#64;II. Kiros#79
Naci (Eldeniz) Bey,https://tr.wikipedia.org/wiki/Naci_Eldeniz,1,Mustafa Kemal Atatürk#271
Naciye Sultan,https://tr.wikipedia.org/wiki/Naciye_Sultan,1,Mustafa Kemal Atatürk#792
Naciye Sultan,https://tr.wikipedia.org/wiki/Naciye_Sultan_Korusu,1,İstanbul#123
Nadir Vekiloğlu,https://tr.wikipedia.org/wiki/Nadir_Vekilo%C4%9Flu,2,Türkiye millî basketbol takımı#118;Türkiye millî basketbol takımı#122
Nahçıvan,https://tr.wikipedia.org/wiki/Nah%C3%A7%C4%B1van,1,Türk Kurtuluş Savaşı#214
Nahçıvan Özerk Cumhuriyeti,https://tr.wikipedia.org/wiki/Nah%C3%A7%C4%B1van_%C3%96zerk_Cumhuriyeti,1,Türkiye#216
Naile Sultan,https://tr.wikipedia.org/wiki/Naile_Sultan_Korusu,1,İstanbul#123
Naili Moran,https://tr.wikipedia.org/wiki/Naili_Moran,1,Türkiye millî basketbol takımı#97
Naim Hazım Onat,https://tr.wikipedia.org/wiki/Naim_Hazim_Onat,1,Mustafa Kemal Atatürk#37
Naim Talu,https://tr.wikipedia.org/wiki/Naim_Talu,1,Türkiye Büyük Millet Meclisi#199
naip,https://tr.wikipedia.org/wiki/Naip,1,Ahameniş İmparatorluğu#404
Nakş-ı Rüstem,https://tr.wikipedia.org/wiki/Nak%C5%9F-%C4%B1_R%C3%BCstem,2,Ahameniş İmparatorluğu#123;Ahameniş İmparatorluğu#424
Nakşa,https://tr.wikipedia.org/wiki/Nak%C5%9Fa,2,Antik Yunanistan#2;Antik Yunanistan#71
Nakşibendilik,https://tr.wikipedia.org/wiki/Nak%C5%9Fibendilik,1,Timur#567
Nakkaş Mustafa Paşa,https://tr.wikipedia.org/wiki/Nakka%C5%9F_Mustafa_Pa%C5%9Fa,1,Hacı Bayram Camii#11
nakkare,https://tr.wikipedia.org/wiki/Nakkare,1,Ankara Muharebesi#161
Nakoleia,https://tr.wikipedia.org/wiki/Nakoleia,1,Frigya#17
Nallıhan,https://tr.wikipedia.org/wiki/Nall%C4%B1han,1,Ankara keçisi#2
Namık İsmail,https://tr.wikipedia.org/wiki/Nam%C4%B1k_%C4%B0smail,1,Ankara Resim ve Heykel Müzesi#24
Namık Kemal,https://tr.wikipedia.org/wiki/Nam%C4%B1k_Kemal,2,Mustafa Kemal Atatürk#29;Türkiye#369
namaz,https://tr.wikipedia.org/wiki/Namaz,1,Ankara Muharebesi#161
nane,https://tr.wikipedia.org/wiki/Nane,1,Antik Yunanistan#195
Napoli,https://tr.wikipedia.org/wiki/Napoli,2,Antik Yunanistan#37;Bizans İmparatorluğu#71
Napoli Krallığı,https://tr.wikipedia.org/wiki/Napoli_Krall%C4%B1%C4%9F%C4%B1,1,Osmanlı İmparatorluğu#174
Napolyon'un Rusya seferine,https://tr.wikipedia.org/wiki/Napolyon%27un_Rusya_seferi,1,Türk Kurtuluş Savaşı Batı Cephesi#734
Napolyon,https://tr.wikipedia.org/wiki/Napolyon_Bonapart,1,Antik Roma#401
nar,https://tr.wikipedia.org/wiki/Nar,1,Şarap#3
Naram-Sîn,https://tr.wikipedia.org/wiki/Naram-Sin,1,Hatti#3
Narses,https://tr.wikipedia.org/wiki/Narses,1,Bizans İmparatorluğu#73
Nazi Partisi,https://tr.wikipedia.org/wiki/Nasyonal_Sosyalist_Alman_%C4%B0%C5%9F%C3%A7i_Partisi,1,Mustafa Kemal Atatürk#690
Nazi,https://tr.wikipedia.org/wiki/Nasyonal_sosyalizm,3,Anıtkabir#101;Milliyetçi Hareket Partisi#29;Mustafa Kemal Atatürk#850
Üniversiteler Ulusal Spor Birliği'nin (NCAA),https://tr.wikipedia.org/wiki/National_Collegiate_Athletic_Association,1,Voleybol#23
Naulochus deniz savaşı,https://tr.wikipedia.org/wiki/Naulochus_Deniz_Muharebesi,1,Augustus#137
Naum Tiyatrosu,https://tr.wikipedia.org/wiki/Naum_Tiyatrosu,1,İstanbul#463
Navarin,https://tr.wikipedia.org/wiki/Navarin,1,Osmanlı İmparatorluğu#184
Navarin,https://tr.wikipedia.org/wiki/Navarin_Deniz_Muharebesi,2,Osmanlı İmparatorluğu#256;Osmanlı İmparatorluğu#372
Nazi Almanyası,https://tr.wikipedia.org/wiki/Nazi_Almanyas%C4%B1,1,Timur#513
Nazi yorumlu,https://tr.wikipedia.org/wiki/Nazi_mimarisi,1,Anıtkabir#101
Balıkesir U:(https://tr.wikipedia.org/wiki/Bal%C4%B1kesir_(il))___ ve ___E:Nazilli,https://tr.wikipedia.org/wiki/Nazilli,2,2024 Türkiye yerel seçimleri#109;İzmir#240
Neşrî,https://tr.wikipedia.org/wiki/Ne%C5%9Fr%C3%AE,3,Ankara Muharebesi#112;Germiyanoğulları Beyliği#9;Osmanlı İmparatorluğu#54
Nebbiolo,https://tr.wikipedia.org/wiki/Nebbiolo,1,Şarap#80
Nebile İrdelp,https://tr.wikipedia.org/wiki/Nebile_%C4%B0rdelp,1,Mustafa Kemal Atatürk#800
Necati Güler,https://tr.wikipedia.org/wiki/Necati_G%C3%BCler,1,Türkiye millî basketbol takımı#124
Necati Kurtuluş,https://tr.wikipedia.org/wiki/Necati_Kurtulu%C5%9F,1,Türkiye Büyük Millet Meclisi#131
Necdet Sakaoğlu,https://tr.wikipedia.org/wiki/Necdet_Sakao%C4%9Flu,2,Mustafa Kemal Atatürk#58;Mustafa Kemal Atatürk#741
Necid,https://tr.wikipedia.org/wiki/Necid_Emirli%C4%9Fi,1,Meclis-i Mebûsan#7
Necip Fazıl Kısakürek,https://tr.wikipedia.org/wiki/Necip_Faz%C4%B1l_K%C4%B1sak%C3%BCrek,1,Milliyetçi Hareket Partisi#31
Necmettin Erbakan,https://tr.wikipedia.org/wiki/Necmettin_Erbakan,4,Cumhuriyet Halk Partisi#73;Yeniden Refah Partisi#12;Yeniden Refah Partisi#15;Yeniden Refah Partisi#28
Necmettin Erbakan Vakfı,https://tr.wikipedia.org/wiki/Necmettin_Erbakan_Vakf%C4%B1,1,Yeniden Refah Partisi#8
nedimelerine,https://tr.wikipedia.org/wiki/Nedime,1,Osmanlı İmparatorluğu#630
Nedret Uyguç,https://tr.wikipedia.org/wiki/Nedret_Uygu%C3%A7,4,Türkiye millî basketbol takımı#109;Türkiye millî basketbol takımı#111;Türkiye millî basketbol takımı#113;Türkiye millî basketbol takımı#116
nefes darlığı,https://tr.wikipedia.org/wiki/Nefes_darl%C4%B1%C4%9F%C4%B1,1,Ankara Muharebesi#221
Nefise Melek Hatun,https://tr.wikipedia.org/wiki/Nefise_Hatun,2,I. Bayezid#69;I. Murad#92
akarsuyudur,https://tr.wikipedia.org/wiki/Nehir,2,Kızılırmak#1;Sakarya Nehri#1
Nejat Diyarbakırlı,https://tr.wikipedia.org/wiki/Nejat_Diyarbekirli,2,Türkiye millî basketbol takımı#101;Türkiye millî basketbol takımı#103
Nem,https://tr.wikipedia.org/wiki/Nem,2,Karadeniz Bölgesi#31;İstanbul#130
Nemea,https://tr.wikipedia.org/wiki/Nemea,1,Antik Yunanistan#244
neo-faşist,https://tr.wikipedia.org/wiki/Neo-fa%C5%9Fizm,1,Milliyetçi Hareket Partisi#5
Neoklasik,https://tr.wikipedia.org/wiki/Neoklasik_mimari,1,Anıtkabir#12
neolitik,https://tr.wikipedia.org/wiki/Neolitik,2,Davul#19;Höyük#10
Neolitik Çağ,https://tr.wikipedia.org/wiki/Neolitik_%C3%87a%C4%9F,1,Efes#16
Mısır akbabası,https://tr.wikipedia.org/wiki/Neophron_percnopterus,1,İstanbul#182
Neoplatonist,https://tr.wikipedia.org/wiki/Neoplatonizm,5,Bizans İmparatorluğu#80;Julianus#16;Julianus#3;Julianus#38;Roma İmparatorluğu#329
Nepotianus,https://tr.wikipedia.org/wiki/Nepotianus,1,Roma İmparatorluğu#308
Nero,https://tr.wikipedia.org/wiki/Nero,1,Antik Roma#48
Nero Claudius Drusus,https://tr.wikipedia.org/wiki/Nero_Claudius_Drusus,3,Augustus#263;Augustus#287;Roma İmparatorluğu#119
Nero,https://tr.wikipedia.org/wiki/Neron,5,Antik Roma#143;Antik Roma#221;Bizans İmparatorluğu#417;Roma İmparatorluğu#119;Roma İmparatorluğu#292
Neslişah Osmanoğlu,https://tr.wikipedia.org/wiki/Nesli%C5%9Fah_Osmano%C4%9Flu,2,Osmanlı Hanedanı#22;Osmanlı Hanedanı#5
nesneler,https://tr.wikipedia.org/wiki/Nesne,1,Ticaret#1
Nasturilik,https://tr.wikipedia.org/wiki/Nest%C3%BBr%C3%AElik,1,Bizans İmparatorluğu#386
Neue Freie Presse,https://tr.wikipedia.org/wiki/Neue_Freie_Presse,1,Türkiye'de cumhuriyetin ilanı#20
Neuilly,https://tr.wikipedia.org/wiki/Neuilly_Antla%C5%9Fmas%C4%B1,2,Lozan Antlaşması#3;Türk Kurtuluş Savaşı Batı Cephesi#446
Nevşehir,https://tr.wikipedia.org/wiki/Nev%C5%9Fehir,4,Anadolu Selçuklu Devleti#439;Kimmerler#8;Kızılırmak#1;Orta Doğu Teknik Üniversitesi#262
Nevşehir Üniversitesi,https://tr.wikipedia.org/wiki/Nev%C5%9Fehir_Hac%C4%B1_Bekta%C5%9F_Veli_%C3%9Cniversitesi,1,Gazi Üniversitesi#28
Nevşehir Kalesi,https://tr.wikipedia.org/wiki/Nev%C5%9Fehir_Kalesi,1,Anadolu Selçuklu Devleti#439
Nevşehirli Damad İbrahim Paşa,https://tr.wikipedia.org/wiki/Nev%C5%9Fehirli_D%C3%A2mad_%C4%B0brahim_Pa%C5%9Fa,1,Osmanlı İmparatorluğu#247
Nevşehirli Damat İbrahim Paşa,https://tr.wikipedia.org/wiki/Nev%C5%9Fehirli_Damad_%C4%B0brahim_Pa%C5%9Fa,1,İstanbul#80
Nevali Çori,https://tr.wikipedia.org/wiki/Nevali_%C3%87ori,1,Anadolu#5
Neve Şalom Sinagogu,https://tr.wikipedia.org/wiki/Neve_%C5%9Ealom_Sinagogu,1,İstanbul#247
nevresim,https://tr.wikipedia.org/wiki/Nevresim,1,Tekstil#10
New Mexico,https://tr.wikipedia.org/wiki/New_Mexico,2,Şarap#10;Şarap#44
New York,https://tr.wikipedia.org/wiki/New_York,3,Atletizm#26;Güreş#20;İstanbul#630
Ney,https://tr.wikipedia.org/wiki/Ney,2,Kaval#6;Osmanlı İmparatorluğu#582
Nezih Eldem,https://tr.wikipedia.org/wiki/Nezih_Eldem,1,Anıtkabir#68
Niğbolu,https://tr.wikipedia.org/wiki/Ni%C4%9Fbolu,4,I. Bayezid#128;I. Bayezid#26;I. Murad#103;Osmanlı İmparatorluğu#134
Niğde,https://tr.wikipedia.org/wiki/Ni%C4%9Fde,10,Anadolu Selçuklu Devleti#439;Ankara Muharebesi#29;Ankara#162;Frigler#75;Heyet-i Temsiliye#28;Milliyetçi Hareket Partisi#47;Milliyetçi Hareket Partisi#53;Milliyetçi Hareket Partisi#56;Orta Doğu Teknik Üniversitesi#69;Türk Kurtuluş Savaşı Batı Cephesi#666
Niğde Ömer Halisdemir Üniversitesi,https://tr.wikipedia.org/wiki/Ni%C4%9Fde_%C3%96mer_Halisdemir_%C3%9Cniversitesi,1,Niğde#29
"Alâeddin Camii U:(https://tr.wikipedia.org/wiki/Al%C3%A2eddin_Camii_(Konya))___ , ___E:Niğde U:(https://tr.wikipedia.org/wiki/Ni%C4%9Fde_(il))___ 'deki ___E:Niğde Kalesi",https://tr.wikipedia.org/wiki/Ni%C4%9Fde_Kalesi,2,I. Alâeddin Keykubad#4;Niğde#47
Niş,"https://tr.wikipedia.org/wiki/Ni%C5%9F,_S%C4%B1rbistan",2,I. Murad#82;II. Murad#132
Niş Muharebesi,https://tr.wikipedia.org/wiki/Ni%C5%9F_Muharebesi,1,II. Murad#132
Nişabur,https://tr.wikipedia.org/wiki/Ni%C5%9Fabur,2,Büyük Selçuklu İmparatorluğu#30;Fetret Devri#39
Nişancı,https://tr.wikipedia.org/wiki/Ni%C5%9Fanc%C4%B1,1,Osmanlı İmparatorluğu#316
Nişantaşı,https://tr.wikipedia.org/wiki/Ni%C5%9Fanta%C5%9F%C4%B1,1,İstanbul#471
Nişantaşı Anadolu Lisesi,https://tr.wikipedia.org/wiki/Ni%C5%9Fanta%C5%9F%C4%B1_Anadolu_Lisesi,1,İstanbul#500
nişasta,https://tr.wikipedia.org/wiki/Ni%C5%9Fasta,1,Şarap#74
Niaux,https://tr.wikipedia.org/wiki/Niaux_Ma%C4%9Faras%C4%B1,1,At#44
Niccolò Machiavelli,https://tr.wikipedia.org/wiki/Niccol%C3%B2_Machiavelli,1,II. Murad#136
Nice,https://tr.wikipedia.org/wiki/Nice_Ku%C5%9Fatmas%C4%B1,1,Osmanlı İmparatorluğu#201
Nicomedia,https://tr.wikipedia.org/wiki/Nicomedia,1,Julianus#13
Nihat Ergün,https://tr.wikipedia.org/wiki/Nihat_Erg%C3%BCn,1,Adalet ve Kalkınma Partisi#81
Nihat Erim'in,https://tr.wikipedia.org/wiki/Nihat_Erim,1,Türkiye Büyük Millet Meclisi#199
Nihat Ertuğ,https://tr.wikipedia.org/wiki/Nihat_Ertu%C4%9F,1,Türkiye millî basketbol takımı#97
Nika ayaklanması,https://tr.wikipedia.org/wiki/Nika_Ayaklanmas%C4%B1,1,Bizans İmparatorluğu#69
Nikaia,https://tr.wikipedia.org/wiki/Nikaia,2,Bizans İmparatorluğuCard#3;Osmanlı İmparatorluğuCard#2
nikel,https://tr.wikipedia.org/wiki/Nikel,2,Lidyalılar#21;Madenî para#35
Ni-MH,https://tr.wikipedia.org/wiki/Nikel-metal_hidrit_pil,1,Bisiklet#61
Nikolaos Trikupis,https://tr.wikipedia.org/wiki/Nikolaos_Trikupis,2,Mustafa Kemal Atatürk#508;Türk Kurtuluş Savaşı Batı Cephesi#971
Nikomedes,https://tr.wikipedia.org/wiki/Nikomedes,1,Tektosaglar#8
Nicomedia,https://tr.wikipedia.org/wiki/Nikomedia,1,Anadolu Selçuklu Devleti#39
Niksar,https://tr.wikipedia.org/wiki/Niksar,4,Dânişmend Gazi#11;Fetret Devri#151;I. Bayezid#50;Karadeniz Bölgesi#27
Nil,https://tr.wikipedia.org/wiki/Nil,2,Ahameniş İmparatorluğu#335;Türk Kurtuluş Savaşı Batı Cephesi#93
Nilüfer Hatun,https://tr.wikipedia.org/wiki/Nil%C3%BCfer_Hatun,3,I. Murad#10;I. Murad#2;I. MuradCard#12
Nil Deltası,https://tr.wikipedia.org/wiki/Nil_Deltas%C4%B1,1,Ahameniş İmparatorluğu#47
yardım aldı,https://tr.wikipedia.org/wiki/Nil_Muharebesi,1,Osmanlı İmparatorluğu#371
Nil Nehri,https://tr.wikipedia.org/wiki/Nil_Nehri,1,Asur#32
Nil'in ikinci akanağında,https://tr.wikipedia.org/wiki/Nil_akanaklar%C4%B1,1,Ahameniş İmparatorluğu#63
Nimetullahîlik,https://tr.wikipedia.org/wiki/Nimetullahilik,1,Ahilik#1
Nimrud,https://tr.wikipedia.org/wiki/Nimrud,1,Kimmerler#58
Ninova,https://tr.wikipedia.org/wiki/Ninova,3,Asur#5;Kral Yolu#6;Medler#52
Nizamülmülk,https://tr.wikipedia.org/wiki/Niz%C3%A2m%C3%BClm%C3%BClk,3,Büyük Selçuklu İmparatorluğu#176;Büyük Selçuklu İmparatorluğu#55
Nizamiye medreseleri,https://tr.wikipedia.org/wiki/Nizamiye_medresesi,1,Büyük Selçuklu İmparatorluğu#213
Nizip,https://tr.wikipedia.org/wiki/Nizip_zeytini,1,Zeytinyağı#133
Noël Duret,https://tr.wikipedia.org/wiki/No%C3%ABl_Duret,1,Osmanlı İmparatorluğu#655
Nobel Barış Ödülü,https://tr.wikipedia.org/wiki/Nobel_Bar%C4%B1%C5%9F_%C3%96d%C3%BCl%C3%BC,1,Mustafa Kemal Atatürk#680
Nobel Edebiyat Ödülü,https://tr.wikipedia.org/wiki/Nobel_Edebiyat_%C3%96d%C3%BCl%C3%BC,1,Türkiye#374
Nobel Kimya Ödülü,https://tr.wikipedia.org/wiki/Nobel_Kimya_%C3%96d%C3%BCl%C3%BC,1,Türkiye#303
Nogay Ordası,https://tr.wikipedia.org/wiki/Nogay_Ordas%C4%B1,7,Anadolu Selçuklu Devleti#2;Büyük Selçuklu İmparatorluğu#2;Germiyanoğulları Beyliği#2;Karamanoğulları Beyliği#27;Osmanlı İmparatorluğu#2;Selçuklu Hanedanı#2;Timur İmparatorluğu#2
Nogayca,https://tr.wikipedia.org/wiki/Nogayca,1,Türkçe#14
Nohut Çorbası,https://tr.wikipedia.org/wiki/Nohud-%C3%A2b,2,Çorba#17;Çorba#19
nohut,https://tr.wikipedia.org/wiki/Nohut,1,Balâ#49
Nola,https://tr.wikipedia.org/wiki/Nola,2,Augustus#299;AugustusCard#5
16,https://tr.wikipedia.org/wiki/Nominal_GSY%C4%B0H_de%C4%9Ferlerine_g%C3%B6re_%C3%BClkeler_listesi,2,Türkiye#247;TürkiyeCard#20
Norşuntepe Höyüğü,https://tr.wikipedia.org/wiki/Nor%C5%9Funtepe_H%C3%B6y%C3%BC%C4%9F%C3%BC,2,Kimmerler#50;Kimmerler#57
Noricum,https://tr.wikipedia.org/wiki/Noricum,1,Augustus#255
Norman Itzkowitz,https://tr.wikipedia.org/wiki/Norman_Itzkowitz,1,Mustafa Kemal Atatürk#48
Norman M. Naimark,https://tr.wikipedia.org/wiki/Norman_Naimark,2,Lozan Antlaşması#28;Türk Kurtuluş Savaşı Batı Cephesi#979
Normanlar,https://tr.wikipedia.org/wiki/Normanlar,2,Anadolu Selçuklu Devleti#342;Bizans İmparatorluğu#215
Norveç,https://tr.wikipedia.org/wiki/Norve%C3%A7,2,Anıtkabir#268;Türkiye#254
Nova Roma,https://tr.wikipedia.org/wiki/Nova_Roma,3,Bizans İmparatorluğu#42;Türkiye#56;İstanbul#61
Novaya Zemlya,https://tr.wikipedia.org/wiki/Novaya_Zemlya,1,UTC+03.00#2
Justinianus tarafından 534'ten sonra konulan yasalar,https://tr.wikipedia.org/wiki/Novellae_Constitutiones,1,Bizans İmparatorluğu#68
Novoçerkassk,https://tr.wikipedia.org/wiki/Novo%C3%A7erkassk,1,Kimmerler#35
"Enverî U:(https://tr.wikipedia.org/wiki/Enver%C3%AE_(tarih%C3%A7i))___ ise, Osmanlıların Oğuz soyundan geldiğinden bahsederek Kayıların soyunu ___E:Nuh",https://tr.wikipedia.org/wiki/Nuh,1,Osmanlı İmparatorluğu#51
Numan Kurtulmuş,https://tr.wikipedia.org/wiki/Numan_Kurtulmu%C5%9F,2,Türkiye#158;TürkiyeCard#10
Numitor,https://tr.wikipedia.org/wiki/Numitor,1,Antik Roma#9
Gavur Dağları,https://tr.wikipedia.org/wiki/Nur_Da%C4%9Flar%C4%B1,2,Anıtkabir#162;Anıtkabir#61
Nur Germen,https://tr.wikipedia.org/wiki/Nur_Germen,3,Türkiye millî basketbol takımı#118;Türkiye millî basketbol takımı#122;Türkiye millî basketbol takımı#128
Nureddin Bey,https://tr.wikipedia.org/wiki/Nureddin_Bey,2,Karamanoğulları Beyliği#1;Karamanoğulları Beyliği#4
Nurettin İğci,https://tr.wikipedia.org/wiki/Nurettin_%C4%B0%C4%9Fci,1,Anıtkabir#310
Nuri Aslan,https://tr.wikipedia.org/wiki/Nuri_Aslan,1,İstanbulCard#8
Nuri,https://tr.wikipedia.org/wiki/Nuri_Conker,3,Mustafa Kemal Atatürk#103;Mustafa Kemal Atatürk#218;Mustafa Kemal Atatürk#644
Nuri,https://tr.wikipedia.org/wiki/Nuri_Killigil,1,Mustafa Kemal Atatürk#134
Nuri Pakdil,https://tr.wikipedia.org/wiki/Nuri_Pakdil,1,Mehmet Akif Ersoy Müze Evi#19
Nuri Saryal,https://tr.wikipedia.org/wiki/Nuri_Saryal,1,Orta Doğu Teknik Üniversitesi#361
Nusaybin,https://tr.wikipedia.org/wiki/Nusaybin,1,Türk Kurtuluş Savaşı#52
Nusret Suman,https://tr.wikipedia.org/wiki/Nusret_Suman,1,Anıtkabir#65
Oğuz Han,https://tr.wikipedia.org/wiki/O%C4%9Fuz_Han,3,Osmanlı Hanedanı#12;Osmanlı İmparatorluğu#40
Oğuz Kağan Destanı,https://tr.wikipedia.org/wiki/O%C4%9Fuz_Ka%C4%9Fan_Destan%C4%B1,1,Osmanlı İmparatorluğu#39
Oğuz Savaş,https://tr.wikipedia.org/wiki/O%C4%9Fuz_Sava%C5%9F,4,Türkiye millî basketbol takımı#148;Türkiye millî basketbol takımı#150;Türkiye millî basketbol takımı#152;Türkiye millî basketbol takımı#154
Oğuz Yabgu Devleti,https://tr.wikipedia.org/wiki/O%C4%9Fuz_Yabgu_Devleti,1,Selçuklu Hanedanı#13
Oğuz Yabguluğu,https://tr.wikipedia.org/wiki/O%C4%9Fuz_Yabgulu%C4%9Fu,9,Ahilik#26;Anadolu Selçuklu Devleti#2;Büyük Selçuklu İmparatorluğu#2;Büyük Selçuklu İmparatorluğu#9;Germiyanoğulları Beyliği#2;Karamanoğulları Beyliği#27;Osmanlı İmparatorluğu#2;Selçuklu Hanedanı#2;Timur İmparatorluğu#2
24 Oğuz boylarından,https://tr.wikipedia.org/wiki/O%C4%9Fuz_boylar%C4%B1_listesi,1,Büyük Selçuklu İmparatorluğu#14
Oğuz dilleri,https://tr.wikipedia.org/wiki/O%C4%9Fuz_dil_grubu,6,Türkçe#1;Türkçe#111;Türkçe#12;Türkçe#312;Türkçe#56;Türkçe#8
Oğuz Türklerinin,https://tr.wikipedia.org/wiki/O%C4%9Fuzlar,25,"Ahilik#27;Anadolu Selçuklu Devleti#456;Anadolu#9;Anıtkabir#173;Artuk Bey#2;Balâ#4;Büyük Selçuklu sultanları listesi#2;Büyük Selçuklu İmparatorluğu#156;Büyük Selçuklu İmparatorluğu#160;Büyük Selçuklu İmparatorluğu#169;Büyük Selçuklu İmparatorluğu#171;Büyük Selçuklu İmparatorluğu#6;Kızılcahamam#6;Malazgirt Meydan Muharebesi#42;Malazgirt Meydan Muharebesi#80;Osmanlı Hanedanı#4;Osmanlı İmparatorluğu#37;Osmanlı İmparatorluğu#6;Selçuklu Hanedanı#6;Selçuklu Hanedanı#7;Timur İmparatorluğu#22;Türkiye#60;Çorum#8;Çubuk, Ankara#11;Çubuk, Ankara#9"
Oğuznamede,https://tr.wikipedia.org/wiki/O%C4%9Fuzname,1,Selçuklu Hanedanı#9
ODTÜ Arkeoloji Müzesi,https://tr.wikipedia.org/wiki/ODT%C3%9C_Arkeoloji_M%C3%BCzesi,1,Orta Doğu Teknik Üniversitesi#151
Atatürk Anıtı,https://tr.wikipedia.org/wiki/ODT%C3%9C_Atat%C3%BCrk_An%C4%B1t%C4%B1,2,Orta Doğu Teknik Üniversitesi#161;Orta Doğu Teknik Üniversitesi#52
ODTÜ Bilim ve Teknoloji Müzesi,https://tr.wikipedia.org/wiki/ODT%C3%9C_Bilim_ve_Teknoloji_M%C3%BCzesi,4,Ankara#106;Ankara#111;Orta Doğu Teknik Üniversitesi#151;Orta Doğu Teknik Üniversitesi#82
Gaziantep Yerleşkesi,https://tr.wikipedia.org/wiki/ODT%C3%9C_Gaziantep_M%C3%BChendislik_Fak%C3%BCltesi,3,Orta Doğu Teknik Üniversitesi#162;Orta Doğu Teknik Üniversitesi#170;Orta Doğu Teknik Üniversitesi#306
ODTÜ Kütüphanesi,https://tr.wikipedia.org/wiki/ODT%C3%9C_K%C3%BCt%C3%BCphanesi,2,Orta Doğu Teknik Üniversitesi#148;Orta Doğu Teknik Üniversitesi#48
Mimarlık Fakültesi,https://tr.wikipedia.org/wiki/ODT%C3%9C_Mimarl%C4%B1k_Fak%C3%BCltesi,1,Orta Doğu Teknik Üniversitesi#37
ODTÜ-Teknokent,https://tr.wikipedia.org/wiki/ODT%C3%9C_Teknokent,1,Orta Doğu Teknik Üniversitesi#124
Tiyatro Şenliği,https://tr.wikipedia.org/wiki/ODT%C3%9C_Tiyatro_%C5%9Eenli%C4%9Fi,1,Orta Doğu Teknik Üniversitesi#184
OECD,https://tr.wikipedia.org/wiki/OECD,7,Türkiye#111;Türkiye#17;Türkiye#174;Türkiye#247;Türkiye#257;Türkiye#347
OPEC,https://tr.wikipedia.org/wiki/OPEC,1,Ticaret#108
OSTİM,https://tr.wikipedia.org/wiki/OST%C4%B0M,2,Gazi Üniversitesi#4;Yenimahalle#17
Obruk Barajı,https://tr.wikipedia.org/wiki/Obruk_Baraj%C4%B1,1,Kızılırmak#36
"Büyük Türkiye Partisi U:(https://tr.wikipedia.org/wiki/B%C3%BCy%C3%BCk_T%C3%BCrkiye_Partisi_(2020))___ , ___E:Ocak Partisi",https://tr.wikipedia.org/wiki/Ocak_Partisi,1,2024 Türkiye yerel seçimleri#31
Octavia Portikosu,https://tr.wikipedia.org/wiki/Octavia_Portikosu,1,Augustus#361
Odesa,https://tr.wikipedia.org/wiki/Odessa,1,Türk Kurtuluş Savaşı Batı Cephesi#114
Odoacer,https://tr.wikipedia.org/wiki/Odoacer,3,Antik Roma#57;Bizans İmparatorluğu#56;Roma İmparatorluğu#426
odun,https://tr.wikipedia.org/wiki/Odun,2,Orman#65;Tandır#5
Of,https://tr.wikipedia.org/wiki/Of,1,Karadeniz Bölgesi#41
Oftalmoloji,https://tr.wikipedia.org/wiki/Oftalmoloji,1,İstanbul#546
Ogier Ghiselin de Busbecq,https://tr.wikipedia.org/wiki/Ogier_Ghiselin_de_Busbecq,1,Augustus Tapınağı#9
Ogur grubuna,https://tr.wikipedia.org/wiki/Ogur_%C3%B6be%C4%9Fi,2,Türkçe#50;Türkçe#55
Ohri,https://tr.wikipedia.org/wiki/Ohri,1,I. Murad#83
Ohtamış,"https://tr.wikipedia.org/wiki/Ohtam%C4%B1%C5%9F,_Ulubey",1,Karadeniz Bölgesi#63
Ohtamış Şelalesi,https://tr.wikipedia.org/wiki/Ohtam%C4%B1%C5%9F_%C5%9Eelalesi,1,Karadeniz Bölgesi#63
ok,https://tr.wikipedia.org/wiki/Ok,1,Kimmerler#53
Okçular,"https://tr.wikipedia.org/wiki/Ok%C3%A7ular,_%C3%87ubuk",1,"Çubuk, Ankara#8"
okçuluğa,https://tr.wikipedia.org/wiki/Ok%C3%A7uluk,1,Ahameniş İmparatorluğu#308
Okeanos,https://tr.wikipedia.org/wiki/Okeanos,1,Kimmerler#91
Okinawa,https://tr.wikipedia.org/wiki/Okinawa,1,Karate#2
okka,https://tr.wikipedia.org/wiki/Okka,1,Mustafa Kemal Atatürk#598
oklava,https://tr.wikipedia.org/wiki/Oklava,1,Kete#13
oksidasyondan,https://tr.wikipedia.org/wiki/Oksidasyon,1,Şarap#36
oksijen,https://tr.wikipedia.org/wiki/Oksijen,1,Orman#75
Oksiyartis,https://tr.wikipedia.org/wiki/Oksiyartis,1,İskender#200
okul,https://tr.wikipedia.org/wiki/Okul,1,Antik Yunanistan#12
Okuryazarlık,https://tr.wikipedia.org/wiki/Okuryazarl%C4%B1k,2,Antik Yunanistan#221;Antik Yunanistan#29
okutman,https://tr.wikipedia.org/wiki/Okutman,1,Üniversite#18
Cfb,https://tr.wikipedia.org/wiki/Okyanusal_iklim,4,Köppen iklim sınıflandırması#80;Türkiye#237;İstanbul#127;İstanbulCard#24
Olcaytu,https://tr.wikipedia.org/wiki/Olcaytu,1,Germiyanoğulları Beyliği#70
oleik asit,https://tr.wikipedia.org/wiki/Oleik_asit,1,Zeytinyağı#160
oligarşi,https://tr.wikipedia.org/wiki/Oligar%C5%9Fi,2,Antik Roma#2;Antik Roma#89
Olimpias,https://tr.wikipedia.org/wiki/Olimpias,2,İskender#23;İskenderCard#13
Olimpiyat Oyunları,https://tr.wikipedia.org/wiki/Olimpiyat_Oyunlar%C4%B1,3,Atletizm#3;Güreş#26;Güreş#86
Olimpos Dağı,https://tr.wikipedia.org/wiki/Olimpos_Da%C4%9F%C4%B1,1,Antik Yunanistan#237
Olivera Despina Hatun,https://tr.wikipedia.org/wiki/Olivera_Despina_Hatun,2,Ankara Muharebesi#207;I. BayezidCard#7
oluklu kiremitle,https://tr.wikipedia.org/wiki/Oluklu_kiremit,1,Beypazarı#40
Olympos,https://tr.wikipedia.org/wiki/Olympos,1,Frigya#13
omnibüs,https://tr.wikipedia.org/wiki/Omnib%C3%BCs,1,Osmanlı İmparatorluğu#518
Omurtag,https://tr.wikipedia.org/wiki/Omurtag,1,Bizans İmparatorluğu#119
On İki Ada,https://tr.wikipedia.org/wiki/On_%C4%B0ki_Ada,2,Mustafa Kemal Atatürk#116;Türk Kurtuluş Savaşı#202
On Bin Yunan paralı askerinden,https://tr.wikipedia.org/wiki/On_Binler,1,Ahameniş İmparatorluğu#137
19. Hanedan,https://tr.wikipedia.org/wiki/On_Dokuzuncu_Hanedan,1,Ankara Roma Hamamı#27
Ondokuz Mayıs Üniversitesi,https://tr.wikipedia.org/wiki/Ondokuz_May%C4%B1s_%C3%9Cniversitesi,1,Mustafa Kemal Atatürk#827
Onuncu Yıl Nutku,https://tr.wikipedia.org/wiki/Onuncu_Y%C4%B1l_Nutku,2,Anıtkabir#120;Mustafa Kemal Atatürk#655
Onuralp Bitim,https://tr.wikipedia.org/wiki/Onuralp_Bitim,1,Türkiye millî basketbol takımı#64
opera,https://tr.wikipedia.org/wiki/Opera,1,İstanbul#437
İzmir Opera,https://tr.wikipedia.org/wiki/Opera_%C4%B0zmir,1,İzmir#207
Opis Muharebesi,https://tr.wikipedia.org/wiki/Opis_Muharebesi,1,Ahameniş İmparatorluğu#40
oral seksin,https://tr.wikipedia.org/wiki/Oral_seks,1,Antik Yunanistan#296
ordinaryüs,https://tr.wikipedia.org/wiki/Ordinary%C3%BCs,1,Üniversite#18
Ordu-Giresun,https://tr.wikipedia.org/wiki/Ordu-Giresun_Havaliman%C4%B1,1,Karadeniz Bölgesi#86
Ordu,https://tr.wikipedia.org/wiki/Ordu_B%C3%BCy%C3%BCk%C5%9Fehir_Belediyesi,1,Büyükşehir belediyesi#18
org,https://tr.wikipedia.org/wiki/Org,2,Bizans İmparatorluğu#413;Bizans İmparatorluğu#416
Orgeneral,https://tr.wikipedia.org/wiki/Orgeneral,1,Cumhuriyet Halk Partisi#87
Orhan Arda,https://tr.wikipedia.org/wiki/Orhan_Arda,3,Anıtkabir#1;Anıtkabir#29;AnıtkabirCard#13
Orhan Doğan,https://tr.wikipedia.org/wiki/Orhan_Do%C4%9Fan,1,Ulucanlar Cezaevi Müzesi#10
Orhan Gazi,https://tr.wikipedia.org/wiki/Orhan_Gazi,17,Ankara Muharebesi#228;Ankara Muharebesi#26;Germiyanoğulları Beyliği#52;Germiyanoğulları Beyliği#58;I. Murad#13;I. Murad#2;I. MuradCard#11;I. MuradCard#2;Kızılcahamam#8;Madenî para#84;Osmanlı Hanedanı#14;Osmanlı İmparatorluğu#120;Osmanlı İmparatorluğu#313;Osmanlı İmparatorluğu#348;Osmanlı İmparatorluğu#393;Sultan Alaeddin Camii#20
Rumeli'ye geçişin,https://tr.wikipedia.org/wiki/Orhan_Gazi#Rumeli'ye_geçiş,1,Osmanlı İmparatorluğu#361
Orhan Gencebay,https://tr.wikipedia.org/wiki/Orhan_Gencebay,1,Divan sazı#4
Orhan Pamuk,https://tr.wikipedia.org/wiki/Orhan_Pamuk,1,Türkiye#374
Orhan Peker,https://tr.wikipedia.org/wiki/Orhan_Peker,1,Ankara Resim ve Heykel Müzesi#28
Orhun Ene,https://tr.wikipedia.org/wiki/Orhun_Ene,6,Türkiye millî basketbol takımı#126;Türkiye millî basketbol takımı#128;Türkiye millî basketbol takımı#130;Türkiye millî basketbol takımı#132;Türkiye millî basketbol takımı#136;Türkiye millî basketbol takımı#44
Orhun Yazıtları,https://tr.wikipedia.org/wiki/Orhun_Yaz%C4%B1tlar%C4%B1,4,Türkçe#114;Türkçe#50;Türkçe#65;Türkçe#68
Orkestraya,https://tr.wikipedia.org/wiki/Orkestra,3,Davul#93;Def#6;İstanbul#438
orkide,https://tr.wikipedia.org/wiki/Orkide,1,Orman#12
Orkun Uçar,https://tr.wikipedia.org/wiki/Orkun_U%C3%A7ar,1,Anıtkabir#308
orman,https://tr.wikipedia.org/wiki/Orman,2,Ankara#77;Türkiye#237
orman formasyonu,https://tr.wikipedia.org/wiki/Orman_formasyonu,1,Orman#19
ormancılık,https://tr.wikipedia.org/wiki/Ormanc%C4%B1l%C4%B1k,1,İstanbul#300
Ermenistan Satrapı,https://tr.wikipedia.org/wiki/Orontes_Hanedan%C4%B1,3,Ahameniş İmparatorluğu#164;Ahameniş İmparatorluğu#221;Türkiye#47
Orpheus,https://tr.wikipedia.org/wiki/Orpheus,1,Antik Yunanistan#290
Orta,"https://tr.wikipedia.org/wiki/Orta,_%C3%87ank%C4%B1r%C4%B1",1,Yeniden Refah Partisi#18
Orta Çağ,https://tr.wikipedia.org/wiki/Orta_%C3%87a%C4%9F,17,"Antik Roma#272;Antik Roma#5;Anıtkabir#97;Bizans İmparatorluğu#1;Bizans İmparatorluğu#353;Büyük Selçuklu İmparatorluğu#6;Lidyalılar#5;Medler#99;Osmanlı İmparatorluğu#164;Osmanlı İmparatorluğu#6;Roma imparatoru#9;Timur İmparatorluğuCard#10;Türkiye#23;Çubuk, Ankara#18;Üniversite#17;İnşaat#15;İstanbul#73"
Orta Çağ Yunancası,https://tr.wikipedia.org/wiki/Orta_%C3%87a%C4%9F_Yunancas%C4%B1,3,Bizans İmparatorluğu#425;Bizans İmparatorluğuCard#4;Malazgirt Meydan Muharebesi#9
Orta Çağ sanatını,https://tr.wikipedia.org/wiki/Orta_%C3%87a%C4%9F_sanat%C4%B1,1,Bizans İmparatorluğu#398
Orta Amerika,https://tr.wikipedia.org/wiki/Orta_Amerika,1,Köppen iklim sınıflandırması#98
Orta Anadolu,https://tr.wikipedia.org/wiki/Orta_Anadolu,2,Galatlar#1;Galatlar#2
Orta Asya,https://tr.wikipedia.org/wiki/Orta_Asya,24,Ahameniş İmparatorluğu#3;Ahameniş İmparatorluğu#36;Ahameniş İmparatorluğu#92;Ahilik#27;Anadolu Selçuklu Devleti#7;Ankara Muharebesi#257;Ankara keçisi#1;Anıtkabir#94;Binicilik#65;Büyük Selçuklu İmparatorluğu#66;Büyük Selçuklu İmparatorluğu#7;II. Kiros#2;Kimmerler#29;Osmanlı İmparatorluğu#459;Osmanlı İmparatorluğu#85;Selçuklu Hanedanı#6;Timur#1;Türkiye#183;Türkiye#358;Türkiye#60;Türkçe#116;Türkçe#12;Türkçe#71;İstanbul#443
Orta Avrupa,https://tr.wikipedia.org/wiki/Orta_Avrupa,3,Bizans İmparatorluğu#485;Galatlar#1;Türkiye#77
CEST,https://tr.wikipedia.org/wiki/Orta_Avrupa_Yaz_Saati,2,Karadeniz BölgesiCard#6;İç Anadolu BölgesiCard#6
Orta Doğu,https://tr.wikipedia.org/wiki/Orta_Do%C4%9Fu,20,Malazgirt Meydan Muharebesi#116;Orta Doğu Teknik Üniversitesi#4;Orta Doğu Teknik Üniversitesi#92;Osmanlı İmparatorluğu#16;Osmanlı İmparatorluğu#399;Selçuklu Hanedanı#6;Selçuklu Hanedanı#7;Timur#1;Tunç Çağı#7;Türk Kurtuluş Savaşı Batı Cephesi#61;Türk Kurtuluş Savaşı Batı Cephesi#65;Türkiye#181;Türkiye#331;Türkçe#11;Türkçe#18;Türkçe#2;Türkçe#71;İslam devleti#39;İstanbul#443
Orta Doğu Teknik Üniversitesi,https://tr.wikipedia.org/wiki/Orta_Do%C4%9Fu_Teknik_%C3%9Cniversitesi,6,Ankara#187;Augustus Tapınağı#4;Feza Gürsey Bilim Merkezi#8;ODTÜ Bilim ve Teknoloji Müzesi#1;Türkiye#351;Çukurambar#3
İdari Bilimler Fakültesi,https://tr.wikipedia.org/wiki/Orta_Do%C4%9Fu_Teknik_%C3%9Cniversitesi_%C4%B0ktisadi_ve_%C4%B0dari_Bilimler_Fak%C3%BCltesi,2,Orta Doğu Teknik Üniversitesi#11;Orta Doğu Teknik Üniversitesi#19
Deniz Bilimleri Enstitüsü,https://tr.wikipedia.org/wiki/Orta_Do%C4%9Fu_Teknik_%C3%9Cniversitesi_Deniz_Bilimleri_Enstit%C3%BCs%C3%BC,3,Orta Doğu Teknik Üniversitesi#1;Orta Doğu Teknik Üniversitesi#162;Orta Doğu Teknik Üniversitesi#170
Fen-Edebiyat Falültesi,https://tr.wikipedia.org/wiki/Orta_Do%C4%9Fu_Teknik_%C3%9Cniversitesi_Fen_Edebiyat_Fak%C3%BCltesi,1,Orta Doğu Teknik Üniversitesi#37
Kuzey Kıbrıs Kampüsü,https://tr.wikipedia.org/wiki/Orta_Do%C4%9Fu_Teknik_%C3%9Cniversitesi_Kuzey_K%C4%B1br%C4%B1s_Kamp%C3%BCs%C3%BC,3,Orta Doğu Teknik Üniversitesi#1;Orta Doğu Teknik Üniversitesi#81;Orta Doğu Teknik Üniversitesi#85
Tunç Çağı Orta Doğusu,https://tr.wikipedia.org/wiki/Orta_Do%C4%9Fu_tarihinin_kronolojik_listesi,1,Anadolu#46
Orta Farsça,https://tr.wikipedia.org/wiki/Orta_Fars%C3%A7a,4,Bizans İmparatorluğu#482;Farslar#5;Şarap#16;Şarap#24
Orta Karadeniz Bölümü,https://tr.wikipedia.org/wiki/Orta_Karadeniz_B%C3%B6l%C3%BCm%C3%BC,1,Çorum#3
Mezolitik Devir,https://tr.wikipedia.org/wiki/Orta_Ta%C5%9F_%C3%87a%C4%9F%C4%B1,1,Taş Devri#9
Orta Toroslar,https://tr.wikipedia.org/wiki/Orta_Toroslar,1,Konya#18
Orta,https://tr.wikipedia.org/wiki/Orta_Tun%C3%A7_%C3%87a%C4%9F%C4%B1,3,Gordion Müzesi#24;Tunç Çağı#22
Ortahisar,https://tr.wikipedia.org/wiki/Ortahisar,1,Kapadokya#50
Ortaköy,"https://tr.wikipedia.org/wiki/Ortak%C3%B6y,_%C3%87orum",1,Çorum#8
Ortaköy,"https://tr.wikipedia.org/wiki/Ortak%C3%B6y,_%C5%9Eark%C4%B1%C5%9Fla",1,Şarkışla#168
Ortaköy,"https://tr.wikipedia.org/wiki/Ortak%C3%B6y,_Be%C5%9Fikta%C5%9F",1,İstanbul#473
Ortak Türk Alfabesi,https://tr.wikipedia.org/wiki/Ortak_T%C3%BCrk_alfabesi,1,Latin harfleri#10
Ortanın solu,https://tr.wikipedia.org/wiki/Ortan%C4%B1n_solu,1,Cumhuriyet Halk Partisi#60
ortanca yaşı,https://tr.wikipedia.org/wiki/Ortanca_ya%C5%9F,1,Türkiye#310
Ortodoks,https://tr.wikipedia.org/wiki/Ortodoks,1,Roma İmparatorluğu#327
Oruç Bey,https://tr.wikipedia.org/wiki/Oru%C3%A7_Bey,3,Ankara Muharebesi#111;Osmanlı İmparatorluğu#54;Timur#565
oryantal dans,https://tr.wikipedia.org/wiki/Oryantal_dans,1,Osmanlı İmparatorluğu#586
Osetçe,https://tr.wikipedia.org/wiki/Oset%C3%A7e,1,II. Kiros#21
Osetya,https://tr.wikipedia.org/wiki/Osetya,1,Kimmerler#48
Osman Fazıl Paşa,https://tr.wikipedia.org/wiki/Osman_Faz%C4%B1l_Polat,1,Hacı Bayram Camii#7
Osman Fuad Efendi,https://tr.wikipedia.org/wiki/Osman_Fuad_Efendi,1,Mustafa Kemal Atatürk#140
Osman Gürün,https://tr.wikipedia.org/wiki/Osman_G%C3%BCr%C3%BCn,1,2024 Türkiye yerel seçimleri#34
Osman Gazi,https://tr.wikipedia.org/wiki/Osman_Gazi,15,Bizans İmparatorluğu#309;Germiyanoğulları Beyliği#52;Madenî para#85;Osmanlı Hanedanı#11;Osmanlı Hanedanı#13;Osmanlı Hanedanı#14;Osmanlı Hanedanı#3;Osmanlı Hanedanı#4;Osmanlı İmparatorluğu#110;Osmanlı İmparatorluğu#114;Osmanlı İmparatorluğu#21;Osmanlı İmparatorluğu#394;Osmanlı İmparatorluğu#6;Osmanlı İmparatorluğuCard#9;Türkiye#70
Osman Hamdi Bey,https://tr.wikipedia.org/wiki/Osman_Hamdi_Bey,2,Ankara Resim ve Heykel Müzesi#3;Türkiye#362
Osmancık,https://tr.wikipedia.org/wiki/Osmanc%C4%B1k,1,Çorum#8
Osmangazi,https://tr.wikipedia.org/wiki/Osmangazi,1,I. MuradCard#6
Osmangazi Köprüsü,https://tr.wikipedia.org/wiki/Osmangazi_K%C3%B6pr%C3%BCs%C3%BC,1,Türkiye#290
Osmaniye,https://tr.wikipedia.org/wiki/Osmaniye,7,Milliyetçi Hareket Partisi#47;Milliyetçi Hareket Partisi#56;Milliyetçi Hareket Partisi#59;Milliyetçi Hareket Partisi#62;Milliyetçi Hareket Partisi#73;Milliyetçi Hareket Partisi#76;Türk Kurtuluş Savaşı#146
Osmaniye köyü,"https://tr.wikipedia.org/wiki/Osmaniye,_Sincan",1,Yenimahalle#6
Kutsal İttifak Savaşları,https://tr.wikipedia.org/wiki/Osmanl%C4%B1-Kutsal_%C4%B0ttifak_sava%C5%9Flar%C4%B1,4,Osmanlı İmparatorluğu#218;Osmanlı İmparatorluğu#223;Türkiye#11;Türkiye#79
Memlûklar ile yapılan savaş,https://tr.wikipedia.org/wiki/Osmanl%C4%B1-Meml%C3%BBk_Sava%C5%9F%C4%B1,2,Karamanoğulları Beyliği#22;Osmanlı İmparatorluğu#183
Osmanlı-Rus Savaşı,https://tr.wikipedia.org/wiki/Osmanl%C4%B1-Rus_sava%C5%9Flar%C4%B1,1,Osmanlı İmparatorluğu#250
unvanlarına,https://tr.wikipedia.org/wiki/Osmanl%C4%B1_%C3%BCnvanlar%C4%B1#Osmanlı_hanedanı,1,Osmanlı İmparatorluğu#13
Osmanlı,https://tr.wikipedia.org/wiki/Osmanl%C4%B1_%C4%B0mparatorlu%C4%9Fu,131,"1916 Ankara Yangını#8;Afşin#1;Ahameniş İmparatorluğu#435;Ahilik#6;Anadolu Selçuklu Devleti#2;Anadolu#2;Anadolu#5;Anadolu#71;Ankara Kalesi#1;Ankara Muharebesi#1;Ankara Muharebesi#29;Ankara Roma Hamamı#22;Ankara Vilayeti#1;Ankara#16;Ankara#55;Antik Roma#6;Antik Roma#70;Anıtkabir#12;Anıtkabir#226;Balâ#16;Balâ#25;Beypazarı#2;Binicilik#71;Bizans İmparatorluğu#1;Bizans İmparatorluğu#15;Bizans İmparatorluğu#318;Büyük Selçuklu İmparatorluğu#2;Davul#31;Demiryolu ulaşımı#17;Fetret Devri#3;Germiyanoğulları Beyliği#2;Germiyanoğulları Beyliği#60;Germiyanoğulları Beyliği#8;Höyük#10;I. Bayezid#1;I. Bayezid#134;I. Bayezid#136;I. Bayezid#7;I. BayezidCard#4;I. BayezidCard#5;I. Murad#1;I. MuradCard#4;II. Murad#1;II. Murad#281;II. MuradCard#4;II. MuradCard#5;Kalecik#21;Kalecik#22;Kalecik#4;Kapadokya#34;Karamanoğulları Beyliği#27;Kayseri#35;Konya#36;Kızılcahamam#8;Malazgirt Meydan Muharebesi#114;Meclis-i Mebûsan#1;Mustafa Kemal Atatürk#198;Mustafa Kemal Atatürk#425;Mustafa Kemal AtatürkCard#21;Mustafa Kemal AtatürkCard#7;Osmanlı Hanedanı#1;Osmanlı Hanedanı#13;Osmanlı Hanedanı#17;Osmanlı Hanedanı#3;Polatlı#4;Roma imparatoru#3;Roma İmparatorluğu#3;Roma İmparatorluğu#431;Selçuklu Hanedanı#2;Sivas#65;Timur İmparatorluğu#2;Timur İmparatorluğu#23;Timur İmparatorluğu#51;Timur#428;Türk Hava Kurumu Müzesi#9;Türk Kurtuluş Savaşı Batı Cephesi#106;Türk Kurtuluş Savaşı Batı Cephesi#4;Türk Kurtuluş Savaşı#13;Türk Kurtuluş Savaşı#142;Türkiye Büyük Millet Meclisi#148;Türkiye Büyük Millet Meclisi#3;Türkiye Büyük Millet Meclisi#49;Türkiye Büyük Millet Meclisi#62;Türkiye#103;Türkiye#11;Türkiye#14;Türkiye#24;Türkiye#345;Türkiye#378;Türkiye#380;Türkiye#59;Türkiye#69;Türkiye#79;Türkiye#9;Türkiye#99;Türkçe#106;Türkçe#122;Türkçe#146;Türkçe#2;Türkçe#20;Türkçe#87;Çengelhan Rahmi M. Koç Müzesi#5;Çorum#12;Çubuk, Ankara#17;Çubuk, Ankara#19;Çubuk, Ankara#2;Üniversite#35;İslam devleti#45;İstanbul#15;İstanbul#238;İstanbul#260;İstanbul#358;İstanbul#381;İstanbul#405;İstanbul#43;İstanbul#432;İstanbul#445;İstanbul#48;İstanbul#500;İstanbul#512;İstanbul#537;İstanbul#592;İstanbul#73;İzmir#115;İzmir#164;İzmir#173;İzmir#203;İzmir#86;Şereflikoçhisar#16"
Osmanlı ekonomisini,https://tr.wikipedia.org/wiki/Osmanl%C4%B1_%C4%B0mparatorlu%C4%9Fu%27nun_ekonomik_tarihi,1,Türkiye#75
Türk azınlıklar,https://tr.wikipedia.org/wiki/Osmanl%C4%B1_%C4%B0mparatorlu%C4%9Fu%27nun_eski_topraklar%C4%B1ndaki_T%C3%BCrk_topluluklar%C4%B1,1,Türkçe#20
Osmanlı eyaleti,https://tr.wikipedia.org/wiki/Osmanl%C4%B1_%C4%B0mparatorlu%C4%9Fu%27nun_idari_b%C3%B6l%C3%BCn%C3%BC%C5%9F%C3%BC,2,II. Murad#115;Osmanlı İmparatorluğu#14
Türkiye veya Türk İmparatorluğu,"https://tr.wikipedia.org/wiki/Osmanl%C4%B1_%C4%B0mparatorlu%C4%9Fu%27nun_isimleri#İmparatorluk_dönemi,_1453",1,Türkiye#24
dağılmanın önüne geçemedi,https://tr.wikipedia.org/wiki/Osmanl%C4%B1_%C4%B0mparatorlu%C4%9Fu_da%C4%9F%C4%B1lma_d%C3%B6nemi,3,Bizans İmparatorluğu#347;Türkiye#13;Türkiye#81
durgunluk dönemine,https://tr.wikipedia.org/wiki/Osmanl%C4%B1_%C4%B0mparatorlu%C4%9Fu_duraklama_d%C3%B6nemi,1,Osmanlı İmparatorluğu#309
gerilemeye başladı,https://tr.wikipedia.org/wiki/Osmanl%C4%B1_%C4%B0mparatorlu%C4%9Fu_gerileme_d%C3%B6nemi,1,Türkiye#79
kapitülasyonlardan,https://tr.wikipedia.org/wiki/Osmanl%C4%B1_%C4%B0mparatorlu%C4%9Fu_kapit%C3%BClasyonlar%C4%B1,2,Lozan Antlaşması#16;İzmir#97
Osmanlı tarihinde,https://tr.wikipedia.org/wiki/Osmanl%C4%B1_%C4%B0mparatorlu%C4%9Fu_kronolojisi,1,Ankara Muharebesi#226
Ahrar Fırkası,https://tr.wikipedia.org/wiki/Osmanl%C4%B1_Ahrar_F%C4%B1rkas%C4%B1,2,Meclis-i MebûsanCard#6;Türkiye Büyük Millet Meclisi#55
Osmanlı arşiv,https://tr.wikipedia.org/wiki/Osmanl%C4%B1_Ar%C5%9Fivi,1,Balâ#3
Osmanlı Bankası,https://tr.wikipedia.org/wiki/Osmanl%C4%B1_Bankas%C4%B1,1,Madenî para#90
cihad ilan ettiren,https://tr.wikipedia.org/wiki/Osmanl%C4%B1_Cihat_Beyannamesi,1,Osmanlı İmparatorluğu#345
Osmanlı Devleti,https://tr.wikipedia.org/wiki/Osmanl%C4%B1_Devleti,1,Karamanoğulları Beyliği#10
Osmanlı Hürriyetperver Avam Fırkası,https://tr.wikipedia.org/wiki/Osmanl%C4%B1_H%C3%BCrriyetperver_Avam_F%C4%B1rkas%C4%B1,1,Mustafa Kemal AtatürkCard#13
Osmanlı Hanedanı,https://tr.wikipedia.org/wiki/Osmanl%C4%B1_Hanedan%C4%B1,15,Ankara#56;Germiyanoğulları Beyliği#48;Germiyanoğulları Beyliği#59;I. BayezidCard#10;I. MuradCard#10;II. MuradCard#10;Osmanlı İmparatorluğu#12;Osmanlı İmparatorluğu#19;Osmanlı İmparatorluğu#195;Osmanlı İmparatorluğu#37;Osmanlı İmparatorluğu#531;Osmanlı İmparatorluğu#6;Osmanlı İmparatorluğu#91;Türkiye#15;Türkiye#72
Osmanlı Hanedan Defteri,https://tr.wikipedia.org/wiki/Osmanl%C4%B1_Hanedan_Defteri,1,Osmanlı Hanedanı#21
Osmanlı Partisi,https://tr.wikipedia.org/wiki/Osmanl%C4%B1_Partisi,1,Büyük Birlik PartisiCard#6
Osmanlı alfabesi,https://tr.wikipedia.org/wiki/Osmanl%C4%B1_alfabesi,2,Mustafa Kemal Atatürk#19;Türkçe#122
Osmanlı donanması,https://tr.wikipedia.org/wiki/Osmanl%C4%B1_donanmas%C4%B1,2,Osmanlı İmparatorluğu#201;Türkiye#77
Osmanlı Hükümeti,https://tr.wikipedia.org/wiki/Osmanl%C4%B1_h%C3%BCk%C3%BBmeti,1,Sivas#59
Osmanlı,https://tr.wikipedia.org/wiki/Osmanl%C4%B1_k%C3%BClt%C3%BCr%C3%BC,1,Türkiye#357
"para U:(https://tr.wikipedia.org/wiki/Para_(para_birimi))___ , ___E:lira",https://tr.wikipedia.org/wiki/Osmanl%C4%B1_liras%C4%B1,1,Osmanlı İmparatorluğuCard#33
Osmanlı mimarisi,https://tr.wikipedia.org/wiki/Osmanl%C4%B1_mimarisi,3,Anıtkabir#86;Cenabi Ahmed Paşa Camii#6;Cenabi Ahmed Paşa CamiiCard#3
Osmanlı ordu teşkilatı,https://tr.wikipedia.org/wiki/Osmanl%C4%B1_ordusu,3,Ankara Muharebesi#254;I. Bayezid#7;Osmanlı İmparatorluğu#354
Osmanlı Padişahı,https://tr.wikipedia.org/wiki/Osmanl%C4%B1_padi%C5%9Fahlar%C4%B1_listesi,8,Germiyanoğulları Beyliği#101;Germiyanoğulları Beyliği#110;Germiyanoğulları Beyliği#112;Germiyanoğulları Beyliği#156;Germiyanoğulları Beyliği#95;II. Murad#1;Osmanlı İmparatorluğu#13;İslam devleti#37
Osmanlı Saray Mutfağı,https://tr.wikipedia.org/wiki/Osmanl%C4%B1_saray_mutfa%C4%9F%C4%B1,1,Türkiye#379
Osmanlı,https://tr.wikipedia.org/wiki/Osmanl%C4%B1_tebaas%C4%B1,1,Osmanlı İmparatorluğuCard#6
Osmanlıcılık,https://tr.wikipedia.org/wiki/Osmanl%C4%B1c%C4%B1l%C4%B1k,1,Türkiye#81
Osmanlıca,https://tr.wikipedia.org/wiki/Osmanl%C4%B1ca,26,Bizans İmparatorluğu#493;Farslar#1;I. Bayezid#1;I. Murad#1;I. Murad#3;II. Murad#1;Kurtuluş Savaşı Müzesi#30;Meclis-i Mebûsan#1;Osmanlı Hanedanı#1;Osmanlı İmparatorluğu#26;Osmanlı İmparatorluğu#6;Osmanlı İmparatorluğuCard#3;Türk Kurtuluş Savaşı Batı Cephesi#6;Türk Kurtuluş Savaşı#13;Türkçe#1;Türkçe#123;Türkçe#16;Türkçe#197;Türkçe#312;Türkçe#347;Türkçe#53
Osmanpınarı,"https://tr.wikipedia.org/wiki/Osmanp%C4%B1nar%C4%B1,_%C5%9Eark%C4%B1%C5%9Fla",1,Şarkışla#122
İssus Savaşı U:(https://tr.wikipedia.org/w/index.php?title=%C4%B0ssus_Sava%C5%9F%C4%B1_(194)&action=edit&redlink=1)___ 'nda (194'te) ___E:Kilikya U:(https://tr.wikipedia.org/wiki/Kilikya_(Roma_eyaleti))___ 'da mağlup etti.  Aynı sene ordusunu daha doğuya yürüterek ___E:Osroene,https://tr.wikipedia.org/wiki/Osroene,1,Septimius Severus#3
Ostia,https://tr.wikipedia.org/wiki/Ostia,1,Roma İmparatorluğu#150
ostrakismos,https://tr.wikipedia.org/wiki/Ostrakismos,1,Ahameniş İmparatorluğu#121
"Afrika U:(https://tr.wikipedia.org/wiki/Afrika_(eyalet))___ eyaletini tekrar ele geçirmek üzere gönderdiğinde başlatmış oldu.  Bu fetihler beklenmedik bir kolaylıkla kazanılsa da, 548'e kadar büyük yerel kabileler bastırılamadı.  ___E:Ostrogot İtalya'sında",https://tr.wikipedia.org/wiki/Ostrogot_Krall%C4%B1%C4%9F%C4%B1,1,Bizans İmparatorluğu#70
Ostrogotlar,https://tr.wikipedia.org/wiki/Ostrogotlar,1,Bizans İmparatorluğu#59
otağında,https://tr.wikipedia.org/wiki/Ota%C4%9F,1,Ankara Muharebesi#197
otel,https://tr.wikipedia.org/wiki/Otel,2,Tekstil#11;Turizm#8
Otho,https://tr.wikipedia.org/wiki/Otho,2,Roma İmparatorluğu#163;Roma İmparatorluğu#169
Otlukbeli Savaşı,https://tr.wikipedia.org/wiki/Otlukbeli_Muharebesi,1,Osmanlı İmparatorluğu#167
Otobüsler,https://tr.wikipedia.org/wiki/Otob%C3%BCs,2,İstanbul#597;İzmir#243
otobur,https://tr.wikipedia.org/wiki/Otobur,1,At#1
Mutlak otokrasi,https://tr.wikipedia.org/wiki/Otokrasi,7,Antik Roma#107;Antik Roma#2;Bizans İmparatorluğu#431;Bizans İmparatorluğuCard#1;Roma İmparatorluğu#74;Roma İmparatorluğu#81;Roma İmparatorluğuCard#3
otomobil,https://tr.wikipedia.org/wiki/Otomobil,1,Mustafa Kemal Atatürk#24
otomotiv,https://tr.wikipedia.org/wiki/Otomotiv,1,İstanbul#256
otomotiv,https://tr.wikipedia.org/wiki/Otomotiv_end%C3%BCstrisi,1,İstanbul#274
Otonom Kıbrıs Türk Yönetimi,https://tr.wikipedia.org/wiki/Otonom_K%C4%B1br%C4%B1s_T%C3%BCrk_Y%C3%B6netimi,7,Anadolu Selçuklu Devleti#4;Büyük Selçuklu İmparatorluğu#4;Germiyanoğulları Beyliği#4;Karamanoğulları Beyliği#29;Osmanlı İmparatorluğu#4;Selçuklu Hanedanı#4;Timur İmparatorluğu#4
otopark,https://tr.wikipedia.org/wiki/Otopark,1,Ankara Spor Salonu#9
otoyol,https://tr.wikipedia.org/wiki/Otoyol,2,Ankara#15;İstanbul#267
O-1,https://tr.wikipedia.org/wiki/Otoyol_1,1,Otoyol#11
Otranto,https://tr.wikipedia.org/wiki/Otranto,2,Bizans İmparatorluğu#208;Osmanlı İmparatorluğu#174
Otranto Seferi,https://tr.wikipedia.org/wiki/Otranto_Seferi,1,Osmanlı İmparatorluğu#174
Otrar,https://tr.wikipedia.org/wiki/Otrar,2,Timur#176;TimurCard#5
otsu bitkiler,https://tr.wikipedia.org/wiki/Otsu_bitki,1,Orman#1
Liman von Sanders,https://tr.wikipedia.org/wiki/Otto_Liman_von_Sanders,6,Mustafa Kemal Atatürk#215;Mustafa Kemal Atatürk#220;Mustafa Kemal Atatürk#228;Mustafa Kemal Atatürk#268;Mustafa Kemal Atatürk#277;Türk Kurtuluş Savaşı#47
Ottoman Railway Company,https://tr.wikipedia.org/wiki/Ottoman_Railway_Company,1,İzmir#113
Oturarak Voleybol,https://tr.wikipedia.org/wiki/Oturarak_voleybol,1,Voleybol#31
Peloponnesia Barış Antlaşması,https://tr.wikipedia.org/wiki/Otuz_Y%C4%B1l_Bar%C4%B1%C5%9F%C4%B1,1,Antik Yunanistan#80
Oxford,https://tr.wikipedia.org/wiki/Oxford_%C3%9Cniversitesi,2,Üniversite#30;Üniversite#44
oy birliği,https://tr.wikipedia.org/wiki/Oy_birli%C4%9Fi,1,Mustafa Kemal Atatürk#493
oy kullanma,https://tr.wikipedia.org/wiki/Oy_hakk%C4%B1,1,Türkiye#145
oyma,https://tr.wikipedia.org/wiki/Oyma,3,Anıtkabir#115;Anıtkabir#12;Anıtkabir#122
p,https://tr.wikipedia.org/wiki/P,1,İstanbul#31
Piri Reis,https://tr.wikipedia.org/wiki/P%C3%AEr%C3%AE_Reis,1,Osmanlı İmparatorluğu#369
Pön Savaşları,https://tr.wikipedia.org/wiki/P%C3%B6n_Sava%C5%9Flar%C4%B1,2,Antik Roma#30;Antik Roma#389
Birinci Pön Savaşı,https://tr.wikipedia.org/wiki/P%C3%B6n_Sava%C5%9Flar%C4%B1#I._P.C3.B6n_Sava.C5.9F.C4.B1,1,Antik Roma#401
Pütürge,https://tr.wikipedia.org/wiki/P%C3%BCt%C3%BCrge,1,Vasip Şahin#5
Pınarbaşı,"https://tr.wikipedia.org/wiki/P%C4%B1narba%C5%9F%C4%B1,_Kayseri",1,Şarkışla#2
Pınarhisar,https://tr.wikipedia.org/wiki/P%C4%B1narhisar,1,I. Murad#52
pırnal meşe,https://tr.wikipedia.org/wiki/P%C4%B1rnal_me%C5%9Fe,1,Orman#45
PKK,https://tr.wikipedia.org/wiki/PKK,2,Milliyetçi Hareket Partisi#11;Türkiye#116
PTT,https://tr.wikipedia.org/wiki/PTT,1,Anıtkabir#303
Paşa,https://tr.wikipedia.org/wiki/Pa%C5%9Fa,3,Mustafa Kemal Atatürk#238;Sakarya Meydan Muharebesi#47;Türkiye#100
Paşa Melek Hatun,https://tr.wikipedia.org/wiki/Pa%C5%9Fa_Melek_Hatun,1,I. MuradCard#7
Paşa Yiğit,https://tr.wikipedia.org/wiki/Pa%C5%9Fa_Yi%C4%9Fit_Bey,1,I. Bayezid#14
Pactyes,https://tr.wikipedia.org/wiki/Pactyes,2,Ahameniş İmparatorluğu#31;II. Kiros#93
padişahı,https://tr.wikipedia.org/wiki/Padi%C5%9Fah,8,Antik Roma#6;I. Bayezid#1;I. Murad#1;Osmanlı Hanedanı#6;Osmanlı İmparatorluğu#316;Roma İmparatorluğu#3;Türk Kurtuluş Savaşı#116;İstanbul#358
"Kapadokya U:(https://tr.wikipedia.org/wiki/Kapadokya_(satrapl%C4%B1k))___ , ___E:Paflagonya",https://tr.wikipedia.org/wiki/Paflagonya,2,Ahameniş İmparatorluğu#290;Frigler#70
pagan,https://tr.wikipedia.org/wiki/Pagan,3,Julianus#2;Roma İmparatorluğu#291;Roma İmparatorluğu#324
Pagan,https://tr.wikipedia.org/wiki/Paganizm,3,Bizans İmparatorluğu#386;Julianus#36;İstanbul#65
Pakistan,https://tr.wikipedia.org/wiki/Pakistan,6,Ahameniş İmparatorluğu#92;Antik Yunanistan#140;Anıtkabir#306;Mustafa Kemal Atatürk#846;İslam devleti#59;İslam devleti#69
Pakistanlı,https://tr.wikipedia.org/wiki/Pakistanl%C4%B1lar,1,İslam devleti#46
Palaca,https://tr.wikipedia.org/wiki/Palaca,3,Anadolu#42;Anadolu#50;Anadolu#62
palaestrası,https://tr.wikipedia.org/wiki/Palaestra,1,Ankara Roma Hamamı#24
palamut,https://tr.wikipedia.org/wiki/Palamut,1,Orman#70
Palatine tepesinde,https://tr.wikipedia.org/wiki/Palatino_Tepesi,1,Antik Roma#75
Paleolitik,https://tr.wikipedia.org/wiki/Paleolitik,2,Kapadokya#8;Çorum#9
Konstantinopolis geri alınıp toparlansa da,https://tr.wikipedia.org/wiki/Paleologos_Hanedan%C4%B1,3,Bizans İmparatorluğu#14;Bizans İmparatorluğu#356;Osmanlı İmparatorluğu#116
Pamfilya,https://tr.wikipedia.org/wiki/Pamfilya,2,Ahameniş İmparatorluğu#290;Anadolu#58
pamuk,https://tr.wikipedia.org/wiki/Pamuk,2,İstanbul#255;İzmir#175
Pamukkale,https://tr.wikipedia.org/wiki/Pamukkale,1,Timur#463
Pan,https://tr.wikipedia.org/wiki/Pan,1,Antik Yunanistan#290
Panakea,https://tr.wikipedia.org/wiki/Panakea,1,Asklepios#2
Panayis Çaldaris,https://tr.wikipedia.org/wiki/Panayis_%C3%87aldaris,1,Mustafa Kemal Atatürk#679
Melia,https://tr.wikipedia.org/wiki/Panionion,1,Kimmerler#21
pankration,https://tr.wikipedia.org/wiki/Pankration,1,Güreş#3
Pannonia,https://tr.wikipedia.org/wiki/Pannonia,4,Augustus#255;Roma İmparatorluğu#108;Roma İmparatorluğu#345;Septimius Severus#16
pansiyonlar,https://tr.wikipedia.org/wiki/Pansiyon,1,Turizm#9
panteist,https://tr.wikipedia.org/wiki/Panteist,1,Julianus#38
Panteon,https://tr.wikipedia.org/wiki/Panteon,4,Ahameniş İmparatorluğu#377;Augustus#303;Augustus#330;Augustus#361
Panyassis,https://tr.wikipedia.org/wiki/Panyassis,3,Herodot#15;Herodot#20;HerodotCard#6
Papa,https://tr.wikipedia.org/wiki/Papa,4,Efes#64;Malazgirt Meydan Muharebesi#118;Osmanlı İmparatorluğu#225;Osmanlı İmparatorluğu#344
Papalık Devleti,https://tr.wikipedia.org/wiki/Papal%C4%B1k_Devleti,1,Bizans İmparatorluğu#339
elçiler,https://tr.wikipedia.org/wiki/Papal%C4%B1k_temsilcisi,1,Bizans İmparatorluğu#285
papazlar,https://tr.wikipedia.org/wiki/Papaz,1,Malazgirt Meydan Muharebesi#43
parçacık hızlandırma,https://tr.wikipedia.org/wiki/Par%C3%A7ac%C4%B1k_h%C4%B1zland%C4%B1r%C4%B1c%C4%B1,1,Teknoloji#2
para,https://tr.wikipedia.org/wiki/Para,6,Antik Yunanistan#261;Lidyalılar#16;Madenî para#1;Madenî para#5;Madenî para#87;Ticaret#3
₺,https://tr.wikipedia.org/wiki/Para_birimi_simgesi,1,TürkiyeCard#29
paralı askerlere,https://tr.wikipedia.org/wiki/Paral%C4%B1_asker,1,Bizans İmparatorluğu#200
paralel bar,https://tr.wikipedia.org/wiki/Paralel_bar,1,Jimnastik#4
Paralimpik Oyunlarına,https://tr.wikipedia.org/wiki/Paralimpik_Oyunlar%C4%B1,1,Voleybol#30
parekklesion,https://tr.wikipedia.org/wiki/Parekklesion,1,İstanbul#428
Paris,https://tr.wikipedia.org/wiki/Paris,13,Bisiklet#10;Julianus#27;Mustafa Kemal Atatürk#802;Roma İmparatorluğu#349;Roma İmparatorluğu#392;Türk Kurtuluş Savaşı#164;Türk Kurtuluş Savaşı#72;Türkiye millî basketbol takımı#17;Türkçe#132;Voleybol#25;Üniversite#38;İstanbul#632;İzmir#199
Paris Üniversitesi,https://tr.wikipedia.org/wiki/Paris_%C3%9Cniversitesi,1,Üniversite#30
Paris Barış Konferansı,https://tr.wikipedia.org/wiki/Paris_Bar%C4%B1%C5%9F_Konferans%C4%B1,5,Türk Kurtuluş Savaşı Batı Cephesi#112;Türk Kurtuluş Savaşı Batı Cephesi#154;Türk Kurtuluş Savaşı Batı Cephesi#155;Türk Kurtuluş Savaşı Batı Cephesi#313;Türk Kurtuluş Savaşı Batı Cephesi#58
II. Stateira U:(https://tr.wikipedia.org/wiki/Stateira_(B%C3%BCy%C3%BCk_%C4%B0skender%27in_kar%C4%B1s%C4%B1))___ ___E:II. Parysatis,https://tr.wikipedia.org/wiki/Parisatis,1,İskenderCard#8
parkour,https://tr.wikipedia.org/wiki/Parkour,1,Jimnastik#11
parlamenter,https://tr.wikipedia.org/wiki/Parlamenter,1,Orta Doğu Teknik Üniversitesi#346
parlamenter,https://tr.wikipedia.org/wiki/Parlamenter_sistem,2,Türkiye#106;Türkiye'de cumhuriyetin ilanı#8
meclis,https://tr.wikipedia.org/wiki/Parlamento,1,Başkent#4
parmaklar,https://tr.wikipedia.org/wiki/Parmak,1,Bağlama#4
parmak güreşi,https://tr.wikipedia.org/wiki/Parmak_g%C3%BCre%C5%9Fi,1,Güreş#3
Parmenion,https://tr.wikipedia.org/wiki/Parmenion,1,İskender#29
Partça,https://tr.wikipedia.org/wiki/Part%C3%A7a,1,Medler#109
Part,https://tr.wikipedia.org/wiki/Part_%C4%B0mparatorlu%C4%9Fu,14,Ahameniş İmparatorluğu#237;Ahameniş İmparatorluğu#243;Ahameniş İmparatorluğu#250;Ahameniş İmparatorluğu#281;Ahameniş İmparatorluğu#8;Augustus#133;Augustus#25;Augustus#52;Augustus#55;II. Kiros#245;Roma İmparatorluğu#159;Roma İmparatorluğu#220;Septimius Severus#4;Sivas#18
Parthenon,https://tr.wikipedia.org/wiki/Parthenon,2,Antik Yunanistan#16;Antik Yunanistan#64
parti listeli nispi temsil sistemi,https://tr.wikipedia.org/wiki/Parti_listeli_nispi_temsil,1,Türkiye Büyük Millet MeclisiCard#16
bölüştürülünce,https://tr.wikipedia.org/wiki/Partitio_terrarum_imperii_Romaniae,1,Bizans İmparatorluğu#14
Pasargad,https://tr.wikipedia.org/wiki/Pasargad,11,Ahameniş İmparatorluğu#225;Ahameniş İmparatorluğu#252;Ahameniş İmparatorluğu#428;II. Kiros#143;II. Kiros#199;II. Kiros#234;II. Kiros#49;II. Kiros#51;II. KirosCard#6;II. KirosCard#7;Medler#64
Pasarofça Antlaşması,https://tr.wikipedia.org/wiki/Pasarof%C3%A7a_Antla%C5%9Fmas%C4%B1,3,Osmanlı İmparatorluğu#234;Osmanlı İmparatorluğu#243;Osmanlı İmparatorluğu#271
Pasinler,https://tr.wikipedia.org/wiki/Pasinler,3,Ankara Muharebesi#42;Ankara Muharebesi#6;Büyük Selçuklu İmparatorluğu#50
Pasinler Muharebesi,https://tr.wikipedia.org/wiki/Pasinler_Muharebesi,1,Anadolu Selçuklu Devleti#12
pastırma,https://tr.wikipedia.org/wiki/Past%C4%B1rma,1,Bizans İmparatorluğu#420
Patara,https://tr.wikipedia.org/wiki/Patara,1,Midas#11
patates,https://tr.wikipedia.org/wiki/Patates,2,Osmanlı İmparatorluğu#610;Sivas#72
Pater Patriae,https://tr.wikipedia.org/wiki/Pater_Patriae,1,Augustus#249
patikalar,https://tr.wikipedia.org/wiki/Patika,1,Ticaret#144
Patnos,https://tr.wikipedia.org/wiki/Patnos,1,2024 Türkiye yerel seçimleri#20
patologlar,https://tr.wikipedia.org/wiki/Patolog,1,Midas#39
patoloji,https://tr.wikipedia.org/wiki/Patoloji,1,Midas#38
Patras,https://tr.wikipedia.org/wiki/Patra,2,I. Bayezid#28;II. Murad#248
patrici,https://tr.wikipedia.org/wiki/Patrici,6,Antik Roma#95;Augustus#230;Roma İmparatorluğu#104;Roma İmparatorluğu#117;Roma İmparatorluğu#29;Septimius Severus#12
Patricia Crone,https://tr.wikipedia.org/wiki/Patricia_Crone,1,İslam devleti#17
Patrona Halil Ayaklanması,https://tr.wikipedia.org/wiki/Patrona_Halil_%C4%B0syan%C4%B1,2,Osmanlı İmparatorluğu#238;Osmanlı İmparatorluğu#577
Paul Bonatz,https://tr.wikipedia.org/wiki/Paul_Bonatz,1,Anıtkabir#26
Paul Modrich,https://tr.wikipedia.org/wiki/Paul_Modrich,1,Türkiye#303
Paul Wittek,https://tr.wikipedia.org/wiki/Paul_Wittek,3,Ankara Muharebesi#111;Arslanhane Camii#11;Osmanlı İmparatorluğu#62
Hindenburg,https://tr.wikipedia.org/wiki/Paul_von_Hindenburg,1,Mustafa Kemal Atatürk#264
Pauravas,https://tr.wikipedia.org/wiki/Pauravas,1,İskender#9
Pavia,https://tr.wikipedia.org/wiki/Pavia,2,Roma imparatoru#4;Üniversite#38
Aziz Paulus,https://tr.wikipedia.org/wiki/Pavlos,1,Galatlar#16
Aziz Paul,https://tr.wikipedia.org/wiki/Pavlus,2,Konya#22;Pavlusçuluk#11
Paulusçular,https://tr.wikipedia.org/wiki/Pavlus%C3%A7uluk,3,Ankara#52;Bizans İmparatorluğu#145;Bizans İmparatorluğu#386
Payonya,https://tr.wikipedia.org/wiki/Payonya,3,Ahameniş İmparatorluğu#290;Ahameniş İmparatorluğu#92;İskender#29
pazı,https://tr.wikipedia.org/wiki/Paz%C4%B1,1,Osmanlı İmparatorluğu#605
pazar,https://tr.wikipedia.org/wiki/Pazar,2,Antik Roma#267;Ticaret#15
Pazar,"https://tr.wikipedia.org/wiki/Pazar,_K%C4%B1z%C4%B1lcahamam",1,Kızılcahamam#8
Pazarcık,"https://tr.wikipedia.org/wiki/Pazarc%C4%B1k,_Kahramanmara%C5%9F",1,2024 Türkiye yerel seçimleri#15
"Ankira U:(https://tr.wikipedia.org/wiki/Ancyra_(Frigya))___ , ___E:Pazarlı",https://tr.wikipedia.org/wiki/Pazarl%C4%B1_H%C3%B6y%C3%BCk,2,Anadolu Medeniyetleri Müzesi#28;Frigler#77
pazarlama,https://tr.wikipedia.org/wiki/Pazarlama,1,Ticaret#14
Peçenek,https://tr.wikipedia.org/wiki/Pe%C3%A7enek,3,Ayaş#5;Malazgirt Meydan Muharebesi#17;Malazgirt Meydan Muharebesi#82
Peçenek Çayı,https://tr.wikipedia.org/wiki/Pe%C3%A7enek_%C3%87ay%C4%B1,1,Şereflikoçhisar#24
Peçenek Hanlığı,https://tr.wikipedia.org/wiki/Pe%C3%A7enekler,11,"Anadolu Selçuklu Devleti#2;Anadolu Selçuklu Devleti#342;Bizans İmparatorluğu#228;Bizans İmparatorluğu#245;Büyük Selçuklu İmparatorluğu#2;Germiyanoğulları Beyliği#2;Karamanoğulları Beyliği#27;Osmanlı İmparatorluğu#2;Selçuklu Hanedanı#2;Timur İmparatorluğu#2;Çubuk, Ankara#9"
Peştunlar,https://tr.wikipedia.org/wiki/Pe%C5%9Ftunlar,1,Ahameniş İmparatorluğu#290
pedallı,https://tr.wikipedia.org/wiki/Pedal,1,Bisiklet#1
İran,https://tr.wikipedia.org/wiki/Pehlev%C3%AE_%C4%B0ran%C4%B1,1,Mustafa Kemal Atatürk#728
Pehlevi hanedanını,https://tr.wikipedia.org/wiki/Pehlev%C3%AE_Hanedan%C4%B1,1,İslam devleti#60
Pehlevi alfabesinin,https://tr.wikipedia.org/wiki/Pehlevi_alfabesi,1,Ahameniş İmparatorluğu#364
Pekin,https://tr.wikipedia.org/wiki/Pekin,1,İstanbul#630
Pelasgların,https://tr.wikipedia.org/wiki/Pelasglar,1,Anadolu#58
Pelekanon Muharebesi,https://tr.wikipedia.org/wiki/Pelekanon_Muharebesi,1,Osmanlı İmparatorluğu#120
Pelikan Dosyası,https://tr.wikipedia.org/wiki/Pelikan_grubu,1,Adalet ve Kalkınma Partisi#62
Pelisyum Muharebesi,https://tr.wikipedia.org/wiki/Pelisyum_Muharebesi,1,Ahameniş İmparatorluğu#48
Pella,https://tr.wikipedia.org/wiki/Pella,5,Herodot#47;HerodotCard#2;İskender#1;İskender#21;İskenderCard#5
Peloponnesos Savaşı,https://tr.wikipedia.org/wiki/Peloponez_Sava%C5%9F%C4%B1,2,Herodot#34;Herodot#61
Pelusium,https://tr.wikipedia.org/wiki/Pelusium,1,Ahameniş İmparatorluğu#47
pembe,https://tr.wikipedia.org/wiki/Pembe,1,Şarap#45
Pençik Kanunu,https://tr.wikipedia.org/wiki/Pen%C3%A7ik_Kanunu,1,Ankara Muharebesi#252
Pencab,https://tr.wikipedia.org/wiki/Pencab,1,Antik Yunanistan#141
Pencap,https://tr.wikipedia.org/wiki/Pencap,1,İskender#246
Pendik,https://tr.wikipedia.org/wiki/Pendik,2,Yeniden Refah Partisi#24;İstanbul#453
Pennsylvania Üniversitesi Arkeoloji ve Antropoloji Müzesinin,https://tr.wikipedia.org/wiki/Penn_M%C3%BCzesi,1,Gordion#2
Pensilvanya Üniversitesi,https://tr.wikipedia.org/wiki/Pensilvanya_%C3%9Cniversitesi,1,Orta Doğu Teknik Üniversitesi#4
pentatlona,https://tr.wikipedia.org/wiki/Pentatlon,1,Atletizm#78
Pera Müzesi,https://tr.wikipedia.org/wiki/Pera_M%C3%BCzesi,1,İstanbul#441
Pera Palas,https://tr.wikipedia.org/wiki/Pera_Palas,2,Mustafa Kemal Atatürk#263;İstanbul#313
Perakende,https://tr.wikipedia.org/wiki/Perakende,1,Ticaret#78
Perateia,https://tr.wikipedia.org/wiki/Perateia,1,Bizans İmparatorluğu#338
perde,https://tr.wikipedia.org/wiki/Perde,1,Tekstil#10
Pergamon,https://tr.wikipedia.org/wiki/Pergamon,1,İzmir#19
Pergamon Krallığı,https://tr.wikipedia.org/wiki/Pergamon_Krall%C4%B1%C4%9F%C4%B1,1,İskender#11
Peri Çayı,https://tr.wikipedia.org/wiki/Peri_%C3%87ay%C4%B1,1,Fırat#5
Peri bacası,https://tr.wikipedia.org/wiki/Peri_bacas%C4%B1,1,Kapadokya#45
Perikles,https://tr.wikipedia.org/wiki/Perikles,4,Antik Yunanistan#64;Antik Yunanistan#67;Antik Yunanistan#72;Herodot#28
Perinthos,https://tr.wikipedia.org/wiki/Perinthos,1,Ahameniş İmparatorluğu#215
perküsyon,https://tr.wikipedia.org/wiki/Perk%C3%BCsyon,1,Davul#97
perlit,https://tr.wikipedia.org/wiki/Perlit,1,İstanbul#298
Pers,https://tr.wikipedia.org/wiki/Pers,4,Farslar#9;Polatlı#4;Çorum#12;Şereflikoçhisar#6
Pers-Yunan savaşları,https://tr.wikipedia.org/wiki/Pers-Yunan_sava%C5%9Flar%C4%B1,4,Ahameniş İmparatorluğu#432;Herodot#3;Herodot#61;İskender#77
Pers İmparatorluğu,https://tr.wikipedia.org/wiki/Pers_%C4%B0mparatorlu%C4%9Fu,6,Antik Yunanistan#123;Antik Yunanistan#137;Antik Yunanistan#55;Caracalla#13;Julianus Sütunu#2;Septimius Severus#24
kutlamaları,https://tr.wikipedia.org/wiki/Pers_%C4%B0mparatorlu%C4%9Fu%27nun_2500._y%C4%B1l_kutlamas%C4%B1,1,II. Kiros#159
savaş filleri,https://tr.wikipedia.org/wiki/Pers_sava%C5%9F_filleri,1,Ahameniş İmparatorluğu#315
Persepolis,https://tr.wikipedia.org/wiki/Persepolis,13,Ahameniş İmparatorluğu#141;Ahameniş İmparatorluğu#224;Ahameniş İmparatorluğu#265;Ahameniş İmparatorluğu#272;Ahameniş İmparatorluğu#413;Ahameniş İmparatorluğu#424;Antik Yunanistan#137;II. Kiros#157;II. Kiros#39;II. Kiros#5;Kral Yolu#2;Kral Yolu#7;İskender#189
Persis,https://tr.wikipedia.org/wiki/Persis,7,Ahameniş İmparatorluğu#11;Ahameniş İmparatorluğu#19;Ahameniş İmparatorluğu#243;Farslar#2;II. Kiros#1;II. KirosCard#5;II. KirosCard#6
Persler,https://tr.wikipedia.org/wiki/Persler,6,Ahameniş İmparatorluğu#308;Ankara Kalesi#7;Antik Yunanistan#121;Antik Yunanistan#2;Antik Yunanistan#75;Şarkışla#23
Pertevniyal Lisesi,https://tr.wikipedia.org/wiki/Pertevniyal_Lisesi,1,İstanbul#503
Pertinax,https://tr.wikipedia.org/wiki/Pertinax,2,Septimius Severus#1;Septimius Severus#16
Perugia,https://tr.wikipedia.org/wiki/Perugia,2,Augustus#110
Peruk,https://tr.wikipedia.org/wiki/Peruk,1,Ankara keçisi#4
Pervaneoğulları,https://tr.wikipedia.org/wiki/Perv%C3%A2neo%C4%9Fullar%C4%B1_Beyli%C4%9Fi,7,Anadolu Selçuklu Devleti#2;Büyük Selçuklu İmparatorluğu#2;Germiyanoğulları Beyliği#2;Karamanoğulları Beyliği#27;Osmanlı İmparatorluğu#2;Selçuklu Hanedanı#2;Timur İmparatorluğu#2
Pescennius Niger,https://tr.wikipedia.org/wiki/Pescennius_Niger,2,Septimius Severus#18;Septimius Severus#2
Pessinus,https://tr.wikipedia.org/wiki/Pessinus,2,Frigya#9;Galatlar#11
Petra,https://tr.wikipedia.org/wiki/Petra,3,İslam devleti#17;İslam devleti#20;İslam devleti#28
Petrie,https://tr.wikipedia.org/wiki/Petrie_M%C4%B1s%C4%B1r_Arkeoloji_M%C3%BCzesi,1,Ankara Roma Hamamı#28
petrokimya,https://tr.wikipedia.org/wiki/Petrokimya,1,Türkiye#256
petrol,https://tr.wikipedia.org/wiki/Petrol,2,Lozan Antlaşması#33;Türkiye#256
petrol ürünleri,https://tr.wikipedia.org/wiki/Petrol_%C3%BCr%C3%BCnleri,1,İstanbul#256
peygamberi,https://tr.wikipedia.org/wiki/Peygamber,1,Osmanlı İmparatorluğu#342
peynir,https://tr.wikipedia.org/wiki/Peynir,2,Kete#14;Osmanlı İmparatorluğu#605
peyzaj,https://tr.wikipedia.org/wiki/Peyzaj,1,Anıtkabir#41
peyzaj mimarı,https://tr.wikipedia.org/wiki/Peyzaj_mimar%C4%B1,1,İnşaat#70
peyzaj mimarlığı,https://tr.wikipedia.org/wiki/Peyzaj_mimarl%C4%B1%C4%9F%C4%B1,2,İnşaat#73
Phocas,https://tr.wikipedia.org/wiki/Phocas,1,Bizans İmparatorluğu#91
Phocis,https://tr.wikipedia.org/wiki/Phocis,1,Antik Yunanistan#115
pişmaniye,https://tr.wikipedia.org/wiki/Pi%C5%9Fmaniye,1,Çorum#30
Piacenza Konsili,https://tr.wikipedia.org/wiki/Piacenza_Konsili,1,Bizans İmparatorluğu#230
Picardie Manevraları,https://tr.wikipedia.org/wiki/Picardie_Manevralar%C4%B1,1,Mustafa Kemal Atatürk#92
Pieresler,https://tr.wikipedia.org/wiki/Pieres,1,Ahameniş İmparatorluğu#290
Pierre Briant,https://tr.wikipedia.org/wiki/Pierre_Briant,1,II. Kiros#186
Pietro Canonica,https://tr.wikipedia.org/wiki/Pietro_Canonica,2,Ankara Etnografya Müzesi#12;İstanbul#385
pigment,https://tr.wikipedia.org/wiki/Pigment,3,Gıda#36;Midas#39;Şarap#46
Pindaros,https://tr.wikipedia.org/wiki/Pindar,1,Antik Yunanistan#127
Pindaros,https://tr.wikipedia.org/wiki/Pindaros,1,Güreş#16
Pindus Dağları,https://tr.wikipedia.org/wiki/Pindus_Da%C4%9Flar%C4%B1,1,Ankara Muharebesi#237
Pinot noir,https://tr.wikipedia.org/wiki/Pinot_noir,2,Şarap#78;Şarap#80
Pir Muhammed Mirza,https://tr.wikipedia.org/wiki/Pir_Muhammed_bin_Cihangir_Mirza,1,Ankara Muharebesi#154
piramitin,https://tr.wikipedia.org/wiki/Piramit,1,Demiryolu ulaşımı#9
pirincin,https://tr.wikipedia.org/wiki/Pirin%C3%A7,3,I. Murad#43;Çorba#28;Şarap#32
pirinç şarabı,https://tr.wikipedia.org/wiki/Pirin%C3%A7_%C5%9Farab%C4%B1,1,Şarap#72
pirina,https://tr.wikipedia.org/wiki/Pirina,1,Zeytinyağı#73
Pisa,https://tr.wikipedia.org/wiki/Pisa,1,Ticaret#57
Pisagor,https://tr.wikipedia.org/wiki/Pisagor,1,Julianus#50
Lasonii,https://tr.wikipedia.org/wiki/Pisidya,2,Ahameniş İmparatorluğu#290;Frigya#19
piskoposlar,https://tr.wikipedia.org/wiki/Piskopos,2,Roma İmparatorluğu#326;Üniversite#43
pist,https://tr.wikipedia.org/wiki/Pist,1,Atletizm#1
Pithana,https://tr.wikipedia.org/wiki/Pithana,1,Hititler#76
P,https://tr.wikipedia.org/wiki/Piyade,3,Ahameniş İmparatorluğu#293;Mustafa Kemal Atatürk#1;Mustafa Kemal AtatürkCard#22
piyano,https://tr.wikipedia.org/wiki/Piyano,1,Osmanlı İmparatorluğu#582
serbest piyasa kapitalizmine,https://tr.wikipedia.org/wiki/Piyasa_ekonomisi,1,İslam devleti#55
Plutarkhos,https://tr.wikipedia.org/wiki/Pl%C3%BCtark,10,Ahameniş İmparatorluğu#134;Güreş#16;Herodot#30;II. Kiros#144;II. Kiros#169;II. Kiros#19;Kimmerler#93;İskender#236;İskender#25;İskender#37
plajlar,https://tr.wikipedia.org/wiki/Plaj,1,Turizm#9
plaj hentbolu,https://tr.wikipedia.org/wiki/Plaj_hentbolu,1,Hentbol#3
plaj,https://tr.wikipedia.org/wiki/Plaj_voleybolu,2,Voleybol#29;VoleybolCard#4
Plasniça,https://tr.wikipedia.org/wiki/Plasni%C3%A7a_Belediyesi,1,Türkçe#33
plastik,https://tr.wikipedia.org/wiki/Plastik,1,Bisiklet#24
Plataia,https://tr.wikipedia.org/wiki/Platea_Muharebesi,2,Ahameniş İmparatorluğu#110;Herodot#4
Eflatun,https://tr.wikipedia.org/wiki/Platon,6,Antik Yunanistan#2;Antik Yunanistan#26;Antik Yunanistan#66;Güreş#16;Julianus#50;Üniversite#23
Akademi,https://tr.wikipedia.org/wiki/Platon_Akademisi,2,Bizans İmparatorluğu#81;İskender#42
plebler,https://tr.wikipedia.org/wiki/Pleb,3,Roma İmparatorluğu#26;Roma İmparatorluğu#29;Roma İmparatorluğu#80
plebler,https://tr.wikipedia.org/wiki/Plebler,1,Augustus#83
Pliska,https://tr.wikipedia.org/wiki/Pliska,1,Bizans İmparatorluğu#134
pliyosende,https://tr.wikipedia.org/wiki/Pliyosen,1,Sakarya Nehri#33
Plutarh,https://tr.wikipedia.org/wiki/Plutarh,1,Antik Yunanistan#77
Po Ovası,https://tr.wikipedia.org/wiki/Po_Ovas%C4%B1,2,Augustus#78;Roma İmparatorluğu#403
buğdaygillerden,https://tr.wikipedia.org/wiki/Poaceae,1,Tahıl#1
Podolya,https://tr.wikipedia.org/wiki/Podolya,1,Osmanlı İmparatorluğu#225
Poix-du Nord,https://tr.wikipedia.org/wiki/Poix-du_Nord,1,Kardeş şehir#2
Pokut yaylası,https://tr.wikipedia.org/wiki/Pokut_Yaylas%C4%B1,1,Karadeniz Bölgesi#49
Polatlı,https://tr.wikipedia.org/wiki/Polatl%C4%B1,14,Ankara#30;Ankara#36;Ankara#64;Anıtkabir#61;Frigler#76;Gordion Müzesi#1;Gordion MüzesiCard#2;Gordion#1;Haymana#29;Haymana#30;Midas#1;Mustafa Kemal Atatürk#494;Sakarya Nehri#11;Yenimahalle#6
Polatlı – Konya yüksek hızlı demiryolu,https://tr.wikipedia.org/wiki/Polatl%C4%B1-Konya_y%C3%BCksek_h%C4%B1zl%C4%B1_demiryolu,1,Konya#126
Polatlı Höyük,https://tr.wikipedia.org/wiki/Polatl%C4%B1_H%C3%B6y%C3%BCk,1,Gordion Müzesi#20
Aziz Polikarp,https://tr.wikipedia.org/wiki/Polikarp,1,İzmir#71
polis,https://tr.wikipedia.org/wiki/Polis,1,Ankara Büyükşehir Belediyesi#18
Çoktanrıcılığın,https://tr.wikipedia.org/wiki/Politeizm,1,Bizans İmparatorluğu#47
polo,https://tr.wikipedia.org/wiki/Polo,2,Binicilik#70;Bizans İmparatorluğu#427
Polonezköy,https://tr.wikipedia.org/wiki/Polonezk%C3%B6y,1,İstanbul#168
Lehistan,https://tr.wikipedia.org/wiki/Polonya-Litvanya_Birli%C4%9Fi,2,Osmanlı İmparatorluğu#225;Türkiye#77
Polonya,https://tr.wikipedia.org/wiki/Polonya_mill%C3%AE_basketbol_tak%C4%B1m%C4%B1,2,Türkiye millî basketbol takımı#22;Türkiye millî basketbol takımı#66
Poltava Muharebesi,https://tr.wikipedia.org/wiki/Poltova_Muharebesi,1,Osmanlı İmparatorluğu#241
Pomaklar,https://tr.wikipedia.org/wiki/Pomaklar,2,Mustafa Kemal Atatürk#190;Türkiye#315
Pompei,https://tr.wikipedia.org/wiki/Pompei,2,Antik Roma#227;Antik Roma#246
Pompeii,https://tr.wikipedia.org/wiki/Pompeii,1,Roma İmparatorluğu#195
Pont du Gard,https://tr.wikipedia.org/wiki/Pont_du_Gard,1,Antik Roma#280
pontifex maximus,https://tr.wikipedia.org/wiki/Pontifex_maximus,1,Augustus#384
Pontifler koleji,https://tr.wikipedia.org/wiki/Pontifler_koleji,1,Augustus#39
Pontus,https://tr.wikipedia.org/wiki/Pontus,3,Ahameniş İmparatorluğu#290;Bizans İmparatorluğu#418;Kimmerler#4
Pontus Krallığı,https://tr.wikipedia.org/wiki/Pontus_Krall%C4%B1%C4%9F%C4%B1,1,Ahameniş İmparatorluğu#245
Pontus Rumcası,https://tr.wikipedia.org/wiki/Pontus_Rumcas%C4%B1,1,Türkiye#328
etkileri,https://tr.wikipedia.org/wiki/Pop%C3%BCler_k%C3%BClt%C3%BCrde_Mustafa_Kemal_Atat%C3%BCrk,1,Mustafa Kemal Atatürk#825
halkçılık,https://tr.wikipedia.org/wiki/Pop%C3%BClizm,1,Cumhuriyet Halk Partisi#5
Porsuk Çayı,https://tr.wikipedia.org/wiki/Porsuk_%C3%87ay%C4%B1,2,Gordion#1;Sakarya Nehri#11
Portekiz,https://tr.wikipedia.org/wiki/Portekiz,1,Anıtkabir#268
Portekiz,https://tr.wikipedia.org/wiki/Portekiz_%C4%B0mparatorlu%C4%9Fu,1,Türkiye#73
Portekiz şarabı,https://tr.wikipedia.org/wiki/Portekiz_%C5%9Farab%C4%B1,1,Şarap#42
Portekiz Krallığı,https://tr.wikipedia.org/wiki/Portekiz_Krall%C4%B1%C4%9F%C4%B1,1,Osmanlı İmparatorluğu#369
Portekiz,https://tr.wikipedia.org/wiki/Portekiz_mill%C3%AE_basketbol_tak%C4%B1m%C4%B1,1,Türkiye millî basketbol takımı#65
portikolar,https://tr.wikipedia.org/wiki/Portiko,1,Ankara Roma Hamamı#51
Porto Riko,https://tr.wikipedia.org/wiki/Porto_Riko,1,2010 FIBA Dünya Basketbol Şampiyonası#4
Porto Riko,https://tr.wikipedia.org/wiki/Porto_Riko_mill%C3%AE_basketbol_tak%C4%B1m%C4%B1,2,2010 FIBA Dünya Basketbol Şampiyonası#11;Türkiye millî basketbol takımı#80
Poseidon,https://tr.wikipedia.org/wiki/Poseidon,4,Antik Roma#215;Antik Yunanistan#234;Antik Yunanistan#290;Roma İmparatorluğu#139
Poseidonius,https://tr.wikipedia.org/wiki/Poseidonius,1,Kimmerler#91
Posof,https://tr.wikipedia.org/wiki/Posof,2,Karadeniz Bölgesi#48;Kete#17
posta sistemi,https://tr.wikipedia.org/wiki/Posta,2,Ahameniş İmparatorluğu#259;II. Kiros#243
potasyum,https://tr.wikipedia.org/wiki/Potasyum,1,Gıda#29
Potidaea,https://tr.wikipedia.org/wiki/Potidaea,2,Antik Yunanistan#111;Antik Yunanistan#79
Potidea,https://tr.wikipedia.org/wiki/Potidea,1,İskender#28
Praetorian Prefect,https://tr.wikipedia.org/wiki/Praefectus_praetorio,1,Augustus#352
praetor,https://tr.wikipedia.org/wiki/Praetor,2,Augustus#235;Augustus#359
Praetor Muhafızı,https://tr.wikipedia.org/wiki/Praetorian_muhaf%C4%B1zlar,7,Augustus#26;Augustus#324;Roma İmparatorluğu#208;Roma İmparatorluğu#215;Roma İmparatorluğu#73;Septimius Severus#14;Septimius Severus#29
Pravadı,https://tr.wikipedia.org/wiki/Pravad%C4%B1,1,Fetret Devri#104
Predrag Stojaković,https://tr.wikipedia.org/wiki/Predrag_Stojakovi%C4%87,1,2001 Avrupa Basketbol Şampiyonası#3
prefect,https://tr.wikipedia.org/wiki/Prefect,1,Augustus#236
Prens Sabahattin,https://tr.wikipedia.org/wiki/Prens_Sabahaddin_Korusu,1,İstanbul#123
Pretoria,https://tr.wikipedia.org/wiki/Pretoria,2,Başkent#8;İstanbul#631
Preveze,https://tr.wikipedia.org/wiki/Preveze,1,Osmanlı İmparatorluğu#201
Preveze Deniz Muharebesi,https://tr.wikipedia.org/wiki/Preveze_Deniz_Muharebesi,3,Osmanlı İmparatorluğu#201;Osmanlı İmparatorluğu#365;Türkiye#77
Prezewalski,https://tr.wikipedia.org/wiki/Prezewalski_yaban_at%C4%B1,1,At#1
Priştine,https://tr.wikipedia.org/wiki/Pri%C5%9Ftine_Belediyesi,1,Türkçe#33
Magnesia U:(https://tr.wikipedia.org/wiki/Magnesia_(Ayd%C4%B1n))___ ve ___E:Priene,https://tr.wikipedia.org/wiki/Priene,2,II. Kiros#97;Kimmerler#21
Prima Portalı Augustus,https://tr.wikipedia.org/wiki/Prima_Portal%C4%B1_Augustus,1,Augustus#384
primat,https://tr.wikipedia.org/wiki/Primat,1,Davul#79
princeps,https://tr.wikipedia.org/wiki/Princeps,1,Roma imparatoru#2
Augustus Roma,https://tr.wikipedia.org/wiki/Principatus,1,Herodot#53
Prizren,https://tr.wikipedia.org/wiki/Prizren_Belediyesi,1,Türkçe#33
Pro-Avrupacılık,https://tr.wikipedia.org/wiki/Pro-Avrupac%C4%B1l%C4%B1k,1,Cumhuriyet Halk PartisiCard#18
Procopius,https://tr.wikipedia.org/wiki/Procopius,2,Julianus#54;Roma İmparatorluğu#348
"Çayyolu U:(https://tr.wikipedia.org/wiki/%C3%87ayyolu,_%C3%87ankaya_(mahalle))___ , ___E:Prof. Dr. Ahmet Taner Kışlalı","https://tr.wikipedia.org/wiki/Prof._Dr._Ahmet_Taner_K%C4%B1%C5%9Flal%C4%B1,_%C3%87ankaya",1,Yenimahalle#8
profesör,https://tr.wikipedia.org/wiki/Profes%C3%B6r,1,Üniversite#18
proje yöneticisi,https://tr.wikipedia.org/wiki/Proje_y%C3%B6neticisi,1,İnşaat#70
prokonsül,https://tr.wikipedia.org/wiki/Prokons%C3%BCl,1,Augustus#226
pronaos,https://tr.wikipedia.org/wiki/Pronaos,1,Augustus Tapınağı#23
propaganda,https://tr.wikipedia.org/wiki/Propaganda,1,Osmanlı İmparatorluğu#516
Prosecco,https://tr.wikipedia.org/wiki/Prosecco,1,Şarap#67
protein,https://tr.wikipedia.org/wiki/Protein,1,Gıda#29
proteinler,https://tr.wikipedia.org/wiki/Proteinler,1,Gıda#14
Cromwell Protektorası'nın,https://tr.wikipedia.org/wiki/Protektora_D%C3%B6nemi,1,II. Kiros#250
Protestanlar,https://tr.wikipedia.org/wiki/Protestanl%C4%B1k,2,Osmanlı İmparatorluğu#421;Türkiye#342
protestolardan,https://tr.wikipedia.org/wiki/Protesto,1,Orta Doğu Teknik Üniversitesi#174
Proto-Hitit,https://tr.wikipedia.org/wiki/Proto-Hitit,1,Hititler#43
(Proto)-Hint-Avrupa,https://tr.wikipedia.org/wiki/Proto_Hint-Avrupa_dili,2,Hititler#42;Hititler#49
Proto Güney Kafkasya dilinde,https://tr.wikipedia.org/wiki/Proto_Kartveli_dili,1,Şarap#20
proto dil,https://tr.wikipedia.org/wiki/Proto_dil,1,Şarap#19
Prut Savaşı,https://tr.wikipedia.org/wiki/Prut_Sava%C5%9F%C4%B1,1,Osmanlı İmparatorluğu#242
psödomaki,https://tr.wikipedia.org/wiki/Ps%C3%B6domaki,1,İstanbul#115
Pteria Muharebesi,https://tr.wikipedia.org/wiki/Pteria_Muharebesi,1,II. Kiros#83
Ptolemy Philadelphus,https://tr.wikipedia.org/wiki/Ptolemaios_Filadelfos,1,Augustus#119
Ptolemaios Krallığı,https://tr.wikipedia.org/wiki/Ptolemaios_Krall%C4%B1%C4%9F%C4%B1,2,Ahameniş İmparatorluğu#8;İskender#11
Publius Clodius Pulcher,https://tr.wikipedia.org/wiki/Publius_Clodius_Pulcher,1,Augustus#105
Publius Quinctilius Varus,https://tr.wikipedia.org/wiki/Publius_Quinctilius_Varus,2,Augustus#273;Roma İmparatorluğu#110
Geta,https://tr.wikipedia.org/wiki/Publius_Septimius_Geta,6,Caracalla#5;CaracallaCard#1;Septimius Severus#39;Septimius Severus#5;Septimius SeverusCard#3
Vergilius,https://tr.wikipedia.org/wiki/Publius_Vergilius_Maro,1,Augustus#253
Puduhepa,https://tr.wikipedia.org/wiki/Puduhepa,1,Hititler#113
Puglia,https://tr.wikipedia.org/wiki/Puglia,1,Bizans İmparatorluğu#208
pul biber,https://tr.wikipedia.org/wiki/Pul_biber,1,Şırdan#6
Pursaklar,https://tr.wikipedia.org/wiki/Pursaklar,3,"Çubuk, Ankara#53;Çubuk, Ankara#63"
"I U:(https://tr.wikipedia.org/wiki/I_(temel_Latin))___ , ___E:Q",https://tr.wikipedia.org/wiki/Q,1,Türkçe#139
Quadrans,https://tr.wikipedia.org/wiki/Quadrans,1,Roma İmparatorluğuCard#17
Quinarius,https://tr.wikipedia.org/wiki/Quinarius,1,Roma İmparatorluğuCard#17
Quintus Pedius,https://tr.wikipedia.org/wiki/Quintus_Pedius,1,Augustus#80
Raşidin Orduları,https://tr.wikipedia.org/wiki/R%C3%A2%C5%9Fid%C3%AEn_ordusu,1,Anadolu Selçuklu Devleti#26
Rönesans,https://tr.wikipedia.org/wiki/R%C3%B6nesans,4,Antik Yunanistan#7;II. Kiros#180;Osmanlı İmparatorluğu#231;Türkiye#79
rüştiye,https://tr.wikipedia.org/wiki/R%C3%BC%C5%9Ftiye,1,Ayaş#5
rüşvet,https://tr.wikipedia.org/wiki/R%C3%BC%C5%9Fvet,1,Ticaret#125
Mihrimah Sultan U:(https://tr.wikipedia.org/wiki/Mihrimah_Sultan_(I._S%C3%BCleyman%27%C4%B1n_k%C4%B1z%C4%B1))___ 'ın eşi olan ___E:Damat Rüstem Paşa,https://tr.wikipedia.org/wiki/R%C3%BCstem_Pa%C5%9Fa,1,Çengelhan Rahmi M. Koç Müzesi#6
rüzgâr,https://tr.wikipedia.org/wiki/R%C3%BCzg%C3%A2r,1,Kapadokya#1
rüzgar enerjisi,https://tr.wikipedia.org/wiki/R%C3%BCzg%C3%A2r_g%C3%BCc%C3%BC,1,Türkiye#270
Rıza Nur Bey,https://tr.wikipedia.org/wiki/R%C4%B1za_Nur,1,Türk Kurtuluş Savaşı#199
Rıza Şah Pehlevi,https://tr.wikipedia.org/wiki/R%C4%B1za_Pehlevi,1,Mustafa Kemal Atatürk#864
RASAT,https://tr.wikipedia.org/wiki/RASAT,1,Türkiye#302
ROKETSAN,https://tr.wikipedia.org/wiki/ROKETSAN,1,Türkiye#301
Radikal Enternasyonal,https://tr.wikipedia.org/wiki/Radikal_ve_Benzeri_Demokratik_Partilerin_Uluslararas%C4%B1_Birli%C4%9Fi,1,Cumhuriyet Halk PartisiCard#22
Radyo ODTÜ,https://tr.wikipedia.org/wiki/Radyo_ODT%C3%9C,1,Orta Doğu Teknik Üniversitesi#67
Radyo ve Televizyon Üst Kurulu (RTÜK),https://tr.wikipedia.org/wiki/Radyo_ve_Televizyon_%C3%9Cst_Kurulu,1,Türkiye#389
Rhaetia,https://tr.wikipedia.org/wiki/Raetia,1,Augustus#255
rafting,https://tr.wikipedia.org/wiki/Rafting,1,Fırat#22
Ragıp Tüzün,https://tr.wikipedia.org/wiki/Rag%C4%B1p_T%C3%BCz%C3%BCn,2,Ankara Büyükşehir Belediyesi#20;Yenimahalle#2
Rahşan Affı,https://tr.wikipedia.org/wiki/Rah%C5%9Fan_Aff%C4%B1,1,Milliyetçi Hareket Partisi#49
Rahşan Ecevit,https://tr.wikipedia.org/wiki/Rah%C5%9Fan_Ecevit,2,Cumhuriyet Halk Partisi#70;Milliyetçi Hareket Partisi#49
Rahmi Aksungur,https://tr.wikipedia.org/wiki/Rahmi_Aksungur,1,Devlet Mezarlığı#10
Rahmi Koç,https://tr.wikipedia.org/wiki/Rahmi_Ko%C3%A7,1,Çengelhan Rahmi M. Koç Müzesi#21
Rahmi Kumaş,https://tr.wikipedia.org/wiki/Rahmi_Kuma%C5%9F,2,Ankara Büyükşehir Belediyesi#11;Ankara Büyükşehir Belediyesi#7
Rahmi M. Koç Müzesi,https://tr.wikipedia.org/wiki/Rahmi_M._Ko%C3%A7_M%C3%BCzesi,1,İstanbul#441
Raif Efendi,https://tr.wikipedia.org/wiki/Raif_Din%C3%A7,1,Mustafa Kemal Atatürk#365
rakımları,https://tr.wikipedia.org/wiki/Rak%C4%B1m,2,Ankara Muharebesi#121;Köppen iklim sınıflandırması#92
Rakka,https://tr.wikipedia.org/wiki/Rakka,1,Fırat#31
Ramayana,https://tr.wikipedia.org/wiki/Ramayana,1,Güreş#12
Ramazan,https://tr.wikipedia.org/wiki/Ramazan,2,Osmanlı İmparatorluğu#624;Osmanlı İmparatorluğu#636
Ramazan Bayramı,https://tr.wikipedia.org/wiki/Ramazan_Bayram%C4%B1,1,I. Alâeddin Keykubad#7
pideydi,https://tr.wikipedia.org/wiki/Ramazan_pidesi,1,Osmanlı İmparatorluğu#638
Ramazanoğulları,https://tr.wikipedia.org/wiki/Ramazano%C4%9Fullar%C4%B1_Beyli%C4%9Fi,7,Anadolu Selçuklu Devleti#2;Büyük Selçuklu İmparatorluğu#2;Germiyanoğulları Beyliği#2;Karamanoğulları Beyliği#27;Osmanlı İmparatorluğu#2;Selçuklu Hanedanı#2;Timur İmparatorluğu#2
Rasim Başak,https://tr.wikipedia.org/wiki/Rasim_Ba%C5%9Fak,1,Türkiye millî basketbol takımı#140
Ratip Aşir Acudoğu,https://tr.wikipedia.org/wiki/Ratip_A%C5%9Fir_Acudo%C4%9Fu,1,Kurtuluş Savaşı Müzesi#30
Ratip Tahir Burak,https://tr.wikipedia.org/wiki/Ratip_Tahir_Burak,1,Ankara Resim ve Heykel Müzesi#32
Rauf Bey,https://tr.wikipedia.org/wiki/Rauf_Orbay,14,Lozan Antlaşması#10;Lozan Barış Konferansı#6;Mustafa Kemal Atatürk#296;Mustafa Kemal Atatürk#338;Mustafa Kemal Atatürk#365;Mustafa Kemal Atatürk#569;Osmanlı İmparatorluğu#288;Türk Kurtuluş Savaşı Batı Cephesi#341;Türk Kurtuluş Savaşı#107;Türk Kurtuluş Savaşı#109;Türk Kurtuluş Savaşı#98;Türkiye Büyük Millet Meclisi#72;Türkiye Büyük Millet Meclisi#79;Türkiye'de cumhuriyetin ilanı#26
Ravenna,https://tr.wikipedia.org/wiki/Ravenna,4,Antik Roma#395;Bizans İmparatorluğu#71;Roma İmparatorluğu#414;Roma İmparatorluğu#428
Raymond Poincaré,https://tr.wikipedia.org/wiki/Raymond_Poincar%C3%A9,5,Türk Kurtuluş Savaşı Batı Cephesi#1008;Türk Kurtuluş Savaşı Batı Cephesi#1027;Türk Kurtuluş Savaşı Batı Cephesi#894;Türk Kurtuluş Savaşı Batı Cephesi#993
reçine,https://tr.wikipedia.org/wiki/Re%C3%A7ine,2,Orman#70;Şarap#36
Muhammed Reşîd Rıza,https://tr.wikipedia.org/wiki/Re%C5%9F%C3%AEd_R%C4%B1za,1,İslam devleti#50
Reşat Güney,https://tr.wikipedia.org/wiki/Re%C5%9Fat_G%C3%BCney,2,Türkiye millî basketbol takımı#118;Türkiye millî basketbol takımı#120
Reşid Akif Paşa,https://tr.wikipedia.org/wiki/Re%C5%9Fid_%C3%82kif_Pa%C5%9Fa,1,Mustafa Kemal Atatürk#349
Reşit Paşa,https://tr.wikipedia.org/wiki/Re%C5%9Fit_Pa%C5%9Fa,1,Mustafa Kemal Atatürk#349
"eğitmen U:(https://tr.wikipedia.org/wiki/E%C4%9Fitmen_(anlam_ayr%C4%B1m%C4%B1))___ , ___E:araştırma profesörü",https://tr.wikipedia.org/wiki/Reader,1,Üniversite#18
Recai Akçay,https://tr.wikipedia.org/wiki/Recai_Ak%C3%A7ay,1,Anıtkabir#31
Recep Tayyip Erdoğan,https://tr.wikipedia.org/wiki/Recep_Tayyip_Erdo%C4%9Fan,25,2024 Türkiye yerel seçimleri#3;2024 Türkiye yerel seçimleri#48;2024 Türkiye yerel seçimleri#50;Adalet ve Kalkınma Partisi#1;Adalet ve Kalkınma Partisi#100;Adalet ve Kalkınma Partisi#115;Adalet ve Kalkınma Partisi#22;Adalet ve Kalkınma Partisi#23;Adalet ve Kalkınma Partisi#4;Adalet ve Kalkınma Partisi#83;Adalet ve Kalkınma PartisiCard#2;Cumhuriyet Halk Partisi#75;Cumhuriyet Halk Partisi#95;Dicle#32;Mansur Yavaş#27;Milliyetçi Hareket Partisi#13;Milliyetçi Hareket Partisi#72;Milliyetçi Hareket Partisi#75;Orta Doğu Teknik Üniversitesi#414;Türkiye Büyük Millet Meclisi#205;Türkiye#116;Türkiye#158;Türkiye#25;TürkiyeCard#8;Türkçe#313
reenkarnasyon,https://tr.wikipedia.org/wiki/Reenkarnasyon,1,Julianus#50
Refah Partisi,https://tr.wikipedia.org/wiki/Refah_Partisi,2,Adalet ve Kalkınma Partisi#20;Yeniden Refah Partisi#42
referandum,https://tr.wikipedia.org/wiki/Referandum,2,Türk Kurtuluş Savaşı#28;Türkiye#144
Miralay Refet Bey,https://tr.wikipedia.org/wiki/Refet_Bele,10,Heyet-i Temsiliye#10;Mustafa Kemal Atatürk#296;Mustafa Kemal Atatürk#322;Mustafa Kemal Atatürk#338;Türk Kurtuluş Savaşı Batı Cephesi#666;Türk Kurtuluş Savaşı Batı Cephesi#917;Türk Kurtuluş Savaşı#168;Türk Kurtuluş Savaşı#30;Türk Kurtuluş Savaşı#98;Türkiye Büyük Millet Meclisi#72
Refik Epikman,https://tr.wikipedia.org/wiki/Refik_Epikman,1,Ankara Resim ve Heykel Müzesi#28
Refik (Saydam) Bey,https://tr.wikipedia.org/wiki/Refik_Saydam,1,Mustafa Kemal Atatürk#322
Hıfzıssıhha Enstitüsü,https://tr.wikipedia.org/wiki/Refik_Saydam_H%C4%B1fz%C4%B1ss%C4%B1hha_Merkezi_Ba%C5%9Fkanl%C4%B1%C4%9F%C4%B1,1,Mustafa Kemal Atatürk#23
inkılapçılık,https://tr.wikipedia.org/wiki/Reformizm,1,Cumhuriyet Halk Partisi#5
tagma U:(https://tr.wikipedia.org/wiki/Tagma_(askeri))___ merkezi olan ___E:Reggio,https://tr.wikipedia.org/wiki/Reggio_Calabria,1,Bizans İmparatorluğu#208
Reims,https://tr.wikipedia.org/wiki/Reims,1,Roma İmparatorluğu#349
rekreasyon,https://tr.wikipedia.org/wiki/Rekreasyon,1,Yüzme#1
rektör,https://tr.wikipedia.org/wiki/Rekt%C3%B6r,1,Üniversite#7
Remzi Oğuz Arık,https://tr.wikipedia.org/wiki/Remzi_O%C4%9Fuz_Ar%C4%B1k,2,Anadolu Medeniyetleri Müzesi#13;Ankara Roma Hamamı#22
Ren,https://tr.wikipedia.org/wiki/Ren,4,Augustus#270;Julianus#23;Roma İmparatorluğu#111;Roma İmparatorluğu#316
René Grousset,https://tr.wikipedia.org/wiki/Ren%C3%A9_Grousset,1,Ankara Muharebesi#110
Res Gestae Divi Augusti,https://tr.wikipedia.org/wiki/Res_Gestae_Divi_Augusti,1,Augustus Tapınağı#21
resimler,https://tr.wikipedia.org/wiki/Resim,1,Antik Roma#246
resmî dil,https://tr.wikipedia.org/wiki/Resm%C3%AE_dil,1,Ahameniş İmparatorluğu#362
Resmi Gazete,https://tr.wikipedia.org/wiki/Resmi_Gazete,1,Vasip Şahin#5
Resneli Niyazi Bey,https://tr.wikipedia.org/wiki/Resneli_Niyazi_Bey,1,Meclis-i Mebûsan#35
Halil Paşa,https://tr.wikipedia.org/wiki/Ressam_Halil_Pa%C5%9Fa,1,Türkiye#363
Ra's al-'Ayn,https://tr.wikipedia.org/wiki/Resulayn,1,Fırat#32
Retorik,https://tr.wikipedia.org/wiki/Retorik,1,Herodot#62
revaklarla,https://tr.wikipedia.org/wiki/Revak,3,Anıtkabir#10;Anıtkabir#107;Anıtkabir#72
Revan Hanlığı,https://tr.wikipedia.org/wiki/Revan_Hanl%C4%B1%C4%9F%C4%B1,7,Anadolu Selçuklu Devleti#3;Büyük Selçuklu İmparatorluğu#3;Germiyanoğulları Beyliği#3;Karamanoğulları Beyliği#28;Osmanlı İmparatorluğu#3;Selçuklu Hanedanı#3;Timur İmparatorluğu#3
Revanduz,https://tr.wikipedia.org/wiki/Revandiz,1,Türk Kurtuluş Savaşı#159
"Nihâvend U:(https://tr.wikipedia.org/wiki/Nihavend_(%C5%9Fehir))___ , ___E:Rey",https://tr.wikipedia.org/wiki/Rey,2,Büyük Selçuklu İmparatorluğu#213;Büyük Selçuklu İmparatorluğu#49
Rhea Silvia,https://tr.wikipedia.org/wiki/Rhea_Silvia,1,Antik Roma#9
Rhineland,https://tr.wikipedia.org/wiki/Rheinland-Pfalz,1,Augustus#263
ria,https://tr.wikipedia.org/wiki/Ria,1,İstanbul#105
Richard Trevithick,https://tr.wikipedia.org/wiki/Richard_Trevithick,1,Demiryolu ulaşımı#15
Ricimer,https://tr.wikipedia.org/wiki/Ricimer,1,Roma İmparatorluğu#417
Mısır Seferi,https://tr.wikipedia.org/wiki/Rid%C3%A2niye_Muharebesi,5,Osmanlı İmparatorluğu#13;Osmanlı İmparatorluğu#192;Osmanlı İmparatorluğu#343;Osmanlı İmparatorluğu#399;Osmanlı İmparatorluğu#549
Riesling,https://tr.wikipedia.org/wiki/Riesling,1,Şarap#81
Fiume,https://tr.wikipedia.org/wiki/Rijeka,1,Türk Kurtuluş Savaşı Batı Cephesi#270
Rio de Janeiro,https://tr.wikipedia.org/wiki/Rio_de_Janeiro,1,İstanbul#632
risklerini,https://tr.wikipedia.org/wiki/Risk,1,Ticaret#14
ritim,https://tr.wikipedia.org/wiki/Ritim,1,Davul#91
ritmik jimnastik,https://tr.wikipedia.org/wiki/Ritmik_jimnastik,1,Jimnastik#11
törensel içki kaplarının,https://tr.wikipedia.org/wiki/Riton,1,Hititler#84
Riva,https://tr.wikipedia.org/wiki/Riva_Deresi,2,İstanbul#203;İstanbul#24
Rize,https://tr.wikipedia.org/wiki/Rize,3,2014 Türkiye yerel seçimleri#21;Karadeniz Bölgesi#37
Rize-Artvin,https://tr.wikipedia.org/wiki/Rize-Artvin_Havaliman%C4%B1,1,Karadeniz Bölgesi#86
Robert Ballard,https://tr.wikipedia.org/wiki/Robert_Ballard,1,Şarap#35
Robert Ervin Howard,https://tr.wikipedia.org/wiki/Robert_E._Howard,1,Kimmerler#95
Robert Guiscard,https://tr.wikipedia.org/wiki/Robert_Guiscard,1,Bizans İmparatorluğu#208
Robert Komer,https://tr.wikipedia.org/wiki/Robert_Komer,1,Orta Doğu Teknik Üniversitesi#213
Robert Koleji,https://tr.wikipedia.org/wiki/Robert_Lisesi,1,İstanbul#506
Rodos,https://tr.wikipedia.org/wiki/Rodos,5,Antik Roma#395;Augustus#291;Timur#465;İskender#254;İzmir#80
Rodoslu Memnon,https://tr.wikipedia.org/wiki/Rodoslu_Memnon,1,İskender#157
Rodoslu Mentor,https://tr.wikipedia.org/wiki/Rodoslu_Mentor,2,Ahameniş İmparatorluğu#175;Ahameniş İmparatorluğu#188
rokoko,https://tr.wikipedia.org/wiki/Rokoko,1,İstanbul#434
Roksana,https://tr.wikipedia.org/wiki/Roksana,2,İskender#200;İskenderCard#8
Roland Destanı,https://tr.wikipedia.org/wiki/Roland_Destan%C4%B1,1,Roma imparatoru#5
Roland Rohn,https://tr.wikipedia.org/wiki/Roland_Rohn,1,Anıtkabir#31
Roma,https://tr.wikipedia.org/wiki/Roma,21,Antik Roma#1;Antik Roma#71;Antik Yunanistan#149;Augustus Tapınağı#21;AugustusCard#4;Bizans İmparatorluğu#71;Kapadokya#22;Niğde#46;Polatlı#4;Roma İmparatorluğu#195;Roma İmparatorluğu#23;Roma İmparatorluğu#308;Roma İmparatorluğu#418;Roma İmparatorluğu#98;Roma İmparatorluğuCard#1;Strabon#6;Türkiye#58;Üniversite#33;İstanbul#423;İstanbul#506;Şarkışla#23
yedi tepe,https://tr.wikipedia.org/wiki/Roma%27n%C4%B1n_yedi_tepesi,1,Antik Roma#71
Roma'ya Yürüyüşü,https://tr.wikipedia.org/wiki/Roma%27ya_Y%C3%BCr%C3%BCy%C3%BC%C5%9F,1,Mustafa Kemal Atatürk#851
Roma İmparatorluğu,https://tr.wikipedia.org/wiki/Roma_%C4%B0mparatorlu%C4%9Fu,51,Anadolu#5;Ankara Roma Hamamı#22;Ankara#113;Ankara#114;Ankara#50;Antik Roma#103;Antik Roma#3;Antik Yunanistan#119;Antik Yunanistan#12;Antik Yunanistan#5;Antik Yunanistan#7;Antik Yunanistan#9;Augustus#1;Augustus#9;AugustusCard#5;Beypazarı#3;Bizans İmparatorluğu#1;Bizans İmparatorluğu#16;Bizans İmparatorluğuCard#6;Caracalla#11;Caracalla#4;Efes#2;Erimtan Arkeoloji ve Sanat Müzesi#15;Erimtan Arkeoloji ve Sanat Müzesi#2;Erimtan Arkeoloji ve Sanat MüzesiCard#5;Galatlar#2;Julianus#23;Kapadokya#9;Kayseri#15;Kayseri#6;Konya#21;Osmanlı İmparatorluğu#12;Osmanlı İmparatorluğu#304;Roma imparatorları listesi#1;Roma imparatoru#1;Septimius Severus#3;Sivas#17;Strabon#10;Tektosaglar#17;Ticaret#67;Türkiye#56;Türkiye#57;Türkiye#6;İstanbul#15;İstanbul#209;İstanbul#445;İstanbul#48;İstanbul#512;İstanbul#525;İstanbul#60;İzmir#181
Roma İmparatorluğu,https://tr.wikipedia.org/wiki/Roma_%C4%B0mparatorlu%C4%9Fu%27nun_s%C4%B1n%C4%B1rlar%C4%B1,1,Roma İmparatorluğu#1
Roma Cumhuriyeti,https://tr.wikipedia.org/wiki/Roma_Cumhuriyeti,16,Ahameniş İmparatorluğu#247;Antik Roma#140;Antik Roma#188;Antik Roma#21;Antik Roma#214;Antik Roma#282;Antik Roma#373;Antik Roma#89;Augustus#187;Augustus#8;AugustusCard#4;Efes#6;Roma İmparatorluğu#1;Roma İmparatorluğu#10;Roma İmparatorluğu#47;Türkiye#53
Roma Forumundaki,https://tr.wikipedia.org/wiki/Roma_Forumu,2,Roma İmparatorluğu#180;Septimius Severus#44
Roma Krallığı,https://tr.wikipedia.org/wiki/Roma_Krall%C4%B1%C4%9F%C4%B1,1,Roma İmparatorluğu#10
Roma Senatosu,https://tr.wikipedia.org/wiki/Roma_Senatosu,3,Julianus#46;Septimius Severus#15;Septimius Severus#26
Bir sonraki dönem,https://tr.wikipedia.org/wiki/Roma_Yunanistan%C4%B1,4,Antik Yunanistan#1;Antik Yunanistan#19;Roma İmparatorluğu#159;Strabon#9
Britanya,https://tr.wikipedia.org/wiki/Roma_d%C3%B6neminde_Britanya,2,Septimius Severus#39;Septimius Severus#5
sefer,https://tr.wikipedia.org/wiki/Roma_egemenli%C4%9Fi_d%C3%B6neminde_%C4%B0sko%C3%A7ya,1,Septimius Severus#5
Roma hamamıdır,https://tr.wikipedia.org/wiki/Roma_hamam%C4%B1,1,Ankara Roma Hamamı#5
Roma İmparatoru,https://tr.wikipedia.org/wiki/Roma_imparatorlar%C4%B1_listesi,2,Ankara#49;İstanbul#60
Roma imparatoru,https://tr.wikipedia.org/wiki/Roma_imparatoru,6,Ankara#113;Augustus Tapınağı#3;Caracalla#1;Julianus Sütunu#2;Roma imparatorları listesi#1;Septimius Severus#1
lejyon,https://tr.wikipedia.org/wiki/Roma_lejyonu,7,Antik Roma#312;Augustus#13;Augustus#93;Roma İmparatorluğu#69;Roma İmparatorluğu#86;Septimius Severus#16;Septimius Severus#18
Roma mimarisi,https://tr.wikipedia.org/wiki/Roma_mimarisi,2,Augustus TapınağıCard#2;Julianus SütunuCard#3
Roma ordusu,https://tr.wikipedia.org/wiki/Roma_ordusu,1,Bizans İmparatorluğu#29
Roma vatandaşlığı,https://tr.wikipedia.org/wiki/Roma_vatanda%C5%9Fl%C4%B1%C4%9F%C4%B1,2,Antik Roma#174;Caracalla#11
zafer,https://tr.wikipedia.org/wiki/Roma_zaferi,1,Roma İmparatorluğu#102
roman,https://tr.wikipedia.org/wiki/Roman,1,Türkiye#368
Roman müziği,https://tr.wikipedia.org/wiki/Roman_m%C3%BCzi%C4%9Fi,1,Osmanlı İmparatorluğu#586
Besteci Romanos,https://tr.wikipedia.org/wiki/Romanos_o_Melodos,2,Bizans İmparatorluğu#407;Bizans İmparatorluğu#81
Romanya,https://tr.wikipedia.org/wiki/Romanya,7,Ahameniş İmparatorluğu#81;Caracalla#20;Lozan Barış Konferansı#3;Mustafa Kemal Atatürk#689;Mustafa Kemal Atatürk#845;Türkçe#34;İstanbul#573
Romanya,https://tr.wikipedia.org/wiki/Romanya_Krall%C4%B1%C4%9F%C4%B1,3,Lozan Antlaşması#1;Mustafa Kemal Atatürk#178;Mustafa Kemal Atatürk#728
Romanya,https://tr.wikipedia.org/wiki/Romanya_Prensli%C4%9Fi,1,Meclis-i Mebûsan#7
Yahudi toplulukları,https://tr.wikipedia.org/wiki/Romanyot,1,Türkiye#345
Romen Diyojen,https://tr.wikipedia.org/wiki/Romen_Diyojen,10,Anadolu Selçuklu Devleti#14;Artuk Bey#5;Bizans İmparatorluğu#211;Malazgirt Meydan Muharebesi#13;Malazgirt Meydan Muharebesi#30;Malazgirt Meydan Muharebesi#4;Malazgirt Meydan Muharebesi#83;Malazgirt Meydan Muharebesi#87;Malazgirt Meydan Muharebesi#9;Malazgirt Meydan Muharebesi#94
Romulus Augustus,https://tr.wikipedia.org/wiki/Romulus_Augustus,5,Antik Roma#57;Bizans İmparatorluğu#56;Roma İmparatorluğu#419;Roma İmparatorluğu#428;Roma İmparatorluğuCard#7
Romulus ve Remus,https://tr.wikipedia.org/wiki/Romulus_ve_Remus,3,Antik Roma#9;Augustus#202;II. Kiros#182
Rosslyn Wester Wemyss,https://tr.wikipedia.org/wiki/Rosslyn_Wemyss,1,Türk Kurtuluş Savaşı Batı Cephesi#484
Rostov-na-Donu,https://tr.wikipedia.org/wiki/Rostov-na-Donu,1,UTC+03.00#2
Roussel de Bailleul,https://tr.wikipedia.org/wiki/Roussel_de_Bailleul,4,Artuk Bey#6;Galatlar#17;Galatlar#20;Şereflikoçhisar#12
roze/blush,https://tr.wikipedia.org/wiki/Roze,1,Şarap#45
Ruşen Eşref Bey,https://tr.wikipedia.org/wiki/Ru%C5%9Fen_E%C5%9Fref_%C3%9Cnayd%C4%B1n,3,Mustafa Kemal Atatürk#230;Türkiye'de cumhuriyetin ilanı#31;Türkçe#42
Humeyni,https://tr.wikipedia.org/wiki/Ruhullah_Humeyni,1,İslam devleti#5
Rukiye Erkin,https://tr.wikipedia.org/wiki/Rukiye_Erkin,1,Mustafa Kemal Atatürk#800
Rum,https://tr.wikipedia.org/wiki/Rum,16,Ahilik#29;Anadolu#74;Bizans İmparatorluğu#349;Germiyanoğulları Beyliği#77;I. Bayezid#3;Malazgirt Meydan Muharebesi#17;Osmanlı İmparatorluğu#59;Osmanlı İmparatorluğu#666;Osmanlı İmparatorluğu#84;Türk Kurtuluş Savaşı#90;Türkiye#105;Türkiye#315;İstanbul#238;İstanbul#463;İzmir#101;İzmir#164
Rum,https://tr.wikipedia.org/wiki/Rum_K%C4%B1r%C4%B1m%C4%B1,1,Türkiye#98
Rum Ortodoks,https://tr.wikipedia.org/wiki/Rum_Ortodoks_Kilisesi,2,Türkçe#133;İzmir#100
Rum ateşi,https://tr.wikipedia.org/wiki/Rum_ate%C5%9Fi,2,Bizans İmparatorluğu#104;Bizans İmparatorluğu#368
Rumca,https://tr.wikipedia.org/wiki/Rumca,1,I. Alâeddin Keykubad#14
Rumeli,https://tr.wikipedia.org/wiki/Rumeli,17,Anadolu Selçuklu Devleti#41;Ankara Muharebesi#16;Ankara Muharebesi#51;Demiryolu ulaşımı#22;Germiyanoğulları Beyliği#101;I. Bayezid#123;I. Murad#16;I. Murad#39;II. Murad#17;II. Murad#184;Krep#3;Mustafa Kemal Atatürk#760;Osmanlı İmparatorluğu#122;Osmanlı İmparatorluğu#291;Osmanlı İmparatorluğu#462;Türkçe#147
Rumeli Hisarı,https://tr.wikipedia.org/wiki/Rumeli_Hisar%C4%B1,1,İstanbul#449
Rumeli,https://tr.wikipedia.org/wiki/Rumeli_a%C4%9F%C4%B1zlar%C4%B1,2,Türkçe#158;Türkçe#312
Rumi,https://tr.wikipedia.org/wiki/Rumi_takvim,5,Mustafa Kemal Atatürk#56;Mustafa Kemal Atatürk#595;Mustafa Kemal Atatürk#736;Mustafa Kemal Atatürk#747;Osmanlı İmparatorluğu#279
Runik yazıya,https://tr.wikipedia.org/wiki/Runik_yaz%C4%B1,1,Türkçe#114
Rusça,https://tr.wikipedia.org/wiki/Rus%C3%A7a,3,Augustus#306;Osmanlı İmparatorluğu#434;Ticaret#90
Rus İç Savaşı,https://tr.wikipedia.org/wiki/Rus_%C4%B0%C3%A7_Sava%C5%9F%C4%B1,2,Türk Kurtuluş Savaşı#134;Türk Kurtuluş Savaşı#211
Rus İmparatorluğu,https://tr.wikipedia.org/wiki/Rus_%C4%B0mparatorlu%C4%9Fu,5,Bizans İmparatorluğu#351;Osmanlı İmparatorluğu#344;Sivas#65;Türk Kurtuluş Savaşı#132;Türkiye#88
Ruslar,https://tr.wikipedia.org/wiki/Ruslar,6,Anadolu Selçuklu Devleti#342;Atatürk ve Kurtuluş Savaşı Müzesi#11;I. Alâeddin Keykubad#96;Osmanlı İmparatorluğu#241;İstanbul#311;İstanbul#69
Rusudan,https://tr.wikipedia.org/wiki/Rusudan,1,I. Alâeddin Keykubad#116
Rusya,https://tr.wikipedia.org/wiki/Rusya,17,2010 FIBA Dünya Basketbol Şampiyonası#4;Ahameniş İmparatorluğu#81;Ankara Muharebesi#35;Ankara keçisi#2;Atatürk ve Kurtuluş Savaşı Müzesi#22;Demiryolu ulaşımı#7;Kafkasya#22;Kafkasya#28;Kafkasya#4;Osmanlı İmparatorluğu#250;Osmanlı İmparatorluğu#259;Timur İmparatorluğu#25;Timur#1;Türkiye#202;Türkiye#252;Türkiye#292;UTC+03.00#2
Rusya'nın Ukrayna'yı işgaline,https://tr.wikipedia.org/wiki/Rusya%27n%C4%B1n_Ukrayna%27y%C4%B1_i%C5%9Fgali,1,Türkiye millî basketbol takımı#50
Rusya,https://tr.wikipedia.org/wiki/Rusya_%C3%87arl%C4%B1%C4%9F%C4%B1,3,Osmanlı İmparatorluğu#211;Osmanlı İmparatorluğu#225;Osmanlı İmparatorluğu#270
Rusya Sovyet Federatif Sosyalist Cumhuriyeti,https://tr.wikipedia.org/wiki/Rusya_Sovyet_Federatif_Sosyalist_Cumhuriyeti,1,Türk Kurtuluş Savaşı#132
Rusya,https://tr.wikipedia.org/wiki/Rusya_erkek_mill%C3%AE_buz_hokeyi_tak%C4%B1m%C4%B1,1,Buz hokeyi#7
Rusya,https://tr.wikipedia.org/wiki/Rusya_mill%C3%AE_basketbol_tak%C4%B1m%C4%B1,4,2001 Avrupa Basketbol Şampiyonası#10;2010 FIBA Dünya Basketbol Şampiyonası#12;Türkiye millî basketbol takımı#34;Türkiye millî basketbol takımı#81
Ryanair,https://tr.wikipedia.org/wiki/Ryanair,1,Havayolu#9
Sahip Ata Fahrettin Ali,https://tr.wikipedia.org/wiki/S%C3%A2hib_Ata,2,Anadolu Selçuklu Devleti#234;Germiyanoğulları Beyliği#27
Sâhib Ataoğulları,https://tr.wikipedia.org/wiki/S%C3%A2hib_Atao%C4%9Fullar%C4%B1_Beyli%C4%9Fi,9,Anadolu Selçuklu Devleti#2;Büyük Selçuklu İmparatorluğu#2;Germiyanoğulları Beyliği#2;Germiyanoğulları Beyliği#21;Karamanoğulları Beyliği#27;Osmanlı İmparatorluğu#105;Osmanlı İmparatorluğu#2;Selçuklu Hanedanı#2;Timur İmparatorluğu#2
Samaniler,https://tr.wikipedia.org/wiki/S%C3%A2m%C3%A2n%C3%AEler,3,Büyük Selçuklu İmparatorluğu#24;Büyük Selçuklu İmparatorluğu#26;Madenî para#82
Sami,https://tr.wikipedia.org/wiki/S%C3%A2m%C3%AEler,2,Kimmerler#81;Medler#96
Sâmih Rifat,https://tr.wikipedia.org/wiki/S%C3%A2mih_Rifat,1,Türkçe#42
São Paulo,https://tr.wikipedia.org/wiki/S%C3%A3o_Paulo,1,İstanbul#629
Söğütözü,https://tr.wikipedia.org/wiki/S%C3%B6%C4%9F%C3%BCt%C3%B6z%C3%BC,2,Adalet ve Kalkınma PartisiCard#12;Ankara#99
Söğüt,"https://tr.wikipedia.org/wiki/S%C3%B6%C4%9F%C3%BCt,_Bilecik",6,Osmanlı İmparatorluğu#111;Osmanlı İmparatorluğu#58;Osmanlı İmparatorluğu#7;Osmanlı İmparatorluğu#8;Osmanlı İmparatorluğuCard#2;Türkiye#69
Söke,https://tr.wikipedia.org/wiki/S%C3%B6ke,3,Balâ#3;Mustafa Kemal Atatürk#48;İzmir#240
Sökmen Bey,https://tr.wikipedia.org/wiki/S%C3%B6kmen_Bey,2,Artuk Bey#47;Artuk BeyCard#3
sömürge,https://tr.wikipedia.org/wiki/S%C3%B6m%C3%BCrgecilik,1,Osmanlı İmparatorluğu#282
söve,https://tr.wikipedia.org/wiki/S%C3%B6ve,2,Anıtkabir#119;Niğde#87
Sözcü TV,https://tr.wikipedia.org/wiki/S%C3%B6zc%C3%BC_TV,1,İstanbul#522
sözdebilimsel,https://tr.wikipedia.org/wiki/S%C3%B6zdebilim,1,Cumhuriyet Halk Partisi#29
sözlük,https://tr.wikipedia.org/wiki/S%C3%B6zl%C3%BCk,1,Türkçe#72
sülüsüyle,https://tr.wikipedia.org/wiki/S%C3%BCl%C3%BCs,1,Arslanhane Camii#13
Süleyman Şah,https://tr.wikipedia.org/wiki/S%C3%BCleyman_%C5%9Eah,4,Anıtkabir#170;Haymana#5;Mustafa Kemal Atatürk#861;Osmanlı Hanedanı#12
türbesinden,https://tr.wikipedia.org/wiki/S%C3%BCleyman_%C5%9Eah_T%C3%BCrbesi,1,Anıtkabir#170
Süleyman Şefik Paşa,https://tr.wikipedia.org/wiki/S%C3%BCleyman_%C5%9Eefik_Pa%C5%9Fa,1,Mustafa Kemal Atatürk#379
Süleyman Demirel,https://tr.wikipedia.org/wiki/S%C3%BCleyman_Demirel,3,Cumhuriyet Halk Partisi#68;Orta Doğu Teknik Üniversitesi#294;Türkiye#115
Bir Türk subayı,https://tr.wikipedia.org/wiki/S%C3%BCleyman_Fethi_Bey,1,Türk Kurtuluş Savaşı Batı Cephesi#204
Süleyman Nazif,https://tr.wikipedia.org/wiki/S%C3%BCleyman_Nazif,1,Türk Kurtuluş Savaşı#60
Süleymaniye,https://tr.wikipedia.org/wiki/S%C3%BCleymaniye,1,Türk Kurtuluş Savaşı#161
Süleymaniye Camii,https://tr.wikipedia.org/wiki/S%C3%BCleymaniye_Camii,1,Osmanlı İmparatorluğu#572
Süleymanlı,"https://tr.wikipedia.org/wiki/S%C3%BCleymanl%C4%B1,_Elmada%C4%9F",1,"Elmadağ, Ankara#51"
Kocamustafapaşa Sümbül Efendi Camii,https://tr.wikipedia.org/wiki/S%C3%BCmb%C3%BCl_Efendi_Camii,1,İstanbul#242
Sümela Manastırı,https://tr.wikipedia.org/wiki/S%C3%BCmela_Manast%C4%B1r%C4%B1,1,Karadeniz Bölgesi#48
Sümerbank,https://tr.wikipedia.org/wiki/S%C3%BCmerbank,1,Mustafa Kemal Atatürk#23
Sümerce,https://tr.wikipedia.org/wiki/S%C3%BCmerce,2,Dicle#34;Hititler#16
Sümer,https://tr.wikipedia.org/wiki/S%C3%BCmerler,9,Anadolu#5;Anıtkabir#94;Başkent#11;II. Kiros#257;Kimmerler#81;Lidyalılar#16;Ticaret#60;Tunç Çağı#19
Sünni,https://tr.wikipedia.org/wiki/S%C3%BCnni,3,Arslanhane CamiiCard#2;Cenabi Ahmed Paşa CamiiCard#2;Karacabey CamiiCard#2
Sünni İslam,https://tr.wikipedia.org/wiki/S%C3%BCnni_%C4%B0slam,2,I. Alâeddin KeykubadCard#12;Vasip ŞahinCard#7
Sünni İslam,https://tr.wikipedia.org/wiki/S%C3%BCnnilik,16,"Anadolu Selçuklu DevletiCard#4;Büyük Selçuklu İmparatorluğu#6;Büyük Selçuklu İmparatorluğuCard#3;I. BayezidCard#13;I. MuradCard#13;II. MuradCard#13;Karamanoğulları BeyliğiCard#4;Osmanlı İmparatorluğu#344;Osmanlı İmparatorluğu#438;Osmanlı İmparatorluğuCard#5;Sivas#60;Türkiye#17;Türkiye#337;Çubuk, Ankara#13;İstanbul#16;İstanbul#231"
Süper Kupa,https://tr.wikipedia.org/wiki/S%C3%BCper_Kupa,2,Ankara#174;Konya#66
Süper Lig,https://tr.wikipedia.org/wiki/S%C3%BCper_Lig,5,Eryaman Stadyumu#1;Konya#66;Süper Kupa#29;Süper Kupa#9;Türkiye#392
süper güç,https://tr.wikipedia.org/wiki/S%C3%BCper_g%C3%BC%C3%A7,1,Roma İmparatorluğu#2
sürücü belgesi,https://tr.wikipedia.org/wiki/S%C3%BCr%C3%BCc%C3%BC_belgesi,1,2014 Türkiye yerel seçimleri#24
Süreyya Ayhan,https://tr.wikipedia.org/wiki/S%C3%BCreyya_Ayhan_Kop,1,Atletizm#20
sürgün,https://tr.wikipedia.org/wiki/S%C3%BCrg%C3%BCn_cezas%C4%B1,1,Türkiye#15
Süryani,https://tr.wikipedia.org/wiki/S%C3%BCryani,1,Asur#52
Süryaniler de öldürüldü,https://tr.wikipedia.org/wiki/S%C3%BCryani_K%C4%B1r%C4%B1m%C4%B1,1,Türkiye#98
Süryani,https://tr.wikipedia.org/wiki/S%C3%BCryani_alfabesi,2,Türkçe#113;Türkçe#135
Süryanice,https://tr.wikipedia.org/wiki/S%C3%BCryanice,2,Bizans İmparatorluğu#480;Dicle#36
Süryaniler,https://tr.wikipedia.org/wiki/S%C3%BCryaniler,1,Türkiye#315
süt,https://tr.wikipedia.org/wiki/S%C3%BCt,4,Gıda#27;Hayvancılık#5;Krep#3;Osmanlı İmparatorluğu#605
Sütçü İmam,https://tr.wikipedia.org/wiki/S%C3%BCt%C3%A7%C3%BC_%C4%B0mam,2,Türk Kurtuluş Savaşı Güney Cephesi#13;Türk Kurtuluş Savaşı#149
süvari,https://tr.wikipedia.org/wiki/S%C3%BCvari,4,Ahameniş İmparatorluğu#315;Ankara Muharebesi#79;Binicilik#7;I. Bayezid#129
Süzebolu,https://tr.wikipedia.org/wiki/S%C3%BCzebolu,1,I. Murad#52
sığınaklarında,https://tr.wikipedia.org/wiki/S%C4%B1%C4%9F%C4%B1nak,1,Eski Taş Çağı#7
sığınma hakkı,https://tr.wikipedia.org/wiki/S%C4%B1%C4%9F%C4%B1nma_hakk%C4%B1,1,Ahameniş İmparatorluğu#121
sığırcılık,https://tr.wikipedia.org/wiki/S%C4%B1%C4%9F%C4%B1r,1,Hayvancılık#4
Sığırlıhacı,https://tr.wikipedia.org/wiki/S%C4%B1%C4%9F%C4%B1rl%C4%B1hac%C4%B1,1,Ankara Muharebesi#193
sığla yağı,https://tr.wikipedia.org/wiki/S%C4%B1%C4%9Fla_ya%C4%9F%C4%B1,1,Orman#70
sıcak,https://tr.wikipedia.org/wiki/S%C4%B1cakl%C4%B1k,1,Türkiye#242
Sıhhiye,"https://tr.wikipedia.org/wiki/S%C4%B1hhiye,_%C3%87ankaya",2,Ankara Etnografya MüzesiCard#2;Orta Doğu Teknik Üniversitesi#317
sıkıyönetim,https://tr.wikipedia.org/wiki/S%C4%B1k%C4%B1y%C3%B6netim,2,Mustafa Kemal Atatürk#654;Orta Doğu Teknik Üniversitesi#294
Sıklık Mesire Yeri ve Tabiat Parkı,https://tr.wikipedia.org/wiki/S%C4%B1kl%C4%B1k_Mesire_Yeri_ve_Tabiat_Park%C4%B1,1,Çorum#34
Sırapınar,"https://tr.wikipedia.org/wiki/S%C4%B1rap%C4%B1nar,_Bala",2,Balâ#20;Balâ#27
Sırbistan,https://tr.wikipedia.org/wiki/S%C4%B1rbistan,5,Osmanlı İmparatorluğu#128;Osmanlı İmparatorluğu#243;Osmanlı İmparatorluğu#255;Türkçe#163;İstanbul#573
Sırbistan-Karadağ,https://tr.wikipedia.org/wiki/S%C4%B1rbistan-Karada%C4%9F,1,2010 FIBA Dünya Basketbol Şampiyonası#4
Sırbistan,https://tr.wikipedia.org/wiki/S%C4%B1rbistan_Krall%C4%B1%C4%9F%C4%B1,1,Mustafa Kemal Atatürk#178
Sırbistan,https://tr.wikipedia.org/wiki/S%C4%B1rbistan_mill%C3%AE_basketbol_tak%C4%B1m%C4%B1,5,2001 Avrupa Basketbol Şampiyonası#2;2010 FIBA Dünya Basketbol Şampiyonası#10;Türkiye millî basketbol takımı#34;Türkiye millî basketbol takımı#52;Türkiye millî basketbol takımı#65
Sırpça,https://tr.wikipedia.org/wiki/S%C4%B1rp%C3%A7a,1,Osmanlı İmparatorluğu#434
Sırp İmparatorluğu,https://tr.wikipedia.org/wiki/S%C4%B1rp_%C4%B0mparatorlu%C4%9Fu,1,Bizans İmparatorluğu#318
Sırp İsyanları,https://tr.wikipedia.org/wiki/S%C4%B1rp_%C4%B0syanlar%C4%B1,1,Osmanlı İmparatorluğu#254
Sırp Despotluğu,https://tr.wikipedia.org/wiki/S%C4%B1rp_Despotlu%C4%9Fu,3,I. Murad#56;II. Murad#153;II. Murad#88
Sırp,https://tr.wikipedia.org/wiki/S%C4%B1rplar,7,Anadolu Selçuklu Devleti#342;Bizans İmparatorluğu#78;I. Bayezid#124;I. Bayezid#9;I. Murad#45;I. Murad#9;Osmanlı İmparatorluğu#12
Sırp Sındığı,https://tr.wikipedia.org/wiki/S%C4%B1rps%C4%B1nd%C4%B1%C4%9F%C4%B1_Muharebesi,3,I. Murad#49;I. Murad#54;Osmanlı İmparatorluğu#127
Sırrı Sakık,https://tr.wikipedia.org/wiki/S%C4%B1rr%C4%B1_Sak%C4%B1k,1,Ulucanlar Cezaevi Müzesi#10
Sızır,"https://tr.wikipedia.org/wiki/S%C4%B1z%C4%B1r,_Gemerek",2,Gemerek#1;Gemerek#13
Senato ve halkın,https://tr.wikipedia.org/wiki/SPQR,1,Antik Roma#84
saçakların,https://tr.wikipedia.org/wiki/Sa%C3%A7ak,1,Anıtkabir#115
Sağ,https://tr.wikipedia.org/wiki/Sa%C4%9Fc%C4%B1l%C4%B1k,3,Adalet ve Kalkınma Partisi#7;Orta Doğu Teknik Üniversitesi#313;Yeniden Refah PartisiCard#12
Saadet Partisi,https://tr.wikipedia.org/wiki/Saadet_Partisi,8,2024 Türkiye yerel seçimleri#44;2024 Türkiye yerel seçimleri#87;Adalet ve Kalkınma Partisi#8;Cumhuriyet Halk Partisi#99;Türkiye Büyük Millet Meclisi#205;Yeniden Refah Partisi#12;Yeniden Refah Partisi#15;Yeniden Refah PartisiCard#7
pulluk,https://tr.wikipedia.org/wiki/Saban,1,Teknoloji#2
Sabancı,https://tr.wikipedia.org/wiki/Sabanc%C4%B1_%C3%9Cniversitesi,3,Orta Doğu Teknik Üniversitesi#74;Türkiye#351;İstanbul#494
Sabiha Gökçen,https://tr.wikipedia.org/wiki/Sabiha_G%C3%B6k%C3%A7en,1,Mustafa Kemal Atatürk#800
Sabiha Gürayman,https://tr.wikipedia.org/wiki/Sabiha_G%C3%BCrayman,1,Anıtkabir#46
Sabiha Sultan,https://tr.wikipedia.org/wiki/Sabiha_Sultan,1,Mustafa Kemal Atatürk#788
Sabinleri,https://tr.wikipedia.org/wiki/Sabin,1,Antik Roma#17
Sabinov,https://tr.wikipedia.org/wiki/Sabinov,1,"Çubuk, Ankara#61"
Şerafeddin Sabuncuoğlu,https://tr.wikipedia.org/wiki/Sabuncuo%C4%9Flu_%C5%9Eerefeddin,1,Osmanlı İmparatorluğu#656
Sacit Günbey,https://tr.wikipedia.org/wiki/Sacit_G%C3%BCnbey,1,Yeniden Refah PartisiCard#4
Sacit Seldüz,https://tr.wikipedia.org/wiki/Sacit_Seld%C3%BCz,3,Türkiye millî basketbol takımı#101;Türkiye millî basketbol takımı#103;Türkiye millî basketbol takımı#99
Sadabat Sarayı,https://tr.wikipedia.org/wiki/Sadabad_Saray%C4%B1,1,Mustafa Kemal Atatürk#703
Sadabat Paktı,https://tr.wikipedia.org/wiki/Sadabat_Pakt%C4%B1,1,Mustafa Kemal Atatürk#658
Sadberk Hanım Müzesi,https://tr.wikipedia.org/wiki/Sadberk_Han%C4%B1m_M%C3%BCzesi,1,İstanbul#446
Sadeddin Köpek,https://tr.wikipedia.org/wiki/Sadeddin_K%C3%B6pek,3,Anadolu Selçuklu Devleti#115;Anadolu Selçuklu Devleti#443;I. Alâeddin Keykubad#7
Sadi Gülçelik,https://tr.wikipedia.org/wiki/Sadi_G%C3%BCl%C3%A7elik,3,Türkiye millî basketbol takımı#101;Türkiye millî basketbol takımı#103;Türkiye millî basketbol takımı#105
Sadi Somuncuoğlu,https://tr.wikipedia.org/wiki/Sadi_Somuncuo%C4%9Flu,2,Milliyetçi Hareket Partisi#20;Milliyetçi Hareket Partisi#41
Sadrazam,https://tr.wikipedia.org/wiki/Sadrazam,5,Ankara Muharebesi#55;I. Bayezid#124;Osmanlı İmparatorluğu#316;Osmanlı İmparatorluğu#495;İstanbul#80
Sadreddin Konevi,https://tr.wikipedia.org/wiki/Sadreddin_Konev%C3%AE,2,Anadolu Selçuklu Devleti#434;I. Alâeddin Keykubad#138
Sadullah Ergin,https://tr.wikipedia.org/wiki/Sadullah_Ergin,1,Adalet ve Kalkınma Partisi#81
Safevî Devleti,https://tr.wikipedia.org/wiki/Safev%C3%AE_Devleti,1,Karamanoğulları Beyliği#22
İran,https://tr.wikipedia.org/wiki/Safev%C3%AEler,16,Ahameniş İmparatorluğu#435;Anadolu Selçuklu Devleti#3;Büyük Selçuklu İmparatorluğu#3;Germiyanoğulları Beyliği#3;Karamanoğulları Beyliği#28;Osmanlı İmparatorluğu#184;Osmanlı İmparatorluğu#189;Osmanlı İmparatorluğu#214;Osmanlı İmparatorluğu#222;Osmanlı İmparatorluğu#270;Osmanlı İmparatorluğu#3;Selçuklu Hanedanı#3;Timur İmparatorluğu#3;Türkiye#72;Türkiye#78;İslam devleti#45
Saffet Arıkan,https://tr.wikipedia.org/wiki/Saffet_Ar%C4%B1kan,3,Anadolu Medeniyetleri Müzesi#17;Mustafa Kemal Atatürk#33;Mustafa Kemal Atatürk#35
Saffet Topaktaş,https://tr.wikipedia.org/wiki/Saffet_Topakta%C5%9F,1,Büyük Birlik Partisi#5
Safranbolu,https://tr.wikipedia.org/wiki/Safranbolu,3,Anadolu Selçuklu Devleti#417;II. Murad#49;Karadeniz Bölgesi#12
sahna,https://tr.wikipedia.org/wiki/Sah%C4%B1n,1,Arslanhane Camii#26
Sahaflar Çarşısı,https://tr.wikipedia.org/wiki/Sahaflar_%C3%87ar%C5%9F%C4%B1s%C4%B1,1,İstanbul#447
Sahil Güvenlik,https://tr.wikipedia.org/wiki/Sahil_G%C3%BCvenlik_Komutanl%C4%B1%C4%9F%C4%B1,1,Türkiye#191
Sahn-ı Seman Medresesi,https://tr.wikipedia.org/wiki/Sahn-%C4%B1_Seman_Medresesi,2,Osmanlı İmparatorluğu#171;Osmanlı İmparatorluğu#649
Sahne Tozu Tiyatrosu,https://tr.wikipedia.org/wiki/Sahne_Tozu_Tiyatrosu,1,İzmir#209
sahne sanatları,https://tr.wikipedia.org/wiki/Sahne_sanatlar%C4%B1,1,Osmanlı İmparatorluğu#530
Sahra,https://tr.wikipedia.org/wiki/Sahra,1,Zeytinyağı#16
"Londra'da barış anlaşması U:(https://tr.wikipedia.org/wiki/Londra_Antla%C5%9Fmas%C4%B1_(1913))___ imzalandı.  11 Haziran'da Mahmut Şevket Paşa bir suikast sonucu öldürüldü, yerine ___E:Sait Halim Paşa",https://tr.wikipedia.org/wiki/Said_Halim_Pa%C5%9Fa,1,Mustafa Kemal Atatürk#163
Said Nursî,https://tr.wikipedia.org/wiki/Said_Nurs%C3%AE,1,Mustafa Kemal Atatürk#857
Saint-Germain,https://tr.wikipedia.org/wiki/Saint-Germain_Antla%C5%9Fmas%C4%B1,1,Lozan Antlaşması#3
Saint-Jean-de-Maurienne Anlaşması,https://tr.wikipedia.org/wiki/Saint-Jean-de-Maurienne_Anla%C5%9Fmas%C4%B1,1,Türk Kurtuluş Savaşı Batı Cephesi#127
"Kargamış U:(https://tr.wikipedia.org/wiki/Karkam%C4%B1%C5%9F_(antik_kent))___ , ___E:Sakçagözü","https://tr.wikipedia.org/wiki/Sak%C3%A7ag%C3%B6z%C3%BC,_Nurda%C4%9F%C4%B1",1,Anadolu Medeniyetleri Müzesi#19
Sakıp Sabancı Müzesi,https://tr.wikipedia.org/wiki/Sak%C4%B1p_Sabanc%C4%B1_M%C3%BCzesi,1,İstanbul#441
sakız,https://tr.wikipedia.org/wiki/Sak%C4%B1z,1,Orman#49
"Midilli U:(https://tr.wikipedia.org/wiki/Midilli_(ada))___ , ___E:Sakız",https://tr.wikipedia.org/wiki/Sak%C4%B1z_Adas%C4%B1,2,Germiyanoğulları Beyliği#40;Türk Kurtuluş Savaşı Batı Cephesi#140
Saka,https://tr.wikipedia.org/wiki/Sakaca,1,Medler#72
Saka,https://tr.wikipedia.org/wiki/Sakalar,4,Ahameniş İmparatorluğu#290;Ahameniş İmparatorluğu#36;II. Kiros#106;II. Kiros#71
Nureddin Paşa,https://tr.wikipedia.org/wiki/Sakall%C4%B1_Nureddin_Pa%C5%9Fa,2,Devlet Mezarlığı#1;Türk Kurtuluş Savaşı Batı Cephesi#919
Sakarya,https://tr.wikipedia.org/wiki/Sakarya,4,Karadeniz Bölgesi#6;Karadeniz Bölgesi#68;Osmanlı İmparatorluğu#96;Sakarya Nehri#8
Sakarya,https://tr.wikipedia.org/wiki/Sakarya_B%C3%BCy%C3%BCk%C5%9Fehir_Belediyesi,1,Büyükşehir belediyesi#18
Sakarya Deltası,https://tr.wikipedia.org/wiki/Sakarya_Deltas%C4%B1,1,Sakarya Nehri#25
Sakarya Irmağı,https://tr.wikipedia.org/wiki/Sakarya_Irma%C4%9F%C4%B1,2,Frigya#1;Kızılırmak#10
Sakarya Meydan Muharebesi,https://tr.wikipedia.org/wiki/Sakarya_Meydan_Muharebesi,11,Ankara#16;Ankara#64;Anıtkabir#123;Atatürk ve Kurtuluş Savaşı Müzesi#5;Mustafa Kemal Atatürk#494;Mustafa Kemal Atatürk#6;Polatlı#7;Polatlı#8;Türk Kurtuluş Savaşı Batı Cephesi#16;Türk Kurtuluş Savaşı#172;Türk Kurtuluş Savaşı#184
Sakarya Nehri,https://tr.wikipedia.org/wiki/Sakarya_Nehri,14,Ankara#63;Frigler#31;Frigler#76;Gordion#1;Karadeniz Bölgesi#53;Kızılcahamam#3;Mustafa Kemal Atatürk#483;Mustafa Kemal Atatürk#488;Sakarya Meydan Muharebesi#11;Türk Kurtuluş Savaşı Batı Cephesi#815;Türk Kurtuluş Savaşı Batı Cephesi#819;Türk Kurtuluş Savaşı Batı Cephesi#836;Türk Kurtuluş Savaşı#36;Yenimahalle#6
Adapazarı Ovasının,https://tr.wikipedia.org/wiki/Sakarya_Ovas%C4%B1,2,Karadeniz Bölgesi#1;Sakarya Nehri#31
Sakaryabaşından,https://tr.wikipedia.org/wiki/Sakaryaba%C5%9F%C4%B1,1,Sakarya Nehri#10
sakatat,https://tr.wikipedia.org/wiki/Sakatat,1,Şırdan#1
sake,https://tr.wikipedia.org/wiki/Sake,1,Judo#7
Saksonları,https://tr.wikipedia.org/wiki/Saksonlar,1,Roma imparatoru#4
salçalı,https://tr.wikipedia.org/wiki/Sal%C3%A7a,1,Şırdan#1
Sal yaylası,https://tr.wikipedia.org/wiki/Sal_Yaylas%C4%B1,1,Karadeniz Bölgesi#49
Salamis Deniz Muharebesi,https://tr.wikipedia.org/wiki/Salamis_Deniz_Muharebesi,2,Ahameniş İmparatorluğu#109;Ahameniş İmparatorluğu#121
Salamis Savaşında,https://tr.wikipedia.org/wiki/Salamis_Deniz_Sava%C5%9F%C4%B1,1,Antik Yunanistan#60
Salarca,https://tr.wikipedia.org/wiki/Salarca,1,Türkçe#51
salata,https://tr.wikipedia.org/wiki/Salata,1,Ankara tavası#5
Salgurlular,https://tr.wikipedia.org/wiki/Salgurlular,7,Anadolu Selçuklu Devleti#2;Büyük Selçuklu İmparatorluğu#2;Germiyanoğulları Beyliği#2;Karamanoğulları Beyliği#27;Osmanlı İmparatorluğu#2;Selçuklu Hanedanı#2;Timur İmparatorluğu#2
Salih Bey,https://tr.wikipedia.org/wiki/Salih_Bozok,1,Mustafa Kemal Atatürk#798
Salih Fansa,https://tr.wikipedia.org/wiki/Salih_Fansa,1,Mustafa Kemal Atatürk#285
Salih Hulusi Kezrak,https://tr.wikipedia.org/wiki/Salih_Hulusi_Kezrak,3,Mustafa Kemal Atatürk#386;Türkiye Büyük Millet Meclisi#106;Türkiye Büyük Millet Meclisi#114
Salihli,https://tr.wikipedia.org/wiki/Salihli,1,Türk Kurtuluş Savaşı Batı Cephesi#240
saltanat,https://tr.wikipedia.org/wiki/Saltanat%C4%B1n_kald%C4%B1r%C4%B1lmas%C4%B1,10,Osmanlı Hanedanı#20;Osmanlı Hanedanı#29;Osmanlı Hanedanı#5;Osmanlı İmparatorluğu#19;Osmanlı İmparatorluğu#297;Türkiye#102;Türkiye#107;Türkiye#14;Türkiye'de cumhuriyetin ilanı#16;İslam devleti#51
Saltuklu Beyliği,https://tr.wikipedia.org/wiki/Saltuklu_Beyli%C4%9Fi,9,Anadolu Selçuklu Devleti#101;Anadolu Selçuklu Devleti#2;Anadolu Selçuklu Devleti#33;Büyük Selçuklu İmparatorluğu#2;Germiyanoğulları Beyliği#2;Karamanoğulları Beyliği#27;Osmanlı İmparatorluğu#2;Selçuklu Hanedanı#2;Timur İmparatorluğu#2
Salur,https://tr.wikipedia.org/wiki/Salur_boyu,2,Karamanoğulları Beyliği#2;Karamanoğulları Beyliği#5
Samaniler,https://tr.wikipedia.org/wiki/Saman%C3%AE,1,Büyük Selçuklu sultanları listesi#2
Samarra,https://tr.wikipedia.org/wiki/Samarra,3,Ahameniş İmparatorluğu#432;Mutasım#33;Mutasım#65
Samarya,https://tr.wikipedia.org/wiki/Samarya,2,Kimmerler#57;Medler#31
Sambo,https://tr.wikipedia.org/wiki/Sambo,2,Güreş#3;Güreş#31
Sami toplulukken,https://tr.wikipedia.org/wiki/Sami,1,Asur#34
Sami Küçük,https://tr.wikipedia.org/wiki/Sami_K%C3%BC%C3%A7%C3%BCk,1,Orta Doğu Teknik Üniversitesi#22
Samim Göreç,https://tr.wikipedia.org/wiki/Samim_G%C3%B6re%C3%A7,2,Türkiye millî basketbol takımı#109;Türkiye millî basketbol takımı#99
Samokov,https://tr.wikipedia.org/wiki/Samokov,3,I. Murad#52;Türkçe#162;Türkçe#164
Samosata,https://tr.wikipedia.org/wiki/Samosata,1,Bizans İmparatorluğu#146
Samsat,https://tr.wikipedia.org/wiki/Samsat,2,Anadolu Selçuklu Devleti#248;Mutasım#51
Samsun,https://tr.wikipedia.org/wiki/Samsun,17,Atatürk ve Kurtuluş Savaşı Müzesi#13;Crocus ancyrensis#5;Demiryolu ulaşımı#23;Frigler#75;II. Murad#8;Karadeniz Bölgesi#3;Karadeniz Bölgesi#47;Karadeniz Bölgesi#53;Karadeniz Bölgesi#83;Kimmerler#53;Kızılırmak#1;Mustafa Kemal Atatürk#318;Mustafa Kemal Atatürk#322;Osmanlı İmparatorluğu#367;Sivas#39;Çorum#4;İstanbul#596
Samsun,https://tr.wikipedia.org/wiki/Samsun_%C3%87ar%C5%9Famba_Havaliman%C4%B1,1,Karadeniz Bölgesi#86
Samsun,https://tr.wikipedia.org/wiki/Samsun_B%C3%BCy%C3%BCk%C5%9Fehir_Belediyesi,1,Büyükşehir belediyesi#18
Samuel Morse,https://tr.wikipedia.org/wiki/Samuel_Morse,1,İstanbul#539
samuray,https://tr.wikipedia.org/wiki/Samuray,1,Karate#5
San Remo Konferansı,https://tr.wikipedia.org/wiki/San_Remo_Konferans%C4%B1,2,Mustafa Kemal Atatürk#431;Türk Kurtuluş Savaşı Batı Cephesi#450
sanal ticaret,https://tr.wikipedia.org/wiki/Sanal_ticaret,1,Ticaret#19
sanat,https://tr.wikipedia.org/wiki/Sanat,4,Antik Roma#8;Antik Yunanistan#12;İskender#47;İstanbul#20
Sanat müzesi,https://tr.wikipedia.org/wiki/Sanat_m%C3%BCzesi,1,Ankara Resim ve Heykel MüzesiCard#4
sanayi,https://tr.wikipedia.org/wiki/Sanayi,8,Ankara#7;Antik Roma#130;Balâ#48;Mustafa Kemal Atatürk#24;Sivas#68;İnşaat#2;İstanbul#20;İstanbul#252
Sanayi Devrimi,https://tr.wikipedia.org/wiki/Sanayi_Devrimi,1,Türkiye#79
Sanayi Teşvik Kanunu,https://tr.wikipedia.org/wiki/Sanayi_Te%C5%9Fvik_Kanunu,1,Mustafa Kemal Atatürk#19
sanayi devrimi,https://tr.wikipedia.org/wiki/Sanayi_devrimi,2,Antik Roma#134;Ticaret#78
"Bilim, Sanayi ve Teknoloji Bakanlığı",https://tr.wikipedia.org/wiki/Sanayi_ve_Teknoloji_Bakanl%C4%B1%C4%9F%C4%B1,1,Orta Doğu Teknik Üniversitesi#129
sanayileşen,https://tr.wikipedia.org/wiki/Sanayile%C5%9Fme,1,Mustafa Kemal Atatürk#3
Sancak,https://tr.wikipedia.org/wiki/Sancak,2,Ayaş#5;Davul#30
sancak beyi,https://tr.wikipedia.org/wiki/Sancak_beyi,1,I. Murad#13
sancakbey,https://tr.wikipedia.org/wiki/Sancakbeyi,1,Osmanlı İmparatorluğu#321
Sandıklı,https://tr.wikipedia.org/wiki/Sand%C4%B1kl%C4%B1,1,Balâ#19
sandal,https://tr.wikipedia.org/wiki/Sandal,1,Orman#49
Sangiovese,https://tr.wikipedia.org/wiki/Sangiovese,1,Şarap#80
Sanherib,https://tr.wikipedia.org/wiki/Sanherib,3,Asur#43;Kimmerler#45;Medler#34
Sankt-Peterburg,https://tr.wikipedia.org/wiki/Sankt-Peterburg,1,UTC+03.00#2
sansar,https://tr.wikipedia.org/wiki/Sansar,1,İstanbul#186
Sanskritçe,https://tr.wikipedia.org/wiki/Sanskrit%C3%A7e,1,Çorba#2
"Ordu U:(https://tr.wikipedia.org/wiki/Ordu_(il))___ , ___E:Santa",https://tr.wikipedia.org/wiki/Santa,1,Davul#8
Santiago,"https://tr.wikipedia.org/wiki/Santiago,_%C5%9Eili",1,Mustafa Kemal Atatürk#845
C,https://tr.wikipedia.org/wiki/Santigrat,2,Ankara#82;Konya#59
cm,https://tr.wikipedia.org/wiki/Santimetre,2,Bozkır#5;Divan sazı#2
Santo Domingo,https://tr.wikipedia.org/wiki/Santo_Domingo,1,Mustafa Kemal Atatürk#846
Miken felaketiyle,https://tr.wikipedia.org/wiki/Santoron,1,Antik Yunanistan#12
Sapanca Gölü,https://tr.wikipedia.org/wiki/Sapanca_G%C3%B6l%C3%BC,1,Sakarya Nehri#29
sarıçam,https://tr.wikipedia.org/wiki/Sar%C4%B1%C3%A7am,1,Orta Doğu Teknik Üniversitesi#142
Sarıçam'ın,"https://tr.wikipedia.org/wiki/Sar%C4%B1%C3%A7am,_Adana",1,Yeniden Refah Partisi#25
Sarı İmparator,https://tr.wikipedia.org/wiki/Sar%C4%B1_%C4%B0mparator,1,Güreş#13
Sarı Efe Edip,https://tr.wikipedia.org/wiki/Sar%C4%B1_Efe_Edip_Bey,1,Mustafa Kemal Atatürk#627
Sarıgöl,https://tr.wikipedia.org/wiki/Sar%C4%B1g%C3%B6l,1,Germiyanoğulları Beyliği#120
Sarıhöyük,"https://tr.wikipedia.org/wiki/Sar%C4%B1h%C3%BCy%C3%BCk,_Bala",2,Balâ#20;Balâ#27
Sarı Kışla,https://tr.wikipedia.org/wiki/Sar%C4%B1k%C4%B1%C5%9Fla,1,İzmir#132
Sarıkamış,https://tr.wikipedia.org/wiki/Sar%C4%B1kam%C4%B1%C5%9F,4,Demiryolu ulaşımı#23;Kete#10;Mustafa Kemal Atatürk#448;Türk Kurtuluş Savaşı#25
sarımsak,https://tr.wikipedia.org/wiki/Sar%C4%B1msak,1,Antik Yunanistan#195
Sarıoğlan,https://tr.wikipedia.org/wiki/Sar%C4%B1o%C4%9Flan_Baraj%C4%B1,1,Kızılırmak#35
Aksaray U:(https://tr.wikipedia.org/wiki/Aksaray_(il))___ 'a bağlı olduğu dönemde Şereflikoçhisar Cumhuriyet İlköğretim Okulu 1931'de ___E:Aksaray U:(https://tr.wikipedia.org/wiki/Aksaray_(il))___ Valisi Ziya Günar tarafından yaptırılmıştır. 1989 yılında ___E:Sarıyahşi,https://tr.wikipedia.org/wiki/Sar%C4%B1yah%C5%9Fi,2,Şereflikoçhisar#19;Şereflikoçhisar#2
Sarıyar,https://tr.wikipedia.org/wiki/Sar%C4%B1yar_Baraj%C4%B1_ve_Hidroelektrik_Santrali,2,Karadeniz Bölgesi#63;Sakarya Nehri#12
Sarıyer,https://tr.wikipedia.org/wiki/Sar%C4%B1yer,4,İstanbul#262;İstanbul#291;İstanbul#327;İstanbul#452
Saray,"https://tr.wikipedia.org/wiki/Saray,_Tekirda%C4%9F",1,İstanbul#89
Saray Mülk Hanım,https://tr.wikipedia.org/wiki/Saray_M%C3%BClk_Han%C4%B1m,1,TimurCard#7
Saraybosna,https://tr.wikipedia.org/wiki/Saraybosna,1,Osmanlı İmparatorluğu#286
suikasta,https://tr.wikipedia.org/wiki/Saraybosna_Suikast%C4%B1,1,Osmanlı İmparatorluğu#286
Sarayburnu,https://tr.wikipedia.org/wiki/Sarayburnu,4,Anıtkabir#208;İstanbul#322;İstanbul#414;İstanbul#58
Sarayköy,https://tr.wikipedia.org/wiki/Sarayk%C3%B6y,1,Germiyanoğulları Beyliği#120
"Neptün'ün oğlu U:(https://tr.wikipedia.org/wiki/Nept%C3%BCn_(mitoloji))___ adını almasını teşvik etti.""  Misenum anlaşmasıyla MÖ 39 yılında geçici bir barış yapıldı ve İtalya üzerindeki abluka, Octavianus'un Pompeius'a ___E:Sardinya",https://tr.wikipedia.org/wiki/Sardinya,2,Augustus#115;Augustus#130
Sardis,https://tr.wikipedia.org/wiki/Sardis,12,Ahameniş İmparatorluğu#109;Ahameniş İmparatorluğu#163;Ahameniş İmparatorluğu#276;Ahameniş İmparatorluğu#31;Ahameniş İmparatorluğu#416;II. Kiros#84;Kimmerler#15;Kimmerler#55;Kimmerler#57;Kral Yolu#6;Lidyalılar#6;Lidyalılar#9
alkol zehirlenmesi,https://tr.wikipedia.org/wiki/Sarho%C5%9Fluk,1,Şarap#121
sarkaç,https://tr.wikipedia.org/wiki/Sarka%C3%A7,1,Madenî para#89
Sarkis Balyan,https://tr.wikipedia.org/wiki/Sarkis_Balyan,1,İstanbul#342
sarması,https://tr.wikipedia.org/wiki/Sarma,1,Beypazarı#98
sarmal,https://tr.wikipedia.org/wiki/Sarmal,1,Anıtkabir#122
Sarmatlara,https://tr.wikipedia.org/wiki/Sarmatlar,1,Kimmerler#50
sarnıç,https://tr.wikipedia.org/wiki/Sarn%C4%B1%C3%A7,1,Ankara Muharebesi#152
Saron Körfezi,https://tr.wikipedia.org/wiki/Saron_K%C3%B6rfezi,1,Ahameniş İmparatorluğu#108
Sarp Sınır Kapısı,https://tr.wikipedia.org/wiki/Sarp_S%C4%B1n%C4%B1r_Kap%C4%B1s%C4%B1,1,Karadeniz Bölgesi#86
Paktalos,https://tr.wikipedia.org/wiki/Sart_%C3%87ay%C4%B1,1,Midas#48
Saruhan,https://tr.wikipedia.org/wiki/Saruhan,1,Fetret Devri#25
Saruhan,https://tr.wikipedia.org/wiki/Saruhan_Sanca%C4%9F%C4%B1,1,II. Murad#8
Saruhanoğulları,https://tr.wikipedia.org/wiki/Saruhano%C4%9Fullar%C4%B1_Beyli%C4%9Fi,16,Anadolu Selçuklu Devleti#2;Ankara Muharebesi#176;Ankara Muharebesi#42;Büyük Selçuklu İmparatorluğu#2;Germiyanoğulları Beyliği#2;Germiyanoğulları Beyliği#44;Germiyanoğulları Beyliği#45;I. Bayezid#138;I. Bayezid#37;I. Bayezid#40;Karamanoğulları Beyliği#27;Osmanlı İmparatorluğu#105;Osmanlı İmparatorluğu#132;Osmanlı İmparatorluğu#2;Selçuklu Hanedanı#2;Timur İmparatorluğu#2
Sasani,https://tr.wikipedia.org/wiki/Sasani_%C4%B0mparatorlu%C4%9Fu,16,Ahameniş İmparatorluğu#244;Ahameniş İmparatorluğu#250;Ahameniş İmparatorluğu#318;Anadolu Selçuklu Devleti#21;Anadolu Selçuklu Devleti#241;Anadolu Selçuklu Devleti#26;Anadolu Selçuklu Devleti#410;Bizans İmparatorluğu#69;Bizans İmparatorluğu#94;II. Kiros#177;II. Kiros#245;Julianus#52;Madenî para#72;Roma İmparatorluğu#261;Sivas#18;İstanbul#69
Sasaniler,https://tr.wikipedia.org/wiki/Sasaniler,3,Farslar#14;Farslar#4;Julianus#21
satış vergisi,https://tr.wikipedia.org/wiki/Sat%C4%B1%C5%9F_vergisi,1,Ahameniş İmparatorluğu#271
GSYİH (SAGP) sıralamasında,https://tr.wikipedia.org/wiki/Sat%C4%B1n_alma_g%C3%BCc%C3%BC_paritelerine_g%C3%B6re_%C3%BClkeler_listesi,1,Türkiye#247
satrabı,https://tr.wikipedia.org/wiki/Satrapl%C4%B1k,11,Ahameniş İmparatorluğu#231;Ahameniş İmparatorluğu#253;Ahameniş İmparatorluğu#284;II. Kiros#235;II. Kiros#237;II. Kiros#75;II. Kiros#94;Medler#65;İskender#186;İskender#219;İskender#51
Sauvignon blanc,https://tr.wikipedia.org/wiki/Sauvignon_blanc,1,Şarap#81
Sava,https://tr.wikipedia.org/wiki/Sava,1,Osmanlı İmparatorluğu#239
savaş,https://tr.wikipedia.org/wiki/Sava%C5%9F,3,Antik Roma#194;Antik Roma#8;Atatürk ve Kurtuluş Savaşı Müzesi#9
savaş arabalı okçular,https://tr.wikipedia.org/wiki/Sava%C5%9F_arabas%C4%B1,1,Ahameniş İmparatorluğu#315
savaş fili,https://tr.wikipedia.org/wiki/Sava%C5%9F_fili,1,Ankara Muharebesi#156
savaş sanatı,https://tr.wikipedia.org/wiki/Sava%C5%9F_sanat%C4%B1,1,Karate#1
Savcı Bey,https://tr.wikipedia.org/wiki/Savc%C4%B1_Bey,4,I. Bayezid#7;I. Murad#61;I. MuradCard#8;II. Murad#96
Savcı Sayan,https://tr.wikipedia.org/wiki/Savc%C4%B1_Sayan,1,2024 Türkiye yerel seçimleri#24
Savoy,https://tr.wikipedia.org/wiki/Savoy,1,I. Murad#50
savunmak,https://tr.wikipedia.org/wiki/Savunma,1,Taş Devri#11
Savunma Sanayii Başkanlığı,https://tr.wikipedia.org/wiki/Savunma_Sanayii_Ba%C5%9Fkanl%C4%B1%C4%9F%C4%B1,1,Orta Doğu Teknik Üniversitesi#69
Sayda,https://tr.wikipedia.org/wiki/Sayda,2,Ahameniş İmparatorluğu#331;Bizans İmparatorluğu#153
Sayköy,"https://tr.wikipedia.org/wiki/Sayk%C3%B6y,_Tarsus",1,Türk Kurtuluş Savaşı Güney Cephesi#47
sazan,https://tr.wikipedia.org/wiki/Sazan,1,Hayvancılık#10
Sazlıdere,https://tr.wikipedia.org/wiki/Sazl%C4%B1dere_Baraj%C4%B1,1,İstanbul#201
schwingen,https://tr.wikipedia.org/wiki/Schwingen,1,Güreş#65
Scribonia,https://tr.wikipedia.org/wiki/Scribonia,2,Augustus#117;AugustusCard#7
seçim bölgesini,https://tr.wikipedia.org/wiki/Se%C3%A7im_b%C3%B6lgesi,1,Türkiye#135
Seçim barajı,https://tr.wikipedia.org/wiki/Se%C3%A7im_baraj%C4%B1,4,Milliyetçi Hareket Partisi#43;Türkiye Büyük Millet Meclisi#205;Türkiye Büyük Millet MeclisiCard#16;Türkiye#150
Seçmenlerin,https://tr.wikipedia.org/wiki/Se%C3%A7men,1,2014 Türkiye yerel seçimleri#22
katılım oranları,https://tr.wikipedia.org/wiki/Se%C3%A7men_kat%C4%B1l%C4%B1m%C4%B1,1,Türkiye#147
sebil,https://tr.wikipedia.org/wiki/Sebil,1,Ankara Muharebesi#152
sebzeler,https://tr.wikipedia.org/wiki/Sebze,1,Gıda#11
sebze çorbası,https://tr.wikipedia.org/wiki/Sebze_%C3%A7orbas%C4%B1,1,Çorba#24
sedasyon,https://tr.wikipedia.org/wiki/Sedasyon,1,Şarap#118
Sedat Alp,https://tr.wikipedia.org/wiki/Sedat_Alp,1,Hititler#11
Seddülbahir,https://tr.wikipedia.org/wiki/Sedd%C3%BClbahir_Kalesi,1,Mustafa Kemal Atatürk#206
Sefarad,https://tr.wikipedia.org/wiki/Sefarad_Yahudileri,4,Türkiye#344;Türkiye#345;İstanbul#225;İstanbul#244
Seferihisar,https://tr.wikipedia.org/wiki/Seferihisar,1,İzmir#92
Sefil Selimî,https://tr.wikipedia.org/wiki/Sefil_Selimi,1,Şarkışla#108
Segestes,https://tr.wikipedia.org/wiki/Segestes,1,Augustus#275
Temsilciler Meclisi U:(https://tr.wikipedia.org/wiki/Temsilciler_Meclisi_(T%C3%BCrkiye))___ 'ne seçilerek görevden ayrılmasıyla birlikte 23 Şubat 1961'de rektörlük görevine Prof. Dr. ___E:Seha Meray,https://tr.wikipedia.org/wiki/Seha_L._Meray,1,Orta Doğu Teknik Üniversitesi#28
Lucius Aelius Sejanus,https://tr.wikipedia.org/wiki/Sejanus,1,Roma İmparatorluğu#125
laik,https://tr.wikipedia.org/wiki/Sek%C3%BCler_devlet,4,Mustafa Kemal Atatürk#9;Türkiye#16;Türkiye#332;Türkiye#4
Seküler,https://tr.wikipedia.org/wiki/Sek%C3%BClerite,1,Mustafa Kemal Atatürk#10
laikleşmesini,https://tr.wikipedia.org/wiki/Sek%C3%BClerizasyon,1,İslam devleti#68
sekülarist,https://tr.wikipedia.org/wiki/Sek%C3%BClerizm,3,Mustafa Kemal Atatürk#4;Mustafa Kemal Atatürk#9;Osmanlı İmparatorluğu#10
fahişelere,https://tr.wikipedia.org/wiki/Seks_i%C5%9F%C3%A7isi,1,Antik Yunanistan#296
Selânik Askerî Rüştiyesine,https://tr.wikipedia.org/wiki/Sel%C3%A2nik_Asker%C3%AE_R%C3%BC%C5%9Ftiyesi,1,Mustafa Kemal Atatürk#68
Selânik Mülkiye Rüştiyesine,https://tr.wikipedia.org/wiki/Sel%C3%A2nik_M%C3%BClkiye_R%C3%BC%C5%9Ftiyesi,1,Mustafa Kemal Atatürk#67
Selçuk,https://tr.wikipedia.org/wiki/Sel%C3%A7uk,4,"Efes#1;Efes#33;Germiyanoğulları Beyliği#40;Çubuk, Ankara#5"
Selçuk Üniversitesi,https://tr.wikipedia.org/wiki/Sel%C3%A7uk_%C3%9Cniversitesi,2,Ahilik#19;Konya#133
Selçuk,https://tr.wikipedia.org/wiki/Sel%C3%A7uk_Bey,4,Büyük Selçuklu sultanları listesi#2;Büyük Selçuklu İmparatorluğu#9;Selçuklu Hanedanı#6;Selçuklu Hanedanı#8
Selçuklu,https://tr.wikipedia.org/wiki/Sel%C3%A7uklu,2,Höyük#10;Polatlı#4
Selçuklu,"https://tr.wikipedia.org/wiki/Sel%C3%A7uklu,_Konya",1,Konya#53
Selçuklu,https://tr.wikipedia.org/wiki/Sel%C3%A7uklu_Hanedan%C4%B1,30,"Anadolu Selçuklu Devleti#142;Anadolu Selçuklu Devleti#6;Anadolu Selçuklu Devleti#8;Anadolu#70;Ankara Kalesi#1;Ankara Kalesi#9;Ankara Roma Hamamı#22;Ankara#117;Ankara#16;Büyük Selçuklu İmparatorluğu#13;Büyük Selçuklu İmparatorluğu#9;I. Alâeddin Keykubad#4;I. Alâeddin KeykubadCard#10;Kalecik#4;Kapadokya#33;Madenî para#82;Malazgirt Meydan Muharebesi#82;Niğde#63;Osmanlı İmparatorluğu#463;Osmanlı İmparatorluğu#82;Sivas#19;Türkiye#6;Türkiye#60;Türkiye#61;Çubuk, Ankara#19;Üniversite#35;İstanbul#445;İzmir#73;Şereflikoçhisar#16"
Selçuklu mimarisi,https://tr.wikipedia.org/wiki/Sel%C3%A7uklu_mimarisi,4,Anıtkabir#90;Arslanhane CamiiCard#3;Osmanlı İmparatorluğu#564;Osmanlı İmparatorluğu#567
Selçuknâme,https://tr.wikipedia.org/wiki/Sel%C3%A7ukn%C3%A2me,1,Malazgirt Meydan Muharebesi#76
Selahattin Adil Bey,https://tr.wikipedia.org/wiki/Selahattin_Adil,1,Sakarya Meydan Muharebesi#47
Selahattin Demirtaş'ın,https://tr.wikipedia.org/wiki/Selahattin_Demirta%C5%9F,1,2024 Türkiye yerel seçimleri#67
Selanik,https://tr.wikipedia.org/wiki/Selanik,16,Ankara Muharebesi#236;Anıtkabir#170;Atatürk Orman Çiftliği#3;Bizans İmparatorluğu#147;Fetret Devri#39;I. Bayezid#27;I. Murad#83;II. Murad#52;Mustafa Kemal Atatürk#2;Mustafa Kemal Atatürk#48;Mustafa Kemal Atatürk#51;Mustafa Kemal Atatürk#52;Mustafa Kemal AtatürkCard#7;Osmanlı İmparatorluğu#521;Roma İmparatorluğu#404;Türk Kurtuluş Savaşı Batı Cephesi#40
Selanik Vilayeti,https://tr.wikipedia.org/wiki/Selanik_Vilayeti,1,Mustafa Kemal AtatürkCard#7
Seleler,https://tr.wikipedia.org/wiki/Sele,2,Bisiklet#44;Bisiklet#93
Seleukos İmparatorluğu,https://tr.wikipedia.org/wiki/Seleukos_%C4%B0mparatorlu%C4%9Fu,6,Ahameniş İmparatorluğu#237;Ahameniş İmparatorluğu#8;Antik Roma#31;II. Kiros#245;İskender#11;İskender#229
Selevkoslarla,https://tr.wikipedia.org/wiki/Selevkos,1,Tektosaglar#9
Selim Sadak,https://tr.wikipedia.org/wiki/Selim_Sadak,1,Ulucanlar Cezaevi Müzesi#10
Selimiye Camii,https://tr.wikipedia.org/wiki/Selimiye_Camii,1,Osmanlı İmparatorluğu#572
Selin Sayek Böke,https://tr.wikipedia.org/wiki/Selin_Sayek_B%C3%B6ke,3,Cumhuriyet Halk Partisi#7;Cumhuriyet Halk PartisiCard#3;Türkiye İstatistik Kurumu#7
Selman-ı Farisî,https://tr.wikipedia.org/wiki/Selm%C3%A2n-%C4%B1_F%C3%A2ris%C3%AE,1,İslam devleti#34
Selma Aliye Kavaf,https://tr.wikipedia.org/wiki/Selma_Aliye_Kavaf,1,Adalet ve Kalkınma Partisi#81
sembol,https://tr.wikipedia.org/wiki/Sembol,2,Santigrat#2;Çapa (denizcilik)#2
Semendire,https://tr.wikipedia.org/wiki/Semendire,1,II. Murad#115
Semerkant,https://tr.wikipedia.org/wiki/Semerkant,11,Ahameniş İmparatorluğu#280;Ankara Muharebesi#61;Osmanlı İmparatorluğu#648;Timur İmparatorluğu#30;Timur İmparatorluğu#33;Timur İmparatorluğu#9;Timur İmparatorluğuCard#2;Timur#2;Timur#23;Timur#567;TimurCard#6
Semih Erden,https://tr.wikipedia.org/wiki/Semih_Erden,4,Türkiye millî basketbol takımı#144;Türkiye millî basketbol takımı#146;Türkiye millî basketbol takımı#148;Türkiye millî basketbol takımı#150
Sémillon,https://tr.wikipedia.org/wiki/Semillon,1,Şarap#81
Semis,https://tr.wikipedia.org/wiki/Semis,1,Roma İmparatorluğuCard#17
Senusi,https://tr.wikipedia.org/wiki/Sen%C3%BBs%C3%AElik,1,Mustafa Kemal Atatürk#122
Senaryosunu,https://tr.wikipedia.org/wiki/Senaryo,1,Atatürk ve Kurtuluş Savaşı Müzesi#9
Senato,https://tr.wikipedia.org/wiki/Senato,1,Septimius Severus#39
senkronize buz pateni,https://tr.wikipedia.org/wiki/Senkronize_buz_pateni,1,Buz pateni#2
sentetik,https://tr.wikipedia.org/wiki/Sentetik,1,Gıda#33
Septimius Severus,https://tr.wikipedia.org/wiki/Septimius_Severus,8,Ankara#113;Caracalla#2;CaracallaCard#1;CaracallaCard#2;CaracallaCard#9;Roma İmparatorluğu#250;İstanbul#60
serçeler,https://tr.wikipedia.org/wiki/Ser%C3%A7e,1,İstanbul#183
Sera,https://tr.wikipedia.org/wiki/Sera_G%C3%B6l%C3%BC,1,Karadeniz Bölgesi#63
sera gazı,https://tr.wikipedia.org/wiki/Sera_gazlar%C4%B1,1,Türkiye#295
seramik,https://tr.wikipedia.org/wiki/Seramik,2,İstanbul#299;İstanbul#445
Serapis,https://tr.wikipedia.org/wiki/Serapis,1,Efes#78
serbest nazımla,https://tr.wikipedia.org/wiki/Serbest_%C3%B6l%C3%A7%C3%BC,1,Türkiye#371
Serbest Cumhuriyet Fırkası,https://tr.wikipedia.org/wiki/Serbest_Cumhuriyet_F%C4%B1rkas%C4%B1,3,Cumhuriyet Halk Partisi#26;Mustafa Kemal Atatürk#644;Türkiye Büyük Millet Meclisi#156
Serbest ekonominin,https://tr.wikipedia.org/wiki/Serbest_ekonomi,1,Ticaret#125
serbest güreş,https://tr.wikipedia.org/wiki/Serbest_g%C3%BCre%C5%9F,4,Güreş#3;Güreş#30;Güreş#86;GüreşCard#2
serbest piyasa ekonomisindeki,https://tr.wikipedia.org/wiki/Serbest_piyasa_ekonomisi,1,Ticaret#23
serbest ticaret,https://tr.wikipedia.org/wiki/Serbest_ticaret,1,Ticaret#123
Serdar Apaydın,https://tr.wikipedia.org/wiki/Serdar_Apayd%C4%B1n,2,Türkiye millî basketbol takımı#128;Türkiye millî basketbol takımı#130
Serez,https://tr.wikipedia.org/wiki/Serez,3,I. Bayezid#28;I. Murad#83;II. Murad#85
Sergi-i Umumi-i Osmani,https://tr.wikipedia.org/wiki/Sergi-i_Um%C3%BBm%C3%AE-i_Osm%C3%A2n%C3%AE,1,İstanbul#312
Grigol Orconikidze,https://tr.wikipedia.org/wiki/Sergo_Orconikidze,1,Türk Kurtuluş Savaşı#231
Serhas,https://tr.wikipedia.org/wiki/Serhas,1,Antik Yunanistan#59
Serhat Çetin,https://tr.wikipedia.org/wiki/Serhat_%C3%87etin,1,Türkiye millî basketbol takımı#152
Serkan Erdoğan,https://tr.wikipedia.org/wiki/Serkan_Erdo%C4%9Fan,2,Türkiye millî basketbol takımı#142;Türkiye millî basketbol takımı#144
Sertaç Şanlı,https://tr.wikipedia.org/wiki/Serta%C3%A7_%C5%9Eanl%C4%B1,1,Türkiye millî basketbol takımı#64
Sertab Erener,https://tr.wikipedia.org/wiki/Sertab_Erener,2,Türkiye#374;İstanbul#449
Servet-i Fünûn,https://tr.wikipedia.org/wiki/Servet-i_F%C3%BCn%C3%BBn_edebiyat%C4%B1,1,Türkiye#371
servi,https://tr.wikipedia.org/wiki/Servi,1,İstanbul#166
ses,https://tr.wikipedia.org/wiki/Ses,4,Türkçe#179;Türkçe#214;Türkçe#221;Türkçe#240
fonolojisindeki,https://tr.wikipedia.org/wiki/Sesbilim,1,Medler#119
ses,https://tr.wikipedia.org/wiki/Sesbirim,1,Türkçe#11
sestertius,https://tr.wikipedia.org/wiki/Sestertius,3,Augustus#329;Augustus#52;Roma İmparatorluğuCard#17
seten,https://tr.wikipedia.org/wiki/Seten,1,Zeytinyağı#138
Seul-İncheon,https://tr.wikipedia.org/wiki/Seul_Ulusal_Ba%C5%9Fkent_B%C3%B6lgesi,1,İstanbul#629
Sevan Nişanyan,https://tr.wikipedia.org/wiki/Sevan_Ni%C5%9Fanyan,1,Afşin#20
Severus hanedanı,https://tr.wikipedia.org/wiki/Severus_Hanedan%C4%B1,1,Antik Roma#52
Severuslar Hanedanı,https://tr.wikipedia.org/wiki/Severuslar_Hanedan%C4%B1,2,CaracallaCard#8;Septimius SeverusCard#8
Sèvres,https://tr.wikipedia.org/wiki/Sevr,1,Türk Kurtuluş Savaşı#164
Sevr Antlaşması,https://tr.wikipedia.org/wiki/Sevr_Antla%C5%9Fmas%C4%B1,16,Lozan Antlaşması#5;Lozan Barış Konferansı#1;Mustafa Kemal Atatürk#439;Mustafa Kemal Atatürk#467;Mustafa Kemal Atatürk#477;Mustafa Kemal Atatürk#538;Mustafa Kemal Atatürk#852;Osmanlı Hanedanı#17;Sakarya Meydan Muharebesi#5;Türk Kurtuluş Savaşı Batı Cephesi#15;Türk Kurtuluş Savaşı#164;Türk Kurtuluş Savaşı#39;Türk Kurtuluş Savaşı#93;Türkiye#100;Türkiye#99;İzmir#130
Sextilis,https://tr.wikipedia.org/wiki/Sextilis,1,Augustus#354
Sextus Julius Africanus,https://tr.wikipedia.org/wiki/Sextus_Julius_Africanus,1,Frigler#57
Sextus Pompeius,https://tr.wikipedia.org/wiki/Sextus_Pompeius,1,Augustus#115
Sextus Propertius,https://tr.wikipedia.org/wiki/Sextus_Propertius,1,Augustus#114
Seyahatname,https://tr.wikipedia.org/wiki/Seyahatname,1,Beypazarı#9
Seyanto Hanlığı,https://tr.wikipedia.org/wiki/Seyanto_Hanl%C4%B1%C4%9F%C4%B1,7,Anadolu Selçuklu Devleti#2;Büyük Selçuklu İmparatorluğu#2;Germiyanoğulları Beyliği#2;Karamanoğulları Beyliği#27;Osmanlı İmparatorluğu#2;Selçuklu Hanedanı#2;Timur İmparatorluğu#2
Seydişehir,https://tr.wikipedia.org/wiki/Seydi%C5%9Fehir,2,I. Murad#78;Osmanlı İmparatorluğu#129
Seyhan,https://tr.wikipedia.org/wiki/Seyhan,1,Kızılırmak#10
Seyhun,https://tr.wikipedia.org/wiki/Seyhun,4,Ahameniş İmparatorluğu#92;II. Kiros#5;Selçuklu Hanedanı#13;TimurCard#5
seyyahlar,https://tr.wikipedia.org/wiki/Seyyah,1,Medler#94
Seyyid Ahmed Han,https://tr.wikipedia.org/wiki/Seyyid_Ahmed_Han,1,II. Kiros#232
Seyyid Kutub,https://tr.wikipedia.org/wiki/Seyyid_Kutub,1,İslam devleti#5
Sezar Tapınağı,https://tr.wikipedia.org/wiki/Sezar_Tap%C4%B1na%C4%9F%C4%B1,1,Augustus#360
Shenzhen,https://tr.wikipedia.org/wiki/Shenzhen,1,İstanbul#630
shihan,https://tr.wikipedia.org/wiki/Shihan,1,Judo#12
Shotokan,https://tr.wikipedia.org/wiki/Shotokan,1,Karate#15
Show TV,https://tr.wikipedia.org/wiki/Show_TV,3,Söğütözü#2;Türkiye#387;İstanbul#522
Sibiu,https://tr.wikipedia.org/wiki/Sibin,2,II. Murad#111;II. Murad#126
Sibirya,https://tr.wikipedia.org/wiki/Sibirya,4,Kimmerler#29;Türkçe#12;Türkçe#71;Yarı kurak iklim#2
Sicilya,https://tr.wikipedia.org/wiki/Sicilya,10,Antik Roma#128;Antik Roma#31;Antik Roma#60;Antik Yunanistan#36;Antik Yunanistan#88;Augustus#115;Augustus#130;Bizans İmparatorluğu#71;Mutasım#72;Şarap#29
Side,https://tr.wikipedia.org/wiki/Side,1,Anadolu#58
Sidney Sonnino,https://tr.wikipedia.org/wiki/Sidney_Sonnino,1,Türk Kurtuluş Savaşı Batı Cephesi#133
mühürlerinde,https://tr.wikipedia.org/wiki/Sigiliografya,1,Bizans İmparatorluğu#456
Siirt,https://tr.wikipedia.org/wiki/Siirt,3,2014 Türkiye yerel seçimleri#21;Kete#18;Türkiye#320
sikke,https://tr.wikipedia.org/wiki/Sikke,3,Lidyalılar#20;Osmanlı İmparatorluğu#393;Ticaret#82
Sikyon,https://tr.wikipedia.org/wiki/Sikyon,1,Augustus#111
silahlanma,https://tr.wikipedia.org/wiki/Silah,1,Mustafa Kemal Atatürk#690
Silah Taciri,https://tr.wikipedia.org/wiki/Silah_Taciri,1,Ankara Resim ve Heykel Müzesi#25
Silahtarağa Elektrik Santrali,https://tr.wikipedia.org/wiki/Silahtara%C4%9Fa_Elektrik_Santrali,1,İstanbul#536
Silas,https://tr.wikipedia.org/wiki/Silas,1,Pavlusçuluk#11
Silifke,https://tr.wikipedia.org/wiki/Silifke,3,Efes#65;Karamanoğulları Beyliği#16;Türk Kurtuluş Savaşı Batı Cephesi#666
Silistre,https://tr.wikipedia.org/wiki/Silistre,2,I. Bayezid#26;I. Murad#103
Silivri,https://tr.wikipedia.org/wiki/Silivri,2,İstanbul#294;İstanbul#452
Silvan,https://tr.wikipedia.org/wiki/Silvan,1,Mustafa Kemal Atatürk#238
Simav,https://tr.wikipedia.org/wiki/Simav,6,Germiyanoğulları Beyliği#120;Germiyanoğulları Beyliği#45;Germiyanoğulları Beyliği#8;I. Murad#77;Osmanlı İmparatorluğu#129;Türk Kurtuluş Savaşı Batı Cephesi#582
simgedir,https://tr.wikipedia.org/wiki/Simge,1,Cumhuriyet Halk Partisi#131
Simnan,https://tr.wikipedia.org/wiki/Simnan,1,Timur#135
Simonides,https://tr.wikipedia.org/wiki/Simonides,1,Antik Yunanistan#66
Sina Çölü,https://tr.wikipedia.org/wiki/Sina_Yar%C4%B1madas%C4%B1,1,Osmanlı İmparatorluğu#195
sinagog,https://tr.wikipedia.org/wiki/Sinagog,3,İstanbul#225;İstanbul#246;İzmir#100
Sinan Cemgil,https://tr.wikipedia.org/wiki/Sinan_Cemgil,1,Orta Doğu Teknik Üniversitesi#247
Sinan Erdem Spor Salonu,https://tr.wikipedia.org/wiki/Sinan_Erdem_Spor_Salonu,3,2010 FIBA Dünya Basketbol Şampiyonası#3;Türkiye#403;İstanbul#488
Sinan Güler,https://tr.wikipedia.org/wiki/Sinan_G%C3%BCler,3,Türkiye millî basketbol takımı#148;Türkiye millî basketbol takımı#150;Türkiye millî basketbol takımı#154
Sinan Oğan,https://tr.wikipedia.org/wiki/Sinan_O%C4%9Fan,1,Milliyetçi Hareket Partisi#64
Sinanpaşa,https://tr.wikipedia.org/wiki/Sinanpa%C5%9Fa,1,Yeniden Refah Partisi#16
Sincan,https://tr.wikipedia.org/wiki/Sincan,2,Yenimahalle#6;Yenimahalle#7
Sincan,https://tr.wikipedia.org/wiki/Sincan_Uygur_%C3%96zerk_B%C3%B6lgesi,1,Türkçe#357
Sind,https://tr.wikipedia.org/wiki/Sind,1,Ahameniş İmparatorluğu#417
Sinop,https://tr.wikipedia.org/wiki/Sinop,8,Frigler#77;I. Alâeddin Keykubad#94;I. Bayezid#57;Karadeniz Bölgesi#15;Kimmerler#9;Kızılırmak#1;Çorum#4;Çorum#7
Sinop,https://tr.wikipedia.org/wiki/Sinop_Havaliman%C4%B1,1,Karadeniz Bölgesi#86
Sinope,https://tr.wikipedia.org/wiki/Sinope,1,Kimmerler#9
Markionculuğun,https://tr.wikipedia.org/wiki/Sinoplu_Marcion,1,Pavlusçuluk#5
sinoptik,https://tr.wikipedia.org/wiki/Sinoptik_meteoroloji,1,Kırkikindi yağışları#4
Tımarlı Sipahiler,https://tr.wikipedia.org/wiki/Sipahi,6,Ankara Muharebesi#140;Ankara Muharebesi#16;Ankara Muharebesi#49;Büyük Selçuklu İmparatorluğu#32;Büyük Selçuklu İmparatorluğu#44;Osmanlı İmparatorluğu#328
"Ur'dan U:(https://tr.wikipedia.org/wiki/Ur_(antik_kent))___ gelen bir diğer yazıtta ise ""tanrıları tapınaklarına geri döndürdüğü"" belirtiliyor. ___E:Babil U:(https://tr.wikipedia.org/wiki/Babil_(antik_kent))___ veya ___E:Sippar",https://tr.wikipedia.org/wiki/Sippar,1,II. Kiros#197
Sir-i Derya,https://tr.wikipedia.org/wiki/Sir-i_Derya,1,Selçuklu Hanedanı#13
Siracusa,https://tr.wikipedia.org/wiki/Siracusa,2,Antik Yunanistan#37;Antik Yunanistan#88
Sirenayka,https://tr.wikipedia.org/wiki/Sirenayka,3,Ahameniş İmparatorluğu#56;Ahameniş İmparatorluğu#92;II. Kiros#7
sirkeleşmesinin,https://tr.wikipedia.org/wiki/Sirke,1,Şarap#39
Sirkeci,https://tr.wikipedia.org/wiki/Sirkeci,1,İstanbul#541
Sirkeli,"https://tr.wikipedia.org/wiki/Sirkeli,_Pursaklar",1,"Çubuk, Ankara#53"
Sirmium,https://tr.wikipedia.org/wiki/Sirmium,1,Bizans İmparatorluğu#86
Siroz,https://tr.wikipedia.org/wiki/Siroz,2,Mustafa Kemal Atatürk#729;Mustafa Kemal AtatürkCard#9
sis,https://tr.wikipedia.org/wiki/Sis,1,Köppen iklim sınıflandırması#76
Sisam,https://tr.wikipedia.org/wiki/Sisam,3,Augustus#284;Herodot#19;Türk Kurtuluş Savaşı Batı Cephesi#140
Sisam,https://tr.wikipedia.org/wiki/Sisam_Em%C3%A2reti,1,Meclis-i Mebûsan#7
Sismoloji,https://tr.wikipedia.org/wiki/Sismoloji,1,İstanbul#126
Sistan,https://tr.wikipedia.org/wiki/Sistan,2,Büyük Selçuklu İmparatorluğu#48;Timur#65
Belucistanlı Etyopyalılar,https://tr.wikipedia.org/wiki/Sistan_ve_Belucistan,1,Ahameniş İmparatorluğu#290
Sivas,https://tr.wikipedia.org/wiki/Sivas,27,2014 Türkiye yerel seçimleri#21;Anadolu Selçuklu Devleti#123;Anadolu Selçuklu Devleti#439;Anadolu Selçuklu DevletiCard#2;Ankara Muharebesi#10;Ankara Muharebesi#29;Ankara#3;Büyük Birlik Partisi#26;Crocus ancyrensis#5;Dânişmend Gazi#11;Fetret Devri#153;Fırat#3;Heyet-i Temsiliye#28;Heyet-i Temsiliye#9;I. Alâeddin Keykubad#33;I. Bayezid#136;I. Bayezid#37;I. Bayezid#83;Karadeniz Bölgesi#58;Karamanoğulları Beyliği#4;Kayseri#28;Konya#30;Malazgirt Meydan Muharebesi#18;Mustafa Kemal Atatürk#344;Türk Kurtuluş Savaşı#101;Türk Kurtuluş Savaşı#213;Şarkışla#2
Sivas Belediye Başkanlığını,https://tr.wikipedia.org/wiki/Sivas%27ta_2009_T%C3%BCrkiye_yerel_se%C3%A7imleri,1,Büyük Birlik Partisi#28
Sivas Bilim ve Teknoloji Üniversitesi,https://tr.wikipedia.org/wiki/Sivas_Bilim_ve_Teknoloji_%C3%9Cniversitesi,1,Sivas#67
Sivas Cumhuriyet Üniversitesi,https://tr.wikipedia.org/wiki/Sivas_Cumhuriyet_%C3%9Cniversitesi,2,Sivas#67;Sivas#99
Sivas Kongresi,https://tr.wikipedia.org/wiki/Sivas_Kongresi,11,Cumhuriyet Halk Partisi#15;Cumhuriyet Halk Partisi#9;Heyet-i Temsiliye#2;Heyet-i Temsiliye#9;Mustafa Kemal Atatürk#366;Sivas#39;Sivas#49;Türk Kurtuluş Savaşı#101;Türk Kurtuluş Savaşı#224;Türkiye Büyük Millet Meclisi#103;Türkiye Büyük Millet Meclisi#72
Ulu Cami,https://tr.wikipedia.org/wiki/Sivas_Ulu_Camii,1,Sivas#83
Sivaslı Ali Kemal,https://tr.wikipedia.org/wiki/Sivasl%C4%B1_Ali_Kemal,1,Konya#45
Sivasspor,https://tr.wikipedia.org/wiki/Sivasspor,1,Süper Kupa#26
sivil,https://tr.wikipedia.org/wiki/Sivil,1,Gazi Üniversitesi#74
sivil toplum kuruluşu,https://tr.wikipedia.org/wiki/Sivil_toplum_kurulu%C5%9Fu,1,Orta Doğu Teknik Üniversitesi#116
Sivri,"https://tr.wikipedia.org/wiki/Sivri,_Polatl%C4%B1",2,Ankara Muharebesi#131;Haymana#23
Sivrialan,"https://tr.wikipedia.org/wiki/Sivrialan,_%C5%9Eark%C4%B1%C5%9Fla",1,Şarkışla#159
Elazığ U:(https://tr.wikipedia.org/wiki/Elaz%C4%B1%C4%9F_(il))___ ilinin ___E:Sivrice,https://tr.wikipedia.org/wiki/Sivrice,1,Dicle#1
Sivrihisar,https://tr.wikipedia.org/wiki/Sivrihisar,5,Ankara Muharebesi#203;Ankara Muharebesi#233;Galatlar#11;Sakarya Meydan Muharebesi#32;Timur#461
Siyasetname,https://tr.wikipedia.org/wiki/Siy%C3%A2setn%C3%A2me,1,Büyük Selçuklu İmparatorluğu#176
Siyah Kalem Grubu,https://tr.wikipedia.org/wiki/Siyah_Kalem_Grubu,1,Türkiye#365
Siyaksares,https://tr.wikipedia.org/wiki/Siyaksares,2,Medler#46;MedlerCard#9
politika,https://tr.wikipedia.org/wiki/Siyaset,2,Ahameniş İmparatorluğu#434;Antik Yunanistan#12
Siyasetçi,https://tr.wikipedia.org/wiki/Siyaset%C3%A7i,3,II. Kiros#173;Mansur YavaşCard#9;Mustafa Kemal AtatürkCard#16
siyasi,https://tr.wikipedia.org/wiki/Siyasi,1,Adalet ve Kalkınma Partisi#101
Siyasi İslam,https://tr.wikipedia.org/wiki/Siyasi_ideolojiler_listesi#Siyasi_İslam,1,İslam devleti#1
partilerin,https://tr.wikipedia.org/wiki/Siyasi_parti,4,Adalet ve Kalkınma Partisi#1;Cumhuriyet Halk Partisi#1;Türkiye Büyük Millet Meclisi#15;Türkiye Büyük Millet Meclisi#9
siyenit,https://tr.wikipedia.org/wiki/Siyenit,1,Anıtkabir#244
siyez buğdayı,https://tr.wikipedia.org/wiki/Siyez_bu%C4%9Fday%C4%B1,1,Türkiye'de tarım#16
Palaescepsis,https://tr.wikipedia.org/wiki/Skepsis,1,Ahameniş İmparatorluğu#122
Slav Thomas,https://tr.wikipedia.org/wiki/Slav_Thomas,1,Bizans İmparatorluğu#118
Slav,https://tr.wikipedia.org/wiki/Slavlar,4,Bizans İmparatorluğu#78;Malazgirt Meydan Muharebesi#17;Mustafa Kemal Atatürk#49;Osmanlı İmparatorluğu#12
Slavların Hristiyanlaşması,https://tr.wikipedia.org/wiki/Slavlar%C4%B1n_Hristiyanla%C5%9Fmas%C4%B1,1,Bizans İmparatorluğu#196
Slovakya,https://tr.wikipedia.org/wiki/Slovakya,2,"Roma İmparatorluğu#353;Çubuk, Ankara#61"
Slovakya,https://tr.wikipedia.org/wiki/Slovakya_erkek_mill%C3%AE_buz_hokeyi_tak%C4%B1m%C4%B1,1,Buz hokeyi#7
Slovenya,https://tr.wikipedia.org/wiki/Slovenya,1,2010 FIBA Dünya Basketbol Şampiyonası#4
Slovenya,https://tr.wikipedia.org/wiki/Slovenya_mill%C3%AE_basketbol_tak%C4%B1m%C4%B1,4,2001 Avrupa Basketbol Şampiyonası#8;2010 FIBA Dünya Basketbol Şampiyonası#10;Türkiye millî basketbol takımı#40;Türkiye millî basketbol takımı#85
Smirni,https://tr.wikipedia.org/wiki/Smirni,4,Türkiye#45;İzmir#15;İzmir#34;İzmir#9
soğan,https://tr.wikipedia.org/wiki/So%C4%9Fan,2,Antik Yunanistan#195;Polatlı#40
Soğd,https://tr.wikipedia.org/wiki/So%C4%9Fd_alfabesi,2,Türkçe#114;Türkçe#116
Soğdcadan,https://tr.wikipedia.org/wiki/So%C4%9Fdca,1,Türkçe#353
Soğdya,https://tr.wikipedia.org/wiki/So%C4%9Fdya,6,Ahameniş İmparatorluğu#290;Ahameniş İmparatorluğu#416;II. Kiros#106;II. Kiros#72;İskender#200;İskender#220
soğuk,https://tr.wikipedia.org/wiki/So%C4%9Fuk,1,Türkiye#242
Soğuk Savaş,https://tr.wikipedia.org/wiki/So%C4%9Fuk_Sava%C5%9F,2,Batı dünyası#1;Türkiye#179
Soğuksu Millî Parkı,https://tr.wikipedia.org/wiki/So%C4%9Fuksu_Mill%C3%AE_Park%C4%B1,1,Kızılcahamam#20
Sobaların,https://tr.wikipedia.org/wiki/Soba,1,Tandır#12
sodyum,https://tr.wikipedia.org/wiki/Sodyum,1,Gıda#29
Sofokles,https://tr.wikipedia.org/wiki/Sofokles,3,Antik Yunanistan#2;Antik Yunanistan#269;Antik Yunanistan#66
Sofular,"https://tr.wikipedia.org/wiki/Sofular,_Bala",1,Balâ#27
Sofya,https://tr.wikipedia.org/wiki/Sofya,7,Bizans İmparatorluğu#134;I. Murad#82;II. Murad#132;Mustafa Kemal Atatürk#177;Türkiye millî basketbol takımı#21;Türkçe#162;Türkçe#164
Sogdianus,https://tr.wikipedia.org/wiki/Sogdianus,2,Ahameniş İmparatorluğu#126;Ahameniş İmparatorluğuCard#13
Sokrates,https://tr.wikipedia.org/wiki/Sokrates,3,Antik Yunanistan#2;Antik Yunanistan#66;Güreş#16
Solakzade Mehmed Hemdemî,https://tr.wikipedia.org/wiki/Solakzade_Mehmed_Hemdem%C3%AE,1,Ankara Muharebesi#134
sol,https://tr.wikipedia.org/wiki/Solculuk,3,Cumhuriyet Halk Partisi#65;Milliyetçi Hareket Partisi#29;Orta Doğu Teknik Üniversitesi#312
Solidus,https://tr.wikipedia.org/wiki/Solidus,3,Bizans İmparatorluğu#45;Bizans İmparatorluğuCard#34;Roma İmparatorluğuCard#17
Solon,https://tr.wikipedia.org/wiki/Solon,1,Antik Yunanistan#52
Somali,https://tr.wikipedia.org/wiki/Somali,2,Osmanlı İmparatorluğu#17;Türkiye#188
Amiral Calthorpe,https://tr.wikipedia.org/wiki/Somerset_Arthur_Gough-Calthorpe,4,Mustafa Kemal Atatürk#311;Mustafa Kemal Atatürk#353;Türk Kurtuluş Savaşı Batı Cephesi#201;Türk Kurtuluş Savaşı Batı Cephesi#227
son cemaat yeri,https://tr.wikipedia.org/wiki/Son_cemaat_yeri,2,Cenabi Ahmed Paşa Camii#6;Sultan Alaeddin Camii#5
son ek,https://tr.wikipedia.org/wiki/Son_ek,1,Türkçe#180
güz,https://tr.wikipedia.org/wiki/Sonbahar,2,Sivas#54;İstanbul#138
Sondaj,https://tr.wikipedia.org/wiki/Sondaj,1,Maden Tetkik ve Arama Genel Müdürlüğü#5
Sorgun Köyü,"https://tr.wikipedia.org/wiki/Sorgun,_G%C3%BCd%C3%BCl",1,Güdül#26
Sosyal Demokrasi Partisi,https://tr.wikipedia.org/wiki/Sosyal_Demokrasi_Partisi,1,Cumhuriyet Halk Partisi#70
sosyal hakimiyet,https://tr.wikipedia.org/wiki/Sosyal_bask%C4%B1nl%C4%B1k_kuram%C4%B1,1,Davul#77
sosyal bilimleri,https://tr.wikipedia.org/wiki/Sosyal_bilimler,1,Üniversite#2
sosyal demokrat,https://tr.wikipedia.org/wiki/Sosyal_demokrasi,5,Cumhuriyet Halk Partisi#1;Cumhuriyet Halk Partisi#111;Cumhuriyet Halk Partisi#47;Cumhuriyet Halk Partisi#90;Cumhuriyet Halk PartisiCard#18
Sosyal liberalizm,https://tr.wikipedia.org/wiki/Sosyal_liberalizm,1,Cumhuriyet Halk PartisiCard#18
sosyal muhafazakârlık,https://tr.wikipedia.org/wiki/Sosyal_muhafazak%C3%A2rl%C4%B1k,1,Adalet ve Kalkınma Partisi#6
Sosyaldemokrat Halkçı Parti,https://tr.wikipedia.org/wiki/Sosyaldemokrat_Halk%C3%A7%C4%B1_Parti,6,Adalet ve Kalkınma Partisi#150;Büyük Birlik Partisi#21;Cumhuriyet Halk Partisi#70;Cumhuriyet Halk Partisi#73;Türkiye#156
Sosyalist Enternasyonal,https://tr.wikipedia.org/wiki/Sosyalist_Enternasyonal,3,Cumhuriyet Halk Partisi#127;Cumhuriyet Halk Partisi#14;Cumhuriyet Halk PartisiCard#22
sosyalist gerçekçiliğe,https://tr.wikipedia.org/wiki/Sosyalist_ger%C3%A7ek%C3%A7ilik,1,Anıtkabir#102
sosyalistler,https://tr.wikipedia.org/wiki/Sosyalizm,2,Orta Doğu Teknik Üniversitesi#239;Türkiye#157
sosyopolitik,https://tr.wikipedia.org/wiki/Sosyo-politik,1,Mustafa Kemal Atatürk#25
sosyal,https://tr.wikipedia.org/wiki/Sosyoloji,1,Cumhuriyet Halk Partisi#26
Sovyetler Birliği,https://tr.wikipedia.org/wiki/Sovyetler_Birli%C4%9Fi,8,Lozan Antlaşması#21;Lozan Barış Konferansı#3;Timur#513;Türk Kurtuluş Savaşı#126;Türk Kurtuluş Savaşı#211;Türkiye#109;Türkiye#112;Türkiye#179
Sovyetler Birliği'nin dağılmasının,https://tr.wikipedia.org/wiki/Sovyetler_Birli%C4%9Fi%27nin_da%C4%9F%C4%B1lmas%C4%B1,1,Türkiye#182
Sovyetler Birliği,https://tr.wikipedia.org/wiki/Sovyetler_Birli%C4%9Fi_mill%C3%AE_basketbol_tak%C4%B1m%C4%B1,2,EuroBasket#4;Türkiye millî basketbol takımı#17
Soya,https://tr.wikipedia.org/wiki/Soya,2,Gıda#19;Gıda#40
Soyadı Kanunu,https://tr.wikipedia.org/wiki/Soyad%C4%B1_Kanunu,4,Mustafa Kemal Atatürk#21;Mustafa Kemal Atatürk#31;Mustafa Kemal Atatürk#612;Türkiye#108
İber Yarımadası,https://tr.wikipedia.org/wiki/Spania,1,Bizans İmparatorluğu#76
Sparta,https://tr.wikipedia.org/wiki/Sparta,18,Ahameniş İmparatorluğu#146;Antik Yunanistan#111;Antik Yunanistan#126;Antik Yunanistan#148;Antik Yunanistan#152;Antik Yunanistan#2;Antik Yunanistan#220;Antik Yunanistan#48;Antik Yunanistan#49;Antik Yunanistan#50;Antik Yunanistan#51;Antik Yunanistan#59;Antik Yunanistan#61;Antik Yunanistan#72;Antik Yunanistan#76;Antik Yunanistan#98;Bizans İmparatorluğu#429
Sperkhios,https://tr.wikipedia.org/wiki/Sperkhios_Muharebesi,1,Bizans İmparatorluğu#170
Speusippos,https://tr.wikipedia.org/wiki/Speusippos,1,İskender#42
sponsorluk,https://tr.wikipedia.org/wiki/Sponsorluk,2,Süper Kupa#1;Türkiye Kupası#1
spor,https://tr.wikipedia.org/wiki/Spor,7,Atletizm#1;Binicilik#13;Buz pateni#1;Osmanlı İmparatorluğu#530;Turizm#9;Türkiye#407;Yüzme#1
ssireum,https://tr.wikipedia.org/wiki/Ssireum,1,Güreş#65
stadyumlarını,https://tr.wikipedia.org/wiki/Stadyum,2,Eryaman Stadyumu#1;İstanbul#437
standart formudur,https://tr.wikipedia.org/wiki/Standart_dil,1,Türkçe#11
Stanley Kupası,https://tr.wikipedia.org/wiki/Stanley_Kupas%C4%B1,1,Buz hokeyi#9
Atv U:(https://tr.wikipedia.org/wiki/Atv_(T%C3%BCrkiye))___ ve ___E:Star TV,https://tr.wikipedia.org/wiki/Star_TV,2,Türkiye#387;İstanbul#522
statik,https://tr.wikipedia.org/wiki/Statik,1,Anıtkabir#49
Altı yıl süren bir iç savaş U:(https://tr.wikipedia.org/wiki/Bizans_%C4%B0%C3%A7_Sava%C5%9F%C4%B1_(1341-1347))___ imparatorluğu mahvetti ve Sırp hükümdar ___E:Stefan Dušan,https://tr.wikipedia.org/wiki/Stefan_Du%C5%9Fan,1,Bizans İmparatorluğu#318
Stefan Lazareviç,https://tr.wikipedia.org/wiki/Stefan_Lazarevi%C3%A7,6,Ankara Muharebesi#143;Ankara Muharebesi#207;I. Bayezid#124;I. Bayezid#9;II. Murad#122;II. Murad#88
Stefan Nemanja,https://tr.wikipedia.org/wiki/Stefan_Nemanja,1,Bizans İmparatorluğu#275
stelleridir,https://tr.wikipedia.org/wiki/Stel,1,Hititler#198
step,https://tr.wikipedia.org/wiki/Step,1,Yarı kurak iklim#1
Steyr,https://tr.wikipedia.org/wiki/Steyr_Mannlicher,1,Kurtuluş Savaşı Müzesi#30
Stilicho,https://tr.wikipedia.org/wiki/Stilicho,1,Roma İmparatorluğu#417
Stiliyan Kovaçev,https://tr.wikipedia.org/wiki/Stiliyan_Kova%C3%A7ev,1,Mustafa Kemal Atatürk#189
Stoa okulunun,https://tr.wikipedia.org/wiki/Stoac%C4%B1l%C4%B1k,1,Strabon#7
Strabon,https://tr.wikipedia.org/wiki/Strabo,1,Tektosaglar#3
Strabon,https://tr.wikipedia.org/wiki/Strabon,8,Ankara#48;Frigler#26;Frigya#13;II. Kiros#143;II. Kiros#49;Kimmerler#87;Lidyalılar#5;Medler#66
stupor,https://tr.wikipedia.org/wiki/Stupor,1,Şarap#120
su,https://tr.wikipedia.org/wiki/Su,6,Antik Yunanistan#184;At#63;Dicle#4;Gıda#15;Yüzme#1;Çorba#5
Suğdak Limanı,https://tr.wikipedia.org/wiki/Su%C4%9Fdak_Seferi,1,I. Alâeddin Keykubad#6
Suşehri,https://tr.wikipedia.org/wiki/Su%C5%9Fehri,2,Karadeniz Bölgesi#58;Sivas#9
Su Böreği,https://tr.wikipedia.org/wiki/Su_b%C3%B6re%C4%9Fi,1,Balâ#45
su döngüsü,https://tr.wikipedia.org/wiki/Su_d%C3%B6ng%C3%BCs%C3%BC,1,Bozkır#16
su yolu,https://tr.wikipedia.org/wiki/Su_yolu,1,Antik Roma#280
Hanzade Sultan U:(https://tr.wikipedia.org/wiki/Hanzade_Sultan_(%C3%96mer_Faruk_Efendi%27nin_k%C4%B1z%C4%B1))___ 'ın dünürü olan ___E:Suat Hayri Ürgüplü,https://tr.wikipedia.org/wiki/Suat_Hayri_%C3%9Crg%C3%BCpl%C3%BC,1,Mustafa Kemal Atatürk#790
Suat Kılıç,https://tr.wikipedia.org/wiki/Suat_K%C4%B1l%C4%B1%C3%A7,1,2024 Türkiye yerel seçimleri#56
subaşı,https://tr.wikipedia.org/wiki/Suba%C5%9F%C4%B1,3,Anadolu Selçuklu Devleti#256;Anadolu Selçuklu Devleti#335;Büyük Selçuklu İmparatorluğu#16
subayları,https://tr.wikipedia.org/wiki/Subay,1,Türk Kurtuluş Savaşı#77
Suda,https://tr.wikipedia.org/wiki/Suda,1,İskender#53
"Kefe U:(https://tr.wikipedia.org/wiki/Kefe_(eyalet))___ , ___E:Sudak",https://tr.wikipedia.org/wiki/Sudak,1,Osmanlı İmparatorluğu#169
Sudak,"https://tr.wikipedia.org/wiki/Sudak,_K%C4%B1r%C4%B1m",1,I. Alâeddin Keykubad#95
Sudan,https://tr.wikipedia.org/wiki/Sudan,1,Osmanlı İmparatorluğu#17
sudatorium,https://tr.wikipedia.org/wiki/Sudatorium,1,Ankara Roma Hamamı#49
Suetonius,https://tr.wikipedia.org/wiki/Suetonius,4,Augustus#370;Augustus#371;Augustus#50;Roma İmparatorluğu#137
"Terek U:(https://tr.wikipedia.org/wiki/Terek_(nehir))___ , ___E:Sulak",https://tr.wikipedia.org/wiki/Sulak,1,Kafkasya#30
sulama,https://tr.wikipedia.org/wiki/Sulama,1,Kızılırmak#3
sultânî,https://tr.wikipedia.org/wiki/Sult%C3%A2n%C3%AE,1,Osmanlı İmparatorluğuCard#33
Bağımsız Sultanlık,https://tr.wikipedia.org/wiki/Sultan,11,Anadolu Selçuklu Devleti#144;Anadolu Selçuklu DevletiCard#5;Anadolu Selçuklu sultanları listesi#1;Bizans İmparatorluğu#211;Büyük Selçuklu İmparatorluğu#168;Büyük Selçuklu İmparatorluğu#45;Büyük Selçuklu İmparatorluğuCard#4;I. Alâeddin Keykubad#2;I. Bayezid#8;Osmanlı Hanedanı#7;İslam devleti#36
Alaaddin Camii,https://tr.wikipedia.org/wiki/Sultan_Alaeddin_Camii,1,Ankara#117
Sultanahmet,https://tr.wikipedia.org/wiki/Sultanahmet_Meydan%C4%B1,4,Türk Kurtuluş Savaşı#96;Türkiye Büyük Millet Meclisi#50;İstanbul#445;İstanbul#64
kitle gösterileri,https://tr.wikipedia.org/wiki/Sultanahmet_Mitingleri,1,Türk Kurtuluş Savaşı#96
Sultaniye,"https://tr.wikipedia.org/wiki/Sultaniye,_Zencan",1,Ankara Muharebesi#47
Aras Kargo Spor Kulübü U:(https://tr.wikipedia.org/wiki/Aras_Kargo_(kad%C4%B1n_voleybol_tak%C4%B1m%C4%B1))___ Kadın voleybol takımı olarak 2023 yılında kurulmuştur. 2024-2025 yılından itibaren ___E:Sultanlar Ligi,https://tr.wikipedia.org/wiki/Sultanlar_Ligi,1,İzmir#221
Sulu Sultanlığı,https://tr.wikipedia.org/wiki/Sulu_Sultanl%C4%B1%C4%9F%C4%B1,1,Osmanlı İmparatorluğu#345
sulu yemek,https://tr.wikipedia.org/wiki/Sulu_yemek,1,Çorba#1
Suluova,https://tr.wikipedia.org/wiki/Suluova,1,Karadeniz Bölgesi#27
sumak,https://tr.wikipedia.org/wiki/Sumak,2,Orman#49;Orman#70
sumo,https://tr.wikipedia.org/wiki/Sumo,1,Güreş#3
Sungurlu,https://tr.wikipedia.org/wiki/Sungurlu,1,Çorum#8
FIBA Europe SuperCup Women,https://tr.wikipedia.org/wiki/SuperCup_Kad%C4%B1nlar,1,Türkiye#406
Suphi Baykam,https://tr.wikipedia.org/wiki/Suphi_Baykam,1,Cumhuriyet Halk Partisi#139
Suriye,https://tr.wikipedia.org/wiki/Suriye,33,Ankara Muharebesi#10;Antik Roma#288;Antik Roma#61;Antik Yunanistan#131;Anıtkabir#170;Asur#31;Büyük Selçuklu İmparatorluğu#80;Cumhuriyet Halk Partisi#114;Dicle#13;Fırat#24;Fırat#3;Hititler#30;HititlerCard#11;II. Kiros#119;Konya#19;Mustafa Kemal Atatürk#470;Osmanlı İmparatorluğu#191;Osmanlı İmparatorluğu#193;Osmanlı İmparatorluğu#260;Osmanlı İmparatorluğu#477;Timur İmparatorluğu#23;Timur İmparatorluğu#26;Türk Kurtuluş Savaşı Güney Cephesi#9;Türk Kurtuluş Savaşı#52;Türk Kurtuluş Savaşı#70;Türkiye#187;Türkiye#2;Türkiye#216;Türkiye#94;Türkçe#147;Türkçe#20;İskender#170;İstanbul#573
7. Ordu U:(https://tr.wikipedia.org/wiki/7._Ordu_(Osmanl%C4%B1_%C4%B0mparatorlu%C4%9Fu))___ Komutanı olarak ___E:Filistin Cephesi,https://tr.wikipedia.org/wiki/Suriye-Filistin_Cephesi,4,Mustafa Kemal Atatürk#259;Mustafa Kemal Atatürk#267;Mustafa Kemal Atatürk#5;Türk Kurtuluş Savaşı#47
Suriye İç Savaşı,https://tr.wikipedia.org/wiki/Suriye_%C4%B0%C3%A7_Sava%C5%9F%C4%B1,1,Türkiye#187
Suriyeli mülteci,https://tr.wikipedia.org/wiki/Suriye_%C4%B0%C3%A7_Sava%C5%9F%C4%B1%27nda_m%C3%BClteciler,1,Türkiye#331
Suriye Selçuklu,https://tr.wikipedia.org/wiki/Suriye_Sel%C3%A7uklular%C4%B1,10,Anadolu Selçuklu Devleti#2;Artuk Bey#26;Büyük Selçuklu İmparatorluğu#168;Büyük Selçuklu İmparatorluğu#2;Germiyanoğulları Beyliği#2;Karamanoğulları Beyliği#27;Osmanlı İmparatorluğu#2;Selçuklu Hanedanı#11;Selçuklu Hanedanı#2;Timur İmparatorluğu#2
Suriye sahası,https://tr.wikipedia.org/wiki/Suriye_a%C4%9F%C4%B1zlar%C4%B1,1,Türkçe#171
Surmuşi,https://tr.wikipedia.org/wiki/Surmu%C5%9Fi,1,Kimmerler#42
Surp Nişan Manastırı,https://tr.wikipedia.org/wiki/Surp_Ni%C5%9Fan_Manast%C4%B1r%C4%B1,1,Sivas#82
Suruç,https://tr.wikipedia.org/wiki/Suru%C3%A7,1,Balâ#24
Susa,https://tr.wikipedia.org/wiki/Susa,4,Ankara#46;Antik Yunanistan#137;Kral Yolu#7;Roma İmparatorluğu#222
Susa'daki Darius Sarayı,https://tr.wikipedia.org/wiki/Susa%27daki_Darius_Saray%C4%B1,2,Ahameniş İmparatorluğu#370;Ahameniş İmparatorluğu#414
Sutopu,https://tr.wikipedia.org/wiki/Sutopu,1,Ankara#187
Arabistan,https://tr.wikipedia.org/wiki/Suudi_Arabistan,2,Büyük Selçuklu İmparatorluğu#80;Konya#87
Suvla Koyu,https://tr.wikipedia.org/wiki/Suvla_Koyu,1,Mustafa Kemal Atatürk#216
Suyugüzel,"https://tr.wikipedia.org/wiki/Suyug%C3%BCzel,_Bala",2,Balâ#20;Balâ#27
Sydney Nettleton Fisher,https://tr.wikipedia.org/wiki/Sydney_Nettleton_Fisher,1,Türk Kurtuluş Savaşı Batı Cephesi#979
Sykes-Picot,https://tr.wikipedia.org/wiki/Sykes-Picot_Anla%C5%9Fmas%C4%B1,4,Türk Kurtuluş Savaşı Batı Cephesi#279;Türk Kurtuluş Savaşı Batı Cephesi#286;Türk Kurtuluş Savaşı Güney Cephesi#4;Türk Kurtuluş Savaşı Güney Cephesi#5
Synnada,https://tr.wikipedia.org/wiki/Synnada,1,Frigya#19
TÜBİTAK,https://tr.wikipedia.org/wiki/T%C3%9CB%C4%B0TAK,5,Orta Doğu Teknik Üniversitesi#107;Orta Doğu Teknik Üniversitesi#108;Orta Doğu Teknik Üniversitesi#111;Orta Doğu Teknik Üniversitesi#54;Türkiye#299
Taceddinoğulları,https://tr.wikipedia.org/wiki/T%C3%A2ceddino%C4%9Fullar%C4%B1_Beyli%C4%9Fi,8,Anadolu Selçuklu Devleti#2;Büyük Selçuklu İmparatorluğu#2;Germiyanoğulları Beyliği#2;I. Bayezid#50;Karamanoğulları Beyliği#27;Osmanlı İmparatorluğu#2;Selçuklu Hanedanı#2;Timur İmparatorluğu#2
Tötonlar,https://tr.wikipedia.org/wiki/T%C3%B6tonlar,1,Tektosaglar#23
tüketici elektroniği,https://tr.wikipedia.org/wiki/T%C3%BCketici_elektroni%C4%9Fi,1,Türkiye#255
TÜFE,https://tr.wikipedia.org/wiki/T%C3%BCketici_fiyat_endeksi,1,Türkiye İstatistik Kurumu#8
tüketimine,https://tr.wikipedia.org/wiki/T%C3%BCketim,1,Ticaret#1
tümülüs,https://tr.wikipedia.org/wiki/T%C3%BCm%C3%BCl%C3%BCs,6,Anıtkabir#47;Gordion#33;Gordion#6;Güdül#26;Kimmerler#32;Yumurtatepe Tümülüsü#2
Tüm Hindistan Müslüman Birliği,https://tr.wikipedia.org/wiki/T%C3%BCm_Hindistan_M%C3%BCsl%C3%BCman_Birli%C4%9Fi,1,Mustafa Kemal Atatürk#849
tümen,https://tr.wikipedia.org/wiki/T%C3%BCmen,1,Madenî para#87
tünel,https://tr.wikipedia.org/wiki/T%C3%BCnel,1,İstanbul#81
türünün,https://tr.wikipedia.org/wiki/T%C3%BCr,1,Şarap#78
"han U:(https://tr.wikipedia.org/wiki/Han_(konaklama))___ , hamam, ___E:türbe",https://tr.wikipedia.org/wiki/T%C3%BCrbe,3,Anıtkabir#91;Büyük Selçuklu İmparatorluğu#221;I. Murad#112
Pan-Türkistler,https://tr.wikipedia.org/wiki/T%C3%BCrk%C3%A7%C3%BCl%C3%BCk,2,Cumhuriyet Halk Partisi#40;Milliyetçi Hareket Partisi#6
Türkçe,https://tr.wikipedia.org/wiki/T%C3%BCrk%C3%A7e,35,Ahilik#15;Anadolu#66;Anadolu#69;Ankara#162;Ankara#26;Davul#5;Dicle#37;Gazi ÜniversitesiCard#4;I. Alâeddin Keykubad#14;Karamanoğulları Beyliği#1;Konya#76;Malazgirt Meydan Muharebesi#80;Malazgirt Meydan Muharebesi#82;Mansur Yavaş#29;Meclis-i Mebûsan#1;Mustafa Kemal Atatürk#608;Orta Doğu Teknik Üniversitesi#25;Osmanlı İmparatorluğu#26;Osmanlı İmparatorluğu#431;Osmanlı İmparatorluğu#432;Osmanlı İmparatorluğu#433;Osmanlı İmparatorluğu#435;Osmanlı İmparatorluğu#436;Tekstil#6;Timur#3;Türkiye#17;Türkiye#325;TürkiyeCard#3;TürkiyeCard#4;İskender#18;İstanbul#33;İzmir#234;Şarap#11
Cumhuriyet sonrasında kullanılan Türkçede,https://tr.wikipedia.org/wiki/T%C3%BCrk%C3%A7e#Latin_asıllı_Türk_alfabesi,1,Osmanlı İmparatorluğu#27
Türkçe şiveleri,https://tr.wikipedia.org/wiki/T%C3%BCrk%C3%A7e_a%C4%9F%C4%B1zlar%C4%B1,1,Türkçe#11
Türk-İran geleneğinde,https://tr.wikipedia.org/wiki/T%C3%BCrk-%C4%B0ran_gelene%C4%9Fi,1,Büyük Selçuklu İmparatorluğu#11
Türk-İslam sentezi,https://tr.wikipedia.org/wiki/T%C3%BCrk-%C4%B0slam_sentezi,3,Büyük Birlik Partisi#6;Büyük Birlik Partisi#7;Malazgirt Meydan Muharebesi#38
Türk-Moğol,https://tr.wikipedia.org/wiki/T%C3%BCrk-Mo%C4%9Fol_gelene%C4%9Fi,1,Timur İmparatorluğu#6
Boğazlar,https://tr.wikipedia.org/wiki/T%C3%BCrk_Bo%C4%9Fazlar%C4%B1,3,Frigler#27;Mustafa Kemal Atatürk#516;Türkiye#109
Deniz Kuvvetleri,https://tr.wikipedia.org/wiki/T%C3%BCrk_Deniz_Kuvvetleri,3,Anıtkabir#273;Türkiye#190;İzmir#188
Türk Devletleri Teşkilatı,https://tr.wikipedia.org/wiki/T%C3%BCrk_Devletleri_Te%C5%9Fkilat%C4%B1,4,Türkiye Büyük Millet Meclisi#1;Türkiye#17;Türkiye#174;Türkçe#31
Dil Bayramı,https://tr.wikipedia.org/wiki/T%C3%BCrk_Dil_Bayram%C4%B1,2,Mustafa Kemal Atatürk#35;Mustafa Kemal Atatürk#36
Türk Dil Kurumu,https://tr.wikipedia.org/wiki/T%C3%BCrk_Dil_Kurumu,10,Cumhuriyet Halk Partisi#136;Konya#77;Mansur Yavaş#29;Mustafa Kemal Atatürk#23;Mustafa Kemal Atatürk#35;Mustafa Kemal Atatürk#606;Mustafa Kemal Atatürk#733;Türkçe#10;Türkçe#313;Türkçe#41
Türk Haberler Ajansı,https://tr.wikipedia.org/wiki/T%C3%BCrk_Haberler_Ajans%C4%B1,1,Orta Doğu Teknik Üniversitesi#260
Türk Hava Kurumu,https://tr.wikipedia.org/wiki/T%C3%BCrk_Hava_Kurumu,1,Türk Hava Kurumu Müzesi#1
Türk Hava Kurumu Müzesi,https://tr.wikipedia.org/wiki/T%C3%BCrk_Hava_Kurumu_M%C3%BCzesi,1,Ankara#106
Türk Hava Kuvvetleri,https://tr.wikipedia.org/wiki/T%C3%BCrk_Hava_Kuvvetleri,3,Anıtkabir#273;Türkiye#190;Türkiye#195
Türk Hava Yolları,https://tr.wikipedia.org/wiki/T%C3%BCrk_Hava_Yollar%C4%B1,6,Ankara Esenboğa Havalimanı#11;Ankara Esenboğa Havalimanı#49;Havayolu#9;Mustafa Kemal Atatürk#23;Türkiye#278
Medeni Kanun,https://tr.wikipedia.org/wiki/T%C3%BCrk_Kanunu_Medenisi,2,Mustafa Kemal Atatürk#15;Mustafa Kemal Atatürk#601
Kara Kuvvetleri,https://tr.wikipedia.org/wiki/T%C3%BCrk_Kara_Kuvvetleri,3,Anıtkabir#273;Milliyetçi Hareket Partisi#6;Türkiye#190
Türk Kurtuluş Savaşı,https://tr.wikipedia.org/wiki/T%C3%BCrk_Kurtulu%C5%9F_Sava%C5%9F%C4%B1,35,Ankara Etnografya Müzesi#1;Ankara#16;Ankara#60;Anıtkabir#62;Atatürk Orman Çiftliği#4;Atatürk ve Kurtuluş Savaşı Müzesi#7;Cumhuriyet Halk Partisi#8;Devlet Mezarlığı#1;Devlet Mezarlığı#26;Heyet-i Temsiliye#1;Kalecik#8;Kurtuluş Savaşı Müzesi#3;Kurtuluş Savaşı Müzesi#5;Lozan Barış Konferansı#1;Lozan Barış Konferansı#14;Mehmet Akif Ersoy Müze Evi#1;Mustafa Kemal Atatürk#2;Mustafa Kemal Atatürk#323;Mustafa Kemal Atatürk#851;Osmanlı Hanedanı#17;Osmanlı İmparatorluğu#295;Osmanlı İmparatorluğu#297;Osmanlı İmparatorluğu#405;Osmanlı İmparatorluğu#453;Polatlı#7;Sakarya Meydan Muharebesi#2;Sivas#49;Türk Kurtuluş Savaşı Batı Cephesi#216;Türkiye Büyük Millet Meclisi#102;Türkiye Büyük Millet Meclisi#3;Türkiye#100;Türkiye#14;Türkiye#262;Türkiye'de cumhuriyetin ilanı#12;Türkiye'de tarım#13
İç isyancılar,https://tr.wikipedia.org/wiki/T%C3%BCrk_Kurtulu%C5%9F_Sava%C5%9F%C4%B1_%C4%B0%C3%A7_Cephesi,1,Türk Kurtuluş Savaşı#10
Batı Anadolu'da İtilaf Devletleri'nin harekete geçirdikleri Yunan ordusuna,https://tr.wikipedia.org/wiki/T%C3%BCrk_Kurtulu%C5%9F_Sava%C5%9F%C4%B1_Bat%C4%B1_Cephesi,7,Ankara#61;Ankara#63;Türk Kurtuluş Savaşı#13;Türk Kurtuluş Savaşı#14;Türk Kurtuluş Savaşı#171;Türk Kurtuluş Savaşı#25
Doğu Cephesi,https://tr.wikipedia.org/wiki/T%C3%BCrk_Kurtulu%C5%9F_Sava%C5%9F%C4%B1_Do%C4%9Fu_Cephesi,5,Türk Kurtuluş Savaşı#10;Türk Kurtuluş Savaşı#13;Türk Kurtuluş Savaşı#137;Türk Kurtuluş Savaşı#24;Türk Kurtuluş Savaşı#46
El-Cezire Cephesi,https://tr.wikipedia.org/wiki/T%C3%BCrk_Kurtulu%C5%9F_Sava%C5%9F%C4%B1_El-Cezire_Cephesi,1,Türk Kurtuluş Savaşı#10
Güney Cephesi,https://tr.wikipedia.org/wiki/T%C3%BCrk_Kurtulu%C5%9F_Sava%C5%9F%C4%B1_G%C3%BCney_Cephesi,3,Ankara#66;Türk Kurtuluş Savaşı#10;Türk Kurtuluş Savaşı#13
TMMOB,https://tr.wikipedia.org/wiki/T%C3%BCrk_M%C3%BChendis_ve_Mimar_Odalar%C4%B1_Birli%C4%9Fi,1,Orta Doğu Teknik Üniversitesi#140
Türk Ocakları,https://tr.wikipedia.org/wiki/T%C3%BCrk_Ocaklar%C4%B1,2,Ankara Resim ve Heykel Müzesi#6;Mustafa Kemal Atatürk#610
Türk Ortodoks Patrikhanesi,https://tr.wikipedia.org/wiki/T%C3%BCrk_Ortodoks_Patrikhanesi,1,İstanbul#236
Türk Patent ve Marka Kurumu,https://tr.wikipedia.org/wiki/T%C3%BCrk_Patent_ve_Marka_Kurumu,12,Beypazarı#99;Kete#11;Kete#15;Kete#23;Kete#24;Kete#28;Kete#8;Krep#10;Krep#11;Krep#13;Krep#9;Şırdan#10
Türk Silahlı Kuvvetleri,https://tr.wikipedia.org/wiki/T%C3%BCrk_Silahl%C4%B1_Kuvvetleri,7,Karate#26;Orta Doğu Teknik Üniversitesi#289;Orta Doğu Teknik Üniversitesi#384;Orta Doğu Teknik Üniversitesi#70;Türk Kurtuluş Savaşı Batı Cephesi#6;Türkiye Büyük Millet Meclisi#192;Türkiye#190
Türkiye Büyük Millet Meclisi Hükûmeti Ordusu,https://tr.wikipedia.org/wiki/T%C3%BCrk_Silahl%C4%B1_Kuvvetleri#Kurtuluş_Savaşı,1,Türk Kurtuluş Savaşı Batı Cephesi#1030
"Kültür Bakanlığına U:(https://tr.wikipedia.org/wiki/K%C3%BClt%C3%BCr_ve_Turizm_Bakanl%C4%B1%C4%9F%C4%B1_(T%C3%BCrkiye))___ geçti.  6780 sayılı kanunun yerine 15 Eylül 1981'de yürürlüğe giren 2524 sayılı Anıtkabir Hizmetlerinin Yürütülmesine İlişkin Kanun ile birlikte, Anıtkabir'deki tüm işlerin sorumluluğu ___E:Türk Silahlı Kuvvetleri Genelkurmay Başkanlığına",https://tr.wikipedia.org/wiki/T%C3%BCrk_Silahl%C4%B1_Kuvvetleri_Genelkurmay_Ba%C5%9Fkanl%C4%B1%C4%9F%C4%B1,6,Anıtkabir#13;Anıtkabir#274;AnıtkabirCard#9;Orta Doğu Teknik Üniversitesi#69;Türkiye Büyük Millet Meclisi#211;Türkiye#192
Genelkurmay Başkanı,https://tr.wikipedia.org/wiki/T%C3%BCrk_Silahl%C4%B1_Kuvvetleri_genelkurmay_ba%C5%9Fkanlar%C4%B1_listesi,1,Cumhuriyet Halk Partisi#87
Türk Tarih Kurumu,https://tr.wikipedia.org/wiki/T%C3%BCrk_Tarih_Kurumu,8,Anadolu Medeniyetleri Müzesi#28;Ankara Roma Hamamı#22;Anıtkabir#47;Cumhuriyet Halk Partisi#136;Mustafa Kemal Atatürk#23;Mustafa Kemal Atatürk#609;Mustafa Kemal Atatürk#733;Mustafa Kemal Atatürk#885
Türk Tarih Tezi,https://tr.wikipedia.org/wiki/T%C3%BCrk_Tarih_Tezi,1,Cumhuriyet Halk Partisi#29
Latin esaslı yeni Türk alfabesine,https://tr.wikipedia.org/wiki/T%C3%BCrk_alfabesi,3,Mustafa Kemal Atatürk#19;Türkçe#112;Türkçe#9
"Konstantin U:(https://tr.wikipedia.org/wiki/I._Konstantin_(Yunanistan_kral%C4%B1))___ de kalmış, eve merdivenlerde ayakları altına serilen ___E:Türk bayrağını",https://tr.wikipedia.org/wiki/T%C3%BCrk_bayra%C4%9F%C4%B1,4,Anıtkabir#108;Kurtuluş Savaşı Müzesi#36;Mustafa Kemal Atatürk#511;Türkiye Kupası#40
Tarihî ve çağdaş Türk devletleri,https://tr.wikipedia.org/wiki/T%C3%BCrk_devletleri_listesi,9,Anadolu Selçuklu Devleti#5;Büyük Selçuklu İmparatorluğu#5;Germiyanoğulları Beyliği#5;Karamanoğulları Beyliği#30;Osmanlı İmparatorluğu#5;Selçuklu Hanedanı#5;Timur İmparatorluğu#5;Türkiye#182;Türkçe#31
Türk diasporasının,https://tr.wikipedia.org/wiki/T%C3%BCrk_diasporas%C4%B1,1,Türkçe#22
Türk dilleri,https://tr.wikipedia.org/wiki/T%C3%BCrk_dilleri,10,Kimmerler#76;Türkiye#62;Türkçe#1;Türkçe#12;Türkçe#17;Türkçe#50;Türkçe#55;Şarap#13;Şırdan#13
Türk yazarlar,https://tr.wikipedia.org/wiki/T%C3%BCrk_edebiyat%C4%B1,2,Türkiye#366;Türkçe#145
Türk göçleri,https://tr.wikipedia.org/wiki/T%C3%BCrk_g%C3%B6%C3%A7leri,2,Türkiye#358;Türkiye#60
Türk halı ve kilimlerinden,https://tr.wikipedia.org/wiki/T%C3%BCrk_hal%C4%B1s%C4%B1,1,Anıtkabir#70
Türk halk müziğidir,https://tr.wikipedia.org/wiki/T%C3%BCrk_halk_m%C3%BCzi%C4%9Fi,2,Bağlama#1;Osmanlı İmparatorluğu#586
halk oyunları,https://tr.wikipedia.org/wiki/T%C3%BCrk_halk_oyunlar%C4%B1,1,Türkiye#375
Türk,https://tr.wikipedia.org/wiki/T%C3%BCrk_halklar%C4%B1,9,Artuk Bey#1;Bizans İmparatorluğu#246;Büyük Selçuklu İmparatorluğu#6;Büyük Selçuklu İmparatorluğu#80;Kimmerler#88;Timur İmparatorluğu#19;Timur İmparatorluğu#7;Timur#1;Türkiye#357
Türk,https://tr.wikipedia.org/wiki/T%C3%BCrk_k%C3%BClt%C3%BCr%C3%BC,3,Büyük Selçuklu İmparatorluğu#13;Osmanlı İmparatorluğu#12;Türkiye#359
Türk düşmanı,https://tr.wikipedia.org/wiki/T%C3%BCrk_kar%C5%9F%C4%B1tl%C4%B1%C4%9F%C4%B1,1,Türk Kurtuluş Savaşı Batı Cephesi#20
Türk Lirası,https://tr.wikipedia.org/wiki/T%C3%BCrk_liras%C4%B1,5,Anıtkabir#306;Gazi Üniversitesi#34;Türkiye Büyük Millet MeclisiCard#15;Türkiye#269;TürkiyeCard#29
Türk müziği,https://tr.wikipedia.org/wiki/T%C3%BCrk_m%C3%BCzi%C4%9Fi,1,Türkiye#366
organize suç örgütleri,https://tr.wikipedia.org/wiki/T%C3%BCrk_mafyas%C4%B1,1,Milliyetçi Hareket Partisi#5
Türk milliyetçiliği,https://tr.wikipedia.org/wiki/T%C3%BCrk_milliyet%C3%A7ili%C4%9Fi,7,Büyük Birlik Partisi#6;Cumhuriyet Halk Partisi#29;Milliyetçi Hareket Partisi#6;Milliyetçi Hareket Partisi#78;Mustafa Kemal Atatürk#4;Mustafa Kemal Atatürk#9;Türk Kurtuluş Savaşı Batı Cephesi#80
Türk,https://tr.wikipedia.org/wiki/T%C3%BCrk_mitolojisi,1,Osmanlı Hanedanı#12
Türk mutfağı,https://tr.wikipedia.org/wiki/T%C3%BCrk_mutfa%C4%9F%C4%B1,3,Türkiye#20;Türkiye#376;Şırdan#1
otomotiv sanayisi,https://tr.wikipedia.org/wiki/T%C3%BCrk_otomotiv_sanayii,1,Türkiye#253
pasaport,https://tr.wikipedia.org/wiki/T%C3%BCrk_pasaportu,1,2014 Türkiye yerel seçimleri#24
yerli sineması,https://tr.wikipedia.org/wiki/T%C3%BCrk_sinemas%C4%B1,1,Türkiye#385
sivil ve siyasal hakları,https://tr.wikipedia.org/wiki/T%C3%BCrk_siyasetinde_kad%C4%B1nlar%C4%B1n_yeri,1,Mustafa Kemal Atatürk#16
tütün yetiştiriciliği,https://tr.wikipedia.org/wiki/T%C3%BCrk_t%C3%BCt%C3%BCn%C3%BC,1,Türkiye'de tarım#18
Türk tarihini,https://tr.wikipedia.org/wiki/T%C3%BCrk_tarihi,1,Timur İmparatorluğu#24
Türk tarihinin,https://tr.wikipedia.org/wiki/T%C3%BCrk_tarihi_kronolojisi,2,Büyük Selçuklu İmparatorluğu#70;Osmanlı İmparatorluğu#12
Türk,https://tr.wikipedia.org/wiki/T%C3%BCrk_vatanda%C5%9Fl%C4%B1%C4%9F%C4%B1,1,TürkiyeCard#6
Türk ve İslam Eserleri Müzesi,https://tr.wikipedia.org/wiki/T%C3%BCrk_ve_%C4%B0slam_Eserleri_M%C3%BCzesi,2,Anıtkabir#70;İstanbul#446
Türkbank skandalı,https://tr.wikipedia.org/wiki/T%C3%BCrkbank_skandal%C4%B1,1,Cumhuriyet Halk Partisi#74
Türkistan,https://tr.wikipedia.org/wiki/T%C3%BCrkistan,7,Timur İmparatorluğu#14;Timur İmparatorluğu#27;Timur İmparatorluğu#32;Timur İmparatorluğu#7;TimurCard#4;TimurCard#5
Türkistan Millî Özerk Hükûmeti,https://tr.wikipedia.org/wiki/T%C3%BCrkistan_Mill%C3%AE_%C3%96zerk_H%C3%BCk%C3%BBmeti,7,Anadolu Selçuklu Devleti#4;Büyük Selçuklu İmparatorluğu#4;Germiyanoğulları Beyliği#4;Karamanoğulları Beyliği#29;Osmanlı İmparatorluğu#4;Selçuklu Hanedanı#4;Timur İmparatorluğu#4
Türkiye,https://tr.wikipedia.org/wiki/T%C3%BCrkiye,176,"1959 Avrupa Basketbol Şampiyonası#1;2001 Avrupa Basketbol Şampiyonası#2;2010 FIBA Dünya Basketbol Şampiyonası#1;2010 FIBA Dünya Basketbol Şampiyonası#4;2014 Türkiye yerel seçimleri#1;2024 Türkiye yerel seçimleri#1;Adalet ve Kalkınma Partisi#1;Adalet ve Kalkınma Partisi#133;Adalet ve Kalkınma Partisi#142;AfşinCard#1;Altınköy Açık Hava MüzesiCard#1;Anadolu Medeniyetleri Müzesi#23;Anadolu Selçuklu Devleti#14;Anadolu Selçuklu Devleti#4;Anadolu#2;Anadolu#3;Anadolu#67;Ankara Esenboğa Havalimanı#1;Ankara KalesiCard#2;Ankara Roma HamamıCard#3;Ankara armudu#1;Ankara kedisi#9;Ankara tavşanı#10;Ankara#1;Ankara#16;Ankara#26;Antik Yunanistan#270;Anıtkabir#12;AnıtkabirCard#3;Arslanhane CamiiCard#4;Atatürk Orman Çiftliği#1;Atatürk ve Kurtuluş Savaşı MüzesiCard#2;Augustus TapınağıCard#4;AyaşCard#1;Balâ#2;BalâCard#1;BeypazarıCard#1;Binicilik#72;Bisiklet#46;Büyük Birlik Partisi#1;Büyük Selçuklu İmparatorluğu#4;Cenabi Ahmed Paşa CamiiCard#4;Cumhuriyet Halk Partisi#1;Cumhuriyet Halk Partisi#15;Cumhuriyet Halk PartisiCard#12;Demiryolu ulaşımı#21;Devlet Mezarlığı#1;Devlet MezarlığıCard#1;Dicle#1;Dicle#13;Dicle#2;Dicle#3;Dicle#32;Elmadağ, AnkaraCard#1;Erimtan Arkeoloji ve Sanat MüzesiCard#2;Eryaman StadyumuCard#1;Feza Gürsey Bilim MerkeziCard#2;Futsal Ligi#1;Fırat#16;Fırat#24;Gazi Üniversitesi#12;GemerekCard#1;Germiyanoğulları Beyliği#4;Gordion MüzesiCard#2;GüdülCard#1;Hacı Bayram CamiiCard#2;HaymanaCard#1;HititlerCard#11;I. Alâeddin Keykubad#4;I. Alâeddin KeykubadCard#6;Julianus SütunuCard#5;KalecikCard#1;Karacabey CamiiCard#3;Karadeniz Bölgesi#1;Karadeniz Bölgesi#21;Karadeniz Bölgesi#37;Karadeniz Bölgesi#46;Karadeniz Bölgesi#8;Karadeniz BölgesiCard#1;Karamanoğulları Beyliği#29;Karate#26;Kayseri#1;KayseriCard#1;Kete#2;Konya#1;Konya#91;KonyaCard#1;Kral Yolu#6;Kurtuluş Savaşı MüzesiCard#2;KızılcahamamCard#1;Kızılırmak#1;Kızılırmak, ÇankırıCard#1;Lozan Barış Konferansı#15;Lozan Barış Konferansı#2;Mansur YavaşCard#3;Mehmet Akif Ersoy Müze EviCard#2;Milliyetçi Hareket Partisi#1;Mustafa Kemal Atatürk#2;Mustafa Kemal Atatürk#538;Mustafa Kemal Atatürk#560;Mustafa Kemal Atatürk#578;Mustafa Kemal Atatürk#579;Mustafa Kemal Atatürk#656;Mustafa Kemal Atatürk#795;Mustafa Kemal Atatürk#825;Mustafa Kemal AtatürkCard#21;Mustafa Kemal AtatürkCard#8;NiğdeCard#1;ODTÜ Bilim ve Teknoloji MüzesiCard#2;Orta Doğu Teknik Üniversitesi#1;Orta Doğu Teknik Üniversitesi#171;Orta Doğu Teknik Üniversitesi#4;Osmanlı İmparatorluğu#19;Osmanlı İmparatorluğu#20;Osmanlı İmparatorluğu#333;Osmanlı İmparatorluğu#4;Osmanlı İmparatorluğu#7;Otoyol#3;Otoyol#9;PolatlıCard#1;Sakarya Nehri#1;Selçuklu Hanedanı#4;Sivas#1;Sivas#70;SivasCard#1;Sultan Alaeddin CamiiCard#2;SöğütözüCard#1;Süper Kupa#1;Timur İmparatorluğu#4;Türk Hava Kurumu MüzesiCard#2;Türk Kurtuluş Savaşı Batı Cephesi#18;Türk Kurtuluş Savaşı#16;Türk Kurtuluş Savaşı#202;Türk Kurtuluş Savaşı#203;Türkiye Büyük Millet Meclisi#148;Türkiye Büyük Millet Meclisi#3;Türkiye Futbol Şampiyonası#1;Türkiye Saati#1;Türkiye millî basketbol takımı#1;Türkiye millî basketbol takımı#74;Türkçe#146;Türkçe#150;Türkçe#164;Türkçe#2;Türkçe#26;Türkçe#4;Türkçe#41;Türkçe#94;Ulucanlar Cezaevi MüzesiCard#3;Vasip ŞahinCard#4;Yeniden Refah Partisi#1;Yeniden Refah Partisi#28;YenimahalleCard#1;Zeytinyağı#166;Ziraat Bankası MüzesiCard#2;Çengelhan Rahmi M. Koç MüzesiCard#2;ÇorumCard#1;Çubuk, AnkaraCard#1;ÇukurambarCard#1;İskender#14;İstanbul#1;İstanbul#238;İstanbul#250;İstanbul#446;İstanbul#449;İstanbul#504;İstanbul#518;İstanbulCard#1;İzmir#1;İzmir#166;İzmirCard#1;İç Anadolu Bölgesi#1;İç Anadolu BölgesiCard#1;ŞarkışlaCard#1;ŞereflikoçhisarCard#1"
çok partili bir sistem,https://tr.wikipedia.org/wiki/T%C3%BCrkiye%27de_%C3%A7ok_partili_d%C3%B6nem,4,Cumhuriyet Halk Partisi#10;Türkiye#115;Türkiye#128;Türkiye#153
üniter devlettir,https://tr.wikipedia.org/wiki/T%C3%BCrkiye%27de_%C3%BCniter_devlet,1,Türkiye#128
68 Kuşağı,https://tr.wikipedia.org/wiki/T%C3%BCrkiye%27de_68_ku%C5%9Fa%C4%9F%C4%B1,1,Ulucanlar Cezaevi Müzesi#8
Türkiye,https://tr.wikipedia.org/wiki/T%C3%BCrkiye%27de_COVID-19_pandemisi,1,2024 Türkiye yerel seçimleri#11
Türkiye'de Hristiyanların,https://tr.wikipedia.org/wiki/T%C3%BCrkiye%27de_Hristiyanl%C4%B1k,1,Türkiye#341
Karadeniz iklimi,https://tr.wikipedia.org/wiki/T%C3%BCrkiye%27de_Karadeniz_iklimi,7,Karadeniz Bölgesi#44;Karadeniz Bölgesi#73;Kızılırmak#22;Türkiye#237;Türkiye'de tarım#21;İstanbul#127;İstanbul#26
Yahudi,https://tr.wikipedia.org/wiki/T%C3%BCrkiye%27de_Yahudilik,3,Türkiye#315;Türkiye#344;İstanbul#245
Türkiye'de büyükşehir belediyeleri,https://tr.wikipedia.org/wiki/T%C3%BCrkiye%27de_b%C3%BCy%C3%BCk%C5%9Fehir_belediyeleri,2,2014 Türkiye yerel seçimleri#23;Türkiye#143
başörtüsü takılması yasaklandı,https://tr.wikipedia.org/wiki/T%C3%BCrkiye%27de_ba%C5%9F%C3%B6rt%C3%BCs%C3%BC_yasa%C4%9F%C4%B1,2,Milliyetçi Hareket Partisi#12;Türkiye#334
"Türkiye'de bilim, teknoloji ve inovasyon",https://tr.wikipedia.org/wiki/T%C3%BCrkiye%27de_bilim_ve_teknoloji,1,Türkiye#299
cumhurbaşkanlığı seçimleri,https://tr.wikipedia.org/wiki/T%C3%BCrkiye%27de_cumhurba%C5%9Fkanl%C4%B1%C4%9F%C4%B1_se%C3%A7imleri,1,Türkiye#143
Cumhuriyetin ilanından,https://tr.wikipedia.org/wiki/T%C3%BCrkiye%27de_cumhuriyetin_ilan%C4%B1,11,Ankara#9;Cumhuriyet Halk Partisi#20;Cumhuriyet Halk Partisi#9;Kurtuluş Savaşı Müzesi#3;Mustafa Kemal Atatürk#579;Mustafa Kemal Atatürk#8;Osmanlı İmparatorluğu#345;Osmanlı İmparatorluğu#669;Türkiye#104;Türkiye#15;İzmir#176
ülke enerji üretiminde,https://tr.wikipedia.org/wiki/T%C3%BCrkiye%27de_elektrik,1,Kızılırmak#3
hava kirliliği,https://tr.wikipedia.org/wiki/T%C3%BCrkiye%27de_hava_kirlili%C4%9Fi,1,İstanbul#154
Türkiye'de insan hakları,https://tr.wikipedia.org/wiki/T%C3%BCrkiye%27de_insan_haklar%C4%B1,1,Türkiye#196
kadınlara seçme ve seçilme hakkı tanındı,https://tr.wikipedia.org/wiki/T%C3%BCrkiye%27de_kad%C4%B1nlara_se%C3%A7me_ve_se%C3%A7ilme_hakk%C4%B1n%C4%B1n_tan%C4%B1nmas%C4%B1,3,Cumhuriyet Halk Partisi#27;Mustafa Kemal Atatürk#18;Türkiye#107
Türkiye'de konuşulan dillerden,https://tr.wikipedia.org/wiki/T%C3%BCrkiye%27de_konu%C5%9Fulan_diller,2,Türkiye#327;Türkçe#21
laik,https://tr.wikipedia.org/wiki/T%C3%BCrkiye%27de_laiklik,2,Cumhuriyet Halk Partisi#5;Mustafa Kemal Atatürk#3
Türkiye mimarlık tarihinde,https://tr.wikipedia.org/wiki/T%C3%BCrkiye%27de_mimarl%C4%B1k,1,Orta Doğu Teknik Üniversitesi#135
Türkiye'de resim,https://tr.wikipedia.org/wiki/T%C3%BCrkiye%27de_resim,1,Türkiye#361
sağ-sol çatışmasında,https://tr.wikipedia.org/wiki/T%C3%BCrkiye%27de_sa%C4%9F-sol_%C3%A7at%C4%B1%C5%9Fmas%C4%B1,1,Milliyetçi Hareket Partisi#7
Türkiye de sanayileşti,https://tr.wikipedia.org/wiki/T%C3%BCrkiye%27de_sanayi,1,Türkiye'de tarım#17
Özgür Değil,https://tr.wikipedia.org/wiki/T%C3%BCrkiye%27de_sans%C3%BCr,1,Türkiye#390
Yüksek Seçim Kurulu U:(https://tr.wikipedia.org/wiki/Y%C3%BCksek_Se%C3%A7im_Kurulu_(T%C3%BCrkiye))___ tarafından belirlenen ___E:87 seçim çevresi,https://tr.wikipedia.org/wiki/T%C3%BCrkiye%27de_se%C3%A7im_sistemi,1,Türkiye Büyük Millet MeclisiCard#19
her beş yılda bir,https://tr.wikipedia.org/wiki/T%C3%BCrkiye%27de_se%C3%A7imler#Yerel_se.C3.A7imler,1,2014 Türkiye yerel seçimleri#2
sigara kullanımını azaltma,https://tr.wikipedia.org/wiki/T%C3%BCrkiye%27de_sigara,1,Türkiye'de tarım#18
Türk siyasetinde,https://tr.wikipedia.org/wiki/T%C3%BCrkiye%27de_siyaset,1,Balâ#2
tarım,https://tr.wikipedia.org/wiki/T%C3%BCrkiye%27de_tar%C4%B1m,4,"Ankara#6;Kalecik#19;Sivas#68;Çubuk, Ankara#18"
Türkiye Cumhuriyeti'nin tek partili dönemi,https://tr.wikipedia.org/wiki/T%C3%BCrkiye%27de_tek_partili_d%C3%B6nem,2,Cumhuriyet Halk Partisi#9;Türkiye#114
Toprak reformu,https://tr.wikipedia.org/wiki/T%C3%BCrkiye%27de_toprak_reformu,3,Mustafa Kemal Atatürk#19;Mustafa Kemal Atatürk#617;Türkiye#108
Türkiye'de turizm,https://tr.wikipedia.org/wiki/T%C3%BCrkiye%27de_turizm,1,Türkiye#274
Türkiye'de vicdanî ret,https://tr.wikipedia.org/wiki/T%C3%BCrkiye%27de_vicdani_ret,1,Türkiye#194
Türkiye'de voleybol,https://tr.wikipedia.org/wiki/T%C3%BCrkiye%27de_voleybol,1,Türkiye#407
vakıf,https://tr.wikipedia.org/wiki/T%C3%BCrkiye%27deki_%C3%BCniversiteler_listesi,4,Orta Doğu Teknik Üniversitesi#107;Türkiye#351;İstanbul#489;İstanbul#493
1.,https://tr.wikipedia.org/wiki/T%C3%BCrkiye%27deki_%C5%9Fehirler_listesi,1,İstanbulCard#14
Bulgarlar,https://tr.wikipedia.org/wiki/T%C3%BCrkiye%27deki_Bulgarlar,1,Türkiye#315
Dünya Mirası Geçici Listesi,https://tr.wikipedia.org/wiki/T%C3%BCrkiye%27deki_D%C3%BCnya_Miraslar%C4%B1#Geçici_Liste,1,Efes#7
UNESCO Dünya Mirası,https://tr.wikipedia.org/wiki/T%C3%BCrkiye%27deki_D%C3%BCnya_Miraslar%C4%B1_listesi,3,Efes#14;Türkiye#20;Türkiye#275
Dünya Mirası Geçici Listesi,https://tr.wikipedia.org/wiki/T%C3%BCrkiye%27deki_D%C3%BCnya_Miraslar%C4%B1_listesi#Geçici_Liste,2,Beypazarı#18;İstanbul#379
Geriye kalan nüfus ise,https://tr.wikipedia.org/wiki/T%C3%BCrkiye%27deki_az%C4%B1nl%C4%B1klar,1,Türkçe#21
"İçişleri Bakanlığına U:(https://tr.wikipedia.org/wiki/%C4%B0%C3%A7i%C5%9Fleri_Bakanl%C4%B1%C4%9F%C4%B1_(T%C3%BCrkiye))___ bağlı olarak hareket eder. ___E:Adalet Bakanlığı U:(https://tr.wikipedia.org/wiki/Adalet_Bakanl%C4%B1%C4%9F%C4%B1_(T%C3%BCrkiye))___ tarafından Kasım 2008'de açıklanan verilere göre, ___E:Türkiye cezaevlerinde",https://tr.wikipedia.org/wiki/T%C3%BCrkiye%27deki_cezaevleri,1,Türkiye#172
40 tane millî park,https://tr.wikipedia.org/wiki/T%C3%BCrkiye%27deki_mill%C3%AE_parklar_listesi,1,Türkiye#231
Türkiye'deki millî bayramlar,https://tr.wikipedia.org/wiki/T%C3%BCrkiye%27deki_resm%C3%AE_tatiller,2,Anıtkabir#13;Anıtkabir#276
faaliyet gösteren,https://tr.wikipedia.org/wiki/T%C3%BCrkiye%27deki_siyasi_partiler_listesi,2,Adalet ve Kalkınma Partisi#1;Cumhuriyet Halk Partisi#1
Türkiye'nin Avrupa Birliği üyelik sürecinde,https://tr.wikipedia.org/wiki/T%C3%BCrkiye%27nin_Avrupa_Birli%C4%9Fi_%C3%BCyelik_s%C3%BCreci,3,Adalet ve Kalkınma Partisi#101;Cumhuriyet Halk Partisi#125;Türkiye#176
Kıbrıs'a müdahale,https://tr.wikipedia.org/wiki/T%C3%BCrkiye%27nin_K%C4%B1br%C4%B1s_%C3%A7%C4%B1karmas%C4%B1,1,Cumhuriyet Halk Partisi#67
belediye meclisi üyeleri,https://tr.wikipedia.org/wiki/T%C3%BCrkiye%27nin_belediyeleri_listesi,1,Türkiye#143
7 bölge ve 21 alt bölgeye,https://tr.wikipedia.org/wiki/T%C3%BCrkiye%27nin_co%C4%9Frafi_b%C3%B6lgeleri,4,Karadeniz Bölgesi#2;Türkiye#125;Türkiye#217;İç Anadolu Bölgesi#1
973 ilçe,https://tr.wikipedia.org/wiki/T%C3%BCrkiye%27nin_il%C3%A7eleri,3,Türkiye#124;Türkiye#132;Türkiye#143
81 ile,https://tr.wikipedia.org/wiki/T%C3%BCrkiye%27nin_illeri,5,2014 Türkiye yerel seçimleri#20;Anıtkabir#170;Türkiye#123;Türkiye#131;Türkiye#143
köylerde,https://tr.wikipedia.org/wiki/T%C3%BCrkiye%27nin_k%C3%B6yleri,1,2014 Türkiye yerel seçimleri#22
ayaklanma ve saldırı kampanyalarına,https://tr.wikipedia.org/wiki/T%C3%BCrkiye-PKK_%C3%A7at%C4%B1%C5%9Fmas%C4%B1,1,Türkiye#116
Türk-Yunan yakınlaşması,https://tr.wikipedia.org/wiki/T%C3%BCrkiye-Yunanistan_ili%C5%9Fkileri,1,Mustafa Kemal Atatürk#679
Türkiye-Yunanistan nüfus mübadelesi,https://tr.wikipedia.org/wiki/T%C3%BCrkiye-Yunanistan_n%C3%BCfus_m%C3%BCbadelesi,9,Anadolu#74;Lozan Antlaşması#28;Mustafa Kemal Atatürk#658;Mustafa Kemal Atatürk#676;Türk Kurtuluş Savaşı Batı Cephesi#1034;Türk Kurtuluş Savaşı Batı Cephesi#18;Türk Kurtuluş Savaşı#207;Türkiye#105;İstanbul#239
Çerkesler,https://tr.wikipedia.org/wiki/T%C3%BCrkiye_%C3%87erkesleri,1,Anadolu#73
Türkiye İş Bankası,https://tr.wikipedia.org/wiki/T%C3%BCrkiye_%C4%B0%C5%9F_Bankas%C4%B1,2,Cumhuriyet Halk Partisi#135;Orta Doğu Teknik Üniversitesi#247
İş Bankası binası,https://tr.wikipedia.org/wiki/T%C3%BCrkiye_%C4%B0%C5%9F_Bankas%C4%B1_%C4%B0ktisadi_Ba%C4%9F%C4%B1ms%C4%B1zl%C4%B1k_M%C3%BCzesi,1,Julianus Sütunu#4
TÜİK,https://tr.wikipedia.org/wiki/T%C3%BCrkiye_%C4%B0statistik_Kurumu,4,Afşin#2;Ankara#92;Türkiye#352;Türkçe#344
Türkiye Amatör Futbol Şampiyonası,https://tr.wikipedia.org/wiki/T%C3%BCrkiye_Amat%C3%B6r_Futbol_%C5%9Eampiyonas%C4%B1,2,Türkiye Futbol Şampiyonası#49;Türkiye Futbol Şampiyonası#6
Başkanı,https://tr.wikipedia.org/wiki/T%C3%BCrkiye_Anayasa_Mahkemesi_ba%C5%9Fkanlar%C4%B1_listesi,1,Adalet ve Kalkınma Partisi#46
Arapların,https://tr.wikipedia.org/wiki/T%C3%BCrkiye_Araplar%C4%B1,1,Anadolu#72
TAEK,https://tr.wikipedia.org/wiki/T%C3%BCrkiye_Atom_Enerjisi_Kurumu,1,Türkiye#299
TBMM,https://tr.wikipedia.org/wiki/T%C3%BCrkiye_B%C3%BCy%C3%BCk_Millet_Meclisi,55,"Adalet ve Kalkınma Partisi#3;Ankara#62;Anıtkabir#218;Atatürk Orman Çiftliği#11;Büyük Birlik Partisi#20;Büyük Birlik Partisi#25;Cumhuriyet Halk Partisi#15;Cumhuriyet Halk Partisi#6;Cumhuriyet Müzesi#1;Heyet-i Temsiliye#1;Kurtuluş Savaşı Müzesi#1;Kurtuluş Savaşı Müzesi#4;Lozan Antlaşması#1;Lozan Barış Konferansı#6;Meclis-i MebûsanCard#5;Mehmet Akif Ersoy Müze Evi#12;Milliyetçi Hareket Partisi#3;Milliyetçi Hareket Partisi#50;Milliyetçi Hareket Partisi#52;Mustafa Kemal Atatürk#413;Mustafa Kemal Atatürk#417;Mustafa Kemal Atatürk#492;Mustafa Kemal Atatürk#585;Mustafa Kemal Atatürk#614;Mustafa Kemal Atatürk#641;Mustafa Kemal Atatürk#712;Mustafa Kemal AtatürkCard#4;Orta Doğu Teknik Üniversitesi#12;Orta Doğu Teknik Üniversitesi#124;Orta Doğu Teknik Üniversitesi#172;Osmanlı İmparatorluğu#19;Osmanlı İmparatorluğu#296;Osmanlı İmparatorluğu#297;Sakarya Meydan Muharebesi#10;Sakarya Meydan Muharebesi#11;Sakarya Meydan Muharebesi#19;Sakarya Meydan Muharebesi#47;Türk Kurtuluş Savaşı Güney Cephesi#3;Türk Kurtuluş Savaşı#123;Türk Kurtuluş Savaşı#170;Türk Kurtuluş Savaşı#182;Türk Kurtuluş Savaşı#188;Türk Kurtuluş Savaşı#37;Türk Kurtuluş Savaşı#63;Türk Kurtuluş Savaşı#93;Türkiye#102;Türkiye#13;Türkiye#134;Türkiye#143;Türkiye'de cumhuriyetin ilanı#1;TürkiyeCard#12;Yeniden Refah Partisi#3;Çubuk, Ankara#34;Şereflikoçhisar#4"
1 oy kullanmayan üye,https://tr.wikipedia.org/wiki/T%C3%BCrkiye_B%C3%BCy%C3%BCk_Millet_Meclisi_ba%C5%9Fkanlar%C4%B1_listesi,3,Adalet ve Kalkınma Partisi#115;Türkiye Büyük Millet MeclisiCard#11;Türkiye#158
Türkiye Basketbol Federasyonu,https://tr.wikipedia.org/wiki/T%C3%BCrkiye_Basketbol_Federasyonu,4,2010 FIBA Dünya Basketbol Şampiyonası#2;Türkiye millî basketbol takımı#1;Türkiye millî basketbol takımı#49;Türkiye#403
TÜBA,https://tr.wikipedia.org/wiki/T%C3%BCrkiye_Bilimler_Akademisi,1,Türkiye#299
Türkiye Cumhuriyet Merkez Bankası,https://tr.wikipedia.org/wiki/T%C3%BCrkiye_Cumhuriyet_Merkez_Bankas%C4%B1,1,Gazi Üniversitesi#34
Anayasa Mahkemesi,https://tr.wikipedia.org/wiki/T%C3%BCrkiye_Cumhuriyeti_Anayasa_Mahkemesi,7,Adalet ve Kalkınma Partisi#128;Adalet ve Kalkınma Partisi#20;Adalet ve Kalkınma Partisi#46;Cumhuriyet Halk Partisi#72;Türkiye Büyük Millet Meclisi#10;Türkiye Büyük Millet Meclisi#210;Türkiye Büyük Millet Meclisi#44
Anayasanın,https://tr.wikipedia.org/wiki/T%C3%BCrkiye_Cumhuriyeti_Anayasas%C4%B1,17,2024 Türkiye yerel seçimleri#133;Adalet ve Kalkınma Partisi#86;Kurtuluş Savaşı Müzesi#38;Orta Doğu Teknik Üniversitesi#390;Türkiye Büyük Millet Meclisi#11;Türkiye Büyük Millet Meclisi#19;Türkiye Büyük Millet Meclisi#200;Türkiye Büyük Millet Meclisi#235;Türkiye Büyük Millet Meclisi#45;Türkiye Büyük Millet Meclisi#7;Türkiye#128;Türkiye#166;Türkiye#167;Türkiye#196;Türkiye#312;Türkçe#26;Türkçe#30
Türkiye Cumhuriyeti Devlet Demiryolları,https://tr.wikipedia.org/wiki/T%C3%BCrkiye_Cumhuriyeti_Devlet_Demiryollar%C4%B1,3,Mustafa Kemal Atatürk#23;Türkiye#283;İstanbul#591
Enerji ve Tabii Kaynaklar Bakanlığı,https://tr.wikipedia.org/wiki/T%C3%BCrkiye_Cumhuriyeti_Enerji_ve_Tabii_Kaynaklar_Bakanl%C4%B1%C4%9F%C4%B1,1,Maden Tetkik ve Arama Genel Müdürlüğü#1
Hars Müdürlüğü,https://tr.wikipedia.org/wiki/T%C3%BCrkiye_Cumhuriyeti_K%C3%BClt%C3%BCr_ve_Turizm_Bakanl%C4%B1%C4%9F%C4%B1,3,Anadolu Medeniyetleri Müzesi#27;Augustus Tapınağı#4;Cumhuriyet Müzesi#6
nüfus cüzdanı,https://tr.wikipedia.org/wiki/T%C3%BCrkiye_Cumhuriyeti_Kimlik_Kart%C4%B1,1,2014 Türkiye yerel seçimleri#24
Maarif Vekâleti,https://tr.wikipedia.org/wiki/T%C3%BCrkiye_Cumhuriyeti_Mill%C3%AE_E%C4%9Fitim_Bakanl%C4%B1%C4%9F%C4%B1,3,Anadolu Medeniyetleri Müzesi#27;Ankara Etnografya Müzesi#12;Feza Gürsey Bilim Merkezi#13
Sosyal Güvenlik Kurumu,https://tr.wikipedia.org/wiki/T%C3%BCrkiye_Cumhuriyeti_Sosyal_G%C3%BCvenlik_Kurumu,1,Türkiye#352
Çevre ve Orman Bakanlığı,https://tr.wikipedia.org/wiki/T%C3%BCrkiye_Cumhuriyeti_Tar%C4%B1m_ve_Orman_Bakanl%C4%B1%C4%9F%C4%B1,1,Söğütözü#2
TÜDEMSAŞ,https://tr.wikipedia.org/wiki/T%C3%BCrkiye_Demiryolu_Makinalar%C4%B1_Sanayii_A.%C5%9E.,1,Sivas#45
Türkiye İşçi Partisi U:(https://tr.wikipedia.org/wiki/T%C3%BCrkiye_%C4%B0%C5%9F%C3%A7i_Partisi_(1961))___ (TİP) ve ___E:Devrimci İşçi Sendikaları Konfederasyonu,https://tr.wikipedia.org/wiki/T%C3%BCrkiye_Devrimci_%C4%B0%C5%9F%C3%A7i_Sendikalar%C4%B1_Konfederasyonu,1,Orta Doğu Teknik Üniversitesi#294
Türkiye Elektrik İletim A.Ş.,https://tr.wikipedia.org/wiki/T%C3%BCrkiye_Elektrik_%C4%B0letim_Anonim_%C5%9Eirketi,1,İstanbul#535
Ermeniler,https://tr.wikipedia.org/wiki/T%C3%BCrkiye_Ermenileri,1,Türkiye#315
MKE Ankaragücü U:(https://tr.wikipedia.org/wiki/MKE_Ankarag%C3%BCc%C3%BC_(futbol_tak%C4%B1m%C4%B1))___ 'nün bugüne dek kazandığı 1 ___E:Türkiye Futbol Şampiyonası,https://tr.wikipedia.org/wiki/T%C3%BCrkiye_Futbol_%C5%9Eampiyonas%C4%B1,1,Ankara#174
Türkiye Futbol Federasyonu,https://tr.wikipedia.org/wiki/T%C3%BCrkiye_Futbol_Federasyonu,10,Futsal Ligi#1;Süper Kupa#1;Süper Kupa#11;Süper Kupa#17;Süper Kupa#29;Süper Kupa#30;Türkiye Futbol Şampiyonası#10;Türkiye Futbol Şampiyonası#3;Türkiye Kupası#1;Türkiye#393
Türkiye Halk Kurtuluş Ordusu,https://tr.wikipedia.org/wiki/T%C3%BCrkiye_Halk_Kurtulu%C5%9F_Ordusu,1,Orta Doğu Teknik Üniversitesi#259
Kürtlerdir,https://tr.wikipedia.org/wiki/T%C3%BCrkiye_K%C3%BCrtleri,1,Türkiye#319
Türkiye Kupası,https://tr.wikipedia.org/wiki/T%C3%BCrkiye_Kupas%C4%B1,3,Ankara#174;Konya#65;Süper Kupa#9
Türkiye Noterler Birliği,https://tr.wikipedia.org/wiki/T%C3%BCrkiye_Noterler_Birli%C4%9Fi,1,Söğütözü#2
Türkiye Partisi,https://tr.wikipedia.org/wiki/T%C3%BCrkiye_Partisi,1,Adalet ve Kalkınma PartisiCard#10
TRT,https://tr.wikipedia.org/wiki/T%C3%BCrkiye_Radyo_Televizyon_Kurumu,6,Divan sazı#4;Orta Doğu Teknik Üniversitesi#260;Türkiye#324;Türkiye#387;Türkçe#343;İstanbul#522
Süryanilerin,https://tr.wikipedia.org/wiki/T%C3%BCrkiye_S%C3%BCryanileri,1,Türkiye#318
TSİ,https://tr.wikipedia.org/wiki/T%C3%BCrkiye_Saati,25,"AfşinCard#10;AnkaraCard#11;AyaşCard#10;BalâCard#11;BeypazarıCard#10;Elmadağ, AnkaraCard#8;GemerekCard#13;GüdülCard#10;HaymanaCard#10;KalecikCard#10;KayseriCard#6;KonyaCard#7;KızılcahamamCard#10;Kızılırmak, ÇankırıCard#10;NiğdeCard#7;PolatlıCard#10;SivasCard#7;TürkiyeCard#30;YenimahalleCard#10;ÇorumCard#7;Çubuk, AnkaraCard#10;İstanbulCard#15;İzmirCard#14;ŞarkışlaCard#13;ŞereflikoçhisarCard#10"
Türkiye Selçuklu Devleti,https://tr.wikipedia.org/wiki/T%C3%BCrkiye_Sel%C3%A7uklu_Devleti,1,Dânişmend Gazi#10
Türkmen,https://tr.wikipedia.org/wiki/T%C3%BCrkiye_T%C3%BCrkmenleri,6,"Büyük Selçuklu İmparatorluğu#197;I. Bayezid#15;Sivas#58;Çubuk, Ankara#13;Çubuk, Ankara#53;Çubuk, Ankara#9"
Başbakan,https://tr.wikipedia.org/wiki/T%C3%BCrkiye_ba%C5%9Fbakan%C4%B1,4,Adalet ve Kalkınma Partisi#76;Orta Doğu Teknik Üniversitesi#1;Orta Doğu Teknik Üniversitesi#17;Türkiye Büyük Millet Meclisi#219
Başbakan Yardımcısı,https://tr.wikipedia.org/wiki/T%C3%BCrkiye_ba%C5%9Fbakan_yard%C4%B1mc%C4%B1lar%C4%B1_listesi,2,Orta Doğu Teknik Üniversitesi#299;Orta Doğu Teknik Üniversitesi#365
Cumhurbaşkanı,https://tr.wikipedia.org/wiki/T%C3%BCrkiye_cumhurba%C5%9Fkan%C4%B1,7,Adalet ve Kalkınma Partisi#4;Balâ#2;Cumhuriyet Halk Partisi#3;Mustafa Kemal Atatürk#2;Orta Doğu Teknik Üniversitesi#17;Türkiye Büyük Millet Meclisi#219;Türkiye#106
Türkiye cumhurbaşkanı yardımcısı,https://tr.wikipedia.org/wiki/T%C3%BCrkiye_cumhurba%C5%9Fkan%C4%B1_yard%C4%B1mc%C4%B1s%C4%B1,2,Mansur Yavaş#21;Mansur Yavaş#4
dışişleri bakanı,https://tr.wikipedia.org/wiki/T%C3%BCrkiye_d%C4%B1%C5%9Fi%C5%9Fleri_bakanlar%C4%B1_listesi,1,Türkiye Büyük Millet Meclisi#208
Türkiye nüfusunun,https://tr.wikipedia.org/wiki/T%C3%BCrkiye_demografisi,1,İstanbul#1
ekonominin,https://tr.wikipedia.org/wiki/T%C3%BCrkiye_ekonomisi,3,"Polatlı#14;Türkiye'de tarım#13;Çubuk, Ankara#38"
2010'larda ve 2020'lerin başında Türkiye'de yaşanan göçmen krizi,https://tr.wikipedia.org/wiki/T%C3%BCrkiye_g%C3%B6%C3%A7men_krizi,1,Türkiye#330
Türkiye hükûmeti,https://tr.wikipedia.org/wiki/T%C3%BCrkiye_h%C3%BCk%C3%BBmeti,1,Türkiye#28
Türkiye kadın millî basketbol takımı,https://tr.wikipedia.org/wiki/T%C3%BCrkiye_kad%C4%B1n_mill%C3%AE_basketbol_tak%C4%B1m%C4%B1,1,Türkiye#404
Türkiye kadın millî voleybol takımı,https://tr.wikipedia.org/wiki/T%C3%BCrkiye_kad%C4%B1n_mill%C3%AE_voleybol_tak%C4%B1m%C4%B1,1,Türkiye#408
Türkiye,https://tr.wikipedia.org/wiki/T%C3%BCrkiye_mill%C3%AE_basketbol_tak%C4%B1m%C4%B1,6,2001 Avrupa Basketbol Şampiyonası#2;2001 Avrupa Basketbol Şampiyonası#8;2010 FIBA Dünya Basketbol Şampiyonası#10;2010 FIBA Dünya Basketbol Şampiyonası#3;Ankara#178;Türkiye#401
Türkiye millî futbol takımı,https://tr.wikipedia.org/wiki/T%C3%BCrkiye_mill%C3%AE_futbol_tak%C4%B1m%C4%B1,1,Türkiye#394
Türkkuşu,https://tr.wikipedia.org/wiki/T%C3%BCrkku%C5%9Fu,1,Mustafa Kemal Atatürk#23
Türkleştirme,https://tr.wikipedia.org/wiki/T%C3%BCrkle%C5%9Ftirme,5,Büyük Selçuklu İmparatorluğu#12;Mustafa Kemal Atatürk#22;Mustafa Kemal Atatürk#607;Türkiye#6;Türkiye#61
Türk,https://tr.wikipedia.org/wiki/T%C3%BCrkler,46,"Anadolu Selçuklu Devleti#6;Anadolu Selçuklu Devleti#7;Anadolu#68;Anadolu#8;Ankara Muharebesi#34;Ankara Muharebesi#4;Ankara keçisi#1;Binicilik#6;Binicilik#65;Büyük Selçuklu İmparatorluğu#54;Büyük Selçuklu İmparatorluğu#63;Haymana#3;I. Bayezid#110;Kimmerler#88;Konya#25;Malazgirt Meydan Muharebesi#113;Malazgirt Meydan Muharebesi#31;Malazgirt Meydan Muharebesi#4;Malazgirt Meydan Muharebesi#56;Malazgirt Meydan Muharebesi#82;Malazgirt Meydan Muharebesi#9;Mansur Yavaş#1;Milliyetçi Hareket Partisi#18;Mustafa Kemal Atatürk#2;Mustafa Kemal AtatürkCard#11;Sakarya Meydan Muharebesi#38;Sakarya Meydan Muharebesi#42;Selçuklu Hanedanı#7;Timur#16;Türkiye#21;Türkiye#314;Türkçe#41;Türkçe#76;Vasip Şahin#1;Çubuk, Ankara#12;Çubuk, Ankara#21;Çubuk, Ankara#25;Çubuk, Ankara#4;İstanbul#238;İstanbul#425;İzmir#101;İzmir#164;İzmir#74"
İslam ile temasları,https://tr.wikipedia.org/wiki/T%C3%BCrklerin_%C4%B0slam%27a_ge%C3%A7i%C5%9Fi,1,Türkçe#111
Türkmenlerin,https://tr.wikipedia.org/wiki/T%C3%BCrkmen,1,Timur İmparatorluğu#27
Türkmence,https://tr.wikipedia.org/wiki/T%C3%BCrkmence,4,Türkçe#14;Türkçe#15;Türkçe#51;Türkçe#8
Türkmenistan,https://tr.wikipedia.org/wiki/T%C3%BCrkmenistan,9,Anadolu Selçuklu Devleti#4;Balâ#3;Büyük Selçuklu İmparatorluğu#30;Büyük Selçuklu İmparatorluğu#4;Germiyanoğulları Beyliği#4;Karamanoğulları Beyliği#29;Osmanlı İmparatorluğu#4;Selçuklu Hanedanı#4;Timur İmparatorluğu#4
Türkmen,https://tr.wikipedia.org/wiki/T%C3%BCrkmenler,15,Ahilik#6;Anadolu Selçuklu Devleti#115;Ankara Muharebesi#167;Ankara Muharebesi#258;Balâ#30;Balâ#32;Balâ#4;Balâ#40;Germiyanoğulları Beyliği#14;I. Bayezid#4;I. Murad#34;Karamanoğulları Beyliği#7;Timur İmparatorluğu#14;Timur#64
Türkopoller,https://tr.wikipedia.org/wiki/T%C3%BCrkopol,1,Anadolu Selçuklu Devleti#342
Türksat,https://tr.wikipedia.org/wiki/T%C3%BCrksat,1,Türkiye#302
tütün,https://tr.wikipedia.org/wiki/T%C3%BCt%C3%BCn,2,İstanbul#255;İzmir#175
Tüzel,https://tr.wikipedia.org/wiki/T%C3%BCzel_ki%C5%9Fi,2,Atatürk Orman Çiftliği#2;Atatürk Orman ÇiftliğiCard#6
tüzel kişiliği,https://tr.wikipedia.org/wiki/T%C3%BCzel_ki%C5%9Filik,1,Maden Tetkik ve Arama Genel Müdürlüğü#1
Tımar,https://tr.wikipedia.org/wiki/T%C4%B1mar,3,Osmanlı İmparatorluğu#222;Osmanlı İmparatorluğu#327;Osmanlı İmparatorluğu#407
tımar sistemi,https://tr.wikipedia.org/wiki/T%C4%B1mar_sistemi,1,Osmanlı İmparatorluğu#228
tımarlı sipahi,https://tr.wikipedia.org/wiki/T%C4%B1marl%C4%B1_sipahi,1,Beypazarı#2
tıp,https://tr.wikipedia.org/wiki/T%C4%B1p,3,Bizans İmparatorluğu#372;Üniversite#34;İskender#47
Tırhala,https://tr.wikipedia.org/wiki/T%C4%B1rhala,1,I. Bayezid#28
tırmık,https://tr.wikipedia.org/wiki/T%C4%B1rm%C4%B1k,1,Madenî para#11
Tırnova,https://tr.wikipedia.org/wiki/T%C4%B1rnovo,1,I. Murad#102
Resmî Gazete,https://tr.wikipedia.org/wiki/T.C._Resm%C3%AE_Gazete,4,2014 Türkiye yerel seçimleri#7;Adalet ve Kalkınma Partisi#84;Devlet Mezarlığı#2;Mustafa Kemal Atatürk#592
TAV,https://tr.wikipedia.org/wiki/TAV_Havalimanlar%C4%B1_Holding,4,Ankara Esenboğa Havalimanı#25;Ankara Esenboğa Havalimanı#28;Ankara Esenboğa Havalimanı#3;Ankara Esenboğa Havalimanı#44
Birinci Dönem Türkiye Büyük Millet Meclisi,https://tr.wikipedia.org/wiki/TBMM_1._d%C3%B6nem_milletvekilleri_listesi,4,Osmanlı Hanedanı#29;Osmanlı Hanedanı#30;Türkiye Büyük Millet Meclisi#137;Türkiye Büyük Millet Meclisi#142
Danışma Meclisi,https://tr.wikipedia.org/wiki/TBMM_1981_Dan%C4%B1%C5%9Fma_Meclisi,3,Türkiye Büyük Millet Meclisi#200;Türkiye Büyük Millet Meclisi#203
İkinci Dönem Türkiye Büyük Millet Meclisini,https://tr.wikipedia.org/wiki/TBMM_2._d%C3%B6nem_milletvekilleri_listesi,1,Türkiye Büyük Millet Meclisi#142
28. dönemi,https://tr.wikipedia.org/wiki/TBMM_28._d%C3%B6nem_milletvekilleri_listesi,1,Türkiye#159
TBMM Kütüphanesi,https://tr.wikipedia.org/wiki/TBMM_K%C3%BCt%C3%BCphanesi,1,Türkiye Büyük Millet Meclisi#68
TCDD 3'üncü Bölge Müze ve Sanat Galerisi,https://tr.wikipedia.org/wiki/TCDD_3._B%C3%B6lge_M%C3%BCze_ve_Sanat_Galerisi,1,İzmir#184
TCDD Taşımacılık,https://tr.wikipedia.org/wiki/TCDD_Ta%C5%9F%C4%B1mac%C4%B1l%C4%B1k,1,İstanbul#580
Türk Telekom U:(https://tr.wikipedia.org/wiki/T%C3%BCrk_Telekom_(basketbol_tak%C4%B1m%C4%B1))___ ___E:TED Ankara Kolejliler,https://tr.wikipedia.org/wiki/TED_Ankara_Kolejliler_SK,1,Ankara Spor SalonuCard#6
"360 U:(https://tr.wikipedia.org/wiki/360_(televizyon_kanal%C4%B1))___ , ___E:TGRT Haber",https://tr.wikipedia.org/wiki/TGRT_Haber,1,İstanbul#522
TOBB ETÜ,https://tr.wikipedia.org/wiki/TOBB_ET%C3%9C,1,Çukurambar#3
TOBB ETÜ Hastanesi,https://tr.wikipedia.org/wiki/TOBB_ET%C3%9C_Hastanesi,1,Söğütözü#2
TOBB Ekonomi ve Teknoloji Üniversitesi,https://tr.wikipedia.org/wiki/TOBB_Ekonomi_ve_Teknoloji_%C3%9Cniversitesi,1,Söğütözü#2
TOEFL,https://tr.wikipedia.org/wiki/TOEFL,1,Orta Doğu Teknik Üniversitesi#103
İstanbul Radyosu,https://tr.wikipedia.org/wiki/TRT_%C4%B0stanbul_Radyosu,1,Mustafa Kemal Atatürk#36
TRT 1,https://tr.wikipedia.org/wiki/TRT_1,1,I. Alâeddin Keykubad#154
TRT Haber'in,https://tr.wikipedia.org/wiki/TRT_Haber,1,2024 Türkiye yerel seçimleri#50
TSE,https://tr.wikipedia.org/wiki/TSE,1,Zeytinyağı#82
TUSAŞ,https://tr.wikipedia.org/wiki/TUSA%C5%9E,1,Türkiye#301
TV100,https://tr.wikipedia.org/wiki/TV100,1,İstanbul#522
Burhan Felek Spor Salonu,https://tr.wikipedia.org/wiki/TVF_Burhan_Felek_Voleybol_Salonu,1,İstanbul#488
taş,https://tr.wikipedia.org/wiki/Ta%C5%9F,2,Ankara Roma Hamamı#39;Madenî para#10
Taş Devri,https://tr.wikipedia.org/wiki/Ta%C5%9F_devri,1,Ankara#112
taş oymacılığı,https://tr.wikipedia.org/wiki/Ta%C5%9F_oymac%C4%B1l%C4%B1%C4%9F%C4%B1,1,Büyük Selçuklu İmparatorluğu#228
Taşanoğulları,https://tr.wikipedia.org/wiki/Ta%C5%9Fano%C4%9Fullar%C4%B1_Beyli%C4%9Fi,7,Anadolu Selçuklu Devleti#2;Büyük Selçuklu İmparatorluğu#2;Germiyanoğulları Beyliği#2;Karamanoğulları Beyliği#27;Osmanlı İmparatorluğu#2;Selçuklu Hanedanı#2;Timur İmparatorluğu#2
Taşeli,https://tr.wikipedia.org/wiki/Ta%C5%9Feli,1,Türkçe#166
Taşhan,"https://tr.wikipedia.org/wiki/Ta%C5%9Fhan,_Ankara",1,Julianus Sütunu#4
taşkın,https://tr.wikipedia.org/wiki/Ta%C5%9Fk%C4%B1n,1,Sakarya Nehri#15
Taşkent,https://tr.wikipedia.org/wiki/Ta%C5%9Fkent,1,Mustafa Kemal Atatürk#846
Taşnak,https://tr.wikipedia.org/wiki/Ta%C5%9Fnak,1,Meclis-i MebûsanCard#6
taştdar,https://tr.wikipedia.org/wiki/Ta%C5%9Ftdar,1,Anadolu Selçuklu Devleti#329
Tabal,https://tr.wikipedia.org/wiki/Tabal,5,Ahameniş İmparatorluğu#290;Frigler#54;Hititler#225;Kimmerler#11;Kimmerler#63
Taberistân,https://tr.wikipedia.org/wiki/Taberistan,1,Büyük Selçuklu İmparatorluğu#49
Taberiye,https://tr.wikipedia.org/wiki/Taberiye,1,Bizans İmparatorluğu#153
Tabka Barajı,https://tr.wikipedia.org/wiki/Tabka_Baraj%C4%B1,1,Fırat#17
tabu,https://tr.wikipedia.org/wiki/Tabu,1,Antik Yunanistan#296
tabut,https://tr.wikipedia.org/wiki/Tabut,1,II. Kiros#149
Taceddin Sultan Cami,https://tr.wikipedia.org/wiki/Taceddin_Sultan_Camii,1,Mehmet Akif Ersoy Müze Evi#8
tacik,https://tr.wikipedia.org/wiki/Tacik,1,Anadolu Selçuklu Devleti#233
Tacikistan,https://tr.wikipedia.org/wiki/Tacikistan,1,Ahameniş İmparatorluğu#92
"Kazvinli U:(https://tr.wikipedia.org/wiki/Kazvin_(eyalet))___ , Kürt, ___E:Tacik",https://tr.wikipedia.org/wiki/Tacikler,1,Anadolu Selçuklu Devleti#323
Tacitus,https://tr.wikipedia.org/wiki/Tacitus,1,Augustus#332
Taginae Muharebesi,https://tr.wikipedia.org/wiki/Taginae_Muharebesi,1,Bizans İmparatorluğu#74
tahıl,https://tr.wikipedia.org/wiki/Tah%C4%B1l,2,Ankara#43;Polatlı#19
Tahir Nejat Gencan,https://tr.wikipedia.org/wiki/Tahir_Nejat_Gencan,1,Türkçe#199
Tahiriler,https://tr.wikipedia.org/wiki/Tahiriler,1,Mutasım#71
Tahkikat Komisyonu,https://tr.wikipedia.org/wiki/Tahkikat_Komisyonu,1,Türkiye Büyük Millet Meclisi#186
tahkimat,https://tr.wikipedia.org/wiki/Tahkimat,1,Ankara Muharebesi#95
tahminlere,https://tr.wikipedia.org/wiki/Tahmin,1,Kimmerler#67
Tahran,https://tr.wikipedia.org/wiki/Tahran,2,Ahameniş İmparatorluğu#453;İstanbul#631
tahrir,https://tr.wikipedia.org/wiki/Tahrir,1,Osmanlı İmparatorluğu#69
Tahsin Özgüç,https://tr.wikipedia.org/wiki/Tahsin_%C3%96zg%C3%BC%C3%A7,1,Hititler#40
Tahsin Banguoğlu,https://tr.wikipedia.org/wiki/Tahsin_Banguo%C4%9Flu,1,Türkçe#199
tahta,https://tr.wikipedia.org/wiki/Tahta,2,Davul#86;Def#1
"Nagoya U:(https://tr.wikipedia.org/wiki/Ch%C5%ABky%C5%8D_(b%C3%B6lge))___ , Japonya 47. ___E:Taipei",https://tr.wikipedia.org/wiki/Taipei,1,İstanbul#633
Takım sporu,https://tr.wikipedia.org/wiki/Tak%C4%B1m_sporu,4,Hentbol#1;HentbolCard#5;Sutopu#1;Voleybol#1
Takas,https://tr.wikipedia.org/wiki/Takas,5,Lidyalılar#21;Ticaret#2;Ticaret#4;Ticaret#6
Takiyüddin,https://tr.wikipedia.org/wiki/Takiy%C3%BCddin,1,Osmanlı İmparatorluğu#653
Takiyüddin'in Rasathanesi,https://tr.wikipedia.org/wiki/Takiy%C3%BCddin%27in_Rasathanesi,1,Osmanlı İmparatorluğu#653
Cumhuriyet Anıtı,https://tr.wikipedia.org/wiki/Taksim_Cumhuriyet_An%C4%B1t%C4%B1,1,İstanbul#383
yeniden çatışma hâline U:(https://tr.wikipedia.org/wiki/T%C3%BCrkiye-PKK_%C3%A7at%C4%B1%C5%9Fmas%C4%B1_(2015-2025))___ dönüldü.  2013'te ___E:Gezi Parkı,https://tr.wikipedia.org/wiki/Taksim_Gezi_Park%C4%B1,1,Türkiye#116
"9. Ordu U:(https://tr.wikipedia.org/wiki/9._Ordu_(Osmanl%C4%B1_%C4%B0mparatorlu%C4%9Fu))___ müfettişi olarak atandı ve kararname, işgâl kararından bir gün önce 5 Mayıs'ta dönemin resmî gazetesi olan ___E:Takvîm-i Vekâyi",https://tr.wikipedia.org/wiki/Takv%C3%AEm-i_Vek%C3%A2yi,2,Türk Kurtuluş Savaşı Batı Cephesi#213;İstanbul#516
"Takvim, saat ve ölçülerde değişikliklere","https://tr.wikipedia.org/wiki/Takvim,_saat_ve_%C3%B6l%C3%A7%C3%BClerde_de%C4%9Fi%C5%9Fiklik",1,Mustafa Kemal Atatürk#15
Talat Aydemir,https://tr.wikipedia.org/wiki/Talat_Aydemir,1,Ulucanlar Cezaevi Müzesi#8
Talat,https://tr.wikipedia.org/wiki/Talat_Pa%C5%9Fa,3,Mustafa Kemal Atatürk#176;Mustafa Kemal Atatürk#260;Türk Kurtuluş Savaşı#49
Babil U:(https://tr.wikipedia.org/wiki/Babil_(antik_kent))___ 'e en yüksek meblağ ve şaşırtıcı bir emtia karışımı üzerinden vergi uygulandı: 1.000 gümüş ___E:talent,https://tr.wikipedia.org/wiki/Talent,2,Ahameniş İmparatorluğu#267;İskender#34
Taliban,https://tr.wikipedia.org/wiki/Taliban,1,İslam devleti#62
Tam temaslı karate,https://tr.wikipedia.org/wiki/Tam_temasl%C4%B1_Karate,1,Karate#47
Taman Yarımadası,https://tr.wikipedia.org/wiki/Taman_Yar%C4%B1madas%C4%B1,1,Kafkasya#11
Tamara Hatun,https://tr.wikipedia.org/wiki/Tamara_Hatun,1,I. MuradCard#7
tambur,https://tr.wikipedia.org/wiki/Tambur,1,Osmanlı İmparatorluğu#582
Tamer Oyguç,https://tr.wikipedia.org/wiki/Tamer_Oygu%C3%A7,5,Türkiye millî basketbol takımı#126;Türkiye millî basketbol takımı#128;Türkiye millî basketbol takımı#130;Türkiye millî basketbol takımı#132;Türkiye millî basketbol takımı#134
Tanah,https://tr.wikipedia.org/wiki/Tanah,4,Hatti#8;II. Kiros#10;II. Kiros#214;II. Kiros#221
Tanburu,https://tr.wikipedia.org/wiki/Tanbur,1,Divan sazı#3
Tandır,https://tr.wikipedia.org/wiki/Tand%C4%B1r,2,Ankara#150;Kartalaç#1
tandır kebabı,https://tr.wikipedia.org/wiki/Tand%C4%B1r_kebab%C4%B1,1,Tandır#9
Tanenler,https://tr.wikipedia.org/wiki/Tanen,2,Şarap#53;Şarap#96
Tanju Özcan,https://tr.wikipedia.org/wiki/Tanju_%C3%96zcan,1,2024 Türkiye yerel seçimleri#42
Tanrı,https://tr.wikipedia.org/wiki/Tanr%C4%B1,1,Malazgirt Meydan Muharebesi#46
Tansu Çiller,https://tr.wikipedia.org/wiki/Tansu_%C3%87iller,1,Türkiye#115
Tanzimat,https://tr.wikipedia.org/wiki/Tanzimat,6,Osmanlı İmparatorluğu#437;Türkiye#12;Türkiye#359;Türkiye#368;Türkiye'de cumhuriyetin ilanı#10;Türkçe#92
Tanzimat Fermanı,https://tr.wikipedia.org/wiki/Tanzimat_Ferman%C4%B1,8,Osmanlı İmparatorluğu#26;Osmanlı İmparatorluğu#275;Osmanlı İmparatorluğu#633;Türkiye#80;Türkçe#102;İstanbul#432;İstanbul#537;İstanbul#80
Tanzimat,https://tr.wikipedia.org/wiki/Tanzimat_edebiyat%C4%B1,2,Türkçe#129;Türkçe#197
Tapınak,https://tr.wikipedia.org/wiki/Tap%C4%B1nak,1,Augustus TapınağıCard#1
Tarık Levendoğlu,https://tr.wikipedia.org/wiki/Tar%C4%B1k_Levendo%C4%9Flu,1,Anıtkabir#72
Tarık Somer,https://tr.wikipedia.org/wiki/Tar%C4%B1k_Somer,1,Orta Doğu Teknik Üniversitesi#309
tarım,https://tr.wikipedia.org/wiki/Tar%C4%B1m,12,Antik Roma#127;Antik Roma#194;Balâ#48;Bozkır#6;Gıda#12;Hayvancılık#1;Karadeniz Bölgesi#32;Mustafa Kemal Atatürk#24;Türkiye#225;Türkiye#257;Türkiye'de tarım#6;İstanbul#18
tarım toplumlarında,https://tr.wikipedia.org/wiki/Tar%C4%B1m_devrimi,1,Teknoloji#2
Tarım ve Orman Bakanlığı,https://tr.wikipedia.org/wiki/Tar%C4%B1m_ve_Orman_Bakanl%C4%B1%C4%9F%C4%B1,2,Atatürk Orman Çiftliği#2;Atatürk Orman ÇiftliğiCard#4
Tarabya,https://tr.wikipedia.org/wiki/Tarabya_Koyu,1,İstanbul#105
Taranto,https://tr.wikipedia.org/wiki/Taranto,2,Antik Roma#29;Augustus#133
tarhana,https://tr.wikipedia.org/wiki/Tarhana,1,Beypazarı#98
Tarhana Çorbası,https://tr.wikipedia.org/wiki/Tarhana_%C3%87orbas%C4%B1,1,Çorba#17
Tarhana şorbası,https://tr.wikipedia.org/wiki/Tarhana_%C3%A7orbas%C4%B1,2,Çorba#19;Çorba#24
Tarhuntaşşa,https://tr.wikipedia.org/wiki/Tarhunta%C5%9F%C5%9Fa,4,Hititler#111;Hititler#144;HititlerCard#1;Konya#18
Tarih,https://tr.wikipedia.org/wiki/Tarih,4,Ahameniş İmparatorluğu#434;Ahilik#19;Antik Roma#238;Herodot#4
Tarihçi,https://tr.wikipedia.org/wiki/Tarih%C3%A7i,7,Balâ#3;Herodot#1;Herodot#9;HerodotCard#3;Osmanlı İmparatorluğu#20;Osmanlı İmparatorluğu#34;Ticaret#4
tarihçiler,https://tr.wikipedia.org/wiki/Tarih%C3%A7iler_listesi,1,Roma imparatorları listesi#2
tarihöncesi,https://tr.wikipedia.org/wiki/Tarih%C3%B6ncesi,1,Taş Devri#5
Prehistorik,https://tr.wikipedia.org/wiki/Tarih_%C3%B6ncesi,3,Konya#15;Konya#17;Taş Devri#1
Tarih müzesi,https://tr.wikipedia.org/wiki/Tarih_m%C3%BCzesi,7,Anadolu Medeniyetleri Müzesi#1;Anadolu Medeniyetleri MüzesiCard#4;Atatürk ve Kurtuluş Savaşı MüzesiCard#4;Cumhuriyet MüzesiCard#5;Erimtan Arkeoloji ve Sanat MüzesiCard#4;Kurtuluş Savaşı Müzesi#1;Kurtuluş Savaşı MüzesiCard#4
Tarihi Kentler Birliği,https://tr.wikipedia.org/wiki/Tarihi_Kentler_Birli%C4%9Fi,1,Mansur Yavaş#1
1. Tarihler,https://tr.wikipedia.org/wiki/Tarihler_Kitab%C4%B1,2,Hititler#25;II. Kiros#203
tarikatlar,https://tr.wikipedia.org/wiki/Tarikat,1,İstanbul#231
Tarsus,https://tr.wikipedia.org/wiki/Tarsus,1,Efes#67
tartarik asit,https://tr.wikipedia.org/wiki/Tartarik_asit,1,Şarap#31
tasavvuf,https://tr.wikipedia.org/wiki/Tasavvuf,2,Osmanlı İmparatorluğu#537;Türkçe#76
tat,https://tr.wikipedia.org/wiki/Tat,1,Şarap#93
Kazan Tatarcası,https://tr.wikipedia.org/wiki/Tatarca,1,Türkçe#14
Tatarhüyük,"https://tr.wikipedia.org/wiki/Tatarh%C3%BCy%C3%BCk,_Bala",1,Balâ#27
Tatar,https://tr.wikipedia.org/wiki/Tatarlar,4,Ankara Muharebesi#167;Balâ#26;I. Murad#34;Timur İmparatorluğu#20
Tatikios,https://tr.wikipedia.org/wiki/Tatikios,1,Bizans İmparatorluğu#429
Tatlı şarap,https://tr.wikipedia.org/wiki/Tatl%C4%B1_%C5%9Farap,1,Şarap#58
Tatlıcak,"https://tr.wikipedia.org/wiki/Tatl%C4%B1cak,_Sivas",1,Sivas#7
Cleitus U:(https://tr.wikipedia.org/wiki/Cleitus_(Bardylis%27in_o%C4%9Flu))___ ve ___E:Taulantii,https://tr.wikipedia.org/wiki/Taulantii_Boyu,1,İskender#143
Taurica,https://tr.wikipedia.org/wiki/Taurica,1,Kimmerler#77
tavşan,https://tr.wikipedia.org/wiki/Tav%C5%9Fan,3,Hayvancılık#8;Orta Doğu Teknik Üniversitesi#144;İstanbul#187
Tavşanlı,https://tr.wikipedia.org/wiki/Tav%C5%9Fanl%C4%B1,4,Germiyanoğulları Beyliği#120;Germiyanoğulları Beyliği#8;I. Murad#77;Osmanlı İmparatorluğu#129
Tavium,https://tr.wikipedia.org/wiki/Tavium,1,Galatlar#11
Tavla,https://tr.wikipedia.org/wiki/Tavla,2,Bizans İmparatorluğu#426;Mustafa Kemal Atatürk#760
tavuk,https://tr.wikipedia.org/wiki/Tavuk,1,Osmanlı İmparatorluğu#607
tavukçuluk,https://tr.wikipedia.org/wiki/Tavuk%C3%A7uluk,2,Hayvancılık#11;İstanbul#285
tavuk çorbası,https://tr.wikipedia.org/wiki/Tavuk_%C3%A7orbas%C4%B1,1,Çorba#24
Taygalar,https://tr.wikipedia.org/wiki/Tayga,1,Orman#31
Tayvan,https://tr.wikipedia.org/wiki/Tayvan,1,Anıtkabir#268
Ahmed Atâ,https://tr.wikipedia.org/wiki/Tayyarz%C3%A2de_Ahmed_At%C3%A2,1,Ankara Muharebesi#113
Teürji,https://tr.wikipedia.org/wiki/Te%C3%BCrji,1,Julianus#49
Teğmen,https://tr.wikipedia.org/wiki/Te%C4%9Fmen,2,Mustafa Kemal Atatürk#50;Mustafa Kemal Atatürk#74
Teşkilât-ı Esasîye Kanunu,https://tr.wikipedia.org/wiki/Te%C5%9Fk%C3%AEl%C3%A2t-%C4%B1_Es%C3%A2siye_Kanunu,1,Türkiye'de cumhuriyetin ilanı#3
Teşkilat-ı Mahsusa,https://tr.wikipedia.org/wiki/Te%C5%9Fk%C3%AEl%C3%A2t-%C4%B1_Mahs%C3%BBsa,2,Türk Kurtuluş Savaşı#56;Türk Kurtuluş Savaşı#65
teşkilat,https://tr.wikipedia.org/wiki/Te%C5%9Fkilat,1,Timur İmparatorluğu#6
Teşup,https://tr.wikipedia.org/wiki/Te%C5%9Fup,2,Hititler#181;Hititler#255
Teb,"https://tr.wikipedia.org/wiki/Teb,_M%C4%B1s%C4%B1r",1,Başkent#20
Tebai,https://tr.wikipedia.org/wiki/Tebai,6,Antik Yunanistan#101;Antik Yunanistan#104;Antik Yunanistan#111;Antik Yunanistan#126;Antik Yunanistan#2;Antik Yunanistan#48
Tebriz,https://tr.wikipedia.org/wiki/Tebriz,4,Ankara Muharebesi#47;Osmanlı İmparatorluğu#189;Osmanlı İmparatorluğu#201;Timur#144
tedarik,https://tr.wikipedia.org/wiki/Tedarik,1,Ticaret#23
tef,https://tr.wikipedia.org/wiki/Tef,1,Osmanlı İmparatorluğu#588
Tehcir Kanunu,https://tr.wikipedia.org/wiki/Tehcir_Kanunu,1,Türkiye#94
Chishpish'in,https://tr.wikipedia.org/wiki/Teispes,3,Ahameniş İmparatorluğu#25;II. Kiros#32;II. Kiros#41
Teispid,https://tr.wikipedia.org/wiki/Teispidler,2,II. Kiros#43;II. KirosCard#10
Tekalif-i Milliye,https://tr.wikipedia.org/wiki/Tek%C3%A2lif-i_Milliye,5,Mustafa Kemal Atatürk#494;Türk Kurtuluş Savaşı Batı Cephesi#829;Türk Kurtuluş Savaşı#179;Türk Kurtuluş Savaşı#236;Türk Kurtuluş Savaşı#38
doğrudan halk tarafından,https://tr.wikipedia.org/wiki/Tek_dereceli_se%C3%A7im,1,Türkiye#136
develerini,https://tr.wikipedia.org/wiki/Tek_h%C3%B6rg%C3%BC%C3%A7l%C3%BC_deve,1,II. Kiros#87
tek maçlı eleme sistemi,https://tr.wikipedia.org/wiki/Tek_ma%C3%A7l%C4%B1_eleme_sistemi,1,Türkiye Kupası#4
tek partili rejimde,https://tr.wikipedia.org/wiki/Tek_parti_rejimi,1,Cumhuriyet Halk Partisi#26
Teke,https://tr.wikipedia.org/wiki/Teke_zortlatmas%C4%B1,1,Türkiye#375
Samsun U:(https://tr.wikipedia.org/wiki/Samsun_(il))___ gibi iller için ekonomik açıdan önemliydi ve ___E:devlet tarafından destekleniyordu,https://tr.wikipedia.org/wiki/Tekel,1,Türkiye'de tarım#18
Tekeoğulları,https://tr.wikipedia.org/wiki/Tekeo%C4%9Fullar%C4%B1_Beyli%C4%9Fi,9,Anadolu Selçuklu Devleti#2;Büyük Selçuklu İmparatorluğu#2;Germiyanoğulları Beyliği#2;Karamanoğulları Beyliği#27;Osmanlı İmparatorluğu#108;Osmanlı İmparatorluğu#156;Osmanlı İmparatorluğu#2;Selçuklu Hanedanı#2;Timur İmparatorluğu#2
tekerlekleri,https://tr.wikipedia.org/wiki/Tekerlek,2,Bisiklet#1;Bisiklet#23
tekfurunun,https://tr.wikipedia.org/wiki/Tekfur,1,I. Murad#11
Tekfurdağ,https://tr.wikipedia.org/wiki/Tekirda%C4%9F,4,Mustafa Kemal Atatürk#198;Mustafa Kemal Atatürk#726;Osmanlı İmparatorluğu#196;İstanbul#89
Tekirdağ,https://tr.wikipedia.org/wiki/Tekirda%C4%9F_B%C3%BCy%C3%BCk%C5%9Fehir_Belediyesi,1,Büyükşehir belediyesi#18
Tekkeleri,https://tr.wikipedia.org/wiki/Tekke,3,Mustafa Kemal Atatürk#592;Mustafa Kemal Atatürk#857;İstanbul#231
tekne,https://tr.wikipedia.org/wiki/Tekne,1,İstanbul#441
teknik üniversitesi,https://tr.wikipedia.org/wiki/Teknik_%C3%BCniversite,2,Orta Doğu Teknik Üniversitesi#10;İstanbul#492
teknokent,https://tr.wikipedia.org/wiki/Teknokent,2,Orta Doğu Teknik Üniversitesi#3;Orta Doğu Teknik Üniversitesi#77
teknokrat,https://tr.wikipedia.org/wiki/Teknokrasi,1,Türkiye Büyük Millet Meclisi#199
teknoloji,https://tr.wikipedia.org/wiki/Teknoloji,4,Ankara#14;Antik Roma#8;Osmanlı İmparatorluğu#530;Türkiye#255
teknopark,https://tr.wikipedia.org/wiki/Teknopark,1,Orta Doğu Teknik Üniversitesi#121
tekstil,https://tr.wikipedia.org/wiki/Tekstil,4,Ankara#11;Mustafa Kemal Atatürk#24;Türkiye#256;İstanbul#256
Tektosaglar,https://tr.wikipedia.org/wiki/Tektosaglar,4,Ankara tavşanı#11;Ankara#16;Ankara#48
tekvando,https://tr.wikipedia.org/wiki/Tekvando,1,Ankara#180
Tekvin,https://tr.wikipedia.org/wiki/Tekvin,1,Hititler#256
tel,https://tr.wikipedia.org/wiki/Tel,1,Divan sazı#2
Tel Aviv,https://tr.wikipedia.org/wiki/Tel_Aviv,1,Mustafa Kemal Atatürk#83
Telafer,https://tr.wikipedia.org/wiki/Telafer,1,Türkçe#175
Telaffuz,https://tr.wikipedia.org/wiki/Telaffuz,1,Gemerek#2
Tele1,https://tr.wikipedia.org/wiki/Tele1,1,İstanbul#522
telgraf,https://tr.wikipedia.org/wiki/Telgraf,4,Demiryolu ulaşımı#2;Osmanlı İmparatorluğu#512;Türkçe#127;İstanbul#539
Telkari,https://tr.wikipedia.org/wiki/Telk%C3%A2r%C3%AE,1,Beypazarı#51
Tell Halaf,https://tr.wikipedia.org/wiki/Tell_Halaf,1,Hititler#226
Karatepe U:(https://tr.wikipedia.org/wiki/Karatepe_(antik_kent))___ ve ___E:Tell Tayinat,https://tr.wikipedia.org/wiki/Tell_Tayinat,2,Hititler#161;Hititler#226
Tellidede,https://tr.wikipedia.org/wiki/Tellidede_muharebeleri,1,Türk Kurtuluş Savaşı Batı Cephesi#10
Telmessos,https://tr.wikipedia.org/wiki/Telmessos,1,Midas#9
Temeşvar,https://tr.wikipedia.org/wiki/Teme%C5%9Fvar,1,Osmanlı İmparatorluğu#225
temel,https://tr.wikipedia.org/wiki/Temel,2,Anıtkabir#113;Anıtkabir#49
Temel Karamollaoğlu,https://tr.wikipedia.org/wiki/Temel_Karamollao%C4%9Flu,3,2024 Türkiye yerel seçimleri#87;2024 Türkiye yerel seçimleri#89;Yeniden Refah Partisi#15
Temelli,https://tr.wikipedia.org/wiki/Temelli,1,Polatlı#33
Temistokles,https://tr.wikipedia.org/wiki/Temistokles,1,Antik Yunanistan#60
Tempranillo,https://tr.wikipedia.org/wiki/Tempranillo,1,Şarap#80
temrenler,https://tr.wikipedia.org/wiki/Temren,1,Ahameniş İmparatorluğu#309
temsilî demokrasinin,https://tr.wikipedia.org/wiki/Temsil%C3%AE_demokrasi,1,Türkiye#128
Tengricilik,https://tr.wikipedia.org/wiki/Tengricilik,1,Timur#18
Tenise,https://tr.wikipedia.org/wiki/Tenis,2,Ankara Spor Salonu#6;Türkiye#411
Teoderik,https://tr.wikipedia.org/wiki/Teoderik,1,Bizans İmparatorluğu#59
teokrasiydi,https://tr.wikipedia.org/wiki/Teokrasi,2,Bizans İmparatorluğu#375;Osmanlı İmparatorluğu#10
Teos,https://tr.wikipedia.org/wiki/Teos,1,İzmir#20
Tepeköy,"https://tr.wikipedia.org/wiki/Tepek%C3%B6y,_Bala",1,Balâ#27
tepidarium,https://tr.wikipedia.org/wiki/Tepidarium,1,Ankara Roma Hamamı#48
Terakkiperver Cumhuriyet Fırkası,https://tr.wikipedia.org/wiki/Terakkiperver_Cumhuriyet_F%C4%B1rkas%C4%B1,3,Cumhuriyet Halk Partisi#23;Mustafa Kemal Atatürk#619;Türkiye Büyük Millet Meclisi#155
Terek Muharebesinde,https://tr.wikipedia.org/wiki/Terek_Muharebesi,1,Ankara Muharebesi#35
tereyağı,https://tr.wikipedia.org/wiki/Tereya%C4%9F%C4%B1,1,Kete#13
Terim,https://tr.wikipedia.org/wiki/Terim,2,Anadolu#2;Santigrat#2
Terkos,https://tr.wikipedia.org/wiki/Terkos_Baraj%C4%B1,1,İstanbul#201
terminal,https://tr.wikipedia.org/wiki/Terminal,1,Ankara Büyükşehir Belediyesi#23
terpenler,https://tr.wikipedia.org/wiki/Terpen,1,Şarap#105
Tersane-i Amire,https://tr.wikipedia.org/wiki/Tersane-i_Amire,2,Osmanlı İmparatorluğu#370;Osmanlı İmparatorluğu#508
Tervel,https://tr.wikipedia.org/wiki/Tervel,1,Bizans İmparatorluğu#115
terzilerden,https://tr.wikipedia.org/wiki/Terzi,1,Tekstil#11
Tesalya,https://tr.wikipedia.org/wiki/Tesalya,1,Antik Yunanistan#112
tescillenmiş,https://tr.wikipedia.org/wiki/Tescilli_marka,1,Zeytinyağı#133
Teselya,https://tr.wikipedia.org/wiki/Teselya,5,Ahameniş İmparatorluğu#105;Ankara Muharebesi#236;Bizans İmparatorluğu#225;I. Bayezid#27;İskender#34
Tanrı,https://tr.wikipedia.org/wiki/Teslis,1,Bizans İmparatorluğu#375
Tesniye,https://tr.wikipedia.org/wiki/Tesniye_Kitab%C4%B1,1,Hititler#248
test,https://tr.wikipedia.org/wiki/Test,1,Orta Doğu Teknik Üniversitesi#55
Tetradrahmiler,https://tr.wikipedia.org/wiki/Tetradrahmi,4,İskender#118;İskender#124;İskender#125;İskender#126
Tetrarşi,https://tr.wikipedia.org/wiki/Tetrar%C5%9Fi,5,Antik Roma#360;Antik Roma#54;Bizans İmparatorluğu#40;Roma İmparatorluğu#11;Roma İmparatorluğuCard#3
Tevârih-i Âl-i Selçuk,https://tr.wikipedia.org/wiki/Tev%C3%A2r%C3%AEh-i_%C3%82l-i_Sel%C3%A7uk,1,Germiyanoğulları Beyliği#10
teve2,https://tr.wikipedia.org/wiki/Teve2,1,İstanbul#522
Tevfik Çavdar,https://tr.wikipedia.org/wiki/Tevfik_%C3%87avdar,1,Türkiye Büyük Millet Meclisi#177
Tevfik Rüştü,https://tr.wikipedia.org/wiki/Tevfik_R%C3%BC%C5%9Ft%C3%BC_Aras,3,Mustafa Kemal Atatürk#233;Mustafa Kemal Atatürk#293;Mustafa Kemal Atatürk#744
Tevhîd-i Tedrîsât Kanunu,https://tr.wikipedia.org/wiki/Tevh%C3%AEd-i_Tedr%C3%AEs%C3%A2t_Kanunu,3,Mustafa Kemal Atatürk#10;Mustafa Kemal Atatürk#585;Osmanlı Hanedanı#32
Teya,https://tr.wikipedia.org/wiki/Teya,1,Bizans İmparatorluğu#74
Arabia Petraea'yı,https://tr.wikipedia.org/wiki/Teyma,1,II. Kiros#119
tez savunması,https://tr.wikipedia.org/wiki/Tez_savunmas%C4%B1,1,Üniversite#13
süsleme sanatları,https://tr.wikipedia.org/wiki/Tezhip,2,Bizans İmparatorluğu#395;Büyük Selçuklu İmparatorluğu#228
Tezkireci Köse İbrahim Efendi,https://tr.wikipedia.org/wiki/Tezkireci_K%C3%B6se_%C4%B0brahim_Efendi,1,Osmanlı İmparatorluğu#655
Tezkiret-ül Bünyan,https://tr.wikipedia.org/wiki/Tezkiret-%C3%BCl_B%C3%BCnyan,1,Cenabi Ahmed Paşa Camii#3
Thales,https://tr.wikipedia.org/wiki/Thales,1,Medler#58
Halis Nehri Muharebesi,https://tr.wikipedia.org/wiki/Thales_tutulmas%C4%B1,3,Kızılırmak#48;Lidyalılar#7;Medler#58
thema,https://tr.wikipedia.org/wiki/Thema,3,Anadolu#10;Bizans İmparatorluğu#108;Bizans İmparatorluğu#432
Themistokles,https://tr.wikipedia.org/wiki/Themistokles,1,Ahameniş İmparatorluğu#121
Theodahad,https://tr.wikipedia.org/wiki/Theodahad,1,Bizans İmparatorluğu#70
Theodor Mommsen,https://tr.wikipedia.org/wiki/Theodor_Mommsen,3,Antik Roma#402;Augustus Tapınağı#26;Augustus#311
General Alyattes,https://tr.wikipedia.org/wiki/Theodore_Alyates,1,Malazgirt Meydan Muharebesi#52
Theodoro Prensliği,https://tr.wikipedia.org/wiki/Theodoro_Prensli%C4%9Fi,1,Bizans İmparatorluğu#338
Theofilos,https://tr.wikipedia.org/wiki/Theofilos,1,Mutasım#50
Theofobos,https://tr.wikipedia.org/wiki/Theofobos,1,Mutasım#50
thermae,https://tr.wikipedia.org/wiki/Thermae,1,Caracalla#11
Termopylae Geçidi,https://tr.wikipedia.org/wiki/Thermopylae,1,I. Bayezid#29
TThermopylae,https://tr.wikipedia.org/wiki/Thermopylae_Muharebesi,3,Ahameniş İmparatorluğu#105;Antik Yunanistan#59;Herodot#4
Thespis,https://tr.wikipedia.org/wiki/Thespis,1,Antik Yunanistan#265
Thomas Asbridge,https://tr.wikipedia.org/wiki/Thomas_Asbridge,1,Malazgirt Meydan Muharebesi#8
Thomas Browne,https://tr.wikipedia.org/wiki/Thomas_Browne,1,II. Kiros#250
Thomas Jefferson,https://tr.wikipedia.org/wiki/Thomas_Jefferson,2,II. Kiros#162;II. Kiros#185
Thomas Paleologos,https://tr.wikipedia.org/wiki/Thomas_Paleologos,1,Bizans İmparatorluğu#327
Thukydides,https://tr.wikipedia.org/wiki/Thukididis,2,Herodot#43;Herodot#7
Thurii,https://tr.wikipedia.org/wiki/Thurii,4,Augustus#34;Herodot#2;Herodot#32;HerodotCard#2
Thymbra Muharebesi,https://tr.wikipedia.org/wiki/Thymbra_Muharebesi,4,Ahameniş İmparatorluğu#323;II. Kiros#269;II. Kiros#87;Kızılırmak#50
Tişrin Barajı,https://tr.wikipedia.org/wiki/Ti%C5%9Frin_Baraj%C4%B1,1,Fırat#30
Tiber nehrinin,https://tr.wikipedia.org/wiki/Tiber,1,Antik Roma#19
Tiberius,https://tr.wikipedia.org/wiki/Tiberius,8,Antik Roma#48;Augustus#240;Augustus#263;Augustus#287;Augustus#31;AugustusCard#3;AugustusCard#8;Roma İmparatorluğu#116
ticaret,https://tr.wikipedia.org/wiki/Ticaret,4,Ankara#7;Antik Roma#127;İstanbul#20;İstanbul#66
dış ticaret açığı,https://tr.wikipedia.org/wiki/Ticaret_dengesi,1,Türkiye#250
Tientsin,https://tr.wikipedia.org/wiki/Tientsin,1,İstanbul#633
Tiflis,https://tr.wikipedia.org/wiki/Tiflis,2,Kafkasya#37;Timur#146
tiftik,https://tr.wikipedia.org/wiki/Tiftik,1,Ankara keçisi#4
V. Tigran,https://tr.wikipedia.org/wiki/Tigran_Krall%C4%B1%C4%9F%C4%B1,1,Augustus#269
Tik ağacı,https://tr.wikipedia.org/wiki/Tik_a%C4%9Fac%C4%B1,1,Orman#41
tilki,https://tr.wikipedia.org/wiki/Tilki,2,Orta Doğu Teknik Üniversitesi#144;İstanbul#186
Times Higher Education,https://tr.wikipedia.org/wiki/Times_Higher_Education,2,Orta Doğu Teknik Üniversitesi#118;Orta Doğu Teknik Üniversitesi#3
Times Higher Education Dünya Üniversiteler sıralamasında,https://tr.wikipedia.org/wiki/Times_Higher_Education_D%C3%BCnya_%C3%9Cniversiteler_s%C4%B1ralamas%C4%B1,1,Türkiye#351
timpani,https://tr.wikipedia.org/wiki/Timpani,2,Davul#93;Davul#97
Timur,https://tr.wikipedia.org/wiki/Timur,24,"Ankara Muharebesi#34;Ankara Muharebesi#4;Ankara#16;Ankara#56;Fetret Devri#4;Germiyanoğulları Beyliği#105;Germiyanoğulları Beyliği#106;I. Bayezid#134;I. Bayezid#135;I. Bayezid#136;Kalecik#4;Karamanoğulları Beyliği#12;Kayseri#31;Mustafa Kemal Atatürk#862;Osmanlı İmparatorluğu#136;Osmanlı İmparatorluğu#75;Sivas#28;Sivas#84;Timur İmparatorluğu#23;Timur İmparatorluğu#6;Timur İmparatorluğuCard#8;Çubuk, Ankara#17;İzmir#87"
Hindistan Seferi,https://tr.wikipedia.org/wiki/Timur#Hindistan_seferi,2,Ankara Muharebesi#36;Ankara Muharebesi#4
Timur İmparatorluğu,https://tr.wikipedia.org/wiki/Timur_%C4%B0mparatorlu%C4%9Fu,12,Anadolu Selçuklu Devleti#2;Ankara Muharebesi#1;Ankara#56;Büyük Selçuklu İmparatorluğu#2;Fetret Devri#4;Germiyanoğulları Beyliği#2;Karamanoğulları Beyliği#27;Kayseri#31;Osmanlı İmparatorluğu#2;Selçuklu Hanedanı#2;Timur#1;İzmir#87
Timurlu Hanedanı,https://tr.wikipedia.org/wiki/Timurlu_Hanedan%C4%B1,1,TimurCard#9
Timur Rönesansı,https://tr.wikipedia.org/wiki/Timurlu_R%C3%B6nesans%C4%B1,2,Timur İmparatorluğu#13;Timur İmparatorluğu#8
Timurtaş,https://tr.wikipedia.org/wiki/Timurta%C5%9F,4,Anadolu Selçuklu Devleti#139;Germiyanoğulları Beyliği#71;Germiyanoğulları Beyliği#72;Osmanlı İmparatorluğu#533
tiran,https://tr.wikipedia.org/wiki/Tiran,3,Herodot#19;Roma İmparatorluğu#74;Roma İmparatorluğu#81
Tire,"https://tr.wikipedia.org/wiki/Tire,_%C4%B0zmir",5,Germiyanoğulları Beyliği#40;I. Bayezid#41;Karacabey Camii#13;Timur#465;İzmir#240
Tirebolu,https://tr.wikipedia.org/wiki/Tirebolu,1,Davul#8
Tirmiz,https://tr.wikipedia.org/wiki/Tirmiz,3,Büyük Selçuklu İmparatorluğu#74;Timur#566;Timur#73
tiropita,https://tr.wikipedia.org/wiki/Tiropita,1,Bizans İmparatorluğu#420
titanyum,https://tr.wikipedia.org/wiki/Titanyum,1,Bisiklet#76
Titus,https://tr.wikipedia.org/wiki/Titus,1,Roma İmparatorluğu#67
Livius,https://tr.wikipedia.org/wiki/Titus_Livius,2,Antik Roma#21;Frigler#46
tiyatro,https://tr.wikipedia.org/wiki/Tiyatro,5,Antik Roma#280;Antik Yunanistan#262;Antik Yunanistan#5;Turizm#12;İstanbul#437
Tizpon,https://tr.wikipedia.org/wiki/Tizpon,8,Ahameniş İmparatorluğu#244;Bizans İmparatorluğu#102;Bizans İmparatorluğu#94;Bizans İmparatorluğu#99;Julianus#55;Roma İmparatorluğu#220;Septimius Severus#25;Septimius Severus#4
Tobruk,https://tr.wikipedia.org/wiki/Tobruk,1,Mustafa Kemal Atatürk#113
toga,https://tr.wikipedia.org/wiki/Toga,2,Augustus#213;Augustus#233
Tohma Çayı,https://tr.wikipedia.org/wiki/Tohma_%C3%87ay%C4%B1,1,Fırat#5
tohum,https://tr.wikipedia.org/wiki/Tohum,2,Gıda#11;Tahıl#1
Tokat,https://tr.wikipedia.org/wiki/Tokat,1,Milliyetçi Hareket Partisi#76
Tokat,https://tr.wikipedia.org/wiki/Tokat_Havaliman%C4%B1,1,Karadeniz Bölgesi#86
Tokat,https://tr.wikipedia.org/wiki/Tokat_Kalesi,2,I. Bayezid#51;Osmanlı İmparatorluğu#542
Toktamış,https://tr.wikipedia.org/wiki/Toktam%C4%B1%C5%9F_Han,2,Ankara Muharebesi#35;Timur#122
Tokyo-Yokohama,https://tr.wikipedia.org/wiki/Tokyo_Metropol%C3%BC,1,İstanbul#629
Tol,"https://tr.wikipedia.org/wiki/Tolk%C3%B6y,_Bala",2,Balâ#20;Balâ#27
Tolunoğulları,https://tr.wikipedia.org/wiki/Toluno%C4%9Fullar%C4%B1,7,Anadolu Selçuklu Devleti#2;Büyük Selçuklu İmparatorluğu#2;Germiyanoğulları Beyliği#2;Karamanoğulları Beyliği#27;Osmanlı İmparatorluğu#2;Selçuklu Hanedanı#2;Timur İmparatorluğu#2
Tomas Lindahl,https://tr.wikipedia.org/wiki/Tomas_Lindahl,1,Türkiye#303
Tomris,https://tr.wikipedia.org/wiki/Tomris,1,II. Kiros#128
tomurcukları,https://tr.wikipedia.org/wiki/Tomurcuk,1,Ankara armudu#3
kemer U:(https://tr.wikipedia.org/wiki/Kemer_(mimarl%C4%B1k))___ ve ___E:tonoz,https://tr.wikipedia.org/wiki/Tonoz,2,Ankara Roma Hamamı#36;Anıtkabir#60
Tonyukuk,https://tr.wikipedia.org/wiki/Tonyukuk,1,Türkçe#67
Topçam,"https://tr.wikipedia.org/wiki/Top%C3%A7am,_Mesudiye",1,Anıtkabir#244
Topkapı,https://tr.wikipedia.org/wiki/Topkap%C4%B1,2,İstanbul#322;İstanbul#589
Topkapı Sarayı,https://tr.wikipedia.org/wiki/Topkap%C4%B1_Saray%C4%B1,9,Anıtkabir#305;Konya#97;Osmanlı İmparatorluğu#237;Osmanlı İmparatorluğu#593;Osmanlı İmparatorluğu#614;İstanbul#126;İstanbul#316;İstanbul#449;İstanbul#58
Topkapı Sarayı Kütüphanesi,https://tr.wikipedia.org/wiki/Topkap%C4%B1_Saray%C4%B1_M%C3%BCzesi_Yazma_Eserler_K%C3%BCt%C3%BCphanesi,1,İstanbul#513
toplumsal,https://tr.wikipedia.org/wiki/Toplumsal,1,Turizm#2
toponimi,https://tr.wikipedia.org/wiki/Toponim,1,Kimmerler#76
toponomiler,https://tr.wikipedia.org/wiki/Toponimi,1,Mustafa Kemal Atatürk#608
Toprak,https://tr.wikipedia.org/wiki/Toprak,1,Antik Yunanistan#190
toprak reformu,https://tr.wikipedia.org/wiki/Toprak_reformu,1,Cumhuriyet Halk Partisi#27
Torbalı,https://tr.wikipedia.org/wiki/Torbal%C4%B1,1,İzmir#92
Torlak Kemal,https://tr.wikipedia.org/wiki/Torlak_Kemal,2,Ankara Muharebesi#244;Osmanlı İmparatorluğu#145
Toronto,https://tr.wikipedia.org/wiki/Toronto,1,Feza Gürsey Bilim Merkezi#5
Toros Dağları,https://tr.wikipedia.org/wiki/Toros_Da%C4%9Flar%C4%B1,12,Anadolu#18;Anadolu#54;Dicle#10;Dicle#6;Fırat#30;Hititler#140;I. Alâeddin Keykubad#122;Kapadokya#36;Konya#31;Mustafa Kemal Atatürk#281;Osmanlı İmparatorluğu#169;Türkiye#214
sediment,https://tr.wikipedia.org/wiki/Tortulanma,1,Sakarya Nehri#24
Tortum,https://tr.wikipedia.org/wiki/Tortum_G%C3%B6l%C3%BC,1,Karadeniz Bölgesi#63
totaliter,https://tr.wikipedia.org/wiki/Totalitarizm,1,Anıtkabir#101
Totaliter,https://tr.wikipedia.org/wiki/Totaliter,1,Antik Yunanistan#97
Totila,https://tr.wikipedia.org/wiki/Totila,1,Bizans İmparatorluğu#72
Toulouse,https://tr.wikipedia.org/wiki/Toulouse,1,Tektosaglar#23
"Çağrı Bey U:(https://tr.wikipedia.org/wiki/%C3%87a%C4%9Fr%C4%B1_(Horasan_Sel%C3%A7uklu_meliki))___ , zafer sonrasında verilen ___E:toy",https://tr.wikipedia.org/wiki/Toy,1,Büyük Selçuklu İmparatorluğu#45
toynak,https://tr.wikipedia.org/wiki/Toynak,1,At#12
toynaklı,https://tr.wikipedia.org/wiki/Toynakl%C4%B1,1,At#1
Trablus,https://tr.wikipedia.org/wiki/Trablus,2,Mustafa Kemal Atatürk#98;Osmanlı İmparatorluğu#260
Trablusgarp,https://tr.wikipedia.org/wiki/Trablusgarp,3,Mustafa Kemal Atatürk#135;Mustafa Kemal Atatürk#86;Türk Kurtuluş Savaşı Batı Cephesi#283
Trablusgarp Savaşı,https://tr.wikipedia.org/wiki/Trablusgarp_Sava%C5%9F%C4%B1,5,Mustafa Kemal Atatürk#100;Osmanlı İmparatorluğu#282;Osmanlı İmparatorluğu#377;Türk Kurtuluş Savaşı Batı Cephesi#123;Türkiye#92
Trabzon,https://tr.wikipedia.org/wiki/Trabzon,10,2014 Türkiye yerel seçimleri#21;Ahameniş İmparatorluğu#290;Bizans İmparatorluğu#283;Bizans İmparatorluğu#429;Karadeniz Bölgesi#3;Karadeniz Bölgesi#37;Karadeniz Bölgesi#48;Karadeniz Bölgesi#83;Osmanlı İmparatorluğu#647;İstanbul#596
son verdi,https://tr.wikipedia.org/wiki/Trabzon%27un_Fethi,1,Osmanlı İmparatorluğu#166
Trabzon İmparatorluğu,https://tr.wikipedia.org/wiki/Trabzon_%C4%B0mparatorlu%C4%9Fu,7,Anadolu Selçuklu Devleti#109;Anadolu Selçuklu Devleti#113;Ankara Muharebesi#201;Bizans İmparatorluğu#304;Bizans İmparatorluğu#307;Bizans İmparatorluğu#337;Osmanlı İmparatorluğu#166
Atatürk Köşkü,https://tr.wikipedia.org/wiki/Trabzon_Atat%C3%BCrk_K%C3%B6%C5%9Fk%C3%BC,1,Karadeniz Bölgesi#48
Trabzon,https://tr.wikipedia.org/wiki/Trabzon_B%C3%BCy%C3%BCk%C5%9Fehir_Belediyesi,1,Büyükşehir belediyesi#18
Trabzon,https://tr.wikipedia.org/wiki/Trabzon_Havaliman%C4%B1,1,Karadeniz Bölgesi#86
Trabzon Rum İmparatorluğunun,https://tr.wikipedia.org/wiki/Trabzon_Rum_%C4%B0mparatorlu%C4%9Fu,1,I. Alâeddin Keykubad#94
trafik,https://tr.wikipedia.org/wiki/Trafik,1,Otoyol#1
tragedya,https://tr.wikipedia.org/wiki/Tragedya,2,Antik Roma#238;Antik Yunanistan#267
Trajan,https://tr.wikipedia.org/wiki/Trajan,3,Antik Roma#50;Efes#9;Roma İmparatorluğu#342
Trajan Forumu,https://tr.wikipedia.org/wiki/Trajan_Forumu,1,Antik Roma#72
Trak,https://tr.wikipedia.org/wiki/Trak%C3%A7a,1,Kimmerler#69
Traklar,https://tr.wikipedia.org/wiki/Traklar,7,Ahameniş İmparatorluğu#81;Frigler#27;Kimmerler#20;Kimmerler#69;Kimmerler#86;Türkiye#5;İstanbul#57
Trakya,https://tr.wikipedia.org/wiki/Trakya,18,Ahameniş İmparatorluğu#215;Ahameniş İmparatorluğu#290;Ahameniş İmparatorluğu#92;Antik Yunanistan#112;Antik Yunanistan#127;Antik Yunanistan#35;Bizans İmparatorluğu#113;Fetret Devri#185;Fetret Devri#66;Frigler#27;I. Murad#40;Midas#22;Midas#27;Osmanlı İmparatorluğu#585;Roma İmparatorluğu#349;Türkiye#3;Türkçe#164;İskender#133
Trakya Manevraları,https://tr.wikipedia.org/wiki/Trakya_Manevralar%C4%B1,1,Mustafa Kemal Atatürk#726
tramvay,https://tr.wikipedia.org/wiki/Tramvay,3,Osmanlı İmparatorluğu#519;İstanbul#597;İzmir#243
travers,https://tr.wikipedia.org/wiki/Travers,1,Demiryolu ulaşımı#2
travertenler,https://tr.wikipedia.org/wiki/Traverten,2,Anıtkabir#115;Anıtkabir#12
Trayan Boğazı,https://tr.wikipedia.org/wiki/Trayan_Bo%C4%9Faz%C4%B1_Muharebesi,1,Bizans İmparatorluğu#168
Trebbiano,https://tr.wikipedia.org/wiki/Trebbiano,1,Şarap#81
Trianon,https://tr.wikipedia.org/wiki/Trianon_Antla%C5%9Fmas%C4%B1,1,Lozan Antlaşması#3
tribün,https://tr.wikipedia.org/wiki/Trib%C3%BCn,3,Augustus#11;Augustus#229;Roma İmparatorluğu#26
Augusta Treverorum,https://tr.wikipedia.org/wiki/Trier,1,Roma İmparatorluğu#398
trigliserit,https://tr.wikipedia.org/wiki/Trigliserit,1,Zeytinyağı#96
Triparadisos Bölünmesi,https://tr.wikipedia.org/wiki/Triparadisos_B%C3%B6l%C3%BCnmesi,1,Ahameniş İmparatorluğu#8
trireme,https://tr.wikipedia.org/wiki/Trireme,1,Ahameniş İmparatorluğu#172
Birinci üçlü hükümdarlık,https://tr.wikipedia.org/wiki/Triumvirlik,2,Augustus#4;Augustus#83
troleybüsler,https://tr.wikipedia.org/wiki/Troleyb%C3%BCs,1,İzmir#243
trompet,https://tr.wikipedia.org/wiki/Trompet,1,Antik Roma#240
troposferin,https://tr.wikipedia.org/wiki/Troposfer,1,Kırkikindi yağışları#8
Troya,https://tr.wikipedia.org/wiki/Troya,10,Anadolu#5;Anadolu#58;Antik Roma#9;Frigler#29;Hititler#97;Lidyalılar#23;Türkiye#33;İskender#162;İzmir#25
Troya VII,https://tr.wikipedia.org/wiki/Troya#Troya_Katmanları,1,İzmir#29
Truman Doktrini,https://tr.wikipedia.org/wiki/Truman_Doktrini,1,Türkiye#109
Truva,https://tr.wikipedia.org/wiki/Truva,1,Antik Yunanistan#24
Truva Savaşı,https://tr.wikipedia.org/wiki/Truva_Sava%C5%9F%C4%B1,1,Lidyalılar#23
Tuğ,https://tr.wikipedia.org/wiki/Tu%C4%9F,1,Davul#30
tuğla,https://tr.wikipedia.org/wiki/Tu%C4%9Fla,3,Ankara Roma Hamamı#39;Antik Roma#132;Karacabey CamiiCard#6
Tuğrası,https://tr.wikipedia.org/wiki/Tu%C4%9Fra,2,I. Murad#3;Madenî para#87
Tuğrul Bey,https://tr.wikipedia.org/wiki/Tu%C4%9Frul,12,Anadolu Selçuklu Devleti#13;Anadolu Selçuklu Devleti#34;Büyük Selçuklu sultanları listesi#2;Büyük Selçuklu İmparatorluğu#17;Büyük Selçuklu İmparatorluğu#29;Büyük Selçuklu İmparatorluğu#30;Büyük Selçuklu İmparatorluğu#45;Büyük Selçuklu İmparatorluğu#53;Büyük Selçuklu İmparatorluğu#8;Büyük Selçuklu İmparatorluğuCard#6;Selçuklu Hanedanı#13
Tuğrul Türkeş,https://tr.wikipedia.org/wiki/Tu%C4%9Frul_T%C3%BCrke%C5%9F,2,Milliyetçi Hareket Partisi#45
Tukidides,https://tr.wikipedia.org/wiki/Tukidides,2,Antik Yunanistan#66;Antik Yunanistan#77
Tukididis,https://tr.wikipedia.org/wiki/Tukididis,1,Antik Yunanistan#26
tulum peyniri,https://tr.wikipedia.org/wiki/Tulum_peyniri,1,Çorum#32
Tulumbacılar,https://tr.wikipedia.org/wiki/Tulumbac%C4%B1lar,1,Osmanlı İmparatorluğu#235
tunç,https://tr.wikipedia.org/wiki/Tun%C3%A7,9,Lidyalılar#21;Madenî para#32;Madenî para#35;Madenî para#44;Tunç Çağı#7;Tunç Çağı#8;İstanbul#397
Tunç Çağı,https://tr.wikipedia.org/wiki/Tun%C3%A7_%C3%87a%C4%9F%C4%B1,9,Ankara#40;Davul#22;Hatti#1;Hititler#1;Hititler#45;HititlerCard#8;Kimmerler#35;Lidyalılar#23;İnşaat#14
tunç çağı,https://tr.wikipedia.org/wiki/Tun%C3%A7_%C3%A7a%C4%9F%C4%B1,1,Höyük#10
Tunç Girgin,https://tr.wikipedia.org/wiki/Tun%C3%A7_Girgin,1,Türkiye millî basketbol takımı#132
Tunç Soyer,https://tr.wikipedia.org/wiki/Tun%C3%A7_Soyer,1,2024 Türkiye yerel seçimleri#34
Tuna,https://tr.wikipedia.org/wiki/Tuna,14,Ahameniş İmparatorluğu#80;Ankara Muharebesi#228;Augustus#270;I. Bayezid#122;I. Bayezid#19;II. Murad#111;II. Murad#132;II. Murad#155;II. Murad#196;Osmanlı İmparatorluğu#239;Roma İmparatorluğu#108;Roma İmparatorluğu#353;Roma İmparatorluğu#362;Türkçe#162
Tuna Nehri,https://tr.wikipedia.org/wiki/Tuna_Nehri,1,Ahameniş İmparatorluğu#346
Tuna Prenslikleri,https://tr.wikipedia.org/wiki/Tuna_Prenslikleri,1,Bizans İmparatorluğu#349
Tuna Vadisi,https://tr.wikipedia.org/wiki/Tuna_Vadisi,1,Hititler#51
Tuna nehri,https://tr.wikipedia.org/wiki/Tuna_nehri,1,Tektosaglar#1
Tunca,https://tr.wikipedia.org/wiki/Tunca,1,II. Murad#279
Tunca Toskay,https://tr.wikipedia.org/wiki/Tunca_Toskay,1,Türkçe#343
Tunceli,https://tr.wikipedia.org/wiki/Tunceli,1,2014 Türkiye yerel seçimleri#21
Tuncer Baykara,https://tr.wikipedia.org/wiki/Tuncer_Baykara,1,Osmanlı İmparatorluğu#29
Tunus,https://tr.wikipedia.org/wiki/Tunus,5,Antik Roma#128;Mustafa Kemal Atatürk#846;Osmanlı İmparatorluğu#201;Septimius Severus#7;Zeytinyağı#123
Tunus,https://tr.wikipedia.org/wiki/Tunus_Beyli%C4%9Fi,1,Meclis-i Mebûsan#7
Tunus,https://tr.wikipedia.org/wiki/Tunus_mill%C3%AE_basketbol_tak%C4%B1m%C4%B1,1,2010 FIBA Dünya Basketbol Şampiyonası#14
turşu,https://tr.wikipedia.org/wiki/Tur%C5%9Fu,4,"Ankara tavası#5;Uluslararası Çubuk Turşu ve Kültür Festivali#3;Çubuk, Ankara#41;Çubuk, Ankara#42"
Turahan Bey,https://tr.wikipedia.org/wiki/Turahan_Bey,2,II. Murad#248;II. Murad#87
Turan Erol,https://tr.wikipedia.org/wiki/Turan_Erol,2,Ankara Resim ve Heykel Müzesi#28;Atatürk ve Kurtuluş Savaşı Müzesi#18
Turancılık,https://tr.wikipedia.org/wiki/Turanc%C4%B1l%C4%B1k,1,Mustafa Kemal Atatürk#663
Turfan,https://tr.wikipedia.org/wiki/Turfan,1,Türkçe#116
Turgut Özakman,https://tr.wikipedia.org/wiki/Turgut_%C3%96zakman,1,Atatürk ve Kurtuluş Savaşı Müzesi#9
Turgut Özal,https://tr.wikipedia.org/wiki/Turgut_%C3%96zal,2,Türkiye#115;Türkiye#264
Turgut Cansever,https://tr.wikipedia.org/wiki/Turgut_Cansever,1,Orta Doğu Teknik Üniversitesi#19
Kasım Bey U:(https://tr.wikipedia.org/wiki/Kas%C4%B1m_(Karamano%C4%9Fullar%C4%B1_beyi))___ ’in 1483’te ölümünden sonra Karamanoğulları'nın ileri gelenleri İbrahim Bey’in torunu ___E:Turgutoğlu Mahmud Bey,https://tr.wikipedia.org/wiki/Turguto%C4%9Flu_Mahmud_Bey,2,Karamanoğulları Beyliği#22;Karamanoğulları BeyliğiCard#8
Turhan Feyzioğlu,https://tr.wikipedia.org/wiki/Turhan_Feyzio%C4%9Flu,2,Cumhuriyet Halk Partisi#61;Orta Doğu Teknik Üniversitesi#23
Turhan Tezol,https://tr.wikipedia.org/wiki/Turhan_Tezol,4,Türkiye millî basketbol takımı#103;Türkiye millî basketbol takımı#105;Türkiye millî basketbol takımı#107;Türkiye millî basketbol takımı#109
turistler,https://tr.wikipedia.org/wiki/Turist,1,Ankara#163
turizm,https://tr.wikipedia.org/wiki/Turizm,1,İstanbul#20
Turnadağ Muharebesi,https://tr.wikipedia.org/wiki/Turnada%C4%9F_Muharebesi,1,Osmanlı İmparatorluğu#189
Tutankhamun,https://tr.wikipedia.org/wiki/Tutankhamun,2,Hititler#14;Hititler#93
Tutmaç,https://tr.wikipedia.org/wiki/Tutma%C3%A7_%C3%A7orbas%C4%B1,1,Ankara#156
tutor,https://tr.wikipedia.org/wiki/Tutor,1,Üniversite#18
Tuva Halk Cumhuriyeti,https://tr.wikipedia.org/wiki/Tuva_Halk_Cumhuriyeti,7,Anadolu Selçuklu Devleti#4;Büyük Selçuklu İmparatorluğu#4;Germiyanoğulları Beyliği#4;Karamanoğulları Beyliği#29;Osmanlı İmparatorluğu#4;Selçuklu Hanedanı#4;Timur İmparatorluğu#4
tuz,https://tr.wikipedia.org/wiki/Tuz,4,Antik Yunanistan#194;Kete#13;Krep#3;Çorba#5
Tuz Gölü,https://tr.wikipedia.org/wiki/Tuz_G%C3%B6l%C3%BC,5,Frigya#4;Kızılırmak#5;Şereflikoçhisar#23;Şereflikoçhisar#34;Şereflikoçhisar#9
Tuzla,"https://tr.wikipedia.org/wiki/Tuzla,_%C4%B0stanbul",3,2024 Türkiye yerel seçimleri#83;Türkiye#254;İstanbul#452
tzykanion,https://tr.wikipedia.org/wiki/Tzikanistirion,1,Bizans İmparatorluğu#427
uçak,https://tr.wikipedia.org/wiki/U%C3%A7ak,4,Havayolu#1;Mustafa Kemal Atatürk#24;Mustafa Kemal Atatürk#93;İstanbul#441
Uçhisar,https://tr.wikipedia.org/wiki/U%C3%A7hisar,1,Kapadokya#50
Uğur Ünal,https://tr.wikipedia.org/wiki/U%C4%9Fur_%C3%9Cnal,1,Gazi ÜniversitesiCard#6
Uğur İbrahim Altay,https://tr.wikipedia.org/wiki/U%C4%9Fur_%C4%B0brahim_Altay,1,KonyaCard#5
Uğur Ersoy,https://tr.wikipedia.org/wiki/U%C4%9Fur_Ersoy,1,Orta Doğu Teknik Üniversitesi#31
Uğurludağ,https://tr.wikipedia.org/wiki/U%C4%9Furluda%C4%9F,1,Çorum#8
Uşak,https://tr.wikipedia.org/wiki/U%C5%9Fak,9,Germiyanoğulları Beyliği#120;Milliyetçi Hareket Partisi#47;Milliyetçi Hareket Partisi#56;Milliyetçi Hareket Partisi#59;Mustafa Kemal Atatürk#472;Mustafa Kemal Atatürk#508;Türk Kurtuluş Savaşı Batı Cephesi#589;Türk Kurtuluş Savaşı#166;İzmir#240
Uşi Antlaşması,https://tr.wikipedia.org/wiki/U%C5%9Fi_Antla%C5%9Fmas%C4%B1,3,Mustafa Kemal Atatürk#142;Osmanlı İmparatorluğu#283;Türk Kurtuluş Savaşı#202
UEFA,https://tr.wikipedia.org/wiki/UEFA,2,Türkiye#395;İstanbul#480
UEFA Şampiyonlar Ligi,https://tr.wikipedia.org/wiki/UEFA_%C5%9Eampiyonlar_Ligi,1,Türkiye#395
Kupası,https://tr.wikipedia.org/wiki/UEFA_Avrupa_Ligi,4,Türkiye Kupası#42;Türkiye#394;Türkiye#395
UEFA Süper Kupa,https://tr.wikipedia.org/wiki/UEFA_S%C3%BCper_Kupas%C4%B1,2,Türkiye#394;Türkiye#395
UNESCO,https://tr.wikipedia.org/wiki/UNESCO,7,Beypazarı#18;Efes#7;Güreş#56;Konya#3;Mustafa Kemal Atatürk#867;Orta Doğu Teknik Üniversitesi#148;İstanbul#379
UNESCO Somut Olmayan Kültürel Mirası,https://tr.wikipedia.org/wiki/UNESCO_Somut_Olmayan_K%C3%BClt%C3%BCrel_Miras_Listeleri,1,Türkiye#20
UTC+2,https://tr.wikipedia.org/wiki/UTC%2B02.00,1,Türkiye Saati#3
UTC+03.00,https://tr.wikipedia.org/wiki/UTC%2B03.00,32,"AfşinCard#10;AnkaraCard#11;AyaşCard#10;BalâCard#11;BeypazarıCard#10;Elmadağ, AnkaraCard#8;GemerekCard#13;GüdülCard#10;HaymanaCard#10;KalecikCard#10;Karadeniz BölgesiCard#5;Karadeniz BölgesiCard#6;KayseriCard#6;KonyaCard#7;KızılcahamamCard#10;Kızılırmak, ÇankırıCard#10;NiğdeCard#7;PolatlıCard#10;SivasCard#7;SöğütözüCard#5;Türkiye Saati#2;Türkiye Saati#3;YenimahalleCard#10;ÇorumCard#7;Çubuk, AnkaraCard#10;ÇukurambarCard#6;İstanbulCard#15;İzmirCard#14;İç Anadolu BölgesiCard#5;İç Anadolu BölgesiCard#6;ŞarkışlaCard#13;ŞereflikoçhisarCard#10"
U Thant,https://tr.wikipedia.org/wiki/U_Thant,1,II. Kiros#264
Ubıhça,https://tr.wikipedia.org/wiki/Ub%C4%B1h%C3%A7a,1,Türkiye#328
Ufuk Üniversitesi,https://tr.wikipedia.org/wiki/Ufuk_%C3%9Cniversitesi,1,Çukurambar#2
Ufuk Sarıca,https://tr.wikipedia.org/wiki/Ufuk_Sar%C4%B1ca,3,Türkiye millî basketbol takımı#132;Türkiye millî basketbol takımı#134;Türkiye millî basketbol takımı#34
Ukrayna,https://tr.wikipedia.org/wiki/Ukrayna,4,Ahameniş İmparatorluğu#81;Antik Yunanistan#35;Osmanlı İmparatorluğu#17;Osmanlı İmparatorluğu#225
Ukrayna,https://tr.wikipedia.org/wiki/Ukrayna_mill%C3%AE_basketbol_tak%C4%B1m%C4%B1,3,2001 Avrupa Basketbol Şampiyonası#7;Türkiye millî basketbol takımı#39;Türkiye millî basketbol takımı#60
Ukraynalılar,https://tr.wikipedia.org/wiki/Ukraynal%C4%B1lar,1,Osmanlı İmparatorluğu#12
Uksur,https://tr.wikipedia.org/wiki/Uksur,1,Hititler#104
Ulaş,https://tr.wikipedia.org/wiki/Ula%C5%9F,1,Sivas#2
ulaşım,https://tr.wikipedia.org/wiki/Ula%C5%9F%C4%B1m,2,Bisiklet#1;İstanbul#20
ulaşım araçları,https://tr.wikipedia.org/wiki/Ula%C5%9F%C4%B1m_ara%C3%A7lar%C4%B1,1,İstanbul#256
Ulaştırma ve Altyapı Bakanlığı,https://tr.wikipedia.org/wiki/Ula%C5%9Ft%C4%B1rma_ve_Altyap%C4%B1_Bakanl%C4%B1%C4%9F%C4%B1,1,İstanbul#625
Ulahlar,https://tr.wikipedia.org/wiki/Ulahlar,1,Bizans İmparatorluğu#280
Ulan Bator,https://tr.wikipedia.org/wiki/Ulan_Batur,1,Türkçe#67
ulema,https://tr.wikipedia.org/wiki/Ulema,2,Ankara Muharebesi#33;I. Murad#28
Uluğ Bey,https://tr.wikipedia.org/wiki/Ulu%C4%9F_Bey,6,Timur İmparatorluğu#19;Timur İmparatorluğu#33;Timur İmparatorluğu#36;Timur#48
Uluğ Bey Medresesi,https://tr.wikipedia.org/wiki/Ulu%C4%9F_Bey_Medresesi,1,Timur İmparatorluğu#36
Ulucami,https://tr.wikipedia.org/wiki/Ulu_cami,1,Anadolu Selçuklu Devleti#439
Ulubat,"https://tr.wikipedia.org/wiki/Uluabat,_Karacabey",1,II. Murad#28
Ulubat,https://tr.wikipedia.org/wiki/Ulubat,1,Fetret Devri#16
Ordu U:(https://tr.wikipedia.org/wiki/Ordu_(il))___ 'nun ___E:Ulubey,"https://tr.wikipedia.org/wiki/Ulubey,_Ordu",1,Karadeniz Bölgesi#63
Uluborlu,https://tr.wikipedia.org/wiki/Uluborlu,2,Ankara Muharebesi#224;Timur#465
Ulucanlar Cezaevi Müzesi,https://tr.wikipedia.org/wiki/Ulucanlar_Cezaevi_M%C3%BCzesi,1,Ankara#106
Uludağ,https://tr.wikipedia.org/wiki/Uluda%C4%9F,1,Orta Doğu Teknik Üniversitesi#182
ulufe,https://tr.wikipedia.org/wiki/Ulufe,2,Osmanlı İmparatorluğu#222;Osmanlı İmparatorluğu#623
Ulus,https://tr.wikipedia.org/wiki/Ulus,1,Cumhuriyet MüzesiCard#3
Ulus,"https://tr.wikipedia.org/wiki/Ulus,_Alt%C4%B1nda%C4%9F",1,Anadolu Medeniyetleri MüzesiCard#2
Ulus,"https://tr.wikipedia.org/wiki/Ulus,_Ankara",6,Ankara Büyükşehir Belediyesi#23;Ankara Spor Salonu#1;Ankara Spor SalonuCard#1;Hacı Bayram Camii#1;Julianus Sütunu#1;Ziraat Bankası Müzesi#1
Ulus Meydanı,https://tr.wikipedia.org/wiki/Ulus_Meydan%C4%B1,1,Kurtuluş Savaşı Müzesi#1
ulus devlet,https://tr.wikipedia.org/wiki/Ulus_devlet,3,Mustafa Kemal Atatürk#3;Mustafa Kemal Atatürk#9;Türkiye#106
ulus inşasına,https://tr.wikipedia.org/wiki/Ulus_in%C5%9Fas%C4%B1,1,Cumhuriyet Halk Partisi#28
Ulusal Bölünme,https://tr.wikipedia.org/wiki/Ulusal_B%C3%B6l%C3%BCnme,1,Türk Kurtuluş Savaşı Batı Cephesi#39
NHL,https://tr.wikipedia.org/wiki/Ulusal_Hokey_Ligi,1,Buz hokeyi#8
Ulusal Kanal,https://tr.wikipedia.org/wiki/Ulusal_Kanal,1,İstanbul#522
hukuk sistemlerine,https://tr.wikipedia.org/wiki/Ulusal_hukuk_sistemleri_listesi,1,İslam devleti#8
Ulusalcılık,https://tr.wikipedia.org/wiki/Ulusalc%C4%B1l%C4%B1k,1,Cumhuriyet Halk PartisiCard#18
Turşu ve Kültür Festivalidir,https://tr.wikipedia.org/wiki/Uluslararas%C4%B1_%C3%87ubuk_Tur%C5%9Fu_ve_K%C3%BClt%C3%BCr_Festivali,2,"Ankara#160;Çubuk, Ankara#47"
PISA,https://tr.wikipedia.org/wiki/Uluslararas%C4%B1_%C3%96%C4%9Frenci_De%C4%9Ferlendirme_Program%C4%B1,1,Türkiye#349
Uluslararası Güvenlik Yardım Kuvveti,https://tr.wikipedia.org/wiki/Uluslararas%C4%B1_G%C3%BCvenlik_Destek_G%C3%BCc%C3%BC,1,Türkiye#189
IATA,https://tr.wikipedia.org/wiki/Uluslararas%C4%B1_Hava_Ta%C5%9F%C4%B1mac%C4%B1l%C4%B1%C4%9F%C4%B1_Birli%C4%9Fi,1,Ankara Esenboğa Havalimanı#1
Uluslararası Havacılık Federasyonu,https://tr.wikipedia.org/wiki/Uluslararas%C4%B1_Havac%C4%B1l%C4%B1k_Federasyonu,1,Türk Hava Kurumu Müzesi#10
IHF,https://tr.wikipedia.org/wiki/Uluslararas%C4%B1_Hentbol_Federasyonu,1,HentbolCard#1
Uluslararası Jimnastik Federasyonu,https://tr.wikipedia.org/wiki/Uluslararas%C4%B1_Jimnastik_Federasyonu,1,Jimnastik#10
FIA,https://tr.wikipedia.org/wiki/Uluslararas%C4%B1_Otomobil_Federasyonu,1,İstanbul#485
BIE,https://tr.wikipedia.org/wiki/Uluslararas%C4%B1_Sergiler_B%C3%BCrosu,1,İzmir#199
TÜRKSOY,https://tr.wikipedia.org/wiki/Uluslararas%C4%B1_T%C3%BCrk_K%C3%BClt%C3%BCr%C3%BC_Te%C5%9Fkilat%C4%B1,2,Türkiye#18;Türkçe#31
FIVB,https://tr.wikipedia.org/wiki/Uluslararas%C4%B1_Voleybol_Federasyonu,5,Voleybol#25;Voleybol#27;Voleybol#86;Voleybol#87;VoleybolCard#1
9 Aralık Dünya Yolsuzlukla Mücadele Günü,https://tr.wikipedia.org/wiki/Uluslararas%C4%B1_Yolsuzlukla_M%C3%BCcadele_G%C3%BCn%C3%BC,1,Mansur Yavaş#30
uluslararası havalimanıdır,https://tr.wikipedia.org/wiki/Uluslararas%C4%B1_havaliman%C4%B1,1,Ankara Esenboğa Havalimanı#1
uluslararası hukuk,https://tr.wikipedia.org/wiki/Uluslararas%C4%B1_hukuk,1,Türkiye#196
murri U:(https://tr.wikipedia.org/w/index.php?title=Murri_(%C3%A7e%C5%9Fni)&action=edit&redlink=1)___ adında soya sosuna benzer bir çeşni kullanıyorlardı ve bu sayede soya sosunda olduğu gibi yemeklerine ___E:umami,https://tr.wikipedia.org/wiki/Umami,1,Bizans İmparatorluğu#424
Umman,https://tr.wikipedia.org/wiki/Umman,3,Ahameniş İmparatorluğu#92;Büyük Selçuklu İmparatorluğu#48;Meclis-i Mebûsan#7
Umman Denizi,https://tr.wikipedia.org/wiki/Umman_Denizi,1,Türkiye#73
Aydınoğlu Umur Bey,https://tr.wikipedia.org/wiki/Umur_Bey,1,İzmir#77
un,https://tr.wikipedia.org/wiki/Un,3,Kete#13;Krep#3;Tahıl#3
un helvası,https://tr.wikipedia.org/wiki/Un_helvas%C4%B1,1,Çorum#29
Unicode,https://tr.wikipedia.org/wiki/Unicode,1,Bisiklet#29
Ural-Altay dil ailesine,https://tr.wikipedia.org/wiki/Ural-Altay_dil_ailesi,2,Anadolu#66;Türkçe#17
Ural Akbulut,https://tr.wikipedia.org/wiki/Ural_Akbulut,1,Orta Doğu Teknik Üniversitesi#75
Urania,https://tr.wikipedia.org/wiki/Urania,1,Ahameniş İmparatorluğu#381
Uranos,https://tr.wikipedia.org/wiki/Uranos,1,Antik Yunanistan#235
Urartu,https://tr.wikipedia.org/wiki/Urartu,2,Erimtan Arkeoloji ve Sanat Müzesi#15;Erimtan Arkeoloji ve Sanat Müzesi#2
Urartu,https://tr.wikipedia.org/wiki/Urartular,10,Ahameniş İmparatorluğu#290;Anadolu#37;Anadolu#55;Frigya#6;Hititler#163;Kimmerler#5;Kimmerler#7;Medler#15;Medler#43;Türkiye#41
Edessalı,https://tr.wikipedia.org/wiki/Urfa_Kontlu%C4%9Fu,1,Malazgirt Meydan Muharebesi#16
Şanlıurfa Tünelleri,https://tr.wikipedia.org/wiki/Urfa_T%C3%BCneli,1,Fırat#18
Urla,https://tr.wikipedia.org/wiki/Urla,2,2024 Türkiye yerel seçimleri#17;Zeytinyağı#23
Urla,https://tr.wikipedia.org/wiki/Urla_Olaylar%C4%B1,1,Türk Kurtuluş Savaşı Batı Cephesi#10
Urla Yarımadası,https://tr.wikipedia.org/wiki/Urla_Yar%C4%B1madas%C4%B1,1,İzmir#5
Uruk,https://tr.wikipedia.org/wiki/Uruk,1,II. Kiros#197
Urumca,https://tr.wikipedia.org/wiki/Urumca,1,Türkçe#16
ölçüye U:(https://tr.wikipedia.org/w/index.php?title=%C3%96l%C3%A7%C3%BC_(m%C3%BCzik)&action=edit&redlink=1)___ biraz benzer olan ___E:usûl,https://tr.wikipedia.org/wiki/Us%C3%BBl,1,Osmanlı İmparatorluğu#581
ut,https://tr.wikipedia.org/wiki/Ut,1,Osmanlı İmparatorluğu#582
Millî Savunma Bakanlığı U:(https://tr.wikipedia.org/wiki/Mill%C3%AE_Savunma_Bakanl%C4%B1%C4%9F%C4%B1_(T%C3%BCrkiye))___ 'na ait ve Türk Havacılık ve Uzay Sanayii (TUSAŞ) tarafından işletilen bir uzay aracı üretim ve test tesisidir. ___E:Uydu Fırlatma Sistemi,https://tr.wikipedia.org/wiki/Uydu_F%C4%B1rlatma_Sistemi,1,Türkiye#301
uygarlığın,https://tr.wikipedia.org/wiki/Uygarl%C4%B1k,4,Anadolu#34;Tunç Çağı#1;Çorum#13
Uygurlar,https://tr.wikipedia.org/wiki/Uygur_Arap_yaz%C4%B1s%C4%B1,1,Türkçe#121
Uygur Kağanlığı,https://tr.wikipedia.org/wiki/Uygur_Ka%C4%9Fanl%C4%B1%C4%9F%C4%B1,9,Anadolu Selçuklu Devleti#2;Büyük Selçuklu İmparatorluğu#2;Germiyanoğulları Beyliği#2;Karamanoğulları Beyliği#27;Osmanlı İmparatorluğu#2;Selçuklu Hanedanı#2;Timur İmparatorluğu#2;Türkçe#115;Türkçe#116
Uygur alfabesi,https://tr.wikipedia.org/wiki/Uygur_alfabesi,1,Timur İmparatorluğu#7
Uz,https://tr.wikipedia.org/wiki/Uz_Hanl%C4%B1%C4%9F%C4%B1,1,Malazgirt Meydan Muharebesi#17
Uzak Doğulu,https://tr.wikipedia.org/wiki/Uzak_Do%C4%9Fu,1,İstanbul#462
UDAS,https://tr.wikipedia.org/wiki/Uzak_Do%C4%9Fu_Avrupa_Saati,2,SöğütözüCard#5;ÇukurambarCard#6
uzay,https://tr.wikipedia.org/wiki/Uzay,1,Teknoloji#2
uzay üssünün,https://tr.wikipedia.org/wiki/Uzay_%C3%BCss%C3%BC,1,Türkiye#302
Türkiye Uzay Sistemleri Entegrasyon ve Test Merkezi,https://tr.wikipedia.org/wiki/Uzay_Sistemleri_Entegrasyon_ve_Test_Merkezi,1,Türkiye#301
TÜBİTAK Uzay Teknolojileri Araştırma Enstitüsü,https://tr.wikipedia.org/wiki/Uzay_Teknolojileri_Ara%C5%9Ft%C4%B1rma_Enstit%C3%BCs%C3%BC,1,Türkiye#302
uzay mekiği,https://tr.wikipedia.org/wiki/Uzay_meki%C4%9Fi,1,Ankara Esenboğa Havalimanı#27
Uzlar,https://tr.wikipedia.org/wiki/Uzlar,2,Anadolu Selçuklu Devleti#342;Malazgirt Meydan Muharebesi#82
uzman,https://tr.wikipedia.org/wiki/Uzman,1,Üniversite#18
Uzun Hasan,https://tr.wikipedia.org/wiki/Uzun_Hasan,3,Karamanoğulları Beyliği#17;Osmanlı İmparatorluğu#167;Timur İmparatorluğu#38
Uzun hava,https://tr.wikipedia.org/wiki/Uzun_hava,1,Divan sazı#3
Uzungöl,https://tr.wikipedia.org/wiki/Uzung%C3%B6l,1,Karadeniz Bölgesi#39
Uzuntepe,"https://tr.wikipedia.org/wiki/Uzuntepe,_Samsat",1,Sivas#7
Uzunyayla,https://tr.wikipedia.org/wiki/Uzunyayla,1,Sivas#66
Vâsik,https://tr.wikipedia.org/wiki/V%C3%A2sik,1,MutasımCard#6
Vıçıtırın Belediyesi,https://tr.wikipedia.org/wiki/V%C4%B1%C3%A7%C4%B1t%C4%B1r%C4%B1n_Belediyesi,1,Türkçe#33
V. İoannis,https://tr.wikipedia.org/wiki/V._%C4%B0oannis,6,I. Bayezid#102;I. Bayezid#107;I. Murad#26;I. Murad#50;I. Murad#58;I. Murad#63
V. Erdevân,https://tr.wikipedia.org/wiki/V._Erdev%C3%A2n,1,Ahameniş İmparatorluğu#244
V. Konstantinos,https://tr.wikipedia.org/wiki/V._Konstantinos,4,Bizans İmparatorluğu#117;Bizans İmparatorluğu#355;Bizans İmparatorluğu#416;Roma imparatoru#7
V. Leon,https://tr.wikipedia.org/wiki/V._Leon,1,Bizans İmparatorluğu#119
Mehmed Reşad,https://tr.wikipedia.org/wiki/V._Mehmed,4,Mustafa Kemal Atatürk#266;Osmanlı İmparatorluğu#279;Osmanlı İmparatorluğu#32;Osmanlı İmparatorluğu#345
V. Murad,https://tr.wikipedia.org/wiki/V._Murad,1,Osmanlı İmparatorluğu#313
Papa V. Urbanus,https://tr.wikipedia.org/wiki/V._Urbanus,1,I. Murad#45
VI. İoannis Kantakuzinos,https://tr.wikipedia.org/wiki/VI._%C4%B0oannis,2,Bizans İmparatorluğu#318;I. Murad#26
VI. Charles,https://tr.wikipedia.org/wiki/VI._Charles,1,Ankara Muharebesi#201
VI. Leon,https://tr.wikipedia.org/wiki/VI._Leon,2,Bizans İmparatorluğu#147;Bizans İmparatorluğu#374
Vahdettin,https://tr.wikipedia.org/wiki/VI._Mehmed,12,Mustafa Kemal Atatürk#264;Mustafa Kemal Atatürk#266;Mustafa Kemal Atatürk#271;Mustafa Kemal Atatürk#313;Mustafa Kemal Atatürk#318;Mustafa Kemal Atatürk#788;Mustafa Kemal AtatürkCard#6;Osmanlı Hanedanı#17;Osmanlı İmparatorluğu#297;Osmanlı İmparatorluğuCard#10;Türk Kurtuluş Savaşı#70;Türkiye Büyük Millet Meclisi#57
VI. Mithridatis,https://tr.wikipedia.org/wiki/VI._Mithridatis,1,Ahameniş İmparatorluğu#248
VII. İoannis,https://tr.wikipedia.org/wiki/VII._%C4%B0oannis,3,Fetret Devri#18;Fetret Devri#36;I. Bayezid#102
Kleopatra VII,https://tr.wikipedia.org/wiki/VII._Kleopatra,5,Antik Roma#46;Augustus#119;Augustus#7;Augustus#98;Roma İmparatorluğu#59
VII. Konstantinos,https://tr.wikipedia.org/wiki/VII._Konstantinos,2,Bizans İmparatorluğu#161;Türkiye#24
VII. Mihail,https://tr.wikipedia.org/wiki/VII._Mihail,6,Anadolu Selçuklu Devleti#41;Artuk Bey#5;Bizans İmparatorluğu#213;Malazgirt Meydan Muharebesi#112;Malazgirt Meydan Muharebesi#90
VIII. İoannis,https://tr.wikipedia.org/wiki/VIII._%C4%B0oannis,1,II. Murad#174
VIII. Charles,https://tr.wikipedia.org/wiki/VIII._Charles,1,Bizans İmparatorluğu#342
VIII. Edward,https://tr.wikipedia.org/wiki/VIII._Edward,1,Mustafa Kemal Atatürk#752
VIII. Mihail,https://tr.wikipedia.org/wiki/VIII._Mihail,3,Bizans İmparatorluğu#312;Bizans İmparatorluğuCard#20;İstanbul#72
vaazler,https://tr.wikipedia.org/wiki/Vaaz,1,Bizans İmparatorluğu#407
vadilerden,https://tr.wikipedia.org/wiki/Vadi,1,Ankara Muharebesi#86
vaftiz,https://tr.wikipedia.org/wiki/Vaftiz,1,Roma İmparatorluğu#323
vaftizhane,https://tr.wikipedia.org/wiki/Vaftizhane,1,Efes#85
Vahap Seçer,https://tr.wikipedia.org/wiki/Vahap_Se%C3%A7er,1,2024 Türkiye yerel seçimleri#34
Vahiy Kitabı,https://tr.wikipedia.org/wiki/Vahiy_Kitab%C4%B1,1,Efes#10
vakıfları,https://tr.wikipedia.org/wiki/Vak%C4%B1f,1,Mustafa Kemal Atatürk#50
VakıfBank S.K.,https://tr.wikipedia.org/wiki/Vak%C4%B1fBank_SK,1,Türkiye#408
vakıf,https://tr.wikipedia.org/wiki/Vak%C4%B1f_%C3%BCniversitesi,2,Orta Doğu Teknik Üniversitesi#392;Orta Doğu Teknik Üniversitesi#97
Vakıflar Genel Müdürlüğü,https://tr.wikipedia.org/wiki/Vak%C4%B1flar_Genel_M%C3%BCd%C3%BCrl%C3%BC%C4%9F%C3%BC,2,Hacı Bayram Camii#13;Sultan Alaeddin Camii#21
Valens,https://tr.wikipedia.org/wiki/Valens,3,Bizans İmparatorluğu#137;Roma İmparatorluğu#346;İstanbul#527
Messalina,https://tr.wikipedia.org/wiki/Valeria_Messalina,1,Roma İmparatorluğu#152
valiler,https://tr.wikipedia.org/wiki/Vali,2,Anadolu Selçuklu Devleti#139;Türkiye#121
Valide sultan,https://tr.wikipedia.org/wiki/Valide_sultan,2,Osmanlı İmparatorluğu#311;Osmanlı İmparatorluğu#618
Validebağ,https://tr.wikipedia.org/wiki/Valideba%C4%9F_Korusu,1,İstanbul#123
Vamık Volkan,https://tr.wikipedia.org/wiki/Vam%C4%B1k_Volkan,1,Mustafa Kemal Atatürk#48
Van,https://tr.wikipedia.org/wiki/Van,8,2014 Türkiye yerel seçimleri#21;Kete#2;Kete#20;Mustafa Kemal Atatürk#236;Timur#152;Türkiye#233;Türkiye#320;İstanbul#573
Van,https://tr.wikipedia.org/wiki/Van_B%C3%BCy%C3%BCk%C5%9Fehir_Belediyesi,1,Büyükşehir belediyesi#18
Van Gölü,https://tr.wikipedia.org/wiki/Van_G%C3%B6l%C3%BC,5,Anadolu#21;Fırat#27;Malazgirt Meydan Muharebesi#27;Timur#152;Türkiye#216
Yüzüncü Yıl Üniversitesi,https://tr.wikipedia.org/wiki/Van_Y%C3%BCz%C3%BCnc%C3%BC_Y%C4%B1l_%C3%9Cniversitesi,1,Mustafa Kemal Atatürk#827
Van kedisi,https://tr.wikipedia.org/wiki/Van_kedisi,2,Ankara kedisi#24;Türkiye#233
Vandallar,https://tr.wikipedia.org/wiki/Vandallar,3,Antik Roma#57;Bizans İmparatorluğu#70;Roma İmparatorluğu#418
vapur,https://tr.wikipedia.org/wiki/Vapur,2,Osmanlı İmparatorluğu#503;İzmir#242
Vardar,https://tr.wikipedia.org/wiki/Vardar_Nehri,1,I. Murad#83
Vareg Muhafızlar,https://tr.wikipedia.org/wiki/Vareg_Muhaf%C4%B1zlar%C4%B1,1,Bizans İmparatorluğu#178
ticaret,https://tr.wikipedia.org/wiki/Vareglerden_Yunanlara_uzanan_ticaret_yolu,1,Bizans İmparatorluğu#174
Varlık,"https://tr.wikipedia.org/wiki/Varl%C4%B1k,_Yenimahalle",2,Ankara Büyükşehir Belediyesi#23;Yenimahalle#20
Varna,https://tr.wikipedia.org/wiki/Varna,1,II. Murad#189
Varna Muharebesi,https://tr.wikipedia.org/wiki/Varna_Muharebesi,4,II. Murad#203;Karacabey Camii#4;Karamanoğulları Beyliği#14;Osmanlı İmparatorluğu#159
Vartan Paşa,https://tr.wikipedia.org/wiki/Vartan_Pa%C5%9Fa,1,Türkçe#130
Teutoburg Ormanı Savaşı,https://tr.wikipedia.org/wiki/Varus_Muharebesi,2,Augustus#273;Roma İmparatorluğu#110
vasal,https://tr.wikipedia.org/wiki/Vasal,1,II. Kiros#237
Vasal devletlerden,https://tr.wikipedia.org/wiki/Vasal_devlet,3,I. Bayezid#124;I. Bayezid#23;I. Murad#53
Vasilaki,https://tr.wikipedia.org/wiki/Vasilaki,1,Şarap#81
Vasili Vereşçagin,https://tr.wikipedia.org/wiki/Vasili_Vere%C5%9F%C3%A7agin,1,Ankara Resim ve Heykel Müzesi#25
Vasip Şahin,https://tr.wikipedia.org/wiki/Vasip_%C5%9Eahin,1,Ankara#193
3. Ordu U:(https://tr.wikipedia.org/wiki/3._Ordu_(Osmanl%C4%B1_%C4%B0mparatorlu%C4%9Fu))___ 'ya kurmay olarak atandı  ancak Selânik'e vardığında ' ___E:Vatan ve Hürriyet,https://tr.wikipedia.org/wiki/Vatan_ve_H%C3%BCrriyet_Cemiyeti,3,Mustafa Kemal Atatürk#82;Mustafa Kemal Atatürk#84;Mustafa Kemal AtatürkCard#13
vatandaşlık,https://tr.wikipedia.org/wiki/Vatanda%C5%9Fl%C4%B1k,2,Türkiye#261;Türkiye#313
Vatikan,https://tr.wikipedia.org/wiki/Vatikan,1,Antik Roma#210
Vazag Muharebesi,https://tr.wikipedia.org/wiki/Vazag_Muharebesi,1,II. Murad#128
veba,https://tr.wikipedia.org/wiki/Veba,3,Antik Yunanistan#84;Midas#27;Osmanlı İmparatorluğu#428
Veda,https://tr.wikipedia.org/wiki/Veda,1,Güreş#11
Vedat Tek,https://tr.wikipedia.org/wiki/Vedat_Tek,2,Cumhuriyet Müzesi#2;Türkiye Büyük Millet Meclisi#246
Vefa Lisesi,https://tr.wikipedia.org/wiki/Vefa_Lisesi,1,İstanbul#503
vejetasyon,https://tr.wikipedia.org/wiki/Vejetasyon,1,Orman#37
İslam Hukukçularının Velayeti,https://tr.wikipedia.org/wiki/Velayet-i_fakih,1,İslam devleti#61
Veliefendi Hipodromu,https://tr.wikipedia.org/wiki/Veliefendi_Hipodromu,2,İstanbul#486;İstanbul#488
Velletri,https://tr.wikipedia.org/wiki/Velletri,1,Augustus#32
Venüs Genetrix Tapınağı,https://tr.wikipedia.org/wiki/Ven%C3%BCs_Tap%C4%B1na%C4%9F%C4%B1,1,Augustus#40
Venedik,https://tr.wikipedia.org/wiki/Venedik,4,I. Murad#50;Ticaret#57;Türkçe#132;İzmir#80
Venedikliler,https://tr.wikipedia.org/wiki/Venedik_Cumhuriyeti,11,Ankara Muharebesi#235;Ankara Muharebesi#27;Bizans İmparatorluğu#261;Bizans İmparatorluğu#286;I. Alâeddin Keykubad#142;I. Bayezid#18;II. Murad#52;Osmanlı İmparatorluğu#145;Osmanlı İmparatorluğu#161;Osmanlı İmparatorluğu#225;Osmanlı İmparatorluğu#270
Venezuela,https://tr.wikipedia.org/wiki/Venezuela,1,Mustafa Kemal Atatürk#845
Venizelistlerin,https://tr.wikipedia.org/wiki/Venizelizm,1,Türk Kurtuluş Savaşı Batı Cephesi#597
veraset,https://tr.wikipedia.org/wiki/Veraset,1,Osmanlı İmparatorluğu#343
Verem,https://tr.wikipedia.org/wiki/Verem,1,Mustafa Kemal Atatürk#794
vergi,https://tr.wikipedia.org/wiki/Vergi,1,Osmanlı İmparatorluğu#410
Vergina'da,https://tr.wikipedia.org/wiki/Vergina,1,İskender#92
Versay,https://tr.wikipedia.org/wiki/Versay_Bar%C4%B1%C5%9F_Antla%C5%9Fmas%C4%B1,2,Lozan Antlaşması#3;Mustafa Kemal Atatürk#852
Vespasianus,https://tr.wikipedia.org/wiki/Vespasianus,3,Roma İmparatorluğu#163;Roma İmparatorluğu#168;Roma İmparatorluğu#67
Mars U:(https://tr.wikipedia.org/wiki/Mars_(mitoloji))___ 'ın tecavüzüne uğramış bir ___E:Vesta bakiresiydi,https://tr.wikipedia.org/wiki/Vesta_bakiresi,2,Antik Roma#10;Augustus#43
Vestel,https://tr.wikipedia.org/wiki/Vestel,1,Türkiye#255
Vestmannaeyjar,https://tr.wikipedia.org/wiki/Vestmann_Adalar%C4%B1,1,Osmanlı İmparatorluğu#15
Vezüv yanardağının,https://tr.wikipedia.org/wiki/Vez%C3%BCv_Yanarda%C4%9F%C4%B1,1,Roma İmparatorluğu#195
vezir,https://tr.wikipedia.org/wiki/Vezir,1,Büyük Selçuklu İmparatorluğu#176
vişne,https://tr.wikipedia.org/wiki/Vi%C5%9Fne,1,Gıda#24
Vidin,https://tr.wikipedia.org/wiki/Vidin,3,I. Bayezid#14;I. Bayezid#26;II. Murad#69
Vietnam,https://tr.wikipedia.org/wiki/Vietnam,1,Orta Doğu Teknik Üniversitesi#213
Vikingler,https://tr.wikipedia.org/wiki/Vikingler,2,Ankara kedisi#15;Şarap#43
Doğu Anadolu Müdafaayı Hukuk Cemiyeti,https://tr.wikipedia.org/wiki/Vil%C3%A2y%C3%A2t-%C4%B1_%C5%9Earkiye_M%C3%BCd%C3%A2faa-i_Hukuk-%C4%B1_Milliye_Cemiyeti,3,Heyet-i Temsiliye#5;Türkiye Büyük Millet Meclisi#73;Türkiye Büyük Millet Meclisi#86
Vilâyat-ı Sitte,https://tr.wikipedia.org/wiki/Vil%C3%A2yat-%C4%B1_Sitte,1,Mustafa Kemal Atatürk#313
vinç,https://tr.wikipedia.org/wiki/Vin%C3%A7,2,Türk Hava Kurumu Müzesi#12;İnşaat#15
Vinča,https://tr.wikipedia.org/wiki/Vin%C4%8Da_k%C3%BClt%C3%BCr%C3%BC,2,Tunç Çağı#18
Vinland,https://tr.wikipedia.org/wiki/Vinland,1,Şarap#43
Visé,https://tr.wikipedia.org/wiki/Vis%C3%A9,1,Mustafa Kemal Atatürk#846
vitaminler,https://tr.wikipedia.org/wiki/Vitamin,2,Gıda#2;Gıda#29
vitaminler,https://tr.wikipedia.org/wiki/Vitaminler,1,Gıda#15
Vitellius,https://tr.wikipedia.org/wiki/Vitellius,1,Roma İmparatorluğu#163
Vittorio Emanuele Orlando,https://tr.wikipedia.org/wiki/Vittorio_Emanuele_Orlando,1,Türk Kurtuluş Savaşı Batı Cephesi#268
Viyana,https://tr.wikipedia.org/wiki/Viyana,2,Mustafa Kemal Atatürk#265;Roma İmparatorluğu#408
Vize,https://tr.wikipedia.org/wiki/Vize,1,I. Murad#52
Vizigot,https://tr.wikipedia.org/wiki/Vizigotlar,4,Antik Roma#57;Bizans İmparatorluğu#137;Bizans İmparatorluğu#75;Roma İmparatorluğu#418
Vladimir Lenin,https://tr.wikipedia.org/wiki/Vladimir_Lenin,1,Türk Kurtuluş Savaşı#231
Minorsky,https://tr.wikipedia.org/wiki/Vladimir_Minorski,2,Medler#104;Medler#115
Voleybol,https://tr.wikipedia.org/wiki/Voleybol,2,Ankara Spor Salonu#6;Ankara#183
Voleybol topu,https://tr.wikipedia.org/wiki/Voleybol_topu,1,VoleybolCard#5
Volga,https://tr.wikipedia.org/wiki/Volga,2,Kimmerler#1;Kimmerler#85
Volkan Aydın,https://tr.wikipedia.org/wiki/Volkan_Ayd%C4%B1n,2,Türkiye millî basketbol takımı#128;Türkiye millî basketbol takımı#132
Volkan Bayarslan,https://tr.wikipedia.org/wiki/Volkan_Bayarslan,1,Süper Kupa#30
Voyvodası,https://tr.wikipedia.org/wiki/Voyvoda,1,II. Murad#51
Vuhan,https://tr.wikipedia.org/wiki/Vuhan,1,İstanbul#633
Vuk Lazarević,https://tr.wikipedia.org/wiki/Vuk_Lazarevi%C4%87,1,Fetret Devri#2
W,https://tr.wikipedia.org/wiki/W,1,Türkçe#139
Washington,"https://tr.wikipedia.org/wiki/Washington,_DC",2,Orta Doğu Teknik Üniversitesi#67;Türkiye#179
Wayback Machine,https://tr.wikipedia.org/wiki/Wayback_Machine,3,Kızılırmak#52;Türk Hava Kurumu Müzesi#15;Şereflikoçhisar#6
Almanya,https://tr.wikipedia.org/wiki/Weimar_Cumhuriyeti,3,Mustafa Kemal Atatürk#690;Mustafa Kemal Atatürk#794;Mustafa Kemal Atatürk#851
Westfalya Barışı,https://tr.wikipedia.org/wiki/Westfalya_Bar%C4%B1%C5%9F%C4%B1,1,Başkent#43
Wikimedia Commons,https://tr.wikipedia.org/wiki/Wikimedia_Commons,5,Ankara Kalesi#28;Efes#141;Frigler#132;Gıda#110;Midas#69
wildcard,https://tr.wikipedia.org/wiki/Wildcard,1,Türkiye millî basketbol takımı#33
Amiral Souchon,https://tr.wikipedia.org/wiki/Wilhelm_Souchon,1,Mustafa Kemal Atatürk#194
William G. Morgan,https://tr.wikipedia.org/wiki/William_G._Morgan,1,Voleybol#20
William John Hamilton,https://tr.wikipedia.org/wiki/William_John_Hamilton,1,Augustus Tapınağı#26
William Mitchell Ramsay,https://tr.wikipedia.org/wiki/William_Mitchell_Ramsay,1,Kalecik#6
Wilson İlkeleri,https://tr.wikipedia.org/wiki/Wilson_%C4%B0lkeleri,2,Türk Kurtuluş Savaşı Batı Cephesi#112;Türk Kurtuluş Savaşı Batı Cephesi#262
Winston Churchill,https://tr.wikipedia.org/wiki/Winston_Churchill,5,Mustafa Kemal Atatürk#850;Orta Doğu Teknik Üniversitesi#51;Türk Kurtuluş Savaşı Batı Cephesi#153;Türk Kurtuluş Savaşı Batı Cephesi#460;Türk Kurtuluş Savaşı Batı Cephesi#8
Wladimir Köppen,https://tr.wikipedia.org/wiki/Wladimir_K%C3%B6ppen,1,Köppen iklim sınıflandırması#2
Woodrow Wilson,https://tr.wikipedia.org/wiki/Woodrow_Wilson,4,Türk Kurtuluş Savaşı Batı Cephesi#106;Türk Kurtuluş Savaşı Batı Cephesi#143;Türk Kurtuluş Savaşı Batı Cephesi#566;Türk Kurtuluş Savaşı#72
X,https://tr.wikipedia.org/wiki/X,1,Türkçe#139
XI. Konstantinos,https://tr.wikipedia.org/wiki/XI._Konstantinos,4,Bizans İmparatorluğu#326;Bizans İmparatorluğu#344;Bizans İmparatorluğuCard#21;Roma İmparatorluğuCard#7
XII. Karl,https://tr.wikipedia.org/wiki/XII._Karl,1,Osmanlı İmparatorluğu#241
XIV. Louis,https://tr.wikipedia.org/wiki/XIV._Louis,1,Augustus Tapınağı#17
Xi'an,https://tr.wikipedia.org/wiki/Xi%27an,1,İstanbul#632
Siyenpi İmparatorluğu,https://tr.wikipedia.org/wiki/Xianbei_eyaleti,7,Anadolu Selçuklu Devleti#1;Büyük Selçuklu İmparatorluğu#1;Germiyanoğulları Beyliği#1;Karamanoğulları Beyliği#26;Osmanlı İmparatorluğu#1;Selçuklu Hanedanı#1;Timur İmparatorluğu#1
yörüklerdendir,https://tr.wikipedia.org/wiki/Y%C3%B6r%C3%BCk,1,"Çubuk, Ankara#27"
Yörük Ali Efe,https://tr.wikipedia.org/wiki/Y%C3%B6r%C3%BCk_Ali_Efe,1,Türk Kurtuluş Savaşı Batı Cephesi#237
Yörüklerdir,https://tr.wikipedia.org/wiki/Y%C3%B6r%C3%BCkler,3,Balâ#9;Mustafa Kemal Atatürk#48;Mustafa Kemal Atatürk#53
Yöreli,"https://tr.wikipedia.org/wiki/Y%C3%B6reli,_Bala",2,Balâ#20;Balâ#27
Yörgüç Paşa,https://tr.wikipedia.org/wiki/Y%C3%B6rg%C3%BC%C3%A7_Pa%C5%9Fa,1,II. Murad#6
2547 sayılı Yükseköğretim Kanunu,https://tr.wikipedia.org/wiki/Y%C3%BCksek%C3%B6%C4%9Fretim_Kanunu,1,Orta Doğu Teknik Üniversitesi#386
Yükseköğretim Kurulu,https://tr.wikipedia.org/wiki/Y%C3%BCksek%C3%B6%C4%9Fretim_Kurulu,4,Gazi ÜniversitesiCard#5;Orta Doğu Teknik Üniversitesi#110;Orta Doğu Teknik Üniversitesi#386;Orta Doğu Teknik ÜniversitesiCard#5
Yükseköğretim Kurumları Sınavı,https://tr.wikipedia.org/wiki/Y%C3%BCksek%C3%B6%C4%9Fretim_Kurumlar%C4%B1_S%C4%B1nav%C4%B1,1,Türkiye#351
YHT,https://tr.wikipedia.org/wiki/Y%C3%BCksek_H%C4%B1zl%C4%B1_Tren,3,Konya#126;İstanbul#574;İstanbul#575
yüksek lisans,https://tr.wikipedia.org/wiki/Y%C3%BCksek_lisans,2,Orta Doğu Teknik Üniversitesi#104;Üniversite#14
Yüksel Alkan,https://tr.wikipedia.org/wiki/Y%C3%BCksel_Alkan,2,Türkiye millî basketbol takımı#103;Türkiye millî basketbol takımı#105
yün,https://tr.wikipedia.org/wiki/Y%C3%BCn,1,Asur#14
yürütme,https://tr.wikipedia.org/wiki/Y%C3%BCr%C3%BCtme,1,Türkiye#133
yürütmeyi,https://tr.wikipedia.org/wiki/Y%C3%BCr%C3%BCtme_erki,3,Türkiye Büyük Millet Meclisi#4;Türkiye Büyük Millet Meclisi#43;Türkiye#118
yürüyüş,https://tr.wikipedia.org/wiki/Y%C3%BCr%C3%BCy%C3%BC%C5%9F,2,Atletizm#1;Atletizm#77
dünyanın en büyük 37. ülkesidir,https://tr.wikipedia.org/wiki/Y%C3%BCz%C3%B6l%C3%A7%C3%BCmlerine_g%C3%B6re_%C3%BClkeler_listesi,1,Türkiye#209
"bisiklet U:(https://tr.wikipedia.org/wiki/Bisiklet_(spor))___ , ___E:yüzme",https://tr.wikipedia.org/wiki/Y%C3%BCzme,2,Ankara#180;Osmanlı İmparatorluğu#665
yılan,https://tr.wikipedia.org/wiki/Y%C4%B1lan,1,Orta Doğu Teknik Üniversitesi#144
Yıldırım Bayezid,https://tr.wikipedia.org/wiki/Y%C4%B1ld%C4%B1r%C4%B1m_Bayezid,1,Fetret Devri#3
Yıldırım Ordular Grubu,https://tr.wikipedia.org/wiki/Y%C4%B1ld%C4%B1r%C4%B1m_Ordular_Grubu,4,Mustafa Kemal Atatürk#262;Mustafa Kemal Atatürk#269;Mustafa Kemal Atatürk#5;Türk Kurtuluş Savaşı#47
Yıldırım evci yaylası,https://tr.wikipedia.org/wiki/Y%C4%B1ld%C4%B1r%C4%B1mevci_Yaylas%C4%B1,1,"Çubuk, Ankara#49"
Akdağ U:(https://tr.wikipedia.org/wiki/Akda%C4%9F_(Sivas))___ ve ___E:Yıldız Dağı,https://tr.wikipedia.org/wiki/Y%C4%B1ld%C4%B1z_Da%C4%9F%C4%B1,1,Ankara Muharebesi#83
Yıldız,https://tr.wikipedia.org/wiki/Y%C4%B1ld%C4%B1z_Park%C4%B1,1,İstanbul#123
Yıldız Sarayı,https://tr.wikipedia.org/wiki/Y%C4%B1ld%C4%B1z_Saray%C4%B1,1,İstanbul#447
Yıldız Teknik Üniversitesi,https://tr.wikipedia.org/wiki/Y%C4%B1ld%C4%B1z_Teknik_%C3%9Cniversitesi,1,İstanbul#493
Yıldızeli,https://tr.wikipedia.org/wiki/Y%C4%B1ld%C4%B1zeli,3,Sivas#2;Sivas#95;Şarkışla#2
Yıldızhan,"https://tr.wikipedia.org/wiki/Y%C4%B1ld%C4%B1zhan,_Maden",1,Dicle#6
Yılmaz Öztuna,https://tr.wikipedia.org/wiki/Y%C4%B1lmaz_%C3%96ztuna,2,Ankara Muharebesi#110;Ankara Muharebesi#134
Yılmaz Gündüz,https://tr.wikipedia.org/wiki/Y%C4%B1lmaz_G%C3%BCnd%C3%BCz,3,Türkiye millî basketbol takımı#101;Türkiye millî basketbol takımı#103;Türkiye millî basketbol takımı#107
Yılmaz Güney,https://tr.wikipedia.org/wiki/Y%C4%B1lmaz_G%C3%BCney,1,Ulucanlar Cezaevi Müzesi#10
Yıva,https://tr.wikipedia.org/wiki/Y%C4%B1va_boyu,1,"Çubuk, Ankara#9"
YHWH,https://tr.wikipedia.org/wiki/YHVH,1,Kimmerler#64
Genç Erkekler Hristiyan Birliği (YMCA),https://tr.wikipedia.org/wiki/YMCA,2,Voleybol#20;Voleybol#23
yağ,https://tr.wikipedia.org/wiki/Ya%C4%9F,3,Gıda#29;Kete#13;Zeytinyağı#1
Yağış,https://tr.wikipedia.org/wiki/Ya%C4%9F%C4%B1%C5%9F,3,Orman#7;Türkiye#246;İstanbul#130
yağ asitleri,https://tr.wikipedia.org/wiki/Ya%C4%9F_asitleri,1,Gıda#15
Yağlı güreş,https://tr.wikipedia.org/wiki/Ya%C4%9Fl%C4%B1_g%C3%BCre%C5%9F,2,Güreş#72;Kızılcahamam#18
yağlar,https://tr.wikipedia.org/wiki/Ya%C4%9Flar,1,Gıda#14
yağmur,https://tr.wikipedia.org/wiki/Ya%C4%9Fmur,2,Antik Yunanistan#190;Kapadokya#1
yağmur ormanı,https://tr.wikipedia.org/wiki/Ya%C4%9Fmur_orman%C4%B1,1,Orman#10
Yaş Antlaşması,https://tr.wikipedia.org/wiki/Ya%C5%9F_Antla%C5%9Fmas%C4%B1,1,Osmanlı İmparatorluğu#267
Yaşamkent,https://tr.wikipedia.org/wiki/Ya%C5%9Famkent,1,Yenimahalle#8
Yaşar Büyükanıt,https://tr.wikipedia.org/wiki/Ya%C5%9Far_B%C3%BCy%C3%BCkan%C4%B1t,2,Adalet ve Kalkınma Partisi#45;Cumhuriyet Halk Partisi#87
Yaşar Kemal,https://tr.wikipedia.org/wiki/Ya%C5%9Far_Kemal,1,Ulucanlar Cezaevi Müzesi#10
Yaşlı Antonia,https://tr.wikipedia.org/wiki/Ya%C5%9Fl%C4%B1_Antonia,1,Augustus#128
yaban atlarıyla,https://tr.wikipedia.org/wiki/Yaban_at%C4%B1,1,At#1
yaban kedisi,https://tr.wikipedia.org/wiki/Yaban_kedisi,1,İstanbul#191
yaban mersini,https://tr.wikipedia.org/wiki/Yaban_mersini,1,Şarap#3
yabancılaşması,https://tr.wikipedia.org/wiki/Yabanc%C4%B1la%C5%9Fma,1,Teknoloji#14
Yabgu,https://tr.wikipedia.org/wiki/Yabgu,3,Büyük Selçuklu İmparatorluğu#167;Büyük Selçuklu İmparatorluğu#23;Selçuklu Hanedanı#13
Yafes,https://tr.wikipedia.org/wiki/Yafes,2,Kimmerler#62;Timur İmparatorluğu#19
Yahşihan,https://tr.wikipedia.org/wiki/Yah%C5%9Fihan,1,"Elmadağ, Ankara#3"
yahni,https://tr.wikipedia.org/wiki/Yahni,1,Çorum#27
Yahudi İspanyolcası,https://tr.wikipedia.org/wiki/Yahudi_%C4%B0spanyolcas%C4%B1,3,Türkiye#328;Türkçe#135;İstanbul#248
Yahudiler,https://tr.wikipedia.org/wiki/Yahudiler,12,Ahameniş İmparatorluğu#374;II. Kiros#122;II. Kiros#201;II. Kiros#260;II. Kiros#9;Osmanlı İmparatorluğu#421;Osmanlı İmparatorluğu#439;Osmanlı İmparatorluğu#527;İstanbul#225;İstanbul#76;İzmir#101;İzmir#164
Yahudilerin Eski Eserleri,https://tr.wikipedia.org/wiki/Yahudilerin_Eski_Eserleri,1,II. Kiros#217
Yahudilik,https://tr.wikipedia.org/wiki/Yahudilik,4,Büyük Selçuklu İmparatorluğu#20;II. Kiros#10;Osmanlı İmparatorluğu#444;Şarap#9
Yahudiye,https://tr.wikipedia.org/wiki/Yahudiye,3,Augustus#256;II. Kiros#119;Roma İmparatorluğu#192
Yahyâ Hayati Efendi,https://tr.wikipedia.org/wiki/Yahya_Hayati_Pa%C5%9Fa,1,İzmir#123
İoannis Filoponus,https://tr.wikipedia.org/wiki/Yahya_en-Nahvi,1,Bizans İmparatorluğu#80
Yahyalı,"https://tr.wikipedia.org/wiki/Yahyal%C4%B1,_%C5%9Eark%C4%B1%C5%9Fla",1,Şarkışla#154
Yakın Çağ,https://tr.wikipedia.org/wiki/Yak%C4%B1n_%C3%87a%C4%9F,1,Osmanlı İmparatorluğu#6
Yakın Doğu,https://tr.wikipedia.org/wiki/Yak%C4%B1n_Do%C4%9Fu,3,Hititler#81;Kimmerler#80;Türk Kurtuluş Savaşı Batı Cephesi#61
yakıp yıkma taktiği,https://tr.wikipedia.org/wiki/Yak%C4%B1p_y%C4%B1kma_takti%C4%9Fi,2,Anadolu Selçuklu Devleti#73;Türk Kurtuluş Savaşı Batı Cephesi#978
Yakup,https://tr.wikipedia.org/wiki/Yakub,1,Güreş#11
Yakup Çelebi,https://tr.wikipedia.org/wiki/Yakub_%C3%87elebi,2,I. Bayezid#10;I. MuradCard#8
I. Yakub Bey,https://tr.wikipedia.org/wiki/Yakub_Bey_Germiyano%C4%9Flu,3,Germiyanoğulları Beyliği#34;Germiyanoğulları Beyliği#72;Germiyanoğulları BeyliğiCard#6
Yakub Cemil,https://tr.wikipedia.org/wiki/Yakub_Cemil,3,Mustafa Kemal Atatürk#108;Mustafa Kemal Atatürk#246;Mustafa Kemal Atatürk#252
Yakup Kadri,https://tr.wikipedia.org/wiki/Yakup_Kadri_Karaosmano%C4%9Flu,1,Türkçe#42
Yakutça,https://tr.wikipedia.org/wiki/Yakut%C3%A7a,1,Türkçe#14
Yalçın Granit,https://tr.wikipedia.org/wiki/Yal%C3%A7%C4%B1n_Granit,6,Türkiye millî basketbol takımı#101;Türkiye millî basketbol takımı#103;Türkiye millî basketbol takımı#105;Türkiye millî basketbol takımı#107;Türkiye millî basketbol takımı#113;Türkiye millî basketbol takımı#25
Yalçın Topçu,https://tr.wikipedia.org/wiki/Yal%C3%A7%C4%B1n_Top%C3%A7u,3,Büyük Birlik Partisi#29
yalıtık dil,https://tr.wikipedia.org/wiki/Yal%C4%B1t%C4%B1k_dil,1,Anadolu#34
Yalova,https://tr.wikipedia.org/wiki/Yalova,6,2014 Türkiye yerel seçimleri#33;Fetret Devri#17;Osmanlı İmparatorluğu#8;Türkiye#254;Yeniden Refah Partisi#25;İstanbul#578
Yalvaç,https://tr.wikipedia.org/wiki/Yalva%C3%A7,2,I. Murad#78;Osmanlı İmparatorluğu#129
Yamanlar Dağı,https://tr.wikipedia.org/wiki/Yamanlar_Da%C4%9F%C4%B1,1,İzmir#22
Yamnaya kültüründen,https://tr.wikipedia.org/wiki/Yamnaya_k%C3%BClt%C3%BCr%C3%BC,1,Hititler#51
Yamula Barajı,https://tr.wikipedia.org/wiki/Yamula_Baraj%C4%B1_ve_Hidroelektrik_Santrali,1,Kızılırmak#35
sönmüş volkanlar,https://tr.wikipedia.org/wiki/Yanarda%C4%9F,1,Türkiye#222
Yanarsu,https://tr.wikipedia.org/wiki/Yanarsu_%C3%87ay%C4%B1,1,Dicle#3
Yanbolu,https://tr.wikipedia.org/wiki/Yanbolu,1,I. Murad#52
Uniform Türk Alfabesi,https://tr.wikipedia.org/wiki/Yanelif,1,Latin harfleri#59
Yanya,https://tr.wikipedia.org/wiki/Yanya,2,II. Murad#79;Mustafa Kemal Atatürk#148
yapı,https://tr.wikipedia.org/wiki/Yap%C4%B1,2,Ankara Büyükşehir Belediyesi#23;İnşaat#68
yapı malzemelerinin,https://tr.wikipedia.org/wiki/Yap%C4%B1_malzemeleri,1,İnşaat#8
Yapım ekleri,https://tr.wikipedia.org/wiki/Yap%C4%B1m_eki,2,Türkçe#181
yapay zekâ,https://tr.wikipedia.org/wiki/Yapay_zek%C3%A2,1,Teknoloji#12
Yapraklar,https://tr.wikipedia.org/wiki/Yaprak,2,Ankara armudu#4;Crocus ancyrensis#4
yaprak dolması,https://tr.wikipedia.org/wiki/Yaprak_dolmas%C4%B1,1,Beypazarı#98
paramiliter gruplar,https://tr.wikipedia.org/wiki/Yar%C4%B1_asker%C3%AE,1,Milliyetçi Hareket Partisi#5
Bsk,https://tr.wikipedia.org/wiki/Yar%C4%B1_kurak_iklim,4,Ankara#78;AnkaraCard#19;Konya#56;KonyaCard#12
yarımadadır,https://tr.wikipedia.org/wiki/Yar%C4%B1mada,1,Anadolu#1
Yarımburgaz Mağarası,https://tr.wikipedia.org/wiki/Yar%C4%B1mburgaz_Ma%C4%9Faras%C4%B1,3,Eski Taş Çağı#34;İstanbul#17;İstanbul#53
Yarımburgaz mağaralarında,https://tr.wikipedia.org/wiki/Yar%C4%B1mburgaz_ma%C4%9Faralar%C4%B1,1,Eski Taş Çağı#39
yarımca,https://tr.wikipedia.org/wiki/Yar%C4%B1mca,1,Beypazarı#98
Yaratılış Kitabı,https://tr.wikipedia.org/wiki/Yarat%C4%B1l%C4%B1%C5%9F_Kitab%C4%B1,3,Güreş#11;Hititler#25;Kimmerler#62
yarbaylığa,https://tr.wikipedia.org/wiki/Yarbay,1,Mustafa Kemal Atatürk#185
yardımcı doçent,https://tr.wikipedia.org/wiki/Yard%C4%B1mc%C4%B1_do%C3%A7ent,1,Üniversite#18
yardımcı eylem,https://tr.wikipedia.org/wiki/Yard%C4%B1mc%C4%B1_eylem,1,Türkçe#282
yargı,https://tr.wikipedia.org/wiki/Yarg%C4%B1,2,Türkiye#118;Türkiye#133
Yarhisar,https://tr.wikipedia.org/wiki/Yarhisar,1,Osmanlı İmparatorluğu#114
Yarhisar,"https://tr.wikipedia.org/wiki/Yarhisar,_Yeni%C5%9Fehir",2,I. Murad#11;Osmanlı İmparatorluğu#111
Yarkand Hanlığı,https://tr.wikipedia.org/wiki/Yarkand_Hanl%C4%B1%C4%9F%C4%B1,7,Anadolu Selçuklu Devleti#3;Büyük Selçuklu İmparatorluğu#3;Germiyanoğulları Beyliği#3;Karamanoğulları Beyliği#28;Osmanlı İmparatorluğu#3;Selçuklu Hanedanı#3;Timur İmparatorluğu#3
yasama,https://tr.wikipedia.org/wiki/Yasama,1,Türkiye#133
yasama dokunulmazlığına,https://tr.wikipedia.org/wiki/Yasama_ba%C4%9F%C4%B1%C5%9F%C4%B1kl%C4%B1%C4%9F%C4%B1,1,Türkiye Büyük Millet Meclisi#14
yasama dönemine,https://tr.wikipedia.org/wiki/Yasama_d%C3%B6nemi,1,Türkiye Büyük Millet Meclisi#261
yasama,https://tr.wikipedia.org/wiki/Yasama_organ%C4%B1,5,Türkiye Büyük Millet Meclisi#3;Türkiye Büyük Millet Meclisi#4;Türkiye Büyük Millet Meclisi#43;Türkiye Büyük Millet Meclisi#5;Türkiye#118
Yassıçemen Muharebesi,https://tr.wikipedia.org/wiki/Yass%C4%B1%C3%A7emen_Muharebesi,3,Anadolu Selçuklu Devleti#113;I. Alâeddin Keykubad#144;I. Alâeddin Keykubad#7
Yassıhüyük,"https://tr.wikipedia.org/wiki/Yass%C4%B1h%C3%BCy%C3%BCk,_Polatl%C4%B1",2,Gordion Müzesi#1;Gordion#1
yastık,https://tr.wikipedia.org/wiki/Yast%C4%B1k,1,Tekstil#14
yatırım,https://tr.wikipedia.org/wiki/Yat%C4%B1r%C4%B1m,1,Türkiye#260
yatak odaları,https://tr.wikipedia.org/wiki/Yatak_odas%C4%B1,1,Antik Yunanistan#179
direksiyonu,https://tr.wikipedia.org/wiki/Yatay_bisiklet,1,Bisiklet#100
Yavuz Ağıralioğlu,https://tr.wikipedia.org/wiki/Yavuz_A%C4%9F%C4%B1ralio%C4%9Flu,1,Büyük Birlik Partisi#29
Yavuz Sultan Selim Köprüsü,https://tr.wikipedia.org/wiki/Yavuz_Sultan_Selim_K%C3%B6pr%C3%BCs%C3%BC,6,Türkiye#290;İstanbul#119;İstanbul#174;İstanbul#584;İstanbul#601;İstanbul#92
yayalar,https://tr.wikipedia.org/wiki/Yayalar,1,Osmanlı İmparatorluğu#355
yaylacılığın,https://tr.wikipedia.org/wiki/Yayla,1,Türkiye#220
göçebe hayvancılık,https://tr.wikipedia.org/wiki/Yaylac%C4%B1l%C4%B1k,2,Ahameniş İmparatorluğu#20;Karadeniz Bölgesi#37
Yaylak,"https://tr.wikipedia.org/wiki/Yaylak,_%C3%87ubuk",1,"Çubuk, Ankara#8"
Yaylalıözü,"https://tr.wikipedia.org/wiki/Yaylal%C4%B1%C3%B6z%C3%BC,_Bala",2,Balâ#20;Balâ#27
yaz,https://tr.wikipedia.org/wiki/Yaz,3,Dicle#4;Karasal iklim#3;Kırkikindi yağışları#1
yazı,https://tr.wikipedia.org/wiki/Yaz%C4%B1,2,Tunç Çağı#1
yazı dili,https://tr.wikipedia.org/wiki/Yaz%C4%B1_dili,1,Türkçe#11
yazı sistemi,https://tr.wikipedia.org/wiki/Yaz%C4%B1_sistemi,2,Latin harfleri#1;Türkçe#108
Yazılıkaya,"https://tr.wikipedia.org/wiki/Yaz%C4%B1l%C4%B1,_Han",1,Frigler#100
Yazılıkaya,https://tr.wikipedia.org/wiki/Yaz%C4%B1l%C4%B1kaya,5,Frigler#100;Frigler#77;Frigya#32;Hititler#180;Hititler#41
Yazır,https://tr.wikipedia.org/wiki/Yaz%C4%B1r_boyu,1,"Çubuk, Ankara#9"
kitabe,https://tr.wikipedia.org/wiki/Yaz%C4%B1t,1,Arslanhane Camii#6
Olimpiyat Oyunları,https://tr.wikipedia.org/wiki/Yaz_Olimpiyatlar%C4%B1%27nda_basketbol,2,EuroBasket#3;Türkiye millî basketbol takımı#3
yaz saati uygulamasına,https://tr.wikipedia.org/wiki/Yaz_saati_uygulamas%C4%B1,1,Türkiye Saati#3
"mareşal U:(https://tr.wikipedia.org/wiki/Mare%C5%9Fal_(T%C3%BCrkiye))___ , devlet adamı, ___E:yazar",https://tr.wikipedia.org/wiki/Yazar,1,Mustafa Kemal Atatürk#2
Ye'cüc ve Me'cüc,https://tr.wikipedia.org/wiki/Ye%27c%C3%BCc_ve_Me%27c%C3%BCc,1,İskender#17
Yeşaya,https://tr.wikipedia.org/wiki/Ye%C5%9Faya_Kitab%C4%B1,4,II. Kiros#11;II. Kiros#214;II. Kiros#215
yeşil,https://tr.wikipedia.org/wiki/Ye%C5%9Fil,1,Otoyol#19
Yeşilırmak,https://tr.wikipedia.org/wiki/Ye%C5%9Fil%C4%B1rmak,5,Frigya#5;Karadeniz Bölgesi#25;Karadeniz Bölgesi#53;Kızılırmak#10;Çorum#23
Yeşil Çubuk Parkı,https://tr.wikipedia.org/wiki/Ye%C5%9Fil_%C3%87ubuk_Park%C4%B1,1,"Çubuk, Ankara#48"
Yeşilkent,"https://tr.wikipedia.org/wiki/Ye%C5%9Filkent,_%C3%87ubuk",1,"Çubuk, Ankara#8"
Yeşilova Höyüğü,https://tr.wikipedia.org/wiki/Ye%C5%9Filova_H%C3%B6y%C3%BC%C4%9F%C3%BC,1,İzmir#26
Yeşilyurt,"https://tr.wikipedia.org/wiki/Ye%C5%9Filyurt,_Tokat",1,2014 Türkiye yerel seçimleri#33
Yedi Kilise,https://tr.wikipedia.org/wiki/Yedi_Kilise,4,Efes#10;Efes#79;Efes#82;İzmir#70
Yedi Uyurlar,https://tr.wikipedia.org/wiki/Yedi_Uyurlar,2,Afşin#15;Afşin#5
Yedigöller,https://tr.wikipedia.org/wiki/Yedig%C3%B6ller_Mill%C3%AE_Park%C4%B1,2,Karadeniz Bölgesi#63;Karadeniz Bölgesi#71
Yedikule,https://tr.wikipedia.org/wiki/Yedikule,1,İstanbul#322
Yedikule Hisarı,https://tr.wikipedia.org/wiki/Yedikule_Zindanlar%C4%B1,1,İstanbul#449
FP7,https://tr.wikipedia.org/wiki/Yedinci_%C3%87er%C3%A7eve_Program%C4%B1,1,Orta Doğu Teknik Üniversitesi#113
Yehova,https://tr.wikipedia.org/wiki/Yehova,1,II. Kiros#11
Yahud,https://tr.wikipedia.org/wiki/Yehud_Medinata,3,Ahameniş İmparatorluğu#290;Ahameniş İmparatorluğu#43;II. Kiros#11
Yehuda Krallığı,https://tr.wikipedia.org/wiki/Yehuda_Krall%C4%B1%C4%9F%C4%B1,1,II. Kiros#9
Yelesi,https://tr.wikipedia.org/wiki/Yele,1,At#5
Yemen,https://tr.wikipedia.org/wiki/Yemen,1,Osmanlı İmparatorluğu#17
Yeniçağa,https://tr.wikipedia.org/wiki/Yeni%C3%A7a%C4%9Fa_G%C3%B6l%C3%BC,1,Karadeniz Bölgesi#60
Yeniçeri,https://tr.wikipedia.org/wiki/Yeni%C3%A7eri,15,Ankara Muharebesi#139;I. Murad#138;II. Murad#10;Osmanlı İmparatorluğu#12;Osmanlı İmparatorluğu#177;Osmanlı İmparatorluğu#214;Osmanlı İmparatorluğu#216;Osmanlı İmparatorluğu#220;Osmanlı İmparatorluğu#252;Osmanlı İmparatorluğu#310;Osmanlı İmparatorluğu#331;Osmanlı İmparatorluğu#415;Osmanlı İmparatorluğu#449;Osmanlı İmparatorluğu#623;İstanbul#405
Yenişehir,https://tr.wikipedia.org/wiki/Yeni%C5%9Fehir,1,Osmanlı İmparatorluğu#114
Yenişehir,"https://tr.wikipedia.org/wiki/Yeni%C5%9Fehir,_Bursa",1,Osmanlı İmparatorluğu#111
Yenişehirlizade Ahmet Efendi,https://tr.wikipedia.org/wiki/Yeni%C5%9Fehirlizade_Ahmet_Efendi,1,İzmir#120
Erken Modern Çağ,https://tr.wikipedia.org/wiki/Yeni_%C3%87a%C4%9F,3,Kimmerler#63;Kimmerler#90;Osmanlı İmparatorluğu#164
Yeni İspanya,https://tr.wikipedia.org/wiki/Yeni_%C4%B0spanya,1,Şarap#6
Yeni Ahit,https://tr.wikipedia.org/wiki/Yeni_Ahit,1,Galatlar#17
Yeni Asur İmparatorluğu,https://tr.wikipedia.org/wiki/Yeni_Asur_%C4%B0mparatorlu%C4%9Fu,6,Ahameniş İmparatorluğu#42;Ahameniş İmparatorluğu#92;Asur#7;Hatti#7;Lidyalılar#24;Medler#14
Yeni Babil İmparatorluğu,https://tr.wikipedia.org/wiki/Yeni_Babil_%C4%B0mparatorlu%C4%9Fu,4,Ahameniş İmparatorluğu#29;Ahameniş İmparatorluğu#5;II. Kiros#118;II. Kiros#4
Yeni Cami,https://tr.wikipedia.org/wiki/Yeni_Cami,2,Osmanlı İmparatorluğu#237;İstanbul#538
Yeni Dünya,https://tr.wikipedia.org/wiki/Yeni_D%C3%BCnya,3,Batı dünyası#4;Şarap#42;Şarap#6
Yeni Dünya şarabı,https://tr.wikipedia.org/wiki/Yeni_D%C3%BCnya_%C5%9Farab%C4%B1,1,Şarap#42
Yeni Delhi,https://tr.wikipedia.org/wiki/Yeni_Delhi,1,Mustafa Kemal Atatürk#846
New South Wales,https://tr.wikipedia.org/wiki/Yeni_G%C3%BCney_Galler,1,Köppen iklim sınıflandırması#90
Yeni Osmanlıcılık,https://tr.wikipedia.org/wiki/Yeni_Osmanl%C4%B1c%C4%B1l%C4%B1k,2,Adalet ve Kalkınma Partisi#6;Türkiye#186
Yeni Usûl Yemek Kitabı,https://tr.wikipedia.org/wiki/Yeni_Us%C3%BBl_Yemek_Kitab%C4%B1,1,Çorba#20
Yeni Zelanda,https://tr.wikipedia.org/wiki/Yeni_Zelanda,3,2010 FIBA Dünya Basketbol Şampiyonası#4;Ankara keçisi#2;Batı dünyası#1
Yeni Zelanda,https://tr.wikipedia.org/wiki/Yeni_Zelanda_mill%C3%AE_basketbol_tak%C4%B1m%C4%B1,2,2010 FIBA Dünya Basketbol Şampiyonası#13;Türkiye millî basketbol takımı#33
Yenice Barajı,https://tr.wikipedia.org/wiki/Yenice_Baraj%C4%B1_ve_Hidroelektrik_Santrali,1,Sakarya Nehri#12
Yeniden Refah Partisi,https://tr.wikipedia.org/wiki/Yeniden_Refah_Partisi,5,2024 Türkiye yerel seçimleri#10;2024 Türkiye yerel seçimleri#53;2024 Türkiye yerel seçimleri#55;Ankara#200;Türkiye#159
Yeniköy,"https://tr.wikipedia.org/wiki/Yenik%C3%B6y,_Bala",2,Balâ#27;Balâ#40
Yenikapı,"https://tr.wikipedia.org/wiki/Yenikap%C4%B1,_Fatih",1,İstanbul#47
Yeniler Grubu,https://tr.wikipedia.org/wiki/Yeniler_Grubu,1,Türkiye#365
Yenilik Partisi,https://tr.wikipedia.org/wiki/Yenilik_Partisi,1,2024 Türkiye yerel seçimleri#30
Yenimahalle,https://tr.wikipedia.org/wiki/Yenimahalle,5,Ankara Büyükşehir BelediyesiCard#4;Ankara#117;Atatürk Orman Çiftliği#1;Devlet MezarlığıCard#1;Yumurtatepe Tümülüsü#1
Yenisey Yazıtları,https://tr.wikipedia.org/wiki/Yenisey_Yaz%C4%B1tlar%C4%B1,1,Türkçe#69
Yeniyapançarsak,"https://tr.wikipedia.org/wiki/Yeniyapan%C3%A7ar%C5%9Fak,_Bala",2,Balâ#20;Balâ#27
Yeniyapanşeyhli,"https://tr.wikipedia.org/wiki/Yeniyapan%C5%9Feyhli,_Bala",2,Balâ#20;Balâ#27
Yeoryos Hacıanestis,https://tr.wikipedia.org/wiki/Yeoryos_Hac%C4%B1anestis,1,Türk Kurtuluş Savaşı Batı Cephesi#971
Pahimeres,https://tr.wikipedia.org/wiki/Yeoryos_Pahimeris,1,Osmanlı İmparatorluğu#116
yerçekimi,https://tr.wikipedia.org/wiki/Yer%C3%A7ekimi,1,Antik Roma#299
yer gözlem uydularıdır,https://tr.wikipedia.org/wiki/Yer_g%C3%B6zlem_uydusu,1,Türkiye#302
barfiks U:(https://tr.wikipedia.org/wiki/Barfiks_(jimnastik))___ ; kadınlarda ___E:yer hareketleri,https://tr.wikipedia.org/wiki/Yer_hareketleri,1,Jimnastik#4
Yerebatan Sarnıcı,https://tr.wikipedia.org/wiki/Yerebatan_Sarn%C4%B1c%C4%B1,1,İstanbul#531
Yerel seçimlerin,https://tr.wikipedia.org/wiki/Yerel_se%C3%A7im,2,2014 Türkiye yerel seçimleri#3;2024 Türkiye yerel seçimleri#1
Yerel yönetimin,https://tr.wikipedia.org/wiki/Yerel_y%C3%B6netim,2,Büyükşehir belediyesi#1;Türkiye#130
Yergöğü,https://tr.wikipedia.org/wiki/Yerg%C3%B6%C4%9F%C3%BC,2,II. Murad#112;II. Murad#227
Yerköy,https://tr.wikipedia.org/wiki/Yerk%C3%B6y,1,Ankara Muharebesi#94
yerleşkesinde,https://tr.wikipedia.org/wiki/Yerle%C5%9Fke,1,Gazi Üniversitesi#33
Yermük Muharebesi,https://tr.wikipedia.org/wiki/Yerm%C3%BCk_Muharebesi,1,Bizans İmparatorluğu#102
yer şekillerinin,https://tr.wikipedia.org/wiki/Yery%C3%BCz%C3%BC_%C5%9Fekli,1,Türkiye#221
Yesevîye,https://tr.wikipedia.org/wiki/Yesev%C3%AElik,1,Osmanlı İmparatorluğu#103
Yezidi,https://tr.wikipedia.org/wiki/Yez%C3%AEd%C3%AEler,1,Ahilik#4
(Dîn),https://tr.wikipedia.org/wiki/Yezidilik#Yezidilikte_.C4.B0nan.C4.B1.C5.9Flar,1,Ahilik#4
Mısır üzerindeki Pers kontrolünden,https://tr.wikipedia.org/wiki/Yirmi_Yedinci_Hanedan,1,Ahameniş İmparatorluğu#132
Said Efendi,https://tr.wikipedia.org/wiki/Yirmisekizz%C3%A2de_Mehmed_Said_Pa%C5%9Fa,1,Osmanlı İmparatorluğu#236
Yivli Minare Camii,https://tr.wikipedia.org/wiki/Yivli_Minare,1,I. Alâeddin Keykubad#4
yoğurt,https://tr.wikipedia.org/wiki/Yo%C4%9Furt,2,Osmanlı İmparatorluğu#605;Çorba#28
yol,https://tr.wikipedia.org/wiki/Yol,1,At#63
yol bisikleti,https://tr.wikipedia.org/wiki/Yol_bisikleti,1,Bisiklet#36
yonca,https://tr.wikipedia.org/wiki/Yonca,1,Anıtkabir#160
yorgan,https://tr.wikipedia.org/wiki/Yorgan,2,Tandır#14;Tekstil#14
York,https://tr.wikipedia.org/wiki/York,4,Caracalla#5;Roma İmparatorluğu#294;Septimius Severus#39;Septimius SeverusCard#5
Yozgat,https://tr.wikipedia.org/wiki/Yozgat,13,Ankara Muharebesi#103;Ankara Vilayeti#3;Balâ#24;Crocus ancyrensis#5;Frigya#30;Galatlar#1;Konya#49;Milliyetçi Hareket Partisi#42;Milliyetçi Hareket Partisi#47;Sivas#85;Yeniden Refah Partisi#26;Çorum#4;Şarkışla#2
Çapanoğlu Ayaklanması,https://tr.wikipedia.org/wiki/Yozgat_Ayaklanmas%C4%B1,1,Mustafa Kemal Atatürk#435
yufka,https://tr.wikipedia.org/wiki/Yufka,2,Kartalaç#1;Kete#13
Yufka Ekmeği,https://tr.wikipedia.org/wiki/Yufka_ekme%C4%9Fi,1,Balâ#45
Yugoslavya,https://tr.wikipedia.org/wiki/Yugoslavya,5,Anıtkabir#268;Lozan Antlaşması#1;Mustafa Kemal Atatürk#689;Türkiye millî basketbol takımı#74;Türkiye#188
"Sırp, Hırvat ve Sloven Krallığı",https://tr.wikipedia.org/wiki/Yugoslavya_Krall%C4%B1%C4%9F%C4%B1,3,Lozan Antlaşması#1;Lozan Barış Konferansı#2;Mustafa Kemal Atatürk#728
Yugoslavya,https://tr.wikipedia.org/wiki/Yugoslavya_mill%C3%AE_basketbol_tak%C4%B1m%C4%B1,1,2001 Avrupa Basketbol Şampiyonası#9
Yuhanna,https://tr.wikipedia.org/wiki/Yuhanna,2,Efes#64;İzmir#71
Yuhanna İncili,https://tr.wikipedia.org/wiki/Yuhanna_%C4%B0ncili,1,Efes#10
John bar Penkaye,https://tr.wikipedia.org/wiki/Yuhanna_bar_Penkaye,1,İslam devleti#27
Yukarı Mezopotamya,https://tr.wikipedia.org/wiki/Yukar%C4%B1_Mezopotamya,1,Fırat#28
Yukarıhacıbekir,"https://tr.wikipedia.org/wiki/Yukar%C4%B1hac%C4%B1bekir,_Bala",1,Balâ#27
Yukarıyurtçu,"https://tr.wikipedia.org/wiki/Yukar%C4%B1yurt%C3%A7u,_Etimesgut",1,Yenimahalle#8
yulaf lapası,https://tr.wikipedia.org/wiki/Yulaf_lapas%C4%B1,1,Antik Yunanistan#208
Yumuktepe,https://tr.wikipedia.org/wiki/Yumuktepe,1,Anadolu#5
yumurta,https://tr.wikipedia.org/wiki/Yumurta,2,Gıda#27;Krep#3
Yumurtatepe Tümülüsü,https://tr.wikipedia.org/wiki/Yumurtatepe_T%C3%BCm%C3%BCl%C3%BCs%C3%BC,1,Ankara#38
komünist isyanının,https://tr.wikipedia.org/wiki/Yunan_%C4%B0%C3%A7_Sava%C5%9F%C4%B1,1,Türkiye#109
Karanlık Çağ,https://tr.wikipedia.org/wiki/Yunan_Karanl%C4%B1k_%C3%87a%C4%9F%C4%B1,1,Grekçe#2
Yunan Mitolojisi,https://tr.wikipedia.org/wiki/Yunan_Mitolojisi,1,Asklepios#1
Helen alfabesi,https://tr.wikipedia.org/wiki/Yunan_alfabesi,6,Antik Roma#207;Antik Yunanistan#30;Frigler#81;Türkçe#110;Türkçe#113;Türkçe#134
Yunan,https://tr.wikipedia.org/wiki/Yunan_edebiyat%C4%B1,1,Bizans İmparatorluğu#403
koloni,https://tr.wikipedia.org/wiki/Yunan_kolonizasyonu,1,Herodot#32
Antik Yunan dini,https://tr.wikipedia.org/wiki/Yunan_mitolojisi,6,Antik Roma#213;Julianus#37;Medler#93;Sakarya Nehri#2;İskender#12;İskenderCard#14
Yunanca,https://tr.wikipedia.org/wiki/Yunanca,40,Anadolu#1;Anadolu#10;Antik Roma#200;Antik Roma#209;Antik Yunanistan#10;Antik Yunanistan#145;Antik Yunanistan#38;Asklepios#1;Bizans İmparatorluğu#455;Farslar#2;Frigler#79;Fırat#7;Grekçe#1;Grekçe#3;I. Murad#11;Kayseri#4;Kayseri#6;Madenî para#12;Osmanlı İmparatorluğu#434;Pavlusçuluk#4;Roma İmparatorluğu#282;Roma İmparatorluğu#414;Roma İmparatorluğuCard#2;Strabon#1;Teknoloji#1;Türk Kurtuluş Savaşı Batı Cephesi#1030;Türkiye#24;Türkiye#63;Türkçe#148;Türkçe#26;Türkçe#39;İskender#137;İskender#152;İstanbul#29;İstanbul#38;İzmir#12;İzmir#235
tr.,https://tr.wikipedia.org/wiki/Yunancan%C4%B1n_romanizasyonu,1,Bizans İmparatorluğu#2
Yunanistan,https://tr.wikipedia.org/wiki/Yunanistan,43,Anadolu#26;Antik Yunanistan#1;Antik Yunanistan#111;Antik Yunanistan#12;Antik Yunanistan#126;Antik Yunanistan#198;Antik Yunanistan#200;Antik Yunanistan#26;Antik Yunanistan#28;Antik Yunanistan#31;Antik Yunanistan#42;Antik Yunanistan#5;Antik Yunanistan#65;Antik Yunanistan#93;Antik Yunanistan#98;Anıtkabir#268;II. Kiros#97;Lozan Barış Konferansı#2;Midas#20;Mustafa Kemal Atatürk#689;Osmanlı İmparatorluğu#128;Pavlusçuluk#14;Tunç Çağı#10;Türk Kurtuluş Savaşı Batı Cephesi#11;Türk Kurtuluş Savaşı#71;Türk Kurtuluş Savaşı#72;Türk Kurtuluş Savaşı#94;Türkiye#105;Türkiye#109;Türkiye#2;Türkiye#213;Türkiye#276;Türkiye#5;Türkçe#164;Türkçe#37;Türkçe#39;Zeytinyağı#123;İstanbul#241;İstanbul#568;İzmir#17;İzmir#34
Yunanistan,https://tr.wikipedia.org/wiki/Yunanistan_Krall%C4%B1%C4%9F%C4%B1,9,Lozan Antlaşması#1;Mustafa Kemal Atatürk#465;Mustafa Kemal Atatürk#728;Türk Kurtuluş Savaşı Batı Cephesi#3;Türk Kurtuluş Savaşı Batı Cephesi#6;Türk Kurtuluş Savaşı Batı Cephesi#977;Türk Kurtuluş Savaşı#29;Türk Kurtuluş Savaşı#4;İzmir#130
ordusunun,https://tr.wikipedia.org/wiki/Yunanistan_Silahl%C4%B1_Kuvvetleri,1,Türk Kurtuluş Savaşı Batı Cephesi#6
Yunan bayrağını,https://tr.wikipedia.org/wiki/Yunanistan_bayra%C4%9F%C4%B1,1,Mustafa Kemal Atatürk#512
Yunanistan,https://tr.wikipedia.org/wiki/Yunanistan_mill%C3%AE_basketbol_tak%C4%B1m%C4%B1,6,2001 Avrupa Basketbol Şampiyonası#10;2010 FIBA Dünya Basketbol Şampiyonası#9;Türkiye millî basketbol takımı#10;Türkiye millî basketbol takımı#48;Türkiye millî basketbol takımı#68;Türkiye millî basketbol takımı#82
Yunan tarihi,https://tr.wikipedia.org/wiki/Yunanistan_tarihi,1,Antik Yunanistan#27
Yunanlılardan,https://tr.wikipedia.org/wiki/Yunanl%C4%B1lar,1,Ahameniş İmparatorluğu#331
Yunan,https://tr.wikipedia.org/wiki/Yunanlar,28,Ahameniş İmparatorluğu#290;Antik Roma#215;Antik Yunanistan#284;Antik Yunanistan#56;Antik Yunanistan#75;Bizans İmparatorluğu#3;Galatlar#1;Herodot#1;Kimmerler#63;Osmanlı İmparatorluğu#12;Osmanlı İmparatorluğu#405;Osmanlı İmparatorluğu#421;Osmanlı İmparatorluğu#527;Osmanlı İmparatorluğu#647;Sakarya Meydan Muharebesi#11;Sakarya Meydan Muharebesi#38;Sakarya Meydan Muharebesi#4;Sakarya Meydan Muharebesi#41;Strabon#1;Türk Kurtuluş Savaşı#60;Türkiye#46;Üniversite#33;İskender#1;İskender#6;İstanbul#333;İstanbul#39;İstanbul#59;Şarap#9
Yunus Emre,https://tr.wikipedia.org/wiki/Yunus_Emre,2,Osmanlı İmparatorluğu#533;Türkçe#77
Yurt Partisi,https://tr.wikipedia.org/wiki/Yurt_Partisi,1,2014 Türkiye yerel seçimleri#13
"Yurtta barış, dünyada barış","https://tr.wikipedia.org/wiki/Yurtta_sulh,_cihanda_sulh",2,Anıtkabir#213;Anıtkabir#267
"Mustafa U:(https://tr.wikipedia.org/wiki/Mustafa_%C3%87elebi_(I._Mehmed%27in_o%C4%9Flu))___ , ___E:Yusuf",https://tr.wikipedia.org/wiki/Yusuf_%C3%87elebi,1,II. Murad#15
Yusuf Arslan,https://tr.wikipedia.org/wiki/Yusuf_Aslan,2,Gemerek#3;Orta Doğu Teknik Üniversitesi#247
Yusuf Has Hacib,https://tr.wikipedia.org/wiki/Yusuf_Has_Hacib,1,Türkçe#75
Yusuf Kemal Bey,https://tr.wikipedia.org/wiki/Yusuf_Kemal_Tengir%C5%9Fek,1,Türkiye'de cumhuriyetin ilanı#26
Yusuf Kemal Tengirşenk,https://tr.wikipedia.org/wiki/Yusuf_Kemal_Tengir%C5%9Fenk,2,Lozan Barış Konferansı#6;Türk Kurtuluş Savaşı Güney Cephesi#36
"Çağrı Bey U:(https://tr.wikipedia.org/wiki/%C3%87a%C4%9Fr%C4%B1_(Horasan_Sel%C3%A7uklu_meliki))___ 'in kurduğu devlet devrin kaynakları tarafından, onun adına nisbetle Selçukıyân , Salâcıka veya Â-li Selçuk (Yüce Selçuklu) olarak verilir. ___E:Yusuf Yınal",https://tr.wikipedia.org/wiki/Yusuf_Y%C4%B1nal,1,Büyük Selçuklu İmparatorluğu#17
Yusuf Ziya Öniş,https://tr.wikipedia.org/wiki/Yusuf_Ziya_%C3%96ni%C5%9F,1,Türkiye Futbol Şampiyonası#14
Yusufeli,https://tr.wikipedia.org/wiki/Yusufeli,1,Karadeniz Bölgesi#56
Zübeyde Hanım,https://tr.wikipedia.org/wiki/Z%C3%BCbeyde_Han%C4%B1m,4,Mustafa Kemal Atatürk#286;Mustafa Kemal Atatürk#52;Mustafa Kemal Atatürk#736;Mustafa Kemal Atatürk#802
Zühtü Müridoğlu,https://tr.wikipedia.org/wiki/Z%C3%BCht%C3%BC_M%C3%BCrido%C4%9Flu,1,Anıtkabir#65
Zülkarneyn,https://tr.wikipedia.org/wiki/Z%C3%BClkarneyn,3,II. Kiros#230;İskender#17;İskender#20
zırhlısı,https://tr.wikipedia.org/wiki/Z%C4%B1rhl%C4%B1,1,Türk Kurtuluş Savaşı#60
Zağanos,https://tr.wikipedia.org/wiki/Za%C4%9Fanos_Pa%C5%9Fa,2,II. Murad#222;II. Murad#238
Zabıta,https://tr.wikipedia.org/wiki/Zab%C4%B1ta,1,Ankara Büyükşehir Belediyesi#18
Zaptiye,https://tr.wikipedia.org/wiki/Zabtiye_Nez%C3%A2reti,1,Ankara Büyükşehir Belediyesi#18
Zara,https://tr.wikipedia.org/wiki/Zadar,1,Bizans İmparatorluğu#288
Zafer Partisi,https://tr.wikipedia.org/wiki/Zafer_Partisi,1,2024 Türkiye yerel seçimleri#86
Zagros Dağları,https://tr.wikipedia.org/wiki/Zagros_Da%C4%9Flar%C4%B1,1,Ahameniş İmparatorluğu#19
Zaho,https://tr.wikipedia.org/wiki/Zaho,2,Türk Kurtuluş Savaşı#154;Türk Kurtuluş Savaşı#52
zakkum,https://tr.wikipedia.org/wiki/Zakkum,1,Orman#49
zaman,https://tr.wikipedia.org/wiki/Zaman,4,Türkçe#240;Türkçe#274;Türkçe#275;Türkçe#280
zaman dilimi,https://tr.wikipedia.org/wiki/Zaman_dilimi,1,UTC+03.00#1
Zap,https://tr.wikipedia.org/wiki/Zap_Suyu,1,Dicle#3
Zara,"https://tr.wikipedia.org/wiki/Zara,_Sivas",1,Sivas#11
Mehmet Zati Bey (Arca),https://tr.wikipedia.org/wiki/Zati_Arca,1,Meclis-i Mebûsan#34
zaviyelerin,https://tr.wikipedia.org/wiki/Zaviye,1,Mustafa Kemal Atatürk#592
Zazaca,https://tr.wikipedia.org/wiki/Zazaca,2,Türkiye#326;Türkiye#328
Zaza,https://tr.wikipedia.org/wiki/Zazalar,3,Anadolu#72;Türkiye#108;Türkiye#315
Zeamet,https://tr.wikipedia.org/wiki/Zeamet,1,Osmanlı İmparatorluğu#327
zehri,https://tr.wikipedia.org/wiki/Zehir,1,Ankara Muharebesi#220
Ebû'l-Kasım Zehrâvi,https://tr.wikipedia.org/wiki/Zehr%C3%A2v%C3%AE,1,Osmanlı İmparatorluğu#657
Zehra Aylin,https://tr.wikipedia.org/wiki/Zehra_Aylin,2,Mustafa Kemal Atatürk#800;Mustafa Kemal Atatürk#802
Kazvini,https://tr.wikipedia.org/wiki/Zekeriya_el-Kazvin%C3%AE,1,Anadolu Selçuklu Devleti#129
Zeki Velidi Togan,https://tr.wikipedia.org/wiki/Zeki_Velidi_Togan,2,Germiyanoğulları Beyliği#11;Timur#41
zemin mekaniği,https://tr.wikipedia.org/wiki/Zemin_mekani%C4%9Fi,1,Anıtkabir#52
Zen Budizmi,https://tr.wikipedia.org/wiki/Zen_Budizmi,1,Karate#1
Zengîler,https://tr.wikipedia.org/wiki/Zeng%C3%AEler,7,Anadolu Selçuklu Devleti#2;Büyük Selçuklu İmparatorluğu#2;Germiyanoğulları Beyliği#2;Karamanoğulları Beyliği#27;Osmanlı İmparatorluğu#2;Selçuklu Hanedanı#2;Timur İmparatorluğu#2
Zerdüşt,https://tr.wikipedia.org/wiki/Zerd%C3%BC%C5%9Ft,1,II. Kiros#189
Zerdüştlük,https://tr.wikipedia.org/wiki/Zerd%C3%BC%C5%9Ft%C3%A7%C3%BCl%C3%BCk,7,Ahameniş İmparatorluğu#117;Ahameniş İmparatorluğu#376;Ahameniş İmparatorluğu#434;Ahameniş İmparatorluğuCard#3;II. Kiros#16;II. Kiros#187;MedlerCard#4
Zerdüştlük,https://tr.wikipedia.org/wiki/Zerd%C3%BC%C5%9Ftl%C3%BCk,1,Farslar#32
Zeus,https://tr.wikipedia.org/wiki/Zeus,8,Antik Roma#215;Antik Yunanistan#234;Antik Yunanistan#290;Asklepios#14;Frigler#121;İskender#125;İskender#184;İskender#27
"devlet adamlarının, sanatçıların, bilim adamlarının, dostların",https://tr.wikipedia.org/wiki/Zev%C3%A2t-%C4%B1_Mutade,1,Mustafa Kemal Atatürk#765
Alavîler,https://tr.wikipedia.org/wiki/Zeyd%C3%AEler,1,Ahilik#1
Zeydan Karalar,https://tr.wikipedia.org/wiki/Zeydan_Karalar,1,2024 Türkiye yerel seçimleri#34
zeytin,https://tr.wikipedia.org/wiki/Zeytin,4,Antik Roma#128;Antik Yunanistan#198;Antik Yunanistan#214;Zeytinyağı#1
zeytin dalı,https://tr.wikipedia.org/wiki/Zeytin_dal%C4%B1,1,Anıtkabir#242
zeytinyağı,https://tr.wikipedia.org/wiki/Zeytinya%C4%9F%C4%B1,5,Ankara#43;Antik Roma#128;Antik Yunanistan#199;İstanbul#255;Şarap#36
Zhengzhou,https://tr.wikipedia.org/wiki/Zhengzhou,1,İstanbul#632
Zigetvar,https://tr.wikipedia.org/wiki/Zigetvar,1,Osmanlı İmparatorluğu#202
Zihne,https://tr.wikipedia.org/wiki/Zihne,1,I. Murad#83
Zile,https://tr.wikipedia.org/wiki/Zile,1,Karadeniz Bölgesi#27
Zinav,https://tr.wikipedia.org/wiki/Zinav_G%C3%B6l%C3%BC,1,Karadeniz Bölgesi#63
zincire,https://tr.wikipedia.org/wiki/Zincir,1,Çapa (denizcilik)#1
Zincirli,https://tr.wikipedia.org/wiki/Zincirli_H%C3%B6y%C3%BCk,2,Hititler#161;Hititler#226
"Şiraz U:(https://tr.wikipedia.org/w/index.php?title=%C5%9Eiraz_(%C3%BCz%C3%BCm)&action=edit&redlink=1)___ /Syrah, ___E:Zinfandel",https://tr.wikipedia.org/wiki/Zinfandel,1,Şarap#80
Ziraat Bankası Müzesi,https://tr.wikipedia.org/wiki/Ziraat_Bankas%C4%B1_M%C3%BCzesi,1,Ankara#106
Zitvatorok Antlaşması,https://tr.wikipedia.org/wiki/Zitvatorok_Antla%C5%9Fmas%C4%B1,1,Osmanlı İmparatorluğu#206
Ziya Gökalp,https://tr.wikipedia.org/wiki/Ziya_G%C3%B6kalp,2,Anıtkabir#94;Türkçe#145
Ziya Payzın,https://tr.wikipedia.org/wiki/Ziya_Payz%C4%B1n,1,Türkiye Büyük Millet Meclisi#256
Sofya Palaiologina,https://tr.wikipedia.org/wiki/Zoi_Palaiologina,1,Bizans İmparatorluğu#350
Zonguldak,https://tr.wikipedia.org/wiki/Zonguldak,3,Karadeniz Bölgesi#8;Karadeniz Bölgesi#83;Mustafa Kemal Atatürk#479
Zonguldak,https://tr.wikipedia.org/wiki/Zonguldak_Havaliman%C4%B1,1,Karadeniz Bölgesi#86
askere alma,https://tr.wikipedia.org/wiki/Zorunlu_askerlik,3,Cumhuriyet Halk Partisi#39;II. Kiros#241;Türkiye#194
zurna,https://tr.wikipedia.org/wiki/Zurna,2,Balâ#33;Sivas#11
2012/1746 esas ve 2013/952 kararla,https://tr.wikisource.org/wiki/Beyo%C4%9Flu_S%C3%BCryani_Kadim_Meryemana_Kilisesi_Vakf%C4%B1_2013,1,Türkiye#318
Kemal öz adlı Cümhur Reisimize verilen soyadı hakkında kanun,https://tr.wikisource.org/wiki/Kemal_%C3%B6z_atl%C4%B1_C%C3%BCmhur_Reisimize_verilen_soy_ad%C4%B1_hakk%C4%B1nda_kanun,2,Mustafa Kemal Atatürk#31;Mustafa Kemal Atatürk#754
型,https://tr.wiktionary.org/wiki/%E5%9E%8B,1,Karate#49
𐎿𐎱𐎼𐎭,https://tr.wiktionary.org/wiki/%F0%90%8E%BF%F0%90%8E%B1%F0%90%8E%BC%F0%90%8E%AD,1,Lidyalılar#1
Kamâl,https://tr.wiktionary.org/wiki/Kam%C3%A2l,1,Mustafa Kemal Atatürk#41
alem,https://tr.wiktionary.org/wiki/alem,1,Anıtkabir#183
kabara,https://tr.wiktionary.org/wiki/kabara,1,Anıtkabir#198
kaputlu,https://tr.wiktionary.org/wiki/kaput,1,Anıtkabir#178
kolektif,https://tr.wiktionary.org/wiki/kolektif,1,Kimmerler#81
mesire,https://tr.wiktionary.org/wiki/mesire,1,Ankara tavası#5
vakayinameleri,https://tr.wiktionary.org/wiki/vakayiname,1,Ankara Muharebesi#221
yaba,https://tr.wiktionary.org/wiki/yaba,1,Anıtkabir#143
yamçılı,https://tr.wiktionary.org/wiki/yam%C3%A7%C4%B1,1,Anıtkabir#178
