E,U,Frekans,Kaynak_IDler
Mexican American,https://en.wikipedia.org/wiki/Mexican_Americans,6,Hispanic and Latino Americans - Wikipedia#107;Hispanic and Latino Americans - Wikipedia#134;Hispanic and Latino Americans - Wikipedia#32;Hispanic and Latino Americans - Wikipedia#448;Hispanic and Latino Americans - Wikipedia#465;Hispanic and Latino Americans - Wikipedia#554
Spanish,https://en.wikipedia.org/wiki/Spanish_language,5,Hispanic and Latino Americans - Wikipedia#114;Hispanic and Latino Americans - Wikipedia#256;Hispanic and Latino Americans - Wikipedia#28;Hispanic and Latino Americans - Wikipedia#605;Hispanic and Latino Americans - Wikipedia#7
American Southwest,https://en.wikipedia.org/wiki/Southwestern_United_States,5,Hispanic and Latino Americans - Wikipedia#13;Hispanic and Latino Americans - Wikipedia#24;Hispanic and Latino Americans - Wikipedia#270;Hispanic and Latino Americans - Wikipedia#285;Hispanic and Latino Americans - Wikipedia#92
U.S. Census Bureau,https://en.wikipedia.org/wiki/United_States_Census_Bureau,4,Hispanic and Latino Americans - Wikipedia#115;Hispanic and Latino Americans - Wikipedia#18;Hispanic and Latino Americans - Wikipedia#3;Hispanic and Latino Americans - Wikipedia#554
Florida,https://en.wikipedia.org/wiki/Florida,4,Hispanic and Latino Americans - Wikipedia#294;Hispanic and Latino Americans - Wikipedia#437;Hispanic and Latino Americans - Wikipedia#60;Hispanic and Latino Americans - Wikipedia#94
Jennifer Lopez,https://en.wikipedia.org/wiki/Jennifer_Lopez,4,Hispanic and Latino Americans - Wikipedia#110;Hispanic and Latino Americans - Wikipedia#286;Hispanic and Latino Americans - Wikipedia#487;Hispanic and Latino Americans - Wikipedia#507
Colorado,https://en.wikipedia.org/wiki/Colorado,4,Hispanic and Latino Americans - Wikipedia#104;Hispanic and Latino Americans - Wikipedia#271;Hispanic and Latino Americans - Wikipedia#437;Hispanic and Latino Americans - Wikipedia#60
Puerto Rican,https://en.wikipedia.org/wiki/Puerto_Rico,4,Hispanic and Latino Americans - Wikipedia#109;Hispanic and Latino Americans - Wikipedia#28;Hispanic and Latino Americans - Wikipedia#507;Hispanic and Latino Americans - Wikipedia#60
Texas,https://en.wikipedia.org/wiki/Texas,4,Hispanic and Latino Americans - Wikipedia#294;Hispanic and Latino Americans - Wikipedia#60;Hispanic and Latino Americans - Wikipedia#90;Hispanic and Latino Americans - Wikipedia#92
New York City,https://en.wikipedia.org/wiki/New_York_City,4,Hispanic and Latino Americans - Wikipedia#109;Hispanic and Latino Americans - Wikipedia#280;Hispanic and Latino Americans - Wikipedia#442;Hispanic and Latino Americans - Wikipedia#91
Dominican,https://en.wikipedia.org/wiki/Dominican_Americans,4,Hispanic and Latino Americans - Wikipedia#123;Hispanic and Latino Americans - Wikipedia#135;Hispanic and Latino Americans - Wikipedia#93;Hispanic and Latino Americans - Wikipedia#98
Puerto Rican,https://en.wikipedia.org/wiki/Puerto_Ricans,4,Hispanic and Latino Americans - Wikipedia#135;Hispanic and Latino Americans - Wikipedia#32;Hispanic and Latino Americans - Wikipedia#8;Hispanic and Latino Americans - Wikipedia#98
Nevada,https://en.wikipedia.org/wiki/Nevada,3,Hispanic and Latino Americans - Wikipedia#437;Hispanic and Latino Americans - Wikipedia#549;Hispanic and Latino Americans - Wikipedia#60
Chicano,https://en.wikipedia.org/wiki/Chicano,3,Hispanic and Latino Americans - Wikipedia#270;Hispanic and Latino Americans - Wikipedia#285;Hispanic and Latino Americans - Wikipedia#502
New Mexico,https://en.wikipedia.org/wiki/New_Mexico,3,Hispanic and Latino Americans - Wikipedia#271;Hispanic and Latino Americans - Wikipedia#549;Hispanic and Latino Americans - Wikipedia#60
Ronald Reagan,https://en.wikipedia.org/wiki/Ronald_Reagan,3,Hispanic and Latino Americans - Wikipedia#454;Hispanic and Latino Americans - Wikipedia#551;Hispanic and Latino Americans - Wikipedia#74
Spain,https://en.wikipedia.org/wiki/Spain,3,Hispanic and Latino Americans - Wikipedia#104;Hispanic and Latino Americans - Wikipedia#28;Hispanic and Latino Americans - Wikipedia#512
Ken Salazar,https://en.wikipedia.org/wiki/Ken_Salazar,3,Hispanic and Latino Americans - Wikipedia#415;Hispanic and Latino Americans - Wikipedia#545;Hispanic and Latino Americans - Wikipedia#552
African Americans,https://en.wikipedia.org/wiki/African_Americans,3,Hispanic and Latino Americans - Wikipedia#131;Hispanic and Latino Americans - Wikipedia#371;Hispanic and Latino Americans - Wikipedia#377
California,https://en.wikipedia.org/wiki/California,3,Hispanic and Latino Americans - Wikipedia#60;Hispanic and Latino Americans - Wikipedia#90;Hispanic and Latino Americans - Wikipedia#92
Bill Richardson,https://en.wikipedia.org/wiki/Bill_Richardson,3,Hispanic and Latino Americans - Wikipedia#414;Hispanic and Latino Americans - Wikipedia#550;Hispanic and Latino Americans - Wikipedia#78
LGBT,https://en.wikipedia.org/wiki/LGBT,3,Hispanic and Latino Americans - Wikipedia#372;Hispanic and Latino Americans - Wikipedia#373;Hispanic and Latino Americans - Wikipedia#376
Cuban Americans,https://en.wikipedia.org/wiki/Cuban_Americans,3,Hispanic and Latino Americans - Wikipedia#447;Hispanic and Latino Americans - Wikipedia#94;Hispanic and Latino Americans - Wikipedia#98
"Latino U:(https://en.wikipedia.org/wiki/Latino_(demonym))___ , regardless of ___E:race",https://en.wikipedia.org/wiki/Race_and_ethnicity_in_the_United_States_census,3,Hispanic and Latino Americans - Wikipedia#121;Hispanic and Latino Americans - Wikipedia#2;Hispanic and Latino Americans - Wikipedia#7
West Coast,https://en.wikipedia.org/wiki/West_Coast_of_the_United_States,3,Hispanic and Latino Americans - Wikipedia#13;Hispanic and Latino Americans - Wikipedia#134;Hispanic and Latino Americans - Wikipedia#50
San Antonio,https://en.wikipedia.org/wiki/San_Antonio,2,Hispanic and Latino Americans - Wikipedia#280;Hispanic and Latino Americans - Wikipedia#56
xenophobia,https://en.wikipedia.org/wiki/Xenophobia,2,Hispanic and Latino Americans - Wikipedia#604;Hispanic and Latino Americans - Wikipedia#605
Sonia Sotomayor,https://en.wikipedia.org/wiki/Sonia_Sotomayor,2,Hispanic and Latino Americans - Wikipedia#110;Hispanic and Latino Americans - Wikipedia#553
Los Angeles,https://en.wikipedia.org/wiki/Los_Angeles,2,Hispanic and Latino Americans - Wikipedia#280;Hispanic and Latino Americans - Wikipedia#56
basketball,https://en.wikipedia.org/wiki/Basketball,2,Hispanic and Latino Americans - Wikipedia#317;Hispanic and Latino Americans - Wikipedia#583
ethnicity,https://en.wikipedia.org/wiki/Race_and_ethnicity_in_the_United_States_Census,2,Hispanic and Latino Americans - Wikipedia#114
Celia Cruz,https://en.wikipedia.org/wiki/Celia_Cruz,2,Hispanic and Latino Americans - Wikipedia#487;Hispanic and Latino Americans - Wikipedia#489
Bob Menendez,https://en.wikipedia.org/wiki/Bob_Menendez,2,Hispanic and Latino Americans - Wikipedia#401;Hispanic and Latino Americans - Wikipedia#547
Mexican Spanish,https://en.wikipedia.org/wiki/Mexican_Spanish,2,Hispanic and Latino Americans - Wikipedia#270;Hispanic and Latino Americans - Wikipedia#274
Afro-Hispanics,https://en.wikipedia.org/wiki/Black_Hispanic_and_Latino_Americans,2,Hispanic and Latino Americans - Wikipedia#123;Hispanic and Latino Americans - Wikipedia#529
Alexandria Ocasio-Cortez,https://en.wikipedia.org/wiki/Alexandria_Ocasio-Cortez,2,Hispanic and Latino Americans - Wikipedia#110;Hispanic and Latino Americans - Wikipedia#442
Millennials,https://en.wikipedia.org/wiki/Millennials,2,Hispanic and Latino Americans - Wikipedia#136;Hispanic and Latino Americans - Wikipedia#372
NAEP,https://en.wikipedia.org/wiki/National_Assessment_of_Educational_Progress,2,Hispanic and Latino Americans - Wikipedia#144;Hispanic and Latino Americans - Wikipedia#147
New Mexican Spanish,https://en.wikipedia.org/wiki/New_Mexican_Spanish,2,Hispanic and Latino Americans - Wikipedia#271;Hispanic and Latino Americans - Wikipedia#272
Luis Gutiérrez,https://en.wikipedia.org/wiki/Luis_Guti%C3%A9rrez,2,Hispanic and Latino Americans - Wikipedia#401;Hispanic and Latino Americans - Wikipedia#544
"Feliz Navidad U:(https://en.wikipedia.org/wiki/Feliz_Navidad_(song))___ "" by ___E:José Feliciano",https://en.wikipedia.org/wiki/Jos%C3%A9_Feliciano,2,Hispanic and Latino Americans - Wikipedia#487;Hispanic and Latino Americans - Wikipedia#492
Ricky Martin,https://en.wikipedia.org/wiki/Ricky_Martin,2,Hispanic and Latino Americans - Wikipedia#485;Hispanic and Latino Americans - Wikipedia#487
Mexican–American War,https://en.wikipedia.org/wiki/Mexican%E2%80%93American_War,2,Hispanic and Latino Americans - Wikipedia#15;Hispanic and Latino Americans - Wikipedia#24
Becky G,https://en.wikipedia.org/wiki/Becky_G,2,Hispanic and Latino Americans - Wikipedia#487;Hispanic and Latino Americans - Wikipedia#498
Mariah Carey,https://en.wikipedia.org/wiki/Mariah_Carey,2,Hispanic and Latino Americans - Wikipedia#487;Hispanic and Latino Americans - Wikipedia#492
League of United Latin American Citizens,https://en.wikipedia.org/wiki/League_of_United_Latin_American_Citizens,2,Hispanic and Latino Americans - Wikipedia#389;Hispanic and Latino Americans - Wikipedia#71
United Farm Workers,https://en.wikipedia.org/wiki/United_Farm_Workers,2,Hispanic and Latino Americans - Wikipedia#389;Hispanic and Latino Americans - Wikipedia#71
Hispanos of New Mexico,https://en.wikipedia.org/wiki/Hispanos_of_New_Mexico,2,Hispanic and Latino Americans - Wikipedia#107;Hispanic and Latino Americans - Wikipedia#24
House of Representatives,https://en.wikipedia.org/wiki/United_States_House_of_Representatives,2,Hispanic and Latino Americans - Wikipedia#465;Hispanic and Latino Americans - Wikipedia#543
Miami,https://en.wikipedia.org/wiki/Miami,2,Hispanic and Latino Americans - Wikipedia#280;Hispanic and Latino Americans - Wikipedia#323
Pew Research Center,https://en.wikipedia.org/wiki/Pew_Research_Center,2,Hispanic and Latino Americans - Wikipedia#28;Hispanic and Latino Americans - Wikipedia#444
Latin America,https://en.wikipedia.org/wiki/Latin_America,2,Hispanic and Latino Americans - Wikipedia#260;Hispanic and Latino Americans - Wikipedia#28
Selena Gomez,https://en.wikipedia.org/wiki/Selena_Gomez,2,Hispanic and Latino Americans - Wikipedia#486;Hispanic and Latino Americans - Wikipedia#487
Ritchie Valens,https://en.wikipedia.org/wiki/Ritchie_Valens,2,Hispanic and Latino Americans - Wikipedia#487;Hispanic and Latino Americans - Wikipedia#491
Marco Rubio,https://en.wikipedia.org/wiki/Marco_Rubio,2,Hispanic and Latino Americans - Wikipedia#434;Hispanic and Latino Americans - Wikipedia#547
Iraq War,https://en.wikipedia.org/wiki/Iraq_War,2,Hispanic and Latino Americans - Wikipedia#416;Hispanic and Latino Americans - Wikipedia#558
Gloria Estefan,https://en.wikipedia.org/wiki/Gloria_Estefan,2,Hispanic and Latino Americans - Wikipedia#284;Hispanic and Latino Americans - Wikipedia#487
Lauro Cavazos,https://en.wikipedia.org/wiki/Lauro_Cavazos,2,Hispanic and Latino Americans - Wikipedia#551;Hispanic and Latino Americans - Wikipedia#78
Spanish,https://en.wikipedia.org/wiki/Spanish_Americans,2,Hispanic and Latino Americans - Wikipedia#103;Hispanic and Latino Americans - Wikipedia#107
machismo,https://en.wikipedia.org/wiki/Machismo,2,Hispanic and Latino Americans - Wikipedia#375;Hispanic and Latino Americans - Wikipedia#500
military,https://en.wikipedia.org/wiki/Military_of_the_United_States,2,Hispanic and Latino Americans - Wikipedia#481;Hispanic and Latino Americans - Wikipedia#558
Venezuela,https://en.wikipedia.org/wiki/Venezuela,2,Hispanic and Latino Americans - Wikipedia#475;Hispanic and Latino Americans - Wikipedia#91
Mitt Romney,https://en.wikipedia.org/wiki/Mitt_Romney,2,Hispanic and Latino Americans - Wikipedia#435;Hispanic and Latino Americans - Wikipedia#436
Colombia,https://en.wikipedia.org/wiki/Colombia,2,Hispanic and Latino Americans - Wikipedia#513;Hispanic and Latino Americans - Wikipedia#91
Honduras,https://en.wikipedia.org/wiki/Honduras,2,Hispanic and Latino Americans - Wikipedia#475;Hispanic and Latino Americans - Wikipedia#91
George Lopez,https://en.wikipedia.org/wiki/George_Lopez,2,Hispanic and Latino Americans - Wikipedia#285;Hispanic and Latino Americans - Wikipedia#522
Louisiana,https://en.wikipedia.org/wiki/Louisiana,2,Hispanic and Latino Americans - Wikipedia#107;Hispanic and Latino Americans - Wikipedia#273
Great Plains,https://en.wikipedia.org/wiki/Great_Plains,2,Hispanic and Latino Americans - Wikipedia#49;Hispanic and Latino Americans - Wikipedia#96
Atlantic Coast,https://en.wikipedia.org/wiki/East_Coast_of_the_United_States,2,Hispanic and Latino Americans - Wikipedia#273;Hispanic and Latino Americans - Wikipedia#50
Puerto Rican,https://en.wikipedia.org/wiki/Stateside_Puerto_Ricans,2,Hispanic and Latino Americans - Wikipedia#477;Hispanic and Latino Americans - Wikipedia#93
Selena,https://en.wikipedia.org/wiki/Selena,2,Hispanic and Latino Americans - Wikipedia#285;Hispanic and Latino Americans - Wikipedia#487
Álvar Núñez Cabeza de Vaca,https://en.wikipedia.org/wiki/%C3%81lvar_N%C3%BA%C3%B1ez_Cabeza_de_Vaca,2,Hispanic and Latino Americans - Wikipedia#51;Hispanic and Latino Americans - Wikipedia#54
Salvadoran,https://en.wikipedia.org/wiki/Salvadoran_Americans,2,Hispanic and Latino Americans - Wikipedia#94;Hispanic and Latino Americans - Wikipedia#98
National Council of La Raza,https://en.wikipedia.org/wiki/National_Council_of_La_Raza,2,Hispanic and Latino Americans - Wikipedia#389;Hispanic and Latino Americans - Wikipedia#483
Mexican,https://en.wikipedia.org/wiki/Mexico,2,Hispanic and Latino Americans - Wikipedia#323;Hispanic and Latino Americans - Wikipedia#508
Cardi B,https://en.wikipedia.org/wiki/Cardi_B,2,Hispanic and Latino Americans - Wikipedia#286;Hispanic and Latino Americans - Wikipedia#487
Arizona,https://en.wikipedia.org/wiki/Arizona,2,Hispanic and Latino Americans - Wikipedia#53;Hispanic and Latino Americans - Wikipedia#60
Kansas,https://en.wikipedia.org/wiki/Kansas,2,Hispanic and Latino Americans - Wikipedia#53;Hispanic and Latino Americans - Wikipedia#60
COVID-19 coronavirus,https://en.wikipedia.org/wiki/COVID-19_pandemic_in_the_United_States,2,Hispanic and Latino Americans - Wikipedia#185;Hispanic and Latino Americans - Wikipedia#448
American cinema,https://en.wikipedia.org/wiki/Cinema_of_the_United_States,2,Hispanic and Latino Americans - Wikipedia#499;Hispanic and Latino Americans - Wikipedia#506
Jessica Alba,https://en.wikipedia.org/wiki/Jessica_Alba,2,Hispanic and Latino Americans - Wikipedia#503;Hispanic and Latino Americans - Wikipedia#508
Dolores del Río,https://en.wikipedia.org/wiki/Dolores_del_R%C3%ADo,2,Hispanic and Latino Americans - Wikipedia#508;Hispanic and Latino Americans - Wikipedia#514
Ricardo Montalbán,https://en.wikipedia.org/wiki/Ricardo_Montalb%C3%A1n,2,Hispanic and Latino Americans - Wikipedia#508;Hispanic and Latino Americans - Wikipedia#523
John Leguizamo,https://en.wikipedia.org/wiki/John_Leguizamo,2,Hispanic and Latino Americans - Wikipedia#513;Hispanic and Latino Americans - Wikipedia#529
Freddie Prinze,https://en.wikipedia.org/wiki/Freddie_Prinze,2,Hispanic and Latino Americans - Wikipedia#522;Hispanic and Latino Americans - Wikipedia#523
America Ferrera,https://en.wikipedia.org/wiki/America_Ferrera,2,Hispanic and Latino Americans - Wikipedia#523
CBS,https://en.wikipedia.org/wiki/CBS,2,Hispanic and Latino Americans - Wikipedia#524;Hispanic and Latino Americans - Wikipedia#539
Romualdo Pacheco,https://en.wikipedia.org/wiki/Romualdo_Pacheco,2,Hispanic and Latino Americans - Wikipedia#543;Hispanic and Latino Americans - Wikipedia#550
Octaviano Ambrosio Larrazolo,https://en.wikipedia.org/wiki/Octaviano_Ambrosio_Larrazolo,2,Hispanic and Latino Americans - Wikipedia#545;Hispanic and Latino Americans - Wikipedia#550
El Salvador,https://en.wikipedia.org/wiki/El_Salvador,2,Hispanic and Latino Americans - Wikipedia#475;Hispanic and Latino Americans - Wikipedia#513
Nobel Prize,https://en.wikipedia.org/wiki/Nobel_Prize,2,Hispanic and Latino Americans - Wikipedia#564;Hispanic and Latino Americans - Wikipedia#565
Monica Puig,https://en.wikipedia.org/wiki/Monica_Puig,2,Hispanic and Latino Americans - Wikipedia#581;Hispanic and Latino Americans - Wikipedia#588
College Football Hall of Fame,https://en.wikipedia.org/wiki/College_Football_Hall_of_Fame,2,Hispanic and Latino Americans - Wikipedia#583
Iván Rodríguez,https://en.wikipedia.org/wiki/Iv%C3%A1n_Rodr%C3%ADguez,2,Hispanic and Latino Americans - Wikipedia#585;Hispanic and Latino Americans - Wikipedia#586
"Carlos González U:(https://en.wikipedia.org/wiki/Carlos_Gonz%C3%A1lez_(baseball))___ , ___E:Roberto Clemente",https://en.wikipedia.org/wiki/Roberto_Clemente,2,Hispanic and Latino Americans - Wikipedia#585;Hispanic and Latino Americans - Wikipedia#586
Juan Marichal,https://en.wikipedia.org/wiki/Juan_Marichal,2,Hispanic and Latino Americans - Wikipedia#585;Hispanic and Latino Americans - Wikipedia#586
non-Hispanic White,https://en.wikipedia.org/wiki/Non-Hispanic_whites,2,Hispanic and Latino Americans - Wikipedia#131;Hispanic and Latino Americans - Wikipedia#3
Iberian Peninsula,https://en.wikipedia.org/wiki/Iberian_Peninsula,2,Hispanic and Latino Americans - Wikipedia#498;Hispanic and Latino Americans - Wikipedia#5
Indigenous American,https://en.wikipedia.org/wiki/Indigenous_peoples_of_the_Americas,2,Hispanic and Latino Americans - Wikipedia#12;Hispanic and Latino Americans - Wikipedia#6
MLB,https://en.wikipedia.org/wiki/Major_League_Baseball,2,Hispanic and Latino Americans - Wikipedia#316;Hispanic and Latino Americans - Wikipedia#585
Tejanos,https://en.wikipedia.org/wiki/Tejano,2,Hispanic and Latino Americans - Wikipedia#107;Hispanic and Latino Americans - Wikipedia#285
Cuban,https://en.wikipedia.org/wiki/Cubans,2,Hispanic and Latino Americans - Wikipedia#323;Hispanic and Latino Americans - Wikipedia#8
Native American,https://en.wikipedia.org/wiki/Native_Americans_in_the_United_States,2,Hispanic and Latino Americans - Wikipedia#12;Hispanic and Latino Americans - Wikipedia#131
Boxing,https://en.wikipedia.org/wiki/Boxing,2,Hispanic and Latino Americans - Wikipedia#317;Hispanic and Latino Americans - Wikipedia#595
football,https://en.wikipedia.org/wiki/American_football,2,Hispanic and Latino Americans - Wikipedia#317;Hispanic and Latino Americans - Wikipedia#583
Hispanic,https://en.wikipedia.org/wiki/Hispanic,2,Hispanic and Latino Americans - Wikipedia#1;Hispanic and Latino Americans - Wikipedia#2
depression U:(https://en.wikipedia.org/wiki/Depression_(mood))___ and ___E:anxiety,https://en.wikipedia.org/wiki/Anxiety,1,Hispanic and Latino Americans - Wikipedia#614
9/11,https://en.wikipedia.org/wiki/September_11_attacks,1,Hispanic and Latino Americans - Wikipedia#616
Deferred Action for Childhood Arrivals,https://en.wikipedia.org/wiki/Deferred_Action_for_Childhood_Arrivals,1,Hispanic and Latino Americans - Wikipedia#637
Janet Napolitano,https://en.wikipedia.org/wiki/Janet_Napolitano,1,Hispanic and Latino Americans - Wikipedia#637
Secretary of Homeland Security,https://en.wikipedia.org/wiki/Secretary_of_Homeland_Security,1,Hispanic and Latino Americans - Wikipedia#637
Obama administration,https://en.wikipedia.org/wiki/Obama_administration,1,Hispanic and Latino Americans - Wikipedia#637
high school,https://en.wikipedia.org/wiki/High_school,1,Hispanic and Latino Americans - Wikipedia#641
US Armed Forces,https://en.wikipedia.org/wiki/US_Armed_Forces,1,Hispanic and Latino Americans - Wikipedia#641
Coast Guard,https://en.wikipedia.org/wiki/United_States_Coast_Guard,1,Hispanic and Latino Americans - Wikipedia#641
New York,https://en.wikipedia.org/wiki/New_York_metropolitan_area,1,Hispanic and Latino Americans - Wikipedia#15
New Jersey metropolitan area,https://en.wikipedia.org/wiki/Hispanics_and_Latinos_in_New_Jersey,1,Hispanic and Latino Americans - Wikipedia#15
ethnicity,https://en.wikipedia.org/wiki/Ethnicity,1,Hispanic and Latino Americans - Wikipedia#16
Smithsonian Institution,https://en.wikipedia.org/wiki/Smithsonian_Institution,1,Hispanic and Latino Americans - Wikipedia#21
Brazilians,https://en.wikipedia.org/wiki/Brazilians,1,Hispanic and Latino Americans - Wikipedia#21
1970 United States census,https://en.wikipedia.org/wiki/1970_United_States_census,1,Hispanic and Latino Americans - Wikipedia#25
OMB,https://en.wikipedia.org/wiki/Office_of_Management_and_Budget,1,Hispanic and Latino Americans - Wikipedia#27
Brazil,https://en.wikipedia.org/wiki/Brazil,1,Hispanic and Latino Americans - Wikipedia#28
Latino U:(https://en.wikipedia.org/wiki/Latino_(demonym))___ and Latina are words from ___E:Italy,https://en.wikipedia.org/wiki/Italy,1,Hispanic and Latino Americans - Wikipedia#29
ancient Rome,https://en.wikipedia.org/wiki/Ancient_Rome,1,Hispanic and Latino Americans - Wikipedia#29
Brazilian Americans,https://en.wikipedia.org/wiki/Brazilian_Americans,1,Hispanic and Latino Americans - Wikipedia#33
Italian Americans,https://en.wikipedia.org/wiki/Italian_Americans,1,Hispanic and Latino Americans - Wikipedia#33
neologism,https://en.wikipedia.org/wiki/Neologism,1,Hispanic and Latino Americans - Wikipedia#38
gender binary,https://en.wikipedia.org/wiki/Non-binary_gender,1,Hispanic and Latino Americans - Wikipedia#39
Northwestern University,https://en.wikipedia.org/wiki/Northwestern_University,1,Hispanic and Latino Americans - Wikipedia#44
American Community Survey,https://en.wikipedia.org/wiki/American_Community_Survey,1,Hispanic and Latino Americans - Wikipedia#45
Portuguese Americans,https://en.wikipedia.org/wiki/Portuguese_Americans,1,Hispanic and Latino Americans - Wikipedia#46
Filipino Americans,https://en.wikipedia.org/wiki/Filipino_Americans,1,Hispanic and Latino Americans - Wikipedia#46
Juan Ponce de León,https://en.wikipedia.org/wiki/Juan_Ponce_de_Le%C3%B3n,1,Hispanic and Latino Americans - Wikipedia#48
Appalachian Mountains,https://en.wikipedia.org/wiki/Appalachian_Mountains,1,Hispanic and Latino Americans - Wikipedia#49
Mississippi River,https://en.wikipedia.org/wiki/Mississippi_River,1,Hispanic and Latino Americans - Wikipedia#49
Grand Canyon,https://en.wikipedia.org/wiki/Grand_Canyon,1,Hispanic and Latino Americans - Wikipedia#49
"Bangor, Maine","https://en.wikipedia.org/wiki/Bangor,_Maine",1,Hispanic and Latino Americans - Wikipedia#50
Oregon,https://en.wikipedia.org/wiki/Oregon,1,Hispanic and Latino Americans - Wikipedia#50
Estevanico,https://en.wikipedia.org/wiki/Estevanico,1,Hispanic and Latino Americans - Wikipedia#51
Gulf of California,https://en.wikipedia.org/wiki/Gulf_of_California,1,Hispanic and Latino Americans - Wikipedia#51
Hernando de Soto,https://en.wikipedia.org/wiki/Hernando_de_Soto,1,Hispanic and Latino Americans - Wikipedia#52
Francisco Vásquez de Coronado,https://en.wikipedia.org/wiki/Francisco_V%C3%A1squez_de_Coronado,1,Hispanic and Latino Americans - Wikipedia#53
Alonso Alvarez de Pineda,https://en.wikipedia.org/wiki/Alonso_Alvarez_de_Pineda,1,Hispanic and Latino Americans - Wikipedia#54
Lucas Vázquez de Ayllón,https://en.wikipedia.org/wiki/Lucas_V%C3%A1zquez_de_Ayll%C3%B3n,1,Hispanic and Latino Americans - Wikipedia#54
Pánfilo de Narváez,https://en.wikipedia.org/wiki/P%C3%A1nfilo_de_Narv%C3%A1ez,1,Hispanic and Latino Americans - Wikipedia#54
Sebastián Vizcaíno,https://en.wikipedia.org/wiki/Sebasti%C3%A1n_Vizca%C3%ADno,1,Hispanic and Latino Americans - Wikipedia#54
Gaspar de Portolà,https://en.wikipedia.org/wiki/Gaspar_de_Portol%C3%A0,1,Hispanic and Latino Americans - Wikipedia#54
Pedro Menéndez de Avilés,https://en.wikipedia.org/wiki/Pedro_Men%C3%A9ndez_de_Avil%C3%A9s,1,Hispanic and Latino Americans - Wikipedia#54
Tristán de Luna y Arellano,https://en.wikipedia.org/wiki/Trist%C3%A1n_de_Luna_y_Arellano,1,Hispanic and Latino Americans - Wikipedia#54
Juan de Oñate,https://en.wikipedia.org/wiki/Juan_de_O%C3%B1ate,1,Hispanic and Latino Americans - Wikipedia#54
Juan Rodríguez Cabrillo,https://en.wikipedia.org/wiki/Juan_Rodr%C3%ADguez_Cabrillo,1,Hispanic and Latino Americans - Wikipedia#54
"St. Augustine, Florida","https://en.wikipedia.org/wiki/St._Augustine,_Florida",1,Hispanic and Latino Americans - Wikipedia#55
"Santa Fe, New Mexico","https://en.wikipedia.org/wiki/Santa_Fe,_New_Mexico",1,Hispanic and Latino Americans - Wikipedia#56
El Paso,"https://en.wikipedia.org/wiki/El_Paso,_Texas",1,Hispanic and Latino Americans - Wikipedia#56
Tucson,"https://en.wikipedia.org/wiki/Tucson,_Arizona",1,Hispanic and Latino Americans - Wikipedia#56
Albuquerque,"https://en.wikipedia.org/wiki/Albuquerque,_New_Mexico",1,Hispanic and Latino Americans - Wikipedia#56
San Diego,https://en.wikipedia.org/wiki/San_Diego,1,Hispanic and Latino Americans - Wikipedia#56
San Francisco,https://en.wikipedia.org/wiki/San_Francisco,1,Hispanic and Latino Americans - Wikipedia#56
American Continent,https://en.wikipedia.org/wiki/American_Continent,1,Hispanic and Latino Americans - Wikipedia#57
furs,https://en.wikipedia.org/wiki/Fur,1,Hispanic and Latino Americans - Wikipedia#58
"hides U:(https://en.wikipedia.org/wiki/Hide_(skin))___ , ___E:agricultural",https://en.wikipedia.org/wiki/Agricultural,1,Hispanic and Latino Americans - Wikipedia#58
American Revolutionary War,https://en.wikipedia.org/wiki/American_Revolutionary_War,1,Hispanic and Latino Americans - Wikipedia#59
aided and fought,https://en.wikipedia.org/wiki/Spain_in_the_American_Revolutionary_War,1,Hispanic and Latino Americans - Wikipedia#59
U.S states,https://en.wikipedia.org/wiki/U.S._state,1,Hispanic and Latino Americans - Wikipedia#60
Utah,https://en.wikipedia.org/wiki/Utah,1,Hispanic and Latino Americans - Wikipedia#60
Oklahoma,https://en.wikipedia.org/wiki/Oklahoma,1,Hispanic and Latino Americans - Wikipedia#60
Wyoming,https://en.wikipedia.org/wiki/Wyoming,1,Hispanic and Latino Americans - Wikipedia#60
Treaty of Guadalupe Hidalgo,https://en.wikipedia.org/wiki/Treaty_of_Guadalupe_Hidalgo,1,Hispanic and Latino Americans - Wikipedia#60
Mexican-American War,https://en.wikipedia.org/wiki/Mexican-American_War,1,Hispanic and Latino Americans - Wikipedia#60
Adams-Onís treaty,https://en.wikipedia.org/wiki/Adams-On%C3%ADs_treaty,1,Hispanic and Latino Americans - Wikipedia#60
U.S territory,https://en.wikipedia.org/wiki/Territories_of_the_United_States,1,Hispanic and Latino Americans - Wikipedia#60
Spanish-American War,https://en.wikipedia.org/wiki/Spanish%E2%80%93American_War,1,Hispanic and Latino Americans - Wikipedia#60
Anglo-Americans,https://en.wikipedia.org/wiki/Anglo,1,Hispanic and Latino Americans - Wikipedia#62
immigration law,https://en.wikipedia.org/wiki/Immigration_to_the_United_States,1,Hispanic and Latino Americans - Wikipedia#67
Lyndon B. Johnson,https://en.wikipedia.org/wiki/Lyndon_B._Johnson,1,Hispanic and Latino Americans - Wikipedia#73
Congress,https://en.wikipedia.org/wiki/United_States_Congress,1,Hispanic and Latino Americans - Wikipedia#73
National Hispanic Heritage Month,https://en.wikipedia.org/wiki/National_Hispanic_Heritage_Month,1,Hispanic and Latino Americans - Wikipedia#74
Edward Roybal,https://en.wikipedia.org/wiki/Edward_Roybal,1,Hispanic and Latino Americans - Wikipedia#77
Henry B. González,https://en.wikipedia.org/wiki/Henry_B._Gonz%C3%A1lez,1,Hispanic and Latino Americans - Wikipedia#77
Dennis Chávez,https://en.wikipedia.org/wiki/Dennis_Ch%C3%A1vez,1,Hispanic and Latino Americans - Wikipedia#77
"Washington, D.C.","https://en.wikipedia.org/wiki/Washington,_D.C.",1,Hispanic and Latino Americans - Wikipedia#91
Ecuador,https://en.wikipedia.org/wiki/Ecuador,1,Hispanic and Latino Americans - Wikipedia#91
Northeast,https://en.wikipedia.org/wiki/Northeastern_United_States,1,Hispanic and Latino Americans - Wikipedia#93
DC Metro Area,https://en.wikipedia.org/wiki/Washington_metropolitan_area,1,Hispanic and Latino Americans - Wikipedia#94
Great Lakes states,https://en.wikipedia.org/wiki/Great_Lakes_region,1,Hispanic and Latino Americans - Wikipedia#95
South Atlantic states,https://en.wikipedia.org/wiki/South_Atlantic_states,1,Hispanic and Latino Americans - Wikipedia#95
West,https://en.wikipedia.org/wiki/Western_United_States,1,Hispanic and Latino Americans - Wikipedia#96
South Central,https://en.wikipedia.org/wiki/South_Central_United_States,1,Hispanic and Latino Americans - Wikipedia#96
New Spain,https://en.wikipedia.org/wiki/New_Spain,1,Hispanic and Latino Americans - Wikipedia#104
mestizo,https://en.wikipedia.org/wiki/Mestizo,1,Hispanic and Latino Americans - Wikipedia#106
Canary Islands,https://en.wikipedia.org/wiki/Canary_Islands,1,Hispanic and Latino Americans - Wikipedia#107
Isleños,https://en.wikipedia.org/wiki/Isle%C3%B1o,1,Hispanic and Latino Americans - Wikipedia#107
Californios,https://en.wikipedia.org/wiki/Californio,1,Hispanic and Latino Americans - Wikipedia#107
Chicanos,https://en.wikipedia.org/wiki/Chicanos,1,Hispanic and Latino Americans - Wikipedia#107
Nuyoricans,https://en.wikipedia.org/wiki/Nuyorican,1,Hispanic and Latino Americans - Wikipedia#109
New Christian,https://en.wikipedia.org/wiki/New_Christian,1,Hispanic and Latino Americans - Wikipedia#113
2020 United States census,https://en.wikipedia.org/wiki/2020_United_States_census,1,Hispanic and Latino Americans - Wikipedia#116
2010 United States census,https://en.wikipedia.org/wiki/2010_United_States_census,1,Hispanic and Latino Americans - Wikipedia#116
some other race,https://en.wikipedia.org/wiki/Race_and_ethnicity_in_the_United_States#Members_of_other_races,1,Hispanic and Latino Americans - Wikipedia#118
West South Central,https://en.wikipedia.org/wiki/West_South_Central_states,1,Hispanic and Latino Americans - Wikipedia#134
English-language learners,https://en.wikipedia.org/wiki/English-language_learner,1,Hispanic and Latino Americans - Wikipedia#150
Ivy League,https://en.wikipedia.org/wiki/Ivy_League,1,Hispanic and Latino Americans - Wikipedia#174
Yale University,https://en.wikipedia.org/wiki/Yale_University,1,Hispanic and Latino Americans - Wikipedia#176
Columbia University,https://en.wikipedia.org/wiki/Columbia_University,1,Hispanic and Latino Americans - Wikipedia#176
Harvard University,https://en.wikipedia.org/wiki/Harvard_University,1,Hispanic and Latino Americans - Wikipedia#177
University of Texas at El Paso,https://en.wikipedia.org/wiki/University_of_Texas_at_El_Paso,1,Hispanic and Latino Americans - Wikipedia#178
Florida International University,https://en.wikipedia.org/wiki/Florida_International_University,1,Hispanic and Latino Americans - Wikipedia#178
University of Miami,https://en.wikipedia.org/wiki/University_of_Miami,1,Hispanic and Latino Americans - Wikipedia#178
MIT,https://en.wikipedia.org/wiki/Massachusetts_Institute_of_Technology,1,Hispanic and Latino Americans - Wikipedia#178
UCLA,"https://en.wikipedia.org/wiki/University_of_California,_Los_Angeles",1,Hispanic and Latino Americans - Wikipedia#178
UC-Berkeley,"https://en.wikipedia.org/wiki/University_of_California,_Berkeley",1,Hispanic and Latino Americans - Wikipedia#178
Stanford University,https://en.wikipedia.org/wiki/Stanford_University,1,Hispanic and Latino Americans - Wikipedia#178
Hispanic-serving institutions,https://en.wikipedia.org/wiki/Hispanic-serving_institution,1,Hispanic and Latino Americans - Wikipedia#179
Hispanic paradox,https://en.wikipedia.org/wiki/Hispanic_paradox,1,Hispanic and Latino Americans - Wikipedia#182
return migration,https://en.wikipedia.org/wiki/Repatriation,1,Hispanic and Latino Americans - Wikipedia#182
familism,https://en.wikipedia.org/wiki/Familism,1,Hispanic and Latino Americans - Wikipedia#183
obesity,https://en.wikipedia.org/wiki/Obesity,1,Hispanic and Latino Americans - Wikipedia#184
diabetes,https://en.wikipedia.org/wiki/Diabetes,1,Hispanic and Latino Americans - Wikipedia#184
smoking-attributable mortality,https://en.wikipedia.org/wiki/Health_effects_of_tobacco,1,Hispanic and Latino Americans - Wikipedia#184
Black,https://en.wikipedia.org/wiki/Black_people,1,Hispanic and Latino Americans - Wikipedia#185
Hispanic,https://en.wikipedia.org/wiki/Hispanics,1,Hispanic and Latino Americans - Wikipedia#185
lack health insurance coverage,https://en.wikipedia.org/wiki/Health_insurance_coverage_in_the_United_States,1,Hispanic and Latino Americans - Wikipedia#186
Affordable Care Act,https://en.wikipedia.org/wiki/Affordable_Care_Act,1,Hispanic and Latino Americans - Wikipedia#187
Illegal Immigration Reform and Immigrant Responsibility Act of 1996,https://en.wikipedia.org/wiki/Illegal_Immigration_Reform_and_Immigrant_Responsibility_Act_of_1996,1,Hispanic and Latino Americans - Wikipedia#209
US census,https://en.wikipedia.org/wiki/United_States_census,1,Hispanic and Latino Americans - Wikipedia#245
poverty rate,https://en.wikipedia.org/wiki/Poverty_threshold,1,Hispanic and Latino Americans - Wikipedia#246
Spanish language in the United States,https://en.wikipedia.org/wiki/Spanish_language_in_the_United_States,1,Hispanic and Latino Americans - Wikipedia#263
North America,https://en.wikipedia.org/wiki/North_America,1,Hispanic and Latino Americans - Wikipedia#263
"Saint Augustine, Florida","https://en.wikipedia.org/wiki/Saint_Augustine,_Florida",1,Hispanic and Latino Americans - Wikipedia#264
bilingualism,https://en.wikipedia.org/wiki/Multilingualism,1,Hispanic and Latino Americans - Wikipedia#266
Caribbean Spanish,https://en.wikipedia.org/wiki/Caribbean_Spanish,1,Hispanic and Latino Americans - Wikipedia#273
Cuba,https://en.wikipedia.org/wiki/Cuban_Spanish,1,Hispanic and Latino Americans - Wikipedia#273
Dominican Republic,https://en.wikipedia.org/wiki/Dominican_Spanish,1,Hispanic and Latino Americans - Wikipedia#273
Puerto Rico,https://en.wikipedia.org/wiki/Puerto_Rican_Spanish,1,Hispanic and Latino Americans - Wikipedia#273
Isleño Spanish,https://en.wikipedia.org/wiki/Isle%C3%B1o_Spanish,1,Hispanic and Latino Americans - Wikipedia#273
Canarian Spanish,https://en.wikipedia.org/wiki/Canarian_Spanish,1,Hispanic and Latino Americans - Wikipedia#273
Spanglish,https://en.wikipedia.org/wiki/Spanglish,1,Hispanic and Latino Americans - Wikipedia#278
Hialeah,"https://en.wikipedia.org/wiki/Hialeah,_Florida",1,Hispanic and Latino Americans - Wikipedia#280
Miami dialect,https://en.wikipedia.org/wiki/Miami#Dialect,1,Hispanic and Latino Americans - Wikipedia#282
Cuban Americans,https://en.wikipedia.org/wiki/Cuban_American,1,Hispanic and Latino Americans - Wikipedia#283
Enrique Iglesias,https://en.wikipedia.org/wiki/Enrique_Iglesias,1,Hispanic and Latino Americans - Wikipedia#284
Chicano English,https://en.wikipedia.org/wiki/Chicano_English,1,Hispanic and Latino Americans - Wikipedia#285
New York Latino English,https://en.wikipedia.org/wiki/New_York_Latino_English,1,Hispanic and Latino Americans - Wikipedia#286
Pew Center,https://en.wikipedia.org/wiki/Pew_Center,1,Hispanic and Latino Americans - Wikipedia#289
Christians,https://en.wikipedia.org/wiki/Christianity,1,Hispanic and Latino Americans - Wikipedia#289
Catholic,https://en.wikipedia.org/wiki/Roman_Catholic_Church,1,Hispanic and Latino Americans - Wikipedia#289
Protestant,https://en.wikipedia.org/wiki/Protestant,1,Hispanic and Latino Americans - Wikipedia#289
Mormon,https://en.wikipedia.org/wiki/Mormon,1,Hispanic and Latino Americans - Wikipedia#289
Orthodox Christian,https://en.wikipedia.org/wiki/Orthodoxy#Christianity,1,Hispanic and Latino Americans - Wikipedia#289
unaffiliated,https://en.wikipedia.org/wiki/Irreligion_in_the_United_States,1,Hispanic and Latino Americans - Wikipedia#289
evangelical,https://en.wikipedia.org/wiki/Evangelical,1,Hispanic and Latino Americans - Wikipedia#291
mainline denominations,https://en.wikipedia.org/wiki/Mainline_Protestant,1,Hispanic and Latino Americans - Wikipedia#291
biblical liberalism,https://en.wikipedia.org/wiki/Liberal_Christianity,1,Hispanic and Latino Americans - Wikipedia#292
Pentecostal,https://en.wikipedia.org/wiki/Pentecostalism,1,Hispanic and Latino Americans - Wikipedia#293
charismatic Christians,https://en.wikipedia.org/wiki/Charismatic_Christianity,1,Hispanic and Latino Americans - Wikipedia#293
Catholic charismatic renewal,https://en.wikipedia.org/wiki/Catholic_charismatic_renewal,1,Hispanic and Latino Americans - Wikipedia#293
Andrew Greeley,https://en.wikipedia.org/wiki/Andrew_Greeley,1,Hispanic and Latino Americans - Wikipedia#294
Catholics in the United States,https://en.wikipedia.org/wiki/Catholic_Church_in_the_United_States,1,Hispanic and Latino Americans - Wikipedia#296
priests,https://en.wikipedia.org/wiki/Catholic_priests,1,Hispanic and Latino Americans - Wikipedia#296
José Horacio Gómez,https://en.wikipedia.org/wiki/Jos%C3%A9_Horacio_G%C3%B3mez,1,Hispanic and Latino Americans - Wikipedia#297
Archbishop of Los Angeles,https://en.wikipedia.org/wiki/Archbishop_of_Los_Angeles,1,Hispanic and Latino Americans - Wikipedia#297
US Conference of Catholic Bishops,https://en.wikipedia.org/wiki/United_States_Conference_of_Catholic_Bishops,1,Hispanic and Latino Americans - Wikipedia#297
media,https://en.wikipedia.org/wiki/Mass_media,1,Hispanic and Latino Americans - Wikipedia#298
broadcasting networks,https://en.wikipedia.org/wiki/List_of_United_States_over-the-air_television_networks,1,Hispanic and Latino Americans - Wikipedia#298
AM radio,https://en.wikipedia.org/wiki/AM_broadcasting,1,Hispanic and Latino Americans - Wikipedia#298
film studio,https://en.wikipedia.org/wiki/Film_studio,1,Hispanic and Latino Americans - Wikipedia#303
"Atlanta, Georgia",https://en.wikipedia.org/wiki/Atlanta,1,Hispanic and Latino Americans - Wikipedia#303
Tyler Perry's,https://en.wikipedia.org/wiki/Tyler_Perry,1,Hispanic and Latino Americans - Wikipedia#304
TikTok,https://en.wikipedia.org/wiki/TikTok,1,Hispanic and Latino Americans - Wikipedia#305
Instagram,https://en.wikipedia.org/wiki/Instagram,1,Hispanic and Latino Americans - Wikipedia#305
Soccer,https://en.wikipedia.org/wiki/Soccer,1,Hispanic and Latino Americans - Wikipedia#314
Baseball,https://en.wikipedia.org/wiki/Baseball,1,Hispanic and Latino Americans - Wikipedia#315
Reggaeton,https://en.wikipedia.org/wiki/Reggaeton,1,Hispanic and Latino Americans - Wikipedia#318
hip hop,https://en.wikipedia.org/wiki/Hip_hop_music,1,Hispanic and Latino Americans - Wikipedia#318
Latin trap,https://en.wikipedia.org/wiki/Latin_trap,1,Hispanic and Latino Americans - Wikipedia#319
trap corridos,https://en.wikipedia.org/wiki/Corridos_tumbados,1,Hispanic and Latino Americans - Wikipedia#319
Dominican dembow,https://en.wikipedia.org/wiki/Dominican_dembow,1,Hispanic and Latino Americans - Wikipedia#319
American cuisine,https://en.wikipedia.org/wiki/American_cuisine,1,Hispanic and Latino Americans - Wikipedia#320
Mexican cuisine,https://en.wikipedia.org/wiki/Mexican_cuisine,1,Hispanic and Latino Americans - Wikipedia#320
tortillas,https://en.wikipedia.org/wiki/Tortilla,1,Hispanic and Latino Americans - Wikipedia#321
salsa U:(https://en.wikipedia.org/wiki/Salsa_(sauce))___ are arguably becoming as common as hamburger buns and ___E:ketchup,https://en.wikipedia.org/wiki/Ketchup,1,Hispanic and Latino Americans - Wikipedia#321
Tortilla chips,https://en.wikipedia.org/wiki/Tortilla_chip,1,Hispanic and Latino Americans - Wikipedia#321
potato chips,https://en.wikipedia.org/wiki/Potato_chip,1,Hispanic and Latino Americans - Wikipedia#321
plantain chips,https://en.wikipedia.org/wiki/Chifle,1,Hispanic and Latino Americans - Wikipedia#321
Caribbean,https://en.wikipedia.org/wiki/Caribbean,1,Hispanic and Latino Americans - Wikipedia#321
avocado,https://en.wikipedia.org/wiki/Avocado,1,Hispanic and Latino Americans - Wikipedia#322
Cuban cuisine,https://en.wikipedia.org/wiki/Cuban_cuisine,1,Hispanic and Latino Americans - Wikipedia#323
cortaditos,https://en.wikipedia.org/wiki/Cortado,1,Hispanic and Latino Americans - Wikipedia#323
empanadas,https://en.wikipedia.org/wiki/Empanada,1,Hispanic and Latino Americans - Wikipedia#323
café con leche,https://en.wikipedia.org/wiki/Caf%C3%A9_con_leche,1,Hispanic and Latino Americans - Wikipedia#323
Cuban sandwich,https://en.wikipedia.org/wiki/Cuban_sandwich,1,Hispanic and Latino Americans - Wikipedia#324
grandparents,https://en.wikipedia.org/wiki/Grandparent,1,Hispanic and Latino Americans - Wikipedia#328
Roman Catholic,https://en.wikipedia.org/wiki/Catholic_Church,1,Hispanic and Latino Americans - Wikipedia#331
sacraments,https://en.wikipedia.org/wiki/Sacrament,1,Hispanic and Latino Americans - Wikipedia#331
baptisms,https://en.wikipedia.org/wiki/Baptism,1,Hispanic and Latino Americans - Wikipedia#331
first Holy Communions,https://en.wikipedia.org/wiki/First_Communion,1,Hispanic and Latino Americans - Wikipedia#331
quinceañeras,https://en.wikipedia.org/wiki/Quincea%C3%B1era,1,Hispanic and Latino Americans - Wikipedia#331
Confirmations,https://en.wikipedia.org/wiki/Confirmation,1,Hispanic and Latino Americans - Wikipedia#331
graduations,https://en.wikipedia.org/wiki/Graduation,1,Hispanic and Latino Americans - Wikipedia#331
weddings,https://en.wikipedia.org/wiki/Wedding,1,Hispanic and Latino Americans - Wikipedia#331
upward mobility,https://en.wikipedia.org/wiki/Upward_mobility,1,Hispanic and Latino Americans - Wikipedia#333
1960s countercultural movement,https://en.wikipedia.org/wiki/Counterculture_of_the_1960s,1,Hispanic and Latino Americans - Wikipedia#361
White Americans,https://en.wikipedia.org/wiki/White_Americans,1,Hispanic and Latino Americans - Wikipedia#371
Gen Z,https://en.wikipedia.org/wiki/Gen_Z,1,Hispanic and Latino Americans - Wikipedia#372
transgender,https://en.wikipedia.org/wiki/Transgender,1,Hispanic and Latino Americans - Wikipedia#374
tend to favor conservative political ideologies,https://en.wikipedia.org/wiki/Hispanic_and_Latino_conservatism_in_the_United_States,1,Hispanic and Latino Americans - Wikipedia#386
Cuban American National Foundation,https://en.wikipedia.org/wiki/Cuban_American_National_Foundation,1,Hispanic and Latino Americans - Wikipedia#389
National Institute for Latino Policy,https://en.wikipedia.org/wiki/National_Institute_for_Latino_Policy,1,Hispanic and Latino Americans - Wikipedia#389
1996 presidential election,https://en.wikipedia.org/wiki/1996_United_States_presidential_election,1,Hispanic and Latino Americans - Wikipedia#403
Bill Clinton,https://en.wikipedia.org/wiki/Bill_Clinton,1,Hispanic and Latino Americans - Wikipedia#403
2000,https://en.wikipedia.org/wiki/2000_United_States_presidential_election,1,Hispanic and Latino Americans - Wikipedia#404
2004,https://en.wikipedia.org/wiki/2004_United_States_presidential_election,1,Hispanic and Latino Americans - Wikipedia#404
John Kerry,https://en.wikipedia.org/wiki/John_Kerry,1,Hispanic and Latino Americans - Wikipedia#404
California Proposition 227,https://en.wikipedia.org/wiki/1998_California_Proposition_227,1,Hispanic and Latino Americans - Wikipedia#407
2006 midterm election,"https://en.wikipedia.org/wiki/United_States_general_elections,_2006",1,Hispanic and Latino Americans - Wikipedia#416
illegal Hispanic immigration,https://en.wikipedia.org/wiki/Illegal_immigration_to_the_United_States,1,Hispanic and Latino Americans - Wikipedia#416
Ciro Rodriguez,https://en.wikipedia.org/wiki/Ciro_Rodriguez,1,Hispanic and Latino Americans - Wikipedia#419
Henry Bonilla,https://en.wikipedia.org/wiki/Henry_Bonilla,1,Hispanic and Latino Americans - Wikipedia#419
2008 Presidential election,https://en.wikipedia.org/wiki/2008_United_States_presidential_election,1,Hispanic and Latino Americans - Wikipedia#420
"Democratic primary U:(https://en.wikipedia.org/wiki/Democratic_Party_(United_States)_presidential_primaries,_2008)___ , Hispanics participated in larger numbers than before, with ___E:Hillary Clinton",https://en.wikipedia.org/wiki/Hillary_Clinton,1,Hispanic and Latino Americans - Wikipedia#420
Barack Obama,https://en.wikipedia.org/wiki/Barack_Obama,1,Hispanic and Latino Americans - Wikipedia#421
John McCain,https://en.wikipedia.org/wiki/John_McCain,1,Hispanic and Latino Americans - Wikipedia#426
Gallup,https://en.wikipedia.org/wiki/The_Gallup_Organization,1,Hispanic and Latino Americans - Wikipedia#426
Panama,https://en.wikipedia.org/wiki/Panama,1,Hispanic and Latino Americans - Wikipedia#426
Virginia,https://en.wikipedia.org/wiki/Virginia,1,Hispanic and Latino Americans - Wikipedia#428
Comprehensive Immigration Reform Act of 2007,https://en.wikipedia.org/wiki/Comprehensive_Immigration_Reform_Act_of_2007,1,Hispanic and Latino Americans - Wikipedia#432
swing states,https://en.wikipedia.org/wiki/Swing_state,1,Hispanic and Latino Americans - Wikipedia#432
Gallup poll,https://en.wikipedia.org/wiki/Gallup_poll,1,Hispanic and Latino Americans - Wikipedia#433
Angelo Falcón,https://en.wikipedia.org/wiki/Angelo_Falc%C3%B3n,1,Hispanic and Latino Americans - Wikipedia#436
Mormon colony,https://en.wikipedia.org/wiki/Mormon_colonies_in_Mexico,1,Hispanic and Latino Americans - Wikipedia#436
2016 United States presidential election,https://en.wikipedia.org/wiki/2016_United_States_presidential_election,1,Hispanic and Latino Americans - Wikipedia#439
Cooperative Congressional Election Study,https://en.wikipedia.org/wiki/Cooperative_Congressional_Election_Study,1,Hispanic and Latino Americans - Wikipedia#441
millennial,https://en.wikipedia.org/wiki/Millennial,1,Hispanic and Latino Americans - Wikipedia#442
Democratic U:(https://en.wikipedia.org/wiki/Democratic_Party_(United_States))___ ___E:primary,"https://en.wikipedia.org/wiki/United_States_House_of_Representatives_elections_in_New_York,_2018#District_14",1,Hispanic and Latino Americans - Wikipedia#442
New York's 14th congressional district,https://en.wikipedia.org/wiki/New_York%27s_14th_congressional_district,1,Hispanic and Latino Americans - Wikipedia#442
The Bronx,https://en.wikipedia.org/wiki/The_Bronx,1,Hispanic and Latino Americans - Wikipedia#442
Queens,https://en.wikipedia.org/wiki/Queens,1,Hispanic and Latino Americans - Wikipedia#442
Democratic Caucus Chair,https://en.wikipedia.org/wiki/Democratic_Caucus_Chairman_of_the_United_States_House_of_Representatives,1,Hispanic and Latino Americans - Wikipedia#442
Joe Crowley,https://en.wikipedia.org/wiki/Joe_Crowley,1,Hispanic and Latino Americans - Wikipedia#442
upset U:(https://en.wikipedia.org/wiki/Upset_(competition))___ victory in the ___E:2018 midterm election season,https://en.wikipedia.org/wiki/2018_United_States_elections,1,Hispanic and Latino Americans - Wikipedia#442
Democratic Socialists of America,https://en.wikipedia.org/wiki/Democratic_Socialists_of_America,1,Hispanic and Latino Americans - Wikipedia#443
progressive,https://en.wikipedia.org/wiki/Progressivism_in_the_United_States#Progressivism_in_the_21st_century,1,Hispanic and Latino Americans - Wikipedia#443
Donald J. Trump,https://en.wikipedia.org/wiki/Donald_J._Trump,1,Hispanic and Latino Americans - Wikipedia#446
Eduardo Verastegui,https://en.wikipedia.org/wiki/Eduardo_Verastegui,1,Hispanic and Latino Americans - Wikipedia#446
economic,https://en.wikipedia.org/wiki/Economic,1,Hispanic and Latino Americans - Wikipedia#447
geographic,https://en.wikipedia.org/wiki/Geographic,1,Hispanic and Latino Americans - Wikipedia#447
cultural,https://en.wikipedia.org/wiki/Cultural,1,Hispanic and Latino Americans - Wikipedia#447
Venezuelan Americans,https://en.wikipedia.org/wiki/Venezuelan_Americans,1,Hispanic and Latino Americans - Wikipedia#447
Nicaraguan Americans,https://en.wikipedia.org/wiki/Nicaraguan_Americans,1,Hispanic and Latino Americans - Wikipedia#447
Chilean Americans,https://en.wikipedia.org/wiki/Chilean_Americans,1,Hispanic and Latino Americans - Wikipedia#447
socialism,https://en.wikipedia.org/wiki/Socialism,1,Hispanic and Latino Americans - Wikipedia#447
COVID-19 pandemic,https://en.wikipedia.org/wiki/COVID-19_pandemic,1,Hispanic and Latino Americans - Wikipedia#448
Culinary Union Local 226,https://en.wikipedia.org/wiki/Culinary_Workers_Union,1,Hispanic and Latino Americans - Wikipedia#449
Right-to-work standards,https://en.wikipedia.org/wiki/Right-to-work_law,1,Hispanic and Latino Americans - Wikipedia#449
Hispanic vote,https://en.wikipedia.org/wiki/Hispanic_vote,1,Hispanic and Latino Americans - Wikipedia#450
"Georgia U:(https://en.wikipedia.org/wiki/Georgia_(U.S._state))___ , ___E:North Carolina",https://en.wikipedia.org/wiki/North_Carolina,1,Hispanic and Latino Americans - Wikipedia#453
Wisconsin,https://en.wikipedia.org/wiki/Wisconsin,1,Hispanic and Latino Americans - Wikipedia#453
Michigan,https://en.wikipedia.org/wiki/Michigan,1,Hispanic and Latino Americans - Wikipedia#453
Pennsylvania,https://en.wikipedia.org/wiki/Pennsylvania,1,Hispanic and Latino Americans - Wikipedia#453
George W. Bush,https://en.wikipedia.org/wiki/George_W._Bush,1,Hispanic and Latino Americans - Wikipedia#454
Fidel Castro,https://en.wikipedia.org/wiki/Fidel_Castro,1,Hispanic and Latino Americans - Wikipedia#458
Hurricane Maria,https://en.wikipedia.org/wiki/Hurricane_Maria,1,Hispanic and Latino Americans - Wikipedia#459
Filemon Vela Jr.,https://en.wikipedia.org/wiki/Filemon_Vela_Jr.,1,Hispanic and Latino Americans - Wikipedia#465
Mayra Flores,https://en.wikipedia.org/wiki/Mayra_Flores,1,Hispanic and Latino Americans - Wikipedia#465
special election,https://en.wikipedia.org/wiki/2022_Texas%27s_34th_congressional_district_special_election,1,Hispanic and Latino Americans - Wikipedia#465
2022,https://en.wikipedia.org/wiki/2022_United_States_House_of_Representatives_elections_in_Texas,1,Hispanic and Latino Americans - Wikipedia#465
Central California,https://en.wikipedia.org/wiki/Central_California,1,Hispanic and Latino Americans - Wikipedia#468
inflation,https://en.wikipedia.org/wiki/2021%E2%80%932023_inflation_surge,1,Hispanic and Latino Americans - Wikipedia#472
healthcare costs,https://en.wikipedia.org/wiki/Health_care_prices_in_the_United_States,1,Hispanic and Latino Americans - Wikipedia#472
housing affordability,https://en.wikipedia.org/wiki/Affordable_housing_in_the_United_States,1,Hispanic and Latino Americans - Wikipedia#472
older generations,https://en.wikipedia.org/wiki/Baby_boomers,1,Hispanic and Latino Americans - Wikipedia#472
reproductive rights,https://en.wikipedia.org/wiki/Abortion_in_the_United_States,1,Hispanic and Latino Americans - Wikipedia#472
Asia,https://en.wikipedia.org/wiki/Asian_immigration_to_the_United_States,1,Hispanic and Latino Americans - Wikipedia#473
Chinese,https://en.wikipedia.org/wiki/History_of_Chinese_Americans,1,Hispanic and Latino Americans - Wikipedia#474
Indians,https://en.wikipedia.org/wiki/Indian_Americans,1,Hispanic and Latino Americans - Wikipedia#474
Filipinos,https://en.wikipedia.org/wiki/History_of_Filipino_Americans,1,Hispanic and Latino Americans - Wikipedia#474
refugees,https://en.wikipedia.org/wiki/Asylum_in_the_United_States,1,Hispanic and Latino Americans - Wikipedia#476
conflict-ridden regions,https://en.wikipedia.org/wiki/Iran%E2%80%93Israel_proxy_conflict,1,Hispanic and Latino Americans - Wikipedia#476
Afghanistan,https://en.wikipedia.org/wiki/Afghanistan,1,Hispanic and Latino Americans - Wikipedia#476
Syria,https://en.wikipedia.org/wiki/Syria,1,Hispanic and Latino Americans - Wikipedia#476
Ukraine,https://en.wikipedia.org/wiki/Ukraine,1,Hispanic and Latino Americans - Wikipedia#476
Cuban,https://en.wikipedia.org/wiki/Cuban_immigration_to_the_United_States,1,Hispanic and Latino Americans - Wikipedia#477
politics,https://en.wikipedia.org/wiki/Politics_of_the_United_States,1,Hispanic and Latino Americans - Wikipedia#481
music,https://en.wikipedia.org/wiki/Music_of_the_United_States,1,Hispanic and Latino Americans - Wikipedia#481
film,https://en.wikipedia.org/wiki/Film,1,Hispanic and Latino Americans - Wikipedia#481
literature,https://en.wikipedia.org/wiki/American_literature,1,Hispanic and Latino Americans - Wikipedia#481
sports,https://en.wikipedia.org/wiki/Sports_in_the_United_States,1,Hispanic and Latino Americans - Wikipedia#481
business,https://en.wikipedia.org/wiki/Business,1,Hispanic and Latino Americans - Wikipedia#481
finance,https://en.wikipedia.org/wiki/Finance,1,Hispanic and Latino Americans - Wikipedia#481
science,https://en.wikipedia.org/wiki/Science_in_the_United_States,1,Hispanic and Latino Americans - Wikipedia#481
ALMA Award,https://en.wikipedia.org/wiki/ALMA_Award,1,Hispanic and Latino Americans - Wikipedia#482
J Balvin,https://en.wikipedia.org/wiki/J_Balvin,1,Hispanic and Latino Americans - Wikipedia#485
Christopher Rios,https://en.wikipedia.org/wiki/Christopher_Rios,1,Hispanic and Latino Americans - Wikipedia#487
Joan Baez,https://en.wikipedia.org/wiki/Joan_Baez,1,Hispanic and Latino Americans - Wikipedia#487
Demi Lovato,https://en.wikipedia.org/wiki/Demi_Lovato,1,Hispanic and Latino Americans - Wikipedia#487
"Fergie U:(https://en.wikipedia.org/wiki/Fergie_(singer))___ , ___E:Pitbull U:(https://en.wikipedia.org/wiki/Pitbull_(rapper))___ , ___E:Pop Smoke",https://en.wikipedia.org/wiki/Pop_Smoke,1,Hispanic and Latino Americans - Wikipedia#487
Victoria Justice,https://en.wikipedia.org/wiki/Victoria_Justice,1,Hispanic and Latino Americans - Wikipedia#487
Linda Ronstadt,https://en.wikipedia.org/wiki/Linda_Ronstadt,1,Hispanic and Latino Americans - Wikipedia#487
Zack de la Rocha,https://en.wikipedia.org/wiki/Zack_de_la_Rocha,1,Hispanic and Latino Americans - Wikipedia#487
Héctor Lavoe,https://en.wikipedia.org/wiki/H%C3%A9ctor_Lavoe,1,Hispanic and Latino Americans - Wikipedia#487
Tito Puente,https://en.wikipedia.org/wiki/Tito_Puente,1,Hispanic and Latino Americans - Wikipedia#487
Kat DeLuna,https://en.wikipedia.org/wiki/Kat_DeLuna,1,Hispanic and Latino Americans - Wikipedia#487
Marc Anthony,https://en.wikipedia.org/wiki/Marc_Anthony,1,Hispanic and Latino Americans - Wikipedia#487
"Miguel U:(https://en.wikipedia.org/wiki/Miguel_(singer))___ , ___E:Carlos Santana",https://en.wikipedia.org/wiki/Carlos_Santana,1,Hispanic and Latino Americans - Wikipedia#487
Christina Aguilera,https://en.wikipedia.org/wiki/Christina_Aguilera,1,Hispanic and Latino Americans - Wikipedia#487
Bruno Mars,https://en.wikipedia.org/wiki/Bruno_Mars,1,Hispanic and Latino Americans - Wikipedia#487
Jerry García,https://en.wikipedia.org/wiki/Jerry_Garc%C3%ADa,1,Hispanic and Latino Americans - Wikipedia#487
Dave Navarro,https://en.wikipedia.org/wiki/Dave_Navarro,1,Hispanic and Latino Americans - Wikipedia#487
Santaye,https://en.wikipedia.org/wiki/Santaye,1,Hispanic and Latino Americans - Wikipedia#487
Elvis Crespo,https://en.wikipedia.org/wiki/Elvis_Crespo,1,Hispanic and Latino Americans - Wikipedia#487
Romeo Santos,https://en.wikipedia.org/wiki/Romeo_Santos,1,Hispanic and Latino Americans - Wikipedia#487
Tom Araya,https://en.wikipedia.org/wiki/Tom_Araya,1,Hispanic and Latino Americans - Wikipedia#487
Sonny Sandoval,https://en.wikipedia.org/wiki/Sonny_Sandoval,1,Hispanic and Latino Americans - Wikipedia#487
the Mars Volta,https://en.wikipedia.org/wiki/The_Mars_Volta,1,Hispanic and Latino Americans - Wikipedia#487
Los Lobos,https://en.wikipedia.org/wiki/Los_Lobos,1,Hispanic and Latino Americans - Wikipedia#487
Villano Antillano,https://en.wikipedia.org/wiki/Villano_Antillano,1,Hispanic and Latino Americans - Wikipedia#487
South Park Mexican,https://en.wikipedia.org/wiki/South_Park_Mexican,1,Hispanic and Latino Americans - Wikipedia#487
"Cuco U:(https://en.wikipedia.org/wiki/Cuco_(musician))___ , ___E:Yeat",https://en.wikipedia.org/wiki/Yeat,1,Hispanic and Latino Americans - Wikipedia#487
"Malo U:(https://en.wikipedia.org/wiki/Malo_(band))___ , ___E:OhGeesy",https://en.wikipedia.org/wiki/OhGeesy,1,Hispanic and Latino Americans - Wikipedia#487
Malu Trevejo,https://en.wikipedia.org/wiki/Malu_Trevejo,1,Hispanic and Latino Americans - Wikipedia#487
Ice Spice,https://en.wikipedia.org/wiki/Ice_Spice,1,Hispanic and Latino Americans - Wikipedia#487
Young M.A,https://en.wikipedia.org/wiki/Young_M.A,1,Hispanic and Latino Americans - Wikipedia#487
Lloyd Banks,https://en.wikipedia.org/wiki/Lloyd_Banks,1,Hispanic and Latino Americans - Wikipedia#487
Kay Flock,https://en.wikipedia.org/wiki/Kay_Flock,1,Hispanic and Latino Americans - Wikipedia#487
"Exposé U:(https://en.wikipedia.org/wiki/Expos%C3%A9_(group))___ , ___E:Sweet Sensation U:(https://en.wikipedia.org/wiki/Sweet_Sensation_(group))___ , ___E:Jellybean",https://en.wikipedia.org/wiki/John_Benitez,1,Hispanic and Latino Americans - Wikipedia#487
Immortal Technique,https://en.wikipedia.org/wiki/Immortal_Technique,1,Hispanic and Latino Americans - Wikipedia#487
"Brujeria U:(https://en.wikipedia.org/wiki/Brujeria_(band))___ , ___E:Fuerza Regida",https://en.wikipedia.org/wiki/Fuerza_Regida,1,Hispanic and Latino Americans - Wikipedia#487
"Xavi U:(https://en.wikipedia.org/wiki/Xavi_(singer))___ , ___E:Aventura U:(https://en.wikipedia.org/wiki/Aventura_(band))___ , ___E:Lunay U:(https://en.wikipedia.org/wiki/Lunay_(singer))___ , ___E:Myke Towers",https://en.wikipedia.org/wiki/Myke_Towers,1,Hispanic and Latino Americans - Wikipedia#487
Jay Wheeler,https://en.wikipedia.org/wiki/Jay_Wheeler,1,Hispanic and Latino Americans - Wikipedia#487
J.I.,https://en.wikipedia.org/wiki/J.I_the_Prince_of_N.Y,1,Hispanic and Latino Americans - Wikipedia#487
Amara La Negra,https://en.wikipedia.org/wiki/Amara_La_Negra,1,Hispanic and Latino Americans - Wikipedia#487
Joseline Hernandez,https://en.wikipedia.org/wiki/Joseline_Hernandez,1,Hispanic and Latino Americans - Wikipedia#487
Lele Pons,https://en.wikipedia.org/wiki/Lele_Pons,1,Hispanic and Latino Americans - Wikipedia#487
Snow Tha Product,https://en.wikipedia.org/wiki/Snow_Tha_Product,1,Hispanic and Latino Americans - Wikipedia#487
the Marías,https://en.wikipedia.org/wiki/The_Mar%C3%ADas,1,Hispanic and Latino Americans - Wikipedia#487
Ángela Aguilar,https://en.wikipedia.org/wiki/%C3%81ngela_Aguilar,1,Hispanic and Latino Americans - Wikipedia#487
Tego Calderón,https://en.wikipedia.org/wiki/Tego_Calder%C3%B3n,1,Hispanic and Latino Americans - Wikipedia#487
Prince Royce,https://en.wikipedia.org/wiki/Prince_Royce,1,Hispanic and Latino Americans - Wikipedia#487
Don Omar,https://en.wikipedia.org/wiki/Don_Omar,1,Hispanic and Latino Americans - Wikipedia#487
Eddie Palmieri,https://en.wikipedia.org/wiki/Eddie_Palmieri,1,Hispanic and Latino Americans - Wikipedia#487
Wisin & Yandel,https://en.wikipedia.org/wiki/Wisin_%26_Yandel,1,Hispanic and Latino Americans - Wikipedia#487
Melanie Martinez,https://en.wikipedia.org/wiki/Melanie_Martinez,1,Hispanic and Latino Americans - Wikipedia#487
Paloma Mami,https://en.wikipedia.org/wiki/Paloma_Mami,1,Hispanic and Latino Americans - Wikipedia#487
Mariah Angeliq,https://en.wikipedia.org/wiki/Mariah_Angeliq,1,Hispanic and Latino Americans - Wikipedia#487
That Mexican OT,https://en.wikipedia.org/wiki/That_Mexican_OT,1,Hispanic and Latino Americans - Wikipedia#487
MC Magic,https://en.wikipedia.org/wiki/MC_Magic,1,Hispanic and Latino Americans - Wikipedia#487
TKA,https://en.wikipedia.org/wiki/TKA,1,Hispanic and Latino Americans - Wikipedia#487
La India,https://en.wikipedia.org/wiki/La_India,1,Hispanic and Latino Americans - Wikipedia#487
George Lamond,https://en.wikipedia.org/wiki/George_Lamond,1,Hispanic and Latino Americans - Wikipedia#487
Sa-Fire,https://en.wikipedia.org/wiki/Sa-Fire,1,Hispanic and Latino Americans - Wikipedia#487
"Cynthia U:(https://en.wikipedia.org/wiki/Cynthia_(singer))___ , ___E:Lisa Lisa",https://en.wikipedia.org/wiki/Lisa_Lisa,1,Hispanic and Latino Americans - Wikipedia#487
Julieta Venegas,https://en.wikipedia.org/wiki/Julieta_Venegas,1,Hispanic and Latino Americans - Wikipedia#487
Intocable,https://en.wikipedia.org/wiki/Intocable,1,Hispanic and Latino Americans - Wikipedia#487
Marisela,https://en.wikipedia.org/wiki/Marisela,1,Hispanic and Latino Americans - Wikipedia#487
Pepe Aguilar,https://en.wikipedia.org/wiki/Pepe_Aguilar,1,Hispanic and Latino Americans - Wikipedia#487
Jon Secada,https://en.wikipedia.org/wiki/Jon_Secada,1,Hispanic and Latino Americans - Wikipedia#487
Chayanne,https://en.wikipedia.org/wiki/Chayanne,1,Hispanic and Latino Americans - Wikipedia#487
DannyLux,https://en.wikipedia.org/wiki/DannyLux,1,Hispanic and Latino Americans - Wikipedia#487
Eslabon Armado,https://en.wikipedia.org/wiki/Eslabon_Armado,1,Hispanic and Latino Americans - Wikipedia#487
Iván Cornejo,https://en.wikipedia.org/wiki/Iv%C3%A1n_Cornejo,1,Hispanic and Latino Americans - Wikipedia#487
Grupo Frontera,https://en.wikipedia.org/wiki/Grupo_Frontera,1,Hispanic and Latino Americans - Wikipedia#487
Yahritza y su Esencia,https://en.wikipedia.org/wiki/Yahritza_y_su_Esencia,1,Hispanic and Latino Americans - Wikipedia#487
Herencia de Patrones,https://en.wikipedia.org/wiki/Herencia_de_Patrones,1,Hispanic and Latino Americans - Wikipedia#487
Omar Apollo,https://en.wikipedia.org/wiki/Omar_Apollo,1,Hispanic and Latino Americans - Wikipedia#487
Eladio Carrión,https://en.wikipedia.org/wiki/Eladio_Carri%C3%B3n,1,Hispanic and Latino Americans - Wikipedia#487
"Kid Frost U:(https://en.wikipedia.org/wiki/Frost_(rapper))___ , ___E:Cypress Hill",https://en.wikipedia.org/wiki/Cypress_Hill,1,Hispanic and Latino Americans - Wikipedia#487
N.O.R.E.,https://en.wikipedia.org/wiki/N.O.R.E.,1,Hispanic and Latino Americans - Wikipedia#487
Fat Joe,https://en.wikipedia.org/wiki/Fat_Joe,1,Hispanic and Latino Americans - Wikipedia#487
Mellow Man Ace,https://en.wikipedia.org/wiki/Mellow_Man_Ace,1,Hispanic and Latino Americans - Wikipedia#487
Chicano Batman,https://en.wikipedia.org/wiki/Chicano_Batman,1,Hispanic and Latino Americans - Wikipedia#487
Delinquent Habits,https://en.wikipedia.org/wiki/Delinquent_Habits,1,Hispanic and Latino Americans - Wikipedia#487
Lil Rob,https://en.wikipedia.org/wiki/Lil_Rob,1,Hispanic and Latino Americans - Wikipedia#487
Ozomatli,https://en.wikipedia.org/wiki/Ozomatli,1,Hispanic and Latino Americans - Wikipedia#487
"BIA U:(https://en.wikipedia.org/wiki/Bia_(rapper))___ , ___E:Plan B U:(https://en.wikipedia.org/wiki/Plan_B_(duo))___ , ___E:Chencho Corleone",https://en.wikipedia.org/wiki/Chencho_Corleone,1,Hispanic and Latino Americans - Wikipedia#487
"Maye U:(https://en.wikipedia.org/wiki/Maye_(singer))___ , ___E:Kap G",https://en.wikipedia.org/wiki/Kap_G,1,Hispanic and Latino Americans - Wikipedia#487
Tha Mexakinz,https://en.wikipedia.org/wiki/Tha_Mexakinz,1,Hispanic and Latino Americans - Wikipedia#487
Brownside,https://en.wikipedia.org/wiki/Brownside,1,Hispanic and Latino Americans - Wikipedia#487
Psycho Realm,https://en.wikipedia.org/wiki/Psycho_Realm,1,Hispanic and Latino Americans - Wikipedia#487
A Lighter Shade of Brown,https://en.wikipedia.org/wiki/A_Lighter_Shade_of_Brown,1,Hispanic and Latino Americans - Wikipedia#487
Gilberto Santa Rosa,https://en.wikipedia.org/wiki/Gilberto_Santa_Rosa,1,Hispanic and Latino Americans - Wikipedia#487
Noriel,https://en.wikipedia.org/wiki/Noriel,1,Hispanic and Latino Americans - Wikipedia#487
Baby Rasta,https://en.wikipedia.org/wiki/Baby_Rasta_%26_Gringo,1,Hispanic and Latino Americans - Wikipedia#487
Brytiago,https://en.wikipedia.org/wiki/Brytiago,1,Hispanic and Latino Americans - Wikipedia#487
Farruko,https://en.wikipedia.org/wiki/Farruko,1,Hispanic and Latino Americans - Wikipedia#487
J Álvarez,https://en.wikipedia.org/wiki/J_%C3%81lvarez,1,Hispanic and Latino Americans - Wikipedia#487
"Darell U:(https://en.wikipedia.org/wiki/Darell_(rapper))___ , ___E:Nicky Jam",https://en.wikipedia.org/wiki/Nicky_Jam,1,Hispanic and Latino Americans - Wikipedia#487
Ñengo Flow,https://en.wikipedia.org/wiki/%C3%91engo_Flow,1,Hispanic and Latino Americans - Wikipedia#487
Luis Fonsi,https://en.wikipedia.org/wiki/Luis_Fonsi,1,Hispanic and Latino Americans - Wikipedia#487
Daddy Yankee,https://en.wikipedia.org/wiki/Daddy_Yankee,1,Hispanic and Latino Americans - Wikipedia#487
Lil Suzy,https://en.wikipedia.org/wiki/Lil_Suzy,1,Hispanic and Latino Americans - Wikipedia#487
Judy Torres,https://en.wikipedia.org/wiki/Judy_Torres,1,Hispanic and Latino Americans - Wikipedia#487
Nayobe,https://en.wikipedia.org/wiki/Nayobe,1,Hispanic and Latino Americans - Wikipedia#487
Willie Colón,https://en.wikipedia.org/wiki/Willie_Col%C3%B3n,1,Hispanic and Latino Americans - Wikipedia#487
Jenni Rivera,https://en.wikipedia.org/wiki/Jenni_Rivera,1,Hispanic and Latino Americans - Wikipedia#487
Baby Bash,https://en.wikipedia.org/wiki/Baby_Bash,1,Hispanic and Latino Americans - Wikipedia#487
Frankie J,https://en.wikipedia.org/wiki/Frankie_J,1,Hispanic and Latino Americans - Wikipedia#487
Larry Hernandez,https://en.wikipedia.org/wiki/Larry_Hern%C3%A1ndez,1,Hispanic and Latino Americans - Wikipedia#487
Arcángel,https://en.wikipedia.org/wiki/Arc%C3%A1ngel,1,Hispanic and Latino Americans - Wikipedia#487
De la Ghetto,https://en.wikipedia.org/wiki/De_la_Ghetto,1,Hispanic and Latino Americans - Wikipedia#487
Giselle Bellas,https://en.wikipedia.org/wiki/Giselle_Bellas,1,Hispanic and Latino Americans - Wikipedia#487
Juan Luis Guerra,https://en.wikipedia.org/wiki/Juan_Luis_Guerra,1,Hispanic and Latino Americans - Wikipedia#487
Residente,https://en.wikipedia.org/wiki/Residente,1,Hispanic and Latino Americans - Wikipedia#487
Anuel AA,https://en.wikipedia.org/wiki/Anuel_AA,1,Hispanic and Latino Americans - Wikipedia#487
Ozuna,https://en.wikipedia.org/wiki/Ozuna,1,Hispanic and Latino Americans - Wikipedia#487
Lil Pump,https://en.wikipedia.org/wiki/Lil_Pump,1,Hispanic and Latino Americans - Wikipedia#487
Lil Xan,https://en.wikipedia.org/wiki/Lil_Xan,1,Hispanic and Latino Americans - Wikipedia#487
6ix9ine,https://en.wikipedia.org/wiki/6ix9ine,1,Hispanic and Latino Americans - Wikipedia#487
Ivy Queen,https://en.wikipedia.org/wiki/Ivy_Queen,1,Hispanic and Latino Americans - Wikipedia#487
Kali Uchis,https://en.wikipedia.org/wiki/Kali_Uchis,1,Hispanic and Latino Americans - Wikipedia#487
Bad Bunny,https://en.wikipedia.org/wiki/Bad_Bunny,1,Hispanic and Latino Americans - Wikipedia#487
Rauw Alejandro,https://en.wikipedia.org/wiki/Rauw_Alejandro,1,Hispanic and Latino Americans - Wikipedia#487
Go Betty Go,https://en.wikipedia.org/wiki/Go_Betty_Go,1,Hispanic and Latino Americans - Wikipedia#487
Camila Cabello,https://en.wikipedia.org/wiki/Camila_Cabello,1,Hispanic and Latino Americans - Wikipedia#487
Fifth Harmony,https://en.wikipedia.org/wiki/Fifth_Harmony,1,Hispanic and Latino Americans - Wikipedia#487
Lauren Jauregui,https://en.wikipedia.org/wiki/Lauren_Jauregui,1,Hispanic and Latino Americans - Wikipedia#487
Ally Brooke,https://en.wikipedia.org/wiki/Ally_Brooke,1,Hispanic and Latino Americans - Wikipedia#487
nu metal,https://en.wikipedia.org/wiki/Nu_metal,1,Hispanic and Latino Americans - Wikipedia#487
Nonpoint,https://en.wikipedia.org/wiki/Nonpoint,1,Hispanic and Latino Americans - Wikipedia#487
chachachá,https://en.wikipedia.org/wiki/Chachach%C3%A1,1,Hispanic and Latino Americans - Wikipedia#488
"mambo U:(https://en.wikipedia.org/wiki/Mambo_(music))___ , and ___E:rhumba",https://en.wikipedia.org/wiki/Rhumba,1,Hispanic and Latino Americans - Wikipedia#488
ranchera,https://en.wikipedia.org/wiki/Ranchera,1,Hispanic and Latino Americans - Wikipedia#488
mariachi,https://en.wikipedia.org/wiki/Mariachi,1,Hispanic and Latino Americans - Wikipedia#488
gold albums,https://en.wikipedia.org/wiki/Gold_album,1,Hispanic and Latino Americans - Wikipedia#489
rock and roll,https://en.wikipedia.org/wiki/Rock_and_roll,1,Hispanic and Latino Americans - Wikipedia#491
"La Bamba U:(https://en.wikipedia.org/wiki/La_Bamba_(song))___ "" and ___E:Herman Santiago",https://en.wikipedia.org/wiki/Herman_Santiago,1,Hispanic and Latino Americans - Wikipedia#491
All I Want for Christmas Is You,https://en.wikipedia.org/wiki/All_I_Want_for_Christmas_Is_You,1,Hispanic and Latino Americans - Wikipedia#492
best-selling holiday song by a female artist,https://en.wikipedia.org/wiki/List_of_best-selling_singles,1,Hispanic and Latino Americans - Wikipedia#492
Miguel del Aguila,https://en.wikipedia.org/wiki/Miguel_del_Aguila,1,Hispanic and Latino Americans - Wikipedia#492
Hot Latin Songs,https://en.wikipedia.org/wiki/Hot_Latin_Songs,1,Hispanic and Latino Americans - Wikipedia#493
Top Latin Albums,https://en.wikipedia.org/wiki/Top_Latin_Albums,1,Hispanic and Latino Americans - Wikipedia#494
Recording Industry Association of America,https://en.wikipedia.org/wiki/Recording_Industry_Association_of_America,1,Hispanic and Latino Americans - Wikipedia#495
Lo Nuestro Awards,https://en.wikipedia.org/wiki/Lo_Nuestro_Awards,1,Hispanic and Latino Americans - Wikipedia#496
Grammys,https://en.wikipedia.org/wiki/Grammy_Award,1,Hispanic and Latino Americans - Wikipedia#496
the Latin Academy of Recording Arts & Sciences,https://en.wikipedia.org/wiki/The_Latin_Recording_Academy,1,Hispanic and Latino Americans - Wikipedia#497
Latin Grammy Awards,https://en.wikipedia.org/wiki/Latin_Grammy_Award,1,Hispanic and Latino Americans - Wikipedia#497
The Recording Academy,https://en.wikipedia.org/wiki/The_Recording_Academy,1,Hispanic and Latino Americans - Wikipedia#498
Hispanophone,https://en.wikipedia.org/wiki/Hispanophone,1,Hispanic and Latino Americans - Wikipedia#498
Lusophone,https://en.wikipedia.org/wiki/Lusophone,1,Hispanic and Latino Americans - Wikipedia#498
AMAs,https://en.wikipedia.org/wiki/American_Music_Awards_of_2020,1,Hispanic and Latino Americans - Wikipedia#498
63rd Annual Grammy Awards,https://en.wikipedia.org/wiki/63rd_Annual_Grammy_Awards,1,Hispanic and Latino Americans - Wikipedia#498
Best Latin Pop or Urban Album,https://en.wikipedia.org/wiki/Grammy_Award_for_Best_Latin_Pop_or_Urban_Album,1,Hispanic and Latino Americans - Wikipedia#498
Best Latin Rock or Alternative Album,https://en.wikipedia.org/wiki/Grammy_Award_for_Best_Latin_Rock_or_Alternative_Album,1,Hispanic and Latino Americans - Wikipedia#498
U.S. population,https://en.wikipedia.org/wiki/Demographics_of_the_United_States,1,Hispanic and Latino Americans - Wikipedia#3
negative stereotypes,https://en.wikipedia.org/wiki/Stereotype,1,Hispanic and Latino Americans - Wikipedia#499
vixen,https://en.wikipedia.org/wiki/Sex_kitten,1,Hispanic and Latino Americans - Wikipedia#500
gang,https://en.wikipedia.org/wiki/Gang,1,Hispanic and Latino Americans - Wikipedia#500
immigrants,https://en.wikipedia.org/wiki/Immigration,1,Hispanic and Latino Americans - Wikipedia#500
entertainers,https://en.wikipedia.org/wiki/List_of_entertainer_occupations,1,Hispanic and Latino Americans - Wikipedia#500
Edward James Olmos,https://en.wikipedia.org/wiki/Edward_James_Olmos,1,Hispanic and Latino Americans - Wikipedia#503
Robert Rodriguez,https://en.wikipedia.org/wiki/Robert_Rodriguez,1,Hispanic and Latino Americans - Wikipedia#503
Hilary Swank,https://en.wikipedia.org/wiki/Hilary_Swank,1,Hispanic and Latino Americans - Wikipedia#503
Michael Peña,https://en.wikipedia.org/wiki/Michael_Pe%C3%B1a,1,Hispanic and Latino Americans - Wikipedia#503
Jordana Brewster,https://en.wikipedia.org/wiki/Jordana_Brewster,1,Hispanic and Latino Americans - Wikipedia#503
Ana de Armas,https://en.wikipedia.org/wiki/Ana_de_Armas,1,Hispanic and Latino Americans - Wikipedia#503
Jorge Masvidal,https://en.wikipedia.org/wiki/Jorge_Masvidal,1,Hispanic and Latino Americans - Wikipedia#597
Natalie Martinez,https://en.wikipedia.org/wiki/Natalie_Martinez,1,Hispanic and Latino Americans - Wikipedia#503
Jenna Ortega,https://en.wikipedia.org/wiki/Jenna_Ortega,1,Hispanic and Latino Americans - Wikipedia#503
Chris Weitz,https://en.wikipedia.org/wiki/Chris_Weitz,1,Hispanic and Latino Americans - Wikipedia#504
Alfonso Gomez-Rejon,https://en.wikipedia.org/wiki/Alfonso_Gomez-Rejon,1,Hispanic and Latino Americans - Wikipedia#504
Patricia Riggen,https://en.wikipedia.org/wiki/Patricia_Riggen,1,Hispanic and Latino Americans - Wikipedia#504
Being the Ricardos,https://en.wikipedia.org/wiki/Being_the_Ricardos,1,Hispanic and Latino Americans - Wikipedia#505
Josefina López,https://en.wikipedia.org/wiki/Josefina_L%C3%B3pez,1,Hispanic and Latino Americans - Wikipedia#505
José Ferrer,https://en.wikipedia.org/wiki/Jos%C3%A9_Ferrer,1,Hispanic and Latino Americans - Wikipedia#507
Academy Award,https://en.wikipedia.org/wiki/Academy_Awards,1,Hispanic and Latino Americans - Wikipedia#507
Auliʻi Cravalho,https://en.wikipedia.org/wiki/Auli%CA%BBi_Cravalho,1,Hispanic and Latino Americans - Wikipedia#507
Rita Moreno,https://en.wikipedia.org/wiki/Rita_Moreno,1,Hispanic and Latino Americans - Wikipedia#507
Chita Rivera,https://en.wikipedia.org/wiki/Chita_Rivera,1,Hispanic and Latino Americans - Wikipedia#507
Raul Julia,https://en.wikipedia.org/wiki/Raul_Julia,1,Hispanic and Latino Americans - Wikipedia#507
Rosie Perez,https://en.wikipedia.org/wiki/Rosie_Perez,1,Hispanic and Latino Americans - Wikipedia#507
Rosario Dawson,https://en.wikipedia.org/wiki/Rosario_Dawson,1,Hispanic and Latino Americans - Wikipedia#507
Esai Morales,https://en.wikipedia.org/wiki/Esai_Morales,1,Hispanic and Latino Americans - Wikipedia#507
Aubrey Plaza,https://en.wikipedia.org/wiki/Aubrey_Plaza,1,Hispanic and Latino Americans - Wikipedia#507
Benicio del Toro,https://en.wikipedia.org/wiki/Benicio_del_Toro,1,Hispanic and Latino Americans - Wikipedia#507
Emile Kuri,https://en.wikipedia.org/wiki/Emile_Kuri,1,Hispanic and Latino Americans - Wikipedia#508
Mexico City,https://en.wikipedia.org/wiki/Mexico_City,1,Hispanic and Latino Americans - Wikipedia#14
Ramon Novarro,https://en.wikipedia.org/wiki/Ramon_Novarro,1,Hispanic and Latino Americans - Wikipedia#508
Lupe Vélez,https://en.wikipedia.org/wiki/Lupe_V%C3%A9lez,1,Hispanic and Latino Americans - Wikipedia#508
Anthony Quinn,https://en.wikipedia.org/wiki/Anthony_Quinn,1,Hispanic and Latino Americans - Wikipedia#508
religious intolerance,https://en.wikipedia.org/wiki/Religious_intolerance,1,Hispanic and Latino Americans - Wikipedia#604
Katy Jurado,https://en.wikipedia.org/wiki/Katy_Jurado,1,Hispanic and Latino Americans - Wikipedia#508
Adrian Grenier,https://en.wikipedia.org/wiki/Adrian_Grenier,1,Hispanic and Latino Americans - Wikipedia#508
Jay Hernandez,https://en.wikipedia.org/wiki/Jay_Hernandez,1,Hispanic and Latino Americans - Wikipedia#508
Salma Hayek,https://en.wikipedia.org/wiki/Salma_Hayek,1,Hispanic and Latino Americans - Wikipedia#508
Danny Trejo,https://en.wikipedia.org/wiki/Danny_Trejo,1,Hispanic and Latino Americans - Wikipedia#508
Tessa Thompson,https://en.wikipedia.org/wiki/Tessa_Thompson,1,Hispanic and Latino Americans - Wikipedia#508
Kate del Castillo,https://en.wikipedia.org/wiki/Kate_del_Castillo,1,Hispanic and Latino Americans - Wikipedia#508
Cuban,https://en.wikipedia.org/wiki/Cuba,1,Hispanic and Latino Americans - Wikipedia#509
Cesar Romero,https://en.wikipedia.org/wiki/Cesar_Romero,1,Hispanic and Latino Americans - Wikipedia#509
Mel Ferrer,https://en.wikipedia.org/wiki/Mel_Ferrer,1,Hispanic and Latino Americans - Wikipedia#509
Andy García,https://en.wikipedia.org/wiki/Andy_Garc%C3%ADa,1,Hispanic and Latino Americans - Wikipedia#509
Cameron Diaz,https://en.wikipedia.org/wiki/Cameron_Diaz,1,Hispanic and Latino Americans - Wikipedia#509
María Conchita Alonso,https://en.wikipedia.org/wiki/Mar%C3%ADa_Conchita_Alonso,1,Hispanic and Latino Americans - Wikipedia#509
"William Levy U:(https://en.wikipedia.org/wiki/William_Levy_(actor))___ , and ___E:Eva Mendes",https://en.wikipedia.org/wiki/Eva_Mendes,1,Hispanic and Latino Americans - Wikipedia#509
Argentine,https://en.wikipedia.org/wiki/Argentina,1,Hispanic and Latino Americans - Wikipedia#510
Fernando Lamas,https://en.wikipedia.org/wiki/Fernando_Lamas,1,Hispanic and Latino Americans - Wikipedia#510
Carlos Thompson,https://en.wikipedia.org/wiki/Carlos_Thompson,1,Hispanic and Latino Americans - Wikipedia#510
Alejandro Rey,https://en.wikipedia.org/wiki/Alejandro_Rey,1,Hispanic and Latino Americans - Wikipedia#510
Anya Taylor-Joy,https://en.wikipedia.org/wiki/Anya_Taylor-Joy,1,Hispanic and Latino Americans - Wikipedia#510
Camila Morrone,https://en.wikipedia.org/wiki/Camila_Morrone,1,Hispanic and Latino Americans - Wikipedia#510
Maia Reficco,https://en.wikipedia.org/wiki/Maia_Reficco,1,Hispanic and Latino Americans - Wikipedia#510
Julie Gonzalo,https://en.wikipedia.org/wiki/Julie_Gonzalo,1,Hispanic and Latino Americans - Wikipedia#510
Stephanie Beatriz,https://en.wikipedia.org/wiki/Stephanie_Beatriz,1,Hispanic and Latino Americans - Wikipedia#510
Alexis Bledel,https://en.wikipedia.org/wiki/Alexis_Bledel,1,Hispanic and Latino Americans - Wikipedia#510
Ignacio Serricchio,https://en.wikipedia.org/wiki/Ignacio_Serricchio,1,Hispanic and Latino Americans - Wikipedia#510
Lorenzo Lamas,https://en.wikipedia.org/wiki/Lorenzo_Lamas,1,Hispanic and Latino Americans - Wikipedia#510
Linda Cristal,https://en.wikipedia.org/wiki/Linda_Cristal,1,Hispanic and Latino Americans - Wikipedia#510
Dominican,https://en.wikipedia.org/wiki/Dominican_Republic,1,Hispanic and Latino Americans - Wikipedia#511
Maria Montez,https://en.wikipedia.org/wiki/Maria_Montez,1,Hispanic and Latino Americans - Wikipedia#511
Zoe Saldana,https://en.wikipedia.org/wiki/Zoe_Saldana,1,Hispanic and Latino Americans - Wikipedia#511
Rita Hayworth,https://en.wikipedia.org/wiki/Rita_Hayworth,1,Hispanic and Latino Americans - Wikipedia#512
Martin Sheen,https://en.wikipedia.org/wiki/Martin_Sheen,1,Hispanic and Latino Americans - Wikipedia#512
Anita Page,https://en.wikipedia.org/wiki/Anita_Page,1,Hispanic and Latino Americans - Wikipedia#513
Raquel Welch,https://en.wikipedia.org/wiki/Raquel_Welch,1,Hispanic and Latino Americans - Wikipedia#513
Bolivian,https://en.wikipedia.org/wiki/Bolivia,1,Hispanic and Latino Americans - Wikipedia#513
Rey Mysterio,"https://en.wikipedia.org/wiki/Rey_Mysterio,_Jr.",1,Hispanic and Latino Americans - Wikipedia#603
Oscar Isaac,https://en.wikipedia.org/wiki/Oscar_Isaac,1,Hispanic and Latino Americans - Wikipedia#513
Guatemalan,https://en.wikipedia.org/wiki/Guatemala,1,Hispanic and Latino Americans - Wikipedia#513
John Gavin,https://en.wikipedia.org/wiki/John_Gavin,1,Hispanic and Latino Americans - Wikipedia#513
Pedro Pascal,https://en.wikipedia.org/wiki/Pedro_Pascal,1,Hispanic and Latino Americans - Wikipedia#513
Chilean,https://en.wikipedia.org/wiki/Chile,1,Hispanic and Latino Americans - Wikipedia#513
sound era of film,https://en.wikipedia.org/wiki/Sound_film,1,Hispanic and Latino Americans - Wikipedia#516
silent cinema,https://en.wikipedia.org/wiki/Silent_film,1,Hispanic and Latino Americans - Wikipedia#517
Douglas Fairbanks,https://en.wikipedia.org/wiki/Douglas_Fairbanks,1,Hispanic and Latino Americans - Wikipedia#518
F. Richard Jones,https://en.wikipedia.org/wiki/F._Richard_Jones,1,Hispanic and Latino Americans - Wikipedia#518
assimilation,https://en.wikipedia.org/wiki/Cultural_assimilation,1,Hispanic and Latino Americans - Wikipedia#521
Cristela Alonzo,https://en.wikipedia.org/wiki/Cristela_Alonzo,1,Hispanic and Latino Americans - Wikipedia#522
Anjelah Johnson,https://en.wikipedia.org/wiki/Anjelah_Johnson,1,Hispanic and Latino Americans - Wikipedia#522
"Paul Rodríguez U:(https://en.wikipedia.org/wiki/Paul_Rodriguez_(actor))___ , ___E:Greg Giraldo",https://en.wikipedia.org/wiki/Greg_Giraldo,1,Hispanic and Latino Americans - Wikipedia#522
Cheech Marin,https://en.wikipedia.org/wiki/Cheech_Marin,1,Hispanic and Latino Americans - Wikipedia#522
Eddie Guerrero,https://en.wikipedia.org/wiki/Eddie_Guerrero,1,Hispanic and Latino Americans - Wikipedia#603
Jade Esteban Estrada,https://en.wikipedia.org/wiki/Jade_Esteban_Estrada,1,Hispanic and Latino Americans - Wikipedia#522
Carlos Mencia,https://en.wikipedia.org/wiki/Carlos_Mencia,1,Hispanic and Latino Americans - Wikipedia#522
Gabriel Iglesias,https://en.wikipedia.org/wiki/Gabriel_Iglesias,1,Hispanic and Latino Americans - Wikipedia#522
Desi Arnaz,https://en.wikipedia.org/wiki/Desi_Arnaz,1,Hispanic and Latino Americans - Wikipedia#523
Lynda Carter,https://en.wikipedia.org/wiki/Lynda_Carter,1,Hispanic and Latino Americans - Wikipedia#523
Jimmy Smits,https://en.wikipedia.org/wiki/Jimmy_Smits,1,Hispanic and Latino Americans - Wikipedia#523
Charo,https://en.wikipedia.org/wiki/Charo,1,Hispanic and Latino Americans - Wikipedia#523
Jencarlos Canela,https://en.wikipedia.org/wiki/Jencarlos_Canela,1,Hispanic and Latino Americans - Wikipedia#523
Christian Serratos,https://en.wikipedia.org/wiki/Christian_Serratos,1,Hispanic and Latino Americans - Wikipedia#523
Carlos Pena Jr.,https://en.wikipedia.org/wiki/Carlos_Pena_Jr.,1,Hispanic and Latino Americans - Wikipedia#523
Eva Longoria,https://en.wikipedia.org/wiki/Eva_Longoria,1,Hispanic and Latino Americans - Wikipedia#523
Sofía Vergara,https://en.wikipedia.org/wiki/Sof%C3%ADa_Vergara,1,Hispanic and Latino Americans - Wikipedia#523
Ricardo Antonio Chavira,https://en.wikipedia.org/wiki/Ricardo_Antonio_Chavira,1,Hispanic and Latino Americans - Wikipedia#523
Jacob Vargas,https://en.wikipedia.org/wiki/Jacob_Vargas,1,Hispanic and Latino Americans - Wikipedia#523
Tyler Black,https://en.wikipedia.org/wiki/Seth_Rollins,1,Hispanic and Latino Americans - Wikipedia#603
Benjamin Bratt,https://en.wikipedia.org/wiki/Benjamin_Bratt,1,Hispanic and Latino Americans - Wikipedia#523
Hector Elizondo,https://en.wikipedia.org/wiki/Hector_Elizondo,1,Hispanic and Latino Americans - Wikipedia#523
Mario Lopez,https://en.wikipedia.org/wiki/Mario_Lopez,1,Hispanic and Latino Americans - Wikipedia#523
Karla Souza,https://en.wikipedia.org/wiki/Karla_Souza,1,Hispanic and Latino Americans - Wikipedia#523
Diego Boneta,https://en.wikipedia.org/wiki/Diego_Boneta,1,Hispanic and Latino Americans - Wikipedia#523
Erik Estrada,https://en.wikipedia.org/wiki/Erik_Estrada,1,Hispanic and Latino Americans - Wikipedia#523
Cote de Pablo,https://en.wikipedia.org/wiki/Cote_de_Pablo,1,Hispanic and Latino Americans - Wikipedia#523
Lauren Vélez,https://en.wikipedia.org/wiki/Lauren_V%C3%A9lez,1,Hispanic and Latino Americans - Wikipedia#523
Isabella Gomez,https://en.wikipedia.org/wiki/Isabella_Gomez,1,Hispanic and Latino Americans - Wikipedia#523
Justina Machado,https://en.wikipedia.org/wiki/Justina_Machado,1,Hispanic and Latino Americans - Wikipedia#523
Tony Plana,https://en.wikipedia.org/wiki/Tony_Plana,1,Hispanic and Latino Americans - Wikipedia#523
Stacey Dash,https://en.wikipedia.org/wiki/Stacey_Dash,1,Hispanic and Latino Americans - Wikipedia#523
Charlie Sheen,https://en.wikipedia.org/wiki/Charlie_Sheen,1,Hispanic and Latino Americans - Wikipedia#523
Kenny Ortega,https://en.wikipedia.org/wiki/Kenny_Ortega,1,Hispanic and Latino Americans - Wikipedia#523
Emmy Award,https://en.wikipedia.org/wiki/Emmy_Awards,1,Hispanic and Latino Americans - Wikipedia#523
Super Bowl XXX,https://en.wikipedia.org/wiki/Super_Bowl_XXX,1,Hispanic and Latino Americans - Wikipedia#523
72nd Academy Awards,https://en.wikipedia.org/wiki/72nd_Academy_Awards,1,Hispanic and Latino Americans - Wikipedia#523
Michael Jackson,https://en.wikipedia.org/wiki/Michael_Jackson,1,Hispanic and Latino Americans - Wikipedia#523
memorial service,https://en.wikipedia.org/wiki/Michael_Jackson_memorial_service,1,Hispanic and Latino Americans - Wikipedia#523
Hispanic Organization of Latin Actors,https://en.wikipedia.org/wiki/Hispanic_Organization_of_Latin_Actors,1,Hispanic and Latino Americans - Wikipedia#524
National Hispanic Media Coalition,https://en.wikipedia.org/wiki/National_Hispanic_Media_Coalition,1,Hispanic and Latino Americans - Wikipedia#524
prime time,https://en.wikipedia.org/wiki/Prime_time,1,Hispanic and Latino Americans - Wikipedia#524
ABC,https://en.wikipedia.org/wiki/American_Broadcasting_Company,1,Hispanic and Latino Americans - Wikipedia#524
Melina Pérez,https://en.wikipedia.org/wiki/Melina_Perez,1,Hispanic and Latino Americans - Wikipedia#603
Fox,https://en.wikipedia.org/wiki/Fox_Broadcasting_Company,1,Hispanic and Latino Americans - Wikipedia#524
NBC,https://en.wikipedia.org/wiki/NBC,1,Hispanic and Latino Americans - Wikipedia#524
Latino Public Broadcasting,https://en.wikipedia.org/wiki/Latino_Public_Broadcasting,1,Hispanic and Latino Americans - Wikipedia#525
72nd Primetime Emmy Awards,https://en.wikipedia.org/wiki/72nd_Primetime_Emmy_Awards,1,Hispanic and Latino Americans - Wikipedia#527
Academy of Television Arts & Sciences,https://en.wikipedia.org/wiki/Academy_of_Television_Arts_%26_Sciences,1,Hispanic and Latino Americans - Wikipedia#527
Oscar de la Renta,https://en.wikipedia.org/wiki/Oscar_de_la_Renta,1,Hispanic and Latino Americans - Wikipedia#530
"Carolina Herrera U:(https://en.wikipedia.org/wiki/Carolina_Herrera_(fashion_designer))___ , ___E:Narciso Rodriguez",https://en.wikipedia.org/wiki/Narciso_Rodriguez,1,Hispanic and Latino Americans - Wikipedia#530
Manuel Cuevas,https://en.wikipedia.org/wiki/Manuel_Cuevas,1,Hispanic and Latino Americans - Wikipedia#530
Maria Cornejo,https://en.wikipedia.org/wiki/Maria_Cornejo,1,Hispanic and Latino Americans - Wikipedia#530
Christy Turlington,https://en.wikipedia.org/wiki/Christy_Turlington,1,Hispanic and Latino Americans - Wikipedia#530
Lais Ribeiro,https://en.wikipedia.org/wiki/Lais_Ribeiro,1,Hispanic and Latino Americans - Wikipedia#530
Adriana Lima,https://en.wikipedia.org/wiki/Adriana_Lima,1,Hispanic and Latino Americans - Wikipedia#530
Gisele Bündchen,https://en.wikipedia.org/wiki/Gisele_B%C3%BCndchen,1,Hispanic and Latino Americans - Wikipedia#530
Lea T,https://en.wikipedia.org/wiki/Lea_T,1,Hispanic and Latino Americans - Wikipedia#530
Jean-Michel Basquiat,https://en.wikipedia.org/wiki/Jean-Michel_Basquiat,1,Hispanic and Latino Americans - Wikipedia#531
Judith Baca,https://en.wikipedia.org/wiki/Judith_Baca,1,Hispanic and Latino Americans - Wikipedia#531
Carmen Herrera,https://en.wikipedia.org/wiki/Carmen_Herrera,1,Hispanic and Latino Americans - Wikipedia#531
Patssi Valdez,https://en.wikipedia.org/wiki/Patssi_Valdez,1,Hispanic and Latino Americans - Wikipedia#531
"Gronk U:(https://en.wikipedia.org/wiki/Gronk_(artist))___ , ___E:Luis Jiménez U:(https://en.wikipedia.org/wiki/Luis_Jim%C3%A9nez_(sculptor))___ , ___E:Félix González-Torres",https://en.wikipedia.org/wiki/F%C3%A9lix_Gonz%C3%A1lez-Torres,1,Hispanic and Latino Americans - Wikipedia#531
Ana Mendieta,https://en.wikipedia.org/wiki/Ana_Mendieta,1,Hispanic and Latino Americans - Wikipedia#531
Ester Hernandez,https://en.wikipedia.org/wiki/Ester_Hernandez,1,Hispanic and Latino Americans - Wikipedia#531
"Joe Shannon U:(https://en.wikipedia.org/wiki/Joe_Shannon_(artist))___ , ___E:Richard Serra",https://en.wikipedia.org/wiki/Richard_Serra,1,Hispanic and Latino Americans - Wikipedia#531
Abelardo Morell,https://en.wikipedia.org/wiki/Abelardo_Morell,1,Hispanic and Latino Americans - Wikipedia#531
Bill Melendez,https://en.wikipedia.org/wiki/Bill_Melendez,1,Hispanic and Latino Americans - Wikipedia#531
María Magdalena Campos Pons,https://en.wikipedia.org/wiki/Mar%C3%ADa_Magdalena_Campos_Pons,1,Hispanic and Latino Americans - Wikipedia#531
Sandra Ramos,https://en.wikipedia.org/wiki/Sandra_Ramos,1,Hispanic and Latino Americans - Wikipedia#531
Myrna Báez,https://en.wikipedia.org/wiki/Myrna_B%C3%A1ez,1,Hispanic and Latino Americans - Wikipedia#531
Soraida Martinez,https://en.wikipedia.org/wiki/Soraida_Martinez,1,Hispanic and Latino Americans - Wikipedia#531
Roberto Goizueta,https://en.wikipedia.org/wiki/Roberto_Goizueta,1,Hispanic and Latino Americans - Wikipedia#533
The Coca-Cola Company,https://en.wikipedia.org/wiki/The_Coca-Cola_Company,1,Hispanic and Latino Americans - Wikipedia#533
Arte Moreno,https://en.wikipedia.org/wiki/Arte_Moreno,1,Hispanic and Latino Americans - Wikipedia#534
major league,https://en.wikipedia.org/wiki/Major_professional_sports_leagues_in_the_United_States_and_Canada,1,Hispanic and Latino Americans - Wikipedia#534
Los Angeles Angels,https://en.wikipedia.org/wiki/Los_Angeles_Angels_of_Anaheim,1,Hispanic and Latino Americans - Wikipedia#534
Linda G. Alvarado,https://en.wikipedia.org/wiki/Linda_G._Alvarado,1,Hispanic and Latino Americans - Wikipedia#534
Colorado Rockies,https://en.wikipedia.org/wiki/Colorado_Rockies,1,Hispanic and Latino Americans - Wikipedia#534
Forbes 400,https://en.wikipedia.org/wiki/Forbes_400,1,Hispanic and Latino Americans - Wikipedia#535
Alejandro Santo Domingo,https://en.wikipedia.org/wiki/Alejandro_Santo_Domingo,1,Hispanic and Latino Americans - Wikipedia#535
SABMiller,https://en.wikipedia.org/wiki/SABMiller,1,Hispanic and Latino Americans - Wikipedia#535
Anheuser-Busch InBev,https://en.wikipedia.org/wiki/Anheuser-Busch_InBev,1,Hispanic and Latino Americans - Wikipedia#535
Jorge Perez,https://en.wikipedia.org/wiki/Jorge_M._Perez,1,Hispanic and Latino Americans - Wikipedia#536
Goya Foods,https://en.wikipedia.org/wiki/Goya_Foods,1,Hispanic and Latino Americans - Wikipedia#539
Joseph A. Unanue,https://en.wikipedia.org/wiki/Joseph_A._Unanue,1,Hispanic and Latino Americans - Wikipedia#539
Angel Ramos U:(https://en.wikipedia.org/wiki/%C3%81ngel_Ramos_(industrialist))___ was the founder of ___E:Telemundo,https://en.wikipedia.org/wiki/Telemundo,1,Hispanic and Latino Americans - Wikipedia#539
Samuel A. Ramirez Sr.,https://en.wikipedia.org/wiki/Samuel_A._Ramirez_Sr.,1,Hispanic and Latino Americans - Wikipedia#539
Wall Street,https://en.wikipedia.org/wiki/Wall_Street,1,Hispanic and Latino Americans - Wikipedia#539
Nina Tassler,https://en.wikipedia.org/wiki/Nina_Tassler,1,Hispanic and Latino Americans - Wikipedia#539
network television,https://en.wikipedia.org/wiki/Network_television,1,Hispanic and Latino Americans - Wikipedia#539
Obama scholar,https://en.wikipedia.org/wiki/Obama_Foundation,1,Hispanic and Latino Americans - Wikipedia#541
Hispanic representatives,https://en.wikipedia.org/wiki/List_of_Hispanic_Americans_in_the_United_States_Congress,1,Hispanic and Latino Americans - Wikipedia#543
Ladislas Lazaro,https://en.wikipedia.org/wiki/Ladislas_Lazaro,1,Hispanic and Latino Americans - Wikipedia#543
Antonio M. Fernández,https://en.wikipedia.org/wiki/Antonio_M._Fern%C3%A1ndez,1,Hispanic and Latino Americans - Wikipedia#543
Henry B. Gonzalez,https://en.wikipedia.org/wiki/Henry_B._Gonzalez,1,Hispanic and Latino Americans - Wikipedia#543
Kika de la Garza,https://en.wikipedia.org/wiki/Kika_de_la_Garza,1,Hispanic and Latino Americans - Wikipedia#543
Herman Badillo,https://en.wikipedia.org/wiki/Herman_Badillo,1,Hispanic and Latino Americans - Wikipedia#543
Vickie Guerrero,https://en.wikipedia.org/wiki/Vickie_Guerrero,1,Hispanic and Latino Americans - Wikipedia#603
Ileana Ros-Lehtinen,https://en.wikipedia.org/wiki/Ileana_Ros-Lehtinen,1,Hispanic and Latino Americans - Wikipedia#544
Jose E. Serrano,https://en.wikipedia.org/wiki/Jose_E._Serrano,1,Hispanic and Latino Americans - Wikipedia#544
Nydia Velázquez,https://en.wikipedia.org/wiki/Nydia_Vel%C3%A1zquez,1,Hispanic and Latino Americans - Wikipedia#544
Xavier Becerra,https://en.wikipedia.org/wiki/Xavier_Becerra,1,Hispanic and Latino Americans - Wikipedia#544
Lucille Roybal-Allard,https://en.wikipedia.org/wiki/Lucille_Roybal-Allard,1,Hispanic and Latino Americans - Wikipedia#544
Loretta Sanchez,https://en.wikipedia.org/wiki/Loretta_Sanchez,1,Hispanic and Latino Americans - Wikipedia#544
Rubén Hinojosa,https://en.wikipedia.org/wiki/Rub%C3%A9n_Hinojosa,1,Hispanic and Latino Americans - Wikipedia#544
Mario Díaz-Balart,https://en.wikipedia.org/wiki/Mario_D%C3%ADaz-Balart,1,Hispanic and Latino Americans - Wikipedia#544
Raul Grijalva,https://en.wikipedia.org/wiki/Raul_Grijalva,1,Hispanic and Latino Americans - Wikipedia#544
Ben R. Lujan,https://en.wikipedia.org/wiki/Ben_R._Lujan,1,Hispanic and Latino Americans - Wikipedia#544
Jaime Herrera Beutler,https://en.wikipedia.org/wiki/Jaime_Herrera_Beutler,1,Hispanic and Latino Americans - Wikipedia#544
Raul Labrador,https://en.wikipedia.org/wiki/Raul_Labrador,1,Hispanic and Latino Americans - Wikipedia#544
Alex Mooney,https://en.wikipedia.org/wiki/Alex_Mooney,1,Hispanic and Latino Americans - Wikipedia#544
senators,https://en.wikipedia.org/wiki/United_States_Senate,1,Hispanic and Latino Americans - Wikipedia#545
United States,https://en.wikipedia.org/wiki/United_States,1,Hispanic and Latino Americans - Wikipedia#604
Mel Martinez,https://en.wikipedia.org/wiki/Mel_Martinez,1,Hispanic and Latino Americans - Wikipedia#545
Dennis Chavez,https://en.wikipedia.org/wiki/Dennis_Chavez,1,Hispanic and Latino Americans - Wikipedia#545
Joseph Montoya,https://en.wikipedia.org/wiki/Joseph_Montoya,1,Hispanic and Latino Americans - Wikipedia#545
Ted Cruz,https://en.wikipedia.org/wiki/Ted_Cruz,1,Hispanic and Latino Americans - Wikipedia#547
state,https://en.wikipedia.org/wiki/State_governments_of_the_United_States,1,Hispanic and Latino Americans - Wikipedia#548
local government,https://en.wikipedia.org/wiki/Local_government_in_the_United_States,1,Hispanic and Latino Americans - Wikipedia#548
Brian Sandoval,https://en.wikipedia.org/wiki/Brian_Sandoval,1,Hispanic and Latino Americans - Wikipedia#549
Susana Martinez,https://en.wikipedia.org/wiki/Susana_Martinez,1,Hispanic and Latino Americans - Wikipedia#549
Jerry Apodaca,https://en.wikipedia.org/wiki/Jerry_Apodaca,1,Hispanic and Latino Americans - Wikipedia#550
Raul Hector Castro,https://en.wikipedia.org/wiki/Raul_Hector_Castro,1,Hispanic and Latino Americans - Wikipedia#550
Bob Martinez,https://en.wikipedia.org/wiki/Bob_Martinez,1,Hispanic and Latino Americans - Wikipedia#550
Secretary of Education,https://en.wikipedia.org/wiki/United_States_Secretary_of_Education,1,Hispanic and Latino Americans - Wikipedia#551
United States Cabinet,https://en.wikipedia.org/wiki/United_States_Cabinet,1,Hispanic and Latino Americans - Wikipedia#551
Secretary of the Interior,https://en.wikipedia.org/wiki/United_States_Secretary_of_the_Interior,1,Hispanic and Latino Americans - Wikipedia#552
Hilda Solis,https://en.wikipedia.org/wiki/Hilda_Solis,1,Hispanic and Latino Americans - Wikipedia#552
United States Secretary of Labor,https://en.wikipedia.org/wiki/United_States_Secretary_of_Labor,1,Hispanic and Latino Americans - Wikipedia#552
Alberto Gonzales,https://en.wikipedia.org/wiki/Alberto_Gonzales,1,Hispanic and Latino Americans - Wikipedia#552
United States Attorney General,https://en.wikipedia.org/wiki/United_States_Attorney_General,1,Hispanic and Latino Americans - Wikipedia#552
Carlos Gutierrez,https://en.wikipedia.org/wiki/Carlos_Gutierrez,1,Hispanic and Latino Americans - Wikipedia#552
Secretary of Commerce,https://en.wikipedia.org/wiki/United_States_Secretary_of_Commerce,1,Hispanic and Latino Americans - Wikipedia#552
Federico Peña,https://en.wikipedia.org/wiki/Federico_Pe%C3%B1a,1,Hispanic and Latino Americans - Wikipedia#552
Secretary of Energy,https://en.wikipedia.org/wiki/United_States_Secretary_of_Energy,1,Hispanic and Latino Americans - Wikipedia#552
Henry Cisneros,https://en.wikipedia.org/wiki/Henry_Cisneros,1,Hispanic and Latino Americans - Wikipedia#552
Secretary of Housing and Urban Development,https://en.wikipedia.org/wiki/United_States_Secretary_of_Housing_and_Urban_Development,1,Hispanic and Latino Americans - Wikipedia#552
Manuel Lujan Jr.,https://en.wikipedia.org/wiki/Manuel_Lujan_Jr.,1,Hispanic and Latino Americans - Wikipedia#552
Ambassador to the United Nations,https://en.wikipedia.org/wiki/United_States_Ambassador_to_the_United_Nations,1,Hispanic and Latino Americans - Wikipedia#552
Rosa Rios,https://en.wikipedia.org/wiki/Rosa_Rios,1,Hispanic and Latino Americans - Wikipedia#552
US Treasurer,https://en.wikipedia.org/wiki/Treasurer_of_the_United_States,1,Hispanic and Latino Americans - Wikipedia#552
Supreme Court,https://en.wikipedia.org/wiki/Supreme_Court_of_the_United_States,1,Hispanic and Latino Americans - Wikipedia#553
Associate Justice,https://en.wikipedia.org/wiki/Associate_Justice,1,Hispanic and Latino Americans - Wikipedia#553
Robert Santos,https://en.wikipedia.org/wiki/Robert_Santos,1,Hispanic and Latino Americans - Wikipedia#554
Congressional Hispanic Caucus,https://en.wikipedia.org/wiki/Congressional_Hispanic_Caucus,1,Hispanic and Latino Americans - Wikipedia#555
Congressional Hispanic Conference,https://en.wikipedia.org/wiki/Congressional_Hispanic_Conference,1,Hispanic and Latino Americans - Wikipedia#555
military conflict,https://en.wikipedia.org/wiki/List_of_United_States_military_history_events,1,Hispanic and Latino Americans - Wikipedia#558
American Revolution,https://en.wikipedia.org/wiki/American_Revolution,1,Hispanic and Latino Americans - Wikipedia#558
Medal of Honor,https://en.wikipedia.org/wiki/Medal_of_Honor,1,Hispanic and Latino Americans - Wikipedia#560
Philip Bazaar,https://en.wikipedia.org/wiki/Philip_Bazaar,1,Hispanic and Latino Americans - Wikipedia#563
Joseph H. De Castro,https://en.wikipedia.org/wiki/Joseph_H._De_Castro,1,Hispanic and Latino Americans - Wikipedia#563
John Ortega,https://en.wikipedia.org/wiki/John_Ortega,1,Hispanic and Latino Americans - Wikipedia#563
France Silva,https://en.wikipedia.org/wiki/France_Silva,1,Hispanic and Latino Americans - Wikipedia#563
David B. Barkley,https://en.wikipedia.org/wiki/David_B._Barkley,1,Hispanic and Latino Americans - Wikipedia#563
Lucian Adams,https://en.wikipedia.org/wiki/Lucian_Adams,1,Hispanic and Latino Americans - Wikipedia#563
Rudolph B. Davila,https://en.wikipedia.org/wiki/Rudolph_B._Davila,1,Hispanic and Latino Americans - Wikipedia#563
Marcario Garcia,https://en.wikipedia.org/wiki/Marcario_Garcia,1,Hispanic and Latino Americans - Wikipedia#563
Harold Gonsalves,https://en.wikipedia.org/wiki/Harold_Gonsalves,1,Hispanic and Latino Americans - Wikipedia#563
David M. Gonzales,https://en.wikipedia.org/wiki/David_M._Gonzales,1,Hispanic and Latino Americans - Wikipedia#563
Silvestre S. Herrera,https://en.wikipedia.org/wiki/Silvestre_S._Herrera,1,Hispanic and Latino Americans - Wikipedia#563
Jose M. Lopez,https://en.wikipedia.org/wiki/Jose_M._Lopez,1,Hispanic and Latino Americans - Wikipedia#563
Joe P. Martinez,https://en.wikipedia.org/wiki/Joe_P._Martinez,1,Hispanic and Latino Americans - Wikipedia#563
Manuel Perez Jr.,https://en.wikipedia.org/wiki/Manuel_Perez_Jr.,1,Hispanic and Latino Americans - Wikipedia#563
Cleto L. Rodriguez,https://en.wikipedia.org/wiki/Cleto_L._Rodriguez,1,Hispanic and Latino Americans - Wikipedia#563
Alejandro R. Ruiz,https://en.wikipedia.org/wiki/Alejandro_R._Ruiz,1,Hispanic and Latino Americans - Wikipedia#563
Jose F. Valdez,https://en.wikipedia.org/wiki/Jose_F._Valdez,1,Hispanic and Latino Americans - Wikipedia#563
Ysmael R. Villegas,https://en.wikipedia.org/wiki/Ysmael_R._Villegas,1,Hispanic and Latino Americans - Wikipedia#563
Fernando Luis García,https://en.wikipedia.org/wiki/Fernando_Luis_Garc%C3%ADa,1,Hispanic and Latino Americans - Wikipedia#563
Edward Gomez,https://en.wikipedia.org/wiki/Edward_Gomez,1,Hispanic and Latino Americans - Wikipedia#563
Ambrosio Guillen,https://en.wikipedia.org/wiki/Ambrosio_Guillen,1,Hispanic and Latino Americans - Wikipedia#563
opposition to immigration,https://en.wikipedia.org/wiki/Opposition_to_immigration,1,Hispanic and Latino Americans - Wikipedia#604
Baldomero Lopez,https://en.wikipedia.org/wiki/Baldomero_Lopez,1,Hispanic and Latino Americans - Wikipedia#563
"Benito Martinez U:(https://en.wikipedia.org/wiki/Benito_Martinez_(soldier))___ , ___E:Eugene Arnold Obregon",https://en.wikipedia.org/wiki/Eugene_Arnold_Obregon,1,Hispanic and Latino Americans - Wikipedia#563
Joseph C. Rodriguez,https://en.wikipedia.org/wiki/Joseph_C._Rodriguez,1,Hispanic and Latino Americans - Wikipedia#563
John P. Baca,https://en.wikipedia.org/wiki/John_P._Baca,1,Hispanic and Latino Americans - Wikipedia#563
Roy P. Benavidez,https://en.wikipedia.org/wiki/Roy_P._Benavidez,1,Hispanic and Latino Americans - Wikipedia#563
Emilio A. De La Garza,https://en.wikipedia.org/wiki/Emilio_A._De_La_Garza,1,Hispanic and Latino Americans - Wikipedia#563
Ralph E. Dias,https://en.wikipedia.org/wiki/Ralph_E._Dias,1,Hispanic and Latino Americans - Wikipedia#563
Daniel Fernandez,https://en.wikipedia.org/wiki/Daniel_D._Fern%C3%A1ndez,1,Hispanic and Latino Americans - Wikipedia#563
"Alfredo Cantu ""Freddy"" Gonzalez",https://en.wikipedia.org/wiki/Alfredo_Cantu_Gonzalez,1,Hispanic and Latino Americans - Wikipedia#563
Jose Francisco Jimenez,https://en.wikipedia.org/wiki/Jose_Francisco_Jimenez,1,Hispanic and Latino Americans - Wikipedia#563
Miguel Keith,https://en.wikipedia.org/wiki/Miguel_Keith,1,Hispanic and Latino Americans - Wikipedia#563
"Carlos James Lozada U:(https://en.wikipedia.org/wiki/Carlos_Lozada_(Medal_of_Honor))___ , ___E:Alfred V. Rascon",https://en.wikipedia.org/wiki/Alfred_V._Rascon,1,Hispanic and Latino Americans - Wikipedia#563
Louis R. Rocco,https://en.wikipedia.org/wiki/Louis_R._Rocco,1,Hispanic and Latino Americans - Wikipedia#563
Euripides Rubio,https://en.wikipedia.org/wiki/Euripides_Rubio,1,Hispanic and Latino Americans - Wikipedia#563
Hector Santiago-Colon,https://en.wikipedia.org/wiki/Hector_Santiago-Colon,1,Hispanic and Latino Americans - Wikipedia#563
Elmelindo Rodrigues Smith,https://en.wikipedia.org/wiki/Elmelindo_Rodrigues_Smith,1,Hispanic and Latino Americans - Wikipedia#563
Jay R. Vargas,https://en.wikipedia.org/wiki/Jay_R._Vargas,1,Hispanic and Latino Americans - Wikipedia#563
Humbert Roque Versace,https://en.wikipedia.org/wiki/Humbert_Roque_Versace,1,Hispanic and Latino Americans - Wikipedia#563
Maximo Yabes,https://en.wikipedia.org/wiki/Maximo_Yabes,1,Hispanic and Latino Americans - Wikipedia#563
Luis Walter Álvarez,https://en.wikipedia.org/wiki/Luis_Walter_%C3%81lvarez,1,Hispanic and Latino Americans - Wikipedia#564
"nativism U:(https://en.wikipedia.org/wiki/Nativism_(politics))___ , ___E:racism",https://en.wikipedia.org/wiki/Racism,1,Hispanic and Latino Americans - Wikipedia#604
Walter Alvarez,https://en.wikipedia.org/wiki/Walter_Alvarez,1,Hispanic and Latino Americans - Wikipedia#564
Yucatán Peninsula,https://en.wikipedia.org/wiki/Yucat%C3%A1n_Peninsula,1,Hispanic and Latino Americans - Wikipedia#565
extinction of the dinosaurs,https://en.wikipedia.org/wiki/Cretaceous%E2%80%93Paleogene_extinction_event,1,Hispanic and Latino Americans - Wikipedia#565
Mario J. Molina,https://en.wikipedia.org/wiki/Mario_J._Molina,1,Hispanic and Latino Americans - Wikipedia#565
"University of California, San Diego","https://en.wikipedia.org/wiki/University_of_California,_San_Diego",1,Hispanic and Latino Americans - Wikipedia#565
Victor Manuel Blanco,https://en.wikipedia.org/wiki/Victor_Manuel_Blanco,1,Hispanic and Latino Americans - Wikipedia#566
galactic cluster,https://en.wikipedia.org/wiki/Galactic_cluster,1,Hispanic and Latino Americans - Wikipedia#566
F. J. Duarte,https://en.wikipedia.org/wiki/F._J._Duarte,1,Hispanic and Latino Americans - Wikipedia#566
Optical Society of America,https://en.wikipedia.org/wiki/Optical_Society_of_America,1,Hispanic and Latino Americans - Wikipedia#566
N-slit laser interferometer,https://en.wikipedia.org/wiki/N-Slit_interferometer,1,Hispanic and Latino Americans - Wikipedia#566
Alfredo Quiñones-Hinojosa,https://en.wikipedia.org/wiki/Alfredo_Qui%C3%B1ones-Hinojosa,1,Hispanic and Latino Americans - Wikipedia#566
Johns Hopkins Hospital,https://en.wikipedia.org/wiki/Johns_Hopkins_Hospital,1,Hispanic and Latino Americans - Wikipedia#566
Johns Hopkins School of Medicine,https://en.wikipedia.org/wiki/Johns_Hopkins_School_of_Medicine,1,Hispanic and Latino Americans - Wikipedia#566
Albert Baez,https://en.wikipedia.org/wiki/Albert_Baez,1,Hispanic and Latino Americans - Wikipedia#567
X-ray microscopes,https://en.wikipedia.org/wiki/X-ray_microscope,1,Hispanic and Latino Americans - Wikipedia#567
X-ray telescopes,https://en.wikipedia.org/wiki/X-ray_telescopes,1,Hispanic and Latino Americans - Wikipedia#567
John Carlos Baez,https://en.wikipedia.org/wiki/John_Carlos_Baez,1,Hispanic and Latino Americans - Wikipedia#568
Francisco J. Ayala,https://en.wikipedia.org/wiki/Francisco_J._Ayala,1,Hispanic and Latino Americans - Wikipedia#568
American Association for the Advancement of Science,https://en.wikipedia.org/wiki/American_Association_for_the_Advancement_of_Science,1,Hispanic and Latino Americans - Wikipedia#568
National Medal of Science,https://en.wikipedia.org/wiki/National_Medal_of_Science,1,Hispanic and Latino Americans - Wikipedia#568
Templeton Prize,https://en.wikipedia.org/wiki/Templeton_Prize,1,Hispanic and Latino Americans - Wikipedia#568
Carlos Bustamante U:(https://en.wikipedia.org/wiki/Carlos_Bustamante_(biophysicist))___ has been named a ___E:Searle Scholar,https://en.wikipedia.org/wiki/Searle_Scholar,1,Hispanic and Latino Americans - Wikipedia#569
Alfred P. Sloan Foundation,https://en.wikipedia.org/wiki/Alfred_P._Sloan_Foundation,1,Hispanic and Latino Americans - Wikipedia#569
Luis von Ahn,https://en.wikipedia.org/wiki/Luis_von_Ahn,1,Hispanic and Latino Americans - Wikipedia#569
crowdsourcing,https://en.wikipedia.org/wiki/Crowdsourcing,1,Hispanic and Latino Americans - Wikipedia#569
reCAPTCHA,https://en.wikipedia.org/wiki/ReCAPTCHA,1,Hispanic and Latino Americans - Wikipedia#569
Duolingo,https://en.wikipedia.org/wiki/Duolingo,1,Hispanic and Latino Americans - Wikipedia#569
Ana Maria Rey,https://en.wikipedia.org/wiki/Ana_Maria_Rey,1,Hispanic and Latino Americans - Wikipedia#570
MacArthur Fellowship,https://en.wikipedia.org/wiki/MacArthur_Fellowship,1,Hispanic and Latino Americans - Wikipedia#570
Fernando E. Rodríguez Vargas,https://en.wikipedia.org/wiki/Fernando_E._Rodr%C3%ADguez_Vargas,1,Hispanic and Latino Americans - Wikipedia#571
Gualberto Ruaño,https://en.wikipedia.org/wiki/Gualberto_Rua%C3%B1o,1,Hispanic and Latino Americans - Wikipedia#572
Fermín Tangüis,https://en.wikipedia.org/wiki/Ferm%C3%ADn_Tang%C3%BCis,1,Hispanic and Latino Americans - Wikipedia#572
Severo Ochoa,https://en.wikipedia.org/wiki/Severo_Ochoa,1,Hispanic and Latino Americans - Wikipedia#572
Nobel Prize in Physiology or Medicine,https://en.wikipedia.org/wiki/Nobel_Prize_in_Physiology_or_Medicine,1,Hispanic and Latino Americans - Wikipedia#572
Nora Volkow,https://en.wikipedia.org/wiki/Nora_Volkow,1,Hispanic and Latino Americans - Wikipedia#574
National Institute on Drug Abuse,https://en.wikipedia.org/wiki/National_Institute_on_Drug_Abuse,1,Hispanic and Latino Americans - Wikipedia#574
Helen Rodríguez Trías,https://en.wikipedia.org/wiki/Helen_Rodr%C3%ADguez_Tr%C3%ADas,1,Hispanic and Latino Americans - Wikipedia#575
Presidential Citizens Medal,https://en.wikipedia.org/wiki/Presidential_Citizens_Medal,1,Hispanic and Latino Americans - Wikipedia#575
astronautics,https://en.wikipedia.org/wiki/Astronautics,1,Hispanic and Latino Americans - Wikipedia#576
Franklin Chang-Diaz,https://en.wikipedia.org/wiki/Franklin_Chang-Diaz,1,Hispanic and Latino Americans - Wikipedia#576
plasma engine,https://en.wikipedia.org/wiki/Variable_Specific_Impulse_Magnetoplasma_Rocket,1,Hispanic and Latino Americans - Wikipedia#576
France A. Córdova,https://en.wikipedia.org/wiki/France_A._C%C3%B3rdova,1,Hispanic and Latino Americans - Wikipedia#576
Juan R. Cruz,https://en.wikipedia.org/wiki/Juan_R._Cruz,1,Hispanic and Latino Americans - Wikipedia#576
NASA,https://en.wikipedia.org/wiki/NASA,1,Hispanic and Latino Americans - Wikipedia#576
Lieutenant,https://en.wikipedia.org/wiki/Lieutenant,1,Hispanic and Latino Americans - Wikipedia#576
Carlos I. Noriega,https://en.wikipedia.org/wiki/Carlos_I._Noriega,1,Hispanic and Latino Americans - Wikipedia#576
Orlando Figueroa,https://en.wikipedia.org/wiki/Orlando_Figueroa,1,Hispanic and Latino Americans - Wikipedia#576
Amri Hernández-Pellerano,https://en.wikipedia.org/wiki/Amri_Hern%C3%A1ndez-Pellerano,1,Hispanic and Latino Americans - Wikipedia#576
Goddard Space Flight Center,https://en.wikipedia.org/wiki/Goddard_Space_Flight_Center,1,Hispanic and Latino Americans - Wikipedia#576
Olga D. González-Sanabria,https://en.wikipedia.org/wiki/Olga_D._Gonz%C3%A1lez-Sanabria,1,Hispanic and Latino Americans - Wikipedia#577
International Space Station,https://en.wikipedia.org/wiki/International_Space_Station,1,Hispanic and Latino Americans - Wikipedia#577
Mercedes Reaves,https://en.wikipedia.org/wiki/Mercedes_Reaves,1,Hispanic and Latino Americans - Wikipedia#577
solar sail,https://en.wikipedia.org/wiki/Solar_sail,1,Hispanic and Latino Americans - Wikipedia#577
Langley Research Center,https://en.wikipedia.org/wiki/Langley_Research_Center,1,Hispanic and Latino Americans - Wikipedia#577
Felix Soto Toro,https://en.wikipedia.org/wiki/Felix_Soto_Toro,1,Hispanic and Latino Americans - Wikipedia#579
Ellen Ochoa,https://en.wikipedia.org/wiki/Ellen_Ochoa,1,Hispanic and Latino Americans - Wikipedia#579
Joseph Acaba,https://en.wikipedia.org/wiki/Joseph_M._Acaba,1,Hispanic and Latino Americans - Wikipedia#579
Fernando Caldeiro,https://en.wikipedia.org/wiki/Fernando_Caldeiro,1,Hispanic and Latino Americans - Wikipedia#579
Sidney Gutierrez,https://en.wikipedia.org/wiki/Sidney_M._Gutierrez,1,Hispanic and Latino Americans - Wikipedia#579
José M. Hernández,https://en.wikipedia.org/wiki/Jos%C3%A9_M._Hern%C3%A1ndez,1,Hispanic and Latino Americans - Wikipedia#579
Michael López-Alegría,https://en.wikipedia.org/wiki/Michael_L%C3%B3pez-Alegr%C3%ADa,1,Hispanic and Latino Americans - Wikipedia#579
John Olivas,https://en.wikipedia.org/wiki/John_D._Olivas,1,Hispanic and Latino Americans - Wikipedia#579
George Zamka,https://en.wikipedia.org/wiki/George_D._Zamka,1,Hispanic and Latino Americans - Wikipedia#579
Latin American,https://en.wikipedia.org/wiki/Latin_American,1,Hispanic and Latino Americans - Wikipedia#1
Laurie Hernandez,https://en.wikipedia.org/wiki/Laurie_Hernandez,1,Hispanic and Latino Americans - Wikipedia#581
Jessica Mendoza,https://en.wikipedia.org/wiki/Jessica_Mendoza,1,Hispanic and Latino Americans - Wikipedia#581
"Giselle Juarez U:(https://en.wikipedia.org/wiki/Giselle_Juarez_(softball))___ , softball player of Mexican descent, emerged as a standout pitcher, leading the ___E:University of Oklahoma",https://en.wikipedia.org/wiki/University_of_Oklahoma,1,Hispanic and Latino Americans - Wikipedia#582
Linda Alvarado,https://en.wikipedia.org/wiki/Linda_Alvarado,1,Hispanic and Latino Americans - Wikipedia#582
Brenda Villa,https://en.wikipedia.org/wiki/Brenda_Villa,1,Hispanic and Latino Americans - Wikipedia#582
Nancy Lopez,https://en.wikipedia.org/wiki/Nancy_Lopez,1,Hispanic and Latino Americans - Wikipedia#582
Sofia Huerta,https://en.wikipedia.org/wiki/Sofia_Huerta,1,Hispanic and Latino Americans - Wikipedia#582
Tom Flores,https://en.wikipedia.org/wiki/Tom_Flores,1,Hispanic and Latino Americans - Wikipedia#583
quarterback,https://en.wikipedia.org/wiki/Quarterback,1,Hispanic and Latino Americans - Wikipedia#583
Super Bowls,https://en.wikipedia.org/wiki/Super_Bowls,1,Hispanic and Latino Americans - Wikipedia#583
Oakland Raiders,https://en.wikipedia.org/wiki/Oakland_Raiders,1,Hispanic and Latino Americans - Wikipedia#583
Anthony Múñoz,https://en.wikipedia.org/wiki/Anthony_M%C3%BA%C3%B1oz,1,Hispanic and Latino Americans - Wikipedia#583
Pro Football Hall of Fame,https://en.wikipedia.org/wiki/Pro_Football_Hall_of_Fame,1,Hispanic and Latino Americans - Wikipedia#583
Sporting News,https://en.wikipedia.org/wiki/Sporting_News,1,Hispanic and Latino Americans - Wikipedia#583
Jim Plunkett,https://en.wikipedia.org/wiki/Jim_Plunkett,1,Hispanic and Latino Americans - Wikipedia#583
Heisman Trophy,https://en.wikipedia.org/wiki/Heisman_Trophy,1,Hispanic and Latino Americans - Wikipedia#583
US history,https://en.wikipedia.org/wiki/History_of_the_United_States,1,Hispanic and Latino Americans - Wikipedia#605
Joe Kapp,https://en.wikipedia.org/wiki/Joe_Kapp,1,Hispanic and Latino Americans - Wikipedia#583
Canadian Football Hall of Fame,https://en.wikipedia.org/wiki/Canadian_Football_Hall_of_Fame,1,Hispanic and Latino Americans - Wikipedia#583
Steve Van Buren,https://en.wikipedia.org/wiki/Steve_Van_Buren,1,Hispanic and Latino Americans - Wikipedia#583
Martin Gramatica,https://en.wikipedia.org/wiki/Martin_Gramatica,1,Hispanic and Latino Americans - Wikipedia#583
"Victor Cruz U:(https://en.wikipedia.org/wiki/Victor_Cruz_(American_football))___ , ___E:Tony Gonzalez",https://en.wikipedia.org/wiki/Tony_Gonzalez,1,Hispanic and Latino Americans - Wikipedia#583
Ted Hendricks,https://en.wikipedia.org/wiki/Ted_Hendricks,1,Hispanic and Latino Americans - Wikipedia#583
Marc Bulger,https://en.wikipedia.org/wiki/Marc_Bulger,1,Hispanic and Latino Americans - Wikipedia#583
Tony Romo,https://en.wikipedia.org/wiki/Tony_Romo,1,Hispanic and Latino Americans - Wikipedia#583
Mark Sanchez,https://en.wikipedia.org/wiki/Mark_Sanchez,1,Hispanic and Latino Americans - Wikipedia#583
National Football League,https://en.wikipedia.org/wiki/National_Football_League,1,Hispanic and Latino Americans - Wikipedia#583
Esteban Bellán,https://en.wikipedia.org/wiki/Steve_Bell%C3%A1n,1,Hispanic and Latino Americans - Wikipedia#584
Ted Williams,https://en.wikipedia.org/wiki/Ted_Williams,1,Hispanic and Latino Americans - Wikipedia#585
Sammy Sosa,https://en.wikipedia.org/wiki/Sammy_Sosa,1,Hispanic and Latino Americans - Wikipedia#585
Alex Rodriguez,https://en.wikipedia.org/wiki/Alex_Rodriguez,1,Hispanic and Latino Americans - Wikipedia#585
Alex Rios,https://en.wikipedia.org/wiki/Alex_Rios,1,Hispanic and Latino Americans - Wikipedia#585
Miguel Cabrera,https://en.wikipedia.org/wiki/Miguel_Cabrera,1,Hispanic and Latino Americans - Wikipedia#585
Lefty Gómez,https://en.wikipedia.org/wiki/Lefty_G%C3%B3mez,1,Hispanic and Latino Americans - Wikipedia#585
Adolfo Luque,https://en.wikipedia.org/wiki/Dolf_Luque,1,Hispanic and Latino Americans - Wikipedia#585
anti-Latino sentiment,https://en.wikipedia.org/wiki/Anti-Latino_discrimination_in_the_United_States,1,Hispanic and Latino Americans - Wikipedia#605
ethnicity,https://en.wikipedia.org/wiki/Ethnic_group,1,Hispanic and Latino Americans - Wikipedia#605
Adrián González,https://en.wikipedia.org/wiki/Adri%C3%A1n_Gonz%C3%A1lez,1,Hispanic and Latino Americans - Wikipedia#585
"Jose Fernandez U:(https://en.wikipedia.org/wiki/Jos%C3%A9_Fern%C3%A1ndez_(right-handed_pitcher))___ , ___E:David Ortiz",https://en.wikipedia.org/wiki/David_Ortiz,1,Hispanic and Latino Americans - Wikipedia#585
"race U:(https://en.wikipedia.org/wiki/Race_(human_categorization))___ , ___E:culture",https://en.wikipedia.org/wiki/Culture,1,Hispanic and Latino Americans - Wikipedia#605
Fernando Valenzuela,https://en.wikipedia.org/wiki/Fernando_Valenzuela,1,Hispanic and Latino Americans - Wikipedia#585
Nomar Garciaparra,https://en.wikipedia.org/wiki/Nomar_Garciaparra,1,Hispanic and Latino Americans - Wikipedia#585
Albert Pujols,https://en.wikipedia.org/wiki/Albert_Pujols,1,Hispanic and Latino Americans - Wikipedia#585
Omar Vizquel,https://en.wikipedia.org/wiki/Omar_Vizquel,1,Hispanic and Latino Americans - Wikipedia#585
"Miguel Angel Gonzalez U:(https://en.wikipedia.org/wiki/Mike_Gonz%C3%A1lez_(catcher))___ (the first Hispanic Major League manager),   ___E:Al López",https://en.wikipedia.org/wiki/Al_L%C3%B3pez,1,Hispanic and Latino Americans - Wikipedia#585
Ozzie Guillén,https://en.wikipedia.org/wiki/Ozzie_Guill%C3%A9n,1,Hispanic and Latino Americans - Wikipedia#585
Rodolfo P. Hernandez,https://en.wikipedia.org/wiki/Rodolfo_P._Hernandez,1,Hispanic and Latino Americans - Wikipedia#563
Omar Minaya,https://en.wikipedia.org/wiki/Omar_Minaya,1,Hispanic and Latino Americans - Wikipedia#585
MLB Hall of Fame,https://en.wikipedia.org/wiki/National_Baseball_Hall_of_Fame_and_Museum,1,Hispanic and Latino Americans - Wikipedia#586
Roberto Alomar,https://en.wikipedia.org/wiki/Roberto_Alomar,1,Hispanic and Latino Americans - Wikipedia#586
Luis Aparicio,https://en.wikipedia.org/wiki/Luis_Aparicio,1,Hispanic and Latino Americans - Wikipedia#586
Rod Carew,https://en.wikipedia.org/wiki/Rod_Carew,1,Hispanic and Latino Americans - Wikipedia#586
Orlando Cepeda,https://en.wikipedia.org/wiki/Orlando_Cepeda,1,Hispanic and Latino Americans - Wikipedia#586
Pedro Martínez,https://en.wikipedia.org/wiki/Pedro_Mart%C3%ADnez,1,Hispanic and Latino Americans - Wikipedia#586
Tony Pérez,https://en.wikipedia.org/wiki/Tony_P%C3%A9rez,1,Hispanic and Latino Americans - Wikipedia#586
Reggie Jackson,https://en.wikipedia.org/wiki/Reggie_Jackson,1,Hispanic and Latino Americans - Wikipedia#586
Mariano Rivera,https://en.wikipedia.org/wiki/Mariano_Rivera,1,Hispanic and Latino Americans - Wikipedia#586
Edgar Martinez,https://en.wikipedia.org/wiki/Edgar_Mart%C3%ADnez,1,Hispanic and Latino Americans - Wikipedia#586
Afro-Hispanic,https://en.wikipedia.org/wiki/Afro-Latin_Americans,1,Hispanic and Latino Americans - Wikipedia#586
Martin Dihigo,https://en.wikipedia.org/wiki/Mart%C3%ADn_Dihigo,1,Hispanic and Latino Americans - Wikipedia#586
Jose Mendez,https://en.wikipedia.org/wiki/Jos%C3%A9_M%C3%A9ndez,1,Hispanic and Latino Americans - Wikipedia#586
Cristóbal Torriente,https://en.wikipedia.org/wiki/Crist%C3%B3bal_Torriente,1,Hispanic and Latino Americans - Wikipedia#586
Negro leagues,https://en.wikipedia.org/wiki/Negro_league_baseball,1,Hispanic and Latino Americans - Wikipedia#586
Trevor Ariza,https://en.wikipedia.org/wiki/Trevor_Ariza,1,Hispanic and Latino Americans - Wikipedia#587
Mark Aguirre,https://en.wikipedia.org/wiki/Mark_Aguirre,1,Hispanic and Latino Americans - Wikipedia#587
Carmelo Anthony,https://en.wikipedia.org/wiki/Carmelo_Anthony,1,Hispanic and Latino Americans - Wikipedia#587
Manu Ginóbili,https://en.wikipedia.org/wiki/Manu_Gin%C3%B3bili,1,Hispanic and Latino Americans - Wikipedia#587
Carlos Arroyo,https://en.wikipedia.org/wiki/Carlos_Arroyo,1,Hispanic and Latino Americans - Wikipedia#587
Gilbert Arenas,https://en.wikipedia.org/wiki/Gilbert_Arenas,1,Hispanic and Latino Americans - Wikipedia#587
Rolando Blackman,https://en.wikipedia.org/wiki/Rolando_Blackman,1,Hispanic and Latino Americans - Wikipedia#587
Pau Gasol,https://en.wikipedia.org/wiki/Pau_Gasol,1,Hispanic and Latino Americans - Wikipedia#587
"Jose Calderon U:(https://en.wikipedia.org/wiki/Jos%C3%A9_Calder%C3%B3n_(basketball))___ , ___E:José Juan Barea",https://en.wikipedia.org/wiki/Jos%C3%A9_Juan_Barea,1,Hispanic and Latino Americans - Wikipedia#587
Charlie Villanueva,https://en.wikipedia.org/wiki/Charlie_Villanueva,1,Hispanic and Latino Americans - Wikipedia#587
National Basketball Association,https://en.wikipedia.org/wiki/National_Basketball_Association,1,Hispanic and Latino Americans - Wikipedia#587
Dick Versace,https://en.wikipedia.org/wiki/Dick_Versace,1,Hispanic and Latino Americans - Wikipedia#587
Rebecca Lobo,https://en.wikipedia.org/wiki/Rebecca_Lobo,1,Hispanic and Latino Americans - Wikipedia#587
National Collegiate Athletic Association,https://en.wikipedia.org/wiki/National_Collegiate_Athletic_Association,1,Hispanic and Latino Americans - Wikipedia#587
Olympic,https://en.wikipedia.org/wiki/Olympic_Games,1,Hispanic and Latino Americans - Wikipedia#587
Women's National Basketball Association,https://en.wikipedia.org/wiki/Women%27s_National_Basketball_Association,1,Hispanic and Latino Americans - Wikipedia#587
Diana Taurasi,https://en.wikipedia.org/wiki/Diana_Taurasi,1,Hispanic and Latino Americans - Wikipedia#587
Orlando Antigua,https://en.wikipedia.org/wiki/Orlando_Antigua,1,Hispanic and Latino Americans - Wikipedia#587
Harlem Globetrotters,https://en.wikipedia.org/wiki/Harlem_Globetrotters,1,Hispanic and Latino Americans - Wikipedia#587
tennis,https://en.wikipedia.org/wiki/Tennis,1,Hispanic and Latino Americans - Wikipedia#588
Pancho Gonzales,https://en.wikipedia.org/wiki/Pancho_Gonzales,1,Hispanic and Latino Americans - Wikipedia#588
Mary Joe Fernández,https://en.wikipedia.org/wiki/Mary_Joe_Fern%C3%A1ndez,1,Hispanic and Latino Americans - Wikipedia#588
Gigi Fernández,https://en.wikipedia.org/wiki/Gigi_Fern%C3%A1ndez,1,Hispanic and Latino Americans - Wikipedia#588
gold medal,https://en.wikipedia.org/wiki/Gold_medal,1,Hispanic and Latino Americans - Wikipedia#588
2016 Rio Olympics,https://en.wikipedia.org/wiki/2016_Rio_Olympics,1,Hispanic and Latino Americans - Wikipedia#588
Major League Soccer,https://en.wikipedia.org/wiki/Major_League_Soccer,1,Hispanic and Latino Americans - Wikipedia#591
LA Galaxy,https://en.wikipedia.org/wiki/LA_Galaxy,1,Hispanic and Latino Americans - Wikipedia#591
Los Angeles FC,https://en.wikipedia.org/wiki/Los_Angeles_FC,1,Hispanic and Latino Americans - Wikipedia#591
Houston Dynamo,https://en.wikipedia.org/wiki/Houston_Dynamo,1,Hispanic and Latino Americans - Wikipedia#591
Columbus Crew,https://en.wikipedia.org/wiki/Columbus_Crew,1,Hispanic and Latino Americans - Wikipedia#591
Tab Ramos,https://en.wikipedia.org/wiki/Tab_Ramos,1,Hispanic and Latino Americans - Wikipedia#592
Claudio Reyna,https://en.wikipedia.org/wiki/Claudio_Reyna,1,Hispanic and Latino Americans - Wikipedia#592
Omar Gonzalez,https://en.wikipedia.org/wiki/Omar_Gonzalez,1,Hispanic and Latino Americans - Wikipedia#592
Marcelo Balboa,https://en.wikipedia.org/wiki/Marcelo_Balboa,1,Hispanic and Latino Americans - Wikipedia#592
Roger Espinoza,https://en.wikipedia.org/wiki/Roger_Espinoza,1,Hispanic and Latino Americans - Wikipedia#592
Carlos Bocanegra,https://en.wikipedia.org/wiki/Carlos_Bocanegra,1,Hispanic and Latino Americans - Wikipedia#592
Ryan Lochte,https://en.wikipedia.org/wiki/Ryan_Lochte,1,Hispanic and Latino Americans - Wikipedia#593
Dara Torres,https://en.wikipedia.org/wiki/Dara_Torres,1,Hispanic and Latino Americans - Wikipedia#593
Maya DiRado,https://en.wikipedia.org/wiki/Maya_DiRado,1,Hispanic and Latino Americans - Wikipedia#594
Solly Smith,https://en.wikipedia.org/wiki/Solly_Smith,1,Hispanic and Latino Americans - Wikipedia#595
Oscar De La Hoya,https://en.wikipedia.org/wiki/Oscar_De_La_Hoya,1,Hispanic and Latino Americans - Wikipedia#596
Miguel Cotto,https://en.wikipedia.org/wiki/Miguel_Cotto,1,Hispanic and Latino Americans - Wikipedia#596
Bobby Chacon,https://en.wikipedia.org/wiki/Bobby_Chacon,1,Hispanic and Latino Americans - Wikipedia#596
Brandon Ríos,https://en.wikipedia.org/wiki/Brandon_R%C3%ADos,1,Hispanic and Latino Americans - Wikipedia#596
Michael Carbajal,https://en.wikipedia.org/wiki/Michael_Carbajal,1,Hispanic and Latino Americans - Wikipedia#596
John Ruiz,https://en.wikipedia.org/wiki/John_Ruiz,1,Hispanic and Latino Americans - Wikipedia#596
Andy Ruiz Jr.,https://en.wikipedia.org/wiki/Andy_Ruiz_Jr.,1,Hispanic and Latino Americans - Wikipedia#596
Mikey Garcia,https://en.wikipedia.org/wiki/Mikey_Garcia,1,Hispanic and Latino Americans - Wikipedia#596
Ricco Rodriguez,https://en.wikipedia.org/wiki/Ricco_Rodriguez,1,Hispanic and Latino Americans - Wikipedia#597
Tito Ortiz,https://en.wikipedia.org/wiki/Tito_Ortiz,1,Hispanic and Latino Americans - Wikipedia#597
Diego Sanchez,https://en.wikipedia.org/wiki/Diego_Sanchez,1,Hispanic and Latino Americans - Wikipedia#597
Nick Diaz,https://en.wikipedia.org/wiki/Nick_Diaz,1,Hispanic and Latino Americans - Wikipedia#597
second-largest group,https://en.wikipedia.org/wiki/Race_and_ethnicity_in_the_United_States,1,Hispanic and Latino Americans - Wikipedia#3
Anti-Catholicism,https://en.wikipedia.org/wiki/Anti-Catholicism,1,Hispanic and Latino Americans - Wikipedia#605
metropole,https://en.wikipedia.org/wiki/Metropole,1,Hispanic and Latino Americans - Wikipedia#5
colonial empire,https://en.wikipedia.org/wiki/Colonial_empire,1,Hispanic and Latino Americans - Wikipedia#5
Anti-Catholicism in the United States,https://en.wikipedia.org/wiki/Anti-Catholicism_in_the_United_States,1,Hispanic and Latino Americans - Wikipedia#605
Thirteen Colonies,https://en.wikipedia.org/wiki/Thirteen_Colonies,1,Hispanic and Latino Americans - Wikipedia#5
United Kingdom,https://en.wikipedia.org/wiki/United_Kingdom,1,Hispanic and Latino Americans - Wikipedia#5
Xenophobia in the United States,https://en.wikipedia.org/wiki/Xenophobia_in_the_United_States,1,Hispanic and Latino Americans - Wikipedia#605
descendants of African slaves,https://en.wikipedia.org/wiki/African_diaspora,1,Hispanic and Latino Americans - Wikipedia#6
Europe,https://en.wikipedia.org/wiki/Europe,1,Hispanic and Latino Americans - Wikipedia#6
Middle East,https://en.wikipedia.org/wiki/Middle_East,1,Hispanic and Latino Americans - Wikipedia#6
East Asia,https://en.wikipedia.org/wiki/East_Asia,1,Hispanic and Latino Americans - Wikipedia#6
pan-ethnicity,https://en.wikipedia.org/wiki/Pan-ethnicity,1,Hispanic and Latino Americans - Wikipedia#7
Hispanic America,https://en.wikipedia.org/wiki/Hispanic_America,1,Hispanic and Latino Americans - Wikipedia#605
Mexican,https://en.wikipedia.org/wiki/Mexicans,1,Hispanic and Latino Americans - Wikipedia#8
hate groups,https://en.wikipedia.org/wiki/Hate_group,1,Hispanic and Latino Americans - Wikipedia#606
Federal Bureau of Investigation,https://en.wikipedia.org/wiki/Federal_Bureau_of_Investigation,1,Hispanic and Latino Americans - Wikipedia#607
Salvadoran,https://en.wikipedia.org/wiki/Salvadorans,1,Hispanic and Latino Americans - Wikipedia#8
Dominican,https://en.wikipedia.org/wiki/People_of_the_Dominican_Republic,1,Hispanic and Latino Americans - Wikipedia#8
Colombian,https://en.wikipedia.org/wiki/Colombians,1,Hispanic and Latino Americans - Wikipedia#8
Guatemalan,https://en.wikipedia.org/wiki/Guatemalans,1,Hispanic and Latino Americans - Wikipedia#8
Honduran,https://en.wikipedia.org/wiki/Hondurans,1,Hispanic and Latino Americans - Wikipedia#8
Ecuadorian,https://en.wikipedia.org/wiki/Ecuadorians,1,Hispanic and Latino Americans - Wikipedia#8
Peruvian,https://en.wikipedia.org/wiki/Peruvians,1,Hispanic and Latino Americans - Wikipedia#8
Venezuelan,https://en.wikipedia.org/wiki/Venezuelans,1,Hispanic and Latino Americans - Wikipedia#8
Nicaraguan,https://en.wikipedia.org/wiki/Nicaraguans,1,Hispanic and Latino Americans - Wikipedia#8
Asian Americans,https://en.wikipedia.org/wiki/Asian_Americans,1,Hispanic and Latino Americans - Wikipedia#11
hate crimes,https://en.wikipedia.org/wiki/Hate_crime,1,Hispanic and Latino Americans - Wikipedia#607
anti-homosexual,https://en.wikipedia.org/wiki/Homophobia,1,Hispanic and Latino Americans - Wikipedia#609
anti-Jewish,https://en.wikipedia.org/wiki/Antisemitism,1,Hispanic and Latino Americans - Wikipedia#609
Viceroyalty of New Spain,https://en.wikipedia.org/wiki/Viceroyalty_of_New_Spain,1,Hispanic and Latino Americans - Wikipedia#14
discrimination,https://en.wikipedia.org/wiki/Discrimination,1,Hispanic and Latino Americans - Wikipedia#610
Nate Diaz,https://en.wikipedia.org/wiki/Nate_Diaz,1,Hispanic and Latino Americans - Wikipedia#597
Dominick Cruz,https://en.wikipedia.org/wiki/Dominick_Cruz,1,Hispanic and Latino Americans - Wikipedia#597
Frank Shamrock,https://en.wikipedia.org/wiki/Frank_Shamrock,1,Hispanic and Latino Americans - Wikipedia#597
Gilbert Melendez,https://en.wikipedia.org/wiki/Gilbert_Melendez,1,Hispanic and Latino Americans - Wikipedia#597
Roger Huerta,https://en.wikipedia.org/wiki/Roger_Huerta,1,Hispanic and Latino Americans - Wikipedia#597
Carlos Condit,https://en.wikipedia.org/wiki/Carlos_Condit,1,Hispanic and Latino Americans - Wikipedia#597
Tony Ferguson,https://en.wikipedia.org/wiki/Tony_Ferguson,1,Hispanic and Latino Americans - Wikipedia#597
Americans,https://en.wikipedia.org/wiki/Americans,1,Hispanic and Latino Americans - Wikipedia#1
Kelvin Gastelum,https://en.wikipedia.org/wiki/Kelvin_Gastelum,1,Hispanic and Latino Americans - Wikipedia#597
Henry Cejudo,https://en.wikipedia.org/wiki/Henry_Cejudo,1,Hispanic and Latino Americans - Wikipedia#597
Cain Velasquez,https://en.wikipedia.org/wiki/Cain_Velasquez,1,Hispanic and Latino Americans - Wikipedia#597
Ultimate Fighting Championship,https://en.wikipedia.org/wiki/Ultimate_Fighting_Championship,1,Hispanic and Latino Americans - Wikipedia#597
mixed martial arts,https://en.wikipedia.org/wiki/Mixed_martial_arts,1,Hispanic and Latino Americans - Wikipedia#597
Bill Guerin,https://en.wikipedia.org/wiki/Bill_Guerin,1,Hispanic and Latino Americans - Wikipedia#598
Nicaraguan,https://en.wikipedia.org/wiki/Nicaragua,1,Hispanic and Latino Americans - Wikipedia#598
National Hockey League,https://en.wikipedia.org/wiki/National_Hockey_League,1,Hispanic and Latino Americans - Wikipedia#598
NHL All-Star Games,https://en.wikipedia.org/wiki/National_Hockey_League_All-Star_Game,1,Hispanic and Latino Americans - Wikipedia#599
Scott Gomez,https://en.wikipedia.org/wiki/Scott_Gomez,1,Hispanic and Latino Americans - Wikipedia#600
NHL Rookie of the Year Award,https://en.wikipedia.org/wiki/Calder_Memorial_Trophy,1,Hispanic and Latino Americans - Wikipedia#600
Rudy Galindo,https://en.wikipedia.org/wiki/Rudy_Galindo,1,Hispanic and Latino Americans - Wikipedia#601
golfers,https://en.wikipedia.org/wiki/Golf,1,Hispanic and Latino Americans - Wikipedia#601
Chi Chi Rodríguez,https://en.wikipedia.org/wiki/Juan_%22Chi-Chi%22_Rodr%C3%ADguez,1,Hispanic and Latino Americans - Wikipedia#601
Nancy López,https://en.wikipedia.org/wiki/Nancy_L%C3%B3pez,1,Hispanic and Latino Americans - Wikipedia#601
Lee Trevino,https://en.wikipedia.org/wiki/Lee_Trevino,1,Hispanic and Latino Americans - Wikipedia#601
softball,https://en.wikipedia.org/wiki/Softball,1,Hispanic and Latino Americans - Wikipedia#601
Lisa Fernández,https://en.wikipedia.org/wiki/Lisa_Fern%C3%A1ndez,1,Hispanic and Latino Americans - Wikipedia#601
"Paul Rodríguez Jr. U:(https://en.wikipedia.org/wiki/Paul_Rodriguez_(skateboarder))___ , ___E:X Games",https://en.wikipedia.org/wiki/X_Games,1,Hispanic and Latino Americans - Wikipedia#601
sports entertainment,https://en.wikipedia.org/wiki/Sports_entertainment,1,Hispanic and Latino Americans - Wikipedia#603
professional wrestlers,https://en.wikipedia.org/wiki/Professional_wrestling,1,Hispanic and Latino Americans - Wikipedia#603
Hulk Hogan,https://en.wikipedia.org/wiki/Hulk_Hogan,1,Hispanic and Latino Americans - Wikipedia#603
Alberto Del Rio,https://en.wikipedia.org/wiki/Alberto_Del_Rio,1,Hispanic and Latino Americans - Wikipedia#603
Felipe Alou,https://en.wikipedia.org/wiki/Felipe_Alou,1,Hispanic and Latino Americans - Wikipedia#585
