E,U,Frekans,Kaynak_IDler
Fatih Sultan Mehmed=II. Mehmed,https://tr.wikipedia.org/wiki/II._Mehmed,10,Osmanlı İmparatorluğu#13=Osmanlı İmparatorluğu#158=Osmanlı İmparatorluğu#160=Osmanlı İmparatorluğu#161=Osmanlı İmparatorluğu#343=Osmanlı İmparatorluğu#363=Osmanlı İmparatorluğu#593=Osmanlı İmparatorluğu#597=Osmanlı İmparatorluğu#614=Osmanlı İmparatorluğu#628
İslam=İslamiyet,https://tr.wikipedia.org/wiki/%C4%B0slam,8,Osmanlı İmparatorluğu#301=Osmanlı İmparatorluğu#341=Osmanlı İmparatorluğu#342=Osmanlı İmparatorluğu#444=Osmanlı İmparatorluğu#527=Osmanlı İmparatorluğu#636=Osmanlı İmparatorluğu#9=Osmanlı İmparatorluğu#98
Mısır,https://tr.wikipedia.org/wiki/M%C4%B1s%C4%B1r,6,Osmanlı İmparatorluğu#192=Osmanlı İmparatorluğu#193=Osmanlı İmparatorluğu#263=Osmanlı İmparatorluğu#428=Osmanlı İmparatorluğu#477
Anadolu,https://tr.wikipedia.org/wiki/Anadolu,6,Osmanlı İmparatorluğu#21=Osmanlı İmparatorluğu#428=Osmanlı İmparatorluğu#455=Osmanlı İmparatorluğu#462=Osmanlı İmparatorluğu#527=Osmanlı İmparatorluğu#82
Arapça=Arapçaya,https://tr.wikipedia.org/wiki/Arap%C3%A7a,6,Osmanlı İmparatorluğu#24=Osmanlı İmparatorluğu#342=Osmanlı İmparatorluğu#434=Osmanlı İmparatorluğu#436=Osmanlı İmparatorluğu#532
Memluk=Memlûk=Memlûk Devleti=Memlûk Sultanlığı=Memlûklar,https://tr.wikipedia.org/wiki/Meml%C3%BBk_Devleti,6,Osmanlı İmparatorluğu#13=Osmanlı İmparatorluğu#169=Osmanlı İmparatorluğu#193=Osmanlı İmparatorluğu#2=Osmanlı İmparatorluğu#343=Osmanlı İmparatorluğu#399
"1856 Paris Anlaşması U:(https://tr.wikipedia.org/wiki/Paris_Antla%C5%9Fmas%C4%B1_(1856))___ 'nda ülkenin adını Türkistan olarak belirtir, aynı uygulamayı ___E:II. Abdülhamid=II. Abdülhamid",https://tr.wikipedia.org/wiki/II._Abd%C3%BClhamid,6,Osmanlı İmparatorluğu#276=Osmanlı İmparatorluğu#314=Osmanlı İmparatorluğu#345=Osmanlı İmparatorluğu#377=Osmanlı İmparatorluğu#509=Osmanlı İmparatorluğu#634
Osman Bey=Osman Gazi,https://tr.wikipedia.org/wiki/Osman_Gazi,5,Osmanlı İmparatorluğu#110=Osmanlı İmparatorluğu#114=Osmanlı İmparatorluğu#21=Osmanlı İmparatorluğu#6=Osmanlı İmparatorluğuCard#9
Bizans=Bizans İmparatorluğu=Doğu Roma=Doğu Roma İmparatorluğu,https://tr.wikipedia.org/wiki/Bizans_%C4%B0mparatorlu%C4%9Fu,5,Osmanlı İmparatorluğu#105=Osmanlı İmparatorluğu#116=Osmanlı İmparatorluğu#463=Osmanlı İmparatorluğu#8=Osmanlı İmparatorluğu#94
Osmanlı Türkçesinde=Osmanlıca,https://tr.wikipedia.org/wiki/Osmanl%C4%B1ca,5,Osmanlı İmparatorluğu#26=Osmanlı İmparatorluğu#6=Osmanlı İmparatorluğuCard#3
Müslüman=Müslümanlar=Müslümanlarla=Müslümanlarının,https://tr.wikipedia.org/wiki/M%C3%BCsl%C3%BCman,5,Osmanlı İmparatorluğu#10=Osmanlı İmparatorluğu#391=Osmanlı İmparatorluğu#440=Osmanlı İmparatorluğu#443=Osmanlı İmparatorluğu#58
Aydınoğulları,https://tr.wikipedia.org/wiki/Ayd%C4%B1no%C4%9Fullar%C4%B1_Beyli%C4%9Fi,5,Osmanlı İmparatorluğu#105=Osmanlı İmparatorluğu#132=Osmanlı İmparatorluğu#156=Osmanlı İmparatorluğu#2=Osmanlı İmparatorluğu#534
Fatih Sultan Mehmed=II. Mehmed,https://tr.wikipedia.org/wiki/II._Mehmed,5,Osmanlı İmparatorluğu#317=Osmanlı İmparatorluğu#398=Osmanlı İmparatorluğu#546=Osmanlı İmparatorluğu#554=Osmanlı İmparatorluğu#647
Osmanlı Hanedanı=Osmanlı Hanedanı'nın=Osmanlı ailesinin,https://tr.wikipedia.org/wiki/Osmanl%C4%B1_Hanedan%C4%B1,5,Osmanlı İmparatorluğu#12=Osmanlı İmparatorluğu#19=Osmanlı İmparatorluğu#195=Osmanlı İmparatorluğu#531=Osmanlı İmparatorluğu#6
İstanbul,https://tr.wikipedia.org/wiki/%C4%B0stanbul,5,Osmanlı İmparatorluğu#258=Osmanlı İmparatorluğu#289=Osmanlı İmparatorluğu#598=Osmanlı İmparatorluğu#649=Osmanlı İmparatorluğuCard#2
III. Ahmed,https://tr.wikipedia.org/wiki/III._Ahmed,5,Osmanlı İmparatorluğu#234=Osmanlı İmparatorluğu#237=Osmanlı İmparatorluğu#242=Osmanlı İmparatorluğu#247=Osmanlı İmparatorluğu#660
Balkan=Balkanlar,https://tr.wikipedia.org/wiki/Balkanlar,5,Osmanlı İmparatorluğu#124=Osmanlı İmparatorluğu#16=Osmanlı İmparatorluğu#166=Osmanlı İmparatorluğu#254=Osmanlı İmparatorluğu#424
Afrika,https://tr.wikipedia.org/wiki/Afrika,5,Osmanlı İmparatorluğu#16=Osmanlı İmparatorluğu#399=Osmanlı İmparatorluğu#424=Osmanlı İmparatorluğu#459=Osmanlı İmparatorluğu#460
Avrupa=Avrupalı,https://tr.wikipedia.org/wiki/Avrupa,4,Osmanlı İmparatorluğu#16=Osmanlı İmparatorluğu#271=Osmanlı İmparatorluğu#424=Osmanlı İmparatorluğu#460
I. Murad,https://tr.wikipedia.org/wiki/I._Murad,4,Osmanlı İmparatorluğu#123=Osmanlı İmparatorluğu#449=Osmanlı İmparatorluğu#542=Osmanlı İmparatorluğu#77
Bağdat,https://tr.wikipedia.org/wiki/Ba%C4%9Fdat,4,Osmanlı İmparatorluğu#201=Osmanlı İmparatorluğu#214=Osmanlı İmparatorluğu#477=Osmanlı İmparatorluğu#521
Rumeli,https://tr.wikipedia.org/wiki/Rumeli,4,Osmanlı İmparatorluğu#122=Osmanlı İmparatorluğu#291=Osmanlı İmparatorluğu#462
II. Murad,https://tr.wikipedia.org/wiki/II._Murad,4,Osmanlı İmparatorluğu#150=Osmanlı İmparatorluğu#546=Osmanlı İmparatorluğu#66=Osmanlı İmparatorluğu#75
Suriye,https://tr.wikipedia.org/wiki/Suriye,4,Osmanlı İmparatorluğu#191=Osmanlı İmparatorluğu#193=Osmanlı İmparatorluğu#260=Osmanlı İmparatorluğu#477
Türkiye=Türkiye Cumhuriyeti,https://tr.wikipedia.org/wiki/T%C3%BCrkiye,4,Osmanlı İmparatorluğu#19=Osmanlı İmparatorluğu#20=Osmanlı İmparatorluğu#4=Osmanlı İmparatorluğu#7
Avusturya=İstanbul Antlaşmaları U:(https://tr.wikipedia.org/wiki/%C4%B0stanbul_Antla%C5%9Fmas%C4%B1_(1700))___ ile kaybedilen yerleri geri almak ve mevcut toprakları korumak amacıyla batıda ___E:Avusturya,https://tr.wikipedia.org/wiki/Avusturya_Ar%C5%9Fid%C3%BCkl%C3%BC%C4%9F%C3%BC,4,Osmanlı İmparatorluğu#17=Osmanlı İmparatorluğu#199=Osmanlı İmparatorluğu#222=Osmanlı İmparatorluğu#225
II. Mahmud,https://tr.wikipedia.org/wiki/II._Mahmud,4,Osmanlı İmparatorluğu#253=Osmanlı İmparatorluğu#319=Osmanlı İmparatorluğu#372=Osmanlı İmparatorluğu#414
Şam,https://tr.wikipedia.org/wiki/%C5%9Eam,4,Osmanlı İmparatorluğu#260=Osmanlı İmparatorluğu#501=Osmanlı İmparatorluğu#510=Osmanlı İmparatorluğu#521
I. Dünya Savaşı,https://tr.wikipedia.org/wiki/I._D%C3%BCnya_Sava%C5%9F%C4%B1,4,Osmanlı İmparatorluğu#286=Osmanlı İmparatorluğu#377=Osmanlı İmparatorluğu#382=Osmanlı İmparatorluğu#522
"I. Selim=Roma İmparatoru U:(https://tr.wikipedia.org/wiki/Sezar_(%C3%BCnvan))___ "" ( Kayser-i Rûm ) unvanını üstlendi.   1517 yılında, ___E:I. Selim=Selim=Yavuz Sultan Selim",https://tr.wikipedia.org/wiki/I._Selim,4,Osmanlı İmparatorluğu#305=Osmanlı İmparatorluğu#399=Osmanlı İmparatorluğu#546=Osmanlı İmparatorluğu#549
Türkçe=Türkçedir=Türkçesinde,https://tr.wikipedia.org/wiki/T%C3%BCrk%C3%A7e,4,Osmanlı İmparatorluğu#433=Osmanlı İmparatorluğu#435=Osmanlı İmparatorluğu#436
Bilecik U:(https://tr.wikipedia.org/wiki/Bilecik_(il))___ ilinin ___E:Söğüt=Söğüt,"https://tr.wikipedia.org/wiki/S%C3%B6%C4%9F%C3%BCt,_Bilecik",4,Osmanlı İmparatorluğu#111=Osmanlı İmparatorluğu#58=Osmanlı İmparatorluğu#8=Osmanlı İmparatorluğuCard#2
Türkiye Büyük Millet Meclisi,https://tr.wikipedia.org/wiki/T%C3%BCrkiye_B%C3%BCy%C3%BCk_Millet_Meclisi,3,Osmanlı İmparatorluğu#19=Osmanlı İmparatorluğu#296=Osmanlı İmparatorluğu#297
Germiyanoğulları=Germiyanoğulları Beyliği,https://tr.wikipedia.org/wiki/Germiyano%C4%9Fullar%C4%B1_Beyli%C4%9Fi,3,Osmanlı İmparatorluğu#156=Osmanlı İmparatorluğu#2=Osmanlı İmparatorluğu#536
Sırbistan,https://tr.wikipedia.org/wiki/S%C4%B1rbistan,3,Osmanlı İmparatorluğu#128=Osmanlı İmparatorluğu#243=Osmanlı İmparatorluğu#255
Ege Denizi,https://tr.wikipedia.org/wiki/Ege_Denizi,3,Osmanlı İmparatorluğu#168=Osmanlı İmparatorluğu#377=Osmanlı İmparatorluğu#83
Tanzimat Fermanı,https://tr.wikipedia.org/wiki/Tanzimat_Ferman%C4%B1,3,Osmanlı İmparatorluğu#26=Osmanlı İmparatorluğu#275=Osmanlı İmparatorluğu#633
Yeniçeri=Yeniçeri Ocağı=Yeniçeriler=Yeniçerilerin=yeniçeri=yeniçerilere=yeniçerilerin,https://tr.wikipedia.org/wiki/Yeni%C3%A7eri,3,Osmanlı İmparatorluğu#214=Osmanlı İmparatorluğu#331=Osmanlı İmparatorluğu#449
I. Süleyman=Kanuni Sultan Süleyman,https://tr.wikipedia.org/wiki/I._S%C3%BCleyman,3,Osmanlı İmparatorluğu#197=Osmanlı İmparatorluğu#312=Osmanlı İmparatorluğu#597
Azerbaycan,https://tr.wikipedia.org/wiki/Azerbaycan,3,Osmanlı İmparatorluğu#4=Osmanlı İmparatorluğu#82=Osmanlı İmparatorluğu#86
Saruhanoğulları,https://tr.wikipedia.org/wiki/Saruhano%C4%9Fullar%C4%B1_Beyli%C4%9Fi,3,Osmanlı İmparatorluğu#105=Osmanlı İmparatorluğu#132=Osmanlı İmparatorluğu#2
Hicaz,https://tr.wikipedia.org/wiki/Hicaz,3,Osmanlı İmparatorluğu#193=Osmanlı İmparatorluğu#345=Osmanlı İmparatorluğu#418
Ankara,https://tr.wikipedia.org/wiki/Ankara,3,Osmanlı İmparatorluğu#137=Osmanlı İmparatorluğu#296=Osmanlı İmparatorluğu#34
Germiyanoğulları=Germiyanoğulları Beyliği,https://tr.wikipedia.org/wiki/Germiyano%C4%9Fullar%C4%B1_Beyli%C4%9Fi,3,Osmanlı İmparatorluğu#105=Osmanlı İmparatorluğu#129=Osmanlı İmparatorluğu#95
Koyunhisar Muharebesi,https://tr.wikipedia.org/wiki/Bafeus_Muharebesi,3,Osmanlı İmparatorluğu#116=Osmanlı İmparatorluğu#118=Osmanlı İmparatorluğu#8
Halil İnalcık,https://tr.wikipedia.org/wiki/Halil_%C4%B0nalc%C4%B1k,3,Osmanlı İmparatorluğu#116=Osmanlı İmparatorluğu#75=Osmanlı İmparatorluğu#8
gaza,https://tr.wikipedia.org/wiki/Gaza,3,Osmanlı İmparatorluğu#104=Osmanlı İmparatorluğu#9=Osmanlı İmparatorluğu#98
Halep,https://tr.wikipedia.org/wiki/Halep,3,Osmanlı İmparatorluğu#191=Osmanlı İmparatorluğu#260=Osmanlı İmparatorluğu#428
Edirne,https://tr.wikipedia.org/wiki/Edirne,3,Osmanlı İmparatorluğu#125=Osmanlı İmparatorluğu#567=Osmanlı İmparatorluğuCard#2
Anadolu Selçuklu=Anadolu Selçuklu Devleti=Türkiye Selçuklu,https://tr.wikipedia.org/wiki/Anadolu_Sel%C3%A7uklu_Devleti,3,Osmanlı İmparatorluğu#113=Osmanlı İmparatorluğu#532=Osmanlı İmparatorluğu#92
Üsküdar,https://tr.wikipedia.org/wiki/%C3%9Csk%C3%BCdar,3,Osmanlı İmparatorluğu#237=Osmanlı İmparatorluğu#469=Osmanlı İmparatorluğu#508
III. Selim,https://tr.wikipedia.org/wiki/III._Selim,3,Osmanlı İmparatorluğu#252=Osmanlı İmparatorluğu#372=Osmanlı İmparatorluğu#579
Kütahya,https://tr.wikipedia.org/wiki/K%C3%BCtahya,3,Osmanlı İmparatorluğu#129=Osmanlı İmparatorluğu#258=Osmanlı İmparatorluğu#95
Bursa,https://tr.wikipedia.org/wiki/Bursa,3,Osmanlı İmparatorluğu#120=Osmanlı İmparatorluğu#567=Osmanlı İmparatorluğuCard#2
Pasarofça Antlaşması,https://tr.wikipedia.org/wiki/Pasarof%C3%A7a_Antla%C5%9Fmas%C4%B1,3,Osmanlı İmparatorluğu#234=Osmanlı İmparatorluğu#243=Osmanlı İmparatorluğu#271
Karlofça=Karlofça Antlaşması,https://tr.wikipedia.org/wiki/Karlof%C3%A7a_Antla%C5%9Fmas%C4%B1,3,Osmanlı İmparatorluğu#18=Osmanlı İmparatorluğu#223=Osmanlı İmparatorluğu#267
Balkan Harbi=Balkan Savaşları,https://tr.wikipedia.org/wiki/Balkan_Sava%C5%9Flar%C4%B1,3,Osmanlı İmparatorluğu#284=Osmanlı İmparatorluğu#377=Osmanlı İmparatorluğu#380
"I. Selim=Roma İmparatoru U:(https://tr.wikipedia.org/wiki/Sezar_(%C3%BCnvan))___ "" ( Kayser-i Rûm ) unvanını üstlendi.   1517 yılında, ___E:I. Selim=Selim=Yavuz Sultan Selim",https://tr.wikipedia.org/wiki/I._Selim,3,Osmanlı İmparatorluğu#189=Osmanlı İmparatorluğu#343=Osmanlı İmparatorluğuCard#12
Asya,https://tr.wikipedia.org/wiki/Asya,3,Osmanlı İmparatorluğu#16=Osmanlı İmparatorluğu#424=Osmanlı İmparatorluğu#460
Muhammed,https://tr.wikipedia.org/wiki/Muhammed,3,Osmanlı İmparatorluğu#195=Osmanlı İmparatorluğu#342=Osmanlı İmparatorluğu#554
fethedip=İstanbul'u fethiyle=İstanbul'un Fethi=İstanbul’un Fethi=şehri fethetti,https://tr.wikipedia.org/wiki/%C4%B0stanbul%27un_Fethi,3,Osmanlı İmparatorluğu#363=Osmanlı İmparatorluğu#569=Osmanlı İmparatorluğu#603
Girit,https://tr.wikipedia.org/wiki/Girit,3,Osmanlı İmparatorluğu#168=Osmanlı İmparatorluğu#256=Osmanlı İmparatorluğu#260
Fransızca,https://tr.wikipedia.org/wiki/Frans%C4%B1zca,3,Osmanlı İmparatorluğu#437=Osmanlı İmparatorluğu#526=Osmanlı İmparatorluğu#655
Anadolu Selçuklu=Anadolu Selçuklu Devleti=Türkiye Selçuklu,https://tr.wikipedia.org/wiki/Anadolu_Sel%C3%A7uklu_Devleti,2,Osmanlı İmparatorluğu#346=Osmanlı İmparatorluğu#92
Venedik=Venedikliler=Venediklilerden,https://tr.wikipedia.org/wiki/Venedik_Cumhuriyeti,2,Osmanlı İmparatorluğu#145=Osmanlı İmparatorluğu#161
Karamanoğulları=Karamanoğulları Beyliği,https://tr.wikipedia.org/wiki/Karamano%C4%9Fullar%C4%B1_Beyli%C4%9Fi,2,Osmanlı İmparatorluğu#140=Osmanlı İmparatorluğu#2
Ali Kuşçu,https://tr.wikipedia.org/wiki/Ali_Ku%C5%9F%C3%A7u,2,Osmanlı İmparatorluğu#171=Osmanlı İmparatorluğu#648
Bizans=Bizans İmparatorluğu=Doğu Roma=Doğu Roma İmparatorluğu,https://tr.wikipedia.org/wiki/Bizans_%C4%B0mparatorlu%C4%9Fu,2,Osmanlı İmparatorluğu#12=Osmanlı İmparatorluğu#405
Fatih Camii,https://tr.wikipedia.org/wiki/Fatih_Camii,2,Osmanlı İmparatorluğu#173=Osmanlı İmparatorluğu#652
Menteşe Beyliği=Menteşeoğulları,https://tr.wikipedia.org/wiki/Mente%C5%9Fe_Beyli%C4%9Fi,2,Osmanlı İmparatorluğu#105=Osmanlı İmparatorluğu#2
Âşıkpaşazâde,https://tr.wikipedia.org/wiki/%C3%82%C5%9F%C4%B1kpa%C5%9Faz%C3%A2de,2,Osmanlı İmparatorluğu#115=Osmanlı İmparatorluğu#52
Bizans=Bizans İmparatorluğu=Doğu Roma=Doğu Roma İmparatorluğu,https://tr.wikipedia.org/wiki/Bizans_%C4%B0mparatorlu%C4%9Fu,2,Osmanlı İmparatorluğu#117=Osmanlı İmparatorluğu#13
Teke=Tekeoğulları,https://tr.wikipedia.org/wiki/Tekeo%C4%9Fullar%C4%B1_Beyli%C4%9Fi,2,Osmanlı İmparatorluğu#156=Osmanlı İmparatorluğu#2
Büyük Mısır Seferi=Mısır’ın Fethi,https://tr.wikipedia.org/wiki/B%C3%BCy%C3%BCk_M%C4%B1s%C4%B1r_Seferi,2,Osmanlı İmparatorluğu#13=Osmanlı İmparatorluğu#364
Mısır Seferi=Ridaniye Muharebesi=Ridâniye Muharebesi,https://tr.wikipedia.org/wiki/Rid%C3%A2niye_Muharebesi,2,Osmanlı İmparatorluğu#13=Osmanlı İmparatorluğu#343
Hint Okyanusu,https://tr.wikipedia.org/wiki/Hint_Okyanusu,2,Osmanlı İmparatorluğu#194=Osmanlı İmparatorluğu#369
Barbaros Hayreddin Paşa,https://tr.wikipedia.org/wiki/Barbaros_Hayreddin_Pa%C5%9Fa,2,Osmanlı İmparatorluğu#199=Osmanlı İmparatorluğu#365
Akşehir,https://tr.wikipedia.org/wiki/Ak%C5%9Fehir,2,Osmanlı İmparatorluğu#129=Osmanlı İmparatorluğu#138
Tebriz,https://tr.wikipedia.org/wiki/Tebriz,2,Osmanlı İmparatorluğu#189=Osmanlı İmparatorluğu#201
İran,https://tr.wikipedia.org/wiki/%C4%B0ran,2,Osmanlı İmparatorluğu#104=Osmanlı İmparatorluğu#459
II. Bayezid,https://tr.wikipedia.org/wiki/II._Bayezid,2,Osmanlı İmparatorluğu#177=Osmanlı İmparatorluğu#546
Eflak,https://tr.wikipedia.org/wiki/Eflak_Voyvodal%C4%B1%C4%9F%C4%B1,2,Osmanlı İmparatorluğu#14=Osmanlı İmparatorluğu#160
Ruslara=Rusya,https://tr.wikipedia.org/wiki/Rusya_%C3%87arl%C4%B1%C4%9F%C4%B1,2,Osmanlı İmparatorluğu#225=Osmanlı İmparatorluğu#270
Hamitoğulları=Hamitoğulları Beyliği,https://tr.wikipedia.org/wiki/Hamito%C4%9Fullar%C4%B1_Beyli%C4%9Fi,2,Osmanlı İmparatorluğu#105=Osmanlı İmparatorluğu#129
Kırım Hanlığı,https://tr.wikipedia.org/wiki/K%C4%B1r%C4%B1m_Hanl%C4%B1%C4%9F%C4%B1,2,Osmanlı İmparatorluğu#169=Osmanlı İmparatorluğu#2
Candaroğulları,https://tr.wikipedia.org/wiki/Candaro%C4%9Fullar%C4%B1_Beyli%C4%9Fi,2,Osmanlı İmparatorluğu#132=Osmanlı İmparatorluğu#2
Bizans=Bizans İmparatorluğu=Doğu Roma=Doğu Roma İmparatorluğu,https://tr.wikipedia.org/wiki/Bizans_%C4%B0mparatorlu%C4%9Fu,2,Osmanlı İmparatorluğu#163=Osmanlı İmparatorluğu#343
Menteşe Beyliği=Menteşeoğulları,https://tr.wikipedia.org/wiki/Mente%C5%9Fe_Beyli%C4%9Fi,2,Osmanlı İmparatorluğu#132=Osmanlı İmparatorluğu#156
Dalmaçya,https://tr.wikipedia.org/wiki/Dalma%C3%A7ya,2,Osmanlı İmparatorluğu#201=Osmanlı İmparatorluğu#225
tarihçiler,https://tr.wikipedia.org/wiki/Tarih%C3%A7i,2,Osmanlı İmparatorluğu#20=Osmanlı İmparatorluğu#34
Preveze Deniz Muharebesi,https://tr.wikipedia.org/wiki/Preveze_Deniz_Muharebesi,2,Osmanlı İmparatorluğu#201=Osmanlı İmparatorluğu#365
Çin,https://tr.wikipedia.org/wiki/%C3%87in,2,Osmanlı İmparatorluğu#136=Osmanlı İmparatorluğu#566
Orta Doğu,https://tr.wikipedia.org/wiki/Orta_Do%C4%9Fu,2,Osmanlı İmparatorluğu#16=Osmanlı İmparatorluğu#399
Kuzey Afrika,https://tr.wikipedia.org/wiki/Kuzey_Afrika,2,Osmanlı İmparatorluğu#16=Osmanlı İmparatorluğu#282
Mehmet Fuad Köprülü,https://tr.wikipedia.org/wiki/Fuat_K%C3%B6pr%C3%BCl%C3%BC,2,Osmanlı İmparatorluğu#61=Osmanlı İmparatorluğu#70
Rum=Rumlar,https://tr.wikipedia.org/wiki/Rum,2,Osmanlı İmparatorluğu#666=Osmanlı İmparatorluğu#84
II. Tomanbay,https://tr.wikipedia.org/wiki/II._Tomanbay,2,Osmanlı İmparatorluğu#191=Osmanlı İmparatorluğu#193
Orta Asya,https://tr.wikipedia.org/wiki/Orta_Asya,2,Osmanlı İmparatorluğu#459=Osmanlı İmparatorluğu#85
Safevi=Safeviler=Safevilerle=Safevî Devleti=İran,https://tr.wikipedia.org/wiki/Safev%C3%AEler,2,Osmanlı İmparatorluğu#222=Osmanlı İmparatorluğu#270
Macaristan,https://tr.wikipedia.org/wiki/Macaristan,2,Osmanlı İmparatorluğu#17=Osmanlı İmparatorluğu#225
Ukrayna,https://tr.wikipedia.org/wiki/Ukrayna,2,Osmanlı İmparatorluğu#17=Osmanlı İmparatorluğu#225
Abdülmecid=Sultan Abdülmecid,https://tr.wikipedia.org/wiki/Abd%C3%BClmecid,2,Osmanlı İmparatorluğu#275=Osmanlı İmparatorluğu#32
Mora=Mora Yarımadası,https://tr.wikipedia.org/wiki/Mora_Yar%C4%B1madas%C4%B1,2,Osmanlı İmparatorluğu#201=Osmanlı İmparatorluğu#225
İnegöl,https://tr.wikipedia.org/wiki/%C4%B0neg%C3%B6l,2,Osmanlı İmparatorluğu#111=Osmanlı İmparatorluğu#114
Timur,https://tr.wikipedia.org/wiki/Timur,2,Osmanlı İmparatorluğu#136=Osmanlı İmparatorluğu#75
Yeniçeri=Yeniçeri Ocağı=Yeniçeriler=Yeniçerilerin=yeniçeri=yeniçerilere=yeniçerilerin,https://tr.wikipedia.org/wiki/Yeni%C3%A7eri,2,Osmanlı İmparatorluğu#220=Osmanlı İmparatorluğu#252
Memluk=Memlûk=Memlûk Devleti=Memlûk Sultanlığı=Memlûklar,https://tr.wikipedia.org/wiki/Meml%C3%BBk_Devleti,2,Osmanlı İmparatorluğu#181=Osmanlı İmparatorluğu#190
Şeyh Edebali,https://tr.wikipedia.org/wiki/%C5%9Eeyh_Edebali,2,Osmanlı İmparatorluğu#56=Osmanlı İmparatorluğu#91
İbrahim Müteferrika,https://tr.wikipedia.org/wiki/%C4%B0brahim_M%C3%BCteferrika,2,Osmanlı İmparatorluğu#236=Osmanlı İmparatorluğu#247
Topkapı Saray=Topkapı Sarayı,https://tr.wikipedia.org/wiki/Topkap%C4%B1_Saray%C4%B1,2,Osmanlı İmparatorluğu#237=Osmanlı İmparatorluğu#614
Orta Çağ,https://tr.wikipedia.org/wiki/Orta_%C3%87a%C4%9F,2,Osmanlı İmparatorluğu#164=Osmanlı İmparatorluğu#6
Belgrad,https://tr.wikipedia.org/wiki/Belgrad,2,Osmanlı İmparatorluğu#239=Osmanlı İmparatorluğu#477
İstanbul Teknik Üniversitesi,https://tr.wikipedia.org/wiki/%C4%B0stanbul_Teknik_%C3%9Cniversitesi,2,Osmanlı İmparatorluğu#247=Osmanlı İmparatorluğu#662
Küçük Kaynarca Antlaşması,https://tr.wikipedia.org/wiki/K%C3%BC%C3%A7%C3%BCk_Kaynarca_Antla%C5%9Fmas%C4%B1,2,Osmanlı İmparatorluğu#250=Osmanlı İmparatorluğu#344
Rusya,https://tr.wikipedia.org/wiki/Rusya,2,Osmanlı İmparatorluğu#250=Osmanlı İmparatorluğu#259
Orhan Bey=Orhan Gazi,https://tr.wikipedia.org/wiki/Orhan_Gazi,2,Osmanlı İmparatorluğu#120=Osmanlı İmparatorluğu#393
İngilizce,https://tr.wikipedia.org/wiki/%C4%B0ngilizce,2,Osmanlı İmparatorluğu#33
Büyük Selçuklu İmparatorluğu,https://tr.wikipedia.org/wiki/B%C3%BCy%C3%BCk_Sel%C3%A7uklu_%C4%B0mparatorlu%C4%9Fu,2,Osmanlı İmparatorluğu#2=Osmanlı İmparatorluğu#82
Hünkâr İskelesi Antlaşması,https://tr.wikipedia.org/wiki/H%C3%BCnk%C3%A2r_%C4%B0skelesi_Antla%C5%9Fmas%C4%B1,2,Osmanlı İmparatorluğu#260=Osmanlı İmparatorluğu#274
Şii,https://tr.wikipedia.org/wiki/%C5%9Eiilik,2,Osmanlı İmparatorluğu#184=Osmanlı İmparatorluğu#189
Fransa,https://tr.wikipedia.org/wiki/Fransa,2,Osmanlı İmparatorluğu#263=Osmanlı İmparatorluğu#379
Batılılaşma,https://tr.wikipedia.org/wiki/Bat%C4%B1l%C4%B1la%C5%9Fma,2,Osmanlı İmparatorluğu#275=Osmanlı İmparatorluğu#633
Islahat Fermanı,https://tr.wikipedia.org/wiki/Islahat_Ferman%C4%B1,2,Osmanlı İmparatorluğu#275=Osmanlı İmparatorluğu#454
Baycu Noyan,https://tr.wikipedia.org/wiki/Baycu_Noyan,2,Osmanlı İmparatorluğu#90=Osmanlı İmparatorluğu#92
I. Meşrutiyet,https://tr.wikipedia.org/wiki/Birinci_Me%C5%9Frutiyet,2,Osmanlı İmparatorluğu#276=Osmanlı İmparatorluğu#314
Trablusgarp Savaşı,https://tr.wikipedia.org/wiki/Trablusgarp_Sava%C5%9F%C4%B1,2,Osmanlı İmparatorluğu#282=Osmanlı İmparatorluğu#377
Gün Han,https://tr.wikipedia.org/w/index.php?title=G%C3%BCn_Han&action=edit&redlink=1,2,Osmanlı İmparatorluğu#37=Osmanlı İmparatorluğu#40
Balkan=Balkanlar,https://tr.wikipedia.org/wiki/Balkanlar,2,Osmanlı İmparatorluğu#285=Osmanlı İmparatorluğu#585
Kırım,https://tr.wikipedia.org/wiki/K%C4%B1r%C4%B1m,2,Osmanlı İmparatorluğu#169=Osmanlı İmparatorluğu#344
Almanya,https://tr.wikipedia.org/wiki/Alman_%C4%B0mparatorlu%C4%9Fu,2,Osmanlı İmparatorluğu#287=Osmanlı İmparatorluğu#382
İtilaf Devletleri=İtilaf kuvvetlerinin,https://tr.wikipedia.org/wiki/%C4%B0tilaf_Devletleri,2,Osmanlı İmparatorluğu#287=Osmanlı İmparatorluğu#345
Kurtuluş Savaşı=Türk Kurtuluş Savaşı,https://tr.wikipedia.org/wiki/T%C3%BCrk_Kurtulu%C5%9F_Sava%C5%9F%C4%B1,2,Osmanlı İmparatorluğu#295=Osmanlı İmparatorluğu#405
Kurtuluş Savaşı=Türk Kurtuluş Savaşı,https://tr.wikipedia.org/wiki/T%C3%BCrk_Kurtulu%C5%9F_Sava%C5%9F%C4%B1,2,Osmanlı İmparatorluğu#297=Osmanlı İmparatorluğu#453
Allah’ın yasaları=şeriat,https://tr.wikipedia.org/wiki/%C5%9Eeriat,2,Osmanlı İmparatorluğu#301=Osmanlı İmparatorluğu#392
Oğuz Han,https://tr.wikipedia.org/wiki/O%C4%9Fuz_Han,2,Osmanlı İmparatorluğu#40
Yeniçeri=Yeniçeri Ocağı=Yeniçeriler=Yeniçerilerin=yeniçeri=yeniçerilere=yeniçerilerin,https://tr.wikipedia.org/wiki/Yeni%C3%A7eri,2,Osmanlı İmparatorluğu#310=Osmanlı İmparatorluğu#415
Valide sultan,https://tr.wikipedia.org/wiki/Valide_sultan,2,Osmanlı İmparatorluğu#311=Osmanlı İmparatorluğu#618
Orhan Bey=Orhan Gazi,https://tr.wikipedia.org/wiki/Orhan_Gazi,2,Osmanlı İmparatorluğu#313=Osmanlı İmparatorluğu#348
Cezayir,https://tr.wikipedia.org/wiki/Cezayir,2,Osmanlı İmparatorluğu#199=Osmanlı İmparatorluğu#255
şehzadeler,https://tr.wikipedia.org/wiki/%C5%9Eehzade,2,Osmanlı İmparatorluğu#322=Osmanlı İmparatorluğu#618
İslam Devleti,https://tr.wikipedia.org/wiki/Medine_%C4%B0slam_Devleti,2,Osmanlı İmparatorluğu#342=Osmanlı İmparatorluğu#345
Memluk=Memlûk=Memlûk Devleti=Memlûk Sultanlığı=Memlûklar,https://tr.wikipedia.org/wiki/Meml%C3%BBk_Devleti,2,Osmanlı İmparatorluğu#346=Osmanlı İmparatorluğu#564
Alâeddin Paşa,https://tr.wikipedia.org/wiki/Al%C3%A2eddin_Pa%C5%9Fa,2,Osmanlı İmparatorluğu#350=Osmanlı İmparatorluğuCard#15
Kapıkulu Ocakları=Kapıkulu Ocağı,https://tr.wikipedia.org/wiki/Kap%C4%B1kulu,2,Osmanlı İmparatorluğu#353=Osmanlı İmparatorluğu#354
Eyalet askerleri,https://tr.wikipedia.org/wiki/Eyalet_askerleri,2,Osmanlı İmparatorluğu#353=Osmanlı İmparatorluğu#356
Kocaeli,https://tr.wikipedia.org/wiki/Kocaeli,2,Osmanlı İmparatorluğu#360=Osmanlı İmparatorluğu#367
Hristiyan=Hristiyanlık,https://tr.wikipedia.org/wiki/Hristiyanl%C4%B1k,2,Osmanlı İmparatorluğu#12
İzmir,https://tr.wikipedia.org/wiki/%C4%B0zmir,2,Osmanlı İmparatorluğu#368=Osmanlı İmparatorluğu#521
Tersane-i Amire,https://tr.wikipedia.org/wiki/Tersane-i_Amire,2,Osmanlı İmparatorluğu#370=Osmanlı İmparatorluğu#508
Şirket-i Hayriye,https://tr.wikipedia.org/wiki/%C5%9Eirket-i_Hayriye,2,Osmanlı İmparatorluğu#375=Osmanlı İmparatorluğu#503
Abdülaziz,https://tr.wikipedia.org/wiki/Abd%C3%BClaziz,2,Osmanlı İmparatorluğu#375=Osmanlı İmparatorluğu#629
cizye,https://tr.wikipedia.org/wiki/Cizye,2,Osmanlı İmparatorluğu#391=Osmanlı İmparatorluğu#445
Mısır Seferi=Ridaniye Muharebesi=Ridâniye Muharebesi,https://tr.wikipedia.org/wiki/Rid%C3%A2niye_Muharebesi,2,Osmanlı İmparatorluğu#399=Osmanlı İmparatorluğu#549
Yahudi=Yahudiler,https://tr.wikipedia.org/wiki/Yahudiler,2,Osmanlı İmparatorluğu#421=Osmanlı İmparatorluğu#439
18. yüzyılda,https://tr.wikipedia.org/wiki/18._y%C3%BCzy%C4%B1l,2,Osmanlı İmparatorluğu#423=Osmanlı İmparatorluğu#428
Türkçe=Türkçedir=Türkçesinde,https://tr.wikipedia.org/wiki/T%C3%BCrk%C3%A7e,2,Osmanlı İmparatorluğu#431=Osmanlı İmparatorluğu#432
Sahn-ı Seman Medresesi,https://tr.wikipedia.org/wiki/Sahn-%C4%B1_Seman_Medresesi,2,Osmanlı İmparatorluğu#171=Osmanlı İmparatorluğu#649
Farsça=Farsçadan,https://tr.wikipedia.org/wiki/Fars%C3%A7a,2,Osmanlı İmparatorluğu#434=Osmanlı İmparatorluğu#436
Bulgarlar,https://tr.wikipedia.org/wiki/Bulgarlar,2,Osmanlı İmparatorluğu#12=Osmanlı İmparatorluğu#421
İngiltere,https://tr.wikipedia.org/wiki/%C4%B0ngiltere,2,Osmanlı İmparatorluğu#506=Osmanlı İmparatorluğu#515
Rum=Yunan=Yunanlar=Yunanların,https://tr.wikipedia.org/wiki/Yunanlar,2,Osmanlı İmparatorluğu#527=Osmanlı İmparatorluğu#647
Ermeni=Ermeniler=Ermenilere,https://tr.wikipedia.org/wiki/Ermeniler,2,Osmanlı İmparatorluğu#527=Osmanlı İmparatorluğu#666
Ahmedi=Ahmedî,https://tr.wikipedia.org/wiki/Ahmed%C3%AE,2,Osmanlı İmparatorluğu#536=Osmanlı İmparatorluğu#543
I. Süleyman=Kanuni Sultan Süleyman,https://tr.wikipedia.org/wiki/I._S%C3%BCleyman,2,Osmanlı İmparatorluğu#546=Osmanlı İmparatorluğu#553
Selçuklu mimarisi,https://tr.wikipedia.org/wiki/Sel%C3%A7uklu_mimarisi,2,Osmanlı İmparatorluğu#564=Osmanlı İmparatorluğu#567
Bizans mimarisi,https://tr.wikipedia.org/wiki/Bizans_mimarisi,2,Osmanlı İmparatorluğu#564=Osmanlı İmparatorluğu#567
İznik,https://tr.wikipedia.org/wiki/%C4%B0znik,2,Osmanlı İmparatorluğu#567=Osmanlı İmparatorluğuCard#2
mehter,https://tr.wikipedia.org/wiki/Mehter,2,Osmanlı İmparatorluğu#586=Osmanlı İmparatorluğu#590
baklava,https://tr.wikipedia.org/wiki/Baklava,2,Osmanlı İmparatorluğu#605=Osmanlı İmparatorluğu#624
hindi=mısır U:(https://tr.wikipedia.org/wiki/M%C4%B1s%C4%B1r_(bitki))___ ve ___E:hindi,https://tr.wikipedia.org/wiki/Hindi,2,Osmanlı İmparatorluğu#607=Osmanlı İmparatorluğu#640
Ramazan,https://tr.wikipedia.org/wiki/Ramazan,2,Osmanlı İmparatorluğu#624=Osmanlı İmparatorluğu#636
Timur İmparatorluğu,https://tr.wikipedia.org/wiki/Timur_%C4%B0mparatorlu%C4%9Fu,1,Osmanlı İmparatorluğu#2
Akkoyunlu=Akkoyunlular=Akkoyunlular Devleti,https://tr.wikipedia.org/wiki/Akkoyunlular,1,Osmanlı İmparatorluğu#2
Erzincan Beyliği,https://tr.wikipedia.org/wiki/Erzincan_Beyli%C4%9Fi,1,Osmanlı İmparatorluğu#2
Karakoyunlu=Karakoyunlular,https://tr.wikipedia.org/wiki/Karakoyunlular,1,Osmanlı İmparatorluğu#2
Kadı Burhâneddin Devleti,https://tr.wikipedia.org/wiki/Kad%C4%B1_Burh%C3%A2neddin_Devleti,1,Osmanlı İmparatorluğu#2
Mâlvâ Sultanlığı,https://tr.wikipedia.org/wiki/M%C3%A2lv%C3%A2_Sultanl%C4%B1%C4%9F%C4%B1,1,Osmanlı İmparatorluğu#2
Nogay Ordası,https://tr.wikipedia.org/wiki/Nogay_Ordas%C4%B1,1,Osmanlı İmparatorluğu#2
Şeybânî Hanlığı,https://tr.wikipedia.org/wiki/%C5%9Eeyb%C3%A2n%C3%AEler,1,Osmanlı İmparatorluğu#2
Kazan Hanlığı,https://tr.wikipedia.org/wiki/Kazan_Hanl%C4%B1%C4%9F%C4%B1,1,Osmanlı İmparatorluğu#2
Astrahan Hanlığı,https://tr.wikipedia.org/wiki/Astrahan_Hanl%C4%B1%C4%9F%C4%B1,1,Osmanlı İmparatorluğu#2
Kazak Hanlığı,https://tr.wikipedia.org/wiki/Kazak_Hanl%C4%B1%C4%9F%C4%B1,1,Osmanlı İmparatorluğu#3
Buhara Hanlığı,https://tr.wikipedia.org/wiki/Buhara_Hanl%C4%B1%C4%9F%C4%B1,1,Osmanlı İmparatorluğu#3
Safevi=Safeviler=Safevilerle=Safevî Devleti=İran,https://tr.wikipedia.org/wiki/Safev%C3%AEler,1,Osmanlı İmparatorluğu#3
Yarkand Hanlığı,https://tr.wikipedia.org/wiki/Yarkand_Hanl%C4%B1%C4%9F%C4%B1,1,Osmanlı İmparatorluğu#3
Hive Hanlığı,https://tr.wikipedia.org/wiki/Hive_Hanl%C4%B1%C4%9F%C4%B1,1,Osmanlı İmparatorluğu#3
Kutbşah Devleti,https://tr.wikipedia.org/wiki/Kutb%C5%9Fahlar,1,Osmanlı İmparatorluğu#3
Babür İmparatorluğu,https://tr.wikipedia.org/wiki/Bab%C3%BCrl%C3%BCler,1,Osmanlı İmparatorluğu#3
Bakü Hanlığı,https://tr.wikipedia.org/wiki/Bak%C3%BC_Hanl%C4%B1%C4%9F%C4%B1,1,Osmanlı İmparatorluğu#3
Afşar İmparatorluğu,https://tr.wikipedia.org/wiki/Af%C5%9Far_Hanedan%C4%B1,1,Osmanlı İmparatorluğu#3
Hokand Hanlığı,https://tr.wikipedia.org/wiki/Hokand_Hanl%C4%B1%C4%9F%C4%B1,1,Osmanlı İmparatorluğu#3
Revan Hanlığı,https://tr.wikipedia.org/wiki/Revan_Hanl%C4%B1%C4%9F%C4%B1,1,Osmanlı İmparatorluğu#3
Batı Trakya Bağımsız Hükûmeti,https://tr.wikipedia.org/wiki/Bat%C4%B1_Trakya_Ba%C4%9F%C4%B1ms%C4%B1z_H%C3%BCk%C3%BBmeti,1,Osmanlı İmparatorluğu#4
Türkistan Millî Özerk Hükûmeti,https://tr.wikipedia.org/wiki/T%C3%BCrkistan_Mill%C3%AE_%C3%96zerk_H%C3%BCk%C3%BBmeti,1,Osmanlı İmparatorluğu#4
Aras Türk Cumhuriyeti,https://tr.wikipedia.org/wiki/Aras_T%C3%BCrk_Cumhuriyeti,1,Osmanlı İmparatorluğu#4
İdil Ural Devleti,https://tr.wikipedia.org/wiki/%C4%B0dil_Ural_Devleti,1,Osmanlı İmparatorluğu#4
Alaş Orda,https://tr.wikipedia.org/wiki/Ala%C5%9F_Orda,1,Osmanlı İmparatorluğu#4
Kırım Halk Cumhuriyeti,https://tr.wikipedia.org/wiki/K%C4%B1r%C4%B1m_Halk_Cumhuriyeti,1,Osmanlı İmparatorluğu#4
Azerbaycan DC,https://tr.wikipedia.org/wiki/Azerbaycan_Demokratik_Cumhuriyeti,1,Osmanlı İmparatorluğu#4
Güneybatı Kafkas Geçici Milli Hükümeti,https://tr.wikipedia.org/wiki/G%C3%BCneybat%C4%B1_Kafkas_Ge%C3%A7ici_H%C3%BCk%C3%BBmeti,1,Osmanlı İmparatorluğu#4
Azadistan,https://tr.wikipedia.org/wiki/Azadistan,1,Osmanlı İmparatorluğu#4
Buhara Sovyet Halk Cumhuriyeti,https://tr.wikipedia.org/wiki/Buhara_Sovyet_Halk_Cumhuriyeti,1,Osmanlı İmparatorluğu#4
Harezm Sovyet Halk Cumhuriyeti,https://tr.wikipedia.org/wiki/Harezm_Sovyet_Halk_Cumhuriyeti,1,Osmanlı İmparatorluğu#4
Tuva Halk Cumhuriyeti,https://tr.wikipedia.org/wiki/Tuva_Halk_Cumhuriyeti,1,Osmanlı İmparatorluğu#4
Doğu Türkistan İslâm Cumhuriyeti,https://tr.wikipedia.org/wiki/Do%C4%9Fu_T%C3%BCrkistan_%C4%B0sl%C3%A2m_Cumhuriyeti,1,Osmanlı İmparatorluğu#4
Hatay Devleti,https://tr.wikipedia.org/wiki/Hatay_Devleti,1,Osmanlı İmparatorluğu#4
Doğu Türkistan Cumhuriyeti,https://tr.wikipedia.org/wiki/Do%C4%9Fu_T%C3%BCrkistan_Cumhuriyeti,1,Osmanlı İmparatorluğu#4
Azerbaycan Millî Hükûmeti,https://tr.wikipedia.org/wiki/Azerbaycan_Mill%C3%AE_H%C3%BCk%C3%BBmeti,1,Osmanlı İmparatorluğu#4
Kıbrıs Geçici Türk Yönetimi,https://tr.wikipedia.org/wiki/K%C4%B1br%C4%B1s_Ge%C3%A7ici_T%C3%BCrk_Y%C3%B6netimi,1,Osmanlı İmparatorluğu#4
Otonom Kıbrıs Türk Yönetimi,https://tr.wikipedia.org/wiki/Otonom_K%C4%B1br%C4%B1s_T%C3%BCrk_Y%C3%B6netimi,1,Osmanlı İmparatorluğu#4
Kıbrıs Türk Federe Devleti,https://tr.wikipedia.org/wiki/K%C4%B1br%C4%B1s_T%C3%BCrk_Federe_Devleti,1,Osmanlı İmparatorluğu#4
Kuzey Kıbrıs Türk Cumhuriyeti,https://tr.wikipedia.org/wiki/Kuzey_K%C4%B1br%C4%B1s_T%C3%BCrk_Cumhuriyeti,1,Osmanlı İmparatorluğu#4
Kırgızistan,https://tr.wikipedia.org/wiki/K%C4%B1rg%C4%B1zistan,1,Osmanlı İmparatorluğu#4
Özbekistan,https://tr.wikipedia.org/wiki/%C3%96zbekistan,1,Osmanlı İmparatorluğu#4
Kazakistan,https://tr.wikipedia.org/wiki/Kazakistan,1,Osmanlı İmparatorluğu#4
Türkmenistan,https://tr.wikipedia.org/wiki/T%C3%BCrkmenistan,1,Osmanlı İmparatorluğu#4
Tarihî ve çağdaş Türk devletleri,https://tr.wikipedia.org/wiki/T%C3%BCrk_devletleri_listesi,1,Osmanlı İmparatorluğu#5
Batı Hiung-nu,https://tr.wikipedia.org/wiki/Bat%C4%B1_Hiung-nu,1,Osmanlı İmparatorluğu#1
hükümdarlığında,https://tr.wikipedia.org/wiki/H%C3%BCk%C3%BCmdar,1,Osmanlı İmparatorluğu#6
Yakın Çağ,https://tr.wikipedia.org/wiki/Yak%C4%B1n_%C3%87a%C4%9F,1,Osmanlı İmparatorluğu#6
imparatorluktur=İmparatorluk,https://tr.wikipedia.org/wiki/%C4%B0mparatorluk,1,Osmanlı İmparatorluğu#6
Bilecik U:(https://tr.wikipedia.org/wiki/Bilecik_(il))___ ilinin ___E:Söğüt=Söğüt,"https://tr.wikipedia.org/wiki/S%C3%B6%C4%9F%C3%BCt,_Bilecik",1,Osmanlı İmparatorluğu#7
Türk beyliklerinin=beylik,https://tr.wikipedia.org/wiki/Anadolu_beylikleri,1,Osmanlı İmparatorluğu#7
Yalova,https://tr.wikipedia.org/wiki/Yalova,1,Osmanlı İmparatorluğu#8
cihat,https://tr.wikipedia.org/wiki/Cihat,1,Osmanlı İmparatorluğu#9
ayaklanmalar,https://tr.wikipedia.org/wiki/Ayaklanma,1,Osmanlı İmparatorluğu#9
laik,https://tr.wikipedia.org/wiki/Laiklik,1,Osmanlı İmparatorluğu#10
Gayrimüslimler=gayrimüslimler=gayrimüslimlere,https://tr.wikipedia.org/wiki/Gayrim%C3%BCslim,1,Osmanlı İmparatorluğu#10
seküler,https://tr.wikipedia.org/wiki/Sek%C3%BClerizm,1,Osmanlı İmparatorluğu#10
teokratik,https://tr.wikipedia.org/wiki/Teokrasi,1,Osmanlı İmparatorluğu#10
Rum=Yunan=Yunanlar=Yunanların,https://tr.wikipedia.org/wiki/Yunanlar,1,Osmanlı İmparatorluğu#12
Slav,https://tr.wikipedia.org/wiki/Slavlar,1,Osmanlı İmparatorluğu#12
Sırplar,https://tr.wikipedia.org/wiki/S%C4%B1rplar,1,Osmanlı İmparatorluğu#12
Ukraynalılar,https://tr.wikipedia.org/wiki/Ukraynal%C4%B1lar,1,Osmanlı İmparatorluğu#12
iskân politikası,https://tr.wikipedia.org/wiki/%C4%B0sk%C3%A2n_politikas%C4%B1,1,Osmanlı İmparatorluğu#12
devşirilen,https://tr.wikipedia.org/wiki/Dev%C5%9Firme,1,Osmanlı İmparatorluğu#12
Türk,https://tr.wikipedia.org/wiki/T%C3%BCrk_k%C3%BClt%C3%BCr%C3%BC,1,Osmanlı İmparatorluğu#12
İslam,https://tr.wikipedia.org/wiki/%C4%B0slam_k%C3%BClt%C3%BCr%C3%BC,1,Osmanlı İmparatorluğu#12
Yeniçeri=Yeniçeri Ocağı=Yeniçeriler=Yeniçerilerin=yeniçeri=yeniçerilere=yeniçerilerin,https://tr.wikipedia.org/wiki/Yeni%C3%A7eri,1,Osmanlı İmparatorluğu#12
Türk tarihinin,https://tr.wikipedia.org/wiki/T%C3%BCrk_tarihi_kronolojisi,1,Osmanlı İmparatorluğu#12
Roma=Roma İmparatorluğu,https://tr.wikipedia.org/wiki/Roma_%C4%B0mparatorlu%C4%9Fu,1,Osmanlı İmparatorluğu#12
Konstantinopolis=Kostantiniyye,https://tr.wikipedia.org/wiki/Konstantinopolis,1,Osmanlı İmparatorluğu#13
fethedip=İstanbul'u fethiyle=İstanbul'un Fethi=İstanbul’un Fethi=şehri fethetti,https://tr.wikipedia.org/wiki/%C4%B0stanbul%27un_Fethi,1,Osmanlı İmparatorluğu#13
"I. Selim=Roma İmparatoru U:(https://tr.wikipedia.org/wiki/Sezar_(%C3%BCnvan))___ "" ( Kayser-i Rûm ) unvanını üstlendi.   1517 yılında, ___E:I. Selim=Selim=Yavuz Sultan Selim",https://tr.wikipedia.org/wiki/I._Selim,1,Osmanlı İmparatorluğu#13
Hilafet=halife=hilafetin=İslam Halifesi,https://tr.wikipedia.org/wiki/Hil%C3%A2fet,1,Osmanlı İmparatorluğu#13
Osmanlı hükümdarlarının,https://tr.wikipedia.org/wiki/Osmanl%C4%B1_padi%C5%9Fahlar%C4%B1_listesi,1,Osmanlı İmparatorluğu#13
unvanlarına,https://tr.wikipedia.org/wiki/Osmanl%C4%B1_%C3%BCnvanlar%C4%B1#Osmanlı_hanedanı,1,Osmanlı İmparatorluğu#13
eyaletten,https://tr.wikipedia.org/wiki/Osmanl%C4%B1_%C4%B0mparatorlu%C4%9Fu%27nun_idari_b%C3%B6l%C3%BCn%C3%BC%C5%9F%C3%BC,1,Osmanlı İmparatorluğu#14
özerklik,https://tr.wikipedia.org/wiki/%C3%96zerklik,1,Osmanlı İmparatorluğu#14
Boğdan,https://tr.wikipedia.org/wiki/Bo%C4%9Fdan_Prensli%C4%9Fi,1,Osmanlı İmparatorluğu#14
Erdel=Erdel Prensliği,https://tr.wikipedia.org/wiki/Erdel_Prensli%C4%9Fi,1,Osmanlı İmparatorluğu#14
Atlantik Okyanusu,https://tr.wikipedia.org/wiki/Atlas_Okyanusu,1,Osmanlı İmparatorluğu#15
Lanzarote,https://tr.wikipedia.org/wiki/Lanzarote,1,Osmanlı İmparatorluğu#15
Madeira,https://tr.wikipedia.org/wiki/Madeira,1,Osmanlı İmparatorluğu#15
Vestmannaeyjar,https://tr.wikipedia.org/wiki/Vestmann_Adalar%C4%B1,1,Osmanlı İmparatorluğu#15
Lundy,https://tr.wikipedia.org/wiki/Lundy,1,Osmanlı İmparatorluğu#15
yayıldı,https://tr.wikipedia.org/wiki/Eski_Osmanl%C4%B1_topraklar%C4%B1nda_%C5%9Fu_an_bulunan_devletler_listesi,1,Osmanlı İmparatorluğu#16
Doğu Avrupa,https://tr.wikipedia.org/wiki/Do%C4%9Fu_Avrupa,1,Osmanlı İmparatorluğu#16
Cebelitarık Boğazı,https://tr.wikipedia.org/wiki/Cebelitar%C4%B1k_Bo%C4%9Faz%C4%B1,1,Osmanlı İmparatorluğu#17
Hazar Denizi,https://tr.wikipedia.org/wiki/Hazar_Denizi,1,Osmanlı İmparatorluğu#17
Basra Körfezi,https://tr.wikipedia.org/wiki/Basra_K%C3%B6rfezi,1,Osmanlı İmparatorluğu#17
Sudan,https://tr.wikipedia.org/wiki/Sudan,1,Osmanlı İmparatorluğu#17
Eritre,https://tr.wikipedia.org/wiki/Eritre,1,Osmanlı İmparatorluğu#17
Somali,https://tr.wikipedia.org/wiki/Somali,1,Osmanlı İmparatorluğu#17
Yemen,https://tr.wikipedia.org/wiki/Yemen,1,Osmanlı İmparatorluğu#17
Osmanlı saltanatı kaldırıldı=Osmanlı saltanatını kaldırdı,https://tr.wikipedia.org/wiki/Saltanat%C4%B1n_kald%C4%B1r%C4%B1lmas%C4%B1,1,Osmanlı İmparatorluğu#19
Osmanlı halifeliğini kaldırdı=kaldırılmıştır,https://tr.wikipedia.org/wiki/Hil%C3%A2fetin_kald%C4%B1r%C4%B1lmas%C4%B1,1,Osmanlı İmparatorluğu#19
Arnold Joseph Toynbee,https://tr.wikipedia.org/wiki/Arnold_Joseph_Toynbee,1,Osmanlı İmparatorluğu#20
ataerkil,https://tr.wikipedia.org/wiki/Ataerkillik,1,Osmanlı İmparatorluğu#21
Osmanlı Türkçesinde=Osmanlıca,https://tr.wikipedia.org/wiki/Osmanl%C4%B1ca,1,Osmanlı İmparatorluğu#26
Türkçe=Türkçedir=Türkçesinde,https://tr.wikipedia.org/wiki/T%C3%BCrk%C3%A7e,1,Osmanlı İmparatorluğu#26
Cumhuriyet sonrasında kullanılan Türkçede,https://tr.wikipedia.org/wiki/T%C3%BCrk%C3%A7e#Latin_asıllı_Türk_alfabesi,1,Osmanlı İmparatorluğu#27
Tuncer Baykara,https://tr.wikipedia.org/wiki/Tuncer_Baykara,1,Osmanlı İmparatorluğu#29
Şinasi,https://tr.wikipedia.org/wiki/%C5%9Ein%C3%A2si,1,Osmanlı İmparatorluğu#30
Koca Mustafa Reşid Paşa=Mustafa Reşid Paşa,https://tr.wikipedia.org/wiki/Mustafa_Re%C5%9Fid_Pa%C5%9Fa,1,Osmanlı İmparatorluğu#31
"1856 Paris Anlaşması U:(https://tr.wikipedia.org/wiki/Paris_Antla%C5%9Fmas%C4%B1_(1856))___ 'nda ülkenin adını Türkistan olarak belirtir, aynı uygulamayı ___E:II. Abdülhamid=II. Abdülhamid",https://tr.wikipedia.org/wiki/II._Abd%C3%BClhamid,1,Osmanlı İmparatorluğu#32
Mehmed Reşad=V. Mehmed=V. Mehmed Reşad,https://tr.wikipedia.org/wiki/V._Mehmed,1,Osmanlı İmparatorluğu#32
Batı Avrupa,https://tr.wikipedia.org/wiki/Bat%C4%B1_Avrupa,1,Osmanlı İmparatorluğu#33
Osmanlı Hanedanı=Osmanlı Hanedanı'nın=Osmanlı ailesinin,https://tr.wikipedia.org/wiki/Osmanl%C4%B1_Hanedan%C4%B1,1,Osmanlı İmparatorluğu#37
Oğuz Türklerinden=Oğuzların,https://tr.wikipedia.org/wiki/O%C4%9Fuzlar,1,Osmanlı İmparatorluğu#37
Bozok=Bozoklar,https://tr.wikipedia.org/wiki/Bozoklar,1,Osmanlı İmparatorluğu#37
Kayı boyundan,https://tr.wikipedia.org/wiki/Kay%C4%B1_boyu,1,Osmanlı İmparatorluğu#37
Oğuz Kağan Destanı,https://tr.wikipedia.org/wiki/O%C4%9Fuz_Ka%C4%9Fan_Destan%C4%B1,1,Osmanlı İmparatorluğu#39
Ay Han,https://tr.wikipedia.org/w/index.php?title=Ay_Han&action=edit&redlink=1,1,Osmanlı İmparatorluğu#40
"Yıldız Han U:(https://tr.wikipedia.org/w/index.php?title=Y%C4%B1ld%C4%B1z_Han_(mitoloji)&action=edit&redlink=1)___ , ___E:Gök Han",https://tr.wikipedia.org/w/index.php?title=G%C3%B6k_Han&action=edit&redlink=1,1,Osmanlı İmparatorluğu#40
Dağ Han,https://tr.wikipedia.org/wiki/Da%C4%9F_Han,1,Osmanlı İmparatorluğu#40
Deniz Han,https://tr.wikipedia.org/w/index.php?title=Deniz_Han&action=edit&redlink=1,1,Osmanlı İmparatorluğu#40
Bozok=Bozoklar,https://tr.wikipedia.org/wiki/Bozoklar,1,Osmanlı İmparatorluğu#41
Üçoklar,https://tr.wikipedia.org/wiki/%C3%9C%C3%A7oklar,1,Osmanlı İmparatorluğu#41
Bayat,https://tr.wikipedia.org/wiki/Bayat_boyu,1,Osmanlı İmparatorluğu#44
Alkaevli,https://tr.wikipedia.org/wiki/Alkaevli_boyu,1,Osmanlı İmparatorluğu#44
Karaevli,https://tr.wikipedia.org/wiki/Karaevli_boyu,1,Osmanlı İmparatorluğu#44
Ahmedi=Ahmedî,https://tr.wikipedia.org/wiki/Ahmed%C3%AE,1,Osmanlı İmparatorluğu#48
Ertuğrul Bey=Ertuğrul Gazi,https://tr.wikipedia.org/wiki/Ertu%C4%9Frul_Gazi,1,Osmanlı İmparatorluğu#50
"Enverî U:(https://tr.wikipedia.org/wiki/Enver%C3%AE_(tarih%C3%A7i))___ ise, Osmanlıların Oğuz soyundan geldiğinden bahsederek Kayıların soyunu ___E:Nuh",https://tr.wikipedia.org/wiki/Nuh,1,Osmanlı İmparatorluğu#51
Şükrullâh,https://tr.wikipedia.org/wiki/%C5%9E%C3%BCkrullah,1,Osmanlı İmparatorluğu#51
İbn-i Kemal,https://tr.wikipedia.org/wiki/Kemalpa%C5%9Faz%C3%A2de,1,Osmanlı İmparatorluğu#54
Naîmâ,https://tr.wikipedia.org/wiki/Na%C3%AEm%C3%A2,1,Osmanlı İmparatorluğu#54
Oruç Bey,https://tr.wikipedia.org/wiki/Oru%C3%A7_Bey,1,Osmanlı İmparatorluğu#54
Neşrî,https://tr.wikipedia.org/wiki/Ne%C5%9Fr%C3%AE,1,Osmanlı İmparatorluğu#54
Kâtip Çelebi,https://tr.wikipedia.org/wiki/K%C3%A2tip_%C3%87elebi,1,Osmanlı İmparatorluğu#54
Herbert Adams Gibbons,https://tr.wikipedia.org/wiki/Herbert_Adams_Gibbons,1,Osmanlı İmparatorluğu#55
kayınpederi,https://tr.wikipedia.org/wiki/Kay%C4%B1npeder,1,Osmanlı İmparatorluğu#56
Oğuz Türklerinden=Oğuzların,https://tr.wikipedia.org/wiki/O%C4%9Fuzlar,1,Osmanlı İmparatorluğu#6
Kur'an,https://tr.wikipedia.org/wiki/Kur%27an,1,Osmanlı İmparatorluğu#56
Moğol istilası=Moğol istilasından,https://tr.wikipedia.org/wiki/Mo%C4%9Fol_istilalar%C4%B1,1,Osmanlı İmparatorluğu#58
Rum=Rumlar,https://tr.wikipedia.org/wiki/Rum,1,Osmanlı İmparatorluğu#59
Josef Markwart,https://tr.wikipedia.org/wiki/Josef_Markwart,1,Osmanlı İmparatorluğu#61
Dîvânü Lugati't-Türk,https://tr.wikipedia.org/wiki/D%C3%AEv%C3%A2nu_Lug%C3%A2ti%27t-T%C3%BCrk,1,Osmanlı İmparatorluğu#61
Moğolların,https://tr.wikipedia.org/wiki/Mo%C4%9Follar,1,Osmanlı İmparatorluğu#61
Paul Wittek,https://tr.wikipedia.org/wiki/Paul_Wittek,1,Osmanlı İmparatorluğu#62
Rudi Paul Lindner,https://tr.wikipedia.org/w/index.php?title=Rudi_Paul_Lindner&action=edit&redlink=1,1,Osmanlı İmparatorluğu#66
Feridun Emecen,https://tr.wikipedia.org/wiki/Feridun_Emecen,1,Osmanlı İmparatorluğu#69
tahrir,https://tr.wikipedia.org/wiki/Tahrir,1,Osmanlı İmparatorluğu#69
İsmail Hakkı Uzunçarşılı,https://tr.wikipedia.org/wiki/%C4%B0smail_Hakk%C4%B1_Uzun%C3%A7ar%C5%9F%C4%B1l%C4%B1,1,Osmanlı İmparatorluğu#73
Cengiz Han,https://tr.wikipedia.org/wiki/Cengiz_Han,1,Osmanlı İmparatorluğu#75
Selçuklu Hanedanı=Selçuklu Hanedanından,https://tr.wikipedia.org/wiki/Sel%C3%A7uklu_Hanedan%C4%B1,1,Osmanlı İmparatorluğu#82
Alp Arslan,https://tr.wikipedia.org/wiki/Alp_Arslan,1,Osmanlı İmparatorluğu#82
Malazgirt zaferiyle,https://tr.wikipedia.org/wiki/Malazgirt_Meydan_Muharebesi,1,Osmanlı İmparatorluğu#82
Moğol istilası=Moğol istilasından,https://tr.wikipedia.org/wiki/Mo%C4%9Fol_istilalar%C4%B1,1,Osmanlı İmparatorluğu#85
Mâverâünnehir,https://tr.wikipedia.org/wiki/M%C3%A2ver%C3%A2%C3%BCnnehir,1,Osmanlı İmparatorluğu#86
Horasan,https://tr.wikipedia.org/wiki/Horasan,1,Osmanlı İmparatorluğu#86
Marco Polo,https://tr.wikipedia.org/wiki/Marco_Polo,1,Osmanlı İmparatorluğu#87
Doğu Anadolu,https://tr.wikipedia.org/wiki/Do%C4%9Fu_Anadolu_B%C3%B6lgesi,1,Osmanlı İmparatorluğu#87
Baba İlyas,https://tr.wikipedia.org/wiki/Baba_%C4%B0lyas,1,Osmanlı İmparatorluğu#89
Baba İshak,https://tr.wikipedia.org/wiki/Baba_%C4%B0shak,1,Osmanlı İmparatorluğu#89
Vefâ'îyye,https://tr.wikipedia.org/wiki/Ebu%27l-Vefa_el-Ba%C4%9Fdadi,1,Osmanlı İmparatorluğu#90
Kırşehirli Aşık Paşa=Âşık Paşa,https://tr.wikipedia.org/wiki/%C3%82%C5%9F%C4%B1k_Pa%C5%9Fa,1,Osmanlı İmparatorluğu#90
Babaîler=Babaîyye,https://tr.wikipedia.org/wiki/Babailik,1,Osmanlı İmparatorluğu#90
Osmanlı Hanedanı=Osmanlı Hanedanı'nın=Osmanlı ailesinin,https://tr.wikipedia.org/wiki/Osmanl%C4%B1_Hanedan%C4%B1,1,Osmanlı İmparatorluğu#91
Sivas U:(https://tr.wikipedia.org/wiki/Sivas_(il))___ 'ın doğusunda yer alan ___E:Kösedağ,https://tr.wikipedia.org/wiki/K%C3%B6seda%C4%9F,1,Osmanlı İmparatorluğu#92
II. Gıyaseddin Keyhüsrev,https://tr.wikipedia.org/wiki/II._G%C4%B1y%C3%A2seddin_Keyh%C3%BCsrev,1,Osmanlı İmparatorluğu#92
Kösedağ Muharebesi,https://tr.wikipedia.org/wiki/K%C3%B6seda%C4%9F_Muharebesi,1,Osmanlı İmparatorluğu#92
Moğol İlhanlı Devleti=Moğol İlhanlılar=İlhanlı Devleti=İlhanlılar,https://tr.wikipedia.org/wiki/%C4%B0lhanl%C4%B1lar,1,Osmanlı İmparatorluğu#92
Malatya,https://tr.wikipedia.org/wiki/Malatya,1,Osmanlı İmparatorluğu#95
Ertuğrul Bey=Ertuğrul Gazi,https://tr.wikipedia.org/wiki/Ertu%C4%9Frul_Gazi,1,Osmanlı İmparatorluğu#96
Eskişehir,https://tr.wikipedia.org/wiki/Eski%C5%9Fehir,1,Osmanlı İmparatorluğu#96
Sakarya,https://tr.wikipedia.org/wiki/Sakarya,1,Osmanlı İmparatorluğu#96
Memluk=Memlûk=Memlûk Devleti=Memlûk Sultanlığı=Memlûklar,https://tr.wikipedia.org/wiki/Meml%C3%BBk_Devleti,1,Osmanlı İmparatorluğu#98
Akdeniz,https://tr.wikipedia.org/wiki/Akdeniz,1,Osmanlı İmparatorluğu#99
Karadeniz,https://tr.wikipedia.org/wiki/Karadeniz,1,Osmanlı İmparatorluğu#99
Yesevîye,https://tr.wikipedia.org/wiki/Yesev%C3%AElik,1,Osmanlı İmparatorluğu#103
Babaîler=Babaîyye,https://tr.wikipedia.org/wiki/Babailik,1,Osmanlı İmparatorluğu#103
Moğol İlhanlı Devleti=Moğol İlhanlılar=İlhanlı Devleti=İlhanlılar,https://tr.wikipedia.org/wiki/%C4%B0lhanl%C4%B1lar,1,Osmanlı İmparatorluğu#104
Eşrefoğulları=Eşrefoğulları Beyliği,https://tr.wikipedia.org/wiki/E%C5%9Frefo%C4%9Fullar%C4%B1_Beyli%C4%9Fi,1,Osmanlı İmparatorluğu#105
Sâhib Ataoğulları=Sâhib Ataoğulları Beyliği,https://tr.wikipedia.org/wiki/S%C3%A2hib_Atao%C4%9Fullar%C4%B1_Beyli%C4%9Fi,1,Osmanlı İmparatorluğu#105
Çobanoğulları=Çobanoğulları Beyliği,https://tr.wikipedia.org/wiki/%C3%87obano%C4%9Fullar%C4%B1_Beyli%C4%9Fi,1,Osmanlı İmparatorluğu#105
Karesi Beyliği=Karesioğulları=Karesioğulları Beyliği,https://tr.wikipedia.org/wiki/Karesi_Beyli%C4%9Fi,1,Osmanlı İmparatorluğu#105
II. Gıyaseddin Mesud,https://tr.wikipedia.org/wiki/II._Mesud,1,Osmanlı İmparatorluğu#106
Teke=Tekeoğulları,https://tr.wikipedia.org/wiki/Tekeo%C4%9Fullar%C4%B1_Beyli%C4%9Fi,1,Osmanlı İmparatorluğu#108
Karacahisar,https://tr.wikipedia.org/wiki/Karacahisar_Kalesi,1,Osmanlı İmparatorluğu#111
Yarhisar,"https://tr.wikipedia.org/wiki/Yarhisar,_Yeni%C5%9Fehir",1,Osmanlı İmparatorluğu#111
Yenişehir,"https://tr.wikipedia.org/wiki/Yeni%C5%9Fehir,_Bursa",1,Osmanlı İmparatorluğu#111
kadı,https://tr.wikipedia.org/wiki/Kad%C4%B1,1,Osmanlı İmparatorluğu#111
Bilecik,https://tr.wikipedia.org/wiki/Bilecik,1,Osmanlı İmparatorluğu#114
Yarhisar,https://tr.wikipedia.org/wiki/Yarhisar,1,Osmanlı İmparatorluğu#114
Yenişehir,https://tr.wikipedia.org/wiki/Yeni%C5%9Fehir,1,Osmanlı İmparatorluğu#114
Paleologos Hanedanı'ndan,https://tr.wikipedia.org/wiki/Paleologos_Hanedan%C4%B1,1,Osmanlı İmparatorluğu#116
Pahimeres,https://tr.wikipedia.org/wiki/Yeoryos_Pahimeris,1,Osmanlı İmparatorluğu#116
Bursa'yı kuşattı,https://tr.wikipedia.org/wiki/Bursa_Ku%C5%9Fatmas%C4%B1,1,Osmanlı İmparatorluğu#119
III. Andronikos,https://tr.wikipedia.org/wiki/III._Andronikos,1,Osmanlı İmparatorluğu#120
Pelekanon Muharebesi,https://tr.wikipedia.org/wiki/Pelekanon_Muharebesi,1,Osmanlı İmparatorluğu#120
"İzmit=İznik U:(https://tr.wikipedia.org/wiki/Nikea_Ku%C5%9Fatmas%C4%B1_(1328-1331))___ 'i, 1337'de ___E:İzmit",https://tr.wikipedia.org/wiki/%C4%B0zmit,1,Osmanlı İmparatorluğu#120
Türk beyliklerinin=beylik,https://tr.wikipedia.org/wiki/Anadolu_beylikleri,1,Osmanlı İmparatorluğu#121
Karesi Beyliği=Karesioğulları=Karesioğulları Beyliği,https://tr.wikipedia.org/wiki/Karesi_Beyli%C4%9Fi,1,Osmanlı İmparatorluğu#121
Matheos Kantakuzinos,https://tr.wikipedia.org/wiki/Matheos,1,Osmanlı İmparatorluğu#122
Gelibolu Yarımadası,https://tr.wikipedia.org/wiki/Gelibolu_Yar%C4%B1madas%C4%B1,1,Osmanlı İmparatorluğu#122
Çimpe Kalesi,https://tr.wikipedia.org/wiki/%C3%87impe_Kalesi,1,Osmanlı İmparatorluğu#122
Sazlıdere Savaşı,https://tr.wikipedia.org/wiki/Edirne%27nin_Fethi,1,Osmanlı İmparatorluğu#125
Eflak=Eflâk,https://tr.wikipedia.org/wiki/Eflak,1,Osmanlı İmparatorluğu#126
Bosna,https://tr.wikipedia.org/wiki/Bosna,1,Osmanlı İmparatorluğu#126
Sırpsındığı Savaşı,https://tr.wikipedia.org/wiki/S%C4%B1rps%C4%B1nd%C4%B1%C4%9F%C4%B1_Muharebesi,1,Osmanlı İmparatorluğu#127
Bulgaristan,https://tr.wikipedia.org/wiki/Bulgaristan,1,Osmanlı İmparatorluğu#128
Yunanistan,https://tr.wikipedia.org/wiki/Yunanistan,1,Osmanlı İmparatorluğu#128
Yalvaç,https://tr.wikipedia.org/wiki/Yalva%C3%A7,1,Osmanlı İmparatorluğu#129
Beyşehir,https://tr.wikipedia.org/wiki/Bey%C5%9Fehir,1,Osmanlı İmparatorluğu#129
Seydişehir,https://tr.wikipedia.org/wiki/Seydi%C5%9Fehir,1,Osmanlı İmparatorluğu#129
Karaağaç,https://tr.wikipedia.org/wiki/Karaa%C4%9Fa%C3%A7,1,Osmanlı İmparatorluğu#129
Eğirdir,https://tr.wikipedia.org/wiki/E%C4%9Firdir,1,Osmanlı İmparatorluğu#129
Isparta,https://tr.wikipedia.org/wiki/Isparta,1,Osmanlı İmparatorluğu#129
Simav,https://tr.wikipedia.org/wiki/Simav,1,Osmanlı İmparatorluğu#129
Tavşanlı,https://tr.wikipedia.org/wiki/Tav%C5%9Fanl%C4%B1,1,Osmanlı İmparatorluğu#129
Emet,https://tr.wikipedia.org/wiki/Emet,1,Osmanlı İmparatorluğu#129
I. Kosova Muharebesi,https://tr.wikipedia.org/wiki/I._Kosova_Muharebesi,1,Osmanlı İmparatorluğu#129
I. Bayezid,https://tr.wikipedia.org/wiki/I._Bayezid,1,Osmanlı İmparatorluğu#130
İstanbul'u abluka altına aldı,https://tr.wikipedia.org/wiki/%C4%B0stanbul_ku%C5%9Fatmalar%C4%B1_listesi,1,Osmanlı İmparatorluğu#133
Niğbolu,https://tr.wikipedia.org/wiki/Ni%C4%9Fbolu,1,Osmanlı İmparatorluğu#134
Karakoyunlu=Karakoyunlular,https://tr.wikipedia.org/wiki/Karakoyunlular,1,Osmanlı İmparatorluğu#136
Celayirîli,https://tr.wikipedia.org/wiki/Cel%C3%A2yir_Sultanl%C4%B1%C4%9F%C4%B1,1,Osmanlı İmparatorluğu#136
Çubuk Ovası,https://tr.wikipedia.org/wiki/%C3%87ubuk_Ovas%C4%B1,1,Osmanlı İmparatorluğu#137
Ankara Savaşı,https://tr.wikipedia.org/wiki/Ankara_Muharebesi,1,Osmanlı İmparatorluğu#137
Musa=Mustafa U:(https://tr.wikipedia.org/wiki/Mustafa_%C3%87elebi_(I._Bayezid%27in_o%C4%9Flu))___ ve ___E:Musa,https://tr.wikipedia.org/wiki/Musa_%C3%87elebi,1,Osmanlı İmparatorluğu#137
İsa,https://tr.wikipedia.org/wiki/%C4%B0sa_%C3%87elebi,1,Osmanlı İmparatorluğu#139
I. Mehmed=Mehmed,https://tr.wikipedia.org/wiki/I._Mehmed,1,Osmanlı İmparatorluğu#139
Musa=Mustafa U:(https://tr.wikipedia.org/wiki/Mustafa_%C3%87elebi_(I._Bayezid%27in_o%C4%9Flu))___ ve ___E:Musa,https://tr.wikipedia.org/wiki/Musa_%C3%87elebi,1,Osmanlı İmparatorluğu#139
Süleyman U:(https://tr.wikipedia.org/wiki/S%C3%BCleyman_%C3%87elebi_(emir))___ arasında taht kavgaları başladı. ___E:Fetret Devri,https://tr.wikipedia.org/wiki/Fetret_Devri,1,Osmanlı İmparatorluğu#139
I. Mehmed=Mehmed,https://tr.wikipedia.org/wiki/I._Mehmed,1,Osmanlı İmparatorluğu#144
Şeyh Bedrettin,https://tr.wikipedia.org/wiki/%C5%9Eeyh_Bedreddin#Şeyh_Bedreddin,1,Osmanlı İmparatorluğu#145
Börklüce Mustafa,https://tr.wikipedia.org/wiki/B%C3%B6rkl%C3%BCce_Mustafa#İsyan,1,Osmanlı İmparatorluğu#145
Torlak Kemal,https://tr.wikipedia.org/wiki/Torlak_Kemal,1,Osmanlı İmparatorluğu#145
Düzmece Mustafa İsyanı,https://tr.wikipedia.org/wiki/D%C3%BCzmece_Mustafa_%C4%B0syan%C4%B1,1,Osmanlı İmparatorluğu#151
Edirne-Segedin Antlaşması,https://tr.wikipedia.org/wiki/Edirne-Segedin_Antla%C5%9Fmas%C4%B1,1,Osmanlı İmparatorluğu#156
Manisa,https://tr.wikipedia.org/wiki/Manisa,1,Osmanlı İmparatorluğu#158
Varna Muharebesi,https://tr.wikipedia.org/wiki/Varna_Muharebesi,1,Osmanlı İmparatorluğu#159
"Macaristan=Rodos U:(https://tr.wikipedia.org/wiki/Rodos_Ku%C5%9Fatmas%C4%B1_(1522))___ 'u fethetti.   1526'da, ___E:Macaristan",https://tr.wikipedia.org/wiki/Macaristan_Krall%C4%B1%C4%9F%C4%B1,1,Osmanlı İmparatorluğu#160
Ceneviz=Cenevizler,https://tr.wikipedia.org/wiki/Ceneviz_Cumhuriyeti,1,Osmanlı İmparatorluğu#161
fethedip=İstanbul'u fethiyle=İstanbul'un Fethi=İstanbul’un Fethi=şehri fethetti,https://tr.wikipedia.org/wiki/%C4%B0stanbul%27un_Fethi,1,Osmanlı İmparatorluğu#163
Ortodoks=Ortodoks Kilisesi,https://tr.wikipedia.org/wiki/Do%C4%9Fu_Ortodoks_Kilisesi,1,Osmanlı İmparatorluğu#164
Yeni Çağ,https://tr.wikipedia.org/wiki/Yeni_%C3%87a%C4%9F,1,Osmanlı İmparatorluğu#164
Mora Despotluğu,https://tr.wikipedia.org/wiki/Mora_Despotlu%C4%9Fu,1,Osmanlı İmparatorluğu#166
Trabzon Rum İmparatorluğu,https://tr.wikipedia.org/wiki/Trabzon_%C4%B0mparatorlu%C4%9Fu,1,Osmanlı İmparatorluğu#166
son verdi,https://tr.wikipedia.org/wiki/Trabzon%27un_Fethi,1,Osmanlı İmparatorluğu#166
Karamanoğulları=Karamanoğulları Beyliği,https://tr.wikipedia.org/wiki/Karamano%C4%9Fullar%C4%B1_Beyli%C4%9Fi,1,Osmanlı İmparatorluğu#166
Akkoyunlu=Akkoyunlular=Akkoyunlular Devleti,https://tr.wikipedia.org/wiki/Akkoyunlular,1,Osmanlı İmparatorluğu#167
Uzun Hasan,https://tr.wikipedia.org/wiki/Uzun_Hasan,1,Osmanlı İmparatorluğu#167
Otlukbeli Savaşı,https://tr.wikipedia.org/wiki/Otlukbeli_Muharebesi,1,Osmanlı İmparatorluğu#167
Fırat,https://tr.wikipedia.org/wiki/F%C4%B1rat,1,Osmanlı İmparatorluğu#168
Gedik Ahmed Paşa,https://tr.wikipedia.org/wiki/Gedik_Ahmed_Pa%C5%9Fa,1,Osmanlı İmparatorluğu#169
Toroslar,https://tr.wikipedia.org/wiki/Toros_Da%C4%9Flar%C4%B1,1,Osmanlı İmparatorluğu#169
"Kefe U:(https://tr.wikipedia.org/wiki/Kefe_(eyalet))___ , ___E:Sudak",https://tr.wikipedia.org/wiki/Sudak,1,Osmanlı İmparatorluğu#169
Ceneviz=Cenevizler,https://tr.wikipedia.org/wiki/Ceneviz_Cumhuriyeti,1,Osmanlı İmparatorluğu#170
müderris=müderrislerin=müderrislik,https://tr.wikipedia.org/wiki/M%C3%BCderris,1,Osmanlı İmparatorluğu#171
Otranto Seferi,https://tr.wikipedia.org/wiki/Otranto_Seferi,1,Osmanlı İmparatorluğu#174
Napoli Krallığı,https://tr.wikipedia.org/wiki/Napoli_Krall%C4%B1%C4%9F%C4%B1,1,Osmanlı İmparatorluğu#174
Otranto,https://tr.wikipedia.org/wiki/Otranto,1,Osmanlı İmparatorluğu#174
Yeniçeri=Yeniçeri Ocağı=Yeniçeriler=Yeniçerilerin=yeniçeri=yeniçerilere=yeniçerilerin,https://tr.wikipedia.org/wiki/Yeni%C3%A7eri,1,Osmanlı İmparatorluğu#177
Cem Sultan,https://tr.wikipedia.org/wiki/Cem_Sultan,1,Osmanlı İmparatorluğu#178
Maltalı Sen Jean Şövalyeleri=Rodos Şövalyeleri,https://tr.wikipedia.org/wiki/Hospitalier_%C5%9E%C3%B6valyeleri,1,Osmanlı İmparatorluğu#181
Hersek,https://tr.wikipedia.org/wiki/Hersek,1,Osmanlı İmparatorluğu#182
Kili,https://tr.wikipedia.org/wiki/Kili,1,Osmanlı İmparatorluğu#182
Akkerman,https://tr.wikipedia.org/wiki/Akkirman_Kalesi,1,Osmanlı İmparatorluğu#182
Memlûklar ile yapılan savaş,https://tr.wikipedia.org/wiki/Osmanl%C4%B1-Meml%C3%BBk_Sava%C5%9F%C4%B1,1,Osmanlı İmparatorluğu#183
Modon,https://tr.wikipedia.org/wiki/Modon,1,Osmanlı İmparatorluğu#184
Koron,https://tr.wikipedia.org/wiki/Koron,1,Osmanlı İmparatorluğu#184
Navarin,https://tr.wikipedia.org/wiki/Navarin,1,Osmanlı İmparatorluğu#184
İnebahtı,https://tr.wikipedia.org/wiki/%C4%B0nebaht%C4%B1,1,Osmanlı İmparatorluğu#184
Safevi=Safeviler=Safevilerle=Safevî Devleti=İran,https://tr.wikipedia.org/wiki/Safev%C3%AEler,1,Osmanlı İmparatorluğu#184
Şahkulu İsyanı,https://tr.wikipedia.org/wiki/%C5%9Eahkulu_%C4%B0syan%C4%B1,1,Osmanlı İmparatorluğu#185
Şahkulu,https://tr.wikipedia.org/wiki/%C5%9Eahkulu,1,Osmanlı İmparatorluğu#186
"I. Selim=Roma İmparatoru U:(https://tr.wikipedia.org/wiki/Sezar_(%C3%BCnvan))___ "" ( Kayser-i Rûm ) unvanını üstlendi.   1517 yılında, ___E:I. Selim=Selim=Yavuz Sultan Selim",https://tr.wikipedia.org/wiki/I._Selim,1,Osmanlı İmparatorluğu#187
Safevi=Safeviler=Safevilerle=Safevî Devleti=İran,https://tr.wikipedia.org/wiki/Safev%C3%AEler,1,Osmanlı İmparatorluğu#189
Şah İsmail,https://tr.wikipedia.org/wiki/I._%C4%B0smail,1,Osmanlı İmparatorluğu#189
Çaldıran Muharebesi,https://tr.wikipedia.org/wiki/%C3%87ald%C4%B1ran_Muharebesi,1,Osmanlı İmparatorluğu#189
Hadım Sinan Paşa,https://tr.wikipedia.org/wiki/Had%C4%B1m_Sinan_Pa%C5%9Fa,1,Osmanlı İmparatorluğu#189
Turnadağ Muharebesi,https://tr.wikipedia.org/wiki/Turnada%C4%9F_Muharebesi,1,Osmanlı İmparatorluğu#189
Dulkadiroğulları=Dulkadiroğulları Beyliği,https://tr.wikipedia.org/wiki/Dulkadiro%C4%9Fullar%C4%B1_Beyli%C4%9Fi,1,Osmanlı İmparatorluğu#189
Mercidabık Muharebesi,https://tr.wikipedia.org/wiki/Mercid%C3%A2b%C4%B1k_Muharebesi,1,Osmanlı İmparatorluğu#191
Memluk=Memlûk=Memlûk Devleti=Memlûk Sultanlığı=Memlûklar,https://tr.wikipedia.org/wiki/Meml%C3%BBk_Devleti,1,Osmanlı İmparatorluğu#191
Kansu Gavri,https://tr.wikipedia.org/wiki/Kansu_Gavri,1,Osmanlı İmparatorluğu#191
Gazze Muharebesi U:(https://tr.wikipedia.org/wiki/Gazze_Muharebesi_(1516))___ ile ___E:Filistin,https://tr.wikipedia.org/wiki/Filistin_Devleti,1,Osmanlı İmparatorluğu#192
Mısır Seferi=Ridaniye Muharebesi=Ridâniye Muharebesi,https://tr.wikipedia.org/wiki/Rid%C3%A2niye_Muharebesi,1,Osmanlı İmparatorluğu#192
Kahire=Kahire Muharebesi U:(https://tr.wikipedia.org/wiki/Kahire_Muharebesi_(1517))___ ile son darbeyi vurdu ve ___E:Kahire,https://tr.wikipedia.org/wiki/Kahire,1,Osmanlı İmparatorluğu#193
Filistin,https://tr.wikipedia.org/wiki/Filistin,1,Osmanlı İmparatorluğu#193
Sina Çölü,https://tr.wikipedia.org/wiki/Sina_Yar%C4%B1madas%C4%B1,1,Osmanlı İmparatorluğu#195
Kutsal Emanetler,https://tr.wikipedia.org/wiki/Kutsal_Emanetler,1,Osmanlı İmparatorluğu#195
Hilafet=halife=hilafetin=İslam Halifesi,https://tr.wikipedia.org/wiki/Hil%C3%A2fet,1,Osmanlı İmparatorluğu#195
Tekirdağ,https://tr.wikipedia.org/wiki/Tekirda%C4%9F,1,Osmanlı İmparatorluğu#196
Çorlu,https://tr.wikipedia.org/wiki/%C3%87orlu,1,Osmanlı İmparatorluğu#196
Belgrad,https://tr.wikipedia.org/wiki/Belgrad%27%C4%B1n_Fethi,1,Osmanlı İmparatorluğu#198
"Macaristan=Rodos U:(https://tr.wikipedia.org/wiki/Rodos_Ku%C5%9Fatmas%C4%B1_(1522))___ 'u fethetti.   1526'da, ___E:Macaristan",https://tr.wikipedia.org/wiki/Macaristan_Krall%C4%B1%C4%9F%C4%B1,1,Osmanlı İmparatorluğu#198
Viyana'yı kuşattı,https://tr.wikipedia.org/wiki/I._Viyana_Ku%C5%9Fatmas%C4%B1,1,Osmanlı İmparatorluğu#199
Kaptan-ı Derya=Kaptan-ı derya=Kaptan-ı deryalara=kaptan-ı derya,https://tr.wikipedia.org/wiki/Kaptan-%C4%B1_derya,1,Osmanlı İmparatorluğu#200
Fransa ile ittifak,https://tr.wikipedia.org/wiki/Fransa-Osmanl%C4%B1_ittifak%C4%B1,1,Osmanlı İmparatorluğu#201
Nice,https://tr.wikipedia.org/wiki/Nice_Ku%C5%9Fatmas%C4%B1,1,Osmanlı İmparatorluğu#201
Korsika,https://tr.wikipedia.org/wiki/Korsika%27n%C4%B1n_Fethi,1,Osmanlı İmparatorluğu#201
"İtalya Savaşı U:(https://tr.wikipedia.org/wiki/%C4%B0talya_Sava%C5%9F%C4%B1_(1551-1559))___ ).   1538'de, Barbaros Hayreddin Paşa kumandasındaki ___E:Osmanlı donanması",https://tr.wikipedia.org/wiki/Osmanl%C4%B1_donanmas%C4%B1,1,Osmanlı İmparatorluğu#201
Preveze,https://tr.wikipedia.org/wiki/Preveze,1,Osmanlı İmparatorluğu#201
Kutsal Roma Cermen İmparatorluğu=Kutsal Roma-Cermen İmparatorluğu=Kutsal Roma-Germen İmparatorluğu,https://tr.wikipedia.org/wiki/Kutsal_Roma_%C4%B0mparatorlu%C4%9Fu,1,Osmanlı İmparatorluğu#201
İstanbul Antlaşması U:(https://tr.wikipedia.org/wiki/%C4%B0stanbul_Antla%C5%9Fmas%C4%B1_(1547))___ imzalandı. 1560'ta ___E:Tunus,https://tr.wikipedia.org/wiki/Tunus,1,Osmanlı İmparatorluğu#201
Cerbe Adası,https://tr.wikipedia.org/wiki/Cerbe,1,Osmanlı İmparatorluğu#201
Malta kuşatıldı=Malta'yı kuşatsa,https://tr.wikipedia.org/wiki/Malta_Ku%C5%9Fatmas%C4%B1,1,Osmanlı İmparatorluğu#201
Zigetvar,https://tr.wikipedia.org/wiki/Zigetvar,1,Osmanlı İmparatorluğu#202
II. Selim,https://tr.wikipedia.org/wiki/II._Selim,1,Osmanlı İmparatorluğu#202
Zitvatorok Antlaşması,https://tr.wikipedia.org/wiki/Zitvatorok_Antla%C5%9Fmas%C4%B1,1,Osmanlı İmparatorluğu#206
Doğu Afrika,https://tr.wikipedia.org/wiki/Do%C4%9Fu_Afrika,1,Osmanlı İmparatorluğu#208
Hindistan,https://tr.wikipedia.org/wiki/Hindistan,1,Osmanlı İmparatorluğu#209
İnebahtı Deniz Muharebesi=İnebahtı Deniz Savaşı,https://tr.wikipedia.org/wiki/%C4%B0nebaht%C4%B1_Deniz_Muharebesi,1,Osmanlı İmparatorluğu#211
Ruslara=Rusya,https://tr.wikipedia.org/wiki/Rusya_%C3%87arl%C4%B1%C4%9F%C4%B1,1,Osmanlı İmparatorluğu#211
Molodi Muharebesi,https://tr.wikipedia.org/wiki/Molodi_Muharebesi,1,Osmanlı İmparatorluğu#212
Osmanlı-Avusturya Savaşı,https://tr.wikipedia.org/wiki/1593-1606_Osmanl%C4%B1-Avusturya_Sava%C5%9F%C4%B1,1,Osmanlı İmparatorluğu#213
Celali=Celali ayaklanmaları,https://tr.wikipedia.org/wiki/Cel%C3%A2l%C3%AE_isyanlar%C4%B1,1,Osmanlı İmparatorluğu#214
IV. Murad,https://tr.wikipedia.org/wiki/IV._Murad,1,Osmanlı İmparatorluğu#214
Safevi=Safeviler=Safevilerle=Safevî Devleti=İran,https://tr.wikipedia.org/wiki/Safev%C3%AEler,1,Osmanlı İmparatorluğu#214
Erivan,https://tr.wikipedia.org/wiki/Erivan,1,Osmanlı İmparatorluğu#214
Kasr-ı Şirin Antlaşması,https://tr.wikipedia.org/wiki/Kasr-%C4%B1_%C5%9Eirin_Antla%C5%9Fmas%C4%B1,1,Osmanlı İmparatorluğu#215
Yeniçeri=Yeniçeri Ocağı=Yeniçeriler=Yeniçerilerin=yeniçeri=yeniçerilere=yeniçerilerin,https://tr.wikipedia.org/wiki/Yeni%C3%A7eri,1,Osmanlı İmparatorluğu#216
II. Osman,https://tr.wikipedia.org/wiki/II._Osman,1,Osmanlı İmparatorluğu#217
Köprülü Mehmed Paşa,https://tr.wikipedia.org/wiki/K%C3%B6pr%C3%BCl%C3%BC_Mehmed_Pa%C5%9Fa,1,Osmanlı İmparatorluğu#217
Kadınlar saltanatı=kadınlar saltanatı,https://tr.wikipedia.org/wiki/Kad%C4%B1nlar_saltanat%C4%B1,1,Osmanlı İmparatorluğu#217
Köprülüler Devri,https://tr.wikipedia.org/wiki/K%C3%B6pr%C3%BCl%C3%BCler_Devri,1,Osmanlı İmparatorluğu#217
II. Viyana Kuşatması,https://tr.wikipedia.org/wiki/II._Viyana_Ku%C5%9Fatmas%C4%B1,1,Osmanlı İmparatorluğu#218
Kutsal İttifak Savaşları=Osmanlı-Kutsal İttifak Savaşları,https://tr.wikipedia.org/wiki/Osmanl%C4%B1-Kutsal_%C4%B0ttifak_sava%C5%9Flar%C4%B1,1,Osmanlı İmparatorluğu#218
Tımar=Tımar sistemi=tımar sisteminin,https://tr.wikipedia.org/wiki/T%C4%B1mar,1,Osmanlı İmparatorluğu#222
Coğrafi Keşifler,https://tr.wikipedia.org/wiki/Co%C4%9Frafi_ke%C5%9Fifler,1,Osmanlı İmparatorluğu#222
cülus bahşişi,https://tr.wikipedia.org/wiki/C%C3%BCl%C3%BBs,1,Osmanlı İmparatorluğu#222
ulufe=ulûfe,https://tr.wikipedia.org/wiki/Ulufe,1,Osmanlı İmparatorluğu#222
Kutsal Roma Cermen İmparatorluğu=Kutsal Roma-Cermen İmparatorluğu=Kutsal Roma-Germen İmparatorluğu,https://tr.wikipedia.org/wiki/Kutsal_Roma_%C4%B0mparatorlu%C4%9Fu,1,Osmanlı İmparatorluğu#223
Kutsal İttifak Savaşları=Osmanlı-Kutsal İttifak Savaşları,https://tr.wikipedia.org/wiki/Osmanl%C4%B1-Kutsal_%C4%B0ttifak_sava%C5%9Flar%C4%B1,1,Osmanlı İmparatorluğu#223
Papa=Papalık,https://tr.wikipedia.org/wiki/Papa,1,Osmanlı İmparatorluğu#225
Kutsal Roma Cermen İmparatorluğu=Kutsal Roma-Cermen İmparatorluğu=Kutsal Roma-Germen İmparatorluğu,https://tr.wikipedia.org/wiki/Kutsal_Roma_%C4%B0mparatorlu%C4%9Fu,1,Osmanlı İmparatorluğu#225
Lehistan,https://tr.wikipedia.org/wiki/Polonya-Litvanya_Birli%C4%9Fi,1,Osmanlı İmparatorluğu#225
II. Kosova Muharebesi,https://tr.wikipedia.org/wiki/II._Kosova_Muharebesi,1,Osmanlı İmparatorluğu#160
Maltalı Sen Jean Şövalyeleri=Rodos Şövalyeleri,https://tr.wikipedia.org/wiki/Hospitalier_%C5%9E%C3%B6valyeleri,1,Osmanlı İmparatorluğu#225
Venedik=Venedikliler=Venediklilerden,https://tr.wikipedia.org/wiki/Venedik_Cumhuriyeti,1,Osmanlı İmparatorluğu#225
Banat,https://tr.wikipedia.org/wiki/Banat,1,Osmanlı İmparatorluğu#225
Temeşvar,https://tr.wikipedia.org/wiki/Teme%C5%9Fvar,1,Osmanlı İmparatorluğu#225
Erdel=Erdel Prensliği,https://tr.wikipedia.org/wiki/Erdel_Prensli%C4%9Fi,1,Osmanlı İmparatorluğu#225
Podolya,https://tr.wikipedia.org/wiki/Podolya,1,Osmanlı İmparatorluğu#225
Celali=Celali ayaklanmaları,https://tr.wikipedia.org/wiki/Cel%C3%A2l%C3%AE_isyanlar%C4%B1,1,Osmanlı İmparatorluğu#226
mültezimlerin,https://tr.wikipedia.org/wiki/M%C3%BCltezim,1,Osmanlı İmparatorluğu#226
tımar sistemi,https://tr.wikipedia.org/wiki/T%C4%B1mar_sistemi,1,Osmanlı İmparatorluğu#228
"Reform U:(https://tr.wikipedia.org/wiki/Reform_(tarih))___ , ___E:Rönesans",https://tr.wikipedia.org/wiki/R%C3%B6nesans,1,Osmanlı İmparatorluğu#231
müderris=müderrislerin=müderrislik,https://tr.wikipedia.org/wiki/M%C3%BCderris,1,Osmanlı İmparatorluğu#233
Avusturya,https://tr.wikipedia.org/wiki/Avusturya,1,Osmanlı İmparatorluğu#234
Kuzey Hiung-nu,https://tr.wikipedia.org/wiki/Kuzey_Hiung-nu,1,Osmanlı İmparatorluğu#1
Lale Devri=Lâle Devri,https://tr.wikipedia.org/wiki/Lale_Devri,1,Osmanlı İmparatorluğu#234
Güney Hiung-nu,https://tr.wikipedia.org/wiki/G%C3%BCney_Hiung-nu,1,Osmanlı İmparatorluğu#1
Tulumbacılar,https://tr.wikipedia.org/wiki/Tulumbac%C4%B1lar,1,Osmanlı İmparatorluğu#235
çiçek,https://tr.wikipedia.org/wiki/%C3%87i%C3%A7ek_hastal%C4%B1%C4%9F%C4%B1,1,Osmanlı İmparatorluğu#235
minyatür,https://tr.wikipedia.org/wiki/Minyat%C3%BCr,1,Osmanlı İmparatorluğu#235
Said Efendi,https://tr.wikipedia.org/wiki/Yirmisekizz%C3%A2de_Mehmed_Said_Pa%C5%9Fa,1,Osmanlı İmparatorluğu#236
Siyenpi İmparatorluğu,https://tr.wikipedia.org/wiki/Xianbei_eyaleti,1,Osmanlı İmparatorluğu#1
matbaa,https://tr.wikipedia.org/wiki/Matbaac%C4%B1l%C4%B1k,1,Osmanlı İmparatorluğu#236
Avrupa Hun İmparatorluğu,https://tr.wikipedia.org/wiki/Hun_%C4%B0mparatorlu%C4%9Fu,1,Osmanlı İmparatorluğu#1
Yeni Camii,https://tr.wikipedia.org/wiki/Yeni_Cami,1,Osmanlı İmparatorluğu#237
Göktürk Kağanlığı,https://tr.wikipedia.org/wiki/G%C3%B6kt%C3%BCrk_Ka%C4%9Fanl%C4%B1%C4%9F%C4%B1,1,Osmanlı İmparatorluğu#2
Patrona Halil Ayaklanması=Patrona Halil İsyanı,https://tr.wikipedia.org/wiki/Patrona_Halil_%C4%B0syan%C4%B1,1,Osmanlı İmparatorluğu#238
Doğu Göktürk,https://tr.wikipedia.org/wiki/Do%C4%9Fu_G%C3%B6kt%C3%BCrk_Ka%C4%9Fanl%C4%B1%C4%9F%C4%B1,1,Osmanlı İmparatorluğu#2
Tuna,https://tr.wikipedia.org/wiki/Tuna,1,Osmanlı İmparatorluğu#239
Sava,https://tr.wikipedia.org/wiki/Sava,1,Osmanlı İmparatorluğu#239
İsveç,https://tr.wikipedia.org/wiki/%C4%B0sve%C3%A7,1,Osmanlı İmparatorluğu#241
XII. Karl,https://tr.wikipedia.org/wiki/XII._Karl,1,Osmanlı İmparatorluğu#241
Poltava Muharebesi,https://tr.wikipedia.org/wiki/Poltova_Muharebesi,1,Osmanlı İmparatorluğu#241
Büyük Kuzey Savaşı,https://tr.wikipedia.org/wiki/B%C3%BCy%C3%BCk_Kuzey_Sava%C5%9F%C4%B1,1,Osmanlı İmparatorluğu#241
Ruslar,https://tr.wikipedia.org/wiki/Ruslar,1,Osmanlı İmparatorluğu#241
Prut Savaşı,https://tr.wikipedia.org/wiki/Prut_Sava%C5%9F%C4%B1,1,Osmanlı İmparatorluğu#242
1716-1718 Osmanlı-Avusturya Savaşı,https://tr.wikipedia.org/wiki/1716-1718_Osmanl%C4%B1-Avusturya_Sava%C5%9F%C4%B1,1,Osmanlı İmparatorluğu#243
Batı Göktürk,https://tr.wikipedia.org/wiki/Bat%C4%B1_G%C3%B6kt%C3%BCrk_Ka%C4%9Fanl%C4%B1%C4%9F%C4%B1,1,Osmanlı İmparatorluğu#2
Nevşehirli Damad İbrahim Paşa,https://tr.wikipedia.org/wiki/Nev%C5%9Fehirli_D%C3%A2mad_%C4%B0brahim_Pa%C5%9Fa,1,Osmanlı İmparatorluğu#247
İspanya,https://tr.wikipedia.org/wiki/%C4%B0spanya,1,Osmanlı İmparatorluğu#248
Osmanlı-Rus Savaşı,https://tr.wikipedia.org/wiki/Osmanl%C4%B1-Rus_sava%C5%9Flar%C4%B1,1,Osmanlı İmparatorluğu#250
İkinci Göktürk,https://tr.wikipedia.org/wiki/%C4%B0kinci_Do%C4%9Fu_G%C3%B6kt%C3%BCrk_Ka%C4%9Fanl%C4%B1%C4%9F%C4%B1,1,Osmanlı İmparatorluğu#2
Eflak=Eflâk,https://tr.wikipedia.org/wiki/Eflak,1,Osmanlı İmparatorluğu#250
Boğdan,https://tr.wikipedia.org/wiki/Bo%C4%9Fdan,1,Osmanlı İmparatorluğu#250
Avar Kağanlığı,https://tr.wikipedia.org/wiki/Avar_Ka%C4%9Fanl%C4%B1%C4%9F%C4%B1,1,Osmanlı İmparatorluğu#2
I. Petro,https://tr.wikipedia.org/wiki/I._Petro,1,Osmanlı İmparatorluğu#250
Seyanto Hanlığı,https://tr.wikipedia.org/wiki/Seyanto_Hanl%C4%B1%C4%9F%C4%B1,1,Osmanlı İmparatorluğu#2
Hazar Kağanlığı,https://tr.wikipedia.org/wiki/Hazar_Ka%C4%9Fanl%C4%B1%C4%9F%C4%B1,1,Osmanlı İmparatorluğu#2
Sırp İsyanları,https://tr.wikipedia.org/wiki/S%C4%B1rp_%C4%B0syanlar%C4%B1,1,Osmanlı İmparatorluğu#254
Kavalalı Mehmed Ali Paşa,https://tr.wikipedia.org/wiki/Kavalal%C4%B1_Mehmed_Ali_Pa%C5%9Fa,1,Osmanlı İmparatorluğu#255
Korint Körfezi,https://tr.wikipedia.org/wiki/Korint_K%C3%B6rfezi,1,Osmanlı İmparatorluğu#255
Mora=Mora Yarımadası,https://tr.wikipedia.org/wiki/Mora_Yar%C4%B1madas%C4%B1,1,Osmanlı İmparatorluğu#255
Fransız=Fransızlar,https://tr.wikipedia.org/wiki/Frans%C4%B1zlar,1,Osmanlı İmparatorluğu#255
Navarin=Navarin Deniz Muharebesi,https://tr.wikipedia.org/wiki/Navarin_Deniz_Muharebesi,1,Osmanlı İmparatorluğu#256
1831-1833 Osmanlı-Mısır Savaşı,https://tr.wikipedia.org/wiki/1831-1833_Osmanl%C4%B1-M%C4%B1s%C4%B1r_Sava%C5%9F%C4%B1,1,Osmanlı İmparatorluğu#257
Büyük Bulgar Hanlığı,https://tr.wikipedia.org/wiki/B%C3%BCy%C3%BCk_Bulgar_Hanl%C4%B1%C4%9F%C4%B1,1,Osmanlı İmparatorluğu#2
I. Nikolay,https://tr.wikipedia.org/wiki/I._Nikolay,1,Osmanlı İmparatorluğu#259
İdil Bulgar Devleti,https://tr.wikipedia.org/wiki/%C4%B0dil_Bulgar_Devleti,1,Osmanlı İmparatorluğu#2
Kütahya Antlaşması,https://tr.wikipedia.org/wiki/K%C3%BCtahya_Antla%C5%9Fmas%C4%B1,1,Osmanlı İmparatorluğu#260
Trablus,https://tr.wikipedia.org/wiki/Trablus,1,Osmanlı İmparatorluğu#260
Kangar Birliği,https://tr.wikipedia.org/wiki/Kangar_Birli%C4%9Fi,1,Osmanlı İmparatorluğu#2
Lübnan,https://tr.wikipedia.org/wiki/L%C3%BCbnan,1,Osmanlı İmparatorluğu#260
Adana,https://tr.wikipedia.org/wiki/Adana,1,Osmanlı İmparatorluğu#260
Birinci Bulgar İmparatorluğu,https://tr.wikipedia.org/wiki/Birinci_Bulgar_%C4%B0mparatorlu%C4%9Fu,1,Osmanlı İmparatorluğu#2
Britanya İmparatorluğu,https://tr.wikipedia.org/wiki/Britanya_%C4%B0mparatorlu%C4%9Fu,1,Osmanlı İmparatorluğu#264
Avusturya İmparatorluğu,https://tr.wikipedia.org/wiki/Avusturya_%C4%B0mparatorlu%C4%9Fu,1,Osmanlı İmparatorluğu#264
1839-1841 Osmanlı-Mısır Savaşı,https://tr.wikipedia.org/wiki/1839-1841_Osmanl%C4%B1-M%C4%B1s%C4%B1r_Sava%C5%9F%C4%B1,1,Osmanlı İmparatorluğu#264
Avrupa'nın hasta adamı,https://tr.wikipedia.org/wiki/Avrupa%27n%C4%B1n_hasta_adam%C4%B1,1,Osmanlı İmparatorluğu#265
Yaş Antlaşması,https://tr.wikipedia.org/wiki/Ya%C5%9F_Antla%C5%9Fmas%C4%B1,1,Osmanlı İmparatorluğu#267
Karlofça=Karlofça Antlaşması,https://tr.wikipedia.org/wiki/Karlof%C3%A7a_Antla%C5%9Fmas%C4%B1,1,Osmanlı İmparatorluğu#270
Avusturya=İstanbul Antlaşmaları U:(https://tr.wikipedia.org/wiki/%C4%B0stanbul_Antla%C5%9Fmas%C4%B1_(1700))___ ile kaybedilen yerleri geri almak ve mevcut toprakları korumak amacıyla batıda ___E:Avusturya,https://tr.wikipedia.org/wiki/Avusturya_Ar%C5%9Fid%C3%BCkl%C3%BC%C4%9F%C3%BC,1,Osmanlı İmparatorluğu#270
Venedik=Venedikliler=Venediklilerden,https://tr.wikipedia.org/wiki/Venedik_Cumhuriyeti,1,Osmanlı İmparatorluğu#270
Koca Mustafa Reşid Paşa=Mustafa Reşid Paşa,https://tr.wikipedia.org/wiki/Mustafa_Re%C5%9Fid_Pa%C5%9Fa,1,Osmanlı İmparatorluğu#275
Gülhane Parkı,https://tr.wikipedia.org/wiki/G%C3%BClhane_Park%C4%B1,1,Osmanlı İmparatorluğu#275
Uygur Kağanlığı,https://tr.wikipedia.org/wiki/Uygur_Ka%C4%9Fanl%C4%B1%C4%9F%C4%B1,1,Osmanlı İmparatorluğu#2
Kansu Uygur,https://tr.wikipedia.org/wiki/Kansu_Uygur_Krall%C4%B1%C4%9F%C4%B1,1,Osmanlı İmparatorluğu#2
Kırgız Kağanlığı,https://tr.wikipedia.org/wiki/K%C4%B1rg%C4%B1z_Ka%C4%9Fanl%C4%B1%C4%9F%C4%B1,1,Osmanlı İmparatorluğu#2
Karahoca Uygur,https://tr.wikipedia.org/wiki/Karahoca_Uygur_Krall%C4%B1%C4%9F%C4%B1,1,Osmanlı İmparatorluğu#2
anayasal monarşi,https://tr.wikipedia.org/wiki/Anayasal_monar%C5%9Fi,1,Osmanlı İmparatorluğu#276
1877-78 Osmanlı-Rus Savaşı,https://tr.wikipedia.org/wiki/93_Harbi,1,Osmanlı İmparatorluğu#278
Meclis-i Mebusan'ı=Meclis-i Mebûsan,https://tr.wikipedia.org/wiki/Meclis-i_Meb%C3%BBsan,1,Osmanlı İmparatorluğu#278
Parlamenter monarşi=anayasal monarşi=meşrutiyet,https://tr.wikipedia.org/wiki/Me%C5%9Frutiyet,1,Osmanlı İmparatorluğu#278
II. Meşrutiyet,https://tr.wikipedia.org/wiki/%C4%B0kinci_Me%C5%9Frutiyet,1,Osmanlı İmparatorluğu#278
Rumi,https://tr.wikipedia.org/wiki/Rumi_takvim,1,Osmanlı İmparatorluğu#279
31 Mart Vakası,https://tr.wikipedia.org/wiki/31_Mart_Vakas%C4%B1,1,Osmanlı İmparatorluğu#279
Mehmed Reşad=V. Mehmed=V. Mehmed Reşad,https://tr.wikipedia.org/wiki/V._Mehmed,1,Osmanlı İmparatorluğu#279
sömürge,https://tr.wikipedia.org/wiki/S%C3%B6m%C3%BCrgecilik,1,Osmanlı İmparatorluğu#282
Libya,https://tr.wikipedia.org/wiki/Libya,1,Osmanlı İmparatorluğu#282
İtalya,https://tr.wikipedia.org/wiki/%C4%B0talya_Krall%C4%B1%C4%9F%C4%B1,1,Osmanlı İmparatorluğu#282
Oğuz Yabguluğu,https://tr.wikipedia.org/wiki/O%C4%9Fuz_Yabgulu%C4%9Fu,1,Osmanlı İmparatorluğu#2
Uşi Antlaşması,https://tr.wikipedia.org/wiki/U%C5%9Fi_Antla%C5%9Fmas%C4%B1,1,Osmanlı İmparatorluğu#283
Karluk Yabgu Devleti,https://tr.wikipedia.org/wiki/Karluklar,1,Osmanlı İmparatorluğu#2
1789 Fransız Devrimi,https://tr.wikipedia.org/wiki/Frans%C4%B1z_Devrimi,1,Osmanlı İmparatorluğu#285
milliyetçilik,https://tr.wikipedia.org/wiki/Milliyet%C3%A7ilik,1,Osmanlı İmparatorluğu#285
Şirvanşahlar Devleti,https://tr.wikipedia.org/wiki/%C5%9Eirvan%C5%9Fahlar_Devleti,1,Osmanlı İmparatorluğu#2
Avusturya-Macaristan İmparatorluğu,https://tr.wikipedia.org/wiki/Avusturya-Macaristan_%C4%B0mparatorlu%C4%9Fu,1,Osmanlı İmparatorluğu#286
Franz Ferdinand,https://tr.wikipedia.org/wiki/Franz_Ferdinand,1,Osmanlı İmparatorluğu#286
Saraybosna,https://tr.wikipedia.org/wiki/Saraybosna,1,Osmanlı İmparatorluğu#286
suikasta,https://tr.wikipedia.org/wiki/Saraybosna_Suikast%C4%B1,1,Osmanlı İmparatorluğu#286
Karahanlılar,https://tr.wikipedia.org/wiki/Karahanl%C4%B1lar,1,Osmanlı İmparatorluğu#2
Doğu Karahanlılar,https://tr.wikipedia.org/wiki/Do%C4%9Fu_Karahanl%C4%B1lar,1,Osmanlı İmparatorluğu#2
Batı Karahanlılar,https://tr.wikipedia.org/wiki/Bat%C4%B1_Karahanl%C4%B1lar,1,Osmanlı İmparatorluğu#2
Bahriye Nazırlığı=Bahriye Nazırı,https://tr.wikipedia.org/wiki/Bahriye_Nez%C3%A2reti,1,Osmanlı İmparatorluğu#288
Rauf Bey,https://tr.wikipedia.org/wiki/Rauf_Orbay,1,Osmanlı İmparatorluğu#288
Limni Adası,https://tr.wikipedia.org/wiki/Limni,1,Osmanlı İmparatorluğu#288
Mondros Limanı,https://tr.wikipedia.org/wiki/Mondros,1,Osmanlı İmparatorluğu#288
Mondros Mütarekesi,https://tr.wikipedia.org/wiki/Mondros_M%C3%BCtarekesi,1,Osmanlı İmparatorluğu#288
Beyoğlu,https://tr.wikipedia.org/wiki/Beyo%C4%9Flu,1,Osmanlı İmparatorluğu#291
Anadolu,https://tr.wikipedia.org/wiki/Anadolu_Yakas%C4%B1,1,Osmanlı İmparatorluğu#291
Maitland Wilson,https://tr.wikipedia.org/wiki/Henry_Hughes_Wilson,1,Osmanlı İmparatorluğu#292
işgal edilmeye,https://tr.wikipedia.org/wiki/%C4%B0stanbul%27un_%C4%B0%C5%9Fgali,1,Osmanlı İmparatorluğu#293
Meclis-i Mebusan'ı=Meclis-i Mebûsan,https://tr.wikipedia.org/wiki/Meclis-i_Meb%C3%BBsan,1,Osmanlı İmparatorluğu#294
Peçenek Hanlığı,https://tr.wikipedia.org/wiki/Pe%C3%A7enekler,1,Osmanlı İmparatorluğu#2
Tolunoğulları,https://tr.wikipedia.org/wiki/Toluno%C4%9Fullar%C4%B1,1,Osmanlı İmparatorluğu#2
Osmanlı saltanatı kaldırıldı=Osmanlı saltanatını kaldırdı,https://tr.wikipedia.org/wiki/Saltanat%C4%B1n_kald%C4%B1r%C4%B1lmas%C4%B1,1,Osmanlı İmparatorluğu#297
VI. Mehmed=VI. Mehmed Vahdettin,https://tr.wikipedia.org/wiki/VI._Mehmed,1,Osmanlı İmparatorluğu#297
monarşiydi,https://tr.wikipedia.org/wiki/Monar%C5%9Fi,1,Osmanlı İmparatorluğu#298
mutlak monarşi,https://tr.wikipedia.org/wiki/Mutlak_monar%C5%9Fi,1,Osmanlı İmparatorluğu#299
Parlamenter monarşi=anayasal monarşi=meşrutiyet,https://tr.wikipedia.org/wiki/Me%C5%9Frutiyet,1,Osmanlı İmparatorluğu#299
Allah,https://tr.wikipedia.org/wiki/Allah,1,Osmanlı İmparatorluğu#301
Allah’ın yasaları=şeriat,https://tr.wikipedia.org/wiki/%C5%9Eeriat,1,Osmanlı İmparatorluğu#301
İhşîdîler,https://tr.wikipedia.org/wiki/%C4%B0h%C5%9F%C3%AEd%C3%AEler,1,Osmanlı İmparatorluğu#2
ferman,https://tr.wikipedia.org/wiki/Ferman,1,Osmanlı İmparatorluğu#303
fethedip=İstanbul'u fethiyle=İstanbul'un Fethi=İstanbul’un Fethi=şehri fethetti,https://tr.wikipedia.org/wiki/%C4%B0stanbul%27un_Fethi,1,Osmanlı İmparatorluğu#304
Roma=Roma İmparatorluğu,https://tr.wikipedia.org/wiki/Roma_%C4%B0mparatorlu%C4%9Fu,1,Osmanlı İmparatorluğu#304
Kayser U:(https://tr.wikipedia.org/wiki/Sezar_(%C3%BCnvan))___ ve ___E:İmparator=imparatorluk,https://tr.wikipedia.org/wiki/%C4%B0mparator,1,Osmanlı İmparatorluğu#305
Büyük Mısır Seferi=Mısır’ın Fethi,https://tr.wikipedia.org/wiki/B%C3%BCy%C3%BCk_M%C4%B1s%C4%B1r_Seferi,1,Osmanlı İmparatorluğu#305
Gazneliler,https://tr.wikipedia.org/wiki/Gazneliler,1,Osmanlı İmparatorluğu#2
Hilafet=halife=hilafetin=İslam Halifesi,https://tr.wikipedia.org/wiki/Hil%C3%A2fet,1,Osmanlı İmparatorluğu#305
durgunluk dönemine,https://tr.wikipedia.org/wiki/Osmanl%C4%B1_%C4%B0mparatorlu%C4%9Fu_duraklama_d%C3%B6nemi,1,Osmanlı İmparatorluğu#309
Anadolu Selçuklu=Anadolu Selçuklu Devleti=Türkiye Selçuklu,https://tr.wikipedia.org/wiki/Anadolu_Sel%C3%A7uklu_Devleti,1,Osmanlı İmparatorluğu#2
Harem,https://tr.wikipedia.org/wiki/Harem,1,Osmanlı İmparatorluğu#311
Kirman Selçuklu,https://tr.wikipedia.org/wiki/Kirman_Sel%C3%A7uklular%C4%B1,1,Osmanlı İmparatorluğu#2
Kadınlar saltanatı=kadınlar saltanatı,https://tr.wikipedia.org/wiki/Kad%C4%B1nlar_saltanat%C4%B1,1,Osmanlı İmparatorluğu#311
IV. Mehmed,https://tr.wikipedia.org/wiki/IV._Mehmed,1,Osmanlı İmparatorluğu#313
Suriye Selçuklu,https://tr.wikipedia.org/wiki/Suriye_Sel%C3%A7uklular%C4%B1,1,Osmanlı İmparatorluğu#2
V. Murad,https://tr.wikipedia.org/wiki/V._Murad,1,Osmanlı İmparatorluğu#313
Parlamenter monarşi=anayasal monarşi=meşrutiyet,https://tr.wikipedia.org/wiki/Me%C5%9Frutiyet,1,Osmanlı İmparatorluğu#314
Padişah,https://tr.wikipedia.org/wiki/Padi%C5%9Fah,1,Osmanlı İmparatorluğu#316
Vezir-i Azam=sadrazam,https://tr.wikipedia.org/wiki/Sadrazam,1,Osmanlı İmparatorluğu#316
Kazasker,https://tr.wikipedia.org/wiki/Kazasker,1,Osmanlı İmparatorluğu#316
Defterdar=defterdar,https://tr.wikipedia.org/wiki/Defterdar,1,Osmanlı İmparatorluğu#316
Şeyhülislam=şeyhülislama,https://tr.wikipedia.org/wiki/%C5%9Eeyh%C3%BClislam,1,Osmanlı İmparatorluğu#316
Kaptan-ı Derya=Kaptan-ı derya=Kaptan-ı deryalara=kaptan-ı derya,https://tr.wikipedia.org/wiki/Kaptan-%C4%B1_derya,1,Osmanlı İmparatorluğu#316
Nişancı,https://tr.wikipedia.org/wiki/Ni%C5%9Fanc%C4%B1,1,Osmanlı İmparatorluğu#316
Irak Selçuklu,https://tr.wikipedia.org/wiki/Irak_Sel%C3%A7uklular%C4%B1,1,Osmanlı İmparatorluğu#2
Divan-ı Hümayun=Dîvân-ı Hümâyun,https://tr.wikipedia.org/wiki/D%C3%AEv%C3%A2n-%C4%B1_H%C3%BCm%C3%A2yun,1,Osmanlı İmparatorluğu#319
sancakbey,https://tr.wikipedia.org/wiki/Sancakbeyi,1,Osmanlı İmparatorluğu#321
Mengücekliler,https://tr.wikipedia.org/wiki/Meng%C3%BCcekliler,1,Osmanlı İmparatorluğu#2
lalaları,https://tr.wikipedia.org/wiki/Lala,1,Osmanlı İmparatorluğu#322
beylerbeyliği,https://tr.wikipedia.org/wiki/Beylerbeyli%C4%9Fi,1,Osmanlı İmparatorluğu#324
Has,https://tr.wikipedia.org/wiki/Has,1,Osmanlı İmparatorluğu#327
Zeamet,https://tr.wikipedia.org/wiki/Zeamet,1,Osmanlı İmparatorluğu#327
Tımar=Tımar sistemi=tımar sisteminin,https://tr.wikipedia.org/wiki/T%C4%B1mar,1,Osmanlı İmparatorluğu#327
Tımarlı Sipahiler,https://tr.wikipedia.org/wiki/Sipahi,1,Osmanlı İmparatorluğu#328
Türkiye=Türkiye Cumhuriyeti,https://tr.wikipedia.org/wiki/T%C3%BCrkiye,1,Osmanlı İmparatorluğu#333
hukuk,https://tr.wikipedia.org/wiki/Hukuk,1,Osmanlı İmparatorluğu#334
Kanun,https://tr.wikipedia.org/wiki/Kanun,1,Osmanlı İmparatorluğu#334
şer'i,https://tr.wikipedia.org/wiki/%C5%9Eer%27i,1,Osmanlı İmparatorluğu#335
Hilafet=halife=hilafetin=İslam Halifesi,https://tr.wikipedia.org/wiki/Hil%C3%A2fet,1,Osmanlı İmparatorluğu#342
krallık,https://tr.wikipedia.org/wiki/Kral,1,Osmanlı İmparatorluğu#342
"hanlık U:(https://tr.wikipedia.org/wiki/Han_(unvan))___ , ___E:çarlık",https://tr.wikipedia.org/wiki/%C3%87ar,1,Osmanlı İmparatorluğu#342
Kayser U:(https://tr.wikipedia.org/wiki/Sezar_(%C3%BCnvan))___ ve ___E:İmparator=imparatorluk,https://tr.wikipedia.org/wiki/%C4%B0mparator,1,Osmanlı İmparatorluğu#342
şahlık,https://tr.wikipedia.org/wiki/%C5%9Eah,1,Osmanlı İmparatorluğu#342
devlet başkanlığı,https://tr.wikipedia.org/wiki/Devlet_ba%C5%9Fkan%C4%B1,1,Osmanlı İmparatorluğu#342
peygamberi,https://tr.wikipedia.org/wiki/Peygamber,1,Osmanlı İmparatorluğu#342
Harezmşahlar İmparatorluğu,https://tr.wikipedia.org/wiki/Harezm%C5%9Fahlar_Devleti,1,Osmanlı İmparatorluğu#2
Râşidîn,https://tr.wikipedia.org/wiki/Hulef%C3%A2-yi_R%C3%A2%C5%9Fid%C3%AEn,1,Osmanlı İmparatorluğu#343
halifelerinin,https://tr.wikipedia.org/wiki/D%C3%B6rt_Halife,1,Osmanlı İmparatorluğu#343
Emevî,https://tr.wikipedia.org/wiki/Emev%C3%AEler,1,Osmanlı İmparatorluğu#343
Abbâsî,https://tr.wikipedia.org/wiki/Abb%C3%A2s%C3%AEler,1,Osmanlı İmparatorluğu#343
veraset,https://tr.wikipedia.org/wiki/Veraset,1,Osmanlı İmparatorluğu#343
fethedip=İstanbul'u fethiyle=İstanbul'un Fethi=İstanbul’un Fethi=şehri fethetti,https://tr.wikipedia.org/wiki/%C4%B0stanbul%27un_Fethi,1,Osmanlı İmparatorluğu#343
Papa=Papalık,https://tr.wikipedia.org/wiki/Papa,1,Osmanlı İmparatorluğu#344
Sünni İslam=Sünnilerin=Sünnilik,https://tr.wikipedia.org/wiki/S%C3%BCnnilik,1,Osmanlı İmparatorluğu#344
Müslüman=Müslümanlar=Müslümanlarla=Müslümanlarının,https://tr.wikipedia.org/wiki/M%C3%BCsl%C3%BCman,1,Osmanlı İmparatorluğu#344
Rus İmparatorluğu,https://tr.wikipedia.org/wiki/Rus_%C4%B0mparatorlu%C4%9Fu,1,Osmanlı İmparatorluğu#344
Sulu Sultanlığı,https://tr.wikipedia.org/wiki/Sulu_Sultanl%C4%B1%C4%9F%C4%B1,1,Osmanlı İmparatorluğu#345
Amerika Birleşik Devletleri,https://tr.wikipedia.org/wiki/Amerika_Birle%C5%9Fik_Devletleri,1,Osmanlı İmparatorluğu#345
Mehmed Reşad=V. Mehmed=V. Mehmed Reşad,https://tr.wikipedia.org/wiki/V._Mehmed,1,Osmanlı İmparatorluğu#345
cihad ilan ettiren,https://tr.wikipedia.org/wiki/Osmanl%C4%B1_Cihat_Beyannamesi,1,Osmanlı İmparatorluğu#345
İttihat ve Terakki,https://tr.wikipedia.org/wiki/%C4%B0ttihat_ve_Terakki,1,Osmanlı İmparatorluğu#345
Arap Ayaklanması,https://tr.wikipedia.org/wiki/Arap_Ayaklanmas%C4%B1,1,Osmanlı İmparatorluğu#345
Türkiye'de cumhuriyetin ilanıyla=cumhuriyetin ilanına,https://tr.wikipedia.org/wiki/T%C3%BCrkiye%27de_cumhuriyetin_ilan%C4%B1,1,Osmanlı İmparatorluğu#345
kimin,https://tr.wikipedia.org/wiki/Mustafa_Kemal_Atat%C3%BCrk,1,Osmanlı İmparatorluğu#345
hangi unvanla,https://tr.wikipedia.org/wiki/Cumhurba%C5%9Fkan%C4%B1,1,Osmanlı İmparatorluğu#345
Osmanlı halifeliğini kaldırdı=kaldırılmıştır,https://tr.wikipedia.org/wiki/Hil%C3%A2fetin_kald%C4%B1r%C4%B1lmas%C4%B1,1,Osmanlı İmparatorluğu#345
Moğol İlhanlı Devleti=Moğol İlhanlılar=İlhanlı Devleti=İlhanlılar,https://tr.wikipedia.org/wiki/%C4%B0lhanl%C4%B1lar,1,Osmanlı İmparatorluğu#346
Danişmendliler,https://tr.wikipedia.org/wiki/D%C3%A2ni%C5%9Fmendliler_Beyli%C4%9Fi,1,Osmanlı İmparatorluğu#2
hakanlar,https://tr.wikipedia.org/wiki/Hakan,1,Osmanlı İmparatorluğu#347
"müsellemler=yaya U:(https://tr.wikipedia.org/wiki/Yaya_(askeri))___ "", süvarileri ise "" ___E:müsellem",https://tr.wikipedia.org/wiki/M%C3%BCsellem,1,Osmanlı İmparatorluğu#348
Kapıkulu Ocakları=Kapıkulu Ocağı,https://tr.wikipedia.org/wiki/Kap%C4%B1kulu,1,Osmanlı İmparatorluğu#349
Çaka Bey,https://tr.wikipedia.org/wiki/%C3%87aka_Bey,1,Osmanlı İmparatorluğu#2
Cendereli Kara Halil,https://tr.wikipedia.org/wiki/%C3%87andarl%C4%B1_Kara_Halil_Hayreddin_Pa%C5%9Fa,1,Osmanlı İmparatorluğu#350
Çubukoğulları,https://tr.wikipedia.org/wiki/%C3%87ubuko%C4%9Fullar%C4%B1_Beyli%C4%9Fi,1,Osmanlı İmparatorluğu#2
Dilmaçoğulları,https://tr.wikipedia.org/wiki/Dilma%C3%A7o%C4%9Fullar%C4%B1_Beyli%C4%9Fi,1,Osmanlı İmparatorluğu#2
Akıncılardır,https://tr.wikipedia.org/wiki/Ak%C4%B1nc%C4%B1,1,Osmanlı İmparatorluğu#353
daimî ordusunu,https://tr.wikipedia.org/wiki/Osmanl%C4%B1_ordusu,1,Osmanlı İmparatorluğu#354
yayalar,https://tr.wikipedia.org/wiki/Yayalar,1,Osmanlı İmparatorluğu#355
"müsellemler=yaya U:(https://tr.wikipedia.org/wiki/Yaya_(askeri))___ "", süvarileri ise "" ___E:müsellem",https://tr.wikipedia.org/wiki/M%C3%BCsellem,1,Osmanlı İmparatorluğu#355
Karamürsel,https://tr.wikipedia.org/wiki/Karam%C3%BCrsel,1,Osmanlı İmparatorluğu#360
Karamürsel Bey,https://tr.wikipedia.org/wiki/Kara_M%C3%BCrsel,1,Osmanlı İmparatorluğu#360
Saltuklu Beyliği,https://tr.wikipedia.org/wiki/Saltuklu_Beyli%C4%9Fi,1,Osmanlı İmparatorluğu#2
Rumeli'ye geçişin,https://tr.wikipedia.org/wiki/Orhan_Gazi#Rumeli'ye_geçiş,1,Osmanlı İmparatorluğu#361
"İzmit=İznik U:(https://tr.wikipedia.org/wiki/Nikea_Ku%C5%9Fatmas%C4%B1_(1328-1331))___ 'i, 1337'de ___E:İzmit",https://tr.wikipedia.org/wiki/%C4%B0zmit,1,Osmanlı İmparatorluğu#362
Cezayir Beylerbeyliği U:(https://tr.wikipedia.org/wiki/Cez%C3%A2yir-i_Garp_(eyalet))___ verilirdi.  ___E:Gelibolu=Gelibolu,https://tr.wikipedia.org/wiki/Gelibolu,1,Osmanlı İmparatorluğu#362
İnaloğulları,https://tr.wikipedia.org/wiki/%C4%B0nalo%C4%9Fullar%C4%B1_Beyli%C4%9Fi,1,Osmanlı İmparatorluğu#2
Cerbe Deniz Muharebesi,https://tr.wikipedia.org/wiki/Cerbe_Deniz_Muharebesi,1,Osmanlı İmparatorluğu#366
Malta kuşatıldı=Malta'yı kuşatsa,https://tr.wikipedia.org/wiki/Malta_Ku%C5%9Fatmas%C4%B1,1,Osmanlı İmparatorluğu#366
Biga,https://tr.wikipedia.org/wiki/Biga,1,Osmanlı İmparatorluğu#367
Samsun,https://tr.wikipedia.org/wiki/Samsun,1,Osmanlı İmparatorluğu#367
Kastamonu U:(https://tr.wikipedia.org/wiki/Kastamonu_(il))___ 'dan ve ___E:Aydın,https://tr.wikipedia.org/wiki/Ayd%C4%B1n,1,Osmanlı İmparatorluğu#367
Kaptan-ı Derya=Kaptan-ı derya=Kaptan-ı deryalara=kaptan-ı derya,https://tr.wikipedia.org/wiki/Kaptan-%C4%B1_derya,1,Osmanlı İmparatorluğu#368
Cezayir Beylerbeyliği U:(https://tr.wikipedia.org/wiki/Cez%C3%A2yir-i_Garp_(eyalet))___ verilirdi.  ___E:Gelibolu=Gelibolu,https://tr.wikipedia.org/wiki/Gelibolu,1,Osmanlı İmparatorluğu#368
Akdeniz adaları,https://tr.wikipedia.org/wiki/Akdeniz%27deki_adalar_listesi,1,Osmanlı İmparatorluğu#368
Ahlatşahlar,https://tr.wikipedia.org/wiki/Ahlat%C5%9Fahlar_Beyli%C4%9Fi,1,Osmanlı İmparatorluğu#2
Portekiz Krallığı,https://tr.wikipedia.org/wiki/Portekiz_Krall%C4%B1%C4%9F%C4%B1,1,Osmanlı İmparatorluğu#369
Hadım Süleyman Paşa,https://tr.wikipedia.org/wiki/Had%C4%B1m_S%C3%BCleyman_Pa%C5%9Fa,1,Osmanlı İmparatorluğu#369
Piri Reis,https://tr.wikipedia.org/wiki/P%C3%AEr%C3%AE_Reis,1,Osmanlı İmparatorluğu#369
İnebahtı Deniz Muharebesi=İnebahtı Deniz Savaşı,https://tr.wikipedia.org/wiki/%C4%B0nebaht%C4%B1_Deniz_Muharebesi,1,Osmanlı İmparatorluğu#369
Avrupa=Avrupalı,https://tr.wikipedia.org/wiki/Avrupa,1,Osmanlı İmparatorluğu#370
Mezomorto Hüseyin Paşa,https://tr.wikipedia.org/wiki/Mezamorta_H%C3%BCseyin_Pa%C5%9Fa,1,Osmanlı İmparatorluğu#370
Cezayirli Gazi Hasan Paşa,https://tr.wikipedia.org/wiki/Cezayirli_Gazi_Hasan_Pa%C5%9Fa,1,Osmanlı İmparatorluğu#370
Kaptan-ı Derya=Kaptan-ı derya=Kaptan-ı deryalara=kaptan-ı derya,https://tr.wikipedia.org/wiki/Kaptan-%C4%B1_derya,1,Osmanlı İmparatorluğu#370
Bahriye Mektebi,https://tr.wikipedia.org/wiki/Deniz_Lisesi,1,Osmanlı İmparatorluğu#370
Artuklu Beyliği,https://tr.wikipedia.org/wiki/Artuklu_Beyli%C4%9Fi,1,Osmanlı İmparatorluğu#2
Fransa'nın Mısır Seferi,https://tr.wikipedia.org/wiki/Fransa%27n%C4%B1n_M%C4%B1s%C4%B1r_ve_Suriye_seferi,1,Osmanlı İmparatorluğu#371
yardım aldı,https://tr.wikipedia.org/wiki/Nil_Muharebesi,1,Osmanlı İmparatorluğu#371
Navarin=Navarin Deniz Muharebesi,https://tr.wikipedia.org/wiki/Navarin_Deniz_Muharebesi,1,Osmanlı İmparatorluğu#372
Amerikalı,https://tr.wikipedia.org/wiki/Amerikal%C4%B1lar,1,Osmanlı İmparatorluğu#373
Abdülmecid=Sultan Abdülmecid,https://tr.wikipedia.org/wiki/Abd%C3%BClmecid,1,Osmanlı İmparatorluğu#375
Böriler,https://tr.wikipedia.org/wiki/B%C3%B6riler,1,Osmanlı İmparatorluğu#2
Zengîler,https://tr.wikipedia.org/wiki/Zeng%C3%AEler,1,Osmanlı İmparatorluğu#2
Bahriye Nazırlığı=Bahriye Nazırı,https://tr.wikipedia.org/wiki/Bahriye_Nez%C3%A2reti,1,Osmanlı İmparatorluğu#375
Haliç,https://tr.wikipedia.org/wiki/Hali%C3%A7,1,Osmanlı İmparatorluğu#377
1897 Osmanlı-Yunan Savaşı U:(https://tr.wikipedia.org/wiki/Osmanl%C4%B1-Yunan_Sava%C5%9F%C4%B1_(1897))___ 'nda Osmanlı donanması kendini gösteremedi. 1909 yılında ___E:Donanma Cemiyeti,https://tr.wikipedia.org/wiki/Donanma_Cemiyeti,1,Osmanlı İmparatorluğu#377
Çanakkale Deniz Savaşları,https://tr.wikipedia.org/wiki/%C3%87anakkale_Sava%C5%9F%C4%B1_deniz_harek%C3%A2tlar%C4%B1,1,Osmanlı İmparatorluğu#377
Marmara Denizi,https://tr.wikipedia.org/wiki/Marmara_Denizi,1,Osmanlı İmparatorluğu#377
İtilaf Devletleri=İtilaf kuvvetlerinin,https://tr.wikipedia.org/wiki/%C4%B0tilaf_Devletleri,1,Osmanlı İmparatorluğu#377
Mahmud Şevket Paşa,https://tr.wikipedia.org/wiki/Mahmud_%C5%9Eevket_Pa%C5%9Fa,1,Osmanlı İmparatorluğu#378
Enver Paşa,https://tr.wikipedia.org/wiki/Enver_Pa%C5%9Fa,1,Osmanlı İmparatorluğu#381
Kahire=Kahire Muharebesi U:(https://tr.wikipedia.org/wiki/Kahire_Muharebesi_(1517))___ ile son darbeyi vurdu ve ___E:Kahire,https://tr.wikipedia.org/wiki/Kahire,1,Osmanlı İmparatorluğu#381
Gayrimüslimler=gayrimüslimler=gayrimüslimlere,https://tr.wikipedia.org/wiki/Gayrim%C3%BCslim,1,Osmanlı İmparatorluğu#391
İldenizliler,https://tr.wikipedia.org/wiki/%C4%B0ldenizliler,1,Osmanlı İmparatorluğu#2
sikkesinin,https://tr.wikipedia.org/wiki/Sikke,1,Osmanlı İmparatorluğu#393
Osman Bey=Osman Gazi,https://tr.wikipedia.org/wiki/Osman_Gazi,1,Osmanlı İmparatorluğu#394
akça,https://tr.wikipedia.org/wiki/Ak%C3%A7a,1,Osmanlı İmparatorluğu#396
Erbil Beyliği,https://tr.wikipedia.org/wiki/Erbil_Beyli%C4%9Fi,1,Osmanlı İmparatorluğu#2
Kutsal Topraklar,https://tr.wikipedia.org/wiki/Kutsal_Topraklar,1,Osmanlı İmparatorluğu#399
Defterdar=defterdar,https://tr.wikipedia.org/wiki/Defterdar,1,Osmanlı İmparatorluğu#403
Rum=Yunan=Yunanlar=Yunanların,https://tr.wikipedia.org/wiki/Yunanlar,1,Osmanlı İmparatorluğu#405
I. Konstantin,https://tr.wikipedia.org/wiki/I._Konstantin,1,Osmanlı İmparatorluğu#405
Tımar=Tımar sistemi=tımar sisteminin,https://tr.wikipedia.org/wiki/T%C4%B1mar,1,Osmanlı İmparatorluğu#407
vergi,https://tr.wikipedia.org/wiki/Vergi,1,Osmanlı İmparatorluğu#410
hanelerin,https://tr.wikipedia.org/wiki/Hane,1,Osmanlı İmparatorluğu#411
Asakir-i Mansure-i Muhammediye,https://tr.wikipedia.org/wiki/As%C3%A2kir-i_Mans%C3%BBre-i_Muhammediyye,1,Osmanlı İmparatorluğu#415
demografik,https://tr.wikipedia.org/wiki/Demografi,1,Osmanlı İmparatorluğu#420
Müslüman=Müslümanlar=Müslümanlarla=Müslümanlarının,https://tr.wikipedia.org/wiki/M%C3%BCsl%C3%BCman,1,Osmanlı İmparatorluğu#421
Rum=Yunan=Yunanlar=Yunanların,https://tr.wikipedia.org/wiki/Yunanlar,1,Osmanlı İmparatorluğu#421
Ermeni=Ermeniler=Ermenilere,https://tr.wikipedia.org/wiki/Ermeniler,1,Osmanlı İmparatorluğu#421
Katolikler,https://tr.wikipedia.org/wiki/Katolik_Kilisesi,1,Osmanlı İmparatorluğu#421
Salgurlular,https://tr.wikipedia.org/wiki/Salgurlular,1,Osmanlı İmparatorluğu#2
Protestanlar,https://tr.wikipedia.org/wiki/Protestanl%C4%B1k,1,Osmanlı İmparatorluğu#421
Latinler,https://tr.wikipedia.org/wiki/Latinler,1,Osmanlı İmparatorluğu#421
Asurlular,https://tr.wikipedia.org/wiki/Asur,1,Osmanlı İmparatorluğu#421
Çingeneler,https://tr.wikipedia.org/wiki/%C3%87ingeneler,1,Osmanlı İmparatorluğu#421
Cengiz İmparatorluğu,https://tr.wikipedia.org/wiki/Mo%C4%9Fol_%C4%B0mparatorlu%C4%9Fu,1,Osmanlı İmparatorluğu#2
16. yüzyıldakinden,https://tr.wikipedia.org/wiki/16._y%C3%BCzy%C4%B1l,1,Osmanlı İmparatorluğu#423
nüfus yoğunluğunun,https://tr.wikipedia.org/wiki/N%C3%BCfus_yo%C4%9Funlu%C4%9Fu,1,Osmanlı İmparatorluğu#427
vebadan,https://tr.wikipedia.org/wiki/Veba,1,Osmanlı İmparatorluğu#428
19. yüzyılda,https://tr.wikipedia.org/wiki/19._y%C3%BCzy%C4%B1l,1,Osmanlı İmparatorluğu#428
demiryollarının,https://tr.wikipedia.org/wiki/Demiryollar%C4%B1,1,Osmanlı İmparatorluğu#429
Delhi Sultanlığı,https://tr.wikipedia.org/wiki/Delhi_Sultanl%C4%B1%C4%9F%C4%B1,1,Osmanlı İmparatorluğu#2
Çobanoğulları=Çobanoğulları Beyliği,https://tr.wikipedia.org/wiki/%C3%87obano%C4%9Fullar%C4%B1_Beyli%C4%9Fi,1,Osmanlı İmparatorluğu#2
Arnavutça,https://tr.wikipedia.org/wiki/Arnavut%C3%A7a,1,Osmanlı İmparatorluğu#434
Berberice,https://tr.wikipedia.org/wiki/Berberice,1,Osmanlı İmparatorluğu#434
Boşnakça,https://tr.wikipedia.org/wiki/Bo%C5%9Fnak%C3%A7a,1,Osmanlı İmparatorluğu#434
Bulgarca,https://tr.wikipedia.org/wiki/Bulgarca,1,Osmanlı İmparatorluğu#434
Ermenice,https://tr.wikipedia.org/wiki/Ermenice,1,Osmanlı İmparatorluğu#434
Çağatay Hanlığı,https://tr.wikipedia.org/wiki/%C3%87a%C4%9Fatay_Hanl%C4%B1%C4%9F%C4%B1,1,Osmanlı İmparatorluğu#2
Hırvatça,https://tr.wikipedia.org/wiki/H%C4%B1rvat%C3%A7a,1,Osmanlı İmparatorluğu#434
Kürtçe,https://tr.wikipedia.org/wiki/K%C3%BCrt%C3%A7e,1,Osmanlı İmparatorluğu#434
Macarca,https://tr.wikipedia.org/wiki/Macarca,1,Osmanlı İmparatorluğu#434
Rumca,https://tr.wikipedia.org/wiki/Yunanca,1,Osmanlı İmparatorluğu#434
Rusça,https://tr.wikipedia.org/wiki/Rus%C3%A7a,1,Osmanlı İmparatorluğu#434
Sırpça,https://tr.wikipedia.org/wiki/S%C4%B1rp%C3%A7a,1,Osmanlı İmparatorluğu#434
Tanzimat Dönemi,https://tr.wikipedia.org/wiki/Tanzimat,1,Osmanlı İmparatorluğu#437
Doğu Çağatay Hanlığı,https://tr.wikipedia.org/wiki/Do%C4%9Fu_%C3%87a%C4%9Fatay_Hanl%C4%B1%C4%9F%C4%B1,1,Osmanlı İmparatorluğu#2
Sünni İslam=Sünnilerin=Sünnilik,https://tr.wikipedia.org/wiki/S%C3%BCnnilik,1,Osmanlı İmparatorluğu#438
Hanefilik,https://tr.wikipedia.org/wiki/Hanefilik,1,Osmanlı İmparatorluğu#438
Müslüman=Müslümanlar=Müslümanlarla=Müslümanlarının,https://tr.wikipedia.org/wiki/M%C3%BCsl%C3%BCman,1,Osmanlı İmparatorluğu#438
Gayrimüslimler=gayrimüslimler=gayrimüslimlere,https://tr.wikipedia.org/wiki/Gayrim%C3%BCslim,1,Osmanlı İmparatorluğu#438
Hristiyanlar,https://tr.wikipedia.org/wiki/Hristiyan,1,Osmanlı İmparatorluğu#439
ehl-i kitap,https://tr.wikipedia.org/wiki/Ehl-i_kitap,1,Osmanlı İmparatorluğu#444
Yahudilik,https://tr.wikipedia.org/wiki/Yahudilik,1,Osmanlı İmparatorluğu#444
Hristiyan=Hristiyanlık,https://tr.wikipedia.org/wiki/Hristiyanl%C4%B1k,1,Osmanlı İmparatorluğu#444
ikinci sınıf vatandaş,https://tr.wikipedia.org/wiki/%C4%B0kinci_s%C4%B1n%C4%B1f_vatanda%C5%9F,1,Osmanlı İmparatorluğu#445
gâvur,https://tr.wikipedia.org/wiki/G%C3%A2vur,1,Osmanlı İmparatorluğu#445
haraç,https://tr.wikipedia.org/wiki/Hara%C3%A7,1,Osmanlı İmparatorluğu#445
Ortodoks=Ortodoks Kilisesi,https://tr.wikipedia.org/wiki/Do%C4%9Fu_Ortodoks_Kilisesi,1,Osmanlı İmparatorluğu#446
Gregoryen,https://tr.wikipedia.org/wiki/Ermeni_Apostolik_Kilisesi,1,Osmanlı İmparatorluğu#446
Enderun Okulu=Enderûn,https://tr.wikipedia.org/wiki/Ender%C3%BBn,1,Osmanlı İmparatorluğu#450
misyonerlik,https://tr.wikipedia.org/wiki/Misyonerlik,1,Osmanlı İmparatorluğu#453
kapitülasyon,https://tr.wikipedia.org/wiki/Kapit%C3%BClasyon,1,Osmanlı İmparatorluğu#454
Ermeni=Ermeniler=Ermenilere,https://tr.wikipedia.org/wiki/Ermeniler,1,Osmanlı İmparatorluğu#455
İslam=İslamiyet,https://tr.wikipedia.org/wiki/%C4%B0slam,1,Osmanlı İmparatorluğu#458
Arabistan=Arap Yarımadası,https://tr.wikipedia.org/wiki/Arap_Yar%C4%B1madas%C4%B1,1,Osmanlı İmparatorluğu#459
Selçuklu Hanedanı=Selçuklu Hanedanından,https://tr.wikipedia.org/wiki/Sel%C3%A7uklu_Hanedan%C4%B1,1,Osmanlı İmparatorluğu#463
Arabistan=Arap Yarımadası,https://tr.wikipedia.org/wiki/Arap_Yar%C4%B1madas%C4%B1,1,Osmanlı İmparatorluğu#477
Irak,https://tr.wikipedia.org/wiki/Irak,1,Osmanlı İmparatorluğu#477
Basra,https://tr.wikipedia.org/wiki/Basra,1,Osmanlı İmparatorluğu#477
hac,https://tr.wikipedia.org/wiki/Hac,1,Osmanlı İmparatorluğu#478
Sahil surlarının,https://tr.wikipedia.org/wiki/Konstantinopolis_Surlar%C4%B1,1,Osmanlı İmparatorluğu#487
merdivenle,https://tr.wikipedia.org/wiki/Merdiven,1,Osmanlı İmparatorluğu#492
hamallar,https://tr.wikipedia.org/wiki/Hamal,1,Osmanlı İmparatorluğu#493
eşek,https://tr.wikipedia.org/wiki/E%C5%9Fek,1,Osmanlı İmparatorluğu#493
katırlar,https://tr.wikipedia.org/wiki/Kat%C4%B1r,1,Osmanlı İmparatorluğu#493
Vezir-i Azam=sadrazam,https://tr.wikipedia.org/wiki/Sadrazam,1,Osmanlı İmparatorluğu#495
Şeyhülislam=şeyhülislama,https://tr.wikipedia.org/wiki/%C5%9Eeyh%C3%BClislam,1,Osmanlı İmparatorluğu#495
Beyrut,https://tr.wikipedia.org/wiki/Beyrut,1,Osmanlı İmparatorluğu#501
Fransız=Fransızlar,https://tr.wikipedia.org/wiki/Frans%C4%B1zlar,1,Osmanlı İmparatorluğu#501
kağnı,https://tr.wikipedia.org/wiki/Ka%C4%9Fn%C4%B1,1,Osmanlı İmparatorluğu#502
Boğaziçi,https://tr.wikipedia.org/wiki/Bo%C4%9Fazi%C3%A7i,1,Osmanlı İmparatorluğu#503
vapur,https://tr.wikipedia.org/wiki/Vapur,1,Osmanlı İmparatorluğu#503
Ahmed Cevdet Paşa,https://tr.wikipedia.org/wiki/Ahmed_Cevdet_Pa%C5%9Fa,1,Osmanlı İmparatorluğu#505
Manolaki Baltazzi,https://tr.wikipedia.org/wiki/Baltazzi_ailesi,1,Osmanlı İmparatorluğu#506
Altın Orda Devleti,https://tr.wikipedia.org/wiki/Alt%C4%B1n_Orda_Devleti,1,Osmanlı İmparatorluğu#2
Eminönü,https://tr.wikipedia.org/wiki/Emin%C3%B6n%C3%BC,1,Osmanlı İmparatorluğu#508
Hicaz Demiryolu,https://tr.wikipedia.org/wiki/Hicaz_Demiryolu,1,Osmanlı İmparatorluğu#509
Medine,https://tr.wikipedia.org/wiki/Medine,1,Osmanlı İmparatorluğu#510
Alman,https://tr.wikipedia.org/wiki/Almanlar,1,Osmanlı İmparatorluğu#511
Meissner,https://tr.wikipedia.org/wiki/Heinrich_August_Meissner,1,Osmanlı İmparatorluğu#511
telgraf,https://tr.wikipedia.org/wiki/Telgraf,1,Osmanlı İmparatorluğu#512
propaganda,https://tr.wikipedia.org/wiki/Propaganda,1,Osmanlı İmparatorluğu#516
omnibüs,https://tr.wikipedia.org/wiki/Omnib%C3%BCs,1,Osmanlı İmparatorluğu#518
tramvayların,https://tr.wikipedia.org/wiki/Tramvay,1,Osmanlı İmparatorluğu#519
Selanik,https://tr.wikipedia.org/wiki/Selanik,1,Osmanlı İmparatorluğu#521
Konya,https://tr.wikipedia.org/wiki/Konya,1,Osmanlı İmparatorluğu#521
Balkan Harbi=Balkan Savaşları,https://tr.wikipedia.org/wiki/Balkan_Sava%C5%9Flar%C4%B1,1,Osmanlı İmparatorluğu#521
Arap,https://tr.wikipedia.org/wiki/Araplar,1,Osmanlı İmparatorluğu#527
Pers,https://tr.wikipedia.org/wiki/Farslar,1,Osmanlı İmparatorluğu#527
İnançoğulları,https://tr.wikipedia.org/wiki/%C4%B0nan%C3%A7o%C4%9Fullar%C4%B1_Beyli%C4%9Fi,1,Osmanlı İmparatorluğu#2
Sâhib Ataoğulları=Sâhib Ataoğulları Beyliği,https://tr.wikipedia.org/wiki/S%C3%A2hib_Atao%C4%9Fullar%C4%B1_Beyli%C4%9Fi,1,Osmanlı İmparatorluğu#2
Yahudi=Yahudiler,https://tr.wikipedia.org/wiki/Yahudiler,1,Osmanlı İmparatorluğu#527
Edebiyat,https://tr.wikipedia.org/wiki/Edebiyat,1,Osmanlı İmparatorluğu#530
mimari,https://tr.wikipedia.org/wiki/Mimari,1,Osmanlı İmparatorluğu#530
müzik,https://tr.wikipedia.org/wiki/M%C3%BCzik,1,Osmanlı İmparatorluğu#530
sahne sanatları,https://tr.wikipedia.org/wiki/Sahne_sanatlar%C4%B1,1,Osmanlı İmparatorluğu#530
mutfak,https://tr.wikipedia.org/wiki/Mutfak,1,Osmanlı İmparatorluğu#530
spor,https://tr.wikipedia.org/wiki/Spor,1,Osmanlı İmparatorluğu#530
bilim,https://tr.wikipedia.org/wiki/Bilim,1,Osmanlı İmparatorluğu#530
teknoloji,https://tr.wikipedia.org/wiki/Teknoloji,1,Osmanlı İmparatorluğu#530
Farsça=Farsçadan,https://tr.wikipedia.org/wiki/Fars%C3%A7a,1,Osmanlı İmparatorluğu#532
Yunus Emre,https://tr.wikipedia.org/wiki/Yunus_Emre,1,Osmanlı İmparatorluğu#533
Kırşehirli Aşık Paşa=Âşık Paşa,https://tr.wikipedia.org/wiki/%C3%82%C5%9F%C4%B1k_Pa%C5%9Fa,1,Osmanlı İmparatorluğu#533
Moğol İlhanlı Devleti=Moğol İlhanlılar=İlhanlı Devleti=İlhanlılar,https://tr.wikipedia.org/wiki/%C4%B0lhanl%C4%B1lar,1,Osmanlı İmparatorluğu#533
Timurtaş,https://tr.wikipedia.org/wiki/Timurta%C5%9F,1,Osmanlı İmparatorluğu#533
Hoca Mesud,https://tr.wikipedia.org/wiki/Hoca_Mesud_bin_Ahmed,1,Osmanlı İmparatorluğu#534
Kelile ve Dimne,https://tr.wikipedia.org/wiki/Kelile_ve_Dimne,1,Osmanlı İmparatorluğu#534
Şeyhoğlu Mustafa,https://tr.wikipedia.org/w/index.php?title=%C5%9Eeyho%C4%9Flu_Mustafa&action=edit&redlink=1,1,Osmanlı İmparatorluğu#536
Pervaneoğulları,https://tr.wikipedia.org/wiki/Perv%C3%A2neo%C4%9Fullar%C4%B1_Beyli%C4%9Fi,1,Osmanlı İmparatorluğu#2
Ahmet Dai,https://tr.wikipedia.org/wiki/Ahmed-i_D%C3%A2%C3%AE,1,Osmanlı İmparatorluğu#536
Şeyhi,https://tr.wikipedia.org/wiki/%C5%9Eeyh%C3%AE,1,Osmanlı İmparatorluğu#536
İran,https://tr.wikipedia.org/wiki/Fars_edebiyat%C4%B1,1,Osmanlı İmparatorluğu#537
kaside,https://tr.wikipedia.org/wiki/Kaside,1,Osmanlı İmparatorluğu#537
gazellerinde,https://tr.wikipedia.org/wiki/Gazel,1,Osmanlı İmparatorluğu#537
aşk,https://tr.wikipedia.org/wiki/A%C5%9Fk,1,Osmanlı İmparatorluğu#537
tasavvuf,https://tr.wikipedia.org/wiki/Tasavvuf,1,Osmanlı İmparatorluğu#537
mesneviler,https://tr.wikipedia.org/wiki/Mesnevi,1,Osmanlı İmparatorluğu#538
aruz veznine,https://tr.wikipedia.org/wiki/Aruz_%C3%B6l%C3%A7%C3%BCs%C3%BC,1,Osmanlı İmparatorluğu#539
Tokat Kalesi,https://tr.wikipedia.org/wiki/Tokat_Kalesi,1,Osmanlı İmparatorluğu#542
Dursun Fakih,https://tr.wikipedia.org/wiki/Dursun_Fakih,1,Osmanlı İmparatorluğu#544
Beypazarlı Maazoğlu Hasan,https://tr.wikipedia.org/w/index.php?title=Beypazarl%C4%B1_Maazo%C4%9Flu_Hasan&action=edit&redlink=1,1,Osmanlı İmparatorluğu#544
mahlaslar,https://tr.wikipedia.org/wiki/Mahlas,1,Osmanlı İmparatorluğu#545
Eşrefoğulları=Eşrefoğulları Beyliği,https://tr.wikipedia.org/wiki/E%C5%9Frefo%C4%9Fullar%C4%B1_Beyli%C4%9Fi,1,Osmanlı İmparatorluğu#2
Erken dönem Anadolu Türk mimarisi,https://tr.wikipedia.org/wiki/Erken_d%C3%B6nem_Anadolu_T%C3%BCrk_mimarisi,1,Osmanlı İmparatorluğu#564
Karesi Beyliği=Karesioğulları=Karesioğulları Beyliği,https://tr.wikipedia.org/wiki/Karesi_Beyli%C4%9Fi,1,Osmanlı İmparatorluğu#2
Hamitoğulları=Hamitoğulları Beyliği,https://tr.wikipedia.org/wiki/Hamito%C4%9Fullar%C4%B1_Beyli%C4%9Fi,1,Osmanlı İmparatorluğu#2
İran mimarisi,https://tr.wikipedia.org/wiki/%C4%B0ran_mimarisi,1,Osmanlı İmparatorluğu#564
Ayasofya,https://tr.wikipedia.org/wiki/Ayasofya,1,Osmanlı İmparatorluğu#565
Taceddinoğulları,https://tr.wikipedia.org/wiki/T%C3%A2ceddino%C4%9Fullar%C4%B1_Beyli%C4%9Fi,1,Osmanlı İmparatorluğu#2
Süleymaniye Camii,https://tr.wikipedia.org/wiki/S%C3%BCleymaniye_Camii,1,Osmanlı İmparatorluğu#572
Selimiye Camii,https://tr.wikipedia.org/wiki/Selimiye_Camii,1,Osmanlı İmparatorluğu#572
Lale Devri=Lâle Devri,https://tr.wikipedia.org/wiki/Lale_Devri,1,Osmanlı İmparatorluğu#573
Boğaz,https://tr.wikipedia.org/wiki/%C4%B0stanbul_Bo%C4%9Faz%C4%B1,1,Osmanlı İmparatorluğu#574
çeşmeler,https://tr.wikipedia.org/wiki/%C3%87e%C5%9Fme,1,Osmanlı İmparatorluğu#575
Aynalıkavak Kasrı,https://tr.wikipedia.org/wiki/Aynal%C4%B1kavak_Kasr%C4%B1,1,Osmanlı İmparatorluğu#575
Kâğıthane,https://tr.wikipedia.org/wiki/K%C3%A2%C4%9F%C4%B1thane,1,Osmanlı İmparatorluğu#576
Patrona Halil Ayaklanması=Patrona Halil İsyanı,https://tr.wikipedia.org/wiki/Patrona_Halil_%C4%B0syan%C4%B1,1,Osmanlı İmparatorluğu#577
Türk sanat müziği,https://tr.wikipedia.org/wiki/Klasik_T%C3%BCrk_m%C3%BCzi%C4%9Fi,1,Osmanlı İmparatorluğu#578
Bizans müziği,https://tr.wikipedia.org/wiki/Bizans_m%C3%BCzi%C4%9Fi,1,Osmanlı İmparatorluğu#580
Ermeni müziği,https://tr.wikipedia.org/w/index.php?title=Ermeni_m%C3%BCzi%C4%9Fi&action=edit&redlink=1,1,Osmanlı İmparatorluğu#580
Arap müziği,https://tr.wikipedia.org/wiki/Arap_m%C3%BCzi%C4%9Fi,1,Osmanlı İmparatorluğu#580
Fars müziği,https://tr.wikipedia.org/w/index.php?title=Geleneksel_Fars_m%C3%BCzi%C4%9Fi&action=edit&redlink=1,1,Osmanlı İmparatorluğu#580
ölçüye U:(https://tr.wikipedia.org/w/index.php?title=%C3%96l%C3%A7%C3%BC_(m%C3%BCzik)&action=edit&redlink=1)___ biraz benzer olan ___E:usûl,https://tr.wikipedia.org/wiki/Us%C3%BBl,1,Osmanlı İmparatorluğu#581
Melodi,https://tr.wikipedia.org/wiki/Ezgi,1,Osmanlı İmparatorluğu#581
Müzik aletleri,https://tr.wikipedia.org/wiki/%C3%87alg%C4%B1,1,Osmanlı İmparatorluğu#582
bağlama=saz,https://tr.wikipedia.org/wiki/Ba%C4%9Flama,1,Osmanlı İmparatorluğu#582
bağlama=saz,https://tr.wikipedia.org/wiki/Ba%C4%9Flama,1,Osmanlı İmparatorluğu#582
kemençe,https://tr.wikipedia.org/wiki/Kemen%C3%A7e,1,Osmanlı İmparatorluğu#582
ut,https://tr.wikipedia.org/wiki/Ut,1,Osmanlı İmparatorluğu#582
tambur,https://tr.wikipedia.org/wiki/Tambur,1,Osmanlı İmparatorluğu#582
"kanun U:(https://tr.wikipedia.org/wiki/Kanun_(%C3%A7alg%C4%B1))___ , ___E:ney",https://tr.wikipedia.org/wiki/Ney,1,Osmanlı İmparatorluğu#582
keman,https://tr.wikipedia.org/wiki/Keman,1,Osmanlı İmparatorluğu#582
piyano,https://tr.wikipedia.org/wiki/Piyano,1,Osmanlı İmparatorluğu#582
halk müziği,https://tr.wikipedia.org/wiki/Halk_m%C3%BCzi%C4%9Fi,1,Osmanlı İmparatorluğu#584
Trakya,https://tr.wikipedia.org/wiki/Trakya,1,Osmanlı İmparatorluğu#585
Ege,https://tr.wikipedia.org/wiki/Ege_B%C3%B6lgesi,1,Osmanlı İmparatorluğu#585
Kafkas,https://tr.wikipedia.org/wiki/Kafkasya,1,Osmanlı İmparatorluğu#585
Ramazanoğulları,https://tr.wikipedia.org/wiki/Ramazano%C4%9Fullar%C4%B1_Beyli%C4%9Fi,1,Osmanlı İmparatorluğu#2
Roman müziği,https://tr.wikipedia.org/wiki/Roman_m%C3%BCzi%C4%9Fi,1,Osmanlı İmparatorluğu#586
oryantal dans,https://tr.wikipedia.org/wiki/Oryantal_dans,1,Osmanlı İmparatorluğu#586
Türk halk müziğidir,https://tr.wikipedia.org/wiki/T%C3%BCrk_halk_m%C3%BCzi%C4%9Fi,1,Osmanlı İmparatorluğu#586
Karagöz ve Hacivat,https://tr.wikipedia.org/wiki/Karag%C3%B6z_ve_Hacivat,1,Osmanlı İmparatorluğu#587
gölge oyunu,https://tr.wikipedia.org/wiki/G%C3%B6lge_oyunu,1,Osmanlı İmparatorluğu#587
tef,https://tr.wikipedia.org/wiki/Tef,1,Osmanlı İmparatorluğu#588
askerî bandolarından,https://tr.wikipedia.org/wiki/Asker%C3%AE_bando,1,Osmanlı İmparatorluğu#590
Topkapı Saray=Topkapı Sarayı,https://tr.wikipedia.org/wiki/Topkap%C4%B1_Saray%C4%B1,1,Osmanlı İmparatorluğu#593
Acemi Ocağı,https://tr.wikipedia.org/wiki/Acemi_Oca%C4%9F%C4%B1,1,Osmanlı İmparatorluğu#594
Eretna,https://tr.wikipedia.org/wiki/Eretna_Beyli%C4%9Fi,1,Osmanlı İmparatorluğu#2
büryan,https://tr.wikipedia.org/wiki/B%C3%BCryan,1,Osmanlı İmparatorluğu#605
pazı,https://tr.wikipedia.org/wiki/Paz%C4%B1,1,Osmanlı İmparatorluğu#605
ayran,https://tr.wikipedia.org/wiki/Ayran,1,Osmanlı İmparatorluğu#605
şerbet,https://tr.wikipedia.org/wiki/%C5%9Eerbet,1,Osmanlı İmparatorluğu#605
Et,https://tr.wikipedia.org/wiki/Et,1,Osmanlı İmparatorluğu#605
süt,https://tr.wikipedia.org/wiki/S%C3%BCt,1,Osmanlı İmparatorluğu#605
yoğurt,https://tr.wikipedia.org/wiki/Yo%C4%9Furt,1,Osmanlı İmparatorluğu#605
peynir,https://tr.wikipedia.org/wiki/Peynir,1,Osmanlı İmparatorluğu#605
tavuk,https://tr.wikipedia.org/wiki/Tavuk,1,Osmanlı İmparatorluğu#607
güvercin,https://tr.wikipedia.org/wiki/G%C3%BCvercin,1,Osmanlı İmparatorluğu#607
keklik,https://tr.wikipedia.org/wiki/Keklik,1,Osmanlı İmparatorluğu#607
kaz,https://tr.wikipedia.org/wiki/Kaz,1,Osmanlı İmparatorluğu#607
bıldırcın,https://tr.wikipedia.org/wiki/B%C4%B1ld%C4%B1rc%C4%B1n,1,Osmanlı İmparatorluğu#607
ördek,https://tr.wikipedia.org/wiki/%C3%96rdek,1,Osmanlı İmparatorluğu#607
Dulkadiroğulları=Dulkadiroğulları Beyliği,https://tr.wikipedia.org/wiki/Dulkadiro%C4%9Fullar%C4%B1_Beyli%C4%9Fi,1,Osmanlı İmparatorluğu#2
balık,https://tr.wikipedia.org/wiki/Bal%C4%B1k,1,Osmanlı İmparatorluğu#608
domatesin,https://tr.wikipedia.org/wiki/Domates,1,Osmanlı İmparatorluğu#608
Amerika'nın keşfedilmesinden,https://tr.wikipedia.org/wiki/Amerikan_kolonileri,1,Osmanlı İmparatorluğu#609
fasulye,https://tr.wikipedia.org/wiki/Fasulye,1,Osmanlı İmparatorluğu#610
patates,https://tr.wikipedia.org/wiki/Patates,1,Osmanlı İmparatorluğu#610
kabak,https://tr.wikipedia.org/wiki/Kabak,1,Osmanlı İmparatorluğu#610
kakao,https://tr.wikipedia.org/wiki/Kakao,1,Osmanlı İmparatorluğu#610
hindi=mısır U:(https://tr.wikipedia.org/wiki/M%C4%B1s%C4%B1r_(bitki))___ ve ___E:hindi,https://tr.wikipedia.org/wiki/Hindi,1,Osmanlı İmparatorluğu#610
Amerika,https://tr.wikipedia.org/wiki/Amerika,1,Osmanlı İmparatorluğu#610
imaretlerinde,https://tr.wikipedia.org/wiki/%C4%B0maret,1,Osmanlı İmparatorluğu#611
Birûn,https://tr.wikipedia.org/wiki/Birun,1,Osmanlı İmparatorluğu#619
Enderun Okulu=Enderûn,https://tr.wikipedia.org/wiki/Ender%C3%BBn,1,Osmanlı İmparatorluğu#619
Has Oda,https://tr.wikipedia.org/wiki/Has_oda,1,Osmanlı İmparatorluğu#622
Divan-ı Hümayun=Dîvân-ı Hümâyun,https://tr.wikipedia.org/wiki/D%C3%AEv%C3%A2n-%C4%B1_H%C3%BCm%C3%A2yun,1,Osmanlı İmparatorluğu#623
ulufe=ulûfe,https://tr.wikipedia.org/wiki/Ulufe,1,Osmanlı İmparatorluğu#623
Yeniçeri=Yeniçeri Ocağı=Yeniçeriler=Yeniçerilerin=yeniçeri=yeniçerilere=yeniçerilerin,https://tr.wikipedia.org/wiki/Yeni%C3%A7eri,1,Osmanlı İmparatorluğu#623
Taşanoğulları,https://tr.wikipedia.org/wiki/Ta%C5%9Fano%C4%9Fullar%C4%B1_Beyli%C4%9Fi,1,Osmanlı İmparatorluğu#2
nedimelerine,https://tr.wikipedia.org/wiki/Nedime,1,Osmanlı İmparatorluğu#630
III. Murad,https://tr.wikipedia.org/wiki/III._Murad,1,Osmanlı İmparatorluğu#631
pideydi,https://tr.wikipedia.org/wiki/Ramazan_pidesi,1,Osmanlı İmparatorluğu#638
işkembe çorbası,https://tr.wikipedia.org/wiki/%C4%B0%C5%9Fkembe_%C3%A7orbas%C4%B1,1,Osmanlı İmparatorluğu#640
iftar,https://tr.wikipedia.org/wiki/%C4%B0ftar,1,Osmanlı İmparatorluğu#641
güllaçtı,https://tr.wikipedia.org/wiki/G%C3%BClla%C3%A7,1,Osmanlı İmparatorluğu#642
kahve,https://tr.wikipedia.org/wiki/Kahve,1,Osmanlı İmparatorluğu#644
Trabzonlu,https://tr.wikipedia.org/wiki/Trabzon,1,Osmanlı İmparatorluğu#647
Georgios Amirutzis,https://tr.wikipedia.org/wiki/Georgios_Amiruces,1,Osmanlı İmparatorluğu#647
Batlamyus,https://tr.wikipedia.org/wiki/Batlamyus,1,Osmanlı İmparatorluğu#647
Semerkandlı,https://tr.wikipedia.org/wiki/Semerkant,1,Osmanlı İmparatorluğu#648
gökbilimci,https://tr.wikipedia.org/wiki/G%C3%B6kbilimci,1,Osmanlı İmparatorluğu#648
matematikçi,https://tr.wikipedia.org/wiki/Matematik%C3%A7i,1,Osmanlı İmparatorluğu#648
fizikçi,https://tr.wikipedia.org/wiki/Fizik%C3%A7i,1,Osmanlı İmparatorluğu#648
Akkoyunlu=Akkoyunlular=Akkoyunlular Devleti,https://tr.wikipedia.org/wiki/Akkoyunlular,1,Osmanlı İmparatorluğu#649
müderris=müderrislerin=müderrislik,https://tr.wikipedia.org/wiki/M%C3%BCderris,1,Osmanlı İmparatorluğu#649
Takiyüddin,https://tr.wikipedia.org/wiki/Takiy%C3%BCddin,1,Osmanlı İmparatorluğu#653
Takiyüddin'in Rasathanesi,https://tr.wikipedia.org/wiki/Takiy%C3%BCddin%27in_Rasathanesi,1,Osmanlı İmparatorluğu#653
Güneş,https://tr.wikipedia.org/wiki/G%C3%BCne%C5%9F,1,Osmanlı İmparatorluğu#653
Tezkireci Köse İbrahim Efendi,https://tr.wikipedia.org/wiki/Tezkireci_K%C3%B6se_%C4%B0brahim_Efendi,1,Osmanlı İmparatorluğu#655
Noël Duret,https://tr.wikipedia.org/wiki/No%C3%ABl_Duret,1,Osmanlı İmparatorluğu#655
Arapça=Arapçaya,https://tr.wikipedia.org/wiki/Arap%C3%A7a,1,Osmanlı İmparatorluğu#655
Şerafeddin Sabuncuoğlu,https://tr.wikipedia.org/wiki/Sabuncuo%C4%9Flu_%C5%9Eerefeddin,1,Osmanlı İmparatorluğu#656
İslam tıbbının,https://tr.wikipedia.org/wiki/%C4%B0slam_t%C4%B1bb%C4%B1,1,Osmanlı İmparatorluğu#656
Ebû'l-Kasım Zehrâvi,https://tr.wikipedia.org/wiki/Zehr%C3%A2v%C3%AE,1,Osmanlı İmparatorluğu#657
Şeyh Dede,https://tr.wikipedia.org/w/index.php?title=Meshur_Sheyh_Dede&action=edit&redlink=1,1,Osmanlı İmparatorluğu#659
Tahtelbahir,https://tr.wikipedia.org/w/index.php?title=Tahtelbahir&action=edit&redlink=1,1,Osmanlı İmparatorluğu#660
III. Mustafa,https://tr.wikipedia.org/wiki/III._Mustafa,1,Osmanlı İmparatorluğu#663
güreş,https://tr.wikipedia.org/wiki/G%C3%BCre%C5%9F,1,Osmanlı İmparatorluğu#665
avcılık,https://tr.wikipedia.org/wiki/Avc%C4%B1l%C4%B1k,1,Osmanlı İmparatorluğu#665
kemankeşlik,https://tr.wikipedia.org/wiki/Kemanke%C5%9Flik,1,Osmanlı İmparatorluğu#665
binicilik,https://tr.wikipedia.org/wiki/Binicilik,1,Osmanlı İmparatorluğu#665
cirit oyunları,https://tr.wikipedia.org/wiki/Cirit,1,Osmanlı İmparatorluğu#665
bilek güreşi,https://tr.wikipedia.org/wiki/Bilek_g%C3%BCre%C5%9Fi,1,Osmanlı İmparatorluğu#665
yüzme,https://tr.wikipedia.org/wiki/Y%C3%BCzme,1,Osmanlı İmparatorluğu#665
Futbol,https://tr.wikipedia.org/wiki/Futbol,1,Osmanlı İmparatorluğu#666
üç büyük kulüp,https://tr.wikipedia.org/wiki/%C3%9C%C3%A7_B%C3%BCy%C3%BCkler,1,Osmanlı İmparatorluğu#669
Türkiye'de cumhuriyetin ilanıyla=cumhuriyetin ilanına,https://tr.wikipedia.org/wiki/T%C3%BCrkiye%27de_cumhuriyetin_ilan%C4%B1,1,Osmanlı İmparatorluğu#669
imparatorluktur=İmparatorluk,https://tr.wikipedia.org/wiki/%C4%B0mparatorluk,1,Osmanlı İmparatorluğuCard#1
Nikaia,https://tr.wikipedia.org/wiki/Nikaia,1,Osmanlı İmparatorluğuCard#2
Konstantinopolis=Kostantiniyye,https://tr.wikipedia.org/wiki/Konstantinopolis,1,Osmanlı İmparatorluğuCard#2
Sünni İslam=Sünnilerin=Sünnilik,https://tr.wikipedia.org/wiki/S%C3%BCnnilik,1,Osmanlı İmparatorluğuCard#5
Osmanlı,https://tr.wikipedia.org/wiki/Osmanl%C4%B1_tebaas%C4%B1,1,Osmanlı İmparatorluğuCard#6
VI. Mehmed=VI. Mehmed Vahdettin,https://tr.wikipedia.org/wiki/VI._Mehmed,1,Osmanlı İmparatorluğuCard#10
Abdülmecid Efendi,https://tr.wikipedia.org/wiki/Abd%C3%BClmecid_Efendi,1,Osmanlı İmparatorluğuCard#13
Ahmet Tevfik Okday,https://tr.wikipedia.org/wiki/Ahmet_Tevfik_Okday,1,Osmanlı İmparatorluğuCard#16
Akçe,https://tr.wikipedia.org/wiki/Ak%C3%A7e,1,Osmanlı İmparatorluğuCard#33
sikke,https://tr.wikipedia.org/wiki/Maden%C3%AE_para,1,Osmanlı İmparatorluğuCard#33
kuruş,https://tr.wikipedia.org/wiki/Kuru%C5%9F,1,Osmanlı İmparatorluğuCard#33
"para U:(https://tr.wikipedia.org/wiki/Para_(para_birimi))___ , ___E:lira",https://tr.wikipedia.org/wiki/Osmanl%C4%B1_liras%C4%B1,1,Osmanlı İmparatorluğuCard#33
sultânî,https://tr.wikipedia.org/wiki/Sult%C3%A2n%C3%AE,1,Osmanlı İmparatorluğuCard#33
"kaime U:(https://tr.wikipedia.org/wiki/Kaime_(para))___ , ___E:mangır",https://tr.wikipedia.org/wiki/Mang%C4%B1r,1,Osmanlı İmparatorluğuCard#33
